ply
format ascii 1.0
comment File exported by Rhinoceros Version 7.0
element vertex 13329
property float x
property float y
property float z
end_header
11.7150031967848 8.10481705124019 0.0258741281273431
11.6834050178385 8.00130067215597 0.19405829607596
11.6518068388922 7.89778429307175 0.362242464024577
11.6202086599459 7.79426791398752 0.530426631973195
11.5886104809996 7.6907515349033 0.698610799921811
11.5570123020533 7.58723515581908 0.866794967870429
11.525414123107 7.48371877673485 1.03497913581905
11.4938159441607 7.38020239765063 1.20316330376766
11.4622177652144 7.27668601856641 1.37134747171628
11.4306195862681 7.17316963948218 1.5395316396649
11.3990214073218 7.06965326039796 1.70771580761352
11.3674232283755 6.96613688131373 1.87589997556213
11.3358250494292 6.86262050222951 2.04408414351075
11.3042268704829 6.75910412314529 2.21226831145937
11.2726286915366 6.65558774406106 2.38045247940799
11.2410305125903 6.55207136497684 2.54863664735661
11.209432333644 6.44855498589261 2.71682081530523
11.1778341546977 6.34503860680839 2.88500498325385
11.1462359757514 6.24152222772417 3.05318915120246
11.1146377968051 6.13800584863994 3.22137331915108
11.0830396178588 6.03448946955571 3.3895574870997
11.0514414389125 5.93097309047149 3.55774165504832
11.0198432599662 5.82745671138727 3.72592582299694
10.9882450810199 5.72394033230304 3.89410999094556
10.9566469020736 5.62042395321882 4.06229415889418
10.9250487231273 5.5169075741346 4.23047832684279
10.893450544181 5.41339119505037 4.39866249479141
10.8618523652347 5.30987481596615 4.56684666274003
10.8302541862884 5.20635843688192 4.73503083068865
10.7986560073421 5.1028420577977 4.90321499863727
10.7670578283958 4.99932567871348 5.07139916658588
10.7354596494495 4.89580929962926 5.2395833345345
10.7038614705032 4.79229292054503 5.40776750248312
10.6722632915569 4.68877654146081 5.57595167043174
10.6406651126106 4.58526016237658 5.74413583838036
10.6090669336643 4.48174378329236 5.91232000632898
10.577468754718 4.37822740420813 6.0805041742776
10.5458705757717 4.2747110251239 6.24868834222622
10.5142723968254 4.17119464603968 6.41687251017484
10.4826742178791 4.06767826695545 6.58505667812346
10.4510760389328 3.96416188787123 6.75324084607208
10.4194778599865 3.86064550878701 6.92142501402069
10.3878796810402 3.75712912970278 7.08960918196931
10.3562815020939 3.65361275061856 7.25779334991793
10.3246833231476 3.55009637153433 7.42597751786655
10.2930851442013 3.44657999245011 7.59416168581517
10.261486965255 3.34306361336588 7.76234585376379
10.2298887863087 3.23954723428166 7.93053002171241
10.1982906073624 3.13603085519743 8.09871418966103
10.1666924284161 3.03251447611321 8.26689835760965
10.1350942494698 2.92899809702898 8.43508252555827
10.1034960705235 2.82548171794476 8.60326669350688
10.0718978915772 2.72196533886054 8.7714508614555
10.0402997126309 2.61844895977631 8.93963502940412
10.0087015336846 2.51493258069209 9.10781919735274
9.97710335473828 2.41141620160787 9.27600336530136
9.94550517579198 2.30789982252364 9.44418753324997
9.91390699684568 2.20438344343942 9.61237170119859
9.88230881789937 2.10086706435519 9.78055586914721
9.85071063895307 1.99735068527097 9.94874003709582
9.81911246000677 1.89383430618675 10.1169242050444
9.78751428106048 1.79031792710253 10.2851083729931
9.75591610211417 1.6868015480183 10.4532925409417
9.72431792316788 1.58328516893408 10.6214767088903
9.69271974422157 1.47976878984985 10.7896608768389
9.66112156527528 1.37625241076563 10.9578450447875
9.62622134420333 1.3108662444501 11.1436046308758
9.60181090515372 1.46094343949149 11.2735314025355
9.57740046610411 1.61102063453287 11.4034581741952
9.55299002705451 1.76109782957426 11.5333849458549
9.5285795880049 1.91117502461565 11.6633117175146
9.50416914895529 2.06125221965704 11.7932384891743
9.47975870990568 2.21132941469843 11.9231652608341
9.45534827085608 2.36140660973982 12.0530920324938
9.43093783180647 2.51148380478121 12.1830188041535
9.40652739275686 2.6615609998226 12.3129455758132
9.38211695370726 2.81163819486398 12.4428723474729
9.35770651465765 2.96171538990537 12.5727991191326
9.33329607560804 3.11179258494676 12.7027258907923
9.30888563655843 3.26186977998815 12.832652662452
9.28447519750883 3.41194697502954 12.9625794341117
9.26006475845922 3.56202417007093 13.0925062057715
9.23565431940961 3.71210136511231 13.2224329774312
9.21124388036 3.8621785601537 13.3523597490909
9.1868334413104 4.01225575519509 13.4822865207506
9.16242300226079 4.16233295023648 13.6122132924103
9.13801256321119 4.31241014527787 13.74214006407
9.11360212416158 4.46248734031926 13.8720668357297
9.08919168511197 4.61256453536064 14.0019936073894
9.06478124606236 4.76264173040203 14.1319203790491
9.04037080701276 4.91271892544342 14.2618471507089
9.01596036796315 5.06279612048481 14.3917739223686
8.99154992891354 5.2128733155262 14.5217006940283
8.96713948986394 5.36295051056758 14.651627465688
8.94272905081433 5.51302770560897 14.7815542373477
8.91831861176472 5.66310490065036 14.9114810090074
8.89390817271511 5.81318209569175 15.0414077806671
8.86949773366551 5.96325929073314 15.1713345523268
8.8450872946159 6.11333648577452 15.3012613239865
8.82067685556629 6.26341368081591 15.4311880956462
8.79141260211265 6.38540513759022 15.5869497338756
8.76357770100581 6.25396817374302 15.7351035148432
8.73574279989896 6.12253120989582 15.8832572958108
8.70790789879213 5.99109424604862 16.0314110767784
8.68007299768529 5.85965728220142 16.1795648577461
8.65223809657845 5.72822031835422 16.3277186387137
8.62440319547161 5.59678335450702 16.4758724196813
8.59656829436477 5.46534639065982 16.6240262006489
8.56873339325793 5.33390942681262 16.7721799816166
8.54089849215109 5.20247246296542 16.9203337625842
8.51306359104425 5.07103549911822 17.0684875435518
8.48522868993741 4.93959853527102 17.2166413245194
8.45739378883057 4.80816157142382 17.364795105487
8.42955888772373 4.67672460757662 17.5129488864547
8.40172398661689 4.54528764372942 17.6611026674223
8.37388908551005 4.41385067988222 17.8092564483899
8.34605418440321 4.28241371603502 17.9574102293575
8.31821928329637 4.15097675218782 18.1055640103252
8.29038438218953 4.01953978834062 18.2537177912928
8.26254948108269 3.88810282449342 18.4018715722604
8.23471457997585 3.75666586064622 18.550025353228
8.20687967886901 3.62522889679903 18.6981791341956
8.17904477776217 3.49379193295183 18.8463329151633
8.15120987665533 3.36235496910463 18.9944866961309
8.12337497554849 3.23091800525743 19.1426404770985
8.09554007444165 3.09948104141023 19.2907942580661
8.06770517333481 2.96804407756303 19.4389480390338
8.03987027222797 2.83660711371583 19.5871018200014
8.01203537112113 2.70517014986863 19.735255600969
7.98420047001429 2.57373318602143 19.8834093819366
7.95636556890745 2.44229622217424 20.0315631629042
7.92853066780061 2.31085925832704 20.1797169438719
11.7150031967848 0.0904869098722955 0.0258741281273581
11.6834050178385 0.194003288956518 0.194058296075974
11.6518068388922 0.297519668040744 0.362242464024595
11.6202086599459 0.401036047124969 0.530426631973215
11.5886104809996 0.504552426209194 0.698610799921835
11.5570123020533 0.608068805293419 0.866794967870455
11.525414123107 0.711585184377645 1.03497913581908
11.4938159441607 0.815101563461868 1.20316330376769
11.4622177652144 0.918617942546092 1.37134747171631
11.4306195862681 1.02213432163032 1.53953163966493
11.3990214073218 1.12565070071454 1.70771580761355
11.3674232283755 1.22916707979876 1.87589997556216
11.3358250494292 1.33268345888299 2.04408414351078
11.3042268704829 1.43619983796721 2.2122683114594
11.2726286915366 1.53971621705143 2.38045247940802
11.2410305125903 1.64323259613566 2.54863664735663
11.209432333644 1.74674897521988 2.71682081530525
11.1778341546977 1.8502653543041 2.88500498325387
11.1462359757514 1.95378173338833 3.05318915120248
11.1146377968051 2.05729811247255 3.2213733191511
11.0830396178588 2.16081449155677 3.38955748709972
11.0514414389125 2.264330870641 3.55774165504834
11.0198432599662 2.36784724972522 3.72592582299696
10.9882450810199 2.47136362880945 3.89410999094557
10.9566469020736 2.57488000789367 4.06229415889419
10.9250487231273 2.67839638697789 4.23047832684281
10.893450544181 2.78191276606212 4.39866249479142
10.8618523652347 2.88542914514634 4.56684666274005
10.8302541862884 2.98894552423057 4.73503083068867
10.7986560073421 3.09246190331479 4.90321499863729
10.7670578283958 3.19597828239901 5.0713991665859
10.7354596494495 3.29949466148324 5.23958333453452
10.7038614705032 3.40301104056746 5.40776750248314
10.6722632915569 3.50652741965169 5.57595167043175
10.6406651126106 3.61004379873591 5.74413583838037
10.6090669336643 3.71356017782014 5.912320006329
10.577468754718 3.81707655690436 6.08050417427761
10.5458705757717 3.92059293598858 6.24868834222623
10.5142723968254 4.02410931507281 6.41687251017485
10.4826742178791 4.12762569415703 6.58505667812347
10.4510760389328 4.23114207324126 6.75324084607209
10.4194778599865 4.33465845232548 6.9214250140207
10.3878796810402 4.43817483140971 7.08960918196933
10.3562815020939 4.54169121049393 7.25779334991794
10.3246833231476 4.64520758957816 7.42597751786657
10.2930851442013 4.74872396866238 7.59416168581518
10.261486965255 4.8522403477466 7.7623458537638
10.2298887863087 4.95575672683083 7.93053002171242
10.1982906073624 5.05927310591505 8.09871418966103
10.1666924284161 5.16278948499927 8.26689835760965
10.1350942494698 5.2663058640835 8.43508252555827
10.1034960705235 5.36982224316772 8.60326669350688
10.0718978915772 5.47333862225194 8.7714508614555
10.0402997126309 5.57685500133616 8.93963502940411
10.0087015336846 5.68037138042039 9.10781919735273
9.97710335473828 5.78388775950461 9.27600336530135
9.94550517579198 5.88740413858884 9.44418753324997
9.91390699684568 5.99092051767306 9.61237170119859
9.88230881789937 6.09443689675728 9.7805558691472
9.85071063895307 6.19795327584151 9.94874003709582
9.81911246000678 6.30146965492573 10.1169242050444
9.78751428106048 6.40498603400995 10.2851083729931
9.75591610211418 6.50850241309418 10.4532925409417
9.72431792316788 6.6120187921784 10.6214767088903
9.69271974422157 6.71553517126263 10.7896608768389
9.66112156527528 6.81905155034685 10.9578450447875
9.62622134420333 6.88443771666238 11.1436046308758
9.60181090515372 6.734360521621 11.2735314025355
9.57740046610412 6.58428332657961 11.4034581741952
9.55299002705451 6.43420613153822 11.5333849458549
9.5285795880049 6.28412893649683 11.6633117175146
9.50416914895529 6.13405174145545 11.7932384891743
9.47975870990569 5.98397454641406 11.9231652608341
9.45534827085608 5.83389735137267 12.0530920324938
9.43093783180647 5.68382015633128 12.1830188041535
9.40652739275687 5.53374296128989 12.3129455758132
9.38211695370726 5.3836657662485 12.4428723474729
9.35770651465765 5.23358857120711 12.5727991191326
9.33329607560804 5.08351137616573 12.7027258907923
9.30888563655844 4.93343418112434 12.832652662452
9.28447519750883 4.78335698608295 12.9625794341117
9.26006475845922 4.63327979104156 13.0925062057715
9.23565431940962 4.48320259600018 13.2224329774312
9.21124388036001 4.33312540095879 13.3523597490909
9.1868334413104 4.1830482059174 13.4822865207506
9.16242300226079 4.03297101087601 13.6122132924103
9.13801256321119 3.88289381583462 13.74214006407
9.11360212416158 3.73281662079324 13.8720668357297
9.08919168511197 3.58273942575185 14.0019936073894
9.06478124606237 3.43266223071046 14.1319203790491
9.04037080701276 3.28258503566907 14.2618471507088
9.01596036796315 3.13250784062768 14.3917739223686
8.99154992891354 2.98243064558629 14.5217006940283
8.96713948986394 2.8323534505449 14.651627465688
8.94272905081433 2.68227625550352 14.7815542373477
8.91831861176472 2.53219906046213 14.9114810090074
8.89390817271511 2.38212186542074 15.0414077806671
8.86949773366551 2.23204467037935 15.1713345523268
8.8450872946159 2.08196747533796 15.3012613239865
8.82067685556629 1.93189028029657 15.4311880956462
8.79141260211264 1.80989882352226 15.5869497338756
8.7635777010058 1.94133578736946 15.7351035148432
8.73574279989896 2.07277275121666 15.8832572958108
8.70790789879213 2.20420971506386 16.0314110767784
8.68007299768529 2.33564667891106 16.1795648577461
8.65223809657845 2.46708364275826 16.3277186387137
8.62440319547161 2.59852060660546 16.4758724196813
8.59656829436477 2.72995757045265 16.6240262006489
8.56873339325793 2.86139453429985 16.7721799816166
8.54089849215109 2.99283149814705 16.9203337625842
8.51306359104425 3.12426846199425 17.0684875435518
8.48522868993741 3.25570542584145 17.2166413245194
8.45739378883057 3.38714238968865 17.364795105487
8.42955888772373 3.51857935353585 17.5129488864547
8.40172398661689 3.65001631738305 17.6611026674223
8.37388908551005 3.78145328123025 17.8092564483899
8.34605418440321 3.91289024507745 17.9574102293575
8.31821928329637 4.04432720892465 18.1055640103252
8.29038438218953 4.17576417277185 18.2537177912928
8.26254948108269 4.30720113661905 18.4018715722604
8.23471457997585 4.43863810046625 18.550025353228
8.20687967886901 4.57007506431345 18.6981791341956
8.17904477776217 4.70151202816065 18.8463329151633
8.15120987665533 4.83294899200784 18.9944866961309
8.12337497554849 4.96438595585504 19.1426404770985
8.09554007444165 5.09582291970224 19.2907942580661
8.06770517333481 5.22725988354944 19.4389480390338
8.03987027222797 5.35869684739664 19.5871018200014
8.01203537112113 5.49013381124384 19.735255600969
7.98420047001429 5.62157077509104 19.8834093819366
7.95636556890745 5.75300773893824 20.0315631629042
7.92853066780061 5.88444470278544 20.1797169438719
13.0284455881648 0.816739598284619 6.72104242276481
13.0284455881648 1.01673959828462 6.72104242276481
13.0284455881648 1.21673959828462 6.72104242276481
13.0284455881648 1.41673959828462 6.72104242276481
13.0284455881648 1.61673959828462 6.72104242276481
13.0284455881648 1.81673959828462 6.72104242276482
13.0284455881648 2.01673959828462 6.72104242276481
13.0284455881648 2.21673959828462 6.72104242276481
13.0284455881648 2.41673959828462 6.72104242276481
13.0284455881648 2.61673959828462 6.72104242276481
13.0284455881648 2.81673959828462 6.72104242276481
13.0284455881648 3.01673959828462 6.72104242276481
13.0284455881648 3.21673959828462 6.72104242276481
13.0284455881648 3.41673959828462 6.72104242276481
13.0284455881648 3.61673959828461 6.72104242276481
13.0284455881648 3.81673959828461 6.72104242276481
13.0284455881648 4.01673959828462 6.72104242276481
13.0284455881648 4.21673959828462 6.72104242276481
13.0284455881648 4.41673959828462 6.72104242276481
13.0284455881648 4.61673959828462 6.72104242276482
13.0284455881648 4.81673959828462 6.72104242276482
13.0284455881648 5.01673959828462 6.72104242276481
13.0284455881648 5.21673959828462 6.72104242276482
13.0284455881648 5.41673959828462 6.72104242276481
13.0284455881648 5.61673959828462 6.72104242276481
13.0284455881648 5.81673959828462 6.72104242276481
13.0284455881648 6.01673959828462 6.72104242276482
13.0284455881648 6.21673959828462 6.72104242276481
13.0284455881648 6.41673959828461 6.72104242276481
13.0284455881648 6.61673959828462 6.72104242276481
13.0284455881648 6.81673959828461 6.72104242276481
13.0284455881648 7.01673959828461 6.72104242276481
13.0284455881648 7.21673959828461 6.72104242276481
13.0284455881648 7.41673959828461 6.72104242276481
11.7705678198235 8.10481705124018 0.0258741281273668
11.8021659987698 8.00130067215595 0.194058296075987
11.8337641777161 7.89778429307173 0.362242464024607
11.8653623566624 7.7942679139875 0.530426631973225
11.8969605356087 7.69075153490328 0.698610799921841
11.928558714555 7.58723515581906 0.866794967870461
11.9601568935013 7.48371877673483 1.03497913581908
11.9917550724476 7.38020239765061 1.2031633037677
12.0233532513939 7.27668601856638 1.37134747171632
12.0549514303402 7.17316963948216 1.53953163966494
12.0865496092865 7.06965326039793 1.70771580761356
12.1181477882328 6.96613688131371 1.87589997556218
12.1497459671791 6.86262050222948 2.0440841435108
12.1813441461254 6.75910412314526 2.21226831145942
12.2129423250717 6.65558774406103 2.38045247940804
12.244540504018 6.55207136497681 2.54863664735666
12.2761386829643 6.44855498589259 2.71682081530527
12.3077368619106 6.34503860680836 2.88500498325389
12.3393350408569 6.24152222772414 3.05318915120251
12.3709332198032 6.13800584863992 3.22137331915112
12.4025313987495 6.03448946955569 3.38955748709974
12.4341295776958 5.93097309047147 3.55774165504836
12.4657277566421 5.82745671138724 3.72592582299698
12.4973259355884 5.72394033230302 3.8941099909456
12.5289241145347 5.62042395321879 4.06229415889422
12.560522293481 5.51690757413457 4.23047832684283
12.5921204724273 5.41339119505035 4.39866249479145
12.6237186513736 5.30987481596612 4.56684666274007
12.6553168303199 5.20635843688189 4.73503083068869
12.6869150092662 5.10284205779767 4.90321499863731
12.7185131882125 4.99932567871344 5.07139916658594
12.7501113671588 4.89580929962922 5.23958333453455
12.7817095461051 4.792292920545 5.40776750248316
12.8133077250514 4.68877654146078 5.57595167043178
12.8449059039977 4.58526016237655 5.7441358383804
12.876504082944 4.48174378329233 5.91232000632901
12.9081022618903 4.37822740420811 6.08050417427763
12.9397004408366 4.27471102512388 6.24868834222625
12.9712986197829 4.17119464603966 6.41687251017487
13.0028967987292 4.06767826695544 6.58505667812349
13.0344949776755 3.96416188787121 6.7532408460721
13.0660931566218 3.86064550878699 6.92142501402072
13.0976913355681 3.75712912970277 7.08960918196934
13.1292895145144 3.65361275061854 7.25779334991796
13.1608876934607 3.55009637153432 7.42597751786658
13.192485872407 3.44657999245009 7.59416168581519
13.2240840513533 3.34306361336587 7.76234585376381
13.2556822302996 3.23954723428165 7.93053002171243
13.2872804092459 3.13603085519742 8.09871418966105
13.3188785881922 3.0325144761132 8.26689835760966
13.3504767671385 2.92899809702898 8.43508252555828
13.3820749460848 2.82548171794476 8.60326669350689
13.4136731250311 2.72196533886053 8.77145086145551
13.4452713039774 2.61844895977631 8.93963502940413
13.4768694829237 2.51493258069208 9.10781919735275
13.50846766187 2.41141620160786 9.27600336530136
13.5400658408163 2.30789982252364 9.44418753324998
13.5716640197626 2.20438344343941 9.6123717011986
13.6032621987089 2.10086706435519 9.78055586914721
13.6348603776552 1.99735068527097 9.94874003709583
13.6664585566015 1.89383430618674 10.1169242050444
13.6980567355478 1.79031792710252 10.2851083729931
13.7296549144941 1.6868015480183 10.4532925409417
13.7612530934404 1.58328516893407 10.6214767088903
13.7928512723867 1.47976878984985 10.7896608768389
13.824449451333 1.37625241076563 10.9578450447875
13.859349672405 1.31086624445012 11.1436046308758
13.8837601114546 1.4609434394915 11.2735314025355
13.9081705505042 1.61102063453289 11.4034581741952
13.9325809895538 1.76109782957428 11.5333849458549
13.9569914286034 1.91117502461566 11.6633117175147
13.981401867653 2.06125221965705 11.7932384891744
14.0058123067026 2.21132941469844 11.9231652608341
14.0302227457522 2.36140660973983 12.0530920324938
14.0546331848018 2.51148380478122 12.1830188041535
14.0790436238514 2.6615609998226 12.3129455758132
14.103454062901 2.81163819486399 12.4428723474729
14.1278645019506 2.96171538990538 12.5727991191326
14.1522749410002 3.11179258494677 12.7027258907923
14.1766853800498 3.26186977998816 12.832652662452
14.2010958190995 3.41194697502955 12.9625794341118
14.2255062581491 3.56202417007093 13.0925062057715
14.2499166971987 3.71210136511232 13.2224329774312
14.2743271362483 3.86217856015371 13.3523597490909
14.2987375752979 4.0122557551951 13.4822865207506
14.3231480143475 4.16233295023648 13.6122132924103
14.3475584533971 4.31241014527787 13.74214006407
14.3719688924467 4.46248734031926 13.8720668357297
14.3963793314963 4.61256453536065 14.0019936073894
14.4207897705459 4.76264173040204 14.1319203790492
14.4452002095955 4.91271892544342 14.2618471507089
14.4696106486451 5.06279612048481 14.3917739223686
14.4940210876947 5.2128733155262 14.5217006940283
14.5184315267443 5.36295051056759 14.651627465688
14.542841965794 5.51302770560897 14.7815542373477
14.5672524048436 5.66310490065036 14.9114810090074
14.5916628438932 5.81318209569175 15.0414077806671
14.6160732829428 5.96325929073314 15.1713345523268
14.6404837219924 6.11333648577453 15.3012613239865
14.664894161042 6.26341368081591 15.4311880956463
14.6941584144956 6.38540513759022 15.5869497338756
14.7219933156025 6.25396817374302 15.7351035148432
14.7498282167093 6.12253120989582 15.8832572958108
14.7776631178162 5.99109424604862 16.0314110767784
14.805498018923 5.85965728220142 16.1795648577461
14.8333329200298 5.72822031835422 16.3277186387137
14.8611678211367 5.59678335450702 16.4758724196813
14.8890027222435 5.46534639065982 16.6240262006489
14.9168376233504 5.33390942681262 16.7721799816166
14.9446725244572 5.20247246296542 16.9203337625842
14.972507425564 5.07103549911822 17.0684875435518
15.0003423266709 4.93959853527102 17.2166413245194
15.0281772277777 4.80816157142382 17.364795105487
15.0560121288846 4.67672460757662 17.5129488864547
15.0838470299914 4.54528764372943 17.6611026674223
15.1116819310982 4.41385067988222 17.8092564483899
15.1395168322051 4.28241371603503 17.9574102293575
15.1673517333119 4.15097675218783 18.1055640103252
15.1951866344188 4.01953978834062 18.2537177912928
15.2230215355256 3.88810282449343 18.4018715722604
15.2508564366324 3.75666586064623 18.550025353228
15.2786913377393 3.62522889679903 18.6981791341956
15.3065262388461 3.49379193295183 18.8463329151633
15.334361139953 3.36235496910463 18.9944866961309
15.3621960410598 3.23091800525744 19.1426404770985
15.3900309421666 3.09948104141024 19.2907942580661
15.4178658432735 2.96804407756304 19.4389480390338
15.4457007443803 2.83660711371584 19.5871018200014
15.4735356454872 2.70517014986864 19.735255600969
15.501370546594 2.57373318602144 19.8834093819366
15.5292054477008 2.44229622217424 20.0315631629042
15.5570403488077 2.31085925832704 20.1797169438719
11.7705678198235 0.0904869098722809 0.0258741281273344
11.8021659987698 0.194003288956504 0.194058296075951
11.8337641777161 0.297519668040729 0.362242464024571
11.8653623566624 0.401036047124954 0.530426631973191
11.8969605356087 0.504552426209179 0.698610799921811
11.928558714555 0.608068805293403 0.866794967870429
11.9601568935013 0.711585184377626 1.03497913581905
11.9917550724476 0.815101563461851 1.20316330376767
12.0233532513939 0.918617942546075 1.37134747171628
12.0549514303402 1.0221343216303 1.5395316396649
12.0865496092865 1.12565070071452 1.70771580761352
12.1181477882328 1.22916707979875 1.87589997556214
12.1497459671791 1.33268345888297 2.04408414351076
12.1813441461254 1.4361998379672 2.21226831145938
12.2129423250717 1.53971621705142 2.38045247940799
12.244540504018 1.64323259613564 2.54863664735661
12.2761386829643 1.74674897521987 2.71682081530523
12.3077368619106 1.85026535430409 2.88500498325385
12.3393350408569 1.95378173338832 3.05318915120247
12.3709332198032 2.05729811247254 3.22137331915108
12.4025313987495 2.16081449155676 3.3895574870997
12.4341295776958 2.26433087064099 3.55774165504832
12.4657277566421 2.36784724972521 3.72592582299694
12.4973259355884 2.47136362880944 3.89410999094556
12.5289241145347 2.57488000789367 4.06229415889418
12.560522293481 2.67839638697789 4.2304783268428
12.5921204724273 2.78191276606212 4.39866249479142
12.6237186513736 2.88542914514634 4.56684666274004
12.6553168303199 2.98894552423056 4.73503083068866
12.6869150092662 3.09246190331479 4.90321499863728
12.7185131882125 3.19597828239901 5.0713991665859
12.7501113671588 3.29949466148324 5.23958333453452
12.7817095461051 3.40301104056746 5.40776750248313
12.8133077250514 3.50652741965168 5.57595167043175
12.8449059039977 3.6100437987359 5.74413583838036
12.876504082944 3.71356017782013 5.91232000632898
12.9081022618903 3.81707655690435 6.0805041742776
12.9397004408366 3.92059293598858 6.24868834222622
12.9712986197829 4.0241093150728 6.41687251017484
13.0028967987292 4.12762569415703 6.58505667812346
13.0344949776755 4.23114207324125 6.75324084607208
13.0660931566218 4.33465845232548 6.9214250140207
13.0976913355681 4.4381748314097 7.08960918196932
13.1292895145144 4.54169121049393 7.25779334991794
13.1608876934607 4.64520758957815 7.42597751786656
13.192485872407 4.74872396866237 7.59416168581518
13.2240840513533 4.8522403477466 7.76234585376379
13.2556822302996 4.95575672683082 7.93053002171241
13.2872804092459 5.05927310591505 8.09871418966103
13.3188785881922 5.16278948499927 8.26689835760965
13.3504767671385 5.2663058640835 8.43508252555827
13.3820749460848 5.36982224316772 8.60326669350689
13.4136731250311 5.47333862225194 8.7714508614555
13.4452713039774 5.57685500133617 8.93963502940412
13.4768694829237 5.68037138042039 9.10781919735274
13.50846766187 5.78388775950461 9.27600336530136
13.5400658408163 5.88740413858884 9.44418753324997
13.5716640197626 5.99092051767306 9.61237170119859
13.6032621987089 6.09443689675729 9.78055586914721
13.6348603776552 6.19795327584151 9.94874003709583
13.6664585566015 6.30146965492573 10.1169242050444
13.6980567355478 6.40498603400995 10.2851083729931
13.7296549144941 6.50850241309418 10.4532925409417
13.7612530934404 6.6120187921784 10.6214767088903
13.7928512723867 6.71553517126263 10.7896608768389
13.824449451333 6.81905155034685 10.9578450447875
13.859349672405 6.88443771666238 11.1436046308758
13.8837601114546 6.73436052162099 11.2735314025355
13.9081705505042 6.5842833265796 11.4034581741952
13.9325809895538 6.43420613153821 11.5333849458549
13.9569914286034 6.28412893649683 11.6633117175146
13.981401867653 6.13405174145544 11.7932384891744
14.0058123067026 5.98397454641405 11.9231652608341
14.0302227457522 5.83389735137266 12.0530920324938
14.0546331848018 5.68382015633127 12.1830188041535
14.0790436238514 5.53374296128989 12.3129455758132
14.103454062901 5.3836657662485 12.4428723474729
14.1278645019506 5.23358857120711 12.5727991191326
14.1522749410002 5.08351137616572 12.7027258907923
14.1766853800498 4.93343418112434 12.832652662452
14.2010958190995 4.78335698608295 12.9625794341117
14.2255062581491 4.63327979104156 13.0925062057715
14.2499166971987 4.48320259600017 13.2224329774312
14.2743271362483 4.33312540095879 13.3523597490909
14.2987375752979 4.1830482059174 13.4822865207506
14.3231480143475 4.03297101087601 13.6122132924103
14.3475584533971 3.88289381583462 13.74214006407
14.3719688924467 3.73281662079323 13.8720668357297
14.3963793314963 3.58273942575185 14.0019936073894
14.4207897705459 3.43266223071046 14.1319203790491
14.4452002095955 3.28258503566907 14.2618471507088
14.4696106486451 3.13250784062768 14.3917739223686
14.4940210876947 2.98243064558629 14.5217006940283
14.5184315267443 2.83235345054491 14.651627465688
14.542841965794 2.68227625550352 14.7815542373477
14.5672524048436 2.53219906046213 14.9114810090074
14.5916628438932 2.38212186542074 15.0414077806671
14.6160732829428 2.23204467037935 15.1713345523268
14.6404837219924 2.08196747533796 15.3012613239865
14.664894161042 1.93189028029657 15.4311880956462
14.6941584144956 1.80989882352226 15.5869497338756
14.7219933156025 1.94133578736946 15.7351035148432
14.7498282167093 2.07277275121666 15.8832572958108
14.7776631178162 2.20420971506386 16.0314110767784
14.805498018923 2.33564667891106 16.1795648577461
14.8333329200298 2.46708364275826 16.3277186387137
14.8611678211367 2.59852060660546 16.4758724196813
14.8890027222435 2.72995757045266 16.6240262006489
14.9168376233504 2.86139453429986 16.7721799816166
14.9446725244572 2.99283149814706 16.9203337625842
14.972507425564 3.12426846199426 17.0684875435518
15.0003423266709 3.25570542584146 17.2166413245194
15.0281772277777 3.38714238968866 17.364795105487
15.0560121288846 3.51857935353586 17.5129488864547
15.0838470299914 3.65001631738306 17.6611026674223
15.1116819310982 3.78145328123026 17.8092564483899
15.1395168322051 3.91289024507746 17.9574102293575
15.1673517333119 4.04432720892465 18.1055640103252
15.1951866344188 4.17576417277186 18.2537177912928
15.2230215355256 4.30720113661906 18.4018715722604
15.2508564366324 4.43863810046625 18.550025353228
15.2786913377393 4.57007506431345 18.6981791341956
15.3065262388461 4.70151202816065 18.8463329151633
15.334361139953 4.83294899200785 18.9944866961309
15.3621960410598 4.96438595585504 19.1426404770985
15.3900309421666 5.09582291970224 19.2907942580661
15.4178658432735 5.22725988354944 19.4389480390338
15.4457007443803 5.35869684739665 19.5871018200014
15.4735356454872 5.49013381124384 19.735255600969
15.501370546594 5.62157077509104 19.8834093819366
15.5292054477008 5.75300773893824 20.0315631629042
15.5570403488077 5.88444470278544 20.1797169438719
15.1976684797871 2.10221929010057 18.2669276379413
15.1976684797871 2.30221929010058 18.2669276379413
15.1976684797871 2.50221929010057 18.2669276379413
15.1976684797871 2.70221929010058 18.2669276379413
15.1976684797871 2.90221929010058 18.2669276379413
15.1976684797871 3.10221929010058 18.2669276379413
15.1976684797871 3.30221929010058 18.2669276379413
15.1976684797871 3.50221929010058 18.2669276379413
15.1976684797871 3.70221929010058 18.2669276379413
15.1976684797871 3.90221929010058 18.2669276379413
15.1976684797871 4.10221929010058 18.2669276379413
15.1976684797871 4.30221929010058 18.2669276379413
15.1976684797871 4.50221929010058 18.2669276379413
15.1976684797871 4.70221929010058 18.2669276379413
15.1976684797871 4.90221929010058 18.2669276379413
15.1976684797871 5.10221929010058 18.2669276379413
15.1976684797871 5.30221929010058 18.2669276379413
15.1976684797871 5.50221929010058 18.2669276379413
15.1976684797871 5.70221929010058 18.2669276379413
15.1976684797871 5.90221929010058 18.2669276379413
15.1976684797871 6.10221929010058 18.2669276379413
14.3231285941398 1.6321788643058 13.6121099265966
14.3231285941398 1.8321788643058 13.6121099265966
14.3231285941398 2.0321788643058 13.6121099265966
14.3231285941398 2.2321788643058 13.6121099265966
14.3231285941398 2.4321788643058 13.6121099265966
14.3231285941398 2.6321788643058 13.6121099265966
14.3231285941398 2.8321788643058 13.6121099265966
14.3231285941398 3.0321788643058 13.6121099265966
14.3231285941398 3.2321788643058 13.6121099265966
14.3231285941398 3.4321788643058 13.6121099265966
14.3231285941398 3.6321788643058 13.6121099265966
14.3231285941398 3.8321788643058 13.6121099265966
14.3231285941398 4.0321788643058 13.6121099265966
14.3231285941398 4.2321788643058 13.6121099265966
14.3231285941398 4.4321788643058 13.6121099265966
14.3231285941398 4.6321788643058 13.6121099265966
14.3231285941398 4.8321788643058 13.6121099265966
14.3231285941398 5.0321788643058 13.6121099265966
14.3231285941398 5.2321788643058 13.6121099265966
14.3231285941398 5.4321788643058 13.6121099265966
14.3231285941398 5.6321788643058 13.6121099265966
14.3231285941398 5.8321788643058 13.6121099265966
14.3231285941398 6.0321788643058 13.6121099265966
14.3231285941398 6.2321788643058 13.6121099265966
14.3231285941398 6.4321788643058 13.6121099265966
14.3231285941398 6.6321788643058 13.6121099265966
15.5570403488077 5.71085925832704 20.1797169438719
15.5570403488077 5.51085925832704 20.1797169438719
15.5570403488077 5.31085925832704 20.1797169438719
15.5570403488077 5.11085925832704 20.1797169438719
15.5570403488077 4.91085925832704 20.1797169438719
15.5570403488077 4.71085925832704 20.1797169438719
15.5570403488077 4.51085925832704 20.1797169438719
15.5570403488077 4.31085925832704 20.1797169438719
15.5570403488077 4.11085925832704 20.1797169438719
15.5570403488077 3.91085925832704 20.1797169438719
15.5570403488077 3.71085925832704 20.1797169438719
15.5570403488077 3.51085925832704 20.1797169438719
15.5570403488077 3.31085925832704 20.1797169438719
15.5570403488077 3.11085925832704 20.1797169438719
15.5570403488077 2.91085925832704 20.1797169438719
15.5570403488077 2.71085925832704 20.1797169438719
15.5570403488077 2.51085925832704 20.1797169438719
15.5570403488077 2.31085925832704 20.1797169438719
1.22496646983964 0.816739598284607 6.72104242276481
1.22496646983964 1.01673959828461 6.72104242276481
1.22496646983964 1.21673959828461 6.72104242276481
1.22496646983964 1.41673959828461 6.72104242276481
1.22496646983964 1.61673959828461 6.72104242276481
1.22496646983964 1.81673959828461 6.72104242276481
1.22496646983964 2.01673959828461 6.72104242276481
1.22496646983964 2.21673959828461 6.72104242276481
1.22496646983964 2.41673959828461 6.72104242276482
1.22496646983964 2.61673959828461 6.72104242276481
1.22496646983964 2.81673959828461 6.72104242276481
1.22496646983964 3.01673959828461 6.72104242276482
1.22496646983964 3.21673959828461 6.72104242276481
1.22496646983964 3.41673959828461 6.72104242276481
1.22496646983964 3.61673959828461 6.72104242276481
1.22496646983964 3.8167395982846 6.72104242276481
1.22496646983964 4.01673959828461 6.72104242276481
1.22496646983964 4.21673959828461 6.72104242276481
1.22496646983964 4.41673959828461 6.72104242276482
1.22496646983964 4.61673959828461 6.72104242276481
1.22496646983964 4.81673959828461 6.72104242276481
1.22496646983964 5.01673959828461 6.72104242276481
1.22496646983964 5.21673959828461 6.72104242276481
1.22496646983964 5.41673959828461 6.72104242276481
1.22496646983964 5.61673959828461 6.72104242276481
1.22496646983964 5.81673959828461 6.72104242276481
1.22496646983964 6.01673959828461 6.72104242276481
1.22496646983964 6.21673959828461 6.72104242276481
1.22496646983964 6.41673959828461 6.72104242276481
1.22496646983964 6.61673959828461 6.72104242276481
1.22496646983964 6.81673959828461 6.72104242276481
1.22496646983964 7.01673959828461 6.72104242276481
1.22496646983964 7.21673959828461 6.72104242276481
1.22496646983964 7.41673959828461 6.72104242276481
-0.0329112985016927 8.10481705124018 0.0258741281273668
-0.00131311955539239 8.00130067215595 0.194058296075984
0.0302850593909077 7.89778429307173 0.362242464024601
0.061883238337208 7.79426791398751 0.530426631973218
0.0934814172835081 7.69075153490328 0.698610799921835
0.125079596229809 7.58723515581906 0.866794967870455
0.15667777517611 7.48371877673484 1.03497913581908
0.18827595412241 7.38020239765061 1.2031633037677
0.21987413306871 7.27668601856639 1.37134747171631
0.251472312015011 7.17316963948216 1.53953163966493
0.283070490961311 7.06965326039794 1.70771580761355
0.314668669907612 6.96613688131372 1.87589997556216
0.346266848853912 6.86262050222949 2.04408414351078
0.377865027800212 6.75910412314527 2.2122683114594
0.409463206746512 6.65558774406105 2.38045247940802
0.441061385692812 6.55207136497682 2.54863664735663
0.472659564639113 6.4485549858926 2.71682081530525
0.504257743585414 6.34503860680837 2.88500498325387
0.535855922531715 6.24152222772415 3.05318915120249
0.567454101478016 6.13800584863992 3.22137331915111
0.599052280424315 6.0344894695557 3.38955748709973
0.630650459370615 5.93097309047148 3.55774165504834
0.662248638316916 5.82745671138725 3.72592582299696
0.693846817263216 5.72394033230303 3.89410999094558
0.725444996209516 5.62042395321881 4.0622941588942
0.757043175155817 5.51690757413458 4.23047832684282
0.788641354102117 5.41339119505036 4.39866249479144
0.820239533048417 5.30987481596613 4.56684666274005
0.851837711994718 5.20635843688191 4.73503083068867
0.883435890941019 5.10284205779768 4.90321499863729
0.91503406988732 4.99932567871346 5.07139916658591
0.946632248833621 4.89580929962923 5.23958333453453
0.97823042777992 4.79229292054501 5.40776750248315
1.00982860672622 4.68877654146079 5.57595167043177
1.04142678567252 4.58526016237656 5.74413583838038
1.07302496461882 4.48174378329234 5.912320006329
1.10462314356512 4.37822740420812 6.08050417427762
1.13622132251142 4.27471102512389 6.24868834222624
1.16781950145772 4.17119464603967 6.41687251017485
1.19941768040402 4.06767826695545 6.58505667812347
1.23101585935032 3.96416188787122 6.75324084607209
1.26261403829662 3.860645508787 6.92142501402071
1.29421221724292 3.75712912970277 7.08960918196933
1.32581039618922 3.65361275061855 7.25779334991794
1.35740857513552 3.55009637153433 7.42597751786656
1.38900675408182 3.44657999245011 7.59416168581517
1.42060493302812 3.34306361336588 7.76234585376379
1.45220311197442 3.23954723428166 7.93053002171241
1.48380129092072 3.13603085519743 8.09871418966103
1.51539946986703 3.03251447611321 8.26689835760965
1.54699764881333 2.92899809702899 8.43508252555826
1.57859582775963 2.82548171794476 8.60326669350688
1.61019400670593 2.72196533886054 8.7714508614555
1.64179218565223 2.61844895977632 8.93963502940411
1.67339036459853 2.51493258069209 9.10781919735274
1.70498854354483 2.41141620160787 9.27600336530135
1.73658672249113 2.30789982252364 9.44418753324997
1.76818490143743 2.20438344343942 9.61237170119859
1.79978308038373 2.1008670643552 9.7805558691472
1.83138125933003 1.99735068527097 9.94874003709582
1.86297943827633 1.89383430618675 10.1169242050444
1.89457761722263 1.79031792710253 10.2851083729931
1.92617579616893 1.6868015480183 10.4532925409417
1.95777397511523 1.58328516893408 10.6214767088903
1.98937215406153 1.47976878984985 10.7896608768389
2.02097033300783 1.37625241076563 10.9578450447875
2.05587055407978 1.31086624445011 11.1436046308758
2.08028099312939 1.4609434394915 11.2735314025355
2.10469143217899 1.61102063453289 11.4034581741952
2.1291018712286 1.76109782957428 11.5333849458549
2.15351231027821 1.91117502461566 11.6633117175147
2.17792274932781 2.06125221965705 11.7932384891744
2.20233318837742 2.21132941469844 11.9231652608341
2.22674362742703 2.36140660973983 12.0530920324938
2.25115406647663 2.51148380478121 12.1830188041535
2.27556450552624 2.6615609998226 12.3129455758132
2.29997494457585 2.81163819486399 12.4428723474729
2.32438538362546 2.96171538990537 12.5727991191326
2.34879582267506 3.11179258494676 12.7027258907923
2.37320626172467 3.26186977998815 12.832652662452
2.39761670077428 3.41194697502954 12.9625794341118
2.42202713982388 3.56202417007093 13.0925062057715
2.44643757887349 3.71210136511232 13.2224329774312
2.4708480179231 3.8621785601537 13.3523597490909
2.49525845697271 4.01225575519509 13.4822865207506
2.51966889602231 4.16233295023648 13.6122132924103
2.54407933507192 4.31241014527786 13.74214006407
2.56848977412153 4.46248734031925 13.8720668357297
2.59290021317113 4.61256453536064 14.0019936073894
2.61731065222074 4.76264173040202 14.1319203790491
2.64172109127035 4.91271892544341 14.2618471507088
2.66613153031995 5.0627961204848 14.3917739223686
2.69054196936956 5.21287331552619 14.5217006940283
2.71495240841917 5.36295051056757 14.651627465688
2.73936284746878 5.51302770560896 14.7815542373477
2.76377328651838 5.66310490065035 14.9114810090074
2.78818372556799 5.81318209569174 15.0414077806671
2.8125941646176 5.96325929073313 15.1713345523268
2.83700460366721 6.11333648577452 15.3012613239865
2.86141504271681 6.26341368081591 15.4311880956462
2.89067929617046 6.38540513759024 15.5869497338756
2.9185141972773 6.25396817374304 15.7351035148432
2.94634909838414 6.12253120989584 15.8832572958108
2.97418399949098 5.99109424604864 16.0314110767784
3.00201890059782 5.85965728220143 16.1795648577461
3.02985380170466 5.72822031835423 16.3277186387137
3.0576887028115 5.59678335450703 16.4758724196813
3.08552360391834 5.46534639065983 16.6240262006489
3.11335850502518 5.33390942681263 16.7721799816165
3.14119340613202 5.20247246296543 16.9203337625842
3.16902830723886 5.07103549911823 17.0684875435518
3.1968632083457 4.93959853527103 17.2166413245194
3.22469810945254 4.80816157142383 17.364795105487
3.25253301055938 4.67672460757663 17.5129488864547
3.28036791166622 4.54528764372943 17.6611026674223
3.30820281277306 4.41385067988223 17.8092564483899
3.3360377138799 4.28241371603503 17.9574102293575
3.36387261498674 4.15097675218783 18.1055640103251
3.39170751609358 4.01953978834063 18.2537177912928
3.41954241720042 3.88810282449343 18.4018715722604
3.44737731830725 3.75666586064623 18.550025353228
3.47521221941409 3.62522889679903 18.6981791341956
3.50304712052094 3.49379193295183 18.8463329151633
3.53088202162777 3.36235496910463 18.9944866961309
3.55871692273461 3.23091800525743 19.1426404770985
3.58655182384145 3.09948104141023 19.2907942580661
3.61438672494829 2.96804407756303 19.4389480390338
3.64222162605513 2.83660711371583 19.5871018200014
3.67005652716197 2.70517014986863 19.735255600969
3.69789142826881 2.57373318602144 19.8834093819366
3.72572632937565 2.44229622217423 20.0315631629042
3.75356123048249 2.31085925832704 20.1797169438719
-0.032911298501704 0.090486909872264 0.0258741281273069
-0.00131311955540316 0.194003288956489 0.194058296075927
0.0302850593908976 0.297519668040714 0.362242464024547
0.0618832383371984 0.40103604712494 0.530426631973167
0.0934814172834992 0.504552426209165 0.698610799921788
0.125079596229799 0.608068805293386 0.866794967870401
0.1566777751761 0.711585184377611 1.03497913581902
0.1882759541224 0.815101563461837 1.20316330376764
0.219874133068701 0.91861794254606 1.37134747171626
0.251472312015001 1.02213432163028 1.53953163966488
0.283070490961302 1.12565070071451 1.7077158076135
0.314668669907603 1.22916707979873 1.87589997556212
0.346266848853903 1.33268345888296 2.04408414351074
0.377865027800203 1.43619983796718 2.21226831145935
0.409463206746504 1.53971621705141 2.38045247940797
0.441061385692805 1.64323259613563 2.54863664735659
0.472659564639105 1.74674897521986 2.71682081530521
0.504257743585406 1.85026535430408 2.88500498325383
0.535855922531707 1.95378173338831 3.05318915120245
0.567454101478008 2.05729811247253 3.22137331915107
0.599052280424309 2.16081449155676 3.38955748709969
0.630650459370609 2.26433087064098 3.55774165504831
0.66224863831691 2.36784724972521 3.72592582299693
0.69384681726321 2.47136362880943 3.89410999094555
0.725444996209511 2.57488000789365 4.06229415889417
0.757043175155811 2.67839638697788 4.23047832684279
0.788641354102112 2.7819127660621 4.39866249479141
0.820239533048413 2.88542914514633 4.56684666274003
0.851837711994714 2.98894552423056 4.73503083068865
0.883435890941014 3.09246190331478 4.90321499863727
0.915034069887314 3.195978282399 5.07139916658588
0.946632248833614 3.29949466148322 5.2395833345345
0.978230427779914 3.40301104056745 5.40776750248311
1.00982860672621 3.50652741965167 5.57595167043173
1.04142678567252 3.6100437987359 5.74413583838035
1.07302496461882 3.71356017782012 5.91232000632897
1.10462314356512 3.81707655690435 6.08050417427759
1.13622132251142 3.92059293598857 6.24868834222621
1.16781950145772 4.02410931507279 6.41687251017483
1.19941768040402 4.12762569415702 6.58505667812344
1.23101585935032 4.23114207324124 6.75324084607206
1.26261403829662 4.33465845232546 6.92142501402068
1.29421221724292 4.43817483140969 7.0896091819693
1.32581039618922 4.54169121049391 7.25779334991792
1.35740857513552 4.64520758957814 7.42597751786654
1.38900675408182 4.74872396866236 7.59416168581515
1.42060493302812 4.85224034774659 7.76234585376378
1.45220311197442 4.95575672683081 7.93053002171239
1.48380129092072 5.05927310591504 8.09871418966102
1.51539946986702 5.16278948499926 8.26689835760963
1.54699764881332 5.26630586408348 8.43508252555825
1.57859582775962 5.36982224316771 8.60326669350687
1.61019400670593 5.47333862225194 8.77145086145549
1.64179218565223 5.57685500133616 8.93963502940411
1.67339036459853 5.68037138042038 9.10781919735272
1.70498854354482 5.7838877595046 9.27600336530134
1.73658672249113 5.88740413858883 9.44418753324996
1.76818490143743 5.99092051767305 9.61237170119858
1.79978308038373 6.09443689675728 9.78055586914719
1.83138125933003 6.1979532758415 9.94874003709581
1.86297943827633 6.30146965492572 10.1169242050444
1.89457761722263 6.40498603400995 10.2851083729931
1.92617579616893 6.50850241309417 10.4532925409417
1.95777397511523 6.6120187921784 10.6214767088903
1.98937215406153 6.71553517126262 10.7896608768389
2.02097033300783 6.81905155034685 10.9578450447875
2.05587055407978 6.88443771666237 11.1436046308758
2.08028099312938 6.73436052162099 11.2735314025355
2.10469143217899 6.5842833265796 11.4034581741952
2.1291018712286 6.43420613153821 11.5333849458549
2.1535123102782 6.28412893649682 11.6633117175146
2.17792274932781 6.13405174145543 11.7932384891744
2.20233318837742 5.98397454641405 11.9231652608341
2.22674362742703 5.83389735137266 12.0530920324938
2.25115406647663 5.68382015633127 12.1830188041535
2.27556450552624 5.53374296128988 12.3129455758132
2.29997494457585 5.38366576624849 12.4428723474729
2.32438538362546 5.2335885712071 12.5727991191326
2.34879582267506 5.08351137616571 12.7027258907923
2.37320626172467 4.93343418112433 12.832652662452
2.39761670077428 4.78335698608294 12.9625794341118
2.42202713982388 4.63327979104155 13.0925062057715
2.44643757887349 4.48320259600017 13.2224329774312
2.4708480179231 4.33312540095878 13.3523597490909
2.4952584569727 4.18304820591739 13.4822865207506
2.51966889602231 4.032971010876 13.6122132924103
2.54407933507192 3.88289381583461 13.74214006407
2.56848977412153 3.73281662079323 13.8720668357297
2.59290021317113 3.58273942575184 14.0019936073894
2.61731065222074 3.43266223071045 14.1319203790491
2.64172109127035 3.28258503566906 14.2618471507089
2.66613153031996 3.13250784062767 14.3917739223686
2.69054196936956 2.98243064558628 14.5217006940283
2.71495240841917 2.83235345054489 14.651627465688
2.73936284746878 2.6822762555035 14.7815542373477
2.76377328651839 2.53219906046212 14.9114810090074
2.78818372556799 2.38212186542073 15.0414077806671
2.8125941646176 2.23204467037934 15.1713345523268
2.83700460366721 2.08196747533796 15.3012613239865
2.86141504271681 1.93189028029657 15.4311880956463
2.89067929617046 1.80989882352226 15.5869497338756
2.9185141972773 1.94133578736946 15.7351035148432
2.94634909838414 2.07277275121666 15.8832572958108
2.97418399949098 2.20420971506386 16.0314110767784
3.00201890059782 2.33564667891106 16.1795648577461
3.02985380170466 2.46708364275826 16.3277186387137
3.0576887028115 2.59852060660546 16.4758724196813
3.08552360391834 2.72995757045266 16.6240262006489
3.11335850502518 2.86139453429986 16.7721799816166
3.14119340613202 2.99283149814706 16.9203337625842
3.16902830723886 3.12426846199426 17.0684875435518
3.1968632083457 3.25570542584146 17.2166413245194
3.22469810945254 3.38714238968865 17.364795105487
3.25253301055938 3.51857935353585 17.5129488864547
3.28036791166622 3.65001631738306 17.6611026674223
3.30820281277306 3.78145328123025 17.8092564483899
3.3360377138799 3.91289024507746 17.9574102293575
3.36387261498674 4.04432720892466 18.1055640103252
3.39170751609358 4.17576417277185 18.2537177912928
3.41954241720042 4.30720113661905 18.4018715722604
3.44737731830726 4.43863810046625 18.550025353228
3.47521221941409 4.57007506431345 18.6981791341956
3.50304712052094 4.70151202816065 18.8463329151633
3.53088202162778 4.83294899200785 18.9944866961309
3.55871692273461 4.96438595585505 19.1426404770985
3.58655182384145 5.09582291970225 19.2907942580661
3.61438672494829 5.22725988354945 19.4389480390338
3.64222162605513 5.35869684739665 19.5871018200014
3.67005652716197 5.49013381124384 19.735255600969
3.69789142826881 5.62157077509104 19.8834093819366
3.72572632937565 5.75300773893824 20.0315631629042
3.75356123048249 5.88444470278544 20.1797169438719
3.39418936146193 2.10221929010058 18.2669276379413
3.39418936146193 2.30221929010058 18.2669276379413
3.39418936146193 2.50221929010058 18.2669276379413
3.39418936146193 2.70221929010058 18.2669276379413
3.39418936146193 2.90221929010058 18.2669276379413
3.39418936146193 3.10221929010058 18.2669276379413
3.39418936146193 3.30221929010058 18.2669276379413
3.39418936146193 3.50221929010058 18.2669276379413
3.39418936146193 3.70221929010058 18.2669276379413
3.39418936146193 3.90221929010058 18.2669276379413
3.39418936146193 4.10221929010058 18.2669276379413
3.39418936146193 4.30221929010058 18.2669276379413
3.39418936146193 4.50221929010058 18.2669276379413
3.39418936146193 4.70221929010058 18.2669276379413
3.39418936146193 4.90221929010058 18.2669276379413
3.39418936146193 5.10221929010058 18.2669276379413
3.39418936146193 5.30221929010058 18.2669276379413
3.39418936146193 5.50221929010058 18.2669276379413
3.39418936146193 5.70221929010058 18.2669276379413
3.39418936146193 5.90221929010058 18.2669276379413
3.39418936146193 6.10221929010058 18.2669276379413
2.51964947581457 1.6321788643058 13.6121099265966
2.51964947581457 1.8321788643058 13.6121099265966
2.51964947581457 2.0321788643058 13.6121099265966
2.51964947581457 2.2321788643058 13.6121099265966
2.51964947581457 2.4321788643058 13.6121099265966
2.51964947581457 2.6321788643058 13.6121099265966
2.51964947581457 2.8321788643058 13.6121099265966
2.51964947581457 3.0321788643058 13.6121099265966
2.51964947581457 3.2321788643058 13.6121099265966
2.51964947581457 3.4321788643058 13.6121099265966
2.51964947581457 3.6321788643058 13.6121099265966
2.51964947581457 3.8321788643058 13.6121099265966
2.51964947581457 4.0321788643058 13.6121099265966
2.51964947581457 4.2321788643058 13.6121099265966
2.51964947581457 4.4321788643058 13.6121099265966
2.51964947581457 4.6321788643058 13.6121099265966
2.51964947581457 4.8321788643058 13.6121099265966
2.51964947581457 5.0321788643058 13.6121099265966
2.51964947581457 5.2321788643058 13.6121099265966
2.51964947581457 5.4321788643058 13.6121099265966
2.51964947581457 5.6321788643058 13.6121099265966
2.51964947581457 5.8321788643058 13.6121099265966
2.51964947581457 6.0321788643058 13.6121099265966
2.51964947581457 6.2321788643058 13.6121099265966
2.51964947581457 6.4321788643058 13.6121099265966
2.51964947581457 6.6321788643058 13.6121099265966
3.75356123048249 5.71085925832704 20.1797169438719
3.75356123048249 5.51085925832704 20.1797169438719
3.75356123048249 5.31085925832704 20.1797169438719
3.75356123048249 5.11085925832704 20.1797169438719
3.75356123048249 4.91085925832704 20.1797169438719
3.75356123048249 4.71085925832704 20.1797169438719
3.75356123048249 4.51085925832704 20.1797169438719
3.75356123048249 4.31085925832704 20.1797169438719
3.75356123048249 4.11085925832703 20.1797169438719
3.75356123048249 3.91085925832704 20.1797169438719
3.75356123048249 3.71085925832704 20.1797169438719
3.75356123048249 3.51085925832704 20.1797169438719
3.75356123048249 3.31085925832704 20.1797169438719
3.75356123048249 3.11085925832704 20.1797169438719
3.75356123048249 2.91085925832704 20.1797169438719
3.75356123048249 2.71085925832704 20.1797169438719
3.75356123048249 2.51085925832704 20.1797169438719
3.75356123048249 2.31085925832704 20.1797169438719
6.82752766246988 3.22163917244611 55.0058196651721
6.83127859840843 3.3826014909938 54.8871728679657
6.83502953434698 3.54356380954149 54.7685260707593
6.83878047028554 3.70452612808918 54.6498792735528
6.8425314062241 3.86548844663686 54.5312324763464
6.84628234216265 4.02645076518454 54.41258567914
6.8500332781012 4.18741308373223 54.2939388819336
6.85378421403976 4.34837540227992 54.1752920847272
6.85753514997831 4.50933772082759 54.0566452875208
6.86128608591687 4.67030003937528 53.9379984903144
6.86503702185542 4.83126235792296 53.819351693108
6.86878795779398 4.99222467647064 53.7007048959016
6.87417772533894 5.09665543804846 53.5302198043478
6.87869234211128 4.9567021321347 53.3874168267906
6.88320695888361 4.81674882622095 53.2446138492334
6.88772157565595 4.67679552030721 53.1018108716762
6.89223619242828 4.53684221439346 52.9590078941189
6.89675080920062 4.39688890847971 52.8162049165617
6.90126542597296 4.25693560256596 52.6734019390045
6.90578004274529 4.1169822966522 52.5305989614472
6.91029465951763 3.97702899073844 52.38779598389
6.91480927628997 3.83707568482469 52.2449930063328
6.9193238930623 3.69712237891094 52.1021900287756
6.92383850983463 3.5571690729972 51.9593870512183
6.92835312660697 3.41721576708345 51.8165840736611
6.93286774337931 3.2772624611697 51.6737810961039
6.93738236015164 3.13730915525593 51.5309781185466
6.94195304565847 2.99919056865324 51.38640161676
6.94576843234801 3.158628530727 51.2657161616538
6.94958381903755 3.31806649280077 51.1450307065477
6.9533992057271 3.47750445487452 51.0243452514416
6.95721459241664 3.63694241694828 50.9036597963354
6.96102997910619 3.79638037902204 50.7829743412293
6.96484536579573 3.95581834109581 50.6622888861232
6.96866075248528 4.11525630316957 50.541603431017
6.97247613917482 4.27469426524334 50.4209179759109
6.97629152586437 4.4341322273171 50.3002325208047
6.98010691255391 4.59357018939085 50.1795470656986
6.98392229924346 4.7530081514646 50.0588616105925
6.987737685933 4.91244611353837 49.9381761554863
6.99155307262255 5.07188407561213 49.8174907003802
6.99690164023 5.17841520853391 49.6483088144025
7.00083950391358 5.0219881957827 49.523749258722
7.00477736759717 4.86556118303151 49.3991897030414
7.00871523128075 4.7091341702803 49.2746301473608
7.01265309496434 4.55270715752909 49.1500705916803
7.01659095864792 4.39628014477788 49.0255110359997
7.0205288223315 4.23985313202666 48.9009514803191
7.02446668601509 4.08342611927546 48.7763919246385
7.02840454969867 3.92699910652425 48.6518323689579
7.03234241338226 3.77057209377304 48.5272728132774
7.03628027706584 3.61414508102183 48.4027132575968
7.04021814074942 3.45771806827061 48.2781537019162
7.04415600443301 3.3012910555194 48.1535941462356
7.04809386811659 3.14486404276819 48.029034590555
7.05203173180018 2.98843703001698 47.9044750348745
7.05779909458638 3.07020764466475 47.7220461333632
7.06187738307875 3.22298858128004 47.5930447652699
7.06595567157112 3.37576951789533 47.4640433971767
7.07003396006349 3.52855045451063 47.3350420290835
7.07411224855586 3.68133139112593 47.2060406609902
7.07819053704823 3.83411232774122 47.077039292897
7.0822688255406 3.98689326435651 46.9480379248037
7.08634711403298 4.1396742009718 46.8190365567105
7.09042540252535 4.2924551375871 46.6900351886173
7.09450369101772 4.44523607420239 46.561033820524
7.09858197951009 4.59801701081769 46.4320324524308
7.10266026800246 4.75079794743298 46.3030310843376
7.10673855649484 4.90357888404827 46.1740297162443
7.11081684498721 5.05635982066356 46.0450283481511
7.11489513347958 5.20914075727886 45.9160269800579
7.12117557417128 5.18688145439974 45.7173687823915
7.12507069252832 5.02938622272162 45.5941613148757
7.12896581088537 4.87189099104351 45.47095384736
7.13286092924241 4.7143957593654 45.3477463798442
7.13675604759946 4.55690052768729 45.2245389123285
7.1406511659565 4.39940529600919 45.1013314448128
7.14454628431354 4.24191006433108 44.978123977297
7.14844140267059 4.08441483265297 44.8549165097813
7.15233652102763 3.92691960097486 44.7317090422655
7.15623163938467 3.76942436929675 44.6085015747498
7.16012675774172 3.61192913761865 44.485294107234
7.16402187609876 3.45443390594054 44.3620866397183
7.16791699445581 3.29693867426244 44.2388791722025
7.17181211281285 3.13944344258433 44.1156717046868
7.17570723116989 2.98194821090622 43.992464237171
7.18191313772972 2.94416507758929 43.7961636473591
7.18555009559923 3.10772613442171 43.6811221190951
7.18918705346873 3.27128719125413 43.5660805908311
7.19282401133824 3.43484824808656 43.4510390625671
7.19646096920775 3.59840930491898 43.335997534303
7.20009792707726 3.7619703617514 43.220956006039
7.20373488494676 3.92553141858383 43.105914477775
7.20737184281627 4.08909247541625 42.990872949511
7.21100880068578 4.25265353224867 42.875831421247
7.21464575855529 4.41621458908109 42.760789892983
7.21828271642479 4.57977564591351 42.645748364719
7.2219196742943 4.74333670274593 42.530706836455
7.22555663216381 4.90689775957836 42.415665308191
7.22919359003332 5.07045881641079 42.300623779927
7.23283054790282 5.23401987324322 42.185582251663
7.2386302241208 5.31346852685535 42.0021312358714
7.24232145500312 5.15112972833546 41.8853729843013
7.24601268588544 4.98879092981556 41.7686147327313
7.24970391676777 4.82645213129567 41.6518564811613
7.25339514765009 4.66411333277578 41.5350982295913
7.25708637853241 4.50177453425588 41.4183399780212
7.26077760941473 4.33943573573599 41.3015817264512
7.26446884029705 4.17709693721609 41.1848234748812
7.26816007117937 4.0147581386962 41.0680652233111
7.2718513020617 3.8524193401763 40.9513069717411
7.27554253294402 3.69008054165641 40.8345487201711
7.27923376382634 3.52774174313651 40.7177904686011
7.28292499470866 3.36540294461663 40.601032217031
7.28661622559098 3.20306414609674 40.484273965461
7.2903074564733 3.04072534757685 40.367515713891
7.29399868735563 2.87838654905695 40.2507574623209
7.30018991436274 2.91850922440801 40.0549212051293
7.3035048261278 3.08878688238687 39.9500663981187
7.30681973789286 3.25906454036573 39.8452115911082
7.31013464965792 3.42934219834459 39.7403567840976
7.31344956142298 3.59961985632346 39.635501977087
7.31676447318804 3.76989751430232 39.5306471700764
7.3200793849531 3.94017517228118 39.4257923630659
7.32339429671816 4.11045283026004 39.3209375560553
7.32670920848322 4.28073048823891 39.2160827490447
7.33002412024828 4.45100814621776 39.1112279420341
7.33333903201334 4.62128580419661 39.0063731350236
7.3366539437784 4.79156346217547 38.901518328013
7.33996885554346 4.96184112015433 38.7966635210024
7.34328376730852 5.1321187781332 38.6918087139918
7.34659867907358 5.30239643611206 38.5869539069813
7.35226643272061 5.39086804262086 38.4076757671807
7.35606654290848 5.23106509958445 38.2874735269376
7.35986665309636 5.07126215654803 38.1672712866945
7.36366676328423 4.91145921351162 38.0470690464514
7.3674668734721 4.75165627047522 37.9268668062083
7.37126698365998 4.59185332743881 37.8066645659651
7.37506709384785 4.4320503844024 37.686462325722
7.37886720403572 4.27224744136599 37.5662600854789
7.3826673142236 4.11244449832959 37.4460578452358
7.38646742441147 3.95264155529318 37.3258556049927
7.39026753459935 3.79283861225676 37.2056533647496
7.39406764478722 3.63303566922035 37.0854511245064
7.39786775497509 3.47323272618394 36.9652488842633
7.40166786516297 3.31342978314753 36.8450466440202
7.40546797535084 3.15362684011113 36.7248444037771
7.40926808553872 2.99382389707472 36.604642163534
7.41306819572659 2.83402095403831 36.4844399232909
7.41763649940172 2.69582346876682 36.3399387618209
7.42103366428611 2.86446967691971 36.2324821857243
7.4244308291705 3.03311588507261 36.1250256096277
7.42782799405489 3.20176209322549 36.0175690335312
7.43122515893927 3.37040830137838 35.9101124574346
7.43462232382366 3.53905450953126 35.802655881338
7.43801948870805 3.70770071768416 35.6951993052414
7.44141665359244 3.87634692583705 35.5877427291448
7.44481381847683 4.04499313398993 35.4802861530483
7.44821098336122 4.21363934214283 35.3728295769517
7.4516081482456 4.38228555029572 35.2653730008551
7.45500531312999 4.55093175844861 35.1579164247585
7.45840247801438 4.7195779666015 35.0504598486619
7.46179964289877 4.88822417475439 34.9430032725653
7.46519680778316 5.05687038290727 34.8355466964688
7.46859397266754 5.22551659106016 34.7280901203722
7.47199113755193 5.39416279921305 34.6206335442756
7.47817338398811 5.43564919001072 34.4250813537801
7.48153494438971 5.26628994437954 34.3187509920253
7.4848965047913 5.09693069874836 34.2124206302705
7.4882580651929 4.92757145311718 34.1060902685157
7.4916196255945 4.758212207486 33.999759906761
7.4949811859961 4.58885296185483 33.8934295450062
7.4983427463977 4.41949371622364 33.7870991832514
7.50170430679929 4.25013447059246 33.6807688214966
7.50506586720089 4.08077522496127 33.5744384597418
7.50842742760249 3.9114159793301 33.468108097987
7.51178898800409 3.74205673369891 33.3617777362322
7.51515054840569 3.57269748806773 33.2554473744775
7.51851210880729 3.40333824243655 33.1491170127227
7.52187366920889 3.23397899680536 33.0427866509679
7.52523522961048 3.06461975117418 32.9364562892131
7.52859679001208 2.895260505543 32.8301259274583
7.53195835041368 2.72590125991181 32.7237955657035
7.53826523133612 2.73863521683317 32.5243010304547
7.54196104070787 2.90086965235005 32.4073979555353
7.54565685007961 3.06310408786692 32.2904948806159
7.54935265945135 3.22533852338379 32.1735918056965
7.5530484688231 3.38757295890067 32.0566887307771
7.55674427819484 3.54980739441754 31.9397856558577
7.56044008756658 3.71204182993441 31.8228825809383
7.56413589693832 3.87427626545128 31.7059795060189
7.56783170631007 4.03651070096815 31.5890764310995
7.57152751568181 4.19874513648503 31.4721733561801
7.57522332505355 4.3609795720019 31.3552702812607
7.57891913442529 4.52321400751878 31.2383672063413
7.58261494379704 4.68544844303565 31.1214641314219
7.58631075316878 4.84768287855252 31.0045610565025
7.59000656254052 5.00991731406939 30.8876579815831
7.59370237191227 5.17215174958626 30.7707549066637
7.59739818128401 5.33438618510313 30.6538518317443
7.60109399065575 5.49662062062 30.5369487568249
7.60482969310367 5.65793736126318 30.4187838139887
7.60855854122229 5.49646187120041 30.3008356821651
7.6122873893409 5.33498638113762 30.1828875503414
7.61601623745951 5.17351089107484 30.0649394185177
7.61974508557813 5.01203540101206 29.9469912866941
7.62347393369674 4.85055991094928 29.8290431548704
7.62720278181536 4.68908442088649 29.7110950230467
7.63093162993397 4.52760893082371 29.5931468912231
7.63466047805259 4.36613344076093 29.4751987593994
7.6383893261712 4.20465795069815 29.3572506275757
7.64211817428982 4.04318246063537 29.2393024957521
7.64584702240843 3.88170697057258 29.1213543639284
7.64957587052705 3.7202314805098 29.0034062321047
7.65330471864566 3.55875599044702 28.8854581002811
7.65703356676427 3.39728050038424 28.7675099684574
7.66076241488289 3.23580501032146 28.6495618366337
7.6644912630015 3.07432952025868 28.5316137048101
7.66822011112012 2.91285403019589 28.4136655729864
7.67194895923873 2.75137854013311 28.2957174411627
7.67567780735735 2.58990305007033 28.1777693093391
7.68184031552455 2.63423316387787 27.9828414649892
7.68576914268816 2.79088758297221 27.8585677457428
7.68969796985176 2.94754200206656 27.7342940264964
7.69362679701536 3.10419642116091 27.61002030725
7.69755562417897 3.26085084025526 27.4857465880036
7.70148445134257 3.4175052593496 27.3614728687572
7.70541327850618 3.57415967844394 27.2371991495108
7.70934210566978 3.73081409753829 27.1129254302644
7.71327093283339 3.88746851663263 26.988651711018
7.71719975999699 4.04412293572698 26.8643779917716
7.72112858716059 4.20077735482133 26.7401042725252
7.7250574143242 4.35743177391568 26.6158305532789
7.7289862414878 4.51408619301002 26.4915568340325
7.73291506865141 4.67074061210437 26.3672831147861
7.73684389581501 4.82739503119871 26.2430093955397
7.74077272297861 4.98404945029306 26.1187356762933
7.74470155014222 5.14070386938741 25.9944619570469
7.74863037730582 5.29735828848175 25.8701882378005
7.75255920446943 5.4540127075761 25.7459145185541
7.75648803163303 5.61066712667045 25.6216407993077
7.76196277740921 5.71057267545512 25.448467739969
7.76607408441046 5.55868063814268 25.3184219551245
7.77018539141171 5.40678860083024 25.1883761702801
7.77429669841296 5.25489656351781 25.0583303854356
7.77840800541421 5.10300452620537 24.9282846005911
7.78251931241547 4.95111248889293 24.7982388157466
7.78663061941672 4.79922045158049 24.6681930309021
7.79074192641797 4.64732841426805 24.5381472460576
7.79485323341922 4.49543637695562 24.4081014612131
7.79896454042047 4.34354433964318 24.2780556763687
7.80307584742172 4.19165230233074 24.1480098915242
7.80718715442297 4.03976026501831 24.0179641066797
7.81129846142422 3.88786822770587 23.8879183218352
7.81540976842547 3.73597619039343 23.7578725369907
7.81952107542672 3.58408415308099 23.6278267521462
7.82363238242798 3.43219211576855 23.4977809673017
7.82774368942923 3.28030007845612 23.3677351824572
7.83185499643048 3.12840804114368 23.2376893976128
7.83596630343173 2.97651600383124 23.1076436127683
7.84007761043298 2.8246239665188 22.9775978279238
7.84418891743423 2.67273192920636 22.8475520430793
7.84830022443548 2.52083989189392 22.7175062582348
7.85368408570972 2.41610444577121 22.5472079894143
7.85724820866643 2.58126350562903 22.434470320579
7.86081233162314 2.74642256548685 22.3217326517436
7.86437645457985 2.91158162534467 22.2089949829083
7.86794057753656 3.07674068520249 22.0962573140729
7.87150470049327 3.24189974506031 21.9835196452375
7.87506882344998 3.40705880491814 21.8707819764022
7.87863294640669 3.57221786477596 21.7580443075668
7.8821970693634 3.73737692463377 21.6453066387315
7.88576119232011 3.9025359844916 21.5325689698961
7.88932531527682 4.06769504434942 21.4198313010608
7.89288943823353 4.23285410420724 21.3070936322254
7.89645356119024 4.39801316406506 21.1943559633901
7.90001768414695 4.56317222392288 21.0816182945547
7.90358180710366 4.7283312837807 20.9688806257194
7.90714593006037 4.89349034363852 20.856142956884
7.91071005301708 5.05864940349634 20.7434052880486
7.91427417597379 5.22380846335416 20.6306676192133
7.9178382989305 5.38896752321198 20.5179299503779
7.92140242188721 5.5541265830698 20.4051922815426
7.92496654484392 5.71928564292762 20.2924546127072
7.92853066780063 5.88444470278544 20.1797169438719
6.82752766246987 4.97366478866639 55.0058196651721
6.83127859840843 4.8127024701187 54.8871728679657
6.83502953434698 4.65174015157102 54.7685260707593
6.83878047028554 4.49077783302333 54.6498792735529
6.84253140622409 4.32981551447564 54.5312324763465
6.84628234216265 4.16885319592795 54.4125856791401
6.8500332781012 4.00789087738027 54.2939388819336
6.85378421403976 3.84692855883257 54.1752920847272
6.85753514997831 3.68596624028489 54.0566452875208
6.86128608591687 3.52500392173721 53.9379984903144
6.86503702185542 3.36404160318953 53.819351693108
6.86878795779398 3.20307928464185 53.7007048959016
6.87417772533894 3.098648523064 53.5302198043479
6.87869234211128 3.23860182897776 53.3874168267906
6.88320695888361 3.37855513489151 53.2446138492334
6.88772157565595 3.51850844080527 53.1018108716762
6.89223619242828 3.65846174671902 52.9590078941189
6.89675080920062 3.79841505263277 52.8162049165617
6.90126542597296 3.93836835854653 52.6734019390045
6.90578004274529 4.07832166446028 52.5305989614472
6.91029465951763 4.21827497037404 52.38779598389
6.91480927628996 4.35822827628779 52.2449930063328
6.9193238930623 4.49818158220153 52.1021900287756
6.92383850983464 4.63813488811529 51.9593870512183
6.92835312660697 4.77808819402904 51.8165840736611
6.93286774337931 4.91804149994279 51.6737810961039
6.93738236015164 5.05799480585654 51.5309781185466
6.94195304565847 5.19611339245924 51.38640161676
6.94576843234801 5.03667543038548 51.2657161616538
6.94958381903755 4.87723746831172 51.1450307065477
6.9533992057271 4.71779950623797 51.0243452514416
6.95721459241664 4.5583615441642 50.9036597963354
6.96102997910619 4.39892358209045 50.7829743412293
6.96484536579573 4.23948562001669 50.6622888861232
6.96866075248528 4.08004765794292 50.541603431017
6.97247613917482 3.92060969586917 50.4209179759109
6.97629152586437 3.76117173379541 50.3002325208048
6.98010691255391 3.60173377172165 50.1795470656986
6.98392229924346 3.44229580964788 50.0588616105925
6.987737685933 3.28285784757411 49.9381761554863
6.99155307262255 3.12341988550035 49.8174907003802
6.99690164023 3.01688875257849 49.6483088144026
7.00083950391358 3.1733157653297 49.523749258722
7.00477736759717 3.3297427780809 49.3991897030415
7.00871523128075 3.48616979083211 49.2746301473609
7.01265309496434 3.64259680358332 49.1500705916803
7.01659095864792 3.79902381633453 49.0255110359997
7.0205288223315 3.95545082908574 48.9009514803192
7.02446668601509 4.11187784183696 48.7763919246386
7.02840454969867 4.26830485458817 48.651832368958
7.03234241338225 4.42473186733938 48.5272728132774
7.03628027706584 4.58115888009058 48.4027132575968
7.04021814074942 4.7375858928418 48.2781537019163
7.04415600443301 4.89401290559301 48.1535941462357
7.04809386811659 5.05043991834422 48.0290345905551
7.05203173180018 5.20686693109543 47.9044750348745
7.05779909458638 5.12509631644774 47.7220461333632
7.06187738307875 4.97231537983245 47.59304476527
7.06595567157112 4.81953444321716 47.4640433971767
7.07003396006349 4.66675350660186 47.3350420290835
7.07411224855586 4.51397256998658 47.2060406609902
7.07819053704823 4.36119163337128 47.077039292897
7.0822688255406 4.20841069675597 46.9480379248038
7.08634711403298 4.05562976014068 46.8190365567105
7.09042540252535 3.90284882352539 46.6900351886173
7.09450369101772 3.75006788691009 46.561033820524
7.09858197951009 3.5972869502948 46.4320324524308
7.10266026800246 3.4445060136795 46.3030310843376
7.10673855649484 3.2917250770642 46.1740297162443
7.11081684498721 3.13894414044891 46.0450283481511
7.11489513347958 2.98616320383362 45.9160269800579
7.12117557417128 3.00842250671274 45.7173687823915
7.12507069252832 3.16591773839085 45.5941613148757
7.12896581088537 3.32341297006896 45.47095384736
7.13286092924241 3.48090820174708 45.3477463798442
7.13675604759946 3.63840343342519 45.2245389123285
7.1406511659565 3.7958986651033 45.1013314448127
7.14454628431354 3.95339389678141 44.978123977297
7.14844140267059 4.11088912845952 44.8549165097812
7.15233652102763 4.26838436013762 44.7317090422655
7.15623163938467 4.42587959181572 44.6085015747498
7.16012675774172 4.58337482349383 44.485294107234
7.16402187609876 4.74087005517193 44.3620866397183
7.16791699445581 4.89836528685005 44.2388791722025
7.17181211281285 5.05586051852816 44.1156717046868
7.17570723116989 5.21335575020627 43.992464237171
7.18191313772972 5.25113888352317 43.796163647359
7.18555009559923 5.08757782669075 43.681122119095
7.18918705346873 4.92401676985832 43.566080590831
7.19282401133824 4.7604557130259 43.451039062567
7.19646096920775 4.59689465619348 43.335997534303
7.20009792707726 4.43333359936105 43.220956006039
7.20373488494676 4.26977254252863 43.105914477775
7.20737184281627 4.10621148569621 42.990872949511
7.21100880068578 3.94265042886379 42.875831421247
7.21464575855528 3.77908937203137 42.760789892983
7.21828271642479 3.61552831519895 42.645748364719
7.2219196742943 3.45196725836653 42.530706836455
7.22555663216381 3.28840620153411 42.415665308191
7.22919359003332 3.12484514470169 42.300623779927
7.23283054790282 2.96128408786926 42.185582251663
7.2386302241208 2.88183543425713 42.0021312358714
7.24232145500312 3.04417423277703 41.8853729843013
7.24601268588544 3.20651303129693 41.7686147327313
7.24970391676777 3.36885182981682 41.6518564811613
7.25339514765009 3.53119062833672 41.5350982295912
7.25708637853241 3.69352942685661 41.4183399780212
7.26077760941473 3.85586822537651 41.3015817264512
7.26446884029705 4.0182070238964 41.1848234748812
7.26816007117937 4.18054582241629 41.0680652233111
7.2718513020617 4.34288462093619 40.9513069717411
7.27554253294402 4.50522341945608 40.8345487201711
7.27923376382634 4.66756221797597 40.717790468601
7.28292499470866 4.82990101649586 40.601032217031
7.28661622559098 4.99223981501577 40.484273965461
7.2903074564733 5.15457861353566 40.367515713891
7.29399868735563 5.31691741205556 40.2507574623209
7.30018991436274 5.27679473670448 40.0549212051293
7.3035048261278 5.10651707872562 39.9500663981188
7.30681973789286 4.93623942074675 39.8452115911082
7.31013464965792 4.76596176276789 39.7403567840976
7.31344956142298 4.59568410478902 39.635501977087
7.31676447318804 4.42540644681015 39.5306471700764
7.3200793849531 4.2551287888313 39.4257923630659
7.32339429671816 4.08485113085243 39.3209375560553
7.32670920848322 3.91457347287357 39.2160827490447
7.33002412024828 3.74429581489472 39.1112279420341
7.33333903201334 3.57401815691587 39.0063731350236
7.3366539437784 3.403740498937 38.901518328013
7.33996885554346 3.23346284095815 38.7966635210024
7.34328376730852 3.06318518297928 38.6918087139918
7.34659867907358 2.89290752500043 38.5869539069813
7.35226643272061 2.80443591849166 38.4076757671807
7.35606654290848 2.96423886152806 38.2874735269376
7.35986665309636 3.12404180456446 38.1672712866945
7.36366676328423 3.28384474760087 38.0470690464514
7.3674668734721 3.44364769063728 37.9268668062082
7.37126698365998 3.60345063367368 37.8066645659651
7.37506709384785 3.76325357671009 37.686462325722
7.37886720403572 3.9230565197465 37.5662600854789
7.3826673142236 4.08285946278291 37.4460578452358
7.38646742441147 4.24266240581932 37.3258556049927
7.39026753459935 4.40246534885572 37.2056533647496
7.39406764478722 4.56226829189213 37.0854511245064
7.39786775497509 4.72207123492854 36.9652488842633
7.40166786516297 4.88187417796495 36.8450466440202
7.40546797535084 5.04167712100136 36.7248444037771
7.40926808553872 5.20148006403777 36.604642163534
7.41306819572659 5.36128300707418 36.4844399232909
7.41763649940172 5.49948049234568 36.3399387618209
7.42103366428611 5.33083428419279 36.2324821857243
7.4244308291705 5.1621880760399 36.1250256096278
7.42782799405489 4.99354186788701 36.0175690335312
7.43122515893927 4.82489565973413 35.9101124574346
7.43462232382366 4.65624945158124 35.802655881338
7.43801948870805 4.48760324342835 35.6951993052414
7.44141665359244 4.31895703527546 35.5877427291449
7.44481381847683 4.15031082712257 35.4802861530483
7.44821098336122 3.98166461896968 35.3728295769517
7.4516081482456 3.81301841081679 35.2653730008551
7.45500531312999 3.64437220266389 35.1579164247585
7.45840247801438 3.475725994511 35.0504598486619
7.46179964289877 3.30707978635812 34.9430032725653
7.46519680778316 3.13843357820523 34.8355466964688
7.46859397266755 2.96978737005234 34.7280901203722
7.47199113755193 2.80114116189945 34.6206335442756
7.47817338398811 2.75965477110172 34.4250813537801
7.4815349443897 2.9290140167329 34.3187509920253
7.4848965047913 3.09837326236408 34.2124206302706
7.4882580651929 3.26773250799526 34.1060902685158
7.4916196255945 3.43709175362644 33.999759906761
7.4949811859961 3.60645099925763 33.8934295450062
7.4983427463977 3.77581024488881 33.7870991832514
7.50170430679929 3.94516949052 33.6807688214966
7.50506586720089 4.11452873615118 33.5744384597418
7.50842742760249 4.28388798178237 33.468108097987
7.51178898800409 4.45324722741355 33.3617777362323
7.51515054840569 4.62260647304473 33.2554473744775
7.51851210880729 4.79196571867591 33.1491170127227
7.52187366920888 4.9613249643071 33.0427866509679
7.52523522961048 5.13068420993828 32.9364562892131
7.52859679001208 5.30004345556946 32.8301259274583
7.53195835041368 5.46940270120063 32.7237955657035
7.53826523133612 5.45666874427934 32.5243010304547
7.54196104070787 5.29443430876246 32.4073979555353
7.54565685007961 5.13219987324558 32.2904948806159
7.54935265945135 4.9699654377287 32.1735918056965
7.55304846882309 4.80773100221183 32.0566887307771
7.55674427819484 4.64549656669496 31.9397856558577
7.56044008756658 4.48326213117808 31.8228825809383
7.56413589693832 4.32102769566121 31.7059795060189
7.56783170631007 4.15879326014434 31.5890764310995
7.57152751568181 3.99655882462747 31.4721733561801
7.57522332505355 3.83432438911059 31.3552702812607
7.57891913442529 3.67208995359372 31.2383672063413
7.58261494379704 3.50985551807685 31.1214641314219
7.58631075316878 3.34762108255997 31.0045610565025
7.59000656254052 3.18538664704311 30.8876579815831
7.59370237191227 3.02315221152624 30.7707549066637
7.59739818128401 2.86091777600936 30.6538518317443
7.60109399065575 2.69868334049248 30.5369487568249
7.60482969310367 2.53736659984931 30.4187838139887
7.60855854122228 2.69884208991209 30.3008356821651
7.6122873893409 2.86031757997487 30.1828875503414
7.61601623745951 3.02179307003766 30.0649394185177
7.61974508557813 3.18326856010044 29.9469912866941
7.62347393369674 3.34474405016322 29.8290431548704
7.62720278181536 3.506219540226 29.7110950230467
7.63093162993397 3.66769503028878 29.5931468912231
7.63466047805259 3.82917052035156 29.4751987593994
7.6383893261712 3.99064601041434 29.3572506275757
7.64211817428982 4.15212150047712 29.2393024957521
7.64584702240843 4.31359699053991 29.1213543639284
7.64957587052705 4.47507248060269 29.0034062321047
7.65330471864566 4.63654797066547 28.8854581002811
7.65703356676427 4.79802346072825 28.7675099684574
7.66076241488289 4.95949895079103 28.6495618366337
7.6644912630015 5.12097444085381 28.5316137048101
7.66822011112012 5.28244993091659 28.4136655729864
7.67194895923873 5.44392542097937 28.2957174411627
7.67567780735735 5.60540091104215 28.1777693093391
7.68184031552455 5.56107079723462 27.9828414649892
7.68576914268816 5.40441637814027 27.8585677457428
7.68969796985176 5.24776195904592 27.7342940264964
7.69362679701536 5.09110753995157 27.61002030725
7.69755562417897 4.93445312085723 27.4857465880036
7.70148445134257 4.77779870176288 27.3614728687572
7.70541327850618 4.62114428266853 27.2371991495108
7.70934210566978 4.46448986357419 27.1129254302644
7.71327093283339 4.30783544447985 26.988651711018
7.71719975999699 4.1511810253855 26.8643779917716
7.72112858716059 3.99452660629116 26.7401042725252
7.7250574143242 3.83787218719681 26.6158305532789
7.7289862414878 3.68121776810246 26.4915568340325
7.73291506865141 3.52456334900812 26.3672831147861
7.73684389581501 3.36790892991377 26.2430093955397
7.74077272297861 3.21125451081942 26.1187356762933
7.74470155014222 3.05460009172508 25.9944619570469
7.74863037730582 2.89794567263073 25.8701882378005
7.75255920446943 2.74129125353638 25.7459145185541
7.75648803163303 2.58463683444204 25.6216407993077
7.76196277740921 2.48473128565735 25.448467739969
7.76607408441046 2.63662332296979 25.3184219551246
7.77018539141171 2.78851536028222 25.1883761702801
7.77429669841296 2.94040739759466 25.0583303854356
7.77840800541421 3.09229943490709 24.9282846005911
7.78251931241546 3.24419147221953 24.7982388157466
7.78663061941672 3.39608350953197 24.6681930309021
7.79074192641797 3.54797554684441 24.5381472460576
7.79485323341922 3.69986758415685 24.4081014612131
7.79896454042047 3.85175962146929 24.2780556763687
7.80307584742172 4.00365165878173 24.1480098915242
7.80718715442297 4.15554369609417 24.0179641066797
7.81129846142422 4.3074357334066 23.8879183218352
7.81540976842547 4.45932777071904 23.7578725369907
7.81952107542672 4.61121980803148 23.6278267521462
7.82363238242798 4.76311184534392 23.4977809673017
7.82774368942923 4.91500388265636 23.3677351824573
7.83185499643048 5.0668959199688 23.2376893976128
7.83596630343173 5.21878795728123 23.1076436127683
7.84007761043298 5.37067999459367 22.9775978279238
7.84418891743423 5.52257203190611 22.8475520430793
7.84830022443548 5.67446406921855 22.7175062582348
7.85368408570972 5.77919951534126 22.5472079894143
7.85724820866643 5.61404045548344 22.434470320579
7.86081233162314 5.44888139562562 22.3217326517436
7.86437645457985 5.2837223357678 22.2089949829083
7.86794057753656 5.11856327590998 22.0962573140729
7.87150470049327 4.95340421605216 21.9835196452375
7.87506882344998 4.78824515619435 21.8707819764022
7.87863294640669 4.62308609633653 21.7580443075668
7.8821970693634 4.45792703647871 21.6453066387315
7.88576119232011 4.29276797662088 21.5325689698961
7.88932531527682 4.12760891676306 21.4198313010608
7.89288943823353 3.96244985690524 21.3070936322254
7.89645356119024 3.79729079704742 21.1943559633901
7.90001768414695 3.6321317371896 21.0816182945547
7.90358180710366 3.46697267733177 20.9688806257193
7.90714593006037 3.30181361747395 20.856142956884
7.91071005301708 3.13665455761613 20.7434052880486
7.91427417597379 2.97149549775831 20.6306676192133
7.9178382989305 2.8063364379005 20.5179299503779
7.92140242188721 2.64117737804268 20.4051922815426
7.92496654484392 2.47601831818485 20.2924546127072
7.92853066780063 2.31085925832704 20.1797169438719
4.85456423581324 3.2216391724461 55.0058196651721
4.85081329987469 3.38260149099378 54.8871728679657
4.84706236393613 3.54356380954146 54.7685260707593
4.84331142799758 3.70452612808915 54.6498792735529
4.83956049205902 3.86548844663684 54.5312324763465
4.83580955612047 4.02645076518453 54.4125856791401
4.83205862018191 4.18741308373222 54.2939388819336
4.82830768424336 4.34837540227991 54.1752920847272
4.82455674830481 4.50933772082759 54.0566452875208
4.82080581236625 4.67030003937527 53.9379984903144
4.81705487642769 4.83126235792296 53.819351693108
4.81330394048914 4.99222467647065 53.7007048959016
4.80791417294418 5.09665543804845 53.5302198043478
4.80339955617184 4.9567021321347 53.3874168267906
4.79888493939951 4.81674882622095 53.2446138492334
4.79437032262717 4.6767955203072 53.1018108716762
4.78985570585483 4.53684221439344 52.9590078941189
4.7853410890825 4.39688890847969 52.8162049165617
4.78082647231016 4.25693560256593 52.6734019390044
4.77631185553783 4.11698229665218 52.5305989614472
4.77179723876549 3.97702899073842 52.38779598389
4.76728262199315 3.83707568482466 52.2449930063327
4.76276800522082 3.69712237891091 52.1021900287755
4.75825338844848 3.55716907299717 51.9593870512183
4.75373877167615 3.41721576708342 51.8165840736611
4.74922415490381 3.27726246116967 51.6737810961039
4.74470953813147 3.13730915525593 51.5309781185466
4.74013885262465 2.99919056865319 51.38640161676
4.73632346593511 3.15862853072696 51.2657161616539
4.73250807924556 3.31806649280072 51.1450307065477
4.72869269255602 3.47750445487449 51.0243452514416
4.72487730586647 3.63694241694825 50.9036597963354
4.72106191917693 3.79638037902201 50.7829743412293
4.71724653248739 3.95581834109578 50.6622888861232
4.71343114579784 4.11525630316955 50.541603431017
4.7096157591083 4.2746942652433 50.4209179759109
4.70580037241875 4.43413222731705 50.3002325208048
4.70198498572921 4.59357018939082 50.1795470656986
4.69816959903966 4.7530081514646 50.0588616105925
4.69435421235012 4.91244611353835 49.9381761554864
4.69053882566057 5.07188407561211 49.8174907003802
4.68519025805312 5.1784152085341 49.6483088144027
4.68125239436954 5.02198819578289 49.5237492587221
4.67731453068596 4.86556118303168 49.3991897030415
4.67337666700237 4.70913417028047 49.274630147361
4.66943880331879 4.55270715752926 49.1500705916804
4.6655009396352 4.39628014477805 49.0255110359998
4.66156307595162 4.23985313202684 48.9009514803192
4.65762521226803 4.08342611927562 48.7763919246386
4.65368734858445 3.92699910652441 48.6518323689581
4.64974948490087 3.7705720937732 48.5272728132775
4.64581162121728 3.61414508102199 48.4027132575969
4.6418737575337 3.45771806827078 48.2781537019163
4.63793589385011 3.30129105551957 48.1535941462358
4.63399803016653 3.14486404276836 48.0290345905552
4.63006016648295 2.98843703001716 47.9044750348746
4.62429280369674 3.07020764466471 47.7220461333632
4.62021451520437 3.22298858128001 47.59304476527
4.616136226712 3.3757695178953 47.4640433971767
4.61205793821963 3.5285504545106 47.3350420290835
4.60797964972726 3.68133139112589 47.2060406609903
4.60390136123489 3.83411232774118 47.077039292897
4.59982307274251 3.98689326435648 46.9480379248038
4.59574478425014 4.13967420097177 46.8190365567105
4.59166649575777 4.29245513758707 46.6900351886173
4.5875882072654 4.44523607420237 46.5610338205241
4.58350991877303 4.59801701081765 46.4320324524308
4.57943163028066 4.75079794743294 46.3030310843376
4.57535334178829 4.90357888404824 46.1740297162444
4.57127505329591 5.05635982066354 46.0450283481511
4.56719676480354 5.20914075727884 45.9160269800579
4.56091632411184 5.18688145439975 45.7173687823915
4.5570212057548 5.02938622272164 45.5941613148757
4.55312608739775 4.87189099104353 45.47095384736
4.54923096904071 4.71439575936541 45.3477463798442
4.54533585068366 4.55690052768731 45.2245389123285
4.54144073232662 4.3994052960092 45.1013314448128
4.53754561396958 4.24191006433109 44.978123977297
4.53365049561253 4.08441483265298 44.8549165097813
4.52975537725549 3.92691960097487 44.7317090422655
4.52586025889844 3.76942436929676 44.6085015747498
4.5219651405414 3.61192913761866 44.485294107234
4.51807002218436 3.45443390594055 44.3620866397183
4.51417490382731 3.29693867426244 44.2388791722025
4.51027978547027 3.13944344258433 44.1156717046868
4.50638466711322 2.98194821090622 43.992464237171
4.5001787605534 2.94416507758929 43.7961636473591
4.49654180268389 3.10772613442172 43.6811221190951
4.49290484481439 3.27128719125414 43.566080590831
4.48926788694488 3.43484824808656 43.451039062567
4.48563092907537 3.59840930491898 43.335997534303
4.48199397120586 3.7619703617514 43.220956006039
4.47835701333636 3.92553141858382 43.105914477775
4.47472005546685 4.08909247541624 42.9908729495111
4.47108309759734 4.25265353224866 42.875831421247
4.46744613972783 4.41621458908109 42.760789892983
4.46380918185833 4.57977564591351 42.645748364719
4.46017222398882 4.74333670274593 42.530706836455
4.45653526611931 4.90689775957836 42.415665308191
4.4528983082498 5.07045881641078 42.300623779927
4.4492613503803 5.2340198732432 42.185582251663
4.44346167416232 5.31346852685543 42.0021312358714
4.43977044328 5.15112972833554 41.8853729843014
4.43607921239768 4.98879092981565 41.7686147327314
4.43238798151535 4.82645213129575 41.6518564811613
4.42869675063303 4.66411333277586 41.5350982295913
4.42500551975071 4.50177453425596 41.4183399780213
4.42131428886839 4.33943573573607 41.3015817264513
4.41762305798607 4.17709693721617 41.1848234748812
4.41393182710375 4.01475813869627 41.0680652233112
4.41024059622142 3.85241934017637 40.9513069717412
4.4065493653391 3.69008054165647 40.8345487201711
4.40285813445678 3.52774174313658 40.7177904686011
4.39916690357446 3.36540294461668 40.6010322170311
4.39547567269214 3.20306414609679 40.484273965461
4.39178444180981 3.0407253475769 40.367515713891
4.38809321092749 2.87838654905699 40.250757462321
4.38190198392038 2.91850922440799 40.0549212051293
4.37858707215532 3.08878688238686 39.9500663981188
4.37527216039026 3.25906454036572 39.8452115911082
4.3719572486252 3.42934219834458 39.7403567840976
4.36864233686014 3.59961985632344 39.635501977087
4.36532742509508 3.7698975143023 39.5306471700764
4.36201251333002 3.94017517228116 39.4257923630659
4.35869760156496 4.11045283026003 39.3209375560553
4.3553826897999 4.28073048823889 39.2160827490447
4.35206777803484 4.45100814621776 39.1112279420341
4.34875286626978 4.62128580419662 39.0063731350236
4.34543795450472 4.79156346217548 38.901518328013
4.34212304273966 4.96184112015434 38.7966635210024
4.3388081309746 5.1321187781332 38.6918087139918
4.33549321920954 5.30239643611206 38.5869539069813
4.32982546556251 5.39086804262083 38.4076757671807
4.32602535537464 5.23106509958442 38.2874735269376
4.32222524518676 5.071262156548 38.1672712866945
4.31842513499889 4.9114592135116 38.0470690464513
4.31462502481102 4.7516562704752 37.9268668062082
4.31082491462314 4.59185332743879 37.8066645659651
4.30702480443527 4.43205038440239 37.686462325722
4.30322469424739 4.27224744136598 37.5662600854789
4.29942458405952 4.11244449832957 37.4460578452358
4.29562447387165 3.95264155529315 37.3258556049927
4.29182436368377 3.79283861225674 37.2056533647496
4.2880242534959 3.63303566922034 37.0854511245064
4.28422414330803 3.47323272618393 36.9652488842633
4.28042403312015 3.31342978314752 36.8450466440202
4.27662392293228 3.15362684011111 36.7248444037771
4.2728238127444 2.99382389707471 36.604642163534
4.26902370255653 2.8340209540383 36.4844399232909
4.2644553988814 2.69582346876678 36.3399387618209
4.26105823399701 2.86446967691967 36.2324821857244
4.25766106911262 3.03311588507256 36.1250256096278
4.25426390422823 3.20176209322545 36.0175690335312
4.25086673934385 3.37040830137834 35.9101124574346
4.24746957445946 3.53905450953124 35.802655881338
4.24407240957507 3.70770071768414 35.6951993052414
4.24067524469068 3.87634692583702 35.5877427291448
4.23727807980629 4.04499313398992 35.4802861530483
4.2338809149219 4.21363934214281 35.3728295769517
4.23048375003752 4.3822855502957 35.2653730008551
4.22708658515313 4.55093175844859 35.1579164247585
4.22368942026874 4.71957796660148 35.0504598486619
4.22029225538435 4.88822417475437 34.9430032725653
4.21689509049996 5.05687038290726 34.8355466964688
4.21349792561557 5.22551659106015 34.7280901203722
4.21010076073119 5.39416279921305 34.6206335442756
4.20391851429501 5.43564919001073 34.4250813537801
4.20055695389341 5.26628994437955 34.3187509920253
4.19719539349182 5.09693069874837 34.2124206302705
4.19383383309022 4.92757145311718 34.1060902685158
4.19047227268862 4.75821220748601 33.999759906761
4.18711071228702 4.58885296185483 33.8934295450062
4.18374915188542 4.41949371622365 33.7870991832514
4.18038759148382 4.25013447059246 33.6807688214966
4.17702603108223 4.08077522496128 33.5744384597418
4.17366447068063 3.9114159793301 33.468108097987
4.17030291027903 3.74205673369892 33.3617777362322
4.16694134987743 3.57269748806774 33.2554473744775
4.16357978947583 3.40333824243656 33.1491170127227
4.16021822907423 3.23397899680538 33.0427866509679
4.15685666867264 3.06461975117419 32.9364562892131
4.15349510827104 2.89526050554302 32.8301259274583
4.15013354786944 2.72590125991184 32.7237955657035
4.143826666947 2.73863521683317 32.5243010304547
4.14013085757525 2.90086965235005 32.4073979555353
4.13643504820351 3.06310408786692 32.2904948806159
4.13273923883177 3.22533852338379 32.1735918056965
4.12904342946002 3.38757295890066 32.0566887307771
4.12534762008828 3.54980739441754 31.9397856558577
4.12165181071654 3.7120418299344 31.8228825809383
4.11795600134479 3.87427626545128 31.7059795060189
4.11426019197305 4.03651070096815 31.5890764310995
4.11056438260131 4.19874513648503 31.4721733561801
4.10686857322957 4.3609795720019 31.3552702812607
4.10317276385782 4.52321400751877 31.2383672063413
4.09947695448608 4.68544844303565 31.1214641314219
4.09578114511434 4.84768287855252 31.0045610565025
4.0920853357426 5.00991731406939 30.8876579815831
4.08838952637085 5.17215174958626 30.7707549066637
4.08469371699911 5.33438618510313 30.6538518317443
4.08099790762737 5.49662062062 30.5369487568249
4.07726220517945 5.65793736126317 30.4187838139887
4.07353335706083 5.49646187120039 30.3008356821651
4.06980450894222 5.33498638113761 30.1828875503414
4.0660756608236 5.17351089107483 30.0649394185177
4.06234681270499 5.01203540101205 29.9469912866941
4.05861796458638 4.85055991094928 29.8290431548704
4.05488911646776 4.68908442088649 29.7110950230467
4.05116026834915 4.52760893082371 29.5931468912231
4.04743142023053 4.36613344076093 29.4751987593994
4.04370257211192 4.20465795069815 29.3572506275757
4.0399737239933 4.04318246063537 29.2393024957521
4.03624487587469 3.88170697057259 29.1213543639284
4.03251602775607 3.72023148050981 29.0034062321047
4.02878717963746 3.55875599044703 28.8854581002811
4.02505833151884 3.39728050038425 28.7675099684574
4.02132948340023 3.23580501032147 28.6495618366337
4.01760063528161 3.07432952025869 28.5316137048101
4.013871787163 2.9128540301959 28.4136655729864
4.01014293904439 2.75137854013312 28.2957174411627
4.00641409092577 2.58990305007034 28.1777693093391
4.00025158275857 2.63423316387786 27.9828414649892
3.99632275559496 2.79088758297221 27.8585677457428
3.99239392843136 2.94754200206656 27.7342940264964
3.98846510126775 3.10419642116091 27.61002030725
3.98453627410415 3.26085084025526 27.4857465880036
3.98060744694055 3.41750525934961 27.3614728687572
3.97667861977694 3.57415967844395 27.2371991495108
3.97274979261334 3.73081409753829 27.1129254302644
3.96882096544973 3.88746851663263 26.988651711018
3.96489213828613 4.04412293572698 26.8643779917716
3.96096331112253 4.20077735482133 26.7401042725252
3.95703448395892 4.35743177391567 26.6158305532789
3.95310565679532 4.51408619301003 26.4915568340325
3.94917682963171 4.67074061210437 26.3672831147861
3.94524800246811 4.82739503119871 26.2430093955397
3.9413191753045 4.98404945029306 26.1187356762933
3.9373903481409 5.14070386938741 25.9944619570469
3.9334615209773 5.29735828848175 25.8701882378005
3.92953269381369 5.4540127075761 25.7459145185541
3.92560386665009 5.61066712667045 25.6216407993077
3.92012912087391 5.7105726754551 25.448467739969
3.91601781387266 5.55868063814266 25.3184219551245
3.91190650687141 5.40678860083023 25.18837617028
3.90779519987016 5.25489656351779 25.0583303854356
3.9036838928689 5.10300452620535 24.9282846005911
3.89957258586765 4.95111248889291 24.7982388157466
3.8954612788664 4.79922045158048 24.6681930309021
3.89134997186515 4.64732841426804 24.5381472460576
3.8872386648639 4.4954363769556 24.4081014612131
3.88312735786265 4.34354433964316 24.2780556763686
3.8790160508614 4.19165230233073 24.1480098915242
3.87490474386015 4.03976026501829 24.0179641066797
3.8707934368589 3.88786822770586 23.8879183218352
3.86668212985765 3.73597619039342 23.7578725369907
3.86257082285639 3.58408415308098 23.6278267521462
3.85845951585514 3.43219211576855 23.4977809673017
3.85434820885389 3.28030007845611 23.3677351824572
3.85023690185264 3.12840804114367 23.2376893976128
3.84612559485139 2.97651600383124 23.1076436127683
3.84201428785014 2.8246239665188 22.9775978279238
3.83790298084889 2.67273192920636 22.8475520430793
3.83379167384764 2.52083989189392 22.7175062582348
3.82840781257339 2.41610444577121 22.5472079894143
3.82484368961669 2.58126350562903 22.434470320579
3.82127956665998 2.74642256548685 22.3217326517436
3.81771544370327 2.91158162534467 22.2089949829083
3.81415132074656 3.07674068520249 22.0962573140729
3.81058719778985 3.24189974506031 21.9835196452375
3.80702307483314 3.40705880491813 21.8707819764022
3.80345895187643 3.57221786477595 21.7580443075668
3.79989482891972 3.73737692463377 21.6453066387315
3.79633070596301 3.9025359844916 21.5325689698961
3.7927665830063 4.06769504434942 21.4198313010608
3.78920246004959 4.23285410420724 21.3070936322254
3.78563833709288 4.39801316406506 21.1943559633901
3.78207421413617 4.56317222392288 21.0816182945547
3.77851009117946 4.7283312837807 20.9688806257193
3.77494596822275 4.89349034363852 20.856142956884
3.77138184526604 5.05864940349634 20.7434052880486
3.76781772230933 5.22380846335416 20.6306676192133
3.76425359935262 5.38896752321198 20.5179299503779
3.76068947639591 5.5541265830698 20.4051922815426
3.7571253534392 5.71928564292762 20.2924546127072
3.75356123048249 5.88444470278544 20.1797169438719
4.85456423581324 4.97366478866638 55.0058196651721
4.85081329987469 4.8127024701187 54.8871728679657
4.84706236393613 4.651740151571 54.7685260707593
4.84331142799758 4.49077783302332 54.6498792735529
4.83956049205902 4.32981551447564 54.5312324763465
4.83580955612047 4.16885319592795 54.4125856791401
4.83205862018191 4.00789087738028 54.2939388819336
4.82830768424336 3.8469285588326 54.1752920847272
4.82455674830481 3.68596624028491 54.0566452875208
4.82080581236625 3.52500392173721 53.9379984903144
4.8170548764277 3.36404160318953 53.819351693108
4.81330394048914 3.20307928464184 53.7007048959016
4.80791417294418 3.09864852306403 53.5302198043478
4.80339955617184 3.23860182897779 53.3874168267906
4.79888493939951 3.37855513489154 53.2446138492334
4.79437032262717 3.5185084408053 53.1018108716761
4.78985570585483 3.65846174671905 52.9590078941189
4.7853410890825 3.79841505263281 52.8162049165617
4.78082647231016 3.93836835854657 52.6734019390044
4.77631185553783 4.07832166446032 52.5305989614472
4.77179723876549 4.21827497037407 52.38779598389
4.76728262199315 4.35822827628782 52.2449930063327
4.76276800522082 4.49818158220157 52.1021900287755
4.75825338844848 4.6381348881153 51.9593870512183
4.75373877167615 4.77808819402905 51.8165840736611
4.74922415490381 4.91804149994279 51.6737810961039
4.74470953813147 5.05799480585655 51.5309781185466
4.74013885262465 5.19611339245926 51.38640161676
4.73632346593511 5.0366754303855 51.2657161616538
4.73250807924556 4.87723746831173 51.1450307065477
4.72869269255602 4.71779950623797 51.0243452514416
4.72487730586647 4.55836154416421 50.9036597963354
4.72106191917693 4.39892358209045 50.7829743412293
4.71724653248738 4.23948562001668 50.6622888861232
4.71343114579784 4.08004765794292 50.541603431017
4.70961575910829 3.92060969586915 50.4209179759109
4.70580037241875 3.7611717337954 50.3002325208047
4.7019849857292 3.60173377172164 50.1795470656986
4.69816959903966 3.44229580964787 50.0588616105925
4.69435421235011 3.2828578475741 49.9381761554863
4.69053882566057 3.12341988550034 49.8174907003802
4.68519025805312 3.01688875257863 49.6483088144025
4.68125239436953 3.17331576532984 49.5237492587219
4.67731453068595 3.32974277808105 49.3991897030413
4.67337666700236 3.48616979083226 49.2746301473608
4.66943880331878 3.64259680358347 49.1500705916802
4.6655009396352 3.79902381633468 49.0255110359996
4.66156307595161 3.95545082908589 48.900951480319
4.65762521226803 4.1118778418371 48.7763919246385
4.65368734858444 4.26830485458831 48.6518323689579
4.64974948490086 4.42473186733953 48.5272728132773
4.64581162121728 4.58115888009074 48.4027132575967
4.64187375753369 4.73758589284195 48.2781537019161
4.63793589385011 4.89401290559317 48.1535941462355
4.63399803016652 5.05043991834438 48.029034590555
4.63006016648294 5.20686693109559 47.9044750348744
4.62429280369674 5.1250963164477 47.7220461333632
4.62021451520437 4.97231537983241 47.5930447652699
4.616136226712 4.81953444321712 47.4640433971767
4.61205793821963 4.66675350660183 47.3350420290834
4.60797964972726 4.51397256998654 47.2060406609902
4.60390136123489 4.36119163337124 47.077039292897
4.59982307274251 4.20841069675595 46.9480379248037
4.59574478425014 4.05562976014066 46.8190365567105
4.59166649575777 3.90284882352536 46.6900351886173
4.5875882072654 3.75006788691007 46.561033820524
4.58350991877303 3.59728695029477 46.4320324524308
4.57943163028066 3.44450601367948 46.3030310843375
4.57535334178828 3.29172507706418 46.1740297162443
4.57127505329591 3.13894414044888 46.0450283481511
4.56719676480354 2.98616320383359 45.9160269800578
4.56091632411184 3.00842250671277 45.7173687823915
4.55702120575479 3.16591773839088 45.5941613148757
4.55312608739775 3.32341297006899 45.47095384736
4.54923096904071 3.4809082017471 45.3477463798442
4.54533585068366 3.63840343342521 45.2245389123285
4.54144073232662 3.79589866510332 45.1013314448127
4.53754561396957 3.95339389678143 44.978123977297
4.53365049561253 4.11088912845954 44.8549165097812
4.52975537725549 4.26838436013765 44.7317090422655
4.52586025889844 4.42587959181576 44.6085015747497
4.5219651405414 4.58337482349386 44.485294107234
4.51807002218436 4.74087005517198 44.3620866397182
4.51417490382731 4.89836528685008 44.2388791722025
4.51027978547027 5.05586051852819 44.1156717046868
4.50638466711322 5.2133557502063 43.992464237171
4.5001787605534 5.25113888352313 43.796163647359
4.49654180268389 5.08757782669071 43.681122119095
4.49290484481438 4.92401676985829 43.566080590831
4.48926788694488 4.76045571302587 43.451039062567
4.48563092907537 4.59689465619345 43.335997534303
4.48199397120586 4.43333359936103 43.220956006039
4.47835701333636 4.26977254252861 43.105914477775
4.47472005546685 4.10621148569619 42.990872949511
4.47108309759734 3.94265042886377 42.875831421247
4.46744613972783 3.77908937203135 42.760789892983
4.46380918185833 3.61552831519893 42.645748364719
4.46017222398882 3.45196725836651 42.530706836455
4.45653526611931 3.28840620153409 42.415665308191
4.4528983082498 3.12484514470167 42.300623779927
4.4492613503803 2.96128408786925 42.185582251663
4.44346167416232 2.88183543425721 42.0021312358713
4.43977044327999 3.0441742327771 41.8853729843013
4.43607921239767 3.206513031297 41.7686147327313
4.43238798151535 3.36885182981689 41.6518564811612
4.42869675063303 3.53119062833678 41.5350982295912
4.42500551975071 3.69352942685667 41.4183399780212
4.42131428886839 3.85586822537656 41.3015817264511
4.41762305798606 4.01820702389646 41.1848234748811
4.41393182710374 4.18054582241636 41.0680652233111
4.41024059622142 4.34288462093626 40.9513069717411
4.4065493653391 4.50522341945615 40.834548720171
4.40285813445678 4.66756221797604 40.717790468601
4.39916690357446 4.82990101649593 40.601032217031
4.39547567269213 4.99223981501583 40.4842739654609
4.39178444180981 5.15457861353573 40.3675157138909
4.38809321092749 5.31691741205562 40.2507574623209
4.38190198392038 5.27679473670443 40.0549212051293
4.37858707215532 5.10651707872557 39.9500663981187
4.37527216039026 4.93623942074671 39.8452115911081
4.3719572486252 4.76596176276785 39.7403567840976
4.36864233686014 4.59568410478899 39.635501977087
4.36532742509508 4.42540644681014 39.5306471700764
4.36201251333002 4.25512878883129 39.4257923630659
4.35869760156496 4.08485113085243 39.3209375560553
4.3553826897999 3.91457347287358 39.2160827490447
4.35206777803484 3.74429581489472 39.1112279420341
4.34875286626978 3.57401815691586 39.0063731350236
4.34543795450472 3.40374049893701 38.901518328013
4.34212304273966 3.23346284095815 38.7966635210024
4.3388081309746 3.06318518297929 38.6918087139918
4.33549321920954 2.89290752500043 38.5869539069813
4.32982546556251 2.80443591849166 38.4076757671807
4.32602535537464 2.96423886152806 38.2874735269376
4.32222524518676 3.12404180456447 38.1672712866945
4.31842513499889 3.28384474760087 38.0470690464514
4.31462502481102 3.44364769063728 37.9268668062082
4.31082491462314 3.60345063367368 37.8066645659651
4.30702480443527 3.76325357671009 37.686462325722
4.30322469424739 3.9230565197465 37.5662600854789
4.29942458405952 4.0828594627829 37.4460578452358
4.29562447387165 4.24266240581931 37.3258556049927
4.29182436368377 4.40246534885572 37.2056533647496
4.2880242534959 4.56226829189213 37.0854511245064
4.28422414330803 4.72207123492854 36.9652488842633
4.28042403312015 4.88187417796495 36.8450466440202
4.27662392293228 5.04167712100136 36.7248444037771
4.2728238127444 5.20148006403777 36.604642163534
4.26902370255653 5.36128300707418 36.4844399232909
4.2644553988814 5.49948049234566 36.3399387618209
4.26105823399701 5.33083428419277 36.2324821857243
4.25766106911262 5.16218807603988 36.1250256096277
4.25426390422823 4.99354186788699 36.0175690335312
4.25086673934384 4.82489565973411 35.9101124574346
4.24746957445946 4.65624945158121 35.802655881338
4.24407240957507 4.48760324342832 35.6951993052414
4.24067524469068 4.31895703527543 35.5877427291448
4.23727807980629 4.15031082712255 35.4802861530483
4.2338809149219 3.98166461896965 35.3728295769517
4.23048375003751 3.81301841081676 35.2653730008551
4.22708658515313 3.64437220266387 35.1579164247585
4.22368942026874 3.47572599451098 35.0504598486619
4.22029225538435 3.30707978635809 34.9430032725653
4.21689509049996 3.1384335782052 34.8355466964688
4.21349792561557 2.96978737005232 34.7280901203722
4.21010076073119 2.80114116189943 34.6206335442756
4.20391851429501 2.75965477110176 34.4250813537801
4.20055695389341 2.92901401673294 34.3187509920253
4.19719539349182 3.09837326236412 34.2124206302705
4.19383383309022 3.26773250799531 34.1060902685157
4.19047227268862 3.43709175362649 33.999759906761
4.18711071228702 3.60645099925767 33.8934295450062
4.18374915188542 3.77581024488884 33.7870991832514
4.18038759148382 3.94516949052002 33.6807688214966
4.17702603108223 4.1145287361512 33.5744384597418
4.17366447068063 4.28388798178238 33.468108097987
4.17030291027903 4.45324722741356 33.3617777362322
4.16694134987743 4.62260647304474 33.2554473744775
4.16357978947583 4.79196571867592 33.1491170127227
4.16021822907423 4.9613249643071 33.0427866509679
4.15685666867264 5.13068420993828 32.9364562892131
4.15349510827104 5.30004345556946 32.8301259274583
4.15013354786944 5.46940270120065 32.7237955657035
4.143826666947 5.45666874427931 32.5243010304547
4.14013085757525 5.29443430876243 32.4073979555353
4.13643504820351 5.13219987324556 32.2904948806159
4.13273923883177 4.96996543772869 32.1735918056965
4.12904342946002 4.80773100221181 32.0566887307771
4.12534762008828 4.64549656669494 31.9397856558577
4.12165181071654 4.48326213117807 31.8228825809383
4.1179560013448 4.3210276956612 31.7059795060189
4.11426019197305 4.15879326014433 31.5890764310995
4.11056438260131 3.99655882462746 31.4721733561801
4.10686857322957 3.83432438911058 31.3552702812607
4.10317276385782 3.67208995359371 31.2383672063413
4.09947695448608 3.50985551807684 31.1214641314219
4.09578114511434 3.34762108255997 31.0045610565025
4.0920853357426 3.18538664704309 30.8876579815831
4.08838952637085 3.02315221152622 30.7707549066637
4.08469371699911 2.86091777600935 30.6538518317443
4.08099790762737 2.69868334049248 30.5369487568249
4.07726220517945 2.5373665998493 30.4187838139887
4.07353335706083 2.69884208991208 30.3008356821651
4.06980450894222 2.86031757997486 30.1828875503414
4.0660756608236 3.02179307003764 30.0649394185177
4.06234681270499 3.18326856010042 29.9469912866941
4.05861796458638 3.34474405016321 29.8290431548704
4.05488911646776 3.50621954022599 29.7110950230467
4.05116026834915 3.66769503028877 29.5931468912231
4.04743142023053 3.82917052035155 29.4751987593994
4.04370257211192 3.99064601041433 29.3572506275757
4.0399737239933 4.15212150047711 29.2393024957521
4.03624487587469 4.31359699053989 29.1213543639284
4.03251602775607 4.47507248060268 29.0034062321047
4.02878717963746 4.63654797066546 28.8854581002811
4.02505833151884 4.79802346072824 28.7675099684574
4.02132948340023 4.95949895079102 28.6495618366337
4.01760063528161 5.1209744408538 28.5316137048101
4.013871787163 5.28244993091659 28.4136655729864
4.01014293904438 5.44392542097938 28.2957174411627
4.00641409092577 5.60540091104216 28.1777693093391
4.00025158275857 5.56107079723461 27.9828414649892
3.99632275559496 5.40441637814026 27.8585677457428
3.99239392843136 5.24776195904591 27.7342940264964
3.98846510126775 5.09110753995157 27.61002030725
3.98453627410415 4.93445312085722 27.4857465880036
3.98060744694055 4.77779870176288 27.3614728687572
3.97667861977694 4.62114428266853 27.2371991495108
3.97274979261334 4.46448986357418 27.1129254302644
3.96882096544973 4.30783544447984 26.988651711018
3.96489213828613 4.15118102538549 26.8643779917716
3.96096331112252 3.99452660629114 26.7401042725252
3.95703448395892 3.83787218719679 26.6158305532788
3.95310565679532 3.68121776810244 26.4915568340325
3.94917682963171 3.52456334900809 26.3672831147861
3.94524800246811 3.36790892991375 26.2430093955397
3.9413191753045 3.2112545108194 26.1187356762933
3.9373903481409 3.05460009172506 25.9944619570469
3.9334615209773 2.89794567263071 25.8701882378005
3.92953269381369 2.74129125353636 25.7459145185541
3.92560386665009 2.58463683444202 25.6216407993077
3.92012912087391 2.4847312856574 25.448467739969
3.91601781387266 2.63662332296984 25.3184219551245
3.91190650687141 2.78851536028227 25.18837617028
3.90779519987015 2.94040739759471 25.0583303854355
3.9036838928689 3.09229943490715 24.9282846005911
3.89957258586765 3.24419147221958 24.7982388157466
3.8954612788664 3.39608350953202 24.6681930309021
3.89134997186515 3.54797554684445 24.5381472460576
3.8872386648639 3.69986758415689 24.4081014612131
3.88312735786265 3.85175962146932 24.2780556763686
3.8790160508614 4.00365165878176 24.1480098915241
3.87490474386015 4.15554369609419 24.0179641066797
3.8707934368589 4.30743573340663 23.8879183218352
3.86668212985764 4.45932777071907 23.7578725369907
3.86257082285639 4.6112198080315 23.6278267521462
3.85845951585514 4.76311184534394 23.4977809673017
3.85434820885389 4.91500388265637 23.3677351824572
3.85023690185264 5.06689591996881 23.2376893976128
3.84612559485139 5.21878795728124 23.1076436127683
3.84201428785014 5.37067999459368 22.9775978279238
3.83790298084889 5.52257203190612 22.8475520430793
3.83379167384764 5.67446406921856 22.7175062582348
3.82840781257339 5.77919951534128 22.5472079894143
3.82484368961669 5.61404045548346 22.434470320579
3.82127956665998 5.44888139562564 22.3217326517436
3.81771544370327 5.28372233576782 22.2089949829083
3.81415132074656 5.11856327591 22.0962573140729
3.81058719778985 4.95340421605218 21.9835196452375
3.80702307483314 4.78824515619436 21.8707819764022
3.80345895187643 4.62308609633654 21.7580443075668
3.79989482891972 4.45792703647872 21.6453066387315
3.79633070596301 4.29276797662089 21.5325689698961
3.7927665830063 4.12760891676307 21.4198313010608
3.78920246004959 3.96244985690525 21.3070936322254
3.78563833709288 3.79729079704743 21.1943559633901
3.78207421413617 3.63213173718961 21.0816182945547
3.77851009117946 3.46697267733179 20.9688806257194
3.77494596822275 3.30181361747397 20.856142956884
3.77138184526604 3.13665455761615 20.7434052880486
3.76781772230933 2.97149549775832 20.6306676192133
3.76425359935262 2.8063364379005 20.5179299503779
3.76068947639591 2.64117737804268 20.4051922815426
3.7571253534392 2.47601831818486 20.2924546127072
3.75356123048249 2.31085925832704 20.1797169438719
16.6580433541384 3.2216391724461 55.0058196651721
16.6542924181999 3.38260149099378 54.8871728679657
16.6505414822613 3.54356380954147 54.7685260707593
16.6467905463228 3.70452612808916 54.6498792735529
16.6430396103842 3.86548844663684 54.5312324763465
16.6392886744456 4.0264507651845 54.4125856791401
16.6355377385071 4.18741308373219 54.2939388819337
16.6317868025685 4.34837540227987 54.1752920847272
16.62803586663 4.50933772082756 54.0566452875208
16.6242849306914 4.67030003937524 53.9379984903144
16.6205339947529 4.83126235792293 53.819351693108
16.6167830588143 4.99222467647062 53.7007048959016
16.6113932912694 5.09665543804849 53.5302198043479
16.606878674497 4.95670213213474 53.3874168267906
16.6023640577247 4.81674882622099 53.2446138492334
16.5978494409524 4.67679552030723 53.1018108716762
16.59333482418 4.53684221439347 52.9590078941189
16.5888202074077 4.39688890847971 52.8162049165617
16.5843055906353 4.25693560256597 52.6734019390045
16.579790973863 4.11698229665221 52.5305989614473
16.5752763570907 3.97702899073845 52.38779598389
16.5707617403183 3.8370756848247 52.2449930063328
16.566247123546 3.69712237891094 52.1021900287756
16.5617325067737 3.55716907299719 51.9593870512183
16.5572178900013 3.41721576708344 51.8165840736611
16.552703273229 3.27726246116969 51.6737810961039
16.5481886564567 3.13730915525594 51.5309781185466
16.5436179709498 2.99919056865324 51.38640161676
16.5398025842603 3.158628530727 51.2657161616538
16.5359871975707 3.31806649280075 51.1450307065477
16.5321718108812 3.47750445487451 51.0243452514416
16.5283564241917 3.63694241694827 50.9036597963354
16.5245410375021 3.79638037902204 50.7829743412293
16.5207256508126 3.9558183410958 50.6622888861232
16.516910264123 4.11525630316956 50.541603431017
16.5130948774335 4.27469426524333 50.4209179759109
16.5092794907439 4.43413222731709 50.3002325208047
16.5054641040544 4.59357018939084 50.1795470656986
16.5016487173648 4.7530081514646 50.0588616105925
16.4978333306753 4.91244611353836 49.9381761554863
16.4940179439857 5.07188407561213 49.8174907003802
16.4886693763783 5.17841520853407 49.6483088144027
16.4847315126947 5.02198819578286 49.5237492587221
16.4807936490111 4.86556118303164 49.3991897030415
16.4768557853275 4.70913417028043 49.2746301473609
16.472917921644 4.55270715752922 49.1500705916804
16.4689800579604 4.39628014477802 49.0255110359998
16.4650421942768 4.23985313202681 48.9009514803192
16.4611043305932 4.0834261192756 48.7763919246386
16.4571664669096 3.92699910652439 48.6518323689581
16.453228603226 3.77057209377319 48.5272728132775
16.4492907395425 3.61414508102198 48.4027132575969
16.4453528758589 3.45771806827077 48.2781537019163
16.4414150121753 3.30129105551956 48.1535941462357
16.4374771484917 3.14486404276835 48.0290345905552
16.4335392848081 2.98843703001714 47.9044750348746
16.4277719220219 3.07020764466472 47.7220461333632
16.4236936335296 3.22298858128002 47.59304476527
16.4196153450372 3.37576951789531 47.4640433971767
16.4155370565448 3.52855045451061 47.3350420290835
16.4114587680524 3.68133139112591 47.2060406609902
16.4073804795601 3.83411232774121 47.077039292897
16.4033021910677 3.98689326435651 46.9480379248038
16.3992239025753 4.1396742009718 46.8190365567105
16.3951456140829 4.2924551375871 46.6900351886173
16.3910673255906 4.44523607420239 46.561033820524
16.3869890370982 4.59801701081769 46.4320324524308
16.3829107486058 4.75079794743298 46.3030310843376
16.3788324601135 4.90357888404828 46.1740297162443
16.3747541716211 5.05635982066357 46.0450283481511
16.3706758831287 5.20914075727887 45.9160269800579
16.364395442437 5.18688145439972 45.7173687823915
16.36050032408 5.02938622272161 45.5941613148757
16.3566052057229 4.8718909910435 45.47095384736
16.3527100873659 4.71439575936539 45.3477463798442
16.3488149690088 4.55690052768728 45.2245389123285
16.3449198506518 4.39940529600917 45.1013314448127
16.3410247322948 4.24191006433106 44.978123977297
16.3371296139377 4.08441483265295 44.8549165097812
16.3332344955807 3.92691960097485 44.7317090422655
16.3293393772236 3.76942436929674 44.6085015747498
16.3254442588666 3.61192913761863 44.485294107234
16.3215491405095 3.45443390594052 44.3620866397183
16.3176540221525 3.29693867426241 44.2388791722025
16.3137589037954 3.1394434425843 44.1156717046868
16.3098637854384 2.98194821090619 43.992464237171
16.3036578788786 2.94416507758929 43.7961636473591
16.3000209210091 3.10772613442172 43.6811221190951
16.2963839631396 3.27128719125414 43.566080590831
16.2927470052701 3.43484824808657 43.451039062567
16.2891100474005 3.59840930491898 43.335997534303
16.285473089531 3.7619703617514 43.220956006039
16.2818361316615 3.92553141858382 43.105914477775
16.278199173792 4.08909247541624 42.990872949511
16.2745622159225 4.25265353224866 42.875831421247
16.270925258053 4.41621458908108 42.760789892983
16.2672883001835 4.5797756459135 42.645748364719
16.263651342314 4.74333670274593 42.530706836455
16.2600143844445 4.90689775957836 42.415665308191
16.256377426575 5.07045881641078 42.300623779927
16.2527404687055 5.23401987324321 42.185582251663
16.2469407924875 5.31346852685534 42.0021312358714
16.2432495616052 5.15112972833545 41.8853729843013
16.2395583307229 4.98879092981556 41.7686147327313
16.2358670998405 4.82645213129567 41.6518564811613
16.2321758689582 4.66411333277577 41.5350982295913
16.2284846380759 4.50177453425587 41.4183399780212
16.2247934071936 4.33943573573598 41.3015817264512
16.2211021763112 4.17709693721609 41.1848234748812
16.2174109454289 4.01475813869619 41.0680652233111
16.2137197145466 3.85241934017629 40.9513069717411
16.2100284836643 3.69008054165638 40.8345487201711
16.206337252782 3.52774174313649 40.717790468601
16.2026460218996 3.36540294461659 40.601032217031
16.1989547910173 3.20306414609669 40.484273965461
16.195263560135 3.0407253475768 40.3675157138909
16.1915723292527 2.8783865490569 40.2507574623209
16.1853811022456 2.91850922440803 40.0549212051293
16.1820661904805 3.08878688238688 39.9500663981187
16.1787512787154 3.25906454036574 39.8452115911082
16.1754363669504 3.42934219834461 39.7403567840976
16.1721214551853 3.59961985632347 39.635501977087
16.1688065434203 3.76989751430232 39.5306471700764
16.1654916316552 3.94017517228118 39.4257923630659
16.1621767198901 4.11045283026004 39.3209375560553
16.1588618081251 4.2807304882389 39.2160827490447
16.15554689636 4.45100814621776 39.1112279420341
16.152231984595 4.62128580419661 39.0063731350236
16.1489170728299 4.79156346217548 38.901518328013
16.1456021610648 4.96184112015434 38.7966635210024
16.1422872492998 5.1321187781332 38.6918087139918
16.1389723375347 5.30239643611206 38.5869539069813
16.1333045838877 5.39086804262082 38.4076757671807
16.1295044736998 5.23106509958441 38.2874735269376
16.1257043635119 5.07126215654801 38.1672712866945
16.1219042533241 4.9114592135116 38.0470690464514
16.1181041431362 4.75165627047519 37.9268668062082
16.1143040329483 4.5918533274388 37.8066645659651
16.1105039227604 4.43205038440238 37.686462325722
16.1067038125726 4.27224744136598 37.5662600854789
16.1029037023847 4.11244449832957 37.4460578452358
16.0991035921968 3.95264155529316 37.3258556049927
16.095303482009 3.79283861225675 37.2056533647496
16.0915033718211 3.63303566922035 37.0854511245064
16.0877032616332 3.47323272618394 36.9652488842633
16.0839031514453 3.31342978314753 36.8450466440202
16.0801030412575 3.15362684011113 36.7248444037771
16.0763029310696 2.99382389707471 36.604642163534
16.0725028208817 2.8340209540383 36.4844399232909
16.0679345172066 2.6958234687668 36.3399387618209
16.0645373523222 2.86446967691969 36.2324821857243
16.0611401874378 3.03311588507259 36.1250256096278
16.0577430225534 3.20176209322547 36.0175690335312
16.054345857669 3.37040830137837 35.9101124574346
16.0509486927846 3.53905450953126 35.802655881338
16.0475515279002 3.70770071768416 35.6951993052414
16.0441543630159 3.87634692583705 35.5877427291448
16.0407571981315 4.04499313398993 35.4802861530483
16.0373600332471 4.21363934214282 35.3728295769517
16.0339628683627 4.38228555029571 35.2653730008551
16.0305657034783 4.5509317584486 35.1579164247585
16.0271685385939 4.71957796660149 35.0504598486619
16.0237713737095 4.88822417475438 34.9430032725653
16.0203742088251 5.05687038290727 34.8355466964688
16.0169770439408 5.22551659106016 34.7280901203722
16.0135798790564 5.39416279921304 34.6206335442756
16.0073976326202 5.43564919001074 34.4250813537801
16.0040360722186 5.26628994437956 34.3187509920253
16.000674511817 5.09693069874838 34.2124206302705
15.9973129514154 4.92757145311719 34.1060902685158
15.9939513910138 4.75821220748601 33.999759906761
15.9905898306122 4.58885296185483 33.8934295450062
15.9872282702106 4.41949371622365 33.7870991832514
15.983866709809 4.25013447059246 33.6807688214966
15.9805051494074 4.08077522496128 33.5744384597418
15.9771435890058 3.9114159793301 33.468108097987
15.9737820286042 3.74205673369892 33.3617777362322
15.9704204682026 3.57269748806774 33.2554473744775
15.967058907801 3.40333824243655 33.1491170127227
15.9636973473994 3.23397899680537 33.0427866509679
15.9603357869978 3.06461975117419 32.9364562892131
15.9569742265962 2.89526050554301 32.8301259274583
15.9536126661946 2.72590125991183 32.7237955657035
15.9473057852722 2.73863521683317 32.5243010304547
15.9436099759004 2.90086965235004 32.4073979555353
15.9399141665287 3.06310408786691 32.2904948806159
15.9362183571569 3.22533852338379 32.1735918056965
15.9325225477852 3.38757295890066 32.0566887307771
15.9288267384135 3.54980739441753 31.9397856558577
15.9251309290417 3.7120418299344 31.8228825809383
15.92143511967 3.87427626545127 31.7059795060189
15.9177393102982 4.03651070096814 31.5890764310995
15.9140435009265 4.19874513648501 31.4721733561801
15.9103476915547 4.36097957200189 31.3552702812607
15.906651882183 4.52321400751876 31.2383672063413
15.9029560728113 4.68544844303563 31.1214641314219
15.8992602634395 4.8476828785525 31.0045610565025
15.8955644540678 5.00991731406937 30.8876579815831
15.891868644696 5.17215174958625 30.7707549066637
15.8881728353243 5.33438618510312 30.6538518317443
15.8844770259525 5.49662062062 30.5369487568249
15.8807413235046 5.65793736126314 30.4187838139887
15.877012475386 5.49646187120036 30.300835682165
15.8732836272674 5.33498638113758 30.1828875503414
15.8695547791488 5.1735108910748 30.0649394185177
15.8658259310302 5.01203540101202 29.946991286694
15.8620970829116 4.85055991094924 29.8290431548704
15.8583682347929 4.68908442088646 29.7110950230467
15.8546393866743 4.52760893082368 29.593146891223
15.8509105385557 4.3661334407609 29.4751987593994
15.8471816904371 4.20465795069812 29.3572506275757
15.8434528423185 4.04318246063534 29.239302495752
15.8397239941999 3.88170697057255 29.1213543639284
15.8359951460812 3.72023148050978 29.0034062321047
15.8322662979626 3.55875599044699 28.885458100281
15.828537449844 3.39728050038421 28.7675099684574
15.8248086017254 3.23580501032143 28.6495618366337
15.8210797536068 3.07432952025865 28.53161370481
15.8173509054882 2.91285403019587 28.4136655729864
15.8136220573696 2.7513785401331 28.2957174411627
15.8098932092509 2.58990305007032 28.1777693093391
15.8037307010837 2.63423316387788 27.9828414649892
15.7998018739201 2.79088758297222 27.8585677457428
15.7958730467565 2.94754200206657 27.7342940264964
15.7919442195929 3.10419642116091 27.61002030725
15.7880153924293 3.26085084025526 27.4857465880036
15.7840865652657 3.4175052593496 27.3614728687572
15.7801577381021 3.57415967844394 27.2371991495108
15.7762289109385 3.73081409753829 27.1129254302644
15.7723000837749 3.88746851663263 26.988651711018
15.7683712566113 4.04412293572698 26.8643779917716
15.7644424294477 4.20077735482133 26.7401042725252
15.7605136022841 4.35743177391567 26.6158305532789
15.7565847751205 4.51408619301002 26.4915568340325
15.7526559479569 4.67074061210436 26.3672831147861
15.7487271207933 4.82739503119871 26.2430093955397
15.7447982936297 4.98404945029306 26.1187356762933
15.7408694664661 5.14070386938741 25.9944619570469
15.7369406393025 5.29735828848175 25.8701882378005
15.7330118121389 5.4540127075761 25.7459145185541
15.7290829849753 5.61066712667045 25.6216407993077
15.7236082391991 5.71057267545513 25.448467739969
15.7194969321978 5.55868063814269 25.3184219551246
15.7153856251966 5.40678860083026 25.1883761702801
15.7112743181953 5.25489656351782 25.0583303854356
15.7071630111941 5.10300452620539 24.9282846005911
15.7030517041928 4.95111248889295 24.7982388157466
15.6989403971916 4.79922045158051 24.6681930309021
15.6948290901903 4.64732841426807 24.5381472460576
15.6907177831891 4.49543637695563 24.4081014612131
15.6866064761878 4.34354433964319 24.2780556763687
15.6824951691866 4.19165230233075 24.1480098915242
15.6783838621853 4.03976026501831 24.0179641066797
15.6742725551841 3.88786822770587 23.8879183218352
15.6701612481828 3.73597619039344 23.7578725369907
15.6660499411816 3.584084153081 23.6278267521462
15.6619386341803 3.43219211576856 23.4977809673017
15.6578273271791 3.28030007845612 23.3677351824572
15.6537160201778 3.12840804114368 23.2376893976128
15.6496047131766 2.97651600383124 23.1076436127683
15.6454934061753 2.82462396651881 22.9775978279238
15.6413820991741 2.67273192920637 22.8475520430793
15.6372707921728 2.52083989189393 22.7175062582348
15.6318869308986 2.41610444577121 22.5472079894143
15.6283228079419 2.58126350562903 22.434470320579
15.6247586849852 2.74642256548685 22.3217326517436
15.6211945620284 2.91158162534467 22.2089949829083
15.6176304390717 3.07674068520249 22.0962573140729
15.614066316115 3.24189974506031 21.9835196452375
15.6105021931583 3.40705880491813 21.8707819764022
15.6069380702016 3.57221786477595 21.7580443075668
15.6033739472449 3.73737692463377 21.6453066387315
15.5998098242882 3.90253598449159 21.5325689698961
15.5962457013315 4.06769504434941 21.4198313010608
15.5926815783748 4.23285410420724 21.3070936322254
15.5891174554181 4.39801316406506 21.1943559633901
15.5855533324613 4.56317222392288 21.0816182945547
15.5819892095046 4.7283312837807 20.9688806257193
15.5784250865479 4.89349034363852 20.856142956884
15.5748609635912 5.05864940349635 20.7434052880486
15.5712968406345 5.22380846335417 20.6306676192133
15.5677327176778 5.38896752321199 20.5179299503779
15.5641685947211 5.55412658306981 20.4051922815426
15.5606044717644 5.71928564292763 20.2924546127072
15.5570403488077 5.88444470278544 20.1797169438719
16.6580433541384 4.97366478866638 55.0058196651721
16.6542924181999 4.8127024701187 54.8871728679657
16.6505414822613 4.65174015157101 54.7685260707593
16.6467905463228 4.49077783302332 54.6498792735529
16.6430396103842 4.32981551447563 54.5312324763465
16.6392886744456 4.16885319592796 54.4125856791401
16.6355377385071 4.00789087738027 54.2939388819336
16.6317868025685 3.8469285588326 54.1752920847272
16.62803586663 3.68596624028491 54.0566452875208
16.6242849306914 3.52500392173722 53.9379984903144
16.6205339947529 3.36404160318954 53.819351693108
16.6167830588143 3.20307928464185 53.7007048959016
16.6113932912694 3.09864852306398 53.5302198043479
16.606878674497 3.23860182897774 53.3874168267906
16.6023640577247 3.37855513489149 53.2446138492334
16.5978494409524 3.51850844080525 53.1018108716762
16.59333482418 3.65846174671901 52.9590078941189
16.5888202074077 3.79841505263277 52.8162049165617
16.5843055906353 3.93836835854653 52.6734019390045
16.579790973863 4.07832166446029 52.5305989614472
16.5752763570907 4.21827497037404 52.38779598389
16.5707617403183 4.35822827628779 52.2449930063328
16.566247123546 4.49818158220155 52.1021900287756
16.5617325067737 4.6381348881153 51.9593870512183
16.5572178900013 4.77808819402905 51.8165840736611
16.552703273229 4.9180414999428 51.6737810961039
16.5481886564567 5.05799480585655 51.5309781185466
16.5436179709498 5.19611339245929 51.38640161676
16.5398025842603 5.03667543038553 51.2657161616539
16.5359871975707 4.87723746831176 51.1450307065477
16.5321718108812 4.71779950623799 51.0243452514416
16.5283564241917 4.55836154416423 50.9036597963354
16.5245410375021 4.39892358209047 50.7829743412293
16.5207256508126 4.23948562001671 50.6622888861232
16.516910264123 4.08004765794295 50.541603431017
16.5130948774335 3.92060969586919 50.4209179759109
16.5092794907439 3.76117173379542 50.3002325208048
16.5054641040544 3.60173377172166 50.1795470656986
16.5016487173648 3.4422958096479 50.0588616105925
16.4978333306753 3.28285784757413 49.9381761554864
16.4940179439857 3.12341988550037 49.8174907003802
16.4886693763783 3.01688875257836 49.6483088144027
16.4847315126947 3.17331576532957 49.5237492587221
16.4807936490111 3.32974277808078 49.3991897030416
16.4768557853276 3.48616979083199 49.274630147361
16.472917921644 3.6425968035832 49.1500705916804
16.4689800579604 3.7990238163344 49.0255110359998
16.4650421942768 3.95545082908561 48.9009514803193
16.4611043305932 4.11187784183682 48.7763919246387
16.4571664669096 4.26830485458803 48.6518323689581
16.453228603226 4.42473186733923 48.5272728132775
16.4492907395425 4.58115888009044 48.402713257597
16.4453528758589 4.73758589284165 48.2781537019164
16.4414150121753 4.89401290559287 48.1535941462358
16.4374771484917 5.05043991834407 48.0290345905552
16.4335392848081 5.20686693109527 47.9044750348746
16.4277719220219 5.12509631644778 47.7220461333632
16.4236936335296 4.97231537983248 47.59304476527
16.4196153450372 4.81953444321718 47.4640433971767
16.4155370565448 4.66675350660188 47.3350420290835
16.4114587680524 4.51397256998659 47.2060406609903
16.4073804795601 4.3611916333713 47.077039292897
16.4033021910677 4.20841069675601 46.9480379248038
16.3992239025753 4.05562976014071 46.8190365567105
16.3951456140829 3.90284882352543 46.6900351886173
16.3910673255906 3.75006788691013 46.5610338205241
16.3869890370982 3.59728695029484 46.4320324524308
16.3829107486058 3.44450601367954 46.3030310843376
16.3788324601135 3.29172507706424 46.1740297162444
16.3747541716211 3.13894414044896 46.0450283481511
16.3706758831287 2.98616320383366 45.9160269800579
16.364395442437 3.00842250671272 45.7173687823915
16.36050032408 3.16591773839083 45.5941613148757
16.3566052057229 3.32341297006895 45.47095384736
16.3527100873659 3.48090820174705 45.3477463798443
16.3488149690088 3.63840343342516 45.2245389123285
16.3449198506518 3.79589866510327 45.1013314448128
16.3410247322948 3.95339389678137 44.978123977297
16.3371296139377 4.11088912845948 44.8549165097813
16.3332344955807 4.2683843601376 44.7317090422655
16.3293393772236 4.42587959181571 44.6085015747498
16.3254442588666 4.58337482349382 44.485294107234
16.3215491405095 4.74087005517194 44.3620866397183
16.3176540221525 4.89836528685006 44.2388791722025
16.3137589037954 5.05586051852818 44.1156717046868
16.3098637854384 5.21335575020627 43.992464237171
16.3036578788786 5.25113888352319 43.7961636473591
16.3000209210091 5.08757782669077 43.6811221190951
16.2963839631396 4.92401676985835 43.5660805908311
16.2927470052701 4.76045571302593 43.4510390625671
16.2891100474006 4.59689465619351 43.3359975343031
16.285473089531 4.43333359936109 43.2209560060391
16.2818361316615 4.26977254252866 43.1059144777751
16.278199173792 4.10621148569624 42.9908729495111
16.2745622159225 3.94265042886382 42.875831421247
16.270925258053 3.7790893720314 42.760789892983
16.2672883001835 3.61552831519897 42.645748364719
16.263651342314 3.45196725836654 42.530706836455
16.2600143844445 3.28840620153412 42.415665308191
16.256377426575 3.1248451447017 42.300623779927
16.2527404687055 2.96128408786929 42.185582251663
16.2469407924875 2.88183543425707 42.0021312358714
16.2432495616052 3.04417423277697 41.8853729843014
16.2395583307229 3.20651303129686 41.7686147327314
16.2358670998405 3.36885182981676 41.6518564811613
16.2321758689582 3.53119062833666 41.5350982295913
16.2284846380759 3.69352942685655 41.4183399780213
16.2247934071936 3.85586822537645 41.3015817264512
16.2211021763112 4.01820702389635 41.1848234748812
16.2174109454289 4.18054582241623 41.0680652233112
16.2137197145466 4.34288462093613 40.9513069717411
16.2100284836643 4.50522341945603 40.8345487201711
16.206337252782 4.66756221797592 40.7177904686011
16.2026460218996 4.82990101649582 40.6010322170311
16.1989547910173 4.99223981501572 40.484273965461
16.195263560135 5.15457861353561 40.367515713891
16.1915723292527 5.31691741205552 40.2507574623209
16.1853811022456 5.27679473670448 40.0549212051293
16.1820661904805 5.10651707872562 39.9500663981188
16.1787512787154 4.93623942074676 39.8452115911082
16.1754363669504 4.7659617627679 39.7403567840976
16.1721214551853 4.59568410478904 39.635501977087
16.1688065434203 4.42540644681018 39.5306471700764
16.1654916316552 4.25512878883131 39.4257923630659
16.1621767198901 4.08485113085245 39.3209375560553
16.1588618081251 3.91457347287358 39.2160827490447
16.15554689636 3.74429581489472 39.1112279420341
16.152231984595 3.57401815691586 39.0063731350236
16.1489170728299 3.40374049893701 38.901518328013
16.1456021610648 3.23346284095815 38.7966635210024
16.1422872492998 3.06318518297928 38.6918087139918
16.1389723375347 2.89290752500042 38.5869539069813
16.1333045838877 2.80443591849163 38.4076757671807
16.1295044736998 2.96423886152805 38.2874735269376
16.1257043635119 3.12404180456446 38.1672712866945
16.1219042533241 3.28384474760088 38.0470690464514
16.1181041431362 3.44364769063728 37.9268668062082
16.1143040329483 3.60345063367368 37.8066645659651
16.1105039227604 3.7632535767101 37.686462325722
16.1067038125726 3.92305651974651 37.5662600854789
16.1029037023847 4.08285946278291 37.4460578452358
16.0991035921968 4.24266240581933 37.3258556049927
16.095303482009 4.40246534885573 37.2056533647496
16.0915033718211 4.56226829189214 37.0854511245064
16.0877032616332 4.72207123492855 36.9652488842633
16.0839031514453 4.88187417796496 36.8450466440202
16.0801030412575 5.04167712100137 36.7248444037771
16.0763029310696 5.20148006403777 36.604642163534
16.0725028208817 5.36128300707418 36.4844399232909
16.0679345172066 5.49948049234568 36.3399387618209
16.0645373523222 5.33083428419279 36.2324821857244
16.0611401874378 5.1621880760399 36.1250256096278
16.0577430225534 4.99354186788701 36.0175690335312
16.054345857669 4.82489565973412 35.9101124574346
16.0509486927846 4.65624945158123 35.802655881338
16.0475515279002 4.48760324342834 35.6951993052414
16.0441543630159 4.31895703527546 35.5877427291448
16.0407571981315 4.15031082712256 35.4802861530483
16.0373600332471 3.98166461896967 35.3728295769517
16.0339628683627 3.81301841081678 35.2653730008551
16.0305657034783 3.64437220266389 35.1579164247585
16.0271685385939 3.475725994511 35.0504598486619
16.0237713737095 3.30707978635812 34.9430032725653
16.0203742088251 3.13843357820523 34.8355466964688
16.0169770439408 2.96978737005233 34.7280901203722
16.0135798790564 2.80114116189945 34.6206335442756
16.0073976326202 2.75965477110172 34.4250813537801
16.0040360722186 2.9290140167329 34.3187509920253
16.000674511817 3.09837326236408 34.2124206302706
15.9973129514154 3.26773250799526 34.1060902685158
15.9939513910138 3.43709175362644 33.999759906761
15.9905898306122 3.60645099925762 33.8934295450062
15.9872282702106 3.77581024488881 33.7870991832514
15.983866709809 3.94516949051999 33.6807688214966
15.9805051494074 4.11452873615118 33.5744384597418
15.9771435890058 4.28388798178236 33.468108097987
15.9737820286042 4.45324722741354 33.3617777362323
15.9704204682026 4.62260647304473 33.2554473744775
15.967058907801 4.79196571867591 33.1491170127227
15.9636973473994 4.9613249643071 33.0427866509679
15.9603357869978 5.13068420993828 32.9364562892131
15.9569742265962 5.30004345556946 32.8301259274583
15.9536126661946 5.46940270120065 32.7237955657035
15.9473057852722 5.45666874427932 32.5243010304547
15.9436099759004 5.29443430876245 32.4073979555353
15.9399141665287 5.13219987324557 32.2904948806159
15.9362183571569 4.9699654377287 32.1735918056965
15.9325225477852 4.80773100221182 32.0566887307771
15.9288267384135 4.64549656669495 31.9397856558577
15.9251309290417 4.48326213117807 31.8228825809383
15.92143511967 4.32102769566121 31.7059795060189
15.9177393102982 4.15879326014433 31.5890764310995
15.9140435009265 3.99655882462746 31.4721733561801
15.9103476915547 3.83432438911058 31.3552702812607
15.906651882183 3.6720899535937 31.2383672063413
15.9029560728113 3.50985551807683 31.1214641314219
15.8992602634395 3.34762108255996 31.0045610565025
15.8955644540678 3.18538664704309 30.8876579815831
15.891868644696 3.02315221152621 30.7707549066637
15.8881728353243 2.86091777600934 30.6538518317443
15.8844770259525 2.69868334049247 30.5369487568249
15.8807413235046 2.53736659984928 30.4187838139887
15.877012475386 2.69884208991207 30.3008356821651
15.8732836272674 2.86031757997485 30.1828875503414
15.8695547791488 3.02179307003763 30.0649394185177
15.8658259310302 3.18326856010041 29.9469912866941
15.8620970829116 3.34474405016319 29.8290431548704
15.8583682347929 3.50621954022597 29.7110950230467
15.8546393866743 3.66769503028875 29.5931468912231
15.8509105385557 3.82917052035153 29.4751987593994
15.8471816904371 3.99064601041431 29.3572506275757
15.8434528423185 4.15212150047709 29.2393024957521
15.8397239941999 4.31359699053987 29.1213543639284
15.8359951460813 4.47507248060265 29.0034062321048
15.8322662979626 4.63654797066543 28.8854581002811
15.828537449844 4.79802346072821 28.7675099684574
15.8248086017254 4.95949895079099 28.6495618366338
15.8210797536068 5.12097444085378 28.5316137048101
15.8173509054882 5.28244993091655 28.4136655729864
15.8136220573696 5.44392542097933 28.2957174411628
15.8098932092509 5.60540091104211 28.1777693093391
15.8037307010837 5.56107079723463 27.9828414649892
15.7998018739201 5.40441637814028 27.8585677457428
15.7958730467565 5.24776195904593 27.7342940264964
15.7919442195929 5.09110753995158 27.61002030725
15.7880153924293 4.93445312085724 27.4857465880036
15.7840865652657 4.77779870176289 27.3614728687572
15.7801577381021 4.62114428266854 27.2371991495108
15.7762289109385 4.4644898635742 27.1129254302644
15.7723000837749 4.30783544447985 26.988651711018
15.7683712566113 4.15118102538551 26.8643779917716
15.7644424294477 3.99452660629116 26.7401042725253
15.7605136022841 3.83787218719681 26.6158305532789
15.7565847751205 3.68121776810247 26.4915568340325
15.7526559479569 3.52456334900812 26.3672831147861
15.7487271207933 3.36790892991377 26.2430093955397
15.7447982936297 3.21125451081942 26.1187356762933
15.7408694664661 3.05460009172507 25.9944619570469
15.7369406393025 2.89794567263072 25.8701882378005
15.7330118121389 2.74129125353638 25.7459145185541
15.7290829849753 2.58463683444203 25.6216407993077
15.7236082391991 2.48473128565736 25.448467739969
15.7194969321978 2.63662332296979 25.3184219551245
15.7153856251966 2.78851536028223 25.1883761702801
15.7112743181953 2.94040739759467 25.0583303854356
15.7071630111941 3.09229943490711 24.9282846005911
15.7030517041928 3.24419147221955 24.7982388157466
15.6989403971916 3.39608350953199 24.6681930309021
15.6948290901903 3.54797554684442 24.5381472460576
15.6907177831891 3.69986758415686 24.4081014612131
15.6866064761878 3.8517596214693 24.2780556763687
15.6824951691866 4.00365165878174 24.1480098915242
15.6783838621853 4.15554369609418 24.0179641066797
15.6742725551841 4.30743573340662 23.8879183218352
15.6701612481828 4.45932777071906 23.7578725369907
15.6660499411816 4.61121980803149 23.6278267521462
15.6619386341803 4.76311184534393 23.4977809673017
15.6578273271791 4.91500388265637 23.3677351824572
15.6537160201778 5.0668959199688 23.2376893976128
15.6496047131766 5.21878795728124 23.1076436127683
15.6454934061753 5.37067999459368 22.9775978279238
15.6413820991741 5.52257203190612 22.8475520430793
15.6372707921728 5.67446406921855 22.7175062582348
15.6318869308986 5.77919951534126 22.5472079894143
15.6283228079419 5.61404045548344 22.434470320579
15.6247586849852 5.44888139562562 22.3217326517436
15.6211945620284 5.2837223357678 22.2089949829083
15.6176304390717 5.11856327590998 22.0962573140729
15.614066316115 4.95340421605216 21.9835196452375
15.6105021931583 4.78824515619434 21.8707819764022
15.6069380702016 4.62308609633652 21.7580443075668
15.6033739472449 4.45792703647871 21.6453066387315
15.5998098242882 4.29276797662088 21.5325689698961
15.5962457013315 4.12760891676306 21.4198313010608
15.5926815783748 3.96244985690524 21.3070936322254
15.5891174554181 3.79729079704742 21.1943559633901
15.5855533324613 3.6321317371896 21.0816182945547
15.5819892095046 3.46697267733178 20.9688806257194
15.5784250865479 3.30181361747396 20.856142956884
15.5748609635912 3.13665455761614 20.7434052880486
15.5712968406345 2.97149549775832 20.6306676192133
15.5677327176778 2.8063364379005 20.5179299503779
15.5641685947211 2.64117737804268 20.4051922815426
15.5606044717644 2.47601831818486 20.2924546127072
15.5570403488077 2.31085925832704 20.1797169438719
18.6310067807951 3.22163917244611 55.0058196651721
18.6347577167336 3.3826014909938 54.8871728679657
18.6385086526722 3.54356380954148 54.7685260707593
18.6422595886107 3.70452612808917 54.6498792735529
18.6460105245493 3.86548844663686 54.5312324763464
18.6497614604878 4.02645076518453 54.41258567914
18.6535123964264 4.18741308373222 54.2939388819336
18.6572633323649 4.34837540227991 54.1752920847272
18.6610142683035 4.50933772082758 54.0566452875208
18.664765204242 4.67030003937527 53.9379984903144
18.6685161401806 4.83126235792295 53.819351693108
18.6722670761192 4.99222467647064 53.7007048959016
18.6776568436641 5.09665543804851 53.5302198043479
18.6821714604365 4.95670213213475 53.3874168267907
18.6866860772088 4.816748826221 53.2446138492334
18.6912006939811 4.67679552030724 53.1018108716762
18.6957153107535 4.53684221439348 52.959007894119
18.7002299275258 4.39688890847972 52.8162049165617
18.7047445442981 4.25693560256596 52.6734019390045
18.7092591610705 4.1169822966522 52.5305989614472
18.7137737778428 3.97702899073845 52.38779598389
18.7182883946151 3.8370756848247 52.2449930063328
18.7228030113875 3.69712237891095 52.1021900287756
18.7273176281598 3.5571690729972 51.9593870512183
18.7318322449321 3.41721576708344 51.8165840736611
18.7363468617045 3.27726246116969 51.6737810961039
18.7408614784768 3.13730915525593 51.5309781185466
18.7454321639836 2.9991905686532 51.38640161676
18.7492475506732 3.15862853072697 51.2657161616539
18.7530629373627 3.31806649280073 51.1450307065477
18.7568783240523 3.47750445487449 51.0243452514416
18.7606937107418 3.63694241694825 50.9036597963355
18.7645090974314 3.79638037902201 50.7829743412293
18.7683244841209 3.95581834109578 50.6622888861232
18.7721398708105 4.11525630316955 50.541603431017
18.7759552575 4.27469426524331 50.4209179759109
18.7797706441895 4.43413222731708 50.3002325208047
18.7835860308791 4.59357018939084 50.1795470656986
18.7874014175686 4.7530081514646 50.0588616105925
18.7912168042582 4.91244611353837 49.9381761554863
18.7950321909477 5.07188407561213 49.8174907003802
18.8003807585552 5.17841520853401 49.6483088144026
18.8043186222388 5.0219881957828 49.523749258722
18.8082564859223 4.86556118303159 49.3991897030415
18.8121943496059 4.70913417028039 49.2746301473609
18.8161322132895 4.55270715752919 49.1500705916803
18.8200700769731 4.39628014477799 49.0255110359998
18.8240079406567 4.23985313202678 48.9009514803192
18.8279458043403 4.08342611927557 48.7763919246386
18.8318836680238 3.92699910652435 48.651832368958
18.8358215317074 3.77057209377314 48.5272728132774
18.839759395391 3.61414508102194 48.4027132575969
18.8436972590746 3.45771806827073 48.2781537019163
18.8476351227582 3.30129105551952 48.1535941462357
18.8515729864418 3.14486404276832 48.0290345905551
18.8555108501254 2.98843703001709 47.9044750348746
18.8612782129116 3.07020764466472 47.7220461333632
18.8653565014039 3.22298858128002 47.59304476527
18.8694347898963 3.37576951789531 47.4640433971767
18.8735130783887 3.5285504545106 47.3350420290835
18.877591366881 3.68133139112589 47.2060406609903
18.8816696553734 3.8341123277412 47.077039292897
18.8857479438658 3.98689326435649 46.9480379248038
18.8898262323582 4.13967420097178 46.8190365567105
18.8939045208505 4.29245513758708 46.6900351886173
18.8979828093429 4.44523607420237 46.5610338205241
18.9020610978353 4.59801701081767 46.4320324524308
18.9061393863276 4.75079794743296 46.3030310843376
18.91021767482 4.90357888404825 46.1740297162443
18.9142959633124 5.05635982066356 46.0450283481511
18.9183742518048 5.20914075727885 45.9160269800579
18.9246546924965 5.18688145439976 45.7173687823915
18.9285498108535 5.02938622272165 45.5941613148757
18.9324449292105 4.87189099104355 45.47095384736
18.9363400475676 4.71439575936544 45.3477463798443
18.9402351659246 4.55690052768732 45.2245389123285
18.9441302842817 4.39940529600922 45.1013314448128
18.9480254026387 4.24191006433111 44.978123977297
18.9519205209958 4.084414832653 44.8549165097813
18.9558156393528 3.92691960097488 44.7317090422655
18.9597107577099 3.76942436929677 44.6085015747498
18.9636058760669 3.61192913761865 44.485294107234
18.9675009944239 3.45443390594054 44.3620866397183
18.971396112781 3.29693867426243 44.2388791722025
18.975291231138 3.13944344258431 44.1156717046868
18.9791863494951 2.9819482109062 43.992464237171
18.9853922560549 2.94416507758929 43.7961636473591
18.9890292139244 3.10772613442171 43.6811221190951
18.9926661717939 3.27128719125414 43.566080590831
18.9963031296634 3.43484824808657 43.451039062567
18.9999400875329 3.59840930491899 43.335997534303
19.0035770454024 3.76197036175142 43.220956006039
19.0072140032719 3.92553141858383 43.105914477775
19.0108509611415 4.08909247541625 42.990872949511
19.014487919011 4.25265353224867 42.875831421247
19.0181248768805 4.41621458908109 42.760789892983
19.02176183475 4.57977564591351 42.645748364719
19.0253987926195 4.74333670274593 42.530706836455
19.029035750489 4.90689775957836 42.415665308191
19.0326727083585 5.07045881641078 42.300623779927
19.036309666228 5.2340198732432 42.185582251663
19.042109342446 5.31346852685536 42.0021312358714
19.0458005733283 5.15112972833547 41.8853729843014
19.0494918042106 4.98879092981557 41.7686147327313
19.0531830350929 4.82645213129567 41.6518564811613
19.0568742659753 4.66411333277578 41.5350982295913
19.0605654968576 4.50177453425589 41.4183399780212
19.0642567277399 4.339435735736 41.3015817264512
19.0679479586222 4.1770969372161 41.1848234748812
19.0716391895046 4.0147581386962 41.0680652233112
19.0753304203869 3.85241934017631 40.9513069717411
19.0790216512692 3.69008054165641 40.8345487201711
19.0827128821515 3.52774174313652 40.7177904686011
19.0864041130338 3.36540294461663 40.601032217031
19.0900953439162 3.20306414609673 40.484273965461
19.0937865747985 3.04072534757683 40.367515713891
19.0974778056808 2.87838654905694 40.2507574623209
19.1036690326879 2.918509224408 40.0549212051293
19.106983944453 3.08878688238686 39.9500663981188
19.110298856218 3.25906454036572 39.8452115911082
19.1136137679831 3.42934219834458 39.7403567840976
19.1169286797482 3.59961985632344 39.635501977087
19.1202435915132 3.7698975143023 39.5306471700764
19.1235585032783 3.94017517228117 39.4257923630659
19.1268734150433 4.11045283026003 39.3209375560553
19.1301883268084 4.28073048823889 39.2160827490447
19.1335032385735 4.45100814621775 39.1112279420341
19.1368181503385 4.62128580419661 39.0063731350236
19.1401330621036 4.79156346217547 38.901518328013
19.1434479738686 4.96184112015433 38.7966635210024
19.1467628856337 5.13211877813319 38.6918087139918
19.1500777973988 5.30239643611205 38.5869539069813
19.1557455510458 5.39086804262082 38.4076757671807
19.1595456612337 5.23106509958442 38.2874735269376
19.1633457714215 5.07126215654801 38.1672712866945
19.1671458816094 4.9114592135116 38.0470690464513
19.1709459917973 4.7516562704752 37.9268668062082
19.1747461019852 4.59185332743879 37.8066645659651
19.178546212173 4.43205038440238 37.686462325722
19.1823463223609 4.27224744136597 37.5662600854789
19.1861464325488 4.11244449832957 37.4460578452358
19.1899465427366 3.95264155529316 37.3258556049927
19.1937466529245 3.79283861225675 37.2056533647496
19.1975467631124 3.63303566922035 37.0854511245064
19.2013468733003 3.47323272618394 36.9652488842633
19.2051469834881 3.31342978314753 36.8450466440202
19.208947093676 3.15362684011112 36.7248444037771
19.2127472038639 2.99382389707471 36.604642163534
19.2165473140518 2.8340209540383 36.4844399232909
19.2211156177269 2.69582346876681 36.3399387618209
19.2245127826113 2.86446967691969 36.2324821857243
19.2279099474957 3.03311588507258 36.1250256096278
19.2313071123801 3.20176209322548 36.0175690335312
19.2347042772645 3.37040830137837 35.9101124574346
19.2381014421488 3.53905450953126 35.802655881338
19.2414986070332 3.70770071768415 35.6951993052414
19.2448957719176 3.87634692583704 35.5877427291448
19.248292936802 4.04499313398993 35.4802861530483
19.2516901016864 4.21363934214282 35.3728295769517
19.2550872665708 4.38228555029571 35.2653730008551
19.2584844314552 4.5509317584486 35.1579164247585
19.2618815963396 4.71957796660149 35.0504598486619
19.2652787612239 4.88822417475438 34.9430032725653
19.2686759261083 5.05687038290727 34.8355466964688
19.2720730909927 5.22551659106016 34.7280901203722
19.2754702558771 5.39416279921304 34.6206335442756
19.2816525023133 5.43564919001072 34.4250813537801
19.2850140627149 5.26628994437953 34.3187509920253
19.2883756231165 5.09693069874835 34.2124206302705
19.2917371835181 4.92757145311717 34.1060902685157
19.2950987439197 4.758212207486 33.999759906761
19.2984603043213 4.58885296185481 33.8934295450062
19.3018218647229 4.41949371622363 33.7870991832514
19.3051834251245 4.25013447059245 33.6807688214966
19.3085449855261 4.08077522496127 33.5744384597418
19.3119065459277 3.91141597933009 33.468108097987
19.3152681063293 3.74205673369891 33.3617777362322
19.3186296667309 3.57269748806772 33.2554473744774
19.3219912271325 3.40333824243654 33.1491170127227
19.3253527875341 3.23397899680536 33.0427866509679
19.3287143479357 3.06461975117418 32.9364562892131
19.3320759083373 2.895260505543 32.8301259274583
19.3354374687389 2.72590125991183 32.7237955657035
19.3417443496613 2.73863521683317 32.5243010304547
19.345440159033 2.90086965235004 32.4073979555353
19.3491359684048 3.06310408786691 32.2904948806159
19.3528317777765 3.22533852338378 32.1735918056965
19.3565275871483 3.38757295890066 32.0566887307771
19.36022339652 3.54980739441753 31.9397856558577
19.3639192058918 3.7120418299344 31.8228825809383
19.3676150152635 3.87427626545127 31.7059795060189
19.3713108246352 4.03651070096814 31.5890764310995
19.375006634007 4.19874513648501 31.4721733561801
19.3787024433787 4.36097957200188 31.3552702812607
19.3823982527505 4.52321400751876 31.2383672063413
19.3860940621222 4.68544844303563 31.1214641314219
19.389789871494 4.84768287855251 31.0045610565025
19.3934856808657 5.00991731406938 30.8876579815831
19.3971814902374 5.17215174958625 30.7707549066637
19.4008772996092 5.33438618510313 30.6538518317443
19.4045731089809 5.49662062062 30.5369487568249
19.4083088114288 5.65793736126316 30.4187838139887
19.4120376595475 5.49646187120038 30.3008356821651
19.4157665076661 5.3349863811376 30.1828875503414
19.4194953557847 5.17351089107482 30.0649394185177
19.4232242039033 5.01203540101203 29.9469912866941
19.4269530520219 4.85055991094925 29.8290431548704
19.4306819001405 4.68908442088647 29.7110950230467
19.4344107482592 4.52760893082369 29.593146891223
19.4381395963778 4.36613344076091 29.4751987593994
19.4418684444964 4.20465795069813 29.3572506275757
19.445597292615 4.04318246063534 29.239302495752
19.4493261407336 3.88170697057256 29.1213543639284
19.4530549888522 3.72023148050978 29.0034062321047
19.4567838369708 3.558755990447 28.885458100281
19.4605126850895 3.39728050038422 28.7675099684574
19.4642415332081 3.23580501032144 28.6495618366337
19.4679703813267 3.07432952025865 28.5316137048101
19.4716992294453 2.91285403019587 28.4136655729864
19.4754280775639 2.7513785401331 28.2957174411627
19.4791569256825 2.58990305007031 28.1777693093391
19.4853194338497 2.63423316387787 27.9828414649892
19.4892482610133 2.79088758297222 27.8585677457428
19.4931770881769 2.94754200206656 27.7342940264964
19.4971059153405 3.10419642116091 27.61002030725
19.5010347425041 3.26085084025526 27.4857465880036
19.5049635696678 3.41750525934961 27.3614728687572
19.5088923968314 3.57415967844395 27.2371991495108
19.512821223995 3.73081409753829 27.1129254302644
19.5167500511586 3.88746851663264 26.988651711018
19.5206788783222 4.04412293572699 26.8643779917716
19.5246077054858 4.20077735482134 26.7401042725252
19.5285365326494 4.35743177391569 26.6158305532788
19.532465359813 4.51408619301004 26.4915568340324
19.5363941869766 4.67074061210438 26.3672831147861
19.5403230141402 4.82739503119873 26.2430093955397
19.5442518413038 4.98404945029307 26.1187356762933
19.5481806684674 5.14070386938742 25.9944619570469
19.552109495631 5.29735828848176 25.8701882378005
19.5560383227946 5.45401270757611 25.7459145185541
19.5599671499582 5.61066712667045 25.6216407993077
19.5654418957344 5.71057267545511 25.448467739969
19.5695532027356 5.55868063814268 25.3184219551245
19.5736645097369 5.40678860083024 25.1883761702801
19.5777758167381 5.2548965635178 25.0583303854356
19.5818871237394 5.10300452620536 24.9282846005911
19.5859984307406 4.95111248889292 24.7982388157466
19.5901097377419 4.79922045158049 24.6681930309021
19.5942210447431 4.64732841426805 24.5381472460576
19.5983323517444 4.49543637695561 24.4081014612131
19.6024436587456 4.34354433964318 24.2780556763686
19.6065549657469 4.19165230233073 24.1480098915242
19.6106662727482 4.03976026501829 24.0179641066797
19.6147775797494 3.88786822770586 23.8879183218352
19.6188888867507 3.73597619039342 23.7578725369907
19.6230001937519 3.58408415308099 23.6278267521462
19.6271115007532 3.43219211576854 23.4977809673017
19.6312228077544 3.28030007845611 23.3677351824572
19.6353341147557 3.12840804114368 23.2376893976128
19.6394454217569 2.97651600383124 23.1076436127683
19.6435567287582 2.8246239665188 22.9775978279238
19.6476680357594 2.67273192920636 22.8475520430793
19.6517793427607 2.52083989189392 22.7175062582348
19.6571632040349 2.41610444577122 22.5472079894143
19.6607273269916 2.58126350562904 22.434470320579
19.6642914499483 2.74642256548686 22.3217326517436
19.667855572905 2.91158162534468 22.2089949829082
19.6714196958617 3.0767406852025 22.0962573140729
19.6749838188185 3.24189974506032 21.9835196452375
19.6785479417752 3.40705880491814 21.8707819764022
19.6821120647319 3.57221786477596 21.7580443075668
19.6856761876886 3.73737692463378 21.6453066387315
19.6892403106453 3.9025359844916 21.5325689698961
19.692804433602 4.06769504434942 21.4198313010608
19.6963685565587 4.23285410420724 21.3070936322254
19.6999326795154 4.39801316406506 21.1943559633901
19.7034968024721 4.56317222392288 21.0816182945547
19.7070609254288 4.7283312837807 20.9688806257193
19.7106250483855 4.89349034363852 20.856142956884
19.7141891713423 5.05864940349634 20.7434052880486
19.717753294299 5.22380846335416 20.6306676192133
19.7213174172557 5.38896752321198 20.5179299503779
19.7248815402124 5.5541265830698 20.4051922815426
19.7284456631691 5.71928564292763 20.2924546127072
19.7320097861258 5.88444470278544 20.1797169438719
18.6310067807951 4.97366478866639 55.0058196651721
18.6347577167336 4.81270247011869 54.8871728679657
18.6385086526722 4.65174015157099 54.7685260707593
18.6422595886107 4.49077783302331 54.6498792735529
18.6460105245493 4.32981551447562 54.5312324763464
18.6497614604878 4.16885319592792 54.41258567914
18.6535123964264 4.00789087738025 54.2939388819336
18.6572633323649 3.84692855883256 54.1752920847272
18.6610142683035 3.68596624028488 54.0566452875208
18.664765204242 3.52500392173721 53.9379984903144
18.6685161401806 3.36404160318953 53.819351693108
18.6722670761192 3.20307928464183 53.7007048959016
18.6776568436641 3.09864852306403 53.5302198043478
18.6821714604365 3.23860182897778 53.3874168267906
18.6866860772088 3.37855513489153 53.2446138492334
18.6912006939811 3.51850844080527 53.1018108716762
18.6957153107535 3.65846174671903 52.9590078941189
18.7002299275258 3.79841505263279 52.8162049165617
18.7047445442981 3.93836835854655 52.6734019390044
18.7092591610705 4.0783216644603 52.5305989614472
18.7137737778428 4.21827497037406 52.38779598389
18.7182883946151 4.35822827628781 52.2449930063328
18.7228030113875 4.49818158220156 52.1021900287755
18.7273176281598 4.6381348881153 51.9593870512183
18.7318322449321 4.77808819402905 51.8165840736611
18.7363468617045 4.9180414999428 51.6737810961039
18.7408614784768 5.05799480585655 51.5309781185466
18.7454321639836 5.19611339245925 51.38640161676
18.7492475506732 5.03667543038549 51.2657161616538
18.7530629373627 4.87723746831172 51.1450307065477
18.7568783240523 4.71779950623797 51.0243452514416
18.7606937107418 4.55836154416421 50.9036597963354
18.7645090974314 4.39892358209046 50.7829743412293
18.7683244841209 4.23948562001669 50.6622888861232
18.7721398708105 4.08004765794294 50.541603431017
18.7759552575 3.92060969586917 50.4209179759109
18.7797706441895 3.7611717337954 50.3002325208048
18.7835860308791 3.60173377172164 50.1795470656986
18.7874014175686 3.44229580964787 50.0588616105925
18.7912168042582 3.28285784757411 49.9381761554863
18.7950321909477 3.12341988550035 49.8174907003802
18.8003807585552 3.01688875257843 49.6483088144027
18.8043186222388 3.17331576532964 49.5237492587221
18.8082564859223 3.32974277808085 49.3991897030415
18.8121943496059 3.48616979083206 49.2746301473609
18.8161322132895 3.64259680358327 49.1500705916804
18.8200700769731 3.79902381633448 49.0255110359998
18.8240079406567 3.95545082908568 48.9009514803192
18.8279458043403 4.11187784183689 48.7763919246386
18.8318836680238 4.2683048545881 48.651832368958
18.8358215317074 4.42473186733931 48.5272728132775
18.839759395391 4.58115888009052 48.4027132575969
18.8436972590746 4.73758589284173 48.2781537019163
18.8476351227582 4.89401290559294 48.1535941462357
18.8515729864418 5.05043991834416 48.0290345905551
18.8555108501254 5.20686693109537 47.9044750348746
18.8612782129116 5.12509631644776 47.7220461333632
18.8653565014039 4.97231537983246 47.59304476527
18.8694347898963 4.81953444321717 47.4640433971767
18.8735130783887 4.66675350660188 47.3350420290835
18.877591366881 4.51397256998659 47.2060406609903
18.8816696553734 4.3611916333713 47.077039292897
18.8857479438658 4.20841069675601 46.9480379248038
18.8898262323582 4.05562976014071 46.8190365567105
18.8939045208505 3.90284882352542 46.6900351886173
18.8979828093429 3.75006788691012 46.5610338205241
18.9020610978353 3.59728695029482 46.4320324524308
18.9061393863276 3.44450601367952 46.3030310843376
18.91021767482 3.29172507706422 46.1740297162443
18.9142959633124 3.13894414044892 46.0450283481511
18.9183742518048 2.98616320383363 45.9160269800579
18.9246546924965 3.00842250671274 45.7173687823915
18.9285498108535 3.16591773839085 45.5941613148757
18.9324449292105 3.32341297006896 45.47095384736
18.9363400475676 3.48090820174708 45.3477463798442
18.9402351659246 3.63840343342519 45.2245389123285
18.9441302842817 3.7958986651033 45.1013314448127
18.9480254026387 3.95339389678141 44.978123977297
18.9519205209958 4.11088912845952 44.8549165097812
18.9558156393528 4.26838436013762 44.7317090422655
18.9597107577099 4.42587959181573 44.6085015747498
18.9636058760669 4.58337482349384 44.485294107234
18.9675009944239 4.74087005517196 44.3620866397183
18.971396112781 4.89836528685007 44.2388791722025
18.975291231138 5.05586051852818 44.1156717046868
18.9791863494951 5.21335575020629 43.992464237171
18.9853922560549 5.25113888352316 43.796163647359
18.9890292139244 5.08757782669073 43.681122119095
18.9926661717939 4.92401676985831 43.566080590831
18.9963031296634 4.76045571302589 43.451039062567
18.9999400875329 4.59689465619348 43.335997534303
19.0035770454024 4.43333359936106 43.220956006039
19.0072140032719 4.26977254252865 43.105914477775
19.0108509611415 4.10621148569622 42.990872949511
19.014487919011 3.9426504288638 42.875831421247
19.0181248768805 3.77908937203138 42.760789892983
19.02176183475 3.61552831519896 42.645748364719
19.0253987926195 3.45196725836655 42.530706836455
19.029035750489 3.28840620153413 42.415665308191
19.0326727083585 3.1248451447017 42.300623779927
19.036309666228 2.96128408786927 42.185582251663
19.042109342446 2.88183543425709 42.0021312358714
19.0458005733283 3.04417423277699 41.8853729843014
19.0494918042106 3.20651303129689 41.7686147327313
19.0531830350929 3.36885182981678 41.6518564811613
19.0568742659753 3.53119062833668 41.5350982295913
19.0605654968576 3.69352942685658 41.4183399780213
19.0642567277399 3.85586822537647 41.3015817264512
19.0679479586222 4.01820702389636 41.1848234748812
19.0716391895046 4.18054582241625 41.0680652233112
19.0753304203869 4.34288462093615 40.9513069717411
19.0790216512692 4.50522341945604 40.8345487201711
19.0827128821515 4.66756221797593 40.7177904686011
19.0864041130338 4.82990101649582 40.601032217031
19.0900953439162 4.99223981501573 40.484273965461
19.0937865747985 5.15457861353562 40.367515713891
19.0974778056808 5.31691741205552 40.2507574623209
19.1036690326879 5.27679473670449 40.0549212051293
19.106983944453 5.10651707872563 39.9500663981188
19.110298856218 4.93623942074676 39.8452115911082
19.1136137679831 4.7659617627679 39.7403567840976
19.1169286797482 4.59568410478904 39.635501977087
19.1202435915132 4.42540644681018 39.5306471700764
19.1235585032783 4.25512878883132 39.4257923630659
19.1268734150433 4.08485113085246 39.3209375560553
19.1301883268084 3.9145734728736 39.2160827490447
19.1335032385735 3.74429581489474 39.1112279420341
19.1368181503385 3.57401815691587 39.0063731350236
19.1401330621036 3.40374049893701 38.901518328013
19.1434479738686 3.23346284095814 38.7966635210024
19.1467628856337 3.06318518297928 38.6918087139918
19.1500777973988 2.89290752500043 38.5869539069813
19.1557455510458 2.80443591849166 38.4076757671807
19.1595456612337 2.96423886152806 38.2874735269376
19.1633457714215 3.12404180456446 38.1672712866945
19.1671458816094 3.28384474760087 38.0470690464514
19.1709459917973 3.44364769063728 37.9268668062082
19.1747461019852 3.60345063367368 37.8066645659651
19.178546212173 3.7632535767101 37.686462325722
19.1823463223609 3.92305651974651 37.5662600854789
19.1861464325488 4.08285946278292 37.4460578452358
19.1899465427366 4.24266240581933 37.3258556049927
19.1937466529245 4.40246534885573 37.2056533647496
19.1975467631124 4.56226829189213 37.0854511245064
19.2013468733003 4.72207123492854 36.9652488842633
19.2051469834881 4.88187417796495 36.8450466440202
19.208947093676 5.04167712100135 36.7248444037771
19.2127472038639 5.20148006403776 36.604642163534
19.2165473140518 5.36128300707417 36.4844399232909
19.2211156177269 5.49948049234569 36.3399387618209
19.2245127826113 5.3308342841928 36.2324821857244
19.2279099474957 5.16218807603991 36.1250256096278
19.2313071123801 4.99354186788701 36.0175690335312
19.2347042772645 4.82489565973412 35.9101124574346
19.2381014421488 4.65624945158123 35.802655881338
19.2414986070332 4.48760324342834 35.6951993052414
19.2448957719176 4.31895703527544 35.5877427291448
19.248292936802 4.15031082712255 35.4802861530483
19.2516901016864 3.98166461896965 35.3728295769517
19.2550872665708 3.81301841081677 35.2653730008551
19.2584844314552 3.64437220266389 35.1579164247585
19.2618815963396 3.475725994511 35.0504598486619
19.2652787612239 3.30707978635811 34.9430032725653
19.2686759261083 3.13843357820522 34.8355466964688
19.2720730909927 2.96978737005232 34.7280901203722
19.2754702558771 2.80114116189943 34.6206335442756
19.2816525023133 2.75965477110177 34.4250813537801
19.2850140627149 2.92901401673295 34.3187509920253
19.2883756231165 3.09837326236413 34.2124206302705
19.2917371835181 3.26773250799531 34.1060902685157
19.2950987439197 3.43709175362649 33.9997599067609
19.2984603043213 3.60645099925767 33.8934295450062
19.3018218647229 3.77581024488886 33.7870991832514
19.3051834251245 3.94516949052004 33.6807688214966
19.3085449855261 4.11452873615123 33.5744384597418
19.3119065459277 4.28388798178241 33.468108097987
19.3152681063293 4.45324722741359 33.3617777362322
19.3186296667309 4.62260647304477 33.2554473744774
19.3219912271325 4.79196571867595 33.1491170127227
19.3253527875341 4.96132496430714 33.0427866509679
19.3287143479357 5.13068420993832 32.9364562892131
19.3320759083373 5.3000434555695 32.8301259274583
19.3354374687389 5.46940270120068 32.7237955657035
19.3417443496613 5.45666874427929 32.5243010304547
19.345440159033 5.29443430876242 32.4073979555353
19.3491359684048 5.13219987324554 32.2904948806159
19.3528317777765 4.96996543772867 32.1735918056965
19.3565275871483 4.80773100221179 32.0566887307771
19.36022339652 4.64549656669492 31.9397856558577
19.3639192058918 4.48326213117805 31.8228825809383
19.3676150152635 4.32102769566118 31.7059795060189
19.3713108246352 4.15879326014431 31.5890764310995
19.375006634007 3.99655882462744 31.4721733561801
19.3787024433787 3.83432438911057 31.3552702812607
19.3823982527505 3.67208995359369 31.2383672063413
19.3860940621222 3.50985551807682 31.1214641314219
19.389789871494 3.34762108255996 31.0045610565025
19.3934856808657 3.18538664704309 30.8876579815831
19.3971814902374 3.02315221152622 30.7707549066637
19.4008772996092 2.86091777600935 30.6538518317443
19.4045731089809 2.69868334049247 30.5369487568249
19.4083088114288 2.5373665998493 30.4187838139887
19.4120376595475 2.69884208991208 30.3008356821651
19.4157665076661 2.86031757997487 30.1828875503414
19.4194953557847 3.02179307003765 30.0649394185177
19.4232242039033 3.18326856010043 29.9469912866941
19.4269530520219 3.3447440501632 29.8290431548704
19.4306819001405 3.50621954022598 29.7110950230467
19.4344107482592 3.66769503028876 29.5931468912231
19.4381395963778 3.82917052035154 29.4751987593994
19.4418684444964 3.99064601041432 29.3572506275757
19.445597292615 4.1521215004771 29.2393024957521
19.4493261407336 4.31359699053988 29.1213543639284
19.4530549888522 4.47507248060266 29.0034062321047
19.4567838369708 4.63654797066544 28.8854581002811
19.4605126850895 4.79802346072823 28.7675099684574
19.4642415332081 4.95949895079101 28.6495618366337
19.4679703813267 5.12097444085379 28.5316137048101
19.4716992294453 5.28244993091657 28.4136655729864
19.4754280775639 5.44392542097936 28.2957174411627
19.4791569256825 5.60540091104214 28.1777693093391
19.4853194338497 5.56107079723462 27.9828414649892
19.4892482610133 5.40441637814027 27.8585677457428
19.4931770881769 5.24776195904593 27.7342940264964
19.4971059153405 5.09110753995159 27.61002030725
19.5010347425041 4.93445312085724 27.4857465880036
19.5049635696678 4.77779870176289 27.3614728687572
19.5088923968314 4.62114428266855 27.2371991495108
19.512821223995 4.46448986357421 27.1129254302644
19.5167500511586 4.30783544447986 26.988651711018
19.5206788783222 4.15118102538552 26.8643779917716
19.5246077054858 3.99452660629117 26.7401042725253
19.5285365326494 3.83787218719682 26.6158305532789
19.532465359813 3.68121776810248 26.4915568340325
19.5363941869766 3.52456334900813 26.3672831147861
19.5403230141402 3.36790892991378 26.2430093955397
19.5442518413038 3.21125451081943 26.1187356762933
19.5481806684674 3.05460009172508 25.9944619570469
19.552109495631 2.89794567263073 25.8701882378005
19.5560383227946 2.74129125353638 25.7459145185541
19.5599671499582 2.58463683444203 25.6216407993077
19.5654418957344 2.48473128565736 25.448467739969
19.5695532027356 2.6366233229698 25.3184219551245
19.5736645097369 2.78851536028224 25.1883761702801
19.5777758167381 2.94040739759467 25.0583303854356
19.5818871237394 3.09229943490711 24.9282846005911
19.5859984307406 3.24419147221955 24.7982388157466
19.5901097377419 3.39608350953199 24.6681930309021
19.5942210447431 3.54797554684442 24.5381472460576
19.5983323517444 3.69986758415686 24.4081014612131
19.6024436587456 3.8517596214693 24.2780556763686
19.6065549657469 4.00365165878174 24.1480098915242
19.6106662727482 4.15554369609418 24.0179641066797
19.6147775797494 4.30743573340662 23.8879183218352
19.6188888867507 4.45932777071906 23.7578725369907
19.6230001937519 4.61121980803149 23.6278267521462
19.6271115007532 4.76311184534393 23.4977809673017
19.6312228077544 4.91500388265637 23.3677351824572
19.6353341147557 5.0668959199688 23.2376893976128
19.6394454217569 5.21878795728124 23.1076436127683
19.6435567287582 5.37067999459368 22.9775978279238
19.6476680357594 5.52257203190611 22.8475520430793
19.6517793427607 5.67446406921855 22.7175062582348
19.6571632040349 5.77919951534127 22.5472079894143
19.6607273269916 5.61404045548346 22.434470320579
19.6642914499483 5.44888139562564 22.3217326517436
19.667855572905 5.28372233576782 22.2089949829083
19.6714196958617 5.11856327591 22.0962573140729
19.6749838188185 4.95340421605218 21.9835196452376
19.6785479417752 4.78824515619436 21.8707819764022
19.6821120647319 4.62308609633653 21.7580443075668
19.6856761876886 4.45792703647871 21.6453066387315
19.6892403106453 4.29276797662089 21.5325689698961
19.692804433602 4.12760891676306 21.4198313010608
19.6963685565587 3.96244985690524 21.3070936322254
19.6999326795154 3.79729079704742 21.1943559633901
19.7034968024721 3.6321317371896 21.0816182945547
19.7070609254288 3.46697267733178 20.9688806257194
19.7106250483855 3.30181361747396 20.856142956884
19.7141891713423 3.13665455761614 20.7434052880486
19.717753294299 2.97149549775832 20.6306676192133
19.7213174172557 2.8063364379005 20.5179299503779
19.7248815402124 2.64117737804268 20.4051922815426
19.7284456631691 2.47601831818486 20.2924546127072
19.7320097861258 2.31085925832704 20.1797169438719
19.5621074735077 2.76967868362026 34.495589361099
19.5609729570832 2.96967546577558 34.495589361099
19.5598384406587 3.1696722479309 34.495589361099
19.5587039242343 3.36966903008622 34.495589361099
19.5575694078098 3.56966581224154 34.495589361099
19.5564348913853 3.76966259439685 34.495589361099
19.5553003749609 3.96965937655217 34.495589361099
19.5541658585364 4.16965615870749 34.495589361099
19.553031342112 4.36965294086281 34.495589361099
19.5518968256875 4.56964972301814 34.495589361099
19.550762309263 4.76964650517346 34.495589361099
19.5496277928386 4.96964328732878 34.495589361099
19.5484932764141 5.1696400694841 34.495589361099
19.5473587599896 5.36963685163942 34.495589361099
19.5462242435652 5.56963363379474 34.495589361099
19.1533613454527 2.92085745555458 45.8085588813565
19.1533613454527 3.12085745555458 45.8085588813565
19.1533613454527 3.32085745555458 45.8085588813565
19.1533613454527 3.52085745555458 45.8085588813565
19.1533613454527 3.72085745555458 45.8085588813565
19.1533613454527 3.92085745555458 45.8085588813565
19.1533613454527 4.12085745555458 45.8085588813565
19.1533613454527 4.32085745555458 45.8085588813565
19.1533613454527 4.52085745555458 45.8085588813565
19.1533613454527 4.72085745555458 45.8085588813565
19.1533613454527 4.92085745555458 45.8085588813565
19.1533613454527 5.12085745555458 45.8085588813565
19.1533613454527 5.32085745555458 45.8085588813565
18.1792353478449 3.27443080544763 57.0146848109371
18.1792353478449 3.47443080544763 57.0146848109371
18.1792353478449 3.67443080544763 57.0146848109371
18.1792353478449 3.87443080544763 57.0146848109371
18.1792353478449 4.07443080544763 57.0146848109371
18.1792353478449 4.27443080544763 57.0146848109371
18.1792353478449 4.47443080544763 57.0146848109371
18.1792353478449 4.67443080544763 57.0146848109371
18.1792353478449 4.87443080544763 57.0146848109371
18.1792353478449 5.07443080544763 57.0146848109371
22.2606045467687 0.816739598284607 6.72104242276481
22.2606045467687 1.01673959828461 6.72104242276481
22.2606045467687 1.21673959828461 6.72104242276481
22.2606045467687 1.41673959828461 6.72104242276481
22.2606045467687 1.61673959828461 6.72104242276481
22.2606045467687 1.81673959828461 6.72104242276481
22.2606045467687 2.01673959828461 6.72104242276481
22.2606045467687 2.2167395982846 6.72104242276481
22.2606045467687 2.4167395982846 6.72104242276481
22.2606045467687 2.6167395982846 6.72104242276481
22.2606045467687 2.8167395982846 6.72104242276481
22.2606045467687 3.0167395982846 6.72104242276481
22.2606045467687 3.2167395982846 6.72104242276482
22.2606045467687 3.41673959828461 6.72104242276481
22.2606045467687 3.61673959828461 6.72104242276481
22.2606045467687 3.81673959828461 6.72104242276481
22.2606045467687 4.01673959828461 6.72104242276481
22.2606045467687 4.21673959828461 6.72104242276481
22.2606045467687 4.41673959828461 6.72104242276481
22.2606045467687 4.61673959828461 6.72104242276481
22.2606045467687 4.81673959828461 6.72104242276481
22.2606045467687 5.01673959828461 6.72104242276481
22.2606045467687 5.21673959828461 6.72104242276481
22.2606045467687 5.41673959828461 6.72104242276481
22.2606045467687 5.61673959828461 6.72104242276481
22.2606045467687 5.81673959828461 6.72104242276481
22.2606045467687 6.01673959828461 6.72104242276482
22.2606045467687 6.21673959828461 6.72104242276481
22.2606045467687 6.41673959828461 6.72104242276481
22.2606045467687 6.61673959828461 6.72104242276481
22.2606045467687 6.81673959828461 6.72104242276481
22.2606045467687 7.01673959828461 6.72104242276482
22.2606045467687 7.21673959828461 6.72104242276481
22.2606045467687 7.41673959828461 6.72104242276481
13.0606045467687 0.778564362827867 6.72104242276481
13.2606045467687 0.778564362827867 6.72104242276481
13.4606045467687 0.778564362827867 6.72104242276481
13.6606045467687 0.778564362827867 6.72104242276481
13.8606045467687 0.778564362827867 6.72104242276481
14.0606045467687 0.778564362827867 6.72104242276481
14.2606045467687 0.778564362827867 6.72104242276481
14.4606045467687 0.778564362827867 6.72104242276481
14.6606045467687 0.778564362827867 6.72104242276481
14.8606045467687 0.778564362827867 6.72104242276481
15.0606045467687 0.778564362827867 6.72104242276481
15.2606045467687 0.778564362827867 6.72104242276481
15.4606045467687 0.778564362827867 6.72104242276481
15.6606045467687 0.778564362827867 6.72104242276481
15.8606045467687 0.778564362827867 6.72104242276481
16.0606045467687 0.778564362827867 6.72104242276481
16.2606045467687 0.778564362827867 6.72104242276481
16.4606045467687 0.778564362827867 6.72104242276481
16.6606045467687 0.778564362827867 6.72104242276481
16.8606045467687 0.778564362827867 6.72104242276481
17.0606045467687 0.778564362827867 6.72104242276481
17.2606045467687 0.778564362827867 6.72104242276481
17.4606045467687 0.778564362827867 6.72104242276481
17.6606045467687 0.778564362827867 6.72104242276481
17.8606045467687 0.778564362827867 6.72104242276481
18.0606045467687 0.778564362827867 6.72104242276481
18.2606045467687 0.778564362827867 6.72104242276481
18.4606045467687 0.778564362827867 6.72104242276481
18.6606045467687 0.778564362827867 6.72104242276481
18.8606045467687 0.778564362827867 6.72104242276481
19.0606045467687 0.778564362827867 6.72104242276481
19.2606045467687 0.778564362827867 6.72104242276481
19.4606045467687 0.778564362827867 6.72104242276481
19.6606045467687 0.778564362827867 6.72104242276481
19.8606045467687 0.778564362827867 6.72104242276481
20.0606045467687 0.778564362827867 6.72104242276481
20.2606045467687 0.778564362827867 6.72104242276481
20.4606045467687 0.778564362827867 6.72104242276481
20.6606045467687 0.778564362827867 6.72104242276481
20.8606045467687 0.778564362827867 6.72104242276481
21.0606045467687 0.778564362827867 6.72104242276481
21.2606045467687 0.778564362827867 6.72104242276481
21.4606045467687 0.778564362827867 6.72104242276481
21.6606045467687 0.778564362827867 6.72104242276481
21.8606045467687 0.778564362827867 6.72104242276481
22.0606045467687 0.778564362827867 6.72104242276481
22.2606045467687 0.778564362827867 6.72104242276481
13.0606045467687 7.39969461834454 6.72104242276481
13.2606045467687 7.39969461834454 6.72104242276481
13.4606045467687 7.39969461834454 6.72104242276481
13.6606045467687 7.39969461834454 6.72104242276481
13.8606045467687 7.39969461834454 6.72104242276481
14.0606045467687 7.39969461834454 6.72104242276481
14.2606045467687 7.39969461834454 6.72104242276481
14.4606045467687 7.39969461834454 6.72104242276481
14.6606045467687 7.39969461834454 6.72104242276481
14.8606045467687 7.39969461834454 6.72104242276481
15.0606045467687 7.39969461834454 6.72104242276481
15.2606045467687 7.39969461834454 6.72104242276481
15.4606045467687 7.39969461834454 6.72104242276481
15.6606045467687 7.39969461834454 6.72104242276481
15.8606045467687 7.39969461834454 6.72104242276481
16.0606045467687 7.39969461834454 6.72104242276481
16.2606045467687 7.39969461834454 6.72104242276481
16.4606045467687 7.39969461834454 6.72104242276481
16.6606045467687 7.39969461834454 6.72104242276481
16.8606045467687 7.39969461834454 6.72104242276481
17.0606045467687 7.39969461834454 6.72104242276481
17.2606045467687 7.39969461834454 6.72104242276481
17.4606045467687 7.39969461834454 6.72104242276481
17.6606045467687 7.39969461834454 6.72104242276481
17.8606045467687 7.39969461834454 6.72104242276481
18.0606045467687 7.39969461834454 6.72104242276481
18.2606045467687 7.39969461834454 6.72104242276481
18.4606045467687 7.39969461834454 6.72104242276481
18.6606045467687 7.39969461834454 6.72104242276481
18.8606045467687 7.39969461834454 6.72104242276481
19.0606045467687 7.39969461834454 6.72104242276481
19.2606045467687 7.39969461834454 6.72104242276481
19.4606045467687 7.39969461834454 6.72104242276481
19.6606045467687 7.39969461834454 6.72104242276481
19.8606045467687 7.39969461834454 6.72104242276481
20.0606045467687 7.39969461834454 6.72104242276481
20.2606045467687 7.39969461834454 6.72104242276481
20.4606045467687 7.39969461834454 6.72104242276481
20.6606045467687 7.39969461834454 6.72104242276481
20.8606045467687 7.39969461834454 6.72104242276481
21.0606045467687 7.39969461834454 6.72104242276481
21.2606045467687 7.39969461834454 6.72104242276481
21.4606045467687 7.39969461834454 6.72104242276481
21.6606045467687 7.39969461834454 6.72104242276481
21.8606045467687 7.39969461834454 6.72104242276481
22.0606045467687 7.39969461834454 6.72104242276481
22.2606045467687 7.39969461834454 6.72104242276481
23.51848231511 8.10481705124019 0.0258741281273493
23.4868841361637 8.00130067215597 0.194058296075966
23.4552859572174 7.89778429307174 0.362242464024583
23.4236877782711 7.79426791398752 0.530426631973204
23.3920895993248 7.69075153490329 0.698610799921824
23.3604914203785 7.58723515581907 0.866794967870444
23.3288932414322 7.48371877673484 1.03497913581907
23.2972950624859 7.38020239765062 1.20316330376768
23.2656968835396 7.27668601856639 1.3713474717163
23.2340987045933 7.17316963948217 1.53953163966492
23.202500525647 7.06965326039794 1.70771580761354
23.1709023467007 6.96613688131372 1.87589997556216
23.1393041677544 6.86262050222949 2.04408414351078
23.1077059888081 6.75910412314527 2.21226831145939
23.0761078098618 6.65558774406105 2.38045247940801
23.0445096309155 6.55207136497683 2.54863664735663
23.0129114519692 6.4485549858926 2.71682081530524
22.9813132730229 6.34503860680838 2.88500498325386
22.9497150940766 6.24152222772416 3.05318915120248
22.9181169151303 6.13800584863993 3.2213733191511
22.886518736184 6.03448946955571 3.38955748709971
22.8549205572377 5.93097309047149 3.55774165504833
22.8233223782914 5.82745671138726 3.72592582299695
22.7917241993451 5.72394033230304 3.89410999094557
22.7601260203988 5.62042395321881 4.06229415889418
22.7285278414525 5.51690757413459 4.2304783268428
22.6969296625062 5.41339119505036 4.39866249479142
22.6653314835599 5.30987481596614 4.56684666274004
22.6337333046136 5.20635843688192 4.73503083068866
22.6021351256673 5.10284205779769 4.90321499863728
22.570536946721 4.99932567871347 5.0713991665859
22.5389387677747 4.89580929962924 5.23958333453452
22.5073405888284 4.79229292054502 5.40776750248314
22.4757424098821 4.68877654146079 5.57595167043176
22.4441442309358 4.58526016237657 5.74413583838038
22.4125460519895 4.48174378329234 5.912320006329
22.3809478730432 4.37822740420812 6.08050417427761
22.3493496940969 4.27471102512389 6.24868834222624
22.3177515151506 4.17119464603967 6.41687251017485
22.2861533362043 4.06767826695545 6.58505667812347
22.254555157258 3.96416188787122 6.75324084607209
22.2229569783117 3.860645508787 6.92142501402071
22.1913587993654 3.75712912970277 7.08960918196933
22.1597606204191 3.65361275061855 7.25779334991795
22.1281624414728 3.55009637153432 7.42597751786657
22.0965642625265 3.4465799924501 7.59416168581518
22.0649660835802 3.34306361336588 7.7623458537638
22.0333679046339 3.23954723428166 7.93053002171241
22.0017697256876 3.13603085519743 8.09871418966103
21.9701715467413 3.03251447611321 8.26689835760965
21.938573367795 2.92899809702898 8.43508252555827
21.9069751888487 2.82548171794476 8.60326669350689
21.8753770099024 2.72196533886053 8.77145086145551
21.8437788309561 2.61844895977631 8.93963502940412
21.8121806520098 2.51493258069209 9.10781919735274
21.7805824730635 2.41141620160786 9.27600336530136
21.7489842941172 2.30789982252364 9.44418753324998
21.7173861151709 2.20438344343941 9.6123717011986
21.6857879362246 2.10086706435519 9.78055586914721
21.6541897572783 1.99735068527097 9.94874003709583
21.622591578332 1.89383430618675 10.1169242050444
21.5909933993857 1.79031792710252 10.2851083729931
21.5593952204394 1.6868015480183 10.4532925409417
21.5277970414931 1.58328516893407 10.6214767088903
21.4961988625468 1.47976878984985 10.7896608768389
21.4646006836005 1.37625241076563 10.9578450447875
21.4297004625285 1.31086624445012 11.1436046308758
21.4052900234789 1.4609434394915 11.2735314025355
21.3808795844293 1.61102063453289 11.4034581741952
21.3564691453797 1.76109782957428 11.5333849458549
21.3320587063301 1.91117502461567 11.6633117175147
21.3076482672805 2.06125221965705 11.7932384891744
21.2832378282309 2.21132941469844 11.9231652608341
21.2588273891813 2.36140660973983 12.0530920324938
21.2344169501317 2.51148380478122 12.1830188041535
21.2100065110821 2.6615609998226 12.3129455758132
21.1855960720324 2.81163819486399 12.4428723474729
21.1611856329828 2.96171538990539 12.5727991191326
21.1367751939332 3.11179258494677 12.7027258907923
21.1123647548836 3.26186977998816 12.8326526624521
21.087954315834 3.41194697502955 12.9625794341118
21.0635438767844 3.56202417007094 13.0925062057715
21.0391334377348 3.71210136511232 13.2224329774312
21.0147229986852 3.86217856015371 13.3523597490909
20.9903125596356 4.0122557551951 13.4822865207506
20.965902120586 4.16233295023649 13.6122132924103
20.9414916815364 4.31241014527787 13.74214006407
20.9170812424868 4.46248734031926 13.8720668357297
20.8926708034372 4.61256453536065 14.0019936073894
20.8682603643876 4.76264173040204 14.1319203790492
20.8438499253379 4.91271892544343 14.2618471507089
20.8194394862883 5.06279612048481 14.3917739223686
20.7950290472387 5.2128733155262 14.5217006940283
20.7706186081891 5.36295051056759 14.651627465688
20.7462081691395 5.51302770560898 14.7815542373477
20.7217977300899 5.66310490065036 14.9114810090074
20.6973872910403 5.81318209569175 15.0414077806671
20.6729768519907 5.96325929073314 15.1713345523268
20.6485664129411 6.11333648577452 15.3012613239865
20.6241559738915 6.26341368081591 15.4311880956462
20.5948917204378 6.38540513759023 15.5869497338756
20.567056819331 6.25396817374303 15.7351035148432
20.5392219182242 6.12253120989583 15.8832572958108
20.5113870171173 5.99109424604862 16.0314110767784
20.4835521160105 5.85965728220142 16.1795648577461
20.4557172149036 5.72822031835422 16.3277186387137
20.4278823137968 5.59678335450702 16.4758724196813
20.40004741269 5.46534639065983 16.6240262006489
20.3722125115831 5.33390942681263 16.7721799816165
20.3443776104763 5.20247246296543 16.9203337625842
20.3165427093694 5.07103549911823 17.0684875435518
20.2887078082626 4.93959853527103 17.2166413245194
20.2608729071558 4.80816157142383 17.364795105487
20.2330380060489 4.67672460757663 17.5129488864547
20.2052031049421 4.54528764372943 17.6611026674223
20.1773682038352 4.41385067988223 17.8092564483899
20.1495333027284 4.28241371603503 17.9574102293575
20.1216984016216 4.15097675218783 18.1055640103251
20.0938635005147 4.01953978834063 18.2537177912928
20.0660285994079 3.88810282449343 18.4018715722604
20.038193698301 3.75666586064623 18.550025353228
20.0103587971942 3.62522889679903 18.6981791341956
19.9825238960874 3.49379193295183 18.8463329151633
19.9546889949805 3.36235496910463 18.9944866961309
19.9268540938737 3.23091800525743 19.1426404770985
19.8990191927668 3.09948104141023 19.2907942580661
19.87118429166 2.96804407756303 19.4389480390338
19.8433493905532 2.83660711371583 19.5871018200014
19.8155144894463 2.70517014986863 19.735255600969
19.7876795883395 2.57373318602144 19.8834093819366
19.7598446872326 2.44229622217423 20.0315631629042
19.7320097861258 2.31085925832704 20.1797169438719
10.4249664698396 0.778564362827867 6.72104242276481
10.2249664698396 0.778564362827867 6.72104242276481
10.0249664698396 0.778564362827867 6.72104242276481
9.82496646983963 0.778564362827867 6.72104242276481
9.62496646983963 0.778564362827867 6.72104242276481
9.42496646983963 0.778564362827867 6.72104242276481
9.22496646983963 0.778564362827867 6.72104242276481
9.02496646983963 0.778564362827867 6.72104242276481
8.82496646983964 0.778564362827867 6.72104242276481
8.62496646983964 0.778564362827867 6.72104242276481
8.42496646983964 0.778564362827867 6.72104242276481
8.22496646983964 0.778564362827867 6.72104242276481
8.02496646983964 0.778564362827867 6.72104242276481
7.82496646983964 0.778564362827867 6.72104242276481
7.62496646983964 0.778564362827867 6.72104242276481
7.42496646983964 0.778564362827867 6.72104242276481
7.22496646983964 0.778564362827867 6.72104242276481
7.02496646983964 0.778564362827867 6.72104242276481
6.82496646983964 0.778564362827867 6.72104242276481
6.62496646983964 0.778564362827867 6.72104242276481
6.42496646983964 0.778564362827867 6.72104242276481
6.22496646983964 0.778564362827867 6.72104242276481
6.02496646983964 0.778564362827867 6.72104242276481
5.82496646983964 0.778564362827867 6.72104242276481
5.62496646983964 0.778564362827867 6.72104242276481
5.42496646983964 0.778564362827867 6.72104242276481
5.22496646983964 0.778564362827867 6.72104242276481
5.02496646983964 0.778564362827867 6.72104242276481
4.82496646983964 0.778564362827867 6.72104242276481
4.62496646983964 0.778564362827867 6.72104242276481
4.42496646983964 0.778564362827867 6.72104242276481
4.22496646983964 0.778564362827867 6.72104242276481
4.02496646983964 0.778564362827867 6.72104242276481
3.82496646983964 0.778564362827867 6.72104242276481
3.62496646983964 0.778564362827867 6.72104242276481
3.42496646983964 0.778564362827867 6.72104242276481
3.22496646983964 0.778564362827867 6.72104242276481
3.02496646983964 0.778564362827867 6.72104242276481
2.82496646983964 0.778564362827867 6.72104242276481
2.62496646983964 0.778564362827867 6.72104242276481
2.42496646983964 0.778564362827867 6.72104242276481
2.22496646983964 0.778564362827867 6.72104242276481
2.02496646983964 0.778564362827867 6.72104242276481
1.82496646983964 0.778564362827867 6.72104242276481
1.62496646983964 0.778564362827867 6.72104242276481
1.42496646983964 0.778564362827867 6.72104242276481
1.22496646983964 0.778564362827867 6.72104242276481
10.4249664698396 7.39969461834454 6.72104242276481
10.2249664698396 7.39969461834454 6.72104242276481
10.0249664698396 7.39969461834454 6.72104242276481
9.82496646983963 7.39969461834454 6.72104242276481
9.62496646983963 7.39969461834454 6.72104242276481
9.42496646983963 7.39969461834454 6.72104242276481
9.22496646983963 7.39969461834454 6.72104242276481
9.02496646983964 7.39969461834454 6.72104242276481
8.82496646983964 7.39969461834454 6.72104242276481
8.62496646983964 7.39969461834454 6.72104242276481
8.42496646983964 7.39969461834454 6.72104242276481
8.22496646983964 7.39969461834454 6.72104242276481
8.02496646983964 7.39969461834454 6.72104242276481
7.82496646983964 7.39969461834454 6.72104242276481
7.62496646983964 7.39969461834454 6.72104242276481
7.42496646983964 7.39969461834454 6.72104242276481
7.22496646983964 7.39969461834454 6.72104242276481
7.02496646983964 7.39969461834454 6.72104242276481
6.82496646983964 7.39969461834454 6.72104242276481
6.62496646983964 7.39969461834454 6.72104242276481
6.42496646983964 7.39969461834454 6.72104242276481
6.22496646983964 7.39969461834454 6.72104242276481
6.02496646983964 7.39969461834454 6.72104242276481
5.82496646983964 7.39969461834454 6.72104242276481
5.62496646983964 7.39969461834454 6.72104242276481
5.42496646983964 7.39969461834454 6.72104242276481
5.22496646983964 7.39969461834454 6.72104242276481
5.02496646983964 7.39969461834454 6.72104242276481
4.82496646983964 7.39969461834454 6.72104242276481
4.62496646983964 7.39969461834454 6.72104242276481
4.42496646983964 7.39969461834454 6.72104242276481
4.22496646983964 7.39969461834454 6.72104242276481
4.02496646983964 7.39969461834454 6.72104242276481
3.82496646983964 7.39969461834454 6.72104242276481
3.62496646983964 7.39969461834454 6.72104242276481
3.42496646983964 7.39969461834454 6.72104242276481
3.22496646983964 7.39969461834454 6.72104242276481
3.02496646983964 7.39969461834454 6.72104242276481
2.82496646983964 7.39969461834454 6.72104242276481
2.62496646983964 7.39969461834454 6.72104242276481
2.42496646983964 7.39969461834454 6.72104242276481
2.22496646983964 7.39969461834454 6.72104242276481
2.02496646983964 7.39969461834454 6.72104242276481
1.82496646983964 7.39969461834454 6.72104242276481
1.62496646983964 7.39969461834454 6.72104242276481
1.42496646983964 7.39969461834454 6.72104242276481
1.22496646983964 7.39969461834454 6.72104242276481
23.51848231511 0.0904869098722786 0.0258741281273306
23.4868841361637 0.194003288956502 0.194058296075948
23.4552859572174 0.297519668040725 0.362242464024565
23.4236877782711 0.40103604712495 0.530426631973185
23.3920895993248 0.504552426209176 0.698610799921805
23.3604914203785 0.608068805293398 0.86679496787042
23.3288932414322 0.711585184377621 1.03497913581904
23.2972950624859 0.815101563461844 1.20316330376765
23.2656968835396 0.91861794254607 1.37134747171627
23.2340987045933 1.02213432163029 1.53953163966489
23.202500525647 1.12565070071452 1.70771580761351
23.1709023467007 1.22916707979874 1.87589997556213
23.1393041677544 1.33268345888297 2.04408414351075
23.1077059888081 1.43619983796719 2.21226831145937
23.0761078098618 1.53971621705142 2.38045247940799
23.0445096309155 1.64323259613564 2.54863664735661
23.0129114519692 1.74674897521987 2.71682081530523
22.9813132730229 1.85026535430409 2.88500498325385
22.9497150940766 1.95378173338831 3.05318915120246
22.9181169151303 2.05729811247254 3.22137331915108
22.886518736184 2.16081449155676 3.3895574870997
22.8549205572377 2.26433087064099 3.55774165504832
22.8233223782914 2.36784724972521 3.72592582299694
22.7917241993451 2.47136362880944 3.89410999094556
22.7601260203988 2.57488000789367 4.06229415889418
22.7285278414525 2.67839638697789 4.2304783268428
22.6969296625062 2.78191276606212 4.39866249479142
22.6653314835599 2.88542914514634 4.56684666274004
22.6337333046136 2.98894552423056 4.73503083068866
22.6021351256673 3.09246190331479 4.90321499863728
22.570536946721 3.19597828239901 5.0713991665859
22.5389387677747 3.29949466148323 5.23958333453451
22.5073405888284 3.40301104056746 5.40776750248313
22.4757424098821 3.50652741965169 5.57595167043175
22.4441442309358 3.61004379873591 5.74413583838037
22.4125460519895 3.71356017782014 5.912320006329
22.3809478730432 3.81707655690436 6.08050417427761
22.3493496940969 3.92059293598858 6.24868834222623
22.3177515151506 4.02410931507281 6.41687251017485
22.2861533362043 4.12762569415703 6.58505667812346
22.254555157258 4.23114207324125 6.75324084607208
22.2229569783117 4.33465845232548 6.9214250140207
22.1913587993654 4.4381748314097 7.08960918196932
22.1597606204191 4.54169121049392 7.25779334991793
22.1281624414728 4.64520758957815 7.42597751786655
22.0965642625265 4.74872396866237 7.59416168581517
22.0649660835802 4.8522403477466 7.76234585376379
22.0333679046339 4.95575672683082 7.93053002171241
22.0017697256876 5.05927310591505 8.09871418966103
21.9701715467413 5.16278948499927 8.26689835760965
21.938573367795 5.26630586408349 8.43508252555826
21.9069751888487 5.36982224316772 8.60326669350689
21.8753770099024 5.47333862225194 8.7714508614555
21.8437788309561 5.57685500133617 8.93963502940412
21.8121806520098 5.68037138042039 9.10781919735274
21.7805824730635 5.78388775950461 9.27600336530136
21.7489842941172 5.88740413858884 9.44418753324998
21.7173861151709 5.99092051767306 9.61237170119859
21.6857879362246 6.09443689675728 9.78055586914721
21.6541897572783 6.19795327584151 9.94874003709583
21.622591578332 6.30146965492573 10.1169242050444
21.5909933993857 6.40498603400995 10.2851083729931
21.5593952204394 6.50850241309418 10.4532925409417
21.5277970414931 6.6120187921784 10.6214767088903
21.4961988625468 6.71553517126263 10.7896608768389
21.4646006836005 6.81905155034685 10.9578450447875
21.4297004625285 6.88443771666238 11.1436046308758
21.4052900234789 6.73436052162099 11.2735314025355
21.3808795844293 6.5842833265796 11.4034581741952
21.3564691453797 6.43420613153822 11.5333849458549
21.3320587063301 6.28412893649683 11.6633117175146
21.3076482672805 6.13405174145544 11.7932384891744
21.2832378282309 5.98397454641405 11.9231652608341
21.2588273891813 5.83389735137266 12.0530920324938
21.2344169501317 5.68382015633127 12.1830188041535
21.2100065110821 5.53374296128988 12.3129455758132
21.1855960720324 5.38366576624849 12.4428723474729
21.1611856329828 5.2335885712071 12.5727991191326
21.1367751939332 5.08351137616572 12.7027258907923
21.1123647548836 4.93343418112433 12.832652662452
21.087954315834 4.78335698608294 12.9625794341118
21.0635438767844 4.63327979104155 13.0925062057715
21.0391334377348 4.48320259600016 13.2224329774312
21.0147229986852 4.33312540095878 13.3523597490909
20.9903125596356 4.18304820591739 13.4822865207506
20.965902120586 4.032971010876 13.6122132924103
20.9414916815364 3.88289381583461 13.74214006407
20.9170812424868 3.73281662079323 13.8720668357297
20.8926708034372 3.58273942575184 14.0019936073894
20.8682603643876 3.43266223071045 14.1319203790491
20.8438499253379 3.28258503566907 14.2618471507089
20.8194394862883 3.13250784062768 14.3917739223686
20.7950290472387 2.98243064558629 14.5217006940283
20.7706186081891 2.8323534505449 14.651627465688
20.7462081691395 2.68227625550352 14.7815542373477
20.7217977300899 2.53219906046213 14.9114810090074
20.6973872910403 2.38212186542074 15.0414077806671
20.6729768519907 2.23204467037935 15.1713345523268
20.6485664129411 2.08196747533796 15.3012613239865
20.6241559738915 1.93189028029657 15.4311880956462
20.5948917204378 1.80989882352224 15.5869497338755
20.567056819331 1.94133578736944 15.7351035148432
20.5392219182242 2.07277275121664 15.8832572958108
20.5113870171173 2.20420971506384 16.0314110767784
20.4835521160105 2.33564667891104 16.179564857746
20.4557172149036 2.46708364275824 16.3277186387137
20.4278823137968 2.59852060660544 16.4758724196813
20.40004741269 2.72995757045264 16.6240262006489
20.3722125115831 2.86139453429984 16.7721799816165
20.3443776104763 2.99283149814704 16.9203337625842
20.3165427093694 3.12426846199424 17.0684875435518
20.2887078082626 3.25570542584144 17.2166413245194
20.2608729071558 3.38714238968864 17.364795105487
20.2330380060489 3.51857935353584 17.5129488864547
20.2052031049421 3.65001631738304 17.6611026674223
20.1773682038352 3.78145328123024 17.8092564483899
20.1495333027284 3.91289024507745 17.9574102293575
20.1216984016216 4.04432720892465 18.1055640103251
20.0938635005147 4.17576417277185 18.2537177912928
20.0660285994079 4.30720113661905 18.4018715722604
20.038193698301 4.43863810046625 18.550025353228
20.0103587971942 4.57007506431345 18.6981791341956
19.9825238960874 4.70151202816065 18.8463329151633
19.9546889949805 4.83294899200784 18.9944866961309
19.9268540938737 4.96438595585504 19.1426404770985
19.8990191927668 5.09582291970225 19.2907942580661
19.87118429166 5.22725988354945 19.4389480390338
19.8433493905532 5.35869684739664 19.5871018200014
19.8155144894463 5.49013381124384 19.735255600969
19.7876795883395 5.62157077509104 19.8834093819366
19.7598446872326 5.75300773893824 20.0315631629042
19.7320097861258 5.88444470278544 20.1797169438719
20.0913816551464 2.10221929010058 18.2669276379413
20.0913816551464 2.30221929010058 18.2669276379413
20.0913816551464 2.50221929010058 18.2669276379413
20.0913816551464 2.70221929010058 18.2669276379413
20.0913816551464 2.90221929010058 18.2669276379413
20.0913816551464 3.10221929010058 18.2669276379413
20.0913816551464 3.30221929010058 18.2669276379413
20.0913816551464 3.50221929010058 18.2669276379413
20.0913816551464 3.70221929010058 18.2669276379413
20.0913816551464 3.90221929010058 18.2669276379413
20.0913816551464 4.10221929010058 18.2669276379413
20.0913816551464 4.30221929010058 18.2669276379413
20.0913816551464 4.50221929010058 18.2669276379413
20.0913816551464 4.70221929010058 18.2669276379413
20.0913816551464 4.90221929010058 18.2669276379413
20.0913816551464 5.10221929010058 18.2669276379413
20.0913816551464 5.30221929010058 18.2669276379413
20.0913816551464 5.50221929010058 18.2669276379413
20.0913816551464 5.70221929010058 18.2669276379413
20.0913816551464 5.90221929010058 18.2669276379413
20.0913816551464 6.10221929010058 18.2669276379413
20.9659215407937 1.6321788643058 13.6121099265966
20.9659215407937 1.8321788643058 13.6121099265966
20.9659215407937 2.0321788643058 13.6121099265966
20.9659215407937 2.2321788643058 13.6121099265966
20.9659215407937 2.4321788643058 13.6121099265966
20.9659215407937 2.6321788643058 13.6121099265966
20.9659215407937 2.8321788643058 13.6121099265966
20.9659215407937 3.0321788643058 13.6121099265966
20.9659215407937 3.2321788643058 13.6121099265966
20.9659215407937 3.4321788643058 13.6121099265966
20.9659215407937 3.6321788643058 13.6121099265966
20.9659215407937 3.8321788643058 13.6121099265966
20.9659215407937 4.0321788643058 13.6121099265966
20.9659215407937 4.2321788643058 13.6121099265966
20.9659215407937 4.4321788643058 13.6121099265966
20.9659215407937 4.6321788643058 13.6121099265966
20.9659215407937 4.8321788643058 13.6121099265966
20.9659215407937 5.0321788643058 13.6121099265966
20.9659215407937 5.2321788643058 13.6121099265966
20.9659215407937 5.4321788643058 13.6121099265966
20.9659215407937 5.6321788643058 13.6121099265966
20.9659215407937 5.8321788643058 13.6121099265966
20.9659215407937 6.0321788643058 13.6121099265966
20.9659215407937 6.2321788643058 13.6121099265966
20.9659215407937 6.4321788643058 13.6121099265966
20.9659215407937 6.6321788643058 13.6121099265966
19.7320097861258 5.71085925832704 20.1797169438719
19.7320097861258 5.51085925832704 20.1797169438719
19.7320097861258 5.31085925832704 20.1797169438719
19.7320097861258 5.11085925832704 20.1797169438719
19.7320097861258 4.91085925832704 20.1797169438719
19.7320097861258 4.71085925832704 20.1797169438719
19.7320097861258 4.51085925832704 20.1797169438719
19.7320097861258 4.31085925832704 20.1797169438719
19.7320097861258 4.11085925832704 20.1797169438719
19.7320097861258 3.91085925832704 20.1797169438719
19.7320097861258 3.71085925832704 20.1797169438719
19.7320097861258 3.51085925832704 20.1797169438719
19.7320097861258 3.31085925832704 20.1797169438719
19.7320097861258 3.11085925832704 20.1797169438719
19.7320097861258 2.91085925832704 20.1797169438719
19.7320097861258 2.71085925832704 20.1797169438719
19.7320097861258 2.51085925832704 20.1797169438719
19.7320097861258 2.31085925832704 20.1797169438719
-3.21005332339197 5.58493927043092 32.6433653726605
-3.21005332339197 5.38493927043092 32.6433653726605
-3.21005332339197 5.18493927043092 32.6433653726605
-3.21005332339197 4.98493927043092 32.6433653726605
-3.21005332339197 4.78493927043092 32.6433653726605
-3.21005332339197 4.58493927043092 32.6433653726605
-3.21005332339197 4.38493927043092 32.6433653726605
-3.21005332339197 4.18493927043092 32.6433653726605
-3.21005332339197 3.98493927043092 32.6433653726605
-3.21005332339197 3.78493927043092 32.6433653726605
-3.21005332339197 3.58493927043092 32.6433653726605
-3.21005332339197 3.38493927043092 32.6433653726605
-3.21005332339197 3.18493927043092 32.6433653726605
-3.21005332339197 2.98493927043092 32.6433653726605
-3.21005332339197 2.78493927043092 32.6433653726605
-3.21005332339197 2.58493927043092 32.6433653726605
26.8560983071773 5.58420379922386 32.6099201955242
26.8560983071773 5.38420379922386 32.6099201955242
26.8560983071773 5.18420379922386 32.6099201955242
26.8560983071773 4.98420379922386 32.6099201955242
26.8560983071773 4.78420379922386 32.6099201955242
26.8560983071773 4.58420379922386 32.6099201955242
26.8560983071773 4.38420379922386 32.6099201955242
26.8560983071773 4.18420379922386 32.6099201955242
26.8560983071773 3.98420379922386 32.6099201955242
26.8560983071773 3.78420379922386 32.6099201955242
26.8560983071773 3.58420379922386 32.6099201955242
26.8560983071773 3.38420379922386 32.6099201955242
26.8560983071773 3.18420379922386 32.6099201955242
26.8560983071773 2.98420379922386 32.6099201955242
26.8560983071773 2.78420379922386 32.6099201955242
26.8560983071773 2.58420379922386 32.6099201955242
-7.0506665163701 5.23221179767311 43.8879571325171
-7.0506665163701 5.03221179767311 43.8879571325171
-7.0506665163701 4.83221179767311 43.8879571325171
-7.0506665163701 4.63221179767311 43.8879571325171
-7.0506665163701 4.43221179767311 43.8879571325171
-7.0506665163701 4.23221179767311 43.8879571325171
-7.0506665163701 4.03221179767311 43.8879571325171
-7.0506665163701 3.83221179767311 43.8879571325171
-7.0506665163701 3.63221179767311 43.8879571325171
-7.0506665163701 3.43221179767311 43.8879571325171
-7.0506665163701 3.23221179767311 43.8879571325171
-7.0506665163701 3.03221179767311 43.8879571325171
-7.0506665163701 2.83221179767311 43.8879571325171
30.6967115001554 2.96401553101944 43.8459674638789
30.6967115001554 3.16401553101944 43.8459674638789
30.6967115001554 3.36401553101944 43.8459674638789
30.6967115001554 3.56401553101944 43.8459674638789
30.6967115001554 3.76401553101944 43.8459674638789
30.6967115001554 3.96401553101944 43.8459674638789
30.6967115001554 4.16401553101944 43.8459674638789
30.6967115001554 4.36401553101944 43.8459674638789
30.6967115001554 4.56401553101944 43.8459674638789
30.6967115001554 4.76401553101944 43.8459674638789
30.6967115001554 4.96401553101944 43.8459674638789
30.6967115001554 5.16401553101944 43.8459674638789
30.6967115001554 5.36401553101944 43.8459674638789
26.3650605563211 5.07882016145573 55.102346398599
26.3650605563211 4.87882016145573 55.102346398599
26.3650605563211 4.67882016145573 55.102346398599
26.3650605563211 4.47882016145573 55.102346398599
26.3650605563211 4.27882016145573 55.102346398599
26.3650605563211 4.07882016145573 55.102346398599
26.3650605563211 3.87882016145573 55.102346398599
26.3650605563211 3.67882016145573 55.102346398599
26.3650605563211 3.47882016145573 55.102346398599
26.3650605563211 3.27882016145573 55.1023463985991
26.3650605563211 3.07882016145573 55.102346398599
-2.7190155725358 3.11577235175215 55.1346991283374
-2.7190155725358 3.31577235175215 55.1346991283374
-2.7190155725358 3.51577235175215 55.1346991283374
-2.7190155725358 3.71577235175215 55.1346991283374
-2.7190155725358 3.91577235175215 55.1346991283374
-2.7190155725358 4.11577235175215 55.1346991283374
-2.7190155725358 4.31577235175215 55.1346991283374
-2.7190155725358 4.51577235175215 55.1346991283374
-2.7190155725358 4.71577235175215 55.1346991283374
-2.7190155725358 4.91577235175215 55.1346991283374
-2.7190155725358 5.11577235175215 55.1346991283374
-7.05066651637009 4.92149032365516 57.0427502097732
-7.05066651637009 4.72149032365516 57.0427502097732
-7.05066651637009 4.52149032365516 57.0427502097732
-7.05066651637009 4.32149032365516 57.0427502097732
-7.05066651637009 4.12149032365516 57.0427502097732
-7.05066651637009 3.92149032365516 57.0427502097732
-7.05066651637009 3.72149032365516 57.0427502097732
-7.0506665163701 3.52149032365516 57.0427502097732
-7.05066651637009 3.32149032365516 57.0427502097732
-7.05066651637009 3.12149032365516 57.0427502097732
30.6967115001554 4.92056695607509 57.000760541135
30.6967115001554 4.72056695607509 57.000760541135
30.6967115001554 4.52056695607509 57.000760541135
30.6967115001554 4.32056695607509 57.000760541135
30.6967115001554 4.12056695607509 57.000760541135
30.6967115001554 3.92056695607508 57.000760541135
30.6967115001554 3.72056695607509 57.000760541135
30.6967115001554 3.52056695607509 57.000760541135
30.6967115001554 3.32056695607508 57.000760541135
30.6967115001554 3.12056695607508 57.000760541135
17.6445250674667 4.97078970896227 59.2846145526216
17.6445250674667 4.77078970896227 59.2846145526216
17.6445250674667 4.57078970896227 59.2846145526216
17.6445250674667 4.37078970896227 59.2846145526216
17.6445250674667 4.17078970896227 59.2846145526216
17.6445250674667 3.97078970896227 59.2846145526216
17.6445250674667 3.77078970896227 59.2846145526216
17.6445250674667 3.57078970896226 59.2846145526215
17.6445250674667 3.37078970896226 59.2846145526216
17.6445250674667 3.17078970896226 59.2846145526216
5.84104594914156 4.97078970896227 59.2846145526216
5.84104594914156 4.77078970896227 59.2846145526216
5.84104594914156 4.57078970896227 59.2846145526216
5.84104594914156 4.37078970896227 59.2846145526216
5.84104594914156 4.17078970896227 59.2846145526216
5.84104594914156 3.97078970896227 59.2846145526216
5.84104594914156 3.77078970896227 59.2846145526215
5.84104594914156 3.57078970896226 59.2846145526215
5.84104594914156 3.37078970896226 59.2846145526216
5.84104594914156 3.17078970896226 59.2846145526216
18.2979891261853 3.11888737693137 56.9243825382487
18.4571755539693 3.11622549090661 56.8033346321448
18.6163619817533 3.11356360488185 56.6822867260409
18.7755484095374 3.11090171885709 56.5612388199369
18.9347348373214 3.10823983283233 56.440190913833
19.0939212651055 3.10557794680757 56.3191430077291
19.2531076928895 3.10291606078281 56.1980951016251
19.4122941206736 3.10025417475805 56.0770471955212
19.5714805484576 3.09759228873329 55.9559992894173
19.7306669762417 3.09493040270853 55.8349513833133
19.8898534040257 3.09226851668377 55.7139034772094
20.0490398318098 3.08960663065901 55.5928555711055
20.2082262595938 3.08694474463425 55.4718076650015
20.3674126873778 3.08428285860949 55.3507597588976
20.5265991151619 3.08162097258473 55.2297118527937
20.6857855429459 3.07895908655997 55.1086639466897
20.710302305235 3.07939303102992 55.1283973496095
20.8660885952008 3.08215043423952 55.2537888508615
21.0218748851666 3.08490783744913 55.3791803521136
21.1776611751323 3.08766524065873 55.5045718533656
21.3334474650981 3.09042264386833 55.6299633546177
21.4892337550639 3.09318004707793 55.7553548558698
21.6450200450296 3.09593745028753 55.8807463571218
21.8008063349954 3.09869485349713 56.0061378583738
21.9565926249611 3.10145225670673 56.1315293596259
22.1123789149269 3.10420965991634 56.2569208608779
22.2681652048927 3.10696706312594 56.38231236213
22.4239514948584 3.10972446633554 56.507703863382
22.5797377848242 3.11248186954514 56.6330953646341
22.73552407479 3.11523927275474 56.7584868658861
22.8913103647557 3.11799667596434 56.8838783671382
23.0470966547215 3.12075407917395 57.0092698683902
23.1623664874195 3.11860969989256 56.9117553168692
23.3150423636486 3.11576945125082 56.7825964619451
23.4677182398778 3.11292920260909 56.6534376070209
23.6203941161069 3.11008895396735 56.5242787520968
23.7730699923361 3.10724870532562 56.3951198971727
23.9257458685652 3.10440845668388 56.2659610422485
24.0784217447944 3.10156820804215 56.1368021873244
24.2310976210235 3.09872795940041 56.0076433324003
24.3837734972527 3.09588771075868 55.8784844774761
24.5364493734818 3.09304746211694 55.749325622552
24.689125249711 3.09020721347521 55.6201667676279
24.8418011259401 3.08736696483347 55.4910079127037
24.9944770021693 3.08452671619174 55.3618490577796
25.1471528783985 3.08168646755 55.2326902028555
25.2998287546276 3.07884621890827 55.1035313479313
25.3663042262024 3.0805555121478 55.1812605841338
25.4962756468999 3.08389748574297 55.3332351248121
25.6262470675973 3.08723945933815 55.4852096654904
25.7562184882947 3.09058143293333 55.6371842061687
25.8861899089921 3.09392340652851 55.789158746847
26.0161613296895 3.09726538012369 55.9411332875254
26.1461327503869 3.10060735371886 56.0931078282037
26.2761041710843 3.10394932731404 56.245082368882
26.4060755917817 3.10729130090922 56.3970569095603
26.5360470124791 3.1106332745044 56.5490314502386
26.6660184331766 3.11397524809958 56.7010059909169
26.795989853874 3.11731722169476 56.8529805315953
26.9259612745714 3.12065919528993 57.0049550722736
26.9995532040646 3.11930948093514 56.9435775020219
27.1531299052519 3.11649280416661 56.8154905659808
27.3067066064392 3.11367612739808 56.6874036299397
27.4602833076265 3.11085945062954 56.5593166938985
27.6138600088138 3.10804277386101 56.4312297578574
27.7674367100011 3.10522609709248 56.3031428218162
27.9210134111884 3.10240942032395 56.1750558857751
28.0745901123758 3.09959274355542 56.046968949734
28.2281668135631 3.09677606678689 55.9188820136928
5.18734295826231 3.11918147701455 56.9377565891746
5.02782638170891 3.11652916099478 56.817143874155
4.86830980515551 3.11387684497501 56.6965311591353
4.70879322860212 3.11122452895524 56.5759184441156
4.54927665204873 3.10857221293547 56.4553057290959
4.38976007549534 3.1059198969157 56.3346930140763
4.23024349894195 3.10326758089593 56.2140802990566
4.07072692238856 3.10061526487615 56.0934675840369
3.91121034583517 3.09796294885638 55.9728548690172
3.75169376928177 3.09531063283661 55.8522421539976
3.59217719272837 3.09265831681684 55.7316294389779
3.43266061617498 3.09000600079707 55.6110167239582
3.27314403962159 3.0873536847773 55.4904040089385
3.11362746306818 3.08470136875753 55.3697912939189
2.95411088651478 3.08204905273776 55.2491785788992
2.79459430996138 3.07939673671798 55.1285658638795
2.7795924134771 3.07966525626408 55.1407766529592
2.62449466809628 3.08244135702131 55.2670184156306
2.46939692271545 3.08521745777853 55.393260178302
2.31429917733463 3.08799355853576 55.5195019409733
2.15920143195381 3.09076965929299 55.6457437036447
2.00410368657298 3.09354576005022 55.7719854663161
1.84900594119216 3.09632186080744 55.8982272289874
1.69390819581134 3.09909796156467 56.0244689916588
1.53881045043052 3.1018740623219 56.1507107543301
1.38371270504969 3.10465016307913 56.2769525170015
1.22861495966887 3.10742626383636 56.4031942796729
1.07351721428805 3.11020236459358 56.5294360423442
0.918419468907222 3.11297846535081 56.6556778050156
0.763321723526399 3.11575456610804 56.7819195676869
0.608223978145577 3.11853066686527 56.9081613303583
0.453126232764759 3.1213067676225 57.0344030930297
0.324256792716895 3.11894323490464 56.9269226510261
0.170680091529587 3.11612655813611 56.7988357149849
0.0171033903422819 3.11330988136758 56.6707487789438
-0.136473310845026 3.11049320459905 56.5426618429027
-0.290050012032337 3.10767652783052 56.4145749068615
-0.443626713219647 3.10485985106199 56.2864879708204
-0.597203414406945 3.10204317429346 56.1584010347793
-0.75078011559426 3.09922649752493 56.0303140987381
-0.904356816781581 3.0964098207564 55.902227162697
-1.05793351796889 3.09359314398786 55.7741402266559
-1.2115102191562 3.09077646721933 55.6460532906147
-1.36508692034351 3.0879597904508 55.5179663545736
-1.51866362153083 3.08514311368227 55.3898794185325
-1.67224032271813 3.08232643691374 55.2617924824913
-1.82581702390544 3.07950976014521 55.1337055464502
-1.8779904306931 3.0808847259738 55.1962314145627
-2.00610833284741 3.08426111537097 55.3497709962419
-2.13422623500173 3.08763750476814 55.5033105779211
-2.26234413715606 3.09101389416531 55.6568501596002
-2.39046203931038 3.09439028356249 55.8103897412794
-2.5185799414647 3.09776667295966 55.9639293229586
-2.64669784361901 3.10114306235683 56.1174689046377
-2.77481574577334 3.10451945175401 56.2710084863169
-2.90293364792767 3.10789584115118 56.4245480679961
-3.03105155008199 3.11127223054835 56.5780876496753
-3.15916945223631 3.11464861994553 56.7316272313545
-3.28728735439064 3.1180250093427 56.8851668130336
-3.41540525654496 3.12140139873987 57.0387063947128
-3.44001546975227 3.12095003459887 57.0181808411577
-3.59359217093958 3.11813335783034 56.8900939051165
-3.74716887212688 3.11531668106181 56.7620069690754
-3.90074557331419 3.11250000429328 56.6339200330343
-4.0543222745015 3.10968332752475 56.5058330969931
-4.20789897568881 3.10686665075621 56.377746160952
-4.36147567687612 3.10404997398768 56.2496592249109
-4.51505237806343 3.10123329721915 56.1215722888697
-4.66862907925074 3.09841662045062 55.9934853528286
11.8929357414218 3.11993859570386 56.9721861744986
12.0560753442624 3.11739502388098 56.8565185462381
12.219214947103 3.11485145205811 56.7408509179777
12.3823545499436 3.11230788023524 56.6251832897173
12.5454941527842 3.10976430841237 56.5095156614568
12.7086337556248 3.1072207365895 56.3938480331964
12.8717733584654 3.10467716476662 56.278180404936
13.034912961306 3.10213359294375 56.1625127766755
13.1980525641466 3.09959002112088 56.0468451484151
13.3611921669872 3.09704644929801 55.9311775201547
13.5243317698278 3.09450287747514 55.8155098918943
13.6874713726684 3.09195930565227 55.6998422636338
13.850610975509 3.08941573382939 55.5841746353734
14.0137505783496 3.08687216200652 55.468507007113
14.1768901811902 3.08432859018365 55.3528393788525
14.3400297840308 3.08178501836078 55.2371717505921
14.5031693868714 3.07924144653791 55.1215041223317
14.5214524196441 3.07953363096 55.1347910595491
14.6832274180677 3.08211898619137 55.2523587669494
14.8450024164914 3.08470434142274 55.3699264743497
15.006777414915 3.08728969665411 55.48749418175
15.1685524133386 3.08987505188548 55.6050618891503
15.3303274117622 3.09246040711684 55.7226295965506
15.4921024101859 3.09504576234821 55.8401973039509
15.6538774086095 3.09763111757958 55.9577650113512
15.8156524070331 3.10021647281095 56.0753327187515
15.9774274054568 3.10280182804232 56.1929004261518
16.1392024038804 3.10538718327368 56.3104681335521
16.300977402304 3.10797253850505 56.4280358409524
16.4627524007276 3.11055789373642 56.5456035483527
16.6245273991513 3.11314324896779 56.663171255753
16.7863023975749 3.11572860419916 56.7807389631533
16.9480773959985 3.11831395943052 56.8983066705536
17.1098523944221 3.12089931466189 57.0158743779539
11.7531092423636 3.11993859570386 56.9721861744986
11.5899696395229 3.11739502388098 56.8565185462381
11.4268300366823 3.11485145205811 56.7408509179777
11.2636904338417 3.11230788023524 56.6251832897173
11.1005508310011 3.10976430841237 56.5095156614568
10.9374112281605 3.1072207365895 56.3938480331964
10.7742716253199 3.10467716476662 56.278180404936
10.6111320224793 3.10213359294375 56.1625127766755
10.4479924196387 3.09959002112088 56.0468451484151
10.2848528167981 3.09704644929801 55.9311775201547
10.1217132139575 3.09450287747514 55.8155098918943
9.95857361111693 3.09195930565227 55.6998422636338
9.79543400827632 3.08941573382939 55.5841746353734
9.63229440543571 3.08687216200652 55.4685070071129
9.46915480259513 3.08432859018365 55.3528393788525
9.30601519975452 3.08178501836078 55.2371717505921
9.14287559691392 3.07924144653791 55.1215041223317
9.00960420211129 3.08125924547298 55.2132624973177
8.84488615528748 3.08375316324102 55.3266721328197
8.68016810846367 3.08624708100906 55.4400817683218
8.51545006163987 3.08874099877709 55.5534914038239
8.35073201481606 3.09123491654513 55.666901039326
8.18601396799225 3.09372883431316 55.7803106748281
8.02129592116844 3.0962227520812 55.8937203103302
7.85657787434463 3.09871666984924 56.0071299458322
7.69185982752082 3.10121058761727 56.1205395813343
7.52714178069701 3.10370450538531 56.2339492168364
7.36242373387321 3.10619842315334 56.3473588523385
7.1977056870494 3.10869234092138 56.4607684878406
7.03298764022559 3.11118625868942 56.5741781233427
6.86826959340177 3.11368017645745 56.6875877588448
6.70355154657796 3.11617409422549 56.8009973943468
6.53883349975415 3.11866801199352 56.9144070298489
6.37411545293034 3.12116192976156 57.027816665351
11.8381634140841 2.87434489092199 45.803938007738
11.9910068931381 2.8715090026326 45.6749774376079
12.143850372192 2.86867311434322 45.5460168674777
12.296693851246 2.86583722605384 45.4170562973476
12.4495373302999 2.86300133776445 45.2880957272174
12.6023808093539 2.86016544947507 45.1591351570873
12.7552242884078 2.85732956118569 45.0301745869571
12.9080677674618 2.8544936728963 44.901214016827
13.0609112465157 2.85165778460692 44.7722534466968
13.2137547255697 2.84882189631754 44.6432928765667
13.3665982046237 2.84598600802815 44.5143323064365
13.5194416836776 2.84315011973877 44.3853717363063
13.6722851627316 2.84031423144938 44.2564111661762
13.8251286417855 2.83747834316 44.127450596046
13.9779721208395 2.83464245487062 43.9984900259159
14.1308155998934 2.83180656658123 43.8695294557857
14.2022260211379 2.83308545666567 43.927686328551
14.3572893248721 2.83586248721875 44.0539703732136
14.5123526286062 2.83863951777184 44.1802544178763
14.6674159323403 2.84141654832492 44.306538462539
14.8224792360745 2.84419357887801 44.4328225072017
14.9775425398086 2.8469706094311 44.5591065518643
15.1326058435427 2.84974763998418 44.685390596527
15.2876691472769 2.85252467053727 44.8116746411897
15.442732451011 2.85530170109036 44.9379586858524
15.5977957547451 2.85807873164344 45.064242730515
15.7528590584792 2.86085576219653 45.1905267751777
15.9079223622134 2.86363279274962 45.3168108198404
16.0629856659475 2.8664098233027 45.443094864503
16.2180489696816 2.86918685385579 45.5693789091657
16.3731122734158 2.87196388440888 45.6956629538284
16.5281755771499 2.87474091496196 45.8219469984911
11.8078815697012 2.87434489092199 45.803938007738
11.6550380906472 2.8715090026326 45.6749774376079
11.5021946115933 2.86867311434322 45.5460168674777
11.3493511325393 2.86583722605384 45.4170562973476
11.1965076534854 2.86300133776445 45.2880957272174
11.0436641744314 2.86016544947507 45.1591351570873
10.8908206953775 2.85732956118569 45.0301745869571
10.7379772163235 2.8544936728963 44.901214016827
10.5851337372696 2.85165778460692 44.7722534466968
10.4322902582156 2.84882189631754 44.6432928765666
10.2794467791617 2.84598600802815 44.5143323064365
10.1266033001077 2.84315011973877 44.3853717363063
9.97375982105376 2.84031423144939 44.2564111661762
9.8209163419998 2.83747834316 44.127450596046
9.66807286294585 2.83464245487062 43.9984900259159
9.51522938389189 2.83180656658123 43.8695294557857
9.44381896264739 2.83308545666566 43.9276863285509
9.28875565891326 2.83586248721875 44.0539703732136
9.13369235517913 2.83863951777184 44.1802544178763
8.97862905144499 2.84141654832492 44.306538462539
8.82356574771086 2.84419357887801 44.4328225072016
8.66850244397673 2.8469706094311 44.5591065518643
8.5134391402426 2.84974763998418 44.685390596527
8.35837583650847 2.85252467053727 44.8116746411897
8.20331253277434 2.85530170109036 44.9379586858523
8.04824922904019 2.85807873164344 45.064242730515
7.89318592530606 2.86085576219653 45.1905267751777
7.73812262157193 2.86363279274962 45.3168108198404
7.5830593178378 2.8664098233027 45.4430948645031
7.42799601410366 2.86918685385579 45.5693789091657
7.27293271036954 2.87196388440888 45.6956629538284
7.11786940663541 2.87474091496196 45.8219469984911
11.9549400094192 2.62349761588109 34.3967864193019
12.1100262952074 2.62072120570016 34.2705305857459
12.2651125809956 2.61794479551923 34.1442747521898
12.4201988667838 2.6151683853383 34.0180189186337
12.575285152572 2.61239197515737 33.8917630850777
12.7303714383602 2.60961556497644 33.7655072515217
12.8854577241484 2.60683915479551 33.6392514179656
13.0405440099365 2.60406274461458 33.5129955844096
13.1956302957247 2.60128633443364 33.3867397508535
13.3507165815129 2.59850992425271 33.2604839172975
13.5058028673011 2.59573351407178 33.1342280837414
13.6608891530893 2.59295710389085 33.0079722501854
13.8159754388775 2.59018069370992 32.8817164166293
13.9710617246657 2.58740428352899 32.7554605830733
14.1261480104538 2.58462787334806 32.6292047495172
14.2568430682926 2.58727055419461 32.7493793099603
14.4040493827105 2.59024709603204 32.8847360282797
14.5512556971283 2.59322363786947 33.0200927465991
14.6984620115462 2.5962001797069 33.1554494649185
14.8456683259641 2.59917672154433 33.2908061832379
14.9928746403819 2.60215326338176 33.4261629015573
15.1400809547998 2.60512980521919 33.5615196198767
15.2872872692177 2.60810634705662 33.6968763381961
15.4344935836355 2.61108288889406 33.8322330565155
15.5816998980534 2.61405943073149 33.9675897748349
15.7289062124713 2.61703597256892 34.1029464931543
15.8761125268891 2.62001251440635 34.2383032114737
16.023318841307 2.62298905624378 34.3736599297931
16.1705251557249 2.62596559808121 34.5090166481125
11.6911049743661 2.62349761588109 34.3967864193019
11.5360186885779 2.62072120570016 34.2705305857458
11.3809324027897 2.61794479551923 34.1442747521898
11.2258461170015 2.6151683853383 34.0180189186337
11.0707598312133 2.61239197515737 33.8917630850777
10.9156735454251 2.60961556497644 33.7655072515216
10.760587259637 2.60683915479551 33.6392514179656
10.6055009738488 2.60406274461458 33.5129955844096
10.4504146880606 2.60128633443365 33.3867397508535
10.2953284022724 2.59850992425271 33.2604839172975
10.1402421164842 2.59573351407178 33.1342280837414
9.98515583069603 2.59295710389085 33.0079722501854
9.83006954490784 2.59018069370992 32.8817164166293
9.67498325911966 2.58740428352899 32.7554605830733
9.51989697333148 2.58462787334806 32.6292047495172
9.38920191549275 2.58727055419461 32.7493793099603
9.24199560107489 2.59024709603204 32.8847360282797
9.09478928665702 2.59322363786947 33.0200927465991
8.94758297223914 2.5962001797069 33.1554494649185
8.80037665782127 2.59917672154433 33.2908061832379
8.6531703434034 2.60215326338176 33.4261629015573
8.50596402898553 2.60512980521919 33.5615196198767
8.35875771456766 2.60810634705662 33.6968763381961
8.21155140014979 2.61108288889406 33.8322330565155
8.06434508573192 2.61405943073149 33.9675897748349
7.91713877131405 2.61703597256892 34.1029464931543
7.76993245689618 2.62001251440635 34.2383032114737
7.62272614247831 2.62298905624378 34.3736599297931
7.47551982806044 2.62596559808121 34.5090166481125
18.5186788622552 3.07751949887528 55.0431994327084
18.3598814250561 3.07484640645644 54.9216419215627
18.2010839878571 3.07217331403759 54.800084410417
18.042286550658 3.06950022161875 54.6785268992713
17.883489113459 3.06682712919991 54.5569693881257
17.7246916762599 3.06415403678106 54.43541187698
17.5658942390609 3.06148094436222 54.3138543658343
17.4070968018618 3.05880785194338 54.1922968546886
17.2482993646628 3.05613475952453 54.0707393435429
17.0895019274637 3.05346166710569 53.9491818323972
16.9307044902647 3.05078857468685 53.8276243212516
16.7719070530656 3.048115482268 53.7060668101059
16.6131096158666 3.04544238984916 53.5845092989602
16.6560540437794 3.04446955709319 53.5402702267371
16.7953426460862 3.04131421141874 53.3967824953413
16.9346312483929 3.03815886574428 53.2532947639456
17.0739198506997 3.03500352006983 53.1098070325498
17.2132084530064 3.03184817439537 52.966319301154
17.3524970553132 3.02869282872092 52.8228315697583
17.4917856576199 3.02553748304646 52.6793438383625
17.6310742599267 3.022382137372 52.5358561069667
17.7703628622334 3.01922679169755 52.3923683755709
17.9096514645402 3.01607144602309 52.2488806441752
18.0489400668469 3.01291610034864 52.1053929127794
18.1882286691537 3.00976075467418 51.9619051813836
18.3275172714605 3.00660540899973 51.8184174499878
18.4668058737672 3.00345006332527 51.6749297185921
18.606094476074 3.00029471765082 51.5314419871963
18.7453830783807 2.99713937197636 51.3879542558005
18.7285775798622 2.99686174513513 51.3753293171303
18.5686866419594 2.99422034678666 51.2552130776316
18.4087957040565 2.99157894843819 51.1350968381328
18.2489047661537 2.98893755008972 51.014980598634
18.0890138282509 2.98629615174125 50.8948643591353
17.9291228903481 2.98365475339278 50.7747481196365
17.7692319524452 2.98101335504432 50.6546318801378
17.6093410145424 2.97837195669585 50.534515640639
17.4494500766396 2.97573055834738 50.4143994011403
17.2895591387368 2.97308915999891 50.2942831616415
17.129668200834 2.97044776165044 50.1741669221428
16.9697772629311 2.96780636330198 50.054050682644
16.8098863250283 2.96516496495351 49.9339344431453
16.6499953871255 2.96252356660504 49.8138182036465
16.4901044492227 2.95988216825657 49.6937019641478
16.4909344569783 2.95986794788282 49.6930552999215
16.6486888685778 2.95716516989229 49.5701478525799
16.8064432801772 2.95446239190176 49.4472404052382
16.9641976917767 2.95175961391122 49.3243329578966
17.1219521033762 2.94905683592069 49.2014255105549
17.2797065149756 2.94635405793016 49.0785180632133
17.4374609265751 2.94365127993963 48.9556106158716
17.5952153381746 2.9409485019491 48.83270316853
17.752969749774 2.93824572395856 48.7097957211883
17.9107241613735 2.93554294596803 48.5868882738467
18.068478572973 2.9328401679775 48.463980826505
18.2262329845724 2.93013738998697 48.3410733791633
18.3839873961719 2.92743461199644 48.2181659318217
18.5417418077714 2.9247318340059 48.09525848448
18.6994962193708 2.92202905601537 47.9723510371384
18.8572506309703 2.91932627802484 47.8494435897967
18.848714469719 2.91917340381134 47.8424917130938
18.6936511659849 2.91639637325826 47.7162076684312
18.5385878622507 2.91361934270517 47.5899236237685
18.3835245585166 2.91084231215208 47.4636395791058
18.2284612547825 2.908065281599 47.3373555344431
18.0733979510483 2.90528825104591 47.2110714897805
17.9183346473142 2.90251122049282 47.0847874451178
17.76327134358 2.89973418993974 46.9585034004551
17.6082080398459 2.89695715938665 46.8322193557924
17.4531447361118 2.89418012883356 46.7059353111297
17.2980814323776 2.89140309828048 46.5796512664671
17.1430181286435 2.88862606772739 46.4533672218044
16.9879548249094 2.88584903717431 46.3270831771417
16.8328915211753 2.88307200662122 46.2007991324791
16.6778282174411 2.88029497606813 46.0745150878164
16.522764913707 2.87751794551505 45.9482310431537
16.3677016099729 2.87474091496196 45.8219469984911
16.4162771450368 2.87394571504672 45.7857856888865
16.5766908590309 2.87131968176468 45.6663681679281
16.7371045730249 2.86869364848264 45.5469506469698
16.897518287019 2.8660676152006 45.4275331260114
17.0579320010131 2.86344158191855 45.3081156050531
17.2183457150071 2.86081554863651 45.1886980840947
17.3787594290012 2.85818951535447 45.0692805631364
17.5391731429952 2.85556348207242 44.9498630421781
17.6995868569893 2.85293744879038 44.8304455212197
17.8600005709833 2.85031141550834 44.7110280002614
18.0204142849774 2.8476853822263 44.591610479303
18.1808279989714 2.84505934894425 44.4721929583447
18.3412417129655 2.84243331566221 44.3527754373863
18.5016554269595 2.83980728238017 44.233357916428
18.6620691409536 2.83718124909813 44.1139403954697
18.8224828549476 2.83455521581608 43.9945228745113
18.9828965689417 2.83192918253404 43.875105353553
18.91769542595 2.83098073095209 43.8319750027535
18.7509007001837 2.82855444340166 43.7216408168216
18.5841059744173 2.82612815585123 43.6113066308897
18.417311248651 2.8237018683008 43.5009724449578
18.2505165228846 2.82127558075038 43.3906382590259
18.0837217971183 2.81884929319995 43.2803040730941
17.9169270713519 2.81642300564952 43.1699698871622
17.7501323455856 2.81399671809909 43.0596357012303
17.5833376198192 2.81157043054866 42.9493015152984
17.4165428940529 2.80914414299823 42.8389673293665
17.2497481682865 2.80671785544781 42.7286331434346
17.0829534425202 2.80429156789738 42.6182989575027
16.9161587167538 2.80186528034695 42.5079647715709
16.7493639909875 2.79943899279652 42.397630585639
16.5825692652211 2.79701270524609 42.2872963997071
16.4157745394548 2.79458641769567 42.1769622137752
16.2489798136885 2.79216013014524 42.0666280278433
16.2748949080074 2.79177878517298 42.0492865601902
16.4411006465623 2.78933303977156 41.938067538432
16.6073063851173 2.78688729437014 41.8268485166739
16.7735121236722 2.78444154896872 41.7156294949157
16.9397178622272 2.78199580356729 41.6044104731576
17.1059236007821 2.77955005816587 41.4931914513994
17.272129339337 2.77710431276445 41.3819724296413
17.438335077892 2.77465856736303 41.2707534078831
17.6045408164469 2.7722128219616 41.159534386125
17.7707465550019 2.76976707656018 41.0483153643668
17.9369522935568 2.76732133115876 40.9370963426087
18.1031580321117 2.76487558575734 40.8258773208506
18.2693637706667 2.76242984035591 40.7146582990924
18.4355695092216 2.75998409495449 40.6034392773343
18.6017752477766 2.75753834955307 40.4922202555761
18.7679809863315 2.75509260415165 40.381001233818
18.9341867248864 2.75264685875023 40.2697822120598
19.1003924634414 2.7502011133488 40.1585631903017
19.0924568763793 2.7501021001212 40.1540606143962
18.9185167068178 2.74793182872684 40.0553686322751
18.7445765372564 2.74576155733248 39.9566766501539
18.5706363676949 2.74359128593813 39.8579846680327
18.3966961981335 2.74142101454377 39.7592926859116
18.222756028572 2.73925074314941 39.6606007037904
18.0488158590106 2.73708047175506 39.5619087216692
17.8748756894491 2.7349102003607 39.4632167395481
17.7009355198876 2.73273992896634 39.3645247574269
17.5269953503262 2.73056965757198 39.2658327753057
17.3530551807647 2.72839938617763 39.1671407931846
17.1791150112033 2.72622911478327 39.0684488110634
17.0051748416418 2.72405884338891 38.9697568289422
16.8312346720804 2.72188857199455 38.8710648468211
16.6572945025189 2.7197183006002 38.7723728646999
16.4833543329574 2.71754802920584 38.6736808825787
16.309414163396 2.71537775781148 38.5749889004576
16.1354739938345 2.71320748641712 38.4762969183364
16.2527643073933 2.71143693461775 38.3957819804429
16.4176400512344 2.70894805863068 38.282601617353
16.5825157950755 2.70645918264362 38.1694212542631
16.7473915389167 2.70397030665656 38.0562408911732
16.9122672827578 2.7014814306695 37.9430605280833
17.0771430265989 2.69899255468244 37.8298801649934
17.24201877044 2.69650367869537 37.7166998019035
17.4068945142811 2.69401480270831 37.6035194388136
17.5717702581222 2.69152592672125 37.4903390757237
17.7366460019634 2.68903705073419 37.3771587126339
17.9015217458045 2.68654817474712 37.263978349544
18.0663974896456 2.68405929876006 37.1507979864541
18.2312732334867 2.681570422773 37.0376176233642
18.3961489773278 2.67908154678594 36.9244372602743
18.5610247211689 2.67659267079887 36.8112568971844
18.7259004650101 2.67410379481181 36.6980765340945
18.8907762088512 2.67161491882475 36.5848961710046
19.0556519526923 2.66912604283769 36.4717158079147
19.2205276965334 2.66663716685063 36.3585354448249
19.1292575562333 2.66548092110998 36.305955760892
18.9559683135841 2.66328562538616 36.2061258101821
18.7826790709349 2.66109032966234 36.1062958594721
18.6093898282857 2.65889503393852 36.0064659087621
18.4361005856365 2.6566997382147 35.9066359580521
18.2628113429873 2.65450444249088 35.8068060073422
18.0895221003382 2.65230914676706 35.7069760566322
17.916232857689 2.65011385104324 35.6071461059222
17.7429436150398 2.64791855531942 35.5073161552123
17.5696543723906 2.64572325959559 35.4074862045023
17.3963651297414 2.64352796387177 35.3076562537923
17.2230758870922 2.64133266814795 35.2078263030824
17.049786644443 2.63913737242413 35.1079963523724
16.8764974017938 2.63694207670031 35.0081664016624
16.7032081591446 2.63474678097649 34.9083364509524
16.5299189164954 2.63255148525267 34.8085065002425
16.3566296738462 2.63035618952885 34.7086765495325
16.183340431197 2.62816089380503 34.6088465988225
16.0100511885479 2.62596559808121 34.5090166481125
16.0271802869274 2.62575352266482 34.4993726269742
16.2014465325029 2.6235959317762 34.4012572843687
16.3757127780784 2.62143834088758 34.3031419417632
16.5499790236538 2.61928074999896 34.2050265991578
16.7242452692293 2.61712315911035 34.1069112565523
16.8985115148048 2.61496556822173 34.0087959139468
17.0727777603802 2.61280797733311 33.9106805713414
17.2470440059557 2.6106503864445 33.8125652287359
17.4213102515312 2.60849279555588 33.7144498861304
17.5955764971066 2.60633520466726 33.616334543525
17.7698427426821 2.60417761377864 33.5182192009195
17.9441089882576 2.60202002289003 33.420103858314
18.118375233833 2.59986243200141 33.3219885157086
18.2926414794085 2.59770484111279 33.2238731731031
18.466907724984 2.59554725022417 33.1257578304976
18.6411739705594 2.59338965933556 33.0276424878922
18.8154402161349 2.59123206844694 32.9295271452867
18.9897064617104 2.58907447755832 32.8314118026812
19.1639727072858 2.58691688666971 32.7332964600758
19.3382389528613 2.58475929578109 32.6351811174703
19.2484478843677 2.58349407841822 32.5776460047283
19.0800640866212 2.58112143592596 32.4697513003907
18.9116802888748 2.5787487934337 32.3618565960532
18.7432964911283 2.57637615094143 32.2539618917156
18.5749126933818 2.57400350844917 32.1460671873781
18.4065288956354 2.57163086595691 32.0381724830406
18.2381450978889 2.56925822346464 31.930277778703
18.0697613001425 2.56688558097238 31.8223830743655
17.901377502396 2.56451293848012 31.7144883700279
17.7329937046496 2.56214029598785 31.6065936656904
17.5646099069031 2.55976765349559 31.4986989613529
17.3962261091567 2.55739501100333 31.3908042570153
17.2278423114102 2.55502236851106 31.2829095526778
17.0594585136638 2.5526497260188 31.1750148483402
16.8910747159173 2.55027708352654 31.0671201440027
16.7226909181709 2.54790444103427 30.9592254396652
16.5543071204244 2.54553179854201 30.8513307353276
16.385923322678 2.54315915604975 30.7434360309901
16.2175395249315 2.54078651355748 30.6355413266526
16.0491557271851 2.53841387106522 30.527646622315
15.8807719294386 2.53604122857296 30.4197519179775
15.9505586681679 2.53505307346878 30.374816069803
16.1187024511488 2.53267221801668 30.2665478853156
16.2868462341296 2.53029136256457 30.1582797008282
16.4549900171105 2.52791050711247 30.0500115163407
16.6231338000914 2.52552965166037 29.9417433318533
16.7912775830722 2.52314879620826 29.8334751473659
16.9594213660531 2.52076794075616 29.7252069628785
17.127565149034 2.51838708530406 29.6169387783911
17.2957089320148 2.51600622985196 29.5086705939037
17.4638527149957 2.51362537439985 29.4004024094163
17.6319964979765 2.51124451894775 29.2921342249289
17.8001402809574 2.50886366349565 29.1838660404415
17.9682840639383 2.50648280804354 29.0755978559541
18.1364278469191 2.50410195259144 28.9673296714667
18.3045716299 2.50172109713934 28.8590614869792
18.4727154128809 2.49934024168724 28.7507933024918
18.6408591958617 2.49695938623513 28.6425251180044
18.8090029788426 2.49457853078303 28.534256933517
18.9771467618235 2.49219767533093 28.4259887490296
19.1452905448043 2.48981681987882 28.3177205645422
19.3134343277852 2.48743596442672 28.2094523800548
19.4815781107661 2.48505510897462 28.1011841955674
19.3409955710336 2.48291210017158 28.0037319658488
19.1766389271726 2.48040668424083 27.8897994572756
19.0122822833117 2.47790126831008 27.7758669487025
18.8479256394507 2.47539585237933 27.6619344401293
18.6835689955897 2.47289043644858 27.5480019315561
18.5192123517288 2.47038502051783 27.434069422983
18.3548557078678 2.46787960458708 27.3201369144098
18.1904990640069 2.46537418865633 27.2062044058366
18.0261424201459 2.46286877272558 27.0922718972634
17.861785776285 2.46036335679483 26.9783393886903
17.697429132424 2.45785794086408 26.8644068801171
17.533072488563 2.45535252493333 26.7504743715439
17.3687158447021 2.45284710900258 26.6365418629707
17.2043592008411 2.45034169307183 26.5226093543975
17.0400025569802 2.44783627714108 26.4086768458244
16.8756459131192 2.44533086121033 26.2947443372512
16.7112892692583 2.44282544527958 26.180811828678
16.5469326253973 2.44032002934882 26.0668793201049
16.3825759815363 2.43781461341807 25.9529468115317
16.2182193376754 2.43530919748732 25.8390143029585
16.0538626938144 2.43280378155657 25.7250817943853
15.8895060499535 2.43029836562582 25.6111492858122
15.7251494060925 2.42779294969507 25.497216777239
15.800451304099 2.42656530215744 25.4413901330922
15.961100520006 2.42394623650902 25.3222894617104
16.1217497359129 2.42132717086059 25.2031887903286
16.2823989518199 2.41870810521216 25.0840881189467
16.4430481677269 2.41608903956373 24.9649874475649
16.6036973836339 2.41346997391531 24.8458867761831
16.7643465995409 2.41085090826688 24.7267861048012
16.9249958154478 2.40823184261845 24.6076854334194
17.0856450313548 2.40561277697003 24.4885847620376
17.2462942472618 2.4029937113216 24.3694840906557
17.4069434631688 2.40037464567317 24.2503834192739
17.5675926790757 2.39775558002474 24.1312827478921
17.7282418949827 2.39513651437632 24.0121820765102
17.8888911108897 2.39251744872789 23.8930814051284
18.0495403267967 2.38989838307946 23.7739807337466
18.2101895427036 2.38727931743104 23.6548800623647
18.3708387586106 2.38466025178261 23.5357793909829
18.5314879745176 2.38204118613418 23.4166787196011
18.6921371904246 2.37942212048575 23.2975780482192
18.8527864063315 2.37680305483733 23.1784773768374
19.0134356222385 2.3741839891889 23.0593767054556
19.1740848381455 2.37156492354047 22.9402760340737
19.3347340540525 2.36894585789205 22.8211753626919
19.4953832699594 2.36632679224362 22.7020746913101
19.6560324858664 2.36370772659519 22.5829740199282
19.5250367910418 2.362018793904 22.5061706692524
19.3525152065968 2.35979446627022 22.4050205072793
19.1799936221519 2.35757013863644 22.3038703453062
19.0074720377069 2.35534581100266 22.2027201833332
18.8349504532619 2.35312148336888 22.1015700213601
18.662428868817 2.3508971557351 22.000419859387
18.489907284372 2.34867282810132 21.899269697414
18.3173856999271 2.34644850046753 21.7981195354409
18.1448641154821 2.34422417283375 21.6969693734678
17.9723425310371 2.34199984519997 21.5958192114948
17.7998209465922 2.33977551756619 21.4946690495217
17.6272993621472 2.33755118993241 21.3935188875486
17.4547777777022 2.33532686229863 21.2923687255756
17.2822561932573 2.33310253466485 21.1912185636025
17.1097346088123 2.33087820703107 21.0900684016294
16.9372130243674 2.32865387939729 20.9889182396564
16.7646914399224 2.3264295517635 20.8877680776833
16.5921698554774 2.32420522412972 20.7866179157103
16.4196482710325 2.32198089649594 20.6854677537372
16.2471266865875 2.31975656886216 20.5843175917641
16.0746051021426 2.31753224122838 20.4831674297911
15.9020835176976 2.3153079135946 20.382017267818
15.7295619332526 2.31308358596082 20.2808671058449
15.5570403488077 2.31085925832704 20.1797169438719
16.7703712726782 3.07751949887528 55.0431994327084
16.9291687098773 3.07484640645644 54.9216419215627
17.0879661470763 3.07217331403759 54.800084410417
17.2467635842754 3.06950022161875 54.6785268992714
17.4055610214745 3.06682712919991 54.5569693881257
17.5643584586735 3.06415403678106 54.43541187698
17.7231558958726 3.06148094436222 54.3138543658343
17.8819533330716 3.05880785194338 54.1922968546886
18.0407507702707 3.05613475952453 54.070739343543
18.1995482074697 3.05346166710569 53.9491818323973
18.3583456446688 3.05078857468685 53.8276243212516
18.5171430818678 3.048115482268 53.7060668101059
18.6759405190669 3.04544238984916 53.5845092989602
18.6329960911541 3.04446955709319 53.5402702267371
18.4937074888473 3.04131421141874 53.3967824953414
18.3544188865406 3.03815886574428 53.2532947639456
18.2151302842338 3.03500352006983 53.1098070325498
18.0758416819271 3.03184817439537 52.966319301154
17.9365530796203 3.02869282872092 52.8228315697583
17.7972644773135 3.02553748304646 52.6793438383625
17.6579758750068 3.022382137372 52.5358561069667
17.5186872727 3.01922679169755 52.3923683755709
17.3793986703933 3.01607144602309 52.2488806441752
17.2401100680865 3.01291610034864 52.1053929127794
17.1008214657798 3.00976075467418 51.9619051813836
16.961532863473 3.00660540899973 51.8184174499878
16.8222442611663 3.00345006332527 51.674929718592
16.6829556588595 3.00029471765082 51.5314419871963
16.5436670565528 2.99713937197636 51.3879542558005
16.5604725550713 2.99686174513512 51.3753293171303
16.7203634929741 2.99422034678666 51.2552130776315
16.880254430877 2.99157894843819 51.1350968381328
17.0401453687798 2.98893755008972 51.014980598634
17.2000363066826 2.98629615174125 50.8948643591353
17.3599272445854 2.98365475339278 50.7747481196365
17.5198181824882 2.98101335504432 50.6546318801378
17.6797091203911 2.97837195669585 50.534515640639
17.8396000582939 2.97573055834738 50.4143994011403
17.9994909961967 2.97308915999891 50.2942831616415
18.1593819340995 2.97044776165044 50.1741669221428
18.3192728720023 2.96780636330198 50.054050682644
18.4791638099052 2.96516496495351 49.9339344431453
18.639054747808 2.96252356660504 49.8138182036465
18.7989456857108 2.95988216825657 49.6937019641478
18.7981156779552 2.95986794788282 49.6930552999215
18.6403612663557 2.95716516989229 49.5701478525799
18.4826068547563 2.95446239190176 49.4472404052382
18.3248524431568 2.95175961391122 49.3243329578966
18.1670980315573 2.94905683592069 49.2014255105549
18.0093436199579 2.94635405793016 49.0785180632133
17.8515892083584 2.94365127993963 48.9556106158716
17.6938347967589 2.9409485019491 48.83270316853
17.5360803851595 2.93824572395856 48.7097957211883
17.37832597356 2.93554294596803 48.5868882738466
17.2205715619605 2.9328401679775 48.463980826505
17.062817150361 2.93013738998697 48.3410733791633
16.9050627387616 2.92743461199644 48.2181659318217
16.7473083271621 2.9247318340059 48.09525848448
16.5895539155627 2.92202905601537 47.9723510371384
16.4317995039632 2.91932627802484 47.8494435897967
16.4403356652145 2.91917340381134 47.8424917130938
16.5953989689486 2.91639637325826 47.7162076684312
16.7504622726827 2.91361934270517 47.5899236237685
16.9055255764169 2.91084231215208 47.4636395791058
17.060588880151 2.908065281599 47.3373555344431
17.2156521838851 2.90528825104591 47.2110714897805
17.3707154876193 2.90251122049282 47.0847874451178
17.5257787913534 2.89973418993974 46.9585034004551
17.6808420950875 2.89695715938665 46.8322193557925
17.8359053988217 2.89418012883357 46.7059353111298
17.9909687025558 2.89140309828048 46.5796512664671
18.1460320062899 2.88862606772739 46.4533672218044
18.3010953100241 2.88584903717431 46.3270831771418
18.4561586137582 2.88307200662122 46.2007991324791
18.6112219174923 2.88029497606813 46.0745150878164
18.7662852212265 2.87751794551505 45.9482310431537
18.9213485249606 2.87474091496196 45.8219469984911
18.8727729898966 2.87394571504672 45.7857856888865
18.7123592759026 2.87131968176468 45.6663681679281
18.5519455619085 2.86869364848264 45.5469506469698
18.3915318479145 2.8660676152006 45.4275331260114
18.2311181339204 2.86344158191855 45.3081156050531
18.0707044199264 2.86081554863651 45.1886980840947
17.9102907059323 2.85818951535447 45.0692805631364
17.7498769919383 2.85556348207242 44.9498630421781
17.5894632779442 2.85293744879038 44.8304455212197
17.4290495639501 2.85031141550834 44.7110280002614
17.2686358499561 2.8476853822263 44.591610479303
17.108222135962 2.84505934894425 44.4721929583447
16.947808421968 2.84243331566221 44.3527754373863
16.7873947079739 2.83980728238017 44.233357916428
16.6269809939799 2.83718124909812 44.1139403954696
16.4665672799859 2.83455521581608 43.9945228745113
16.3061535659918 2.83192918253404 43.875105353553
16.3713547089835 2.83098073095209 43.8319750027535
16.5381494347498 2.82855444340166 43.7216408168216
16.7049441605162 2.82612815585123 43.6113066308897
16.8717388862825 2.8237018683008 43.5009724449578
17.0385336120489 2.82127558075038 43.3906382590259
17.2053283378152 2.81884929319995 43.2803040730941
17.3721230635815 2.81642300564952 43.1699698871622
17.5389177893479 2.81399671809909 43.0596357012303
17.7057125151142 2.81157043054866 42.9493015152984
17.8725072408806 2.80914414299823 42.8389673293665
18.0393019666469 2.80671785544781 42.7286331434346
18.2060966924133 2.80429156789738 42.6182989575028
18.3728914181796 2.80186528034695 42.5079647715709
18.539686143946 2.79943899279652 42.397630585639
18.7064808697123 2.79701270524609 42.2872963997071
18.8732755954787 2.79458641769567 42.1769622137752
19.040070321245 2.79216013014524 42.0666280278433
19.0141552269261 2.79177878517298 42.0492865601902
18.8479494883712 2.78933303977156 41.938067538432
18.6817437498162 2.78688729437014 41.8268485166739
18.5155380112613 2.78444154896872 41.7156294949157
18.3493322727064 2.78199580356729 41.6044104731576
18.1831265341514 2.77955005816587 41.4931914513994
18.0169207955965 2.77710431276445 41.3819724296413
17.8507150570415 2.77465856736303 41.2707534078831
17.6845093184866 2.7722128219616 41.159534386125
17.5183035799316 2.76976707656018 41.0483153643668
17.3520978413767 2.76732133115876 40.9370963426087
17.1858921028218 2.76487558575734 40.8258773208506
17.0196863642668 2.76242984035591 40.7146582990924
16.8534806257119 2.75998409495449 40.6034392773343
16.6872748871569 2.75753834955307 40.4922202555761
16.521069148602 2.75509260415165 40.381001233818
16.3548634100471 2.75264685875023 40.2697822120598
16.1886576714921 2.7502011133488 40.1585631903017
16.1965932585541 2.7501021001212 40.1540606143963
16.3705334281156 2.74793182872684 40.0553686322751
16.5444735976771 2.74576155733248 39.9566766501539
16.7184137672385 2.74359128593813 39.8579846680328
16.8923539368 2.74142101454377 39.7592926859116
17.0662941063614 2.73925074314941 39.6606007037904
17.2402342759229 2.73708047175506 39.5619087216693
17.4141744454844 2.7349102003607 39.4632167395481
17.5881146150458 2.73273992896634 39.3645247574269
17.7620547846073 2.73056965757198 39.2658327753057
17.9359949541687 2.72839938617763 39.1671407931846
18.1099351237302 2.72622911478327 39.0684488110634
18.2838752932917 2.72405884338891 38.9697568289422
18.4578154628531 2.72188857199455 38.8710648468211
18.6317556324146 2.7197183006002 38.7723728646999
18.8056958019761 2.71754802920584 38.6736808825787
18.9796359715375 2.71537775781148 38.5749889004575
19.153576141099 2.71320748641712 38.4762969183364
19.0362858275402 2.71143693461775 38.3957819804429
18.8714100836991 2.70894805863069 38.282601617353
18.706534339858 2.70645918264362 38.1694212542631
18.5416585960169 2.70397030665656 38.0562408911732
18.3767828521758 2.7014814306695 37.9430605280834
18.2119071083346 2.69899255468244 37.8298801649935
18.0470313644935 2.69650367869537 37.7166998019036
17.8821556206524 2.69401480270831 37.6035194388137
17.7172798768113 2.69152592672125 37.4903390757238
17.5524041329702 2.68903705073419 37.3771587126339
17.387528389129 2.68654817474712 37.263978349544
17.2226526452879 2.68405929876006 37.1507979864541
17.0577769014468 2.681570422773 37.0376176233642
16.8929011576057 2.67908154678594 36.9244372602743
16.7280254137646 2.67659267079887 36.8112568971844
16.5631496699234 2.67410379481181 36.6980765340945
16.3982739260823 2.67161491882475 36.5848961710046
16.2333981822412 2.66912604283769 36.4717158079147
16.0685224384001 2.66663716685063 36.3585354448249
16.1597925787002 2.66548092110998 36.305955760892
16.3330818213494 2.66328562538616 36.206125810182
16.5063710639986 2.66109032966234 36.1062958594721
16.6796603066478 2.65889503393852 36.0064659087621
16.852949549297 2.6566997382147 35.9066359580521
17.0262387919462 2.65450444249088 35.8068060073422
17.1995280345954 2.65230914676706 35.7069760566322
17.3728172772446 2.65011385104323 35.6071461059222
17.5461065198937 2.64791855531941 35.5073161552122
17.7193957625429 2.64572325959559 35.4074862045023
17.8926850051921 2.64352796387177 35.3076562537923
18.0659742478413 2.64133266814795 35.2078263030823
18.2392634904905 2.63913737242413 35.1079963523724
18.4125527331397 2.63694207670031 35.0081664016624
18.5858419757889 2.63474678097649 34.9083364509524
18.7591312184381 2.63255148525267 34.8085065002425
18.9324204610873 2.63035618952885 34.7086765495325
19.1057097037364 2.62816089380503 34.6088465988225
19.2789989463856 2.62596559808121 34.5090166481125
19.2618698480061 2.62575352266482 34.4993726269742
19.0876036024306 2.6235959317762 34.4012572843687
18.9133373568551 2.62143834088758 34.3031419417633
18.7390711112797 2.61928074999897 34.2050265991578
18.5648048657042 2.61712315911035 34.1069112565523
18.3905386201287 2.61496556822173 34.0087959139468
18.2162723745533 2.61280797733311 33.9106805713414
18.0420061289778 2.6106503864445 33.8125652287359
17.8677398834023 2.60849279555588 33.7144498861304
17.6934736378269 2.60633520466726 33.616334543525
17.5192073922514 2.60417761377864 33.5182192009195
17.3449411466759 2.60202002289003 33.4201038583141
17.1706749011005 2.59986243200141 33.3219885157086
16.996408655525 2.59770484111279 33.2238731731031
16.8221424099495 2.59554725022418 33.1257578304976
16.6478761643741 2.59338965933556 33.0276424878922
16.4736099187986 2.59123206844694 32.9295271452867
16.2993436732231 2.58907447755832 32.8314118026812
16.1250774276477 2.58691688666971 32.7332964600758
15.9508111820722 2.58475929578109 32.6351811174703
16.0406022505658 2.58349407841822 32.5776460047283
16.2089860483123 2.58112143592596 32.4697513003907
16.3773698460587 2.5787487934337 32.3618565960532
16.5457536438052 2.57637615094143 32.2539618917157
16.7141374415516 2.57400350844917 32.1460671873781
16.8825212392981 2.57163086595691 32.0381724830406
17.0509050370445 2.56925822346464 31.930277778703
17.219288834791 2.56688558097238 31.8223830743655
17.3876726325374 2.56451293848012 31.714488370028
17.5560564302839 2.56214029598785 31.6065936656904
17.7244402280303 2.55976765349559 31.4986989613529
17.8928240257768 2.55739501100333 31.3908042570153
18.0612078235232 2.55502236851106 31.2829095526778
18.2295916212697 2.5526497260188 31.1750148483403
18.3979754190161 2.55027708352654 31.0671201440027
18.5663592167626 2.54790444103427 30.9592254396652
18.734743014509 2.54553179854201 30.8513307353277
18.9031268122555 2.54315915604975 30.7434360309901
19.071510610002 2.54078651355748 30.6355413266526
19.2398944077484 2.53841387106522 30.527646622315
19.4082782054949 2.53604122857296 30.4197519179775
19.3384914667656 2.53505307346878 30.374816069803
19.1703476837847 2.53267221801668 30.2665478853156
19.0022039008039 2.53029136256457 30.1582797008282
18.834060117823 2.52791050711247 30.0500115163408
18.6659163348421 2.52552965166037 29.9417433318534
18.4977725518613 2.52314879620826 29.8334751473659
18.3296287688804 2.52076794075616 29.7252069628785
18.1614849858995 2.51838708530406 29.6169387783911
17.9933412029187 2.51600622985196 29.5086705939037
17.8251974199378 2.51362537439985 29.4004024094163
17.6570536369569 2.51124451894775 29.2921342249289
17.4889098539761 2.50886366349565 29.1838660404415
17.3207660709952 2.50648280804354 29.0755978559541
17.1526222880143 2.50410195259144 28.9673296714667
16.9844785050335 2.50172109713934 28.8590614869793
16.8163347220526 2.49934024168724 28.7507933024919
16.6481909390718 2.49695938623513 28.6425251180044
16.4800471560909 2.49457853078303 28.534256933517
16.31190337311 2.49219767533093 28.4259887490296
16.1437595901292 2.48981681987882 28.3177205645422
15.9756158071483 2.48743596442672 28.2094523800548
15.8074720241674 2.48505510897462 28.1011841955674
15.9480545638999 2.48291210017158 28.0037319658488
16.1124112077609 2.48040668424083 27.8897994572756
16.2767678516218 2.47790126831008 27.7758669487025
16.4411244954828 2.47539585237933 27.6619344401293
16.6054811393438 2.47289043644858 27.5480019315561
16.7698377832047 2.47038502051783 27.4340694229829
16.9341944270657 2.46787960458708 27.3201369144098
17.0985510709266 2.46537418865633 27.2062044058366
17.2629077147876 2.46286877272558 27.0922718972634
17.4272643586485 2.46036335679483 26.9783393886902
17.5916210025095 2.45785794086408 26.8644068801171
17.7559776463705 2.45535252493333 26.7504743715439
17.9203342902314 2.45284710900258 26.6365418629707
18.0846909340924 2.45034169307183 26.5226093543975
18.2490475779533 2.44783627714108 26.4086768458244
18.4134042218143 2.44533086121033 26.2947443372512
18.5777608656752 2.44282544527958 26.180811828678
18.7421175095362 2.44032002934882 26.0668793201049
18.9064741533971 2.43781461341807 25.9529468115317
19.0708307972581 2.43530919748732 25.8390143029585
19.2351874411191 2.43280378155657 25.7250817943853
19.39954408498 2.43029836562582 25.6111492858122
19.563900728841 2.42779294969507 25.497216777239
19.4885988308345 2.42656530215744 25.4413901330922
19.3279496149275 2.42394623650902 25.3222894617104
19.1673003990205 2.42132717086059 25.2031887903285
19.0066511831135 2.41870810521216 25.0840881189467
18.8460019672066 2.41608903956373 24.9649874475649
18.6853527512996 2.41346997391531 24.845886776183
18.5247035353926 2.41085090826688 24.7267861048012
18.3640543194856 2.40823184261845 24.6076854334194
18.2034051035787 2.40561277697003 24.4885847620375
18.0427558876717 2.4029937113216 24.3694840906557
17.8821066717647 2.40037464567317 24.2503834192739
17.7214574558577 2.39775558002474 24.1312827478921
17.5608082399508 2.39513651437632 24.0121820765102
17.4001590240438 2.39251744872789 23.8930814051284
17.2395098081368 2.38989838307946 23.7739807337466
17.0788605922298 2.38727931743104 23.6548800623647
16.9182113763229 2.38466025178261 23.5357793909829
16.7575621604159 2.38204118613418 23.4166787196011
16.5969129445089 2.37942212048575 23.2975780482192
16.4362637286019 2.37680305483733 23.1784773768374
16.275614512695 2.3741839891889 23.0593767054556
16.114965296788 2.37156492354047 22.9402760340737
15.954316080881 2.36894585789205 22.8211753626919
15.793666864974 2.36632679224362 22.7020746913101
15.6330176490671 2.36370772659519 22.5829740199282
15.7640133438917 2.362018793904 22.5061706692524
15.9365349283367 2.35979446627022 22.4050205072793
16.1090565127816 2.35757013863644 22.3038703453062
16.2815780972266 2.35534581100266 22.2027201833332
16.4540996816715 2.35312148336888 22.1015700213601
16.6266212661165 2.3508971557351 22.000419859387
16.7991428505615 2.34867282810132 21.899269697414
16.9716644350064 2.34644850046753 21.7981195354409
17.1441860194514 2.34422417283375 21.6969693734678
17.3167076038963 2.34199984519997 21.5958192114948
17.4892291883413 2.33977551756619 21.4946690495217
17.6617507727863 2.33755118993241 21.3935188875486
17.8342723572312 2.33532686229863 21.2923687255756
18.0067939416762 2.33310253466485 21.1912185636025
18.1793155261211 2.33087820703107 21.0900684016295
18.3518371105661 2.32865387939729 20.9889182396564
18.5243586950111 2.3264295517635 20.8877680776833
18.696880279456 2.32420522412972 20.7866179157103
18.869401863901 2.32198089649594 20.6854677537372
19.041923448346 2.31975656886216 20.5843175917641
19.2144450327909 2.31753224122838 20.4831674297911
19.3869666172359 2.3153079135946 20.382017267818
19.5594882016808 2.31308358596082 20.2808671058449
19.7320097861258 2.31085925832704 20.1797169438719
6.71519974393008 3.07751949887528 55.0431994327084
6.55640230673102 3.07484640645644 54.9216419215627
6.39760486953197 3.0721733140376 54.8000844104171
6.23880743233292 3.06950022161875 54.6785268992714
6.08000999513387 3.06682712919991 54.5569693881257
5.92121255793481 3.06415403678106 54.43541187698
5.76241512073576 3.06148094436222 54.3138543658343
5.6036176835367 3.05880785194338 54.1922968546886
5.44482024633765 3.05613475952453 54.070739343543
5.28602280913858 3.05346166710569 53.9491818323973
5.12722537193952 3.05078857468685 53.8276243212516
4.96842793474047 3.048115482268 53.7060668101059
4.80963049754141 3.04544238984916 53.5845092989602
4.8525749254542 3.04446955709319 53.5402702267372
4.99186352776096 3.04131421141874 53.3967824953414
5.13115213006771 3.03815886574428 53.2532947639456
5.27044073237447 3.03500352006983 53.1098070325498
5.40972933468122 3.03184817439537 52.9663193011541
5.54901793698798 3.02869282872092 52.8228315697583
5.68830653929474 3.02553748304646 52.6793438383625
5.82759514160149 3.022382137372 52.5358561069667
5.96688374390824 3.01922679169755 52.392368375571
6.106172346215 3.01607144602309 52.2488806441752
6.24546094852176 3.01291610034864 52.1053929127794
6.38474955082852 3.00976075467418 51.9619051813836
6.52403815313526 3.00660540899973 51.8184174499879
6.66332675544202 3.00345006332527 51.6749297185921
6.80261535774877 3.00029471765082 51.5314419871963
6.94190396005553 2.99713937197636 51.3879542558005
6.92509846153699 2.99686174513512 51.3753293171303
6.76520752363417 2.99422034678666 51.2552130776315
6.60531658573135 2.99157894843819 51.1350968381328
6.44542564782853 2.98893755008972 51.014980598634
6.28553470992571 2.98629615174125 50.8948643591353
6.12564377202289 2.98365475339278 50.7747481196365
5.96575283412007 2.98101335504432 50.6546318801378
5.80586189621726 2.97837195669585 50.534515640639
5.64597095831444 2.97573055834738 50.4143994011403
5.48608002041162 2.97308915999891 50.2942831616415
5.3261890825088 2.97044776165044 50.1741669221428
5.16629814460597 2.96780636330198 50.054050682644
5.00640720670314 2.96516496495351 49.9339344431453
4.84651626880033 2.96252356660504 49.8138182036465
4.6866253308975 2.95988216825657 49.6937019641478
4.68745533865313 2.95986794788282 49.6930552999215
4.84520975025259 2.95716516989229 49.5701478525799
5.00296416185205 2.95446239190176 49.4472404052382
5.16071857345152 2.95175961391122 49.3243329578966
5.31847298505098 2.94905683592069 49.2014255105549
5.47622739665045 2.94635405793016 49.0785180632133
5.63398180824991 2.94365127993963 48.9556106158716
5.79173621984938 2.9409485019491 48.83270316853
5.94949063144885 2.93824572395856 48.7097957211883
6.10724504304833 2.93554294596803 48.5868882738466
6.26499945464779 2.9328401679775 48.463980826505
6.42275386624726 2.93013738998697 48.3410733791633
6.58050827784672 2.92743461199644 48.2181659318217
6.73826268944619 2.9247318340059 48.09525848448
6.89601710104564 2.92202905601537 47.9723510371384
7.0537715126451 2.91932627802484 47.8494435897967
7.04523535139384 2.91917340381134 47.8424917130938
6.89017204765971 2.91639637325826 47.7162076684312
6.73510874392558 2.91361934270517 47.5899236237685
6.58004544019144 2.91084231215208 47.4636395791058
6.42498213645731 2.908065281599 47.3373555344432
6.26991883272318 2.90528825104591 47.2110714897805
6.11485552898904 2.90251122049282 47.0847874451178
5.95979222525491 2.89973418993974 46.9585034004551
5.80472892152077 2.89695715938665 46.8322193557925
5.64966561778663 2.89418012883357 46.7059353111298
5.4946023140525 2.89140309828048 46.5796512664671
5.33953901031837 2.88862606772739 46.4533672218044
5.18447570658424 2.88584903717431 46.3270831771418
5.0294124028501 2.88307200662122 46.2007991324791
4.87434909911597 2.88029497606813 46.0745150878164
4.71928579538183 2.87751794551505 45.9482310431537
4.5642224916477 2.87474091496196 45.8219469984911
4.61279802671164 2.87394571504672 45.7857856888865
4.77321174070569 2.87131968176468 45.6663681679281
4.93362545469975 2.86869364848264 45.5469506469698
5.09403916869381 2.8660676152006 45.4275331260114
5.25445288268786 2.86344158191855 45.3081156050531
5.41486659668191 2.86081554863651 45.1886980840948
5.57528031067597 2.85818951535447 45.0692805631364
5.73569402467002 2.85556348207242 44.9498630421781
5.89610773866407 2.85293744879038 44.8304455212197
6.05652145265813 2.85031141550834 44.7110280002614
6.21693516665217 2.8476853822263 44.591610479303
6.37734888064622 2.84505934894425 44.4721929583447
6.53776259464027 2.84243331566221 44.3527754373864
6.69817630863432 2.83980728238017 44.233357916428
6.85859002262838 2.83718124909813 44.1139403954697
7.01900373662243 2.83455521581608 43.9945228745113
7.17941745061648 2.83192918253404 43.875105353553
7.11421630762487 2.83098073095209 43.8319750027535
6.94742158185852 2.82855444340166 43.7216408168216
6.78062685609218 2.82612815585123 43.6113066308897
6.61383213032583 2.8237018683008 43.5009724449578
6.44703740455949 2.82127558075038 43.390638259026
6.28024267879314 2.81884929319995 43.2803040730941
6.11344795302679 2.81642300564952 43.1699698871622
5.94665322726044 2.81399671809909 43.0596357012303
5.77985850149409 2.81157043054866 42.9493015152984
5.61306377572774 2.80914414299824 42.8389673293665
5.4462690499614 2.80671785544781 42.7286331434347
5.27947432419503 2.80429156789738 42.6182989575028
5.11267959842867 2.80186528034695 42.5079647715709
4.94588487266231 2.79943899279652 42.397630585639
4.77909014689597 2.79701270524609 42.2872963997071
4.61229542112962 2.79458641769567 42.1769622137752
4.44550069536327 2.79216013014524 42.0666280278433
4.4714157896822 2.79177878517298 42.0492865601902
4.63762152823713 2.78933303977156 41.938067538432
4.80382726679207 2.78688729437014 41.8268485166739
4.97003300534701 2.78444154896872 41.7156294949157
5.13623874390195 2.78199580356729 41.6044104731576
5.30244448245689 2.77955005816587 41.4931914513994
5.46865022101184 2.77710431276445 41.3819724296413
5.63485595956678 2.77465856736303 41.2707534078831
5.80106169812172 2.7722128219616 41.159534386125
5.96726743667667 2.76976707656018 41.0483153643668
6.1334731752316 2.76732133115876 40.9370963426087
6.29967891378655 2.76487558575734 40.8258773208506
6.46588465234149 2.76242984035591 40.7146582990924
6.63209039089643 2.75998409495449 40.6034392773343
6.79829612945138 2.75753834955307 40.4922202555761
6.96450186800631 2.75509260415165 40.381001233818
7.13070760656125 2.75264685875023 40.2697822120598
7.2969133451162 2.7502011133488 40.1585631903017
7.28897775805417 2.7501021001212 40.1540606143963
7.1150375884927 2.74793182872684 40.0553686322751
6.94109741893123 2.74576155733248 39.9566766501539
6.76715724936978 2.74359128593813 39.8579846680328
6.59321707980832 2.74142101454377 39.7592926859116
6.41927691024687 2.73925074314941 39.6606007037904
6.24533674068542 2.73708047175506 39.5619087216693
6.07139657112395 2.7349102003607 39.4632167395481
5.89745640156249 2.73273992896634 39.3645247574269
5.72351623200103 2.73056965757198 39.2658327753058
5.54957606243957 2.72839938617763 39.1671407931846
5.3756358928781 2.72622911478327 39.0684488110634
5.20169572331664 2.72405884338891 38.9697568289422
5.02775555375516 2.72188857199455 38.8710648468211
4.85381538419369 2.7197183006002 38.7723728646999
4.67987521463222 2.71754802920584 38.6736808825787
4.50593504507077 2.71537775781148 38.5749889004575
4.3319948755093 2.71320748641712 38.4762969183364
4.44928518906811 2.71143693461775 38.3957819804429
4.61416093290923 2.70894805863068 38.282601617353
4.77903667675035 2.70645918264362 38.1694212542631
4.94391242059147 2.70397030665656 38.0562408911732
5.10878816443258 2.7014814306695 37.9430605280833
5.27366390827371 2.69899255468244 37.8298801649934
5.43853965211483 2.69650367869537 37.7166998019035
5.60341539595594 2.69401480270831 37.6035194388136
5.76829113979705 2.69152592672125 37.4903390757238
5.93316688363817 2.68903705073419 37.3771587126339
6.09804262747929 2.68654817474712 37.263978349544
6.2629183713204 2.68405929876006 37.1507979864541
6.42779411516153 2.681570422773 37.0376176233642
6.59266985900263 2.67908154678594 36.9244372602743
6.75754560284375 2.67659267079887 36.8112568971844
6.92242134668487 2.67410379481181 36.6980765340945
7.08729709052599 2.67161491882475 36.5848961710046
7.25217283436711 2.66912604283769 36.4717158079147
7.41704857820822 2.66663716685063 36.3585354448249
7.32577843790813 2.66548092110998 36.305955760892
7.15248919525894 2.66328562538616 36.2061258101821
6.97919995260975 2.66109032966234 36.1062958594721
6.80591070996056 2.65889503393852 36.0064659087621
6.63262146731137 2.6566997382147 35.9066359580522
6.45933222466218 2.65450444249088 35.8068060073422
6.28604298201299 2.65230914676706 35.7069760566322
6.11275373936381 2.65011385104324 35.6071461059222
5.93946449671461 2.64791855531942 35.5073161552123
5.76617525406542 2.6457232595956 35.4074862045023
5.59288601141622 2.64352796387178 35.3076562537923
5.41959676876704 2.64133266814795 35.2078263030824
5.24630752611784 2.63913737242413 35.1079963523724
5.07301828346865 2.63694207670031 35.0081664016624
4.89972904081945 2.63474678097649 34.9083364509524
4.72643979817025 2.63255148525267 34.8085065002425
4.55315055552106 2.63035618952885 34.7086765495325
4.37986131287187 2.62816089380503 34.6088465988225
4.20657207022267 2.62596559808121 34.5090166481125
4.22370116860223 2.62575352266482 34.4993726269742
4.39796741417771 2.6235959317762 34.4012572843687
4.57223365975317 2.62143834088758 34.3031419417632
4.74649990532864 2.61928074999896 34.2050265991578
4.9207661509041 2.61712315911035 34.1069112565523
5.09503239647957 2.61496556822173 34.0087959139468
5.26929864205503 2.61280797733311 33.9106805713414
5.4435648876305 2.6106503864445 33.8125652287359
5.61783113320598 2.60849279555588 33.7144498861304
5.79209737878145 2.60633520466726 33.616334543525
5.96636362435692 2.60417761377864 33.5182192009195
6.14062986993239 2.60202002289003 33.420103858314
6.31489611550785 2.59986243200141 33.3219885157086
6.48916236108332 2.59770484111279 33.2238731731031
6.66342860665879 2.59554725022417 33.1257578304976
6.83769485223426 2.59338965933556 33.0276424878922
7.01196109780973 2.59123206844694 32.9295271452867
7.18622734338519 2.58907447755832 32.8314118026812
7.36049358896066 2.58691688666971 32.7332964600758
7.53475983453612 2.58475929578109 32.6351811174703
7.44496876604254 2.58349407841823 32.5776460047283
7.27658496829609 2.58112143592596 32.4697513003908
7.10820117054964 2.5787487934337 32.3618565960532
6.93981737280318 2.57637615094144 32.2539618917157
6.77143357505672 2.57400350844917 32.1460671873781
6.60304977731026 2.57163086595691 32.0381724830406
6.43466597956381 2.56925822346464 31.9302777787031
6.26628218181735 2.56688558097238 31.8223830743655
6.09789838407089 2.56451293848012 31.714488370028
5.92951458632444 2.56214029598785 31.6065936656904
5.76113078857798 2.55976765349559 31.4986989613529
5.59274699083153 2.55739501100333 31.3908042570154
5.42436319308507 2.55502236851106 31.2829095526778
5.25597939533862 2.5526497260188 31.1750148483403
5.08759559759217 2.55027708352654 31.0671201440027
4.91921179984572 2.54790444103427 30.9592254396652
4.75082800209926 2.54553179854201 30.8513307353277
4.5824442043528 2.54315915604975 30.7434360309901
4.41406040660634 2.54078651355748 30.6355413266526
4.24567660885989 2.53841387106522 30.527646622315
4.07729281111344 2.53604122857296 30.4197519179775
4.14707954984272 2.53505307346878 30.374816069803
4.31522333282359 2.53267221801668 30.2665478853156
4.48336711580445 2.53029136256457 30.1582797008282
4.65151089878531 2.52791050711247 30.0500115163407
4.81965468176618 2.52552965166037 29.9417433318533
4.98779846474704 2.52314879620826 29.8334751473659
5.1559422477279 2.52076794075616 29.7252069628785
5.32408603070877 2.51838708530406 29.6169387783911
5.49222981368963 2.51600622985196 29.5086705939037
5.66037359667049 2.51362537439985 29.4004024094163
5.82851737965136 2.51124451894775 29.2921342249289
5.99666116263223 2.50886366349565 29.1838660404415
6.1648049456131 2.50648280804354 29.0755978559541
6.33294872859396 2.50410195259144 28.9673296714667
6.50109251157482 2.50172109713934 28.8590614869792
6.66923629455569 2.49934024168724 28.7507933024918
6.83738007753655 2.49695938623513 28.6425251180044
7.00552386051741 2.49457853078303 28.534256933517
7.17366764349828 2.49219767533093 28.4259887490296
7.34181142647914 2.48981681987882 28.3177205645422
7.50995520946001 2.48743596442672 28.2094523800548
7.67809899244087 2.48505510897462 28.1011841955674
7.53751645270838 2.48291210017159 28.0037319658488
7.37315980884743 2.48040668424083 27.8897994572756
7.20880316498647 2.47790126831008 27.7758669487025
7.04444652112552 2.47539585237933 27.6619344401293
6.88008987726456 2.47289043644858 27.5480019315561
6.7157332334036 2.47038502051783 27.4340694229829
6.55137658954264 2.46787960458708 27.3201369144098
6.38701994568168 2.46537418865633 27.2062044058366
6.22266330182072 2.46286877272558 27.0922718972634
6.05830665795977 2.46036335679483 26.9783393886902
5.89395001409882 2.45785794086408 26.8644068801171
5.72959337023786 2.45535252493333 26.7504743715439
5.56523672637691 2.45284710900258 26.6365418629707
5.40088008251595 2.45034169307183 26.5226093543976
5.236523438655 2.44783627714108 26.4086768458244
5.07216679479404 2.44533086121033 26.2947443372512
4.90781015093309 2.44282544527958 26.180811828678
4.74345350707213 2.44032002934882 26.0668793201049
4.57909686321118 2.43781461341807 25.9529468115317
4.41474021935021 2.43530919748732 25.8390143029585
4.25038357548925 2.43280378155657 25.7250817943853
4.08602693162829 2.43029836562582 25.6111492858122
3.92167028776734 2.42779294969507 25.497216777239
3.99697218577384 2.42656530215744 25.4413901330922
4.15762140168082 2.42394623650902 25.3222894617104
4.31827061758779 2.42132717086059 25.2031887903285
4.47891983349476 2.41870810521216 25.0840881189467
4.63956904940174 2.41608903956373 24.9649874475649
4.80021826530871 2.41346997391531 24.845886776183
4.96086748121569 2.41085090826688 24.7267861048012
5.12151669712267 2.40823184261845 24.6076854334194
5.28216591302964 2.40561277697003 24.4885847620375
5.44281512893661 2.4029937113216 24.3694840906557
5.60346434484359 2.40037464567317 24.2503834192739
5.76411356075056 2.39775558002474 24.1312827478921
5.92476277665753 2.39513651437632 24.0121820765102
6.08541199256451 2.39251744872789 23.8930814051284
6.24606120847148 2.38989838307946 23.7739807337466
6.40671042437845 2.38727931743104 23.6548800623647
6.56735964028543 2.38466025178261 23.5357793909829
6.7280088561924 2.38204118613418 23.4166787196011
6.88865807209938 2.37942212048575 23.2975780482192
7.04930728800636 2.37680305483733 23.1784773768374
7.20995650391334 2.3741839891889 23.0593767054556
7.37060571982031 2.37156492354047 22.9402760340737
7.53125493572728 2.36894585789205 22.8211753626919
7.69190415163426 2.36632679224362 22.7020746913101
7.85255336754123 2.36370772659519 22.5829740199282
7.7215576727166 2.362018793904 22.5061706692524
7.54903608827165 2.35979446627022 22.4050205072793
7.37651450382669 2.35757013863644 22.3038703453062
7.20399291938173 2.35534581100266 22.2027201833332
7.03147133493677 2.35312148336888 22.1015700213601
6.8589497504918 2.3508971557351 22.000419859387
6.68642816604684 2.34867282810132 21.899269697414
6.51390658160188 2.34644850046753 21.7981195354409
6.34138499715691 2.34422417283375 21.6969693734678
6.16886341271196 2.34199984519997 21.5958192114948
5.99634182826699 2.33977551756619 21.4946690495217
5.82382024382203 2.33755118993241 21.3935188875486
5.65129865937706 2.33532686229863 21.2923687255756
5.4787770749321 2.33310253466485 21.1912185636025
5.30625549048714 2.33087820703107 21.0900684016294
5.13373390604218 2.32865387939729 20.9889182396564
4.96121232159723 2.3264295517635 20.8877680776833
4.78869073715227 2.32420522412972 20.7866179157103
4.6161691527073 2.32198089649594 20.6854677537372
4.44364756826234 2.31975656886216 20.5843175917641
4.27112598381737 2.31753224122838 20.4831674297911
4.09860439937241 2.3153079135946 20.382017267818
3.92608281492746 2.31308358596082 20.2808671058449
3.75356123048249 2.31085925832704 20.1797169438719
17.6648988644346 3.16888776362937 59.1981245609655
17.7107457305302 3.16460784304627 59.0034973605309
17.7565925966259 3.16032792246318 58.8088701600963
17.8024394627216 3.15604800188008 58.6142429596617
17.8482863288173 3.15176808129698 58.4196157592271
17.8941331949129 3.14748816071388 58.2249885587925
17.9399800610086 3.14320824013079 58.0303613583579
17.9858269271043 3.13892831954769 57.8357341579233
18.0316737931999 3.13464839896459 57.6411069574887
18.0775206592956 3.1303684783815 57.4464797570541
18.1233675253913 3.1260885577984 57.2518525566195
18.169214391487 3.1218086372153 57.0572253561849
18.2150612575826 3.1175287166322 56.8625981557503
18.2609081236783 3.11324879604911 56.6679709553157
18.306754989774 3.10896887546601 56.4733437548811
18.3526018558697 3.10468895488291 56.2787165544465
18.3984487219653 3.10040903429981 56.0840893540119
18.444295588061 3.09612911371672 55.8894621535773
18.4901424541567 3.09184919313362 55.6948349531427
18.5359893202524 3.08756927255052 55.5002077527081
18.581836186348 3.08328935196743 55.3055805522735
18.6276830524437 3.07900943138433 55.1109533518389
18.6326468976043 3.07555666835426 54.9539407182494
18.6389650751246 3.07116185565295 54.7540888574771
18.6452832526448 3.06676704295165 54.5542369967048
18.6516014301651 3.06237223025034 54.3543851359325
18.6579196076853 3.05797741754904 54.1545332751602
18.6642377852055 3.05358260484773 53.9546814143879
18.6705559627258 3.04918779214642 53.7548295536156
18.676874140246 3.04479297944512 53.5549776928434
18.6831923177663 3.04039816674381 53.3551258320711
18.6895104952865 3.03600335404251 53.1552739712988
18.6958286728067 3.0316085413412 52.9554221105265
18.702146850327 3.0272137286399 52.7555702497542
18.7084650278472 3.02281891593859 52.5557183889819
18.7147832053674 3.01842410323728 52.3558665282096
18.7211013828877 3.01402929053598 52.1560146674373
18.7274195604079 3.00963447783467 51.9561628066651
18.7337377379282 3.00523966513336 51.7563109458928
18.7400559154484 3.00084485243206 51.5564590851205
18.7463740929686 2.99645003973075 51.3566072243482
18.7526922704889 2.99205522702945 51.1567553635759
18.7590104480091 2.98766041432814 50.9569035028036
18.7653286255293 2.98326560162684 50.7570516420313
18.7716468030496 2.97887078892553 50.5571997812591
18.7779649805698 2.97447597622422 50.3573479204868
18.7842831580901 2.97008116352292 50.1574960597145
18.7906013356103 2.96568635082161 49.9576441989422
18.7969195131305 2.9612915381203 49.7577923381699
18.8032376906508 2.956896725419 49.5579404773976
18.809555868171 2.95250191271769 49.3580886166253
18.8158740456913 2.94810710001639 49.158236755853
18.8221922232115 2.94371228731508 48.9583848950807
18.8285104007317 2.93931747461378 48.7585330343084
18.834828578252 2.93492266191247 48.5586811735361
18.8411467557722 2.93052784921116 48.3588293127639
18.8474649332924 2.92613303650986 48.1589774519916
18.8537831108127 2.92173822380855 47.9591255912193
18.8601012883329 2.91734341110725 47.759273730447
18.8664194658532 2.91294859840594 47.5594218696747
18.8727376433734 2.90855378570463 47.3595700089024
18.8790558208936 2.90415897300333 47.1597181481301
18.8853739984139 2.89976416030202 46.9598662873578
18.8916921759341 2.89536934760072 46.7600144265856
18.8980103534544 2.89097453489941 46.5601625658133
18.9043285309746 2.8865797221981 46.360310705041
18.9106467084948 2.8821849094968 46.1604588442687
18.9169648860151 2.87779009679549 45.9606069834964
18.9232830635353 2.87339528409419 45.7607551227241
18.9296012410556 2.86900047139288 45.5609032619518
18.9359194185758 2.86460565869157 45.3610514011795
18.942237596096 2.86021084599027 45.1611995404072
18.9485557736163 2.85581603328896 44.961347679635
18.9548739511365 2.85142122058766 44.7614958188627
18.9611921286567 2.84702640788635 44.5616439580904
18.967510306177 2.84263159518504 44.3617920973181
18.9738284836972 2.83823678248374 44.1619402365458
18.9801466612175 2.83384196978243 43.9620883757735
18.9864648387377 2.82944715708113 43.7622365150012
18.9927830162579 2.82505234437982 43.562384654229
18.9991011937782 2.82065753167852 43.3625327934567
19.0054193712984 2.81626271897721 43.1626809326844
19.0117375488186 2.8118679062759 42.9628290719121
19.0180557263389 2.8074730935746 42.7629772111398
19.0243739038591 2.80307828087329 42.5631253503676
19.0306920813794 2.79868346817199 42.3632734895953
19.0370102588996 2.79428865547068 42.163421628823
19.0433284364198 2.78989384276937 41.9635697680507
19.0496466139401 2.78549903006807 41.7637179072784
19.0559647914603 2.78110421736676 41.5638660465061
19.0622829689806 2.77670940466546 41.3640141857338
19.0686011465008 2.77231459196415 41.1641623249616
19.074919324021 2.76791977926284 40.9643104641893
19.0812375015413 2.76352496656154 40.764458603417
19.0875556790615 2.75913015386023 40.5646067426447
19.0938738565817 2.75473534115893 40.3647548818725
19.100192034102 2.75034052845762 40.1649030211002
19.1065102116222 2.74594571575632 39.9650511603279
19.1128283891425 2.74155090305501 39.7651992995556
19.1191465666627 2.7371560903537 39.5653474387833
19.1254647441829 2.7327612776524 39.365495578011
19.1317829217032 2.72836646495109 39.1656437172387
19.1381010992234 2.72397165224979 38.9657918564664
19.1444192767437 2.71957683954848 38.7659399956941
19.1507374542639 2.71518202684717 38.5660881349219
19.1570556317841 2.71078721414587 38.3662362741496
19.1633738093044 2.70639240144456 38.1663844133773
19.1696919868246 2.70199758874326 37.966532552605
19.1760101643448 2.69760277604195 37.7666806918327
19.1823283418651 2.69320796334064 37.5668288310604
19.1886465193853 2.68881315063934 37.3669769702881
19.1949646969056 2.68441833793803 37.1671251095158
19.2012828744258 2.68002352523673 36.9672732487436
19.207601051946 2.67562871253542 36.7674213879713
19.2139192294663 2.67123389983411 36.567569527199
19.2202374069865 2.66683908713281 36.3677176664267
19.2265555845067 2.6624442744315 36.1678658056544
19.232873762027 2.6580494617302 35.9680139448821
19.2391919395472 2.65365464902889 35.7681620841098
19.2455101170675 2.64925983632758 35.5683102233376
19.2518282945877 2.64486502362628 35.3684583625653
19.2581464721079 2.64047021092497 35.168606501793
19.2644646496282 2.63607539822367 34.9687546410207
19.2707828271484 2.63168058552236 34.7689027802484
19.2771010046687 2.62728577282106 34.5690509194762
19.2834191821889 2.62289096011975 34.3691990587039
19.2897373597091 2.61849614741844 34.1693471979316
19.2960555372294 2.61410133471714 33.9694953371593
19.3023737147496 2.60970652201583 33.769643476387
19.3086918922698 2.60531170931453 33.5697916156147
19.3150100697901 2.60091689661322 33.3699397548424
19.3213282473103 2.59652208391191 33.1700878940702
19.3276464248306 2.59212727121061 32.9702360332979
19.3339646023508 2.5877324585093 32.7703841725256
19.340282779871 2.583337645808 32.5705323117533
19.3466009573913 2.57894283310669 32.370680450981
19.3529191349115 2.57454802040538 32.1708285902087
19.3592373124318 2.57015320770408 31.9709767294365
19.365555489952 2.56575839500277 31.7711248686642
19.3718736674722 2.56136358230147 31.5712730078919
19.3781918449925 2.55696876960016 31.3714211471196
19.3845100225127 2.55257395689886 31.1715692863473
19.3908282000329 2.54817914419755 30.9717174255751
19.3971463775532 2.54378433149624 30.7718655648028
19.4034645550734 2.53938951879494 30.5720137040305
19.4097827325937 2.53499470609363 30.3721618432582
19.4161009101139 2.53059989339233 30.1723099824859
19.4224190876341 2.52620508069102 29.9724581217136
19.4287372651544 2.52181026798972 29.7726062609414
19.4350554426746 2.51741545528841 29.5727544001691
19.4413736201948 2.5130206425871 29.3729025393968
19.4476917977151 2.5086258298858 29.1730506786245
19.4540099752353 2.50423101718449 28.9731988178522
19.4603281527556 2.49983620448319 28.7733469570799
19.4666463302758 2.49544139178188 28.5734950963077
19.472964507796 2.49104657908057 28.3736432355354
19.4792826853163 2.48665176637927 28.1737913747631
19.4856008628365 2.48225695367796 27.9739395139908
19.4919190403568 2.47786214097666 27.7740876532185
19.498237217877 2.47346732827535 27.5742357924463
19.5045553953972 2.46907251557405 27.374383931674
19.5108735729175 2.46467770287274 27.1745320709017
19.5171917504377 2.46028289017143 26.9746802101294
19.5235099279579 2.45588807747013 26.7748283493571
19.5298281054782 2.45149326476882 26.5749764885848
19.5361462829984 2.44709845206752 26.3751246278126
19.5424644605187 2.44270363936621 26.1752727670403
19.5487826380389 2.4383088266649 25.975420906268
19.5551008155591 2.4339140139636 25.7755690454957
19.5614189930794 2.42951920126229 25.5757171847234
19.5677371705996 2.42512438856099 25.3758653239511
19.5740553481199 2.42072957585968 25.1760134631788
19.5803735256401 2.41633476315838 24.9761616024066
19.5866917031603 2.41193995045707 24.7763097416343
19.5930098806806 2.40754513775576 24.576457880862
19.5993280582008 2.40315032505446 24.3766060200897
19.605646235721 2.39875551235315 24.1767541593175
19.6119644132413 2.39436069965185 23.9769022985452
19.6182825907615 2.38996588695054 23.7770504377729
19.6246007682818 2.38557107424924 23.5771985770006
19.630918945802 2.38117626154793 23.3773467162284
19.6372371233222 2.37678144884662 23.1774948554561
19.6435553008425 2.37238663614532 22.9776429946838
19.6498734783627 2.36799182344401 22.7777911339115
19.6561916558829 2.36359701074271 22.5779392731392
19.6625098334032 2.3592021980414 22.378087412367
19.6688280109234 2.3548073853401 22.1782355515947
19.6751461884437 2.35041257263879 21.9783836908224
19.6814643659639 2.34601775993748 21.7785318300501
19.6877825434841 2.34162294723618 21.5786799692778
19.6941007210044 2.33722813453487 21.3788281085055
19.7004188985246 2.33283332183357 21.1789762477333
19.7067370760448 2.32843850913226 20.979124386961
19.7130552535651 2.32404369643095 20.7792725261887
19.7193734310853 2.31964888372965 20.5794206654164
19.7256916086056 2.31525407102834 20.3795688046441
19.7320097861258 2.31085925832704 20.1797169438719
17.6246345019989 3.1689337170553 59.2002142695162
17.5787679176239 3.1646538985887 59.0055917127771
17.5329013332488 3.1603740801221 58.810969156038
17.4870347488738 3.1560942616555 58.6163465992989
17.4411681644987 3.1518144431889 58.4217240425598
17.3953015801237 3.1475346247223 58.2271014858207
17.3494349957486 3.1432548062557 58.0324789290816
17.3035684113736 3.1389749877891 57.8378563723425
17.2577018269985 3.1346951693225 57.6432338156034
17.2118352426235 3.1304153508559 57.4486112588643
17.1659686582484 3.1261355323893 57.2539887021252
17.1201020738734 3.1218557139227 57.0593661453862
17.0742354894983 3.1175758954561 56.8647435886471
17.0283689051233 3.1132960769895 56.670121031908
16.9825023207482 3.1090162585229 56.4754984751689
16.9366357363731 3.1047364400563 56.2808759184298
16.8907691519981 3.1004566215897 56.0862533616908
16.844902567623 3.0961768031231 55.8916308049517
16.799035983248 3.0918969846565 55.6970082482126
16.7531693988729 3.0876171661899 55.5023856914735
16.7073028144979 3.0833373477233 55.3077631347343
16.6614362301228 3.0790575292567 55.1131405779952
16.6564032373291 3.07555666835426 54.9539407182493
16.6500850598089 3.07116185565295 54.754088857477
16.6437668822887 3.06676704295165 54.5542369967047
16.6374487047684 3.06237223025034 54.3543851359325
16.6311305272482 3.05797741754904 54.1545332751602
16.6248123497279 3.05358260484773 53.9546814143879
16.6184941722077 3.04918779214642 53.7548295536156
16.6121759946875 3.04479297944512 53.5549776928433
16.6058578171672 3.04039816674381 53.355125832071
16.599539639647 3.03600335404251 53.1552739712987
16.5932214621267 3.0316085413412 52.9554221105264
16.5869032846065 3.02721372863989 52.7555702497542
16.5805851070863 3.02281891593859 52.5557183889819
16.574266929566 3.01842410323728 52.3558665282096
16.5679487520458 3.01402929053598 52.1560146674373
16.5616305745256 3.00963447783467 51.956162806665
16.5553123970053 3.00523966513337 51.7563109458927
16.5489942194851 3.00084485243206 51.5564590851205
16.5426760419648 2.99645003973075 51.3566072243481
16.5363578644446 2.99205522702945 51.1567553635759
16.5300396869244 2.98766041432814 50.9569035028036
16.5237215094041 2.98326560162683 50.7570516420313
16.5174033318839 2.97887078892553 50.557199781259
16.5110851543637 2.97447597622422 50.3573479204867
16.5047669768434 2.97008116352292 50.1574960597144
16.4984487993232 2.96568635082161 49.9576441989421
16.4921306218029 2.96129153812031 49.7577923381698
16.4858124442827 2.956896725419 49.5579404773976
16.4794942667625 2.95250191271769 49.3580886166253
16.4731760892422 2.94810710001639 49.158236755853
16.466857911722 2.94371228731508 48.9583848950807
16.4605397342017 2.93931747461378 48.7585330343084
16.4542215566815 2.93492266191247 48.5586811735361
16.4479033791613 2.93052784921116 48.3588293127638
16.441585201641 2.92613303650986 48.1589774519916
16.4352670241208 2.92173822380855 47.9591255912193
16.4289488466006 2.91734341110725 47.759273730447
16.4226306690803 2.91294859840594 47.5594218696747
16.4163124915601 2.90855378570463 47.3595700089024
16.4099943140398 2.90415897300333 47.1597181481301
16.4036761365196 2.89976416030202 46.9598662873578
16.3973579589994 2.89536934760072 46.7600144265856
16.3910397814791 2.89097453489941 46.5601625658133
16.3847216039589 2.8865797221981 46.360310705041
16.3784034264386 2.8821849094968 46.1604588442687
16.3720852489184 2.87779009679549 45.9606069834964
16.3657670713982 2.87339528409419 45.7607551227241
16.3594488938779 2.86900047139288 45.5609032619519
16.3531307163577 2.86460565869158 45.3610514011796
16.3468125388375 2.86021084599027 45.1611995404073
16.3404943613172 2.85581603328896 44.961347679635
16.334176183797 2.85142122058766 44.7614958188627
16.3278580062767 2.84702640788635 44.5616439580905
16.3215398287565 2.84263159518505 44.3617920973182
16.3152216512363 2.83823678248374 44.1619402365459
16.308903473716 2.83384196978243 43.9620883757736
16.3025852961958 2.82944715708113 43.7622365150013
16.2962671186756 2.82505234437982 43.562384654229
16.2899489411553 2.82065753167852 43.3625327934567
16.2836307636351 2.81626271897721 43.1626809326844
16.2773125861148 2.8118679062759 42.9628290719121
16.2709944085946 2.8074730935746 42.7629772111398
16.2646762310744 2.80307828087329 42.5631253503676
16.2583580535541 2.79868346817199 42.3632734895953
16.2520398760339 2.79428865547068 42.163421628823
16.2457216985136 2.78989384276938 41.9635697680507
16.2394035209934 2.78549903006807 41.7637179072784
16.2330853434732 2.78110421736676 41.5638660465061
16.2267671659529 2.77670940466546 41.3640141857339
16.2204489884327 2.77231459196415 41.1641623249616
16.2141308109125 2.76791977926285 40.9643104641893
16.2078126333922 2.76352496656154 40.764458603417
16.201494455872 2.75913015386023 40.5646067426447
16.1951762783517 2.75473534115893 40.3647548818725
16.1888581008315 2.75034052845762 40.1649030211002
16.1825399233113 2.74594571575632 39.9650511603279
16.176221745791 2.74155090305501 39.7651992995556
16.1699035682708 2.7371560903537 39.5653474387833
16.1635853907505 2.7327612776524 39.365495578011
16.1572672132303 2.72836646495109 39.1656437172387
16.1509490357101 2.72397165224979 38.9657918564664
16.1446308581898 2.71957683954848 38.7659399956942
16.1383126806696 2.71518202684717 38.5660881349219
16.1319945031494 2.71078721414587 38.3662362741496
16.1256763256291 2.70639240144456 38.1663844133773
16.1193581481089 2.70199758874326 37.966532552605
16.1130399705886 2.69760277604195 37.7666806918327
16.1067217930684 2.69320796334065 37.5668288310605
16.1004036155482 2.68881315063934 37.3669769702882
16.0940854380279 2.68441833793803 37.1671251095159
16.0877672605077 2.68002352523673 36.9672732487436
16.0814490829874 2.67562871253542 36.7674213879713
16.0751309054672 2.67123389983412 36.567569527199
16.068812727947 2.66683908713281 36.3677176664267
16.0624945504267 2.6624442744315 36.1678658056544
16.0561763729065 2.6580494617302 35.9680139448821
16.0498581953863 2.65365464902889 35.7681620841099
16.043540017866 2.64925983632759 35.5683102233376
16.0372218403458 2.64486502362628 35.3684583625653
16.0309036628255 2.64047021092497 35.168606501793
16.0245854853053 2.63607539822367 34.9687546410207
16.0182673077851 2.63168058552236 34.7689027802484
16.0119491302648 2.62728577282106 34.5690509194761
16.0056309527446 2.62289096011975 34.3691990587038
15.9993127752244 2.61849614741844 34.1693471979316
15.9929945977041 2.61410133471714 33.9694953371593
15.9866764201839 2.60970652201583 33.769643476387
15.9803582426636 2.60531170931453 33.5697916156147
15.9740400651434 2.60091689661322 33.3699397548424
15.9677218876232 2.59652208391191 33.1700878940701
15.9614037101029 2.59212727121061 32.9702360332978
15.9550855325827 2.5877324585093 32.7703841725255
15.9487673550624 2.583337645808 32.5705323117532
15.9424491775422 2.57894283310669 32.370680450981
15.936131000022 2.57454802040538 32.1708285902087
15.9298128225017 2.57015320770408 31.9709767294364
15.9234946449815 2.56575839500277 31.7711248686641
15.9171764674612 2.56136358230147 31.5712730078918
15.910858289941 2.55696876960016 31.3714211471195
15.9045401124208 2.55257395689886 31.1715692863473
15.8982219349005 2.54817914419755 30.971717425575
15.8919037573803 2.54378433149624 30.7718655648027
15.8855855798601 2.53938951879494 30.5720137040304
15.8792674023398 2.53499470609363 30.3721618432581
15.8729492248196 2.53059989339233 30.1723099824859
15.8666310472993 2.52620508069102 29.9724581217136
15.8603128697791 2.52181026798971 29.7726062609413
15.8539946922589 2.51741545528841 29.572754400169
15.8476765147386 2.5130206425871 29.3729025393967
15.8413583372184 2.5086258298858 29.1730506786245
15.8350401596982 2.50423101718449 28.9731988178522
15.8287219821779 2.49983620448319 28.7733469570799
15.8224038046577 2.49544139178188 28.5734950963076
15.8160856271374 2.49104657908057 28.3736432355353
15.8097674496172 2.48665176637927 28.1737913747631
15.803449272097 2.48225695367796 27.9739395139908
15.7971310945767 2.47786214097666 27.7740876532185
15.7908129170565 2.47346732827535 27.5742357924462
15.7844947395362 2.46907251557405 27.374383931674
15.778176562016 2.46467770287274 27.1745320709017
15.7718583844958 2.46028289017143 26.9746802101294
15.7655402069755 2.45588807747013 26.7748283493571
15.7592220294553 2.45149326476882 26.5749764885848
15.7529038519351 2.44709845206752 26.3751246278125
15.7465856744148 2.44270363936621 26.1752727670403
15.7402674968946 2.4383088266649 25.975420906268
15.7339493193743 2.4339140139636 25.7755690454957
15.7276311418541 2.42951920126229 25.5757171847234
15.7213129643339 2.42512438856099 25.3758653239511
15.7149947868136 2.42072957585968 25.1760134631788
15.7086766092934 2.41633476315838 24.9761616024065
15.7023584317732 2.41193995045707 24.7763097416343
15.6960402542529 2.40754513775576 24.576457880862
15.6897220767327 2.40315032505446 24.3766060200897
15.6834038992124 2.39875551235315 24.1767541593174
15.6770857216922 2.39436069965185 23.9769022985452
15.670767544172 2.38996588695054 23.7770504377729
15.6644493666517 2.38557107424923 23.5771985770006
15.6581311891315 2.38117626154793 23.3773467162283
15.6518130116112 2.37678144884662 23.177494855456
15.645494834091 2.37238663614532 22.9776429946837
15.6391766565708 2.36799182344401 22.7777911339115
15.6328584790505 2.36359701074271 22.5779392731392
15.6265403015303 2.3592021980414 22.3780874123669
15.6202221240101 2.35480738534009 22.1782355515946
15.6139039464898 2.35041257263879 21.9783836908224
15.6075857689696 2.34601775993748 21.7785318300501
15.6012675914493 2.34162294723618 21.5786799692778
15.5949494139291 2.33722813453487 21.3788281085055
15.5886312364089 2.33283332183357 21.1789762477333
15.5823130588886 2.32843850913226 20.979124386961
15.5759948813684 2.32404369643095 20.7792725261887
15.5696767038482 2.31964888372965 20.5794206654164
15.5633585263279 2.31525407102834 20.3795688046441
15.5570403488077 2.31085925832704 20.1797169438719
5.85851269050491 3.16916358783251 59.2106675255901
5.90447822061333 3.1648842824833 59.016068302602
5.95044375072176 3.16060497713409 58.8214690796138
5.99640928083018 3.15632567178488 58.6268698566257
6.0423748109386 3.15204636643567 58.4322706336376
6.08834034104703 3.14776706108646 58.2376714106495
6.13430587115545 3.14348775573725 58.0430721876614
6.18027140126387 3.13920845038804 57.8484729646733
6.2262369313723 3.13492914503883 57.6538737416851
6.27220246148072 3.13064983968962 57.459274518697
6.31816799158915 3.12637053434041 57.2646752957089
6.36413352169757 3.1220912289912 57.0700760727208
6.41009905180599 3.11781192364199 56.8754768497326
6.45606458191442 3.11353261829278 56.6808776267445
6.50203011202285 3.10925331294357 56.4862784037564
6.54799564213127 3.10497400759436 56.2916791807683
6.59396117223969 3.10069470224515 56.0970799577802
6.63992670234811 3.09641539689594 55.902480734792
6.68589223245654 3.09213609154673 55.7078815118039
6.73185776256496 3.08785678619752 55.5132822888158
6.77782329267338 3.08357748084831 55.3186830658277
6.82378882278181 3.0792981754991 55.1240838428396
6.82916777927916 3.07555666835426 54.9539407182494
6.8354859567994 3.07116185565295 54.7540888574771
6.84180413431964 3.06676704295165 54.5542369967048
6.84812231183987 3.06237223025034 54.3543851359325
6.85444048936011 3.05797741754904 54.1545332751602
6.86075866688035 3.05358260484773 53.9546814143879
6.86707684440059 3.04918779214642 53.7548295536156
6.87339502192083 3.04479297944512 53.5549776928433
6.87971319944107 3.04039816674381 53.355125832071
6.8860313769613 3.03600335404251 53.1552739712988
6.89234955448154 3.0316085413412 52.9554221105265
6.89866773200178 3.02721372863989 52.7555702497542
6.90498590952202 3.02281891593859 52.5557183889819
6.91130408704226 3.01842410323728 52.3558665282096
6.9176222645625 3.01402929053598 52.1560146674373
6.92394044208273 3.00963447783467 51.956162806665
6.93025861960297 3.00523966513337 51.7563109458928
6.93657679712321 3.00084485243206 51.5564590851205
6.94289497464345 2.99645003973075 51.3566072243482
6.94921315216369 2.99205522702945 51.1567553635759
6.95553132968393 2.98766041432814 50.9569035028036
6.96184950720416 2.98326560162684 50.7570516420313
6.9681676847244 2.97887078892553 50.557199781259
6.97448586224464 2.97447597622422 50.3573479204868
6.98080403976488 2.97008116352292 50.1574960597145
6.98712221728512 2.96568635082161 49.9576441989422
6.99344039480536 2.96129153812031 49.7577923381699
6.99975857232559 2.956896725419 49.5579404773976
7.00607674984583 2.95250191271769 49.3580886166253
7.01239492736607 2.94810710001639 49.158236755853
7.01871310488631 2.94371228731508 48.9583848950808
7.02503128240655 2.93931747461378 48.7585330343085
7.03134945992679 2.93492266191247 48.5586811735362
7.03766763744702 2.93052784921116 48.3588293127639
7.04398581496726 2.92613303650986 48.1589774519916
7.0503039924875 2.92173822380855 47.9591255912194
7.05662217000774 2.91734341110725 47.7592737304471
7.06294034752798 2.91294859840594 47.5594218696748
7.06925852504822 2.90855378570464 47.3595700089025
7.07557670256845 2.90415897300333 47.1597181481302
7.08189488008869 2.89976416030202 46.9598662873579
7.08821305760893 2.89536934760072 46.7600144265856
7.09453123512917 2.89097453489941 46.5601625658133
7.10084941264941 2.88657972219811 46.360310705041
7.10716759016965 2.8821849094968 46.1604588442687
7.11348576768988 2.87779009679549 45.9606069834964
7.11980394521012 2.87339528409419 45.7607551227241
7.12612212273036 2.86900047139288 45.5609032619519
7.1324403002506 2.86460565869158 45.3610514011796
7.13875847777084 2.86021084599027 45.1611995404073
7.14507665529108 2.85581603328896 44.961347679635
7.15139483281131 2.85142122058766 44.7614958188627
7.15771301033155 2.84702640788635 44.5616439580904
7.16403118785179 2.84263159518505 44.3617920973181
7.17034936537203 2.83823678248374 44.1619402365459
7.17666754289227 2.83384196978243 43.9620883757736
7.18298572041251 2.82944715708113 43.7622365150013
7.18930389793274 2.82505234437982 43.562384654229
7.19562207545298 2.82065753167852 43.3625327934567
7.20194025297322 2.81626271897721 43.1626809326844
7.20825843049346 2.8118679062759 42.9628290719121
7.2145766080137 2.8074730935746 42.7629772111398
7.22089478553394 2.80307828087329 42.5631253503675
7.22721296305418 2.79868346817199 42.3632734895953
7.23353114057441 2.79428865547068 42.163421628823
7.23984931809465 2.78989384276937 41.9635697680507
7.24616749561489 2.78549903006807 41.7637179072784
7.25248567313513 2.78110421736676 41.5638660465061
7.25880385065537 2.77670940466546 41.3640141857338
7.2651220281756 2.77231459196415 41.1641623249616
7.27144020569584 2.76791977926284 40.9643104641893
7.27775838321608 2.76352496656154 40.764458603417
7.28407656073632 2.75913015386023 40.5646067426447
7.29039473825656 2.75473534115893 40.3647548818724
7.2967129157768 2.75034052845762 40.1649030211001
7.30303109329703 2.74594571575632 39.9650511603279
7.30934927081727 2.74155090305501 39.7651992995556
7.31566744833751 2.7371560903537 39.5653474387833
7.32198562585775 2.7327612776524 39.365495578011
7.32830380337799 2.72836646495109 39.1656437172387
7.33462198089823 2.72397165224979 38.9657918564665
7.34094015841846 2.71957683954848 38.7659399956942
7.3472583359387 2.71518202684717 38.5660881349219
7.35357651345894 2.71078721414587 38.3662362741496
7.35989469097918 2.70639240144456 38.1663844133773
7.36621286849942 2.70199758874326 37.966532552605
7.37253104601966 2.69760277604195 37.7666806918327
7.37884922353989 2.69320796334064 37.5668288310604
7.38516740106013 2.68881315063934 37.3669769702882
7.39148557858037 2.68441833793803 37.1671251095159
7.39780375610061 2.68002352523673 36.9672732487436
7.40412193362085 2.67562871253542 36.7674213879713
7.41044011114109 2.67123389983412 36.567569527199
7.41675828866132 2.66683908713281 36.3677176664267
7.42307646618156 2.6624442744315 36.1678658056544
7.4293946437018 2.6580494617302 35.9680139448821
7.43571282122204 2.65365464902889 35.7681620841099
7.44203099874228 2.64925983632758 35.5683102233376
7.44834917626252 2.64486502362628 35.3684583625653
7.45466735378275 2.64047021092497 35.168606501793
7.46098553130299 2.63607539822367 34.9687546410207
7.46730370882323 2.63168058552236 34.7689027802484
7.47362188634347 2.62728577282106 34.5690509194762
7.47994006386371 2.62289096011975 34.3691990587039
7.48625824138395 2.61849614741844 34.1693471979316
7.49257641890418 2.61410133471714 33.9694953371593
7.49889459642442 2.60970652201583 33.769643476387
7.50521277394466 2.60531170931453 33.5697916156147
7.5115309514649 2.60091689661322 33.3699397548424
7.51784912898514 2.59652208391191 33.1700878940702
7.52416730650538 2.59212727121061 32.9702360332979
7.53048548402561 2.5877324585093 32.7703841725256
7.53680366154585 2.583337645808 32.5705323117533
7.54312183906609 2.57894283310669 32.370680450981
7.54944001658633 2.57454802040538 32.1708285902087
7.55575819410657 2.57015320770408 31.9709767294364
7.56207637162681 2.56575839500277 31.7711248686642
7.56839454914704 2.56136358230147 31.5712730078919
7.57471272666728 2.55696876960016 31.3714211471196
7.58103090418752 2.55257395689886 31.1715692863473
7.58734908170776 2.54817914419755 30.971717425575
7.593667259228 2.54378433149624 30.7718655648027
7.59998543674823 2.53938951879494 30.5720137040305
7.60630361426847 2.53499470609363 30.3721618432582
7.61262179178871 2.53059989339233 30.1723099824859
7.61893996930895 2.52620508069102 29.9724581217136
7.62525814682919 2.52181026798972 29.7726062609413
7.63157632434942 2.51741545528841 29.5727544001691
7.63789450186966 2.5130206425871 29.3729025393968
7.6442126793899 2.5086258298858 29.1730506786245
7.65053085691014 2.50423101718449 28.9731988178522
7.65684903443038 2.49983620448319 28.7733469570799
7.66316721195062 2.49544139178188 28.5734950963077
7.66948538947085 2.49104657908057 28.3736432355354
7.67580356699109 2.48665176637927 28.1737913747631
7.68212174451133 2.48225695367796 27.9739395139908
7.68843992203157 2.47786214097666 27.7740876532185
7.69475809955181 2.47346732827535 27.5742357924462
7.70107627707205 2.46907251557405 27.374383931674
7.70739445459228 2.46467770287274 27.1745320709017
7.71371263211252 2.46028289017143 26.9746802101294
7.72003080963276 2.45588807747013 26.7748283493571
7.726348987153 2.45149326476882 26.5749764885848
7.73266716467324 2.44709845206752 26.3751246278126
7.73898534219347 2.44270363936621 26.1752727670403
7.74530351971371 2.43830882666491 25.975420906268
7.75162169723395 2.4339140139636 25.7755690454957
7.75793987475419 2.42951920126229 25.5757171847235
7.76425805227443 2.42512438856099 25.3758653239512
7.77057622979467 2.42072957585968 25.1760134631789
7.7768944073149 2.41633476315838 24.9761616024066
7.78321258483514 2.41193995045707 24.7763097416343
7.78953076235538 2.40754513775576 24.576457880862
7.79584893987562 2.40315032505446 24.3766060200898
7.80216711739586 2.39875551235315 24.1767541593175
7.80848529491609 2.39436069965185 23.9769022985452
7.81480347243633 2.38996588695054 23.7770504377729
7.82112164995657 2.38557107424924 23.5771985770006
7.82743982747681 2.38117626154793 23.3773467162283
7.83375800499705 2.37678144884662 23.1774948554561
7.84007618251728 2.37238663614532 22.9776429946838
7.84639436003752 2.36799182344401 22.7777911339115
7.85271253755776 2.36359701074271 22.5779392731392
7.859030715078 2.3592021980414 22.3780874123669
7.86534889259824 2.35480738534009 22.1782355515947
7.87166707011847 2.35041257263879 21.9783836908224
7.87798524763871 2.34601775993748 21.7785318300501
7.88430342515895 2.34162294723618 21.5786799692778
7.89062160267919 2.33722813453487 21.3788281085056
7.89693978019943 2.33283332183357 21.1789762477333
7.90325795771967 2.32843850913226 20.979124386961
7.9095761352399 2.32404369643095 20.7792725261887
7.91589431276014 2.31964888372965 20.5794206654164
7.92221249028038 2.31525407102834 20.3795688046441
7.92853066780062 2.31085925832704 20.1797169438719
26.2809664764546 3.07882221854555 55.1024399437069
26.0809666002546 3.078827110896 55.1026624208423
25.8809667240547 3.07883200324645 55.1028848979777
25.6809668478548 3.07883689559689 55.1031073751131
25.4809669716548 3.07884178794734 55.1033298522484
25.2809670954549 3.07884668029779 55.1035523293838
25.080967219255 3.07885157264823 55.1037748065192
24.880967343055 3.07885646499868 55.1039972836546
24.6809674668551 3.07886135734913 55.10421976079
24.4809675906552 3.07886624969957 55.1044422379253
24.2809677144553 3.07887114205002 55.1046647150607
24.0809678382553 3.07887603440047 55.1048871921961
23.8809679620554 3.07888092675091 55.1051096693315
23.6809680858555 3.07888581910136 55.1053321464669
23.4809682096555 3.07889071145181 55.1055546236023
23.2809683334556 3.07889560380225 55.1057771007376
23.0809684572556 3.0789004961527 55.105999577873
22.8809685810557 3.07890538850315 55.1062220550084
22.6809687048558 3.07891028085359 55.1064445321438
22.4809688286558 3.07891517320404 55.1066670092792
22.2809689524559 3.07892006555449 55.1068894864146
22.080969076256 3.07892495790493 55.1071119635499
21.8809692000561 3.07892985025538 55.1073344406853
21.6809693238561 3.07893474260583 55.1075569178207
21.4809694476562 3.07893963495627 55.1077793949561
21.2809695714563 3.07894452730672 55.1080018720915
21.0809696952563 3.07894941965717 55.1082243492269
20.8809698190564 3.07895431200761 55.1084468263622
20.6809699428565 3.07895920435806 55.1086693034976
20.4809700666565 3.07896409670851 55.108891780633
20.2809701904566 3.07896898905895 55.1091142577684
20.0809703142567 3.0789738814094 55.1093367349038
19.8809704380567 3.07897877375985 55.1095592120391
19.6809705618568 3.07898366611029 55.1097816891745
19.4809706856569 3.07898855846074 55.1100041663099
19.2809708094569 3.07899345081119 55.1102266434453
19.080970933257 3.07899834316163 55.1104491205807
18.8809710570571 3.07900323551208 55.1106715977161
18.6809711808571 3.07900812786253 55.1108940748514
18.4809713046572 3.07901302021297 55.1111165519868
18.2809714284572 3.07901791256342 55.1113390291222
18.0809715522573 3.07902280491387 55.1115615062576
17.8809716760574 3.07902769726432 55.111783983393
17.6809717998574 3.07903258961476 55.1120064605283
17.4809719236575 3.07903748196521 55.1122289376637
17.2809720474576 3.07904237431566 55.1124514147991
17.0809721712576 3.0790472666661 55.1126738919345
16.8809722950577 3.07905215901655 55.1128963690699
16.6809724188578 3.079057051367 55.1131188462053
16.4809725426578 3.07906194371744 55.1133413233406
16.2809726664579 3.07906683606789 55.113563800476
16.080972790258 3.07907172841834 55.1137862776114
15.880972914058 3.07907662076878 55.1140087547468
15.6809730378581 3.07908151311923 55.1142312318822
15.4809731616582 3.07908640546968 55.1144537090176
15.2809732854583 3.07909129782012 55.1146761861529
15.0809734092583 3.07909619017057 55.1148986632883
14.8809735330584 3.07910108252102 55.1151211404237
14.6809736568585 3.07910597487146 55.1153436175591
14.4809737806585 3.07911086722191 55.1155660946945
14.2809739044586 3.07911575957236 55.1157885718299
14.0809740282586 3.0791206519228 55.1160110489652
13.8809741520587 3.07912554427325 55.1162335261006
13.6809742758588 3.0791304366237 55.116456003236
13.4809743996589 3.07913532897414 55.1166784803714
13.2809745234589 3.07914022132459 55.1169009575068
13.080974647259 3.07914511367504 55.1171234346422
12.8809747710591 3.07915000602548 55.1173459117775
12.6809748948591 3.07915489837593 55.1175683889129
12.4809750186592 3.07915979072638 55.1177908660483
12.2809751424593 3.07916468307682 55.1180133431837
12.0809752662593 3.07916957542727 55.1182358203191
11.8809753900594 3.07917446777772 55.1184582974544
11.6809755138595 3.07917936012816 55.1186807745898
11.4809756376595 3.07918425247861 55.1189032517252
11.2809757614596 3.07918914482906 55.1191257288606
11.0809758852597 3.0791940371795 55.119348205996
10.8809760090597 3.07919892952995 55.1195706831314
10.6809761328598 3.0792038218804 55.1197931602667
10.4809762566599 3.07920871423084 55.1200156374021
10.2809763804599 3.07921360658129 55.1202381145375
10.08097650426 3.07921849893174 55.1204605916729
9.88097662806003 3.07922339128218 55.1206830688083
9.6809767518601 3.07922828363263 55.1209055459437
9.48097687566018 3.07923317598308 55.121128023079
9.28097699946025 3.07923806833352 55.1213505002144
9.08097712326032 3.07924296068397 55.1215729773498
8.88097724706038 3.07924785303442 55.1217954544852
8.68097737086045 3.07925274538486 55.1220179316206
8.48097749466052 3.07925763773531 55.1222404087559
8.28097761846059 3.07926253008576 55.1224628858913
8.08097774226066 3.0792674224362 55.1226853630267
7.88097786606072 3.07927231478665 55.1229078401621
7.68097798986079 3.0792772071371 55.1231303172975
7.48097811366085 3.07928209948755 55.1233527944329
7.28097823746091 3.07928699183799 55.1235752715682
7.08097836126097 3.07929188418844 55.1237977487036
6.88097848506104 3.07929677653889 55.124020225839
6.6809786088611 3.07930166888933 55.1242427029744
6.48097873266116 3.07930656123978 55.1244651801098
6.28097885646123 3.07931145359023 55.1246876572452
6.08097898026129 3.07931634594067 55.1249101343805
5.88097910406135 3.07932123829112 55.1251326115159
5.68097922786142 3.07932613064157 55.1253550886513
5.48097935166148 3.07933102299201 55.1255775657867
5.28097947546155 3.07933591534246 55.1258000429221
5.08097959926161 3.07934080769291 55.1260225200574
4.88097972306168 3.07934570004335 55.1262449971928
4.68097984686175 3.0793505923938 55.1264674743282
4.48097997066181 3.07935548474425 55.1266899514636
4.28098009446187 3.07936037709469 55.126912428599
4.08098021826194 3.07936526944514 55.1271349057344
3.88098034206201 3.07937016179559 55.1273573828697
3.68098046586208 3.07937505414603 55.1275798600051
3.48098058966215 3.07937994649648 55.1278023371405
3.28098071346221 3.07938483884693 55.1280248142759
3.08098083726227 3.07938973119737 55.1282472914113
2.88098096106233 3.07939462354782 55.1284697685467
2.6809810848624 3.07939951589827 55.128692245682
2.48098120866246 3.07940440824871 55.1289147228174
2.28098133246252 3.07940930059916 55.1291371999528
2.0809814562626 3.07941419294961 55.1293596770882
1.88098158006266 3.07941908530005 55.1295821542236
1.68098170386272 3.0794239776505 55.129804631359
1.48098182766279 3.07942887000095 55.1300271084943
1.28098195146286 3.07943376235139 55.1302495856297
1.08098207526292 3.07943865470184 55.1304720627651
0.880982199062986 3.07944354705229 55.1306945399005
0.680982322863058 3.07944843940273 55.1309170170359
0.480982446663128 3.07945333175318 55.1311394941713
0.280982570463199 3.07945822410363 55.1313619713066
0.080982694263263 3.07946311645407 55.131584448442
-0.119017181936666 3.07946800880452 55.1318069255774
-0.319017058136602 3.07947290115497 55.1320294027128
-0.519016934336531 3.07947779350541 55.1322518798482
-0.719016810536467 3.07948268585586 55.1324743569835
-0.919016686736396 3.07948757820631 55.1326968341189
-1.11901656293633 3.07949247055675 55.1329193112543
-1.31901643913626 3.0794973629072 55.1331417883897
-1.5190163153362 3.07950225525765 55.1333642655251
-1.71901619153613 3.07950714760809 55.1335867426605
-1.91901606773607 3.07951203995854 55.1338092197958
-2.119015943936 3.07951693230899 55.1340316969312
-2.31901582013593 3.07952182465944 55.1342541740666
-2.51901569633586 3.07952671700988 55.134476651202
-2.7190155725358 3.07953160936033 55.1346991283374
-2.84114428391171 3.08071461412555 55.1884956652321
-3.02416698967077 3.08248747106162 55.2691154280383
-3.20718969542983 3.08426032799769 55.3497351908444
-3.39021240118889 3.08603318493376 55.4303549536505
-3.57323510694795 3.08780604186983 55.5109747164567
-3.75625781270701 3.0895788988059 55.5915944792628
-3.93928051846607 3.09135175574197 55.6722142420689
-4.12230322422513 3.09312461267804 55.7528340048751
-4.30532592998418 3.09489746961411 55.8334537676812
-4.48834863574323 3.09667032655018 55.9140735304873
-4.6713713415023 3.09844318348625 55.9946932932935
-4.85439404726136 3.10021604042232 56.0753130560996
-5.03741675302042 3.10198889735839 56.1559328189057
-5.22043945877948 3.10376175429446 56.2365525817118
-5.40346216453854 3.10553461123053 56.317172344518
-5.58648487029759 3.1073074681666 56.3977921073241
-5.76950757605666 3.10908032510267 56.4784118701302
-5.95253028181572 3.11085318203874 56.5590316329364
-6.13555298757478 3.11262603897481 56.6396513957425
-6.31857569333385 3.11439889591088 56.7202711585487
-6.50159839909291 3.11617175284695 56.8008909213548
-6.68462110485197 3.11794460978302 56.8815106841609
-6.86764381061103 3.11971746671909 56.9621304469671
-7.05066651637009 3.12149032365516 57.0427502097732
-6.90326522543215 3.12148671795907 57.0425862425869
-6.70326534923221 3.12148182560862 57.0423637654515
-6.50326547303227 3.12147693325818 57.0421412883161
-6.30326559683234 3.12147204090773 57.0419188111808
-6.10326572063241 3.12146714855728 57.0416963340454
-5.90326584443248 3.12146225620684 57.04147385691
-5.70326596823255 3.12145736385639 57.0412513797746
-5.50326609203262 3.12145247150594 57.0410289026392
-5.30326621583268 3.1214475791555 57.0408064255038
-5.10326633963275 3.12144268680505 57.0405839483685
-4.90326646343281 3.1214377944546 57.0403614712331
-4.70326658723287 3.12143290210416 57.0401389940977
-4.50326671103293 3.12142800975371 57.0399165169623
-4.303266834833 3.12142311740326 57.0396940398269
-4.10326695863306 3.12141822505281 57.0394715626916
-3.90326708243312 3.12141333270237 57.0392490855562
-3.70326720623319 3.12140844035192 57.0390266084208
-3.50326733003326 3.12140354800147 57.0388041312854
-3.30326745383333 3.12139865565103 57.03858165415
-3.1032675776334 3.12139376330058 57.0383591770146
-2.90326770143347 3.12138887095013 57.0381366998793
-2.70326782523353 3.12138397859969 57.0379142227439
-2.50326794903359 3.12137908624924 57.0376917456085
-2.30326807283366 3.12137419389879 57.0374692684731
-2.10326819663373 3.12136930154835 57.0372467913377
-1.9032683204338 3.1213644091979 57.0370243142023
-1.70326844423386 3.12135951684745 57.036801837067
-1.50326856803393 3.12135462449701 57.0365793599316
-1.30326869183399 3.12134973214656 57.0363568827962
-1.10326881563405 3.12134483979611 57.0361344056608
-0.903268939434116 3.12133994744567 57.0359119285254
-0.703269063234187 3.12133505509522 57.03568945139
-0.503269187034249 3.12133016274477 57.0354669742547
-0.303269310834316 3.12132527039433 57.0352444971193
-0.103269434634379 3.12132037804388 57.0350220199839
0.0967304415655512 3.12131548569343 57.0347995428485
0.296730317765488 3.12131059334299 57.0345770657131
0.496730193965417 3.12130570099254 57.0343545885778
0.696730070165347 3.12130080864209 57.0341321114424
0.896729946365276 3.12129591629165 57.033909634307
1.09672982256521 3.1212910239412 57.0336871571716
1.29672969876514 3.12128613159075 57.0334646800362
1.49672957496507 3.12128123924031 57.0332422029008
1.69672945116501 3.12127634688986 57.0330197257655
1.89672932736493 3.12127145453941 57.0327972486301
2.09672920356486 3.12126656218897 57.0325747714947
2.29672907976479 3.12126166983852 57.0323522943593
2.49672895596472 3.12125677748807 57.0321298172239
2.69672883216465 3.12125188513763 57.0319073400886
2.89672870836458 3.12124699278718 57.0316848629532
3.09672858456452 3.12124210043673 57.0314623858178
3.29672846076446 3.12123720808629 57.0312399086824
3.4967283369644 3.12123231573584 57.031017431547
3.69672821316434 3.12122742338539 57.0307949544116
3.89672808936427 3.12122253103495 57.0305724772763
4.09672796556421 3.1212176386845 57.0303500001409
4.29672784176415 3.12121274633405 57.0301275230055
4.49672771796408 3.12120785398361 57.0299050458701
4.69672759416402 3.12120296163316 57.0296825687347
4.89672747036396 3.12119806928271 57.0294600915993
5.09672734656389 3.12119317693227 57.029237614464
5.29672722276383 3.12118828458182 57.0290151373286
5.49672709896376 3.12118339223137 57.0287926601932
5.69672697516371 3.12117849988093 57.0285701830578
5.89672685136364 3.12117360753048 57.0283477059224
6.09672672756358 3.12116871518003 57.028125228787
6.29672660376351 3.12116382282959 57.0279027516517
6.49672647996345 3.12115893047914 57.0276802745163
6.69672635616338 3.12115403812869 57.0274577973809
6.89672623236332 3.12114914577824 57.0272353202455
7.09672610856326 3.1211442534278 57.0270128431101
7.29672598476319 3.12113936107735 57.0267903659747
7.49672586096313 3.1211344687269 57.0265678888394
7.69672573716306 3.12112957637646 57.026345411704
7.89672561336299 3.12112468402601 57.0261229345686
8.09672548956293 3.12111979167556 57.0259004574332
8.29672536576286 3.12111489932512 57.0256779802978
8.49672524196279 3.12111000697467 57.0254555031625
8.69672511816273 3.12110511462422 57.0252330260271
8.89672499436267 3.12110022227378 57.0250105488917
9.09672487056261 3.12109532992333 57.0247880717563
9.29672474676254 3.12109043757288 57.0245655946209
9.49672462296247 3.12108554522244 57.0243431174855
9.69672449916241 3.12108065287199 57.0241206403502
9.89672437536234 3.12107576052154 57.0238981632148
10.0967242515623 3.1210708681711 57.0236756860794
10.2967241277622 3.12106597582065 57.023453208944
10.4967240039621 3.1210610834702 57.0232307318086
10.6967238801621 3.12105619111976 57.0230082546733
10.896723756362 3.12105129876931 57.0227857775379
11.0967236325619 3.12104640641886 57.0225633004025
11.2967235087619 3.12104151406842 57.0223408232671
11.4967233849618 3.12103662171797 57.0221183461317
11.6967232611617 3.12103172936752 57.0218958689963
11.8967231373617 3.12102683701708 57.021673391861
12.0967230135616 3.12102194466663 57.0214509147256
12.2967228897615 3.12101705231618 57.0212284375902
12.4967227659615 3.12101215996574 57.0210059604548
12.6967226421614 3.12100726761529 57.0207834833194
12.8967225183613 3.12100237526484 57.020561006184
13.0967223945613 3.1209974829144 57.0203385290487
13.2967222707612 3.12099259056395 57.0201160519133
13.4967221469611 3.1209876982135 57.0198935747779
13.6967220231611 3.12098280586306 57.0196710976425
13.896721899361 3.12097791351261 57.0194486205071
14.096721775561 3.12097302116216 57.0192261433718
14.2967216517609 3.12096812881172 57.0190036662364
14.4967215279608 3.12096323646127 57.018781189101
14.6967214041608 3.12095834411082 57.0185587119656
14.8967212803607 3.12095345176038 57.0183362348302
15.0967211565606 3.12094855940993 57.0181137576948
15.2967210327606 3.12094366705948 57.0178912805595
15.4967209089605 3.12093877470904 57.0176688034241
15.6967207851604 3.12093388235859 57.0174463262887
15.8967206613604 3.12092899000814 57.0172238491533
16.0967205375603 3.1209240976577 57.0170013720179
16.2967204137602 3.12091920530725 57.0167788948825
16.4967202899602 3.1209143129568 57.0165564177472
16.6967201661601 3.12090942060636 57.0163339406118
16.89672004236 3.12090452825591 57.0161114634764
17.09671991856 3.12089963590546 57.015888986341
17.2967197947599 3.12089474355501 57.0156665092056
17.4967196709598 3.12088985120457 57.0154440320702
17.6967195471597 3.12088495885412 57.0152215549349
17.8967194233597 3.12088006650368 57.0149990777995
18.0967192995596 3.12087517415323 57.0147766006641
18.2967191757595 3.12087028180278 57.0145541235287
18.4967190519595 3.12086538945233 57.0143316463933
18.6967189281594 3.12086049710189 57.014109169258
18.8967188043593 3.12085560475144 57.0138866921226
19.0967186805593 3.12085071240099 57.0136642149872
19.2967185567592 3.12084582005055 57.0134417378518
19.4967184329592 3.1208409277001 57.0132192607164
19.6967183091591 3.12083603534965 57.012996783581
19.896718185359 3.12083114299921 57.0127743064457
20.096718061559 3.12082625064876 57.0125518293103
20.2967179377589 3.12082135829831 57.0123293521749
20.4967178139588 3.12081646594787 57.0121068750395
20.6967176901588 3.12081157359742 57.0118843979041
20.8967175663587 3.12080668124697 57.0116619207688
21.0967174425586 3.12080178889653 57.0114394436334
21.2967173187586 3.12079689654608 57.011216966498
21.4967171949585 3.12079200419563 57.0109944893626
21.6967170711584 3.12078711184519 57.0107720122272
21.8967169473584 3.12078221949474 57.0105495350918
22.0967168235583 3.12077732714429 57.0103270579564
22.2967166997582 3.12077243479385 57.0101045808211
22.4967165759582 3.1207675424434 57.0098821036857
22.6967164521581 3.12076265009295 57.0096596265503
22.896716328358 3.12075775774251 57.0094371494149
23.096716204558 3.12075286539206 57.0092146722795
23.2967160807579 3.12074797304161 57.0089921951442
23.4967159569578 3.12074308069117 57.0087697180088
23.6967158331578 3.12073818834072 57.0085472408734
23.8967157093577 3.12073329599027 57.008324763738
24.0967155855576 3.12072840363983 57.0081022866026
24.2967154617576 3.12072351128938 57.0078798094672
24.4967153379575 3.12071861893893 57.0076573323319
24.6967152141574 3.12071372658849 57.0074348551965
24.8967150903574 3.12070883423804 57.0072123780611
25.0967149665573 3.12070394188759 57.0069899009257
25.2967148427572 3.12069904953715 57.0067674237903
25.4967147189572 3.1206941571867 57.0065449466549
25.6967145951571 3.12068926483625 57.0063224695196
25.8967144713571 3.12068437248581 57.0060999923842
26.096714347557 3.12067948013536 57.0058775152488
26.2967142237569 3.12067458778491 57.0056550381134
26.4967140999569 3.12066969543447 57.005432560978
26.6967139761568 3.12066480308402 57.0052100838427
26.8967138523567 3.12065991073357 57.0049876067073
27.0967137285567 3.12065501838313 57.0047651295719
27.2967136047566 3.12065012603268 57.0045426524365
27.4967134809565 3.12064523368223 57.0043201753011
27.6967133571565 3.12064034133179 57.0040976981657
27.8967132333564 3.12063544898134 57.0038752210304
28.0967131095563 3.12063055663089 57.003652743895
28.2967129857562 3.12062566428044 57.0034302667596
28.4967128619562 3.12062077193 57.0032077896242
28.6967127381561 3.12061587957955 57.0029853124888
28.896712614356 3.1206109872291 57.0027628353535
29.096712490556 3.12060609487866 57.0025403582181
29.2967123667559 3.12060120252821 57.0023178810827
29.4967122429558 3.12059631017776 57.0020954039473
29.6967121191558 3.12059141782732 57.0018729268119
29.8967119953557 3.12058652547687 57.0016504496765
30.0967118715556 3.12058163312642 57.0014279725412
30.2967117477556 3.12057674077598 57.0012054954058
30.4967116239555 3.12057184842553 57.0009830182704
30.6967115001554 3.12056695607508 57.000760541135
30.5780346293228 3.11942319379669 56.9487485362662
30.3948618435401 3.11765784456448 56.8684701824546
30.2116890577574 3.11589249533226 56.788191828643
30.0285162719747 3.11412714610005 56.7079134748314
29.845343486192 3.11236179686783 56.6276351210198
29.6621707004094 3.11059644763561 56.5473567672081
29.4789979146267 3.1088310984034 56.4670784133965
29.295825128844 3.10706574917118 56.3868000595849
29.1126523430613 3.10530039993897 56.3065217057733
28.9294795572786 3.10353505070675 56.2262433519617
28.746306771496 3.10176970147454 56.14596499815
28.5631339857133 3.10000435224232 56.0656866443384
28.3799611999306 3.0982390030101 55.9854082905268
28.1967884141479 3.09647365377789 55.9051299367152
28.0136156283652 3.09470830454567 55.8248515829036
27.8304428425825 3.09294295531346 55.744573229092
27.6472700567999 3.09117760608124 55.6642948752803
27.4640972710172 3.08941225684903 55.5840165214687
27.2809244852345 3.08764690761681 55.5037381676571
27.0977516994518 3.0858815583846 55.4234598138455
26.9145789136692 3.08411620915238 55.3431814600339
26.7314061278865 3.08235085992016 55.2629031062223
26.5482333421038 3.08058551068795 55.1826247524107
26.3650605563211 3.07882016145573 55.102346398599
4.96689215435306 3.07751949887528 55.0431994327084
5.12568959155212 3.07484640645644 54.9216419215627
5.28448702875116 3.07217331403759 54.800084410417
5.44328446595022 3.06950022161875 54.6785268992714
5.60208190314927 3.06682712919991 54.5569693881257
5.76087934034832 3.06415403678106 54.43541187698
5.91967677754737 3.06148094436222 54.3138543658343
6.07847421474643 3.05880785194338 54.1922968546886
6.23727165194548 3.05613475952453 54.070739343543
6.39606908914453 3.05346166710569 53.9491818323973
6.55486652634359 3.05078857468685 53.8276243212516
6.71366396354265 3.048115482268 53.7060668101059
6.8724614007417 3.04544238984916 53.5845092989602
6.82951697282888 3.04446955709319 53.5402702267371
6.69022837052213 3.04131421141874 53.3967824953414
6.55093976821537 3.03815886574428 53.2532947639456
6.41165116590861 3.03500352006983 53.1098070325498
6.27236256360186 3.03184817439537 52.966319301154
6.1330739612951 3.02869282872091 52.8228315697582
5.99378535898835 3.02553748304646 52.6793438383625
5.8544967566816 3.022382137372 52.5358561069667
5.71520815437485 3.01922679169755 52.3923683755709
5.5759195520681 3.01607144602309 52.2488806441752
5.43663094976134 3.01291610034864 52.1053929127794
5.29734234745459 3.00976075467418 51.9619051813836
5.15805374514783 3.00660540899973 51.8184174499878
5.01876514284107 3.00345006332527 51.674929718592
4.87947654053432 3.00029471765082 51.5314419871963
4.74018793822758 2.99713937197636 51.3879542558005
4.7569934367461 2.99686174513513 51.3753293171303
4.91688437464893 2.99422034678666 51.2552130776315
5.07677531255176 2.99157894843819 51.1350968381328
5.23666625045458 2.98893755008972 51.014980598634
5.39655718835741 2.98629615174125 50.8948643591353
5.55644812626024 2.98365475339278 50.7747481196365
5.71633906416307 2.98101335504432 50.6546318801378
5.8762300020659 2.97837195669585 50.534515640639
6.03612093996872 2.97573055834738 50.4143994011403
6.19601187787153 2.97308915999891 50.2942831616415
6.35590281577435 2.97044776165044 50.1741669221428
6.51579375367717 2.96780636330198 50.054050682644
6.67568469157999 2.96516496495351 49.9339344431453
6.83557562948281 2.96252356660504 49.8138182036465
6.99546656738561 2.95988216825657 49.6937019641478
6.99463655963001 2.95986794788282 49.6930552999215
6.83688214803053 2.95716516989229 49.5701478525799
6.67912773643107 2.95446239190176 49.4472404052382
6.52137332483161 2.95175961391122 49.3243329578966
6.36361891323215 2.94905683592069 49.2014255105549
6.20586450163268 2.94635405793016 49.0785180632133
6.04811009003321 2.94365127993963 48.9556106158716
5.89035567843373 2.9409485019491 48.83270316853
5.73260126683427 2.93824572395856 48.7097957211883
5.5748468552348 2.93554294596803 48.5868882738467
5.41709244363533 2.9328401679775 48.463980826505
5.25933803203587 2.93013738998697 48.3410733791633
5.10158362043641 2.92743461199644 48.2181659318217
4.94382920883693 2.9247318340059 48.09525848448
4.78607479723747 2.92202905601537 47.9723510371384
4.62832038563801 2.91932627802484 47.8494435897967
4.63685654688923 2.91917340381134 47.8424917130939
4.79191985062337 2.91639637325826 47.7162076684312
4.94698315435751 2.91361934270517 47.5899236237685
5.10204645809164 2.91084231215208 47.4636395791059
5.25710976182578 2.908065281599 47.3373555344432
5.41217306555991 2.90528825104591 47.2110714897805
5.56723636929404 2.90251122049282 47.0847874451178
5.72229967302818 2.89973418993974 46.9585034004552
5.87736297676232 2.89695715938665 46.8322193557925
6.03242628049645 2.89418012883357 46.7059353111298
6.18748958423058 2.89140309828048 46.5796512664671
6.34255288796471 2.88862606772739 46.4533672218045
6.49761619169885 2.88584903717431 46.3270831771418
6.65267949543299 2.88307200662122 46.2007991324791
6.80774279916713 2.88029497606813 46.0745150878164
6.96280610290127 2.87751794551505 45.9482310431537
7.11786940663541 2.87474091496196 45.8219469984911
7.06929387157149 2.87394571504672 45.7857856888865
6.90888015757743 2.87131968176468 45.6663681679281
6.74846644358336 2.86869364848264 45.5469506469698
6.5880527295893 2.8660676152006 45.4275331260114
6.42763901559526 2.86344158191855 45.3081156050531
6.26722530160122 2.86081554863651 45.1886980840948
6.10681158760718 2.85818951535447 45.0692805631364
5.94639787361312 2.85556348207243 44.9498630421781
5.78598415961907 2.85293744879038 44.8304455212198
5.62557044562503 2.85031141550834 44.7110280002614
5.46515673163098 2.8476853822263 44.5916104793031
5.30474301763693 2.84505934894425 44.4721929583447
5.14432930364287 2.84243331566221 44.3527754373864
4.98391558964882 2.83980728238017 44.233357916428
4.82350187565476 2.83718124909813 44.1139403954697
4.66308816166069 2.83455521581608 43.9945228745113
4.50267444766663 2.83192918253404 43.875105353553
4.56787559065828 2.83098073095209 43.8319750027535
4.73467031642462 2.82855444340166 43.7216408168216
4.90146504219095 2.82612815585123 43.6113066308897
5.06825976795731 2.8237018683008 43.5009724449578
5.23505449372366 2.82127558075038 43.3906382590259
5.40184921949001 2.81884929319995 43.2803040730941
5.56864394525636 2.81642300564952 43.1699698871622
5.73543867102271 2.81399671809909 43.0596357012303
5.90223339678906 2.81157043054866 42.9493015152984
6.0690281225554 2.80914414299823 42.8389673293665
6.23582284832175 2.80671785544781 42.7286331434346
6.4026175740881 2.80429156789738 42.6182989575028
6.56941229985445 2.80186528034695 42.5079647715709
6.7362070256208 2.79943899279652 42.397630585639
6.90300175138714 2.79701270524609 42.2872963997071
7.06979647715349 2.79458641769567 42.1769622137752
7.23659120291984 2.79216013014524 42.0666280278433
7.2106761086009 2.79177878517298 42.0492865601902
7.04447037004596 2.78933303977156 41.938067538432
6.87826463149101 2.78688729437014 41.8268485166739
6.71205889293608 2.78444154896872 41.7156294949157
6.54585315438115 2.78199580356729 41.6044104731576
6.37964741582619 2.77955005816587 41.4931914513994
6.21344167727125 2.77710431276445 41.3819724296413
6.04723593871632 2.77465856736303 41.2707534078831
5.88103020016137 2.7722128219616 41.159534386125
5.71482446160644 2.76976707656018 41.0483153643668
5.54861872305151 2.76732133115876 40.9370963426087
5.38241298449658 2.76487558575734 40.8258773208506
5.21620724594163 2.76242984035591 40.7146582990924
5.05000150738669 2.75998409495449 40.6034392773343
4.88379576883176 2.75753834955307 40.4922202555761
4.71759003027681 2.75509260415165 40.381001233818
4.55138429172187 2.75264685875023 40.2697822120598
4.38517855316691 2.7502011133488 40.1585631903017
4.39311414022899 2.7501021001212 40.1540606143962
4.56705430979045 2.74793182872684 40.0553686322751
4.7409944793519 2.74576155733248 39.9566766501539
4.91493464891336 2.74359128593813 39.8579846680327
5.08887481847481 2.74142101454377 39.7592926859116
5.26281498803628 2.73925074314941 39.6606007037904
5.43675515759774 2.73708047175506 39.5619087216692
5.6106953271592 2.7349102003607 39.4632167395481
5.78463549672065 2.73273992896634 39.3645247574269
5.95857566628212 2.73056965757198 39.2658327753057
6.13251583584358 2.72839938617763 39.1671407931846
6.30645600540504 2.72622911478327 39.0684488110634
6.4803961749665 2.72405884338891 38.9697568289422
6.65433634452796 2.72188857199455 38.8710648468211
6.82827651408943 2.7197183006002 38.7723728646999
7.00221668365088 2.71754802920584 38.6736808825787
7.17615685321234 2.71537775781148 38.5749889004575
7.35009702277381 2.71320748641712 38.4762969183364
7.232806709215 2.71143693461775 38.3957819804429
7.06793096537389 2.70894805863068 38.282601617353
6.90305522153276 2.70645918264362 38.1694212542631
6.73817947769165 2.70397030665656 38.0562408911732
6.57330373385053 2.7014814306695 37.9430605280833
6.40842799000942 2.69899255468244 37.8298801649934
6.24355224616831 2.69650367869537 37.7166998019035
6.07867650232719 2.69401480270831 37.6035194388137
5.91380075848607 2.69152592672125 37.4903390757238
5.74892501464495 2.68903705073419 37.3771587126339
5.58404927080383 2.68654817474712 37.263978349544
5.41917352696271 2.68405929876006 37.1507979864541
5.25429778312159 2.681570422773 37.0376176233642
5.08942203928047 2.67908154678594 36.9244372602743
4.92454629543935 2.67659267079887 36.8112568971844
4.75967055159824 2.67410379481181 36.6980765340945
4.59479480775712 2.67161491882475 36.5848961710046
4.42991906391601 2.66912604283769 36.4717158079147
4.26504332007489 2.66663716685063 36.3585354448249
4.35631346037499 2.66548092110998 36.305955760892
4.52960270302418 2.66328562538616 36.2061258101821
4.70289194567338 2.66109032966234 36.1062958594721
4.87618118832257 2.65889503393852 36.0064659087621
5.04947043097176 2.6566997382147 35.9066359580521
5.22275967362095 2.65450444249088 35.8068060073422
5.39604891627014 2.65230914676706 35.7069760566322
5.56933815891933 2.65011385104324 35.6071461059222
5.74262740156852 2.64791855531942 35.5073161552123
5.9159166442177 2.64572325959559 35.4074862045023
6.08920588686689 2.64352796387177 35.3076562537923
6.26249512951609 2.64133266814795 35.2078263030824
6.43578437216529 2.63913737242413 35.1079963523724
6.60907361481447 2.63694207670031 35.0081664016624
6.78236285746366 2.63474678097649 34.9083364509524
6.95565210011286 2.63255148525267 34.8085065002425
7.12894134276205 2.63035618952885 34.7086765495325
7.30223058541124 2.62816089380503 34.6088465988225
7.47551982806044 2.62596559808121 34.5090166481125
7.45839072968089 2.62575352266482 34.4993726269742
7.28412448410541 2.6235959317762 34.4012572843687
7.10985823852994 2.62143834088758 34.3031419417632
6.93559199295447 2.61928074999896 34.2050265991578
6.761325747379 2.61712315911035 34.1069112565523
6.58705950180353 2.61496556822173 34.0087959139468
6.41279325622806 2.61280797733311 33.9106805713414
6.23852701065258 2.6106503864445 33.8125652287359
6.06426076507712 2.60849279555588 33.7144498861304
5.88999451950165 2.60633520466726 33.616334543525
5.71572827392617 2.60417761377864 33.5182192009195
5.5414620283507 2.60202002289003 33.420103858314
5.36719578277524 2.59986243200141 33.3219885157086
5.19292953719978 2.59770484111279 33.2238731731031
5.01866329162431 2.59554725022417 33.1257578304976
4.84439704604884 2.59338965933556 33.0276424878922
4.67013080047338 2.59123206844694 32.9295271452867
4.49586455489792 2.58907447755832 32.8314118026812
4.32159830932246 2.58691688666971 32.7332964600758
4.14733206374699 2.58475929578109 32.6351811174703
4.23712313224062 2.58349407841822 32.5776460047283
4.40550692998707 2.58112143592596 32.4697513003907
4.57389072773352 2.5787487934337 32.3618565960532
4.74227452547997 2.57637615094143 32.2539618917157
4.91065832322642 2.57400350844917 32.1460671873781
5.07904212097287 2.57163086595691 32.0381724830406
5.24742591871933 2.56925822346464 31.930277778703
5.41580971646578 2.56688558097238 31.8223830743655
5.58419351421223 2.56451293848012 31.714488370028
5.75257731195869 2.56214029598785 31.6065936656904
5.92096110970514 2.55976765349559 31.4986989613529
6.0893449074516 2.55739501100333 31.3908042570153
6.25772870519805 2.55502236851106 31.2829095526778
6.42611250294451 2.5526497260188 31.1750148483403
6.59449630069096 2.55027708352654 31.0671201440027
6.76288009843741 2.54790444103427 30.9592254396652
6.93126389618387 2.54553179854201 30.8513307353277
7.09964769393032 2.54315915604975 30.7434360309901
7.26803149167677 2.54078651355748 30.6355413266526
7.43641528942322 2.53841387106522 30.527646622315
7.60479908716967 2.53604122857296 30.4197519179775
7.53501234844042 2.53505307346878 30.374816069803
7.36686856545955 2.53267221801668 30.2665478853156
7.19872478247868 2.53029136256457 30.1582797008282
7.03058099949781 2.52791050711247 30.0500115163408
6.86243721651694 2.52552965166037 29.9417433318533
6.69429343353607 2.52314879620826 29.8334751473659
6.5261496505552 2.52076794075616 29.7252069628785
6.35800586757435 2.51838708530406 29.6169387783911
6.18986208459348 2.51600622985196 29.5086705939037
6.02171830161261 2.51362537439985 29.4004024094163
5.85357451863175 2.51124451894775 29.2921342249289
5.68543073565089 2.50886366349565 29.1838660404415
5.51728695267003 2.50648280804354 29.0755978559541
5.34914316968915 2.50410195259144 28.9673296714667
5.18099938670829 2.50172109713934 28.8590614869792
5.01285560372742 2.49934024168724 28.7507933024918
4.84471182074656 2.49695938623513 28.6425251180044
4.6765680377657 2.49457853078303 28.534256933517
4.50842425478483 2.49219767533093 28.4259887490296
4.34028047180397 2.48981681987882 28.3177205645422
4.17213668882311 2.48743596442672 28.2094523800548
4.00399290584224 2.48505510897462 28.1011841955674
4.14457544557473 2.48291210017159 28.0037319658488
4.30893208943568 2.48040668424083 27.8897994572756
4.47328873329664 2.47790126831008 27.7758669487025
4.63764537715761 2.47539585237933 27.6619344401293
4.80200202101856 2.47289043644858 27.5480019315561
4.96635866487952 2.47038502051783 27.4340694229829
5.13071530874048 2.46787960458708 27.3201369144098
5.29507195260144 2.46537418865633 27.2062044058366
5.45942859646239 2.46286877272558 27.0922718972634
5.62378524032335 2.46036335679483 26.9783393886902
5.7881418841843 2.45785794086408 26.8644068801171
5.95249852804526 2.45535252493333 26.7504743715439
6.11685517190621 2.45284710900258 26.6365418629707
6.28121181576717 2.45034169307183 26.5226093543976
6.44556845962813 2.44783627714108 26.4086768458244
6.60992510348908 2.44533086121033 26.2947443372512
6.77428174735004 2.44282544527958 26.180811828678
6.93863839121099 2.44032002934882 26.0668793201049
7.10299503507195 2.43781461341807 25.9529468115317
7.2673516789329 2.43530919748732 25.8390143029585
7.43170832279386 2.43280378155657 25.7250817943853
7.59606496665481 2.43029836562582 25.6111492858122
7.76042161051577 2.42779294969507 25.497216777239
7.68511971250932 2.42656530215744 25.4413901330922
7.52447049660235 2.42394623650902 25.3222894617104
7.36382128069537 2.42132717086059 25.2031887903286
7.2031720647884 2.41870810521216 25.0840881189467
7.04252284888142 2.41608903956373 24.9649874475649
6.88187363297445 2.41346997391531 24.8458867761831
6.72122441706747 2.41085090826688 24.7267861048012
6.56057520116049 2.40823184261845 24.6076854334194
6.39992598525351 2.40561277697003 24.4885847620376
6.23927676934653 2.4029937113216 24.3694840906557
6.07862755343956 2.40037464567317 24.2503834192739
5.91797833753258 2.39775558002474 24.1312827478921
5.7573291216256 2.39513651437632 24.0121820765102
5.59667990571862 2.39251744872789 23.8930814051284
5.43603068981164 2.38989838307946 23.7739807337466
5.27538147390466 2.38727931743104 23.6548800623647
5.11473225799769 2.38466025178261 23.5357793909829
4.95408304209072 2.38204118613418 23.4166787196011
4.79343382618373 2.37942212048575 23.2975780482192
4.63278461027676 2.37680305483733 23.1784773768374
4.47213539436978 2.3741839891889 23.0593767054556
4.3114861784628 2.37156492354047 22.9402760340737
4.15083696255582 2.36894585789205 22.8211753626919
3.99018774664885 2.36632679224362 22.7020746913101
3.82953853074188 2.36370772659519 22.5829740199282
3.96053422556649 2.362018793904 22.5061706692524
4.13305581001145 2.35979446627022 22.4050205072793
4.30557739445642 2.35757013863644 22.3038703453062
4.47809897890138 2.35534581100266 22.2027201833332
4.65062056334635 2.35312148336888 22.1015700213601
4.82314214779131 2.3508971557351 22.000419859387
4.99566373223627 2.34867282810132 21.899269697414
5.16818531668123 2.34644850046753 21.7981195354409
5.34070690112619 2.34422417283375 21.6969693734678
5.51322848557115 2.34199984519997 21.5958192114948
5.68575007001611 2.33977551756619 21.4946690495217
5.85827165446108 2.33755118993241 21.3935188875486
6.03079323890604 2.33532686229863 21.2923687255756
6.203314823351 2.33310253466485 21.1912185636025
6.37583640779596 2.33087820703107 21.0900684016295
6.54835799224092 2.32865387939729 20.9889182396564
6.72087957668588 2.3264295517635 20.8877680776833
6.89340116113084 2.32420522412972 20.7866179157103
7.06592274557581 2.32198089649594 20.6854677537372
7.23844433002077 2.31975656886216 20.5843175917641
7.41096591446573 2.31753224122838 20.4831674297911
7.58348749891069 2.3153079135946 20.382017267818
7.75600908335565 2.31308358596082 20.2808671058449
7.92853066780062 2.31085925832704 20.1797169438719
5.82406467280726 3.16920950333923 59.212755509784
5.77807931667066 3.16493030094515 59.0181609686276
5.73209396053407 3.16065109855106 58.8235664274712
5.68610860439746 3.15637189615698 58.6289718863148
5.64012324826087 3.15209269376289 58.4343773451585
5.59413789212427 3.14781349136881 58.2397828040021
5.54815253598767 3.14353428897473 58.0451882628457
5.50216717985107 3.13925508658064 57.8505937216893
5.45618182371448 3.13497588418656 57.655999180533
5.41019646757787 3.13069668179248 57.4614046393766
5.36421111144127 3.12641747939839 57.2668100982202
5.31822575530467 3.12213827700431 57.0722155570638
5.27224039916808 3.11785907461022 56.8776210159074
5.22625504303147 3.11357987221614 56.683026474751
5.18026968689487 3.10930066982206 56.4884319335947
5.13428433075828 3.10502146742797 56.2938373924383
5.08829897462167 3.10074226503389 56.0992428512819
5.04231361848508 3.09646306263981 55.9046483101255
4.99632826234847 3.09218386024572 55.7100537689691
4.95034290621187 3.08790465785164 55.5154592278128
4.90435755007527 3.08362545545755 55.3208646866564
4.85837219393867 3.07934625306347 55.1262701455
4.85292411900395 3.07555666835426 54.9539407182494
4.84660594148372 3.07116185565295 54.7540888574771
4.84028776396348 3.06676704295165 54.5542369967048
4.83396958644324 3.06237223025034 54.3543851359326
4.827651408923 3.05797741754904 54.1545332751603
4.82133323140276 3.05358260484773 53.954681414388
4.81501505388253 3.04918779214643 53.7548295536157
4.80869687636229 3.04479297944512 53.5549776928434
4.80237869884205 3.04039816674381 53.3551258320711
4.79606052132181 3.03600335404251 53.1552739712989
4.78974234380157 3.0316085413412 52.9554221105266
4.78342416628133 3.0272137286399 52.7555702497543
4.7771059887611 3.02281891593859 52.555718388982
4.77078781124086 3.01842410323728 52.3558665282097
4.76446963372062 3.01402929053598 52.1560146674374
4.75815145620038 3.00963447783467 51.9561628066652
4.75183327868014 3.00523966513337 51.7563109458929
4.74551510115991 3.00084485243206 51.5564590851206
4.73919692363967 2.99645003973076 51.3566072243483
4.73287874611943 2.99205522702945 51.156755363576
4.72656056859919 2.98766041432814 50.9569035028038
4.72024239107895 2.98326560162684 50.7570516420315
4.71392421355871 2.97887078892553 50.5571997812592
4.70760603603848 2.97447597622423 50.3573479204869
4.70128785851824 2.97008116352292 50.1574960597146
4.694969680998 2.96568635082161 49.9576441989423
4.68865150347776 2.96129153812031 49.75779233817
4.68233332595752 2.956896725419 49.5579404773977
4.67601514843728 2.9525019127177 49.3580886166255
4.66969697091704 2.94810710001639 49.1582367558532
4.66337879339681 2.94371228731509 48.9583848950809
4.65706061587657 2.93931747461378 48.7585330343086
4.65074243835633 2.93492266191247 48.5586811735363
4.64442426083609 2.93052784921117 48.358829312764
4.63810608331585 2.92613303650986 48.1589774519917
4.63178790579561 2.92173822380855 47.9591255912194
4.62546972827538 2.91734341110725 47.7592737304471
4.61915155075514 2.91294859840594 47.5594218696749
4.6128333732349 2.90855378570464 47.3595700089026
4.60651519571466 2.90415897300333 47.1597181481303
4.60019701819442 2.89976416030202 46.959866287358
4.59387884067418 2.89536934760072 46.7600144265857
4.58756066315395 2.89097453489941 46.5601625658134
4.58124248563371 2.88657972219811 46.3603107050411
4.57492430811347 2.8821849094968 46.1604588442689
4.56860613059323 2.8777900967955 45.9606069834966
4.56228795307299 2.87339528409419 45.7607551227243
4.55596977555275 2.86900047139288 45.560903261952
4.54965159803252 2.86460565869158 45.3610514011797
4.54333342051228 2.86021084599027 45.1611995404074
4.53701524299204 2.85581603328897 44.9613476796351
4.5306970654718 2.85142122058766 44.7614958188628
4.52437888795156 2.84702640788635 44.5616439580905
4.51806071043132 2.84263159518505 44.3617920973182
4.51174253291108 2.83823678248374 44.1619402365459
4.50542435539085 2.83384196978244 43.9620883757737
4.49910617787061 2.82944715708113 43.7622365150014
4.49278800035037 2.82505234437982 43.5623846542291
4.48646982283013 2.82065753167852 43.3625327934568
4.48015164530989 2.81626271897721 43.1626809326845
4.47383346778965 2.81186790627591 42.9628290719122
4.46751529026942 2.8074730935746 42.7629772111399
4.46119711274918 2.80307828087329 42.5631253503676
4.45487893522894 2.79868346817199 42.3632734895954
4.4485607577087 2.79428865547068 42.1634216288231
4.44224258018846 2.78989384276938 41.9635697680508
4.43592440266822 2.78549903006807 41.7637179072785
4.42960622514799 2.78110421736676 41.5638660465062
4.42328804762775 2.77670940466546 41.3640141857339
4.41696987010751 2.77231459196415 41.1641623249616
4.41065169258727 2.76791977926285 40.9643104641894
4.40433351506703 2.76352496656154 40.7644586034171
4.39801533754679 2.75913015386023 40.5646067426448
4.39169716002656 2.75473534115893 40.3647548818725
4.38537898250632 2.75034052845762 40.1649030211002
4.37906080498608 2.74594571575632 39.9650511603279
4.37274262746584 2.74155090305501 39.7651992995556
4.3664244499456 2.7371560903537 39.5653474387833
4.36010627242536 2.7327612776524 39.365495578011
4.35378809490513 2.72836646495109 39.1656437172388
4.34746991738489 2.72397165224979 38.9657918564665
4.34115173986465 2.71957683954848 38.7659399956942
4.33483356234441 2.71518202684717 38.5660881349219
4.32851538482417 2.71078721414587 38.3662362741496
4.32219720730393 2.70639240144456 38.1663844133773
4.31587902978369 2.70199758874326 37.966532552605
4.30956085226346 2.69760277604195 37.7666806918327
4.30324267474322 2.69320796334064 37.5668288310604
4.29692449722298 2.68881315063934 37.3669769702882
4.29060631970274 2.68441833793803 37.1671251095159
4.2842881421825 2.68002352523673 36.9672732487436
4.27796996466227 2.67562871253542 36.7674213879713
4.27165178714203 2.67123389983412 36.567569527199
4.26533360962179 2.66683908713281 36.3677176664267
4.25901543210155 2.6624442744315 36.1678658056545
4.25269725458131 2.6580494617302 35.9680139448822
4.24637907706107 2.65365464902889 35.7681620841099
4.24006089954084 2.64925983632759 35.5683102233376
4.2337427220206 2.64486502362628 35.3684583625653
4.22742454450036 2.64047021092497 35.168606501793
4.22110636698012 2.63607539822367 34.9687546410207
4.21478818945988 2.63168058552236 34.7689027802485
4.20847001193964 2.62728577282106 34.5690509194762
4.20215183441941 2.62289096011975 34.3691990587039
4.19583365689917 2.61849614741844 34.1693471979316
4.18951547937893 2.61410133471714 33.9694953371593
4.18319730185869 2.60970652201583 33.769643476387
4.17687912433845 2.60531170931453 33.5697916156147
4.17056094681821 2.60091689661322 33.3699397548424
4.16424276929797 2.59652208391191 33.1700878940702
4.15792459177774 2.59212727121061 32.9702360332979
4.1516064142575 2.5877324585093 32.7703841725256
4.14528823673726 2.583337645808 32.5705323117533
4.13897005921702 2.57894283310669 32.370680450981
4.13265188169678 2.57454802040538 32.1708285902087
4.12633370417654 2.57015320770408 31.9709767294364
4.12001552665631 2.56575839500277 31.7711248686642
4.11369734913607 2.56136358230147 31.5712730078919
4.10737917161583 2.55696876960016 31.3714211471196
4.10106099409559 2.55257395689886 31.1715692863473
4.09474281657535 2.54817914419755 30.971717425575
4.08842463905512 2.54378433149624 30.7718655648027
4.08210646153488 2.53938951879494 30.5720137040305
4.07578828401464 2.53499470609363 30.3721618432582
4.0694701064944 2.53059989339233 30.1723099824859
4.06315192897416 2.52620508069102 29.9724581217136
4.05683375145392 2.52181026798972 29.7726062609413
4.05051557393369 2.51741545528841 29.5727544001691
4.04419739641345 2.5130206425871 29.3729025393968
4.03787921889321 2.5086258298858 29.1730506786245
4.03156104137297 2.50423101718449 28.9731988178522
4.02524286385273 2.49983620448319 28.7733469570799
4.0189246863325 2.49544139178188 28.5734950963076
4.01260650881226 2.49104657908057 28.3736432355354
4.00628833129202 2.48665176637927 28.1737913747631
3.99997015377178 2.48225695367796 27.9739395139908
3.99365197625154 2.47786214097666 27.7740876532185
3.9873337987313 2.47346732827535 27.5742357924462
3.98101562121107 2.46907251557405 27.374383931674
3.97469744369083 2.46467770287274 27.1745320709017
3.96837926617059 2.46028289017143 26.9746802101294
3.96206108865035 2.45588807747013 26.7748283493571
3.95574291113011 2.45149326476882 26.5749764885848
3.94942473360988 2.44709845206752 26.3751246278125
3.94310655608964 2.44270363936621 26.1752727670403
3.9367883785694 2.4383088266649 25.975420906268
3.93047020104916 2.4339140139636 25.7755690454957
3.92415202352892 2.42951920126229 25.5757171847234
3.91783384600868 2.42512438856099 25.3758653239511
3.91151566848845 2.42072957585968 25.1760134631789
3.90519749096821 2.41633476315838 24.9761616024066
3.89887931344797 2.41193995045707 24.7763097416343
3.89256113592773 2.40754513775576 24.576457880862
3.88624295840749 2.40315032505446 24.3766060200897
3.87992478088726 2.39875551235315 24.1767541593175
3.87360660336702 2.39436069965185 23.9769022985452
3.86728842584678 2.38996588695054 23.7770504377729
3.86097024832654 2.38557107424923 23.5771985770006
3.8546520708063 2.38117626154793 23.3773467162283
3.84833389328606 2.37678144884662 23.1774948554561
3.84201571576583 2.37238663614532 22.9776429946838
3.83569753824559 2.36799182344401 22.7777911339115
3.82937936072535 2.36359701074271 22.5779392731392
3.82306118320511 2.3592021980414 22.3780874123669
3.81674300568487 2.35480738534009 22.1782355515947
3.81042482816464 2.35041257263879 21.9783836908224
3.8041066506444 2.34601775993748 21.7785318300501
3.79778847312416 2.34162294723618 21.5786799692778
3.79147029560392 2.33722813453487 21.3788281085055
3.78515211808368 2.33283332183357 21.1789762477333
3.77883394056345 2.32843850913226 20.979124386961
3.77251576304321 2.32404369643095 20.7792725261887
3.76619758552297 2.31964888372965 20.5794206654164
3.75987940800273 2.31525407102834 20.3795688046441
3.75356123048249 2.31085925832704 20.1797169438719
26.7899281065981 2.58420541786391 32.6099938023532
26.5899282303981 2.58421031021436 32.6102162794886
26.3899283541982 2.5842152025648 32.6104387566239
26.1899284779983 2.58422009491525 32.6106612337593
25.9899286017983 2.5842249872657 32.6108837108947
25.7899287255984 2.58422987961614 32.6111061880301
25.5899288493985 2.58423477196659 32.6113286651655
25.3899289731985 2.58423966431704 32.6115511423008
25.1899290969986 2.58424455666748 32.6117736194362
24.9899292207987 2.58424944901793 32.6119960965716
24.7899293445988 2.58425434136838 32.612218573707
24.5899294683988 2.58425923371883 32.6124410508424
24.3899295921989 2.58426412606927 32.6126635279778
24.1899297159989 2.58426901841972 32.6128860051131
23.989929839799 2.58427391077017 32.6131084822485
23.7899299635991 2.58427880312061 32.6133309593839
23.5899300873991 2.58428369547106 32.6135534365193
23.3899302111992 2.58428858782151 32.6137759136547
23.1899303349993 2.58429348017195 32.6139983907901
22.9899304587993 2.5842983725224 32.6142208679254
22.7899305825994 2.58430326487285 32.6144433450608
22.5899307063995 2.58430815722329 32.6146658221962
22.3899308301996 2.58431304957374 32.6148882993316
22.1899309539996 2.58431794192419 32.615110776467
21.9899310777997 2.58432283427463 32.6153332536024
21.7899312015998 2.58432772662508 32.6155557307377
21.5899313253998 2.58433261897553 32.6157782078731
21.3899314491999 2.58433751132597 32.6160006850085
21.189931573 2.58434240367642 32.6162231621439
20.9899316968 2.58434729602687 32.6164456392793
20.7899318206001 2.58435218837731 32.6166681164146
20.5899319444002 2.58435708072776 32.61689059355
20.3899320682002 2.58436197307821 32.6171130706854
20.1899321920003 2.58436686542865 32.6173355478208
19.9899323158004 2.5843717577791 32.6175580249562
19.7899324396004 2.58437665012955 32.6177805020916
19.5899325634005 2.58438154247999 32.6180029792269
19.3899326872006 2.58438643483044 32.6182254563623
19.1899328110006 2.58439132718089 32.6184479334977
18.9899329348007 2.58439621953133 32.6186704106331
18.7899330586008 2.58440111188178 32.6188928877685
18.5899331824008 2.58440600423223 32.6191153649038
18.3899333062009 2.58441089658267 32.6193378420392
18.189933430001 2.58441578893312 32.6195603191746
17.989933553801 2.58442068128357 32.61978279631
17.7899336776011 2.58442557363401 32.6200052734454
17.5899338014012 2.58443046598446 32.6202277505808
17.3899339252012 2.58443535833491 32.6204502277161
17.1899340490013 2.58444025068535 32.6206727048515
16.9899341728014 2.5844451430358 32.6208951819869
16.7899342966014 2.58445003538625 32.6211176591223
16.5899344204015 2.58445492773669 32.6213401362577
16.3899345442016 2.58445982008714 32.6215626133931
16.1899346680016 2.58446471243759 32.6217850905284
15.9899347918017 2.58446960478803 32.6220075676638
15.7899349156018 2.58447449713848 32.6222300447992
15.5899350394018 2.58447938948893 32.6224525219346
15.3899351632019 2.58448428183937 32.62267499907
15.189935287002 2.58448917418982 32.6228974762054
14.989935410802 2.58449406654027 32.6231199533407
14.7899355346021 2.58449895889072 32.6233424304761
14.5899356584021 2.58450385124116 32.6235649076115
14.3899357822022 2.58450874359161 32.6237873847469
14.1899359060023 2.58451363594205 32.6240098618823
13.9899360298023 2.5845185282925 32.6242323390176
13.7899361536024 2.58452342064295 32.624454816153
13.5899362774025 2.5845283129934 32.6246772932884
13.3899364012025 2.58453320534384 32.6248997704238
13.1899365250026 2.58453809769429 32.6251222475592
12.9899366488027 2.58454299004474 32.6253447246946
12.7899367726027 2.58454788239518 32.6255672018299
12.5899368964028 2.58455277474563 32.6257896789653
12.3899370202029 2.58455766709608 32.6260121561007
12.1899371440029 2.58456255944652 32.6262346332361
11.989937267803 2.58456745179697 32.6264571103715
11.7899373916031 2.58457234414742 32.6266795875068
11.5899375154031 2.58457723649786 32.6269020646422
11.3899376392032 2.58458212884831 32.6271245417776
11.1899377630033 2.58458702119876 32.627347018913
10.9899378868033 2.5845919135492 32.6275694960484
10.7899380106034 2.58459680589965 32.6277919731838
10.5899381344035 2.5846016982501 32.6280144503191
10.3899382582035 2.58460659060054 32.6282369274545
10.1899383820036 2.58461148295099 32.6284594045899
9.98993850580367 2.58461637530144 32.6286818817253
9.78993862960374 2.58462126765188 32.6289043588607
9.5899387534038 2.58462616000233 32.6291268359961
9.38993887720387 2.58463105235278 32.6293493131314
9.18993900100394 2.58463594470322 32.6295717902668
8.98993912480401 2.58464083705367 32.6297942674022
8.78993924860407 2.58464572940412 32.6300167445376
8.58993937240414 2.58465062175456 32.630239221673
8.3899394962042 2.58465551410501 32.6304616988084
8.18993962000426 2.58466040645546 32.6306841759437
7.98993974380433 2.5846652988059 32.6309066530791
7.7899398676044 2.58467019115635 32.6311291302145
7.58993999140446 2.5846750835068 32.6313516073499
7.38994011520453 2.58467997585724 32.6315740844853
7.1899402390046 2.58468486820769 32.6317965616207
6.98994036280465 2.58468976055814 32.632019038756
6.78994048660472 2.58469465290858 32.6322415158914
6.58994061040479 2.58469954525903 32.6324639930268
6.38994073420485 2.58470443760948 32.6326864701622
6.18994085800492 2.58470932995992 32.6329089472976
5.98994098180498 2.58471422231037 32.6331314244329
5.78994110560504 2.58471911466082 32.6333539015683
5.58994122940511 2.58472400701126 32.6335763787037
5.38994135320518 2.58472889936171 32.6337988558391
5.18994147700524 2.58473379171216 32.6340213329745
4.9899416008053 2.5847386840626 32.6342438101099
4.78994172460536 2.58474357641305 32.6344662872452
4.58994184840543 2.5847484687635 32.6346887643806
4.38994197220549 2.58475336111395 32.634911241516
4.18994209600556 2.58475825346439 32.6351337186514
3.98994221980563 2.58476314581484 32.6353561957868
3.7899423436057 2.58476803816529 32.6355786729222
3.58994246740576 2.58477293051573 32.6358011500575
3.38994259120583 2.58477782286618 32.6360236271929
3.18994271500589 2.58478271521663 32.6362461043283
2.98994283880597 2.58478760756707 32.6364685814637
2.78994296260604 2.58479249991752 32.6366910585991
2.58994308640611 2.58479739226797 32.6369135357344
2.38994321020618 2.58480228461841 32.6371360128698
2.18994333400625 2.58480717696886 32.6373584900052
1.98994345780631 2.58481206931931 32.6375809671406
1.78994358160638 2.58481696166975 32.637803444276
1.58994370540645 2.5848218540202 32.6380259214114
1.38994382920651 2.58482674637065 32.6382483985467
1.18994395300658 2.58483163872109 32.6384708756821
0.989944076806648 2.58483653107154 32.6386933528175
0.789944200606718 2.58484142342199 32.6389158299529
0.589944324406783 2.58484631577243 32.6391383070883
0.389944448206846 2.58485120812288 32.6393607842236
0.18994457200691 2.58485610047333 32.639583261359
-0.0100553041930258 2.58486099282377 32.6398057384944
-0.210055180392954 2.58486588517422 32.6400282156298
-0.410055056592891 2.58487077752467 32.6402506927652
-0.61005493279282 2.58487566987511 32.6404731699006
-0.810054808992756 2.58488056222556 32.6406956470359
-1.01005468519269 2.58488545457601 32.6409181241713
-1.21005456139263 2.58489034692645 32.6411406013067
-1.41005443759256 2.5848952392769 32.6413630784421
-1.61005431379249 2.58490013162735 32.6415855555775
-1.81005418999243 2.58490502397779 32.6418080327129
-2.01005406619236 2.58490991632824 32.6420305098482
-2.2100539423923 2.58491480867869 32.6422529869836
-2.41005381859223 2.58491970102913 32.642475464119
-2.61005369479216 2.58492459337958 32.6426979412544
-2.8100535709921 2.58492948573003 32.6429204183898
-3.01005344719203 2.58493437808047 32.6431428955252
-3.21005332339197 2.58493927043092 32.6433653726605
-3.06934505291813 2.5857305785468 32.6793497046791
-2.87558381526575 2.58682024327924 32.7289016513027
-2.68182257761336 2.58790990801168 32.7784535979263
-2.48806133996097 2.58899957274412 32.8280055445499
-2.29430010230859 2.59008923747656 32.8775574911735
-2.1005388646562 2.591178902209 32.9271094377971
-1.90677762700382 2.59226856694143 32.9766613844206
-1.71301638935143 2.59335823167387 33.0262133310442
-1.51925515169905 2.59444789640631 33.0757652776678
-1.32549391404666 2.59553756113875 33.1253172242914
-1.13173267639427 2.59662722587119 33.174869170915
-0.937971438741886 2.59771689060363 33.2244211175386
-0.7442102010895 2.59880655533607 33.2739730641622
-0.550448963437113 2.5998962200685 33.3235250107857
-0.356687725784733 2.60098588480094 33.3730769574093
-0.162926488132347 2.60207554953338 33.4226289040329
0.0308347495200396 2.60316521426582 33.4721808506565
0.224595987172419 2.60425487899826 33.5217327972801
0.418357224824806 2.6053445437307 33.5712847439037
0.612118462477192 2.60643420846313 33.6208366905273
0.805879700129579 2.60752387319557 33.6703886371509
0.999640937781966 2.60861353792801 33.7199405837744
1.19340217543435 2.60970320266045 33.769492530398
1.38716341308674 2.61079286739289 33.8190444770216
1.58092465073912 2.61188253212533 33.8685964236452
1.77468588839151 2.61297219685777 33.9181483702688
1.9684471260439 2.6140618615902 33.9677003168924
2.16220836369628 2.61515152632264 34.017252263516
2.35596960134867 2.61624119105508 34.0668042101395
2.54973083900105 2.61733085578752 34.1163561567631
2.74349207665345 2.61842052051996 34.1659081033867
2.93725331430583 2.6195101852524 34.2154600500103
3.13101455195822 2.62059984998484 34.2650119966339
3.3247757896106 2.62168951471727 34.3145639432575
3.51853702726299 2.62277917944971 34.3641158898811
3.71229826491538 2.62386884418215 34.4136678365046
3.90605950256776 2.62495850891459 34.4632197831282
4.09982074022015 2.62604817364703 34.5127717297518
4.14623377617024 2.62604703830214 34.5127201005234
4.34623365237017 2.62604214595169 34.5124976233881
4.5462335285701 2.62603725360125 34.5122751462527
4.74623340477003 2.6260323612508 34.5120526691173
4.94623328096997 2.62602746890035 34.5118301919819
5.14623315716991 2.62602257654991 34.5116077148465
5.34623303336983 2.62601768419946 34.5113852377112
5.54623290956977 2.62601279184901 34.5111627605758
5.74623278576971 2.62600789949857 34.5109402834404
5.94623266196964 2.62600300714812 34.510717806305
6.14623253816958 2.62599811479767 34.5104953291696
6.34623241436951 2.62599322244723 34.5102728520342
6.54623229056945 2.62598833009678 34.5100503748989
6.74623216676939 2.62598343774633 34.5098278977635
6.94623204296932 2.62597854539589 34.5096054206281
7.14623191916925 2.62597365304544 34.5093829434927
7.34623179536919 2.62596876069499 34.5091604663573
7.54623167156912 2.62596386834455 34.5089379892219
7.74623154776905 2.6259589759941 34.5087155120866
7.94623142396899 2.62595408364365 34.5084930349512
8.14623130016892 2.62594919129321 34.5082705578158
8.34623117636886 2.62594429894276 34.5080480806804
8.5462310525688 2.62593940659231 34.507825603545
8.74623092876873 2.62593451424187 34.5076031264096
8.94623080496866 2.62592962189142 34.5073806492743
9.1462306811686 2.62592472954097 34.5071581721389
9.34623055736854 2.62591983719053 34.5069356950035
9.54623043356847 2.62591494484008 34.5067132178681
9.7462303097684 2.62591005248963 34.5064907407327
9.94623018596834 2.62590516013918 34.5062682635974
10.1462300621683 2.62590026778874 34.506045786462
10.3462299383682 2.62589537543829 34.5058233093266
10.5462298145681 2.62589048308784 34.5056008321912
10.7462296907681 2.6258855907374 34.5053783550558
10.946229566968 2.62588069838695 34.5051558779204
11.1462294431679 2.6258758060365 34.5049334007851
11.3462293193679 2.62587091368606 34.5047109236497
11.5462291955678 2.62586602133561 34.5044884465143
11.7462290717677 2.62586112898516 34.5042659693789
11.9462289479677 2.62585623663472 34.5040434922435
12.1462288241676 2.62585134428427 34.5038210151081
12.3462287003675 2.62584645193382 34.5035985379728
12.5462285765675 2.62584155958338 34.5033760608374
12.7462284527674 2.62583666723293 34.503153583702
12.9462283289674 2.62583177488248 34.5029311065666
13.1462282051673 2.62582688253204 34.5027086294312
13.3462280813672 2.62582199018159 34.5024861522959
13.5462279575672 2.62581709783114 34.5022636751605
13.7462278337671 2.6258122054807 34.5020411980251
13.946227709967 2.62580731313025 34.5018187208897
14.146227586167 2.6258024207798 34.5015962437543
14.3462274623669 2.62579752842936 34.5013737666189
14.5462273385668 2.62579263607891 34.5011512894836
14.7462272147668 2.62578774372846 34.5009288123482
14.9462270909667 2.62578285137802 34.5007063352128
15.1462269671666 2.62577795902757 34.5004838580774
15.3462268433666 2.62577306667712 34.500261380942
15.5462267195665 2.62576817432668 34.5000389038067
15.7462265957664 2.62576328197623 34.4998164266713
15.9462264719664 2.62575838962578 34.4995939495359
16.1462263481663 2.62575349727534 34.4993714724005
16.3462262243662 2.62574860492489 34.4991489952651
16.5462261005662 2.62574371257444 34.4989265181297
16.7462259767661 2.625738820224 34.4987040409944
16.946225852966 2.62573392787355 34.498481563859
17.146225729166 2.6257290355231 34.4982590867236
17.3462256053659 2.62572414317266 34.4980366095882
17.5462254815658 2.62571925082221 34.4978141324528
17.7462253577658 2.62571435847176 34.4975916553174
17.9462252339657 2.62570946612132 34.4973691781821
18.1462251101656 2.62570457377087 34.4971467010467
18.3462249863656 2.62569968142042 34.4969242239113
18.5462248625655 2.62569478906998 34.4967017467759
18.7462247387654 2.62568989671953 34.4964792696405
18.9462246149654 2.62568500436908 34.4962567925052
19.1462244911653 2.62568011201864 34.4960343153698
19.3462243673652 2.62567521966819 34.4958118382344
19.5462242435652 2.62567032731774 34.495589361099
19.6907763730004 2.62485033029945 34.4583004159103
19.8844337225727 2.62375177540551 34.4083441937377
20.0780910721451 2.62265322051158 34.3583879715651
20.2717484217174 2.62155466561764 34.3084317493925
20.4654057712898 2.62045611072371 34.2584755272199
20.6590631208621 2.61935755582978 34.2085193050473
20.8527204704345 2.61825900093584 34.1585630828747
21.0463778200068 2.6171604460419 34.1086068607021
21.2400351695792 2.61606189114797 34.0586506385295
21.4336925191515 2.61496333625404 34.008694416357
21.6273498687239 2.6138647813601 33.9587381941844
21.8210072182962 2.61276622646617 33.9087819720118
22.0146645678686 2.61166767157223 33.8588257498392
22.2083219174409 2.6105691166783 33.8088695276666
22.4019792670133 2.60947056178436 33.758913305494
22.5956366165856 2.60837200689043 33.7089570833214
22.789293966158 2.60727345199649 33.6590008611488
22.9829513157303 2.60617489710256 33.6090446389762
23.1766086653027 2.60507634220862 33.5590884168036
23.370266014875 2.60397778731469 33.509132194631
23.5639233644474 2.60287923242075 33.4591759724584
23.7575807140197 2.60178067752682 33.4092197502858
23.9512380635921 2.60068212263288 33.3592635281132
24.1448954131644 2.59958356773895 33.3093073059406
24.3385527627368 2.59848501284501 33.259351083768
24.5322101123091 2.59738645795108 33.2093948615954
24.7258674618814 2.59628790305714 33.1594386394228
24.9195248114538 2.59518934816321 33.1094824172502
25.1131821610261 2.59409079326927 33.0595261950776
25.3068395105985 2.59299223837534 33.009569972905
25.5004968601708 2.5918936834814 32.9596137507324
25.6941542097432 2.59079512858747 32.9096575285598
25.8878115593156 2.58969657369353 32.8597013063872
26.0814689088879 2.5885980187996 32.8097450842146
26.2751262584602 2.58749946390566 32.759788862042
26.4687836080326 2.58640090901173 32.7098326398694
26.6624409576049 2.58530235411779 32.6598764176968
26.8560983071773 2.58420379922386 32.6099201955242
4.38932816596977 2.87442376453 45.8075247447386
4.19208687834321 2.87369597199798 45.7744287514244
3.99484559071665 2.87296817946597 45.7413327581103
3.79760430309009 2.87224038693395 45.7082367647961
3.60036301546353 2.87151259440194 45.6751407714819
3.40312172783699 2.87078480186992 45.6420447781678
3.20588044021044 2.87005700933791 45.6089487848536
3.00863915258388 2.86932921680589 45.5758527915395
2.81139786495733 2.86860142427387 45.5427567982253
2.61415657733078 2.86787363174186 45.5096608049111
2.41691528970424 2.86714583920984 45.476564811597
2.21967400207769 2.86641804667783 45.4434688182828
2.02243271445115 2.86569025414581 45.4103728249686
1.8251914268246 2.8649624616138 45.3772768316545
1.62795013919806 2.86423466908178 45.3441808383403
1.43070885157151 2.86350687654977 45.3110848450262
1.23346756394497 2.86277908401775 45.277988851712
1.03622627631841 2.86205129148574 45.2448928583978
0.838984988691853 2.86132349895372 45.2117968650837
0.641743701065293 2.86059570642171 45.1787008717695
0.444502413438749 2.85986791388969 45.1456048784553
0.247261125812205 2.85914012135768 45.1125088851412
0.0500198381856465 2.85841232882566 45.079412891827
-0.147221449440898 2.85768453629365 45.0463168985128
-0.344462737067444 2.85695674376163 45.0132209051987
-0.541704024693988 2.85622895122962 44.9801249118845
-0.738945312320532 2.8555011586976 44.9470289185704
-0.936186599947078 2.85477336616559 44.9139329252562
-1.13342788757362 2.85404557363357 44.880836931942
-1.33066917520017 2.85331778110155 44.8477409386279
-1.52791046282671 2.85258998856954 44.8146449453137
-1.72515175045326 2.85186219603752 44.7815489519995
-1.9223930380798 2.85113440350551 44.7484529586854
-2.11963432570636 2.85040661097349 44.7153569653712
-2.3168756133329 2.84967881844148 44.6822609720571
-2.51411690095945 2.84895102590946 44.6491649787429
-2.71135818858599 2.84822323337745 44.6160689854287
-2.90859947621255 2.84749544084543 44.5829729921146
-3.1058407638391 2.84676764831342 44.5498769988004
-3.30308205146565 2.8460398557814 44.5167810054862
-3.50032333909221 2.84531206324939 44.4836850121721
-3.69756462671876 2.84458427071737 44.4505890188579
-3.8948059143453 2.84385647818536 44.4174930255437
-4.09204720197186 2.84312868565334 44.3843970322296
-4.28928848959842 2.84240089312133 44.3513010389154
-4.48652977722496 2.84167310058931 44.3182050456012
-4.68377106485151 2.8409453080573 44.2851090522871
-4.88101235247805 2.84021751552528 44.2520130589729
-5.0782536401046 2.83948972299326 44.2189170656588
-5.27549492773114 2.83876193046125 44.1858210723446
-5.47273621535769 2.83803413792923 44.1527250790304
-5.66997750298423 2.83730634539722 44.1196290857163
-5.86721879061079 2.8365785528652 44.0865330924021
-6.06446007823735 2.83585076033319 44.0534370990879
-6.26170136586389 2.83512296780117 44.0203411057738
-6.45894265349045 2.83439517526916 43.9872451124596
-6.656183941117 2.83366738273714 43.9541491191455
-6.85342522874354 2.83293959020513 43.9210531258313
-7.0506665163701 2.83221179767311 43.8879571325171
-6.90326522543232 2.83220819197702 43.8877931653308
-6.70326534923238 2.83220329962658 43.8875706881955
-6.50326547303244 2.83219840727613 43.8873482110601
-6.30326559683251 2.83219351492568 43.8871257339247
-6.10326572063257 2.83218862257524 43.8869032567893
-5.90326584443263 2.83218373022479 43.8866807796539
-5.70326596823268 2.83217883787434 43.8864583025185
-5.50326609203275 2.8321739455239 43.8862358253832
-5.30326621583283 2.83216905317345 43.8860133482478
-5.10326633963289 2.832164160823 43.8857908711124
-4.90326646343295 2.83215926847256 43.885568393977
-4.70326658723303 2.83215437612211 43.8853459168416
-4.5032667110331 2.83214948377166 43.8851234397062
-4.30326683483316 2.83214459142122 43.8849009625709
-4.10326695863323 2.83213969907077 43.8846784854355
-3.9032670824333 2.83213480672032 43.8844560083001
-3.70326720623337 2.83212991436988 43.8842335311647
-3.50326733003344 2.83212502201943 43.8840110540293
-3.30326745383351 2.83212012966898 43.8837885768939
-3.10326757763357 2.83211523731853 43.8835660997586
-2.90326770143364 2.83211034496809 43.8833436226232
-2.7032678252337 2.83210545261764 43.8831211454878
-2.50326794903377 2.83210056026719 43.8828986683524
-2.30326807283384 2.83209566791675 43.882676191217
-2.1032681966339 2.8320907755663 43.8824537140817
-1.90326832043397 2.83208588321585 43.8822312369463
-1.70326844423403 2.83208099086541 43.8820087598109
-1.5032685680341 2.83207609851496 43.8817862826755
-1.30326869183417 2.83207120616451 43.8815638055401
-1.10326881563423 2.83206631381407 43.8813413284047
-0.903268939434296 2.83206142146362 43.8811188512694
-0.703269063234359 2.83205652911317 43.880896374134
-0.503269187034417 2.83205163676273 43.8806738969986
-0.303269310834487 2.83204674441228 43.8804514198632
-0.103269434634559 2.83204185206183 43.8802289427278
0.0967304415653834 2.83203695971139 43.8800064655924
0.29673031776533 2.83203206736094 43.8797839884571
0.496730193965258 2.83202717501049 43.8795615113217
0.696730070165188 2.83202228266005 43.8793390341863
0.896729946365117 2.8320173903096 43.8791165570509
1.09672982256506 2.83201249795915 43.8788940799155
1.296729698765 2.83200760560871 43.8786716027802
1.49672957496494 2.83200271325826 43.8784491256448
1.69672945116487 2.83199782090781 43.8782266485094
1.8967293273648 2.83199292855737 43.878004171374
2.09672920356473 2.83198803620692 43.8777816942386
2.29672907976467 2.83198314385647 43.8775592171032
2.4967289559646 2.83197825150603 43.8773367399679
2.69672883216453 2.83197335915558 43.8771142628325
2.89672870836447 2.83196846680513 43.8768917856971
3.09672858456441 2.83196357445469 43.8766693085617
3.29672846076435 2.83195868210424 43.8764468314263
3.49672833696428 2.83195378975379 43.8762243542909
3.69672821316422 2.83194889740335 43.8760018771556
3.89672808936416 2.8319440050529 43.8757794000202
4.09672796556409 2.83193911270245 43.8755569228848
4.29672784176403 2.83193422035201 43.8753344457494
4.49672771796397 2.83192932800156 43.875111968614
4.6967275941639 2.83192443565111 43.8748894914786
4.89672747036383 2.83191954330067 43.8746670143433
5.09672734656376 2.83191465095022 43.8744445372079
5.2967272227637 2.83190975859977 43.8742220600725
5.49672709896363 2.83190486624933 43.8739995829371
5.69672697516356 2.83189997389888 43.8737771058017
5.8967268513635 2.83189508154843 43.8735546286664
6.09672672756343 2.83189018919799 43.873332151531
6.29672660376338 2.83188529684754 43.8731096743956
6.49672647996331 2.83188040449709 43.8728871972602
6.69672635616325 2.83187551214665 43.8726647201248
6.89672623236318 2.8318706197962 43.8724422429894
7.09672610856312 2.83186572744575 43.8722197658541
7.29672598476306 2.8318608350953 43.8719972887187
7.496725860963 2.83185594274486 43.8717748115833
7.69672573716293 2.83185105039441 43.8715523344479
7.89672561336287 2.83184615804396 43.8713298573125
8.0967254895628 2.83184126569352 43.8711073801772
8.29672536576274 2.83183637334307 43.8708849030418
8.49672524196267 2.83183148099262 43.8706624259064
8.6967251181626 2.83182658864218 43.870439948771
8.89672499436254 2.83182169629173 43.8702174716356
9.09672487056247 2.83181680394128 43.8699949945002
9.29672474676241 2.83181191159084 43.8697725173649
9.49672462296234 2.83180701924039 43.8695500402295
9.69672449916228 2.83180212688994 43.8693275630941
9.89672437536221 2.8317972345395 43.8691050859587
10.0967242515622 2.83179234218905 43.8688826088233
10.2967241277621 2.8317874498386 43.8686601316879
10.496724003962 2.83178255748816 43.8684376545526
10.696723880162 2.83177766513771 43.8682151774172
10.8967237563619 2.83177277278726 43.8679927002818
11.0967236325618 2.83176788043682 43.8677702231464
11.2967235087617 2.83176298808637 43.867547746011
11.4967233849617 2.83175809573592 43.8673252688756
11.6967232611616 2.83175320338548 43.8671027917403
11.8967231373615 2.83174831103503 43.8668803146049
12.0967230135615 2.83174341868458 43.8666578374695
12.2967228897614 2.83173852633414 43.8664353603341
12.4967227659613 2.83173363398369 43.8662128831987
12.6967226421613 2.83172874163324 43.8659904060634
12.8967225183612 2.8317238492828 43.865767928928
13.0967223945611 2.83171895693235 43.8655454517926
13.2967222707611 2.8317140645819 43.8653229746572
13.496722146961 2.83170917223146 43.8651004975218
13.6967220231609 2.83170427988101 43.8648780203864
13.8967218993609 2.83169938753056 43.8646555432511
14.0967217755608 2.83169449518012 43.8644330661157
14.2967216517607 2.83168960282967 43.8642105889803
14.4967215279607 2.83168471047922 43.8639881118449
14.6967214041606 2.83167981812878 43.8637656347095
14.8967212803606 2.83167492577833 43.8635431575741
15.0967211565605 2.83167003342788 43.8633206804388
15.2967210327604 2.83166514107744 43.8630982033034
15.4967209089604 2.83166024872699 43.862875726168
15.6967207851603 2.83165535637654 43.8626532490326
15.8967206613603 2.8316504640261 43.8624307718972
16.0967205375602 2.83164557167565 43.8622082947618
16.2967204137601 2.8316406793252 43.8619858176265
16.4967202899601 2.83163578697476 43.8617633404911
16.69672016616 2.83163089462431 43.8615408633557
16.8967200423599 2.83162600227386 43.8613183862203
17.0967199185599 2.83162110992342 43.8610959090849
17.2967197947598 2.83161621757297 43.8608734319496
17.4967196709597 2.83161132522252 43.8606509548142
17.6967195471597 2.83160643287207 43.8604284776788
17.8967194233596 2.83160154052163 43.8602060005434
18.0967192995595 2.83159664817118 43.859983523408
18.2967191757595 2.83159175582073 43.8597610462726
18.4967190519594 2.83158686347029 43.8595385691373
18.6967189281594 2.83158197111984 43.8593160920019
18.8967188043593 2.83157707876939 43.8590936148665
19.0967186805592 2.83157218641895 43.8588711377311
19.2967185567592 2.8315672940685 43.8586486605957
19.4967184329591 2.83156240171805 43.8584261834604
19.696718309159 2.83155750936761 43.858203706325
19.896718185359 2.83155261701716 43.8579812291896
20.0967180615589 2.83154772466671 43.8577587520542
20.2967179377588 2.83154283231627 43.8575362749188
20.4967178139588 2.83153793996582 43.8573137977834
20.6967176901587 2.83153304761537 43.8570913206481
20.8967175663586 2.83152815526493 43.8568688435127
21.0967174425586 2.83152326291448 43.8566463663773
21.2967173187585 2.83151837056403 43.8564238892419
21.4967171949584 2.83151347821359 43.8562014121065
21.6967170711584 2.83150858586314 43.8559789349711
21.8967169473583 2.83150369351269 43.8557564578358
22.0967168235582 2.83149880116225 43.8555339807004
22.2967166997581 2.8314939088118 43.855311503565
22.4967165759581 2.83148901646135 43.8550890264296
22.696716452158 2.83148412411091 43.8548665492942
22.8967163283579 2.83147923176046 43.8546440721588
23.0967162045579 2.83147433941001 43.8544215950235
23.2967160807578 2.83146944705957 43.8541991178881
23.4967159569578 2.83146455470912 43.8539766407527
23.6967158331577 2.83145966235867 43.8537541636173
23.8967157093576 2.83145477000823 43.8535316864819
24.0967155855576 2.83144987765778 43.8533092093466
24.2967154617575 2.83144498530733 43.8530867322112
24.4967153379574 2.83144009295689 43.8528642550758
24.6967152141574 2.83143520060644 43.8526417779404
24.8967150903573 2.83143030825599 43.852419300805
25.0967149665572 2.83142541590555 43.8521968236696
25.2967148427572 2.8314205235551 43.8519743465343
25.4967147189571 2.83141563120465 43.8517518693989
25.696714595157 2.83141073885421 43.8515293922635
25.896714471357 2.83140584650376 43.8513069151281
26.0967143475569 2.83140095415331 43.8510844379927
26.2967142237568 2.83139606180287 43.8508619608574
26.4967140999568 2.83139116945242 43.850639483722
26.6967139761567 2.83138627710197 43.8504170065866
26.8967138523566 2.83138138475153 43.8501945294512
27.0967137285566 2.83137649240108 43.8499720523158
27.2967136047565 2.83137160005063 43.8497495751804
27.4967134809565 2.83136670770019 43.8495270980451
27.6967133571564 2.83136181534974 43.8493046209097
27.8967132333563 2.83135692299929 43.8490821437743
28.0967131095563 2.83135203064884 43.8488596666389
28.2967129857562 2.8313471382984 43.8486371895035
28.4967128619561 2.83134224594795 43.8484147123681
28.6967127381561 2.8313373535975 43.8481922352328
28.896712614356 2.83133246124706 43.8479697580974
29.0967124905559 2.83132756889661 43.847747280962
29.2967123667559 2.83132267654616 43.8475248038266
29.4967122429558 2.83131778419572 43.8473023266912
29.6967121191557 2.83131289184527 43.8470798495558
29.8967119953557 2.83130799949482 43.8468573724205
30.0967118715556 2.83130310714438 43.8466348952851
30.2967117477555 2.83129821479393 43.8464124181497
30.4967116239555 2.83129332244348 43.8461899410143
30.6967115001554 2.83128843009304 43.8459674638789
30.5891751622058 2.83169048507069 43.8642507084395
30.3920059584687 2.83242765783771 43.897773263145
30.1948367547315 2.83316483060473 43.9312958178505
29.9976675509944 2.83390200337175 43.9648183725559
29.8004983472573 2.83463917613877 43.9983409272614
29.6033291435201 2.83537634890579 44.0318634819669
29.406159939783 2.83611352167281 44.0653860366723
29.2089907360459 2.83685069443983 44.0989085913778
29.0118215323088 2.83758786720685 44.1324311460832
28.8146523285717 2.83832503997388 44.1659537007887
28.6174831248345 2.8390622127409 44.1994762554942
28.4203139210974 2.83979938550792 44.2329988101996
28.2231447173603 2.84053655827494 44.2665213649051
28.0259755136232 2.84127373104196 44.3000439196106
27.8288063098861 2.84201090380898 44.333566474316
27.6316371061489 2.842748076576 44.3670890290215
27.4344679024118 2.84348524934302 44.400611583727
27.2372986986747 2.84422242211004 44.4341341384324
27.0401294949375 2.84495959487706 44.4676566931379
26.8429602912004 2.84569676764409 44.5011792478434
26.6457910874633 2.84643394041111 44.5347018025488
26.4486218837262 2.84717111317813 44.5682243572543
26.251452679989 2.84790828594515 44.6017469119598
26.0542834762519 2.84864545871217 44.6352694666652
25.8571142725148 2.84938263147919 44.6687920213707
25.6599450687777 2.85011980424621 44.7023145760761
25.4627758650406 2.85085697701323 44.7358371307816
25.2656066613034 2.85159414978025 44.7693596854871
25.0684374575663 2.85233132254727 44.8028822401925
24.8712682538292 2.8530684953143 44.836404794898
24.6740990500921 2.85380566808132 44.8699273496035
24.4769298463549 2.85454284084834 44.9034499043089
24.2797606426178 2.85528001361536 44.9369724590144
24.0825914388807 2.85601718638238 44.9704950137199
23.8854222351436 2.8567543591494 45.0040175684253
23.6882530314065 2.85749153191642 45.0375401231308
23.4910838276693 2.85822870468344 45.0710626778363
23.2939146239322 2.85896587745046 45.1045852325417
23.0967454201951 2.85970305021748 45.1381077872472
22.899576216458 2.86044022298451 45.1716303419527
22.7024070127208 2.86117739575153 45.2051528966581
22.5052378089837 2.86191456851855 45.2386754513636
22.3080686052466 2.86265174128557 45.272198006069
22.1108994015095 2.86338891405259 45.3057205607745
21.9137301977724 2.86412608681961 45.33924311548
21.7165609940352 2.86486325958663 45.3727656701854
21.5193917902981 2.86560043235365 45.4062882248909
21.322222586561 2.86633760512067 45.4398107795964
21.1250533828239 2.86707477788769 45.4733333343018
20.9278841790868 2.86781195065472 45.5068558890073
20.7307149753496 2.86854912342174 45.5403784437128
20.5335457716125 2.86928629618876 45.5739009984182
20.3363765678754 2.87002346895578 45.6074235531237
20.1392073641383 2.8707606417228 45.6409461078292
19.9420381604011 2.87149781448982 45.6744686625346
19.744868956664 2.87223498725684 45.7079912172401
19.5476997529269 2.87297216002386 45.7415137719456
19.3505305491898 2.87370933279088 45.775036326651
19.1533613454527 2.8744465055579 45.8085588813565
19.0926746009279 2.87444799006293 45.8086263884637
18.8926747247279 2.87445288241338 45.808848865599
18.692674848528 2.87445777476382 45.8090713427344
18.4926749723281 2.87446266711427 45.8092938198698
18.2926750961281 2.87446755946472 45.8095162970052
18.0926752199282 2.87447245181517 45.8097387741406
17.8926753437282 2.87447734416561 45.809961251276
17.6926754675283 2.87448223651606 45.8101837284113
17.4926755913284 2.8744871288665 45.8104062055467
17.2926757151284 2.87449202121695 45.8106286826821
17.0926758389285 2.8744969135674 45.8108511598175
16.8926759627286 2.87450180591784 45.8110736369529
16.6926760865286 2.87450669826829 45.8112961140882
16.4926762103287 2.87451159061874 45.8115185912236
16.2926763341288 2.87451648296919 45.811741068359
16.0926764579288 2.87452137531963 45.8119635454944
15.8926765817289 2.87452626767008 45.8121860226298
15.692676705529 2.87453116002053 45.8124084997652
15.492676829329 2.87453605237097 45.8126309769005
15.2926769531291 2.87454094472142 45.8128534540359
15.0926770769292 2.87454583707187 45.8130759311713
14.8926772007292 2.87455072942231 45.8132984083067
14.6926773245293 2.87455562177276 45.8135208854421
14.4926774483294 2.87456051412321 45.8137433625775
14.2926775721294 2.87456540647365 45.8139658397128
14.0926776959295 2.8745702988241 45.8141883168482
13.8926778197296 2.87457519117455 45.8144107939836
13.6926779435296 2.87458008352499 45.814633271119
13.4926780673297 2.87458497587544 45.8148557482544
13.2926781911298 2.87458986822589 45.8150782253897
13.0926783149298 2.87459476057633 45.8153007025251
12.8926784387299 2.87459965292678 45.8155231796605
12.69267856253 2.87460454527723 45.8157456567959
12.49267868633 2.87460943762767 45.8159681339313
12.2926788101301 2.87461432997812 45.8161906110667
12.0926789339302 2.87461922232857 45.816413088202
11.8926790577302 2.87462411467901 45.8166355653374
11.6926791815303 2.87462900702946 45.8168580424728
11.4926793053304 2.87463389937991 45.8170805196082
11.2926794291304 2.87463879173035 45.8173029967436
11.0926795529305 2.8746436840808 45.817525473879
10.8926796767306 2.87464857643125 45.8177479510143
10.6926798005306 2.87465346878169 45.8179704281497
10.4926799243307 2.87465836113214 45.8181929052851
10.2926800481308 2.87466325348259 45.8184153824205
10.0926801719308 2.87466814583303 45.8186378595559
9.8926802957309 2.87467303818348 45.8188603366912
9.69268041953096 2.87467793053393 45.8190828138266
9.49268054333103 2.87468282288437 45.819305290962
9.29268066713109 2.87468771523482 45.8195277680974
9.09268079093116 2.87469260758527 45.8197502452328
8.89268091473122 2.87469749993571 45.8199727223682
8.69268103853129 2.87470239228616 45.8201951995035
8.49268116233135 2.87470728463661 45.8204176766389
8.29268128613142 2.87471217698705 45.8206401537743
8.09268140993149 2.8747170693375 45.8208626309097
7.89268153373155 2.87472196168795 45.8210851080451
7.69268165753161 2.8747268540384 45.8213075851805
7.49268178133168 2.87473174638884 45.8215300623158
7.29268190513175 2.87473663873929 45.8217525394512
7.09268202893181 2.87474153108974 45.8219750165866
6.89268215273188 2.87474642344018 45.822197493722
6.69268227653194 2.87475131579063 45.8224199708574
6.49268240033201 2.87475620814108 45.8226424479927
6.29268252413207 2.87476110049152 45.8228649251281
6.09268264793214 2.87476599284197 45.8230874022635
5.89268277173221 2.87477088519242 45.8233098793989
5.69268289553227 2.87477577754286 45.8235323565343
5.49268301933233 2.87478066989331 45.8237548336697
5.2926831431324 2.87478556224376 45.823977310805
5.09268326693246 2.8747904545942 45.8241997879404
4.89268339073253 2.87479534694465 45.8244222650758
4.69268351453259 2.8748002392951 45.8246447422112
4.49268363833266 2.87480513164554 45.8248672193466
11.8230224918927 3.08145557397736 55.2221904356822
11.8230224918927 3.08585258129822 55.4221420956569
11.8230224918927 3.09024958861908 55.6220937556315
11.8230224918927 3.09464659593994 55.8220454156062
11.8230224918927 3.09904360326081 56.0219970755808
11.8230224918927 3.10344061058167 56.2219487355555
11.8230224918927 3.10783761790253 56.4219003955301
11.8230224918927 3.1122346252234 56.6218520555048
11.8230224918927 3.11663163254426 56.8218037154794
11.8230224918927 3.12102863986512 57.0217553754541
11.8230224918927 2.83505275271396 44.0171481105796
11.8230224918927 2.83944976003482 44.2170997705543
11.8230224918927 2.84384676735568 44.4170514305289
11.8230224918927 2.84824377467655 44.6170030905036
11.8230224918927 2.85264078199741 44.8169547504782
11.8230224918927 2.85703778931827 45.0169064104529
11.8230224918927 2.86143479663913 45.2168580704275
11.8230224918927 2.86583180396 45.4168097304022
11.8230224918927 2.87022881128086 45.6167613903769
11.8230224918927 2.87462581860172 45.8167130503515
11.8230224918927 2.58628618459462 32.7046156056535
11.8230224918927 2.59068319191548 32.9045672656281
11.8230224918927 2.59508019923634 33.1045189256028
11.8230224918927 2.59947720655721 33.3044705855775
11.8230224918927 2.60387421387807 33.5044222455521
11.8230224918927 2.60827122119893 33.7043739055268
11.8230224918927 2.6126682285198 33.9043255655014
11.8230224918927 2.61706523584066 34.1042772254761
11.8230224918927 2.62146224316152 34.3042288854507
11.8230224918927 2.62585925048239 34.5041805454254
15.6014542693553 2.30622582406433 20.1390198927756
15.7484768137024 2.29088785601359 20.0043012296668
15.8954993580494 2.27554988796286 19.8695825665581
16.0425219023964 2.26021191991212 19.7348639034493
16.1895444467434 2.24487395186139 19.6001452403406
16.3365669910904 2.22953598381065 19.4654265772319
16.4835895354374 2.21419801575991 19.3307079141231
16.6306120797844 2.19886004770918 19.1959892510144
16.7776346241314 2.18352207965844 19.0612705879057
16.9246571684784 2.16818411160771 18.9265519247969
17.0716797128255 2.15284614355697 18.7918332616882
17.2187022571725 2.13750817550624 18.6571145985795
17.3657248015195 2.1221702074555 18.5223959354707
17.5127473458665 2.10683223940477 18.387677272362
17.6597698902135 2.09149427135403 18.2529586092532
17.8067924345605 2.0761563033033 18.1182399461445
17.9538149789075 2.06081833525256 17.9835212830358
18.1008375232545 2.04548036720182 17.848802619927
18.2478600676016 2.03014239915109 17.7140839568183
18.3948826119486 2.01480443110035 17.5793652937096
18.5419051562956 1.99946646304962 17.4446466306008
18.6889277006426 1.98412849499888 17.3099279674921
18.8359502449896 1.96879052694815 17.1752093043834
18.9829727893366 1.95345255889741 17.0404906412746
19.1299953336836 1.93811459084667 16.9057719781659
19.2770178780306 1.92277662279594 16.7710533150571
19.4240404223776 1.9074386547452 16.6363346519484
19.5710629667247 1.89210068669447 16.5016159888397
19.7180855110717 1.87676271864373 16.3668973257309
19.8651080554187 1.861424750593 16.2321786626222
20.0121305997657 1.84608678254226 16.0974599995135
20.1591531441127 1.83074881449153 15.9627413364047
20.3061756884597 1.81541084644079 15.828022673296
20.4531982328067 1.80007287839005 15.6933040101872
20.6002207771537 1.78473491033932 15.5585853470785
20.5224188955462 1.77890154243916 15.5073488650144
20.3557123175785 1.76640234858202 15.3975641346772
20.1890057396108 1.75390315472488 15.28777940434
20.0222991616431 1.74140396086774 15.1779946740028
19.8555925836753 1.7289047670106 15.0682099436656
19.6888860057076 1.71640557315346 14.9584252133284
19.5221794277399 1.70390637929632 14.8486404829912
19.3554728497722 1.69140718543919 14.738855752654
19.1887662718045 1.67890799158205 14.6290710223168
19.0220596938367 1.66640879772491 14.5192862919796
18.855353115869 1.65390960386777 14.4095015616424
18.6886465379013 1.64141041001063 14.2997168313052
18.5219399599336 1.62891121615349 14.189932100968
18.3552333819658 1.61641202229635 14.0801473706307
18.1885268039981 1.60391282843921 13.9703626402935
18.0218202260304 1.59141363458207 13.8605779099563
17.8551136480627 1.57891444072493 13.7507931796191
17.6884070700949 1.56641524686779 13.6410084492819
17.5217004921272 1.55391605301066 13.5312237189447
17.3549939141595 1.54141685915352 13.4214389886075
17.1882873361918 1.52891766529638 13.3116542582703
17.021580758224 1.51641847143924 13.2018695279331
16.8548741802563 1.5039192775821 13.0920847975959
16.6881676022886 1.49142008372496 12.9823000672587
16.5214610243209 1.47892088986782 12.8725153369215
16.3547544463532 1.46642169601068 12.7627306065843
16.1880478683855 1.45392250215354 12.6529458762471
16.0213412904177 1.44142330829641 12.5431611459099
15.85463471245 1.42892411443927 12.4333764155727
15.6879281344823 1.41642492058213 12.3235916852354
15.5212215565146 1.40392572672499 12.2138069548982
15.3545149785468 1.39142653286785 12.104022224561
15.1878084005791 1.37892733901071 11.9942374942238
15.0211018226114 1.36642814515357 11.8844527638866
14.8543952446437 1.35392895129643 11.7746680335494
14.6876886666759 1.34142975743929 11.6648833032122
14.5209820887082 1.32893056358215 11.555098572875
14.3542755107405 1.31643136972501 11.4453138425378
14.1875689327728 1.30393217586788 11.3355291122006
14.020862354805 1.29143298201074 11.2257443818634
13.8541557768373 1.2789337881536 11.1159596515262
13.9160739418733 1.27075992585135 11.0441657999448
14.0462116538294 1.25358035121051 10.8932716710267
14.1763493657856 1.23640077656967 10.7423775421085
14.3064870777418 1.21922120192884 10.5914834131903
14.4366247896979 1.202041627288 10.4405892842722
14.5667625016541 1.18486205264716 10.289695155354
14.6969002136103 1.16768247800632 10.1388010264358
14.8270379255664 1.15050290336548 9.98790689751764
14.9571756375226 1.13332332872464 9.83701276859947
15.0873133494787 1.1161437540838 9.68611863968129
15.2174510614349 1.09896417944297 9.53522451076312
15.3475887733911 1.08178460480213 9.38433038184495
15.4777264853472 1.06460503016129 9.23343625292677
15.6078641973034 1.04742545552045 9.0825421240086
15.7380019092596 1.03024588087961 8.93164799509043
15.8681396212157 1.01306630623877 8.78075386617225
15.9982773331719 0.995886731597935 8.62985973725408
16.128415045128 0.978707156957096 8.47896560833591
16.2585527570842 0.961527582316257 8.32807147941773
16.3886904690404 0.944348007675419 8.17717735049956
16.5188281809965 0.92716843303458 8.02628322158139
16.6489658929527 0.909988858393742 7.87538909266321
16.7791036049089 0.892809283752903 7.72449496374504
16.909241316865 0.875629709112064 7.57360083482686
17.0393790288212 0.858450134471226 7.42270670590869
17.1695167407773 0.841270559830387 7.27181257699051
17.2996544527335 0.824090985189548 7.12091844807234
17.4297921646897 0.806911410548709 6.97002431915416
17.5599298766458 0.789731835907871 6.81913019023599
17.690067588602 0.772552261267032 6.66823606131782
17.8202053005582 0.755372686626193 6.51734193239964
17.9503430125143 0.738193111985355 6.36644780348147
18.0804807244705 0.721013537344517 6.2155536745633
18.2106184364266 0.703833962703678 6.06465954564512
18.3407561483828 0.686654388062839 5.91376541672695
18.470893860339 0.669474813422 5.76287128780877
18.6010315722951 0.652295238781162 5.6119771588906
18.7311692842513 0.635115664140323 5.46108302997243
18.8613069962075 0.617936089499484 5.31018890105425
18.9914447081636 0.600756514858646 5.15929477213608
19.1215824201198 0.583576940217807 5.00840064321791
19.251720132076 0.566397365576969 4.85750651429973
19.3818578440321 0.54921779093613 4.70661238538156
19.5119955559883 0.532038216295292 4.55571825646338
19.6421332679444 0.514858641654453 4.40482412754521
19.7722709799006 0.497679067013615 4.25392999862704
19.9024086918568 0.480499492372776 4.10303586970887
20.0325464038129 0.463319917731938 3.95214174079069
20.1626841157691 0.446140343091099 3.80124761187252
20.2928218277253 0.42896076845026 3.65035348295434
20.4229595396814 0.411781193809421 3.49945935403617
20.5530972516376 0.394601619168583 3.34856522511799
20.6832349635938 0.377422044527744 3.19767109619982
20.8133726755499 0.360242469886905 3.04677696728164
20.9435103875061 0.343062895246066 2.89588283836347
21.0736480994622 0.325883320605228 2.7449887094453
21.2037858114184 0.308703745964389 2.59409458052712
21.3339235233746 0.291524171323551 2.44320045160895
21.4640612353307 0.274344596682712 2.29230632269077
21.5941989472869 0.257165022041873 2.1414121937726
21.7243366592431 0.239985447401034 1.99051806485442
21.8544743711992 0.222805872760196 1.83962393593625
21.9846120831554 0.205626298119358 1.68872980701808
22.1147497951115 0.188446723478519 1.53783567809991
22.2448875070677 0.171267148837681 1.38694154918173
22.3750252190239 0.154087574196842 1.23604742026356
22.50516293098 0.136907999556004 1.08515329134539
22.6353006429362 0.119728424915165 0.934259162427212
22.7654383548924 0.102548850274326 0.783365033509036
22.8955760668485 0.0853692756334878 0.632470904590865
23.0257137788047 0.0681897009926489 0.481576775672689
23.1558514907608 0.0510101263518102 0.330682646754515
23.285989202717 0.0338305517109719 0.179788517836343
23.4161269146732 0.0166509770701335 0.0288943889181717
23.5462646266293 -0.000528597570705003 -0.121999740000001
19.6875958655782 2.30622582406433 20.1390198927756
19.5405733212311 2.29088785601359 20.0043012296668
19.3935507768841 2.27554988796286 19.8695825665581
19.2465282325371 2.26021191991212 19.7348639034494
19.0995056881901 2.24487395186139 19.6001452403406
18.9524831438431 2.22953598381065 19.4654265772319
18.8054605994961 2.21419801575992 19.3307079141232
18.6584380551491 2.19886004770918 19.1959892510144
18.5114155108021 2.18352207965845 19.0612705879057
18.364392966455 2.16818411160771 18.9265519247969
18.217370422108 2.15284614355697 18.7918332616882
18.070347877761 2.13750817550624 18.6571145985795
17.923325333414 2.1221702074555 18.5223959354707
17.776302789067 2.10683223940477 18.387677272362
17.62928024472 2.09149427135403 18.2529586092533
17.482257700373 2.0761563033033 18.1182399461445
17.335235156026 2.06081833525256 17.9835212830358
17.188212611679 2.04548036720182 17.848802619927
17.0411900673319 2.03014239915109 17.7140839568183
16.8941675229849 2.01480443110035 17.5793652937096
16.7471449786379 1.99946646304962 17.4446466306008
16.6001224342909 1.98412849499888 17.3099279674921
16.4530998899439 1.96879052694815 17.1752093043834
16.3060773455969 1.95345255889741 17.0404906412746
16.1590548012499 1.93811459084667 16.9057719781659
16.0120322569028 1.92277662279594 16.7710533150571
15.8650097125558 1.9074386547452 16.6363346519484
15.7179871682088 1.89210068669447 16.5016159888397
15.5709646238618 1.87676271864373 16.3668973257309
15.4239420795148 1.861424750593 16.2321786626222
15.2769195351678 1.84608678254226 16.0974599995135
15.1298969908208 1.83074881449153 15.9627413364047
14.9828744464738 1.81541084644079 15.828022673296
14.8358519021268 1.80007287839005 15.6933040101872
14.6888293577797 1.78473491033932 15.5585853470785
14.7666312393873 1.77890154243916 15.5073488650144
14.933337817355 1.76640234858202 15.3975641346772
15.1000443953227 1.75390315472488 15.28777940434
15.2667509732904 1.74140396086774 15.1779946740028
15.4334575512582 1.7289047670106 15.0682099436656
15.6001641292259 1.71640557315346 14.9584252133284
15.7668707071936 1.70390637929632 14.8486404829912
15.9335772851613 1.69140718543918 14.738855752654
16.100283863129 1.67890799158204 14.6290710223168
16.2669904410968 1.66640879772491 14.5192862919796
16.4336970190645 1.65390960386777 14.4095015616423
16.6004035970322 1.64141041001063 14.2997168313051
16.7671101749999 1.62891121615349 14.1899321009679
16.9338167529677 1.61641202229635 14.0801473706307
17.1005233309354 1.60391282843921 13.9703626402935
17.2672299089031 1.59141363458207 13.8605779099563
17.4339364868708 1.57891444072493 13.7507931796191
17.6006430648385 1.56641524686779 13.6410084492819
17.7673496428063 1.55391605301066 13.5312237189447
17.934056220774 1.54141685915352 13.4214389886075
18.1007627987417 1.52891766529638 13.3116542582703
18.2674693767094 1.51641847143924 13.2018695279331
18.4341759546772 1.5039192775821 13.0920847975959
18.6008825326449 1.49142008372496 12.9823000672587
18.7675891106126 1.47892088986782 12.8725153369215
18.9342956885803 1.46642169601068 12.7627306065843
19.1010022665481 1.45392250215354 12.6529458762471
19.2677088445158 1.4414233082964 12.5431611459098
19.4344154224835 1.42892411443927 12.4333764155726
19.6011220004512 1.41642492058213 12.3235916852354
19.7678285784189 1.40392572672499 12.2138069548982
19.9345351563867 1.39142653286785 12.104022224561
20.1012417343544 1.37892733901071 11.9942374942238
20.2679483123221 1.36642814515357 11.8844527638866
20.4346548902898 1.35392895129643 11.7746680335494
20.6013614682576 1.34142975743929 11.6648833032122
20.7680680462253 1.32893056358215 11.555098572875
20.934774624193 1.31643136972501 11.4453138425378
21.1014812021607 1.30393217586788 11.3355291122006
21.2681877801284 1.29143298201074 11.2257443818634
21.4348943580962 1.2789337881536 11.1159596515262
21.3729761930602 1.27075992585135 11.0441657999449
21.242838481104 1.25358035121051 10.8932716710267
21.1127007691479 1.23640077656967 10.7423775421085
20.9825630571917 1.21922120192884 10.5914834131903
20.8524253452356 1.202041627288 10.4405892842722
20.7222876332794 1.18486205264716 10.289695155354
20.5921499213232 1.16768247800632 10.1388010264358
20.4620122093671 1.15050290336548 9.98790689751763
20.3318744974109 1.13332332872464 9.83701276859946
20.2017367854547 1.1161437540838 9.68611863968129
20.0715990734986 1.09896417944297 9.53522451076312
19.9414613615424 1.08178460480213 9.38433038184494
19.8113236495862 1.06460503016129 9.23343625292677
19.6811859376301 1.04742545552045 9.08254212400859
19.5510482256739 1.03024588087961 8.93164799509042
19.4209105137178 1.01306630623877 8.78075386617225
19.2907728017616 0.995886731597935 8.62985973725408
19.1606350898054 0.978707156957096 8.47896560833591
19.0304973778493 0.961527582316258 8.32807147941774
18.9003596658931 0.944348007675419 8.17717735049956
18.770221953937 0.927168433034581 8.02628322158139
18.6400842419808 0.909988858393742 7.87538909266322
18.5099465300246 0.892809283752904 7.72449496374505
18.3798088180685 0.875629709112065 7.57360083482687
18.2496711061123 0.858450134471227 7.4227067059087
18.1195333941561 0.841270559830388 7.27181257699053
17.9893956822 0.82409098518955 7.12091844807235
17.8592579702438 0.806911410548711 6.97002431915417
17.7291202582877 0.789731835907872 6.819130190236
17.5989825463315 0.772552261267034 6.66823606131783
17.4688448343753 0.755372686626195 6.51734193239966
17.3387071224192 0.738193111985357 6.36644780348148
17.208569410463 0.721013537344518 6.21555367456331
17.0784316985068 0.703833962703679 6.06465954564514
16.9482939865507 0.686654388062841 5.91376541672696
16.8181562745945 0.669474813422002 5.76287128780878
16.6880185626383 0.652295238781163 5.61197715889061
16.5578808506822 0.635115664140325 5.46108302997244
16.427743138726 0.617936089499486 5.31018890105426
16.2976054267699 0.600756514858647 5.15929477213609
16.1674677148137 0.583576940217808 5.00840064321791
16.0373300028575 0.56639736557697 4.85750651429974
15.9071922909014 0.549217790936131 4.70661238538156
15.7770545789452 0.532038216295292 4.55571825646338
15.646916866989 0.514858641654453 4.40482412754521
15.5167791550329 0.497679067013615 4.25392999862704
15.3866414430767 0.480499492372776 4.10303586970887
15.2565037311205 0.463319917731938 3.95214174079069
15.1263660191644 0.446140343091099 3.80124761187252
14.9962283072082 0.42896076845026 3.65035348295434
14.8660905952521 0.411781193809422 3.49945935403617
14.7359528832959 0.394601619168583 3.348565225118
14.6058151713397 0.377422044527745 3.19767109619982
14.4756774593836 0.360242469886906 3.04677696728165
14.3455397474274 0.343062895246068 2.89588283836348
14.2154020354713 0.325883320605229 2.74498870944531
14.0852643235151 0.308703745964391 2.59409458052713
13.9551266115589 0.291524171323552 2.44320045160896
13.8249888996028 0.274344596682713 2.29230632269079
13.6948511876466 0.257165022041875 2.14141219377261
13.5647134756904 0.239985447401036 1.99051806485444
13.4345757637343 0.222805872760197 1.83962393593626
13.3044380517781 0.205626298119359 1.68872980701809
13.1743003398219 0.18844672347852 1.53783567809991
13.0441626278658 0.171267148837681 1.38694154918174
12.9140249159096 0.154087574196843 1.23604742026356
12.7838872039535 0.136907999556004 1.08515329134539
12.6537494919973 0.119728424915165 0.934259162427214
12.5236117800411 0.102548850274327 0.783365033509041
12.393474068085 0.085369275633488 0.632470904590867
12.2633363561288 0.0681897009926495 0.481576775672694
12.1331986441726 0.0510101263518108 0.33068264675452
12.0030609322165 0.0338305517109723 0.179788517836347
11.8729232202603 0.0166509770701337 0.028894388918173
11.7427855083041 -0.000528597570705003 -0.121999740000001
3.79797515103013 2.30622582406433 20.1390198927756
3.94499769537715 2.2908878560136 20.0043012296668
4.09202023972416 2.27554988796286 19.8695825665581
4.23904278407117 2.26021191991212 19.7348639034494
4.38606532841819 2.24487395186139 19.6001452403406
4.5330878727652 2.22953598381065 19.4654265772319
4.68011041711221 2.21419801575992 19.3307079141232
4.82713296145922 2.19886004770918 19.1959892510144
4.97415550580624 2.18352207965845 19.0612705879057
5.12117805015325 2.16818411160771 18.9265519247969
5.26820059450026 2.15284614355697 18.7918332616882
5.41522313884728 2.13750817550624 18.6571145985795
5.56224568319429 2.1221702074555 18.5223959354707
5.7092682275413 2.10683223940477 18.387677272362
5.85629077188831 2.09149427135403 18.2529586092532
6.00331331623532 2.0761563033033 18.1182399461445
6.15033586058234 2.06081833525256 17.9835212830358
6.29735840492935 2.04548036720182 17.848802619927
6.44438094927637 2.03014239915109 17.7140839568183
6.59140349362338 2.01480443110035 17.5793652937096
6.73842603797039 1.99946646304962 17.4446466306008
6.8854485823174 1.98412849499888 17.3099279674921
7.03247112666441 1.96879052694815 17.1752093043834
7.17949367101142 1.95345255889741 17.0404906412746
7.32651621535843 1.93811459084667 16.9057719781659
7.47353875970545 1.92277662279594 16.7710533150571
7.62056130405246 1.9074386547452 16.6363346519484
7.76758384839947 1.89210068669447 16.5016159888397
7.91460639274649 1.87676271864373 16.3668973257309
8.06162893709349 1.861424750593 16.2321786626222
8.2086514814405 1.84608678254226 16.0974599995135
8.35567402578752 1.83074881449153 15.9627413364047
8.50269657013453 1.81541084644079 15.828022673296
8.64971911448155 1.80007287839005 15.6933040101872
8.79674165882856 1.78473491033932 15.5585853470785
8.71893977722106 1.77890154243916 15.5073488650144
8.55223319925334 1.76640234858202 15.3975641346772
8.38552662128561 1.75390315472488 15.28777940434
8.21882004331789 1.74140396086774 15.1779946740028
8.05211346535017 1.7289047670106 15.0682099436656
7.88540688738244 1.71640557315346 14.9584252133284
7.71870030941472 1.70390637929632 14.8486404829912
7.55199373144699 1.69140718543919 14.738855752654
7.38528715347927 1.67890799158205 14.6290710223168
7.21858057551155 1.66640879772491 14.5192862919796
7.05187399754382 1.65390960386777 14.4095015616424
6.8851674195761 1.64141041001063 14.2997168313052
6.71846084160837 1.62891121615349 14.189932100968
6.55175426364065 1.61641202229635 14.0801473706307
6.38504768567292 1.60391282843921 13.9703626402935
6.2183411077052 1.59141363458207 13.8605779099563
6.05163452973748 1.57891444072493 13.7507931796191
5.88492795176976 1.56641524686779 13.6410084492819
5.71822137380204 1.55391605301066 13.5312237189447
5.55151479583431 1.54141685915352 13.4214389886075
5.38480821786659 1.52891766529638 13.3116542582703
5.21810163989887 1.51641847143924 13.2018695279331
5.05139506193115 1.5039192775821 13.0920847975959
4.88468848396342 1.49142008372496 12.9823000672587
4.7179819059957 1.47892088986782 12.8725153369215
4.55127532802797 1.46642169601068 12.7627306065843
4.38456875006025 1.45392250215354 12.6529458762471
4.21786217209252 1.4414233082964 12.5431611459099
4.0511555941248 1.42892411443927 12.4333764155726
3.88444901615708 1.41642492058213 12.3235916852354
3.71774243818935 1.40392572672499 12.2138069548982
3.55103586022163 1.39142653286785 12.104022224561
3.38432928225391 1.37892733901071 11.9942374942238
3.21762270428619 1.36642814515357 11.8844527638866
3.05091612631847 1.35392895129643 11.7746680335494
2.88420954835075 1.34142975743929 11.6648833032122
2.71750297038302 1.32893056358215 11.555098572875
2.5507963924153 1.31643136972501 11.4453138425378
2.38408981444758 1.30393217586788 11.3355291122006
2.21738323647985 1.29143298201074 11.2257443818634
2.05067665851213 1.2789337881536 11.1159596515262
2.11259482354806 1.27075992585136 11.0441657999449
2.24273253550423 1.25358035121052 10.8932716710267
2.37287024746039 1.23640077656968 10.7423775421085
2.50300795941655 1.21922120192884 10.5914834131904
2.63314567137272 1.202041627288 10.4405892842722
2.76328338332888 1.18486205264716 10.289695155354
2.89342109528504 1.16768247800632 10.1388010264358
3.0235588072412 1.15050290336548 9.98790689751767
3.15369651919737 1.13332332872465 9.83701276859949
3.28383423115353 1.11614375408381 9.68611863968132
3.41397194310969 1.09896417944297 9.53522451076315
3.54410965506586 1.08178460480213 9.38433038184497
3.67424736702202 1.06460503016129 9.23343625292679
3.80438507897819 1.04742545552045 9.08254212400862
3.93452279093435 1.03024588087961 8.93164799509045
4.06466050289051 1.01306630623878 8.78075386617227
4.19479821484668 0.995886731597937 8.6298597372541
4.32493592680284 0.978707156957098 8.47896560833592
4.455073638759 0.96152758231626 8.32807147941775
4.58521135071517 0.944348007675421 8.17717735049958
4.71534906267133 0.927168433034582 8.0262832215814
4.84548677462749 0.909988858393744 7.87538909266323
4.97562448658365 0.892809283752905 7.72449496374506
5.10576219853982 0.875629709112067 7.57360083482688
5.23589991049598 0.858450134471228 7.42270670590871
5.36603762245214 0.841270559830389 7.27181257699053
5.49617533440831 0.824090985189551 7.12091844807236
5.62631304636447 0.806911410548712 6.97002431915419
5.75645075832063 0.789731835907873 6.81913019023601
5.8865884702768 0.772552261267034 6.66823606131784
6.01672618223296 0.755372686626196 6.51734193239966
6.14686389418912 0.738193111985357 6.36644780348149
6.27700160614529 0.721013537344518 6.21555367456331
6.40713931810145 0.70383396270368 6.06465954564514
6.53727703005762 0.686654388062841 5.91376541672696
6.66741474201378 0.669474813422002 5.76287128780879
6.79755245396994 0.652295238781164 5.61197715889062
6.9276901659261 0.635115664140325 5.46108302997244
7.05782787788227 0.617936089499486 5.31018890105427
7.18796558983843 0.600756514858648 5.15929477213609
7.31810330179459 0.583576940217809 5.00840064321792
7.44824101375076 0.56639736557697 4.85750651429974
7.57837872570692 0.549217790936132 4.70661238538157
7.70851643766309 0.532038216295293 4.5557182564634
7.83865414961925 0.514858641654454 4.40482412754522
7.96879186157541 0.497679067013616 4.25392999862705
8.09892957353158 0.480499492372777 4.10303586970887
8.22906728548774 0.463319917731938 3.9521417407907
8.3592049974439 0.4461403430911 3.80124761187252
8.48934270940007 0.428960768450261 3.65035348295435
8.61948042135623 0.411781193809422 3.49945935403617
8.7496181333124 0.394601619168583 3.348565225118
8.87975584526856 0.377422044527745 3.19767109619983
9.00989355722472 0.360242469886906 3.04677696728165
9.14003126918089 0.343062895246067 2.89588283836348
9.27016898113705 0.325883320605229 2.7449887094453
9.40030669309321 0.30870374596439 2.59409458052713
9.53044440504938 0.291524171323551 2.44320045160895
9.66058211700554 0.274344596682713 2.29230632269078
9.7907198289617 0.257165022041874 2.1414121937726
9.92085754091787 0.239985447401035 1.99051806485443
10.050995252874 0.222805872760197 1.83962393593625
10.1811329648302 0.205626298119358 1.68872980701808
10.3112706767864 0.18844672347852 1.53783567809991
10.4414083887425 0.171267148837681 1.38694154918174
10.5715461006987 0.154087574196843 1.23604742026356
10.7016838126548 0.136907999556004 1.08515329134539
10.831821524611 0.119728424915165 0.934259162427217
10.9619592365672 0.102548850274327 0.783365033509043
11.0920969485233 0.0853692756334882 0.632470904590869
11.2222346604795 0.0681897009926497 0.481576775672696
11.3523723724357 0.0510101263518109 0.330682646754521
11.4825100843918 0.0338305517109722 0.179788517836346
11.612647796348 0.0166509770701338 0.0288943889181738
11.7427855083041 -0.000528597570705003 -0.121999740000001
19.7661101939746 2.2901948633459 19.9982144360689
19.802810722447 2.26795482974477 19.8028725508644
19.8395112509194 2.24571479614364 19.6075306656598
19.8762117793917 2.2234747625425 19.4121887804553
19.9129123078641 2.20123472894137 19.2168468952507
19.9496128363365 2.17899469534024 19.0215050100462
19.9863133648089 2.15675466173911 18.8261631248416
20.0230138932812 2.13451462813798 18.6308212396371
20.0597144217536 2.11227459453684 18.4354793544325
20.096414950226 2.09003456093571 18.240137469228
20.1331154786984 2.06779452733458 18.0447955840234
20.1698160071707 2.04555449373345 17.8494536988189
20.2065165356431 2.02331446013232 17.6541118136143
20.2432170641155 2.00107442653118 17.4587699284098
20.2799175925879 1.97883439293005 17.2634280432052
20.3166181210602 1.95659435932892 17.0680861580007
20.3533186495326 1.93435432572779 16.8727442727961
20.390019178005 1.91211429212666 16.6774023875915
20.4267197064774 1.88987425852552 16.482060502387
20.4634202349497 1.86763422492439 16.2867186171824
20.5001207634221 1.84539419132326 16.0913767319779
20.5368212918945 1.82315415772213 15.8960348467733
20.5735218203669 1.800914124121 15.7006929615688
20.6102223488393 1.77867409051986 15.5053510763642
20.6469228773116 1.75643405691873 15.3100091911597
20.683623405784 1.7341940233176 15.1146673059551
20.7203239342564 1.71195398971647 14.9193254207506
20.7570244627288 1.68971395611534 14.723983535546
20.7937249912011 1.6674739225142 14.5286416503415
20.8304255196735 1.64523388891307 14.3332997651369
20.8671260481459 1.62299385531194 14.1379578799324
20.9038265766183 1.60075382171081 13.9426159947278
20.9405271050906 1.57851378810968 13.7472741095233
20.977227633563 1.55627375450854 13.5519322243187
21.0139281620354 1.53403372090741 13.3565903391142
21.0506286905078 1.51179368730628 13.1612484539096
21.0873292189801 1.48955365370515 12.9659065687051
21.1240297474525 1.46731362010402 12.7705646835005
21.1607302759249 1.44507358650288 12.575222798296
21.1974308043973 1.42283355290175 12.3798809130914
21.2341313328696 1.40059351930062 12.1845390278869
21.270831861342 1.37835348569949 11.9891971426823
21.3075323898144 1.35611345209835 11.7938552574777
21.3442329182868 1.33387341849722 11.5985133722732
21.3809334467591 1.31163338489609 11.4031714870686
21.4176339752315 1.28939335129496 11.2078296018641
21.4543345037039 1.26715331769383 11.0124877166595
21.4910350321763 1.24491328409269 10.817145831455
21.5277355606487 1.22267325049156 10.6218039462504
21.564436089121 1.20043321689043 10.4264620610459
21.6011366175934 1.1781931832893 10.2311201758413
21.6378371460658 1.15595314968817 10.0357782906368
21.6745376745382 1.13371311608703 9.84043640543221
21.7112382030105 1.1114730824859 9.64509452022766
21.7479387314829 1.08923304888477 9.44975263502311
21.7846392599553 1.06699301528364 9.25441074981855
21.8213397884277 1.0447529816825 9.059068864614
21.8580403169 1.02251294808137 8.86372697940944
21.8947408453724 1.00027291448024 8.66838509420489
21.9314413738448 0.978032880879109 8.47304320900034
21.9681419023172 0.955792847277977 8.27770132379579
22.0048424307895 0.933552813676845 8.08235943859123
22.0415429592619 0.911312780075713 7.88701755338668
22.0782434877343 0.88907274647458 7.69167566818213
22.1149440162067 0.866832712873448 7.49633378297757
22.151644544679 0.844592679272316 7.30099189777302
22.1883450731514 0.822352645671184 7.10565001256847
22.2250456016238 0.800112612070052 6.91030812736392
22.2617461300962 0.77787257846892 6.71496624215936
22.2984466585685 0.755632544867788 6.51962435695482
22.3351471870409 0.733392511266656 6.32428247175026
22.3718477155133 0.711152477665524 6.12894058654571
22.4085482439857 0.688912444064392 5.93359870134116
22.4452487724581 0.66667241046326 5.7382568161366
22.4819493009304 0.644432376862127 5.54291493093205
22.5186498294028 0.622192343260995 5.34757304572749
22.5553503578752 0.599952309659863 5.15223116052294
22.5920508863476 0.577712276058731 4.95688927531839
22.6287514148199 0.555472242457599 4.76154739011383
22.6654519432923 0.533232208856467 4.56620550490928
22.7021524717647 0.510992175255334 4.37086361970473
22.7388530002371 0.488752141654202 4.17552173450017
22.7755535287094 0.46651210805307 3.98017984929562
22.8122540571818 0.444272074451938 3.78483796409107
22.8489545856542 0.422032040850806 3.58949607888651
22.8856551141266 0.399792007249674 3.39415419368196
22.9223556425989 0.377551973648542 3.19881230847741
22.9590561710713 0.35531194004741 3.00347042327286
22.9957566995437 0.333071906446277 2.8081285380683
23.0324572280161 0.310831872845145 2.61278665286375
23.0691577564884 0.288591839244013 2.41744476765919
23.1058582849608 0.266351805642881 2.22210288245464
23.1425588134332 0.244111772041749 2.02676099725009
23.1792593419056 0.221871738440616 1.83141911204553
23.215959870378 0.199631704839484 1.63607722684098
23.2526603988503 0.177391671238352 1.44073534163643
23.2893609273227 0.15515163763722 1.24539345643187
23.3260614557951 0.132911604036088 1.05005157122732
23.3627619842675 0.110671570434956 0.854709686022766
23.3994625127398 0.0884315368338237 0.659367800818213
23.4361630412122 0.0661915032326915 0.464025915613659
23.4728635696846 0.0439514696315594 0.268684030409106
23.509564098157 0.0217114360304272 0.073342145204552
23.5462646266293 -0.000528597570705003 -0.121999740000001
15.5229399409589 2.2901948633459 19.9982144360689
15.4862394124865 2.26795482974477 19.8028725508644
15.4495388840141 2.24571479614364 19.6075306656598
15.4128383555417 2.2234747625425 19.4121887804553
15.3761378270694 2.20123472894137 19.2168468952507
15.339437298597 2.17899469534024 19.0215050100462
15.3027367701246 2.15675466173911 18.8261631248416
15.2660362416522 2.13451462813798 18.6308212396371
15.2293357131799 2.11227459453684 18.4354793544325
15.1926351847075 2.09003456093571 18.240137469228
15.1559346562351 2.06779452733458 18.0447955840234
15.1192341277627 2.04555449373345 17.8494536988189
15.0825335992904 2.02331446013231 17.6541118136143
15.045833070818 2.00107442653118 17.4587699284098
15.0091325423456 1.97883439293005 17.2634280432052
14.9724320138732 1.95659435932892 17.0680861580007
14.9357314854009 1.93435432572779 16.8727442727961
14.8990309569285 1.91211429212665 16.6774023875915
14.8623304284561 1.88987425852552 16.482060502387
14.8256298999837 1.86763422492439 16.2867186171824
14.7889293715114 1.84539419132326 16.0913767319779
14.752228843039 1.82315415772213 15.8960348467733
14.7155283145666 1.800914124121 15.7006929615688
14.6788277860942 1.77867409051986 15.5053510763642
14.6421272576219 1.75643405691873 15.3100091911597
14.6054267291495 1.7341940233176 15.1146673059551
14.5687262006771 1.71195398971647 14.9193254207506
14.5320256722047 1.68971395611533 14.723983535546
14.4953251437324 1.6674739225142 14.5286416503415
14.45862461526 1.64523388891307 14.3332997651369
14.4219240867876 1.62299385531194 14.1379578799324
14.3852235583152 1.60075382171081 13.9426159947278
14.3485230298429 1.57851378810968 13.7472741095233
14.3118225013705 1.55627375450854 13.5519322243187
14.2751219728981 1.53403372090741 13.3565903391142
14.2384214444257 1.51179368730628 13.1612484539096
14.2017209159533 1.48955365370515 12.9659065687051
14.165020387481 1.46731362010402 12.7705646835005
14.1283198590086 1.44507358650288 12.575222798296
14.0916193305362 1.42283355290175 12.3798809130914
14.0549188020638 1.40059351930062 12.1845390278869
14.0182182735915 1.37835348569949 11.9891971426823
13.9815177451191 1.35611345209836 11.7938552574778
13.9448172166467 1.33387341849722 11.5985133722732
13.9081166881743 1.31163338489609 11.4031714870686
13.871416159702 1.28939335129496 11.2078296018641
13.8347156312296 1.26715331769383 11.0124877166595
13.7980151027572 1.24491328409269 10.817145831455
13.7613145742848 1.22267325049156 10.6218039462504
13.7246140458125 1.20043321689043 10.4264620610459
13.6879135173401 1.1781931832893 10.2311201758413
13.6512129888677 1.15595314968817 10.0357782906368
13.6145124603953 1.13371311608703 9.84043640543222
13.577811931923 1.1114730824859 9.64509452022767
13.5411114034506 1.08923304888477 9.44975263502311
13.5044108749782 1.06699301528364 9.25441074981856
13.4677103465058 1.04475298168251 9.059068864614
13.4310098180334 1.02251294808137 8.86372697940945
13.3943092895611 1.00027291448024 8.6683850942049
13.3576087610887 0.978032880879109 8.47304320900034
13.3209082326163 0.955792847277977 8.27770132379579
13.2842077041439 0.933552813676845 8.08235943859124
13.2475071756716 0.911312780075713 7.88701755338669
13.2108066471992 0.889072746474581 7.69167566818214
13.1741061187268 0.86683271287345 7.49633378297759
13.1374055902544 0.844592679272317 7.30099189777303
13.1007050617821 0.822352645671185 7.10565001256848
13.0640045333097 0.800112612070053 6.91030812736393
13.0273040048373 0.777872578468921 6.71496624215937
12.9906034763649 0.755632544867789 6.51962435695482
12.9539029478926 0.733392511266657 6.32428247175027
12.9172024194202 0.711152477665524 6.12894058654571
12.8805018909478 0.688912444064392 5.93359870134116
12.8438013624754 0.66667241046326 5.7382568161366
12.8071008340031 0.644432376862127 5.54291493093205
12.7704003055307 0.622192343260995 5.34757304572749
12.7336997770583 0.599952309659863 5.15223116052294
12.6969992485859 0.577712276058731 4.95688927531839
12.6602987201136 0.555472242457599 4.76154739011383
12.6235981916412 0.533232208856466 4.56620550490928
12.5868976631688 0.510992175255334 4.37086361970472
12.5501971346964 0.488752141654202 4.17552173450017
12.513496606224 0.46651210805307 3.98017984929562
12.4767960777517 0.444272074451938 3.78483796409107
12.4400955492793 0.422032040850806 3.58949607888651
12.4033950208069 0.399792007249674 3.39415419368196
12.3666944923345 0.377551973648542 3.19881230847741
12.3299939638622 0.355311940047409 3.00347042327285
12.2932934353898 0.333071906446277 2.8081285380683
12.2565929069174 0.310831872845145 2.61278665286374
12.219892378445 0.288591839244013 2.41744476765919
12.1831918499727 0.266351805642881 2.22210288245464
12.1464913215003 0.244111772041748 2.02676099725008
12.1097907930279 0.221871738440616 1.83141911204553
12.0730902645555 0.199631704839484 1.63607722684098
12.0363897360832 0.177391671238352 1.44073534163642
11.9996892076108 0.15515163763722 1.24539345643187
11.9629886791384 0.132911604036088 1.05005157122732
11.926288150666 0.110671570434956 0.854709686022766
11.8895876221937 0.0884315368338236 0.659367800818212
11.8528870937213 0.0661915032326914 0.464025915613659
11.8161865652489 0.0439514696315593 0.268684030409105
11.7794860367765 0.0217114360304272 0.0733421452045522
11.7427855083041 -0.000528597570705003 -0.121999740000001
7.96263107564943 2.2901948633459 19.9982144360689
7.9993316041218 2.26795482974476 19.8028725508644
8.03603213259418 2.24571479614363 19.6075306656598
8.07273266106655 2.2234747625425 19.4121887804553
8.10943318953893 2.20123472894137 19.2168468952507
8.1461337180113 2.17899469534024 19.0215050100462
8.18283424648368 2.15675466173911 18.8261631248416
8.21953477495605 2.13451462813797 18.6308212396371
8.25623530342843 2.11227459453684 18.4354793544325
8.2929358319008 2.09003456093571 18.240137469228
8.32963636037318 2.06779452733458 18.0447955840234
8.36633688884556 2.04555449373345 17.8494536988189
8.40303741731793 2.02331446013231 17.6541118136143
8.43973794579031 2.00107442653118 17.4587699284097
8.47643847426268 1.97883439293005 17.2634280432052
8.51313900273506 1.95659435932892 17.0680861580006
8.54983953120744 1.93435432572779 16.8727442727961
8.58654005967981 1.91211429212665 16.6774023875915
8.62324058815219 1.88987425852552 16.482060502387
8.65994111662456 1.86763422492439 16.2867186171824
8.69664164509694 1.84539419132326 16.0913767319779
8.73334217356932 1.82315415772213 15.8960348467733
8.77004270204169 1.80091412412099 15.7006929615688
8.80674323051407 1.77867409051986 15.5053510763642
8.84344375898644 1.75643405691873 15.3100091911597
8.88014428745882 1.7341940233176 15.1146673059551
8.9168448159312 1.71195398971647 14.9193254207506
8.95354534440357 1.68971395611533 14.723983535546
8.99024587287595 1.6674739225142 14.5286416503415
9.02694640134833 1.64523388891307 14.3332997651369
9.0636469298207 1.62299385531194 14.1379578799323
9.10034745829308 1.6007538217108 13.9426159947278
9.13704798676545 1.57851378810967 13.7472741095232
9.17374851523783 1.55627375450854 13.5519322243187
9.21044904371021 1.53403372090741 13.3565903391141
9.24714957218258 1.51179368730628 13.1612484539096
9.28385010065496 1.48955365370514 12.965906568705
9.32055062912733 1.46731362010401 12.7705646835005
9.35725115759971 1.44507358650288 12.5752227982959
9.39395168607208 1.42283355290175 12.3798809130914
9.43065221454446 1.40059351930062 12.1845390278868
9.46735274301684 1.37835348569948 11.9891971426823
9.50405327148921 1.35611345209835 11.7938552574777
9.54075379996159 1.33387341849722 11.5985133722732
9.57745432843396 1.31163338489609 11.4031714870686
9.61415485690634 1.28939335129496 11.2078296018641
9.65085538537872 1.26715331769382 11.0124877166595
9.68755591385109 1.24491328409269 10.817145831455
9.72425644232347 1.22267325049156 10.6218039462504
9.76095697079584 1.20043321689043 10.4264620610459
9.79765749926822 1.1781931832893 10.2311201758413
9.8343580277406 1.15595314968816 10.0357782906368
9.87105855621297 1.13371311608703 9.8404364054322
9.90775908468535 1.1114730824859 9.64509452022765
9.94445961315772 1.08923304888477 9.4497526350231
9.9811601416301 1.06699301528364 9.25441074981855
10.0178606701025 1.0447529816825 9.05906886461399
10.0545611985748 1.02251294808137 8.86372697940944
10.0912617270472 1.00027291448024 8.66838509420489
10.1279622555196 0.978032880879109 8.47304320900034
10.164662783992 0.955792847277976 8.27770132379579
10.2013633124644 0.933552813676844 8.08235943859123
10.2380638409367 0.911312780075712 7.88701755338668
10.2747643694091 0.88907274647458 7.69167566818213
10.3114648978815 0.866832712873448 7.49633378297757
10.3481654263539 0.844592679272316 7.30099189777302
10.3848659548262 0.822352645671183 7.10565001256846
10.4215664832986 0.800112612070051 6.91030812736391
10.458267011771 0.777872578468919 6.71496624215936
10.4949675402434 0.755632544867787 6.5196243569548
10.5316680687157 0.733392511266655 6.32428247175025
10.5683685971881 0.711152477665523 6.1289405865457
10.6050691256605 0.688912444064391 5.93359870134114
10.6417696541329 0.666672410463259 5.73825681613659
10.6784701826052 0.644432376862127 5.54291493093204
10.7151707110776 0.622192343260994 5.34757304572749
10.75187123955 0.599952309659862 5.15223116052293
10.7885717680224 0.57771227605873 4.95688927531838
10.8252722964947 0.555472242457598 4.76154739011382
10.8619728249671 0.533232208856466 4.56620550490927
10.8986733534395 0.510992175255334 4.37086361970472
10.9353738819119 0.488752141654201 4.17552173450017
10.9720744103843 0.466512108053069 3.98017984929561
11.0087749388566 0.444272074451937 3.78483796409106
11.045475467329 0.422032040850805 3.58949607888651
11.0821759958014 0.399792007249673 3.39415419368195
11.1188765242738 0.377551973648541 3.1988123084774
11.1555770527461 0.355311940047409 3.00347042327285
11.1922775812185 0.333071906446277 2.80812853806829
11.2289781096909 0.310831872845145 2.61278665286374
11.2656786381633 0.288591839244012 2.41744476765919
11.3023791666356 0.26635180564288 2.22210288245463
11.339079695108 0.244111772041748 2.02676099725008
11.3757802235804 0.221871738440616 1.83141911204553
11.4124807520528 0.199631704839484 1.63607722684098
11.4491812805251 0.177391671238352 1.44073534163642
11.4858818089975 0.15515163763722 1.24539345643187
11.5225823374699 0.132911604036088 1.05005157122732
11.5592828659423 0.110671570434956 0.854709686022764
11.5959833944146 0.0884315368338235 0.659367800818211
11.632683922887 0.0661915032326914 0.464025915613658
11.6693844513594 0.0439514696315593 0.268684030409105
11.7060849798318 0.0217114360304271 0.0733421452045516
11.7427855083041 -0.000528597570705003 -0.121999740000001
7.88411674725297 2.30622582406433 20.1390198927756
7.73709420290596 2.29088785601359 20.0043012296668
7.59007165855895 2.27554988796286 19.8695825665581
7.44304911421193 2.26021191991212 19.7348639034494
7.29602656986492 2.24487395186139 19.6001452403406
7.14900402551791 2.22953598381065 19.4654265772319
7.0019814811709 2.21419801575992 19.3307079141232
6.85495893682388 2.19886004770918 19.1959892510144
6.70793639247688 2.18352207965845 19.0612705879057
6.56091384812986 2.16818411160771 18.9265519247969
6.41389130378285 2.15284614355697 18.7918332616882
6.26686875943584 2.13750817550624 18.6571145985795
6.11984621508883 2.1221702074555 18.5223959354707
5.97282367074181 2.10683223940477 18.387677272362
5.8258011263948 2.09149427135403 18.2529586092532
5.67877858204779 2.0761563033033 18.1182399461445
5.53175603770077 2.06081833525256 17.9835212830358
5.38473349335376 2.04548036720182 17.848802619927
5.23771094900675 2.03014239915109 17.7140839568183
5.09068840465973 2.01480443110035 17.5793652937096
4.94366586031272 1.99946646304962 17.4446466306008
4.79664331596571 1.98412849499888 17.3099279674921
4.6496207716187 1.96879052694815 17.1752093043834
4.50259822727168 1.95345255889741 17.0404906412746
4.35557568292467 1.93811459084667 16.9057719781659
4.20855313857766 1.92277662279594 16.7710533150571
4.06153059423065 1.9074386547452 16.6363346519484
3.91450804988364 1.89210068669447 16.5016159888397
3.76748550553663 1.87676271864373 16.3668973257309
3.62046296118961 1.861424750593 16.2321786626222
3.4734404168426 1.84608678254226 16.0974599995135
3.32641787249559 1.83074881449153 15.9627413364047
3.17939532814858 1.81541084644079 15.828022673296
3.03237278380157 1.80007287839005 15.6933040101872
2.88535023945455 1.78473491033932 15.5585853470785
2.96315212106206 1.77890154243916 15.5073488650144
3.12985869902978 1.76640234858202 15.3975641346772
3.29656527699751 1.75390315472488 15.28777940434
3.46327185496523 1.74140396086774 15.1779946740028
3.62997843293295 1.7289047670106 15.0682099436656
3.79668501090068 1.71640557315346 14.9584252133284
3.9633915888684 1.70390637929632 14.8486404829912
4.13009816683611 1.69140718543919 14.738855752654
4.29680474480384 1.67890799158205 14.6290710223168
4.46351132277156 1.66640879772491 14.5192862919796
4.63021790073929 1.65390960386777 14.4095015616424
4.79692447870702 1.64141041001063 14.2997168313052
4.96363105667474 1.62891121615349 14.1899321009679
5.13033763464246 1.61641202229635 14.0801473706307
5.29704421261019 1.60391282843921 13.9703626402935
5.46375079057791 1.59141363458207 13.8605779099563
5.63045736854564 1.57891444072493 13.7507931796191
5.79716394651336 1.56641524686779 13.6410084492819
5.96387052448108 1.55391605301066 13.5312237189447
6.1305771024488 1.54141685915352 13.4214389886075
6.29728368041653 1.52891766529638 13.3116542582703
6.46399025838425 1.51641847143924 13.2018695279331
6.63069683635197 1.5039192775821 13.0920847975959
6.79740341431969 1.49142008372496 12.9823000672587
6.96410999228742 1.47892088986782 12.8725153369215
7.13081657025514 1.46642169601068 12.7627306065843
7.29752314822286 1.45392250215354 12.6529458762471
7.46422972619059 1.4414233082964 12.5431611459099
7.63093630415831 1.42892411443927 12.4333764155726
7.79764288212603 1.41642492058213 12.3235916852354
7.96434946009376 1.40392572672499 12.2138069548982
8.13105603806148 1.39142653286785 12.104022224561
8.29776261602921 1.37892733901071 11.9942374942238
8.46446919399693 1.36642814515357 11.8844527638866
8.63117577196465 1.35392895129643 11.7746680335494
8.79788234993237 1.34142975743929 11.6648833032122
8.96458892790009 1.32893056358215 11.555098572875
9.13129550586781 1.31643136972501 11.4453138425378
9.29800208383554 1.30393217586788 11.3355291122006
9.46470866180326 1.29143298201074 11.2257443818634
9.63141523977098 1.2789337881536 11.1159596515262
9.56949707473504 1.27075992585135 11.0441657999449
9.43935936277887 1.25358035121052 10.8932716710267
9.30922165082271 1.23640077656968 10.7423775421085
9.17908393886655 1.21922120192884 10.5914834131904
9.04894622691039 1.202041627288 10.4405892842722
8.91880851495423 1.18486205264716 10.289695155354
8.78867080299807 1.16768247800632 10.1388010264358
8.6585330910419 1.15050290336548 9.98790689751767
8.52839537908575 1.13332332872465 9.8370127685995
8.39825766712958 1.11614375408381 9.68611863968133
8.26811995517342 1.09896417944297 9.53522451076315
8.13798224321726 1.08178460480213 9.38433038184498
8.0078445312611 1.06460503016129 9.23343625292681
7.87770681930494 1.04742545552045 9.08254212400863
7.74756910734877 1.03024588087962 8.93164799509046
7.61743139539261 1.01306630623878 8.78075386617229
7.48729368343645 0.995886731597939 8.62985973725412
7.35715597148028 0.9787071569571 8.47896560833594
7.22701825952412 0.961527582316261 8.32807147941777
7.09688054756796 0.944348007675423 8.17717735049959
6.9667428356118 0.927168433034585 8.02628322158142
6.83660512365564 0.909988858393746 7.87538909266325
6.70646741169947 0.892809283752907 7.72449496374508
6.57632969974331 0.875629709112068 7.5736008348269
6.44619198778715 0.85845013447123 7.42270670590873
6.31605427583098 0.841270559830391 7.27181257699055
6.18591656387482 0.824090985189553 7.12091844807238
6.05577885191866 0.806911410548714 6.9700243191542
5.92564113996249 0.789731835907875 6.81913019023603
5.79550342800633 0.772552261267036 6.66823606131785
5.66536571605016 0.755372686626198 6.51734193239968
5.535228004094 0.738193111985359 6.36644780348151
5.40509029213784 0.721013537344521 6.21555367456333
5.27495258018167 0.703833962703682 6.06465954564516
5.14481486822551 0.686654388062843 5.91376541672698
5.01467715626934 0.669474813422004 5.7628712878088
4.88453944431318 0.652295238781165 5.61197715889063
4.75440173235702 0.635115664140326 5.46108302997245
4.62426402040085 0.617936089499488 5.31018890105428
4.49412630844469 0.600756514858649 5.1592947721361
4.36398859648852 0.58357694021781 5.00840064321793
4.23385088453236 0.566397365576972 4.85750651429976
4.1037131725762 0.549217790936133 4.70661238538158
3.97357546062003 0.532038216295294 4.55571825646341
3.84343774866387 0.514858641654455 4.40482412754523
3.7133000367077 0.497679067013617 4.25392999862706
3.58316232475154 0.480499492372778 4.10303586970888
3.45302461279538 0.463319917731939 3.95214174079071
3.32288690083921 0.446140343091101 3.80124761187253
3.19274918888305 0.428960768450262 3.65035348295436
3.06261147692689 0.411781193809423 3.49945935403618
2.93247376497072 0.394601619168585 3.34856522511801
2.80233605301456 0.377422044527746 3.19767109619983
2.6721983410584 0.360242469886907 3.04677696728166
2.54206062910223 0.343062895246068 2.89588283836348
2.41192291714607 0.325883320605229 2.74498870944531
2.2817852051899 0.308703745964391 2.59409458052713
2.15164749323374 0.291524171323552 2.44320045160896
2.02150978127758 0.274344596682713 2.29230632269078
1.89137206932141 0.257165022041875 2.14141219377261
1.76123435736525 0.239985447401036 1.99051806485444
1.63109664540908 0.222805872760197 1.83962393593626
1.50095893345292 0.205626298119359 1.68872980701809
1.37082122149676 0.18844672347852 1.53783567809991
1.2406835095406 0.171267148837681 1.38694154918174
1.11054579758443 0.154087574196843 1.23604742026357
0.980408085628269 0.136907999556004 1.08515329134539
0.850270373672106 0.119728424915165 0.934259162427217
0.720132661715942 0.102548850274327 0.783365033509043
0.589994949759779 0.0853692756334882 0.632470904590869
0.459857237803616 0.0681897009926496 0.481576775672695
0.329719525847453 0.0510101263518109 0.330682646754521
0.19958181389129 0.0338305517109723 0.179788517836347
0.0694441019351264 0.0166509770701336 0.0288943889181726
-0.0606936100210369 -0.000528597570705003 -0.121999740000001
3.7194608226337 2.29019486334591 19.998214436069
3.68276029416133 2.26795482974478 19.8028725508644
3.64605976568895 2.24571479614364 19.6075306656599
3.60935923721658 2.22347476254251 19.4121887804553
3.5726587087442 2.20123472894138 19.2168468952508
3.53595818027182 2.17899469534025 19.0215050100462
3.49925765179945 2.15675466173911 18.8261631248417
3.46255712332707 2.13451462813798 18.6308212396371
3.4258565948547 2.11227459453685 18.4354793544326
3.38915606638232 2.09003456093572 18.240137469228
3.35245553790994 2.06779452733459 18.0447955840235
3.31575500943757 2.04555449373345 17.8494536988189
3.27905448096519 2.02331446013232 17.6541118136144
3.24235395249282 2.00107442653119 17.4587699284098
3.20565342402044 1.97883439293006 17.2634280432053
3.16895289554806 1.95659435932892 17.0680861580007
3.13225236707568 1.93435432572779 16.8727442727961
3.09555183860331 1.91211429212666 16.6774023875916
3.05885131013093 1.88987425852553 16.482060502387
3.02215078165856 1.8676342249244 16.2867186171825
2.98545025318618 1.84539419132326 16.0913767319779
2.94874972471381 1.82315415772213 15.8960348467734
2.91204919624143 1.800914124121 15.7006929615688
2.87534866776905 1.77867409051987 15.5053510763643
2.83864813929668 1.75643405691874 15.3100091911597
2.8019476108243 1.7341940233176 15.1146673059552
2.76524708235193 1.71195398971647 14.9193254207506
2.72854655387955 1.68971395611534 14.7239835355461
2.69184602540717 1.66747392251421 14.5286416503415
2.6551454969348 1.64523388891307 14.333299765137
2.61844496846242 1.62299385531194 14.1379578799324
2.58174443999004 1.60075382171081 13.9426159947278
2.54504391151767 1.57851378810968 13.7472741095233
2.50834338304529 1.55627375450855 13.5519322243187
2.47164285457292 1.53403372090741 13.3565903391142
2.43494232610054 1.51179368730628 13.1612484539096
2.39824179762817 1.48955365370515 12.9659065687051
2.36154126915579 1.46731362010402 12.7705646835005
2.32484074068341 1.44507358650289 12.575222798296
2.28814021221104 1.42283355290175 12.3798809130914
2.25143968373866 1.40059351930062 12.1845390278869
2.21473915526629 1.37835348569949 11.9891971426823
2.17803862679391 1.35611345209836 11.7938552574778
2.14133809832153 1.33387341849723 11.5985133722732
2.10463756984916 1.31163338489609 11.4031714870687
2.06793704137678 1.28939335129496 11.2078296018641
2.0312365129044 1.26715331769383 11.0124877166596
1.99453598443203 1.2449132840927 10.817145831455
1.95783545595965 1.22267325049157 10.6218039462504
1.92113492748728 1.20043321689043 10.4264620610459
1.8844343990149 1.1781931832893 10.2311201758413
1.84773387054252 1.15595314968817 10.0357782906368
1.81103334207015 1.13371311608704 9.84043640543223
1.77433281359777 1.1114730824859 9.64509452022768
1.73763228512539 1.08923304888477 9.44975263502313
1.70093175665302 1.06699301528364 9.25441074981857
1.66423122818064 1.04475298168251 9.05906886461402
1.62753069970827 1.02251294808138 8.86372697940947
1.59083017123589 1.00027291448024 8.66838509420491
1.55412964276351 0.978032880879111 8.47304320900036
1.51742911429114 0.955792847277979 8.27770132379581
1.48072858581876 0.933552813676847 8.08235943859126
1.44402805734639 0.911312780075715 7.8870175533867
1.40732752887401 0.889072746474583 7.69167566818215
1.37062700040163 0.866832712873451 7.4963337829776
1.33392647192926 0.844592679272318 7.30099189777304
1.29722594345688 0.822352645671186 7.10565001256849
1.26052541498451 0.800112612070054 6.91030812736393
1.22382488651213 0.777872578468922 6.71496624215938
1.18712435803975 0.75563254486779 6.51962435695483
1.15042382956738 0.733392511266657 6.32428247175027
1.113723301095 0.711152477665525 6.12894058654572
1.07702277262262 0.688912444064393 5.93359870134116
1.04032224415025 0.666672410463261 5.73825681613661
1.00362171567787 0.644432376862129 5.54291493093206
0.966921187205496 0.622192343260996 5.3475730457275
0.93022065873312 0.599952309659864 5.15223116052295
0.893520130260744 0.577712276058732 4.9568892753184
0.856819601788367 0.5554722424576 4.76154739011384
0.820119073315992 0.533232208856468 4.56620550490929
0.783418544843616 0.510992175255336 4.37086361970474
0.746718016371239 0.488752141654203 4.17552173450018
0.710017487898863 0.466512108053071 3.98017984929563
0.673316959426487 0.444272074451939 3.78483796409107
0.63661643095411 0.422032040850806 3.58949607888652
0.599915902481734 0.399792007249674 3.39415419368196
0.563215374009358 0.377551973648542 3.19881230847741
0.526514845536981 0.35531194004741 3.00347042327286
0.489814317064605 0.333071906446278 2.8081285380683
0.453113788592229 0.310831872845145 2.61278665286375
0.416413260119853 0.288591839244013 2.41744476765919
0.379712731647477 0.266351805642881 2.22210288245464
0.343012203175101 0.244111772041749 2.02676099725009
0.306311674702724 0.221871738440617 1.83141911204553
0.269611146230348 0.199631704839484 1.63607722684098
0.232910617757972 0.177391671238352 1.44073534163643
0.196210089285596 0.15515163763722 1.24539345643187
0.15950956081322 0.132911604036088 1.05005157122732
0.122809032340844 0.110671570434956 0.854709686022766
0.0861085038684676 0.0884315368338237 0.659367800818212
0.0494079753960915 0.0661915032326915 0.464025915613659
0.0127074469237154 0.0439514696315593 0.268684030409106
-0.0239930815486608 0.0217114360304272 0.0733421452045521
-0.0606936100210369 -0.000528597570705003 -0.121999740000001
15.7320097861258 2.31085925832704 20.1797169438719
15.9320097861258 2.31085925832704 20.1797169438719
16.1320097861258 2.31085925832704 20.1797169438719
16.3320097861258 2.31085925832704 20.1797169438719
16.5320097861258 2.31085925832704 20.1797169438719
16.7320097861258 2.31085925832704 20.1797169438719
16.9320097861258 2.31085925832704 20.1797169438719
17.1320097861258 2.31085925832704 20.1797169438719
17.3320097861258 2.31085925832704 20.1797169438719
17.5320097861258 2.31085925832704 20.1797169438719
17.7320097861258 2.31085925832704 20.1797169438719
17.9320097861258 2.31085925832704 20.1797169438719
18.1320097861258 2.31085925832704 20.1797169438719
18.3320097861258 2.31085925832704 20.1797169438719
18.5320097861258 2.31085925832704 20.1797169438719
18.7320097861258 2.31085925832704 20.1797169438719
18.9320097861258 2.31085925832704 20.1797169438719
19.1320097861258 2.31085925832704 20.1797169438719
19.3320097861258 2.31085925832704 20.1797169438719
19.5320097861258 2.31085925832704 20.1797169438719
19.7320097861258 2.31085925832704 20.1797169438719
15.2913816551464 2.0930846710119 18.2669276379413
15.4913816551464 2.0930846710119 18.2669276379413
15.6913816551464 2.0930846710119 18.2669276379413
15.8913816551464 2.0930846710119 18.2669276379413
16.0913816551464 2.0930846710119 18.2669276379413
16.2913816551464 2.0930846710119 18.2669276379413
16.4913816551464 2.0930846710119 18.2669276379413
16.6913816551464 2.0930846710119 18.2669276379413
16.8913816551464 2.0930846710119 18.2669276379413
17.0913816551464 2.0930846710119 18.2669276379413
17.2913816551464 2.0930846710119 18.2669276379413
17.4913816551464 2.0930846710119 18.2669276379413
17.6913816551464 2.0930846710119 18.2669276379413
17.8913816551464 2.0930846710119 18.2669276379413
18.0913816551464 2.0930846710119 18.2669276379413
18.2913816551464 2.0930846710119 18.2669276379413
18.4913816551464 2.0930846710119 18.2669276379413
18.6913816551464 2.0930846710119 18.2669276379413
18.8913816551464 2.0930846710119 18.2669276379413
19.0913816551464 2.0930846710119 18.2669276379413
19.2913816551464 2.0930846710119 18.2669276379413
19.4913816551464 2.0930846710119 18.2669276379413
19.6913816551464 2.0930846710119 18.2669276379413
19.8913816551464 2.0930846710119 18.2669276379413
20.0913816551464 2.0930846710119 18.2669276379413
14.3659215407937 1.56312509680667 13.6121099265966
14.5659215407937 1.56312509680667 13.6121099265966
14.7659215407937 1.56312509680667 13.6121099265966
14.9659215407937 1.56312509680667 13.6121099265966
15.1659215407937 1.56312509680667 13.6121099265966
15.3659215407937 1.56312509680667 13.6121099265966
15.5659215407937 1.56312509680667 13.6121099265966
15.7659215407937 1.56312509680667 13.6121099265966
15.9659215407937 1.56312509680667 13.6121099265966
16.1659215407937 1.56312509680667 13.6121099265966
16.3659215407937 1.56312509680667 13.6121099265966
16.5659215407937 1.56312509680667 13.6121099265966
16.7659215407937 1.56312509680667 13.6121099265966
16.9659215407937 1.56312509680667 13.6121099265966
17.1659215407937 1.56312509680667 13.6121099265966
17.3659215407937 1.56312509680667 13.6121099265966
17.5659215407937 1.56312509680667 13.6121099265966
17.7659215407937 1.56312509680667 13.6121099265966
17.9659215407937 1.56312509680667 13.6121099265966
18.1659215407937 1.56312509680667 13.6121099265966
18.3659215407937 1.56312509680667 13.6121099265966
18.5659215407937 1.56312509680667 13.6121099265966
18.7659215407937 1.56312509680667 13.6121099265966
18.9659215407937 1.56312509680667 13.6121099265966
19.1659215407937 1.56312509680667 13.6121099265966
19.3659215407937 1.56312509680667 13.6121099265966
19.5659215407937 1.56312509680667 13.6121099265966
19.7659215407937 1.56312509680667 13.6121099265966
19.9659215407937 1.56312509680667 13.6121099265966
20.1659215407937 1.56312509680668 13.6121099265966
20.3659215407937 1.56312509680667 13.6121099265966
20.5659215407937 1.56312509680667 13.6121099265966
20.7659215407937 1.56312509680667 13.6121099265966
20.9659215407937 1.56312509680667 13.6121099265966
7.75356123048249 2.31085925832704 20.1797169438719
7.55356123048249 2.31085925832704 20.1797169438719
7.35356123048249 2.31085925832704 20.1797169438719
7.15356123048249 2.31085925832704 20.1797169438719
6.95356123048249 2.31085925832704 20.1797169438719
6.75356123048249 2.31085925832704 20.1797169438719
6.55356123048249 2.31085925832704 20.1797169438719
6.35356123048249 2.31085925832704 20.1797169438719
6.15356123048249 2.31085925832704 20.1797169438719
5.95356123048249 2.31085925832704 20.1797169438719
5.75356123048249 2.31085925832704 20.1797169438719
5.55356123048249 2.31085925832704 20.1797169438719
5.35356123048249 2.31085925832704 20.1797169438719
5.15356123048249 2.31085925832704 20.1797169438719
4.95356123048249 2.31085925832704 20.1797169438719
4.75356123048249 2.31085925832704 20.1797169438719
4.55356123048249 2.31085925832704 20.1797169438719
4.35356123048249 2.31085925832704 20.1797169438719
4.15356123048249 2.31085925832704 20.1797169438719
3.95356123048249 2.31085925832704 20.1797169438719
3.75356123048249 2.31085925832704 20.1797169438719
8.19418936146192 2.0930846710119 18.2669276379413
7.99418936146192 2.0930846710119 18.2669276379413
7.79418936146192 2.0930846710119 18.2669276379413
7.59418936146192 2.0930846710119 18.2669276379413
7.39418936146192 2.0930846710119 18.2669276379413
7.19418936146192 2.0930846710119 18.2669276379413
6.99418936146192 2.0930846710119 18.2669276379413
6.79418936146192 2.0930846710119 18.2669276379413
6.59418936146192 2.0930846710119 18.2669276379413
6.39418936146192 2.0930846710119 18.2669276379413
6.19418936146192 2.0930846710119 18.2669276379413
5.99418936146192 2.0930846710119 18.2669276379413
5.79418936146192 2.0930846710119 18.2669276379413
5.59418936146192 2.0930846710119 18.2669276379413
5.39418936146192 2.0930846710119 18.2669276379413
5.19418936146192 2.0930846710119 18.2669276379413
4.99418936146192 2.0930846710119 18.2669276379413
4.79418936146192 2.0930846710119 18.2669276379413
4.59418936146192 2.0930846710119 18.2669276379413
4.39418936146192 2.0930846710119 18.2669276379413
4.19418936146192 2.0930846710119 18.2669276379413
3.99418936146193 2.0930846710119 18.2669276379413
3.79418936146193 2.0930846710119 18.2669276379413
3.59418936146192 2.0930846710119 18.2669276379413
3.39418936146192 2.0930846710119 18.2669276379413
9.11964947581457 1.56312509680667 13.6121099265966
8.91964947581457 1.56312509680667 13.6121099265966
8.71964947581457 1.56312509680667 13.6121099265966
8.51964947581457 1.56312509680667 13.6121099265966
8.31964947581457 1.56312509680667 13.6121099265966
8.11964947581457 1.56312509680667 13.6121099265966
7.91964947581458 1.56312509680667 13.6121099265966
7.71964947581458 1.56312509680667 13.6121099265966
7.51964947581458 1.56312509680667 13.6121099265966
7.31964947581458 1.56312509680667 13.6121099265966
7.11964947581458 1.56312509680667 13.6121099265966
6.91964947581458 1.56312509680667 13.6121099265966
6.71964947581458 1.56312509680667 13.6121099265966
6.51964947581458 1.56312509680667 13.6121099265966
6.31964947581458 1.56312509680667 13.6121099265966
6.11964947581458 1.56312509680667 13.6121099265966
5.91964947581458 1.56312509680667 13.6121099265966
5.71964947581458 1.56312509680667 13.6121099265966
5.51964947581458 1.56312509680667 13.6121099265966
5.31964947581458 1.56312509680667 13.6121099265966
5.11964947581458 1.56312509680667 13.6121099265966
4.91964947581458 1.56312509680667 13.6121099265966
4.71964947581458 1.56312509680667 13.6121099265966
4.51964947581458 1.56312509680667 13.6121099265966
4.31964947581458 1.56312509680667 13.6121099265966
4.11964947581458 1.56312509680667 13.6121099265966
3.91964947581458 1.56312509680667 13.6121099265966
3.71964947581458 1.56312509680667 13.6121099265966
3.51964947581458 1.56312509680667 13.6121099265966
3.31964947581458 1.56312509680667 13.6121099265966
3.11964947581458 1.56312509680667 13.6121099265966
2.91964947581458 1.56312509680667 13.6121099265966
2.71964947581457 1.56312509680667 13.6121099265966
2.51964947581458 1.56312509680667 13.6121099265966
18.2979891261853 5.07641658418111 56.9243825382487
18.4571755539693 5.07907847020587 56.8033346321448
18.6163619817533 5.08174035623063 56.6822867260409
18.7755484095374 5.08440224225539 56.5612388199369
18.9347348373214 5.08706412828015 56.440190913833
19.0939212651055 5.08972601430491 56.3191430077291
19.2531076928895 5.09238790032967 56.1980951016251
19.4122941206736 5.09504978635443 56.0770471955212
19.5714805484576 5.09771167237919 55.9559992894173
19.7306669762417 5.10037355840395 55.8349513833133
19.8898534040257 5.10303544442871 55.7139034772094
20.0490398318098 5.10569733045347 55.5928555711055
20.2082262595938 5.10835921647823 55.4718076650015
20.3674126873778 5.11102110250299 55.3507597588976
20.5265991151619 5.11368298852775 55.2297118527937
20.6857855429459 5.11634487455251 55.1086639466897
20.710302305235 5.11591093008256 55.1283973496095
20.8660885952008 5.11315352687295 55.2537888508616
21.0218748851666 5.11039612366335 55.3791803521136
21.1776611751323 5.10763872045375 55.5045718533657
21.3334474650981 5.10488131724415 55.6299633546177
21.4892337550639 5.10212391403455 55.7553548558698
21.6450200450296 5.09936651082495 55.8807463571218
21.8008063349954 5.09660910761535 56.0061378583739
21.9565926249612 5.09385170440574 56.1315293596259
22.1123789149269 5.09109430119614 56.256920860878
22.2681652048927 5.08833689798654 56.38231236213
22.4239514948584 5.08557949477694 56.507703863382
22.5797377848242 5.08282209156734 56.6330953646341
22.73552407479 5.08006468835774 56.7584868658862
22.8913103647557 5.07730728514814 56.8838783671382
23.0470966547215 5.07454988193853 57.0092698683902
23.1623664874194 5.07669426121992 56.9117553168692
23.3150423636486 5.07953450986166 56.7825964619451
23.4677182398778 5.08237475850339 56.6534376070209
23.6203941161069 5.08521500714513 56.5242787520968
23.7730699923361 5.08805525578686 56.3951198971727
23.9257458685652 5.0908955044286 56.2659610422485
24.0784217447944 5.09373575307033 56.1368021873244
24.2310976210235 5.09657600171207 56.0076433324003
24.3837734972527 5.0994162503538 55.8784844774761
24.5364493734818 5.10225649899554 55.749325622552
24.689125249711 5.10509674763727 55.6201667676279
24.8418011259401 5.10793699627901 55.4910079127037
24.9944770021693 5.11077724492074 55.3618490577796
25.1471528783985 5.11361749356248 55.2326902028555
25.2998287546276 5.11645774220421 55.1035313479313
25.3663042262024 5.11474844896468 55.1812605841338
25.4962756468998 5.11140647536951 55.3332351248121
25.6262470675972 5.10806450177433 55.4852096654904
25.7562184882946 5.10472252817915 55.6371842061687
25.8861899089921 5.10138055458397 55.789158746847
26.0161613296895 5.09803858098879 55.9411332875253
26.1461327503869 5.09469660739362 56.0931078282037
26.2761041710843 5.09135463379844 56.245082368882
26.4060755917817 5.08801266020326 56.3970569095603
26.5360470124791 5.08467068660808 56.5490314502386
26.6660184331766 5.0813287130129 56.7010059909169
26.795989853874 5.07798673941772 56.8529805315953
26.9259612745714 5.07464476582255 57.0049550722736
26.9995532040646 5.07599448017734 56.9435775020219
27.1531299052519 5.07881115694587 56.8154905659808
27.3067066064392 5.0816278337144 56.6874036299397
27.4602833076265 5.08444451048294 56.5593166938985
27.6138600088138 5.08726118725147 56.4312297578574
27.7674367100011 5.09007786402 56.3031428218163
27.9210134111884 5.09289454078853 56.1750558857751
28.0745901123758 5.09571121755706 56.046968949734
28.2281668135631 5.09852789432559 55.9188820136928
5.18734295826228 5.07612248409793 56.9377565891746
5.02782638170889 5.0787748001177 56.8171438741549
4.8683098051555 5.08142711613747 56.6965311591353
4.70879322860211 5.08407943215724 56.5759184441156
4.54927665204871 5.08673174817701 56.4553057290959
4.38976007549531 5.08938406419678 56.3346930140762
4.23024349894191 5.09203638021655 56.2140802990566
4.07072692238852 5.09468869623633 56.0934675840369
3.91121034583512 5.0973410122561 55.9728548690172
3.75169376928173 5.09999332827587 55.8522421539975
3.59217719272834 5.10264564429564 55.7316294389779
3.43266061617494 5.10529796031541 55.6110167239582
3.27314403962154 5.10795027633518 55.4904040089385
3.11362746306815 5.11060259235495 55.3697912939188
2.95411088651476 5.11325490837473 55.2491785788992
2.79459430996138 5.1159072243945 55.1285658638795
2.77959241347709 5.1156387048484 55.1407766529593
2.62449466809627 5.11286260409117 55.2670184156306
2.46939692271545 5.11008650333395 55.393260178302
2.31429917733463 5.10731040257672 55.5195019409733
2.15920143195381 5.10453430181949 55.6457437036447
2.00410368657299 5.10175820106226 55.7719854663161
1.84900594119217 5.09898210030503 55.8982272289874
1.69390819581134 5.09620599954781 56.0244689916588
1.53881045043052 5.09342989879058 56.1507107543301
1.38371270504969 5.09065379803335 56.2769525170015
1.22861495966887 5.08787769727612 56.4031942796729
1.07351721428804 5.08510159651889 56.5294360423442
0.918419468907217 5.08232549576167 56.6556778050156
0.763321723526397 5.07954939500444 56.781919567687
0.608223978145578 5.07677329424721 56.9081613303583
0.453126232764759 5.07399719348998 57.0344030930297
0.324256792716923 5.07636072620784 56.9269226510261
0.170680091529614 5.07917740297637 56.798835714985
0.0171033903423064 5.0819940797449 56.6707487789438
-0.136473310845003 5.08481075651343 56.5426618429027
-0.290050012032307 5.08762743328196 56.4145749068616
-0.44362671321962 5.09044411005049 56.2864879708204
-0.597203414406934 5.09326078681902 56.1584010347793
-0.750780115594246 5.09607746358755 56.0303140987382
-0.904356816781558 5.09889414035608 55.902227162697
-1.05793351796887 5.10171081712461 55.7741402266559
-1.21151021915619 5.10452749389315 55.6460532906148
-1.3650869203435 5.10734417066168 55.5179663545736
-1.51866362153081 5.11016084743021 55.3898794185325
-1.67224032271813 5.11297752419874 55.2617924824913
-1.82581702390544 5.11579420096727 55.1337055464502
-1.87799043069311 5.11441923513868 55.1962314145627
-2.00610833284744 5.11104284574151 55.3497709962419
-2.13422623500175 5.10766645634434 55.5033105779211
-2.26234413715607 5.10429006694716 55.6568501596003
-2.39046203931039 5.10091367754999 55.8103897412794
-2.5185799414647 5.09753728815282 55.9639293229586
-2.64669784361902 5.09416089875565 56.1174689046378
-2.77481574577334 5.09078450935847 56.2710084863169
-2.90293364792766 5.0874081199613 56.4245480679961
-3.03105155008198 5.08403173056413 56.5780876496753
-3.15916945223631 5.08065534116695 56.7316272313545
-3.28728735439064 5.07727895176978 56.8851668130336
-3.41540525654496 5.07390256237261 57.0387063947128
-3.44001546975226 5.07435392651361 57.0181808411577
-3.59359217093957 5.07717060328214 56.8900939051165
-3.74716887212688 5.07998728005067 56.7620069690754
-3.90074557331418 5.0828039568192 56.6339200330343
-4.0543222745015 5.08562063358773 56.5058330969931
-4.20789897568881 5.08843731035626 56.377746160952
-4.36147567687612 5.0912539871248 56.2496592249109
-4.51505237806343 5.09407066389333 56.1215722888697
-4.66862907925074 5.09688734066186 55.9934853528286
11.8929357414218 5.07536536540862 56.9721861744986
12.0560753442624 5.0779089372315 56.8565185462381
12.219214947103 5.08045250905437 56.7408509179777
12.3823545499436 5.08299608087724 56.6251832897173
12.5454941527842 5.08553965270011 56.5095156614569
12.7086337556248 5.08808322452298 56.3938480331964
12.8717733584654 5.09062679634585 56.278180404936
13.034912961306 5.09317036816873 56.1625127766756
13.1980525641466 5.0957139399916 56.0468451484151
13.3611921669872 5.09825751181447 55.9311775201547
13.5243317698278 5.10080108363734 55.8155098918943
13.6874713726684 5.10334465546021 55.6998422636338
13.850610975509 5.10588822728309 55.5841746353734
14.0137505783496 5.10843179910596 55.468507007113
14.1768901811902 5.11097537092883 55.3528393788525
14.3400297840308 5.1135189427517 55.2371717505921
14.5031693868714 5.11606251457457 55.1215041223317
14.5214524196441 5.11577033015248 55.1347910595491
14.6832274180677 5.11318497492111 55.2523587669494
14.8450024164914 5.11059961968974 55.3699264743497
15.006777414915 5.10801426445837 55.48749418175
15.1685524133386 5.105428909227 55.6050618891503
15.3303274117622 5.10284355399564 55.7226295965506
15.4921024101859 5.10025819876427 55.8401973039509
15.6538774086095 5.0976728435329 55.9577650113512
15.8156524070331 5.09508748830153 56.0753327187515
15.9774274054567 5.09250213307016 56.1929004261518
16.1392024038804 5.08991677783879 56.3104681335521
16.300977402304 5.08733142260743 56.4280358409524
16.4627524007276 5.08474606737606 56.5456035483527
16.6245273991513 5.08216071214469 56.663171255753
16.7863023975749 5.07957535691332 56.7807389631533
16.9480773959985 5.07699000168195 56.8983066705536
17.1098523944221 5.07440464645059 57.0158743779539
11.7531092423635 5.07536536540862 56.9721861744985
11.5899696395229 5.0779089372315 56.8565185462381
11.4268300366823 5.08045250905437 56.7408509179777
11.2636904338417 5.08299608087724 56.6251832897173
11.1005508310011 5.08553965270011 56.5095156614568
10.9374112281605 5.08808322452298 56.3938480331964
10.7742716253199 5.09062679634586 56.278180404936
10.6111320224793 5.09317036816873 56.1625127766755
10.4479924196387 5.0957139399916 56.0468451484151
10.2848528167981 5.09825751181447 55.9311775201547
10.1217132139575 5.10080108363734 55.8155098918942
9.9585736111169 5.10334465546021 55.6998422636338
9.79543400827631 5.10588822728309 55.5841746353734
9.63229440543571 5.10843179910596 55.4685070071129
9.46915480259511 5.11097537092883 55.3528393788525
9.30601519975452 5.1135189427517 55.2371717505921
9.14287559691392 5.11606251457457 55.1215041223317
9.00960420211129 5.1140447156395 55.2132624973177
8.84488615528749 5.11155079787146 55.3266721328197
8.68016810846367 5.10905688010342 55.4400817683218
8.51545006163986 5.10656296233539 55.5534914038239
8.35073201481605 5.10406904456735 55.666901039326
8.18601396799224 5.10157512679931 55.7803106748281
8.02129592116843 5.09908120903128 55.8937203103302
7.85657787434462 5.09658729126324 56.0071299458323
7.69185982752081 5.09409337349521 56.1205395813343
7.52714178069701 5.09159945572717 56.2339492168364
7.3624237338732 5.08910553795914 56.3473588523385
7.19770568704939 5.0866116201911 56.4607684878406
7.03298764022558 5.08411770242306 56.5741781233427
6.86826959340177 5.08162378465503 56.6875877588448
6.70355154657797 5.07912986688699 56.8009973943468
6.53883349975416 5.07663594911896 56.9144070298489
6.37411545293034 5.07414203135092 57.027816665351
11.8381634140841 5.32095907019049 45.8039380077381
11.9910068931381 5.32379495847987 45.6749774376079
12.143850372192 5.32663084676926 45.5460168674777
12.296693851246 5.32946673505864 45.4170562973476
12.4495373302999 5.33230262334803 45.2880957272174
12.6023808093539 5.33513851163741 45.1591351570873
12.7552242884078 5.33797439992679 45.0301745869571
12.9080677674618 5.34081028821618 44.901214016827
13.0609112465157 5.34364617650556 44.7722534466968
13.2137547255697 5.34648206479494 44.6432928765667
13.3665982046237 5.34931795308433 44.5143323064365
13.5194416836776 5.35215384137371 44.3853717363063
13.6722851627316 5.35498972966309 44.2564111661762
13.8251286417855 5.35782561795248 44.127450596046
13.9779721208395 5.36066150624186 43.9984900259159
14.1308155998934 5.36349739453125 43.8695294557857
14.2022260211379 5.36221850444681 43.9276863285509
14.3572893248721 5.35944147389373 44.0539703732136
14.5123526286062 5.35666444334064 44.1802544178763
14.6674159323403 5.35388741278756 44.306538462539
14.8224792360745 5.35111038223447 44.4328225072016
14.9775425398086 5.34833335168138 44.5591065518643
15.1326058435427 5.3455563211283 44.685390596527
15.2876691472768 5.34277929057521 44.8116746411897
15.442732451011 5.34000226002212 44.9379586858523
15.5977957547451 5.33722522946904 45.064242730515
15.7528590584792 5.33444819891595 45.1905267751777
15.9079223622134 5.33167116836286 45.3168108198404
16.0629856659475 5.32889413780978 45.443094864503
16.2180489696816 5.32611710725669 45.5693789091657
16.3731122734158 5.32334007670361 45.6956629538284
16.5281755771499 5.32056304615052 45.8219469984911
11.8078815697012 5.32095907019049 45.803938007738
11.6550380906472 5.32379495847987 45.6749774376079
11.5021946115933 5.32663084676926 45.5460168674777
11.3493511325393 5.32946673505864 45.4170562973476
11.1965076534854 5.33230262334803 45.2880957272174
11.0436641744314 5.33513851163741 45.1591351570873
10.8908206953775 5.33797439992679 45.0301745869571
10.7379772163235 5.34081028821618 44.901214016827
10.5851337372696 5.34364617650556 44.7722534466968
10.4322902582156 5.34648206479494 44.6432928765667
10.2794467791617 5.34931795308433 44.5143323064365
10.1266033001077 5.35215384137371 44.3853717363063
9.97375982105376 5.3549897296631 44.2564111661762
9.82091634199981 5.35782561795248 44.127450596046
9.66807286294585 5.36066150624186 43.9984900259159
9.51522938389189 5.36349739453125 43.8695294557857
9.44381896264733 5.36221850444681 43.927686328551
9.2887556589132 5.35944147389373 44.0539703732137
9.13369235517908 5.35666444334064 44.1802544178763
8.97862905144496 5.35388741278755 44.306538462539
8.82356574771084 5.35111038223447 44.4328225072017
8.66850244397671 5.34833335168138 44.5591065518643
8.51343914024258 5.3455563211283 44.685390596527
8.35837583650845 5.34277929057521 44.8116746411897
8.20331253277432 5.34000226002212 44.9379586858524
8.0482492290402 5.33722522946904 45.064242730515
7.89318592530607 5.33444819891595 45.1905267751777
7.73812262157193 5.33167116836286 45.3168108198404
7.5830593178378 5.32889413780978 45.443094864503
7.42799601410367 5.32611710725669 45.5693789091657
7.27293271036954 5.3233400767036 45.6956629538284
7.11786940663541 5.32056304615052 45.8219469984911
11.9549400094192 5.57180634523139 34.3967864193019
12.1100262952074 5.57458275541232 34.2705305857458
12.2651125809956 5.57735916559325 34.1442747521898
12.4201988667838 5.58013557577418 34.0180189186338
12.575285152572 5.58291198595511 33.8917630850777
12.7303714383602 5.58568839613604 33.7655072515217
12.8854577241484 5.58846480631697 33.6392514179656
13.0405440099365 5.5912412164979 33.5129955844096
13.1956302957247 5.59401762667883 33.3867397508535
13.3507165815129 5.59679403685977 33.2604839172975
13.5058028673011 5.5995704470407 33.1342280837414
13.6608891530893 5.60234685722163 33.0079722501854
13.8159754388775 5.60512326740256 32.8817164166293
13.9710617246657 5.60789967758349 32.7554605830733
14.1261480104538 5.61067608776442 32.6292047495172
14.2568430682926 5.60803340691787 32.7493793099603
14.4040493827104 5.60505686508044 32.8847360282797
14.5512556971283 5.60208032324301 33.0200927465991
14.6984620115462 5.59910378140558 33.1554494649185
14.845668325964 5.59612723956815 33.2908061832379
14.9928746403819 5.59315069773072 33.4261629015573
15.1400809547998 5.59017415589329 33.5615196198767
15.2872872692176 5.58719761405585 33.6968763381961
15.4344935836355 5.58422107221842 33.8322330565155
15.5816998980534 5.58124453038099 33.9675897748349
15.7289062124713 5.57826798854356 34.1029464931543
15.8761125268891 5.57529144670613 34.2383032114737
16.023318841307 5.5723149048687 34.3736599297931
16.1705251557249 5.56933836303127 34.5090166481125
11.6911049743661 5.57180634523139 34.3967864193019
11.5360186885779 5.57458275541232 34.2705305857458
11.3809324027897 5.57735916559325 34.1442747521898
11.2258461170015 5.58013557577418 34.0180189186337
11.0707598312133 5.58291198595511 33.8917630850777
10.9156735454251 5.58568839613604 33.7655072515216
10.7605872596369 5.58846480631697 33.6392514179656
10.6055009738488 5.5912412164979 33.5129955844095
10.4504146880606 5.59401762667884 33.3867397508535
10.2953284022724 5.59679403685977 33.2604839172974
10.1402421164842 5.5995704470407 33.1342280837414
9.98515583069602 5.60234685722163 33.0079722501854
9.83006954490784 5.60512326740256 32.8817164166293
9.67498325911966 5.60789967758349 32.7554605830733
9.51989697333148 5.61067608776442 32.6292047495172
9.38920191549273 5.60803340691787 32.7493793099603
9.24199560107486 5.60505686508044 32.8847360282797
9.09478928665699 5.60208032324301 33.0200927465991
8.94758297223912 5.59910378140558 33.1554494649185
8.80037665782125 5.59612723956815 33.2908061832379
8.65317034340338 5.59315069773072 33.4261629015573
8.50596402898551 5.59017415589329 33.5615196198767
8.35875771456765 5.58719761405585 33.6968763381961
8.21155140014978 5.58422107221842 33.8322330565155
8.06434508573191 5.58124453038099 33.9675897748349
7.91713877131404 5.57826798854356 34.1029464931543
7.76993245689618 5.57529144670613 34.2383032114737
7.62272614247831 5.5723149048687 34.3736599297931
7.47551982806044 5.56933836303127 34.5090166481125
18.5186788622552 5.1177844622372 55.0431994327084
18.3598814250562 5.12045755465604 54.9216419215627
18.2010839878571 5.12313064707488 54.800084410417
18.0422865506581 5.12580373949373 54.6785268992713
17.883489113459 5.12847683191257 54.5569693881257
17.7246916762599 5.13114992433142 54.43541187698
17.5658942390609 5.13382301675026 54.3138543658343
17.4070968018618 5.1364961091691 54.1922968546886
17.2482993646628 5.13916920158795 54.0707393435429
17.0895019274637 5.14184229400679 53.9491818323973
16.9307044902647 5.14451538642563 53.8276243212516
16.7719070530656 5.14718847884448 53.7060668101059
16.6131096158666 5.14986157126332 53.5845092989602
16.6560540437794 5.15083440401929 53.5402702267372
16.7953426460861 5.15398974969374 53.3967824953414
16.9346312483929 5.1571450953682 53.2532947639456
17.0739198506996 5.16030044104265 53.1098070325499
17.2132084530064 5.16345578671711 52.9663193011541
17.3524970553131 5.16661113239156 52.8228315697583
17.4917856576199 5.16976647806602 52.6793438383625
17.6310742599266 5.17292182374047 52.5358561069668
17.7703628622334 5.17607716941493 52.392368375571
17.9096514645402 5.17923251508939 52.2488806441752
18.0489400668469 5.18238786076384 52.1053929127794
18.1882286691537 5.1855432064383 51.9619051813836
18.3275172714604 5.18869855211275 51.8184174499879
18.4668058737672 5.19185389778721 51.6749297185921
18.606094476074 5.19500924346166 51.5314419871963
18.7453830783807 5.19816458913612 51.3879542558005
18.7285775798621 5.19844221597736 51.3753293171303
18.5686866419593 5.20108361432582 51.2552130776315
18.4087957040565 5.20372501267429 51.1350968381328
18.2489047661537 5.20636641102276 51.014980598634
18.0890138282509 5.20900780937123 50.8948643591353
17.929122890348 5.2116492077197 50.7747481196365
17.7692319524452 5.21429060606816 50.6546318801378
17.6093410145424 5.21693200441663 50.534515640639
17.4494500766396 5.2195734027651 50.4143994011402
17.2895591387367 5.22221480111357 50.2942831616415
17.1296682008339 5.22485619946204 50.1741669221428
16.9697772629311 5.2274975978105 50.054050682644
16.8098863250283 5.23013899615897 49.9339344431453
16.6499953871255 5.23278039450744 49.8138182036465
16.4901044492227 5.23542179285591 49.6937019641478
16.4909344569783 5.23543601322966 49.6930552999215
16.6486888685778 5.23813879122019 49.5701478525799
16.8064432801772 5.24084156921072 49.4472404052382
16.9641976917767 5.24354434720126 49.3243329578966
17.1219521033762 5.24624712519179 49.2014255105549
17.2797065149756 5.24894990318232 49.0785180632133
17.4374609265751 5.25165268117285 48.9556106158716
17.5952153381746 5.25435545916338 48.83270316853
17.752969749774 5.25705823715391 48.7097957211883
17.9107241613735 5.25976101514445 48.5868882738467
18.068478572973 5.26246379313498 48.463980826505
18.2262329845724 5.26516657112551 48.3410733791633
18.3839873961719 5.26786934911604 48.2181659318217
18.5417418077714 5.27057212710658 48.09525848448
18.6994962193708 5.27327490509711 47.9723510371384
18.8572506309703 5.27597768308764 47.8494435897967
18.848714469719 5.27613055730114 47.8424917130939
18.6936511659849 5.27890758785422 47.7162076684312
18.5385878622508 5.28168461840731 47.5899236237685
18.3835245585166 5.2844616489604 47.4636395791058
18.2284612547825 5.28723867951348 47.3373555344432
18.0733979510484 5.29001571006657 47.2110714897805
17.9183346473142 5.29279274061965 47.0847874451178
17.7632713435801 5.29556977117274 46.9585034004552
17.608208039846 5.29834680172583 46.8322193557925
17.4531447361118 5.30112383227891 46.7059353111298
17.2980814323777 5.303900862832 46.5796512664671
17.1430181286436 5.30667789338509 46.4533672218045
16.9879548249094 5.30945492393817 46.3270831771418
16.8328915211753 5.31223195449126 46.2007991324791
16.6778282174412 5.31500898504435 46.0745150878164
16.522764913707 5.31778601559743 45.9482310431537
16.3677016099729 5.32056304615052 45.8219469984911
16.4162771450368 5.32135824606576 45.7857856888865
16.5766908590309 5.3239842793478 45.6663681679281
16.7371045730249 5.32661031262984 45.5469506469698
16.897518287019 5.32923634591188 45.4275331260115
17.057932001013 5.33186237919393 45.3081156050531
17.2183457150071 5.33448841247597 45.1886980840948
17.3787594290012 5.33711444575801 45.0692805631364
17.5391731429952 5.33974047904005 44.9498630421781
17.6995868569893 5.3423665123221 44.8304455212197
17.8600005709833 5.34499254560414 44.7110280002614
18.0204142849774 5.34761857888618 44.591610479303
18.1808279989714 5.35024461216823 44.4721929583447
18.3412417129655 5.35287064545027 44.3527754373864
18.5016554269595 5.35549667873231 44.233357916428
18.6620691409536 5.35812271201435 44.1139403954697
18.8224828549476 5.3607487452964 43.9945228745113
18.9828965689417 5.36337477857844 43.875105353553
18.91769542595 5.36432323016039 43.8319750027535
18.7509007001837 5.36674951771082 43.7216408168216
18.5841059744173 5.36917580526125 43.6113066308897
18.417311248651 5.37160209281167 43.5009724449578
18.2505165228846 5.3740283803621 43.3906382590259
18.0837217971183 5.37645466791253 43.2803040730941
17.916927071352 5.37888095546296 43.1699698871622
17.7501323455856 5.38130724301339 43.0596357012303
17.5833376198193 5.38373353056382 42.9493015152984
17.4165428940529 5.38615981811424 42.8389673293666
17.2497481682866 5.38858610566467 42.7286331434347
17.0829534425202 5.3910123932151 42.6182989575028
16.9161587167539 5.39343868076553 42.5079647715709
16.7493639909875 5.39586496831596 42.397630585639
16.5825692652212 5.39829125586639 42.2872963997071
16.4157745394548 5.40071754341681 42.1769622137752
16.2489798136885 5.40314383096724 42.0666280278433
16.2748949080074 5.4035251759395 42.0492865601902
16.4411006465623 5.40597092134092 41.938067538432
16.6073063851173 5.40841666674234 41.8268485166739
16.7735121236722 5.41086241214376 41.7156294949157
16.9397178622272 5.41330815754519 41.6044104731576
17.1059236007821 5.41575390294661 41.4931914513994
17.272129339337 5.41819964834803 41.3819724296413
17.438335077892 5.42064539374945 41.2707534078831
17.6045408164469 5.42309113915088 41.159534386125
17.7707465550019 5.4255368845523 41.0483153643668
17.9369522935568 5.42798262995372 40.9370963426087
18.1031580321118 5.43042837535514 40.8258773208505
18.2693637706667 5.43287412075657 40.7146582990924
18.4355695092216 5.43531986615799 40.6034392773342
18.6017752477766 5.43776561155941 40.4922202555761
18.7679809863315 5.44021135696083 40.3810012338179
18.9341867248864 5.44265710236225 40.2697822120598
19.1003924634414 5.44510284776368 40.1585631903017
19.0924568763793 5.44520186099128 40.1540606143962
18.9185167068178 5.44737213238564 40.0553686322751
18.7445765372564 5.44954240378 39.9566766501539
18.5706363676949 5.45171267517435 39.8579846680327
18.3966961981334 5.45388294656871 39.7592926859116
18.222756028572 5.45605321796307 39.6606007037904
18.0488158590105 5.45822348935742 39.5619087216692
17.8748756894491 5.46039376075178 39.4632167395481
17.7009355198876 5.46256403214614 39.3645247574269
17.5269953503261 5.4647343035405 39.2658327753057
17.3530551807647 5.46690457493485 39.1671407931845
17.1791150112032 5.46907484632921 39.0684488110634
17.0051748416418 5.47124511772357 38.9697568289422
16.8312346720803 5.47341538911793 38.871064846821
16.6572945025189 5.47558566051228 38.7723728646999
16.4833543329574 5.47775593190664 38.6736808825787
16.309414163396 5.479926203301 38.5749889004575
16.1354739938345 5.48209647469536 38.4762969183364
16.2527643073933 5.48386702649473 38.3957819804429
16.4176400512344 5.48635590248179 38.282601617353
16.5825157950755 5.48884477846886 38.1694212542631
16.7473915389167 5.49133365445592 38.0562408911732
16.9122672827578 5.49382253044298 37.9430605280833
17.0771430265989 5.49631140643004 37.8298801649934
17.24201877044 5.49880028241711 37.7166998019035
17.4068945142811 5.50128915840417 37.6035194388136
17.5717702581222 5.50377803439123 37.4903390757237
17.7366460019634 5.50626691037829 37.3771587126339
17.9015217458045 5.50875578636536 37.263978349544
18.0663974896456 5.51124466235242 37.1507979864541
18.2312732334867 5.51373353833948 37.0376176233642
18.3961489773278 5.51622241432654 36.9244372602743
18.5610247211689 5.5187112903136 36.8112568971844
18.7259004650101 5.52120016630067 36.6980765340945
18.8907762088512 5.52368904228773 36.5848961710046
19.0556519526923 5.52617791827479 36.4717158079147
19.2205276965334 5.52866679426185 36.3585354448249
19.1292575562333 5.5298230400025 36.305955760892
18.9559683135841 5.53201833572632 36.2061258101821
18.7826790709349 5.53421363145014 36.1062958594721
18.6093898282857 5.53640892717396 36.0064659087621
18.4361005856366 5.53860422289778 35.9066359580522
18.2628113429874 5.5407995186216 35.8068060073422
18.0895221003382 5.54299481434542 35.7069760566322
17.916232857689 5.54519011006924 35.6071461059222
17.7429436150398 5.54738540579307 35.5073161552123
17.5696543723906 5.54958070151688 35.4074862045023
17.3963651297414 5.55177599724071 35.3076562537923
17.2230758870922 5.55397129296453 35.2078263030823
17.049786644443 5.55616658868835 35.1079963523724
16.8764974017938 5.55836188441217 35.0081664016624
16.7032081591446 5.56055718013599 34.9083364509524
16.5299189164954 5.56275247585981 34.8085065002425
16.3566296738462 5.56494777158363 34.7086765495325
16.1833404311971 5.56714306730745 34.6088465988225
16.0100511885479 5.56933836303127 34.5090166481125
16.0271802869274 5.56955043844766 34.4993726269742
16.2014465325028 5.57170802933628 34.4012572843687
16.3757127780783 5.5738656202249 34.3031419417633
16.5499790236538 5.57602321111351 34.2050265991578
16.7242452692292 5.57818080200213 34.1069112565523
16.8985115148047 5.58033839289075 34.0087959139469
17.0727777603802 5.58249598377937 33.9106805713414
17.2470440059556 5.58465357466798 33.8125652287359
17.4213102515311 5.5868111655566 33.7144498861305
17.5955764971066 5.58896875644522 33.616334543525
17.7698427426821 5.59112634733384 33.5182192009195
17.9441089882575 5.59328393822245 33.4201038583141
18.118375233833 5.59544152911107 33.3219885157086
18.2926414794085 5.59759911999969 33.2238731731031
18.4669077249839 5.5997567108883 33.1257578304976
18.6411739705594 5.60191430177692 33.0276424878922
18.8154402161349 5.60407189266554 32.9295271452867
18.9897064617104 5.60622948355416 32.8314118026812
19.1639727072858 5.60838707444277 32.7332964600758
19.3382389528613 5.61054466533139 32.6351811174703
19.2484478843677 5.61180988269425 32.5776460047283
19.0800640866213 5.61418252518652 32.4697513003908
18.9116802888748 5.61655516767878 32.3618565960532
18.7432964911284 5.61892781017104 32.2539618917157
18.5749126933819 5.62130045266331 32.1460671873781
18.4065288956354 5.62367309515557 32.0381724830406
18.238145097889 5.62604573764783 31.9302777787031
18.0697613001425 5.6284183801401 31.8223830743655
17.9013775023961 5.63079102263236 31.714488370028
17.7329937046496 5.63316366512463 31.6065936656904
17.5646099069032 5.63553630761689 31.4986989613529
17.3962261091567 5.63790895010915 31.3908042570154
17.2278423114103 5.64028159260142 31.2829095526778
17.0594585136638 5.64265423509368 31.1750148483403
16.8910747159173 5.64502687758594 31.0671201440027
16.7226909181709 5.64739952007821 30.9592254396652
16.5543071204244 5.64977216257047 30.8513307353277
16.385923322678 5.65214480506273 30.7434360309901
16.2175395249315 5.654517447555 30.6355413266526
16.0491557271851 5.65689009004726 30.527646622315
15.8807719294386 5.65926273253952 30.4197519179775
15.9505586681679 5.6602508876437 30.374816069803
16.1187024511488 5.6626317430958 30.2665478853156
16.2868462341296 5.66501259854791 30.1582797008282
16.4549900171105 5.66739345400001 30.0500115163408
16.6231338000914 5.66977430945211 29.9417433318533
16.7912775830722 5.67215516490421 29.8334751473659
16.9594213660531 5.67453602035632 29.7252069628785
17.127565149034 5.67691687580842 29.6169387783911
17.2957089320148 5.67929773126052 29.5086705939037
17.4638527149957 5.68167858671263 29.4004024094163
17.6319964979765 5.68405944216473 29.2921342249289
17.8001402809574 5.68644029761683 29.1838660404415
17.9682840639383 5.68882115306894 29.0755978559541
18.1364278469191 5.69120200852104 28.9673296714667
18.3045716299 5.69358286397314 28.8590614869792
18.4727154128809 5.69596371942524 28.7507933024918
18.6408591958617 5.69834457487735 28.6425251180044
18.8090029788426 5.70072543032945 28.534256933517
18.9771467618235 5.70310628578155 28.4259887490296
19.1452905448043 5.70548714123366 28.3177205645422
19.3134343277852 5.70786799668576 28.2094523800548
19.4815781107661 5.71024885213786 28.1011841955674
19.3409955710335 5.7123918609409 28.0037319658488
19.1766389271726 5.71489727687165 27.8897994572756
19.0122822833116 5.7174026928024 27.7758669487025
18.8479256394507 5.71990810873315 27.6619344401293
18.6835689955897 5.7224135246639 27.5480019315561
18.5192123517288 5.72491894059465 27.4340694229829
18.3548557078678 5.7274243565254 27.3201369144098
18.1904990640069 5.72992977245615 27.2062044058366
18.0261424201459 5.7324351883869 27.0922718972634
17.8617857762849 5.73494060431765 26.9783393886902
17.697429132424 5.7374460202484 26.8644068801171
17.533072488563 5.73995143617915 26.7504743715439
17.3687158447021 5.7424568521099 26.6365418629707
17.2043592008411 5.74496226804065 26.5226093543976
17.0400025569802 5.7474676839714 26.4086768458244
16.8756459131192 5.74997309990215 26.2947443372512
16.7112892692582 5.7524785158329 26.180811828678
16.5469326253973 5.75498393176366 26.0668793201049
16.3825759815363 5.75748934769441 25.9529468115317
16.2182193376754 5.75999476362516 25.8390143029585
16.0538626938144 5.76250017955591 25.7250817943853
15.8895060499535 5.76500559548666 25.6111492858122
15.7251494060925 5.76751101141741 25.497216777239
15.8004513040991 5.76873865895504 25.4413901330922
15.961100520006 5.77135772460346 25.3222894617103
16.121749735913 5.77397679025189 25.2031887903285
16.28239895182 5.77659585590032 25.0840881189467
16.4430481677269 5.77921492154875 24.9649874475649
16.6036973836339 5.78183398719717 24.845886776183
16.7643465995409 5.7844530528456 24.7267861048012
16.9249958154479 5.78707211849403 24.6076854334194
17.0856450313548 5.78969118414245 24.4885847620375
17.2462942472618 5.79231024979088 24.3694840906557
17.4069434631688 5.79492931543931 24.2503834192739
17.5675926790758 5.79754838108774 24.131282747892
17.7282418949827 5.80016744673616 24.0121820765102
17.8888911108897 5.80278651238459 23.8930814051284
18.0495403267967 5.80540557803302 23.7739807337465
18.2101895427037 5.80802464368144 23.6548800623647
18.3708387586106 5.81064370932987 23.5357793909829
18.5314879745176 5.8132627749783 23.4166787196011
18.6921371904246 5.81588184062672 23.2975780482192
18.8527864063315 5.81850090627515 23.1784773768374
19.0134356222385 5.82111997192358 23.0593767054556
19.1740848381455 5.82373903757201 22.9402760340737
19.3347340540525 5.82635810322043 22.8211753626919
19.4953832699594 5.82897716886886 22.7020746913101
19.6560324858664 5.83159623451729 22.5829740199282
19.5250367910418 5.83328516720848 22.5061706692524
19.3525152065969 5.83550949484226 22.4050205072793
19.1799936221519 5.83773382247604 22.3038703453062
19.0074720377069 5.83995815010982 22.2027201833332
18.834950453262 5.8421824777436 22.1015700213601
18.662428868817 5.84440680537738 22.000419859387
18.489907284372 5.84663113301116 21.899269697414
18.3173856999271 5.84885546064494 21.7981195354409
18.1448641154821 5.85107978827873 21.6969693734678
17.9723425310371 5.85330411591251 21.5958192114948
17.7998209465922 5.85552844354629 21.4946690495217
17.6272993621472 5.85775277118007 21.3935188875486
17.4547777777022 5.85997709881385 21.2923687255756
17.2822561932573 5.86220142644763 21.1912185636025
17.1097346088123 5.86442575408141 21.0900684016294
16.9372130243674 5.86665008171519 20.9889182396564
16.7646914399224 5.86887440934898 20.8877680776833
16.5921698554774 5.87109873698276 20.7866179157102
16.4196482710325 5.87332306461654 20.6854677537372
16.2471266865875 5.87554739225032 20.5843175917641
16.0746051021426 5.8777717198841 20.4831674297911
15.9020835176976 5.87999604751788 20.382017267818
15.7295619332526 5.88222037515166 20.2808671058449
15.5570403488077 5.88444470278544 20.1797169438719
16.7703712726783 5.1177844622372 55.0431994327084
16.9291687098773 5.12045755465604 54.9216419215627
17.0879661470763 5.12313064707488 54.800084410417
17.2467635842754 5.12580373949373 54.6785268992714
17.4055610214745 5.12847683191257 54.5569693881257
17.5643584586735 5.13114992433142 54.43541187698
17.7231558958726 5.13382301675026 54.3138543658343
17.8819533330716 5.1364961091691 54.1922968546886
18.0407507702707 5.13916920158795 54.0707393435429
18.1995482074697 5.14184229400679 53.9491818323973
18.3583456446688 5.14451538642563 53.8276243212516
18.5171430818678 5.14718847884448 53.7060668101059
18.6759405190669 5.14986157126332 53.5845092989602
18.6329960911541 5.15083440401929 53.5402702267371
18.4937074888473 5.15398974969374 53.3967824953413
18.3544188865405 5.1571450953682 53.2532947639456
18.2151302842338 5.16030044104265 53.1098070325498
18.075841681927 5.16345578671711 52.966319301154
17.9365530796203 5.16661113239156 52.8228315697583
17.7972644773135 5.16976647806602 52.6793438383625
17.6579758750068 5.17292182374048 52.5358561069667
17.5186872727 5.17607716941493 52.3923683755709
17.3793986703933 5.17923251508939 52.2488806441752
17.2401100680865 5.18238786076384 52.1053929127794
17.1008214657798 5.1855432064383 51.9619051813836
16.961532863473 5.18869855211275 51.8184174499878
16.8222442611663 5.19185389778721 51.6749297185921
16.6829556588595 5.19500924346166 51.5314419871963
16.5436670565528 5.19816458913612 51.3879542558005
16.5604725550713 5.19844221597735 51.3753293171303
16.7203634929741 5.20108361432582 51.2552130776315
16.8802544308769 5.20372501267429 51.1350968381328
17.0401453687798 5.20636641102276 51.014980598634
17.2000363066826 5.20900780937123 50.8948643591353
17.3599272445854 5.2116492077197 50.7747481196365
17.5198181824882 5.21429060606816 50.6546318801378
17.6797091203911 5.21693200441663 50.534515640639
17.8396000582939 5.2195734027651 50.4143994011403
17.9994909961967 5.22221480111357 50.2942831616415
18.1593819340995 5.22485619946204 50.1741669221428
18.3192728720023 5.2274975978105 50.054050682644
18.4791638099052 5.23013899615897 49.9339344431453
18.639054747808 5.23278039450744 49.8138182036465
18.7989456857108 5.23542179285591 49.6937019641478
18.7981156779551 5.23543601322966 49.6930552999215
18.6403612663557 5.23813879122019 49.5701478525798
18.4826068547562 5.24084156921072 49.4472404052382
18.3248524431568 5.24354434720126 49.3243329578965
18.1670980315573 5.24624712519179 49.2014255105549
18.0093436199578 5.24894990318232 49.0785180632132
17.8515892083584 5.25165268117285 48.9556106158716
17.6938347967589 5.25435545916338 48.8327031685299
17.5360803851594 5.25705823715391 48.7097957211883
17.37832597356 5.25976101514445 48.5868882738466
17.2205715619605 5.26246379313498 48.463980826505
17.062817150361 5.26516657112551 48.3410733791633
16.9050627387616 5.26786934911604 48.2181659318217
16.7473083271621 5.27057212710658 48.09525848448
16.5895539155626 5.27327490509711 47.9723510371384
16.4317995039632 5.27597768308764 47.8494435897967
16.4403356652145 5.27613055730114 47.8424917130938
16.5953989689487 5.27890758785422 47.7162076684311
16.7504622726828 5.28168461840731 47.5899236237684
16.9055255764169 5.2844616489604 47.4636395791058
17.060588880151 5.28723867951348 47.3373555344431
17.2156521838851 5.29001571006657 47.2110714897805
17.3707154876193 5.29279274061966 47.0847874451178
17.5257787913534 5.29556977117274 46.9585034004551
17.6808420950876 5.29834680172583 46.8322193557924
17.8359053988217 5.30112383227891 46.7059353111297
17.9909687025558 5.303900862832 46.5796512664671
18.1460320062899 5.30667789338509 46.4533672218044
18.3010953100241 5.30945492393817 46.3270831771418
18.4561586137582 5.31223195449126 46.2007991324791
18.6112219174923 5.31500898504435 46.0745150878164
18.7662852212265 5.31778601559743 45.9482310431537
18.9213485249606 5.32056304615052 45.8219469984911
18.8727729898966 5.32135824606576 45.7857856888864
18.7123592759025 5.3239842793478 45.6663681679281
18.5519455619085 5.32661031262984 45.5469506469697
18.3915318479144 5.32923634591188 45.4275331260114
18.2311181339204 5.33186237919393 45.3081156050531
18.0707044199263 5.33448841247597 45.1886980840947
17.9102907059323 5.33711444575801 45.0692805631364
17.7498769919382 5.33974047904005 44.949863042178
17.5894632779442 5.3423665123221 44.8304455212197
17.4290495639501 5.34499254560414 44.7110280002614
17.2686358499561 5.34761857888618 44.591610479303
17.108222135962 5.35024461216823 44.4721929583447
16.947808421968 5.35287064545027 44.3527754373863
16.7873947079739 5.35549667873231 44.233357916428
16.6269809939799 5.35812271201435 44.1139403954697
16.4665672799859 5.3607487452964 43.9945228745113
16.3061535659918 5.36337477857844 43.875105353553
16.3713547089835 5.36432323016039 43.8319750027535
16.5381494347498 5.36674951771082 43.7216408168216
16.7049441605162 5.36917580526125 43.6113066308897
16.8717388862825 5.37160209281168 43.5009724449578
17.0385336120489 5.3740283803621 43.3906382590259
17.2053283378152 5.37645466791253 43.280304073094
17.3721230635816 5.37888095546296 43.1699698871622
17.5389177893479 5.38130724301339 43.0596357012303
17.7057125151143 5.38373353056382 42.9493015152984
17.8725072408806 5.38615981811424 42.8389673293665
18.0393019666469 5.38858610566467 42.7286331434346
18.2060966924133 5.3910123932151 42.6182989575028
18.3728914181796 5.39343868076553 42.5079647715709
18.539686143946 5.39586496831596 42.397630585639
18.7064808697123 5.39829125586639 42.2872963997071
18.8732755954787 5.40071754341681 42.1769622137752
19.040070321245 5.40314383096724 42.0666280278433
19.014155226926 5.4035251759395 42.0492865601901
18.8479494883711 5.40597092134092 41.938067538432
18.6817437498162 5.40841666674234 41.8268485166738
18.5155380112612 5.41086241214376 41.7156294949157
18.3493322727063 5.41330815754519 41.6044104731575
18.1831265341513 5.41575390294661 41.4931914513994
18.0169207955964 5.41819964834803 41.3819724296413
17.8507150570415 5.42064539374945 41.2707534078831
17.6845093184865 5.42309113915088 41.159534386125
17.5183035799316 5.4255368845523 41.0483153643668
17.3520978413766 5.42798262995372 40.9370963426087
17.1858921028217 5.43042837535514 40.8258773208505
17.0196863642668 5.43287412075657 40.7146582990924
16.8534806257118 5.43531986615799 40.6034392773342
16.6872748871569 5.43776561155941 40.4922202555761
16.521069148602 5.44021135696083 40.381001233818
16.3548634100471 5.44265710236225 40.2697822120598
16.1886576714921 5.44510284776368 40.1585631903017
16.1965932585542 5.44520186099128 40.1540606143962
16.3705334281157 5.44737213238564 40.0553686322751
16.5444735976771 5.44954240378 39.9566766501539
16.7184137672386 5.45171267517435 39.8579846680327
16.8923539368 5.45388294656871 39.7592926859116
17.0662941063615 5.45605321796307 39.6606007037904
17.2402342759229 5.45822348935742 39.5619087216692
17.4141744454844 5.46039376075178 39.4632167395481
17.5881146150458 5.46256403214614 39.3645247574269
17.7620547846073 5.4647343035405 39.2658327753057
17.9359949541688 5.46690457493485 39.1671407931846
18.1099351237302 5.46907484632921 39.0684488110634
18.2838752932917 5.47124511772357 38.9697568289422
18.4578154628531 5.47341538911793 38.8710648468211
18.6317556324146 5.47558566051228 38.7723728646999
18.8056958019761 5.47775593190664 38.6736808825787
18.9796359715375 5.479926203301 38.5749889004576
19.153576141099 5.48209647469536 38.4762969183364
19.0362858275402 5.48386702649473 38.3957819804429
18.8714100836991 5.48635590248179 38.282601617353
18.706534339858 5.48884477846886 38.1694212542631
18.5416585960168 5.49133365445592 38.0562408911732
18.3767828521757 5.49382253044298 37.9430605280833
18.2119071083346 5.49631140643004 37.8298801649934
18.0470313644935 5.49880028241711 37.7166998019035
17.8821556206524 5.50128915840417 37.6035194388137
17.7172798768113 5.50377803439123 37.4903390757238
17.5524041329701 5.50626691037829 37.3771587126339
17.387528389129 5.50875578636535 37.263978349544
17.2226526452879 5.51124466235242 37.1507979864541
17.0577769014468 5.51373353833948 37.0376176233642
16.8929011576057 5.51622241432654 36.9244372602743
16.7280254137645 5.5187112903136 36.8112568971844
16.5631496699234 5.52120016630067 36.6980765340945
16.3982739260823 5.52368904228773 36.5848961710046
16.2333981822412 5.52617791827479 36.4717158079147
16.0685224384001 5.52866679426185 36.3585354448249
16.1597925787002 5.5298230400025 36.305955760892
16.3330818213494 5.53201833572632 36.2061258101821
16.5063710639986 5.53421363145014 36.1062958594721
16.6796603066478 5.53640892717396 36.0064659087621
16.852949549297 5.53860422289778 35.9066359580521
17.0262387919461 5.5407995186216 35.8068060073422
17.1995280345953 5.54299481434542 35.7069760566322
17.3728172772445 5.54519011006924 35.6071461059222
17.5461065198937 5.54738540579307 35.5073161552123
17.7193957625429 5.54958070151688 35.4074862045023
17.8926850051921 5.55177599724071 35.3076562537923
18.0659742478413 5.55397129296453 35.2078263030823
18.2392634904905 5.55616658868835 35.1079963523724
18.4125527331397 5.55836188441217 35.0081664016624
18.5858419757889 5.56055718013599 34.9083364509524
18.759131218438 5.56275247585981 34.8085065002425
18.9324204610872 5.56494777158363 34.7086765495325
19.1057097037364 5.56714306730745 34.6088465988225
19.2789989463856 5.56933836303127 34.5090166481125
19.2618698480061 5.56955043844766 34.4993726269742
19.0876036024306 5.57170802933628 34.4012572843687
18.9133373568551 5.5738656202249 34.3031419417632
18.7390711112797 5.57602321111351 34.2050265991578
18.5648048657042 5.57818080200213 34.1069112565523
18.3905386201287 5.58033839289075 34.0087959139468
18.2162723745533 5.58249598377937 33.9106805713414
18.0420061289778 5.58465357466798 33.8125652287359
17.8677398834023 5.5868111655566 33.7144498861304
17.6934736378269 5.58896875644522 33.616334543525
17.5192073922514 5.59112634733384 33.5182192009195
17.3449411466759 5.59328393822245 33.420103858314
17.1706749011005 5.59544152911107 33.3219885157086
16.996408655525 5.59759911999969 33.2238731731031
16.8221424099495 5.5997567108883 33.1257578304976
16.6478761643741 5.60191430177692 33.0276424878922
16.4736099187986 5.60407189266554 32.9295271452867
16.2993436732231 5.60622948355416 32.8314118026812
16.1250774276476 5.60838707444277 32.7332964600758
15.9508111820722 5.61054466533139 32.6351811174703
16.0406022505658 5.61180988269425 32.5776460047283
16.2089860483123 5.61418252518652 32.4697513003907
16.3773698460587 5.61655516767878 32.3618565960532
16.5457536438052 5.61892781017105 32.2539618917157
16.7141374415516 5.62130045266331 32.1460671873781
16.8825212392981 5.62367309515557 32.0381724830406
17.0509050370445 5.62604573764784 31.930277778703
17.219288834791 5.6284183801401 31.8223830743655
17.3876726325374 5.63079102263236 31.714488370028
17.5560564302839 5.63316366512463 31.6065936656904
17.7244402280303 5.63553630761689 31.4986989613529
17.8928240257768 5.63790895010915 31.3908042570153
18.0612078235233 5.64028159260142 31.2829095526778
18.2295916212697 5.64265423509368 31.1750148483403
18.3979754190162 5.64502687758594 31.0671201440027
18.5663592167626 5.64739952007821 30.9592254396652
18.7347430145091 5.64977216257047 30.8513307353276
18.9031268122555 5.65214480506273 30.7434360309901
19.071510610002 5.654517447555 30.6355413266526
19.2398944077484 5.65689009004726 30.527646622315
19.4082782054949 5.65926273253952 30.4197519179775
19.3384914667656 5.6602508876437 30.374816069803
19.1703476837847 5.6626317430958 30.2665478853156
19.0022039008039 5.66501259854791 30.1582797008282
18.834060117823 5.66739345400001 30.0500115163408
18.6659163348421 5.66977430945211 29.9417433318534
18.4977725518613 5.67215516490421 29.8334751473659
18.3296287688804 5.67453602035632 29.7252069628785
18.1614849858996 5.67691687580842 29.6169387783911
17.9933412029187 5.67929773126052 29.5086705939037
17.8251974199378 5.68167858671263 29.4004024094163
17.657053636957 5.68405944216473 29.2921342249289
17.4889098539761 5.68644029761683 29.1838660404415
17.3207660709952 5.68882115306893 29.0755978559541
17.1526222880143 5.69120200852104 28.9673296714667
16.9844785050335 5.69358286397314 28.8590614869793
16.8163347220526 5.69596371942524 28.7507933024918
16.6481909390718 5.69834457487735 28.6425251180044
16.4800471560909 5.70072543032945 28.534256933517
16.31190337311 5.70310628578155 28.4259887490296
16.1437595901292 5.70548714123366 28.3177205645422
15.9756158071483 5.70786799668576 28.2094523800548
15.8074720241674 5.71024885213786 28.1011841955674
15.9480545638999 5.7123918609409 28.0037319658488
16.1124112077609 5.71489727687165 27.8897994572756
16.2767678516218 5.7174026928024 27.7758669487025
16.4411244954828 5.71990810873315 27.6619344401293
16.6054811393438 5.7224135246639 27.5480019315561
16.7698377832047 5.72491894059465 27.4340694229829
16.9341944270657 5.7274243565254 27.3201369144098
17.0985510709266 5.72992977245615 27.2062044058366
17.2629077147876 5.7324351883869 27.0922718972634
17.4272643586485 5.73494060431765 26.9783393886902
17.5916210025095 5.7374460202484 26.8644068801171
17.7559776463705 5.73995143617915 26.7504743715439
17.9203342902314 5.7424568521099 26.6365418629707
18.0846909340924 5.74496226804065 26.5226093543975
18.2490475779533 5.7474676839714 26.4086768458244
18.4134042218143 5.74997309990215 26.2947443372512
18.5777608656752 5.7524785158329 26.180811828678
18.7421175095362 5.75498393176366 26.0668793201049
18.9064741533971 5.75748934769441 25.9529468115317
19.0708307972581 5.75999476362516 25.8390143029585
19.235187441119 5.76250017955591 25.7250817943853
19.39954408498 5.76500559548666 25.6111492858122
19.563900728841 5.76751101141741 25.497216777239
19.4885988308344 5.76873865895504 25.4413901330922
19.3279496149275 5.77135772460346 25.3222894617104
19.1673003990205 5.77397679025189 25.2031887903285
19.0066511831135 5.77659585590032 25.0840881189467
18.8460019672066 5.77921492154875 24.9649874475649
18.6853527512996 5.78183398719717 24.845886776183
18.5247035353926 5.7844530528456 24.7267861048012
18.3640543194856 5.78707211849403 24.6076854334194
18.2034051035787 5.78969118414245 24.4885847620375
18.0427558876717 5.79231024979088 24.3694840906557
17.8821066717647 5.79492931543931 24.2503834192739
17.7214574558577 5.79754838108774 24.1312827478921
17.5608082399508 5.80016744673616 24.0121820765102
17.4001590240438 5.80278651238459 23.8930814051284
17.2395098081368 5.80540557803302 23.7739807337466
17.0788605922298 5.80802464368144 23.6548800623647
16.9182113763229 5.81064370932987 23.5357793909829
16.7575621604159 5.8132627749783 23.4166787196011
16.5969129445089 5.81588184062673 23.2975780482192
16.4362637286019 5.81850090627515 23.1784773768374
16.275614512695 5.82111997192358 23.0593767054556
16.114965296788 5.82373903757201 22.9402760340737
15.954316080881 5.82635810322043 22.8211753626919
15.793666864974 5.82897716886886 22.7020746913101
15.6330176490671 5.83159623451729 22.5829740199282
15.7640133438917 5.83328516720848 22.5061706692524
15.9365349283366 5.83550949484226 22.4050205072793
16.1090565127816 5.83773382247604 22.3038703453062
16.2815780972266 5.83995815010982 22.2027201833332
16.4540996816715 5.8421824777436 22.1015700213601
16.6266212661165 5.84440680537738 22.000419859387
16.7991428505615 5.84663113301116 21.899269697414
16.9716644350064 5.84885546064494 21.7981195354409
17.1441860194514 5.85107978827873 21.6969693734678
17.3167076038963 5.85330411591251 21.5958192114948
17.4892291883413 5.85552844354629 21.4946690495217
17.6617507727863 5.85775277118007 21.3935188875486
17.8342723572312 5.85997709881385 21.2923687255756
18.0067939416762 5.86220142644763 21.1912185636025
18.1793155261211 5.86442575408141 21.0900684016295
18.3518371105661 5.86665008171519 20.9889182396564
18.5243586950111 5.86887440934897 20.8877680776833
18.696880279456 5.87109873698276 20.7866179157103
18.869401863901 5.87332306461654 20.6854677537372
19.041923448346 5.87554739225032 20.5843175917641
19.2144450327909 5.8777717198841 20.4831674297911
19.3869666172359 5.87999604751788 20.382017267818
19.5594882016808 5.88222037515166 20.2808671058449
19.7320097861258 5.88444470278544 20.1797169438719
6.7151997439301 5.1177844622372 55.0431994327084
6.55640230673104 5.12045755465604 54.9216419215628
6.397604869532 5.12313064707488 54.8000844104171
6.23880743233294 5.12580373949373 54.6785268992714
6.08000999513388 5.12847683191257 54.5569693881257
5.92121255793482 5.13114992433142 54.43541187698
5.76241512073576 5.13382301675026 54.3138543658343
5.6036176835367 5.1364961091691 54.1922968546886
5.44482024633765 5.13916920158795 54.070739343543
5.28602280913858 5.14184229400679 53.9491818323973
5.12722537193952 5.14451538642563 53.8276243212516
4.96842793474047 5.14718847884448 53.7060668101059
4.80963049754141 5.14986157126332 53.5845092989602
4.85257492545419 5.15083440401929 53.5402702267372
4.99186352776094 5.15398974969374 53.3967824953414
5.13115213006769 5.1571450953682 53.2532947639456
5.27044073237445 5.16030044104265 53.1098070325498
5.4097293346812 5.16345578671711 52.9663193011541
5.54901793698796 5.16661113239156 52.8228315697583
5.68830653929471 5.16976647806602 52.6793438383625
5.82759514160146 5.17292182374047 52.5358561069667
5.96688374390821 5.17607716941493 52.392368375571
6.10617234621498 5.17923251508939 52.2488806441752
6.24546094852173 5.18238786076384 52.1053929127794
6.38474955082849 5.1855432064383 51.9619051813836
6.52403815313525 5.18869855211275 51.8184174499879
6.66332675544201 5.19185389778721 51.6749297185921
6.80261535774877 5.19500924346166 51.5314419871963
6.94190396005553 5.19816458913612 51.3879542558005
6.92509846153703 5.19844221597735 51.3753293171303
6.76520752363421 5.20108361432582 51.2552130776316
6.60531658573139 5.20372501267429 51.1350968381328
6.44542564782856 5.20636641102276 51.0149805986341
6.28553470992573 5.20900780937123 50.8948643591353
6.1256437720229 5.2116492077197 50.7747481196366
5.96575283412007 5.21429060606816 50.6546318801378
5.80586189621725 5.21693200441663 50.534515640639
5.64597095831442 5.2195734027651 50.4143994011403
5.4860800204116 5.22221480111357 50.2942831616415
5.32618908250878 5.22485619946204 50.1741669221428
5.16629814460596 5.2274975978105 50.054050682644
5.00640720670314 5.23013899615897 49.9339344431453
4.84651626880031 5.23278039450744 49.8138182036465
4.6866253308975 5.23542179285591 49.6937019641478
4.68745533865311 5.23543601322966 49.6930552999215
4.84520975025258 5.23813879122019 49.5701478525799
5.00296416185205 5.24084156921072 49.4472404052382
5.16071857345152 5.24354434720126 49.3243329578966
5.31847298505098 5.24624712519179 49.2014255105549
5.47622739665045 5.24894990318232 49.0785180632133
5.63398180824992 5.25165268117285 48.9556106158716
5.79173621984939 5.25435545916338 48.8327031685299
5.94949063144885 5.25705823715391 48.7097957211883
6.10724504304832 5.25976101514445 48.5868882738466
6.26499945464778 5.26246379313498 48.463980826505
6.42275386624726 5.26516657112551 48.3410733791633
6.58050827784672 5.26786934911604 48.2181659318217
6.73826268944619 5.27057212710658 48.09525848448
6.89601710104565 5.27327490509711 47.9723510371384
7.0537715126451 5.27597768308764 47.8494435897967
7.04523535139384 5.27613055730114 47.8424917130938
6.89017204765971 5.27890758785422 47.7162076684312
6.73510874392558 5.28168461840731 47.5899236237685
6.58004544019144 5.2844616489604 47.4636395791058
6.4249821364573 5.28723867951348 47.3373555344431
6.26991883272317 5.29001571006657 47.2110714897805
6.11485552898904 5.29279274061965 47.0847874451178
5.9597922252549 5.29556977117274 46.9585034004551
5.80472892152077 5.29834680172583 46.8322193557925
5.64966561778664 5.30112383227891 46.7059353111298
5.4946023140525 5.303900862832 46.5796512664671
5.33953901031836 5.30667789338509 46.4533672218044
5.18447570658422 5.30945492393817 46.3270831771417
5.02941240285009 5.31223195449126 46.2007991324791
4.87434909911597 5.31500898504435 46.0745150878164
4.71928579538184 5.31778601559743 45.9482310431537
4.5642224916477 5.32056304615052 45.8219469984911
4.61279802671161 5.32135824606576 45.7857856888865
4.77321174070566 5.3239842793478 45.6663681679282
4.93362545469971 5.32661031262984 45.5469506469698
5.09403916869376 5.32923634591188 45.4275331260115
5.25445288268783 5.33186237919393 45.3081156050531
5.41486659668188 5.33448841247597 45.1886980840948
5.57528031067593 5.33711444575801 45.0692805631364
5.73569402466999 5.33974047904005 44.9498630421781
5.89610773866403 5.3423665123221 44.8304455212198
6.05652145265808 5.34499254560414 44.7110280002614
6.21693516665213 5.34761857888618 44.5916104793031
6.37734888064618 5.35024461216822 44.4721929583447
6.53776259464025 5.35287064545027 44.3527754373864
6.69817630863431 5.35549667873231 44.233357916428
6.85859002262838 5.35812271201435 44.1139403954697
7.01900373662244 5.3607487452964 43.9945228745113
7.17941745061648 5.36337477857844 43.875105353553
7.11421630762481 5.36432323016039 43.8319750027535
6.94742158185847 5.36674951771082 43.7216408168216
6.78062685609213 5.36917580526125 43.6113066308897
6.61383213032578 5.37160209281168 43.5009724449578
6.44703740455943 5.3740283803621 43.3906382590259
6.28024267879309 5.37645466791253 43.2803040730941
6.11344795302675 5.37888095546296 43.1699698871622
5.9466532272604 5.38130724301339 43.0596357012303
5.77985850149405 5.38373353056382 42.9493015152984
5.61306377572771 5.38615981811424 42.8389673293665
5.44626904996136 5.38858610566467 42.7286331434346
5.27947432419501 5.3910123932151 42.6182989575028
5.11267959842865 5.39343868076553 42.5079647715709
4.94588487266231 5.39586496831596 42.397630585639
4.77909014689597 5.39829125586639 42.2872963997071
4.61229542112962 5.40071754341681 42.1769622137752
4.44550069536327 5.40314383096724 42.0666280278433
4.47141578968222 5.4035251759395 42.0492865601902
4.63762152823715 5.40597092134092 41.938067538432
4.8038272667921 5.40841666674234 41.8268485166739
4.97003300534703 5.41086241214376 41.7156294949157
5.13623874390197 5.41330815754519 41.6044104731576
5.30244448245692 5.41575390294661 41.4931914513994
5.46865022101186 5.41819964834803 41.3819724296413
5.6348559595668 5.42064539374945 41.2707534078831
5.80106169812175 5.42309113915088 41.159534386125
5.96726743667669 5.4255368845523 41.0483153643668
6.13347317523163 5.42798262995372 40.9370963426087
6.29967891378656 5.43042837535514 40.8258773208505
6.46588465234149 5.43287412075657 40.7146582990924
6.63209039089643 5.43531986615799 40.6034392773343
6.79829612945136 5.43776561155941 40.4922202555761
6.96450186800631 5.44021135696083 40.381001233818
7.13070760656125 5.44265710236225 40.2697822120598
7.2969133451162 5.44510284776368 40.1585631903017
7.28897775805417 5.44520186099128 40.1540606143963
7.1150375884927 5.44737213238564 40.0553686322751
6.94109741893123 5.44954240377999 39.9566766501539
6.76715724936977 5.45171267517435 39.8579846680328
6.59321707980831 5.45388294656871 39.7592926859116
6.41927691024686 5.45605321796307 39.6606007037904
6.24533674068539 5.45822348935742 39.5619087216693
6.07139657112394 5.46039376075178 39.4632167395481
5.89745640156248 5.46256403214614 39.3645247574269
5.72351623200103 5.4647343035405 39.2658327753058
5.54957606243956 5.46690457493485 39.1671407931846
5.37563589287809 5.46907484632921 39.0684488110634
5.20169572331661 5.47124511772357 38.9697568289422
5.02775555375515 5.47341538911793 38.8710648468211
4.85381538419369 5.47558566051228 38.7723728646999
4.67987521463222 5.47775593190664 38.6736808825787
4.50593504507077 5.479926203301 38.5749889004575
4.3319948755093 5.48209647469536 38.4762969183364
4.44928518906808 5.48386702649473 38.3957819804429
4.61416093290919 5.48635590248179 38.282601617353
4.77903667675031 5.48884477846886 38.1694212542631
4.94391242059143 5.49133365445592 38.0562408911732
5.10878816443256 5.49382253044298 37.9430605280833
5.27366390827368 5.49631140643004 37.8298801649934
5.43853965211479 5.49880028241711 37.7166998019036
5.60341539595591 5.50128915840417 37.6035194388137
5.76829113979704 5.50377803439123 37.4903390757238
5.93316688363816 5.50626691037829 37.3771587126339
6.09804262747928 5.50875578636536 37.263978349544
6.2629183713204 5.51124466235242 37.1507979864541
6.42779411516153 5.51373353833948 37.0376176233642
6.59266985900263 5.51622241432654 36.9244372602743
6.75754560284375 5.5187112903136 36.8112568971844
6.92242134668485 5.52120016630067 36.6980765340945
7.08729709052598 5.52368904228773 36.5848961710046
7.2521728343671 5.52617791827479 36.4717158079147
7.41704857820822 5.52866679426185 36.3585354448249
7.32577843790812 5.5298230400025 36.305955760892
7.15248919525894 5.53201833572632 36.2061258101821
6.97919995260975 5.53421363145014 36.1062958594721
6.80591070996055 5.53640892717396 36.0064659087621
6.63262146731136 5.53860422289778 35.9066359580521
6.45933222466217 5.5407995186216 35.8068060073422
6.28604298201298 5.54299481434542 35.7069760566322
6.11275373936378 5.54519011006924 35.6071461059222
5.93946449671459 5.54738540579307 35.5073161552123
5.76617525406539 5.54958070151688 35.4074862045023
5.5928860114162 5.55177599724071 35.3076562537923
5.41959676876701 5.55397129296453 35.2078263030823
5.24630752611781 5.55616658868835 35.1079963523724
5.07301828346862 5.55836188441217 35.0081664016624
4.89972904081943 5.56055718013599 34.9083364509524
4.72643979817024 5.56275247585981 34.8085065002425
4.55315055552106 5.56494777158363 34.7086765495325
4.37986131287186 5.56714306730745 34.6088465988225
4.20657207022267 5.56933836303127 34.5090166481125
4.22370116860225 5.56955043844766 34.4993726269742
4.39796741417772 5.57170802933628 34.4012572843687
4.57223365975319 5.5738656202249 34.3031419417632
4.74649990532866 5.57602321111351 34.2050265991578
4.92076615090412 5.57818080200213 34.1069112565523
5.0950323964796 5.58033839289075 34.0087959139468
5.26929864205507 5.58249598377937 33.9106805713414
5.44356488763054 5.58465357466798 33.8125652287359
5.61783113320601 5.5868111655566 33.7144498861304
5.79209737878148 5.58896875644522 33.6163345435249
5.96636362435694 5.59112634733384 33.5182192009195
6.1406298699324 5.59328393822245 33.420103858314
6.31489611550787 5.59544152911107 33.3219885157086
6.48916236108333 5.59759911999969 33.2238731731031
6.6634286066588 5.5997567108883 33.1257578304976
6.83769485223426 5.60191430177692 33.0276424878922
7.01196109780972 5.60407189266554 32.9295271452867
7.18622734338519 5.60622948355416 32.8314118026812
7.36049358896065 5.60838707444277 32.7332964600758
7.53475983453612 5.61054466533139 32.6351811174703
7.44496876604249 5.61180988269425 32.5776460047283
7.27658496829604 5.61418252518652 32.4697513003907
7.10820117054958 5.61655516767878 32.3618565960532
6.93981737280313 5.61892781017105 32.2539618917157
6.77143357505668 5.62130045266331 32.1460671873781
6.60304977731022 5.62367309515557 32.0381724830406
6.43466597956377 5.62604573764784 31.930277778703
6.26628218181732 5.6284183801401 31.8223830743655
6.09789838407087 5.63079102263236 31.714488370028
5.92951458632441 5.63316366512463 31.6065936656904
5.76113078857795 5.63553630761689 31.4986989613529
5.5927469908315 5.63790895010915 31.3908042570153
5.42436319308505 5.64028159260142 31.2829095526778
5.2559793953386 5.64265423509368 31.1750148483403
5.08759559759215 5.64502687758594 31.0671201440027
4.9192117998457 5.64739952007821 30.9592254396652
4.75082800209925 5.64977216257047 30.8513307353277
4.5824442043528 5.65214480506273 30.7434360309901
4.41406040660634 5.654517447555 30.6355413266526
4.24567660885989 5.65689009004726 30.527646622315
4.07729281111344 5.65926273253952 30.4197519179775
4.14707954984274 5.6602508876437 30.374816069803
4.3152233328236 5.6626317430958 30.2665478853156
4.48336711580446 5.66501259854791 30.1582797008282
4.65151089878533 5.66739345400001 30.0500115163407
4.81965468176618 5.66977430945211 29.9417433318533
4.98779846474705 5.67215516490421 29.8334751473659
5.15594224772791 5.67453602035632 29.7252069628785
5.32408603070878 5.67691687580842 29.6169387783911
5.49222981368964 5.67929773126052 29.5086705939037
5.66037359667051 5.68167858671263 29.4004024094163
5.82851737965137 5.68405944216473 29.2921342249289
5.99666116263223 5.68644029761683 29.1838660404415
6.1648049456131 5.68882115306894 29.0755978559541
6.33294872859395 5.69120200852104 28.9673296714667
6.50109251157482 5.69358286397314 28.8590614869792
6.66923629455569 5.69596371942524 28.7507933024918
6.83738007753655 5.69834457487735 28.6425251180044
7.00552386051741 5.70072543032945 28.534256933517
7.17366764349827 5.70310628578155 28.4259887490296
7.34181142647913 5.70548714123365 28.3177205645422
7.50995520945999 5.70786799668576 28.2094523800548
7.67809899244087 5.71024885213786 28.1011841955674
7.53751645270837 5.7123918609409 28.0037319658488
7.37315980884742 5.71489727687165 27.8897994572756
7.20880316498646 5.7174026928024 27.7758669487025
7.0444465211255 5.71990810873315 27.6619344401293
6.88008987726455 5.7224135246639 27.5480019315561
6.71573323340359 5.72491894059465 27.4340694229829
6.55137658954264 5.7274243565254 27.3201369144098
6.38701994568168 5.72992977245615 27.2062044058366
6.22266330182073 5.7324351883869 27.0922718972634
6.05830665795977 5.73494060431765 26.9783393886903
5.89395001409882 5.7374460202484 26.8644068801171
5.72959337023786 5.73995143617915 26.7504743715439
5.56523672637691 5.7424568521099 26.6365418629707
5.40088008251595 5.74496226804065 26.5226093543976
5.23652343865499 5.7474676839714 26.4086768458244
5.07216679479404 5.74997309990215 26.2947443372512
4.90781015093308 5.7524785158329 26.180811828678
4.74345350707212 5.75498393176366 26.0668793201049
4.57909686321117 5.75748934769441 25.9529468115317
4.41474021935021 5.75999476362516 25.8390143029585
4.25038357548925 5.76250017955591 25.7250817943853
4.0860269316283 5.76500559548666 25.6111492858122
3.92167028776734 5.76751101141741 25.497216777239
3.99697218577383 5.76873865895504 25.4413901330922
4.1576214016808 5.77135772460346 25.3222894617104
4.31827061758778 5.77397679025189 25.2031887903285
4.47891983349476 5.77659585590032 25.0840881189467
4.63956904940174 5.77921492154875 24.9649874475649
4.80021826530871 5.78183398719717 24.845886776183
4.96086748121568 5.7844530528456 24.7267861048012
5.12151669712265 5.78707211849403 24.6076854334194
5.28216591302963 5.78969118414245 24.4885847620376
5.44281512893661 5.79231024979088 24.3694840906557
5.60346434484358 5.79492931543931 24.2503834192739
5.76411356075056 5.79754838108774 24.1312827478921
5.92476277665753 5.80016744673616 24.0121820765102
6.0854119925645 5.80278651238459 23.8930814051284
6.24606120847147 5.80540557803302 23.7739807337466
6.40671042437844 5.80802464368144 23.6548800623647
6.56735964028542 5.81064370932987 23.5357793909829
6.72800885619239 5.8132627749783 23.4166787196011
6.88865807209937 5.81588184062673 23.2975780482192
7.04930728800635 5.81850090627515 23.1784773768374
7.20995650391333 5.82111997192358 23.0593767054556
7.37060571982031 5.82373903757201 22.9402760340737
7.53125493572728 5.82635810322043 22.8211753626919
7.69190415163426 5.82897716886886 22.7020746913101
7.85255336754123 5.83159623451729 22.5829740199282
7.72155767271662 5.83328516720848 22.5061706692524
7.54903608827166 5.83550949484226 22.4050205072793
7.37651450382669 5.83773382247604 22.3038703453062
7.20399291938173 5.83995815010982 22.2027201833332
7.03147133493677 5.8421824777436 22.1015700213601
6.85894975049181 5.84440680537738 22.000419859387
6.68642816604685 5.84663113301116 21.899269697414
6.51390658160188 5.84885546064494 21.7981195354409
6.34138499715692 5.85107978827873 21.6969693734678
6.16886341271196 5.85330411591251 21.5958192114948
5.99634182826699 5.85552844354629 21.4946690495217
5.82382024382203 5.85775277118007 21.3935188875486
5.65129865937707 5.85997709881385 21.2923687255756
5.47877707493211 5.86220142644763 21.1912185636025
5.30625549048715 5.86442575408141 21.0900684016295
5.13373390604219 5.86665008171519 20.9889182396564
4.96121232159723 5.86887440934897 20.8877680776833
4.78869073715227 5.87109873698276 20.7866179157103
4.6161691527073 5.87332306461654 20.6854677537372
4.44364756826234 5.87554739225032 20.5843175917641
4.27112598381737 5.8777717198841 20.4831674297911
4.09860439937241 5.87999604751788 20.382017267818
3.92608281492745 5.88222037515166 20.2808671058449
3.75356123048249 5.88444470278544 20.1797169438719
17.6648988644346 5.02641619748311 59.1981245609656
17.7107457305302 5.0306961180662 59.003497360531
17.7565925966259 5.0349760386493 58.8088701600964
17.8024394627216 5.0392559592324 58.6142429596618
17.8482863288172 5.0435358798155 58.4196157592272
17.8941331949129 5.04781580039859 58.2249885587926
17.9399800610086 5.05209572098169 58.030361358358
17.9858269271043 5.05637564156479 57.8357341579234
18.0316737931999 5.06065556214789 57.6411069574888
18.0775206592956 5.06493548273098 57.4464797570541
18.1233675253913 5.06921540331408 57.2518525566196
18.169214391487 5.07349532389718 57.057225356185
18.2150612575826 5.07777524448028 56.8625981557504
18.2609081236783 5.08205516506337 56.6679709553158
18.306754989774 5.08633508564647 56.4733437548812
18.3526018558697 5.09061500622957 56.2787165544465
18.3984487219653 5.09489492681266 56.0840893540119
18.444295588061 5.09917484739576 55.8894621535773
18.4901424541567 5.10345476797886 55.6948349531427
18.5359893202524 5.10773468856196 55.5002077527081
18.581836186348 5.11201460914505 55.3055805522735
18.6276830524437 5.11629452972815 55.1109533518389
18.6326468976043 5.11974729275822 54.9539407182495
18.6389650751246 5.12414210545952 54.7540888574772
18.6452832526448 5.12853691816083 54.5542369967049
18.6516014301651 5.13293173086213 54.3543851359326
18.6579196076853 5.13732654356344 54.1545332751603
18.6642377852055 5.14172135626475 53.954681414388
18.6705559627258 5.14611616896605 53.7548295536157
18.676874140246 5.15051098166736 53.5549776928434
18.6831923177662 5.15490579436867 53.3551258320711
18.6895104952865 5.15930060706997 53.1552739712989
18.6958286728067 5.16369541977128 52.9554221105266
18.702146850327 5.16809023247258 52.7555702497543
18.7084650278472 5.17248504517389 52.555718388982
18.7147832053674 5.17687985787519 52.3558665282098
18.7211013828877 5.1812746705765 52.1560146674375
18.7274195604079 5.18566948327781 51.9561628066652
18.7337377379282 5.19006429597911 51.7563109458929
18.7400559154484 5.19445910868042 51.5564590851206
18.7463740929686 5.19885392138172 51.3566072243483
18.7526922704889 5.20324873408303 51.156755363576
18.7590104480091 5.20764354678434 50.9569035028037
18.7653286255293 5.21203835948564 50.7570516420314
18.7716468030496 5.21643317218695 50.5571997812591
18.7779649805698 5.22082798488825 50.3573479204868
18.7842831580901 5.22522279758956 50.1574960597146
18.7906013356103 5.22961761029087 49.9576441989423
18.7969195131305 5.23401242299217 49.75779233817
18.8032376906508 5.23840723569348 49.5579404773977
18.809555868171 5.24280204839478 49.3580886166254
18.8158740456913 5.24719686109609 49.1582367558531
18.8221922232115 5.2515916737974 48.9583848950808
18.8285104007317 5.2559864864987 48.7585330343085
18.834828578252 5.26038129920001 48.5586811735362
18.8411467557722 5.26477611190131 48.3588293127639
18.8474649332924 5.26917092460262 48.1589774519917
18.8537831108127 5.27356573730393 47.9591255912194
18.8601012883329 5.27796055000523 47.7592737304471
18.8664194658532 5.28235536270654 47.5594218696748
18.8727376433734 5.28675017540784 47.3595700089025
18.8790558208936 5.29114498810915 47.1597181481302
18.8853739984139 5.29553980081046 46.9598662873579
18.8916921759341 5.29993461351176 46.7600144265856
18.8980103534544 5.30432942621307 46.5601625658133
18.9043285309746 5.30872423891437 46.3603107050411
18.9106467084948 5.31311905161568 46.1604588442688
18.9169648860151 5.31751386431699 45.9606069834965
18.9232830635353 5.32190867701829 45.7607551227242
18.9296012410555 5.3263034897196 45.5609032619519
18.9359194185758 5.3306983024209 45.3610514011796
18.942237596096 5.33509311512221 45.1611995404073
18.9485557736163 5.33948792782352 44.9613476796351
18.9548739511365 5.34388274052482 44.7614958188628
18.9611921286567 5.34827755322613 44.5616439580905
18.967510306177 5.35267236592743 44.3617920973182
18.9738284836972 5.35706717862874 44.1619402365459
18.9801466612175 5.36146199133004 43.9620883757736
18.9864648387377 5.36585680403135 43.7622365150013
18.9927830162579 5.37025161673266 43.562384654229
18.9991011937782 5.37464642943396 43.3625327934567
19.0054193712984 5.37904124213527 43.1626809326845
19.0117375488186 5.38343605483657 42.9628290719122
19.0180557263389 5.38783086753788 42.7629772111399
19.0243739038591 5.39222568023919 42.5631253503676
19.0306920813794 5.39662049294049 42.3632734895953
19.0370102588996 5.4010153056418 42.163421628823
19.0433284364198 5.4054101183431 41.9635697680508
19.0496466139401 5.40980493104441 41.7637179072785
19.0559647914603 5.41419974374572 41.5638660465062
19.0622829689806 5.41859455644702 41.3640141857339
19.0686011465008 5.42298936914833 41.1641623249616
19.074919324021 5.42738418184963 40.9643104641893
19.0812375015413 5.43177899455094 40.764458603417
19.0875556790615 5.43617380725225 40.5646067426447
19.0938738565817 5.44056861995355 40.3647548818725
19.100192034102 5.44496343265486 40.1649030211002
19.1065102116222 5.44935824535616 39.9650511603279
19.1128283891425 5.45375305805747 39.7651992995556
19.1191465666627 5.45814787075878 39.5653474387833
19.1254647441829 5.46254268346008 39.365495578011
19.1317829217032 5.46693749616139 39.1656437172387
19.1381010992234 5.47133230886269 38.9657918564665
19.1444192767436 5.475727121564 38.7659399956942
19.1507374542639 5.4801219342653 38.5660881349219
19.1570556317841 5.48451674696661 38.3662362741496
19.1633738093044 5.48891155966792 38.1663844133773
19.1696919868246 5.49330637236922 37.966532552605
19.1760101643448 5.49770118507053 37.7666806918328
19.1823283418651 5.50209599777183 37.5668288310605
19.1886465193853 5.50649081047314 37.3669769702882
19.1949646969056 5.51088562317445 37.1671251095159
19.2012828744258 5.51528043587575 36.9672732487436
19.207601051946 5.51967524857706 36.7674213879713
19.2139192294663 5.52407006127836 36.5675695271991
19.2202374069865 5.52846487397967 36.3677176664268
19.2265555845067 5.53285968668098 36.1678658056545
19.232873762027 5.53725449938228 35.9680139448822
19.2391919395472 5.54164931208359 35.7681620841099
19.2455101170675 5.54604412478489 35.5683102233376
19.2518282945877 5.5504389374862 35.3684583625653
19.2581464721079 5.55483375018751 35.168606501793
19.2644646496282 5.55922856288881 34.9687546410207
19.2707828271484 5.56362337559012 34.7689027802484
19.2771010046687 5.56801818829142 34.5690509194761
19.2834191821889 5.57241300099273 34.3691990587039
19.2897373597091 5.57680781369404 34.1693471979316
19.2960555372294 5.58120262639534 33.9694953371593
19.3023737147496 5.58559743909665 33.769643476387
19.3086918922698 5.58999225179795 33.5697916156147
19.3150100697901 5.59438706449926 33.3699397548424
19.3213282473103 5.59878187720056 33.1700878940702
19.3276464248306 5.60317668990187 32.9702360332979
19.3339646023508 5.60757150260318 32.7703841725256
19.340282779871 5.61196631530448 32.5705323117533
19.3466009573913 5.61636112800579 32.370680450981
19.3529191349115 5.62075594070709 32.1708285902087
19.3592373124318 5.6251507534084 31.9709767294365
19.365555489952 5.62954556610971 31.7711248686642
19.3718736674722 5.63394037881101 31.5712730078919
19.3781918449925 5.63833519151232 31.3714211471196
19.3845100225127 5.64273000421362 31.1715692863473
19.3908282000329 5.64712481691493 30.9717174255751
19.3971463775532 5.65151962961624 30.7718655648028
19.4034645550734 5.65591444231754 30.5720137040305
19.4097827325937 5.66030925501885 30.3721618432582
19.4161009101139 5.66470406772015 30.1723099824859
19.4224190876341 5.66909888042146 29.9724581217136
19.4287372651544 5.67349369312276 29.7726062609414
19.4350554426746 5.67788850582407 29.5727544001691
19.4413736201948 5.68228331852537 29.3729025393968
19.4476917977151 5.68667813122668 29.1730506786245
19.4540099752353 5.69107294392799 28.9731988178522
19.4603281527556 5.69546775662929 28.77334695708
19.4666463302758 5.6998625693306 28.5734950963077
19.472964507796 5.7042573820319 28.3736432355354
19.4792826853163 5.70865219473321 28.1737913747631
19.4856008628365 5.71304700743452 27.9739395139908
19.4919190403568 5.71744182013582 27.7740876532185
19.498237217877 5.72183663283713 27.5742357924463
19.5045553953972 5.72623144553843 27.374383931674
19.5108735729175 5.73062625823974 27.1745320709017
19.5171917504377 5.73502107094104 26.9746802101294
19.5235099279579 5.73941588364235 26.7748283493572
19.5298281054782 5.74381069634366 26.5749764885849
19.5361462829984 5.74820550904496 26.3751246278126
19.5424644605187 5.75260032174627 26.1752727670403
19.5487826380389 5.75699513444757 25.975420906268
19.5551008155591 5.76138994714888 25.7755690454958
19.5614189930794 5.76578475985019 25.5757171847235
19.5677371705996 5.77017957255149 25.3758653239512
19.5740553481199 5.7745743852528 25.1760134631789
19.5803735256401 5.7789691979541 24.9761616024066
19.5866917031603 5.78336401065541 24.7763097416344
19.5930098806806 5.78775882335671 24.5764578808621
19.5993280582008 5.79215363605802 24.3766060200898
19.605646235721 5.79654844875933 24.1767541593175
19.6119644132413 5.80094326146063 23.9769022985452
19.6182825907615 5.80533807416194 23.7770504377729
19.6246007682818 5.80973288686324 23.5771985770007
19.630918945802 5.81412769956455 23.3773467162284
19.6372371233222 5.81852251226585 23.1774948554561
19.6435553008425 5.82291732496716 22.9776429946838
19.6498734783627 5.82731213766847 22.7777911339115
19.6561916558829 5.83170695036977 22.5779392731393
19.6625098334032 5.83610176307108 22.378087412367
19.6688280109234 5.84049657577238 22.1782355515947
19.6751461884437 5.84489138847369 21.9783836908224
19.6814643659639 5.849286201175 21.7785318300501
19.6877825434841 5.8536810138763 21.5786799692778
19.6941007210044 5.85807582657761 21.3788281085056
19.7004188985246 5.86247063927891 21.1789762477333
19.7067370760449 5.86686545198022 20.979124386961
19.7130552535651 5.87126026468153 20.7792725261887
19.7193734310853 5.87565507738283 20.5794206654164
19.7256916086056 5.88004989008414 20.3795688046442
19.7320097861258 5.88444470278544 20.1797169438719
17.6246345019989 5.02637024405718 59.2002142695161
17.5787679176239 5.03065006252378 59.005591712777
17.5329013332488 5.03492988099038 58.810969156038
17.4870347488738 5.03920969945698 58.6163465992989
17.4411681644987 5.04348951792358 58.4217240425598
17.3953015801237 5.04776933639018 58.2271014858207
17.3494349957486 5.05204915485678 58.0324789290816
17.3035684113735 5.05632897332338 57.8378563723425
17.2577018269985 5.06060879178998 57.6432338156034
17.2118352426234 5.06488861025658 57.4486112588643
17.1659686582484 5.06916842872318 57.2539887021252
17.1201020738733 5.07344824718978 57.0593661453862
17.0742354894983 5.07772806565638 56.8647435886471
17.0283689051232 5.08200788412298 56.670121031908
16.9825023207482 5.08628770258958 56.4754984751689
16.9366357363731 5.09056752105618 56.2808759184298
16.8907691519981 5.09484733952278 56.0862533616907
16.844902567623 5.09912715798938 55.8916308049516
16.799035983248 5.10340697645598 55.6970082482125
16.7531693988729 5.10768679492258 55.5023856914734
16.7073028144979 5.11196661338918 55.3077631347343
16.6614362301228 5.11624643185578 55.1131405779952
16.6564032373291 5.11974729275822 54.9539407182493
16.6500850598089 5.12414210545952 54.7540888574771
16.6437668822887 5.12853691816083 54.5542369967048
16.6374487047684 5.13293173086214 54.3543851359325
16.6311305272482 5.13732654356344 54.1545332751602
16.6248123497279 5.14172135626475 53.9546814143879
16.6184941722077 5.14611616896605 53.7548295536156
16.6121759946875 5.15051098166736 53.5549776928434
16.6058578171672 5.15490579436867 53.3551258320711
16.599539639647 5.15930060706997 53.1552739712988
16.5932214621268 5.16369541977128 52.9554221105265
16.5869032846065 5.16809023247258 52.7555702497542
16.5805851070863 5.17248504517389 52.5557183889819
16.574266929566 5.1768798578752 52.3558665282096
16.5679487520458 5.1812746705765 52.1560146674373
16.5616305745256 5.18566948327781 51.9561628066651
16.5553123970053 5.19006429597911 51.7563109458928
16.5489942194851 5.19445910868042 51.5564590851205
16.5426760419648 5.19885392138173 51.3566072243482
16.5363578644446 5.20324873408303 51.1567553635759
16.5300396869244 5.20764354678434 50.9569035028036
16.5237215094041 5.21203835948564 50.7570516420313
16.5174033318839 5.21643317218695 50.5571997812591
16.5110851543637 5.22082798488825 50.3573479204868
16.5047669768434 5.22522279758956 50.1574960597145
16.4984487993232 5.22961761029087 49.9576441989422
16.4921306218029 5.23401242299217 49.7577923381699
16.4858124442827 5.23840723569348 49.5579404773977
16.4794942667625 5.24280204839478 49.3580886166254
16.4731760892422 5.24719686109609 49.1582367558531
16.466857911722 5.2515916737974 48.9583848950808
16.4605397342017 5.2559864864987 48.7585330343085
16.4542215566815 5.26038129920001 48.5586811735362
16.4479033791613 5.26477611190131 48.3588293127639
16.441585201641 5.26917092460262 48.1589774519916
16.4352670241208 5.27356573730393 47.9591255912194
16.4289488466006 5.27796055000523 47.7592737304471
16.4226306690803 5.28235536270654 47.5594218696748
16.4163124915601 5.28675017540784 47.3595700089025
16.4099943140398 5.29114498810915 47.1597181481302
16.4036761365196 5.29553980081046 46.9598662873579
16.3973579589994 5.29993461351176 46.7600144265856
16.3910397814791 5.30432942621307 46.5601625658133
16.3847216039589 5.30872423891437 46.3603107050411
16.3784034264386 5.31311905161568 46.1604588442688
16.3720852489184 5.31751386431699 45.9606069834965
16.3657670713982 5.32190867701829 45.7607551227242
16.3594488938779 5.3263034897196 45.5609032619519
16.3531307163577 5.3306983024209 45.3610514011796
16.3468125388375 5.33509311512221 45.1611995404073
16.3404943613172 5.33948792782352 44.961347679635
16.334176183797 5.34388274052482 44.7614958188628
16.3278580062767 5.34827755322613 44.5616439580905
16.3215398287565 5.35267236592743 44.3617920973182
16.3152216512363 5.35706717862874 44.1619402365459
16.308903473716 5.36146199133004 43.9620883757736
16.3025852961958 5.36585680403135 43.7622365150013
16.2962671186756 5.37025161673266 43.5623846542291
16.2899489411553 5.37464642943396 43.3625327934568
16.2836307636351 5.37904124213527 43.1626809326845
16.2773125861148 5.38343605483657 42.9628290719122
16.2709944085946 5.38783086753788 42.7629772111399
16.2646762310744 5.39222568023919 42.5631253503676
16.2583580535541 5.39662049294049 42.3632734895953
16.2520398760339 5.4010153056418 42.163421628823
16.2457216985136 5.4054101183431 41.9635697680507
16.2394035209934 5.40980493104441 41.7637179072784
16.2330853434732 5.41419974374572 41.5638660465062
16.2267671659529 5.41859455644702 41.3640141857339
16.2204489884327 5.42298936914833 41.1641623249616
16.2141308109125 5.42738418184963 40.9643104641893
16.2078126333922 5.43177899455094 40.764458603417
16.201494455872 5.43617380725225 40.5646067426447
16.1951762783517 5.44056861995355 40.3647548818724
16.1888581008315 5.44496343265486 40.1649030211001
16.1825399233113 5.44935824535616 39.9650511603279
16.176221745791 5.45375305805747 39.7651992995556
16.1699035682708 5.45814787075878 39.5653474387833
16.1635853907505 5.46254268346008 39.365495578011
16.1572672132303 5.46693749616139 39.1656437172387
16.1509490357101 5.47133230886269 38.9657918564664
16.1446308581898 5.475727121564 38.7659399956941
16.1383126806696 5.48012193426531 38.5660881349218
16.1319945031494 5.48451674696661 38.3662362741495
16.1256763256291 5.48891155966792 38.1663844133773
16.1193581481089 5.49330637236922 37.966532552605
16.1130399705886 5.49770118507053 37.7666806918327
16.1067217930684 5.50209599777184 37.5668288310604
16.1004036155482 5.50649081047314 37.3669769702881
16.0940854380279 5.51088562317445 37.1671251095158
16.0877672605077 5.51528043587575 36.9672732487436
16.0814490829874 5.51967524857706 36.7674213879713
16.0751309054672 5.52407006127836 36.567569527199
16.068812727947 5.52846487397967 36.3677176664267
16.0624945504267 5.53285968668098 36.1678658056544
16.0561763729065 5.53725449938228 35.9680139448821
16.0498581953863 5.54164931208359 35.7681620841098
16.043540017866 5.54604412478489 35.5683102233375
16.0372218403458 5.5504389374862 35.3684583625653
16.0309036628255 5.55483375018751 35.168606501793
16.0245854853053 5.55922856288881 34.9687546410207
16.0182673077851 5.56362337559012 34.7689027802484
16.0119491302648 5.56801818829142 34.5690509194761
16.0056309527446 5.57241300099273 34.3691990587038
15.9993127752244 5.57680781369404 34.1693471979316
15.9929945977041 5.58120262639534 33.9694953371593
15.9866764201839 5.58559743909665 33.769643476387
15.9803582426636 5.58999225179795 33.5697916156147
15.9740400651434 5.59438706449926 33.3699397548424
15.9677218876232 5.59878187720057 33.1700878940701
15.9614037101029 5.60317668990187 32.9702360332979
15.9550855325827 5.60757150260318 32.7703841725256
15.9487673550624 5.61196631530448 32.5705323117533
15.9424491775422 5.61636112800579 32.370680450981
15.936131000022 5.62075594070709 32.1708285902087
15.9298128225017 5.6251507534084 31.9709767294364
15.9234946449815 5.62954556610971 31.7711248686641
15.9171764674613 5.63394037881101 31.5712730078919
15.910858289941 5.63833519151232 31.3714211471196
15.9045401124208 5.64273000421362 31.1715692863473
15.8982219349005 5.64712481691493 30.971717425575
15.8919037573803 5.65151962961624 30.7718655648027
15.8855855798601 5.65591444231754 30.5720137040305
15.8792674023398 5.66030925501885 30.3721618432582
15.8729492248196 5.66470406772015 30.1723099824859
15.8666310472993 5.66909888042146 29.9724581217136
15.8603128697791 5.67349369312276 29.7726062609413
15.8539946922589 5.67788850582407 29.572754400169
15.8476765147386 5.68228331852538 29.3729025393968
15.8413583372184 5.68667813122668 29.1730506786245
15.8350401596982 5.69107294392799 28.9731988178522
15.8287219821779 5.69546775662929 28.7733469570799
15.8224038046577 5.6998625693306 28.5734950963076
15.8160856271374 5.7042573820319 28.3736432355353
15.8097674496172 5.70865219473321 28.1737913747631
15.803449272097 5.71304700743452 27.9739395139908
15.7971310945767 5.71744182013582 27.7740876532185
15.7908129170565 5.72183663283713 27.5742357924462
15.7844947395363 5.72623144553843 27.3743839316739
15.778176562016 5.73062625823974 27.1745320709016
15.7718583844958 5.73502107094105 26.9746802101294
15.7655402069755 5.73941588364235 26.7748283493571
15.7592220294553 5.74381069634366 26.5749764885848
15.7529038519351 5.74820550904496 26.3751246278125
15.7465856744148 5.75260032174627 26.1752727670403
15.7402674968946 5.75699513444758 25.975420906268
15.7339493193743 5.76138994714888 25.7755690454957
15.7276311418541 5.76578475985019 25.5757171847234
15.7213129643339 5.77017957255149 25.3758653239511
15.7149947868136 5.7745743852528 25.1760134631788
15.7086766092934 5.7789691979541 24.9761616024066
15.7023584317732 5.78336401065541 24.7763097416343
15.6960402542529 5.78775882335672 24.576457880862
15.6897220767327 5.79215363605802 24.3766060200897
15.6834038992124 5.79654844875933 24.1767541593174
15.6770857216922 5.80094326146063 23.9769022985452
15.670767544172 5.80533807416194 23.7770504377729
15.6644493666517 5.80973288686324 23.5771985770006
15.6581311891315 5.81412769956455 23.3773467162283
15.6518130116113 5.81852251226586 23.177494855456
15.645494834091 5.82291732496716 22.9776429946838
15.6391766565708 5.82731213766847 22.7777911339115
15.6328584790505 5.83170695036977 22.5779392731392
15.6265403015303 5.83610176307108 22.3780874123669
15.6202221240101 5.84049657577239 22.1782355515947
15.6139039464898 5.84489138847369 21.9783836908224
15.6075857689696 5.849286201175 21.7785318300501
15.6012675914493 5.8536810138763 21.5786799692778
15.5949494139291 5.85807582657761 21.3788281085056
15.5886312364089 5.86247063927891 21.1789762477333
15.5823130588886 5.86686545198022 20.979124386961
15.5759948813684 5.87126026468153 20.7792725261887
15.5696767038482 5.87565507738283 20.5794206654164
15.5633585263279 5.88004989008414 20.3795688046441
15.5570403488077 5.88444470278544 20.1797169438719
5.85851269050492 5.02614037327997 59.21066752559
5.90447822061335 5.03041967862918 59.0160683026019
5.95044375072177 5.03469898397839 58.8214690796138
5.99640928083019 5.0389782893276 58.6268698566257
6.04237481093862 5.04325759467681 58.4322706336376
6.08834034104704 5.04753690002602 58.2376714106494
6.13430587115547 5.05181620537523 58.0430721876613
6.18027140126389 5.05609551072444 57.8484729646732
6.22623693137232 5.06037481607365 57.6538737416851
6.27220246148074 5.06465412142286 57.4592745186969
6.31816799158916 5.06893342677207 57.2646752957088
6.36413352169758 5.07321273212128 57.0700760727207
6.41009905180601 5.07749203747049 56.8754768497326
6.45606458191443 5.0817713428197 56.6808776267445
6.50203011202285 5.08605064816891 56.4862784037564
6.54799564213127 5.09032995351812 56.2916791807683
6.59396117223969 5.09460925886733 56.0970799577801
6.63992670234812 5.09888856421654 55.902480734792
6.68589223245654 5.10316786956575 55.7078815118039
6.73185776256496 5.10744717491496 55.5132822888158
6.77782329267338 5.11172648026417 55.3186830658277
6.82378882278181 5.11600578561338 55.1240838428396
6.82916777927916 5.11974729275822 54.9539407182493
6.8354859567994 5.12414210545953 54.7540888574771
6.84180413431964 5.12853691816083 54.5542369967048
6.84812231183987 5.13293173086214 54.3543851359325
6.85444048936011 5.13732654356344 54.1545332751602
6.86075866688035 5.14172135626475 53.9546814143879
6.86707684440059 5.14611616896605 53.7548295536156
6.87339502192083 5.15051098166736 53.5549776928433
6.87971319944107 5.15490579436867 53.3551258320711
6.8860313769613 5.15930060706997 53.1552739712988
6.89234955448154 5.16369541977128 52.9554221105265
6.89866773200178 5.16809023247258 52.7555702497542
6.90498590952202 5.17248504517389 52.5557183889819
6.91130408704226 5.1768798578752 52.3558665282096
6.9176222645625 5.1812746705765 52.1560146674373
6.92394044208273 5.18566948327781 51.956162806665
6.93025861960297 5.19006429597911 51.7563109458927
6.93657679712321 5.19445910868042 51.5564590851205
6.94289497464345 5.19885392138173 51.3566072243482
6.94921315216369 5.20324873408303 51.1567553635759
6.95553132968393 5.20764354678434 50.9569035028036
6.96184950720417 5.21203835948564 50.7570516420313
6.9681676847244 5.21643317218695 50.557199781259
6.97448586224464 5.22082798488826 50.3573479204867
6.98080403976488 5.22522279758956 50.1574960597144
6.98712221728512 5.22961761029087 49.9576441989422
6.99344039480536 5.23401242299217 49.7577923381699
6.99975857232559 5.23840723569348 49.5579404773976
7.00607674984583 5.24280204839478 49.3580886166253
7.01239492736607 5.24719686109609 49.158236755853
7.01871310488631 5.2515916737974 48.9583848950808
7.02503128240655 5.2559864864987 48.7585330343085
7.03134945992679 5.26038129920001 48.5586811735362
7.03766763744702 5.26477611190132 48.3588293127639
7.04398581496726 5.26917092460262 48.1589774519916
7.0503039924875 5.27356573730393 47.9591255912193
7.05662217000774 5.27796055000523 47.759273730447
7.06294034752798 5.28235536270654 47.5594218696747
7.06925852504822 5.28675017540785 47.3595700089025
7.07557670256845 5.29114498810915 47.1597181481302
7.08189488008869 5.29553980081046 46.9598662873579
7.08821305760893 5.29993461351176 46.7600144265856
7.09453123512917 5.30432942621307 46.5601625658133
7.10084941264941 5.30872423891437 46.360310705041
7.10716759016965 5.31311905161568 46.1604588442688
7.11348576768988 5.31751386431699 45.9606069834965
7.11980394521012 5.32190867701829 45.7607551227242
7.12612212273036 5.3263034897196 45.5609032619519
7.1324403002506 5.3306983024209 45.3610514011796
7.13875847777084 5.33509311512221 45.1611995404073
7.14507665529108 5.33948792782352 44.961347679635
7.15139483281131 5.34388274052482 44.7614958188627
7.15771301033155 5.34827755322613 44.5616439580904
7.16403118785179 5.35267236592743 44.3617920973181
7.17034936537203 5.35706717862874 44.1619402365459
7.17666754289227 5.36146199133005 43.9620883757736
7.18298572041251 5.36585680403135 43.7622365150013
7.18930389793274 5.37025161673266 43.562384654229
7.19562207545298 5.37464642943396 43.3625327934567
7.20194025297322 5.37904124213527 43.1626809326844
7.20825843049346 5.38343605483657 42.9628290719121
7.2145766080137 5.38783086753788 42.7629772111399
7.22089478553394 5.39222568023919 42.5631253503676
7.22721296305417 5.39662049294049 42.3632734895953
7.23353114057441 5.4010153056418 42.163421628823
7.23984931809465 5.4054101183431 41.9635697680507
7.24616749561489 5.40980493104441 41.7637179072784
7.25248567313513 5.41419974374572 41.5638660465061
7.25880385065537 5.41859455644702 41.3640141857339
7.2651220281756 5.42298936914833 41.1641623249616
7.27144020569584 5.42738418184963 40.9643104641893
7.27775838321608 5.43177899455094 40.764458603417
7.28407656073632 5.43617380725225 40.5646067426447
7.29039473825656 5.44056861995355 40.3647548818724
7.2967129157768 5.44496343265486 40.1649030211001
7.30303109329704 5.44935824535616 39.9650511603278
7.30934927081727 5.45375305805747 39.7651992995555
7.31566744833751 5.45814787075878 39.5653474387832
7.32198562585775 5.46254268346008 39.365495578011
7.32830380337799 5.46693749616139 39.1656437172387
7.33462198089823 5.47133230886269 38.9657918564664
7.34094015841847 5.475727121564 38.7659399956941
7.3472583359387 5.48012193426531 38.5660881349218
7.35357651345894 5.48451674696661 38.3662362741495
7.35989469097918 5.48891155966792 38.1663844133773
7.36621286849942 5.49330637236922 37.966532552605
7.37253104601966 5.49770118507053 37.7666806918327
7.37884922353989 5.50209599777184 37.5668288310604
7.38516740106013 5.50649081047314 37.3669769702881
7.39148557858037 5.51088562317445 37.1671251095158
7.39780375610061 5.51528043587575 36.9672732487435
7.40412193362085 5.51967524857706 36.7674213879713
7.41044011114109 5.52407006127837 36.567569527199
7.41675828866132 5.52846487397967 36.3677176664267
7.42307646618156 5.53285968668098 36.1678658056544
7.4293946437018 5.53725449938228 35.9680139448821
7.43571282122204 5.54164931208359 35.7681620841098
7.44203099874228 5.54604412478489 35.5683102233376
7.44834917626252 5.5504389374862 35.3684583625653
7.45466735378275 5.55483375018751 35.168606501793
7.46098553130299 5.55922856288881 34.9687546410207
7.46730370882323 5.56362337559012 34.7689027802484
7.47362188634347 5.56801818829142 34.5690509194762
7.47994006386371 5.57241300099273 34.3691990587039
7.48625824138395 5.57680781369404 34.1693471979316
7.49257641890418 5.58120262639534 33.9694953371593
7.49889459642442 5.58559743909665 33.769643476387
7.50521277394466 5.58999225179795 33.5697916156147
7.5115309514649 5.59438706449926 33.3699397548424
7.51784912898514 5.59878187720056 33.1700878940702
7.52416730650538 5.60317668990187 32.9702360332979
7.53048548402561 5.60757150260318 32.7703841725256
7.53680366154585 5.61196631530448 32.5705323117533
7.54312183906609 5.61636112800579 32.370680450981
7.54944001658633 5.62075594070709 32.1708285902087
7.55575819410657 5.6251507534084 31.9709767294365
7.56207637162681 5.62954556610971 31.7711248686642
7.56839454914704 5.63394037881101 31.5712730078919
7.57471272666728 5.63833519151232 31.3714211471196
7.58103090418752 5.64273000421362 31.1715692863473
7.58734908170776 5.64712481691493 30.9717174255751
7.593667259228 5.65151962961623 30.7718655648028
7.59998543674823 5.65591444231754 30.5720137040305
7.60630361426847 5.66030925501884 30.3721618432582
7.61262179178871 5.66470406772015 30.1723099824859
7.61893996930895 5.66909888042146 29.9724581217137
7.62525814682918 5.67349369312276 29.7726062609414
7.63157632434942 5.67788850582407 29.5727544001691
7.63789450186966 5.68228331852537 29.3729025393968
7.6442126793899 5.68667813122668 29.1730506786245
7.65053085691014 5.69107294392799 28.9731988178523
7.65684903443038 5.69546775662929 28.77334695708
7.66316721195061 5.6998625693306 28.5734950963077
7.66948538947085 5.7042573820319 28.3736432355354
7.67580356699109 5.70865219473321 28.1737913747631
7.68212174451133 5.71304700743452 27.9739395139909
7.68843992203157 5.71744182013582 27.7740876532186
7.69475809955181 5.72183663283713 27.5742357924463
7.70107627707204 5.72623144553843 27.374383931674
7.70739445459228 5.73062625823974 27.1745320709017
7.71371263211252 5.73502107094104 26.9746802101295
7.72003080963276 5.73941588364235 26.7748283493572
7.726348987153 5.74381069634366 26.5749764885849
7.73266716467323 5.74820550904496 26.3751246278126
7.73898534219347 5.75260032174627 26.1752727670403
7.74530351971371 5.75699513444757 25.975420906268
7.75162169723395 5.76138994714888 25.7755690454958
7.75793987475419 5.76578475985018 25.5757171847235
7.76425805227443 5.77017957255149 25.3758653239512
7.77057622979466 5.7745743852528 25.1760134631789
7.7768944073149 5.7789691979541 24.9761616024066
7.78321258483514 5.78336401065541 24.7763097416344
7.78953076235538 5.78775882335671 24.5764578808621
7.79584893987562 5.79215363605802 24.3766060200898
7.80216711739585 5.79654844875933 24.1767541593175
7.80848529491609 5.80094326146063 23.9769022985452
7.81480347243633 5.80533807416194 23.777050437773
7.82112164995657 5.80973288686324 23.5771985770007
7.82743982747681 5.81412769956455 23.3773467162284
7.83375800499705 5.81852251226585 23.1774948554561
7.84007618251728 5.82291732496716 22.9776429946838
7.84639436003752 5.82731213766847 22.7777911339115
7.85271253755776 5.83170695036977 22.5779392731393
7.859030715078 5.83610176307108 22.378087412367
7.86534889259824 5.84049657577238 22.1782355515947
7.87166707011847 5.84489138847369 21.9783836908224
7.87798524763871 5.849286201175 21.7785318300501
7.88430342515895 5.8536810138763 21.5786799692779
7.89062160267919 5.85807582657761 21.3788281085056
7.89693978019943 5.86247063927891 21.1789762477333
7.90325795771967 5.86686545198022 20.979124386961
7.9095761352399 5.87126026468153 20.7792725261887
7.91589431276014 5.87565507738283 20.5794206654164
7.92221249028038 5.88004989008414 20.3795688046441
7.92853066780062 5.88444470278544 20.1797169438719
26.2809664764547 5.11648174256693 55.1024399437069
26.0809666002547 5.11647685021648 55.1026624208423
25.8809667240548 5.11647195786603 55.1028848979777
25.6809668478549 5.11646706551559 55.1031073751131
25.4809669716549 5.11646217316514 55.1033298522484
25.280967095455 5.11645728081469 55.1035523293838
25.0809672192551 5.11645238846425 55.1037748065192
24.8809673430552 5.1164474961138 55.1039972836546
24.6809674668553 5.11644260376335 55.10421976079
24.4809675906553 5.11643771141291 55.1044422379254
24.2809677144554 5.11643281906246 55.1046647150607
24.0809678382554 5.11642792671201 55.1048871921961
23.8809679620555 5.11642303436157 55.1051096693315
23.6809680858556 5.11641814201112 55.1053321464669
23.4809682096556 5.11641324966067 55.1055546236023
23.2809683334557 5.11640835731023 55.1057771007376
23.0809684572558 5.11640346495978 55.105999577873
22.8809685810558 5.11639857260933 55.1062220550084
22.6809687048559 5.11639368025889 55.1064445321438
22.480968828656 5.11638878790844 55.1066670092792
22.280968952456 5.11638389555799 55.1068894864146
22.0809690762561 5.11637900320755 55.1071119635499
21.8809692000562 5.1163741108571 55.1073344406853
21.6809693238562 5.11636921850665 55.1075569178207
21.4809694476563 5.11636432615621 55.1077793949561
21.2809695714564 5.11635943380576 55.1080018720915
21.0809696952564 5.11635454145531 55.1082243492269
20.8809698190565 5.11634964910487 55.1084468263622
20.6809699428566 5.11634475675442 55.1086693034976
20.4809700666567 5.11633986440397 55.108891780633
20.2809701904567 5.11633497205352 55.1091142577684
20.0809703142568 5.11633007970308 55.1093367349038
19.8809704380568 5.11632518735263 55.1095592120391
19.6809705618569 5.11632029500219 55.1097816891745
19.480970685657 5.11631540265174 55.1100041663099
19.280970809457 5.11631051030129 55.1102266434453
19.0809709332571 5.11630561795084 55.1104491205807
18.8809710570572 5.1163007256004 55.1106715977161
18.6809711808572 5.11629583324995 55.1108940748514
18.4809713046573 5.1162909408995 55.1111165519868
18.2809714284574 5.11628604854906 55.1113390291222
18.0809715522574 5.11628115619861 55.1115615062576
17.8809716760575 5.11627626384816 55.111783983393
17.6809717998576 5.11627137149772 55.1120064605284
17.4809719236576 5.11626647914727 55.1122289376637
17.2809720474577 5.11626158679682 55.1124514147991
17.0809721712577 5.11625669444638 55.1126738919345
16.8809722950578 5.11625180209593 55.1128963690699
16.6809724188579 5.11624690974548 55.1131188462053
16.4809725426579 5.11624201739504 55.1133413233406
16.280972666458 5.11623712504459 55.113563800476
16.080972790258 5.11623223269414 55.1137862776114
15.8809729140581 5.1162273403437 55.1140087547468
15.6809730378582 5.11622244799325 55.1142312318822
15.4809731616582 5.1162175556428 55.1144537090176
15.2809732854583 5.11621266329236 55.1146761861529
15.0809734092584 5.11620777094191 55.1148986632883
14.8809735330584 5.11620287859146 55.1151211404237
14.6809736568585 5.11619798624102 55.1153436175591
14.4809737806586 5.11619309389057 55.1155660946945
14.2809739044586 5.11618820154012 55.1157885718299
14.0809740282587 5.11618330918968 55.1160110489652
13.8809741520588 5.11617841683923 55.1162335261006
13.6809742758588 5.11617352448878 55.116456003236
13.4809743996589 5.11616863213834 55.1166784803714
13.280974523459 5.11616373978789 55.1169009575068
13.080974647259 5.11615884743744 55.1171234346422
12.8809747710591 5.116153955087 55.1173459117775
12.6809748948592 5.11614906273655 55.1175683889129
12.4809750186592 5.1161441703861 55.1177908660483
12.2809751424593 5.11613927803566 55.1180133431837
12.0809752662594 5.11613438568521 55.1182358203191
11.8809753900594 5.11612949333476 55.1184582974544
11.6809755138595 5.11612460098432 55.1186807745898
11.4809756376596 5.11611970863387 55.1189032517252
11.2809757614596 5.11611481628342 55.1191257288606
11.0809758852597 5.11610992393298 55.119348205996
10.8809760090598 5.11610503158253 55.1195706831314
10.6809761328598 5.11610013923208 55.1197931602667
10.4809762566599 5.11609524688163 55.1200156374021
10.28097638046 5.11609035453119 55.1202381145375
10.08097650426 5.11608546218074 55.1204605916729
9.88097662806009 5.1160805698303 55.1206830688083
9.68097675186016 5.11607567747985 55.1209055459437
9.48097687566023 5.1160707851294 55.121128023079
9.28097699946029 5.11606589277895 55.1213505002144
9.08097712326035 5.11606100042851 55.1215729773498
8.88097724706042 5.11605610807806 55.1217954544852
8.68097737086049 5.11605121572762 55.1220179316206
8.48097749466056 5.11604632337717 55.1222404087559
8.28097761846061 5.11604143102672 55.1224628858913
8.08097774226069 5.11603653867627 55.1226853630267
7.88097786606076 5.11603164632583 55.1229078401621
7.68097798986082 5.11602675397538 55.1231303172975
7.48097811366089 5.11602186162493 55.1233527944329
7.28097823746095 5.11601696927449 55.1235752715682
7.08097836126101 5.11601207692404 55.1237977487036
6.88097848506108 5.11600718457359 55.124020225839
6.68097860886115 5.11600229222315 55.1242427029744
6.48097873266122 5.1159973998727 55.1244651801098
6.28097885646128 5.11599250752225 55.1246876572451
6.08097898026135 5.11598761517181 55.1249101343805
5.88097910406141 5.11598272282136 55.1251326115159
5.68097922786147 5.11597783047091 55.1253550886513
5.48097935166154 5.11597293812047 55.1255775657867
5.2809794754616 5.11596804577002 55.1258000429221
5.08097959926167 5.11596315341957 55.1260225200574
4.88097972306172 5.11595826106913 55.1262449971928
4.68097984686179 5.11595336871868 55.1264674743282
4.48097997066187 5.11594847636823 55.1266899514636
4.28098009446193 5.11594358401779 55.126912428599
4.08098021826199 5.11593869166734 55.1271349057344
3.88098034206206 5.11593379931689 55.1273573828697
3.68098046586212 5.11592890696645 55.1275798600051
3.48098058966219 5.115924014616 55.1278023371405
3.28098071346226 5.11591912226555 55.1280248142759
3.08098083726233 5.11591422991511 55.1282472914113
2.88098096106239 5.11590933756466 55.1284697685467
2.68098108486246 5.11590444521421 55.128692245682
2.48098120866252 5.11589955286377 55.1289147228174
2.28098133246259 5.11589466051332 55.1291371999528
2.08098145626266 5.11588976816287 55.1293596770882
1.88098158006273 5.11588487581243 55.1295821542236
1.6809817038628 5.11587998346198 55.129804631359
1.48098182766286 5.11587509111153 55.1300271084943
1.28098195146292 5.11587019876109 55.1302495856297
1.08098207526299 5.11586530641064 55.1304720627651
0.880982199063043 5.11586041406019 55.1306945399005
0.680982322863107 5.11585552170974 55.1309170170359
0.480982446663171 5.1158506293593 55.1311394941713
0.280982570463242 5.11584573700885 55.1313619713066
0.0809826942633127 5.1158408446584 55.131584448442
-0.11901718193663 5.11583595230796 55.1318069255774
-0.319017058136566 5.11583105995751 55.1320294027128
-0.519016934336503 5.11582616760707 55.1322518798482
-0.719016810536432 5.11582127525662 55.1324743569835
-0.919016686736375 5.11581638290617 55.1326968341189
-1.1190165629363 5.11581149055572 55.1329193112543
-1.31901643913624 5.11580659820528 55.1331417883897
-1.51901631533617 5.11580170585483 55.1333642655251
-1.71901619153611 5.11579681350438 55.1335867426605
-1.91901606773606 5.11579192115394 55.1338092197958
-2.11901594393599 5.11578702880349 55.1340316969312
-2.31901582013593 5.11578213645304 55.1342541740666
-2.51901569633586 5.1157772441026 55.134476651202
-2.7190155725358 5.11577235175215 55.1346991283374
-2.84114428391179 5.11458934698693 55.1884956652322
-3.02416698967085 5.11281649005086 55.2691154280383
-3.2071896954299 5.11104363311479 55.3497351908444
-3.39021240118896 5.10927077617872 55.4303549536505
-3.57323510694801 5.10749791924265 55.5109747164567
-3.75625781270707 5.10572506230658 55.5915944792628
-3.93928051846613 5.10395220537051 55.672214242069
-4.1223032242252 5.10217934843444 55.7528340048751
-4.30532592998424 5.10040649149837 55.8334537676812
-4.4883486357433 5.0986336345623 55.9140735304873
-4.67137134150237 5.09686077762623 55.9946932932935
-4.85439404726142 5.09508792069016 56.0753130560996
-5.03741675302048 5.09331506375409 56.1559328189057
-5.22043945877954 5.09154220681802 56.2365525817119
-5.4034621645386 5.08976934988195 56.317172344518
-5.58648487029766 5.08799649294588 56.3977921073242
-5.76950757605671 5.08622363600981 56.4784118701303
-5.95253028181578 5.08445077907374 56.5590316329364
-6.13555298757482 5.08267792213767 56.6396513957425
-6.31857569333389 5.0809050652016 56.7202711585487
-6.50159839909294 5.07913220826553 56.8008909213548
-6.68462110485199 5.07735935132946 56.8815106841609
-6.86764381061105 5.07558649439339 56.9621304469671
-7.05066651637009 5.07381363745732 57.0427502097732
-6.90326522543224 5.07381724315341 57.0425862425869
-6.70326534923231 5.07382213550386 57.0423637654515
-6.50326547303238 5.0738270278543 57.0421412883161
-6.30326559683246 5.07383192020475 57.0419188111808
-6.10326572063253 5.0738368125552 57.0416963340454
-5.90326584443259 5.07384170490564 57.04147385691
-5.70326596823266 5.07384659725609 57.0412513797746
-5.50326609203273 5.07385148960654 57.0410289026392
-5.30326621583279 5.07385638195698 57.0408064255038
-5.10326633963285 5.07386127430743 57.0405839483685
-4.90326646343292 5.07386616665788 57.0403614712331
-4.70326658723299 5.07387105900832 57.0401389940977
-4.50326671103306 5.07387595135877 57.0399165169623
-4.30326683483313 5.07388084370922 57.0396940398269
-4.1032669586332 5.07388573605966 57.0394715626915
-3.90326708243327 5.07389062841011 57.0392490855562
-3.70326720623333 5.07389552076056 57.0390266084208
-3.5032673300334 5.07390041311101 57.0388041312854
-3.30326745383348 5.07390530546145 57.03858165415
-3.10326757763354 5.0739101978119 57.0383591770146
-2.9032677014336 5.07391509016234 57.0381366998793
-2.70326782523368 5.07391998251279 57.0379142227439
-2.50326794903374 5.07392487486324 57.0376917456085
-2.30326807283381 5.07392976721369 57.0374692684731
-2.10326819663387 5.07393465956413 57.0372467913377
-1.90326832043393 5.07393955191458 57.0370243142023
-1.70326844423399 5.07394444426502 57.036801837067
-1.50326856803406 5.07394933661547 57.0365793599316
-1.30326869183412 5.07395422896592 57.0363568827962
-1.10326881563418 5.07395912131637 57.0361344056608
-0.90326893943425 5.07396401366681 57.0359119285254
-0.703269063234313 5.07396890601726 57.03568945139
-0.503269187034384 5.0739737983677 57.0354669742547
-0.303269310834442 5.07397869071815 57.0352444971193
-0.103269434634504 5.0739835830686 57.0350220199839
0.0967304415654242 5.07398847541905 57.0347995428485
0.296730317765358 5.07399336776949 57.0345770657131
0.496730193965287 5.07399826011994 57.0343545885777
0.696730070165224 5.07400315247039 57.0341321114424
0.896729946365154 5.07400804482083 57.033909634307
1.09672982256509 5.07401293717128 57.0336871571716
1.29672969876502 5.07401782952173 57.0334646800362
1.49672957496496 5.07402272187217 57.0332422029008
1.69672945116489 5.07402761422262 57.0330197257655
1.89672932736482 5.07403250657307 57.0327972486301
2.09672920356475 5.07403739892351 57.0325747714947
2.29672907976469 5.07404229127396 57.0323522943593
2.49672895596462 5.07404718362441 57.0321298172239
2.69672883216455 5.07405207597485 57.0319073400886
2.89672870836448 5.0740569683253 57.0316848629532
3.09672858456441 5.07406186067575 57.0314623858178
3.29672846076434 5.07406675302619 57.0312399086824
3.49672833696428 5.07407164537664 57.031017431547
3.69672821316422 5.07407653772709 57.0307949544116
3.89672808936415 5.07408143007753 57.0305724772763
4.09672796556409 5.07408632242798 57.0303500001409
4.29672784176403 5.07409121477843 57.0301275230055
4.49672771796396 5.07409610712887 57.0299050458701
4.69672759416389 5.07410099947932 57.0296825687347
4.89672747036383 5.07410589182977 57.0294600915993
5.09672734656376 5.07411078418021 57.029237614464
5.2967272227637 5.07411567653066 57.0290151373286
5.49672709896363 5.07412056888111 57.0287926601932
5.69672697516356 5.07412546123155 57.0285701830578
5.89672685136349 5.074130353582 57.0283477059224
6.09672672756342 5.07413524593245 57.028125228787
6.29672660376336 5.07414013828289 57.0279027516517
6.4967264799633 5.07414503063334 57.0276802745163
6.69672635616323 5.07414992298379 57.0274577973809
6.89672623236317 5.07415481533423 57.0272353202455
7.0967261085631 5.07415970768468 57.0270128431101
7.29672598476304 5.07416460003513 57.0267903659747
7.49672586096298 5.07416949238557 57.0265678888394
7.69672573716291 5.07417438473602 57.026345411704
7.89672561336285 5.07417927708647 57.0261229345686
8.09672548956278 5.07418416943691 57.0259004574332
8.29672536576271 5.07418906178736 57.0256779802978
8.49672524196265 5.07419395413781 57.0254555031625
8.69672511816258 5.07419884648825 57.0252330260271
8.89672499436252 5.0742037388387 57.0250105488917
9.09672487056245 5.07420863118915 57.0247880717563
9.29672474676238 5.0742135235396 57.0245655946209
9.49672462296231 5.07421841589004 57.0243431174855
9.69672449916225 5.07422330824049 57.0241206403502
9.89672437536218 5.07422820059094 57.0238981632148
10.0967242515621 5.07423309294138 57.0236756860794
10.2967241277621 5.07423798529183 57.023453208944
10.496724003962 5.07424287764228 57.0232307318086
10.6967238801619 5.07424776999272 57.0230082546733
10.8967237563619 5.07425266234317 57.0227857775379
11.0967236325618 5.07425755469362 57.0225633004025
11.2967235087617 5.07426244704406 57.0223408232671
11.4967233849617 5.07426733939451 57.0221183461317
11.6967232611616 5.07427223174496 57.0218958689963
11.8967231373615 5.0742771240954 57.021673391861
12.0967230135615 5.07428201644585 57.0214509147256
12.2967228897614 5.0742869087963 57.0212284375902
12.4967227659613 5.07429180114674 57.0210059604548
12.6967226421613 5.07429669349719 57.0207834833194
12.8967225183612 5.07430158584764 57.020561006184
13.0967223945612 5.07430647819808 57.0203385290487
13.2967222707611 5.07431137054853 57.0201160519133
13.496722146961 5.07431626289898 57.0198935747779
13.696722023161 5.07432115524942 57.0196710976425
13.8967218993609 5.07432604759987 57.0194486205071
14.0967217755609 5.07433093995032 57.0192261433717
14.2967216517608 5.07433583230076 57.0190036662364
14.4967215279607 5.07434072465121 57.018781189101
14.6967214041607 5.07434561700166 57.0185587119656
14.8967212803606 5.0743505093521 57.0183362348302
15.0967211565605 5.07435540170255 57.0181137576948
15.2967210327605 5.074360294053 57.0178912805595
15.4967209089604 5.07436518640344 57.0176688034241
15.6967207851603 5.07437007875389 57.0174463262887
15.8967206613603 5.07437497110434 57.0172238491533
16.0967205375602 5.07437986345478 57.0170013720179
16.2967204137601 5.07438475580523 57.0167788948825
16.4967202899601 5.07438964815568 57.0165564177472
16.69672016616 5.07439454050612 57.0163339406118
16.8967200423599 5.07439943285657 57.0161114634764
17.0967199185599 5.07440432520702 57.015888986341
17.2967197947598 5.07440921755746 57.0156665092056
17.4967196709597 5.07441410990791 57.0154440320702
17.6967195471597 5.07441900225836 57.0152215549349
17.8967194233596 5.0744238946088 57.0149990777995
18.0967192995595 5.07442878695925 57.0147766006641
18.2967191757595 5.0744336793097 57.0145541235287
18.4967190519594 5.07443857166014 57.0143316463933
18.6967189281593 5.07444346401059 57.014109169258
18.8967188043593 5.07444835636104 57.0138866921226
19.0967186805592 5.07445324871149 57.0136642149872
19.2967185567591 5.07445814106193 57.0134417378518
19.4967184329591 5.07446303341238 57.0132192607164
19.696718309159 5.07446792576282 57.012996783581
19.8967181853589 5.07447281811327 57.0127743064457
20.0967180615589 5.07447771046372 57.0125518293103
20.2967179377588 5.07448260281416 57.0123293521749
20.4967178139587 5.07448749516461 57.0121068750395
20.6967176901587 5.07449238751506 57.0118843979041
20.8967175663586 5.07449727986551 57.0116619207688
21.0967174425585 5.07450217221595 57.0114394436334
21.2967173187585 5.0745070645664 57.011216966498
21.4967171949584 5.07451195691685 57.0109944893626
21.6967170711583 5.07451684926729 57.0107720122272
21.8967169473583 5.07452174161774 57.0105495350918
22.0967168235582 5.07452663396819 57.0103270579565
22.2967166997582 5.07453152631863 57.0101045808211
22.4967165759581 5.07453641866908 57.0098821036857
22.696716452158 5.07454131101953 57.0096596265503
22.896716328358 5.07454620336997 57.0094371494149
23.0967162045579 5.07455109572042 57.0092146722795
23.2967160807578 5.07455598807087 57.0089921951442
23.4967159569578 5.07456088042131 57.0087697180088
23.6967158331577 5.07456577277176 57.0085472408734
23.8967157093576 5.07457066512221 57.008324763738
24.0967155855576 5.07457555747265 57.0081022866026
24.2967154617575 5.0745804498231 57.0078798094672
24.4967153379575 5.07458534217355 57.0076573323319
24.6967152141574 5.07459023452399 57.0074348551965
24.8967150903573 5.07459512687444 57.0072123780611
25.0967149665573 5.07460001922489 57.0069899009257
25.2967148427572 5.07460491157533 57.0067674237903
25.4967147189571 5.07460980392578 57.0065449466549
25.6967145951571 5.07461469627623 57.0063224695196
25.896714471357 5.07461958862667 57.0060999923842
26.0967143475569 5.07462448097712 57.0058775152488
26.2967142237569 5.07462937332757 57.0056550381134
26.4967140999568 5.07463426567801 57.005432560978
26.6967139761567 5.07463915802846 57.0052100838427
26.8967138523567 5.07464405037891 57.0049876067073
27.0967137285566 5.07464894272935 57.0047651295719
27.2967136047565 5.0746538350798 57.0045426524365
27.4967134809565 5.07465872743025 57.0043201753011
27.6967133571564 5.07466361978069 57.0040976981658
27.8967132333563 5.07466851213114 57.0038752210304
28.0967131095563 5.07467340448159 57.003652743895
28.2967129857562 5.07467829683203 57.0034302667596
28.4967128619561 5.07468318918248 57.0032077896242
28.6967127381561 5.07468808153293 57.0029853124888
28.896712614356 5.07469297388337 57.0027628353534
29.0967124905559 5.07469786623382 57.0025403582181
29.2967123667559 5.07470275858427 57.0023178810827
29.4967122429558 5.07470765093472 57.0020954039473
29.6967121191557 5.07471254328516 57.0018729268119
29.8967119953557 5.07471743563561 57.0016504496765
30.0967118715556 5.07472232798605 57.0014279725412
30.2967117477555 5.0747272203365 57.0012054954058
30.4967116239555 5.07473211268695 57.0009830182704
30.6967115001554 5.0747370050374 57.000760541135
30.5780346293227 5.07588076731579 56.9487485362662
30.39486184354 5.077646116548 56.8684701824546
30.2116890577573 5.07941146578022 56.7881918286429
30.0285162719746 5.08117681501243 56.7079134748313
29.845343486192 5.08294216424465 56.6276351210197
29.6621707004093 5.08470751347687 56.5473567672081
29.4789979146266 5.08647286270908 56.4670784133965
29.2958251288439 5.0882382119413 56.3868000595849
29.1126523430613 5.09000356117351 56.3065217057733
28.9294795572786 5.09176891040573 56.2262433519616
28.7463067714959 5.09353425963794 56.14596499815
28.5631339857132 5.09529960887016 56.0656866443384
28.3799611999306 5.09706495810237 55.9854082905268
28.1967884141479 5.09883030733459 55.9051299367152
28.0136156283652 5.10059565656681 55.8248515829036
27.8304428425825 5.10236100579902 55.744573229092
27.6472700567999 5.10412635503124 55.6642948752803
27.4640972710172 5.10589170426345 55.5840165214687
27.2809244852345 5.10765705349567 55.5037381676571
27.0977516994518 5.10942240272788 55.4234598138455
26.9145789136692 5.1111877519601 55.3431814600339
26.7314061278865 5.11295310119232 55.2629031062223
26.5482333421038 5.11471845042453 55.1826247524107
26.3650605563211 5.11648379965675 55.102346398599
4.96689215435303 5.1177844622372 55.0431994327084
5.12568959155207 5.12045755465604 54.9216419215628
5.28448702875113 5.12313064707488 54.8000844104171
5.44328446595018 5.12580373949373 54.6785268992714
5.60208190314924 5.12847683191257 54.5569693881257
5.7608793403483 5.13114992433142 54.43541187698
5.91967677754735 5.13382301675026 54.3138543658343
6.07847421474641 5.1364961091691 54.1922968546886
6.23727165194547 5.13916920158795 54.070739343543
6.39606908914453 5.14184229400679 53.9491818323973
6.55486652634359 5.14451538642563 53.8276243212516
6.71366396354265 5.14718847884448 53.7060668101059
6.8724614007417 5.14986157126332 53.5845092989602
6.82951697282888 5.15083440401929 53.5402702267371
6.69022837052213 5.15398974969374 53.3967824953414
6.55093976821538 5.1571450953682 53.2532947639456
6.41165116590862 5.16030044104265 53.1098070325498
6.27236256360187 5.16345578671711 52.966319301154
6.13307396129511 5.16661113239156 52.8228315697583
5.99378535898836 5.16976647806602 52.6793438383625
5.8544967566816 5.17292182374048 52.5358561069667
5.71520815437484 5.17607716941493 52.3923683755709
5.5759195520681 5.17923251508939 52.2488806441752
5.43663094976134 5.18238786076384 52.1053929127794
5.29734234745459 5.1855432064383 51.9619051813836
5.15805374514784 5.18869855211275 51.8184174499878
5.01876514284109 5.19185389778721 51.6749297185921
4.87947654053433 5.19500924346166 51.5314419871963
4.74018793822758 5.19816458913612 51.3879542558005
4.75699343674613 5.19844221597736 51.3753293171303
4.91688437464896 5.20108361432582 51.2552130776315
5.07677531255177 5.20372501267429 51.1350968381328
5.2366662504546 5.20636641102276 51.014980598634
5.39655718835742 5.20900780937123 50.8948643591353
5.55644812626024 5.2116492077197 50.7747481196365
5.71633906416306 5.21429060606816 50.6546318801378
5.87623000206588 5.21693200441663 50.534515640639
6.03612093996869 5.2195734027651 50.4143994011403
6.19601187787151 5.22221480111357 50.2942831616415
6.35590281577433 5.22485619946204 50.1741669221428
6.51579375367715 5.2274975978105 50.054050682644
6.67568469157997 5.23013899615897 49.9339344431453
6.83557562948278 5.23278039450744 49.8138182036465
6.99546656738561 5.23542179285591 49.6937019641478
6.99463655962998 5.23543601322966 49.6930552999215
6.83688214803052 5.23813879122019 49.5701478525799
6.67912773643106 5.24084156921072 49.4472404052382
6.52137332483159 5.24354434720126 49.3243329578966
6.36361891323213 5.24624712519179 49.2014255105549
6.20586450163266 5.24894990318232 49.0785180632133
6.0481100900332 5.25165268117285 48.9556106158716
5.89035567843372 5.25435545916338 48.8327031685299
5.73260126683426 5.25705823715391 48.7097957211883
5.57484685523478 5.25976101514445 48.5868882738466
5.41709244363532 5.26246379313498 48.463980826505
5.25933803203585 5.26516657112551 48.3410733791633
5.1015836204364 5.26786934911604 48.2181659318217
4.94382920883693 5.27057212710658 48.09525848448
4.78607479723747 5.27327490509711 47.9723510371384
4.62832038563801 5.27597768308764 47.8494435897967
4.63685654688927 5.27613055730114 47.8424917130938
4.7919198506234 5.27890758785422 47.7162076684312
4.94698315435753 5.28168461840731 47.5899236237685
5.10204645809167 5.2844616489604 47.4636395791058
5.2571097618258 5.28723867951348 47.3373555344432
5.41217306555993 5.29001571006657 47.2110714897805
5.56723636929407 5.29279274061965 47.0847874451178
5.72229967302821 5.29556977117274 46.9585034004551
5.87736297676235 5.29834680172583 46.8322193557924
6.03242628049647 5.30112383227891 46.7059353111298
6.1874895842306 5.303900862832 46.5796512664671
6.34255288796473 5.30667789338509 46.4533672218044
6.49761619169887 5.30945492393817 46.3270831771418
6.65267949543301 5.31223195449126 46.2007991324791
6.80774279916714 5.31500898504435 46.0745150878164
6.96280610290128 5.31778601559743 45.9482310431537
7.11786940663541 5.32056304615052 45.8219469984911
7.06929387157147 5.32135824606576 45.7857856888865
6.90888015757742 5.3239842793478 45.6663681679281
6.74846644358336 5.32661031262984 45.5469506469698
6.58805272958931 5.32923634591188 45.4275331260115
6.42763901559526 5.33186237919393 45.3081156050531
6.26722530160121 5.33448841247597 45.1886980840948
6.10681158760715 5.33711444575801 45.0692805631364
5.94639787361311 5.33974047904005 44.9498630421781
5.78598415961906 5.3423665123221 44.8304455212197
5.62557044562501 5.34499254560414 44.7110280002614
5.46515673163096 5.34761857888618 44.5916104793031
5.3047430176369 5.35024461216823 44.4721929583447
5.14432930364285 5.35287064545027 44.3527754373864
4.9839155896488 5.35549667873231 44.233357916428
4.82350187565473 5.35812271201435 44.1139403954697
4.66308816166068 5.3607487452964 43.9945228745113
4.50267444766663 5.36337477857844 43.875105353553
4.56787559065825 5.36432323016039 43.8319750027535
4.73467031642459 5.36674951771082 43.7216408168216
4.90146504219095 5.36917580526125 43.6113066308897
5.06825976795731 5.37160209281167 43.5009724449578
5.23505449372366 5.3740283803621 43.3906382590259
5.40184921949001 5.37645466791253 43.2803040730941
5.56864394525636 5.37888095546296 43.1699698871622
5.73543867102271 5.38130724301339 43.0596357012303
5.90223339678906 5.38373353056382 42.9493015152984
6.06902812255541 5.38615981811424 42.8389673293665
6.23582284832176 5.38858610566467 42.7286331434346
6.40261757408811 5.3910123932151 42.6182989575027
6.56941229985446 5.39343868076553 42.5079647715709
6.73620702562081 5.39586496831596 42.397630585639
6.90300175138715 5.39829125586639 42.2872963997071
7.0697964771535 5.40071754341681 42.1769622137752
7.23659120291984 5.40314383096724 42.0666280278433
7.21067610860083 5.4035251759395 42.0492865601901
7.0444703700459 5.40597092134092 41.938067538432
6.87826463149097 5.40841666674234 41.8268485166738
6.71205889293603 5.41086241214376 41.7156294949157
6.54585315438109 5.41330815754519 41.6044104731575
6.37964741582616 5.41575390294661 41.4931914513994
6.21344167727121 5.41819964834803 41.3819724296413
6.04723593871628 5.42064539374945 41.2707534078831
5.88103020016135 5.42309113915088 41.159534386125
5.71482446160642 5.4255368845523 41.0483153643668
5.54861872305148 5.42798262995372 40.9370963426087
5.38241298449655 5.43042837535514 40.8258773208505
5.21620724594162 5.43287412075657 40.7146582990924
5.05000150738668 5.43531986615799 40.6034392773343
4.88379576883174 5.43776561155941 40.4922202555761
4.7175900302768 5.44021135696083 40.381001233818
4.55138429172186 5.44265710236225 40.2697822120598
4.38517855316691 5.44510284776368 40.1585631903017
4.39311414022894 5.44520186099128 40.1540606143963
4.5670543097904 5.44737213238564 40.0553686322751
4.74099447935186 5.44954240377999 39.9566766501539
4.91493464891333 5.45171267517435 39.8579846680328
5.0888748184748 5.45388294656871 39.7592926859116
5.26281498803626 5.45605321796307 39.6606007037904
5.43675515759773 5.45822348935742 39.5619087216692
5.6106953271592 5.46039376075178 39.4632167395481
5.78463549672065 5.46256403214614 39.3645247574269
5.95857566628212 5.4647343035405 39.2658327753057
6.13251583584359 5.46690457493485 39.1671407931846
6.30645600540504 5.46907484632921 39.0684488110634
6.4803961749665 5.47124511772357 38.9697568289422
6.65433634452795 5.47341538911793 38.8710648468211
6.82827651408942 5.47558566051228 38.7723728646999
7.00221668365088 5.47775593190664 38.6736808825787
7.17615685321234 5.479926203301 38.5749889004575
7.35009702277381 5.48209647469536 38.4762969183364
7.23280670921499 5.48386702649473 38.3957819804429
7.06793096537387 5.48635590248179 38.282601617353
6.90305522153275 5.48884477846886 38.1694212542631
6.73817947769164 5.49133365445592 38.0562408911732
6.57330373385052 5.49382253044298 37.9430605280833
6.40842799000941 5.49631140643004 37.8298801649934
6.24355224616829 5.49880028241711 37.7166998019035
6.07867650232718 5.50128915840417 37.6035194388136
5.91380075848607 5.50377803439123 37.4903390757238
5.74892501464495 5.50626691037829 37.3771587126339
5.58404927080383 5.50875578636536 37.263978349544
5.41917352696271 5.51124466235242 37.1507979864541
5.2542977831216 5.51373353833948 37.0376176233642
5.08942203928047 5.51622241432654 36.9244372602743
4.92454629543935 5.5187112903136 36.8112568971844
4.75967055159824 5.52120016630067 36.6980765340945
4.59479480775713 5.52368904228773 36.5848961710046
4.42991906391601 5.52617791827479 36.4717158079147
4.26504332007489 5.52866679426185 36.3585354448249
4.35631346037502 5.5298230400025 36.305955760892
4.52960270302421 5.53201833572632 36.2061258101821
4.7028919456734 5.53421363145014 36.1062958594721
4.87618118832258 5.53640892717396 36.0064659087621
5.04947043097177 5.53860422289778 35.9066359580521
5.22275967362097 5.5407995186216 35.8068060073422
5.39604891627016 5.54299481434542 35.7069760566322
5.56933815891935 5.54519011006924 35.6071461059222
5.74262740156854 5.54738540579307 35.5073161552123
5.91591664421774 5.54958070151689 35.4074862045023
6.08920588686692 5.55177599724071 35.3076562537923
6.26249512951611 5.55397129296453 35.2078263030823
6.4357843721653 5.55616658868835 35.1079963523724
6.6090736148145 5.55836188441217 35.0081664016624
6.78236285746369 5.56055718013599 34.9083364509524
6.95565210011287 5.56275247585981 34.8085065002425
7.12894134276206 5.56494777158363 34.7086765495325
7.30223058541125 5.56714306730745 34.6088465988225
7.47551982806044 5.56933836303127 34.5090166481125
7.45839072968089 5.56955043844766 34.4993726269742
7.28412448410543 5.57170802933628 34.4012572843687
7.10985823852996 5.5738656202249 34.3031419417633
6.93559199295449 5.57602321111351 34.2050265991578
6.76132574737902 5.57818080200213 34.1069112565523
6.58705950180354 5.58033839289075 34.0087959139468
6.41279325622807 5.58249598377937 33.9106805713414
6.23852701065261 5.58465357466798 33.8125652287359
6.06426076507713 5.5868111655566 33.7144498861304
5.88999451950166 5.58896875644522 33.616334543525
5.7157282739262 5.59112634733384 33.5182192009195
5.54146202835074 5.59328393822245 33.420103858314
5.36719578277528 5.59544152911107 33.3219885157086
5.19292953719981 5.59759911999969 33.2238731731031
5.01866329162435 5.5997567108883 33.1257578304976
4.84439704604888 5.60191430177692 33.0276424878922
4.6701308004734 5.60407189266554 32.9295271452867
4.49586455489794 5.60622948355416 32.8314118026812
4.32159830932247 5.60838707444277 32.7332964600758
4.14733206374699 5.61054466533139 32.6351811174703
4.23712313224055 5.61180988269425 32.5776460047283
4.405506929987 5.61418252518652 32.4697513003908
4.57389072773346 5.61655516767878 32.3618565960532
4.74227452547991 5.61892781017104 32.2539618917157
4.91065832322636 5.62130045266331 32.1460671873782
5.07904212097283 5.62367309515557 32.0381724830406
5.24742591871928 5.62604573764783 31.9302777787031
5.41580971646574 5.6284183801401 31.8223830743655
5.58419351421219 5.63079102263236 31.714488370028
5.75257731195866 5.63316366512463 31.6065936656904
5.92096110970511 5.63553630761689 31.4986989613529
6.08934490745157 5.63790895010915 31.3908042570154
6.25772870519802 5.64028159260142 31.2829095526778
6.42611250294448 5.64265423509368 31.1750148483403
6.59449630069094 5.64502687758594 31.0671201440027
6.7628800984374 5.64739952007821 30.9592254396652
6.93126389618387 5.64977216257047 30.8513307353277
7.09964769393032 5.65214480506273 30.7434360309901
7.26803149167677 5.654517447555 30.6355413266526
7.43641528942322 5.65689009004726 30.527646622315
7.60479908716967 5.65926273253952 30.4197519179775
7.53501234844041 5.6602508876437 30.374816069803
7.36686856545955 5.6626317430958 30.2665478853156
7.19872478247868 5.66501259854791 30.1582797008282
7.03058099949783 5.66739345400001 30.0500115163408
6.86243721651696 5.66977430945211 29.9417433318534
6.6942934335361 5.67215516490421 29.8334751473659
6.52614965055523 5.67453602035632 29.7252069628785
6.35800586757436 5.67691687580842 29.6169387783911
6.18986208459349 5.67929773126052 29.5086705939037
6.02171830161263 5.68167858671263 29.4004024094163
5.85357451863176 5.68405944216473 29.2921342249289
5.6854307356509 5.68644029761683 29.1838660404415
5.51728695267003 5.68882115306894 29.0755978559541
5.34914316968916 5.69120200852104 28.9673296714667
5.1809993867083 5.69358286397314 28.8590614869793
5.01285560372743 5.69596371942524 28.7507933024918
4.84471182074657 5.69834457487735 28.6425251180044
4.67656803776571 5.70072543032945 28.534256933517
4.50842425478484 5.70310628578155 28.4259887490296
4.34028047180397 5.70548714123366 28.3177205645422
4.17213668882311 5.70786799668576 28.2094523800548
4.00399290584224 5.71024885213786 28.1011841955674
4.14457544557473 5.71239186094089 28.0037319658488
4.30893208943569 5.71489727687165 27.8897994572756
4.47328873329665 5.7174026928024 27.7758669487025
4.63764537715761 5.71990810873315 27.6619344401293
4.80200202101857 5.7224135246639 27.5480019315561
4.96635866487953 5.72491894059465 27.4340694229829
5.13071530874048 5.7274243565254 27.3201369144098
5.29507195260144 5.72992977245615 27.2062044058366
5.45942859646241 5.7324351883869 27.0922718972634
5.62378524032336 5.73494060431765 26.9783393886902
5.7881418841843 5.7374460202484 26.8644068801171
5.95249852804525 5.73995143617915 26.7504743715439
6.11685517190621 5.7424568521099 26.6365418629707
6.28121181576716 5.74496226804065 26.5226093543976
6.44556845962812 5.7474676839714 26.4086768458244
6.60992510348908 5.74997309990215 26.2947443372512
6.77428174735004 5.7524785158329 26.180811828678
6.93863839121099 5.75498393176366 26.0668793201049
7.10299503507195 5.75748934769441 25.9529468115317
7.26735167893291 5.75999476362516 25.8390143029585
7.43170832279387 5.76250017955591 25.7250817943853
7.59606496665482 5.76500559548666 25.6111492858122
7.76042161051577 5.76751101141741 25.497216777239
7.68511971250926 5.76873865895504 25.4413901330922
7.52447049660229 5.77135772460346 25.3222894617104
7.36382128069531 5.77397679025189 25.2031887903285
7.20317206478834 5.77659585590032 25.0840881189467
7.04252284888136 5.77921492154875 24.9649874475649
6.88187363297439 5.78183398719717 24.845886776183
6.72122441706742 5.7844530528456 24.7267861048012
6.56057520116045 5.78707211849403 24.6076854334194
6.39992598525347 5.78969118414245 24.4885847620375
6.2392767693465 5.79231024979088 24.3694840906557
6.07862755343952 5.79492931543931 24.2503834192739
5.91797833753255 5.79754838108774 24.1312827478921
5.75732912162557 5.80016744673616 24.0121820765102
5.59667990571859 5.80278651238459 23.8930814051284
5.43603068981162 5.80540557803302 23.7739807337465
5.27538147390464 5.80802464368144 23.6548800623647
5.11473225799767 5.81064370932987 23.5357793909829
4.9540830420907 5.8132627749783 23.4166787196011
4.79343382618373 5.81588184062673 23.2975780482192
4.63278461027675 5.81850090627515 23.1784773768374
4.47213539436978 5.82111997192358 23.0593767054556
4.31148617846281 5.82373903757201 22.9402760340737
4.15083696255583 5.82635810322043 22.8211753626919
3.99018774664885 5.82897716886886 22.7020746913101
3.82953853074188 5.83159623451729 22.5829740199282
3.96053422556649 5.83328516720848 22.5061706692524
4.13305581001145 5.83550949484226 22.4050205072793
4.30557739445642 5.83773382247604 22.3038703453062
4.47809897890138 5.83995815010982 22.2027201833332
4.65062056334634 5.8421824777436 22.1015700213601
4.82314214779131 5.84440680537738 22.000419859387
4.99566373223627 5.84663113301116 21.899269697414
5.16818531668123 5.84885546064494 21.7981195354409
5.34070690112619 5.85107978827873 21.6969693734678
5.51322848557116 5.85330411591251 21.5958192114948
5.68575007001612 5.85552844354629 21.4946690495217
5.85827165446108 5.85775277118007 21.3935188875486
6.03079323890604 5.85997709881385 21.2923687255756
6.203314823351 5.86220142644763 21.1912185636025
6.37583640779597 5.86442575408141 21.0900684016294
6.54835799224093 5.86665008171519 20.9889182396564
6.72087957668589 5.86887440934897 20.8877680776833
6.89340116113085 5.87109873698276 20.7866179157103
7.06592274557581 5.87332306461654 20.6854677537372
7.23844433002077 5.87554739225032 20.5843175917641
7.41096591446574 5.8777717198841 20.4831674297911
7.5834874989107 5.87999604751788 20.382017267818
7.75600908335566 5.88222037515166 20.2808671058449
7.92853066780062 5.88444470278544 20.1797169438719
5.82406467280726 5.02609445777325 59.212755509784
5.77807931667066 5.03037366016733 59.0181609686276
5.73209396053406 5.03465286256142 58.8235664274712
5.68610860439746 5.0389320649555 58.6289718863148
5.64012324826086 5.04321126734959 58.4343773451584
5.59413789212426 5.04749046974367 58.2397828040021
5.54815253598766 5.05176967213775 58.0451882628457
5.50216717985106 5.05604887453184 57.8505937216893
5.45618182371446 5.06032807692592 57.6559991805329
5.41019646757786 5.06460727932 57.4614046393765
5.36421111144126 5.06888648171409 57.2668100982202
5.31822575530467 5.07316568410817 57.0722155570638
5.27224039916807 5.07744488650226 56.8776210159074
5.22625504303147 5.08172408889634 56.683026474751
5.18026968689487 5.08600329129042 56.4884319335946
5.13428433075827 5.09028249368451 56.2938373924383
5.08829897462167 5.09456169607859 56.0992428512819
5.04231361848507 5.09884089847267 55.9046483101255
4.99632826234847 5.10312010086676 55.7100537689691
4.95034290621187 5.10739930326084 55.5154592278127
4.90435755007527 5.11167850565493 55.3208646866564
4.85837219393867 5.11595770804901 55.1262701455
4.85292411900395 5.11974729275822 54.9539407182493
4.84660594148371 5.12414210545953 54.754088857477
4.84028776396348 5.12853691816083 54.5542369967047
4.83396958644324 5.13293173086214 54.3543851359324
4.827651408923 5.13732654356344 54.1545332751602
4.82133323140276 5.14172135626475 53.9546814143879
4.81501505388252 5.14611616896606 53.7548295536156
4.80869687636228 5.15051098166736 53.5549776928433
4.80237869884205 5.15490579436867 53.355125832071
4.79606052132181 5.15930060706997 53.1552739712987
4.78974234380157 5.16369541977128 52.9554221105265
4.78342416628133 5.16809023247258 52.7555702497542
4.77710598876109 5.17248504517389 52.5557183889819
4.77078781124085 5.1768798578752 52.3558665282096
4.76446963372062 5.1812746705765 52.1560146674373
4.75815145620038 5.18566948327781 51.9561628066651
4.75183327868014 5.19006429597911 51.7563109458928
4.7455151011599 5.19445910868042 51.5564590851205
4.73919692363966 5.19885392138173 51.3566072243482
4.73287874611942 5.20324873408303 51.1567553635759
4.72656056859918 5.20764354678434 50.9569035028036
4.72024239107895 5.21203835948565 50.7570516420313
4.71392421355871 5.21643317218695 50.557199781259
4.70760603603847 5.22082798488826 50.3573479204867
4.70128785851823 5.22522279758956 50.1574960597144
4.69496968099799 5.22961761029087 49.9576441989421
4.68865150347775 5.23401242299218 49.7577923381698
4.68233332595752 5.23840723569348 49.5579404773976
4.67601514843728 5.24280204839479 49.3580886166253
4.66969697091704 5.24719686109609 49.158236755853
4.6633787933968 5.2515916737974 48.9583848950807
4.65706061587656 5.2559864864987 48.7585330343084
4.65074243835632 5.26038129920001 48.5586811735361
4.64442426083609 5.26477611190132 48.3588293127638
4.63810608331585 5.26917092460262 48.1589774519915
4.63178790579561 5.27356573730393 47.9591255912193
4.62546972827537 5.27796055000523 47.759273730447
4.61915155075513 5.28235536270654 47.5594218696747
4.61283337323489 5.28675017540785 47.3595700089024
4.60651519571466 5.29114498810915 47.1597181481301
4.60019701819442 5.29553980081046 46.9598662873578
4.59387884067418 5.29993461351176 46.7600144265856
4.58756066315394 5.30432942621307 46.5601625658133
4.5812424856337 5.30872423891437 46.360310705041
4.57492430811346 5.31311905161568 46.1604588442687
4.56860613059323 5.31751386431699 45.9606069834964
4.56228795307299 5.32190867701829 45.7607551227242
4.55596977555275 5.3263034897196 45.5609032619519
4.54965159803251 5.3306983024209 45.3610514011796
4.54333342051227 5.33509311512221 45.1611995404073
4.53701524299204 5.33948792782352 44.961347679635
4.5306970654718 5.34388274052482 44.7614958188627
4.52437888795156 5.34827755322613 44.5616439580904
4.51806071043132 5.35267236592744 44.3617920973181
4.51174253291108 5.35706717862874 44.1619402365458
4.50542435539084 5.36146199133005 43.9620883757735
4.4991061778706 5.36585680403135 43.7622365150012
4.49278800035037 5.37025161673266 43.5623846542289
4.48646982283013 5.37464642943397 43.3625327934567
4.48015164530989 5.37904124213527 43.1626809326844
4.47383346778965 5.38343605483658 42.9628290719121
4.46751529026941 5.38783086753788 42.7629772111398
4.46119711274917 5.39222568023919 42.5631253503675
4.45487893522894 5.39662049294049 42.3632734895952
4.4485607577087 5.4010153056418 42.163421628823
4.44224258018846 5.40541011834311 41.9635697680507
4.43592440266822 5.40980493104441 41.7637179072784
4.42960622514798 5.41419974374572 41.5638660465061
4.42328804762774 5.41859455644702 41.3640141857338
4.41696987010751 5.42298936914833 41.1641623249616
4.41065169258727 5.42738418184963 40.9643104641893
4.40433351506703 5.43177899455094 40.764458603417
4.39801533754679 5.43617380725225 40.5646067426447
4.39169716002655 5.44056861995355 40.3647548818724
4.38537898250631 5.44496343265486 40.1649030211001
4.37906080498608 5.44935824535616 39.9650511603278
4.37274262746584 5.45375305805747 39.7651992995555
4.3664244499456 5.45814787075878 39.5653474387833
4.36010627242536 5.46254268346008 39.365495578011
4.35378809490512 5.46693749616139 39.1656437172387
4.34746991738488 5.47133230886269 38.9657918564664
4.34115173986465 5.475727121564 38.7659399956941
4.33483356234441 5.48012193426531 38.5660881349218
4.32851538482417 5.48451674696661 38.3662362741495
4.32219720730393 5.48891155966792 38.1663844133772
4.31587902978369 5.49330637236922 37.9665325526049
4.30956085226345 5.49770118507053 37.7666806918327
4.30324267474322 5.50209599777184 37.5668288310604
4.29692449722298 5.50649081047314 37.3669769702881
4.29060631970274 5.51088562317445 37.1671251095158
4.2842881421825 5.51528043587575 36.9672732487435
4.27796996466226 5.51967524857706 36.7674213879712
4.27165178714202 5.52407006127837 36.5675695271989
4.26533360962179 5.52846487397967 36.3677176664267
4.25901543210155 5.53285968668098 36.1678658056544
4.25269725458131 5.53725449938228 35.9680139448821
4.24637907706107 5.54164931208359 35.7681620841098
4.24006089954083 5.5460441247849 35.5683102233375
4.23374272202059 5.5504389374862 35.3684583625652
4.22742454450036 5.55483375018751 35.168606501793
4.22110636698012 5.55922856288881 34.9687546410207
4.21478818945988 5.56362337559012 34.7689027802484
4.20847001193964 5.56801818829142 34.5690509194761
4.2021518344194 5.57241300099273 34.3691990587038
4.19583365689916 5.57680781369404 34.1693471979315
4.18951547937893 5.58120262639534 33.9694953371593
4.18319730185869 5.58559743909665 33.769643476387
4.17687912433845 5.58999225179795 33.5697916156147
4.17056094681821 5.59438706449926 33.3699397548424
4.16424276929797 5.59878187720057 33.1700878940701
4.15792459177773 5.60317668990187 32.9702360332978
4.1516064142575 5.60757150260318 32.7703841725255
4.14528823673726 5.61196631530448 32.5705323117532
4.13897005921702 5.61636112800579 32.370680450981
4.13265188169678 5.6207559407071 32.1708285902087
4.12633370417654 5.6251507534084 31.9709767294364
4.1200155266563 5.62954556610971 31.7711248686641
4.11369734913607 5.63394037881101 31.5712730078918
4.10737917161583 5.63833519151232 31.3714211471195
4.10106099409559 5.64273000421363 31.1715692863472
4.09474281657535 5.64712481691493 30.971717425575
4.08842463905511 5.65151962961624 30.7718655648027
4.08210646153488 5.65591444231754 30.5720137040304
4.07578828401464 5.66030925501885 30.3721618432581
4.0694701064944 5.66470406772015 30.1723099824859
4.06315192897416 5.66909888042146 29.9724581217136
4.05683375145392 5.67349369312277 29.7726062609413
4.05051557393369 5.67788850582407 29.572754400169
4.04419739641345 5.68228331852538 29.3729025393968
4.03787921889321 5.68667813122668 29.1730506786245
4.03156104137297 5.69107294392799 28.9731988178522
4.02524286385273 5.69546775662929 28.7733469570799
4.01892468633249 5.6998625693306 28.5734950963076
4.01260650881226 5.70425738203191 28.3736432355354
4.00628833129202 5.70865219473321 28.1737913747631
3.99997015377178 5.71304700743452 27.9739395139908
3.99365197625154 5.71744182013582 27.7740876532185
3.9873337987313 5.72183663283713 27.5742357924462
3.98101562121107 5.72623144553843 27.374383931674
3.97469744369083 5.73062625823974 27.1745320709017
3.96837926617059 5.73502107094105 26.9746802101294
3.96206108865035 5.73941588364235 26.7748283493571
3.95574291113011 5.74381069634366 26.5749764885848
3.94942473360988 5.74820550904496 26.3751246278125
3.94310655608964 5.75260032174627 26.1752727670403
3.9367883785694 5.75699513444757 25.975420906268
3.93047020104916 5.76138994714888 25.7755690454957
3.92415202352892 5.76578475985019 25.5757171847234
3.91783384600868 5.77017957255149 25.3758653239511
3.91151566848845 5.7745743852528 25.1760134631789
3.90519749096821 5.7789691979541 24.9761616024066
3.89887931344797 5.78336401065541 24.7763097416343
3.89256113592773 5.78775882335672 24.576457880862
3.88624295840749 5.79215363605802 24.3766060200897
3.87992478088726 5.79654844875933 24.1767541593175
3.87360660336702 5.80094326146063 23.9769022985452
3.86728842584678 5.80533807416194 23.7770504377729
3.86097024832654 5.80973288686324 23.5771985770006
3.8546520708063 5.81412769956455 23.3773467162283
3.84833389328606 5.81852251226586 23.1774948554561
3.84201571576583 5.82291732496716 22.9776429946838
3.83569753824559 5.82731213766847 22.7777911339115
3.82937936072535 5.83170695036977 22.5779392731392
3.82306118320511 5.83610176307108 22.3780874123669
3.81674300568487 5.84049657577239 22.1782355515947
3.81042482816464 5.84489138847369 21.9783836908224
3.8041066506444 5.849286201175 21.7785318300501
3.79778847312416 5.8536810138763 21.5786799692778
3.79147029560392 5.85807582657761 21.3788281085056
3.78515211808368 5.86247063927891 21.1789762477333
3.77883394056345 5.86686545198022 20.979124386961
3.77251576304321 5.87126026468153 20.7792725261887
3.76619758552297 5.87565507738283 20.5794206654164
3.75987940800273 5.88004989008414 20.3795688046441
3.75356123048249 5.88444470278544 20.1797169438719
26.789928106598 5.61109854324857 32.6099938023532
26.589928230398 5.61109365089812 32.6102162794886
26.3899283541981 5.61108875854767 32.6104387566239
26.1899284779982 5.61108386619723 32.6106612337593
25.9899286017982 5.61107897384678 32.6108837108947
25.7899287255983 5.61107408149634 32.6111061880301
25.5899288493984 5.61106918914589 32.6113286651655
25.3899289731984 5.61106429679544 32.6115511423008
25.1899290969985 5.61105940444499 32.6117736194362
24.9899292207986 5.61105451209455 32.6119960965716
24.7899293445986 5.6110496197441 32.612218573707
24.5899294683987 5.61104472739365 32.6124410508424
24.3899295921988 5.61103983504321 32.6126635279778
24.1899297159989 5.61103494269276 32.6128860051131
23.9899298397989 5.61103005034231 32.6131084822485
23.789929963599 5.61102515799187 32.6133309593839
23.5899300873991 5.61102026564142 32.6135534365193
23.3899302111991 5.61101537329097 32.6137759136547
23.1899303349992 5.61101048094053 32.6139983907901
22.9899304587993 5.61100558859008 32.6142208679254
22.7899305825993 5.61100069623963 32.6144433450608
22.5899307063994 5.61099580388919 32.6146658221962
22.3899308301995 5.61099091153874 32.6148882993316
22.1899309539995 5.61098601918829 32.615110776467
21.9899310777996 5.61098112683785 32.6153332536024
21.7899312015997 5.6109762344874 32.6155557307377
21.5899313253997 5.61097134213695 32.6157782078731
21.3899314491998 5.61096644978651 32.6160006850085
21.1899315729999 5.61096155743606 32.6162231621439
20.9899316967999 5.61095666508561 32.6164456392793
20.7899318206 5.61095177273517 32.6166681164146
20.5899319444001 5.61094688038472 32.61689059355
20.3899320682001 5.61094198803427 32.6171130706854
20.1899321920002 5.61093709568383 32.6173355478208
19.9899323158003 5.61093220333338 32.6175580249562
19.7899324396003 5.61092731098293 32.6177805020916
19.5899325634004 5.61092241863249 32.6180029792269
19.3899326872005 5.61091752628204 32.6182254563623
19.1899328110005 5.61091263393159 32.6184479334977
18.9899329348006 5.61090774158115 32.6186704106331
18.7899330586007 5.6109028492307 32.6188928877685
18.5899331824007 5.61089795688025 32.6191153649038
18.3899333062008 5.61089306452981 32.6193378420392
18.1899334300009 5.61088817217936 32.6195603191746
17.989933553801 5.61088327982891 32.61978279631
17.789933677601 5.61087838747847 32.6200052734454
17.5899338014011 5.61087349512802 32.6202277505808
17.3899339252012 5.61086860277757 32.6204502277161
17.1899340490012 5.61086371042713 32.6206727048515
16.9899341728013 5.61085881807668 32.6208951819869
16.7899342966014 5.61085392572623 32.6211176591223
16.5899344204014 5.61084903337578 32.6213401362577
16.3899345442015 5.61084414102534 32.6215626133931
16.1899346680016 5.61083924867489 32.6217850905284
15.9899347918016 5.61083435632444 32.6220075676638
15.7899349156017 5.610829463974 32.6222300447992
15.5899350394018 5.61082457162355 32.6224525219346
15.3899351632018 5.6108196792731 32.62267499907
15.1899352870019 5.61081478692266 32.6228974762054
14.989935410802 5.61080989457221 32.6231199533407
14.789935534602 5.61080500222177 32.6233424304761
14.5899356584021 5.61080010987132 32.6235649076115
14.3899357822022 5.61079521752087 32.6237873847469
14.1899359060022 5.61079032517042 32.6240098618823
13.9899360298023 5.61078543281998 32.6242323390176
13.7899361536024 5.61078054046953 32.624454816153
13.5899362774025 5.61077564811908 32.6246772932884
13.3899364012025 5.61077075576864 32.6248997704238
13.1899365250026 5.61076586341819 32.6251222475592
12.9899366488027 5.61076097106774 32.6253447246946
12.7899367726027 5.6107560787173 32.6255672018299
12.5899368964028 5.61075118636685 32.6257896789653
12.3899370202029 5.6107462940164 32.6260121561007
12.1899371440029 5.61074140166596 32.6262346332361
11.989937267803 5.61073650931551 32.6264571103715
11.7899373916031 5.61073161696506 32.6266795875069
11.5899375154031 5.61072672461462 32.6269020646422
11.3899376392032 5.61072183226417 32.6271245417776
11.1899377630033 5.61071693991372 32.627347018913
10.9899378868033 5.61071204756328 32.6275694960484
10.7899380106034 5.61070715521283 32.6277919731838
10.5899381344034 5.61070226286238 32.6280144503191
10.3899382582035 5.61069737051194 32.6282369274545
10.1899383820036 5.61069247816149 32.6284594045899
9.98993850580365 5.61068758581104 32.6286818817253
9.78993862960372 5.6106826934606 32.6289043588607
9.58993875340378 5.61067780111015 32.6291268359961
9.38993887720385 5.6106729087597 32.6293493131314
9.18993900100392 5.61066801640926 32.6295717902668
8.98993912480399 5.61066312405881 32.6297942674022
8.78993924860406 5.61065823170836 32.6300167445376
8.58993937240413 5.61065333935792 32.630239221673
8.38993949620419 5.61064844700747 32.6304616988084
8.18993962000426 5.61064355465702 32.6306841759437
7.98993974380433 5.61063866230658 32.6309066530791
7.7899398676044 5.61063376995613 32.6311291302145
7.58993999140446 5.61062887760568 32.6313516073499
7.38994011520453 5.61062398525524 32.6315740844853
7.1899402390046 5.61061909290479 32.6317965616207
6.98994036280466 5.61061420055434 32.632019038756
6.78994048660472 5.6106093082039 32.6322415158914
6.58994061040479 5.61060441585345 32.6324639930268
6.38994073420486 5.610599523503 32.6326864701622
6.18994085800492 5.61059463115255 32.6329089472976
5.98994098180499 5.61058973880211 32.6331314244329
5.78994110560505 5.61058484645166 32.6333539015683
5.58994122940511 5.61057995410121 32.6335763787037
5.38994135320519 5.61057506175077 32.6337988558391
5.18994147700526 5.61057016940032 32.6340213329745
4.98994160080532 5.61056527704987 32.6342438101099
4.78994172460539 5.61056038469943 32.6344662872452
4.58994184840546 5.61055549234898 32.6346887643806
4.38994197220552 5.61055059999853 32.634911241516
4.18994209600559 5.61054570764809 32.6351337186514
3.98994221980565 5.61054081529764 32.6353561957868
3.78994234360573 5.61053592294719 32.6355786729222
3.58994246740579 5.61053103059675 32.6358011500575
3.38994259120585 5.6105261382463 32.6360236271929
3.18994271500592 5.61052124589585 32.6362461043283
2.98994283880598 5.61051635354541 32.6364685814637
2.78994296260605 5.61051146119496 32.6366910585991
2.58994308640612 5.61050656884451 32.6369135357344
2.38994321020619 5.61050167649407 32.6371360128698
2.18994333400626 5.61049678414362 32.6373584900052
1.98994345780632 5.61049189179317 32.6375809671406
1.78994358160639 5.61048699944273 32.637803444276
1.58994370540646 5.61048210709228 32.6380259214114
1.38994382920652 5.61047721474183 32.6382483985467
1.18994395300659 5.61047232239139 32.6384708756821
0.989944076806655 5.61046743004094 32.6386933528175
0.789944200606718 5.61046253769049 32.6389158299529
0.589944324406789 5.61045764534005 32.6391383070883
0.389944448206854 5.6104527529896 32.6393607842236
0.189944572006917 5.61044786063915 32.639583261359
-0.0100553041930116 5.61044296828871 32.6398057384944
-0.210055180392947 5.61043807593826 32.6400282156298
-0.410055056592884 5.61043318358781 32.6402506927652
-0.610054932792813 5.61042829123737 32.6404731699006
-0.810054808992742 5.61042339888692 32.6406956470359
-1.01005468519268 5.61041850653647 32.6409181241713
-1.21005456139261 5.61041361418603 32.6411406013067
-1.41005443759255 5.61040872183558 32.6413630784421
-1.61005431379249 5.61040382948513 32.6415855555775
-1.81005418999243 5.61039893713469 32.6418080327129
-2.01005406619236 5.61039404478424 32.6420305098482
-2.21005394239229 5.61038915243379 32.6422529869836
-2.41005381859223 5.61038426008335 32.642475464119
-2.61005369479216 5.6103793677329 32.6426979412544
-2.8100535709921 5.61037447538245 32.6429204183898
-3.01005344719203 5.61036958303201 32.6431428955252
-3.21005332339197 5.61036469068156 32.6433653726605
-3.06934505291807 5.60957338256568 32.6793497046791
-2.87558381526569 5.60848371783324 32.7289016513027
-2.6818225776133 5.6073940531008 32.7784535979263
-2.48806133996092 5.60630438836836 32.8280055445499
-2.29430010230853 5.60521472363592 32.8775574911735
-2.10053886465615 5.60412505890348 32.9271094377971
-1.90677762700376 5.60303539417104 32.9766613844207
-1.71301638935138 5.60194572943861 33.0262133310442
-1.51925515169899 5.60085606470617 33.0757652776678
-1.32549391404661 5.59976639997373 33.1253172242914
-1.13173267639423 5.59867673524129 33.174869170915
-0.937971438741846 5.59758707050885 33.2244211175386
-0.744210201089458 5.59649740577641 33.2739730641622
-0.550448963437072 5.59540774104398 33.3235250107858
-0.356687725784685 5.59431807631154 33.3730769574093
-0.162926488132299 5.5932284115791 33.4226289040329
0.0308347495200842 5.59213874684666 33.4721808506565
0.224595987172471 5.59104908211422 33.5217327972801
0.418357224824854 5.58995941738178 33.5712847439037
0.61211846247724 5.58886975264934 33.6208366905273
0.805879700129627 5.58778008791691 33.6703886371509
0.999640937782013 5.58669042318447 33.7199405837744
1.19340217543439 5.58560075845203 33.769492530398
1.38716341308677 5.58451109371959 33.8190444770216
1.58092465073915 5.58342142898715 33.8685964236452
1.77468588839154 5.58233176425471 33.9181483702688
1.96844712604392 5.58124209952227 33.9677003168924
2.16220836369631 5.58015243478984 34.017252263516
2.3559696013487 5.5790627700574 34.0668042101395
2.54973083900108 5.57797310532496 34.1163561567631
2.74349207665346 5.57688344059252 34.1659081033867
2.93725331430584 5.57579377586008 34.2154600500103
3.13101455195822 5.57470411112764 34.2650119966339
3.3247757896106 5.57361444639521 34.3145639432575
3.51853702726299 5.57252478166277 34.3641158898811
3.71229826491538 5.57143511693033 34.4136678365046
3.90605950256776 5.57034545219789 34.4632197831282
4.09982074022015 5.56925578746545 34.5127717297518
4.14623377617017 5.56925692281034 34.5127201005234
4.3462336523701 5.56926181516079 34.5124976233881
4.54623352857004 5.56926670751123 34.5122751462527
4.74623340476997 5.56927159986168 34.5120526691173
4.94623328096991 5.56927649221213 34.5118301919819
5.14623315716984 5.56928138456257 34.5116077148465
5.34623303336977 5.56928627691302 34.5113852377112
5.54623290956971 5.56929116926347 34.5111627605758
5.74623278576965 5.56929606161391 34.5109402834404
5.94623266196958 5.56930095396436 34.510717806305
6.14623253816952 5.56930584631481 34.5104953291696
6.34623241436945 5.56931073866525 34.5102728520342
6.54623229056939 5.5693156310157 34.5100503748989
6.74623216676932 5.56932052336615 34.5098278977635
6.94623204296926 5.56932541571659 34.5096054206281
7.1462319191692 5.56933030806704 34.5093829434927
7.34623179536913 5.56933520041749 34.5091604663573
7.54623167156906 5.56934009276793 34.5089379892219
7.746231547769 5.56934498511838 34.5087155120866
7.94623142396893 5.56934987746883 34.5084930349512
8.14623130016886 5.56935476981927 34.5082705578158
8.3462311763688 5.56935966216972 34.5080480806804
8.54623105256874 5.56936455452017 34.507825603545
8.74623092876868 5.56936944687061 34.5076031264096
8.94623080496861 5.56937433922106 34.5073806492743
9.14623068116855 5.56937923157151 34.5071581721389
9.34623055736848 5.56938412392195 34.5069356950035
9.54623043356841 5.5693890162724 34.5067132178681
9.74623030976834 5.56939390862285 34.5064907407327
9.94623018596828 5.56939880097329 34.5062682635974
10.1462300621682 5.56940369332374 34.506045786462
10.3462299383681 5.56940858567419 34.5058233093266
10.5462298145681 5.56941347802463 34.5056008321912
10.746229690768 5.56941837037508 34.5053783550558
10.9462295669679 5.56942326272553 34.5051558779204
11.1462294431679 5.56942815507598 34.5049334007851
11.3462293193678 5.56943304742642 34.5047109236497
11.5462291955677 5.56943793977687 34.5044884465143
11.7462290717677 5.56944283212732 34.5042659693789
11.9462289479676 5.56944772447776 34.5040434922435
12.1462288241675 5.56945261682821 34.5038210151082
12.3462287003675 5.56945750917865 34.5035985379728
12.5462285765674 5.5694624015291 34.5033760608374
12.7462284527673 5.56946729387955 34.503153583702
12.9462283289673 5.56947218623 34.5029311065666
13.1462282051672 5.56947707858044 34.5027086294312
13.3462280813672 5.56948197093089 34.5024861522959
13.5462279575671 5.56948686328134 34.5022636751605
13.746227833767 5.56949175563178 34.5020411980251
13.946227709967 5.56949664798223 34.5018187208897
14.1462275861669 5.56950154033268 34.5015962437543
14.3462274623668 5.56950643268312 34.5013737666189
14.5462273385668 5.56951132503357 34.5011512894836
14.7462272147667 5.56951621738402 34.5009288123482
14.9462270909667 5.56952110973446 34.5007063352128
15.1462269671666 5.56952600208491 34.5004838580774
15.3462268433665 5.56953089443536 34.500261380942
15.5462267195665 5.5695357867858 34.5000389038066
15.7462265957664 5.56954067913625 34.4998164266713
15.9462264719663 5.5695455714867 34.4995939495359
16.1462263481663 5.56955046383714 34.4993714724005
16.3462262243662 5.56955535618759 34.4991489952651
16.5462261005661 5.56956024853804 34.4989265181297
16.7462259767661 5.56956514088848 34.4987040409944
16.946225852966 5.56957003323893 34.498481563859
17.1462257291659 5.56957492558938 34.4982590867236
17.3462256053659 5.56957981793982 34.4980366095882
17.5462254815658 5.56958471029027 34.4978141324528
17.7462253577658 5.56958960264072 34.4975916553174
17.9462252339657 5.56959449499116 34.4973691781821
18.1462251101656 5.56959938734161 34.4971467010467
18.3462249863656 5.56960427969206 34.4969242239113
18.5462248625655 5.5696091720425 34.4967017467759
18.7462247387654 5.56961406439295 34.4964792696405
18.9462246149654 5.5696189567434 34.4962567925052
19.1462244911653 5.56962384909384 34.4960343153698
19.3462243673652 5.56962874144429 34.4958118382344
19.5462242435652 5.56963363379474 34.495589361099
19.6907763730004 5.57045363081303 34.4583004159103
19.8844337225727 5.57155218570696 34.4083441937377
20.0780910721451 5.5726507406009 34.3583879715651
20.2717484217174 5.57374929549483 34.3084317493925
20.4654057712898 5.57484785038877 34.2584755272199
20.6590631208621 5.5759464052827 34.2085193050473
20.8527204704345 5.57704496017664 34.1585630828747
21.0463778200068 5.57814351507057 34.1086068607022
21.2400351695792 5.57924206996451 34.0586506385296
21.4336925191515 5.58034062485844 34.008694416357
21.6273498687239 5.58143917975238 33.9587381941844
21.8210072182962 5.58253773464631 33.9087819720118
22.0146645678686 5.58363628954025 33.8588257498392
22.2083219174409 5.58473484443418 33.8088695276666
22.4019792670132 5.58583339932812 33.758913305494
22.5956366165856 5.58693195422205 33.7089570833214
22.7892939661579 5.58803050911599 33.6590008611488
22.9829513157303 5.58912906400992 33.6090446389762
23.1766086653027 5.59022761890386 33.5590884168036
23.370266014875 5.59132617379779 33.509132194631
23.5639233644473 5.59242472869173 33.4591759724584
23.7575807140197 5.59352328358566 33.4092197502858
23.951238063592 5.5946218384796 33.3592635281132
24.1448954131644 5.59572039337353 33.3093073059406
24.3385527627367 5.59681894826747 33.259351083768
24.5322101123091 5.5979175031614 33.2093948615954
24.7258674618814 5.59901605805534 33.1594386394228
24.9195248114538 5.60011461294927 33.1094824172502
25.1131821610261 5.60121316784321 33.0595261950776
25.3068395105985 5.60231172273714 33.009569972905
25.5004968601708 5.60341027763108 32.9596137507324
25.6941542097432 5.60450883252501 32.9096575285598
25.8878115593155 5.60560738741895 32.8597013063872
26.0814689088879 5.60670594231288 32.8097450842146
26.2751262584602 5.60780449720682 32.759788862042
26.4687836080326 5.60890305210075 32.7098326398694
26.6624409576049 5.61000160699469 32.6598764176968
26.8560983071773 5.61110016188862 32.6099201955242
4.38932816596974 5.32088019658248 45.8075247447386
4.19208687834319 5.3216079891145 45.7744287514244
3.99484559071665 5.32233578164651 45.7413327581103
3.7976043030901 5.32306357417853 45.7082367647961
3.60036301546356 5.32379136671054 45.675140771482
3.40312172783702 5.32451915924256 45.6420447781678
3.20588044021047 5.32524695177457 45.6089487848536
3.00863915258393 5.32597474430659 45.5758527915395
2.81139786495738 5.3267025368386 45.5427567982253
2.61415657733084 5.32743032937062 45.5096608049111
2.41691528970429 5.32815812190263 45.476564811597
2.21967400207775 5.32888591443465 45.4434688182828
2.02243271445119 5.32961370696666 45.4103728249686
1.82519142682465 5.33034149949868 45.3772768316545
1.6279501391981 5.3310692920307 45.3441808383403
1.43070885157154 5.33179708456271 45.3110848450262
1.233467563945 5.33252487709473 45.277988851712
1.03622627631845 5.33325266962674 45.2448928583978
0.838984988691895 5.33398046215876 45.2117968650837
0.641743701065336 5.33470825469077 45.1787008717695
0.444502413438791 5.33543604722279 45.1456048784553
0.247261125812247 5.3361638397548 45.1125088851412
0.0500198381857029 5.33689163228682 45.079412891827
-0.147221449440842 5.33761942481883 45.0463168985129
-0.344462737067387 5.33834721735085 45.0132209051987
-0.541704024693931 5.33907500988286 44.9801249118845
-0.738945312320477 5.33980280241488 44.9470289185704
-0.936186599947035 5.34053059494689 44.9139329252562
-1.13342788757358 5.34125838747891 44.880836931942
-1.33066917520012 5.34198618001092 44.8477409386279
-1.52791046282668 5.34271397254294 44.8146449453137
-1.72515175045326 5.34344176507495 44.7815489519995
-1.9223930380798 5.34416955760697 44.7484529586854
-2.11963432570636 5.34489735013899 44.7153569653712
-2.31687561333292 5.345625142671 44.6822609720571
-2.51411690095948 5.34635293520302 44.6491649787429
-2.71135818858602 5.34708072773503 44.6160689854287
-2.90859947621256 5.34780852026705 44.5829729921146
-3.10584076383911 5.34853631279906 44.5498769988004
-3.30308205146567 5.34926410533108 44.5167810054862
-3.50032333909221 5.34999189786309 44.4836850121721
-3.69756462671877 5.35071969039511 44.4505890188579
-3.89480591434533 5.35144748292712 44.4174930255437
-4.09204720197187 5.35217527545914 44.3843970322296
-4.28928848959842 5.35290306799115 44.3513010389154
-4.48652977722498 5.35363086052317 44.3182050456013
-4.68377106485154 5.35435865305518 44.2851090522871
-4.88101235247808 5.3550864455872 44.2520130589729
-5.07825364010463 5.35581423811922 44.2189170656588
-5.27549492773117 5.35654203065123 44.1858210723446
-5.47273621535771 5.35726982318324 44.1527250790304
-5.66997750298426 5.35799761571526 44.1196290857163
-5.8672187906108 5.35872540824728 44.0865330924021
-6.06446007823735 5.35945320077929 44.0534370990879
-6.26170136586391 5.36018099331131 44.0203411057738
-6.45894265349045 5.36090878584332 43.9872451124596
-6.65618394111701 5.36163657837534 43.9541491191454
-6.85342522874355 5.36236437090735 43.9210531258313
-7.0506665163701 5.36309216343937 43.8879571325171
-6.90326522543229 5.36309576913546 43.8877931653308
-6.70326534923235 5.3631006614859 43.8875706881954
-6.50326547303242 5.36310555383635 43.8873482110601
-6.30326559683249 5.3631104461868 43.8871257339247
-6.10326572063256 5.36311533853724 43.8869032567893
-5.90326584443263 5.36312023088769 43.8866807796539
-5.7032659682327 5.36312512323814 43.8864583025185
-5.50326609203276 5.36313001558858 43.8862358253832
-5.30326621583283 5.36313490793903 43.8860133482478
-5.1032663396329 5.36313980028948 43.8857908711124
-4.90326646343295 5.36314469263992 43.885568393977
-4.70326658723302 5.36314958499037 43.8853459168416
-4.50326671103308 5.36315447734082 43.8851234397062
-4.30326683483313 5.36315936969126 43.8849009625709
-4.1032669586332 5.36316426204171 43.8846784854355
-3.90326708243327 5.36316915439216 43.8844560083001
-3.70326720623332 5.3631740467426 43.8842335311647
-3.50326733003338 5.36317893909305 43.8840110540293
-3.30326745383344 5.3631838314435 43.8837885768939
-3.1032675776335 5.36318872379394 43.8835660997586
-2.90326770143357 5.36319361614439 43.8833436226232
-2.70326782523362 5.36319850849484 43.8831211454878
-2.50326794903369 5.36320340084529 43.8828986683524
-2.30326807283375 5.36320829319573 43.882676191217
-2.10326819663381 5.36321318554618 43.8824537140817
-1.90326832043388 5.36321807789662 43.8822312369463
-1.70326844423395 5.36322297024707 43.8820087598109
-1.50326856803401 5.36322786259752 43.8817862826755
-1.30326869183407 5.36323275494797 43.8815638055401
-1.10326881563414 5.36323764729841 43.8813413284047
-0.903268939434203 5.36324253964886 43.8811188512694
-0.703269063234266 5.36324743199931 43.880896374134
-0.503269187034324 5.36325232434975 43.8806738969986
-0.303269310834387 5.3632572167002 43.8804514198632
-0.103269434634458 5.36326210905065 43.8802289427278
0.0967304415654757 5.36326700140109 43.8800064655924
0.296730317765413 5.36327189375154 43.8797839884571
0.496730193965342 5.36327678610199 43.8795615113217
0.696730070165271 5.36328167845243 43.8793390341863
0.896729946365209 5.36328657080288 43.8791165570509
1.09672982256514 5.36329146315333 43.8788940799155
1.29672969876508 5.36329635550377 43.8786716027802
1.49672957496502 5.36330124785422 43.8784491256448
1.69672945116496 5.36330614020467 43.8782266485094
1.8967293273649 5.36331103255511 43.878004171374
2.09672920356483 5.36331592490556 43.8777816942386
2.29672907976476 5.36332081725601 43.8775592171032
2.4967289559647 5.36332570960645 43.8773367399679
2.69672883216463 5.3633306019569 43.8771142628325
2.89672870836458 5.36333549430735 43.8768917856971
3.09672858456451 5.36334038665779 43.8766693085617
3.29672846076445 5.36334527900824 43.8764468314263
3.49672833696439 5.36335017135869 43.8762243542909
3.69672821316432 5.36335506370913 43.8760018771556
3.89672808936425 5.36335995605958 43.8757794000202
4.09672796556418 5.36336484841003 43.8755569228848
4.29672784176411 5.36336974076047 43.8753344457494
4.49672771796405 5.36337463311092 43.875111968614
4.69672759416399 5.36337952546137 43.8748894914786
4.89672747036393 5.36338441781181 43.8746670143433
5.09672734656387 5.36338931016226 43.8744445372079
5.2967272227638 5.36339420251271 43.8742220600725
5.49672709896375 5.36339909486315 43.8739995829371
5.69672697516368 5.3634039872136 43.8737771058017
5.89672685136361 5.36340887956405 43.8735546286664
6.09672672756355 5.36341377191449 43.873332151531
6.29672660376348 5.36341866426494 43.8731096743956
6.49672647996342 5.36342355661539 43.8728871972602
6.69672635616335 5.36342844896583 43.8726647201248
6.89672623236329 5.36343334131628 43.8724422429894
7.09672610856323 5.36343823366673 43.8722197658541
7.29672598476316 5.36344312601717 43.8719972887187
7.4967258609631 5.36344801836762 43.8717748115833
7.69672573716304 5.36345291071807 43.8715523344479
7.89672561336297 5.36345780306852 43.8713298573125
8.0967254895629 5.36346269541896 43.8711073801772
8.29672536576283 5.36346758776941 43.8708849030418
8.49672524196276 5.36347248011985 43.8706624259064
8.6967251181627 5.3634773724703 43.870439948771
8.89672499436263 5.36348226482075 43.8702174716356
9.09672487056256 5.3634871571712 43.8699949945002
9.2967247467625 5.36349204952164 43.8697725173649
9.49672462296243 5.36349694187209 43.8695500402295
9.69672449916236 5.36350183422254 43.8693275630941
9.89672437536229 5.36350672657298 43.8691050859587
10.0967242515622 5.36351161892343 43.8688826088233
10.2967241277621 5.36351651127388 43.8686601316879
10.4967240039621 5.36352140362432 43.8684376545526
10.696723880162 5.36352629597477 43.8682151774172
10.896723756362 5.36353118832522 43.8679927002818
11.0967236325619 5.36353608067566 43.8677702231464
11.2967235087618 5.36354097302611 43.867547746011
11.4967233849618 5.36354586537656 43.8673252688756
11.6967232611617 5.363550757727 43.8671027917403
11.8967231373616 5.36355565007745 43.8668803146049
12.0967230135616 5.3635605424279 43.8666578374695
12.2967228897615 5.36356543477834 43.8664353603341
12.4967227659614 5.36357032712879 43.8662128831987
12.6967226421614 5.36357521947924 43.8659904060633
12.8967225183613 5.36358011182968 43.865767928928
13.0967223945612 5.36358500418013 43.8655454517926
13.2967222707612 5.36358989653058 43.8653229746572
13.4967221469611 5.36359478888102 43.8651004975218
13.696722023161 5.36359968123147 43.8648780203864
13.896721899361 5.36360457358192 43.8646555432511
14.0967217755609 5.36360946593236 43.8644330661157
14.2967216517608 5.36361435828281 43.8642105889803
14.4967215279608 5.36361925063326 43.8639881118449
14.6967214041607 5.3636241429837 43.8637656347095
14.8967212803606 5.36362903533415 43.8635431575741
15.0967211565606 5.3636339276846 43.8633206804388
15.2967210327605 5.36363882003504 43.8630982033034
15.4967209089604 5.36364371238549 43.862875726168
15.6967207851604 5.36364860473594 43.8626532490326
15.8967206613603 5.36365349708638 43.8624307718972
16.0967205375602 5.36365838943683 43.8622082947619
16.2967204137602 5.36366328178728 43.8619858176265
16.4967202899601 5.36366817413772 43.8617633404911
16.69672016616 5.36367306648817 43.8615408633557
16.89672004236 5.36367795883862 43.8613183862203
17.0967199185599 5.36368285118906 43.8610959090849
17.2967197947599 5.36368774353951 43.8608734319496
17.4967196709598 5.36369263588996 43.8606509548142
17.6967195471597 5.3636975282404 43.8604284776788
17.8967194233597 5.36370242059085 43.8602060005434
18.0967192995596 5.3637073129413 43.859983523408
18.2967191757595 5.36371220529174 43.8597610462726
18.4967190519595 5.36371709764219 43.8595385691373
18.6967189281594 5.36372198999264 43.8593160920019
18.8967188043593 5.36372688234309 43.8590936148665
19.0967186805593 5.36373177469353 43.8588711377311
19.2967185567592 5.36373666704398 43.8586486605957
19.4967184329591 5.36374155939443 43.8584261834604
19.6967183091591 5.36374645174487 43.858203706325
19.896718185359 5.36375134409532 43.8579812291896
20.0967180615589 5.36375623644576 43.8577587520542
20.2967179377589 5.36376112879621 43.8575362749188
20.4967178139588 5.36376602114666 43.8573137977834
20.6967176901587 5.36377091349711 43.8570913206481
20.8967175663587 5.36377580584755 43.8568688435127
21.0967174425586 5.363780698198 43.8566463663773
21.2967173187585 5.36378559054845 43.8564238892419
21.4967171949585 5.36379048289889 43.8562014121065
21.6967170711584 5.36379537524934 43.8559789349711
21.8967169473584 5.36380026759979 43.8557564578358
22.0967168235583 5.36380515995023 43.8555339807004
22.2967166997582 5.36381005230068 43.855311503565
22.4967165759582 5.36381494465113 43.8550890264296
22.6967164521581 5.36381983700157 43.8548665492942
22.896716328358 5.36382472935202 43.8546440721588
23.0967162045579 5.36382962170247 43.8544215950235
23.2967160807579 5.36383451405291 43.8541991178881
23.4967159569578 5.36383940640336 43.8539766407527
23.6967158331577 5.36384429875381 43.8537541636173
23.8967157093577 5.36384919110425 43.8535316864819
24.0967155855576 5.3638540834547 43.8533092093466
24.2967154617575 5.36385897580515 43.8530867322112
24.4967153379575 5.36386386815559 43.8528642550758
24.6967152141574 5.36386876050604 43.8526417779404
24.8967150903573 5.36387365285649 43.852419300805
25.0967149665572 5.36387854520693 43.8521968236696
25.2967148427572 5.36388343755738 43.8519743465343
25.4967147189571 5.36388832990783 43.8517518693989
25.6967145951571 5.36389322225827 43.8515293922635
25.896714471357 5.36389811460872 43.8513069151281
26.0967143475569 5.36390300695917 43.8510844379927
26.2967142237569 5.36390789930961 43.8508619608573
26.4967140999568 5.36391279166006 43.850639483722
26.6967139761567 5.36391768401051 43.8504170065866
26.8967138523567 5.36392257636095 43.8501945294512
27.0967137285566 5.3639274687114 43.8499720523158
27.2967136047565 5.36393236106185 43.8497495751804
27.4967134809565 5.36393725341229 43.8495270980451
27.6967133571564 5.36394214576274 43.8493046209097
27.8967132333563 5.36394703811319 43.8490821437743
28.0967131095563 5.36395193046363 43.8488596666389
28.2967129857562 5.36395682281408 43.8486371895035
28.4967128619561 5.36396171516453 43.8484147123681
28.6967127381561 5.36396660751497 43.8481922352328
28.896712614356 5.36397149986542 43.8479697580974
29.0967124905559 5.36397639221587 43.847747280962
29.2967123667559 5.36398128456631 43.8475248038266
29.4967122429558 5.36398617691676 43.8473023266912
29.6967121191558 5.36399106926721 43.8470798495558
29.8967119953557 5.36399596161765 43.8468573724205
30.0967118715556 5.3640008539681 43.8466348952851
30.2967117477556 5.36400574631855 43.8464124181497
30.4967116239555 5.364010638669 43.8461899410143
30.6967115001554 5.36401553101944 43.8459674638789
30.5891751622057 5.36361347604179 43.8642507084395
30.3920059584686 5.36287630327477 43.897773263145
30.1948367547315 5.36213913050775 43.9312958178505
29.9976675509943 5.36140195774073 43.9648183725559
29.8004983472572 5.36066478497371 43.9983409272614
29.6033291435201 5.35992761220669 44.0318634819669
29.406159939783 5.35919043943967 44.0653860366723
29.2089907360459 5.35845326667265 44.0989085913778
29.0118215323087 5.35771609390562 44.1324311460833
28.8146523285716 5.3569789211386 44.1659537007887
28.6174831248345 5.35624174837158 44.1994762554942
28.4203139210974 5.35550457560456 44.2329988101996
28.2231447173603 5.35476740283754 44.2665213649051
28.0259755136231 5.35403023007052 44.3000439196106
27.828806309886 5.3532930573035 44.333566474316
27.6316371061489 5.35255588453648 44.3670890290215
27.4344679024118 5.35181871176946 44.400611583727
27.2372986986747 5.35108153900244 44.4341341384324
27.0401294949375 5.35034436623542 44.4676566931379
26.8429602912004 5.34960719346839 44.5011792478434
26.6457910874633 5.34887002070137 44.5347018025488
26.4486218837262 5.34813284793435 44.5682243572543
26.251452679989 5.34739567516733 44.6017469119598
26.0542834762519 5.34665850240031 44.6352694666652
25.8571142725148 5.34592132963329 44.6687920213707
25.6599450687777 5.34518415686627 44.7023145760761
25.4627758650406 5.34444698409925 44.7358371307816
25.2656066613034 5.34370981133223 44.7693596854871
25.0684374575663 5.34297263856521 44.8028822401925
24.8712682538292 5.34223546579818 44.836404794898
24.6740990500921 5.34149829303116 44.8699273496035
24.4769298463549 5.34076112026414 44.9034499043089
24.2797606426178 5.34002394749712 44.9369724590144
24.0825914388807 5.3392867747301 44.9704950137199
23.8854222351436 5.33854960196308 45.0040175684253
23.6882530314065 5.33781242919606 45.0375401231308
23.4910838276693 5.33707525642904 45.0710626778363
23.2939146239322 5.33633808366202 45.1045852325417
23.0967454201951 5.335600910895 45.1381077872472
22.899576216458 5.33486373812797 45.1716303419526
22.7024070127209 5.33412656536095 45.2051528966581
22.5052378089837 5.33338939259393 45.2386754513636
22.3080686052466 5.33265221982691 45.272198006069
22.1108994015095 5.33191504705989 45.3057205607745
21.9137301977724 5.33117787429287 45.33924311548
21.7165609940352 5.33044070152585 45.3727656701854
21.5193917902981 5.32970352875883 45.4062882248909
21.322222586561 5.32896635599181 45.4398107795964
21.1250533828239 5.32822918322479 45.4733333343018
20.9278841790868 5.32749201045776 45.5068558890073
20.7307149753496 5.32675483769074 45.5403784437128
20.5335457716125 5.32601766492372 45.5739009984182
20.3363765678754 5.3252804921567 45.6074235531237
20.1392073641383 5.32454331938968 45.6409461078292
19.9420381604012 5.32380614662266 45.6744686625346
19.744868956664 5.32306897385564 45.7079912172401
19.5476997529269 5.32233180108862 45.7415137719456
19.3505305491898 5.3215946283216 45.775036326651
19.1533613454527 5.32085745555458 45.8085588813565
19.0926746009278 5.32085597104955 45.8086263884637
18.8926747247279 5.3208510786991 45.808848865599
18.692674848528 5.32084618634866 45.8090713427344
18.492674972328 5.32084129399821 45.8092938198698
18.2926750961281 5.32083640164776 45.8095162970052
18.0926752199282 5.32083150929731 45.8097387741406
17.8926753437282 5.32082661694687 45.809961251276
17.6926754675283 5.32082172459642 45.8101837284113
17.4926755913283 5.32081683224597 45.8104062055467
17.2926757151284 5.32081193989553 45.8106286826821
17.0926758389285 5.32080704754508 45.8108511598175
16.8926759627285 5.32080215519463 45.8110736369529
16.6926760865286 5.32079726284419 45.8112961140883
16.4926762103287 5.32079237049374 45.8115185912236
16.2926763341287 5.32078747814329 45.811741068359
16.0926764579288 5.32078258579285 45.8119635454944
15.8926765817289 5.3207776934424 45.8121860226298
15.6926767055289 5.32077280109195 45.8124084997652
15.492676829329 5.32076790874151 45.8126309769005
15.2926769531291 5.32076301639106 45.8128534540359
15.0926770769291 5.32075812404061 45.8130759311713
14.8926772007292 5.32075323169017 45.8132984083067
14.6926773245293 5.32074833933972 45.8135208854421
14.4926774483293 5.32074344698927 45.8137433625775
14.2926775721294 5.32073855463883 45.8139658397128
14.0926776959295 5.32073366228838 45.8141883168482
13.8926778197295 5.32072876993793 45.8144107939836
13.6926779435296 5.32072387758749 45.814633271119
13.4926780673297 5.32071898523704 45.8148557482544
13.2926781911297 5.32071409288659 45.8150782253897
13.0926783149298 5.32070920053615 45.8153007025251
12.8926784387299 5.3207043081857 45.8155231796605
12.6926785625299 5.32069941583525 45.8157456567959
12.49267868633 5.32069452348481 45.8159681339313
12.2926788101301 5.32068963113436 45.8161906110667
12.0926789339301 5.32068473878391 45.816413088202
11.8926790577302 5.32067984643347 45.8166355653374
11.6926791815303 5.32067495408302 45.8168580424728
11.4926793053303 5.32067006173257 45.8170805196082
11.2926794291304 5.32066516938213 45.8173029967436
11.0926795529305 5.32066027703168 45.817525473879
10.8926796767305 5.32065538468123 45.8177479510143
10.6926798005306 5.32065049233078 45.8179704281497
10.4926799243307 5.32064559998034 45.8181929052851
10.2926800481307 5.32064070762989 45.8184153824205
10.0926801719308 5.32063581527945 45.8186378595559
9.89268029573087 5.320630922929 45.8188603366912
9.69268041953094 5.32062603057855 45.8190828138266
9.49268054333101 5.3206211382281 45.819305290962
9.29268066713107 5.32061624587766 45.8195277680974
9.09268079093114 5.32061135352721 45.8197502452328
8.89268091473121 5.32060646117676 45.8199727223682
8.69268103853127 5.32060156882632 45.8201951995035
8.49268116233134 5.32059667647587 45.8204176766389
8.29268128613141 5.32059178412542 45.8206401537743
8.09268140993147 5.32058689177498 45.8208626309097
7.89268153373154 5.32058199942453 45.8210851080451
7.6926816575316 5.32057710707408 45.8213075851805
7.49268178133167 5.32057221472364 45.8215300623158
7.29268190513173 5.32056732237319 45.8217525394512
7.0926820289318 5.32056243002274 45.8219750165866
6.89268215273187 5.3205575376723 45.822197493722
6.69268227653193 5.32055264532185 45.8224199708574
6.492682400332 5.3205477529714 45.8226424479927
6.29268252413207 5.32054286062096 45.8228649251281
6.09268264793213 5.32053796827051 45.8230874022635
5.8926827717322 5.32053307592006 45.8233098793989
5.69268289553226 5.32052818356962 45.8235323565343
5.49268301933233 5.32052329121917 45.8237548336697
5.2926831431324 5.32051839886872 45.823977310805
5.09268326693246 5.32051350651828 45.8241997879404
4.89268339073253 5.32050861416783 45.8244222650758
4.69268351453259 5.32050372181738 45.8246447422112
4.49268363833266 5.32049882946694 45.8248672193466
11.8230224918927 5.11384838713512 55.2221904356822
11.8230224918927 5.10945137981426 55.4221420956568
11.8230224918927 5.1050543724934 55.6220937556315
11.8230224918927 5.10065736517254 55.8220454156061
11.8230224918927 5.09626035785167 56.0219970755808
11.8230224918927 5.09186335053081 56.2219487355555
11.8230224918927 5.08746634320995 56.4219003955301
11.8230224918927 5.08306933588908 56.6218520555048
11.8230224918927 5.07867232856822 56.8218037154794
11.8230224918927 5.07427532124736 57.0217553754541
11.8230224918927 5.36025120839852 44.0171481105796
11.8230224918927 5.35585420107766 44.2170997705543
11.8230224918927 5.3514571937568 44.4170514305289
11.8230224918927 5.34706018643593 44.6170030905036
11.8230224918927 5.34266317911507 44.8169547504782
11.8230224918927 5.33826617179421 45.0169064104529
11.8230224918927 5.33386916447335 45.2168580704275
11.8230224918927 5.32947215715248 45.4168097304022
11.8230224918927 5.32507514983162 45.6167613903769
11.8230224918927 5.32067814251076 45.8167130503515
11.8230224918927 5.60901777651786 32.7046156056535
11.8230224918927 5.604620769197 32.9045672656281
11.8230224918927 5.60022376187614 33.1045189256028
11.8230224918927 5.59582675455527 33.3044705855774
11.8230224918927 5.59142974723441 33.5044222455521
11.8230224918927 5.58703273991355 33.7043739055268
11.8230224918927 5.58263573259268 33.9043255655014
11.8230224918927 5.57823872527182 34.1042772254761
11.8230224918927 5.57384171795096 34.3042288854507
11.8230224918927 5.56944471063009 34.5041805454254
15.6014542693554 5.88907813704815 20.1390198927755
15.7484768137024 5.90441610509889 20.0043012296668
15.8954993580494 5.91975407314962 19.8695825665581
16.0425219023964 5.93509204120036 19.7348639034493
16.1895444467434 5.95043000925109 19.6001452403406
16.3365669910904 5.96576797730183 19.4654265772319
16.4835895354374 5.98110594535257 19.3307079141231
16.6306120797844 5.9964439134033 19.1959892510144
16.7776346241314 6.01178188145404 19.0612705879057
16.9246571684785 6.02711984950477 18.9265519247969
17.0716797128255 6.04245781755551 18.7918332616882
17.2187022571725 6.05779578560624 18.6571145985794
17.3657248015195 6.07313375365698 18.5223959354707
17.5127473458665 6.08847172170771 18.387677272362
17.6597698902135 6.10380968975845 18.2529586092532
17.8067924345605 6.11914765780918 18.1182399461445
17.9538149789075 6.13448562585992 17.9835212830358
18.1008375232546 6.14982359391066 17.848802619927
18.2478600676016 6.16516156196139 17.7140839568183
18.3948826119486 6.18049953001213 17.5793652937096
18.5419051562956 6.19583749806286 17.4446466306008
18.6889277006426 6.2111754661136 17.3099279674921
18.8359502449896 6.22651343416433 17.1752093043834
18.9829727893366 6.24185140221507 17.0404906412746
19.1299953336836 6.25718937026581 16.9057719781659
19.2770178780306 6.27252733831654 16.7710533150571
19.4240404223776 6.28786530636728 16.6363346519484
19.5710629667247 6.30320327441801 16.5016159888397
19.7180855110717 6.31854124246875 16.3668973257309
19.8651080554187 6.33387921051948 16.2321786626222
20.0121305997657 6.34921717857022 16.0974599995135
20.1591531441127 6.36455514662095 15.9627413364047
20.3061756884597 6.37989311467169 15.828022673296
20.4531982328067 6.39523108272243 15.6933040101872
20.6002207771537 6.41056905077316 15.5585853470785
20.5224188955462 6.41640241867332 15.5073488650144
20.3557123175785 6.42890161253046 15.3975641346772
20.1890057396108 6.4414008063876 15.28777940434
20.022299161643 6.45390000024474 15.1779946740028
19.8555925836753 6.46639919410188 15.0682099436656
19.6888860057076 6.47889838795902 14.9584252133284
19.5221794277399 6.49139758181616 14.8486404829912
19.3554728497722 6.5038967756733 14.738855752654
19.1887662718044 6.51639596953043 14.6290710223168
19.0220596938367 6.52889516338757 14.5192862919796
18.855353115869 6.54139435724471 14.4095015616424
18.6886465379013 6.55389355110185 14.2997168313051
18.5219399599335 6.56639274495899 14.1899321009679
18.3552333819658 6.57889193881613 14.0801473706307
18.1885268039981 6.59139113267327 13.9703626402935
18.0218202260304 6.60389032653041 13.8605779099563
17.8551136480626 6.61638952038755 13.7507931796191
17.6884070700949 6.62888871424469 13.6410084492819
17.5217004921272 6.64138790810182 13.5312237189447
17.3549939141595 6.65388710195896 13.4214389886075
17.1882873361918 6.6663862958161 13.3116542582703
17.021580758224 6.67888548967324 13.2018695279331
16.8548741802563 6.69138468353038 13.0920847975959
16.6881676022886 6.70388387738752 12.9823000672587
16.5214610243209 6.71638307124466 12.8725153369215
16.3547544463531 6.7288822651018 12.7627306065843
16.1880478683854 6.74138145895894 12.6529458762471
16.0213412904177 6.75388065281608 12.5431611459098
15.85463471245 6.76637984667321 12.4333764155726
15.6879281344823 6.77887904053035 12.3235916852354
15.5212215565145 6.79137823438749 12.2138069548982
15.3545149785468 6.80387742824463 12.104022224561
15.1878084005791 6.81637662210177 11.9942374942238
15.0211018226114 6.82887581595891 11.8844527638866
14.8543952446436 6.84137500981605 11.7746680335494
14.6876886666759 6.85387420367319 11.6648833032122
14.5209820887082 6.86637339753033 11.555098572875
14.3542755107405 6.87887259138746 11.4453138425378
14.1875689327728 6.8913717852446 11.3355291122006
14.020862354805 6.90387097910174 11.2257443818634
13.8541557768373 6.91637017295888 11.1159596515262
13.9160739418733 6.92454403526113 11.0441657999448
14.0462116538294 6.94172360990197 10.8932716710267
14.1763493657856 6.9589031845428 10.7423775421085
14.3064870777418 6.97608275918364 10.5914834131903
14.4366247896979 6.99326233382448 10.4405892842722
14.5667625016541 7.01044190846532 10.289695155354
14.6969002136102 7.02762148310616 10.1388010264358
14.8270379255664 7.044801057747 9.98790689751764
14.9571756375226 7.06198063238784 9.83701276859947
15.0873133494787 7.07916020702867 9.6861186396813
15.2174510614349 7.09633978166951 9.53522451076312
15.3475887733911 7.11351935631035 9.38433038184495
15.4777264853472 7.13069893095119 9.23343625292678
15.6078641973034 7.14787850559203 9.0825421240086
15.7380019092596 7.16505808023287 8.93164799509043
15.8681396212157 7.18223765487371 8.78075386617225
15.9982773331719 7.19941722951454 8.62985973725408
16.128415045128 7.21659680415538 8.4789656083359
16.2585527570842 7.23377637879622 8.32807147941773
16.3886904690404 7.25095595343706 8.17717735049956
16.5188281809965 7.2681355280779 8.02628322158138
16.6489658929527 7.28531510271874 7.87538909266321
16.7791036049089 7.30249467735958 7.72449496374503
16.909241316865 7.31967425200042 7.57360083482686
17.0393790288212 7.33685382664125 7.42270670590868
17.1695167407774 7.35403340128209 7.27181257699051
17.2996544527335 7.37121297592293 7.12091844807234
17.4297921646897 7.38839255056377 6.97002431915417
17.5599298766458 7.40557212520461 6.81913019023599
17.690067588602 7.42275169984545 6.66823606131782
17.8202053005582 7.43993127448629 6.51734193239965
17.9503430125143 7.45711084912712 6.36644780348148
18.0804807244705 7.47429042376796 6.2155536745633
18.2106184364266 7.4914699984088 6.06465954564513
18.3407561483828 7.50864957304964 5.91376541672696
18.470893860339 7.52582914769048 5.76287128780878
18.6010315722951 7.54300872233132 5.61197715889061
18.7311692842513 7.56018829697216 5.46108302997244
18.8613069962075 7.57736787161299 5.31018890105426
18.9914447081636 7.59454744625383 5.15929477213609
19.1215824201198 7.61172702089467 5.00840064321792
19.2517201320759 7.62890659553551 4.85750651429974
19.3818578440321 7.64608617017635 4.70661238538157
19.5119955559883 7.66326574481719 4.5557182564634
19.6421332679444 7.68044531945802 4.40482412754523
19.7722709799006 7.69762489409886 4.25392999862705
19.9024086918568 7.7148044687397 4.10303586970888
20.0325464038129 7.73198404338054 3.95214174079071
20.1626841157691 7.74916361802138 3.80124761187253
20.2928218277252 7.76634319266222 3.65035348295436
20.4229595396814 7.78352276730306 3.49945935403618
20.5530972516376 7.80070234194389 3.34856522511801
20.6832349635937 7.81788191658473 3.19767109619984
20.8133726755499 7.83506149122557 3.04677696728166
20.9435103875061 7.85224106586641 2.89588283836349
21.0736480994622 7.86942064050725 2.74498870944531
21.2037858114184 7.88660021514809 2.59409458052714
21.3339235233746 7.90377978978893 2.44320045160896
21.4640612353307 7.92095936442977 2.29230632269079
21.5941989472869 7.9381389390706 2.14141219377261
21.724336659243 7.95531851371144 1.99051806485444
21.8544743711992 7.97249808835228 1.83962393593627
21.9846120831554 7.98967766299312 1.68872980701809
22.1147497951115 8.00685723763396 1.53783567809992
22.2448875070677 8.0240368122748 1.38694154918174
22.3750252190239 8.04121638691564 1.23604742026357
22.50516293098 8.05839596155647 1.0851532913454
22.6353006429362 8.07557553619731 0.93425916242722
22.7654383548923 8.09275511083815 0.783365033509045
22.8955760668485 8.10993468547899 0.632470904590869
23.0257137788047 8.12711426011983 0.481576775672695
23.1558514907608 8.14429383476067 0.330682646754522
23.285989202717 8.16147340940151 0.179788517836343
23.4161269146732 8.17865298404235 0.0288943889181688
23.5462646266293 8.19583255868318 -0.121999740000001
19.6875958655781 5.88907813704815 20.1390198927756
19.5405733212311 5.90441610509888 20.0043012296668
19.3935507768841 5.91975407314962 19.8695825665581
19.2465282325371 5.93509204120036 19.7348639034494
19.0995056881901 5.95043000925109 19.6001452403406
18.9524831438431 5.96576797730183 19.4654265772319
18.8054605994961 5.98110594535256 19.3307079141231
18.6584380551491 5.9964439134033 19.1959892510144
18.511415510802 6.01178188145404 19.0612705879057
18.364392966455 6.02711984950477 18.9265519247969
18.217370422108 6.04245781755551 18.7918332616882
18.070347877761 6.05779578560624 18.6571145985794
17.923325333414 6.07313375365698 18.5223959354707
17.776302789067 6.08847172170772 18.387677272362
17.62928024472 6.10380968975845 18.2529586092532
17.482257700373 6.11914765780919 18.1182399461445
17.3352351560259 6.13448562585992 17.9835212830358
17.1882126116789 6.14982359391066 17.848802619927
17.0411900673319 6.16516156196139 17.7140839568183
16.8941675229849 6.18049953001213 17.5793652937096
16.7471449786379 6.19583749806286 17.4446466306008
16.6001224342909 6.2111754661136 17.3099279674921
16.4530998899439 6.22651343416434 17.1752093043833
16.3060773455969 6.24185140221507 17.0404906412746
16.1590548012499 6.25718937026581 16.9057719781659
16.0120322569028 6.27252733831654 16.7710533150571
15.8650097125558 6.28786530636728 16.6363346519484
15.7179871682088 6.30320327441801 16.5016159888397
15.5709646238618 6.31854124246875 16.3668973257309
15.4239420795148 6.33387921051948 16.2321786626222
15.2769195351678 6.34921717857022 16.0974599995135
15.1298969908208 6.36455514662095 15.9627413364047
14.9828744464738 6.37989311467169 15.828022673296
14.8358519021267 6.39523108272243 15.6933040101872
14.6888293577797 6.41056905077316 15.5585853470785
14.7666312393873 6.41640241867332 15.5073488650144
14.933337817355 6.42890161253046 15.3975641346772
15.1000443953227 6.4414008063876 15.28777940434
15.2667509732904 6.45390000024474 15.1779946740028
15.4334575512581 6.46639919410188 15.0682099436656
15.6001641292259 6.47889838795902 14.9584252133284
15.7668707071936 6.49139758181616 14.8486404829912
15.9335772851613 6.5038967756733 14.738855752654
16.100283863129 6.51639596953043 14.6290710223168
16.2669904410968 6.52889516338757 14.5192862919796
16.4336970190645 6.54139435724471 14.4095015616424
16.6004035970322 6.55389355110185 14.2997168313052
16.7671101749999 6.56639274495899 14.1899321009679
16.9338167529677 6.57889193881613 14.0801473706307
17.1005233309354 6.59139113267327 13.9703626402935
17.2672299089031 6.60389032653041 13.8605779099563
17.4339364868708 6.61638952038755 13.7507931796191
17.6006430648385 6.62888871424469 13.6410084492819
17.7673496428063 6.64138790810182 13.5312237189447
17.934056220774 6.65388710195896 13.4214389886075
18.1007627987417 6.6663862958161 13.3116542582703
18.2674693767094 6.67888548967324 13.2018695279331
18.4341759546772 6.69138468353038 13.0920847975959
18.6008825326449 6.70388387738752 12.9823000672587
18.7675891106126 6.71638307124466 12.8725153369215
18.9342956885803 6.7288822651018 12.7627306065843
19.101002266548 6.74138145895894 12.6529458762471
19.2677088445158 6.75388065281607 12.5431611459099
19.4344154224835 6.76637984667321 12.4333764155726
19.6011220004512 6.77887904053035 12.3235916852354
19.7678285784189 6.79137823438749 12.2138069548982
19.9345351563867 6.80387742824463 12.104022224561
20.1012417343544 6.81637662210177 11.9942374942238
20.2679483123221 6.82887581595891 11.8844527638866
20.4346548902898 6.84137500981605 11.7746680335494
20.6013614682576 6.85387420367319 11.6648833032122
20.7680680462253 6.86637339753033 11.555098572875
20.934774624193 6.87887259138746 11.4453138425378
21.1014812021607 6.8913717852446 11.3355291122006
21.2681877801284 6.90387097910174 11.2257443818634
21.4348943580962 6.91637017295888 11.1159596515262
21.3729761930602 6.92454403526113 11.0441657999448
21.242838481104 6.94172360990197 10.8932716710267
21.1127007691479 6.95890318454281 10.7423775421085
20.9825630571917 6.97608275918364 10.5914834131903
20.8524253452356 6.99326233382448 10.4405892842722
20.7222876332794 7.01044190846532 10.289695155354
20.5921499213232 7.02762148310616 10.1388010264358
20.4620122093671 7.044801057747 9.98790689751764
20.3318744974109 7.06198063238784 9.83701276859947
20.2017367854547 7.07916020702867 9.68611863968129
20.0715990734986 7.09633978166951 9.53522451076312
19.9414613615424 7.11351935631035 9.38433038184494
19.8113236495862 7.13069893095119 9.23343625292677
19.6811859376301 7.14787850559203 9.0825421240086
19.5510482256739 7.16505808023287 8.93164799509042
19.4209105137178 7.18223765487371 8.78075386617225
19.2907728017616 7.19941722951455 8.62985973725408
19.1606350898054 7.21659680415538 8.4789656083359
19.0304973778493 7.23377637879622 8.32807147941773
18.9003596658931 7.25095595343706 8.17717735049955
18.7702219539369 7.2681355280779 8.02628322158138
18.6400842419808 7.28531510271874 7.87538909266321
18.5099465300246 7.30249467735958 7.72449496374503
18.3798088180685 7.31967425200041 7.57360083482687
18.2496711061123 7.33685382664125 7.42270670590869
18.1195333941561 7.35403340128209 7.27181257699052
17.9893956822 7.37121297592293 7.12091844807234
17.8592579702438 7.38839255056377 6.97002431915417
17.7291202582876 7.40557212520461 6.819130190236
17.5989825463315 7.42275169984545 6.66823606131782
17.4688448343753 7.43993127448629 6.51734193239965
17.3387071224192 7.45711084912712 6.36644780348147
17.208569410463 7.47429042376796 6.2155536745633
17.0784316985068 7.4914699984088 6.06465954564513
16.9482939865507 7.50864957304964 5.91376541672695
16.8181562745945 7.52582914769048 5.76287128780878
16.6880185626383 7.54300872233132 5.61197715889061
16.5578808506822 7.56018829697216 5.46108302997243
16.427743138726 7.57736787161299 5.31018890105426
16.2976054267699 7.59454744625383 5.15929477213608
16.1674677148137 7.61172702089467 5.00840064321791
16.0373300028575 7.62890659553551 4.85750651429974
15.9071922909014 7.64608617017635 4.70661238538156
15.7770545789452 7.66326574481719 4.55571825646339
15.646916866989 7.68044531945803 4.40482412754522
15.5167791550329 7.69762489409886 4.25392999862704
15.3866414430767 7.7148044687397 4.10303586970887
15.2565037311206 7.73198404338054 3.9521417407907
15.1263660191644 7.74916361802138 3.80124761187253
14.9962283072082 7.76634319266222 3.65035348295435
14.8660905952521 7.78352276730306 3.49945935403618
14.7359528832959 7.8007023419439 3.348565225118
14.6058151713397 7.81788191658474 3.19767109619983
14.4756774593836 7.83506149122557 3.04677696728165
14.3455397474274 7.85224106586641 2.89588283836348
14.2154020354713 7.86942064050725 2.74498870944531
14.0852643235151 7.88660021514809 2.59409458052713
13.9551266115589 7.90377978978893 2.44320045160896
13.8249888996028 7.92095936442977 2.29230632269079
13.6948511876466 7.9381389390706 2.14141219377262
13.5647134756904 7.95531851371144 1.99051806485444
13.4345757637343 7.97249808835228 1.83962393593627
13.3044380517781 7.98967766299312 1.68872980701809
13.1743003398219 8.00685723763396 1.53783567809992
13.0441626278658 8.0240368122748 1.38694154918174
12.9140249159096 8.04121638691564 1.23604742026357
12.7838872039535 8.05839596155647 1.08515329134539
12.6537494919973 8.07557553619731 0.934259162427217
12.5236117800411 8.09275511083815 0.783365033509042
12.393474068085 8.10993468547899 0.632470904590868
12.2633363561288 8.12711426011983 0.481576775672694
12.1331986441726 8.14429383476067 0.330682646754521
12.0030609322165 8.16147340940151 0.179788517836347
11.8729232202603 8.17865298404235 0.0288943889181731
11.7427855083041 8.19583255868318 -0.121999740000001
3.79797515103015 5.88907813704815 20.1390198927756
3.94499769537716 5.90441610509888 20.0043012296668
4.09202023972417 5.91975407314962 19.8695825665581
4.23904278407118 5.93509204120036 19.7348639034494
4.3860653284182 5.95043000925109 19.6001452403406
4.53308787276521 5.96576797730183 19.4654265772319
4.68011041711222 5.98110594535256 19.3307079141231
4.82713296145924 5.9964439134033 19.1959892510144
4.97415550580625 6.01178188145404 19.0612705879057
5.12117805015327 6.02711984950477 18.9265519247969
5.26820059450028 6.04245781755551 18.7918332616882
5.41522313884729 6.05779578560624 18.6571145985794
5.56224568319431 6.07313375365698 18.5223959354707
5.70926822754131 6.08847172170771 18.387677272362
5.85629077188832 6.10380968975845 18.2529586092532
6.00331331623534 6.11914765780918 18.1182399461445
6.15033586058234 6.13448562585992 17.9835212830358
6.29735840492936 6.14982359391066 17.848802619927
6.44438094927637 6.16516156196139 17.7140839568183
6.59140349362338 6.18049953001213 17.5793652937096
6.73842603797039 6.19583749806286 17.4446466306008
6.88544858231741 6.2111754661136 17.3099279674921
7.03247112666442 6.22651343416434 17.1752093043833
7.17949367101143 6.24185140221507 17.0404906412746
7.32651621535844 6.25718937026581 16.9057719781659
7.47353875970545 6.27252733831654 16.7710533150571
7.62056130405246 6.28786530636728 16.6363346519484
7.76758384839948 6.30320327441801 16.5016159888397
7.91460639274649 6.31854124246875 16.3668973257309
8.0616289370935 6.33387921051948 16.2321786626222
8.20865148144051 6.34921717857022 16.0974599995135
8.35567402578752 6.36455514662095 15.9627413364047
8.50269657013454 6.37989311467169 15.828022673296
8.64971911448155 6.39523108272243 15.6933040101872
8.79674165882856 6.41056905077316 15.5585853470785
8.71893977722105 6.41640241867332 15.5073488650144
8.55223319925333 6.42890161253046 15.3975641346772
8.38552662128561 6.4414008063876 15.28777940434
8.21882004331789 6.45390000024474 15.1779946740028
8.05211346535016 6.46639919410188 15.0682099436656
7.88540688738244 6.47889838795902 14.9584252133284
7.71870030941472 6.49139758181615 14.8486404829912
7.551993731447 6.50389677567329 14.738855752654
7.38528715347928 6.51639596953043 14.6290710223168
7.21858057551155 6.52889516338757 14.5192862919796
7.05187399754383 6.54139435724471 14.4095015616424
6.88516741957611 6.55389355110185 14.2997168313052
6.71846084160839 6.56639274495899 14.189932100968
6.55175426364067 6.57889193881613 14.0801473706308
6.38504768567294 6.59139113267327 13.9703626402935
6.21834110770522 6.60389032653041 13.8605779099563
6.05163452973749 6.61638952038754 13.7507931796191
5.88492795176977 6.62888871424468 13.6410084492819
5.71822137380205 6.64138790810182 13.5312237189447
5.55151479583432 6.65388710195896 13.4214389886075
5.3848082178666 6.6663862958161 13.3116542582703
5.21810163989888 6.67888548967324 13.2018695279331
5.05139506193115 6.69138468353038 13.0920847975959
4.88468848396343 6.70388387738752 12.9823000672587
4.71798190599571 6.71638307124466 12.8725153369215
4.55127532802798 6.7288822651018 12.7627306065843
4.38456875006026 6.74138145895894 12.6529458762471
4.21786217209254 6.75388065281607 12.5431611459099
4.05115559412481 6.76637984667321 12.4333764155727
3.88444901615709 6.77887904053035 12.3235916852354
3.71774243818936 6.79137823438749 12.2138069548982
3.55103586022164 6.80387742824463 12.104022224561
3.38432928225392 6.81637662210177 11.9942374942238
3.21762270428619 6.82887581595891 11.8844527638866
3.05091612631847 6.84137500981605 11.7746680335494
2.88420954835074 6.85387420367319 11.6648833032122
2.71750297038302 6.86637339753033 11.555098572875
2.5507963924153 6.87887259138746 11.4453138425378
2.38408981444758 6.8913717852446 11.3355291122006
2.21738323647985 6.90387097910174 11.2257443818634
2.05067665851213 6.91637017295888 11.1159596515262
2.11259482354807 6.92454403526112 11.0441657999449
2.24273253550423 6.94172360990196 10.8932716710267
2.37287024746039 6.9589031845428 10.7423775421085
2.50300795941656 6.97608275918364 10.5914834131904
2.63314567137272 6.99326233382448 10.4405892842722
2.76328338332888 7.01044190846532 10.289695155354
2.89342109528505 7.02762148310616 10.1388010264358
3.02355880724121 7.044801057747 9.98790689751766
3.15369651919737 7.06198063238783 9.83701276859949
3.28383423115353 7.07916020702867 9.68611863968132
3.4139719431097 7.09633978166951 9.53522451076315
3.54410965506586 7.11351935631035 9.38433038184497
3.67424736702202 7.13069893095119 9.2334362529268
3.80438507897818 7.14787850559203 9.08254212400862
3.93452279093435 7.16505808023286 8.93164799509045
4.06466050289051 7.1822376548737 8.78075386617228
4.19479821484667 7.19941722951454 8.6298597372541
4.32493592680284 7.21659680415538 8.47896560833593
4.455073638759 7.23377637879622 8.32807147941775
4.58521135071516 7.25095595343706 8.17717735049958
4.71534906267133 7.2681355280779 8.02628322158141
4.84548677462749 7.28531510271874 7.87538909266323
4.97562448658365 7.30249467735957 7.72449496374506
5.10576219853982 7.31967425200041 7.57360083482688
5.23589991049598 7.33685382664125 7.42270670590871
5.36603762245215 7.35403340128209 7.27181257699053
5.49617533440831 7.37121297592293 7.12091844807236
5.62631304636447 7.38839255056377 6.97002431915418
5.75645075832064 7.40557212520461 6.81913019023601
5.8865884702768 7.42275169984545 6.66823606131784
6.01672618223296 7.43993127448628 6.51734193239966
6.14686389418913 7.45711084912712 6.36644780348148
6.27700160614529 7.47429042376796 6.21555367456331
6.40713931810145 7.4914699984088 6.06465954564514
6.53727703005761 7.50864957304964 5.91376541672696
6.66741474201378 7.52582914769048 5.76287128780879
6.79755245396994 7.54300872233132 5.61197715889061
6.92769016592611 7.56018829697215 5.46108302997244
7.05782787788227 7.57736787161299 5.31018890105427
7.18796558983843 7.59454744625383 5.15929477213609
7.3181033017946 7.61172702089467 5.00840064321792
7.44824101375076 7.62890659553551 4.85750651429974
7.57837872570692 7.64608617017635 4.70661238538157
7.70851643766309 7.66326574481719 4.5557182564634
7.83865414961925 7.68044531945803 4.40482412754522
7.96879186157541 7.69762489409886 4.25392999862705
8.09892957353157 7.7148044687397 4.10303586970887
8.22906728548774 7.73198404338054 3.9521417407907
8.3592049974439 7.74916361802138 3.80124761187253
8.48934270940006 7.76634319266222 3.65035348295435
8.61948042135623 7.78352276730306 3.49945935403618
8.74961813331239 7.8007023419439 3.348565225118
8.87975584526855 7.81788191658473 3.19767109619983
9.00989355722472 7.83506149122557 3.04677696728166
9.14003126918088 7.85224106586641 2.89588283836348
9.27016898113705 7.86942064050725 2.74498870944531
9.40030669309321 7.88660021514809 2.59409458052713
9.53044440504937 7.90377978978893 2.44320045160896
9.66058211700553 7.92095936442977 2.29230632269079
9.7907198289617 7.9381389390706 2.14141219377261
9.92085754091786 7.95531851371144 1.99051806485444
10.050995252874 7.97249808835228 1.83962393593626
10.1811329648302 7.98967766299312 1.68872980701809
10.3112706767864 8.00685723763396 1.53783567809991
10.4414083887425 8.0240368122748 1.38694154918174
10.5715461006987 8.04121638691564 1.23604742026357
10.7016838126548 8.05839596155647 1.08515329134539
10.831821524611 8.07557553619731 0.934259162427217
10.9619592365672 8.09275511083815 0.783365033509044
11.0920969485233 8.10993468547899 0.63247090459087
11.2222346604795 8.12711426011983 0.481576775672698
11.3523723724357 8.14429383476067 0.330682646754524
11.4825100843918 8.16147340940151 0.179788517836349
11.612647796348 8.17865298404235 0.0288943889181727
11.7427855083041 8.19583255868318 -0.121999740000001
19.7661101939746 5.90510909776658 19.9982144360689
19.802810722447 5.92734913136771 19.8028725508644
19.8395112509194 5.94958916496884 19.6075306656598
19.8762117793917 5.97182919856998 19.4121887804553
19.9129123078641 5.99406923217111 19.2168468952507
19.9496128363365 6.01630926577224 19.0215050100462
19.9863133648089 6.03854929937337 18.8261631248416
20.0230138932812 6.0607893329745 18.6308212396371
20.0597144217536 6.08302936657564 18.4354793544325
20.096414950226 6.10526940017677 18.2401374692279
20.1331154786984 6.1275094337779 18.0447955840234
20.1698160071707 6.14974946737903 17.8494536988189
20.2065165356431 6.17198950098017 17.6541118136143
20.2432170641155 6.1942295345813 17.4587699284097
20.2799175925879 6.21646956818243 17.2634280432052
20.3166181210602 6.23870960178356 17.0680861580006
20.3533186495326 6.26094963538469 16.8727442727961
20.390019178005 6.28318966898583 16.6774023875915
20.4267197064774 6.30542970258696 16.482060502387
20.4634202349498 6.32766973618809 16.2867186171824
20.5001207634221 6.34990976978922 16.0913767319779
20.5368212918945 6.37214980339035 15.8960348467733
20.5735218203669 6.39438983699149 15.7006929615688
20.6102223488393 6.41662987059262 15.5053510763642
20.6469228773116 6.43886990419375 15.3100091911597
20.683623405784 6.46110993779488 15.1146673059551
20.7203239342564 6.48334997139601 14.9193254207506
20.7570244627288 6.50559000499715 14.723983535546
20.7937249912011 6.52783003859828 14.5286416503415
20.8304255196735 6.55007007219941 14.3332997651369
20.8671260481459 6.57231010580054 14.1379578799324
20.9038265766183 6.59455013940167 13.9426159947278
20.9405271050906 6.61679017300281 13.7472741095232
20.977227633563 6.63903020660394 13.5519322243187
21.0139281620354 6.66127024020507 13.3565903391141
21.0506286905078 6.6835102738062 13.1612484539096
21.0873292189801 6.70575030740733 12.965906568705
21.1240297474525 6.72799034100847 12.7705646835005
21.1607302759249 6.7502303746096 12.5752227982959
21.1974308043973 6.77247040821073 12.3798809130914
21.2341313328696 6.79471044181186 12.1845390278868
21.270831861342 6.81695047541299 11.9891971426823
21.3075323898144 6.83919050901413 11.7938552574777
21.3442329182868 6.86143054261526 11.5985133722732
21.3809334467591 6.88367057621639 11.4031714870686
21.4176339752315 6.90591060981752 11.2078296018641
21.4543345037039 6.92815064341865 11.0124877166595
21.4910350321763 6.95039067701979 10.817145831455
21.5277355606487 6.97263071062092 10.6218039462504
21.564436089121 6.99487074422205 10.4264620610459
21.6011366175934 7.01711077782318 10.2311201758413
21.6378371460658 7.03935081142432 10.0357782906368
21.6745376745382 7.06159084502545 9.84043640543221
21.7112382030105 7.08383087862658 9.64509452022766
21.7479387314829 7.10607091222771 9.44975263502311
21.7846392599553 7.12831094582884 9.25441074981855
21.8213397884277 7.15055097942997 9.059068864614
21.8580403169 7.17279101303111 8.86372697940944
21.8947408453724 7.19503104663224 8.66838509420489
21.9314413738448 7.21727108023337 8.47304320900034
21.9681419023172 7.2395111138345 8.27770132379579
22.0048424307895 7.26175114743563 8.08235943859124
22.0415429592619 7.28399118103677 7.88701755338669
22.0782434877343 7.3062312146379 7.69167566818213
22.1149440162067 7.32847124823903 7.49633378297758
22.151644544679 7.35071128184016 7.30099189777302
22.1883450731514 7.37295131544129 7.10565001256847
22.2250456016238 7.39519134904243 6.91030812736392
22.2617461300962 7.41743138264356 6.71496624215936
22.2984466585685 7.43967141624469 6.51962435695481
22.3351471870409 7.46191144984582 6.32428247175026
22.3718477155133 7.48415148344696 6.1289405865457
22.4085482439857 7.50639151704809 5.93359870134115
22.4452487724581 7.52863155064922 5.7382568161366
22.4819493009304 7.55087158425035 5.54291493093204
22.5186498294028 7.57311161785148 5.34757304572749
22.5553503578752 7.59535165145262 5.15223116052294
22.5920508863476 7.61759168505375 4.95688927531838
22.6287514148199 7.63983171865488 4.76154739011383
22.6654519432923 7.66207175225601 4.56620550490928
22.7021524717647 7.68431178585715 4.37086361970473
22.7388530002371 7.70655181945828 4.17552173450017
22.7755535287094 7.72879185305941 3.98017984929562
22.8122540571818 7.75103188666054 3.78483796409107
22.8489545856542 7.77327192026167 3.58949607888651
22.8856551141266 7.79551195386281 3.39415419368196
22.9223556425989 7.81775198746394 3.1988123084774
22.9590561710713 7.83999202106507 3.00347042327285
22.9957566995437 7.8622320546662 2.8081285380683
23.0324572280161 7.88447208826733 2.61278665286375
23.0691577564884 7.90671212186847 2.41744476765919
23.1058582849608 7.9289521554696 2.22210288245464
23.1425588134332 7.95119218907073 2.02676099725008
23.1792593419056 7.97343222267186 1.83141911204553
23.2159598703779 7.995672256273 1.63607722684098
23.2526603988503 8.01791228987413 1.44073534163642
23.2893609273227 8.04015232347526 1.24539345643187
23.3260614557951 8.06239235707639 1.05005157122732
23.3627619842675 8.08463239067752 0.854709686022765
23.3994625127398 8.10687242427866 0.659367800818211
23.4361630412122 8.12911245787979 0.464025915613659
23.4728635696846 8.15135249148092 0.268684030409106
23.509564098157 8.17359252508205 0.0733421452045526
23.5462646266293 8.19583255868318 -0.121999740000001
15.5229399409589 5.90510909776658 19.9982144360689
15.4862394124865 5.92734913136771 19.8028725508644
15.4495388840141 5.94958916496884 19.6075306656598
15.4128383555418 5.97182919856997 19.4121887804553
15.3761378270694 5.99406923217111 19.2168468952507
15.339437298597 6.01630926577224 19.0215050100462
15.3027367701246 6.03854929937337 18.8261631248416
15.2660362416522 6.0607893329745 18.6308212396371
15.2293357131799 6.08302936657564 18.4354793544325
15.1926351847075 6.10526940017677 18.240137469228
15.1559346562351 6.1275094337779 18.0447955840234
15.1192341277627 6.14974946737903 17.8494536988189
15.0825335992904 6.17198950098016 17.6541118136143
15.045833070818 6.1942295345813 17.4587699284097
15.0091325423456 6.21646956818243 17.2634280432052
14.9724320138732 6.23870960178356 17.0680861580006
14.9357314854009 6.26094963538469 16.8727442727961
14.8990309569285 6.28318966898583 16.6774023875915
14.8623304284561 6.30542970258696 16.482060502387
14.8256298999837 6.32766973618809 16.2867186171824
14.7889293715114 6.34990976978922 16.0913767319779
14.752228843039 6.37214980339035 15.8960348467733
14.7155283145666 6.39438983699148 15.7006929615688
14.6788277860942 6.41662987059262 15.5053510763642
14.6421272576219 6.43886990419375 15.3100091911597
14.6054267291495 6.46110993779488 15.1146673059551
14.5687262006771 6.48334997139601 14.9193254207506
14.5320256722047 6.50559000499714 14.723983535546
14.4953251437323 6.52783003859828 14.5286416503415
14.45862461526 6.55007007219941 14.3332997651369
14.4219240867876 6.57231010580054 14.1379578799324
14.3852235583152 6.59455013940167 13.9426159947278
14.3485230298428 6.6167901730028 13.7472741095233
14.3118225013705 6.63903020660394 13.5519322243187
14.2751219728981 6.66127024020507 13.3565903391142
14.2384214444257 6.6835102738062 13.1612484539096
14.2017209159533 6.70575030740733 12.9659065687051
14.165020387481 6.72799034100846 12.7705646835005
14.1283198590086 6.7502303746096 12.5752227982959
14.0916193305362 6.77247040821073 12.3798809130914
14.0549188020638 6.79471044181186 12.1845390278868
14.0182182735915 6.81695047541299 11.9891971426823
13.9815177451191 6.83919050901413 11.7938552574777
13.9448172166467 6.86143054261526 11.5985133722732
13.9081166881743 6.88367057621639 11.4031714870686
13.871416159702 6.90591060981752 11.2078296018641
13.8347156312296 6.92815064341865 11.0124877166595
13.7980151027572 6.95039067701979 10.817145831455
13.7613145742848 6.97263071062092 10.6218039462504
13.7246140458125 6.99487074422205 10.4264620610459
13.6879135173401 7.01711077782318 10.2311201758413
13.6512129888677 7.03935081142432 10.0357782906367
13.6145124603953 7.06159084502545 9.8404364054322
13.577811931923 7.08383087862658 9.64509452022765
13.5411114034506 7.10607091222771 9.4497526350231
13.5044108749782 7.12831094582884 9.25441074981855
13.4677103465058 7.15055097942997 9.05906886461399
13.4310098180334 7.17279101303111 8.86372697940944
13.3943092895611 7.19503104663224 8.66838509420489
13.3576087610887 7.21727108023337 8.47304320900033
13.3209082326163 7.2395111138345 8.27770132379578
13.2842077041439 7.26175114743564 8.08235943859123
13.2475071756716 7.28399118103677 7.88701755338668
13.2108066471992 7.3062312146379 7.69167566818213
13.1741061187268 7.32847124823903 7.49633378297757
13.1374055902544 7.35071128184016 7.30099189777302
13.1007050617821 7.3729513154413 7.10565001256846
13.0640045333097 7.39519134904243 6.91030812736391
13.0273040048373 7.41743138264356 6.71496624215936
12.9906034763649 7.43967141624469 6.5196243569548
12.9539029478926 7.46191144984582 6.32428247175025
12.9172024194202 7.48415148344696 6.1289405865457
12.8805018909478 7.50639151704809 5.93359870134114
12.8438013624754 7.52863155064922 5.73825681613659
12.8071008340031 7.55087158425035 5.54291493093204
12.7704003055307 7.57311161785148 5.34757304572748
12.7336997770583 7.59535165145262 5.15223116052293
12.6969992485859 7.61759168505375 4.95688927531838
12.6602987201135 7.63983171865488 4.76154739011382
12.6235981916412 7.66207175225601 4.56620550490927
12.5868976631688 7.68431178585715 4.37086361970472
12.5501971346964 7.70655181945828 4.17552173450017
12.513496606224 7.72879185305941 3.98017984929562
12.4767960777517 7.75103188666054 3.78483796409106
12.4400955492793 7.77327192026167 3.58949607888651
12.4033950208069 7.79551195386281 3.39415419368195
12.3666944923345 7.81775198746394 3.1988123084774
12.3299939638622 7.83999202106507 3.00347042327285
12.2932934353898 7.8622320546662 2.80812853806829
12.2565929069174 7.88447208826733 2.61278665286374
12.219892378445 7.90671212186847 2.41744476765919
12.1831918499727 7.9289521554696 2.22210288245464
12.1464913215003 7.95119218907073 2.02676099725008
12.1097907930279 7.97343222267186 1.83141911204553
12.0730902645555 7.995672256273 1.63607722684098
12.0363897360832 8.01791228987413 1.44073534163642
11.9996892076108 8.04015232347526 1.24539345643187
11.9629886791384 8.06239235707639 1.05005157122732
11.926288150666 8.08463239067752 0.854709686022762
11.8895876221937 8.10687242427866 0.65936780081821
11.8528870937213 8.12911245787979 0.464025915613657
11.8161865652489 8.15135249148092 0.268684030409104
11.7794860367765 8.17359252508205 0.0733421452045507
11.7427855083041 8.19583255868318 -0.121999740000001
7.96263107564941 5.90510909776657 19.998214436069
7.99933160412179 5.9273491313677 19.8028725508644
8.03603213259416 5.94958916496884 19.6075306656599
8.07273266106654 5.97182919856997 19.4121887804553
8.10943318953892 5.9940692321711 19.2168468952508
8.14613371801129 6.01630926577223 19.0215050100462
8.18283424648367 6.03854929937337 18.8261631248417
8.21953477495604 6.0607893329745 18.6308212396371
8.25623530342842 6.08302936657563 18.4354793544326
8.29293583190079 6.10526940017676 18.240137469228
8.32963636037317 6.12750943377789 18.0447955840235
8.36633688884555 6.14974946737903 17.8494536988189
8.40303741731792 6.17198950098016 17.6541118136143
8.4397379457903 6.19422953458129 17.4587699284098
8.47643847426268 6.21646956818242 17.2634280432052
8.51313900273505 6.23870960178356 17.0680861580007
8.54983953120743 6.26094963538469 16.8727442727961
8.5865400596798 6.28318966898582 16.6774023875916
8.62324058815218 6.30542970258695 16.482060502387
8.65994111662456 6.32766973618808 16.2867186171825
8.69664164509693 6.34990976978921 16.0913767319779
8.73334217356931 6.37214980339035 15.8960348467734
8.77004270204168 6.39438983699148 15.7006929615688
8.80674323051406 6.41662987059261 15.5053510763643
8.84344375898644 6.43886990419374 15.3100091911597
8.88014428745881 6.46110993779488 15.1146673059552
8.91684481593119 6.48334997139601 14.9193254207506
8.95354534440357 6.50559000499714 14.7239835355461
8.99024587287594 6.52783003859827 14.5286416503415
9.02694640134832 6.55007007219941 14.3332997651369
9.06364692982069 6.57231010580054 14.1379578799324
9.10034745829307 6.59455013940167 13.9426159947278
9.13704798676545 6.6167901730028 13.7472741095233
9.17374851523782 6.63903020660393 13.5519322243187
9.2104490437102 6.66127024020507 13.3565903391142
9.24714957218257 6.6835102738062 13.1612484539096
9.28385010065495 6.70575030740733 12.9659065687051
9.32055062912733 6.72799034100846 12.7705646835005
9.3572511575997 6.75023037460959 12.575222798296
9.39395168607208 6.77247040821073 12.3798809130914
9.43065221454445 6.79471044181186 12.1845390278869
9.46735274301683 6.81695047541299 11.9891971426823
9.5040532714892 6.83919050901412 11.7938552574778
9.54075379996158 6.86143054261525 11.5985133722732
9.57745432843396 6.88367057621639 11.4031714870687
9.61415485690633 6.90591060981752 11.2078296018641
9.65085538537871 6.92815064341865 11.0124877166595
9.68755591385109 6.95039067701978 10.817145831455
9.72425644232346 6.97263071062092 10.6218039462504
9.76095697079584 6.99487074422205 10.4264620610459
9.79765749926821 7.01711077782318 10.2311201758413
9.83435802774059 7.03935081142431 10.0357782906368
9.87105855621297 7.06159084502544 9.84043640543223
9.90775908468534 7.08383087862657 9.64509452022768
9.94445961315772 7.10607091222771 9.44975263502312
9.98116014163009 7.12831094582884 9.25441074981857
10.0178606701025 7.15055097942997 9.05906886461401
10.0545611985748 7.17279101303111 8.86372697940946
10.0912617270472 7.19503104663224 8.66838509420491
10.1279622555196 7.21727108023337 8.47304320900036
10.164662783992 7.2395111138345 8.2777013237958
10.2013633124644 7.26175114743563 8.08235943859125
10.2380638409367 7.28399118103676 7.8870175533867
10.2747643694091 7.3062312146379 7.69167566818214
10.3114648978815 7.32847124823903 7.49633378297759
10.3481654263539 7.35071128184016 7.30099189777304
10.3848659548262 7.37295131544129 7.10565001256849
10.4215664832986 7.39519134904243 6.91030812736393
10.458267011771 7.41743138264356 6.71496624215938
10.4949675402434 7.43967141624469 6.51962435695483
10.5316680687157 7.46191144984582 6.32428247175027
10.5683685971881 7.48415148344695 6.12894058654572
10.6050691256605 7.50639151704809 5.93359870134116
10.6417696541329 7.52863155064922 5.73825681613661
10.6784701826052 7.55087158425035 5.54291493093205
10.7151707110776 7.57311161785148 5.3475730457275
10.75187123955 7.59535165145262 5.15223116052295
10.7885717680224 7.61759168505375 4.95688927531839
10.8252722964947 7.63983171865488 4.76154739011384
10.8619728249671 7.66207175225601 4.56620550490928
10.8986733534395 7.68431178585714 4.37086361970473
10.9353738819119 7.70655181945828 4.17552173450017
10.9720744103843 7.72879185305941 3.98017984929562
11.0087749388566 7.75103188666054 3.78483796409107
11.045475467329 7.77327192026167 3.58949607888651
11.0821759958014 7.79551195386281 3.39415419368196
11.1188765242738 7.81775198746394 3.19881230847741
11.1555770527461 7.83999202106507 3.00347042327285
11.1922775812185 7.8622320546662 2.8081285380683
11.2289781096909 7.88447208826733 2.61278665286374
11.2656786381633 7.90671212186847 2.41744476765919
11.3023791666356 7.9289521554696 2.22210288245464
11.339079695108 7.95119218907073 2.02676099725009
11.3757802235804 7.97343222267186 1.83141911204553
11.4124807520528 7.995672256273 1.63607722684098
11.4491812805251 8.01791228987413 1.44073534163643
11.4858818089975 8.04015232347526 1.24539345643187
11.5225823374699 8.06239235707639 1.05005157122732
11.5592828659423 8.08463239067753 0.854709686022766
11.5959833944146 8.10687242427866 0.659367800818213
11.632683922887 8.12911245787979 0.46402591561366
11.6693844513594 8.15135249148092 0.268684030409106
11.7060849798318 8.17359252508205 0.0733421452045523
11.7427855083041 8.19583255868318 -0.121999740000001
7.88411674725299 5.88907813704815 20.1390198927756
7.73709420290597 5.90441610509888 20.0043012296669
7.59007165855896 5.91975407314962 19.8695825665581
7.44304911421195 5.93509204120035 19.7348639034494
7.29602656986494 5.95043000925109 19.6001452403406
7.14900402551793 5.96576797730183 19.4654265772319
7.00198148117091 5.98110594535256 19.3307079141232
6.8549589368239 5.9964439134033 19.1959892510144
6.70793639247689 6.01178188145403 19.0612705879057
6.56091384812987 6.02711984950477 18.926551924797
6.41389130378286 6.0424578175555 18.7918332616882
6.26686875943585 6.05779578560624 18.6571145985795
6.11984621508883 6.07313375365698 18.5223959354707
5.97282367074182 6.08847172170771 18.387677272362
5.8258011263948 6.10380968975845 18.2529586092533
5.67877858204779 6.11914765780918 18.1182399461445
5.53175603770078 6.13448562585992 17.9835212830358
5.38473349335376 6.14982359391066 17.848802619927
5.23771094900675 6.16516156196139 17.7140839568183
5.09068840465974 6.18049953001213 17.5793652937096
4.94366586031272 6.19583749806286 17.4446466306008
4.79664331596571 6.2111754661136 17.3099279674921
4.6496207716187 6.22651343416433 17.1752093043834
4.50259822727169 6.24185140221507 17.0404906412746
4.35557568292468 6.2571893702658 16.9057719781659
4.20855313857767 6.27252733831654 16.7710533150571
4.06153059423066 6.28786530636728 16.6363346519484
3.91450804988365 6.30320327441801 16.5016159888397
3.76748550553663 6.31854124246875 16.3668973257309
3.62046296118962 6.33387921051948 16.2321786626222
3.47344041684261 6.34921717857022 16.0974599995135
3.32641787249559 6.36455514662095 15.9627413364047
3.17939532814858 6.37989311467169 15.828022673296
3.03237278380157 6.39523108272243 15.6933040101872
2.88535023945455 6.41056905077316 15.5585853470785
2.96315212106208 6.41640241867332 15.5073488650144
3.1298586990298 6.42890161253046 15.3975641346772
3.29656527699752 6.4414008063876 15.28777940434
3.46327185496524 6.45390000024474 15.1779946740028
3.62997843293297 6.46639919410188 15.0682099436656
3.79668501090069 6.47889838795902 14.9584252133284
3.96339158886841 6.49139758181616 14.8486404829912
4.13009816683613 6.5038967756733 14.738855752654
4.29680474480386 6.51639596953043 14.6290710223168
4.46351132277158 6.52889516338757 14.5192862919796
4.6302179007393 6.54139435724471 14.4095015616424
4.79692447870702 6.55389355110185 14.2997168313052
4.96363105667475 6.56639274495899 14.1899321009679
5.13033763464247 6.57889193881613 14.0801473706307
5.29704421261019 6.59139113267327 13.9703626402935
5.46375079057792 6.60389032653041 13.8605779099563
5.63045736854564 6.61638952038755 13.7507931796191
5.79716394651336 6.62888871424469 13.6410084492819
5.96387052448108 6.64138790810182 13.5312237189447
6.13057710244881 6.65388710195896 13.4214389886075
6.29728368041653 6.6663862958161 13.3116542582703
6.46399025838425 6.67888548967324 13.2018695279331
6.63069683635197 6.69138468353038 13.0920847975959
6.7974034143197 6.70388387738752 12.9823000672587
6.96410999228742 6.71638307124466 12.8725153369215
7.13081657025514 6.7288822651018 12.7627306065843
7.29752314822287 6.74138145895894 12.6529458762471
7.46422972619059 6.75388065281608 12.5431611459099
7.63093630415831 6.76637984667321 12.4333764155726
7.79764288212603 6.77887904053035 12.3235916852354
7.96434946009375 6.79137823438749 12.2138069548982
8.13105603806148 6.80387742824463 12.104022224561
8.2977626160292 6.81637662210177 11.9942374942238
8.46446919399692 6.82887581595891 11.8844527638866
8.63117577196464 6.84137500981605 11.7746680335494
8.79788234993236 6.85387420367319 11.6648833032122
8.96458892790009 6.86637339753033 11.555098572875
9.13129550586781 6.87887259138746 11.4453138425378
9.29800208383553 6.8913717852446 11.3355291122006
9.46470866180326 6.90387097910174 11.2257443818634
9.63141523977098 6.91637017295888 11.1159596515262
9.56949707473505 6.92454403526112 11.0441657999449
9.43935936277888 6.94172360990196 10.8932716710267
9.30922165082272 6.9589031845428 10.7423775421085
9.17908393886656 6.97608275918364 10.5914834131904
9.04894622691039 6.99326233382448 10.4405892842722
8.91880851495423 7.01044190846532 10.289695155354
8.78867080299807 7.02762148310616 10.1388010264358
8.6585330910419 7.04480105774699 9.98790689751767
8.52839537908574 7.06198063238783 9.83701276859949
8.39825766712958 7.07916020702867 9.68611863968132
8.26811995517342 7.09633978166951 9.53522451076315
8.13798224321725 7.11351935631035 9.38433038184497
8.00784453126109 7.13069893095119 9.2334362529268
7.87770681930493 7.14787850559203 9.08254212400862
7.74756910734876 7.16505808023286 8.93164799509045
7.6174313953926 7.1822376548737 8.78075386617228
7.48729368343644 7.19941722951454 8.62985973725411
7.35715597148028 7.21659680415538 8.47896560833593
7.22701825952411 7.23377637879622 8.32807147941776
7.09688054756795 7.25095595343706 8.17717735049959
6.96674283561179 7.2681355280779 8.02628322158141
6.83660512365562 7.28531510271874 7.87538909266323
6.70646741169946 7.30249467735957 7.72449496374506
6.57632969974329 7.31967425200041 7.57360083482688
6.44619198778713 7.33685382664125 7.42270670590871
6.31605427583097 7.35403340128209 7.27181257699053
6.1859165638748 7.37121297592293 7.12091844807236
6.05577885191864 7.38839255056377 6.97002431915419
5.92564113996248 7.40557212520461 6.81913019023601
5.79550342800631 7.42275169984544 6.66823606131784
5.66536571605015 7.43993127448628 6.51734193239966
5.53522800409399 7.45711084912712 6.36644780348149
5.40509029213782 7.47429042376796 6.21555367456332
5.27495258018166 7.4914699984088 6.06465954564514
5.1448148682255 7.50864957304964 5.91376541672697
5.01467715626934 7.52582914769048 5.7628712878088
4.88453944431317 7.54300872233132 5.61197715889062
4.75440173235701 7.56018829697215 5.46108302997245
4.62426402040085 7.57736787161299 5.31018890105427
4.49412630844468 7.59454744625383 5.1592947721361
4.36398859648852 7.61172702089467 5.00840064321792
4.23385088453235 7.62890659553551 4.85750651429975
4.10371317257619 7.64608617017635 4.70661238538157
3.97357546062003 7.66326574481719 4.5557182564634
3.84343774866386 7.68044531945803 4.40482412754522
3.7133000367077 7.69762489409886 4.25392999862705
3.58316232475154 7.7148044687397 4.10303586970888
3.45302461279537 7.73198404338054 3.9521417407907
3.32288690083921 7.74916361802138 3.80124761187253
3.19274918888305 7.76634319266222 3.65035348295435
3.06261147692688 7.78352276730306 3.49945935403618
2.93247376497072 7.80070234194389 3.348565225118
2.80233605301456 7.81788191658473 3.19767109619983
2.67219834105839 7.83506149122557 3.04677696728166
2.54206062910223 7.85224106586641 2.89588283836348
2.41192291714607 7.86942064050725 2.74498870944531
2.2817852051899 7.88660021514809 2.59409458052713
2.15164749323374 7.90377978978893 2.44320045160896
2.02150978127758 7.92095936442977 2.29230632269078
1.89137206932141 7.9381389390706 2.14141219377261
1.76123435736525 7.95531851371144 1.99051806485444
1.63109664540909 7.97249808835228 1.83962393593626
1.50095893345292 7.98967766299312 1.68872980701809
1.37082122149676 8.00685723763396 1.53783567809991
1.2406835095406 8.0240368122748 1.38694154918174
1.11054579758443 8.04121638691564 1.23604742026357
0.98040808562827 8.05839596155647 1.08515329134539
0.850270373672106 8.07557553619731 0.934259162427218
0.720132661715943 8.09275511083815 0.783365033509043
0.58999494975978 8.10993468547899 0.632470904590869
0.459857237803616 8.12711426011983 0.481576775672695
0.329719525847453 8.14429383476067 0.330682646754521
0.19958181389129 8.16147340940151 0.179788517836347
0.0694441019351263 8.17865298404234 0.0288943889181726
-0.0606936100210369 8.19583255868318 -0.121999740000001
3.71946082263369 5.90510909776658 19.9982144360689
3.68276029416131 5.92734913136771 19.8028725508644
3.64605976568894 5.94958916496885 19.6075306656598
3.60935923721656 5.97182919856998 19.4121887804553
3.57265870874418 5.99406923217111 19.2168468952507
3.53595818027181 6.01630926577224 19.0215050100462
3.49925765179943 6.03854929937337 18.8261631248416
3.46255712332706 6.06078933297451 18.6308212396371
3.42585659485468 6.08302936657564 18.4354793544325
3.38915606638231 6.10526940017677 18.2401374692279
3.35245553790993 6.1275094337779 18.0447955840234
3.31575500943755 6.14974946737903 17.8494536988188
3.27905448096518 6.17198950098017 17.6541118136143
3.2423539524928 6.1942295345813 17.4587699284097
3.20565342402042 6.21646956818243 17.2634280432052
3.16895289554805 6.23870960178356 17.0680861580006
3.13225236707567 6.2609496353847 16.8727442727961
3.0955518386033 6.28318966898583 16.6774023875915
3.05885131013092 6.30542970258696 16.482060502387
3.02215078165855 6.32766973618809 16.2867186171824
2.98545025318617 6.34990976978922 16.0913767319779
2.94874972471379 6.37214980339036 15.8960348467733
2.91204919624142 6.39438983699149 15.7006929615688
2.87534866776904 6.41662987059262 15.5053510763642
2.83864813929667 6.43886990419375 15.3100091911597
2.80194761082429 6.46110993779488 15.1146673059551
2.76524708235191 6.48334997139602 14.9193254207506
2.72854655387954 6.50559000499715 14.723983535546
2.69184602540716 6.52783003859828 14.5286416503415
2.65514549693479 6.55007007219941 14.3332997651369
2.61844496846241 6.57231010580054 14.1379578799323
2.58174443999003 6.59455013940168 13.9426159947278
2.54504391151766 6.61679017300281 13.7472741095232
2.50834338304528 6.63903020660394 13.5519322243187
2.47164285457291 6.66127024020507 13.3565903391141
2.43494232610053 6.6835102738062 13.1612484539096
2.39824179762816 6.70575030740733 12.965906568705
2.36154126915578 6.72799034100847 12.7705646835005
2.3248407406834 6.7502303746096 12.5752227982959
2.28814021221103 6.77247040821073 12.3798809130914
2.25143968373865 6.79471044181186 12.1845390278868
2.21473915526628 6.81695047541299 11.9891971426823
2.1780386267939 6.83919050901413 11.7938552574777
2.14133809832152 6.86143054261526 11.5985133722732
2.10463756984915 6.88367057621639 11.4031714870686
2.06793704137677 6.90591060981752 11.2078296018641
2.0312365129044 6.92815064341865 11.0124877166595
1.99453598443202 6.95039067701979 10.817145831455
1.95783545595965 6.97263071062092 10.6218039462504
1.92113492748727 6.99487074422205 10.4264620610459
1.88443439901489 7.01711077782318 10.2311201758413
1.84773387054252 7.03935081142432 10.0357782906368
1.81103334207014 7.06159084502545 9.8404364054322
1.77433281359777 7.08383087862658 9.64509452022765
1.73763228512539 7.10607091222771 9.4497526350231
1.70093175665301 7.12831094582884 9.25441074981855
1.66423122818064 7.15055097942997 9.05906886461399
1.62753069970826 7.17279101303111 8.86372697940944
1.59083017123589 7.19503104663224 8.66838509420489
1.55412964276351 7.21727108023337 8.47304320900034
1.51742911429113 7.2395111138345 8.27770132379578
1.48072858581876 7.26175114743564 8.08235943859123
1.44402805734638 7.28399118103677 7.88701755338668
1.40732752887401 7.3062312146379 7.69167566818213
1.37062700040163 7.32847124823903 7.49633378297757
1.33392647192925 7.35071128184016 7.30099189777302
1.29722594345688 7.3729513154413 7.10565001256846
1.2605254149845 7.39519134904243 6.91030812736391
1.22382488651213 7.41743138264356 6.71496624215936
1.18712435803975 7.43967141624469 6.5196243569548
1.15042382956737 7.46191144984582 6.32428247175025
1.113723301095 7.48415148344696 6.1289405865457
1.07702277262262 7.50639151704809 5.93359870134115
1.04032224415025 7.52863155064922 5.73825681613659
1.00362171567787 7.55087158425035 5.54291493093204
0.966921187205493 7.57311161785148 5.34757304572748
0.930220658733117 7.59535165145262 5.15223116052293
0.893520130260741 7.61759168505375 4.95688927531838
0.856819601788365 7.63983171865488 4.76154739011383
0.820119073315989 7.66207175225601 4.56620550490927
0.783418544843613 7.68431178585715 4.37086361970472
0.746718016371237 7.70655181945828 4.17552173450017
0.710017487898861 7.72879185305941 3.98017984929562
0.673316959426485 7.75103188666054 3.78483796409106
0.636616430954109 7.77327192026167 3.58949607888651
0.599915902481733 7.79551195386281 3.39415419368196
0.563215374009357 7.81775198746394 3.1988123084774
0.526514845536981 7.83999202106507 3.00347042327285
0.489814317064604 7.8622320546662 2.8081285380683
0.453113788592228 7.88447208826733 2.61278665286374
0.416413260119852 7.90671212186847 2.41744476765919
0.379712731647476 7.9289521554696 2.22210288245464
0.3430122031751 7.95119218907073 2.02676099725008
0.306311674702723 7.97343222267186 1.83141911204553
0.269611146230347 7.995672256273 1.63607722684098
0.232910617757971 8.01791228987413 1.44073534163642
0.196210089285595 8.04015232347526 1.24539345643187
0.159509560813219 8.06239235707639 1.05005157122732
0.122809032340843 8.08463239067753 0.854709686022764
0.0861085038684673 8.10687242427866 0.65936780081821
0.0494079753960912 8.12911245787979 0.464025915613657
0.0127074469237152 8.15135249148092 0.268684030409104
-0.0239930815486609 8.17359252508205 0.0733421452045515
-0.0606936100210369 8.19583255868318 -0.121999740000001
15.7320097861258 5.88444470278544 20.1797169438719
15.9320097861258 5.88444470278544 20.1797169438719
16.1320097861258 5.88444470278544 20.1797169438719
16.3320097861258 5.88444470278544 20.1797169438719
16.5320097861258 5.88444470278544 20.1797169438719
16.7320097861258 5.88444470278544 20.1797169438719
16.9320097861258 5.88444470278544 20.1797169438719
17.1320097861258 5.88444470278544 20.1797169438719
17.3320097861258 5.88444470278544 20.1797169438719
17.5320097861258 5.88444470278544 20.1797169438719
17.7320097861258 5.88444470278544 20.1797169438719
17.9320097861258 5.88444470278544 20.1797169438719
18.1320097861258 5.88444470278544 20.1797169438719
18.3320097861258 5.88444470278544 20.1797169438719
18.5320097861258 5.88444470278544 20.1797169438719
18.7320097861258 5.88444470278544 20.1797169438719
18.9320097861258 5.88444470278544 20.1797169438719
19.1320097861258 5.88444470278544 20.1797169438719
19.3320097861258 5.88444470278544 20.1797169438719
19.5320097861258 5.88444470278544 20.1797169438719
19.7320097861258 5.88444470278544 20.1797169438719
15.2913816551464 6.10221929010058 18.2669276379413
15.4913816551464 6.10221929010058 18.2669276379413
15.6913816551464 6.10221929010058 18.2669276379413
15.8913816551464 6.10221929010058 18.2669276379413
16.0913816551464 6.10221929010058 18.2669276379413
16.2913816551464 6.10221929010058 18.2669276379413
16.4913816551464 6.10221929010058 18.2669276379413
16.6913816551464 6.10221929010058 18.2669276379413
16.8913816551464 6.10221929010058 18.2669276379413
17.0913816551464 6.10221929010058 18.2669276379413
17.2913816551464 6.10221929010058 18.2669276379413
17.4913816551464 6.10221929010058 18.2669276379413
17.6913816551464 6.10221929010058 18.2669276379413
17.8913816551464 6.10221929010058 18.2669276379413
18.0913816551464 6.10221929010058 18.2669276379413
18.2913816551464 6.10221929010058 18.2669276379413
18.4913816551464 6.10221929010058 18.2669276379413
18.6913816551464 6.10221929010058 18.2669276379413
18.8913816551464 6.10221929010058 18.2669276379413
19.0913816551464 6.10221929010058 18.2669276379413
19.2913816551464 6.10221929010058 18.2669276379413
19.4913816551464 6.10221929010058 18.2669276379413
19.6913816551464 6.10221929010058 18.2669276379413
19.8913816551464 6.10221929010058 18.2669276379413
20.0913816551464 6.10221929010058 18.2669276379413
14.3659215407937 6.6321788643058 13.6121099265966
14.5659215407937 6.6321788643058 13.6121099265966
14.7659215407937 6.6321788643058 13.6121099265966
14.9659215407937 6.6321788643058 13.6121099265966
15.1659215407937 6.6321788643058 13.6121099265966
15.3659215407937 6.6321788643058 13.6121099265966
15.5659215407937 6.6321788643058 13.6121099265966
15.7659215407937 6.6321788643058 13.6121099265966
15.9659215407937 6.6321788643058 13.6121099265966
16.1659215407937 6.6321788643058 13.6121099265966
16.3659215407937 6.6321788643058 13.6121099265966
16.5659215407937 6.6321788643058 13.6121099265966
16.7659215407937 6.6321788643058 13.6121099265966
16.9659215407937 6.6321788643058 13.6121099265966
17.1659215407937 6.6321788643058 13.6121099265966
17.3659215407937 6.6321788643058 13.6121099265966
17.5659215407937 6.6321788643058 13.6121099265966
17.7659215407937 6.6321788643058 13.6121099265966
17.9659215407937 6.6321788643058 13.6121099265966
18.1659215407937 6.6321788643058 13.6121099265966
18.3659215407937 6.6321788643058 13.6121099265966
18.5659215407937 6.6321788643058 13.6121099265966
18.7659215407937 6.6321788643058 13.6121099265966
18.9659215407937 6.6321788643058 13.6121099265966
19.1659215407937 6.6321788643058 13.6121099265966
19.3659215407937 6.63217886430581 13.6121099265966
19.5659215407937 6.6321788643058 13.6121099265966
19.7659215407937 6.6321788643058 13.6121099265966
19.9659215407937 6.6321788643058 13.6121099265966
20.1659215407937 6.63217886430581 13.6121099265966
20.3659215407937 6.63217886430581 13.6121099265966
20.5659215407937 6.6321788643058 13.6121099265966
20.7659215407937 6.6321788643058 13.6121099265966
20.9659215407937 6.6321788643058 13.6121099265966
7.75356123048249 5.88444470278544 20.1797169438719
7.55356123048249 5.88444470278544 20.1797169438719
7.35356123048249 5.88444470278544 20.1797169438719
7.15356123048249 5.88444470278544 20.1797169438719
6.95356123048249 5.88444470278544 20.1797169438719
6.75356123048249 5.88444470278544 20.1797169438719
6.55356123048249 5.88444470278544 20.1797169438719
6.35356123048249 5.88444470278544 20.1797169438719
6.15356123048249 5.88444470278544 20.1797169438719
5.95356123048249 5.88444470278544 20.1797169438719
5.75356123048249 5.88444470278544 20.1797169438719
5.55356123048249 5.88444470278544 20.1797169438719
5.35356123048249 5.88444470278544 20.1797169438719
5.15356123048249 5.88444470278544 20.1797169438719
4.95356123048249 5.88444470278544 20.1797169438719
4.75356123048249 5.88444470278544 20.1797169438719
4.55356123048249 5.88444470278544 20.1797169438719
4.35356123048249 5.88444470278544 20.1797169438719
4.15356123048249 5.88444470278544 20.1797169438719
3.95356123048249 5.88444470278544 20.1797169438719
3.75356123048249 5.88444470278544 20.1797169438719
8.19418936146192 6.10221929010058 18.2669276379413
7.99418936146192 6.10221929010058 18.2669276379413
7.79418936146192 6.10221929010058 18.2669276379413
7.59418936146192 6.10221929010058 18.2669276379413
7.39418936146192 6.10221929010058 18.2669276379413
7.19418936146192 6.10221929010058 18.2669276379413
6.99418936146192 6.10221929010058 18.2669276379413
6.79418936146192 6.10221929010058 18.2669276379413
6.59418936146192 6.10221929010058 18.2669276379413
6.39418936146192 6.10221929010058 18.2669276379413
6.19418936146192 6.10221929010058 18.2669276379413
5.99418936146192 6.10221929010058 18.2669276379413
5.79418936146192 6.10221929010058 18.2669276379413
5.59418936146192 6.10221929010058 18.2669276379413
5.39418936146192 6.10221929010058 18.2669276379413
5.19418936146192 6.10221929010058 18.2669276379413
4.99418936146192 6.10221929010058 18.2669276379413
4.79418936146192 6.10221929010058 18.2669276379413
4.59418936146192 6.10221929010058 18.2669276379413
4.39418936146192 6.10221929010058 18.2669276379413
4.19418936146193 6.10221929010058 18.2669276379413
3.99418936146193 6.10221929010058 18.2669276379413
3.79418936146193 6.10221929010058 18.2669276379413
3.59418936146192 6.10221929010058 18.2669276379413
3.39418936146192 6.10221929010058 18.2669276379413
9.11964947581457 6.6321788643058 13.6121099265966
8.91964947581457 6.6321788643058 13.6121099265966
8.71964947581457 6.6321788643058 13.6121099265966
8.51964947581457 6.63217886430581 13.6121099265966
8.31964947581458 6.6321788643058 13.6121099265966
8.11964947581458 6.6321788643058 13.6121099265966
7.91964947581458 6.6321788643058 13.6121099265966
7.71964947581458 6.6321788643058 13.6121099265966
7.51964947581458 6.6321788643058 13.6121099265966
7.31964947581458 6.6321788643058 13.6121099265966
7.11964947581458 6.63217886430581 13.6121099265966
6.91964947581458 6.6321788643058 13.6121099265966
6.71964947581458 6.6321788643058 13.6121099265966
6.51964947581458 6.6321788643058 13.6121099265966
6.31964947581458 6.6321788643058 13.6121099265966
6.11964947581458 6.6321788643058 13.6121099265966
5.91964947581458 6.6321788643058 13.6121099265966
5.71964947581458 6.6321788643058 13.6121099265966
5.51964947581458 6.6321788643058 13.6121099265966
5.31964947581458 6.6321788643058 13.6121099265966
5.11964947581458 6.6321788643058 13.6121099265966
4.91964947581458 6.6321788643058 13.6121099265966
4.71964947581458 6.6321788643058 13.6121099265966
4.51964947581458 6.6321788643058 13.6121099265966
4.31964947581458 6.6321788643058 13.6121099265966
4.11964947581458 6.6321788643058 13.6121099265966
3.91964947581458 6.6321788643058 13.6121099265966
3.71964947581458 6.6321788643058 13.6121099265966
3.51964947581458 6.6321788643058 13.6121099265966
3.31964947581458 6.6321788643058 13.6121099265966
3.11964947581458 6.6321788643058 13.6121099265966
2.91964947581458 6.6321788643058 13.6121099265966
2.71964947581458 6.6321788643058 13.6121099265966
2.51964947581458 6.6321788643058 13.6121099265966
