# Rhino

mtllib pylon6_lines.mtl
usemtl diffuse_0
v -3.9771453625070228 6.2220205988649049 57.022950929256396
v -7.0968496435497208 6.1427082703240616 55.833771821180918
cstype bspline
deg 1
curv 3.7682423702904249 7.1091530024356899 1 2
parm u 3.7682423702904249 3.7682423702904249 7.1091530024356899 7.1091530024356899
end
usemtl diffuse_0
v -3.9771453625070228 6.2651096581509407 55.833771821180918
v -3.9771453625070228 6.2220205988649049 57.022950929256396
cstype bspline
deg 1
curv 2.5790632622149463 3.7682423702904249 3 4
parm u 2.5790632622149463 2.5790632622149463 3.7682423702904249 3.7682423702904249
end
usemtl diffuse_0
v -1.357392882421852 6.3088891049672533 57.462239429708355
v -3.9771453625070228 6.2651096581509407 55.833771821180918
cstype bspline
deg 1
curv 0 2.5790632622149463 5 6
parm u 0 0 2.5790632622149463 2.5790632622149463
end
usemtl diffuse_0
v -3.9771453625070228 4.5854548616351929 57.022950929256396
v -7.0968496435497208 4.6647671901760352 55.833771821180918
cstype bspline
deg 1
curv 3.7682423702904249 7.1091530024356899 7 8
parm u 3.7682423702904249 3.7682423702904249 7.1091530024356899 7.1091530024356899
end
usemtl diffuse_0
v -3.9771453625070228 4.5423658023491562 55.833771821180918
v -3.9771453625070228 4.5854548616351929 57.022950929256396
cstype bspline
deg 1
curv 2.5790632622149463 3.7682423702904249 9 10
parm u 2.5790632622149463 2.5790632622149463 3.7682423702904249 3.7682423702904249
end
usemtl diffuse_0
v -1.357392882421852 4.4985863555328436 57.462239429708355
v -3.9771453625070228 4.5423658023491562 55.833771821180918
cstype bspline
deg 1
curv 0 2.5790632622149463 11 12
parm u 0 0 2.5790632622149463 2.5790632622149463
end
usemtl diffuse_0
v 3.6648405973902856 3.6648405973902944 42.037119872093967
v 3.7050918096860261 4.5661429808517289 42.658143516493368
cstype bspline
deg 1
curv 1.0614062076538004 2.1566854019360857 13 14
parm u 1.0614062076538004 1.0614062076538004 2.1566854019360857 2.1566854019360857
end
usemtl diffuse_0
v 3.6197166426720599 4.464745203356987 41.340916175098698
v 3.6648405973902856 3.6648405973902944 42.037119872093967
cstype bspline
deg 1
curv 0 1.0614062076538004 15 16
parm u 0 0 1.0614062076538004 1.0614062076538004
end
usemtl diffuse_0
v 3.4631449955609472 3.463144995560957 38.925220116451989
v 3.5246831167140922 4.4169301498259905 39.874672967392947
cstype bspline
deg 1
curv 1.3471747603015829 2.6943769637630179 17 18
parm u 1.3471747603015829 1.3471747603015829 2.6943769637630179 2.6943769637630179
end
usemtl diffuse_0
v 3.4015417985413556 4.415886611981116 37.974763229869701
v 3.4631449955609472 3.463144995560957 38.925220116451989
cstype bspline
deg 1
curv 0 1.3471747603015829 19 20
parm u 0 0 1.3471747603015829 1.3471747603015829
end
usemtl diffuse_0
v 3.2001476653678873 3.200147665367898 34.867514741920473
v 3.2641447142562594 4.4147861607476351 35.854905636869304
cstype bspline
deg 1
curv 1.5587901979658039 3.1254372788849958 21 22
parm u 1.5587901979658039 1.5587901979658039 3.1254372788849958 3.1254372788849958
end
usemtl diffuse_0
v 3.1300673180759393 4.3207804587898053 33.786266496370395
v 3.2001476653678873 3.200147665367898 34.867514741920473
cstype bspline
deg 1
curv 0 1.5587901979658039 23 24
parm u 0 0 1.5587901979658039 1.5587901979658039
end
usemtl diffuse_0
v 2.8968793680208558 2.8968793680208655 30.188480931323447
v 2.8156523750106359 4.1346980339965205 28.935254497987842
cstype bspline
deg 1
curv 1.7646846707375266 3.5280250710693273 25 26
parm u 1.7646846707375266 1.7646846707375266 3.5280250710693273 3.5280250710693273
end
usemtl diffuse_0
v 2.9748077165685558 4.186233990353486 31.390813588077869
v 2.8968793680208558 2.8968793680208655 30.188480931323447
cstype bspline
deg 1
curv 0 1.7646846707375266 27 28
parm u 0 0 1.7646846707375266 1.7646846707375266
end
usemtl diffuse_0
v 2.5490840555289758 8.2583914049711193 24.822453421845637
v 2.4510352248642207 6.8926934989523856 23.309687999995603
cstype bspline
deg 1
curv 2.03704510971018 4.077438102553419 29 30
parm u 2.03704510971018 2.03704510971018 4.077438102553419 4.077438102553419
end
usemtl diffuse_0
v 2.6393982745935212 6.7752367737396106 26.215883886808079
v 2.5490840555289758 8.2583914049711193 24.822453421845637
cstype bspline
deg 1
curv 0 2.03704510971018 31 32
parm u 0 0 2.03704510971018 2.03704510971018
end
usemtl diffuse_0
v 2.1976836511900455 8.6097918093100478 19.400804052812433
v 2.1103359376018336 7.181243842385971 18.053142893591609
cstype bspline
deg 1
curv 2.0656700655310591 4.0315209034494437 33 34
parm u 2.0656700655310591 2.0656700655310591 4.0315209034494437 4.0315209034494437
end
usemtl diffuse_0
v 2.269761836816313 6.8705124200413943 20.512876335019474
v 2.1976836511900455 8.6097918093100478 19.400804052812433
cstype bspline
deg 1
curv 0 2.0656700655310591 35 36
parm u 0 0 2.0656700655310591 2.0656700655310591
end
usemtl diffuse_0
v 1.8745469618807746 8.9329284986193187 14.415226899021405
v 1.7827594569367111 7.3693741054801905 12.999065556801728
cstype bspline
deg 1
curv 2.2254423900986926 4.3369916397175503 37 38
parm u 2.2254423900986926 2.2254423900986926 4.3369916397175503 4.3369916397175503
end
usemtl diffuse_0
v 1.9515461892550832 7.0526820204752543 15.603224429346609
v 1.8745469618807746 8.9329284986193187 14.415226899021405
cstype bspline
deg 1
curv 0 2.2254423900986926 39 40
parm u 0 0 2.2254423900986926 2.2254423900986926
end
usemtl diffuse_0
v 3.6648405973902856 7.142634863109806 42.037119872093967
v 3.7050918096860261 6.2413324796483716 42.658143516493368
cstype bspline
deg 1
curv 1.0614062076538004 2.1566854019360857 41 42
parm u 1.0614062076538004 1.0614062076538004 2.1566854019360857 2.1566854019360857
end
usemtl diffuse_0
v 3.6197166426720599 6.3427302571431134 41.340916175098698
v 3.6648405973902856 7.142634863109806 42.037119872093967
cstype bspline
deg 1
curv 0 1.0614062076538004 43 44
parm u 0 0 1.0614062076538004 1.0614062076538004
end
usemtl diffuse_0
v 3.4631449955609472 7.3443304649391434 38.925220116451989
v 3.5246831167140922 6.3905453106741099 39.874672967392947
cstype bspline
deg 1
curv 1.3471747603015829 2.6943769637630179 45 46
parm u 1.3471747603015829 1.3471747603015829 2.6943769637630179 2.6943769637630179
end
usemtl diffuse_0
v 3.4015417985413556 6.3915888485189845 37.974763229869701
v 3.4631449955609472 7.3443304649391434 38.925220116451989
cstype bspline
deg 1
curv 0 1.3471747603015829 47 48
parm u 0 0 1.3471747603015829 1.3471747603015829
end
usemtl diffuse_0
v 3.2001476653678873 7.6073277951322025 34.867514741920473
v 3.2641447142562594 6.3926892997524654 35.854905636869304
cstype bspline
deg 1
curv 1.5587901979658039 3.1254372788849958 49 50
parm u 1.5587901979658039 1.5587901979658039 3.1254372788849958 3.1254372788849958
end
usemtl diffuse_0
v 3.1300673180759393 6.4866950017102951 33.786266496370395
v 3.2001476653678873 7.6073277951322025 34.867514741920473
cstype bspline
deg 1
curv 0 1.5587901979658039 51 52
parm u 0 0 1.5587901979658039 1.5587901979658039
end
usemtl diffuse_0
v 2.8968793680208558 7.9105960924792349 30.188480931323447
v 2.8156523750106359 6.67277742650358 28.935254497987842
cstype bspline
deg 1
curv 1.7646846707375266 3.5280250710693273 53 54
parm u 1.7646846707375266 1.7646846707375266 3.5280250710693273 3.5280250710693273
end
usemtl diffuse_0
v 2.9748077165685558 6.6212414701466145 31.390813588077869
v 2.8968793680208558 7.9105960924792349 30.188480931323447
cstype bspline
deg 1
curv 0 1.7646846707375266 55 56
parm u 0 0 1.7646846707375266 1.7646846707375266
end
usemtl diffuse_0
v 2.5490840555289758 2.5490840555289811 24.822453421845637
v 2.4510352248642207 3.9147819615477149 23.309687999995603
cstype bspline
deg 1
curv 2.03704510971018 4.077438102553419 57 58
parm u 2.03704510971018 2.03704510971018 4.077438102553419 4.077438102553419
end
usemtl diffuse_0
v 2.6393982745935212 4.0322386867604898 26.215883886808079
v 2.5490840555289758 2.5490840555289811 24.822453421845637
cstype bspline
deg 1
curv 0 2.03704510971018 59 60
parm u 0 0 2.03704510971018 2.03704510971018
end
usemtl diffuse_0
v 2.1976836511900455 2.197683651190053 19.400804052812433
v 2.1103359376018336 3.6262316181141294 18.053142893591609
cstype bspline
deg 1
curv 2.0656700655310591 4.0315209034494437 61 62
parm u 2.0656700655310591 2.0656700655310591 4.0315209034494437 4.0315209034494437
end
usemtl diffuse_0
v 2.269761836816313 3.9369630404587062 20.512876335019474
v 2.1976836511900455 2.197683651190053 19.400804052812433
cstype bspline
deg 1
curv 0 2.0656700655310591 63 64
parm u 0 0 2.0656700655310591 2.0656700655310591
end
usemtl diffuse_0
v 1.8745469618807746 1.8745469618807817 14.415226899021405
v 1.7827594569367111 3.43810135501991 12.999065556801728
cstype bspline
deg 1
curv 2.2254423900986926 4.3369916397175503 65 66
parm u 2.2254423900986926 2.2254423900986926 4.3369916397175503 4.3369916397175503
end
usemtl diffuse_0
v 1.9515461892550832 3.7547934400248462 15.603224429346609
v 1.8745469618807746 1.8745469618807817 14.415226899021405
cstype bspline
deg 1
curv 0 2.2254423900986926 67 68
parm u 0 0 2.2254423900986926 2.2254423900986926
end
usemtl diffuse_0
v 7.1426348631098096 3.6648405973902944 42.037119872093967
v 7.102383650814069 4.5661429808517289 42.658143516493368
cstype bspline
deg 1
curv 1.0614062076538004 2.1566854019360857 69 70
parm u 1.0614062076538004 1.0614062076538004 2.1566854019360857 2.1566854019360857
end
usemtl diffuse_0
v 7.1877588178280352 4.464745203356987 41.340916175098698
v 7.1426348631098096 3.6648405973902944 42.037119872093967
cstype bspline
deg 1
curv 0 1.0614062076538004 71 72
parm u 0 0 1.0614062076538004 1.0614062076538004
end
usemtl diffuse_0
v 7.3443304649391479 3.463144995560957 38.925220116451989
v 7.2827923437860029 4.4169301498259905 39.874672967392947
cstype bspline
deg 1
curv 1.3471747603015829 2.6943769637630179 73 74
parm u 1.3471747603015829 1.3471747603015829 2.6943769637630179 2.6943769637630179
end
usemtl diffuse_0
v 7.4059336619587395 4.415886611981116 37.974763229869701
v 7.3443304649391479 3.463144995560957 38.925220116451989
cstype bspline
deg 1
curv 0 1.3471747603015829 75 76
parm u 0 0 1.3471747603015829 1.3471747603015829
end
usemtl diffuse_0
v 7.6073277951322078 3.200147665367898 34.867514741920473
v 7.5433307462438357 4.4147861607476351 35.854905636869304
cstype bspline
deg 1
curv 1.5587901979658039 3.1254372788849958 77 78
parm u 1.5587901979658039 1.5587901979658039 3.1254372788849958 3.1254372788849958
end
usemtl diffuse_0
v 7.6774081424241558 4.3207804587898053 33.786266496370395
v 7.6073277951322078 3.200147665367898 34.867514741920473
cstype bspline
deg 1
curv 0 1.5587901979658039 79 80
parm u 0 0 1.5587901979658039 1.5587901979658039
end
usemtl diffuse_0
v 7.9105960924792393 2.8968793680208655 30.188480931323447
v 7.9918230854894592 4.1346980339965205 28.935254497987842
cstype bspline
deg 1
curv 1.7646846707375266 3.5280250710693273 81 82
parm u 1.7646846707375266 1.7646846707375266 3.5280250710693273 3.5280250710693273
end
usemtl diffuse_0
v 7.8326677439315393 4.186233990353486 31.390813588077869
v 7.9105960924792393 2.8968793680208655 30.188480931323447
cstype bspline
deg 1
curv 0 1.7646846707375266 83 84
parm u 0 0 1.7646846707375266 1.7646846707375266
end
usemtl diffuse_0
v 8.2583914049711193 8.2583914049711193 24.822453421845637
v 8.3564402356358745 6.8926934989523856 23.309687999995603
cstype bspline
deg 1
curv 2.03704510971018 4.077438102553419 85 86
parm u 2.03704510971018 2.03704510971018 4.077438102553419 4.077438102553419
end
usemtl diffuse_0
v 8.1680771859065739 6.7752367737396106 26.215883886808079
v 8.2583914049711193 8.2583914049711193 24.822453421845637
cstype bspline
deg 1
curv 0 2.03704510971018 87 88
parm u 0 0 2.03704510971018 2.03704510971018
end
usemtl diffuse_0
v 8.6097918093100496 8.6097918093100478 19.400804052812433
v 8.6971395228982615 7.181243842385971 18.053142893591609
cstype bspline
deg 1
curv 2.0656700655310591 4.0315209034494437 89 90
parm u 2.0656700655310591 2.0656700655310591 4.0315209034494437 4.0315209034494437
end
usemtl diffuse_0
v 8.5377136236837821 6.8705124200413943 20.512876335019474
v 8.6097918093100496 8.6097918093100478 19.400804052812433
cstype bspline
deg 1
curv 0 2.0656700655310591 91 92
parm u 0 0 2.0656700655310591 2.0656700655310591
end
usemtl diffuse_0
v 8.9329284986193205 8.9329284986193187 14.415226899021405
v 9.024716003563384 7.3693741054801905 12.999065556801728
cstype bspline
deg 1
curv 2.2254423900986926 4.3369916397175503 93 94
parm u 2.2254423900986926 2.2254423900986926 4.3369916397175503 4.3369916397175503
end
usemtl diffuse_0
v 8.8559292712450119 7.0526820204752543 15.603224429346609
v 8.9329284986193205 8.9329284986193187 14.415226899021405
cstype bspline
deg 1
curv 0 2.2254423900986926 95 96
parm u 0 0 2.2254423900986926 2.2254423900986926
end
usemtl diffuse_0
v 7.1426348631098096 7.142634863109806 42.037119872093967
v 7.102383650814069 6.2413324796483716 42.658143516493368
cstype bspline
deg 1
curv 1.0614062076538004 2.1566854019360857 97 98
parm u 1.0614062076538004 1.0614062076538004 2.1566854019360857 2.1566854019360857
end
usemtl diffuse_0
v 7.1877588178280352 6.3427302571431134 41.340916175098698
v 7.1426348631098096 7.142634863109806 42.037119872093967
cstype bspline
deg 1
curv 0 1.0614062076538004 99 100
parm u 0 0 1.0614062076538004 1.0614062076538004
end
usemtl diffuse_0
v 7.3443304649391479 7.3443304649391434 38.925220116451989
v 7.2827923437860029 6.3905453106741099 39.874672967392947
cstype bspline
deg 1
curv 1.3471747603015829 2.6943769637630179 101 102
parm u 1.3471747603015829 1.3471747603015829 2.6943769637630179 2.6943769637630179
end
usemtl diffuse_0
v 7.4059336619587395 6.3915888485189845 37.974763229869701
v 7.3443304649391479 7.3443304649391434 38.925220116451989
cstype bspline
deg 1
curv 0 1.3471747603015829 103 104
parm u 0 0 1.3471747603015829 1.3471747603015829
end
usemtl diffuse_0
v 7.6073277951322078 7.6073277951322025 34.867514741920473
v 7.5433307462438357 6.3926892997524654 35.854905636869304
cstype bspline
deg 1
curv 1.5587901979658039 3.1254372788849958 105 106
parm u 1.5587901979658039 1.5587901979658039 3.1254372788849958 3.1254372788849958
end
usemtl diffuse_0
v 7.6774081424241558 6.4866950017102951 33.786266496370395
v 7.6073277951322078 7.6073277951322025 34.867514741920473
cstype bspline
deg 1
curv 0 1.5587901979658039 107 108
parm u 0 0 1.5587901979658039 1.5587901979658039
end
usemtl diffuse_0
v 7.9105960924792393 7.9105960924792349 30.188480931323447
v 7.9918230854894592 6.67277742650358 28.935254497987842
cstype bspline
deg 1
curv 1.7646846707375266 3.5280250710693273 109 110
parm u 1.7646846707375266 1.7646846707375266 3.5280250710693273 3.5280250710693273
end
usemtl diffuse_0
v 7.8326677439315393 6.6212414701466145 31.390813588077869
v 7.9105960924792393 7.9105960924792349 30.188480931323447
cstype bspline
deg 1
curv 0 1.7646846707375266 111 112
parm u 0 0 1.7646846707375266 1.7646846707375266
end
usemtl diffuse_0
v 8.2583914049711193 2.5490840555289811 24.822453421845637
v 8.3564402356358745 3.9147819615477149 23.309687999995603
cstype bspline
deg 1
curv 2.03704510971018 4.077438102553419 113 114
parm u 2.03704510971018 2.03704510971018 4.077438102553419 4.077438102553419
end
usemtl diffuse_0
v 8.1680771859065739 4.0322386867604898 26.215883886808079
v 8.2583914049711193 2.5490840555289811 24.822453421845637
cstype bspline
deg 1
curv 0 2.03704510971018 115 116
parm u 0 0 2.03704510971018 2.03704510971018
end
usemtl diffuse_0
v 8.6097918093100496 2.197683651190053 19.400804052812433
v 8.6971395228982615 3.6262316181141294 18.053142893591609
cstype bspline
deg 1
curv 2.0656700655310591 4.0315209034494437 117 118
parm u 2.0656700655310591 2.0656700655310591 4.0315209034494437 4.0315209034494437
end
usemtl diffuse_0
v 8.5377136236837821 3.9369630404587062 20.512876335019474
v 8.6097918093100496 2.197683651190053 19.400804052812433
cstype bspline
deg 1
curv 0 2.0656700655310591 119 120
parm u 0 0 2.0656700655310591 2.0656700655310591
end
usemtl diffuse_0
v 8.9329284986193205 1.8745469618807817 14.415226899021405
v 9.024716003563384 3.43810135501991 12.999065556801728
cstype bspline
deg 1
curv 2.2254423900986926 4.3369916397175503 121 122
parm u 2.2254423900986926 2.2254423900986926 4.3369916397175503 4.3369916397175503
end
usemtl diffuse_0
v 8.8559292712450119 3.7547934400248462 15.603224429346609
v 8.9329284986193205 1.8745469618807817 14.415226899021405
cstype bspline
deg 1
curv 0 2.2254423900986926 123 124
parm u 0 0 2.2254423900986926 2.2254423900986926
end
usemtl diffuse_0
v 8.5313031633658287 2.2761722971342664 20.611781366740857
v 6.8656942822154035 2.3615745060195064 21.929425928897118
cstype bspline
deg 1
curv 2.1011525027768068 4.2266486035564839 125 126
parm u 2.1011525027768068 2.1011525027768068 4.2266486035564839 4.2266486035564839
end
usemtl diffuse_0
v 7.0203601571693461 2.181735067787935 19.154738237089383
v 8.5313031633658287 2.2761722971342664 20.611781366740857
cstype bspline
deg 1
curv 0 2.1011525027768068 127 128
parm u 0 0 2.1011525027768068 2.1011525027768068
end
usemtl diffuse_0
v 2.2761722971342606 2.2761722971342664 20.611781366740857
v 3.9417811782846863 2.3615745060195064 21.929425928897118
cstype bspline
deg 1
curv 2.1011525027768068 4.2266486035564839 129 130
parm u 2.1011525027768068 2.1011525027768068 4.2266486035564839 4.2266486035564839
end
usemtl diffuse_0
v 3.7871153033307436 2.181735067787935 19.154738237089383
v 2.2761722971342606 2.2761722971342664 20.611781366740857
cstype bspline
deg 1
curv 0 2.1011525027768068 131 132
parm u 0 0 2.1011525027768068 2.1011525027768068
end
usemtl diffuse_0
v 7.2850839769247031 1.8003006047454502 13.269702561697294
v 9.0071748557546414 1.8003006047454502 13.269702561697294
cstype bspline
deg 1
curv 14.749098854746688 16.471189733576626 133 134
parm u 14.749098854746688 14.749098854746688 16.471189733576626 16.471189733576626
end
usemtl diffuse_0
v 8.90526518804778 1.9022102724523045 14.842035657501992
v 7.2850839769247031 1.8003006047454502 13.269702561697294
cstype bspline
deg 1
curv 7.2940508836723472 14.749098854746688 135 136
parm u 7.2940508836723472 7.2940508836723472 14.749098854746688 14.749098854746688
end
usemtl diffuse_0
v 7.0199471198158072 1.9897578794525952 16.192780911043837
v 8.90526518804778 1.9022102724523045 14.842035657501992
cstype bspline
deg 1
curv 0 7.2940508836723472 137 138
parm u 0 0 7.2940508836723472 7.2940508836723472
end
usemtl diffuse_0
v 3.5223914835753827 1.8003006047454502 13.269702561697294
v 1.800300604745444 1.8003006047454502 13.269702561697294
cstype bspline
deg 1
curv 14.749098854746688 16.471189733576626 139 140
parm u 14.749098854746688 14.749098854746688 16.471189733576626 16.471189733576626
end
usemtl diffuse_0
v 1.9022102724523058 1.9022102724523045 14.842035657501992
v 3.5223914835753827 1.8003006047454502 13.269702561697294
cstype bspline
deg 1
curv 7.2940508836723472 14.749098854746688 141 142
parm u 7.2940508836723472 7.2940508836723472 14.749098854746688 14.749098854746688
end
usemtl diffuse_0
v 3.7875283406842795 1.9897578794525952 16.192780911043837
v 1.9022102724523058 1.9022102724523045 14.842035657501992
cstype bspline
deg 1
curv 0 7.2940508836723472 143 144
parm u 0 0 7.2940508836723472 7.2940508836723472
end
usemtl diffuse_0
v 1.4655633259297822 7.8423468885629237 10.117969730607651
v 1.4655633259297822 9.3419121345703164 10.117969730607651
cstype bspline
deg 1
curv 8.832591097539126 10.332156343546519 145 146
parm u 8.832591097539126 8.832591097539126 10.332156343546519 10.332156343546519
end
usemtl diffuse_0
v 1.2385867603343801 9.5688887001657186 8.5509668044157188
v 1.4655633259297822 7.8423468885629237 10.117969730607651
cstype bspline
deg 1
curv 6.4899508863167066 8.832591097539126 147 148
parm u 6.4899508863167066 6.4899508863167066 8.832591097539126 8.832591097539126
end
usemtl diffuse_0
v 1.2385867603343801 6.6277770835737702 8.5509668044157188
v 1.2385867603343801 9.5688887001657186 8.5509668044157188
cstype bspline
deg 1
curv 3.5488392697247586 6.4899508863167066 149 150
parm u 3.5488392697247586 3.5488392697247586 6.4899508863167066 6.4899508863167066
end
usemtl diffuse_0
v 1.0098405430072379 9.797634917492859 6.9717465401267686
v 1.2385867603343801 6.6277770835737702 8.5509668044157188
cstype bspline
deg 1
curv 0 3.5488392697247586 151 152
parm u 0 0 3.5488392697247586 3.5488392697247586
end
usemtl diffuse_0
v 1.4655633259297822 2.9651285719371785 10.117969730607651
v 1.4655633259297822 1.4655633259297858 10.117969730607651
cstype bspline
deg 1
curv 8.832591097539126 10.332156343546519 153 154
parm u 8.832591097539126 8.832591097539126 10.332156343546519 10.332156343546519
end
usemtl diffuse_0
v 1.2385867603343801 1.2385867603343841 8.5509668044157188
v 1.4655633259297822 2.9651285719371785 10.117969730607651
cstype bspline
deg 1
curv 6.4899508863167066 8.832591097539126 155 156
parm u 6.4899508863167066 6.4899508863167066 8.832591097539126 8.832591097539126
end
usemtl diffuse_0
v 1.2385867603343801 4.1796983769263321 8.5509668044157188
v 1.2385867603343801 1.2385867603343841 8.5509668044157188
cstype bspline
deg 1
curv 3.5488392697247586 6.4899508863167066 157 158
parm u 3.5488392697247586 3.5488392697247586 6.4899508863167066 6.4899508863167066
end
usemtl diffuse_0
v 1.0098405430072379 1.0098405430072432 6.9717465401267686
v 1.2385867603343801 4.1796983769263321 8.5509668044157188
cstype bspline
deg 1
curv 0 3.5488392697247586 159 160
parm u 0 0 3.5488392697247586 3.5488392697247586
end
usemtl diffuse_0
v 7.8423468885629202 9.3419121345703129 10.117969730607651
v 9.3419121345703129 9.3419121345703129 10.117969730607651
cstype bspline
deg 1
curv 8.832591097539126 10.332156343546519 161 162
parm u 8.832591097539126 8.832591097539126 10.332156343546519 10.332156343546519
end
usemtl diffuse_0
v 9.568888700165715 9.568888700165715 8.5509668044157188
v 7.8423468885629202 9.3419121345703129 10.117969730607651
cstype bspline
deg 1
curv 6.4899508863167066 8.832591097539126 163 164
parm u 6.4899508863167066 6.4899508863167066 8.832591097539126 8.832591097539126
end
usemtl diffuse_0
v 6.6277770835737666 9.568888700165715 8.5509668044157188
v 9.568888700165715 9.568888700165715 8.5509668044157188
cstype bspline
deg 1
curv 3.5488392697247586 6.4899508863167066 165 166
parm u 3.5488392697247586 3.5488392697247586 6.4899508863167066 6.4899508863167066
end
usemtl diffuse_0
v 9.7976349174928554 9.7976349174928572 6.9717465401267686
v 6.6277770835737666 9.568888700165715 8.5509668044157188
cstype bspline
deg 1
curv 0 3.5488392697247586 167 168
parm u 0 0 3.5488392697247586 3.5488392697247586
end
usemtl diffuse_0
v 2.9651285719371749 9.3419121345703129 10.117969730607651
v 1.4655633259297822 9.3419121345703129 10.117969730607651
cstype bspline
deg 1
curv 8.832591097539126 10.332156343546519 169 170
parm u 8.832591097539126 8.832591097539126 10.332156343546519 10.332156343546519
end
usemtl diffuse_0
v 1.2385867603343805 9.568888700165715 8.5509668044157188
v 2.9651285719371749 9.3419121345703129 10.117969730607651
cstype bspline
deg 1
curv 6.4899508863167066 8.832591097539126 171 172
parm u 6.4899508863167066 6.4899508863167066 8.832591097539126 8.832591097539126
end
usemtl diffuse_0
v 4.1796983769263285 9.568888700165715 8.5509668044157188
v 1.2385867603343805 9.568888700165715 8.5509668044157188
cstype bspline
deg 1
curv 3.5488392697247586 6.4899508863167066 173 174
parm u 3.5488392697247586 3.5488392697247586 6.4899508863167066 6.4899508863167066
end
usemtl diffuse_0
v 1.0098405430072397 9.7976349174928572 6.9717465401267686
v 4.1796983769263285 9.568888700165715 8.5509668044157188
cstype bspline
deg 1
curv 0 3.5488392697247586 175 176
parm u 0 0 3.5488392697247586 3.5488392697247586
end
usemtl diffuse_0
v 9.3419121345703129 7.8423468885629237 10.117969730607651
v 9.3419121345703129 9.3419121345703164 10.117969730607651
cstype bspline
deg 1
curv 8.832591097539126 10.332156343546519 177 178
parm u 8.832591097539126 8.832591097539126 10.332156343546519 10.332156343546519
end
usemtl diffuse_0
v 9.568888700165715 9.5688887001657186 8.5509668044157188
v 9.3419121345703129 7.8423468885629237 10.117969730607651
cstype bspline
deg 1
curv 6.4899508863167066 8.832591097539126 179 180
parm u 6.4899508863167066 6.4899508863167066 8.832591097539126 8.832591097539126
end
usemtl diffuse_0
v 9.568888700165715 6.6277770835737702 8.5509668044157188
v 9.568888700165715 9.5688887001657186 8.5509668044157188
cstype bspline
deg 1
curv 3.5488392697247586 6.4899508863167066 181 182
parm u 3.5488392697247586 3.5488392697247586 6.4899508863167066 6.4899508863167066
end
usemtl diffuse_0
v 9.7976349174928572 9.797634917492859 6.9717465401267686
v 9.568888700165715 6.6277770835737702 8.5509668044157188
cstype bspline
deg 1
curv 0 3.5488392697247586 183 184
parm u 0 0 3.5488392697247586 3.5488392697247586
end
usemtl diffuse_0
v 9.3419121345703129 2.9651285719371785 10.117969730607651
v 9.3419121345703129 1.4655633259297858 10.117969730607651
cstype bspline
deg 1
curv 8.832591097539126 10.332156343546519 185 186
parm u 8.832591097539126 8.832591097539126 10.332156343546519 10.332156343546519
end
usemtl diffuse_0
v 9.568888700165715 1.2385867603343841 8.5509668044157188
v 9.3419121345703129 2.9651285719371785 10.117969730607651
cstype bspline
deg 1
curv 6.4899508863167066 8.832591097539126 187 188
parm u 6.4899508863167066 6.4899508863167066 8.832591097539126 8.832591097539126
end
usemtl diffuse_0
v 9.568888700165715 4.1796983769263321 8.5509668044157188
v 9.568888700165715 1.2385867603343841 8.5509668044157188
cstype bspline
deg 1
curv 3.5488392697247586 6.4899508863167066 189 190
parm u 3.5488392697247586 3.5488392697247586 6.4899508863167066 6.4899508863167066
end
usemtl diffuse_0
v 9.7976349174928572 1.0098405430072432 6.9717465401267686
v 9.568888700165715 4.1796983769263321 8.5509668044157188
cstype bspline
deg 1
curv 0 3.5488392697247586 191 192
parm u 0 0 3.5488392697247586 3.5488392697247586
end
usemtl diffuse_0
v 7.8423468885629202 1.4655633259297836 10.117969730607651
v 9.3419121345703129 1.4655633259297836 10.117969730607651
cstype bspline
deg 1
curv 8.832591097539126 10.332156343546519 193 194
parm u 8.832591097539126 8.832591097539126 10.332156343546519 10.332156343546519
end
usemtl diffuse_0
v 9.568888700165715 1.2385867603343819 8.5509668044157188
v 7.8423468885629202 1.4655633259297836 10.117969730607651
cstype bspline
deg 1
curv 6.4899508863167066 8.832591097539126 195 196
parm u 6.4899508863167066 6.4899508863167066 8.832591097539126 8.832591097539126
end
usemtl diffuse_0
v 6.6277770835737666 1.2385867603343821 8.5509668044157188
v 9.568888700165715 1.2385867603343819 8.5509668044157188
cstype bspline
deg 1
curv 3.5488392697247586 6.4899508863167066 197 198
parm u 3.5488392697247586 3.5488392697247586 6.4899508863167066 6.4899508863167066
end
usemtl diffuse_0
v 9.7976349174928554 1.0098405430072399 6.9717465401267686
v 6.6277770835737666 1.2385867603343821 8.5509668044157188
cstype bspline
deg 1
curv 0 3.5488392697247586 199 200
parm u 0 0 3.5488392697247586 3.5488392697247586
end
usemtl diffuse_0
v 2.9651285719371749 1.4655633259297836 10.117969730607651
v 1.4655633259297822 1.4655633259297836 10.117969730607651
cstype bspline
deg 1
curv 8.832591097539126 10.332156343546519 201 202
parm u 8.832591097539126 8.832591097539126 10.332156343546519 10.332156343546519
end
usemtl diffuse_0
v 1.2385867603343805 1.2385867603343819 8.5509668044157188
v 2.9651285719371749 1.4655633259297836 10.117969730607651
cstype bspline
deg 1
curv 6.4899508863167066 8.832591097539126 203 204
parm u 6.4899508863167066 6.4899508863167066 8.832591097539126 8.832591097539126
end
usemtl diffuse_0
v 4.1796983769263285 1.2385867603343821 8.5509668044157188
v 1.2385867603343805 1.2385867603343819 8.5509668044157188
cstype bspline
deg 1
curv 3.5488392697247586 6.4899508863167066 205 206
parm u 3.5488392697247586 3.5488392697247586 6.4899508863167066 6.4899508863167066
end
usemtl diffuse_0
v 1.0098405430072397 1.0098405430072399 6.9717465401267686
v 4.1796983769263285 1.2385867603343821 8.5509668044157188
cstype bspline
deg 1
curv 0 3.5488392697247586 207 208
parm u 0 0 3.5488392697247586 3.5488392697247586
end
usemtl diffuse_0
v 8.5313031633658287 8.5313031633658305 20.611781366740857
v 6.8656942822154035 8.4459009544805905 21.929425928897118
cstype bspline
deg 1
curv 2.1011525027768068 4.2266486035564839 209 210
parm u 2.1011525027768068 2.1011525027768068 4.2266486035564839 4.2266486035564839
end
usemtl diffuse_0
v 7.0203601571693461 8.6257403927121619 19.154738237089383
v 8.5313031633658287 8.5313031633658305 20.611781366740857
cstype bspline
deg 1
curv 0 2.1011525027768068 211 212
parm u 0 0 2.1011525027768068 2.1011525027768068
end
usemtl diffuse_0
v 2.2761722971342606 8.5313031633658305 20.611781366740857
v 3.9417811782846863 8.4459009544805905 21.929425928897118
cstype bspline
deg 1
curv 2.1011525027768068 4.2266486035564839 213 214
parm u 2.1011525027768068 2.1011525027768068 4.2266486035564839 4.2266486035564839
end
usemtl diffuse_0
v 3.7871153033307436 8.6257403927121619 19.154738237089383
v 2.2761722971342606 8.5313031633658305 20.611781366740857
cstype bspline
deg 1
curv 0 2.1011525027768068 215 216
parm u 0 0 2.1011525027768068 2.1011525027768068
end
usemtl diffuse_0
v 7.2850839769247031 9.0071748557546467 13.269702561697294
v 9.0071748557546414 9.0071748557546467 13.269702561697294
cstype bspline
deg 1
curv 14.749098854746688 16.471189733576626 217 218
parm u 14.749098854746688 14.749098854746688 16.471189733576626 16.471189733576626
end
usemtl diffuse_0
v 8.90526518804778 8.9052651880477924 14.842035657501992
v 7.2850839769247031 9.0071748557546467 13.269702561697294
cstype bspline
deg 1
curv 7.2940508836723472 14.749098854746688 219 220
parm u 7.2940508836723472 7.2940508836723472 14.749098854746688 14.749098854746688
end
usemtl diffuse_0
v 7.0199471198158072 8.8177175810475017 16.192780911043837
v 8.90526518804778 8.9052651880477924 14.842035657501992
cstype bspline
deg 1
curv 0 7.2940508836723472 221 222
parm u 0 0 7.2940508836723472 7.2940508836723472
end
usemtl diffuse_0
v 10.308081931958565 8.1351806401848528 3.4477176905603426
v 10.05026903271631 10.05026903271631 5.2276087839993925
cstype bspline
deg 1
curv 2.1729012917737132 4.8000753146979811 223 224
parm u 2.1729012917737132 2.1729012917737132 4.8000753146979811 4.8000753146979811
end
usemtl diffuse_0
v 10.308081931958565 10.308081931958565 3.4477176905603426
v 10.308081931958565 8.1351806401848528 3.4477176905603426
cstype bspline
deg 1
curv 0 2.1729012917737132 225 226
parm u 0 0 2.1729012917737132 2.1729012917737132
end
usemtl diffuse_0
v 10.05026903271631 6.7556031409176889 5.2276087839993925
v 9.7976349174928554 9.7976349174928572 6.9717465401267686
cstype bspline
deg 1
curv 3.2946658917986213 6.8103163064753778 227 228
parm u 3.2946658917986213 3.2946658917986213 6.8103163064753778 6.8103163064753778
end
usemtl diffuse_0
v 10.05026903271631 10.05026903271631 5.2276087839993925
v 10.05026903271631 6.7556031409176889 5.2276087839993925
cstype bspline
deg 1
curv 0 3.2946658917986213 229 230
parm u 0 0 3.2946658917986213 3.2946658917986213
end
usemtl diffuse_0
v 10.308081931958565 2.672294820315245 3.4477176905603426
v 10.05026903271631 0.75720642778378655 5.2276087839993925
cstype bspline
deg 1
curv 2.1729012917737132 4.8000753146979811 231 232
parm u 2.1729012917737132 2.1729012917737132 4.8000753146979811 4.8000753146979811
end
usemtl diffuse_0
v 10.308081931958565 0.49939352854153191 3.4477176905603426
v 10.308081931958565 2.672294820315245 3.4477176905603426
cstype bspline
deg 1
curv 0 2.1729012917737132 233 234
parm u 0 0 2.1729012917737132 2.1729012917737132
end
usemtl diffuse_0
v 10.05026903271631 4.051872319582408 5.2276087839993925
v 9.7976349174928554 1.0098405430072399 6.9717465401267686
cstype bspline
deg 1
curv 3.2946658917986213 6.8103163064753778 235 236
parm u 3.2946658917986213 3.2946658917986213 6.8103163064753778 6.8103163064753778
end
usemtl diffuse_0
v 10.05026903271631 0.75720642778378655 5.2276087839993925
v 10.05026903271631 4.051872319582408 5.2276087839993925
cstype bspline
deg 1
curv 0 3.2946658917986213 237 238
parm u 0 0 3.2946658917986213 3.2946658917986213
end
usemtl diffuse_0
v 0.49939352854153007 8.1351806401848528 3.4477176905603426
v 0.75720642778378455 10.05026903271631 5.2276087839993925
cstype bspline
deg 1
curv 2.1729012917737132 4.8000753146979811 239 240
parm u 2.1729012917737132 2.1729012917737132 4.8000753146979811 4.8000753146979811
end
usemtl diffuse_0
v 0.49939352854153007 10.308081931958565 3.4477176905603426
v 0.49939352854153007 8.1351806401848528 3.4477176905603426
cstype bspline
deg 1
curv 0 2.1729012917737132 241 242
parm u 0 0 2.1729012917737132 2.1729012917737132
end
usemtl diffuse_0
v 0.75720642778378455 6.7556031409176889 5.2276087839993925
v 1.0098405430072397 9.7976349174928572 6.9717465401267686
cstype bspline
deg 1
curv 3.2946658917986213 6.8103163064753778 243 244
parm u 3.2946658917986213 3.2946658917986213 6.8103163064753778 6.8103163064753778
end
usemtl diffuse_0
v 0.75720642778378455 10.05026903271631 5.2276087839993925
v 0.75720642778378455 6.7556031409176889 5.2276087839993925
cstype bspline
deg 1
curv 0 3.2946658917986213 245 246
parm u 0 0 3.2946658917986213 3.2946658917986213
end
usemtl diffuse_0
v 8.1351806401848528 10.308081931958563 3.4477176905603426
v 10.308081931958565 10.308081931958563 3.4477176905603426
cstype bspline
deg 1
curv 2.6271740229242675 4.8000753146979802 247 248
parm u 2.6271740229242675 2.6271740229242675 4.8000753146979802 4.8000753146979802
end
usemtl diffuse_0
v 10.05026903271631 10.050269032716308 5.2276087839993925
v 8.1351806401848528 10.308081931958563 3.4477176905603426
cstype bspline
deg 1
curv 0 2.6271740229242675 249 250
parm u 0 0 2.6271740229242675 2.6271740229242675
end
usemtl diffuse_0
v 6.7556031409176862 10.050269032716308 5.2276087839993925
v 10.05026903271631 10.050269032716308 5.2276087839993925
cstype bspline
deg 1
curv 3.5156504146767578 6.8103163064753822 251 252
parm u 3.5156504146767578 3.5156504146767578 6.8103163064753822 6.8103163064753822
end
usemtl diffuse_0
v 9.7976349174928554 9.7976349174928554 6.9717465401267686
v 6.7556031409176862 10.050269032716308 5.2276087839993925
cstype bspline
deg 1
curv 0 3.5156504146767578 253 254
parm u 0 0 3.5156504146767578 3.5156504146767578
end
usemtl diffuse_0
v 2.6722948203152428 10.308081931958563 3.4477176905603426
v 0.49939352854153007 10.308081931958563 3.4477176905603426
cstype bspline
deg 1
curv 2.6271740229242675 4.8000753146979802 255 256
parm u 2.6271740229242675 2.6271740229242675 4.8000753146979802 4.8000753146979802
end
usemtl diffuse_0
v 0.75720642778378455 10.050269032716308 5.2276087839993925
v 2.6722948203152428 10.308081931958563 3.4477176905603426
cstype bspline
deg 1
curv 0 2.6271740229242675 257 258
parm u 0 0 2.6271740229242675 2.6271740229242675
end
usemtl diffuse_0
v 4.0518723195824089 10.050269032716308 5.2276087839993925
v 0.75720642778378455 10.050269032716308 5.2276087839993925
cstype bspline
deg 1
curv 3.5156504146767578 6.8103163064753822 259 260
parm u 3.5156504146767578 3.5156504146767578 6.8103163064753822 6.8103163064753822
end
usemtl diffuse_0
v 1.0098405430072397 9.7976349174928554 6.9717465401267686
v 4.0518723195824089 10.050269032716308 5.2276087839993925
cstype bspline
deg 1
curv 0 3.5156504146767578 261 262
parm u 0 0 3.5156504146767578 3.5156504146767578
end
usemtl diffuse_0
v 8.1351806401848528 0.49939352854153191 3.4477176905603426
v 10.308081931958565 0.49939352854153191 3.4477176905603426
cstype bspline
deg 1
curv 2.6271740229242675 4.8000753146979802 263 264
parm u 2.6271740229242675 2.6271740229242675 4.8000753146979802 4.8000753146979802
end
usemtl diffuse_0
v 10.05026903271631 0.75720642778378655 5.2276087839993925
v 8.1351806401848528 0.49939352854153191 3.4477176905603426
cstype bspline
deg 1
curv 0 2.6271740229242675 265 266
parm u 0 0 2.6271740229242675 2.6271740229242675
end
usemtl diffuse_0
v 6.7556031409176862 0.75720642778378655 5.2276087839993925
v 10.05026903271631 0.75720642778378655 5.2276087839993925
cstype bspline
deg 1
curv 3.5156504146767578 6.8103163064753822 267 268
parm u 3.5156504146767578 3.5156504146767578 6.8103163064753822 6.8103163064753822
end
usemtl diffuse_0
v 9.7976349174928554 1.0098405430072399 6.9717465401267686
v 6.7556031409176862 0.75720642778378655 5.2276087839993925
cstype bspline
deg 1
curv 0 3.5156504146767578 269 270
parm u 0 0 3.5156504146767578 3.5156504146767578
end
usemtl diffuse_0
v 9.7976349174928536 5.4037377302500484 6.9717465401267686
v 5.4037377302500484 9.7976349174928572 6.9717465401267686
cstype bspline
deg 1
curv 18.641726981615321 24.855635975487093 271 272
parm u 18.641726981615321 18.641726981615321 24.855635975487093 24.855635975487093
end
usemtl diffuse_0
v 5.4037377302500476 1.0098405430072404 6.9717465401267713
v 9.7976349174928536 5.4037377302500484 6.9717465401267686
cstype bspline
deg 1
curv 12.427817987743548 18.641726981615321 273 274
parm u 12.427817987743548 12.427817987743548 18.641726981615321 18.641726981615321
end
usemtl diffuse_0
v 1.0098405430072397 5.4037377302500484 6.9717465401267686
v 5.4037377302500476 1.0098405430072404 6.9717465401267713
cstype bspline
deg 1
curv 6.2139089938717751 12.427817987743548 275 276
parm u 6.2139089938717751 6.2139089938717751 12.427817987743548 12.427817987743548
end
usemtl diffuse_0
v 5.4037377302500484 9.7976349174928572 6.9717465401267686
v 1.0098405430072397 5.4037377302500484 6.9717465401267686
cstype bspline
deg 1
curv 0 6.2139089938717751 277 278
parm u 0 0 6.2139089938717751 6.2139089938717751
end
usemtl diffuse_0
v 0.49939352854153007 2.672294820315245 3.4477176905603426
v 0.75720642778378455 0.75720642778378655 5.2276087839993925
cstype bspline
deg 1
curv 2.1729012917737132 4.8000753146979811 279 280
parm u 2.1729012917737132 2.1729012917737132 4.8000753146979811 4.8000753146979811
end
usemtl diffuse_0
v 0.49939352854153007 0.49939352854153191 3.4477176905603426
v 0.49939352854153007 2.672294820315245 3.4477176905603426
cstype bspline
deg 1
curv 0 2.1729012917737132 281 282
parm u 0 0 2.1729012917737132 2.1729012917737132
end
usemtl diffuse_0
v 0.75720642778378455 4.051872319582408 5.2276087839993925
v 1.0098405430072397 1.0098405430072399 6.9717465401267686
cstype bspline
deg 1
curv 3.2946658917986213 6.8103163064753778 283 284
parm u 3.2946658917986213 3.2946658917986213 6.8103163064753778 6.8103163064753778
end
usemtl diffuse_0
v 0.75720642778378455 0.75720642778378655 5.2276087839993925
v 0.75720642778378455 4.051872319582408 5.2276087839993925
cstype bspline
deg 1
curv 0 3.2946658917986213 285 286
parm u 0 0 3.2946658917986213 3.2946658917986213
end
usemtl diffuse_0
v 3.5223914835753827 9.0071748557546467 13.269702561697294
v 1.800300604745444 9.0071748557546467 13.269702561697294
cstype bspline
deg 1
curv 14.749098854746688 16.471189733576626 287 288
parm u 14.749098854746688 14.749098854746688 16.471189733576626 16.471189733576626
end
usemtl diffuse_0
v 1.9022102724523058 8.9052651880477924 14.842035657501992
v 3.5223914835753827 9.0071748557546467 13.269702561697294
cstype bspline
deg 1
curv 7.2940508836723472 14.749098854746688 289 290
parm u 7.2940508836723472 7.2940508836723472 14.749098854746688 14.749098854746688
end
usemtl diffuse_0
v 3.7875283406842795 8.8177175810475017 16.192780911043837
v 1.9022102724523058 8.9052651880477924 14.842035657501992
cstype bspline
deg 1
curv 0 7.2940508836723472 291 292
parm u 0 0 7.2940508836723472 7.2940508836723472
end
usemtl diffuse_0
v 2.6722948203152428 0.49939352854153191 3.4477176905603426
v 0.49939352854153007 0.49939352854153191 3.4477176905603426
cstype bspline
deg 1
curv 2.6271740229242675 4.8000753146979802 293 294
parm u 2.6271740229242675 2.6271740229242675 4.8000753146979802 4.8000753146979802
end
usemtl diffuse_0
v 0.75720642778378455 0.75720642778378655 5.2276087839993925
v 2.6722948203152428 0.49939352854153191 3.4477176905603426
cstype bspline
deg 1
curv 0 2.6271740229242675 295 296
parm u 0 0 2.6271740229242675 2.6271740229242675
end
usemtl diffuse_0
v 4.0518723195824089 0.75720642778378655 5.2276087839993925
v 0.75720642778378455 0.75720642778378655 5.2276087839993925
cstype bspline
deg 1
curv 3.5156504146767578 6.8103163064753822 297 298
parm u 3.5156504146767578 3.5156504146767578 6.8103163064753822 6.8103163064753822
end
usemtl diffuse_0
v 1.0098405430072397 1.0098405430072399 6.9717465401267686
v 4.0518723195824089 0.75720642778378655 5.2276087839993925
cstype bspline
deg 1
curv 0 3.5156504146767578 299 300
parm u 0 0 3.5156504146767578 3.5156504146767578
end
usemtl diffuse_0
v 6.5867524720165971 4.2207229884835042 55.833771821180918
v 6.4968356888308598 6.4968356888308616 58.412673329115336
cstype bspline
deg 1
curv 15.773966001144077 19.214824475450659 301 302
parm u 15.773966001144077 15.773966001144077 19.214824475450659 19.214824475450659
end
usemtl diffuse_0
v 6.6769908913524016 6.6769908913524034 53.245645473088111
v 6.5867524720165971 4.2207229884835042 55.833771821180918
cstype bspline
deg 1
curv 12.204681342185028 15.773966001144077 303 304
parm u 12.204681342185028 12.204681342185028 15.773966001144077 15.773966001144077
end
usemtl diffuse_0
v 6.7782754337335334 4.0292000267665671 50.340705484992711
v 6.6769908913524016 6.6769908913524034 53.245645473088111
cstype bspline
deg 1
curv 8.2727948540542648 12.204681342185028 305 306
parm u 8.2727948540542648 8.2727948540542648 12.204681342185028 12.204681342185028
end
usemtl diffuse_0
v 6.8729779026514608 6.8729779026514635 47.624545817746899
v 6.7782754337335334 4.0292000267665671 50.340705484992711
cstype bspline
deg 1
curv 4.3391496612382632 8.2727948540542648 307 308
parm u 4.3391496612382632 4.3391496612382632 8.2727948540542648 8.2727948540542648
end
usemtl diffuse_0
v 6.9806552598578744 3.8268202006422256 44.536253632111126
v 6.8729779026514608 6.8729779026514635 47.624545817746899
cstype bspline
deg 1
curv 0 4.3391496612382632 309 310
parm u 0 0 4.3391496612382632 4.3391496612382632
end
usemtl diffuse_0
v 6.5867524720165971 6.5867524720165926 55.833771821180918
v 6.4968356888308598 4.3106397716692353 58.412673329115336
cstype bspline
deg 1
curv 15.773966001144077 19.214824475450659 311 312
parm u 15.773966001144077 15.773966001144077 19.214824475450659 19.214824475450659
end
usemtl diffuse_0
v 6.6769908913524016 4.1304845691476935 53.245645473088111
v 6.5867524720165971 6.5867524720165926 55.833771821180918
cstype bspline
deg 1
curv 12.204681342185028 15.773966001144077 313 314
parm u 12.204681342185028 12.204681342185028 15.773966001144077 15.773966001144077
end
usemtl diffuse_0
v 6.7782754337335334 6.7782754337335298 50.340705484992711
v 6.6769908913524016 4.1304845691476935 53.245645473088111
cstype bspline
deg 1
curv 8.2727948540542648 12.204681342185028 315 316
parm u 8.2727948540542648 8.2727948540542648 12.204681342185028 12.204681342185028
end
usemtl diffuse_0
v 6.8729779026514608 3.9344975578486334 47.624545817746899
v 6.7782754337335334 6.7782754337335298 50.340705484992711
cstype bspline
deg 1
curv 4.3391496612382632 8.2727948540542648 317 318
parm u 4.3391496612382632 4.3391496612382632 8.2727948540542648 8.2727948540542648
end
usemtl diffuse_0
v 6.9806552598578744 6.9806552598578708 44.536253632111126
v 6.8729779026514608 3.9344975578486334 47.624545817746899
cstype bspline
deg 1
curv 0 4.3391496612382632 319 320
parm u 0 0 4.3391496612382632 4.3391496612382632
end
usemtl diffuse_0
v 3.9344975578486325 6.8729779026514635 47.624545817746899
v 3.9344975578486325 3.9344975578486339 47.624545817746899
cstype bspline
deg 1
curv 8.8154410344084866 11.753921379211317 321 322
parm u 8.8154410344084866 8.8154410344084866 11.753921379211317 11.753921379211317
end
usemtl diffuse_0
v 6.8729779026514608 6.8729779026514635 47.624545817746899
v 3.9344975578486325 6.8729779026514635 47.624545817746899
cstype bspline
deg 1
curv 5.8769606896056583 8.8154410344084866 323 324
parm u 5.8769606896056583 5.8769606896056583 8.8154410344084866 8.8154410344084866
end
usemtl diffuse_0
v 6.8729779026514608 3.9344975578486339 47.624545817746899
v 6.8729779026514608 6.8729779026514635 47.624545817746899
cstype bspline
deg 1
curv 2.9384803448028283 5.8769606896056583 325 326
parm u 2.9384803448028283 2.9384803448028283 5.8769606896056583 5.8769606896056583
end
usemtl diffuse_0
v 3.9344975578486325 3.9344975578486339 47.624545817746899
v 6.8729779026514608 3.9344975578486339 47.624545817746899
cstype bspline
deg 1
curv 0 2.9384803448028283 327 328
parm u 0 0 2.9384803448028283 2.9384803448028283
end
usemtl diffuse_0
v 4.2207229884834963 6.5867524720165926 55.833771821180918
v 4.2207229884834963 4.2207229884835042 55.833771821180918
cstype bspline
deg 1
curv 7.0980884505992794 9.4641179341323678 329 330
parm u 7.0980884505992794 7.0980884505992794 9.4641179341323678 9.4641179341323678
end
usemtl diffuse_0
v 6.5867524720165918 6.5867524720165926 55.833771821180918
v 4.2207229884834963 6.5867524720165926 55.833771821180918
cstype bspline
deg 1
curv 4.7320589670661839 7.0980884505992794 331 332
parm u 4.7320589670661839 4.7320589670661839 7.0980884505992794 7.0980884505992794
end
usemtl diffuse_0
v 6.5867524720165918 4.2207229884835042 55.833771821180918
v 6.5867524720165918 6.5867524720165926 55.833771821180918
cstype bspline
deg 1
curv 2.3660294835330955 4.7320589670661839 333 334
parm u 2.3660294835330955 2.3660294835330955 4.7320589670661839 4.7320589670661839
end
usemtl diffuse_0
v 4.2207229884834963 4.2207229884835042 55.833771821180918
v 6.5867524720165918 4.2207229884835042 55.833771821180918
cstype bspline
deg 1
curv 0 2.3660294835330955 335 336
parm u 0 0 2.3660294835330955 2.3660294835330955
end
usemtl diffuse_0
v 14.784620823007117 6.2651096581509407 57.022950929256396
v 17.904325104049814 6.1427082703240616 55.833771821180918
cstype bspline
deg 1
curv 3.7682423702904249 7.1091530024356899 337 338
parm u 3.7682423702904249 3.7682423702904249 7.1091530024356899 7.1091530024356899
end
usemtl diffuse_0
v 14.784620823007117 6.2651096581509407 55.833771821180918
v 14.784620823007117 6.2651096581509407 57.022950929256396
cstype bspline
deg 1
curv 2.5790632622149463 3.7682423702904249 339 340
parm u 2.5790632622149463 2.5790632622149463 3.7682423702904249 3.7682423702904249
end
usemtl diffuse_0
v 12.71336540993317 6.2907014627472382 57.370265681844273
v 14.784620823007117 6.2651096581509407 55.833771821180918
cstype bspline
deg 1
curv 0 2.5790632622149463 341 342
parm u 0 0 2.5790632622149463 2.5790632622149463
end
usemtl diffuse_0
v 14.784620823007117 4.5423658023491562 57.022950929256396
v 17.904325104049814 4.6647671901760352 55.833771821180918
cstype bspline
deg 1
curv 3.7682423702904249 7.1091530024356899 343 344
parm u 3.7682423702904249 3.7682423702904249 7.1091530024356899 7.1091530024356899
end
usemtl diffuse_0
v 14.784620823007117 4.5423658023491562 55.833771821180918
v 14.784620823007117 4.5423658023491562 57.022950929256396
cstype bspline
deg 1
curv 2.5790632622149463 3.7682423702904249 345 346
parm u 2.5790632622149463 2.5790632622149463 3.7682423702904249 3.7682423702904249
end
usemtl diffuse_0
v 12.71336540993317 4.5167739977528587 57.370265681844273
v 14.784620823007117 4.5423658023491562 55.833771821180918
cstype bspline
deg 1
curv 0 2.5790632622149463 347 348
parm u 0 0 2.5790632622149463 2.5790632622149463
end
usemtl diffuse_0
v 9.5958467640127054 6.7194380439000367 47.048300635541189
v 11.560510765242583 6.6864368902291744 44.536253632111126
cstype bspline
deg 1
curv 6.3530136653296392 9.5422728052105867 349 350
parm u 6.3530136653296392 6.3530136653296392 9.5422728052105867 9.5422728052105867
end
usemtl diffuse_0
v 9.0515903564231941 6.8476145674163931 44.536253632111126
v 9.5958467640127054 6.7194380439000367 47.048300635541189
cstype bspline
deg 1
curv 3.7794899320361357 6.3530136653296392 351 352
parm u 3.7794899320361357 3.7794899320361357 6.3530136653296392 6.3530136653296392
end
usemtl diffuse_0
v 6.8729779026514608 6.8729779026514635 47.624545817746899
v 9.0515903564231941 6.8476145674163931 44.536253632111126
cstype bspline
deg 1
curv 0 3.7794899320361357 353 354
parm u 0 0 3.7794899320361357 3.7794899320361357
end
usemtl diffuse_0
v 16.159330080624162 6.3910002504492311 44.536253632111126
v 14.169363960809399 6.4615419717247775 46.080399724929009
cstype bspline
deg 1
curv 1.1019723022892189 3.6217596838783637 355 356
parm u 1.1019723022892189 1.1019723022892189 3.6217596838783637 3.6217596838783637
end
usemtl diffuse_0
v 16.447940086341816 6.3330553371192018 45.598180939713409
v 16.159330080624162 6.3910002504492311 44.536253632111126
cstype bspline
deg 1
curv 0 1.1019723022892189 357 358
parm u 0 0 1.1019723022892189 1.1019723022892189
end
usemtl diffuse_0
v 9.5958467640127054 4.0880374166000601 47.048300635541189
v 11.560510765242583 4.1210385702709225 44.536253632111126
cstype bspline
deg 1
curv 6.3530136653296392 9.5422728052105867 359 360
parm u 6.3530136653296392 6.3530136653296392 9.5422728052105867 9.5422728052105867
end
usemtl diffuse_0
v 9.0515903564231941 3.9598608930837038 44.536253632111126
v 9.5958467640127054 4.0880374166000601 47.048300635541189
cstype bspline
deg 1
curv 3.7794899320361357 6.3530136653296392 361 362
parm u 3.7794899320361357 3.7794899320361357 6.3530136653296392 6.3530136653296392
end
usemtl diffuse_0
v 6.8729779026514608 3.9344975578486339 47.624545817746899
v 9.0515903564231941 3.9598608930837038 44.536253632111126
cstype bspline
deg 1
curv 0 3.7794899320361357 363 364
parm u 0 0 3.7794899320361357 3.7794899320361357
end
usemtl diffuse_0
v 16.159330080624162 4.4164752100508657 44.536253632111126
v 14.169363960809399 4.3459334887753194 46.080399724929009
cstype bspline
deg 1
curv 1.1019723022892189 3.6217596838783637 365 366
parm u 1.1019723022892189 1.1019723022892189 3.6217596838783637 3.6217596838783637
end
usemtl diffuse_0
v 16.447940086341816 4.4744201233808951 45.598180939713409
v 16.159330080624162 4.4164752100508657 44.536253632111126
cstype bspline
deg 1
curv 0 1.1019723022892189 367 368
parm u 0 0 1.1019723022892189 1.1019723022892189
end
usemtl diffuse_0
v 1.2116286964873886 6.7194380439000367 47.048300635541189
v -0.75303530474249003 6.6864368902291744 44.536253632111126
cstype bspline
deg 1
curv 6.3530136653296392 9.5422728052105867 369 370
parm u 6.3530136653296392 6.3530136653296392 9.5422728052105867 9.5422728052105867
end
usemtl diffuse_0
v 1.755885104076899 6.8476145674163931 44.536253632111126
v 1.2116286964873886 6.7194380439000367 47.048300635541189
cstype bspline
deg 1
curv 3.7794899320361357 6.3530136653296392 371 372
parm u 3.7794899320361357 3.7794899320361357 6.3530136653296392 6.3530136653296392
end
usemtl diffuse_0
v 3.9344975578486325 6.8729779026514635 47.624545817746899
v 1.755885104076899 6.8476145674163931 44.536253632111126
cstype bspline
deg 1
curv 0 3.7794899320361357 373 374
parm u 0 0 3.7794899320361357 3.7794899320361357
end
usemtl diffuse_0
v -5.3518546201240689 6.3910002504492311 44.536253632111126
v -3.3618885003093051 6.4615419717247775 46.080399724929009
cstype bspline
deg 1
curv 1.1019723022892189 3.6217596838783637 375 376
parm u 1.1019723022892189 1.1019723022892189 3.6217596838783637 3.6217596838783637
end
usemtl diffuse_0
v -5.6404646258417248 6.3330553371192018 45.598180939713409
v -5.3518546201240689 6.3910002504492311 44.536253632111126
cstype bspline
deg 1
curv 0 1.1019723022892189 377 378
parm u 0 0 1.1019723022892189 1.1019723022892189
end
usemtl diffuse_0
v 1.2116286964873886 4.0880374166000601 47.048300635541189
v -0.75303530474249003 4.1210385702709225 44.536253632111126
cstype bspline
deg 1
curv 6.3530136653296392 9.5422728052105867 379 380
parm u 6.3530136653296392 6.3530136653296392 9.5422728052105867 9.5422728052105867
end
usemtl diffuse_0
v 1.755885104076899 3.9598608930837038 44.536253632111126
v 1.2116286964873886 4.0880374166000601 47.048300635541189
cstype bspline
deg 1
curv 3.7794899320361357 6.3530136653296392 381 382
parm u 3.7794899320361357 3.7794899320361357 6.3530136653296392 6.3530136653296392
end
usemtl diffuse_0
v 3.9344975578486325 3.9344975578486339 47.624545817746899
v 1.755885104076899 3.9598608930837038 44.536253632111126
cstype bspline
deg 1
curv 0 3.7794899320361357 383 384
parm u 0 0 3.7794899320361357 3.7794899320361357
end
usemtl diffuse_0
v -5.3518546201240689 4.4164752100508657 44.536253632111126
v -3.3618885003093051 4.3459334887753194 46.080399724929009
cstype bspline
deg 1
curv 1.1019723022892189 3.6217596838783637 385 386
parm u 1.1019723022892189 1.1019723022892189 3.6217596838783637 3.6217596838783637
end
usemtl diffuse_0
v -5.6404646258417248 4.4744201233808951 45.598180939713409
v -5.3518546201240689 4.4164752100508657 44.536253632111126
cstype bspline
deg 1
curv 0 1.1019723022892189 387 388
parm u 0 0 1.1019723022892189 1.1019723022892189
end
usemtl diffuse_0
v 4.2207229884834963 6.5867524720165926 55.833771821180918
v 4.3106397716692335 4.3106397716692353 58.412673329115336
cstype bspline
deg 1
curv 15.773966001144077 19.214824475450659 389 390
parm u 15.773966001144077 15.773966001144077 19.214824475450659 19.214824475450659
end
usemtl diffuse_0
v 4.1304845691476917 4.1304845691476935 53.245645473088111
v 4.2207229884834963 6.5867524720165926 55.833771821180918
cstype bspline
deg 1
curv 12.204681342185028 15.773966001144077 391 392
parm u 12.204681342185028 12.204681342185028 15.773966001144077 15.773966001144077
end
usemtl diffuse_0
v 4.02920002676656 6.7782754337335298 50.340705484992711
v 4.1304845691476917 4.1304845691476935 53.245645473088111
cstype bspline
deg 1
curv 8.2727948540542648 12.204681342185028 393 394
parm u 8.2727948540542648 8.2727948540542648 12.204681342185028 12.204681342185028
end
usemtl diffuse_0
v 3.9344975578486325 3.9344975578486334 47.624545817746899
v 4.02920002676656 6.7782754337335298 50.340705484992711
cstype bspline
deg 1
curv 4.3391496612382632 8.2727948540542648 395 396
parm u 4.3391496612382632 4.3391496612382632 8.2727948540542648 8.2727948540542648
end
usemtl diffuse_0
v 3.8268202006422189 6.9806552598578708 44.536253632111126
v 3.9344975578486325 3.9344975578486334 47.624545817746899
cstype bspline
deg 1
curv 0 4.3391496612382632 397 398
parm u 0 0 4.3391496612382632 4.3391496612382632
end
usemtl diffuse_0
v 4.2207229884834963 4.2207229884835042 55.833771821180918
v 4.3106397716692335 6.4968356888308616 58.412673329115336
cstype bspline
deg 1
curv 15.773966001144077 19.214824475450659 399 400
parm u 15.773966001144077 15.773966001144077 19.214824475450659 19.214824475450659
end
usemtl diffuse_0
v 4.1304845691476917 6.6769908913524034 53.245645473088111
v 4.2207229884834963 4.2207229884835042 55.833771821180918
cstype bspline
deg 1
curv 12.204681342185028 15.773966001144077 401 402
parm u 12.204681342185028 12.204681342185028 15.773966001144077 15.773966001144077
end
usemtl diffuse_0
v 4.02920002676656 4.0292000267665671 50.340705484992711
v 4.1304845691476917 6.6769908913524034 53.245645473088111
cstype bspline
deg 1
curv 8.2727948540542648 12.204681342185028 403 404
parm u 8.2727948540542648 8.2727948540542648 12.204681342185028 12.204681342185028
end
usemtl diffuse_0
v 3.9344975578486325 6.8729779026514635 47.624545817746899
v 4.02920002676656 4.0292000267665671 50.340705484992711
cstype bspline
deg 1
curv 4.3391496612382632 8.2727948540542648 405 406
parm u 4.3391496612382632 4.3391496612382632 8.2727948540542648 8.2727948540542648
end
usemtl diffuse_0
v 3.8268202006422189 3.8268202006422256 44.536253632111126
v 3.9344975578486325 6.8729779026514635 47.624545817746899
cstype bspline
deg 1
curv 0 4.3391496612382632 407 408
parm u 0 0 4.3391496612382632 4.3391496612382632
end
usemtl diffuse_0
v 4.2207229884834963 6.5867524720165926 55.833771821180918
v 6.4968356888308545 6.4968356888308616 58.412673329115336
cstype bspline
deg 1
curv 64.027221152096061 67.468079626402641 409 410
parm u 64.027221152096061 64.027221152096061 67.468079626402641 67.468079626402641
end
usemtl diffuse_0
v 6.6769908913523963 6.6769908913524034 53.245645473088111
v 4.2207229884834963 6.5867524720165926 55.833771821180918
cstype bspline
deg 1
curv 60.457936493137005 64.027221152096061 411 412
parm u 60.457936493137005 60.457936493137005 64.027221152096061 64.027221152096061
end
usemtl diffuse_0
v 4.02920002676656 6.7782754337335298 50.340705484992711
v 6.6769908913523963 6.6769908913524034 53.245645473088111
cstype bspline
deg 1
curv 56.52605000500624 60.457936493137005 413 414
parm u 56.52605000500624 56.52605000500624 60.457936493137005 60.457936493137005
end
usemtl diffuse_0
v 6.8729779026514555 6.8729779026514635 47.624545817746899
v 4.02920002676656 6.7782754337335298 50.340705484992711
cstype bspline
deg 1
curv 52.592404812190239 56.52605000500624 415 416
parm u 52.592404812190239 52.592404812190239 56.52605000500624 56.52605000500624
end
usemtl diffuse_0
v 3.8268202006422189 6.9806552598578708 44.536253632111126
v 6.8729779026514555 6.8729779026514635 47.624545817746899
cstype bspline
deg 1
curv 48.253255150951979 52.592404812190239 417 418
parm u 48.253255150951979 48.253255150951979 52.592404812190239 52.592404812190239
end
usemtl diffuse_0
v 7.1941170088861561 7.1941170088861632 41.242817589801618
v 3.8268202006422189 6.9806552598578708 44.536253632111126
cstype bspline
deg 1
curv 43.538281696319245 48.253255150951979 419 420
parm u 43.538281696319245 43.538281696319245 48.253255150951979 48.253255150951979
end
usemtl diffuse_0
v 3.3847426738467625 7.4227327866533273 37.715574672667969
v 7.1941170088861561 7.1941170088861632 41.242817589801618
cstype bspline
deg 1
curv 38.341644264790048 43.538281696319245 421 422
parm u 38.341644264790048 38.341644264790048 43.538281696319245 43.538281696319245
end
usemtl diffuse_0
v 7.7150626664515869 7.7150626664515958 33.20530636111198
v 3.3847426738467625 7.4227327866533273 37.715574672667969
cstype bspline
deg 1
curv 32.082279421676809 38.341644264790048 423 424
parm u 32.082279421676809 32.082279421676809 38.341644264790048 38.341644264790048
end
usemtl diffuse_0
v 2.7890791115370668 8.018396348963023 28.52526374281036
v 7.7150626664515869 7.7150626664515958 33.20530636111198
cstype bspline
deg 1
curv 25.280799860922862 32.082279421676809 425 426
parm u 25.280799860922862 25.280799860922862 32.082279421676809 32.082279421676809
end
usemtl diffuse_0
v 8.3586857955135336 8.3586857955135407 23.275041943407345
v 2.7890791115370668 8.018396348963023 28.52526374281036
cstype bspline
deg 1
curv 17.619132649110824 25.280799860922862 427 428
parm u 17.619132649110824 17.619132649110824 25.280799860922862 25.280799860922862
end
usemtl diffuse_0
v 2.0821363712996455 8.7253390892004443 17.618060409446933
v 8.3586857955135336 8.3586857955135407 23.275041943407345
cstype bspline
deg 1
curv 9.1615356270282344 17.619132649110824 429 430
parm u 9.1615356270282344 9.1615356270282344 17.619132649110824 17.619132649110824
end
usemtl diffuse_0
v 9.1058002921972019 9.105800292197209 11.748040865646091
v 2.0821363712996455 8.7253390892004443 17.618060409446933
cstype bspline
deg 1
curv 0 9.1615356270282344 431 432
parm u 0 0 9.1615356270282344 9.1615356270282344
end
usemtl diffuse_0
v 6.5867524720165918 6.5867524720165926 55.833771821180918
v 4.3106397716692335 6.4968356888308616 58.412673329115336
cstype bspline
deg 1
curv 64.027221152096061 67.468079626402641 433 434
parm u 64.027221152096061 64.027221152096061 67.468079626402641 67.468079626402641
end
usemtl diffuse_0
v 4.1304845691476917 6.6769908913524034 53.245645473088111
v 6.5867524720165918 6.5867524720165926 55.833771821180918
cstype bspline
deg 1
curv 60.457936493137005 64.027221152096061 435 436
parm u 60.457936493137005 60.457936493137005 64.027221152096061 64.027221152096061
end
usemtl diffuse_0
v 6.778275433733528 6.7782754337335298 50.340705484992711
v 4.1304845691476917 6.6769908913524034 53.245645473088111
cstype bspline
deg 1
curv 56.52605000500624 60.457936493137005 437 438
parm u 56.52605000500624 56.52605000500624 60.457936493137005 60.457936493137005
end
usemtl diffuse_0
v 3.9344975578486325 6.8729779026514635 47.624545817746899
v 6.778275433733528 6.7782754337335298 50.340705484992711
cstype bspline
deg 1
curv 52.592404812190239 56.52605000500624 439 440
parm u 52.592404812190239 52.592404812190239 56.52605000500624 56.52605000500624
end
usemtl diffuse_0
v 6.9806552598578691 6.9806552598578708 44.536253632111126
v 3.9344975578486325 6.8729779026514635 47.624545817746899
cstype bspline
deg 1
curv 48.253255150951979 52.592404812190239 441 442
parm u 48.253255150951979 48.253255150951979 52.592404812190239 52.592404812190239
end
usemtl diffuse_0
v 3.6133584516139323 7.1941170088861632 41.242817589801618
v 6.9806552598578691 6.9806552598578708 44.536253632111126
cstype bspline
deg 1
curv 43.538281696319245 48.253255150951979 443 444
parm u 43.538281696319245 43.538281696319245 48.253255150951979 48.253255150951979
end
usemtl diffuse_0
v 7.4227327866533255 7.4227327866533273 37.715574672667969
v 3.6133584516139323 7.1941170088861632 41.242817589801618
cstype bspline
deg 1
curv 38.341644264790048 43.538281696319245 445 446
parm u 38.341644264790048 38.341644264790048 43.538281696319245 43.538281696319245
end
usemtl diffuse_0
v 3.0924127940485007 7.7150626664515958 33.20530636111198
v 7.4227327866533255 7.4227327866533273 37.715574672667969
cstype bspline
deg 1
curv 32.082279421676809 38.341644264790048 447 448
parm u 32.082279421676809 32.082279421676809 38.341644264790048 38.341644264790048
end
usemtl diffuse_0
v 8.0183963489630212 8.018396348963023 28.52526374281036
v 3.0924127940485007 7.7150626664515958 33.20530636111198
cstype bspline
deg 1
curv 25.280799860922862 32.082279421676809 449 450
parm u 25.280799860922862 25.280799860922862 32.082279421676809 32.082279421676809
end
usemtl diffuse_0
v 2.4487896649865535 8.3586857955135407 23.275041943407345
v 8.0183963489630212 8.018396348963023 28.52526374281036
cstype bspline
deg 1
curv 17.619132649110824 25.280799860922862 451 452
parm u 17.619132649110824 17.619132649110824 25.280799860922862 25.280799860922862
end
usemtl diffuse_0
v 8.7253390892004425 8.7253390892004443 17.618060409446933
v 2.4487896649865535 8.3586857955135407 23.275041943407345
cstype bspline
deg 1
curv 9.1615356270282344 17.619132649110824 453 454
parm u 9.1615356270282344 9.1615356270282344 17.619132649110824 17.619132649110824
end
usemtl diffuse_0
v 1.7016751683028861 9.105800292197209 11.748040865646091
v 8.7253390892004425 8.7253390892004443 17.618060409446933
cstype bspline
deg 1
curv 0 9.1615356270282344 455 456
parm u 0 0 9.1615356270282344 9.1615356270282344
end
usemtl diffuse_0
v 3.744572943051601 7.0629025174484896 43.267285848594298
v 3.8268202006422189 5.4037377302500484 44.536253632111126
cstype bspline
deg 1
curv 48.078637490158144 50.169061284048759 457 458
parm u 48.078637490158144 48.078637490158144 50.169061284048759 50.169061284048759
end
usemtl diffuse_0
v 3.5770582120090459 3.5770582120090522 40.682752294715215
v 3.744572943051601 7.0629025174484896 43.267285848594298
cstype bspline
deg 1
curv 43.735944155600926 48.078637490158144 459 460
parm u 43.735944155600926 43.735944155600926 48.078637490158144 48.078637490158144
end
usemtl diffuse_0
v 3.3340794248564993 7.4733960356435905 36.933906898443382
v 3.5770582120090459 3.5770582120090522 40.682752294715215
cstype bspline
deg 1
curv 38.323520582741928 43.735944155600926 461 462
parm u 38.323520582741928 38.323520582741928 43.735944155600926 43.735944155600926
end
usemtl diffuse_0
v 3.0476825895514459 3.047682589551453 32.515177715857938
v 3.3340794248564993 7.4733960356435905 36.933906898443382
cstype bspline
deg 1
curv 32.062999019547235 38.323520582741928 463 464
parm u 32.062999019547235 32.062999019547235 38.323520582741928 38.323520582741928
end
usemtl diffuse_0
v 2.725451190741369 8.0820242697587226 27.54356801231209
v 3.0476825895514459 3.047682589551453 32.515177715857938
cstype bspline
deg 1
curv 24.98025009897674 32.062999019547235 465 466
parm u 24.98025009897674 24.98025009897674 32.062999019547235 32.062999019547235
end
usemtl diffuse_0
v 2.3478517177608058 2.3478517177608111 21.717701225722422
v 2.725451190741369 8.0820242697587226 27.54356801231209
cstype bspline
deg 1
curv 16.797094226504917 24.98025009897674 467 468
parm u 16.797094226504917 16.797094226504917 24.98025009897674 24.98025009897674
end
usemtl diffuse_0
v 2.0319941550536438 8.775481305446446 16.844431490085022
v 2.3478517177608058 2.3478517177608111 21.717701225722422
cstype bspline
deg 1
curv 8.7247373195854419 16.797094226504917 469 470
parm u 8.7247373195854419 8.7247373195854419 16.797094226504917 16.797094226504917
end
usemtl diffuse_0
v 1.7016751683028808 1.7016751683028879 11.748040865646091
v 2.0319941550536438 8.775481305446446 16.844431490085022
cstype bspline
deg 1
curv 0 8.7247373195854419 471 472
parm u 0 0 8.7247373195854419 8.7247373195854419
end
usemtl diffuse_0
v 3.744572943051601 3.7445729430516073 43.267285848594298
v 3.8268202006422189 5.4037377302500484 44.536253632111126
cstype bspline
deg 1
curv 48.078637490158144 50.169061284048759 473 474
parm u 48.078637490158144 48.078637490158144 50.169061284048759 50.169061284048759
end
usemtl diffuse_0
v 3.5770582120090459 7.2304172484910447 40.682752294715215
v 3.744572943051601 3.7445729430516073 43.267285848594298
cstype bspline
deg 1
curv 43.735944155600926 48.078637490158144 475 476
parm u 43.735944155600926 43.735944155600926 48.078637490158144 48.078637490158144
end
usemtl diffuse_0
v 3.3340794248564993 3.3340794248565064 36.933906898443382
v 3.5770582120090459 7.2304172484910447 40.682752294715215
cstype bspline
deg 1
curv 38.323520582741928 43.735944155600926 477 478
parm u 38.323520582741928 38.323520582741928 43.735944155600926 43.735944155600926
end
usemtl diffuse_0
v 3.0476825895514459 7.7597928709486439 32.515177715857938
v 3.3340794248564993 3.3340794248565064 36.933906898443382
cstype bspline
deg 1
curv 32.062999019547235 38.323520582741928 479 480
parm u 32.062999019547235 32.062999019547235 38.323520582741928 38.323520582741928
end
usemtl diffuse_0
v 2.725451190741369 2.7254511907413748 27.54356801231209
v 3.0476825895514459 7.7597928709486439 32.515177715857938
cstype bspline
deg 1
curv 24.98025009897674 32.062999019547235 481 482
parm u 24.98025009897674 24.98025009897674 32.062999019547235 32.062999019547235
end
usemtl diffuse_0
v 2.3478517177608058 8.4596237427392857 21.717701225722422
v 2.725451190741369 2.7254511907413748 27.54356801231209
cstype bspline
deg 1
curv 16.797094226504917 24.98025009897674 483 484
parm u 16.797094226504917 16.797094226504917 24.98025009897674 24.98025009897674
end
usemtl diffuse_0
v 2.0319941550536438 2.0319941550536509 16.844431490085022
v 2.3478517177608058 8.4596237427392857 21.717701225722422
cstype bspline
deg 1
curv 8.7247373195854419 16.797094226504917 485 486
parm u 8.7247373195854419 8.7247373195854419 16.797094226504917 16.797094226504917
end
usemtl diffuse_0
v 1.7016751683028808 9.105800292197209 11.748040865646091
v 2.0319941550536438 2.0319941550536509 16.844431490085022
cstype bspline
deg 1
curv 0 8.7247373195854419 487 488
parm u 0 0 8.7247373195854419 8.7247373195854419
end
usemtl diffuse_0
v 7.062902517448487 7.0629025174484896 43.267285848594298
v 6.9806552598578691 5.4037377302500484 44.536253632111126
cstype bspline
deg 1
curv 48.078637490158144 50.169061284048759 489 490
parm u 48.078637490158144 48.078637490158144 50.169061284048759 50.169061284048759
end
usemtl diffuse_0
v 7.2304172484910421 3.5770582120090522 40.682752294715215
v 7.062902517448487 7.0629025174484896 43.267285848594298
cstype bspline
deg 1
curv 43.735944155600926 48.078637490158144 491 492
parm u 43.735944155600926 43.735944155600926 48.078637490158144 48.078637490158144
end
usemtl diffuse_0
v 7.4733960356435887 7.4733960356435905 36.933906898443382
v 7.2304172484910421 3.5770582120090522 40.682752294715215
cstype bspline
deg 1
curv 38.323520582741928 43.735944155600926 493 494
parm u 38.323520582741928 38.323520582741928 43.735944155600926 43.735944155600926
end
usemtl diffuse_0
v 7.7597928709486421 3.047682589551453 32.515177715857938
v 7.4733960356435887 7.4733960356435905 36.933906898443382
cstype bspline
deg 1
curv 32.062999019547235 38.323520582741928 495 496
parm u 32.062999019547235 32.062999019547235 38.323520582741928 38.323520582741928
end
usemtl diffuse_0
v 8.082024269758719 8.0820242697587226 27.54356801231209
v 7.7597928709486421 3.047682589551453 32.515177715857938
cstype bspline
deg 1
curv 24.98025009897674 32.062999019547235 497 498
parm u 24.98025009897674 24.98025009897674 32.062999019547235 32.062999019547235
end
usemtl diffuse_0
v 8.4596237427392822 2.3478517177608111 21.717701225722422
v 8.082024269758719 8.0820242697587226 27.54356801231209
cstype bspline
deg 1
curv 16.797094226504917 24.98025009897674 499 500
parm u 16.797094226504917 16.797094226504917 24.98025009897674 24.98025009897674
end
usemtl diffuse_0
v 8.7754813054464442 8.775481305446446 16.844431490085022
v 8.4596237427392822 2.3478517177608111 21.717701225722422
cstype bspline
deg 1
curv 8.7247373195854419 16.797094226504917 501 502
parm u 8.7247373195854419 8.7247373195854419 16.797094226504917 16.797094226504917
end
usemtl diffuse_0
v 9.1058002921972072 1.7016751683028879 11.748040865646091
v 8.7754813054464442 8.775481305446446 16.844431490085022
cstype bspline
deg 1
curv 0 8.7247373195854419 503 504
parm u 0 0 8.7247373195854419 8.7247373195854419
end
usemtl diffuse_0
v 7.062902517448487 3.7445729430516073 43.267285848594298
v 6.9806552598578691 5.4037377302500484 44.536253632111126
cstype bspline
deg 1
curv 48.078637490158144 50.169061284048759 505 506
parm u 48.078637490158144 48.078637490158144 50.169061284048759 50.169061284048759
end
usemtl diffuse_0
v 7.2304172484910421 7.2304172484910447 40.682752294715215
v 7.062902517448487 3.7445729430516073 43.267285848594298
cstype bspline
deg 1
curv 43.735944155600926 48.078637490158144 507 508
parm u 43.735944155600926 43.735944155600926 48.078637490158144 48.078637490158144
end
usemtl diffuse_0
v 7.4733960356435887 3.3340794248565064 36.933906898443382
v 7.2304172484910421 7.2304172484910447 40.682752294715215
cstype bspline
deg 1
curv 38.323520582741928 43.735944155600926 509 510
parm u 38.323520582741928 38.323520582741928 43.735944155600926 43.735944155600926
end
usemtl diffuse_0
v 7.7597928709486421 7.7597928709486439 32.515177715857938
v 7.4733960356435887 3.3340794248565064 36.933906898443382
cstype bspline
deg 1
curv 32.062999019547235 38.323520582741928 511 512
parm u 32.062999019547235 32.062999019547235 38.323520582741928 38.323520582741928
end
usemtl diffuse_0
v 8.082024269758719 2.7254511907413748 27.54356801231209
v 7.7597928709486421 7.7597928709486439 32.515177715857938
cstype bspline
deg 1
curv 24.98025009897674 32.062999019547235 513 514
parm u 24.98025009897674 24.98025009897674 32.062999019547235 32.062999019547235
end
usemtl diffuse_0
v 8.4596237427392822 8.4596237427392857 21.717701225722422
v 8.082024269758719 2.7254511907413748 27.54356801231209
cstype bspline
deg 1
curv 16.797094226504917 24.98025009897674 515 516
parm u 16.797094226504917 16.797094226504917 24.98025009897674 24.98025009897674
end
usemtl diffuse_0
v 8.7754813054464442 2.0319941550536509 16.844431490085022
v 8.4596237427392822 8.4596237427392857 21.717701225722422
cstype bspline
deg 1
curv 8.7247373195854419 16.797094226504917 517 518
parm u 8.7247373195854419 8.7247373195854419 16.797094226504917 16.797094226504917
end
usemtl diffuse_0
v 9.1058002921972072 9.105800292197209 11.748040865646091
v 8.7754813054464442 2.0319941550536509 16.844431490085022
cstype bspline
deg 1
curv 0 8.7247373195854419 519 520
parm u 0 0 8.7247373195854419 8.7247373195854419
end
usemtl diffuse_0
v 4.2207229884834963 4.2207229884835042 55.833771821180918
v 6.4968356888308545 4.3106397716692353 58.412673329115336
cstype bspline
deg 1
curv 64.027221152096061 67.468079626402641 521 522
parm u 64.027221152096061 64.027221152096061 67.468079626402641 67.468079626402641
end
usemtl diffuse_0
v 6.6769908913523963 4.1304845691476935 53.245645473088111
v 4.2207229884834963 4.2207229884835042 55.833771821180918
cstype bspline
deg 1
curv 60.457936493137005 64.027221152096061 523 524
parm u 60.457936493137005 60.457936493137005 64.027221152096061 64.027221152096061
end
usemtl diffuse_0
v 4.02920002676656 4.0292000267665671 50.340705484992711
v 6.6769908913523963 4.1304845691476935 53.245645473088111
cstype bspline
deg 1
curv 56.52605000500624 60.457936493137005 525 526
parm u 56.52605000500624 56.52605000500624 60.457936493137005 60.457936493137005
end
usemtl diffuse_0
v 6.8729779026514555 3.9344975578486339 47.624545817746899
v 4.02920002676656 4.0292000267665671 50.340705484992711
cstype bspline
deg 1
curv 52.592404812190239 56.52605000500624 527 528
parm u 52.592404812190239 52.592404812190239 56.52605000500624 56.52605000500624
end
usemtl diffuse_0
v 3.8268202006422189 3.8268202006422256 44.536253632111126
v 6.8729779026514555 3.9344975578486339 47.624545817746899
cstype bspline
deg 1
curv 48.253255150951979 52.592404812190239 529 530
parm u 48.253255150951979 48.253255150951979 52.592404812190239 52.592404812190239
end
usemtl diffuse_0
v 7.1941170088861561 3.6133584516139341 41.242817589801618
v 3.8268202006422189 3.8268202006422256 44.536253632111126
cstype bspline
deg 1
curv 43.538281696319245 48.253255150951979 531 532
parm u 43.538281696319245 43.538281696319245 48.253255150951979 48.253255150951979
end
usemtl diffuse_0
v 3.3847426738467625 3.3847426738467696 37.715574672667969
v 7.1941170088861561 3.6133584516139341 41.242817589801618
cstype bspline
deg 1
curv 38.341644264790048 43.538281696319245 533 534
parm u 38.341644264790048 38.341644264790048 43.538281696319245 43.538281696319245
end
usemtl diffuse_0
v 7.7150626664515869 3.0924127940485016 33.20530636111198
v 3.3847426738467625 3.3847426738467696 37.715574672667969
cstype bspline
deg 1
curv 32.082279421676809 38.341644264790048 535 536
parm u 32.082279421676809 32.082279421676809 38.341644264790048 38.341644264790048
end
usemtl diffuse_0
v 2.7890791115370668 2.789079111537073 28.52526374281036
v 7.7150626664515869 3.0924127940485016 33.20530636111198
cstype bspline
deg 1
curv 25.280799860922862 32.082279421676809 537 538
parm u 25.280799860922862 25.280799860922862 32.082279421676809 32.082279421676809
end
usemtl diffuse_0
v 8.3586857955135336 2.4487896649865553 23.275041943407345
v 2.7890791115370668 2.789079111537073 28.52526374281036
cstype bspline
deg 1
curv 17.619132649110824 25.280799860922862 539 540
parm u 17.619132649110824 17.619132649110824 25.280799860922862 25.280799860922862
end
usemtl diffuse_0
v 2.0821363712996455 2.082136371299653 17.618060409446933
v 8.3586857955135336 2.4487896649865553 23.275041943407345
cstype bspline
deg 1
curv 9.1615356270282344 17.619132649110824 541 542
parm u 9.1615356270282344 9.1615356270282344 17.619132649110824 17.619132649110824
end
usemtl diffuse_0
v 9.1058002921972019 1.7016751683028877 11.748040865646091
v 2.0821363712996455 2.082136371299653 17.618060409446933
cstype bspline
deg 1
curv 0 9.1615356270282344 543 544
parm u 0 0 9.1615356270282344 9.1615356270282344
end
usemtl diffuse_0
v 6.5867524720165918 4.2207229884835042 55.833771821180918
v 4.3106397716692335 4.3106397716692353 58.412673329115336
cstype bspline
deg 1
curv 64.027221152096061 67.468079626402641 545 546
parm u 64.027221152096061 64.027221152096061 67.468079626402641 67.468079626402641
end
usemtl diffuse_0
v 4.1304845691476917 4.1304845691476935 53.245645473088111
v 6.5867524720165918 4.2207229884835042 55.833771821180918
cstype bspline
deg 1
curv 60.457936493137005 64.027221152096061 547 548
parm u 60.457936493137005 60.457936493137005 64.027221152096061 64.027221152096061
end
usemtl diffuse_0
v 6.778275433733528 4.0292000267665671 50.340705484992711
v 4.1304845691476917 4.1304845691476935 53.245645473088111
cstype bspline
deg 1
curv 56.52605000500624 60.457936493137005 549 550
parm u 56.52605000500624 56.52605000500624 60.457936493137005 60.457936493137005
end
usemtl diffuse_0
v 3.9344975578486325 3.9344975578486339 47.624545817746899
v 6.778275433733528 4.0292000267665671 50.340705484992711
cstype bspline
deg 1
curv 52.592404812190239 56.52605000500624 551 552
parm u 52.592404812190239 52.592404812190239 56.52605000500624 56.52605000500624
end
usemtl diffuse_0
v 6.9806552598578691 3.8268202006422256 44.536253632111126
v 3.9344975578486325 3.9344975578486339 47.624545817746899
cstype bspline
deg 1
curv 48.253255150951979 52.592404812190239 553 554
parm u 48.253255150951979 48.253255150951979 52.592404812190239 52.592404812190239
end
usemtl diffuse_0
v 3.6133584516139323 3.6133584516139341 41.242817589801618
v 6.9806552598578691 3.8268202006422256 44.536253632111126
cstype bspline
deg 1
curv 43.538281696319245 48.253255150951979 555 556
parm u 43.538281696319245 43.538281696319245 48.253255150951979 48.253255150951979
end
usemtl diffuse_0
v 7.4227327866533255 3.3847426738467696 37.715574672667969
v 3.6133584516139323 3.6133584516139341 41.242817589801618
cstype bspline
deg 1
curv 38.341644264790048 43.538281696319245 557 558
parm u 38.341644264790048 38.341644264790048 43.538281696319245 43.538281696319245
end
usemtl diffuse_0
v 3.0924127940485007 3.0924127940485016 33.20530636111198
v 7.4227327866533255 3.3847426738467696 37.715574672667969
cstype bspline
deg 1
curv 32.082279421676809 38.341644264790048 559 560
parm u 32.082279421676809 32.082279421676809 38.341644264790048 38.341644264790048
end
usemtl diffuse_0
v 8.0183963489630212 2.789079111537073 28.52526374281036
v 3.0924127940485007 3.0924127940485016 33.20530636111198
cstype bspline
deg 1
curv 25.280799860922862 32.082279421676809 561 562
parm u 25.280799860922862 25.280799860922862 32.082279421676809 32.082279421676809
end
usemtl diffuse_0
v 2.4487896649865535 2.4487896649865553 23.275041943407345
v 8.0183963489630212 2.789079111537073 28.52526374281036
cstype bspline
deg 1
curv 17.619132649110824 25.280799860922862 563 564
parm u 17.619132649110824 17.619132649110824 25.280799860922862 25.280799860922862
end
usemtl diffuse_0
v 8.7253390892004425 2.082136371299653 17.618060409446933
v 2.4487896649865535 2.4487896649865553 23.275041943407345
cstype bspline
deg 1
curv 9.1615356270282344 17.619132649110824 565 566
parm u 9.1615356270282344 9.1615356270282344 17.619132649110824 17.619132649110824
end
usemtl diffuse_0
v 1.7016751683028861 1.7016751683028877 11.748040865646091
v 8.7253390892004425 2.082136371299653 17.618060409446933
cstype bspline
deg 1
curv 0 9.1615356270282344 567 568
parm u 0 0 9.1615356270282344 9.1615356270282344
end
usemtl diffuse_0
v 4.3106397716692335 6.4968356888308616 58.412673329115336
v 4.3106397716692335 4.3106397716692353 58.412673329115336
cstype bspline
deg 1
curv 22.212375371682963 29.616500495577284 569 570
parm u 22.212375371682963 22.212375371682963 29.616500495577284 29.616500495577284
end
usemtl diffuse_0
v 6.4968356888308598 6.4968356888308616 58.412673329115336
v 4.3106397716692335 6.4968356888308616 58.412673329115336
cstype bspline
deg 1
curv 14.808250247788642 22.212375371682963 571 572
parm u 14.808250247788642 14.808250247788642 22.212375371682963 22.212375371682963
end
usemtl diffuse_0
v 6.4968356888308598 4.3106397716692353 58.412673329115336
v 6.4968356888308598 6.4968356888308616 58.412673329115336
cstype bspline
deg 1
curv 7.4041251238943211 14.808250247788642 573 574
parm u 7.4041251238943211 7.4041251238943211 14.808250247788642 14.808250247788642
end
usemtl diffuse_0
v 4.3106397716692335 4.3106397716692353 58.412673329115336
v 6.4968356888308598 4.3106397716692353 58.412673329115336
cstype bspline
deg 1
curv 0 7.4041251238943211 575 576
parm u 0 0 7.4041251238943211 7.4041251238943211
end
usemtl diffuse_0
v 3.8268202006422243 6.9806552598578717 44.536253632111126
v 3.8268202006422243 3.8268202006422256 44.536253632111126
cstype bspline
deg 1
curv 22.212375371682963 29.616500495577284 577 578
parm u 22.212375371682963 22.212375371682963 29.616500495577284 29.616500495577284
end
usemtl diffuse_0
v 6.9806552598578691 6.9806552598578717 44.536253632111126
v 3.8268202006422243 6.9806552598578717 44.536253632111126
cstype bspline
deg 1
curv 14.808250247788642 22.212375371682963 579 580
parm u 14.808250247788642 14.808250247788642 22.212375371682963 22.212375371682963
end
usemtl diffuse_0
v 6.9806552598578691 3.8268202006422256 44.536253632111126
v 6.9806552598578691 6.9806552598578717 44.536253632111126
cstype bspline
deg 1
curv 7.4041251238943211 14.808250247788642 581 582
parm u 7.4041251238943211 7.4041251238943211 14.808250247788642 14.808250247788642
end
usemtl diffuse_0
v 3.8268202006422243 3.8268202006422256 44.536253632111126
v 6.9806552598578691 3.8268202006422256 44.536253632111126
cstype bspline
deg 1
curv 0 7.4041251238943211 583 584
parm u 0 0 7.4041251238943211 7.4041251238943211
end
usemtl diffuse_0
v 1.0098405430072397 9.7976349174928572 6.9717465401267686
v 1.0098405430072397 1.0098405430072399 6.9717465401267686
cstype bspline
deg 1
curv 22.212375371682963 29.616500495577284 585 586
parm u 22.212375371682963 22.212375371682963 29.616500495577284 29.616500495577284
end
usemtl diffuse_0
v 9.7976349174928536 9.7976349174928572 6.9717465401267686
v 1.0098405430072397 9.7976349174928572 6.9717465401267686
cstype bspline
deg 1
curv 14.808250247788642 22.212375371682963 587 588
parm u 14.808250247788642 14.808250247788642 22.212375371682963 22.212375371682963
end
usemtl diffuse_0
v 9.7976349174928536 1.0098405430072399 6.9717465401267686
v 9.7976349174928536 9.7976349174928572 6.9717465401267686
cstype bspline
deg 1
curv 7.4041251238943211 14.808250247788642 589 590
parm u 7.4041251238943211 7.4041251238943211 14.808250247788642 14.808250247788642
end
usemtl diffuse_0
v 1.0098405430072397 1.0098405430072399 6.9717465401267686
v 9.7976349174928536 1.0098405430072399 6.9717465401267686
cstype bspline
deg 1
curv 0 7.4041251238943211 591 592
parm u 0 0 7.4041251238943211 7.4041251238943211
end
usemtl diffuse_0
v -1.357392882421852 6.3088891049672533 57.462239429708355
v -1.3573928824218529 4.4985863555328436 57.462239429708362
cstype bspline
deg 1
curv 0 1.8103027494344097 593 594
parm u 0 0 1.8103027494344097 1.8103027494344097
end
usemtl diffuse_0
v 9.39974613580282 4.4068975272374855 57.925903992359068
v 9.39974613580282 6.4005779332626114 57.925903992359068
cstype bspline
deg 1
curv 0 1.9936804060251259 595 596
parm u 0 0 1.9936804060251259 1.9936804060251259
end
usemtl diffuse_0
v 1.4077293246972729 6.4005779332626114 57.925903992359068
v 1.4077293246972729 4.4068975272374855 57.925903992359068
cstype bspline
deg 1
curv 0 1.9936804060251259 597 598
parm u 0 0 1.9936804060251259 1.9936804060251259
end
usemtl diffuse_0
v 7.9105960924792313 2.8968793680208629 30.188480931323454
v 2.8968793680208558 7.9105960924792349 30.188480931323447
cstype bspline
deg 1
curv 0 7.0904661896258423 599 600
parm u 0 0 7.0904661896258423 7.0904661896258423
end
usemtl diffuse_0
v 7.9105960924792393 7.9105960924792349 30.188480931323447
v 2.8968793680208558 2.8968793680208655 30.188480931323447
cstype bspline
deg 1
curv 0 7.090466189625845 601 602
parm u 0 0 7.090466189625845 7.090466189625845
end
usemtl diffuse_0
v 4.1772613692426637 4.1772613692426681 54.587249965901179
v 6.6302140912574314 4.1772613692426681 54.587249965901179
cstype bspline
deg 1
curv -1.2264763610073826 1.2264763610073852 603 604
parm u -1.2264763610073826 -1.2264763610073826 1.2264763610073852 1.2264763610073852
end
usemtl diffuse_0
v 4.0817794899503772 4.0817794899503799 51.848736044883083
v 6.7256959705497179 4.0817794899503799 51.848736044883083
cstype bspline
deg 1
curv -1.3219582402996681 1.3219582402996735 605 606
parm u -1.3219582402996681 -1.3219582402996681 1.3219582402996735 1.3219582402996735
end
usemtl diffuse_0
v 3.9834256661019953 3.9834256661019989 49.027851937966368
v 6.824049794398098 3.9834256661019989 49.027851937966368
cstype bspline
deg 1
curv -1.4203120641480518 1.4203120641480504 607 608
parm u -1.4203120641480518 -1.4203120641480518 1.4203120641480504 1.4203120641480504
end
usemtl diffuse_0
v 3.7268552753290263 3.7268552753290329 42.993925371933642
v 7.0806201851710622 3.7268552753290329 42.993925371933642
cstype bspline
deg 1
curv -1.6768824549210144 1.6768824549210215 609 610
parm u -1.6768824549210144 -1.6768824549210144 1.6768824549210215 1.6768824549210215
end
usemtl diffuse_0
v 3.5059106359664334 3.5059106359664396 39.58503810316401
v 7.3015648245336546 3.5059106359664396 39.58503810316401
cstype bspline
deg 1
curv -1.8978270942836089 1.8978270942836144 611 612
parm u -1.8978270942836089 -1.8978270942836089 1.8978270942836144 1.8978270942836144
end
usemtl diffuse_0
v 3.2484449907287445 3.2484449907287516 35.612679404042282
v 7.5590304697713444 3.2484449907287516 35.612679404042282
cstype bspline
deg 1
curv -2.1552927395212977 2.1552927395213026 613 614
parm u -2.1552927395212977 -2.1552927395212977 2.1552927395213026 2.1552927395213026
end
usemtl diffuse_0
v 2.9500853387164447 2.9500853387164527 31.00937958109369
v 7.8573901217836433 2.9500853387164527 31.00937958109369
cstype bspline
deg 1
curv -2.4536523915335975 2.4536523915336028 615 616
parm u -2.4536523915335975 -2.4536523915335975 2.4536523915336028 2.4536523915336028
end
usemtl diffuse_0
v 2.6293298177781148 2.6293298177781228 26.060540745860251
v 8.1781456427219741 2.6293298177781228 26.060540745860251
cstype bspline
deg 1
curv -2.7744079124719274 2.7744079124719336 617 618
parm u -2.7744079124719274 -2.7744079124719274 2.7744079124719336 2.7744079124719336
end
usemtl diffuse_0
v 2.2761722971342606 2.2761722971342664 20.611781366740857
v 8.5313031633658287 2.2761722971342664 20.611781366740857
cstype bspline
deg 1
curv -3.1275654331157812 3.1275654331157883 619 620
parm u -3.1275654331157812 -3.1275654331157812 3.1275654331157883 3.1275654331157883
end
usemtl diffuse_0
v 1.9022102724523058 1.9022102724523045 14.842035657501992
v 8.9052651880477889 1.9022102724523045 14.842035657501992
cstype bspline
deg 1
curv -3.5015274577977387 3.5015274577977449 621 622
parm u -3.5015274577977387 -3.5015274577977387 3.5015274577977449 3.5015274577977449
end
usemtl diffuse_0
v 4.1772613692426646 4.1772613692426681 54.587249965901179
v 4.1772613692426646 6.6302140912574297 54.587249965901179
cstype bspline
deg 1
curv -1.2264763610073772 1.226476361007383 623 624
parm u -1.2264763610073772 -1.2264763610073772 1.226476361007383 1.226476361007383
end
usemtl diffuse_0
v 4.0817794899503781 4.0817794899503799 51.848736044883083
v 4.0817794899503781 6.7256959705497161 51.848736044883083
cstype bspline
deg 1
curv -1.321958240299669 1.3219582402996668 625 626
parm u -1.321958240299669 -1.321958240299669 1.3219582402996668 1.3219582402996668
end
usemtl diffuse_0
v 3.9834256661019971 3.9834256661020002 49.027851937966375
v 3.9834256661019971 6.8240497943980971 49.027851937966375
cstype bspline
deg 1
curv -1.4203120641480458 1.4203120641480509 627 628
parm u -1.4203120641480458 -1.4203120641480458 1.4203120641480509 1.4203120641480509
end
usemtl diffuse_0
v 7.1426348631098096 3.6648405973902913 42.037119872093967
v 7.1426348631098096 7.142634863109806 42.037119872093967
cstype bspline
deg 1
curv -1.7388971328597571 1.7388971328597558 629 630
parm u -1.7388971328597571 -1.7388971328597571 1.7388971328597558 1.7388971328597558
end
usemtl diffuse_0
v 7.3443304649391479 3.4631449955609535 38.925220116451989
v 7.3443304649391479 7.3443304649391434 38.925220116451989
cstype bspline
deg 1
curv -1.9405927346890934 1.9405927346890954 631 632
parm u -1.9405927346890934 -1.9405927346890934 1.9405927346890954 1.9405927346890954
end
usemtl diffuse_0
v 7.6073277951322078 3.2001476653678949 34.867514741920473
v 7.6073277951322078 7.6073277951322025 34.867514741920473
cstype bspline
deg 1
curv -2.2035900648821545 2.2035900648821531 633 634
parm u -2.2035900648821545 -2.2035900648821545 2.2035900648821531 2.2035900648821531
end
usemtl diffuse_0
v 7.9105960924792393 2.896879368020862 30.188480931323447
v 7.9105960924792393 7.9105960924792349 30.188480931323447
cstype bspline
deg 1
curv -2.5068583622291851 2.506858362229186 635 636
parm u -2.5068583622291851 -2.5068583622291851 2.506858362229186 2.506858362229186
end
usemtl diffuse_0
v 8.2583914049711193 2.5490840555289811 24.822453421845637
v 8.2583914049711193 8.2583914049711176 24.822453421845637
cstype bspline
deg 1
curv -2.8546536747210673 2.8546536747210665 637 638
parm u -2.8546536747210673 -2.8546536747210673 2.8546536747210665 2.8546536747210665
end
usemtl diffuse_0
v 8.6097918093100496 2.197683651190053 19.400804052812433
v 8.6097918093100496 8.6097918093100443 19.400804052812433
cstype bspline
deg 1
curv -3.2060540790599923 3.2060540790599981 639 640
parm u -3.2060540790599923 -3.2060540790599923 3.2060540790599981 3.2060540790599981
end
usemtl diffuse_0
v 8.9329284986193205 1.8745469618807817 14.415226899021405
v 8.9329284986193205 8.9329284986193187 14.415226899021405
cstype bspline
deg 1
curv -3.5291907683692672 3.5291907683692685 641 642
parm u -3.5291907683692672 -3.5291907683692672 3.5291907683692685 3.5291907683692685
end
usemtl diffuse_0
v 6.6302140912574306 4.1772613692426681 54.587249965901179
v 6.6302140912574306 6.6302140912574297 54.587249965901179
cstype bspline
deg 1
curv -1.2264763610073772 1.226476361007383 643 644
parm u -1.2264763610073772 -1.2264763610073772 1.226476361007383 1.226476361007383
end
usemtl diffuse_0
v 6.725695970549717 4.0817794899503799 51.848736044883083
v 6.725695970549717 6.7256959705497161 51.848736044883083
cstype bspline
deg 1
curv -1.321958240299669 1.3219582402996668 645 646
parm u -1.321958240299669 -1.321958240299669 1.3219582402996668 1.3219582402996668
end
usemtl diffuse_0
v 6.824049794398098 3.9834256661020002 49.027851937966375
v 6.824049794398098 6.8240497943980971 49.027851937966375
cstype bspline
deg 1
curv -1.4203120641480458 1.4203120641480509 647 648
parm u -1.4203120641480458 -1.4203120641480458 1.4203120641480509 1.4203120641480509
end
usemtl diffuse_0
v 3.6648405973902856 3.6648405973902913 42.037119872093967
v 3.6648405973902856 7.142634863109806 42.037119872093967
cstype bspline
deg 1
curv -1.7388971328597571 1.7388971328597558 649 650
parm u -1.7388971328597571 -1.7388971328597571 1.7388971328597558 1.7388971328597558
end
usemtl diffuse_0
v 3.4631449955609472 3.4631449955609535 38.925220116451989
v 3.4631449955609472 7.3443304649391434 38.925220116451989
cstype bspline
deg 1
curv -1.9405927346890934 1.9405927346890954 651 652
parm u -1.9405927346890934 -1.9405927346890934 1.9405927346890954 1.9405927346890954
end
usemtl diffuse_0
v 3.2001476653678873 3.2001476653678949 34.867514741920473
v 3.2001476653678873 7.6073277951322025 34.867514741920473
cstype bspline
deg 1
curv -2.2035900648821545 2.2035900648821531 653 654
parm u -2.2035900648821545 -2.2035900648821545 2.2035900648821531 2.2035900648821531
end
usemtl diffuse_0
v 2.8968793680208558 2.896879368020862 30.188480931323447
v 2.8968793680208558 7.9105960924792349 30.188480931323447
cstype bspline
deg 1
curv -2.5068583622291851 2.506858362229186 655 656
parm u -2.5068583622291851 -2.5068583622291851 2.506858362229186 2.506858362229186
end
usemtl diffuse_0
v 2.5490840555289753 2.5490840555289811 24.822453421845637
v 2.5490840555289753 8.2583914049711176 24.822453421845637
cstype bspline
deg 1
curv -2.8546536747210673 2.8546536747210665 657 658
parm u -2.8546536747210673 -2.8546536747210673 2.8546536747210665 2.8546536747210665
end
usemtl diffuse_0
v 2.1976836511900464 2.197683651190053 19.400804052812433
v 2.1976836511900464 8.6097918093100443 19.400804052812433
cstype bspline
deg 1
curv -3.2060540790599923 3.2060540790599981 659 660
parm u -3.2060540790599923 -3.2060540790599923 3.2060540790599981 3.2060540790599981
end
usemtl diffuse_0
v 1.8745469618807746 1.8745469618807817 14.415226899021405
v 1.8745469618807746 8.9329284986193187 14.415226899021405
cstype bspline
deg 1
curv -3.5291907683692672 3.5291907683692685 661 662
parm u -3.5291907683692672 -3.5291907683692672 3.5291907683692685 3.5291907683692685
end
usemtl diffuse_0
v 5.4037377302500484 9.7976349174928572 6.9717465401267686
v 5.4037377302500476 1.0098405430072404 6.9717465401267713
cstype bspline
deg 1
curv 0 8.7877943744856175 663 664
parm u 0 0 8.7877943744856175 8.7877943744856175
end
usemtl diffuse_0
v 1.0098405430072397 5.4037377302500484 6.9717465401267686
v 9.7976349174928536 5.4037377302500484 6.9717465401267686
cstype bspline
deg 1
curv 0 8.787794374485614 665 666
parm u 0 0 8.787794374485614 8.787794374485614
end
usemtl diffuse_0
v 4.1772613692426637 6.6302140912574288 54.587249965901179
v 6.6302140912574314 6.6302140912574288 54.587249965901179
cstype bspline
deg 1
curv -1.2264763610073826 1.2264763610073852 667 668
parm u -1.2264763610073826 -1.2264763610073826 1.2264763610073852 1.2264763610073852
end
usemtl diffuse_0
v 4.0817794899503772 6.725695970549717 51.848736044883083
v 6.7256959705497179 6.725695970549717 51.848736044883083
cstype bspline
deg 1
curv -1.3219582402996681 1.3219582402996735 669 670
parm u -1.3219582402996681 -1.3219582402996681 1.3219582402996735 1.3219582402996735
end
usemtl diffuse_0
v 3.9834256661019953 6.824049794398098 49.027851937966368
v 6.824049794398098 6.824049794398098 49.027851937966368
cstype bspline
deg 1
curv -1.4203120641480518 1.4203120641480504 671 672
parm u -1.4203120641480518 -1.4203120641480518 1.4203120641480504 1.4203120641480504
end
usemtl diffuse_0
v 6.4968356888308598 4.3106397716692353 58.412673329115336
v 6.9806552598578691 3.8268202006422256 44.536253632111126
cstype bspline
deg 1
curv 0 13.893278459817322 673 674
parm u 0 0 13.893278459817322 13.893278459817322
end
usemtl diffuse_0
v 6.4968356888308598 6.4968356888308616 58.412673329115336
v 6.9806552598578691 6.9806552598578717 44.536253632111126
cstype bspline
deg 1
curv 0 13.893278459817322 675 676
parm u 0 0 13.893278459817322 13.893278459817322
end
usemtl diffuse_0
v 3.7268552753290263 7.080620185171064 42.993925371933642
v 7.0806201851710622 7.080620185171064 42.993925371933642
cstype bspline
deg 1
curv -1.6768824549210144 1.6768824549210215 677 678
parm u -1.6768824549210144 -1.6768824549210144 1.6768824549210215 1.6768824549210215
end
usemtl diffuse_0
v 3.5059106359664334 7.3015648245336573 39.58503810316401
v 7.3015648245336546 7.3015648245336573 39.58503810316401
cstype bspline
deg 1
curv -1.8978270942836089 1.8978270942836144 679 680
parm u -1.8978270942836089 -1.8978270942836089 1.8978270942836144 1.8978270942836144
end
usemtl diffuse_0
v 3.2484449907287445 7.5590304697713453 35.612679404042282
v 7.5590304697713444 7.5590304697713453 35.612679404042282
cstype bspline
deg 1
curv -2.1552927395212977 2.1552927395213026 681 682
parm u -2.1552927395212977 -2.1552927395212977 2.1552927395213026 2.1552927395213026
end
usemtl diffuse_0
v 2.9500853387164447 7.8573901217836442 31.00937958109369
v 7.8573901217836433 7.8573901217836442 31.00937958109369
cstype bspline
deg 1
curv -2.4536523915335975 2.4536523915336028 683 684
parm u -2.4536523915335975 -2.4536523915335975 2.4536523915336028 2.4536523915336028
end
usemtl diffuse_0
v 2.6293298177781148 8.1781456427219741 26.060540745860251
v 8.1781456427219741 8.1781456427219741 26.060540745860251
cstype bspline
deg 1
curv -2.7744079124719274 2.7744079124719336 685 686
parm u -2.7744079124719274 -2.7744079124719274 2.7744079124719336 2.7744079124719336
end
usemtl diffuse_0
v 2.2761722971342606 8.5313031633658305 20.611781366740857
v 8.5313031633658287 8.5313031633658305 20.611781366740857
cstype bspline
deg 1
curv -3.1275654331157812 3.1275654331157883 687 688
parm u -3.1275654331157812 -3.1275654331157812 3.1275654331157883 3.1275654331157883
end
usemtl diffuse_0
v 1.9022102724523058 8.9052651880477924 14.842035657501992
v 8.9052651880477889 8.9052651880477924 14.842035657501992
cstype bspline
deg 1
curv -3.5015274577977387 3.5015274577977449 689 690
parm u -3.5015274577977387 -3.5015274577977387 3.5015274577977449 3.5015274577977449
end
usemtl diffuse_0
v 5.4037377302500467 5.4037377302500502 59.969405524647939
v 6.4968356888308598 4.3106397716692353 58.412673329115336
cstype bspline
deg 1
curv 1.545873958027328 3.0917479160546595 691 692
parm u 1.545873958027328 1.545873958027328 3.0917479160546595 3.0917479160546595
end
usemtl diffuse_0
v 6.4968356888308545 6.4968356888308616 58.412673329115336
v 5.4037377302500467 5.4037377302500502 59.969405524647939
cstype bspline
deg 1
curv 0 1.5458739580273257 693 694
parm u 0 0 1.5458739580273257 1.5458739580273257
end
usemtl diffuse_0
v 4.3106397716692335 6.4968356888308616 58.412673329115336
v 5.4037377302500458 5.4037377302500502 59.969405524647939
cstype bspline
deg 1
curv 0 1.545873958027328 695 696
parm u 0 0 1.545873958027328 1.545873958027328
end
usemtl diffuse_0
v 5.4037377302500458 5.4037377302500502 59.969405524647939
v 4.3106397716692335 4.3106397716692353 58.412673329115336
cstype bspline
deg 1
curv 1.5458739580273257 3.0917479160546555 697 698
parm u 1.5458739580273257 1.5458739580273257 3.0917479160546555 3.0917479160546555
end
usemtl diffuse_0
v 21.876440696372686 5.9868625819799703 55.833771821180918
v 21.876440696372686 4.8206128785201265 55.833771821180918
cstype bspline
deg 1
curv 0 1.1662497034598438 699 700
parm u 0 0 1.1662497034598438 1.1662497034598438
end
usemtl diffuse_0
v 9.39974613580282 6.4005779332626114 57.925903992359068
v 11.982940608505359 6.3750333930978655 55.833771821180918
cstype bspline
deg 1
curv 0 3.3242387442859411 701 702
parm u 0 0 3.3242387442859411 3.3242387442859411
end
usemtl diffuse_0
v 6.4968356888308598 6.4968356888308616 58.412673329115336
v 9.2068192650577476 6.4839543274565017 55.833771821180918
cstype bspline
deg 1
curv 0 3.7409771317821159 703 704
parm u 0 0 3.7409771317821159 3.7409771317821159
end
usemtl diffuse_0
v 6.4968356888308598 6.4968356888308616 58.412673329115336
v 21.876440696372686 5.9868625819799703 55.833771821180918
cstype bspline
deg 1
curv 0 15.602661816028162 705 706
parm u 0 0 15.602661816028162 15.602661816028162
end
usemtl diffuse_0
v 6.5867524720165962 6.5867524720165918 55.833771821180918
v 21.876440696372686 5.9868625819799703 55.833771821180918
cstype bspline
deg 1
curv 0 15.301452018621678 707 708
parm u 0 0 15.301452018621678 15.301452018621678
end
usemtl diffuse_0
v 9.39974613580282 4.4068975272374855 57.925903992359068
v 11.982940608505359 4.4324420674022313 55.833771821180918
cstype bspline
deg 1
curv 0 3.3242387442859411 709 710
parm u 0 0 3.3242387442859411 3.3242387442859411
end
usemtl diffuse_0
v 6.4968356888308598 4.3106397716692353 58.412673329115336
v 9.2068192650577476 4.3235211330435952 55.833771821180918
cstype bspline
deg 1
curv 0 3.7409771317821159 711 712
parm u 0 0 3.7409771317821159 3.7409771317821159
end
usemtl diffuse_0
v 6.4968356888308598 4.3106397716692353 58.412673329115336
v 21.876440696372686 4.8206128785201265 55.833771821180918
cstype bspline
deg 1
curv 0 15.602661816028162 713 714
parm u 0 0 15.602661816028162 15.602661816028162
end
usemtl diffuse_0
v 6.5867524720165962 4.2207229884835051 55.833771821180918
v 21.876440696372686 4.8206128785201265 55.833771821180918
cstype bspline
deg 1
curv 0 15.301452018621678 715 716
parm u 0 0 15.301452018621678 15.301452018621678
end
usemtl diffuse_0
v -11.068965235872593 5.9868625819799703 55.833771821180918
v -11.068965235872593 4.8206128785201265 55.833771821180918
cstype bspline
deg 1
curv 0 1.1662497034598438 717 718
parm u 0 0 1.1662497034598438 1.1662497034598438
end
usemtl diffuse_0
v 1.4077293246972729 6.4005779332626114 57.925903992359068
v -1.1754651480052649 6.3750333930978655 55.833771821180918
cstype bspline
deg 1
curv 0 3.3242387442859411 719 720
parm u 0 0 3.3242387442859411 3.3242387442859411
end
usemtl diffuse_0
v 4.3106397716692335 6.4968356888308616 58.412673329115336
v 1.6006561954423457 6.4839543274565017 55.833771821180918
cstype bspline
deg 1
curv 0 3.7409771317821159 721 722
parm u 0 0 3.7409771317821159 3.7409771317821159
end
usemtl diffuse_0
v 4.3106397716692335 6.4968356888308616 58.412673329115336
v -11.068965235872593 5.9868625819799703 55.833771821180918
cstype bspline
deg 1
curv 0 15.602661816028162 723 724
parm u 0 0 15.602661816028162 15.602661816028162
end
usemtl diffuse_0
v 4.2207229884834971 6.5867524720165918 55.833771821180918
v -11.068965235872593 5.9868625819799703 55.833771821180918
cstype bspline
deg 1
curv 0 15.301452018621678 725 726
parm u 0 0 15.301452018621678 15.301452018621678
end
usemtl diffuse_0
v 1.4077293246972729 4.4068975272374855 57.925903992359068
v -1.1754651480052649 4.4324420674022313 55.833771821180918
cstype bspline
deg 1
curv 0 3.3242387442859411 727 728
parm u 0 0 3.3242387442859411 3.3242387442859411
end
usemtl diffuse_0
v 4.3106397716692335 4.3106397716692353 58.412673329115336
v 1.6006561954423457 4.3235211330435952 55.833771821180918
cstype bspline
deg 1
curv 0 3.7409771317821159 729 730
parm u 0 0 3.7409771317821159 3.7409771317821159
end
usemtl diffuse_0
v 4.3106397716692335 4.3106397716692353 58.412673329115336
v -11.068965235872593 4.8206128785201265 55.833771821180918
cstype bspline
deg 1
curv 0 15.602661816028162 731 732
parm u 0 0 15.602661816028162 15.602661816028162
end
usemtl diffuse_0
v 4.2207229884834971 4.2207229884835051 55.833771821180918
v -11.068965235872593 4.8206128785201265 55.833771821180918
cstype bspline
deg 1
curv 0 15.301452018621678 733 734
parm u 0 0 15.301452018621678 15.301452018621678
end
usemtl diffuse_0
v 21.465750018967334 6.0501060407980916 44.536253632111126
v 21.465750018967334 4.7573694197020053 44.536253632111126
cstype bspline
deg 1
curv 0 1.2927366210960862 735 736
parm u 0 0 1.2927366210960862 1.2927366210960862
end
usemtl diffuse_0
v 11.560510765242583 6.6864368902291744 46.632515585652399
v 13.868717541356421 6.5381534272169324 44.536253632111126
cstype bspline
deg 1
curv 0 3.1215574133059625 737 738
parm u 0 0 3.1215574133059625 3.1215574133059625
end
usemtl diffuse_0
v 11.560510765242583 6.6864368902291744 44.536253632111126
v 11.560510765242583 6.6864368902291744 46.632515585652399
cstype bspline
deg 1
curv 0 2.0962619535412728 739 740
parm u 0 0 2.0962619535412728 2.0962619535412728
end
usemtl diffuse_0
v 16.447940086341816 6.3330553371192018 45.598180939713409
v 18.633104258749579 6.2320804319829293 44.536253632111126
cstype bspline
deg 1
curv 0 2.4316307282301741 741 742
parm u 0 0 2.4316307282301741 2.4316307282301741
end
usemtl diffuse_0
v 21.465750018967334 6.0501060407980916 44.536253632111126
v 6.8729779026514608 6.8729779026514635 47.624545817746899
cstype bspline
deg 1
curv 0 14.938663419583932 743 744
parm u 0 0 14.938663419583932 14.938663419583932
end
usemtl diffuse_0
v 6.9806552598578735 6.9806552598578708 44.536253632111126
v 21.465750018967334 6.0501060407980916 44.536253632111126
cstype bspline
deg 1
curv 0 14.51495408292679 745 746
parm u 0 0 14.51495408292679 14.51495408292679
end
usemtl diffuse_0
v 11.560510765242583 4.1210385702709225 46.632515585652399
v 13.868717541356421 4.2693220332831645 44.536253632111126
cstype bspline
deg 1
curv 0 3.1215574133059625 747 748
parm u 0 0 3.1215574133059625 3.1215574133059625
end
usemtl diffuse_0
v 11.560510765242583 4.1210385702709225 44.536253632111126
v 11.560510765242583 4.1210385702709225 46.632515585652399
cstype bspline
deg 1
curv 0 2.0962619535412728 749 750
parm u 0 0 2.0962619535412728 2.0962619535412728
end
usemtl diffuse_0
v 16.447940086341816 4.4744201233808951 45.598180939713409
v 18.633104258749579 4.5753950285171676 44.536253632111126
cstype bspline
deg 1
curv 0 2.4316307282301741 751 752
parm u 0 0 2.4316307282301741 2.4316307282301741
end
usemtl diffuse_0
v 21.465750018967334 4.7573694197020053 44.536253632111126
v 6.8729779026514608 3.9344975578486339 47.624545817746899
cstype bspline
deg 1
curv 0 14.938663419583932 753 754
parm u 0 0 14.938663419583932 14.938663419583932
end
usemtl diffuse_0
v 6.9806552598578735 3.8268202006422256 44.536253632111126
v 21.465750018967334 4.7573694197020053 44.536253632111126
cstype bspline
deg 1
curv 0 14.51495408292679 755 756
parm u 0 0 14.51495408292679 14.51495408292679
end
usemtl diffuse_0
v -10.658274558467243 6.0501060407980916 44.536253632111126
v -10.658274558467243 4.7573694197020053 44.536253632111126
cstype bspline
deg 1
curv 0 1.2927366210960862 757 758
parm u 0 0 1.2927366210960862 1.2927366210960862
end
usemtl diffuse_0
v -0.75303530474249003 6.6864368902291744 46.632515585652399
v -3.0612420808563279 6.5381534272169324 44.536253632111126
cstype bspline
deg 1
curv 0 3.1215574133059625 759 760
parm u 0 0 3.1215574133059625 3.1215574133059625
end
usemtl diffuse_0
v -0.75303530474249003 6.6864368902291744 44.536253632111126
v -0.75303530474249003 6.6864368902291744 46.632515585652399
cstype bspline
deg 1
curv 0 2.0962619535412728 761 762
parm u 0 0 2.0962619535412728 2.0962619535412728
end
usemtl diffuse_0
v -5.6404646258417248 6.3330553371192018 45.598180939713409
v -7.8256287982494861 6.2320804319829293 44.536253632111126
cstype bspline
deg 1
curv 0 2.4316307282301741 763 764
parm u 0 0 2.4316307282301741 2.4316307282301741
end
usemtl diffuse_0
v -10.658274558467243 6.0501060407980916 44.536253632111126
v 3.9344975578486325 6.8729779026514635 47.624545817746899
cstype bspline
deg 1
curv 0 14.938663419583932 765 766
parm u 0 0 14.938663419583932 14.938663419583932
end
usemtl diffuse_0
v 3.8268202006422198 6.9806552598578708 44.536253632111126
v -10.658274558467243 6.0501060407980916 44.536253632111126
cstype bspline
deg 1
curv 0 14.51495408292679 767 768
parm u 0 0 14.51495408292679 14.51495408292679
end
usemtl diffuse_0
v -0.75303530474249003 4.1210385702709225 46.632515585652399
v -3.0612420808563279 4.2693220332831645 44.536253632111126
cstype bspline
deg 1
curv 0 3.1215574133059625 769 770
parm u 0 0 3.1215574133059625 3.1215574133059625
end
usemtl diffuse_0
v -0.75303530474249003 4.1210385702709225 44.536253632111126
v -0.75303530474249003 4.1210385702709225 46.632515585652399
cstype bspline
deg 1
curv 0 2.0962619535412728 771 772
parm u 0 0 2.0962619535412728 2.0962619535412728
end
usemtl diffuse_0
v -5.6404646258417248 4.4744201233808951 45.598180939713409
v -7.8256287982494861 4.5753950285171676 44.536253632111126
cstype bspline
deg 1
curv 0 2.4316307282301741 773 774
parm u 0 0 2.4316307282301741 2.4316307282301741
end
usemtl diffuse_0
v -10.658274558467243 4.7573694197020053 44.536253632111126
v 3.9344975578486325 3.9344975578486339 47.624545817746899
cstype bspline
deg 1
curv 0 14.938663419583932 775 776
parm u 0 0 14.938663419583932 14.938663419583932
end
usemtl diffuse_0
v 3.8268202006422198 3.8268202006422256 44.536253632111126
v -10.658274558467243 4.7573694197020053 44.536253632111126
cstype bspline
deg 1
curv 0 14.51495408292679 777 778
parm u 0 0 14.51495408292679 14.51495408292679
end
usemtl diffuse_0
v 4.3106397716692335 6.4968356888308616 58.412673329115336
v 3.8268202006422243 6.9806552598578717 44.536253632111126
cstype bspline
deg 1
curv 0 13.893278459817322 779 780
parm u 0 0 13.893278459817322 13.893278459817322
end
usemtl diffuse_0
v 3.8268202006422243 3.8268202006422256 44.536253632111126
v 4.3106397716692335 4.3106397716692353 58.412673329115336
cstype bspline
deg 1
curv 0 13.893278459817322 781 782
parm u 0 0 13.893278459817322 13.893278459817322
end
usemtl diffuse_0
v 6.9806552598578691 3.8268202006422256 44.536253632111126
v 9.1058002921972072 1.7016751683028877 11.748040865646091
cstype bspline
deg 1
curv 0 32.925664446384893 783 784
parm u 0 0 32.925664446384893 32.925664446384893
end
usemtl diffuse_0
v 6.9806552598578691 6.9806552598578717 44.536253632111126
v 9.1058002921972072 9.105800292197209 11.748040865646091
cstype bspline
deg 1
curv 0 32.925664446384893 785 786
parm u 0 0 32.925664446384893 32.925664446384893
end
usemtl diffuse_0
v 3.8268202006422243 6.9806552598578717 44.536253632111126
v 1.7016751683028877 9.105800292197209 11.748040865646091
cstype bspline
deg 1
curv 0 32.925664446384893 787 788
parm u 0 0 32.925664446384893 32.925664446384893
end
usemtl diffuse_0
v 3.8268202006422243 3.8268202006422256 44.536253632111126
v 1.7016751683028861 1.7016751683028877 11.748040865646091
cstype bspline
deg 1
curv 0 32.925664446384893 789 790
parm u 0 0 32.925664446384893 32.925664446384893
end
usemtl diffuse_0
v 1.7016751683028861 1.7016751683028877 11.748040865646091
v 0 10.807475460500097 0
cstype bspline
deg 1
curv 0 14.960874356824469 791 792
parm u 0 0 14.960874356824469 14.960874356824469
end
usemtl diffuse_0
v 0 0 0
v 1.7016751683028861 9.105800292197209 11.748040865646091
cstype bspline
deg 1
curv 0 14.960874356824469 793 794
parm u 0 0 14.960874356824469 14.960874356824469
end
usemtl diffuse_0
v 1.7016751683028877 9.105800292197209 11.748040865646091
v 10.807475460500095 10.807475460500097 0
cstype bspline
deg 1
curv 0 14.960874356824469 795 796
parm u 0 0 14.960874356824469 14.960874356824469
end
usemtl diffuse_0
v 9.1058002921972072 9.105800292197209 11.748040865646091
v 0 10.807475460500097 0
cstype bspline
deg 1
curv 0 14.960874356824469 797 798
parm u 0 0 14.960874356824469 14.960874356824469
end
usemtl diffuse_0
v 9.1058002921972072 1.7016751683028877 11.748040865646091
v 10.807475460500095 10.807475460500097 0
cstype bspline
deg 1
curv 0 14.960874356824469 799 800
parm u 0 0 14.960874356824469 14.960874356824469
end
usemtl diffuse_0
v 10.807475460500095 0 0
v 9.1058002921972072 9.105800292197209 11.748040865646091
cstype bspline
deg 1
curv 0 14.960874356824469 801 802
parm u 0 0 14.960874356824469 14.960874356824469
end
usemtl diffuse_0
v 1.7016751683028877 1.7016751683028877 11.748040865646091
v 10.807475460500095 0 0
cstype bspline
deg 1
curv 0 14.960874356824469 803 804
parm u 0 0 14.960874356824469 14.960874356824469
end
usemtl diffuse_0
v 9.1058002921972072 1.7016751683028877 11.748040865646091
v 0 0 0
cstype bspline
deg 1
curv 0 14.960874356824469 805 806
parm u 0 0 14.960874356824469 14.960874356824469
end
usemtl diffuse_0
v 10.807475460500095 10.807475460500097 0
v 9.1058002921972072 9.105800292197209 11.748040865646091
cstype bspline
deg 1
curv 0 11.872038709211976 807 808
parm u 0 0 11.872038709211976 11.872038709211976
end
usemtl diffuse_0
v 0 10.807475460500097 0
v 1.7016751683028877 9.105800292197209 11.748040865646091
cstype bspline
deg 1
curv 0 11.872038709211976 809 810
parm u 0 0 11.872038709211976 11.872038709211976
end
usemtl diffuse_0
v 0 0 0
v 0 10.807475460500097 0
cstype bspline
deg 1
curv 0 10.807475460500097 811 812
parm u 0 0 10.807475460500097 10.807475460500097
end
usemtl diffuse_0
v 10.807475460500095 0 0
v 9.1058002921972072 1.7016751683028877 11.748040865646091
cstype bspline
deg 1
curv 0 11.872038709211976 813 814
parm u 0 0 11.872038709211976 11.872038709211976
end
usemtl diffuse_0
v 0 0 0
v 1.7016751683028877 1.7016751683028877 11.748040865646091
cstype bspline
deg 1
curv 0 11.872038709211976 815 816
parm u 0 0 11.872038709211976 11.872038709211976
end
