# Rhino

mtllib pylon1.mtl
usemtl diffuse_0
v 13.168408218571443 4.0715163961708924 6.7617895979170832
v 17.782072230624721 7.2926261522209099 6.7617895979170832
cstype bspline
deg 1
curv 16.880550734194824 22.50740097892643 1 2
parm u 16.880550734194824 16.880550734194824 22.50740097892643 22.50740097892643
end
usemtl diffuse_0
v 17.782072230624721 0.85040664012087497 6.7617895979170832
v 13.168408218571443 4.0715163961708924 6.7617895979170832
cstype bspline
deg 1
curv 11.253700489463215 16.880550734194824 3 4
parm u 11.253700489463215 11.253700489463215 16.880550734194824 16.880550734194824
end
usemtl diffuse_0
v 22.395736242677998 4.0715163961708924 6.7617895979170832
v 17.782072230624721 0.85040664012087497 6.7617895979170832
cstype bspline
deg 1
curv 5.6268502447316076 11.253700489463215 5 6
parm u 5.6268502447316076 5.6268502447316076 11.253700489463215 11.253700489463215
end
usemtl diffuse_0
v 17.782072230624721 7.2926261522209099 6.7617895979170832
v 22.395736242677998 4.0715163961708924 6.7617895979170832
cstype bspline
deg 1
curv 0 5.6268502447316076 7 8
parm u 0 0 5.6268502447316076 5.6268502447316076
end
usemtl diffuse_0
v 10.536870496773474 4.0715163961708924 6.7617895979170832
v 5.9232064847201968 7.2926261522209099 6.7617895979170832
cstype bspline
deg 1
curv 16.880550734194824 22.50740097892643 9 10
parm u 16.880550734194824 16.880550734194824 22.50740097892643 22.50740097892643
end
usemtl diffuse_0
v 5.9232064847201968 0.85040664012087497 6.7617895979170832
v 10.536870496773474 4.0715163961708924 6.7617895979170832
cstype bspline
deg 1
curv 11.253700489463215 16.880550734194824 11 12
parm u 11.253700489463215 11.253700489463215 16.880550734194824 16.880550734194824
end
usemtl diffuse_0
v 1.3095424726669194 4.0715163961708924 6.7617895979170832
v 5.9232064847201968 0.85040664012087497 6.7617895979170832
cstype bspline
deg 1
curv 5.6268502447316076 11.253700489463215 13 14
parm u 5.6268502447316076 5.6268502447316076 11.253700489463215 11.253700489463215
end
usemtl diffuse_0
v 5.9232064847201968 7.2926261522209099 6.7617895979170832
v 1.3095424726669194 4.0715163961708924 6.7617895979170832
cstype bspline
deg 1
curv 0 5.6268502447316076 15 16
parm u 0 0 5.6268502447316076 5.6268502447316076
end
usemtl diffuse_0
v 15.475240224598082 5.6820712741959012 6.7617895979170832
v 15.475240224598082 2.4609615181458837 6.7617895979170832
cstype bspline
deg 1
curv 0 3.2211097560500175 17 18
parm u 0 0 3.2211097560500175 3.2211097560500175
end
usemtl diffuse_0
v 20.088904236651359 5.6820712741959012 6.7617895979170832
v 20.088904236651359 2.4609615181458837 6.7617895979170832
cstype bspline
deg 1
curv 0 3.2211097560500175 19 20
parm u 0 0 3.2211097560500175 3.2211097560500175
end
usemtl diffuse_0
v 13.168408218571443 0.85040664012087586 6.7617895979170832
v 15.475240224598082 2.4609615181458837 6.7617895979170832
cstype bspline
deg 1
curv 0 2.8134251223658033 21 22
parm u 0 0 2.8134251223658033 2.8134251223658033
end
usemtl diffuse_0
v 22.395736242677998 0.85040664012087586 6.7617895979170832
v 20.088904236651359 2.4609615181458837 6.7617895979170832
cstype bspline
deg 1
curv 0 2.8134251223658033 23 24
parm u 0 0 2.8134251223658033 2.8134251223658033
end
usemtl diffuse_0
v 13.168408218571443 7.292626152220909 6.7617895979170832
v 15.475240224598082 5.6820712741959012 6.7617895979170832
cstype bspline
deg 1
curv 0 2.8134251223658033 25 26
parm u 0 0 2.8134251223658033 2.8134251223658033
end
usemtl diffuse_0
v 22.395736242677998 7.292626152220909 6.7617895979170832
v 20.088904236651359 5.6820712741959012 6.7617895979170832
cstype bspline
deg 1
curv 0 2.8134251223658033 27 28
parm u 0 0 2.8134251223658033 2.8134251223658033
end
usemtl diffuse_0
v 8.2300384907468356 5.6820712741959012 6.7617895979170832
v 8.2300384907468356 2.4609615181458837 6.7617895979170832
cstype bspline
deg 1
curv 0 3.2211097560500175 29 30
parm u 0 0 3.2211097560500175 3.2211097560500175
end
usemtl diffuse_0
v 3.6163744786935581 5.6820712741959012 6.7617895979170832
v 3.6163744786935581 2.4609615181458837 6.7617895979170832
cstype bspline
deg 1
curv 0 3.2211097560500175 31 32
parm u 0 0 3.2211097560500175 3.2211097560500175
end
usemtl diffuse_0
v 10.536870496773474 0.85040664012087586 6.7617895979170832
v 8.2300384907468356 2.4609615181458837 6.7617895979170832
cstype bspline
deg 1
curv 0 2.8134251223658033 33 34
parm u 0 0 2.8134251223658033 2.8134251223658033
end
usemtl diffuse_0
v 1.3095424726669194 0.85040664012087586 6.7617895979170832
v 3.6163744786935581 2.4609615181458837 6.7617895979170832
cstype bspline
deg 1
curv 0 2.8134251223658033 35 36
parm u 0 0 2.8134251223658033 2.8134251223658033
end
usemtl diffuse_0
v 10.536870496773474 7.292626152220909 6.7617895979170832
v 8.2300384907468356 5.6820712741959012 6.7617895979170832
cstype bspline
deg 1
curv 0 2.8134251223658033 37 38
parm u 0 0 2.8134251223658033 2.8134251223658033
end
usemtl diffuse_0
v 1.3095424726669194 7.292626152220909 6.7617895979170832
v 3.6163744786935581 5.6820712741959012 6.7617895979170832
cstype bspline
deg 1
curv 0 2.8134251223658033 39 40
parm u 0 0 2.8134251223658033 2.8134251223658033
end
usemtl diffuse_0
v 7.5569692596040028 5.5631560971658267 32.512762371315929
v 16.148309455740915 5.5631560971658267 32.512762371315929
cstype bspline
deg 1
curv 0 8.5913401961369118 41 42
parm u 0 0 8.5913401961369118 8.5913401961369118
end
usemtl diffuse_0
v 7.5569692596040028 5.5631560971658267 32.512762371315929
v 4.2894437098363909 5.5631560971658267 32.512762371315929
cstype bspline
deg 1
curv 6.2508049517574804 9.5183305015250905 43 44
parm u 6.2508049517574804 6.2508049517574804 9.5183305015250905 9.5183305015250905
end
usemtl diffuse_0
v 16.148309455740915 5.5631560971658267 32.512762371315929
v 19.415835005508526 5.5631560971658267 32.512762371315929
cstype bspline
deg 1
curv 6.2508049517574804 9.5183305015250905 45 46
parm u 6.2508049517574804 6.2508049517574804 9.5183305015250905 9.5183305015250905
end
usemtl diffuse_0
v 7.5569692596040028 2.5798766951759564 32.512762371315929
v 16.148309455740915 2.5798766951759564 32.512762371315929
cstype bspline
deg 1
curv 0 8.5913401961369118 47 48
parm u 0 0 8.5913401961369118 8.5913401961369118
end
usemtl diffuse_0
v 4.2894437098363909 2.5798766951759564 32.512762371315929
v 7.5569692596040028 2.5798766951759564 32.512762371315929
cstype bspline
deg 1
curv 0 3.2675255497676101 49 50
parm u 0 0 3.2675255497676101 3.2675255497676101
end
usemtl diffuse_0
v 19.415835005508526 2.5798766951759564 32.512762371315929
v 16.148309455740915 2.5798766951759564 32.512762371315929
cstype bspline
deg 1
curv 0 3.2675255497676101 51 52
parm u 0 0 3.2675255497676101 3.2675255497676101
end
usemtl diffuse_0
v 16.215488041823608 5.511126835902437 34.514126642138237
v 7.4897906735213082 5.511126835902437 34.514126642138237
cstype bspline
deg 1
curv 0 8.7256973683022991 53 54
parm u 0 0 8.7256973683022991 8.7256973683022991
end
usemtl diffuse_0
v 7.4897906735213082 5.511126835902437 34.514126642138237
v 4.3566222959190855 5.511126835902437 34.514126642138237
cstype bspline
deg 1
curv 8.8916101365284046 12.024778514130627 55 56
parm u 8.8916101365284046 8.8916101365284046 12.024778514130627 12.024778514130627
end
usemtl diffuse_0
v 16.215488041823608 5.511126835902437 34.514126642138237
v 19.348656419425833 5.511126835902437 34.514126642138237
cstype bspline
deg 1
curv 8.8916101365284046 12.024778514130627 57 58
parm u 8.8916101365284046 8.8916101365284046 12.024778514130627 12.024778514130627
end
usemtl diffuse_0
v 7.4897906735213082 2.6319059564393461 34.514126642138237
v 16.215488041823608 2.6319059564393461 34.514126642138237
cstype bspline
deg 1
curv 0 8.7256973683022991 59 60
parm u 0 0 8.7256973683022991 8.7256973683022991
end
usemtl diffuse_0
v 4.3566222959190855 2.6319059564393461 34.514126642138237
v 7.4897906735213082 2.6319059564393461 34.514126642138237
cstype bspline
deg 1
curv 2.8792208794630909 6.0123892570653137 61 62
parm u 2.8792208794630909 2.8792208794630909 6.0123892570653137 6.0123892570653137
end
usemtl diffuse_0
v 19.348656419425833 2.6319059564393461 34.514126642138237
v 16.215488041823608 2.6319059564393461 34.514126642138237
cstype bspline
deg 1
curv 2.8792208794630909 6.0123892570653137 63 64
parm u 2.8792208794630909 2.8792208794630909 6.0123892570653137 6.0123892570653137
end
usemtl diffuse_0
v 7.1779240129243735 5.2695886775439771 43.805164578111693
v 16.527354702420546 5.2695886775439771 43.805164578111693
cstype bspline
deg 1
curv 0 9.3494306894961721 65 66
parm u 0 0 9.3494306894961721 9.3494306894961721
end
usemtl diffuse_0
v 7.1779240129243709 5.2695886775439771 43.805164578111693
v 4.6684889565160228 5.2695886775439771 43.805164578111693
cstype bspline
deg 1
curv 4.9055796191545191 7.4150146755628672 67 68
parm u 4.9055796191545191 4.9055796191545191 7.4150146755628672 7.4150146755628672
end
usemtl diffuse_0
v 16.527354702420546 5.2695886775439771 43.805164578111693
v 19.036789758828895 5.2695886775439771 43.805164578111693
cstype bspline
deg 1
curv 4.9055796191545191 7.4150146755628672 69 70
parm u 4.9055796191545191 4.9055796191545191 7.4150146755628672 7.4150146755628672
end
usemtl diffuse_0
v 16.527354702420546 2.8734441147978065 43.805164578111693
v 7.1779240129243709 2.8734441147978065 43.805164578111693
cstype bspline
deg 1
curv 0 9.3494306894961738 71 72
parm u 0 0 9.3494306894961738 9.3494306894961738
end
usemtl diffuse_0
v 4.6684889565160228 2.8734441147978065 43.805164578111693
v 7.1779240129243709 2.8734441147978065 43.805164578111693
cstype bspline
deg 1
curv 0 2.5094350564083481 73 74
parm u 0 0 2.5094350564083481 2.5094350564083481
end
usemtl diffuse_0
v 19.036789758828895 2.8734441147978065 43.805164578111693
v 16.527354702420546 2.8734441147978065 43.805164578111693
cstype bspline
deg 1
curv 0 2.5094350564083481 75 76
parm u 0 0 2.5094350564083481 2.5094350564083481
end
usemtl diffuse_0
v 7.1102783790565791 5.2171976916202372 45.82044299634871
v 16.595000336288336 5.2171976916202372 45.82044299634871
cstype bspline
deg 1
curv 0 9.4847219572317574 77 78
parm u 0 0 9.4847219572317574 9.4847219572317574
end
usemtl diffuse_0
v 7.1102783790565791 5.2171976916202372 45.82044299634871
v 4.7361345903838137 5.2171976916202372 45.82044299634871
cstype bspline
deg 1
curv 4.6655063795714558 7.0396501682442212 79 80
parm u 4.6655063795714558 4.6655063795714558 7.0396501682442212 7.0396501682442212
end
usemtl diffuse_0
v 16.595000336288336 5.2171976916202372 45.82044299634871
v 18.969144124961105 5.2171976916202372 45.82044299634871
cstype bspline
deg 1
curv 4.6655063795714558 7.0396501682442212 81 82
parm u 4.6655063795714558 4.6655063795714558 7.0396501682442212 7.0396501682442212
end
usemtl diffuse_0
v 16.595000336288336 2.9258351007215464 45.82044299634871
v 7.1102783790565791 2.9258351007215464 45.82044299634871
cstype bspline
deg 1
curv 0 9.4847219572317574 83 84
parm u 0 0 9.4847219572317574 9.4847219572317574
end
usemtl diffuse_0
v 4.7361345903838137 2.9258351007215464 45.82044299634871
v 7.1102783790565791 2.9258351007215464 45.82044299634871
cstype bspline
deg 1
curv 0 2.3741437886727654 85 86
parm u 0 0 2.3741437886727654 2.3741437886727654
end
usemtl diffuse_0
v 18.969144124961105 2.9258351007215464 45.82044299634871
v 16.595000336288336 2.9258351007215464 45.82044299634871
cstype bspline
deg 1
curv 0 2.3741437886727654 87 88
parm u 0 0 2.3741437886727654 2.3741437886727654
end
usemtl diffuse_0
v 6.7989899853888076 4.9761073962325781 55.094253377553535
v 16.90628872995611 4.9761073962325781 55.094253377553535
cstype bspline
deg 1
curv 0 10.107298744567302 89 90
parm u 0 0 10.107298744567302 10.107298744567302
end
usemtl diffuse_0
v 6.7989899853888076 4.9761073962325781 55.094253377553528
v 5.0474229840515861 4.9761073962325781 55.094253377553528
cstype bspline
deg 1
curv 3.5607490014605947 5.3123160027978162 91 92
parm u 3.5607490014605947 3.5607490014605947 5.3123160027978162 5.3123160027978162
end
usemtl diffuse_0
v 16.90628872995611 4.9761073962325781 55.094253377553528
v 18.657855731293331 4.9761073962325781 55.094253377553528
cstype bspline
deg 1
curv 3.5607490014605947 5.3123160027978162 93 94
parm u 3.5607490014605947 3.5607490014605947 5.3123160027978162 5.3123160027978162
end
usemtl diffuse_0
v 16.90628872995611 3.166925396109205 55.094253377553535
v 6.7989899853888076 3.166925396109205 55.094253377553535
cstype bspline
deg 1
curv 0 10.107298744567302 95 96
parm u 0 0 10.107298744567302 10.107298744567302
end
usemtl diffuse_0
v 5.0474229840515861 3.166925396109205 55.094253377553528
v 6.7989899853888076 3.166925396109205 55.094253377553528
cstype bspline
deg 1
curv 0 1.7515670013372215 97 98
parm u 0 0 1.7515670013372215 1.7515670013372215
end
usemtl diffuse_0
v 18.657855731293331 3.166925396109205 55.094253377553528
v 16.90628872995611 3.166925396109205 55.094253377553528
cstype bspline
deg 1
curv 0 1.7515670013372215 99 100
parm u 0 0 1.7515670013372215 1.7515670013372215
end
usemtl diffuse_0
v 6.7317404999424655 4.9240232239963637 57.09772986093499
v 16.973538215402453 4.9240232239963646 57.097729860934997
cstype bspline
deg 1
curv 0 10.241797715459988 101 102
parm u 0 0 10.241797715459988 10.241797715459988
end
usemtl diffuse_0
v 6.7317404999424655 4.9240232239963637 57.09772986093499
v 5.1146724694979291 4.9240232239963637 57.09772986093499
cstype bspline
deg 1
curv 3.3220816860954807 4.9391497165400171 103 104
parm u 3.3220816860954807 3.3220816860954807 4.9391497165400171 4.9391497165400171
end
usemtl diffuse_0
v 16.973538215402453 4.9240232239963637 57.09772986093499
v 18.590606245846988 4.9240232239963637 57.09772986093499
cstype bspline
deg 1
curv 3.3220816860954807 4.9391497165400171 105 106
parm u 3.3220816860954807 3.3220816860954807 4.9391497165400171 4.9391497165400171
end
usemtl diffuse_0
v 6.7317404999424655 3.2190095683454194 57.097729860934997
v 16.973538215402453 3.2190095683454194 57.097729860934997
cstype bspline
deg 1
curv 0 10.241797715459988 107 108
parm u 0 0 10.241797715459988 10.241797715459988
end
usemtl diffuse_0
v 5.1146724694979291 3.2190095683454194 57.09772986093499
v 6.7317404999424655 3.2190095683454194 57.09772986093499
cstype bspline
deg 1
curv 0 1.6170680304445364 109 110
parm u 0 0 1.6170680304445364 1.6170680304445364
end
usemtl diffuse_0
v 18.590606245846988 3.2190095683454194 57.09772986093499
v 16.973538215402453 3.2190095683454194 57.09772986093499
cstype bspline
deg 1
curv 0 1.6170680304445364 111 112
parm u 0 0 1.6170680304445364 1.6170680304445364
end
usemtl diffuse_0
v 19.831614029420706 2.2578592678318454 20.125998499999998
v 19.415835005508526 2.5798766951759564 32.512762371315929
cstype bspline
deg 1
curv 0 12.393740008587521 113 114
parm u 0 0 12.393740008587521 12.393740008587521
end
usemtl diffuse_0
v 15.732530431828735 2.2578592678318454 20.125998499999998
v 16.148309455740915 2.5798766951759564 32.512762371315929
cstype bspline
deg 1
curv 0 12.393740008587521 115 116
parm u 0 0 12.393740008587521 12.393740008587521
end
usemtl diffuse_0
v 19.831614029420706 5.8851735245099377 20.125998499999998
v 19.415835005508526 5.5631560971658267 32.512762371315929
cstype bspline
deg 1
curv 0 12.393740008587521 117 118
parm u 0 0 12.393740008587521 12.393740008587521
end
usemtl diffuse_0
v 15.732530431828735 5.8851735245099377 20.125998499999998
v 16.148309455740915 5.5631560971658267 32.512762371315929
cstype bspline
deg 1
curv 0 12.393740008587521 119 120
parm u 0 0 12.393740008587521 12.393740008587521
end
usemtl diffuse_0
v 19.348656419425833 2.6319059564393461 34.514126642138237
v 19.415835005508526 2.5798766951759564 32.512762371315929
cstype bspline
deg 1
curv 0 8.6680685021546964 121 122
parm u 0 0 8.6680685021546964 8.6680685021546964
end
usemtl diffuse_0
v 16.215488041823608 2.6319059564393461 34.514126642138237
v 16.148309455740915 2.5798766951759564 32.512762371315929
cstype bspline
deg 1
curv 0 8.6680685021546964 123 124
parm u 0 0 8.6680685021546964 8.6680685021546964
end
usemtl diffuse_0
v 19.348656419425833 5.511126835902437 34.514126642138237
v 19.415835005508526 5.5631560971658267 32.512762371315929
cstype bspline
deg 1
curv 0 8.6680685021546964 125 126
parm u 0 0 8.6680685021546964 8.6680685021546964
end
usemtl diffuse_0
v 16.215488041823608 5.511126835902437 34.514126642138237
v 16.148309455740915 5.5631560971658267 32.512762371315929
cstype bspline
deg 1
curv 0 8.6680685021546964 127 128
parm u 0 0 8.6680685021546964 8.6680685021546964
end
usemtl diffuse_0
v 16.527354702420546 2.8734441147978065 43.805164578111693
v 16.595000336288336 2.9258351007215464 45.82044299634871
cstype bspline
deg 1
curv 0 2.0170939120921809 129 130
parm u 0 0 2.0170939120921809 2.0170939120921809
end
usemtl diffuse_0
v 16.595000336288336 2.9258351007215464 45.82044299634871
v 16.90628872995611 3.166925396109205 55.094253377553535
cstype bspline
deg 1
curv 2.0170939120921809 11.299258744775594 131 132
parm u 2.0170939120921809 2.0170939120921809 11.299258744775594 11.299258744775594
end
usemtl diffuse_0
v 19.036789758828895 2.8734441147978065 43.805164578111693
v 18.969144124961105 2.9258351007215464 45.82044299634871
cstype bspline
deg 1
curv 0 2.0170939120921774 133 134
parm u 0 0 2.0170939120921774 2.0170939120921774
end
usemtl diffuse_0
v 18.969144124961105 2.9258351007215464 45.82044299634871
v 18.657855731293331 3.166925396109205 55.094253377553535
cstype bspline
deg 1
curv 2.0170939120921774 11.299258744775594 135 136
parm u 2.0170939120921774 2.0170939120921774 11.299258744775594 11.299258744775594
end
usemtl diffuse_0
v 16.527354702420546 5.2695886775439771 43.805164578111693
v 16.595000336288336 5.2171976916202372 45.82044299634871
cstype bspline
deg 1
curv 0 2.0170939120921805 137 138
parm u 0 0 2.0170939120921805 2.0170939120921805
end
usemtl diffuse_0
v 16.595000336288336 5.2171976916202372 45.82044299634871
v 16.90628872995611 4.9761073962325781 55.094253377553535
cstype bspline
deg 1
curv 2.0170939120921805 11.299258744775596 139 140
parm u 2.0170939120921805 2.0170939120921805 11.299258744775596 11.299258744775596
end
usemtl diffuse_0
v 19.036789758828895 5.2695886775439771 43.805164578111693
v 18.969144124961105 5.2171976916202372 45.82044299634871
cstype bspline
deg 1
curv 0 2.0170939120921805 141 142
parm u 0 0 2.0170939120921805 2.0170939120921805
end
usemtl diffuse_0
v 18.969144124961105 5.2171976916202372 45.82044299634871
v 18.657855731293331 4.9761073962325781 55.094253377553528
cstype bspline
deg 1
curv 2.0170939120921805 11.299258744775594 143 144
parm u 2.0170939120921805 2.0170939120921805 11.299258744775594 11.299258744775594
end
usemtl diffuse_0
v 19.348656419425833 2.6319059564393461 34.514126642138237
v 19.036789758828895 2.8734441147978065 43.805164578111693
cstype bspline
deg 1
curv 0 12.648705058955443 145 146
parm u 0 0 12.648705058955443 12.648705058955443
end
usemtl diffuse_0
v 19.348656419425833 5.511126835902437 34.514126642138237
v 19.036789758828895 5.2695886775439771 43.805164578111693
cstype bspline
deg 1
curv 0 12.648705058955443 147 148
parm u 0 0 12.648705058955443 12.648705058955443
end
usemtl diffuse_0
v 16.215488041823608 2.6319059564393461 34.514126642138237
v 16.527354702420546 2.8734441147978065 43.805164578111693
cstype bspline
deg 1
curv 0 12.648705058955443 149 150
parm u 0 0 12.648705058955443 12.648705058955443
end
usemtl diffuse_0
v 16.215488041823608 5.511126835902437 34.514126642138237
v 16.527354702420546 5.2695886775439771 43.805164578111693
cstype bspline
deg 1
curv 0 12.648705058955443 151 152
parm u 0 0 12.648705058955443 12.648705058955443
end
usemtl diffuse_0
v 16.90628872995611 3.166925396109205 55.094253377553535
v 16.973538215402453 3.2190095683454194 57.097729860934997
cstype bspline
deg 1
curv 11.299258744775594 13.304540090061804 153 154
parm u 11.299258744775594 11.299258744775594 13.304540090061804 13.304540090061804
end
usemtl diffuse_0
v 18.657855731293331 3.166925396109205 55.094253377553535
v 18.590606245846988 3.2190095683454194 57.097729860934997
cstype bspline
deg 1
curv 11.299258744775594 13.304540090061804 155 156
parm u 11.299258744775594 11.299258744775594 13.304540090061804 13.304540090061804
end
usemtl diffuse_0
v 16.90628872995611 4.9761073962325781 55.094253377553535
v 16.973538215402453 4.9240232239963646 57.097729860934997
cstype bspline
deg 1
curv 11.299258744775596 13.304540090061804 157 158
parm u 11.299258744775596 11.299258744775596 13.304540090061804 13.304540090061804
end
usemtl diffuse_0
v 18.657855731293331 4.9761073962325781 55.094253377553528
v 18.590606245846988 4.9240232239963637 57.09772986093499
cstype bspline
deg 1
curv 11.299258744775594 13.304540090061804 159 160
parm u 11.299258744775594 11.299258744775594 13.304540090061804 13.304540090061804
end
usemtl diffuse_0
v -2.9471917119523674 4.584037708056858 57.097729860935019
v -4.5248155159812917 4.4445009032881488 55.989390023425329
cstype bspline
deg 1
curv 11.410840568465581 13.34391702384306 161 162
parm u 11.410840568465581 11.410840568465581 13.34391702384306 13.34391702384306
end
usemtl diffuse_0
v -1.4104956721947062 4.5483123026146099 55.094253377553564
v -2.9471917119523674 4.584037708056858 57.097729860935019
cstype bspline
deg 1
curv 8.8856417559632046 11.410840568465581 163 164
parm u 8.8856417559632046 8.8856417559632046 11.410840568465581 11.410840568465581
end
usemtl diffuse_0
v 0.57784579860283358 4.732695843415895 57.097729860935011
v -1.4104956721947062 4.5483123026146099 55.094253377553564
cstype bspline
deg 1
curv 6.0569641295670404 8.8856417559632046 165 166
parm u 6.0569641295670404 6.0569641295670404 8.8856417559632046 8.8856417559632046
end
usemtl diffuse_0
v 2.7644706293691002 4.824876656379244 55.094253377553557
v 0.57784579860283358 4.732695843415895 57.097729860935011
cstype bspline
deg 1
curv 3.0898538396949724 6.0569641295670404 167 168
parm u 3.0898538396949724 3.0898538396949724 6.0569641295670404 6.0569641295670404
end
usemtl diffuse_0
v 5.1146724694979468 4.9240232239963602 57.097729860935004
v 2.7644706293691002 4.824876656379244 55.094253377553557
cstype bspline
deg 1
curv 0 3.0898538396949724 169 170
parm u 0 0 3.0898538396949724 3.0898538396949724
end
usemtl diffuse_0
v 26.652470427297281 4.584037708056858 57.097729860935019
v 28.230094231326206 4.4445009032881488 55.989390023425329
cstype bspline
deg 1
curv 11.410840568465581 13.34391702384306 171 172
parm u 11.410840568465581 11.410840568465581 13.34391702384306 13.34391702384306
end
usemtl diffuse_0
v 25.11577438753962 4.5483123026146099 55.094253377553564
v 26.652470427297281 4.584037708056858 57.097729860935019
cstype bspline
deg 1
curv 8.8856417559632046 11.410840568465581 173 174
parm u 8.8856417559632046 8.8856417559632046 11.410840568465581 11.410840568465581
end
usemtl diffuse_0
v 23.12743291674208 4.732695843415895 57.097729860935011
v 25.11577438753962 4.5483123026146099 55.094253377553564
cstype bspline
deg 1
curv 6.0569641295670404 8.8856417559632046 175 176
parm u 6.0569641295670404 6.0569641295670404 8.8856417559632046 8.8856417559632046
end
usemtl diffuse_0
v 20.940808085975814 4.824876656379244 55.094253377553557
v 23.12743291674208 4.732695843415895 57.097729860935011
cstype bspline
deg 1
curv 3.0898538396949724 6.0569641295670404 177 178
parm u 3.0898538396949724 3.0898538396949724 6.0569641295670404 6.0569641295670404
end
usemtl diffuse_0
v 18.590606245846967 4.9240232239963602 57.097729860935004
v 20.940808085975814 4.824876656379244 55.094253377553557
cstype bspline
deg 1
curv 0 3.0898538396949724 179 180
parm u 0 0 3.0898538396949724 3.0898538396949724
end
usemtl diffuse_0
v -2.9471917119523674 3.5589950842849216 57.097729860935019
v -4.5248155159812917 3.6985318890536307 55.989390023425329
cstype bspline
deg 1
curv 11.410840568465581 13.34391702384306 181 182
parm u 11.410840568465581 11.410840568465581 13.34391702384306 13.34391702384306
end
usemtl diffuse_0
v -1.4104956721947062 3.5947204897271701 55.094253377553564
v -2.9471917119523674 3.5589950842849216 57.097729860935019
cstype bspline
deg 1
curv 8.8856417559632046 11.410840568465581 183 184
parm u 8.8856417559632046 8.8856417559632046 11.410840568465581 11.410840568465581
end
usemtl diffuse_0
v 0.57784579860283358 3.410336948925885 57.097729860935011
v -1.4104956721947062 3.5947204897271701 55.094253377553564
cstype bspline
deg 1
curv 6.0569641295670404 8.8856417559632046 185 186
parm u 6.0569641295670404 6.0569641295670404 8.8856417559632046 8.8856417559632046
end
usemtl diffuse_0
v 2.7644706293691002 3.3181561359625356 55.094253377553557
v 0.57784579860283358 3.410336948925885 57.097729860935011
cstype bspline
deg 1
curv 3.0898538396949724 6.0569641295670404 187 188
parm u 3.0898538396949724 3.0898538396949724 6.0569641295670404 6.0569641295670404
end
usemtl diffuse_0
v 5.1146724694979468 3.2190095683454194 57.097729860935004
v 2.7644706293691002 3.3181561359625356 55.094253377553557
cstype bspline
deg 1
curv 0 3.0898538396949724 189 190
parm u 0 0 3.0898538396949724 3.0898538396949724
end
usemtl diffuse_0
v 26.652470427297281 3.5589950842849216 57.097729860935019
v 28.230094231326206 3.6985318890536307 55.989390023425329
cstype bspline
deg 1
curv 11.410840568465581 13.34391702384306 191 192
parm u 11.410840568465581 11.410840568465581 13.34391702384306 13.34391702384306
end
usemtl diffuse_0
v 25.11577438753962 3.5947204897271701 55.094253377553564
v 26.652470427297281 3.5589950842849216 57.097729860935019
cstype bspline
deg 1
curv 8.8856417559632046 11.410840568465581 193 194
parm u 8.8856417559632046 8.8856417559632046 11.410840568465581 11.410840568465581
end
usemtl diffuse_0
v 23.12743291674208 3.410336948925885 57.097729860935011
v 25.11577438753962 3.5947204897271701 55.094253377553564
cstype bspline
deg 1
curv 6.0569641295670404 8.8856417559632046 195 196
parm u 6.0569641295670404 6.0569641295670404 8.8856417559632046 8.8856417559632046
end
usemtl diffuse_0
v 20.940808085975814 3.3181561359625356 55.094253377553557
v 23.12743291674208 3.410336948925885 57.097729860935011
cstype bspline
deg 1
curv 3.0898538396949724 6.0569641295670404 197 198
parm u 3.0898538396949724 3.0898538396949724 6.0569641295670404 6.0569641295670404
end
usemtl diffuse_0
v 18.590606245846967 3.2190095683454194 57.097729860935004
v 20.940808085975814 3.3181561359625356 55.094253377553557
cstype bspline
deg 1
curv 0 3.0898538396949724 199 200
parm u 0 0 3.0898538396949724 3.0898538396949724
end
usemtl diffuse_0
v 14.57591058041187 4.9761073962325781 55.094253377553528
v 16.973538215402453 4.9240232239963637 57.09772986093499
cstype bspline
deg 1
curv 3.3812478366811094 6.5061876851470934 201 202
parm u 3.3812478366811094 3.3812478366811094 6.5061876851470934 6.5061876851470934
end
usemtl diffuse_0
v 11.852639357672464 4.9240232239963637 57.097729860934997
v 14.57591058041187 4.9761073962325781 55.094253377553528
cstype bspline
deg 1
curv 0 3.3812478366811094 203 204
parm u 0 0 3.3812478366811094 3.3812478366811094
end
usemtl diffuse_0
v 9.1293681349330456 4.9761073962325781 55.094253377553535
v 6.7317404999424655 4.9240232239963637 57.097729860934997
cstype bspline
deg 1
curv 3.3812478366811094 6.5061876851470934 205 206
parm u 3.3812478366811094 3.3812478366811094 6.5061876851470934 6.5061876851470934
end
usemtl diffuse_0
v 11.852639357672455 4.9240232239963637 57.097729860934997
v 9.1293681349330456 4.9761073962325781 55.094253377553535
cstype bspline
deg 1
curv 0 3.3812478366811094 207 208
parm u 0 0 3.3812478366811094 3.3812478366811094
end
usemtl diffuse_0
v 14.57591058041187 3.166925396109205 55.094253377553528
v 16.973538215402453 3.2190095683454194 57.09772986093499
cstype bspline
deg 1
curv 3.3812478366811094 6.5061876851470934 209 210
parm u 3.3812478366811094 3.3812478366811094 6.5061876851470934 6.5061876851470934
end
usemtl diffuse_0
v 11.852639357672464 3.2190095683454194 57.097729860934997
v 14.57591058041187 3.166925396109205 55.094253377553528
cstype bspline
deg 1
curv 0 3.3812478366811094 211 212
parm u 0 0 3.3812478366811094 3.3812478366811094
end
usemtl diffuse_0
v 9.1293681349330456 3.166925396109205 55.094253377553535
v 6.7317404999424655 3.2190095683454194 57.097729860934997
cstype bspline
deg 1
curv 3.3812478366811094 6.5061876851470934 213 214
parm u 3.3812478366811094 3.3812478366811094 6.5061876851470934 6.5061876851470934
end
usemtl diffuse_0
v 11.852639357672455 3.2190095683454194 57.097729860934997
v 9.1293681349330456 3.166925396109205 55.094253377553535
cstype bspline
deg 1
curv 0 3.3812478366811094 215 216
parm u 0 0 3.3812478366811094 3.3812478366811094
end
usemtl diffuse_0
v 11.852639357672455 3.2190095683454194 57.097729860934997
v 11.852639357672459 4.9240232239963646 57.09772986093499
cstype bspline
deg 1
curv 5.8174887650604425 7.5225024207113877 217 218
parm u 5.8174887650604425 5.8174887650604425 7.5225024207113877 7.5225024207113877
end
usemtl diffuse_0
v 11.852639357672457 3.166925396109205 55.094253377553535
v 11.852639357672455 3.2190095683454194 57.097729860934997
cstype bspline
deg 1
curv 3.8133353825919039 5.8174887650604425 219 220
parm u 3.8133353825919039 3.8133353825919039 5.8174887650604425 5.8174887650604425
end
usemtl diffuse_0
v 11.852639357672457 4.9761073962325781 55.094253377553535
v 11.852639357672457 3.166925396109205 55.094253377553535
cstype bspline
deg 1
curv 2.0041533824685307 3.8133353825919039 221 222
parm u 2.0041533824685307 2.0041533824685307 3.8133353825919039 3.8133353825919039
end
usemtl diffuse_0
v 11.852639357672459 4.9240232239963646 57.09772986093499
v 11.852639357672457 4.9761073962325781 55.094253377553535
cstype bspline
deg 1
curv 0 2.0041533824685307 223 224
parm u 0 0 2.0041533824685307 2.0041533824685307
end
usemtl diffuse_0
v 26.421711238654638 4.4618024830856093 55.094253377553564
v 30.46919696664202 4.4230784420021383 57.097729860935026
cstype bspline
deg 1
curv 6.0000618717162482 10.516427477940121 225 226
parm u 6.0000618717162482 6.0000618717162482 10.516427477940121 10.516427477940121
end
usemtl diffuse_0
v 26.421711238654652 3.6812303092557173 55.094253377553564
v 26.421711238654638 4.4618024830856093 55.094253377553564
cstype bspline
deg 1
curv 5.2194896978863561 6.0000618717162482 227 228
parm u 5.2194896978863561 5.2194896978863561 6.0000618717162482 6.0000618717162482
end
usemtl diffuse_0
v 30.46919696664202 3.7199543503396453 57.097729860935026
v 26.421711238654652 3.6812303092557173 55.094253377553564
cstype bspline
deg 1
curv 0.70312409166249301 5.2194896978863561 229 230
parm u 0.70312409166249301 0.70312409166249301 5.2194896978863561 5.2194896978863561
end
usemtl diffuse_0
v 30.46919696664202 4.4230784420021383 57.097729860935026
v 30.46919696664202 3.7199543503396453 57.097729860935026
cstype bspline
deg 1
curv 0 0.70312409166249301 231 232
parm u 0 0 0.70312409166249301 0.70312409166249301
end
usemtl diffuse_0
v -2.7164325233097375 4.4618024830856093 55.094253377553535
v -6.7639182512971239 4.4230784420021383 57.09772986093499
cstype bspline
deg 1
curv 6.0000618717162482 10.516427477940121 233 234
parm u 6.0000618717162482 6.0000618717162482 10.516427477940121 10.516427477940121
end
usemtl diffuse_0
v -2.716432523309753 3.6812303092557173 55.094253377553535
v -2.7164325233097375 4.4618024830856093 55.094253377553535
cstype bspline
deg 1
curv 5.2194896978863561 6.0000618717162482 235 236
parm u 5.2194896978863561 5.2194896978863561 6.0000618717162482 6.0000618717162482
end
usemtl diffuse_0
v -6.7639182512971239 3.7199543503396453 57.09772986093499
v -2.716432523309753 3.6812303092557173 55.094253377553535
cstype bspline
deg 1
curv 0.70312409166249301 5.2194896978863561 237 238
parm u 0.70312409166249301 0.70312409166249301 5.2194896978863561 5.2194896978863561
end
usemtl diffuse_0
v -6.7639182512971239 4.4230784420021383 57.09772986093499
v -6.7639182512971239 3.7199543503396453 57.09772986093499
cstype bspline
deg 1
curv 0 0.70312409166249301 239 240
parm u 0 0 0.70312409166249301 0.70312409166249301
end
usemtl diffuse_0
v 9.5574826527349863 2.8734441147981178 43.805164578111693
v 7.1102783790565809 2.9258351007221894 45.82044299634871
cstype bspline
deg 1
curv 3.0548054305695724 6.22543638915303 241 242
parm u 3.0548054305695724 3.0548054305695724 6.22543638915303 6.22543638915303
end
usemtl diffuse_0
v 11.852639357672457 2.9258351007215464 45.82044299634871
v 9.5574826527349863 2.8734441147981178 43.805164578111693
cstype bspline
deg 1
curv 0 3.0548054305695724 243 244
parm u 0 0 3.0548054305695724 3.0548054305695724
end
usemtl diffuse_0
v 9.5574826527353114 5.2695886775442879 43.805164578111693
v 7.11027837905689 5.2171976916208802 45.82044299634871
cstype bspline
deg 1
curv 3.0548054305695724 6.22543638915303 245 246
parm u 3.0548054305695724 3.0548054305695724 6.22543638915303 6.22543638915303
end
usemtl diffuse_0
v 11.852639357672768 5.2171976916202372 45.82044299634871
v 9.5574826527353114 5.2695886775442879 43.805164578111693
cstype bspline
deg 1
curv 0 3.0548054305695724 247 248
parm u 0 0 3.0548054305695724 3.0548054305695724
end
usemtl diffuse_0
v 14.147796062609922 2.8734441147978065 43.805164578111693
v 16.595000336288336 2.9258351007215464 45.82044299634871
cstype bspline
deg 1
curv 3.0548054305695724 6.22543638915303 249 250
parm u 3.0548054305695724 3.0548054305695724 6.22543638915303 6.22543638915303
end
usemtl diffuse_0
v 11.852639357672459 2.9258351007215464 45.82044299634871
v 14.147796062609922 2.8734441147978065 43.805164578111693
cstype bspline
deg 1
curv 0 3.0548054305695724 251 252
parm u 0 0 3.0548054305695724 3.0548054305695724
end
usemtl diffuse_0
v 14.147796062609922 5.2695886775439771 43.805164578111693
v 16.595000336288336 5.2171976916202372 45.82044299634871
cstype bspline
deg 1
curv 3.0548054305695724 6.22543638915303 253 254
parm u 3.0548054305695724 3.0548054305695724 6.22543638915303 6.22543638915303
end
usemtl diffuse_0
v 11.852639357672459 5.2171976916202372 45.82044299634871
v 14.147796062609922 5.2695886775439771 43.805164578111693
cstype bspline
deg 1
curv 0 3.0548054305695724 255 256
parm u 0 0 3.0548054305695724 3.0548054305695724
end
usemtl diffuse_0
v 11.852639357672459 5.2695886775439771 43.805164578111693
v 11.852639357672459 2.8734441147978065 43.805164578111693
cstype bspline
deg 1
curv 6.3232812004035761 8.7194257631497472 257 258
parm u 6.3232812004035761 6.3232812004035761 8.7194257631497472 8.7194257631497472
end
usemtl diffuse_0
v 11.852639357672459 5.2171976916202372 45.82044299634871
v 11.852639357672459 5.2695886775439771 43.805164578111693
cstype bspline
deg 1
curv 4.3073218956511337 6.3232812004035761 259 260
parm u 4.3073218956511337 4.3073218956511337 6.3232812004035761 6.3232812004035761
end
usemtl diffuse_0
v 11.852639357672457 2.9258351007215464 45.82044299634871
v 11.852639357672459 5.2171976916202372 45.82044299634871
cstype bspline
deg 1
curv 2.0159593047524429 4.3073218956511337 261 262
parm u 2.0159593047524429 2.0159593047524429 4.3073218956511337 4.3073218956511337
end
usemtl diffuse_0
v 11.852639357672459 2.8734441147978065 43.805164578111693
v 11.852639357672457 2.9258351007215464 45.82044299634871
cstype bspline
deg 1
curv 0 2.0159593047524429 263 264
parm u 0 0 2.0159593047524429 2.0159593047524429
end
usemtl diffuse_0
v 16.24818084736507 5.4858065274509311 35.488100891061492
v 16.215488041823608 2.6319059564393461 34.514126642138237
cstype bspline
deg 1
curv 15.47684334285184 18.492365570723138 265 266
parm u 15.47684334285184 15.47684334285184 18.492365570723138 18.492365570723138
end
usemtl diffuse_0
v 16.311085200959639 2.7059451683186158 37.36212851064208
v 16.24818084736507 5.4858065274509311 35.488100891061492
cstype bspline
deg 1
curv 12.123700689660806 15.47684334285184 267 268
parm u 12.123700689660806 12.123700689660806 15.47684334285184 15.47684334285184
end
usemtl diffuse_0
v 16.374401422080652 5.38804973259061 39.248426363935614
v 16.311085200959639 2.7059451683186158 37.36212851064208
cstype bspline
deg 1
curv 8.8440950077402647 12.123700689660806 269 270
parm u 8.8440950077402647 8.8440950077402647 12.123700689660806 12.123700689660806
end
usemtl diffuse_0
v 16.437799349922948 2.8040842323659723 41.137158399342795
v 16.374401422080652 5.38804973259061 39.248426363935614
cstype bspline
deg 1
curv 5.6428131230604404 8.8440950077402647 271 272
parm u 5.6428131230604404 5.6428131230604404 8.8440950077402647 8.8440950077402647
end
usemtl diffuse_0
v 16.498447730832986 5.2919768887994385 42.943976757906555
v 16.437799349922948 2.8040842323659723 41.137158399342795
cstype bspline
deg 1
curv 2.5674463682024742 5.6428131230604404 273 274
parm u 2.5674463682024742 2.5674463682024742 5.6428131230604404 5.6428131230604404
end
usemtl diffuse_0
v 16.527354702420546 2.873444114797806 43.805164578111693
v 16.498447730832986 5.2919768887994385 42.943976757906555
cstype bspline
deg 1
curv 0 2.5674463682024742 275 276
parm u 0 0 2.5674463682024742 2.5674463682024742
end
usemtl diffuse_0
v 16.24818084736507 2.657226264890852 35.488100891061492
v 16.215488041823608 5.511126835902437 34.514126642138237
cstype bspline
deg 1
curv 15.47684334285184 18.492365570723138 277 278
parm u 15.47684334285184 15.47684334285184 18.492365570723138 18.492365570723138
end
usemtl diffuse_0
v 16.311085200959639 5.4370876240231674 37.36212851064208
v 16.24818084736507 2.657226264890852 35.488100891061492
cstype bspline
deg 1
curv 12.123700689660806 15.47684334285184 279 280
parm u 12.123700689660806 12.123700689660806 15.47684334285184 15.47684334285184
end
usemtl diffuse_0
v 16.374401422080652 2.7549830597511731 39.248426363935614
v 16.311085200959639 5.4370876240231674 37.36212851064208
cstype bspline
deg 1
curv 8.8440950077402647 12.123700689660806 281 282
parm u 8.8440950077402647 8.8440950077402647 12.123700689660806 12.123700689660806
end
usemtl diffuse_0
v 16.437799349922948 5.3389485599758109 41.137158399342795
v 16.374401422080652 2.7549830597511731 39.248426363935614
cstype bspline
deg 1
curv 5.6428131230604404 8.8440950077402647 283 284
parm u 5.6428131230604404 5.6428131230604404 8.8440950077402647 8.8440950077402647
end
usemtl diffuse_0
v 16.498447730832986 2.8510559035423446 42.943976757906555
v 16.437799349922948 5.3389485599758109 41.137158399342795
cstype bspline
deg 1
curv 2.5674463682024742 5.6428131230604404 285 286
parm u 2.5674463682024742 2.5674463682024742 5.6428131230604404 5.6428131230604404
end
usemtl diffuse_0
v 16.527354702420546 5.2695886775439771 43.805164578111693
v 16.498447730832986 2.8510559035423446 42.943976757906555
cstype bspline
deg 1
curv 0 2.5674463682024742 287 288
parm u 0 0 2.5674463682024742 2.5674463682024742
end
usemtl diffuse_0
v 19.315963613884371 5.4858065274509311 35.488100891061492
v 19.348656419425833 2.6319059564393461 34.514126642138237
cstype bspline
deg 1
curv 15.47684334285184 18.492365570723138 289 290
parm u 15.47684334285184 15.47684334285184 18.492365570723138 18.492365570723138
end
usemtl diffuse_0
v 19.253059260289803 2.7059451683186158 37.36212851064208
v 19.315963613884371 5.4858065274509311 35.488100891061492
cstype bspline
deg 1
curv 12.123700689660806 15.47684334285184 291 292
parm u 12.123700689660806 12.123700689660806 15.47684334285184 15.47684334285184
end
usemtl diffuse_0
v 19.189743039168789 5.38804973259061 39.248426363935614
v 19.253059260289803 2.7059451683186158 37.36212851064208
cstype bspline
deg 1
curv 8.8440950077402647 12.123700689660806 293 294
parm u 8.8440950077402647 8.8440950077402647 12.123700689660806 12.123700689660806
end
usemtl diffuse_0
v 19.126345111326494 2.8040842323659723 41.137158399342795
v 19.189743039168789 5.38804973259061 39.248426363935614
cstype bspline
deg 1
curv 5.6428131230604404 8.8440950077402647 295 296
parm u 5.6428131230604404 5.6428131230604404 8.8440950077402647 8.8440950077402647
end
usemtl diffuse_0
v 19.065696730416455 5.2919768887994385 42.943976757906555
v 19.126345111326494 2.8040842323659723 41.137158399342795
cstype bspline
deg 1
curv 2.5674463682024742 5.6428131230604404 297 298
parm u 2.5674463682024742 2.5674463682024742 5.6428131230604404 5.6428131230604404
end
usemtl diffuse_0
v 19.036789758828895 2.873444114797806 43.805164578111693
v 19.065696730416455 5.2919768887994385 42.943976757906555
cstype bspline
deg 1
curv 0 2.5674463682024742 299 300
parm u 0 0 2.5674463682024742 2.5674463682024742
end
usemtl diffuse_0
v 19.315963613884371 2.657226264890852 35.488100891061492
v 19.348656419425833 5.511126835902437 34.514126642138237
cstype bspline
deg 1
curv 15.47684334285184 18.492365570723138 301 302
parm u 15.47684334285184 15.47684334285184 18.492365570723138 18.492365570723138
end
usemtl diffuse_0
v 19.253059260289803 5.4370876240231674 37.36212851064208
v 19.315963613884371 2.657226264890852 35.488100891061492
cstype bspline
deg 1
curv 12.123700689660806 15.47684334285184 303 304
parm u 12.123700689660806 12.123700689660806 15.47684334285184 15.47684334285184
end
usemtl diffuse_0
v 19.189743039168789 2.7549830597511731 39.248426363935614
v 19.253059260289803 5.4370876240231674 37.36212851064208
cstype bspline
deg 1
curv 8.8440950077402647 12.123700689660806 305 306
parm u 8.8440950077402647 8.8440950077402647 12.123700689660806 12.123700689660806
end
usemtl diffuse_0
v 19.126345111326494 5.3389485599758109 41.137158399342795
v 19.189743039168789 2.7549830597511731 39.248426363935614
cstype bspline
deg 1
curv 5.6428131230604404 8.8440950077402647 307 308
parm u 5.6428131230604404 5.6428131230604404 8.8440950077402647 8.8440950077402647
end
usemtl diffuse_0
v 19.065696730416455 2.8510559035423446 42.943976757906555
v 19.126345111326494 5.3389485599758109 41.137158399342795
cstype bspline
deg 1
curv 2.5674463682024742 5.6428131230604404 309 310
parm u 2.5674463682024742 2.5674463682024742 5.6428131230604404 5.6428131230604404
end
usemtl diffuse_0
v 19.036789758828895 5.2695886775439771 43.805164578111693
v 19.065696730416455 2.8510559035423446 42.943976757906555
cstype bspline
deg 1
curv 0 2.5674463682024742 311 312
parm u 0 0 2.5674463682024742 2.5674463682024742
end
usemtl diffuse_0
v 19.284607436754317 5.4615214266881287 36.422254707583015
v 16.215488041823608 5.511126835902437 34.514126642138237
cstype bspline
deg 1
curv 13.267154683838555 16.881419100161906 313 314
parm u 13.267154683838555 13.267154683838555 16.881419100161906 16.881419100161906
end
usemtl diffuse_0
v 16.341335811138602 5.4136587757523662 38.263345608427215
v 19.284607436754317 5.4615214266881287 36.422254707583015
cstype bspline
deg 1
curv 9.7951589464159881 13.267154683838555 315 316
parm u 9.7951589464159881 9.7951589464159881 13.267154683838555 13.267154683838555
end
usemtl diffuse_0
v 19.158161120886131 5.3635897971655808 40.189305393112186
v 16.341335811138602 5.4136587757523662 38.263345608427215
cstype bspline
deg 1
curv 6.3824865594918121 9.7951589464159881 317 318
parm u 6.3824865594918121 6.3824865594918121 9.7951589464159881 9.7951589464159881
end
usemtl diffuse_0
v 16.468177395221755 5.3154210142549614 42.042172005964531
v 19.158161120886131 5.3635897971655808 40.189305393112186
cstype bspline
deg 1
curv 3.1157684264094336 6.3824865594918121 319 320
parm u 3.1157684264094336 3.1157684264094336 6.3824865594918121 6.3824865594918121
end
usemtl diffuse_0
v 19.036789758828895 5.2695886775439771 43.805164578111693
v 16.468177395221755 5.3154210142549614 42.042172005964531
cstype bspline
deg 1
curv 0 3.1157684264094336 321 322
parm u 0 0 3.1157684264094336 3.1157684264094336
end
usemtl diffuse_0
v 16.279537024495124 5.4615214266881287 36.422254707583015
v 19.348656419425833 5.511126835902437 34.514126642138237
cstype bspline
deg 1
curv 13.267154683838555 16.881419100161906 323 324
parm u 13.267154683838555 13.267154683838555 16.881419100161906 16.881419100161906
end
usemtl diffuse_0
v 19.222808650110839 5.4136587757523662 38.263345608427215
v 16.279537024495124 5.4615214266881287 36.422254707583015
cstype bspline
deg 1
curv 9.7951589464159881 13.267154683838555 325 326
parm u 9.7951589464159881 9.7951589464159881 13.267154683838555 13.267154683838555
end
usemtl diffuse_0
v 16.40598334036331 5.3635897971655808 40.189305393112186
v 19.222808650110839 5.4136587757523662 38.263345608427215
cstype bspline
deg 1
curv 6.3824865594918121 9.7951589464159881 327 328
parm u 6.3824865594918121 6.3824865594918121 9.7951589464159881 9.7951589464159881
end
usemtl diffuse_0
v 19.095967066027686 5.3154210142549614 42.042172005964531
v 16.40598334036331 5.3635897971655808 40.189305393112186
cstype bspline
deg 1
curv 3.1157684264094336 6.3824865594918121 329 330
parm u 3.1157684264094336 3.1157684264094336 6.3824865594918121 6.3824865594918121
end
usemtl diffuse_0
v 16.527354702420546 5.2695886775439771 43.805164578111693
v 19.095967066027686 5.3154210142549614 42.042172005964531
cstype bspline
deg 1
curv 0 3.1157684264094336 331 332
parm u 0 0 3.1157684264094336 3.1157684264094336
end
usemtl diffuse_0
v 19.284607436754317 2.6815113656536544 36.422254707583015
v 16.215488041823608 2.6319059564393461 34.514126642138237
cstype bspline
deg 1
curv 13.267154683838555 16.881419100161906 333 334
parm u 13.267154683838555 13.267154683838555 16.881419100161906 16.881419100161906
end
usemtl diffuse_0
v 16.341335811138602 2.7293740165894169 38.263345608427215
v 19.284607436754317 2.6815113656536544 36.422254707583015
cstype bspline
deg 1
curv 9.7951589464159881 13.267154683838555 335 336
parm u 9.7951589464159881 9.7951589464159881 13.267154683838555 13.267154683838555
end
usemtl diffuse_0
v 19.158161120886131 2.7794429951762023 40.189305393112186
v 16.341335811138602 2.7293740165894169 38.263345608427215
cstype bspline
deg 1
curv 6.3824865594918121 9.7951589464159881 337 338
parm u 6.3824865594918121 6.3824865594918121 9.7951589464159881 9.7951589464159881
end
usemtl diffuse_0
v 16.468177395221755 2.8276117780868217 42.042172005964531
v 19.158161120886131 2.7794429951762023 40.189305393112186
cstype bspline
deg 1
curv 3.1157684264094336 6.3824865594918121 339 340
parm u 3.1157684264094336 3.1157684264094336 6.3824865594918121 6.3824865594918121
end
usemtl diffuse_0
v 19.036789758828895 2.8734441147978065 43.805164578111693
v 16.468177395221755 2.8276117780868217 42.042172005964531
cstype bspline
deg 1
curv 0 3.1157684264094336 341 342
parm u 0 0 3.1157684264094336 3.1157684264094336
end
usemtl diffuse_0
v 16.279537024495124 2.6815113656536544 36.422254707583015
v 19.348656419425833 2.6319059564393461 34.514126642138237
cstype bspline
deg 1
curv 13.267154683838555 16.881419100161906 343 344
parm u 13.267154683838555 13.267154683838555 16.881419100161906 16.881419100161906
end
usemtl diffuse_0
v 19.222808650110839 2.7293740165894169 38.263345608427215
v 16.279537024495124 2.6815113656536544 36.422254707583015
cstype bspline
deg 1
curv 9.7951589464159881 13.267154683838555 345 346
parm u 9.7951589464159881 9.7951589464159881 13.267154683838555 13.267154683838555
end
usemtl diffuse_0
v 16.40598334036331 2.7794429951762023 40.189305393112186
v 19.222808650110839 2.7293740165894169 38.263345608427215
cstype bspline
deg 1
curv 6.3824865594918121 9.7951589464159881 347 348
parm u 6.3824865594918121 6.3824865594918121 9.7951589464159881 9.7951589464159881
end
usemtl diffuse_0
v 19.095967066027686 2.8276117780868217 42.042172005964531
v 16.40598334036331 2.7794429951762023 40.189305393112186
cstype bspline
deg 1
curv 3.1157684264094336 6.3824865594918121 349 350
parm u 3.1157684264094336 3.1157684264094336 6.3824865594918121 6.3824865594918121
end
usemtl diffuse_0
v 16.527354702420546 2.8734441147978065 43.805164578111693
v 19.095967066027686 2.8276117780868217 42.042172005964531
cstype bspline
deg 1
curv 0 3.1157684264094336 351 352
parm u 0 0 3.1157684264094336 3.1157684264094336
end
usemtl diffuse_0
v 19.036789758828895 5.2695886775439771 43.805164578111693
v 19.036789758828895 2.8734441147978065 43.805164578111693
cstype bspline
deg 1
curv 7.4150146755628672 9.8111592383090382 353 354
parm u 7.4150146755628672 7.4150146755628672 9.8111592383090382 9.8111592383090382
end
usemtl diffuse_0
v 16.527354702420546 2.8734441147978065 43.805164578111693
v 16.527354702420546 5.2695886775439771 43.805164578111693
cstype bspline
deg 1
curv 2.5094350564083481 4.9055796191545191 355 356
parm u 2.5094350564083481 2.5094350564083481 4.9055796191545191 4.9055796191545191
end
usemtl diffuse_0
v 9.4913950122274127 5.5631560971658267 32.512762371315929
v 11.852639357672459 5.511126835902437 34.514126642138237
cstype bspline
deg 1
curv 6.0790250064360629 9.1747706108822555 357 358
parm u 6.0790250064360629 6.0790250064360629 9.1747706108822555 9.1747706108822555
end
usemtl diffuse_0
v 9.4913950122274109 2.5798766951759564 32.512762371315929
v 9.4913950122274127 5.5631560971658267 32.512762371315929
cstype bspline
deg 1
curv 3.0957456044461926 6.0790250064360629 359 360
parm u 3.0957456044461926 3.0957456044461926 6.0790250064360629 6.0790250064360629
end
usemtl diffuse_0
v 11.852639357672457 2.6319059564393461 34.514126642138237
v 9.4913950122274109 2.5798766951759564 32.512762371315929
cstype bspline
deg 1
curv 0 3.0957456044461926 361 362
parm u 0 0 3.0957456044461926 3.0957456044461926
end
usemtl diffuse_0
v 14.213883703117498 5.5631560971658267 32.512762371315929
v 11.852639357672452 5.511126835902437 34.514126642138237
cstype bspline
deg 1
curv 6.0790250064360629 9.1747706108822555 363 364
parm u 6.0790250064360629 6.0790250064360629 9.1747706108822555 9.1747706108822555
end
usemtl diffuse_0
v 14.213883703117499 2.5798766951759564 32.512762371315929
v 14.213883703117498 5.5631560971658267 32.512762371315929
cstype bspline
deg 1
curv 3.0957456044461926 6.0790250064360629 365 366
parm u 3.0957456044461926 3.0957456044461926 6.0790250064360629 6.0790250064360629
end
usemtl diffuse_0
v 11.852639357672453 2.6319059564393461 34.514126642138237
v 14.213883703117499 2.5798766951759564 32.512762371315929
cstype bspline
deg 1
curv 0 3.0957456044461926 367 368
parm u 0 0 3.0957456044461926 3.0957456044461926
end
usemtl diffuse_0
v 11.852639357672455 5.5631560971658267 32.512762371315929
v 11.852639357672459 5.511126835902437 34.514126642138237
cstype bspline
deg 1
curv 7.8645407377254415 9.8665811939979218 369 370
parm u 7.8645407377254415 7.8645407377254415 9.8665811939979218 9.8665811939979218
end
usemtl diffuse_0
v 11.852639357672455 2.5798766951759564 32.512762371315929
v 11.852639357672455 5.5631560971658267 32.512762371315929
cstype bspline
deg 1
curv 4.8812613357355712 7.8645407377254415 371 372
parm u 4.8812613357355712 4.8812613357355712 7.8645407377254415 7.8645407377254415
end
usemtl diffuse_0
v 11.852639357672457 2.6319059564393461 34.514126642138237
v 11.852639357672455 2.5798766951759564 32.512762371315929
cstype bspline
deg 1
curv 2.8792208794630909 4.8812613357355712 373 374
parm u 2.8792208794630909 2.8792208794630909 4.8812613357355712 4.8812613357355712
end
usemtl diffuse_0
v 11.852639357672459 5.511126835902437 34.514126642138237
v 11.852639357672457 2.6319059564393461 34.514126642138237
cstype bspline
deg 1
curv 0 2.8792208794630909 375 376
parm u 0 0 2.8792208794630909 2.8792208794630909
end
usemtl diffuse_0
v 16.626040049902187 5.1931576892425753 46.745168826791897
v 16.595000336288336 4.0715163961708916 45.82044299634871
cstype bspline
deg 1
curv 13.117693652184078 14.571708960093039 377 378
parm u 13.117693652184078 13.117693652184078 14.571708960093039 14.571708960093039
end
usemtl diffuse_0
v 16.688206343825954 2.9980223853947141 48.597208394211663
v 16.626040049902187 5.1931576892425753 46.745168826791897
cstype bspline
deg 1
curv 10.244971213522826 13.117693652184078 379 380
parm u 10.244971213522826 10.244971213522826 13.117693652184078 13.117693652184078
end
usemtl diffuse_0
v 16.753561977468099 5.0943930073248769 50.544263813141256
v 16.688206343825954 2.9980223853947141 48.597208394211663
cstype bspline
deg 1
curv 7.3831420872953846 10.244971213522826 381 382
parm u 7.3831420872953846 7.3831420872953846 10.244971213522826 10.244971213522826
end
usemtl diffuse_0
v 16.815120134730392 3.0963160704801087 52.378185955693688
v 16.753561977468099 5.0943930073248769 50.544263813141256
cstype bspline
deg 1
curv 4.670325971665612 7.3831420872953846 383 384
parm u 4.670325971665612 4.670325971665612 7.3831420872953846 7.3831420872953846
end
usemtl diffuse_0
v 16.875602018566827 4.9998740012966083 54.18004408342
v 16.815120134730392 3.0963160704801087 52.378185955693688
cstype bspline
deg 1
curv 2.04851675536093 4.670325971665612 385 386
parm u 2.04851675536093 2.04851675536093 4.670325971665612 4.670325971665612
end
usemtl diffuse_0
v 16.90628872995611 3.166925396109205 55.094253377553535
v 16.875602018566827 4.9998740012966083 54.18004408342
cstype bspline
deg 1
curv 0 2.04851675536093 387 388
parm u 0 0 2.04851675536093 2.04851675536093
end
usemtl diffuse_0
v 16.626040049902187 2.9498751030992079 46.745168826791897
v 16.595000336288336 4.0715163961708916 45.82044299634871
cstype bspline
deg 1
curv 13.117693652184078 14.571708960093039 389 390
parm u 13.117693652184078 13.117693652184078 14.571708960093039 14.571708960093039
end
usemtl diffuse_0
v 16.688206343825954 5.145010406947069 48.597208394211663
v 16.626040049902187 2.9498751030992079 46.745168826791897
cstype bspline
deg 1
curv 10.244971213522826 13.117693652184078 391 392
parm u 10.244971213522826 10.244971213522826 13.117693652184078 13.117693652184078
end
usemtl diffuse_0
v 16.753561977468099 3.0486397850169058 50.544263813141256
v 16.688206343825954 5.145010406947069 48.597208394211663
cstype bspline
deg 1
curv 7.3831420872953846 10.244971213522826 393 394
parm u 7.3831420872953846 7.3831420872953846 10.244971213522826 10.244971213522826
end
usemtl diffuse_0
v 16.815120134730392 5.0467167218616744 52.378185955693688
v 16.753561977468099 3.0486397850169058 50.544263813141256
cstype bspline
deg 1
curv 4.670325971665612 7.3831420872953846 395 396
parm u 4.670325971665612 4.670325971665612 7.3831420872953846 7.3831420872953846
end
usemtl diffuse_0
v 16.875602018566827 3.1431587910451748 54.18004408342
v 16.815120134730392 5.0467167218616744 52.378185955693688
cstype bspline
deg 1
curv 2.04851675536093 4.670325971665612 397 398
parm u 2.04851675536093 2.04851675536093 4.670325971665612 4.670325971665612
end
usemtl diffuse_0
v 16.90628872995611 4.9761073962325781 55.094253377553535
v 16.875602018566827 3.1431587910451748 54.18004408342
cstype bspline
deg 1
curv 0 2.04851675536093 399 400
parm u 0 0 2.04851675536093 2.04851675536093
end
usemtl diffuse_0
v 18.938104411347254 5.1931576892425753 46.745168826791897
v 18.969144124961105 4.0715163961708916 45.82044299634871
cstype bspline
deg 1
curv 13.117693652184078 14.571708960093039 401 402
parm u 13.117693652184078 13.117693652184078 14.571708960093039 14.571708960093039
end
usemtl diffuse_0
v 18.875938117423487 2.9980223853947141 48.597208394211663
v 18.938104411347254 5.1931576892425753 46.745168826791897
cstype bspline
deg 1
curv 10.244971213522826 13.117693652184078 403 404
parm u 10.244971213522826 10.244971213522826 13.117693652184078 13.117693652184078
end
usemtl diffuse_0
v 18.810582483781342 5.0943930073248769 50.544263813141256
v 18.875938117423487 2.9980223853947141 48.597208394211663
cstype bspline
deg 1
curv 7.3831420872953846 10.244971213522826 405 406
parm u 7.3831420872953846 7.3831420872953846 10.244971213522826 10.244971213522826
end
usemtl diffuse_0
v 18.749024326519049 3.0963160704801087 52.378185955693688
v 18.810582483781342 5.0943930073248769 50.544263813141256
cstype bspline
deg 1
curv 4.670325971665612 7.3831420872953846 407 408
parm u 4.670325971665612 4.670325971665612 7.3831420872953846 7.3831420872953846
end
usemtl diffuse_0
v 18.688542442682614 4.9998740012966083 54.18004408342
v 18.749024326519049 3.0963160704801087 52.378185955693688
cstype bspline
deg 1
curv 2.04851675536093 4.670325971665612 409 410
parm u 2.04851675536093 2.04851675536093 4.670325971665612 4.670325971665612
end
usemtl diffuse_0
v 18.657855731293331 3.166925396109205 55.094253377553535
v 18.688542442682614 4.9998740012966083 54.18004408342
cstype bspline
deg 1
curv 0 2.04851675536093 411 412
parm u 0 0 2.04851675536093 2.04851675536093
end
usemtl diffuse_0
v 18.938104411347254 2.9498751030992079 46.745168826791897
v 18.969144124961105 4.0715163961708916 45.82044299634871
cstype bspline
deg 1
curv 13.117693652184078 14.571708960093039 413 414
parm u 13.117693652184078 13.117693652184078 14.571708960093039 14.571708960093039
end
usemtl diffuse_0
v 18.875938117423487 5.145010406947069 48.597208394211663
v 18.938104411347254 2.9498751030992079 46.745168826791897
cstype bspline
deg 1
curv 10.244971213522826 13.117693652184078 415 416
parm u 10.244971213522826 10.244971213522826 13.117693652184078 13.117693652184078
end
usemtl diffuse_0
v 18.810582483781342 3.0486397850169058 50.544263813141256
v 18.875938117423487 5.145010406947069 48.597208394211663
cstype bspline
deg 1
curv 7.3831420872953846 10.244971213522826 417 418
parm u 7.3831420872953846 7.3831420872953846 10.244971213522826 10.244971213522826
end
usemtl diffuse_0
v 18.749024326519049 5.0467167218616744 52.378185955693688
v 18.810582483781342 3.0486397850169058 50.544263813141256
cstype bspline
deg 1
curv 4.670325971665612 7.3831420872953846 419 420
parm u 4.670325971665612 4.670325971665612 7.3831420872953846 7.3831420872953846
end
usemtl diffuse_0
v 18.688542442682614 3.1431587910451748 54.18004408342
v 18.749024326519049 5.0467167218616744 52.378185955693688
cstype bspline
deg 1
curv 2.04851675536093 4.670325971665612 421 422
parm u 2.04851675536093 2.04851675536093 4.670325971665612 4.670325971665612
end
usemtl diffuse_0
v 18.657855731293331 4.9761073962325781 55.094253377553535
v 18.688542442682614 3.1431587910451748 54.18004408342
cstype bspline
deg 1
curv 0 2.04851675536093 423 424
parm u 0 0 2.04851675536093 2.04851675536093
end
usemtl diffuse_0
v 16.842686747637771 5.0253666073573404 53.199442212449441
v 18.657855731293331 4.9761073962325781 55.094253377553535
cstype bspline
deg 1
curv 11.264468458401868 13.888887300833261 425 426
parm u 11.264468458401868 11.264468458401868 13.888887300833261 13.888887300833261
end
usemtl diffuse_0
v 18.778257757633686 5.0693577733303155 51.507272351254898
v 16.842686747637771 5.0253666073573404 53.199442212449441
cstype bspline
deg 1
curv 8.693124608086352 11.264468458401868 427 428
parm u 8.693124608086352 8.693124608086352 11.264468458401868 11.264468458401868
end
usemtl diffuse_0
v 16.719069120985466 5.1211074403950594 49.516662986920117
v 18.778257757633686 5.0693577733303155 51.507272351254898
cstype bspline
deg 1
curv 5.8286069330283352 8.693124608086352 429 430
parm u 5.8286069330283352 5.8286069330283352 8.693124608086352 8.693124608086352
end
usemtl diffuse_0
v 18.908646595180141 5.1703428534000802 47.622767243357814
v 16.719069120985466 5.1211074403950594 49.516662986920117
cstype bspline
deg 1
curv 2.933176959971151 5.8286069330283352 431 432
parm u 2.933176959971151 2.933176959971151 5.8286069330283352 5.8286069330283352
end
usemtl diffuse_0
v 16.595000336288336 5.2171976916202372 45.82044299634871
v 18.908646595180141 5.1703428534000802 47.622767243357814
cstype bspline
deg 1
curv 0 2.933176959971151 433 434
parm u 0 0 2.933176959971151 2.933176959971151
end
usemtl diffuse_0
v 18.72145771361167 5.0253666073573404 53.199442212449441
v 16.90628872995611 4.9761073962325781 55.094253377553535
cstype bspline
deg 1
curv 11.264468458401868 13.888887300833261 435 436
parm u 11.264468458401868 11.264468458401868 13.888887300833261 13.888887300833261
end
usemtl diffuse_0
v 16.785886703615756 5.0693577733303155 51.507272351254898
v 18.72145771361167 5.0253666073573404 53.199442212449441
cstype bspline
deg 1
curv 8.693124608086352 11.264468458401868 437 438
parm u 8.693124608086352 8.693124608086352 11.264468458401868 11.264468458401868
end
usemtl diffuse_0
v 18.845075340263975 5.1211074403950594 49.516662986920117
v 16.785886703615756 5.0693577733303155 51.507272351254898
cstype bspline
deg 1
curv 5.8286069330283352 8.693124608086352 439 440
parm u 5.8286069330283352 5.8286069330283352 8.693124608086352 8.693124608086352
end
usemtl diffuse_0
v 16.6554978660693 5.1703428534000802 47.622767243357814
v 18.845075340263975 5.1211074403950594 49.516662986920117
cstype bspline
deg 1
curv 2.933176959971151 5.8286069330283352 441 442
parm u 2.933176959971151 2.933176959971151 5.8286069330283352 5.8286069330283352
end
usemtl diffuse_0
v 18.969144124961105 5.2171976916202372 45.82044299634871
v 16.6554978660693 5.1703428534000802 47.622767243357814
cstype bspline
deg 1
curv 0 2.933176959971151 443 444
parm u 0 0 2.933176959971151 2.933176959971151
end
usemtl diffuse_0
v 16.842686747637771 3.1176661849844427 53.199442212449441
v 18.657855731293331 3.166925396109205 55.094253377553535
cstype bspline
deg 1
curv 11.264468458401868 13.888887300833261 445 446
parm u 11.264468458401868 11.264468458401868 13.888887300833261 13.888887300833261
end
usemtl diffuse_0
v 18.778257757633686 3.0736750190114672 51.507272351254898
v 16.842686747637771 3.1176661849844427 53.199442212449441
cstype bspline
deg 1
curv 8.693124608086352 11.264468458401868 447 448
parm u 8.693124608086352 8.693124608086352 11.264468458401868 11.264468458401868
end
usemtl diffuse_0
v 16.719069120985466 3.0219253519467237 49.516662986920117
v 18.778257757633686 3.0736750190114672 51.507272351254898
cstype bspline
deg 1
curv 5.8286069330283352 8.693124608086352 449 450
parm u 5.8286069330283352 5.8286069330283352 8.693124608086352 8.693124608086352
end
usemtl diffuse_0
v 18.908646595180141 2.972689938941703 47.622767243357814
v 16.719069120985466 3.0219253519467237 49.516662986920117
cstype bspline
deg 1
curv 2.933176959971151 5.8286069330283352 451 452
parm u 2.933176959971151 2.933176959971151 5.8286069330283352 5.8286069330283352
end
usemtl diffuse_0
v 16.595000336288336 2.9258351007215464 45.82044299634871
v 18.908646595180141 2.972689938941703 47.622767243357814
cstype bspline
deg 1
curv 0 2.933176959971151 453 454
parm u 0 0 2.933176959971151 2.933176959971151
end
usemtl diffuse_0
v 18.72145771361167 3.1176661849844427 53.199442212449441
v 16.90628872995611 3.166925396109205 55.094253377553535
cstype bspline
deg 1
curv 11.264468458401868 13.888887300833261 455 456
parm u 11.264468458401868 11.264468458401868 13.888887300833261 13.888887300833261
end
usemtl diffuse_0
v 16.785886703615756 3.0736750190114672 51.507272351254898
v 18.72145771361167 3.1176661849844427 53.199442212449441
cstype bspline
deg 1
curv 8.693124608086352 11.264468458401868 457 458
parm u 8.693124608086352 8.693124608086352 11.264468458401868 11.264468458401868
end
usemtl diffuse_0
v 18.845075340263975 3.0219253519467237 49.516662986920117
v 16.785886703615756 3.0736750190114672 51.507272351254898
cstype bspline
deg 1
curv 5.8286069330283352 8.693124608086352 459 460
parm u 5.8286069330283352 5.8286069330283352 8.693124608086352 8.693124608086352
end
usemtl diffuse_0
v 16.6554978660693 2.972689938941703 47.622767243357814
v 18.845075340263975 3.0219253519467237 49.516662986920117
cstype bspline
deg 1
curv 2.933176959971151 5.8286069330283352 461 462
parm u 2.933176959971151 2.933176959971151 5.8286069330283352 5.8286069330283352
end
usemtl diffuse_0
v 18.969144124961105 2.9258351007215464 45.82044299634871
v 16.6554978660693 2.972689938941703 47.622767243357814
cstype bspline
deg 1
curv 0 2.933176959971151 463 464
parm u 0 0 2.933176959971151 2.933176959971151
end
usemtl diffuse_0
v 18.590606245846988 4.9240232239963637 57.09772986093499
v 18.590606245846988 3.2190095683454194 57.09772986093499
cstype bspline
deg 1
curv 4.9391497165400171 6.6441633721909614 465 466
parm u 4.9391497165400171 4.9391497165400171 6.6441633721909614 6.6441633721909614
end
usemtl diffuse_0
v 16.973538215402453 3.2190095683454194 57.09772986093499
v 16.973538215402453 4.9240232239963637 57.09772986093499
cstype bspline
deg 1
curv 1.6170680304445364 3.3220816860954807 467 468
parm u 1.6170680304445364 1.6170680304445364 3.3220816860954807 3.3220816860954807
end
usemtl diffuse_0
v 18.657855731293331 4.9761073962325781 55.094253377553528
v 18.657855731293331 3.166925396109205 55.094253377553528
cstype bspline
deg 1
curv 5.3123160027978162 7.1214980029211894 469 470
parm u 5.3123160027978162 5.3123160027978162 7.1214980029211894 7.1214980029211894
end
usemtl diffuse_0
v 16.90628872995611 3.166925396109205 55.094253377553528
v 16.90628872995611 4.9761073962325781 55.094253377553528
cstype bspline
deg 1
curv 1.7515670013372215 3.5607490014605947 471 472
parm u 1.7515670013372215 1.7515670013372215 3.5607490014605947 3.5607490014605947
end
usemtl diffuse_0
v 18.969144124961105 5.2171976916202372 45.82044299634871
v 18.969144124961105 2.9258351007215464 45.82044299634871
cstype bspline
deg 1
curv 7.0396501682442212 9.3310127591429115 473 474
parm u 7.0396501682442212 7.0396501682442212 9.3310127591429115 9.3310127591429115
end
usemtl diffuse_0
v 16.595000336288336 2.9258351007215464 45.82044299634871
v 16.595000336288336 5.2171976916202372 45.82044299634871
cstype bspline
deg 1
curv 2.3741437886727654 4.6655063795714558 475 476
parm u 2.3741437886727654 2.3741437886727654 4.6655063795714558 4.6655063795714558
end
usemtl diffuse_0
v 16.215488041823608 2.6319059564393461 34.514126642138237
v 16.215488041823608 5.511126835902437 34.514126642138237
cstype bspline
deg 1
curv 6.0123892570653137 8.8916101365284046 477 478
parm u 6.0123892570653137 6.0123892570653137 8.8916101365284046 8.8916101365284046
end
usemtl diffuse_0
v 19.348656419425833 5.511126835902437 34.514126642138237
v 19.348656419425833 2.6319059564393461 34.514126642138237
cstype bspline
deg 1
curv 0 2.8792208794630909 479 480
parm u 0 0 2.8792208794630909 2.8792208794630909
end
usemtl diffuse_0
v 19.787370189732286 2.2921257570314069 21.444097690825451
v 19.831614029420706 4.0715163961708916 20.125998499999998
cstype bspline
deg 1
curv 19.734588944161722 21.94944199591534 481 482
parm u 19.734588944161722 19.734588944161722 21.94944199591534 21.94944199591534
end
usemtl diffuse_0
v 19.701269969777506 5.7842231245572044 24.009169598044846
v 19.787370189732286 2.2921257570314069 21.444097690825451
cstype bspline
deg 1
curv 15.400797167742024 19.734588944161722 483 484
parm u 15.400797167742024 15.400797167742024 19.734588944161722 19.734588944161722
end
usemtl diffuse_0
v 19.614743831983368 2.4258234483940964 26.586930321681798
v 19.701269969777506 5.7842231245572044 24.009169598044846
cstype bspline
deg 1
curv 11.166274112461849 15.400797167742024 485 486
parm u 11.166274112461849 11.166274112461849 15.400797167742024 15.400797167742024
end
usemtl diffuse_0
v 19.530804094666223 5.6521987091915751 29.087637778697179
v 19.614743831983368 2.4258234483940964 26.586930321681798
cstype bspline
deg 1
curv 7.0833730619146786 11.166274112461849 487 488
parm u 7.0833730619146786 7.0833730619146786 11.166274112461849 11.166274112461849
end
usemtl diffuse_0
v 19.452741672749241 2.551292785567254 31.413250019570789
v 19.530804094666223 5.6521987091915751 29.087637778697179
cstype bspline
deg 1
curv 3.206494990091278 7.0833730619146786 489 490
parm u 3.206494990091278 3.206494990091278 7.0833730619146786 7.0833730619146786
end
usemtl diffuse_0
v 19.415835005508526 5.5631560971658267 32.512762371315929
v 19.452741672749241 2.551292785567254 31.413250019570789
cstype bspline
deg 1
curv 0 3.206494990091278 491 492
parm u 0 0 3.206494990091278 3.206494990091278
end
usemtl diffuse_0
v 19.787370189732286 5.8509070353103763 21.444097690825451
v 19.831614029420706 4.0715163961708916 20.125998499999998
cstype bspline
deg 1
curv 19.734588944161722 21.94944199591534 493 494
parm u 19.734588944161722 19.734588944161722 21.94944199591534 21.94944199591534
end
usemtl diffuse_0
v 19.701269969777506 2.3588096677845787 24.009169598044846
v 19.787370189732286 5.8509070353103763 21.444097690825451
cstype bspline
deg 1
curv 15.400797167742024 19.734588944161722 495 496
parm u 15.400797167742024 15.400797167742024 19.734588944161722 19.734588944161722
end
usemtl diffuse_0
v 19.614743831983368 5.7172093439476868 26.586930321681798
v 19.701269969777506 2.3588096677845787 24.009169598044846
cstype bspline
deg 1
curv 11.166274112461849 15.400797167742024 497 498
parm u 11.166274112461849 11.166274112461849 15.400797167742024 15.400797167742024
end
usemtl diffuse_0
v 19.530804094666223 2.490834083150208 29.087637778697179
v 19.614743831983368 5.7172093439476868 26.586930321681798
cstype bspline
deg 1
curv 7.0833730619146786 11.166274112461849 499 500
parm u 7.0833730619146786 7.0833730619146786 11.166274112461849 11.166274112461849
end
usemtl diffuse_0
v 19.452741672749241 5.5917400067745291 31.413250019570789
v 19.530804094666223 2.490834083150208 29.087637778697179
cstype bspline
deg 1
curv 3.206494990091278 7.0833730619146786 501 502
parm u 3.206494990091278 3.206494990091278 7.0833730619146786 7.0833730619146786
end
usemtl diffuse_0
v 19.415835005508526 2.5798766951759564 32.512762371315929
v 19.452741672749241 5.5917400067745291 31.413250019570789
cstype bspline
deg 1
curv 0 3.206494990091278 503 504
parm u 0 0 3.206494990091278 3.206494990091278
end
usemtl diffuse_0
v 15.776774271517155 2.2921257570314069 21.444097690825451
v 15.732530431828735 4.0715163961708916 20.125998499999998
cstype bspline
deg 1
curv 19.734588944161722 21.94944199591534 505 506
parm u 19.734588944161722 19.734588944161722 21.94944199591534 21.94944199591534
end
usemtl diffuse_0
v 15.862874491471935 5.7842231245572044 24.009169598044846
v 15.776774271517155 2.2921257570314069 21.444097690825451
cstype bspline
deg 1
curv 15.400797167742024 19.734588944161722 507 508
parm u 15.400797167742024 15.400797167742024 19.734588944161722 19.734588944161722
end
usemtl diffuse_0
v 15.949400629266073 2.4258234483940964 26.586930321681798
v 15.862874491471935 5.7842231245572044 24.009169598044846
cstype bspline
deg 1
curv 11.166274112461849 15.400797167742024 509 510
parm u 11.166274112461849 11.166274112461849 15.400797167742024 15.400797167742024
end
usemtl diffuse_0
v 16.033340366583218 5.6521987091915751 29.087637778697179
v 15.949400629266073 2.4258234483940964 26.586930321681798
cstype bspline
deg 1
curv 7.0833730619146786 11.166274112461849 511 512
parm u 7.0833730619146786 7.0833730619146786 11.166274112461849 11.166274112461849
end
usemtl diffuse_0
v 16.1114027885002 2.551292785567254 31.413250019570789
v 16.033340366583218 5.6521987091915751 29.087637778697179
cstype bspline
deg 1
curv 3.206494990091278 7.0833730619146786 513 514
parm u 3.206494990091278 3.206494990091278 7.0833730619146786 7.0833730619146786
end
usemtl diffuse_0
v 16.148309455740915 5.5631560971658267 32.512762371315929
v 16.1114027885002 2.551292785567254 31.413250019570789
cstype bspline
deg 1
curv 0 3.206494990091278 515 516
parm u 0 0 3.206494990091278 3.206494990091278
end
usemtl diffuse_0
v 15.776774271517155 5.8509070353103763 21.444097690825451
v 15.732530431828735 4.0715163961708916 20.125998499999998
cstype bspline
deg 1
curv 19.734588944161722 21.94944199591534 517 518
parm u 19.734588944161722 19.734588944161722 21.94944199591534 21.94944199591534
end
usemtl diffuse_0
v 15.862874491471935 2.3588096677845787 24.009169598044846
v 15.776774271517155 5.8509070353103763 21.444097690825451
cstype bspline
deg 1
curv 15.400797167742024 19.734588944161722 519 520
parm u 15.400797167742024 15.400797167742024 19.734588944161722 19.734588944161722
end
usemtl diffuse_0
v 15.949400629266073 5.7172093439476868 26.586930321681798
v 15.862874491471935 2.3588096677845787 24.009169598044846
cstype bspline
deg 1
curv 11.166274112461849 15.400797167742024 521 522
parm u 11.166274112461849 11.166274112461849 15.400797167742024 15.400797167742024
end
usemtl diffuse_0
v 16.033340366583218 2.490834083150208 29.087637778697179
v 15.949400629266073 5.7172093439476868 26.586930321681798
cstype bspline
deg 1
curv 7.0833730619146786 11.166274112461849 523 524
parm u 7.0833730619146786 7.0833730619146786 11.166274112461849 11.166274112461849
end
usemtl diffuse_0
v 16.1114027885002 5.5917400067745291 31.413250019570789
v 16.033340366583218 2.490834083150208 29.087637778697179
cstype bspline
deg 1
curv 3.206494990091278 7.0833730619146786 525 526
parm u 3.206494990091278 3.206494990091278 7.0833730619146786 7.0833730619146786
end
usemtl diffuse_0
v 16.148309455740915 2.5798766951759564 32.512762371315929
v 16.1114027885002 5.5917400067745291 31.413250019570789
cstype bspline
deg 1
curv 0 3.206494990091278 527 528
parm u 0 0 3.206494990091278 3.206494990091278
end
usemtl diffuse_0
v 16.07279014151554 5.6216451836349499 30.262913631397211
v 19.415835005508526 5.5631560971658267 32.512762371315929
cstype bspline
deg 1
curv 18.124847788232582 22.154883679936244 529 530
parm u 18.124847788232582 18.124847788232582 22.154883679936244 22.154883679936244
end
usemtl diffuse_0
v 19.572117870826681 5.6841958883370829 27.856830160946519
v 16.07279014151554 5.6216451836349499 30.262913631397211
cstype bspline
deg 1
curv 13.877678752914978 18.124847788232582 531 532
parm u 13.877678752914978 13.877678752914978 18.124847788232582 18.124847788232582
end
usemtl diffuse_0
v 15.904695061720247 5.7518334375674431 25.255075473130525
v 19.572117870826681 5.6841958883370829 27.856830160946519
cstype bspline
deg 1
curv 9.3806027746383656 13.877678752914978 533 534
parm u 9.3806027746383656 9.3806027746383656 13.877678752914978 13.877678752914978
end
usemtl diffuse_0
v 19.744996185536472 5.8180887182894416 22.706491303944741
v 15.904695061720247 5.7518334375674431 25.255075473130525
cstype bspline
deg 1
curv 4.7710926324180338 9.3806027746383656 535 536
parm u 4.7710926324180338 4.7710926324180338 9.3806027746383656 9.3806027746383656
end
usemtl diffuse_0
v 15.732530431828735 5.8851735245099377 20.125998499999998
v 19.744996185536472 5.8180887182894416 22.706491303944741
cstype bspline
deg 1
curv 0 4.7710926324180338 537 538
parm u 0 0 4.7710926324180338 4.7710926324180338
end
usemtl diffuse_0
v 19.491354319733901 5.6216451836349499 30.262913631397211
v 16.148309455740915 5.5631560971658267 32.512762371315929
cstype bspline
deg 1
curv 18.124847788232582 22.154883679936244 539 540
parm u 18.124847788232582 18.124847788232582 22.154883679936244 22.154883679936244
end
usemtl diffuse_0
v 15.992026590422761 5.6841958883370829 27.856830160946519
v 19.491354319733901 5.6216451836349499 30.262913631397211
cstype bspline
deg 1
curv 13.877678752914978 18.124847788232582 541 542
parm u 13.877678752914978 13.877678752914978 18.124847788232582 18.124847788232582
end
usemtl diffuse_0
v 19.659449399529194 5.7518334375674431 25.255075473130525
v 15.992026590422761 5.6841958883370829 27.856830160946519
cstype bspline
deg 1
curv 9.3806027746383656 13.877678752914978 543 544
parm u 9.3806027746383656 9.3806027746383656 13.877678752914978 13.877678752914978
end
usemtl diffuse_0
v 15.819148275712969 5.8180887182894416 22.706491303944741
v 19.659449399529194 5.7518334375674431 25.255075473130525
cstype bspline
deg 1
curv 4.7710926324180338 9.3806027746383656 545 546
parm u 4.7710926324180338 4.7710926324180338 9.3806027746383656 9.3806027746383656
end
usemtl diffuse_0
v 19.831614029420706 5.8851735245099377 20.125998499999998
v 15.819148275712969 5.8180887182894416 22.706491303944741
cstype bspline
deg 1
curv 0 4.7710926324180338 547 548
parm u 0 0 4.7710926324180338 4.7710926324180338
end
usemtl diffuse_0
v 16.07279014151554 2.5213876087068328 30.262913631397211
v 19.415835005508526 2.5798766951759564 32.512762371315929
cstype bspline
deg 1
curv 18.124847788232582 22.154883679936244 549 550
parm u 18.124847788232582 18.124847788232582 22.154883679936244 22.154883679936244
end
usemtl diffuse_0
v 19.572117870826681 2.4588369040047007 27.856830160946519
v 16.07279014151554 2.5213876087068328 30.262913631397211
cstype bspline
deg 1
curv 13.877678752914978 18.124847788232582 551 552
parm u 13.877678752914978 13.877678752914978 18.124847788232582 18.124847788232582
end
usemtl diffuse_0
v 15.904695061720247 2.3911993547743395 25.255075473130525
v 19.572117870826681 2.4588369040047007 27.856830160946519
cstype bspline
deg 1
curv 9.3806027746383656 13.877678752914978 553 554
parm u 9.3806027746383656 9.3806027746383656 13.877678752914978 13.877678752914978
end
usemtl diffuse_0
v 19.744996185536472 2.3249440740523419 22.706491303944741
v 15.904695061720247 2.3911993547743395 25.255075473130525
cstype bspline
deg 1
curv 4.7710926324180338 9.3806027746383656 555 556
parm u 4.7710926324180338 4.7710926324180338 9.3806027746383656 9.3806027746383656
end
usemtl diffuse_0
v 15.732530431828735 2.2578592678318454 20.125998499999998
v 19.744996185536472 2.3249440740523419 22.706491303944741
cstype bspline
deg 1
curv 0 4.7710926324180338 557 558
parm u 0 0 4.7710926324180338 4.7710926324180338
end
usemtl diffuse_0
v 19.491354319733901 2.5213876087068328 30.262913631397211
v 16.148309455740915 2.5798766951759564 32.512762371315929
cstype bspline
deg 1
curv 18.124847788232582 22.154883679936244 559 560
parm u 18.124847788232582 18.124847788232582 22.154883679936244 22.154883679936244
end
usemtl diffuse_0
v 15.992026590422761 2.4588369040047007 27.856830160946519
v 19.491354319733901 2.5213876087068328 30.262913631397211
cstype bspline
deg 1
curv 13.877678752914978 18.124847788232582 561 562
parm u 13.877678752914978 13.877678752914978 18.124847788232582 18.124847788232582
end
usemtl diffuse_0
v 19.659449399529194 2.3911993547743395 25.255075473130525
v 15.992026590422761 2.4588369040047007 27.856830160946519
cstype bspline
deg 1
curv 9.3806027746383656 13.877678752914978 563 564
parm u 9.3806027746383656 9.3806027746383656 13.877678752914978 13.877678752914978
end
usemtl diffuse_0
v 15.819148275712969 2.3249440740523419 22.706491303944741
v 19.659449399529194 2.3911993547743395 25.255075473130525
cstype bspline
deg 1
curv 4.7710926324180338 9.3806027746383656 565 566
parm u 4.7710926324180338 4.7710926324180338 9.3806027746383656 9.3806027746383656
end
usemtl diffuse_0
v 19.831614029420706 2.2578592678318454 20.125998499999998
v 15.819148275712969 2.3249440740523419 22.706491303944741
cstype bspline
deg 1
curv 0 4.7710926324180338 567 568
parm u 0 0 4.7710926324180338 4.7710926324180338
end
usemtl diffuse_0
v 19.415835005508526 5.5631560971658267 32.512762371315929
v 19.415835005508526 2.5798766951759564 32.512762371315929
cstype bspline
deg 1
curv 9.5183305015250905 12.501609903514961 569 570
parm u 9.5183305015250905 9.5183305015250905 12.501609903514961 12.501609903514961
end
usemtl diffuse_0
v 16.148309455740915 2.5798766951759564 32.512762371315929
v 16.148309455740915 5.5631560971658267 32.512762371315929
cstype bspline
deg 1
curv 3.2675255497676101 6.2508049517574804 571 572
parm u 3.2675255497676101 3.2675255497676101 6.2508049517574804 6.2508049517574804
end
usemtl diffuse_0
v 7.0792386654427286 5.1931576892425753 46.745168826791897
v 7.11027837905658 4.0715163961708916 45.82044299634871
cstype bspline
deg 1
curv 13.117693652184078 14.571708960093039 573 574
parm u 13.117693652184078 13.117693652184078 14.571708960093039 14.571708960093039
end
usemtl diffuse_0
v 7.017072371518962 2.9980223853947141 48.597208394211663
v 7.0792386654427286 5.1931576892425753 46.745168826791897
cstype bspline
deg 1
curv 10.244971213522826 13.117693652184078 575 576
parm u 10.244971213522826 10.244971213522826 13.117693652184078 13.117693652184078
end
usemtl diffuse_0
v 6.9517167378768185 5.0943930073248769 50.544263813141256
v 7.017072371518962 2.9980223853947141 48.597208394211663
cstype bspline
deg 1
curv 7.3831420872953846 10.244971213522826 577 578
parm u 7.3831420872953846 7.3831420872953846 10.244971213522826 10.244971213522826
end
usemtl diffuse_0
v 6.8901585806145249 3.0963160704801087 52.378185955693688
v 6.9517167378768185 5.0943930073248769 50.544263813141256
cstype bspline
deg 1
curv 4.670325971665612 7.3831420872953846 579 580
parm u 4.670325971665612 4.670325971665612 7.3831420872953846 7.3831420872953846
end
usemtl diffuse_0
v 6.8296766967780913 4.9998740012966083 54.18004408342
v 6.8901585806145249 3.0963160704801087 52.378185955693688
cstype bspline
deg 1
curv 2.04851675536093 4.670325971665612 581 582
parm u 2.04851675536093 2.04851675536093 4.670325971665612 4.670325971665612
end
usemtl diffuse_0
v 6.7989899853888076 3.166925396109205 55.094253377553535
v 6.8296766967780913 4.9998740012966083 54.18004408342
cstype bspline
deg 1
curv 0 2.04851675536093 583 584
parm u 0 0 2.04851675536093 2.04851675536093
end
usemtl diffuse_0
v 7.0792386654427286 2.9498751030992079 46.745168826791897
v 7.11027837905658 4.0715163961708916 45.82044299634871
cstype bspline
deg 1
curv 13.117693652184078 14.571708960093039 585 586
parm u 13.117693652184078 13.117693652184078 14.571708960093039 14.571708960093039
end
usemtl diffuse_0
v 7.017072371518962 5.145010406947069 48.597208394211663
v 7.0792386654427286 2.9498751030992079 46.745168826791897
cstype bspline
deg 1
curv 10.244971213522826 13.117693652184078 587 588
parm u 10.244971213522826 10.244971213522826 13.117693652184078 13.117693652184078
end
usemtl diffuse_0
v 6.9517167378768185 3.0486397850169058 50.544263813141256
v 7.017072371518962 5.145010406947069 48.597208394211663
cstype bspline
deg 1
curv 7.3831420872953846 10.244971213522826 589 590
parm u 7.3831420872953846 7.3831420872953846 10.244971213522826 10.244971213522826
end
usemtl diffuse_0
v 6.8901585806145249 5.0467167218616744 52.378185955693688
v 6.9517167378768185 3.0486397850169058 50.544263813141256
cstype bspline
deg 1
curv 4.670325971665612 7.3831420872953846 591 592
parm u 4.670325971665612 4.670325971665612 7.3831420872953846 7.3831420872953846
end
usemtl diffuse_0
v 6.8296766967780913 3.1431587910451748 54.18004408342
v 6.8901585806145249 5.0467167218616744 52.378185955693688
cstype bspline
deg 1
curv 2.04851675536093 4.670325971665612 593 594
parm u 2.04851675536093 2.04851675536093 4.670325971665612 4.670325971665612
end
usemtl diffuse_0
v 6.7989899853888076 4.9761073962325781 55.094253377553535
v 6.8296766967780913 3.1431587910451748 54.18004408342
cstype bspline
deg 1
curv 0 2.04851675536093 595 596
parm u 0 0 2.04851675536093 2.04851675536093
end
usemtl diffuse_0
v 4.7671743039976651 5.1931576892425753 46.745168826791897
v 4.7361345903838137 4.0715163961708916 45.82044299634871
cstype bspline
deg 1
curv 13.117693652184078 14.571708960093039 597 598
parm u 13.117693652184078 13.117693652184078 14.571708960093039 14.571708960093039
end
usemtl diffuse_0
v 4.8293405979214317 2.9980223853947141 48.597208394211663
v 4.7671743039976651 5.1931576892425753 46.745168826791897
cstype bspline
deg 1
curv 10.244971213522826 13.117693652184078 599 600
parm u 10.244971213522826 10.244971213522826 13.117693652184078 13.117693652184078
end
usemtl diffuse_0
v 4.8946962315635751 5.0943930073248769 50.544263813141256
v 4.8293405979214317 2.9980223853947141 48.597208394211663
cstype bspline
deg 1
curv 7.3831420872953846 10.244971213522826 601 602
parm u 7.3831420872953846 7.3831420872953846 10.244971213522826 10.244971213522826
end
usemtl diffuse_0
v 4.9562543888258688 3.0963160704801087 52.378185955693688
v 4.8946962315635751 5.0943930073248769 50.544263813141256
cstype bspline
deg 1
curv 4.670325971665612 7.3831420872953846 603 604
parm u 4.670325971665612 4.670325971665612 7.3831420872953846 7.3831420872953846
end
usemtl diffuse_0
v 5.0167362726623024 4.9998740012966083 54.18004408342
v 4.9562543888258688 3.0963160704801087 52.378185955693688
cstype bspline
deg 1
curv 2.04851675536093 4.670325971665612 605 606
parm u 2.04851675536093 2.04851675536093 4.670325971665612 4.670325971665612
end
usemtl diffuse_0
v 5.0474229840515861 3.166925396109205 55.094253377553535
v 5.0167362726623024 4.9998740012966083 54.18004408342
cstype bspline
deg 1
curv 0 2.04851675536093 607 608
parm u 0 0 2.04851675536093 2.04851675536093
end
usemtl diffuse_0
v 4.7671743039976651 2.9498751030992079 46.745168826791897
v 4.7361345903838137 4.0715163961708916 45.82044299634871
cstype bspline
deg 1
curv 13.117693652184078 14.571708960093039 609 610
parm u 13.117693652184078 13.117693652184078 14.571708960093039 14.571708960093039
end
usemtl diffuse_0
v 4.8293405979214317 5.145010406947069 48.597208394211663
v 4.7671743039976651 2.9498751030992079 46.745168826791897
cstype bspline
deg 1
curv 10.244971213522826 13.117693652184078 611 612
parm u 10.244971213522826 10.244971213522826 13.117693652184078 13.117693652184078
end
usemtl diffuse_0
v 4.8946962315635751 3.0486397850169058 50.544263813141256
v 4.8293405979214317 5.145010406947069 48.597208394211663
cstype bspline
deg 1
curv 7.3831420872953846 10.244971213522826 613 614
parm u 7.3831420872953846 7.3831420872953846 10.244971213522826 10.244971213522826
end
usemtl diffuse_0
v 4.9562543888258688 5.0467167218616744 52.378185955693688
v 4.8946962315635751 3.0486397850169058 50.544263813141256
cstype bspline
deg 1
curv 4.670325971665612 7.3831420872953846 615 616
parm u 4.670325971665612 4.670325971665612 7.3831420872953846 7.3831420872953846
end
usemtl diffuse_0
v 5.0167362726623024 3.1431587910451748 54.18004408342
v 4.9562543888258688 5.0467167218616744 52.378185955693688
cstype bspline
deg 1
curv 2.04851675536093 4.670325971665612 617 618
parm u 2.04851675536093 2.04851675536093 4.670325971665612 4.670325971665612
end
usemtl diffuse_0
v 5.0474229840515861 4.9761073962325781 55.094253377553535
v 5.0167362726623024 3.1431587910451748 54.18004408342
cstype bspline
deg 1
curv 0 2.04851675536093 619 620
parm u 0 0 2.04851675536093 2.04851675536093
end
usemtl diffuse_0
v 6.8625919677071465 5.0253666073573404 53.199442212449441
v 5.0474229840515861 4.9761073962325781 55.094253377553535
cstype bspline
deg 1
curv 11.264468458401868 13.888887300833261 621 622
parm u 11.264468458401868 11.264468458401868 13.888887300833261 13.888887300833261
end
usemtl diffuse_0
v 4.9270209577112318 5.0693577733303155 51.507272351254898
v 6.8625919677071465 5.0253666073573404 53.199442212449441
cstype bspline
deg 1
curv 8.693124608086352 11.264468458401868 623 624
parm u 8.693124608086352 8.693124608086352 11.264468458401868 11.264468458401868
end
usemtl diffuse_0
v 6.9862095943594529 5.1211074403950594 49.516662986920117
v 4.9270209577112318 5.0693577733303155 51.507272351254898
cstype bspline
deg 1
curv 5.8286069330283352 8.693124608086352 625 626
parm u 5.8286069330283352 5.8286069330283352 8.693124608086352 8.693124608086352
end
usemtl diffuse_0
v 4.7966321201647766 5.1703428534000802 47.622767243357814
v 6.9862095943594529 5.1211074403950594 49.516662986920117
cstype bspline
deg 1
curv 2.933176959971151 5.8286069330283352 627 628
parm u 2.933176959971151 2.933176959971151 5.8286069330283352 5.8286069330283352
end
usemtl diffuse_0
v 7.1102783790565791 5.2171976916202372 45.82044299634871
v 4.7966321201647766 5.1703428534000802 47.622767243357814
cstype bspline
deg 1
curv 0 2.933176959971151 629 630
parm u 0 0 2.933176959971151 2.933176959971151
end
usemtl diffuse_0
v 4.9838210017332472 5.0253666073573404 53.199442212449441
v 6.7989899853888076 4.9761073962325781 55.094253377553535
cstype bspline
deg 1
curv 11.264468458401868 13.888887300833261 631 632
parm u 11.264468458401868 11.264468458401868 13.888887300833261 13.888887300833261
end
usemtl diffuse_0
v 6.9193920117291619 5.0693577733303155 51.507272351254898
v 4.9838210017332472 5.0253666073573404 53.199442212449441
cstype bspline
deg 1
curv 8.693124608086352 11.264468458401868 633 634
parm u 8.693124608086352 8.693124608086352 11.264468458401868 11.264468458401868
end
usemtl diffuse_0
v 4.8602033750809408 5.1211074403950594 49.516662986920117
v 6.9193920117291619 5.0693577733303155 51.507272351254898
cstype bspline
deg 1
curv 5.8286069330283352 8.693124608086352 635 636
parm u 5.8286069330283352 5.8286069330283352 8.693124608086352 8.693124608086352
end
usemtl diffuse_0
v 7.0497808492756171 5.1703428534000802 47.622767243357814
v 4.8602033750809408 5.1211074403950594 49.516662986920117
cstype bspline
deg 1
curv 2.933176959971151 5.8286069330283352 637 638
parm u 2.933176959971151 2.933176959971151 5.8286069330283352 5.8286069330283352
end
usemtl diffuse_0
v 4.7361345903838146 5.2171976916202372 45.82044299634871
v 7.0497808492756171 5.1703428534000802 47.622767243357814
cstype bspline
deg 1
curv 0 2.933176959971151 639 640
parm u 0 0 2.933176959971151 2.933176959971151
end
usemtl diffuse_0
v 6.8625919677071465 3.1176661849844427 53.199442212449441
v 5.0474229840515861 3.166925396109205 55.094253377553535
cstype bspline
deg 1
curv 11.264468458401868 13.888887300833261 641 642
parm u 11.264468458401868 11.264468458401868 13.888887300833261 13.888887300833261
end
usemtl diffuse_0
v 4.9270209577112318 3.0736750190114672 51.507272351254898
v 6.8625919677071465 3.1176661849844427 53.199442212449441
cstype bspline
deg 1
curv 8.693124608086352 11.264468458401868 643 644
parm u 8.693124608086352 8.693124608086352 11.264468458401868 11.264468458401868
end
usemtl diffuse_0
v 6.9862095943594529 3.0219253519467237 49.516662986920117
v 4.9270209577112318 3.0736750190114672 51.507272351254898
cstype bspline
deg 1
curv 5.8286069330283352 8.693124608086352 645 646
parm u 5.8286069330283352 5.8286069330283352 8.693124608086352 8.693124608086352
end
usemtl diffuse_0
v 4.7966321201647766 2.972689938941703 47.622767243357814
v 6.9862095943594529 3.0219253519467237 49.516662986920117
cstype bspline
deg 1
curv 2.933176959971151 5.8286069330283352 647 648
parm u 2.933176959971151 2.933176959971151 5.8286069330283352 5.8286069330283352
end
usemtl diffuse_0
v 7.1102783790565791 2.9258351007215464 45.82044299634871
v 4.7966321201647766 2.972689938941703 47.622767243357814
cstype bspline
deg 1
curv 0 2.933176959971151 649 650
parm u 0 0 2.933176959971151 2.933176959971151
end
usemtl diffuse_0
v 4.9838210017332472 3.1176661849844427 53.199442212449441
v 6.7989899853888076 3.166925396109205 55.094253377553535
cstype bspline
deg 1
curv 11.264468458401868 13.888887300833261 651 652
parm u 11.264468458401868 11.264468458401868 13.888887300833261 13.888887300833261
end
usemtl diffuse_0
v 6.9193920117291619 3.0736750190114672 51.507272351254898
v 4.9838210017332472 3.1176661849844427 53.199442212449441
cstype bspline
deg 1
curv 8.693124608086352 11.264468458401868 653 654
parm u 8.693124608086352 8.693124608086352 11.264468458401868 11.264468458401868
end
usemtl diffuse_0
v 4.8602033750809408 3.0219253519467237 49.516662986920117
v 6.9193920117291619 3.0736750190114672 51.507272351254898
cstype bspline
deg 1
curv 5.8286069330283352 8.693124608086352 655 656
parm u 5.8286069330283352 5.8286069330283352 8.693124608086352 8.693124608086352
end
usemtl diffuse_0
v 7.0497808492756171 2.972689938941703 47.622767243357814
v 4.8602033750809408 3.0219253519467237 49.516662986920117
cstype bspline
deg 1
curv 2.933176959971151 5.8286069330283352 657 658
parm u 2.933176959971151 2.933176959971151 5.8286069330283352 5.8286069330283352
end
usemtl diffuse_0
v 4.7361345903838146 2.9258351007215464 45.82044299634871
v 7.0497808492756171 2.972689938941703 47.622767243357814
cstype bspline
deg 1
curv 0 2.933176959971151 659 660
parm u 0 0 2.933176959971151 2.933176959971151
end
usemtl diffuse_0
v 5.1146724694979291 4.9240232239963637 57.09772986093499
v 5.1146724694979291 3.2190095683454194 57.09772986093499
cstype bspline
deg 1
curv 4.9391497165400171 6.6441633721909614 661 662
parm u 4.9391497165400171 4.9391497165400171 6.6441633721909614 6.6441633721909614
end
usemtl diffuse_0
v 6.7317404999424655 3.2190095683454194 57.09772986093499
v 6.7317404999424655 4.9240232239963637 57.09772986093499
cstype bspline
deg 1
curv 1.6170680304445364 3.3220816860954807 663 664
parm u 1.6170680304445364 1.6170680304445364 3.3220816860954807 3.3220816860954807
end
usemtl diffuse_0
v 5.0474229840515861 4.9761073962325781 55.094253377553528
v 5.0474229840515861 3.166925396109205 55.094253377553528
cstype bspline
deg 1
curv 5.3123160027978162 7.1214980029211894 665 666
parm u 5.3123160027978162 5.3123160027978162 7.1214980029211894 7.1214980029211894
end
usemtl diffuse_0
v 6.7989899853888076 3.166925396109205 55.094253377553528
v 6.7989899853888076 4.9761073962325781 55.094253377553528
cstype bspline
deg 1
curv 1.7515670013372215 3.5607490014605947 667 668
parm u 1.7515670013372215 1.7515670013372215 3.5607490014605947 3.5607490014605947
end
usemtl diffuse_0
v 4.7361345903838137 5.2171976916202372 45.82044299634871
v 4.7361345903838137 2.9258351007215464 45.82044299634871
cstype bspline
deg 1
curv 7.0396501682442212 9.3310127591429115 669 670
parm u 7.0396501682442212 7.0396501682442212 9.3310127591429115 9.3310127591429115
end
usemtl diffuse_0
v 7.1102783790565791 2.9258351007215464 45.82044299634871
v 7.1102783790565791 5.2171976916202372 45.82044299634871
cstype bspline
deg 1
curv 2.3741437886727654 4.6655063795714558 671 672
parm u 2.3741437886727654 2.3741437886727654 4.6655063795714558 4.6655063795714558
end
usemtl diffuse_0
v 7.457097867979849 5.4858065274509311 35.488100891061492
v 7.4897906735213082 2.6319059564393461 34.514126642138237
cstype bspline
deg 1
curv 15.47684334285184 18.492365570723138 673 674
parm u 15.47684334285184 15.47684334285184 18.492365570723138 18.492365570723138
end
usemtl diffuse_0
v 7.3941935143852797 2.7059451683186158 37.36212851064208
v 7.457097867979849 5.4858065274509311 35.488100891061492
cstype bspline
deg 1
curv 12.123700689660806 15.47684334285184 675 676
parm u 12.123700689660806 12.123700689660806 15.47684334285184 15.47684334285184
end
usemtl diffuse_0
v 7.3308772932642654 5.38804973259061 39.248426363935614
v 7.3941935143852797 2.7059451683186158 37.36212851064208
cstype bspline
deg 1
curv 8.8440950077402647 12.123700689660806 677 678
parm u 8.8440950077402647 8.8440950077402647 12.123700689660806 12.123700689660806
end
usemtl diffuse_0
v 7.267479365421968 2.8040842323659723 41.137158399342795
v 7.3308772932642654 5.38804973259061 39.248426363935614
cstype bspline
deg 1
curv 5.6428131230604404 8.8440950077402647 679 680
parm u 5.6428131230604404 5.6428131230604404 8.8440950077402647 8.8440950077402647
end
usemtl diffuse_0
v 7.2068309845119307 5.2919768887994385 42.943976757906555
v 7.267479365421968 2.8040842323659723 41.137158399342795
cstype bspline
deg 1
curv 2.5674463682024742 5.6428131230604404 681 682
parm u 2.5674463682024742 2.5674463682024742 5.6428131230604404 5.6428131230604404
end
usemtl diffuse_0
v 7.1779240129243709 2.873444114797806 43.805164578111693
v 7.2068309845119307 5.2919768887994385 42.943976757906555
cstype bspline
deg 1
curv 0 2.5674463682024742 683 684
parm u 0 0 2.5674463682024742 2.5674463682024742
end
usemtl diffuse_0
v 7.457097867979849 2.657226264890852 35.488100891061492
v 7.4897906735213082 5.511126835902437 34.514126642138237
cstype bspline
deg 1
curv 15.47684334285184 18.492365570723138 685 686
parm u 15.47684334285184 15.47684334285184 18.492365570723138 18.492365570723138
end
usemtl diffuse_0
v 7.3941935143852797 5.4370876240231674 37.36212851064208
v 7.457097867979849 2.657226264890852 35.488100891061492
cstype bspline
deg 1
curv 12.123700689660806 15.47684334285184 687 688
parm u 12.123700689660806 12.123700689660806 15.47684334285184 15.47684334285184
end
usemtl diffuse_0
v 7.3308772932642654 2.7549830597511731 39.248426363935614
v 7.3941935143852797 5.4370876240231674 37.36212851064208
cstype bspline
deg 1
curv 8.8440950077402647 12.123700689660806 689 690
parm u 8.8440950077402647 8.8440950077402647 12.123700689660806 12.123700689660806
end
usemtl diffuse_0
v 7.267479365421968 5.3389485599758109 41.137158399342795
v 7.3308772932642654 2.7549830597511731 39.248426363935614
cstype bspline
deg 1
curv 5.6428131230604404 8.8440950077402647 691 692
parm u 5.6428131230604404 5.6428131230604404 8.8440950077402647 8.8440950077402647
end
usemtl diffuse_0
v 7.2068309845119307 2.8510559035423446 42.943976757906555
v 7.267479365421968 5.3389485599758109 41.137158399342795
cstype bspline
deg 1
curv 2.5674463682024742 5.6428131230604404 693 694
parm u 2.5674463682024742 2.5674463682024742 5.6428131230604404 5.6428131230604404
end
usemtl diffuse_0
v 7.1779240129243709 5.2695886775439771 43.805164578111693
v 7.2068309845119307 2.8510559035423446 42.943976757906555
cstype bspline
deg 1
curv 0 2.5674463682024742 695 696
parm u 0 0 2.5674463682024742 2.5674463682024742
end
usemtl diffuse_0
v 4.3893151014605447 5.4858065274509311 35.488100891061492
v 4.3566222959190855 2.6319059564393461 34.514126642138237
cstype bspline
deg 1
curv 15.47684334285184 18.492365570723138 697 698
parm u 15.47684334285184 15.47684334285184 18.492365570723138 18.492365570723138
end
usemtl diffuse_0
v 4.452219455055114 2.7059451683186158 37.36212851064208
v 4.3893151014605447 5.4858065274509311 35.488100891061492
cstype bspline
deg 1
curv 12.123700689660806 15.47684334285184 699 700
parm u 12.123700689660806 12.123700689660806 15.47684334285184 15.47684334285184
end
usemtl diffuse_0
v 4.5155356761761283 5.38804973259061 39.248426363935614
v 4.452219455055114 2.7059451683186158 37.36212851064208
cstype bspline
deg 1
curv 8.8440950077402647 12.123700689660806 701 702
parm u 8.8440950077402647 8.8440950077402647 12.123700689660806 12.123700689660806
end
usemtl diffuse_0
v 4.5789336040184256 2.8040842323659723 41.137158399342795
v 4.5155356761761283 5.38804973259061 39.248426363935614
cstype bspline
deg 1
curv 5.6428131230604404 8.8440950077402647 703 704
parm u 5.6428131230604404 5.6428131230604404 8.8440950077402647 8.8440950077402647
end
usemtl diffuse_0
v 4.639581984928463 5.2919768887994385 42.943976757906555
v 4.5789336040184256 2.8040842323659723 41.137158399342795
cstype bspline
deg 1
curv 2.5674463682024742 5.6428131230604404 705 706
parm u 2.5674463682024742 2.5674463682024742 5.6428131230604404 5.6428131230604404
end
usemtl diffuse_0
v 4.6684889565160228 2.873444114797806 43.805164578111693
v 4.639581984928463 5.2919768887994385 42.943976757906555
cstype bspline
deg 1
curv 0 2.5674463682024742 707 708
parm u 0 0 2.5674463682024742 2.5674463682024742
end
usemtl diffuse_0
v 4.3893151014605447 2.657226264890852 35.488100891061492
v 4.3566222959190855 5.511126835902437 34.514126642138237
cstype bspline
deg 1
curv 15.47684334285184 18.492365570723138 709 710
parm u 15.47684334285184 15.47684334285184 18.492365570723138 18.492365570723138
end
usemtl diffuse_0
v 4.452219455055114 5.4370876240231674 37.36212851064208
v 4.3893151014605447 2.657226264890852 35.488100891061492
cstype bspline
deg 1
curv 12.123700689660806 15.47684334285184 711 712
parm u 12.123700689660806 12.123700689660806 15.47684334285184 15.47684334285184
end
usemtl diffuse_0
v 4.5155356761761283 2.7549830597511731 39.248426363935614
v 4.452219455055114 5.4370876240231674 37.36212851064208
cstype bspline
deg 1
curv 8.8440950077402647 12.123700689660806 713 714
parm u 8.8440950077402647 8.8440950077402647 12.123700689660806 12.123700689660806
end
usemtl diffuse_0
v 4.5789336040184256 5.3389485599758109 41.137158399342795
v 4.5155356761761283 2.7549830597511731 39.248426363935614
cstype bspline
deg 1
curv 5.6428131230604404 8.8440950077402647 715 716
parm u 5.6428131230604404 5.6428131230604404 8.8440950077402647 8.8440950077402647
end
usemtl diffuse_0
v 4.639581984928463 2.8510559035423446 42.943976757906555
v 4.5789336040184256 5.3389485599758109 41.137158399342795
cstype bspline
deg 1
curv 2.5674463682024742 5.6428131230604404 717 718
parm u 2.5674463682024742 2.5674463682024742 5.6428131230604404 5.6428131230604404
end
usemtl diffuse_0
v 4.6684889565160228 5.2695886775439771 43.805164578111693
v 4.639581984928463 2.8510559035423446 42.943976757906555
cstype bspline
deg 1
curv 0 2.5674463682024742 719 720
parm u 0 0 2.5674463682024742 2.5674463682024742
end
usemtl diffuse_0
v 4.4206712785906008 5.4615214266881287 36.422254707583015
v 7.4897906735213082 5.511126835902437 34.514126642138237
cstype bspline
deg 1
curv 13.267154683838555 16.881419100161906 721 722
parm u 13.267154683838555 13.267154683838555 16.881419100161906 16.881419100161906
end
usemtl diffuse_0
v 7.363942904206314 5.4136587757523662 38.263345608427215
v 4.4206712785906008 5.4615214266881287 36.422254707583015
cstype bspline
deg 1
curv 9.7951589464159881 13.267154683838555 723 724
parm u 9.7951589464159881 9.7951589464159881 13.267154683838555 13.267154683838555
end
usemtl diffuse_0
v 4.5471175944587854 5.3635897971655808 40.189305393112186
v 7.363942904206314 5.4136587757523662 38.263345608427215
cstype bspline
deg 1
curv 6.3824865594918121 9.7951589464159881 725 726
parm u 6.3824865594918121 6.3824865594918121 9.7951589464159881 9.7951589464159881
end
usemtl diffuse_0
v 7.2371013201231635 5.3154210142549614 42.042172005964531
v 4.5471175944587854 5.3635897971655808 40.189305393112186
cstype bspline
deg 1
curv 3.1157684264094336 6.3824865594918121 727 728
parm u 3.1157684264094336 3.1157684264094336 6.3824865594918121 6.3824865594918121
end
usemtl diffuse_0
v 4.6684889565160228 5.2695886775439771 43.805164578111693
v 7.2371013201231635 5.3154210142549614 42.042172005964531
cstype bspline
deg 1
curv 0 3.1157684264094336 729 730
parm u 0 0 3.1157684264094336 3.1157684264094336
end
usemtl diffuse_0
v 7.4257416908497929 5.4615214266881287 36.422254707583015
v 4.3566222959190855 5.511126835902437 34.514126642138237
cstype bspline
deg 1
curv 13.267154683838555 16.881419100161906 731 732
parm u 13.267154683838555 13.267154683838555 16.881419100161906 16.881419100161906
end
usemtl diffuse_0
v 4.4824700652340796 5.4136587757523662 38.263345608427215
v 7.4257416908497929 5.4615214266881287 36.422254707583015
cstype bspline
deg 1
curv 9.7951589464159881 13.267154683838555 733 734
parm u 9.7951589464159881 9.7951589464159881 13.267154683838555 13.267154683838555
end
usemtl diffuse_0
v 7.2992953749816083 5.3635897971655808 40.189305393112186
v 4.4824700652340796 5.4136587757523662 38.263345608427215
cstype bspline
deg 1
curv 6.3824865594918121 9.7951589464159881 735 736
parm u 6.3824865594918121 6.3824865594918121 9.7951589464159881 9.7951589464159881
end
usemtl diffuse_0
v 4.6093116493172301 5.3154210142549614 42.042172005964531
v 7.2992953749816083 5.3635897971655808 40.189305393112186
cstype bspline
deg 1
curv 3.1157684264094336 6.3824865594918121 737 738
parm u 3.1157684264094336 3.1157684264094336 6.3824865594918121 6.3824865594918121
end
usemtl diffuse_0
v 7.1779240129243709 5.2695886775439771 43.805164578111693
v 4.6093116493172301 5.3154210142549614 42.042172005964531
cstype bspline
deg 1
curv 0 3.1157684264094336 739 740
parm u 0 0 3.1157684264094336 3.1157684264094336
end
usemtl diffuse_0
v 4.4206712785906008 2.6815113656536544 36.422254707583015
v 7.4897906735213082 2.6319059564393461 34.514126642138237
cstype bspline
deg 1
curv 13.267154683838555 16.881419100161906 741 742
parm u 13.267154683838555 13.267154683838555 16.881419100161906 16.881419100161906
end
usemtl diffuse_0
v 7.363942904206314 2.7293740165894169 38.263345608427215
v 4.4206712785906008 2.6815113656536544 36.422254707583015
cstype bspline
deg 1
curv 9.7951589464159881 13.267154683838555 743 744
parm u 9.7951589464159881 9.7951589464159881 13.267154683838555 13.267154683838555
end
usemtl diffuse_0
v 4.5471175944587854 2.7794429951762023 40.189305393112186
v 7.363942904206314 2.7293740165894169 38.263345608427215
cstype bspline
deg 1
curv 6.3824865594918121 9.7951589464159881 745 746
parm u 6.3824865594918121 6.3824865594918121 9.7951589464159881 9.7951589464159881
end
usemtl diffuse_0
v 7.2371013201231635 2.8276117780868217 42.042172005964531
v 4.5471175944587854 2.7794429951762023 40.189305393112186
cstype bspline
deg 1
curv 3.1157684264094336 6.3824865594918121 747 748
parm u 3.1157684264094336 3.1157684264094336 6.3824865594918121 6.3824865594918121
end
usemtl diffuse_0
v 4.6684889565160228 2.8734441147978065 43.805164578111693
v 7.2371013201231635 2.8276117780868217 42.042172005964531
cstype bspline
deg 1
curv 0 3.1157684264094336 749 750
parm u 0 0 3.1157684264094336 3.1157684264094336
end
usemtl diffuse_0
v 7.4257416908497929 2.6815113656536544 36.422254707583015
v 4.3566222959190855 2.6319059564393461 34.514126642138237
cstype bspline
deg 1
curv 13.267154683838555 16.881419100161906 751 752
parm u 13.267154683838555 13.267154683838555 16.881419100161906 16.881419100161906
end
usemtl diffuse_0
v 4.4824700652340796 2.7293740165894169 38.263345608427215
v 7.4257416908497929 2.6815113656536544 36.422254707583015
cstype bspline
deg 1
curv 9.7951589464159881 13.267154683838555 753 754
parm u 9.7951589464159881 9.7951589464159881 13.267154683838555 13.267154683838555
end
usemtl diffuse_0
v 7.2992953749816083 2.7794429951762023 40.189305393112186
v 4.4824700652340796 2.7293740165894169 38.263345608427215
cstype bspline
deg 1
curv 6.3824865594918121 9.7951589464159881 755 756
parm u 6.3824865594918121 6.3824865594918121 9.7951589464159881 9.7951589464159881
end
usemtl diffuse_0
v 4.6093116493172301 2.8276117780868217 42.042172005964531
v 7.2992953749816083 2.7794429951762023 40.189305393112186
cstype bspline
deg 1
curv 3.1157684264094336 6.3824865594918121 757 758
parm u 3.1157684264094336 3.1157684264094336 6.3824865594918121 6.3824865594918121
end
usemtl diffuse_0
v 7.1779240129243709 2.8734441147978065 43.805164578111693
v 4.6093116493172301 2.8276117780868217 42.042172005964531
cstype bspline
deg 1
curv 0 3.1157684264094336 759 760
parm u 0 0 3.1157684264094336 3.1157684264094336
end
usemtl diffuse_0
v 4.6684889565160228 5.2695886775439771 43.805164578111693
v 4.6684889565160228 2.8734441147978065 43.805164578111693
cstype bspline
deg 1
curv 7.4150146755628672 9.8111592383090382 761 762
parm u 7.4150146755628672 7.4150146755628672 9.8111592383090382 9.8111592383090382
end
usemtl diffuse_0
v 7.1779240129243709 2.8734441147978065 43.805164578111693
v 7.1779240129243709 5.2695886775439771 43.805164578111693
cstype bspline
deg 1
curv 2.5094350564083481 4.9055796191545191 763 764
parm u 2.5094350564083481 2.5094350564083481 4.9055796191545191 4.9055796191545191
end
usemtl diffuse_0
v 7.4897906735213082 2.6319059564393461 34.514126642138237
v 7.4897906735213082 5.511126835902437 34.514126642138237
cstype bspline
deg 1
curv 6.0123892570653137 8.8916101365284046 765 766
parm u 6.0123892570653137 6.0123892570653137 8.8916101365284046 8.8916101365284046
end
usemtl diffuse_0
v 4.3566222959190855 5.511126835902437 34.514126642138237
v 4.3566222959190855 2.6319059564393461 34.514126642138237
cstype bspline
deg 1
curv 0 2.8792208794630909 767 768
parm u 0 0 2.8792208794630909 2.8792208794630909
end
usemtl diffuse_0
v 3.9179085256126314 2.2921257570314069 21.444097690825451
v 3.8736646859242114 4.0715163961708916 20.125998499999998
cstype bspline
deg 1
curv 19.734588944161722 21.94944199591534 769 770
parm u 19.734588944161722 19.734588944161722 21.94944199591534 21.94944199591534
end
usemtl diffuse_0
v 4.0040087455674112 5.7842231245572044 24.009169598044846
v 3.9179085256126314 2.2921257570314069 21.444097690825451
cstype bspline
deg 1
curv 15.400797167742024 19.734588944161722 771 772
parm u 15.400797167742024 15.400797167742024 19.734588944161722 19.734588944161722
end
usemtl diffuse_0
v 4.0905348833615491 2.4258234483940964 26.586930321681798
v 4.0040087455674112 5.7842231245572044 24.009169598044846
cstype bspline
deg 1
curv 11.166274112461849 15.400797167742024 773 774
parm u 11.166274112461849 11.166274112461849 15.400797167742024 15.400797167742024
end
usemtl diffuse_0
v 4.1744746206786942 5.6521987091915751 29.087637778697179
v 4.0905348833615491 2.4258234483940964 26.586930321681798
cstype bspline
deg 1
curv 7.0833730619146786 11.166274112461849 775 776
parm u 7.0833730619146786 7.0833730619146786 11.166274112461849 11.166274112461849
end
usemtl diffuse_0
v 4.2525370425956766 2.551292785567254 31.413250019570789
v 4.1744746206786942 5.6521987091915751 29.087637778697179
cstype bspline
deg 1
curv 3.206494990091278 7.0833730619146786 777 778
parm u 3.206494990091278 3.206494990091278 7.0833730619146786 7.0833730619146786
end
usemtl diffuse_0
v 4.2894437098363909 5.5631560971658267 32.512762371315929
v 4.2525370425956766 2.551292785567254 31.413250019570789
cstype bspline
deg 1
curv 0 3.206494990091278 779 780
parm u 0 0 3.206494990091278 3.206494990091278
end
usemtl diffuse_0
v 3.9179085256126314 5.8509070353103763 21.444097690825451
v 3.8736646859242114 4.0715163961708916 20.125998499999998
cstype bspline
deg 1
curv 19.734588944161722 21.94944199591534 781 782
parm u 19.734588944161722 19.734588944161722 21.94944199591534 21.94944199591534
end
usemtl diffuse_0
v 4.0040087455674112 2.3588096677845787 24.009169598044846
v 3.9179085256126314 5.8509070353103763 21.444097690825451
cstype bspline
deg 1
curv 15.400797167742024 19.734588944161722 783 784
parm u 15.400797167742024 15.400797167742024 19.734588944161722 19.734588944161722
end
usemtl diffuse_0
v 4.0905348833615491 5.7172093439476868 26.586930321681798
v 4.0040087455674112 2.3588096677845787 24.009169598044846
cstype bspline
deg 1
curv 11.166274112461849 15.400797167742024 785 786
parm u 11.166274112461849 11.166274112461849 15.400797167742024 15.400797167742024
end
usemtl diffuse_0
v 4.1744746206786942 2.490834083150208 29.087637778697179
v 4.0905348833615491 5.7172093439476868 26.586930321681798
cstype bspline
deg 1
curv 7.0833730619146786 11.166274112461849 787 788
parm u 7.0833730619146786 7.0833730619146786 11.166274112461849 11.166274112461849
end
usemtl diffuse_0
v 4.2525370425956766 5.5917400067745291 31.413250019570789
v 4.1744746206786942 2.490834083150208 29.087637778697179
cstype bspline
deg 1
curv 3.206494990091278 7.0833730619146786 789 790
parm u 3.206494990091278 3.206494990091278 7.0833730619146786 7.0833730619146786
end
usemtl diffuse_0
v 4.2894437098363909 2.5798766951759564 32.512762371315929
v 4.2525370425956766 5.5917400067745291 31.413250019570789
cstype bspline
deg 1
curv 0 3.206494990091278 791 792
parm u 0 0 3.206494990091278 3.206494990091278
end
usemtl diffuse_0
v 7.9285044438277623 2.2921257570314069 21.444097690825451
v 7.9727482835161823 4.0715163961708916 20.125998499999998
cstype bspline
deg 1
curv 19.734588944161722 21.94944199591534 793 794
parm u 19.734588944161722 19.734588944161722 21.94944199591534 21.94944199591534
end
usemtl diffuse_0
v 7.8424042238729825 5.7842231245572044 24.009169598044846
v 7.9285044438277623 2.2921257570314069 21.444097690825451
cstype bspline
deg 1
curv 15.400797167742024 19.734588944161722 795 796
parm u 15.400797167742024 15.400797167742024 19.734588944161722 19.734588944161722
end
usemtl diffuse_0
v 7.7558780860788445 2.4258234483940964 26.586930321681798
v 7.8424042238729825 5.7842231245572044 24.009169598044846
cstype bspline
deg 1
curv 11.166274112461849 15.400797167742024 797 798
parm u 11.166274112461849 11.166274112461849 15.400797167742024 15.400797167742024
end
usemtl diffuse_0
v 7.6719383487616994 5.6521987091915751 29.087637778697179
v 7.7558780860788445 2.4258234483940964 26.586930321681798
cstype bspline
deg 1
curv 7.0833730619146786 11.166274112461849 799 800
parm u 7.0833730619146786 7.0833730619146786 11.166274112461849 11.166274112461849
end
usemtl diffuse_0
v 7.5938759268447171 2.551292785567254 31.413250019570789
v 7.6719383487616994 5.6521987091915751 29.087637778697179
cstype bspline
deg 1
curv 3.206494990091278 7.0833730619146786 801 802
parm u 3.206494990091278 3.206494990091278 7.0833730619146786 7.0833730619146786
end
usemtl diffuse_0
v 7.5569692596040028 5.5631560971658267 32.512762371315929
v 7.5938759268447171 2.551292785567254 31.413250019570789
cstype bspline
deg 1
curv 0 3.206494990091278 803 804
parm u 0 0 3.206494990091278 3.206494990091278
end
usemtl diffuse_0
v 7.9285044438277623 5.8509070353103763 21.444097690825451
v 7.9727482835161823 4.0715163961708916 20.125998499999998
cstype bspline
deg 1
curv 19.734588944161722 21.94944199591534 805 806
parm u 19.734588944161722 19.734588944161722 21.94944199591534 21.94944199591534
end
usemtl diffuse_0
v 7.8424042238729825 2.3588096677845787 24.009169598044846
v 7.9285044438277623 5.8509070353103763 21.444097690825451
cstype bspline
deg 1
curv 15.400797167742024 19.734588944161722 807 808
parm u 15.400797167742024 15.400797167742024 19.734588944161722 19.734588944161722
end
usemtl diffuse_0
v 7.7558780860788445 5.7172093439476868 26.586930321681798
v 7.8424042238729825 2.3588096677845787 24.009169598044846
cstype bspline
deg 1
curv 11.166274112461849 15.400797167742024 809 810
parm u 11.166274112461849 11.166274112461849 15.400797167742024 15.400797167742024
end
usemtl diffuse_0
v 7.6719383487616994 2.490834083150208 29.087637778697179
v 7.7558780860788445 5.7172093439476868 26.586930321681798
cstype bspline
deg 1
curv 7.0833730619146786 11.166274112461849 811 812
parm u 7.0833730619146786 7.0833730619146786 11.166274112461849 11.166274112461849
end
usemtl diffuse_0
v 7.5938759268447171 5.5917400067745291 31.413250019570789
v 7.6719383487616994 2.490834083150208 29.087637778697179
cstype bspline
deg 1
curv 3.206494990091278 7.0833730619146786 813 814
parm u 3.206494990091278 3.206494990091278 7.0833730619146786 7.0833730619146786
end
usemtl diffuse_0
v 7.5569692596040028 2.5798766951759564 32.512762371315929
v 7.5938759268447171 5.5917400067745291 31.413250019570789
cstype bspline
deg 1
curv 0 3.206494990091278 815 816
parm u 0 0 3.206494990091278 3.206494990091278
end
usemtl diffuse_0
v 7.6324885738293773 5.6216451836349499 30.262913631397211
v 4.2894437098363909 5.5631560971658267 32.512762371315929
cstype bspline
deg 1
curv 18.124847788232582 22.154883679936244 817 818
parm u 18.124847788232582 18.124847788232582 22.154883679936244 22.154883679936244
end
usemtl diffuse_0
v 4.1331608445182368 5.6841958883370829 27.856830160946519
v 7.6324885738293773 5.6216451836349499 30.262913631397211
cstype bspline
deg 1
curv 13.877678752914978 18.124847788232582 819 820
parm u 13.877678752914978 13.877678752914978 18.124847788232582 18.124847788232582
end
usemtl diffuse_0
v 7.8005836536246704 5.7518334375674431 25.255075473130525
v 4.1331608445182368 5.6841958883370829 27.856830160946519
cstype bspline
deg 1
curv 9.3806027746383656 13.877678752914978 821 822
parm u 9.3806027746383656 9.3806027746383656 13.877678752914978 13.877678752914978
end
usemtl diffuse_0
v 3.9602825298084454 5.8180887182894416 22.706491303944741
v 7.8005836536246704 5.7518334375674431 25.255075473130525
cstype bspline
deg 1
curv 4.7710926324180338 9.3806027746383656 823 824
parm u 4.7710926324180338 4.7710926324180338 9.3806027746383656 9.3806027746383656
end
usemtl diffuse_0
v 7.9727482835161823 5.8851735245099377 20.125998499999998
v 3.9602825298084454 5.8180887182894416 22.706491303944741
cstype bspline
deg 1
curv 0 4.7710926324180338 825 826
parm u 0 0 4.7710926324180338 4.7710926324180338
end
usemtl diffuse_0
v 4.2139243956110164 5.6216451836349499 30.262913631397211
v 7.5569692596040028 5.5631560971658267 32.512762371315929
cstype bspline
deg 1
curv 18.124847788232582 22.154883679936244 827 828
parm u 18.124847788232582 18.124847788232582 22.154883679936244 22.154883679936244
end
usemtl diffuse_0
v 7.7132521249221568 5.6841958883370829 27.856830160946519
v 4.2139243956110164 5.6216451836349499 30.262913631397211
cstype bspline
deg 1
curv 13.877678752914978 18.124847788232582 829 830
parm u 13.877678752914978 13.877678752914978 18.124847788232582 18.124847788232582
end
usemtl diffuse_0
v 4.0458293158157232 5.7518334375674431 25.255075473130525
v 7.7132521249221568 5.6841958883370829 27.856830160946519
cstype bspline
deg 1
curv 9.3806027746383656 13.877678752914978 831 832
parm u 9.3806027746383656 9.3806027746383656 13.877678752914978 13.877678752914978
end
usemtl diffuse_0
v 7.8861304396319483 5.8180887182894416 22.706491303944741
v 4.0458293158157232 5.7518334375674431 25.255075473130525
cstype bspline
deg 1
curv 4.7710926324180338 9.3806027746383656 833 834
parm u 4.7710926324180338 4.7710926324180338 9.3806027746383656 9.3806027746383656
end
usemtl diffuse_0
v 3.8736646859242114 5.8851735245099377 20.125998499999998
v 7.8861304396319483 5.8180887182894416 22.706491303944741
cstype bspline
deg 1
curv 0 4.7710926324180338 835 836
parm u 0 0 4.7710926324180338 4.7710926324180338
end
usemtl diffuse_0
v 7.6324885738293773 2.5213876087068328 30.262913631397211
v 4.2894437098363909 2.5798766951759564 32.512762371315929
cstype bspline
deg 1
curv 18.124847788232582 22.154883679936244 837 838
parm u 18.124847788232582 18.124847788232582 22.154883679936244 22.154883679936244
end
usemtl diffuse_0
v 4.1331608445182368 2.4588369040047007 27.856830160946519
v 7.6324885738293773 2.5213876087068328 30.262913631397211
cstype bspline
deg 1
curv 13.877678752914978 18.124847788232582 839 840
parm u 13.877678752914978 13.877678752914978 18.124847788232582 18.124847788232582
end
usemtl diffuse_0
v 7.8005836536246704 2.3911993547743395 25.255075473130525
v 4.1331608445182368 2.4588369040047007 27.856830160946519
cstype bspline
deg 1
curv 9.3806027746383656 13.877678752914978 841 842
parm u 9.3806027746383656 9.3806027746383656 13.877678752914978 13.877678752914978
end
usemtl diffuse_0
v 3.9602825298084454 2.3249440740523419 22.706491303944741
v 7.8005836536246704 2.3911993547743395 25.255075473130525
cstype bspline
deg 1
curv 4.7710926324180338 9.3806027746383656 843 844
parm u 4.7710926324180338 4.7710926324180338 9.3806027746383656 9.3806027746383656
end
usemtl diffuse_0
v 7.9727482835161823 2.2578592678318454 20.125998499999998
v 3.9602825298084454 2.3249440740523419 22.706491303944741
cstype bspline
deg 1
curv 0 4.7710926324180338 845 846
parm u 0 0 4.7710926324180338 4.7710926324180338
end
usemtl diffuse_0
v 4.2139243956110164 2.5213876087068328 30.262913631397211
v 7.5569692596040028 2.5798766951759564 32.512762371315929
cstype bspline
deg 1
curv 18.124847788232582 22.154883679936244 847 848
parm u 18.124847788232582 18.124847788232582 22.154883679936244 22.154883679936244
end
usemtl diffuse_0
v 7.7132521249221568 2.4588369040047007 27.856830160946519
v 4.2139243956110164 2.5213876087068328 30.262913631397211
cstype bspline
deg 1
curv 13.877678752914978 18.124847788232582 849 850
parm u 13.877678752914978 13.877678752914978 18.124847788232582 18.124847788232582
end
usemtl diffuse_0
v 4.0458293158157232 2.3911993547743395 25.255075473130525
v 7.7132521249221568 2.4588369040047007 27.856830160946519
cstype bspline
deg 1
curv 9.3806027746383656 13.877678752914978 851 852
parm u 9.3806027746383656 9.3806027746383656 13.877678752914978 13.877678752914978
end
usemtl diffuse_0
v 7.8861304396319483 2.3249440740523419 22.706491303944741
v 4.0458293158157232 2.3911993547743395 25.255075473130525
cstype bspline
deg 1
curv 4.7710926324180338 9.3806027746383656 853 854
parm u 4.7710926324180338 4.7710926324180338 9.3806027746383656 9.3806027746383656
end
usemtl diffuse_0
v 3.8736646859242114 2.2578592678318454 20.125998499999998
v 7.8861304396319483 2.3249440740523419 22.706491303944741
cstype bspline
deg 1
curv 0 4.7710926324180338 855 856
parm u 0 0 4.7710926324180338 4.7710926324180338
end
usemtl diffuse_0
v 4.2894437098363909 5.5631560971658267 32.512762371315929
v 4.2894437098363909 2.5798766951759564 32.512762371315929
cstype bspline
deg 1
curv 9.5183305015250905 12.501609903514961 857 858
parm u 9.5183305015250905 9.5183305015250905 12.501609903514961 12.501609903514961
end
usemtl diffuse_0
v 7.5569692596040028 2.5798766951759564 32.512762371315929
v 7.5569692596040028 5.5631560971658267 32.512762371315929
cstype bspline
deg 1
curv 3.2675255497676101 6.2508049517574804 859 860
parm u 3.2675255497676101 3.2675255497676101 6.2508049517574804 6.2508049517574804
end
usemtl diffuse_0
v 10.536870496773474 4.0715163961708924 6.7617895979170832
v 11.852639357672459 0.12817806179580593 -0.095999720000000011
cstype bspline
deg 1
curv 8.0193789811681278 16.038757962336256 861 862
parm u 8.0193789811681278 8.0193789811681278 16.038757962336256 16.038757962336256
end
usemtl diffuse_0
v 11.852639357672459 8.014854730545979 -0.095999720000000011
v 10.536870496773474 4.0715163961708924 6.7617895979170832
cstype bspline
deg 1
curv 0 8.0193789811681278 863 864
parm u 0 0 8.0193789811681278 8.0193789811681278
end
usemtl diffuse_0
v 9.7441152819034613 1.285551815546419 10.89363099181066
v 9.2843184093940607 4.0715163961708924 13.290092995442695
cstype bspline
deg 1
curv 13.79552876188913 17.499046271408371 865 866
parm u 13.79552876188913 13.79552876188913 17.499046271408371 17.499046271408371
end
usemtl diffuse_0
v 10.536870496773474 4.0715163961708924 6.7617895979170832
v 9.7441152819034613 1.285551815546419 10.89363099181066
cstype bspline
deg 1
curv 8.7495231357041856 13.79552876188913 867 868
parm u 8.7495231357041856 8.7495231357041856 13.79552876188913 13.79552876188913
end
usemtl diffuse_0
v 9.7441152819034613 6.8574809767953662 10.89363099181066
v 10.536870496773474 4.0715163961708924 6.7617895979170832
cstype bspline
deg 1
curv 3.7035175095192394 8.7495231357041856 869 870
parm u 3.7035175095192394 3.7035175095192394 8.7495231357041856 8.7495231357041856
end
usemtl diffuse_0
v 9.2843184093940607 4.0715163961708924 13.290092995442695
v 9.7441152819034613 6.8574809767953662 10.89363099181066
cstype bspline
deg 1
curv 0 3.7035175095192394 871 872
parm u 0 0 3.7035175095192394 3.7035175095192394
end
usemtl diffuse_0
v 8.8403645464276295 1.7816226895728682 15.603981209075496
v 8.4034157852521716 4.0715163961708916 17.881358821446444
cstype bspline
deg 1
curv 9.8300696533863476 13.089055108514739 873 874
parm u 9.8300696533863476 9.8300696533863476 13.089055108514739 13.089055108514739
end
usemtl diffuse_0
v 9.2843184093940607 4.0715163961708924 13.290092995442695
v 8.8403645464276295 1.7816226895728682 15.603981209075496
cstype bspline
deg 1
curv 6.5445275542573693 9.8300696533863476 875 876
parm u 6.5445275542573693 6.5445275542573693 9.8300696533863476 9.8300696533863476
end
usemtl diffuse_0
v 8.8403645464276295 6.3614101027689163 15.603981209075496
v 9.2843184093940607 4.0715163961708924 13.290092995442695
cstype bspline
deg 1
curv 3.2589854551283914 6.5445275542573693 877 878
parm u 3.2589854551283914 3.2589854551283914 6.5445275542573693 6.5445275542573693
end
usemtl diffuse_0
v 8.4034157852521716 4.0715163961708916 17.881358821446444
v 8.8403645464276295 6.3614101027689163 15.603981209075496
cstype bspline
deg 1
curv 0 3.2589854551283914 879 880
parm u 0 0 3.2589854551283914 3.2589854551283914
end
usemtl diffuse_0
v 8.4034157852521716 4.0715163961708916 17.881358821446444
v 7.9727482835161823 2.2578592678318454 20.125998499999998
cstype bspline
deg 1
curv 2.9177446705912349 5.8354893411824698 881 882
parm u 2.9177446705912349 2.9177446705912349 5.8354893411824698 5.8354893411824698
end
usemtl diffuse_0
v 7.9727482835161823 5.8851735245099377 20.125998499999998
v 8.4034157852521716 4.0715163961708916 17.881358821446444
cstype bspline
deg 1
curv 0 2.9177446705912349 883 884
parm u 0 0 2.9177446705912349 2.9177446705912349
end
usemtl diffuse_0
v 2.1022976875369324 6.8574809767953662 10.89363099181066
v 5.9232064847201968 7.2926261522209099 6.7617895979170832
cstype bspline
deg 1
curv 14.67915396518892 20.323691914780632 885 886
parm u 14.67915396518892 14.67915396518892 20.323691914780632 20.323691914780632
end
usemtl diffuse_0
v 5.9232064847201968 6.6050974074472597 13.290092995442695
v 2.1022976875369324 6.8574809767953662 10.89363099181066
cstype bspline
deg 1
curv 10.161845957390316 14.67915396518892 887 888
parm u 10.161845957390316 10.161845957390316 14.67915396518892 14.67915396518892
end
usemtl diffuse_0
v 9.7441152819034613 6.8574809767953662 10.89363099181066
v 5.9232064847201968 6.6050974074472597 13.290092995442695
cstype bspline
deg 1
curv 5.6445379495917116 10.161845957390316 889 890
parm u 5.6445379495917116 5.6445379495917116 10.161845957390316 10.161845957390316
end
usemtl diffuse_0
v 5.9232064847201968 7.2926261522209099 6.7617895979170832
v 9.7441152819034613 6.8574809767953662 10.89363099181066
cstype bspline
deg 1
curv 0 5.6445379495917116 891 892
parm u 0 0 5.6445379495917116 5.6445379495917116
end
usemtl diffuse_0
v 3.0060484230127642 6.3614101027689163 15.603981209075496
v 5.9232064847201968 6.6050974074472597 13.290092995442695
cstype bspline
deg 1
curv 11.14860921252798 14.879999479524297 893 894
parm u 11.14860921252798 11.14860921252798 14.879999479524297 14.879999479524297
end
usemtl diffuse_0
v 5.9232064847201968 6.1215679147047908 17.881358821446444
v 3.0060484230127642 6.3614101027689163 15.603981209075496
cstype bspline
deg 1
curv 7.4399997397621478 11.14860921252798 895 896
parm u 7.4399997397621478 7.4399997397621478 11.14860921252798 11.14860921252798
end
usemtl diffuse_0
v 8.8403645464276295 6.3614101027689163 15.603981209075496
v 5.9232064847201968 6.1215679147047908 17.881358821446444
cstype bspline
deg 1
curv 3.7313902669963177 7.4399997397621478 897 898
parm u 3.7313902669963177 3.7313902669963177 7.4399997397621478 7.4399997397621478
end
usemtl diffuse_0
v 5.9232064847201968 6.6050974074472597 13.290092995442695
v 8.8403645464276295 6.3614101027689163 15.603981209075496
cstype bspline
deg 1
curv 0 3.7313902669963177 899 900
parm u 0 0 3.7313902669963177 3.7313902669963177
end
usemtl diffuse_0
v 5.9232064847201968 6.1215679147047908 17.881358821446444
v 3.8736646859242114 5.8851735245099395 20.125998499999998
cstype bspline
deg 1
curv 3.0487556772008628 6.0975113544017248 901 902
parm u 3.0487556772008628 3.0487556772008628 6.0975113544017248 6.0975113544017248
end
usemtl diffuse_0
v 7.9727482835161823 5.8851735245099395 20.125998499999998
v 5.9232064847201968 6.1215679147047908 17.881358821446444
cstype bspline
deg 1
curv 0 3.0487556772008628 903 904
parm u 0 0 3.0487556772008628 3.0487556772008628
end
usemtl diffuse_0
v 5.9232064847201968 2.0214648776369946 17.881358821446444
v 3.8736646859242114 2.2578592678318454 20.125998499999998
cstype bspline
deg 1
curv 3.0487556772008628 6.0975113544017248 905 906
parm u 3.0487556772008628 3.0487556772008628 6.0975113544017248 6.0975113544017248
end
usemtl diffuse_0
v 7.9727482835161823 2.2578592678318454 20.125998499999998
v 5.9232064847201968 2.0214648776369946 17.881358821446444
cstype bspline
deg 1
curv 0 3.0487556772008628 907 908
parm u 0 0 3.0487556772008628 3.0487556772008628
end
usemtl diffuse_0
v 3.0060484230127642 1.7816226895728682 15.603981209075496
v 5.9232064847201968 1.537935384894525 13.290092995442695
cstype bspline
deg 1
curv 11.14860921252798 14.879999479524297 909 910
parm u 11.14860921252798 11.14860921252798 14.879999479524297 14.879999479524297
end
usemtl diffuse_0
v 5.9232064847201968 2.0214648776369946 17.881358821446444
v 3.0060484230127642 1.7816226895728682 15.603981209075496
cstype bspline
deg 1
curv 7.4399997397621478 11.14860921252798 911 912
parm u 7.4399997397621478 7.4399997397621478 11.14860921252798 11.14860921252798
end
usemtl diffuse_0
v 8.8403645464276295 1.7816226895728682 15.603981209075496
v 5.9232064847201968 2.0214648776369946 17.881358821446444
cstype bspline
deg 1
curv 3.7313902669963177 7.4399997397621478 913 914
parm u 3.7313902669963177 3.7313902669963177 7.4399997397621478 7.4399997397621478
end
usemtl diffuse_0
v 5.9232064847201968 1.537935384894525 13.290092995442695
v 8.8403645464276295 1.7816226895728682 15.603981209075496
cstype bspline
deg 1
curv 0 3.7313902669963177 915 916
parm u 0 0 3.7313902669963177 3.7313902669963177
end
usemtl diffuse_0
v 2.1022976875369324 1.285551815546419 10.89363099181066
v 5.9232064847201968 0.85040664012087497 6.7617895979170832
cstype bspline
deg 1
curv 14.67915396518892 20.323691914780632 917 918
parm u 14.67915396518892 14.67915396518892 20.323691914780632 20.323691914780632
end
usemtl diffuse_0
v 5.9232064847201968 1.537935384894525 13.290092995442695
v 2.1022976875369324 1.285551815546419 10.89363099181066
cstype bspline
deg 1
curv 10.161845957390316 14.67915396518892 919 920
parm u 10.161845957390316 10.161845957390316 14.67915396518892 14.67915396518892
end
usemtl diffuse_0
v 9.7441152819034613 1.285551815546419 10.89363099181066
v 5.9232064847201968 1.537935384894525 13.290092995442695
cstype bspline
deg 1
curv 5.6445379495917116 10.161845957390316 921 922
parm u 5.6445379495917116 5.6445379495917116 10.161845957390316 10.161845957390316
end
usemtl diffuse_0
v 5.9232064847201968 0.85040664012087497 6.7617895979170832
v 9.7441152819034613 1.285551815546419 10.89363099181066
cstype bspline
deg 1
curv 0 5.6445379495917116 923 924
parm u 0 0 5.6445379495917116 5.6445379495917116
end
usemtl diffuse_0
v 5.9232064847201968 7.2926261522209082 6.7617895979170832
v 11.852639357672459 8.014854730545979 -0.095999720000000011
cstype bspline
deg 1
curv 9.0944523003386006 18.188904600677201 925 926
parm u 9.0944523003386006 9.0944523003386006 18.188904600677201 18.188904600677201
end
usemtl diffuse_0
v -0.0062263882320650055 8.014854730545979 -0.095999720000000011
v 5.9232064847201968 7.2926261522209082 6.7617895979170832
cstype bspline
deg 1
curv 0 9.0944523003386006 927 928
parm u 0 0 9.0944523003386006 9.0944523003386006
end
usemtl diffuse_0
v 5.9232064847201968 0.85040664012087674 6.7617895979170832
v 11.852639357672459 0.12817806179580593 -0.095999720000000011
cstype bspline
deg 1
curv 9.0944523003386006 18.188904600677201 929 930
parm u 9.0944523003386006 9.0944523003386006 18.188904600677201 18.188904600677201
end
usemtl diffuse_0
v -0.0062263882320650055 0.12817806179580593 -0.095999720000000011
v 5.9232064847201968 0.85040664012087674 6.7617895979170832
cstype bspline
deg 1
curv 0 9.0944523003386006 931 932
parm u 0 0 9.0944523003386006 9.0944523003386006
end
usemtl diffuse_0
v 1.3095424726669194 4.0715163961708924 6.7617895979170832
v -0.0062263882320650055 0.12817806179580593 -0.095999720000000011
cstype bspline
deg 1
curv 8.0193789811681278 16.038757962336256 933 934
parm u 8.0193789811681278 8.0193789811681278 16.038757962336256 16.038757962336256
end
usemtl diffuse_0
v -0.0062263882320650055 8.014854730545979 -0.095999720000000011
v 1.3095424726669194 4.0715163961708924 6.7617895979170832
cstype bspline
deg 1
curv 0 8.0193789811681278 935 936
parm u 0 0 8.0193789811681278 8.0193789811681278
end
usemtl diffuse_0
v 2.1022976875369324 1.285551815546419 10.89363099181066
v 2.562094560046333 4.0715163961708924 13.290092995442695
cstype bspline
deg 1
curv 13.79552876188913 17.499046271408371 937 938
parm u 13.79552876188913 13.79552876188913 17.499046271408371 17.499046271408371
end
usemtl diffuse_0
v 1.3095424726669194 4.0715163961708924 6.7617895979170832
v 2.1022976875369324 1.285551815546419 10.89363099181066
cstype bspline
deg 1
curv 8.7495231357041856 13.79552876188913 939 940
parm u 8.7495231357041856 8.7495231357041856 13.79552876188913 13.79552876188913
end
usemtl diffuse_0
v 2.1022976875369324 6.8574809767953662 10.89363099181066
v 1.3095424726669194 4.0715163961708924 6.7617895979170832
cstype bspline
deg 1
curv 3.7035175095192394 8.7495231357041856 941 942
parm u 3.7035175095192394 3.7035175095192394 8.7495231357041856 8.7495231357041856
end
usemtl diffuse_0
v 2.562094560046333 4.0715163961708924 13.290092995442695
v 2.1022976875369324 6.8574809767953662 10.89363099181066
cstype bspline
deg 1
curv 0 3.7035175095192394 943 944
parm u 0 0 3.7035175095192394 3.7035175095192394
end
usemtl diffuse_0
v 3.0060484230127642 1.7816226895728682 15.603981209075496
v 3.4429971841882221 4.0715163961708916 17.881358821446444
cstype bspline
deg 1
curv 9.8300696533863476 13.089055108514739 945 946
parm u 9.8300696533863476 9.8300696533863476 13.089055108514739 13.089055108514739
end
usemtl diffuse_0
v 2.562094560046333 4.0715163961708924 13.290092995442695
v 3.0060484230127642 1.7816226895728682 15.603981209075496
cstype bspline
deg 1
curv 6.5445275542573693 9.8300696533863476 947 948
parm u 6.5445275542573693 6.5445275542573693 9.8300696533863476 9.8300696533863476
end
usemtl diffuse_0
v 3.0060484230127642 6.3614101027689163 15.603981209075496
v 2.562094560046333 4.0715163961708924 13.290092995442695
cstype bspline
deg 1
curv 3.2589854551283914 6.5445275542573693 949 950
parm u 3.2589854551283914 3.2589854551283914 6.5445275542573693 6.5445275542573693
end
usemtl diffuse_0
v 3.4429971841882221 4.0715163961708916 17.881358821446444
v 3.0060484230127642 6.3614101027689163 15.603981209075496
cstype bspline
deg 1
curv 0 3.2589854551283914 951 952
parm u 0 0 3.2589854551283914 3.2589854551283914
end
usemtl diffuse_0
v 3.4429971841882221 4.0715163961708916 17.881358821446444
v 3.8736646859242114 2.2578592678318454 20.125998499999998
cstype bspline
deg 1
curv 2.9177446705912349 5.8354893411824698 953 954
parm u 2.9177446705912349 2.9177446705912349 5.8354893411824698 5.8354893411824698
end
usemtl diffuse_0
v 3.8736646859242114 5.8851735245099377 20.125998499999998
v 3.4429971841882221 4.0715163961708916 17.881358821446444
cstype bspline
deg 1
curv 0 2.9177446705912349 955 956
parm u 0 0 2.9177446705912349 2.9177446705912349
end
usemtl diffuse_0
v 9.2843184093940607 1.537935384894525 13.290092995442695
v 9.2843184093940607 6.6050974074472597 13.290092995442695
cstype bspline
deg 1
curv 11.825481451862041 15.452795708540133 957 958
parm u 11.825481451862041 11.825481451862041 15.452795708540133 15.452795708540133
end
usemtl diffuse_0
v 2.562094560046333 1.537935384894525 13.290092995442695
v 9.2843184093940607 1.537935384894525 13.290092995442695
cstype bspline
deg 1
curv 7.7263978542700666 11.825481451862041 959 960
parm u 7.7263978542700666 7.7263978542700666 11.825481451862041 11.825481451862041
end
usemtl diffuse_0
v 2.562094560046333 6.6050974074472597 13.290092995442695
v 2.562094560046333 1.537935384894525 13.290092995442695
cstype bspline
deg 1
curv 4.0990835975919744 7.7263978542700666 961 962
parm u 4.0990835975919744 4.0990835975919744 7.7263978542700666 7.7263978542700666
end
usemtl diffuse_0
v 9.2843184093940607 6.6050974074472597 13.290092995442695
v 2.562094560046333 6.6050974074472597 13.290092995442695
cstype bspline
deg 1
curv 0 4.0990835975919744 963 964
parm u 0 0 4.0990835975919744 4.0990835975919744
end
usemtl diffuse_0
v 10.536870496773474 0.85040664012087586 6.7617895979170832
v 10.536870496773474 7.292626152220909 6.7617895979170832
cstype bspline
deg 1
curv 11.825481451862041 15.452795708540133 965 966
parm u 11.825481451862041 11.825481451862041 15.452795708540133 15.452795708540133
end
usemtl diffuse_0
v 1.3095424726669194 0.85040664012087586 6.7617895979170832
v 10.536870496773474 0.85040664012087586 6.7617895979170832
cstype bspline
deg 1
curv 7.7263978542700666 11.825481451862041 967 968
parm u 7.7263978542700666 7.7263978542700666 11.825481451862041 11.825481451862041
end
usemtl diffuse_0
v 1.3095424726669194 7.292626152220909 6.7617895979170832
v 1.3095424726669194 0.85040664012087586 6.7617895979170832
cstype bspline
deg 1
curv 4.0990835975919744 7.7263978542700666 969 970
parm u 4.0990835975919744 4.0990835975919744 7.7263978542700666 7.7263978542700666
end
usemtl diffuse_0
v 10.536870496773474 7.292626152220909 6.7617895979170832
v 1.3095424726669194 7.292626152220909 6.7617895979170832
cstype bspline
deg 1
curv 0 4.0990835975919744 971 972
parm u 0 0 4.0990835975919744 4.0990835975919744
end
usemtl diffuse_0
v 8.4034157852521645 2.0214648776369946 17.881358821446444
v 8.4034157852521645 6.121567914704789 17.881358821446444
cstype bspline
deg 1
curv 11.825481451862041 15.452795708540133 973 974
parm u 11.825481451862041 11.825481451862041 15.452795708540133 15.452795708540133
end
usemtl diffuse_0
v 3.4429971841882221 2.0214648776369946 17.881358821446444
v 8.4034157852521645 2.0214648776369946 17.881358821446444
cstype bspline
deg 1
curv 7.7263978542700666 11.825481451862041 975 976
parm u 7.7263978542700666 7.7263978542700666 11.825481451862041 11.825481451862041
end
usemtl diffuse_0
v 3.4429971841882221 6.121567914704789 17.881358821446444
v 3.4429971841882221 2.0214648776369946 17.881358821446444
cstype bspline
deg 1
curv 4.0990835975919744 7.7263978542700666 977 978
parm u 4.0990835975919744 4.0990835975919744 7.7263978542700666 7.7263978542700666
end
usemtl diffuse_0
v 8.4034157852521645 6.121567914704789 17.881358821446444
v 3.4429971841882221 6.121567914704789 17.881358821446444
cstype bspline
deg 1
curv 0 4.0990835975919744 979 980
parm u 0 0 4.0990835975919744 4.0990835975919744
end
usemtl diffuse_0
v 7.9727482835161823 2.2578592678318454 20.125998499999998
v 7.9727482835161823 5.8851735245099377 20.125998499999998
cstype bspline
deg 1
curv 11.825481451862041 15.452795708540133 981 982
parm u 11.825481451862041 11.825481451862041 15.452795708540133 15.452795708540133
end
usemtl diffuse_0
v 3.8736646859242114 2.2578592678318454 20.125998499999998
v 7.9727482835161823 2.2578592678318454 20.125998499999998
cstype bspline
deg 1
curv 7.7263978542700666 11.825481451862041 983 984
parm u 7.7263978542700666 7.7263978542700666 11.825481451862041 11.825481451862041
end
usemtl diffuse_0
v 3.8736646859242114 5.8851735245099377 20.125998499999998
v 3.8736646859242114 2.2578592678318454 20.125998499999998
cstype bspline
deg 1
curv 4.0990835975919744 7.7263978542700666 985 986
parm u 4.0990835975919744 4.0990835975919744 7.7263978542700666 7.7263978542700666
end
usemtl diffuse_0
v 7.9727482835161823 5.8851735245099377 20.125998499999998
v 3.8736646859242114 5.8851735245099377 20.125998499999998
cstype bspline
deg 1
curv 0 4.0990835975919744 987 988
parm u 0 0 4.0990835975919744 4.0990835975919744
end
usemtl diffuse_0
v 15.732530431828737 2.2578592678318472 20.125998499999998
v 15.732530431828737 5.8851735245099395 20.125998499999998
cstype bspline
deg 1
curv 11.825481451862041 15.452795708540133 989 990
parm u 11.825481451862041 11.825481451862041 15.452795708540133 15.452795708540133
end
usemtl diffuse_0
v 19.831614029420713 2.2578592678318472 20.125998499999998
v 15.732530431828737 2.2578592678318472 20.125998499999998
cstype bspline
deg 1
curv 7.7263978542700666 11.825481451862041 991 992
parm u 7.7263978542700666 7.7263978542700666 11.825481451862041 11.825481451862041
end
usemtl diffuse_0
v 19.831614029420713 5.8851735245099395 20.125998499999998
v 19.831614029420713 2.2578592678318472 20.125998499999998
cstype bspline
deg 1
curv 4.0990835975919744 7.7263978542700666 993 994
parm u 4.0990835975919744 4.0990835975919744 7.7263978542700666 7.7263978542700666
end
usemtl diffuse_0
v 15.732530431828737 5.8851735245099395 20.125998499999998
v 19.831614029420713 5.8851735245099395 20.125998499999998
cstype bspline
deg 1
curv 0 4.0990835975919744 995 996
parm u 0 0 4.0990835975919744 4.0990835975919744
end
usemtl diffuse_0
v 15.301862930092753 2.0214648776369963 17.881358821446444
v 15.301862930092753 6.1215679147047908 17.881358821446444
cstype bspline
deg 1
curv 11.825481451862041 15.452795708540133 997 998
parm u 11.825481451862041 11.825481451862041 15.452795708540133 15.452795708540133
end
usemtl diffuse_0
v 20.262281531156695 2.0214648776369963 17.881358821446444
v 15.301862930092753 2.0214648776369963 17.881358821446444
cstype bspline
deg 1
curv 7.7263978542700666 11.825481451862041 999 1000
parm u 7.7263978542700666 7.7263978542700666 11.825481451862041 11.825481451862041
end
usemtl diffuse_0
v 20.262281531156695 6.1215679147047908 17.881358821446444
v 20.262281531156695 2.0214648776369963 17.881358821446444
cstype bspline
deg 1
curv 4.0990835975919744 7.7263978542700666 1001 1002
parm u 4.0990835975919744 4.0990835975919744 7.7263978542700666 7.7263978542700666
end
usemtl diffuse_0
v 15.301862930092753 6.1215679147047908 17.881358821446444
v 20.262281531156695 6.1215679147047908 17.881358821446444
cstype bspline
deg 1
curv 0 4.0990835975919744 1003 1004
parm u 0 0 4.0990835975919744 4.0990835975919744
end
usemtl diffuse_0
v 13.168408218571447 0.85040664012087763 6.7617895979170832
v 13.168408218571447 7.2926261522209108 6.7617895979170832
cstype bspline
deg 1
curv 11.825481451862041 15.452795708540133 1005 1006
parm u 11.825481451862041 11.825481451862041 15.452795708540133 15.452795708540133
end
usemtl diffuse_0
v 22.395736242678005 0.85040664012087763 6.7617895979170832
v 13.168408218571447 0.85040664012087763 6.7617895979170832
cstype bspline
deg 1
curv 7.7263978542700666 11.825481451862041 1007 1008
parm u 7.7263978542700666 7.7263978542700666 11.825481451862041 11.825481451862041
end
usemtl diffuse_0
v 22.395736242678005 7.2926261522209108 6.7617895979170832
v 22.395736242678005 0.85040664012087763 6.7617895979170832
cstype bspline
deg 1
curv 4.0990835975919744 7.7263978542700666 1009 1010
parm u 4.0990835975919744 4.0990835975919744 7.7263978542700666 7.7263978542700666
end
usemtl diffuse_0
v 13.168408218571447 7.2926261522209108 6.7617895979170832
v 22.395736242678005 7.2926261522209108 6.7617895979170832
cstype bspline
deg 1
curv 0 4.0990835975919744 1011 1012
parm u 0 0 4.0990835975919744 4.0990835975919744
end
usemtl diffuse_0
v 14.420960305950858 1.5379353848945267 13.290092995442695
v 14.420960305950858 6.6050974074472615 13.290092995442695
cstype bspline
deg 1
curv 11.825481451862041 15.452795708540133 1013 1014
parm u 11.825481451862041 11.825481451862041 15.452795708540133 15.452795708540133
end
usemtl diffuse_0
v 21.143184155298592 1.5379353848945267 13.290092995442695
v 14.420960305950858 1.5379353848945267 13.290092995442695
cstype bspline
deg 1
curv 7.7263978542700666 11.825481451862041 1015 1016
parm u 7.7263978542700666 7.7263978542700666 11.825481451862041 11.825481451862041
end
usemtl diffuse_0
v 21.143184155298592 6.6050974074472615 13.290092995442695
v 21.143184155298592 1.5379353848945267 13.290092995442695
cstype bspline
deg 1
curv 4.0990835975919744 7.7263978542700666 1017 1018
parm u 4.0990835975919744 4.0990835975919744 7.7263978542700666 7.7263978542700666
end
usemtl diffuse_0
v 14.420960305950858 6.6050974074472615 13.290092995442695
v 21.143184155298592 6.6050974074472615 13.290092995442695
cstype bspline
deg 1
curv 0 4.0990835975919744 1019 1020
parm u 0 0 4.0990835975919744 4.0990835975919744
end
usemtl diffuse_0
v 20.262281531156695 4.0715163961708933 17.881358821446444
v 19.831614029420713 2.2578592678318472 20.125998499999998
cstype bspline
deg 1
curv 2.9177446705912349 5.8354893411824698 1021 1022
parm u 2.9177446705912349 2.9177446705912349 5.8354893411824698 5.8354893411824698
end
usemtl diffuse_0
v 19.831614029420713 5.8851735245099395 20.125998499999998
v 20.262281531156695 4.0715163961708933 17.881358821446444
cstype bspline
deg 1
curv 0 2.9177446705912349 1023 1024
parm u 0 0 2.9177446705912349 2.9177446705912349
end
usemtl diffuse_0
v 20.699230292332157 1.78162268957287 15.603981209075496
v 20.262281531156695 4.0715163961708933 17.881358821446444
cstype bspline
deg 1
curv 9.8300696533863476 13.089055108514739 1025 1026
parm u 9.8300696533863476 9.8300696533863476 13.089055108514739 13.089055108514739
end
usemtl diffuse_0
v 21.143184155298592 4.0715163961708942 13.290092995442695
v 20.699230292332157 1.78162268957287 15.603981209075496
cstype bspline
deg 1
curv 6.5445275542573693 9.8300696533863476 1027 1028
parm u 6.5445275542573693 6.5445275542573693 9.8300696533863476 9.8300696533863476
end
usemtl diffuse_0
v 20.699230292332157 6.3614101027689181 15.603981209075496
v 21.143184155298592 4.0715163961708942 13.290092995442695
cstype bspline
deg 1
curv 3.2589854551283914 6.5445275542573693 1029 1030
parm u 3.2589854551283914 3.2589854551283914 6.5445275542573693 6.5445275542573693
end
usemtl diffuse_0
v 20.262281531156695 4.0715163961708933 17.881358821446444
v 20.699230292332157 6.3614101027689181 15.603981209075496
cstype bspline
deg 1
curv 0 3.2589854551283914 1031 1032
parm u 0 0 3.2589854551283914 3.2589854551283914
end
usemtl diffuse_0
v 21.602981027807989 1.2855518155464207 10.89363099181066
v 21.143184155298592 4.0715163961708942 13.290092995442695
cstype bspline
deg 1
curv 13.79552876188913 17.499046271408371 1033 1034
parm u 13.79552876188913 13.79552876188913 17.499046271408371 17.499046271408371
end
usemtl diffuse_0
v 22.395736242678005 4.0715163961708942 6.7617895979170832
v 21.602981027807989 1.2855518155464207 10.89363099181066
cstype bspline
deg 1
curv 8.7495231357041856 13.79552876188913 1035 1036
parm u 8.7495231357041856 8.7495231357041856 13.79552876188913 13.79552876188913
end
usemtl diffuse_0
v 21.602981027807989 6.8574809767953679 10.89363099181066
v 22.395736242678005 4.0715163961708942 6.7617895979170832
cstype bspline
deg 1
curv 3.7035175095192394 8.7495231357041856 1037 1038
parm u 3.7035175095192394 3.7035175095192394 8.7495231357041856 8.7495231357041856
end
usemtl diffuse_0
v 21.143184155298592 4.0715163961708942 13.290092995442695
v 21.602981027807989 6.8574809767953679 10.89363099181066
cstype bspline
deg 1
curv 0 3.7035175095192394 1039 1040
parm u 0 0 3.7035175095192394 3.7035175095192394
end
usemtl diffuse_0
v 22.395736242678005 4.0715163961708942 6.7617895979170832
v 23.711505103576989 0.12817806179580771 -0.095999720000000011
cstype bspline
deg 1
curv 8.0193789811681278 16.038757962336256 1041 1042
parm u 8.0193789811681278 8.0193789811681278 16.038757962336256 16.038757962336256
end
usemtl diffuse_0
v 23.711505103576989 8.0148547305459807 -0.095999720000000011
v 22.395736242678005 4.0715163961708942 6.7617895979170832
cstype bspline
deg 1
curv 0 8.0193789811681278 1043 1044
parm u 0 0 8.0193789811681278 8.0193789811681278
end
usemtl diffuse_0
v 17.782072230624724 0.85040664012087852 6.7617895979170832
v 11.85263935767246 0.12817806179580771 -0.095999720000000011
cstype bspline
deg 1
curv 9.0944523003386006 18.188904600677201 1045 1046
parm u 9.0944523003386006 9.0944523003386006 18.188904600677201 18.188904600677201
end
usemtl diffuse_0
v 23.711505103576989 0.12817806179580771 -0.095999720000000011
v 17.782072230624724 0.85040664012087852 6.7617895979170832
cstype bspline
deg 1
curv 0 9.0944523003386006 1047 1048
parm u 0 0 9.0944523003386006 9.0944523003386006
end
usemtl diffuse_0
v 17.782072230624724 7.2926261522209099 6.7617895979170832
v 11.85263935767246 8.0148547305459807 -0.095999720000000011
cstype bspline
deg 1
curv 9.0944523003386006 18.188904600677201 1049 1050
parm u 9.0944523003386006 9.0944523003386006 18.188904600677201 18.188904600677201
end
usemtl diffuse_0
v 23.711505103576989 8.0148547305459807 -0.095999720000000011
v 17.782072230624724 7.2926261522209099 6.7617895979170832
cstype bspline
deg 1
curv 0 9.0944523003386006 1051 1052
parm u 0 0 9.0944523003386006 9.0944523003386006
end
usemtl diffuse_0
v 21.602981027807989 1.2855518155464207 10.89363099181066
v 17.782072230624728 0.85040664012087674 6.7617895979170832
cstype bspline
deg 1
curv 14.67915396518892 20.323691914780632 1053 1054
parm u 14.67915396518892 14.67915396518892 20.323691914780632 20.323691914780632
end
usemtl diffuse_0
v 17.782072230624724 1.5379353848945267 13.290092995442695
v 21.602981027807989 1.2855518155464207 10.89363099181066
cstype bspline
deg 1
curv 10.161845957390316 14.67915396518892 1055 1056
parm u 10.161845957390316 10.161845957390316 14.67915396518892 14.67915396518892
end
usemtl diffuse_0
v 13.961163433441463 1.2855518155464207 10.89363099181066
v 17.782072230624724 1.5379353848945267 13.290092995442695
cstype bspline
deg 1
curv 5.6445379495917116 10.161845957390316 1057 1058
parm u 5.6445379495917116 5.6445379495917116 10.161845957390316 10.161845957390316
end
usemtl diffuse_0
v 17.782072230624728 0.85040664012087674 6.7617895979170832
v 13.961163433441463 1.2855518155464207 10.89363099181066
cstype bspline
deg 1
curv 0 5.6445379495917116 1059 1060
parm u 0 0 5.6445379495917116 5.6445379495917116
end
usemtl diffuse_0
v 20.699230292332157 1.78162268957287 15.603981209075496
v 17.782072230624724 1.5379353848945267 13.290092995442695
cstype bspline
deg 1
curv 11.14860921252798 14.879999479524297 1061 1062
parm u 11.14860921252798 11.14860921252798 14.879999479524297 14.879999479524297
end
usemtl diffuse_0
v 17.782072230624724 2.0214648776369963 17.881358821446444
v 20.699230292332157 1.78162268957287 15.603981209075496
cstype bspline
deg 1
curv 7.4399997397621478 11.14860921252798 1063 1064
parm u 7.4399997397621478 7.4399997397621478 11.14860921252798 11.14860921252798
end
usemtl diffuse_0
v 14.864914168917293 1.78162268957287 15.603981209075496
v 17.782072230624724 2.0214648776369963 17.881358821446444
cstype bspline
deg 1
curv 3.7313902669963177 7.4399997397621478 1065 1066
parm u 3.7313902669963177 3.7313902669963177 7.4399997397621478 7.4399997397621478
end
usemtl diffuse_0
v 17.782072230624724 1.5379353848945267 13.290092995442695
v 14.864914168917293 1.78162268957287 15.603981209075496
cstype bspline
deg 1
curv 0 3.7313902669963177 1067 1068
parm u 0 0 3.7313902669963177 3.7313902669963177
end
usemtl diffuse_0
v 17.782072230624724 2.0214648776369963 17.881358821446444
v 19.831614029420713 2.2578592678318472 20.125998499999998
cstype bspline
deg 1
curv 3.0487556772008628 6.0975113544017248 1069 1070
parm u 3.0487556772008628 3.0487556772008628 6.0975113544017248 6.0975113544017248
end
usemtl diffuse_0
v 15.732530431828737 2.2578592678318472 20.125998499999998
v 17.782072230624724 2.0214648776369963 17.881358821446444
cstype bspline
deg 1
curv 0 3.0487556772008628 1071 1072
parm u 0 0 3.0487556772008628 3.0487556772008628
end
usemtl diffuse_0
v 17.782072230624724 6.1215679147047926 17.881358821446444
v 19.831614029420713 5.8851735245099412 20.125998499999998
cstype bspline
deg 1
curv 3.0487556772008628 6.0975113544017248 1073 1074
parm u 3.0487556772008628 3.0487556772008628 6.0975113544017248 6.0975113544017248
end
usemtl diffuse_0
v 15.732530431828737 5.8851735245099412 20.125998499999998
v 17.782072230624724 6.1215679147047926 17.881358821446444
cstype bspline
deg 1
curv 0 3.0487556772008628 1075 1076
parm u 0 0 3.0487556772008628 3.0487556772008628
end
usemtl diffuse_0
v 20.699230292332157 6.3614101027689181 15.603981209075496
v 17.782072230624724 6.6050974074472615 13.290092995442695
cstype bspline
deg 1
curv 11.14860921252798 14.879999479524297 1077 1078
parm u 11.14860921252798 11.14860921252798 14.879999479524297 14.879999479524297
end
usemtl diffuse_0
v 17.782072230624724 6.1215679147047926 17.881358821446444
v 20.699230292332157 6.3614101027689181 15.603981209075496
cstype bspline
deg 1
curv 7.4399997397621478 11.14860921252798 1079 1080
parm u 7.4399997397621478 7.4399997397621478 11.14860921252798 11.14860921252798
end
usemtl diffuse_0
v 14.864914168917293 6.3614101027689181 15.603981209075496
v 17.782072230624724 6.1215679147047926 17.881358821446444
cstype bspline
deg 1
curv 3.7313902669963177 7.4399997397621478 1081 1082
parm u 3.7313902669963177 3.7313902669963177 7.4399997397621478 7.4399997397621478
end
usemtl diffuse_0
v 17.782072230624724 6.6050974074472615 13.290092995442695
v 14.864914168917293 6.3614101027689181 15.603981209075496
cstype bspline
deg 1
curv 0 3.7313902669963177 1083 1084
parm u 0 0 3.7313902669963177 3.7313902669963177
end
usemtl diffuse_0
v 21.602981027807989 6.8574809767953679 10.89363099181066
v 17.782072230624728 7.2926261522209117 6.7617895979170832
cstype bspline
deg 1
curv 14.67915396518892 20.323691914780632 1085 1086
parm u 14.67915396518892 14.67915396518892 20.323691914780632 20.323691914780632
end
usemtl diffuse_0
v 17.782072230624724 6.6050974074472615 13.290092995442695
v 21.602981027807989 6.8574809767953679 10.89363099181066
cstype bspline
deg 1
curv 10.161845957390316 14.67915396518892 1087 1088
parm u 10.161845957390316 10.161845957390316 14.67915396518892 14.67915396518892
end
usemtl diffuse_0
v 13.961163433441463 6.8574809767953679 10.89363099181066
v 17.782072230624724 6.6050974074472615 13.290092995442695
cstype bspline
deg 1
curv 5.6445379495917116 10.161845957390316 1089 1090
parm u 5.6445379495917116 5.6445379495917116 10.161845957390316 10.161845957390316
end
usemtl diffuse_0
v 17.782072230624728 7.2926261522209117 6.7617895979170832
v 13.961163433441463 6.8574809767953679 10.89363099181066
cstype bspline
deg 1
curv 0 5.6445379495917116 1091 1092
parm u 0 0 5.6445379495917116 5.6445379495917116
end
usemtl diffuse_0
v 15.301862930092751 4.0715163961708933 17.881358821446444
v 15.732530431828737 2.2578592678318472 20.125998499999998
cstype bspline
deg 1
curv 2.9177446705912349 5.8354893411824698 1093 1094
parm u 2.9177446705912349 2.9177446705912349 5.8354893411824698 5.8354893411824698
end
usemtl diffuse_0
v 15.732530431828737 5.8851735245099395 20.125998499999998
v 15.301862930092751 4.0715163961708933 17.881358821446444
cstype bspline
deg 1
curv 0 2.9177446705912349 1095 1096
parm u 0 0 2.9177446705912349 2.9177446705912349
end
usemtl diffuse_0
v 14.86491416891729 1.78162268957287 15.603981209075496
v 15.301862930092751 4.0715163961708933 17.881358821446444
cstype bspline
deg 1
curv 9.8300696533863476 13.089055108514739 1097 1098
parm u 9.8300696533863476 9.8300696533863476 13.089055108514739 13.089055108514739
end
usemtl diffuse_0
v 14.420960305950857 4.0715163961708942 13.290092995442695
v 14.86491416891729 1.78162268957287 15.603981209075496
cstype bspline
deg 1
curv 6.5445275542573693 9.8300696533863476 1099 1100
parm u 6.5445275542573693 6.5445275542573693 9.8300696533863476 9.8300696533863476
end
usemtl diffuse_0
v 14.86491416891729 6.3614101027689181 15.603981209075496
v 14.420960305950857 4.0715163961708942 13.290092995442695
cstype bspline
deg 1
curv 3.2589854551283914 6.5445275542573693 1101 1102
parm u 3.2589854551283914 3.2589854551283914 6.5445275542573693 6.5445275542573693
end
usemtl diffuse_0
v 15.301862930092751 4.0715163961708933 17.881358821446444
v 14.86491416891729 6.3614101027689181 15.603981209075496
cstype bspline
deg 1
curv 0 3.2589854551283914 1103 1104
parm u 0 0 3.2589854551283914 3.2589854551283914
end
usemtl diffuse_0
v 13.961163433441461 1.2855518155464207 10.89363099181066
v 14.420960305950857 4.0715163961708942 13.290092995442695
cstype bspline
deg 1
curv 13.79552876188913 17.499046271408371 1105 1106
parm u 13.79552876188913 13.79552876188913 17.499046271408371 17.499046271408371
end
usemtl diffuse_0
v 13.168408218571445 4.0715163961708942 6.7617895979170832
v 13.961163433441461 1.2855518155464207 10.89363099181066
cstype bspline
deg 1
curv 8.7495231357041856 13.79552876188913 1107 1108
parm u 8.7495231357041856 8.7495231357041856 13.79552876188913 13.79552876188913
end
usemtl diffuse_0
v 13.961163433441461 6.8574809767953679 10.89363099181066
v 13.168408218571445 4.0715163961708942 6.7617895979170832
cstype bspline
deg 1
curv 3.7035175095192394 8.7495231357041856 1109 1110
parm u 3.7035175095192394 3.7035175095192394 8.7495231357041856 8.7495231357041856
end
usemtl diffuse_0
v 14.420960305950857 4.0715163961708942 13.290092995442695
v 13.961163433441461 6.8574809767953679 10.89363099181066
cstype bspline
deg 1
curv 0 3.7035175095192394 1111 1112
parm u 0 0 3.7035175095192394 3.7035175095192394
end
usemtl diffuse_0
v 13.168408218571445 4.0715163961708942 6.7617895979170832
v 11.852639357672459 0.12817806179580771 -0.095999720000000011
cstype bspline
deg 1
curv 8.0193789811681278 16.038757962336256 1113 1114
parm u 8.0193789811681278 8.0193789811681278 16.038757962336256 16.038757962336256
end
usemtl diffuse_0
v 11.852639357672459 8.0148547305459807 -0.095999720000000011
v 13.168408218571445 4.0715163961708942 6.7617895979170832
cstype bspline
deg 1
curv 0 8.0193789811681278 1115 1116
parm u 0 0 8.0193789811681278 8.0193789811681278
end
usemtl diffuse_0
v 18.590606245846967 4.9240232239963637 57.097729860935004
v 30.46919696664202 4.4230784420021383 57.097729860935026
cstype bspline
deg 1
curv 0 11.889148968145935 1117 1118
parm u 0 0 11.889148968145935 11.889148968145935
end
usemtl diffuse_0
v 18.590606245846967 3.2190095683454194 57.097729860935004
v 30.46919696664202 3.7199543503396453 57.097729860935026
cstype bspline
deg 1
curv 0 11.889148968145935 1119 1120
parm u 0 0 11.889148968145935 11.889148968145935
end
usemtl diffuse_0
v 18.657855731293367 4.9761073962325781 55.094253377553549
v 26.421711238654638 4.4618024830856093 55.094253377553564
cstype bspline
deg 1
curv 0 7.7808715374867257 1121 1122
parm u 0 0 7.7808715374867257 7.7808715374867257
end
usemtl diffuse_0
v 18.657855731293314 3.166925396109205 55.094253377553549
v 26.421711238654652 3.6812303092557173 55.094253377553564
cstype bspline
deg 1
curv 0 7.7808715374867639 1123 1124
parm u 0 0 7.7808715374867639 7.7808715374867639
end
usemtl diffuse_0
v 5.1146724694979282 4.9240232239963637 57.09772986093499
v -6.7639182512971239 4.4230784420021383 57.09772986093499
cstype bspline
deg 1
curv 0 11.889148968145935 1125 1126
parm u 0 0 11.889148968145935 11.889148968145935
end
usemtl diffuse_0
v 5.1146724694979282 3.2190095683454194 57.09772986093499
v -6.7639182512971239 3.7199543503396453 57.09772986093499
cstype bspline
deg 1
curv 0 11.889148968145935 1127 1128
parm u 0 0 11.889148968145935 11.889148968145935
end
usemtl diffuse_0
v 5.047422984051531 4.9761073962325781 55.094253377553535
v -2.7164325233097375 4.4618024830856093 55.094253377553535
cstype bspline
deg 1
curv 0 7.7808715374867257 1129 1130
parm u 0 0 7.7808715374867257 7.7808715374867257
end
usemtl diffuse_0
v 5.0474229840515852 3.166925396109205 55.094253377553535
v -2.716432523309753 3.6812303092557173 55.094253377553535
cstype bspline
deg 1
curv 0 7.7808715374867639 1131 1132
parm u 0 0 7.7808715374867639 7.7808715374867639
end
usemtl diffuse_0
v 9.5574826527353114 5.2695886775442879 43.805164578111693
v 9.5574826527349863 2.87344411479812 43.805164578111693
cstype bspline
deg 1
curv 0 2.3961445627461684 1133 1134
parm u 0 0 2.3961445627461684 2.3961445627461684
end
usemtl diffuse_0
v 14.147796062609922 5.2695886775439771 43.805164578111693
v 14.147796062609922 2.8734441147978087 43.805164578111693
cstype bspline
deg 1
curv 0 2.3961445627461684 1135 1136
parm u 0 0 2.3961445627461684 2.3961445627461684
end
usemtl diffuse_0
v 18.969144124961097 2.9258351007215464 45.82044299634871
v 30.11857686577827 3.8048093385196031 43.805164578111693
cstype bspline
deg 1
curv 0 11.364145073683746 1137 1138
parm u 0 0 11.364145073683746 11.364145073683746
end
usemtl diffuse_0
v 18.969144124961097 5.2171976916202372 45.82044299634871
v 30.11857686577827 4.3382234538221764 43.805164578111693
cstype bspline
deg 1
curv 0 11.364145073683746 1139 1140
parm u 0 0 11.364145073683746 11.364145073683746
end
usemtl diffuse_0
v 30.11857686577827 3.8048093385196031 43.805164578111693
v 30.11857686577827 4.3382234538221764 43.805164578111693
cstype bspline
deg 1
curv 0 0.53341411530257332 1141 1142
parm u 0 0 0.53341411530257332 0.53341411530257332
end
usemtl diffuse_0
v 19.036789758828888 5.2695886775439735 43.805164578111693
v 30.11857686577827 4.3382234538221764 43.805164578111693
cstype bspline
deg 1
curv 0 11.120856381758912 1143 1144
parm u 0 0 11.120856381758912 11.120856381758912
end
usemtl diffuse_0
v 19.036789758828888 2.8734441147978065 43.805164578111693
v 30.11857686577827 3.8048093385196031 43.805164578111693
cstype bspline
deg 1
curv 0 11.120856381758912 1145 1146
parm u 0 0 11.120856381758912 11.120856381758912
end
usemtl diffuse_0
v 4.7361345903838146 2.9258351007215464 45.82044299634871
v -6.4132981504333602 3.8048093385196031 43.805164578111693
cstype bspline
deg 1
curv 0 11.364145073683746 1147 1148
parm u 0 0 11.364145073683746 11.364145073683746
end
usemtl diffuse_0
v 4.7361345903838137 5.2171976916202372 45.82044299634871
v -6.4132981504333602 4.3382234538221764 43.805164578111693
cstype bspline
deg 1
curv 0 11.364145073683746 1149 1150
parm u 0 0 11.364145073683746 11.364145073683746
end
usemtl diffuse_0
v -6.4132981504333602 3.8048093385196031 43.805164578111693
v -6.4132981504333602 4.3382234538221764 43.805164578111693
cstype bspline
deg 1
curv 0 0.53341411530257332 1151 1152
parm u 0 0 0.53341411530257332 0.53341411530257332
end
usemtl diffuse_0
v 4.6684889565160228 5.2695886775439735 43.805164578111693
v -6.4132981504333602 4.3382234538221764 43.805164578111693
cstype bspline
deg 1
curv 0 11.120856381758912 1153 1154
parm u 0 0 11.120856381758912 11.120856381758912
end
usemtl diffuse_0
v 4.6684889565160228 2.8734441147978065 43.805164578111693
v -6.4132981504333602 3.8048093385196031 43.805164578111693
cstype bspline
deg 1
curv 0 11.120856381758912 1155 1156
parm u 0 0 11.120856381758912 11.120856381758912
end
usemtl diffuse_0
v 14.213883703117498 5.5631560971658267 32.512762371315929
v 16.215488041823601 5.511126835902437 34.514126642138237
cstype bspline
deg 1
curv 0 2.8310044007876116 1157 1158
parm u 0 0 2.8310044007876116 2.8310044007876116
end
usemtl diffuse_0
v 14.213883703117499 2.5798766951759564 32.512762371315929
v 16.215488041823601 2.6319059564393461 34.514126642138237
cstype bspline
deg 1
curv 0 2.8310044007876098 1159 1160
parm u 0 0 2.8310044007876098 2.8310044007876098
end
usemtl diffuse_0
v 9.4913950122274127 5.5631560971658267 32.512762371315929
v 7.4897906735213082 5.511126835902437 34.514126642138237
cstype bspline
deg 1
curv 0 2.8310044007876116 1161 1162
parm u 0 0 2.8310044007876116 2.8310044007876116
end
usemtl diffuse_0
v 9.4913950122274109 2.5798766951759564 32.512762371315929
v 7.4897906735213082 2.6319059564393461 34.514126642138237
cstype bspline
deg 1
curv 0 2.8310044007876098 1163 1164
parm u 0 0 2.8310044007876098 2.8310044007876098
end
usemtl diffuse_0
v 26.723651536292355 3.8028496138773988 32.512762371315929
v 19.348656419425833 2.6319059564393461 34.514126642138237
cstype bspline
deg 1
curv 0 7.730919800853167 1165 1166
parm u 0 0 7.730919800853167 7.730919800853167
end
usemtl diffuse_0
v 19.348656419425833 5.511126835902437 34.514126642138237
v 26.723651536292355 4.3401831784643807 32.512762371315929
cstype bspline
deg 1
curv 0 7.7309198008531688 1167 1168
parm u 0 0 7.7309198008531688 7.7309198008531688
end
usemtl diffuse_0
v 26.723651536292355 4.3401831784643807 32.512762371315929
v 26.723651536292355 3.8028496138773988 32.512762371315929
cstype bspline
deg 1
curv 0 0.53733356458698189 1169 1170
parm u 0 0 0.53733356458698189 0.53733356458698189
end
usemtl diffuse_0
v 19.415835005508526 5.5631560971658223 32.512762371315929
v 26.723651536292355 4.3401831784643807 32.512762371315929
cstype bspline
deg 1
curv 0 7.4094429755194495 1171 1172
parm u 0 0 7.4094429755194495 7.4094429755194495
end
usemtl diffuse_0
v 19.415835005508526 2.5798766951759573 32.512762371315929
v 26.723651536292355 3.8028496138773988 32.512762371315929
cstype bspline
deg 1
curv 0 7.4094429755194495 1173 1174
parm u 0 0 7.4094429755194495 7.4094429755194495
end
usemtl diffuse_0
v -3.0183728209474374 3.8028496138773988 32.512762371315929
v 4.3566222959190855 2.6319059564393461 34.514126642138237
cstype bspline
deg 1
curv 0 7.730919800853167 1175 1176
parm u 0 0 7.730919800853167 7.730919800853167
end
usemtl diffuse_0
v 4.3566222959190855 5.511126835902437 34.514126642138237
v -3.0183728209474374 4.3401831784643807 32.512762371315929
cstype bspline
deg 1
curv 0 7.7309198008531688 1177 1178
parm u 0 0 7.7309198008531688 7.7309198008531688
end
usemtl diffuse_0
v -3.0183728209474374 4.3401831784643807 32.512762371315929
v -3.0183728209474374 3.8028496138773988 32.512762371315929
cstype bspline
deg 1
curv 0 0.53733356458698189 1179 1180
parm u 0 0 0.53733356458698189 0.53733356458698189
end
usemtl diffuse_0
v 4.2894437098363918 5.5631560971658223 32.512762371315929
v -3.0183728209474374 4.3401831784643807 32.512762371315929
cstype bspline
deg 1
curv 0 7.4094429755194495 1181 1182
parm u 0 0 7.4094429755194495 7.4094429755194495
end
usemtl diffuse_0
v 4.2894437098363918 2.5798766951759573 32.512762371315929
v -3.0183728209474374 3.8028496138773988 32.512762371315929
cstype bspline
deg 1
curv 0 7.4094429755194495 1183 1184
parm u 0 0 7.4094429755194495 7.4094429755194495
end
usemtl diffuse_0
v 18.590606245846988 4.9240232239963637 57.09772986093499
v 17.782072230624721 4.0715163961708916 59.022696287445768
cstype bspline
deg 1
curv 0 1.1749447413646701 1185 1186
parm u 0 0 1.1749447413646701 1.1749447413646701
end
usemtl diffuse_0
v 17.782072230624721 4.0715163961708916 59.022696287445768
v 18.590606245846988 3.2190095683454194 57.097729860934997
cstype bspline
deg 1
curv 1.1749447413646712 2.3498894827293415 1187 1188
parm u 1.1749447413646712 1.1749447413646712 2.3498894827293415 2.3498894827293415
end
usemtl diffuse_0
v 16.973538215402453 4.9240232239963646 57.097729860934997
v 17.782072230624721 4.0715163961708916 59.022696287445768
cstype bspline
deg 1
curv 0 1.1749447413646712 1189 1190
parm u 0 0 1.1749447413646712 1.1749447413646712
end
usemtl diffuse_0
v 17.782072230624721 4.0715163961708916 59.022696287445768
v 16.973538215402453 3.2190095683454194 57.097729860934997
cstype bspline
deg 1
curv 1.1749447413646701 2.3498894827293406 1191 1192
parm u 1.1749447413646701 1.1749447413646701 2.3498894827293406 2.3498894827293406
end
usemtl diffuse_0
v 18.590606245846988 4.9240232239963637 57.09772986093499
v 18.657855731293331 3.166925396109205 55.094253377553535
cstype bspline
deg 1
curv 7.9015364291965771 10.567213320629801 1193 1194
parm u 7.9015364291965771 7.9015364291965771 10.567213320629801 10.567213320629801
end
usemtl diffuse_0
v 16.90628872995611 4.9761073962325781 55.094253377553535
v 18.590606245846988 4.9240232239963637 57.09772986093499
cstype bspline
deg 1
curv 5.2836066603149003 7.9015364291965771 1195 1196
parm u 5.2836066603149003 5.2836066603149003 7.9015364291965771 7.9015364291965771
end
usemtl diffuse_0
v 16.973538215402453 3.2190095683454194 57.09772986093499
v 16.90628872995611 4.9761073962325781 55.094253377553535
cstype bspline
deg 1
curv 2.6179297688816781 5.2836066603149003 1197 1198
parm u 2.6179297688816781 2.6179297688816781 5.2836066603149003 5.2836066603149003
end
usemtl diffuse_0
v 18.657855731293331 3.166925396109205 55.094253377553535
v 16.973538215402453 3.2190095683454194 57.09772986093499
cstype bspline
deg 1
curv 0 2.6179297688816781 1199 1200
parm u 0 0 2.6179297688816781 2.6179297688816781
end
usemtl diffuse_0
v 18.657855731293331 4.9761073962325781 55.094253377553528
v 18.590606245846988 3.2190095683454194 57.097729860934997
cstype bspline
deg 1
curv 7.9015364291965895 10.567213320629824 1201 1202
parm u 7.9015364291965895 7.9015364291965895 10.567213320629824 10.567213320629824
end
usemtl diffuse_0
v 16.973538215402453 4.9240232239963637 57.09772986093499
v 18.657855731293331 4.9761073962325781 55.094253377553528
cstype bspline
deg 1
curv 5.2836066603149057 7.9015364291965895 1203 1204
parm u 5.2836066603149057 5.2836066603149057 7.9015364291965895 7.9015364291965895
end
usemtl diffuse_0
v 16.90628872995611 3.166925396109205 55.094253377553535
v 16.973538215402453 4.9240232239963637 57.09772986093499
cstype bspline
deg 1
curv 2.6179297688816829 5.2836066603149057 1205 1206
parm u 2.6179297688816829 2.6179297688816829 5.2836066603149057 5.2836066603149057
end
usemtl diffuse_0
v 18.590606245846988 3.2190095683454194 57.097729860934997
v 16.90628872995611 3.166925396109205 55.094253377553535
cstype bspline
deg 1
curv 0 2.6179297688816829 1207 1208
parm u 0 0 2.6179297688816829 2.6179297688816829
end
usemtl diffuse_0
v 16.595000336288336 2.9258351007215464 45.82044299634871
v 19.036789758828895 2.8734441147978065 43.805164578111693
cstype bspline
deg 1
curv 0 3.1664534581213881 1209 1210
parm u 0 0 3.1664534581213881 3.1664534581213881
end
usemtl diffuse_0
v 18.969144124961105 2.9258351007215464 45.82044299634871
v 16.527354702420546 2.8734441147978065 43.805164578111693
cstype bspline
deg 1
curv 0 3.1664534581213881 1211 1212
parm u 0 0 3.1664534581213881 3.1664534581213881
end
usemtl diffuse_0
v 19.036789758828895 5.2695886775439771 43.805164578111693
v 18.969144124961105 2.9258351007215464 45.82044299634871
cstype bspline
deg 1
curv 0 3.0917800477493875 1213 1214
parm u 0 0 3.0917800477493875 3.0917800477493875
end
usemtl diffuse_0
v 18.969144124961105 5.2171976916202372 45.82044299634871
v 19.036789758828895 2.873444114797806 43.805164578111693
cstype bspline
deg 1
curv 0 3.091780047749388 1215 1216
parm u 0 0 3.091780047749388 3.091780047749388
end
usemtl diffuse_0
v 18.969144124961105 5.2171976916202372 45.82044299634871
v 16.527354702420546 5.2695886775439771 43.805164578111693
cstype bspline
deg 1
curv 0 3.166453458121389 1217 1218
parm u 0 0 3.166453458121389 3.166453458121389
end
usemtl diffuse_0
v 16.595000336288336 2.9258351007215464 45.82044299634871
v 16.527354702420546 5.2695886775439771 43.805164578111693
cstype bspline
deg 1
curv 0 3.0917800477493875 1219 1220
parm u 0 0 3.0917800477493875 3.0917800477493875
end
usemtl diffuse_0
v 16.595000336288336 5.2171976916202372 45.82044299634871
v 16.527354702420546 2.8734441147978065 43.805164578111693
cstype bspline
deg 1
curv 0 3.0917800477493875 1221 1222
parm u 0 0 3.0917800477493875 3.0917800477493875
end
usemtl diffuse_0
v 19.348656419425833 2.6319059564393461 34.514126642138237
v 19.415835005508526 5.5631560971658267 32.512762371315929
cstype bspline
deg 1
curv 0 3.5499576468545633 1223 1224
parm u 0 0 3.5499576468545633 3.5499576468545633
end
usemtl diffuse_0
v 19.348656419425833 5.511126835902437 34.514126642138237
v 19.415835005508526 2.5798766951759564 32.512762371315929
cstype bspline
deg 1
curv 0 3.5499576468545633 1225 1226
parm u 0 0 3.5499576468545633 3.5499576468545633
end
usemtl diffuse_0
v 16.215488041823608 5.511126835902437 34.514126642138237
v 16.148309455740915 2.5798766951759564 32.512762371315929
cstype bspline
deg 1
curv 0 3.5499576468545633 1227 1228
parm u 0 0 3.5499576468545633 3.5499576468545633
end
usemtl diffuse_0
v 16.215488041823608 2.6319059564393461 34.514126642138237
v 16.148309455740915 5.5631560971658267 32.512762371315929
cstype bspline
deg 1
curv 0 3.5499576468545633 1229 1230
parm u 0 0 3.5499576468545633 3.5499576468545633
end
usemtl diffuse_0
v 16.215488041823608 5.511126835902437 34.514126642138237
v 19.415835005508526 5.5631560971658267 32.512762371315929
cstype bspline
deg 1
curv 0 3.7749684338440486 1231 1232
parm u 0 0 3.7749684338440486 3.7749684338440486
end
usemtl diffuse_0
v 19.348656419425833 5.511126835902437 34.514126642138237
v 16.148309455740915 5.5631560971658267 32.512762371315929
cstype bspline
deg 1
curv 0 3.7749684338440486 1233 1234
parm u 0 0 3.7749684338440486 3.7749684338440486
end
usemtl diffuse_0
v 16.215488041823608 2.6319059564393461 34.514126642138237
v 19.415835005508526 2.5798766951759564 32.512762371315929
cstype bspline
deg 1
curv 0 3.7749684338440486 1235 1236
parm u 0 0 3.7749684338440486 3.7749684338440486
end
usemtl diffuse_0
v 19.348656419425833 2.6319059564393461 34.514126642138237
v 16.148309455740915 2.5798766951759564 32.512762371315929
cstype bspline
deg 1
curv 0 3.7749684338440486 1237 1238
parm u 0 0 3.7749684338440486 3.7749684338440486
end
usemtl diffuse_0
v 5.1146724694979291 4.9240232239963637 57.09772986093499
v 5.9232064847201968 4.0715163961708916 59.022696287445768
cstype bspline
deg 1
curv 0 1.1749447413646701 1239 1240
parm u 0 0 1.1749447413646701 1.1749447413646701
end
usemtl diffuse_0
v 5.9232064847201968 4.0715163961708916 59.022696287445768
v 5.1146724694979291 3.2190095683454194 57.097729860934997
cstype bspline
deg 1
curv 1.1749447413646712 2.3498894827293415 1241 1242
parm u 1.1749447413646712 1.1749447413646712 2.3498894827293415 2.3498894827293415
end
usemtl diffuse_0
v 6.7317404999424655 4.9240232239963646 57.097729860934997
v 5.9232064847201968 4.0715163961708916 59.022696287445768
cstype bspline
deg 1
curv 0 1.1749447413646712 1243 1244
parm u 0 0 1.1749447413646712 1.1749447413646712
end
usemtl diffuse_0
v 5.9232064847201968 4.0715163961708916 59.022696287445768
v 6.7317404999424655 3.2190095683454194 57.097729860934997
cstype bspline
deg 1
curv 1.1749447413646701 2.3498894827293406 1245 1246
parm u 1.1749447413646701 1.1749447413646701 2.3498894827293406 2.3498894827293406
end
usemtl diffuse_0
v 5.1146724694979291 4.9240232239963637 57.09772986093499
v 5.0474229840515861 3.166925396109205 55.094253377553535
cstype bspline
deg 1
curv 7.9015364291965771 10.567213320629801 1247 1248
parm u 7.9015364291965771 7.9015364291965771 10.567213320629801 10.567213320629801
end
usemtl diffuse_0
v 6.7989899853888076 4.9761073962325781 55.094253377553535
v 5.1146724694979291 4.9240232239963637 57.09772986093499
cstype bspline
deg 1
curv 5.2836066603149003 7.9015364291965771 1249 1250
parm u 5.2836066603149003 5.2836066603149003 7.9015364291965771 7.9015364291965771
end
usemtl diffuse_0
v 6.7317404999424655 3.2190095683454194 57.09772986093499
v 6.7989899853888076 4.9761073962325781 55.094253377553535
cstype bspline
deg 1
curv 2.6179297688816781 5.2836066603149003 1251 1252
parm u 2.6179297688816781 2.6179297688816781 5.2836066603149003 5.2836066603149003
end
usemtl diffuse_0
v 5.0474229840515861 3.166925396109205 55.094253377553535
v 6.7317404999424655 3.2190095683454194 57.09772986093499
cstype bspline
deg 1
curv 0 2.6179297688816781 1253 1254
parm u 0 0 2.6179297688816781 2.6179297688816781
end
usemtl diffuse_0
v 5.0474229840515861 4.9761073962325781 55.094253377553528
v 5.1146724694979291 3.2190095683454194 57.097729860934997
cstype bspline
deg 1
curv 7.9015364291965895 10.567213320629824 1255 1256
parm u 7.9015364291965895 7.9015364291965895 10.567213320629824 10.567213320629824
end
usemtl diffuse_0
v 6.7317404999424655 4.9240232239963637 57.09772986093499
v 5.0474229840515861 4.9761073962325781 55.094253377553528
cstype bspline
deg 1
curv 5.2836066603149057 7.9015364291965895 1257 1258
parm u 5.2836066603149057 5.2836066603149057 7.9015364291965895 7.9015364291965895
end
usemtl diffuse_0
v 6.7989899853888076 3.166925396109205 55.094253377553535
v 6.7317404999424655 4.9240232239963637 57.09772986093499
cstype bspline
deg 1
curv 2.6179297688816829 5.2836066603149057 1259 1260
parm u 2.6179297688816829 2.6179297688816829 5.2836066603149057 5.2836066603149057
end
usemtl diffuse_0
v 5.1146724694979291 3.2190095683454194 57.097729860934997
v 6.7989899853888076 3.166925396109205 55.094253377553535
cstype bspline
deg 1
curv 0 2.6179297688816829 1261 1262
parm u 0 0 2.6179297688816829 2.6179297688816829
end
usemtl diffuse_0
v 7.1102783790565791 2.9258351007215464 45.82044299634871
v 4.6684889565160228 2.8734441147978065 43.805164578111693
cstype bspline
deg 1
curv 0 3.1664534581213881 1263 1264
parm u 0 0 3.1664534581213881 3.1664534581213881
end
usemtl diffuse_0
v 4.7361345903838146 2.9258351007215464 45.82044299634871
v 7.1779240129243709 2.8734441147978065 43.805164578111693
cstype bspline
deg 1
curv 0 3.1664534581213881 1265 1266
parm u 0 0 3.1664534581213881 3.1664534581213881
end
usemtl diffuse_0
v 4.6684889565160228 5.2695886775439771 43.805164578111693
v 4.7361345903838137 2.9258351007215464 45.82044299634871
cstype bspline
deg 1
curv 0 3.0917800477493875 1267 1268
parm u 0 0 3.0917800477493875 3.0917800477493875
end
usemtl diffuse_0
v 4.7361345903838137 5.2171976916202372 45.82044299634871
v 4.6684889565160228 2.873444114797806 43.805164578111693
cstype bspline
deg 1
curv 0 3.091780047749388 1269 1270
parm u 0 0 3.091780047749388 3.091780047749388
end
usemtl diffuse_0
v 4.7361345903838137 5.2171976916202372 45.82044299634871
v 7.1779240129243709 5.2695886775439771 43.805164578111693
cstype bspline
deg 1
curv 0 3.166453458121389 1271 1272
parm u 0 0 3.166453458121389 3.166453458121389
end
usemtl diffuse_0
v 7.1102783790565791 2.9258351007215464 45.82044299634871
v 7.1779240129243709 5.2695886775439771 43.805164578111693
cstype bspline
deg 1
curv 0 3.0917800477493875 1273 1274
parm u 0 0 3.0917800477493875 3.0917800477493875
end
usemtl diffuse_0
v 7.1102783790565791 5.2171976916202372 45.82044299634871
v 7.1779240129243709 2.8734441147978065 43.805164578111693
cstype bspline
deg 1
curv 0 3.0917800477493875 1275 1276
parm u 0 0 3.0917800477493875 3.0917800477493875
end
usemtl diffuse_0
v 5.0474229840515861 4.9761073962325781 55.094253377553528
v 5.1146724694979291 4.9240232239963637 57.09772986093499
cstype bspline
deg 1
curv 11.299258744775594 13.304540090061804 1277 1278
parm u 11.299258744775594 11.299258744775594 13.304540090061804 13.304540090061804
end
usemtl diffuse_0
v 4.7361345903838137 5.2171976916202372 45.82044299634871
v 5.0474229840515861 4.9761073962325781 55.094253377553528
cstype bspline
deg 1
curv 2.0170939120921805 11.299258744775594 1279 1280
parm u 2.0170939120921805 2.0170939120921805 11.299258744775594 11.299258744775594
end
usemtl diffuse_0
v 4.6684889565160201 5.2695886775439771 43.805164578111693
v 4.7361345903838137 5.2171976916202372 45.82044299634871
cstype bspline
deg 1
curv 0 2.0170939120921805 1281 1282
parm u 0 0 2.0170939120921805 2.0170939120921805
end
usemtl diffuse_0
v 6.7989899853888076 4.9761073962325781 55.094253377553535
v 6.7317404999424655 4.9240232239963646 57.097729860934997
cstype bspline
deg 1
curv 11.299258744775596 13.304540090061804 1283 1284
parm u 11.299258744775596 11.299258744775596 13.304540090061804 13.304540090061804
end
usemtl diffuse_0
v 7.1102783790565791 5.2171976916202372 45.82044299634871
v 6.7989899853888076 4.9761073962325781 55.094253377553535
cstype bspline
deg 1
curv 2.0170939120921805 11.299258744775596 1285 1286
parm u 2.0170939120921805 2.0170939120921805 11.299258744775596 11.299258744775596
end
usemtl diffuse_0
v 7.1779240129243735 5.2695886775439771 43.805164578111693
v 7.1102783790565791 5.2171976916202372 45.82044299634871
cstype bspline
deg 1
curv 0 2.0170939120921805 1287 1288
parm u 0 0 2.0170939120921805 2.0170939120921805
end
usemtl diffuse_0
v 5.0474229840515861 3.166925396109205 55.094253377553535
v 5.1146724694979291 3.2190095683454194 57.097729860934997
cstype bspline
deg 1
curv 11.299258744775594 13.304540090061804 1289 1290
parm u 11.299258744775594 11.299258744775594 13.304540090061804 13.304540090061804
end
usemtl diffuse_0
v 4.7361345903838146 2.9258351007215464 45.82044299634871
v 5.0474229840515861 3.166925396109205 55.094253377553535
cstype bspline
deg 1
curv 2.0170939120921774 11.299258744775594 1291 1292
parm u 2.0170939120921774 2.0170939120921774 11.299258744775594 11.299258744775594
end
usemtl diffuse_0
v 4.6684889565160201 2.8734441147978065 43.805164578111693
v 4.7361345903838146 2.9258351007215464 45.82044299634871
cstype bspline
deg 1
curv 0 2.0170939120921774 1293 1294
parm u 0 0 2.0170939120921774 2.0170939120921774
end
usemtl diffuse_0
v 6.7989899853888076 3.166925396109205 55.094253377553535
v 6.7317404999424655 3.2190095683454194 57.097729860934997
cstype bspline
deg 1
curv 11.299258744775594 13.304540090061804 1295 1296
parm u 11.299258744775594 11.299258744775594 13.304540090061804 13.304540090061804
end
usemtl diffuse_0
v 7.1102783790565791 2.9258351007215464 45.82044299634871
v 6.7989899853888076 3.166925396109205 55.094253377553535
cstype bspline
deg 1
curv 2.0170939120921809 11.299258744775594 1297 1298
parm u 2.0170939120921809 2.0170939120921809 11.299258744775594 11.299258744775594
end
usemtl diffuse_0
v 7.1779240129243735 2.8734441147978065 43.805164578111693
v 7.1102783790565791 2.9258351007215464 45.82044299634871
cstype bspline
deg 1
curv 0 2.0170939120921809 1299 1300
parm u 0 0 2.0170939120921809 2.0170939120921809
end
usemtl diffuse_0
v 7.4897906735213082 5.511126835902437 34.514126642138237
v 7.1779240129243709 5.2695886775439771 43.805164578111693
cstype bspline
deg 1
curv 0 12.648705058955443 1301 1302
parm u 0 0 12.648705058955443 12.648705058955443
end
usemtl diffuse_0
v 7.4897906735213082 2.6319059564393461 34.514126642138237
v 7.1779240129243709 2.8734441147978065 43.805164578111693
cstype bspline
deg 1
curv 0 12.648705058955443 1303 1304
parm u 0 0 12.648705058955443 12.648705058955443
end
usemtl diffuse_0
v 4.3566222959190855 5.511126835902437 34.514126642138237
v 4.6684889565160228 5.2695886775439771 43.805164578111693
cstype bspline
deg 1
curv 0 12.648705058955443 1305 1306
parm u 0 0 12.648705058955443 12.648705058955443
end
usemtl diffuse_0
v 4.3566222959190855 2.6319059564393461 34.514126642138237
v 4.6684889565160228 2.8734441147978065 43.805164578111693
cstype bspline
deg 1
curv 0 12.648705058955443 1307 1308
parm u 0 0 12.648705058955443 12.648705058955443
end
usemtl diffuse_0
v 4.3566222959190855 2.6319059564393461 34.514126642138237
v 4.2894437098363909 5.5631560971658267 32.512762371315929
cstype bspline
deg 1
curv 0 3.5499576468545633 1309 1310
parm u 0 0 3.5499576468545633 3.5499576468545633
end
usemtl diffuse_0
v 4.3566222959190855 5.511126835902437 34.514126642138237
v 4.2894437098363909 2.5798766951759564 32.512762371315929
cstype bspline
deg 1
curv 0 3.5499576468545633 1311 1312
parm u 0 0 3.5499576468545633 3.5499576468545633
end
usemtl diffuse_0
v 7.4897906735213082 5.511126835902437 34.514126642138237
v 7.5569692596040028 2.5798766951759564 32.512762371315929
cstype bspline
deg 1
curv 0 3.5499576468545633 1313 1314
parm u 0 0 3.5499576468545633 3.5499576468545633
end
usemtl diffuse_0
v 7.4897906735213082 2.6319059564393461 34.514126642138237
v 7.5569692596040028 5.5631560971658267 32.512762371315929
cstype bspline
deg 1
curv 0 3.5499576468545633 1315 1316
parm u 0 0 3.5499576468545633 3.5499576468545633
end
usemtl diffuse_0
v 7.4897906735213082 5.511126835902437 34.514126642138237
v 4.2894437098363909 5.5631560971658267 32.512762371315929
cstype bspline
deg 1
curv 0 3.7749684338440486 1317 1318
parm u 0 0 3.7749684338440486 3.7749684338440486
end
usemtl diffuse_0
v 4.3566222959190855 5.511126835902437 34.514126642138237
v 7.5569692596040028 5.5631560971658267 32.512762371315929
cstype bspline
deg 1
curv 0 3.7749684338440486 1319 1320
parm u 0 0 3.7749684338440486 3.7749684338440486
end
usemtl diffuse_0
v 7.4897906735213082 2.6319059564393461 34.514126642138237
v 4.2894437098363909 2.5798766951759564 32.512762371315929
cstype bspline
deg 1
curv 0 3.7749684338440486 1321 1322
parm u 0 0 3.7749684338440486 3.7749684338440486
end
usemtl diffuse_0
v 4.3566222959190855 2.6319059564393461 34.514126642138237
v 7.5569692596040028 2.5798766951759564 32.512762371315929
cstype bspline
deg 1
curv 0 3.7749684338440486 1323 1324
parm u 0 0 3.7749684338440486 3.7749684338440486
end
usemtl diffuse_0
v 7.4897906735213082 5.511126835902437 34.514126642138237
v 7.5569692596040028 5.5631560971658267 32.512762371315929
cstype bspline
deg 1
curv 0 8.6680685021546964 1325 1326
parm u 0 0 8.6680685021546964 8.6680685021546964
end
usemtl diffuse_0
v 4.3566222959190855 5.511126835902437 34.514126642138237
v 4.2894437098363909 5.5631560971658267 32.512762371315929
cstype bspline
deg 1
curv 0 8.6680685021546964 1327 1328
parm u 0 0 8.6680685021546964 8.6680685021546964
end
usemtl diffuse_0
v 7.4897906735213082 2.6319059564393461 34.514126642138237
v 7.5569692596040028 2.5798766951759564 32.512762371315929
cstype bspline
deg 1
curv 0 8.6680685021546964 1329 1330
parm u 0 0 8.6680685021546964 8.6680685021546964
end
usemtl diffuse_0
v 4.3566222959190855 2.6319059564393461 34.514126642138237
v 4.2894437098363909 2.5798766951759564 32.512762371315929
cstype bspline
deg 1
curv 0 8.6680685021546964 1331 1332
parm u 0 0 8.6680685021546964 8.6680685021546964
end
usemtl diffuse_0
v 7.9727482835161823 5.8851735245099377 20.125998499999998
v 7.5569692596040028 5.5631560971658267 32.512762371315929
cstype bspline
deg 1
curv 0 12.393740008587521 1333 1334
parm u 0 0 12.393740008587521 12.393740008587521
end
usemtl diffuse_0
v 3.8736646859242114 5.8851735245099377 20.125998499999998
v 4.2894437098363909 5.5631560971658267 32.512762371315929
cstype bspline
deg 1
curv 0 12.393740008587521 1335 1336
parm u 0 0 12.393740008587521 12.393740008587521
end
usemtl diffuse_0
v 7.9727482835161823 2.2578592678318454 20.125998499999998
v 7.5569692596040028 2.5798766951759564 32.512762371315929
cstype bspline
deg 1
curv 0 12.393740008587521 1337 1338
parm u 0 0 12.393740008587521 12.393740008587521
end
usemtl diffuse_0
v 3.8736646859242114 2.2578592678318454 20.125998499999998
v 4.2894437098363909 2.5798766951759564 32.512762371315929
cstype bspline
deg 1
curv 0 12.393740008587521 1339 1340
parm u 0 0 12.393740008587521 12.393740008587521
end
usemtl diffuse_0
v -0.0062263882320650055 0.12817806179580415 -0.095999720000000011
v 3.8736646859242114 2.2578592678318454 20.125998499999998
cstype bspline
deg 1
curv 0 20.725807458870765 1341 1342
parm u 0 0 20.725807458870765 20.725807458870765
end
usemtl diffuse_0
v 11.852639357672459 0.12817806179580415 -0.095999720000000011
v 7.9727482835161823 2.2578592678318454 20.125998499999998
cstype bspline
deg 1
curv 0 20.725807458870765 1343 1344
parm u 0 0 20.725807458870765 20.725807458870765
end
usemtl diffuse_0
v -0.0062263882320650055 8.014854730545979 -0.095999720000000011
v 3.8736646859242114 5.8851735245099377 20.125998499999998
cstype bspline
deg 1
curv 0 20.725807458870765 1345 1346
parm u 0 0 20.725807458870765 20.725807458870765
end
usemtl diffuse_0
v 11.852639357672459 8.014854730545979 -0.095999720000000011
v 7.9727482835161823 5.8851735245099377 20.125998499999998
cstype bspline
deg 1
curv 0 20.725807458870765 1347 1348
parm u 0 0 20.725807458870765 20.725807458870765
end
usemtl diffuse_0
v 11.85263935767246 8.0148547305459807 -0.095999720000000011
v 15.732530431828737 5.8851735245099395 20.125998499999998
cstype bspline
deg 1
curv 0 20.725807458870765 1349 1350
parm u 0 0 20.725807458870765 20.725807458870765
end
usemtl diffuse_0
v 23.711505103576989 8.0148547305459807 -0.095999720000000011
v 19.831614029420713 5.8851735245099395 20.125998499999998
cstype bspline
deg 1
curv 0 20.725807458870765 1351 1352
parm u 0 0 20.725807458870765 20.725807458870765
end
usemtl diffuse_0
v 11.85263935767246 0.12817806179580593 -0.095999720000000011
v 15.732530431828737 2.2578592678318472 20.125998499999998
cstype bspline
deg 1
curv 0 20.725807458870765 1353 1354
parm u 0 0 20.725807458870765 20.725807458870765
end
usemtl diffuse_0
v 23.711505103576989 0.12817806179580593 -0.095999720000000011
v 19.831614029420713 2.2578592678318472 20.125998499999998
cstype bspline
deg 1
curv 0 20.725807458870765 1355 1356
parm u 0 0 20.725807458870765 20.725807458870765
end
