# Rhino

mtllib pylon7_lines.mtl
usemtl diffuse_0
v 4.1365349669857139 7.0363884516032638 41.026570906113562
v 4.1365349669857139 4.1040255075262424 41.026570906113562
cstype bspline
deg 1
curv 33.421241877388518 44.561655836518021 1 2
parm u 33.421241877388518 33.421241877388518 44.561655836518021 44.561655836518021
end
usemtl diffuse_0
v 7.0688979110627344 7.0363884516032638 41.026570906113562
v 4.1365349669857139 7.0363884516032638 41.026570906113562
cstype bspline
deg 1
curv 22.280827918259011 33.421241877388518 3 4
parm u 22.280827918259011 22.280827918259011 33.421241877388518 33.421241877388518
end
usemtl diffuse_0
v 7.0688979110627344 4.1040255075262424 41.026570906113562
v 7.0688979110627344 7.0363884516032638 41.026570906113562
cstype bspline
deg 1
curv 11.140413959129505 22.280827918259011 5 6
parm u 11.140413959129505 11.140413959129505 22.280827918259011 22.280827918259011
end
usemtl diffuse_0
v 4.1365349669857139 4.1040255075262424 41.026570906113562
v 7.0688979110627344 4.1040255075262424 41.026570906113562
cstype bspline
deg 1
curv 0 11.140413959129505 7 8
parm u 0 0 11.140413959129505 11.140413959129505
end
usemtl diffuse_0
v 3.6896757732002774 7.4832476453887011 29.697998333596558
v 3.6896757732002774 3.657166313740801 29.697998333596558
cstype bspline
deg 1
curv 33.421241877388518 44.561655836518021 9 10
parm u 33.421241877388518 33.421241877388518 44.561655836518021 44.561655836518021
end
usemtl diffuse_0
v 7.5157571048481744 7.4832476453887011 29.697998333596558
v 3.6896757732002774 7.4832476453887011 29.697998333596558
cstype bspline
deg 1
curv 22.280827918259011 33.421241877388518 11 12
parm u 22.280827918259011 22.280827918259011 33.421241877388518 33.421241877388518
end
usemtl diffuse_0
v 7.5157571048481744 3.657166313740801 29.697998333596558
v 7.5157571048481744 7.4832476453887011 29.697998333596558
cstype bspline
deg 1
curv 11.140413959129505 22.280827918259011 13 14
parm u 11.140413959129505 11.140413959129505 22.280827918259011 22.280827918259011
end
usemtl diffuse_0
v 3.6896757732002774 3.657166313740801 29.697998333596558
v 7.5157571048481744 3.657166313740801 29.697998333596558
cstype bspline
deg 1
curv 0 11.140413959129505 15 16
parm u 0 0 11.140413959129505 11.140413959129505
end
usemtl diffuse_0
v 9.7258275454034546 5.5702069795647517 9.479758378378671
v 5.6027164390242241 9.6933180859439823 9.479758378378671
cstype bspline
deg 1
curv 17.492878937437933 23.323838583250577 17 18
parm u 17.492878937437933 17.492878937437933 23.323838583250577 23.323838583250577
end
usemtl diffuse_0
v 5.6027164390242241 1.4470958731855221 9.479758378378671
v 9.7258275454034546 5.5702069795647517 9.479758378378671
cstype bspline
deg 1
curv 11.661919291625289 17.492878937437933 19 20
parm u 11.661919291625289 11.661919291625289 17.492878937437933 17.492878937437933
end
usemtl diffuse_0
v 1.4796053326449936 5.5702069795647517 9.479758378378671
v 5.6027164390242241 1.4470958731855221 9.479758378378671
cstype bspline
deg 1
curv 5.8309596458126451 11.661919291625289 21 22
parm u 5.8309596458126451 5.8309596458126451 11.661919291625289 11.661919291625289
end
usemtl diffuse_0
v 5.6027164390242241 9.6933180859439823 9.479758378378671
v 1.4796053326449936 5.5702069795647517 9.479758378378671
cstype bspline
deg 1
curv 0 5.8309596458126451 23 24
parm u 0 0 5.8309596458126451 5.8309596458126451
end
usemtl diffuse_0
v 7.5952758472201864 5.5702069795647517 27.602404226305588
v 5.6027164390242241 7.5627663877607141 27.602404226305588
cstype bspline
deg 1
curv 8.4537136167145146 11.271618155619352 25 26
parm u 8.4537136167145146 8.4537136167145146 11.271618155619352 11.271618155619352
end
usemtl diffuse_0
v 5.6027164390242241 3.5776475713687894 27.602404226305588
v 7.5952758472201864 5.5702069795647517 27.602404226305588
cstype bspline
deg 1
curv 5.635809077809677 8.4537136167145146 27 28
parm u 5.635809077809677 5.635809077809677 8.4537136167145146 8.4537136167145146
end
usemtl diffuse_0
v 3.6101570308282613 5.5702069795647517 27.602404226305588
v 5.6027164390242241 3.5776475713687894 27.602404226305588
cstype bspline
deg 1
curv 2.8179045389048385 5.635809077809677 29 30
parm u 2.8179045389048385 2.8179045389048385 5.635809077809677 5.635809077809677
end
usemtl diffuse_0
v 5.6027164390242241 7.5627663877607141 27.602404226305588
v 3.6101570308282613 5.5702069795647517 27.602404226305588
cstype bspline
deg 1
curv 0 2.8179045389048385 31 32
parm u 0 0 2.8179045389048385 2.8179045389048385
end
usemtl diffuse_0
v 21.337683353883833 6.2982613214043237 27.602404226305588
v 22.431595768799781 4.9587922745282009 27.602404226305588
cstype bspline
deg 1
curv 23.507660134466359 25.237059365137657 33 34
parm u 23.507660134466359 23.507660134466359 25.237059365137657 25.237059365137657
end
usemtl diffuse_0
v 19.328318945002536 4.6572613460097685 27.602404226305588
v 21.337683353883833 6.2982613214043237 27.602404226305588
cstype bspline
deg 1
curv 20.913353628495294 23.507660134466359 35 36
parm u 20.913353628495294 20.913353628495294 23.507660134466359 23.507660134466359
end
usemtl diffuse_0
v 17.715997079724502 6.6315101091591053 27.602404226305588
v 19.328318945002536 4.6572613460097685 27.602404226305588
cstype bspline
deg 1
curv 18.364385214401008 20.913353628495294 37 38
parm u 18.364385214401008 18.364385214401008 20.913353628495294 20.913353628495294
end
usemtl diffuse_0
v 15.887517748198489 4.3406566649468532 27.602404226305588
v 17.715997079724502 6.6315101091591053 27.602404226305588
cstype bspline
deg 1
curv 15.433285392034504 18.364385214401008 39 40
parm u 15.433285392034504 15.433285392034504 18.364385214401008 18.364385214401008
end
usemtl diffuse_0
v 13.859284367838377 6.9863848107931776 27.602404226305588
v 15.887517748198489 4.3406566649468532 27.602404226305588
cstype bspline
deg 1
curv 12.099577536368319 15.433285392034504 41 42
parm u 12.099577536368319 12.099577536368319 15.433285392034504 15.433285392034504
end
usemtl diffuse_0
v 11.70231031555705 3.9555555827848421 27.602404226305588
v 13.859284367838377 6.9863848107931776 27.602404226305588
cstype bspline
deg 1
curv 8.3795690858988134 12.099577536368319 43 44
parm u 8.3795690858988134 8.3795690858988134 12.099577536368319 12.099577536368319
end
usemtl diffuse_0
v 9.3487454810087272 7.4014212060993092 27.602404226305588
v 11.70231031555705 3.9555555827848421 27.602404226305588
cstype bspline
deg 1
curv 4.206649565423624 8.3795690858988134 45 46
parm u 4.206649565423624 4.206649565423624 8.3795690858988134 8.3795690858988134
end
usemtl diffuse_0
v 7.5952758472201882 3.5776475713687894 27.602404226305588
v 9.3487454810087272 7.4014212060993092 27.602404226305588
cstype bspline
deg 1
curv 0 4.206649565423624 47 48
parm u 0 0 4.206649565423624 4.206649565423624
end
usemtl diffuse_0
v 21.337683353883833 4.8421526377251798 27.602404226305588
v 22.431595768799781 6.1816216846013026 27.602404226305588
cstype bspline
deg 1
curv 23.507660134466359 25.237059365137657 49 50
parm u 23.507660134466359 23.507660134466359 25.237059365137657 25.237059365137657
end
usemtl diffuse_0
v 19.328318945002536 6.483152613119735 27.602404226305588
v 21.337683353883833 4.8421526377251798 27.602404226305588
cstype bspline
deg 1
curv 20.913353628495294 23.507660134466359 51 52
parm u 20.913353628495294 20.913353628495294 23.507660134466359 23.507660134466359
end
usemtl diffuse_0
v 17.715997079724502 4.5089038499703982 27.602404226305588
v 19.328318945002536 6.483152613119735 27.602404226305588
cstype bspline
deg 1
curv 18.364385214401008 20.913353628495294 53 54
parm u 18.364385214401008 18.364385214401008 20.913353628495294 20.913353628495294
end
usemtl diffuse_0
v 15.887517748198489 6.7997572941826503 27.602404226305588
v 17.715997079724502 4.5089038499703982 27.602404226305588
cstype bspline
deg 1
curv 15.433285392034504 18.364385214401008 55 56
parm u 15.433285392034504 15.433285392034504 18.364385214401008 18.364385214401008
end
usemtl diffuse_0
v 13.859284367838377 4.1540291483363259 27.602404226305588
v 15.887517748198489 6.7997572941826503 27.602404226305588
cstype bspline
deg 1
curv 12.099577536368319 15.433285392034504 57 58
parm u 12.099577536368319 12.099577536368319 15.433285392034504 15.433285392034504
end
usemtl diffuse_0
v 11.70231031555705 7.1848583763446614 27.602404226305588
v 13.859284367838377 4.1540291483363259 27.602404226305588
cstype bspline
deg 1
curv 8.3795690858988134 12.099577536368319 59 60
parm u 8.3795690858988134 8.3795690858988134 12.099577536368319 12.099577536368319
end
usemtl diffuse_0
v 9.3487454810087272 3.7389927530301938 27.602404226305588
v 11.70231031555705 7.1848583763446614 27.602404226305588
cstype bspline
deg 1
curv 4.206649565423624 8.3795690858988134 61 62
parm u 4.206649565423624 4.206649565423624 8.3795690858988134 8.3795690858988134
end
usemtl diffuse_0
v 7.5952758472201882 7.5627663877607141 27.602404226305588
v 9.3487454810087272 3.7389927530301938 27.602404226305588
cstype bspline
deg 1
curv 0 4.206649565423624 63 64
parm u 0 0 4.206649565423624 4.206649565423624
end
usemtl diffuse_0
v -10.132250475835383 6.2982613214043237 27.602404226305588
v -11.226162890751333 4.9587922745282009 27.602404226305588
cstype bspline
deg 1
curv 23.507660134466359 25.237059365137657 65 66
parm u 23.507660134466359 23.507660134466359 25.237059365137657 25.237059365137657
end
usemtl diffuse_0
v -8.1228860669540879 4.6572613460097685 27.602404226305588
v -10.132250475835383 6.2982613214043237 27.602404226305588
cstype bspline
deg 1
curv 20.913353628495294 23.507660134466359 67 68
parm u 20.913353628495294 20.913353628495294 23.507660134466359 23.507660134466359
end
usemtl diffuse_0
v -6.5105642016760523 6.6315101091591053 27.602404226305588
v -8.1228860669540879 4.6572613460097685 27.602404226305588
cstype bspline
deg 1
curv 18.364385214401008 20.913353628495294 69 70
parm u 18.364385214401008 18.364385214401008 20.913353628495294 20.913353628495294
end
usemtl diffuse_0
v -4.6820848701500406 4.3406566649468532 27.602404226305588
v -6.5105642016760523 6.6315101091591053 27.602404226305588
cstype bspline
deg 1
curv 15.433285392034504 18.364385214401008 71 72
parm u 15.433285392034504 15.433285392034504 18.364385214401008 18.364385214401008
end
usemtl diffuse_0
v -2.6538514897899281 6.9863848107931776 27.602404226305588
v -4.6820848701500406 4.3406566649468532 27.602404226305588
cstype bspline
deg 1
curv 12.099577536368319 15.433285392034504 73 74
parm u 12.099577536368319 12.099577536368319 15.433285392034504 15.433285392034504
end
usemtl diffuse_0
v -0.4968774375086018 3.9555555827848421 27.602404226305588
v -2.6538514897899281 6.9863848107931776 27.602404226305588
cstype bspline
deg 1
curv 8.3795690858988134 12.099577536368319 75 76
parm u 8.3795690858988134 8.3795690858988134 12.099577536368319 12.099577536368319
end
usemtl diffuse_0
v 1.8566873970397217 7.4014212060993092 27.602404226305588
v -0.4968774375086018 3.9555555827848421 27.602404226305588
cstype bspline
deg 1
curv 4.206649565423624 8.3795690858988134 77 78
parm u 4.206649565423624 4.206649565423624 8.3795690858988134 8.3795690858988134
end
usemtl diffuse_0
v 3.61015703082826 3.5776475713687894 27.602404226305588
v 1.8566873970397217 7.4014212060993092 27.602404226305588
cstype bspline
deg 1
curv 0 4.206649565423624 79 80
parm u 0 0 4.206649565423624 4.206649565423624
end
usemtl diffuse_0
v -10.132250475835383 4.8421526377251798 27.602404226305588
v -11.226162890751333 6.1816216846013026 27.602404226305588
cstype bspline
deg 1
curv 23.507660134466359 25.237059365137657 81 82
parm u 23.507660134466359 23.507660134466359 25.237059365137657 25.237059365137657
end
usemtl diffuse_0
v -8.1228860669540879 6.483152613119735 27.602404226305588
v -10.132250475835383 4.8421526377251798 27.602404226305588
cstype bspline
deg 1
curv 20.913353628495294 23.507660134466359 83 84
parm u 20.913353628495294 20.913353628495294 23.507660134466359 23.507660134466359
end
usemtl diffuse_0
v -6.5105642016760523 4.5089038499703982 27.602404226305588
v -8.1228860669540879 6.483152613119735 27.602404226305588
cstype bspline
deg 1
curv 18.364385214401008 20.913353628495294 85 86
parm u 18.364385214401008 18.364385214401008 20.913353628495294 20.913353628495294
end
usemtl diffuse_0
v -4.6820848701500406 6.7997572941826503 27.602404226305588
v -6.5105642016760523 4.5089038499703982 27.602404226305588
cstype bspline
deg 1
curv 15.433285392034504 18.364385214401008 87 88
parm u 15.433285392034504 15.433285392034504 18.364385214401008 18.364385214401008
end
usemtl diffuse_0
v -2.6538514897899281 4.1540291483363259 27.602404226305588
v -4.6820848701500406 6.7997572941826503 27.602404226305588
cstype bspline
deg 1
curv 12.099577536368319 15.433285392034504 89 90
parm u 12.099577536368319 12.099577536368319 15.433285392034504 15.433285392034504
end
usemtl diffuse_0
v -0.4968774375086018 7.1848583763446614 27.602404226305588
v -2.6538514897899281 4.1540291483363259 27.602404226305588
cstype bspline
deg 1
curv 8.3795690858988134 12.099577536368319 91 92
parm u 8.3795690858988134 8.3795690858988134 12.099577536368319 12.099577536368319
end
usemtl diffuse_0
v 1.8566873970397217 3.7389927530301938 27.602404226305588
v -0.4968774375086018 7.1848583763446614 27.602404226305588
cstype bspline
deg 1
curv 4.206649565423624 8.3795690858988134 93 94
parm u 4.206649565423624 4.206649565423624 8.3795690858988134 8.3795690858988134
end
usemtl diffuse_0
v 3.61015703082826 7.5627663877607141 27.602404226305588
v 1.8566873970397217 3.7389927530301938 27.602404226305588
cstype bspline
deg 1
curv 0 4.206649565423624 95 96
parm u 0 0 4.206649565423624 4.206649565423624
end
usemtl diffuse_0
v 17.507719162587982 6.3698257748668965 38.898505589358017
v 18.764105381296858 4.861734563265756 38.898505589358017
cstype bspline
deg 1
curv 17.160166597280579 19.123033233878743 97 98
parm u 17.160166597280579 17.160166597280579 19.123033233878743 19.123033233878743
end
usemtl diffuse_0
v 16.03834795330064 4.6639904970676218 38.898505589358017
v 17.507719162587982 6.3698257748668965 38.898505589358017
cstype bspline
deg 1
curv 14.908739106627801 17.160166597280579 99 100
parm u 14.908739106627801 14.908739106627801 17.160166597280579 17.160166597280579
end
usemtl diffuse_0
v 14.84657231025896 6.5628825721904747 38.898505589358017
v 16.03834795330064 4.6639904970676218 38.898505589358017
cstype bspline
deg 1
curv 12.66683806146283 14.908739106627801 101 102
parm u 12.66683806146283 12.66683806146283 14.908739106627801 14.908739106627801
end
usemtl diffuse_0
v 13.195218308630437 4.4577314914455259 38.898505589358017
v 14.84657231025896 6.5628825721904747 38.898505589358017
cstype bspline
deg 1
curv 9.991276230471783 12.66683806146283 103 104
parm u 9.991276230471783 9.991276230471783 12.66683806146283 12.66683806146283
end
usemtl diffuse_0
v 11.554419287886224 6.8017166366248265 38.898505589358017
v 13.195218308630437 4.4577314914455259 38.898505589358017
cstype bspline
deg 1
curv 7.1300723252430087 9.991276230471783 105 106
parm u 7.1300723252430087 7.1300723252430087 9.991276230471783 9.991276230471783
end
usemtl diffuse_0
v 9.1793558047248993 4.1663948623461877 38.898505589358017
v 11.554419287886224 6.8017166366248265 38.898505589358017
cstype bspline
deg 1
curv 3.5824185367465149 7.1300723252430087 107 108
parm u 3.5824185367465149 3.5824185367465149 7.1300723252430087 7.1300723252430087
end
usemtl diffuse_0
v 7.153497420843749 7.1209879613842766 38.898505589358017
v 9.1793558047248993 4.1663948623461877 38.898505589358017
cstype bspline
deg 1
curv 0 3.5824185367465149 109 110
parm u 0 0 3.5824185367465149 3.5824185367465149
end
usemtl diffuse_0
v 17.507719162587982 4.770588184262607 38.898505589358017
v 18.764105381296858 6.2786793958637475 38.898505589358017
cstype bspline
deg 1
curv 17.160166597280579 19.123033233878743 111 112
parm u 17.160166597280579 17.160166597280579 19.123033233878743 19.123033233878743
end
usemtl diffuse_0
v 16.03834795330064 6.4764234620618817 38.898505589358017
v 17.507719162587982 4.770588184262607 38.898505589358017
cstype bspline
deg 1
curv 14.908739106627801 17.160166597280579 113 114
parm u 14.908739106627801 14.908739106627801 17.160166597280579 17.160166597280579
end
usemtl diffuse_0
v 14.84657231025896 4.5775313869390288 38.898505589358017
v 16.03834795330064 6.4764234620618817 38.898505589358017
cstype bspline
deg 1
curv 12.66683806146283 14.908739106627801 115 116
parm u 12.66683806146283 12.66683806146283 14.908739106627801 14.908739106627801
end
usemtl diffuse_0
v 13.195218308630437 6.6826824676839776 38.898505589358017
v 14.84657231025896 4.5775313869390288 38.898505589358017
cstype bspline
deg 1
curv 9.991276230471783 12.66683806146283 117 118
parm u 9.991276230471783 9.991276230471783 12.66683806146283 12.66683806146283
end
usemtl diffuse_0
v 11.554419287886224 4.338697322504677 38.898505589358017
v 13.195218308630437 6.6826824676839776 38.898505589358017
cstype bspline
deg 1
curv 7.1300723252430087 9.991276230471783 119 120
parm u 7.1300723252430087 7.1300723252430087 9.991276230471783 9.991276230471783
end
usemtl diffuse_0
v 9.1793558047248993 6.9740190967833158 38.898505589358017
v 11.554419287886224 4.338697322504677 38.898505589358017
cstype bspline
deg 1
curv 3.5824185367465149 7.1300723252430087 121 122
parm u 3.5824185367465149 3.5824185367465149 7.1300723252430087 7.1300723252430087
end
usemtl diffuse_0
v 7.153497420843749 4.0194259977452269 38.898505589358017
v 9.1793558047248993 6.9740190967833158 38.898505589358017
cstype bspline
deg 1
curv 0 3.5824185367465149 123 124
parm u 0 0 3.5824185367465149 3.5824185367465149
end
usemtl diffuse_0
v -6.3022862845395329 6.3698257748668965 38.898505589358017
v -7.5586725032484097 4.861734563265756 38.898505589358017
cstype bspline
deg 1
curv 17.160166597280579 19.123033233878743 125 126
parm u 17.160166597280579 17.160166597280579 19.123033233878743 19.123033233878743
end
usemtl diffuse_0
v -4.8329150752521919 4.6639904970676218 38.898505589358017
v -6.3022862845395329 6.3698257748668965 38.898505589358017
cstype bspline
deg 1
curv 14.908739106627801 17.160166597280579 127 128
parm u 14.908739106627801 14.908739106627801 17.160166597280579 17.160166597280579
end
usemtl diffuse_0
v -3.6411394322105108 6.5628825721904747 38.898505589358017
v -4.8329150752521919 4.6639904970676218 38.898505589358017
cstype bspline
deg 1
curv 12.66683806146283 14.908739106627801 129 130
parm u 12.66683806146283 12.66683806146283 14.908739106627801 14.908739106627801
end
usemtl diffuse_0
v -1.9897854305819882 4.4577314914455259 38.898505589358017
v -3.6411394322105108 6.5628825721904747 38.898505589358017
cstype bspline
deg 1
curv 9.991276230471783 12.66683806146283 131 132
parm u 9.991276230471783 9.991276230471783 12.66683806146283 12.66683806146283
end
usemtl diffuse_0
v -0.34898640983777662 6.8017166366248265 38.898505589358017
v -1.9897854305819882 4.4577314914455259 38.898505589358017
cstype bspline
deg 1
curv 7.1300723252430087 9.991276230471783 133 134
parm u 7.1300723252430087 7.1300723252430087 9.991276230471783 9.991276230471783
end
usemtl diffuse_0
v 2.0260770733235498 4.1663948623461877 38.898505589358017
v -0.34898640983777662 6.8017166366248265 38.898505589358017
cstype bspline
deg 1
curv 3.5824185367465149 7.1300723252430087 135 136
parm u 3.5824185367465149 3.5824185367465149 7.1300723252430087 7.1300723252430087
end
usemtl diffuse_0
v 4.0519354572046993 7.1209879613842766 38.898505589358017
v 2.0260770733235498 4.1663948623461877 38.898505589358017
cstype bspline
deg 1
curv 0 3.5824185367465149 137 138
parm u 0 0 3.5824185367465149 3.5824185367465149
end
usemtl diffuse_0
v -6.3022862845395329 4.770588184262607 38.898505589358017
v -7.5586725032484097 6.2786793958637475 38.898505589358017
cstype bspline
deg 1
curv 17.160166597280579 19.123033233878743 139 140
parm u 17.160166597280579 17.160166597280579 19.123033233878743 19.123033233878743
end
usemtl diffuse_0
v -4.8329150752521919 6.4764234620618817 38.898505589358017
v -6.3022862845395329 4.770588184262607 38.898505589358017
cstype bspline
deg 1
curv 14.908739106627801 17.160166597280579 141 142
parm u 14.908739106627801 14.908739106627801 17.160166597280579 17.160166597280579
end
usemtl diffuse_0
v -3.6411394322105108 4.5775313869390288 38.898505589358017
v -4.8329150752521919 6.4764234620618817 38.898505589358017
cstype bspline
deg 1
curv 12.66683806146283 14.908739106627801 143 144
parm u 12.66683806146283 12.66683806146283 14.908739106627801 14.908739106627801
end
usemtl diffuse_0
v -1.9897854305819882 6.6826824676839776 38.898505589358017
v -3.6411394322105108 4.5775313869390288 38.898505589358017
cstype bspline
deg 1
curv 9.991276230471783 12.66683806146283 145 146
parm u 9.991276230471783 9.991276230471783 12.66683806146283 12.66683806146283
end
usemtl diffuse_0
v -0.34898640983777662 4.338697322504677 38.898505589358017
v -1.9897854305819882 6.6826824676839776 38.898505589358017
cstype bspline
deg 1
curv 7.1300723252430087 9.991276230471783 147 148
parm u 7.1300723252430087 7.1300723252430087 9.991276230471783 9.991276230471783
end
usemtl diffuse_0
v 2.0260770733235498 6.9740190967833158 38.898505589358017
v -0.34898640983777662 4.338697322504677 38.898505589358017
cstype bspline
deg 1
curv 3.5824185367465149 7.1300723252430087 149 150
parm u 3.5824185367465149 3.5824185367465149 7.1300723252430087 7.1300723252430087
end
usemtl diffuse_0
v 4.0519354572046993 4.0194259977452269 38.898505589358017
v 2.0260770733235498 6.9740190967833158 38.898505589358017
cstype bspline
deg 1
curv 0 3.5824185367465149 151 152
parm u 0 0 3.5824185367465149 3.5824185367465149
end
usemtl diffuse_0
v 7.153497420843749 5.5702069795647517 38.898505589358017
v 5.6027164390242241 7.1209879613842766 38.898505589358017
cstype bspline
deg 1
curv 6.5794064902783091 8.7725419870377461 153 154
parm u 6.5794064902783091 6.5794064902783091 8.7725419870377461 8.7725419870377461
end
usemtl diffuse_0
v 5.6027164390242241 4.0194259977452269 38.898505589358017
v 7.153497420843749 5.5702069795647517 38.898505589358017
cstype bspline
deg 1
curv 4.3862709935188731 6.5794064902783091 155 156
parm u 4.3862709935188731 4.3862709935188731 6.5794064902783091 6.5794064902783091
end
usemtl diffuse_0
v 4.0519354572046993 5.5702069795647517 38.898505589358017
v 5.6027164390242241 4.0194259977452269 38.898505589358017
cstype bspline
deg 1
curv 2.1931354967594365 4.3862709935188731 157 158
parm u 2.1931354967594365 2.1931354967594365 4.3862709935188731 4.3862709935188731
end
usemtl diffuse_0
v 5.6027164390242241 7.1209879613842766 38.898505589358017
v 4.0519354572046993 5.5702069795647517 38.898505589358017
cstype bspline
deg 1
curv 0 2.1931354967594365 159 160
parm u 0 0 2.1931354967594365 2.1931354967594365
end
usemtl diffuse_0
v -9.3915769835249634 5.9778745721825528 42.834741785055634
v -11.401652692731112 5.3334578479245476 43.423288327304405
cstype bspline
deg 1
curv 19.581117472966678 21.772478763041185 161 162
parm u 19.581117472966678 19.581117472966678 21.772478763041185 21.772478763041185
end
usemtl diffuse_0
v -7.5670928183206492 5.0074019340806224 42.300536112154532
v -9.3915769835249634 5.9778745721825528 42.834741785055634
cstype bspline
deg 1
curv 17.446653767174162 19.581117472966678 163 164
parm u 17.446653767174162 17.446653767174162 19.581117472966678 19.581117472966678
end
usemtl diffuse_0
v -5.8048724946233712 6.2828551300873148 41.784561179746561
v -7.5670928183206492 5.0074019340806224 42.300536112154532
cstype bspline
deg 1
curv 15.210936554437087 17.446653767174162 165 166
parm u 15.210936554437087 15.210936554437087 17.446653767174162 17.446653767174162
end
usemtl diffuse_0
v -3.975261791725158 4.7019854622802946 41.24885446585499
v -5.8048724946233712 6.2828551300873148 41.784561179746561
cstype bspline
deg 1
curv 12.734324773382074 15.210936554437087 167 168
parm u 12.734324773382074 12.734324773382074 15.210936554437087 15.210936554437087
end
usemtl diffuse_0
v -2.210665992813972 6.5884735905817973 40.73218399858883
v -3.975261791725158 4.7019854622802946 41.24885446585499
cstype bspline
deg 1
curv 10.100015724788394 12.734324773382074 169 170
parm u 10.100015724788394 10.100015724788394 12.734324773382074 12.734324773382074
end
usemtl diffuse_0
v -0.16397155691524468 4.377908185842819 40.13291555921063
v -2.210665992813972 6.5884735905817973 40.73218399858883
cstype bspline
deg 1
curv 7.0284232737945462 10.100015724788394 171 172
parm u 7.0284232737945462 7.0284232737945462 10.100015724788394 10.100015724788394
end
usemtl diffuse_0
v 1.9254536287328392 6.9401713882797846 39.521135633375728
v -0.16397155691524468 4.377908185842819 40.13291555921063
cstype bspline
deg 1
curv 3.6661078509590235 7.0284232737945462 173 174
parm u 3.6661078509590235 3.6661078509590235 7.0284232737945462 7.0284232737945462
end
usemtl diffuse_0
v 4.0519354572046993 4.0194259977452269 38.898505589358017
v 1.9254536287328392 6.9401713882797846 39.521135633375728
cstype bspline
deg 1
curv 0 3.6661078509590235 175 176
parm u 0 0 3.6661078509590235 3.6661078509590235
end
usemtl diffuse_0
v -9.3915769835249634 5.1625393869469507 42.834741785055634
v -11.401652692731112 5.8069561112049559 43.423288327304405
cstype bspline
deg 1
curv 19.581117472966678 21.772478763041185 177 178
parm u 19.581117472966678 19.581117472966678 21.772478763041185 21.772478763041185
end
usemtl diffuse_0
v -7.5670928183206492 6.1330120250488811 42.300536112154532
v -9.3915769835249634 5.1625393869469507 42.834741785055634
cstype bspline
deg 1
curv 17.446653767174162 19.581117472966678 179 180
parm u 17.446653767174162 17.446653767174162 19.581117472966678 19.581117472966678
end
usemtl diffuse_0
v -5.8048724946233712 4.8575588290421887 41.784561179746561
v -7.5670928183206492 6.1330120250488811 42.300536112154532
cstype bspline
deg 1
curv 15.210936554437087 17.446653767174162 181 182
parm u 15.210936554437087 15.210936554437087 17.446653767174162 17.446653767174162
end
usemtl diffuse_0
v -3.975261791725158 6.4384284968492089 41.24885446585499
v -5.8048724946233712 4.8575588290421887 41.784561179746561
cstype bspline
deg 1
curv 12.734324773382074 15.210936554437087 183 184
parm u 12.734324773382074 12.734324773382074 15.210936554437087 15.210936554437087
end
usemtl diffuse_0
v -2.210665992813972 4.5519403685477062 40.73218399858883
v -3.975261791725158 6.4384284968492089 41.24885446585499
cstype bspline
deg 1
curv 10.100015724788394 12.734324773382074 185 186
parm u 10.100015724788394 10.100015724788394 12.734324773382074 12.734324773382074
end
usemtl diffuse_0
v -0.16397155691524468 6.7625057732866845 40.13291555921063
v -2.210665992813972 4.5519403685477062 40.73218399858883
cstype bspline
deg 1
curv 7.0284232737945462 10.100015724788394 187 188
parm u 7.0284232737945462 7.0284232737945462 10.100015724788394 10.100015724788394
end
usemtl diffuse_0
v 1.9254536287328392 4.2002425708497189 39.521135633375728
v -0.16397155691524468 6.7625057732866845 40.13291555921063
cstype bspline
deg 1
curv 3.6661078509590235 7.0284232737945462 189 190
parm u 3.6661078509590235 3.6661078509590235 7.0284232737945462 7.0284232737945462
end
usemtl diffuse_0
v 4.0519354572046993 7.1209879613842766 38.898505589358017
v 1.9254536287328392 4.2002425708497189 39.521135633375728
cstype bspline
deg 1
curv 0 3.6661078509590235 191 192
parm u 0 0 3.6661078509590235 3.6661078509590235
end
usemtl diffuse_0
v -7.5586725032484097 6.2786793958637475 38.898505589358017
v 4.212381679369491 6.960541739219499 42.934463261892546
cstype bspline
deg 1
curv 11.767316530782505 24.360418675023777 193 194
parm u 11.767316530782505 11.767316530782505 24.360418675023777 24.360418675023777
end
usemtl diffuse_0
v 4.0519354572046993 7.1209879613842766 38.898505589358017
v -7.5586725032484097 6.2786793958637475 38.898505589358017
cstype bspline
deg 1
curv 0 11.767316530782505 195 196
parm u 0 0 11.767316530782505 11.767316530782505
end
usemtl diffuse_0
v -7.5586725032484097 4.861734563265756 38.898505589358017
v 4.212381679369491 4.1798722199100045 42.934463261892546
cstype bspline
deg 1
curv 11.767316530782505 24.360418675023777 197 198
parm u 11.767316530782505 11.767316530782505 24.360418675023777 24.360418675023777
end
usemtl diffuse_0
v 4.0519354572046993 4.0194259977452269 38.898505589358017
v -7.5586725032484097 4.861734563265756 38.898505589358017
cstype bspline
deg 1
curv 0 11.767316530782505 199 200
parm u 0 0 11.767316530782505 11.767316530782505
end
usemtl diffuse_0
v 20.597009861573412 5.9778745721825528 42.834741785055634
v 22.60708557077956 5.3334578479245476 43.423288327304405
cstype bspline
deg 1
curv 19.581117472966678 21.772478763041185 201 202
parm u 19.581117472966678 19.581117472966678 21.772478763041185 21.772478763041185
end
usemtl diffuse_0
v 18.772525696369097 5.0074019340806224 42.300536112154532
v 20.597009861573412 5.9778745721825528 42.834741785055634
cstype bspline
deg 1
curv 17.446653767174162 19.581117472966678 203 204
parm u 17.446653767174162 17.446653767174162 19.581117472966678 19.581117472966678
end
usemtl diffuse_0
v 17.010305372671819 6.2828551300873148 41.784561179746561
v 18.772525696369097 5.0074019340806224 42.300536112154532
cstype bspline
deg 1
curv 15.210936554437087 17.446653767174162 205 206
parm u 15.210936554437087 15.210936554437087 17.446653767174162 17.446653767174162
end
usemtl diffuse_0
v 15.180694669773606 4.7019854622802946 41.24885446585499
v 17.010305372671819 6.2828551300873148 41.784561179746561
cstype bspline
deg 1
curv 12.734324773382074 15.210936554437087 207 208
parm u 12.734324773382074 12.734324773382074 15.210936554437087 15.210936554437087
end
usemtl diffuse_0
v 13.41609887086242 6.5884735905817973 40.73218399858883
v 15.180694669773606 4.7019854622802946 41.24885446585499
cstype bspline
deg 1
curv 10.100015724788394 12.734324773382074 209 210
parm u 10.100015724788394 10.100015724788394 12.734324773382074 12.734324773382074
end
usemtl diffuse_0
v 11.369404434963693 4.377908185842819 40.13291555921063
v 13.41609887086242 6.5884735905817973 40.73218399858883
cstype bspline
deg 1
curv 7.0284232737945462 10.100015724788394 211 212
parm u 7.0284232737945462 7.0284232737945462 10.100015724788394 10.100015724788394
end
usemtl diffuse_0
v 9.279979249315609 6.9401713882797846 39.521135633375728
v 11.369404434963693 4.377908185842819 40.13291555921063
cstype bspline
deg 1
curv 3.6661078509590235 7.0284232737945462 213 214
parm u 3.6661078509590235 3.6661078509590235 7.0284232737945462 7.0284232737945462
end
usemtl diffuse_0
v 7.153497420843749 4.0194259977452269 38.898505589358017
v 9.279979249315609 6.9401713882797846 39.521135633375728
cstype bspline
deg 1
curv 0 3.6661078509590235 215 216
parm u 0 0 3.6661078509590235 3.6661078509590235
end
usemtl diffuse_0
v 20.597009861573412 5.1625393869469507 42.834741785055634
v 22.60708557077956 5.8069561112049559 43.423288327304405
cstype bspline
deg 1
curv 19.581117472966678 21.772478763041185 217 218
parm u 19.581117472966678 19.581117472966678 21.772478763041185 21.772478763041185
end
usemtl diffuse_0
v 18.772525696369097 6.1330120250488811 42.300536112154532
v 20.597009861573412 5.1625393869469507 42.834741785055634
cstype bspline
deg 1
curv 17.446653767174162 19.581117472966678 219 220
parm u 17.446653767174162 17.446653767174162 19.581117472966678 19.581117472966678
end
usemtl diffuse_0
v 17.010305372671819 4.8575588290421887 41.784561179746561
v 18.772525696369097 6.1330120250488811 42.300536112154532
cstype bspline
deg 1
curv 15.210936554437087 17.446653767174162 221 222
parm u 15.210936554437087 15.210936554437087 17.446653767174162 17.446653767174162
end
usemtl diffuse_0
v 15.180694669773606 6.4384284968492089 41.24885446585499
v 17.010305372671819 4.8575588290421887 41.784561179746561
cstype bspline
deg 1
curv 12.734324773382074 15.210936554437087 223 224
parm u 12.734324773382074 12.734324773382074 15.210936554437087 15.210936554437087
end
usemtl diffuse_0
v 13.41609887086242 4.5519403685477062 40.73218399858883
v 15.180694669773606 6.4384284968492089 41.24885446585499
cstype bspline
deg 1
curv 10.100015724788394 12.734324773382074 225 226
parm u 10.100015724788394 10.100015724788394 12.734324773382074 12.734324773382074
end
usemtl diffuse_0
v 11.369404434963693 6.7625057732866845 40.13291555921063
v 13.41609887086242 4.5519403685477062 40.73218399858883
cstype bspline
deg 1
curv 7.0284232737945462 10.100015724788394 227 228
parm u 7.0284232737945462 7.0284232737945462 10.100015724788394 10.100015724788394
end
usemtl diffuse_0
v 9.279979249315609 4.2002425708497189 39.521135633375728
v 11.369404434963693 6.7625057732866845 40.13291555921063
cstype bspline
deg 1
curv 3.6661078509590235 7.0284232737945462 229 230
parm u 3.6661078509590235 3.6661078509590235 7.0284232737945462 7.0284232737945462
end
usemtl diffuse_0
v 7.153497420843749 7.1209879613842766 38.898505589358017
v 9.279979249315609 4.2002425708497189 39.521135633375728
cstype bspline
deg 1
curv 0 3.6661078509590235 231 232
parm u 0 0 3.6661078509590235 3.6661078509590235
end
usemtl diffuse_0
v 18.764105381296858 6.2786793958637475 38.898505589358017
v 6.9930511986789572 6.960541739219499 42.934463261892546
cstype bspline
deg 1
curv 11.767316530782505 24.360418675023777 233 234
parm u 11.767316530782505 11.767316530782505 24.360418675023777 24.360418675023777
end
usemtl diffuse_0
v 7.153497420843749 7.1209879613842766 38.898505589358017
v 18.764105381296858 6.2786793958637475 38.898505589358017
cstype bspline
deg 1
curv 0 11.767316530782505 235 236
parm u 0 0 11.767316530782505 11.767316530782505
end
usemtl diffuse_0
v 18.764105381296858 4.861734563265756 38.898505589358017
v 6.9930511986789572 4.1798722199100045 42.934463261892546
cstype bspline
deg 1
curv 11.767316530782505 24.360418675023777 237 238
parm u 11.767316530782505 11.767316530782505 24.360418675023777 24.360418675023777
end
usemtl diffuse_0
v 7.153497420843749 4.0194259977452269 38.898505589358017
v 18.764105381296858 4.861734563265756 38.898505589358017
cstype bspline
deg 1
curv 0 11.767316530782505 239 240
parm u 0 0 11.767316530782505 11.767316530782505
end
usemtl diffuse_0
v 3.918757864217822 7.2541655543711547 35.548478888990999
v 5.6027164390242241 7.1840758178127402 37.31155692356333
cstype bspline
deg 1
curv 2.526364525747582 4.9654367282102871 241 242
parm u 2.526364525747582 2.526364525747582 4.9654367282102871 4.9654367282102871
end
usemtl diffuse_0
v 5.6027164390242241 7.3289753400852948 33.666669990283907
v 3.918757864217822 7.2541655543711547 35.548478888990999
cstype bspline
deg 1
curv 0 2.526364525747582 243 244
parm u 0 0 2.526364525747582 2.526364525747582
end
usemtl diffuse_0
v 7.2866750138306262 7.2541655543711547 35.548478888990999
v 5.6027164390242241 7.1840758178127402 37.31155692356333
cstype bspline
deg 1
curv 2.526364525747582 4.9654367282102871 245 246
parm u 2.526364525747582 2.526364525747582 4.9654367282102871 4.9654367282102871
end
usemtl diffuse_0
v 5.6027164390242241 7.3289753400852948 33.666669990283907
v 7.2866750138306262 7.2541655543711547 35.548478888990999
cstype bspline
deg 1
curv 0 2.526364525747582 247 248
parm u 0 0 2.526364525747582 2.526364525747582
end
usemtl diffuse_0
v 4.4111316278660784 6.7617917907229002 45.190444805189429
v 4.4111316278660784 4.3786221684066042 45.190444805189429
cstype bspline
deg 1
curv 33.421241877388518 44.561655836518021 249 250
parm u 33.421241877388518 33.421241877388518 44.561655836518021 44.561655836518021
end
usemtl diffuse_0
v 6.7943012501823699 6.7617917907229002 45.190444805189429
v 4.4111316278660784 6.7617917907229002 45.190444805189429
cstype bspline
deg 1
curv 22.280827918259011 33.421241877388518 251 252
parm u 22.280827918259011 22.280827918259011 33.421241877388518 33.421241877388518
end
usemtl diffuse_0
v 6.7943012501823699 4.3786221684066042 45.190444805189429
v 6.7943012501823699 6.7617917907229002 45.190444805189429
cstype bspline
deg 1
curv 11.140413959129505 22.280827918259011 253 254
parm u 11.140413959129505 11.140413959129505 22.280827918259011 22.280827918259011
end
usemtl diffuse_0
v 4.4111316278660784 4.3786221684066042 45.190444805189429
v 6.7943012501823699 4.3786221684066042 45.190444805189429
cstype bspline
deg 1
curv 0 11.140413959129505 255 256
parm u 0 0 11.140413959129505 11.140413959129505
end
usemtl diffuse_0
v 4.0519354572046993 7.1209879613842766 38.898505589358017
v 4.0519354572046993 4.0194259977452269 38.898505589358017
cstype bspline
deg 1
curv 33.421241877388518 44.561655836518021 257 258
parm u 33.421241877388518 33.421241877388518 44.561655836518021 44.561655836518021
end
usemtl diffuse_0
v 7.153497420843749 7.1209879613842766 38.898505589358017
v 4.0519354572046993 7.1209879613842766 38.898505589358017
cstype bspline
deg 1
curv 22.280827918259011 33.421241877388518 259 260
parm u 22.280827918259011 22.280827918259011 33.421241877388518 33.421241877388518
end
usemtl diffuse_0
v 7.153497420843749 4.0194259977452269 38.898505589358017
v 7.153497420843749 7.1209879613842766 38.898505589358017
cstype bspline
deg 1
curv 11.140413959129505 22.280827918259011 261 262
parm u 11.140413959129505 11.140413959129505 22.280827918259011 22.280827918259011
end
usemtl diffuse_0
v 4.0519354572046993 4.0194259977452269 38.898505589358017
v 7.153497420843749 4.0194259977452269 38.898505589358017
cstype bspline
deg 1
curv 0 11.140413959129505 263 264
parm u 0 0 11.140413959129505 11.140413959129505
end
usemtl diffuse_0
v 3.918757864217822 3.8862484047583488 35.548478888990999
v 5.6027164390242241 3.9563381413167638 37.31155692356333
cstype bspline
deg 1
curv 2.526364525747582 4.9654367282102871 265 266
parm u 2.526364525747582 2.526364525747582 4.9654367282102871 4.9654367282102871
end
usemtl diffuse_0
v 5.6027164390242241 3.8114386190442087 33.666669990283907
v 3.918757864217822 3.8862484047583488 35.548478888990999
cstype bspline
deg 1
curv 0 2.526364525747582 267 268
parm u 0 0 2.526364525747582 2.526364525747582
end
usemtl diffuse_0
v 7.2866750138306262 3.8862484047583488 35.548478888990999
v 5.6027164390242241 3.9563381413167638 37.31155692356333
cstype bspline
deg 1
curv 2.526364525747582 4.9654367282102871 269 270
parm u 2.526364525747582 2.526364525747582 4.9654367282102871 4.9654367282102871
end
usemtl diffuse_0
v 5.6027164390242241 3.8114386190442087 33.666669990283907
v 7.2866750138306262 3.8862484047583488 35.548478888990999
cstype bspline
deg 1
curv 0 2.526364525747582 271 272
parm u 0 0 2.526364525747582 2.526364525747582
end
usemtl diffuse_0
v 7.7922840003205129 5.5702069795647517 25.926636869505096
v 7.5952758472201864 3.5776475713687894 27.602404226305588
cstype bspline
deg 1
curv 2.6109962546308552 5.2219925092617103 273 274
parm u 2.6109962546308552 2.6109962546308552 5.2219925092617103 5.2219925092617103
end
usemtl diffuse_0
v 7.5952758472201864 7.5627663877607141 27.602404226305588
v 7.7922840003205129 5.5702069795647517 25.926636869505096
cstype bspline
deg 1
curv 0 2.6109962546308552 275 276
parm u 0 0 2.6109962546308552 2.6109962546308552
end
usemtl diffuse_0
v 5.6027164390242241 7.7597745408610388 25.926636869505096
v 7.5952758472201864 7.5627663877607141 27.602404226305588
cstype bspline
deg 1
curv 2.6109962546308552 5.2219925092617103 277 278
parm u 2.6109962546308552 2.6109962546308552 5.2219925092617103 5.2219925092617103
end
usemtl diffuse_0
v 3.6101570308282613 7.5627663877607141 27.602404226305588
v 5.6027164390242241 7.7597745408610388 25.926636869505096
cstype bspline
deg 1
curv 0 2.6109962546308552 279 280
parm u 0 0 2.6109962546308552 2.6109962546308552
end
usemtl diffuse_0
v 3.4131488777279353 5.5702069795647517 25.926636869505096
v 3.6101570308282613 7.5627663877607141 27.602404226305588
cstype bspline
deg 1
curv 2.6109962546308552 5.2219925092617103 281 282
parm u 2.6109962546308552 2.6109962546308552 5.2219925092617103 5.2219925092617103
end
usemtl diffuse_0
v 3.6101570308282613 3.5776475713687894 27.602404226305588
v 3.4131488777279353 5.5702069795647517 25.926636869505096
cstype bspline
deg 1
curv 0 2.6109962546308552 283 284
parm u 0 0 2.6109962546308552 2.6109962546308552
end
usemtl diffuse_0
v 3.9888476007762361 7.1840758178127402 37.31155692356333
v 3.9888476007762361 3.9563381413167638 37.31155692356333
cstype bspline
deg 1
curv 33.421241877388518 44.561655836518021 285 286
parm u 33.421241877388518 33.421241877388518 44.561655836518021 44.561655836518021
end
usemtl diffuse_0
v 7.2165852772722126 7.1840758178127402 37.31155692356333
v 3.9888476007762361 7.1840758178127402 37.31155692356333
cstype bspline
deg 1
curv 22.280827918259011 33.421241877388518 287 288
parm u 22.280827918259011 22.280827918259011 33.421241877388518 33.421241877388518
end
usemtl diffuse_0
v 7.2165852772722126 3.9563381413167638 37.31155692356333
v 7.2165852772722126 7.1840758178127402 37.31155692356333
cstype bspline
deg 1
curv 11.140413959129505 22.280827918259011 289 290
parm u 11.140413959129505 11.140413959129505 22.280827918259011 22.280827918259011
end
usemtl diffuse_0
v 3.9888476007762361 3.9563381413167638 37.31155692356333
v 7.2165852772722126 3.9563381413167638 37.31155692356333
cstype bspline
deg 1
curv 0 11.140413959129505 291 292
parm u 0 0 11.140413959129505 11.140413959129505
end
usemtl diffuse_0
v 3.8439480785036819 7.3289753400852957 33.666669990283907
v 3.8439480785036819 3.8114386190442087 33.666669990283907
cstype bspline
deg 1
curv 33.421241877388518 44.561655836518021 293 294
parm u 33.421241877388518 33.421241877388518 44.561655836518021 44.561655836518021
end
usemtl diffuse_0
v 7.3614847995447663 7.3289753400852957 33.666669990283907
v 3.8439480785036819 7.3289753400852957 33.666669990283907
cstype bspline
deg 1
curv 22.280827918259011 33.421241877388518 295 296
parm u 22.280827918259011 22.280827918259011 33.421241877388518 33.421241877388518
end
usemtl diffuse_0
v 7.3614847995447663 3.8114386190442087 33.666669990283907
v 7.3614847995447663 7.3289753400852957 33.666669990283907
cstype bspline
deg 1
curv 11.140413959129505 22.280827918259011 297 298
parm u 11.140413959129505 11.140413959129505 22.280827918259011 22.280827918259011
end
usemtl diffuse_0
v 3.8439480785036819 3.8114386190442087 33.666669990283907
v 7.3614847995447663 3.8114386190442087 33.666669990283907
cstype bspline
deg 1
curv 0 11.140413959129505 299 300
parm u 0 0 11.140413959129505 11.140413959129505
end
usemtl diffuse_0
v 2.5855551098366618 8.5873683087523158 18.887057039438517
v 5.6027164390242241 8.2730788277652945 21.560428900122933
cstype bspline
deg 1
curv 4.0106343877661423 8.0955802164007764 301 302
parm u 4.0106343877661423 4.0106343877661423 8.0955802164007764 8.0955802164007764
end
usemtl diffuse_0
v 5.6027164390242241 8.9014461613320641 16.215485307180774
v 2.5855551098366618 8.5873683087523158 18.887057039438517
cstype bspline
deg 1
curv 0 4.0106343877661423 303 304
parm u 0 0 4.0106343877661423 4.0106343877661423
end
usemtl diffuse_0
v 8.6198777682117864 8.5873683087523158 18.887057039438517
v 5.6027164390242241 8.2730788277652945 21.560428900122933
cstype bspline
deg 1
curv 4.0106343877661423 8.0955802164007764 305 306
parm u 4.0106343877661423 4.0106343877661423 8.0955802164007764 8.0955802164007764
end
usemtl diffuse_0
v 5.6027164390242241 8.9014461613320641 16.215485307180774
v 8.6198777682117864 8.5873683087523158 18.887057039438517
cstype bspline
deg 1
curv 0 4.0106343877661423 307 308
parm u 0 0 4.0106343877661423 4.0106343877661423
end
usemtl diffuse_0
v 3.1745714948611923 7.9983519237277854 23.89727826689241
v 5.6027164390242241 7.7597745408610388 25.926636869505096
cstype bspline
deg 1
curv 3.3811577461924842 6.554657923516908 309 310
parm u 3.3811577461924842 3.3811577461924842 6.554657923516908 6.554657923516908
end
usemtl diffuse_0
v 5.6027164390242241 8.2730788277652945 21.560428900122933
v 3.1745714948611923 7.9983519237277854 23.89727826689241
cstype bspline
deg 1
curv 0 3.3811577461924842 311 312
parm u 0 0 3.3811577461924842 3.3811577461924842
end
usemtl diffuse_0
v 8.030861383187256 7.9983519237277854 23.89727826689241
v 5.6027164390242241 7.7597745408610388 25.926636869505096
cstype bspline
deg 1
curv 3.3811577461924842 6.554657923516908 313 314
parm u 3.3811577461924842 3.3811577461924842 6.554657923516908 6.554657923516908
end
usemtl diffuse_0
v 5.6027164390242241 8.2730788277652945 21.560428900122933
v 8.030861383187256 7.9983519237277854 23.89727826689241
cstype bspline
deg 1
curv 0 3.3811577461924842 315 316
parm u 0 0 3.3811577461924842 3.3811577461924842
end
usemtl diffuse_0
v 9.3113158794877293 9.2788064200282552 13.00562828692417
v 5.6027164390242241 8.9014461613320641 16.215485307180774
cstype bspline
deg 1
curv 5.1339349765041913 10.053212633349766 317 318
parm u 5.1339349765041913 5.1339349765041913 10.053212633349766 10.053212633349766
end
usemtl diffuse_0
v 5.6027164390242241 9.6933180859439823 9.479758378378671
v 9.3113158794877293 9.2788064200282552 13.00562828692417
cstype bspline
deg 1
curv 0 5.1339349765041913 319 320
parm u 0 0 5.1339349765041913 5.1339349765041913
end
usemtl diffuse_0
v 1.8941169985607194 9.2788064200282552 13.00562828692417
v 5.6027164390242241 8.9014461613320641 16.215485307180774
cstype bspline
deg 1
curv 5.1339349765041913 10.053212633349766 321 322
parm u 5.1339349765041913 5.1339349765041913 10.053212633349766 10.053212633349766
end
usemtl diffuse_0
v 5.6027164390242241 9.6933180859439823 9.479758378378671
v 1.8941169985607194 9.2788064200282552 13.00562828692417
cstype bspline
deg 1
curv 0 5.1339349765041913 323 324
parm u 0 0 5.1339349765041913 5.1339349765041913
end
usemtl diffuse_0
v 2.5855551098366618 2.5530456503771877 18.887057039438517
v 5.6027164390242241 2.8673351313642095 21.560428900122933
cstype bspline
deg 1
curv 4.0106343877661423 8.0955802164007764 325 326
parm u 4.0106343877661423 4.0106343877661423 8.0955802164007764 8.0955802164007764
end
usemtl diffuse_0
v 5.6027164390242241 2.2389677977974403 16.215485307180774
v 2.5855551098366618 2.5530456503771877 18.887057039438517
cstype bspline
deg 1
curv 0 4.0106343877661423 327 328
parm u 0 0 4.0106343877661423 4.0106343877661423
end
usemtl diffuse_0
v 8.6198777682117864 2.5530456503771877 18.887057039438517
v 5.6027164390242241 2.8673351313642095 21.560428900122933
cstype bspline
deg 1
curv 4.0106343877661423 8.0955802164007764 329 330
parm u 4.0106343877661423 4.0106343877661423 8.0955802164007764 8.0955802164007764
end
usemtl diffuse_0
v 5.6027164390242241 2.2389677977974403 16.215485307180774
v 8.6198777682117864 2.5530456503771877 18.887057039438517
cstype bspline
deg 1
curv 0 4.0106343877661423 331 332
parm u 0 0 4.0106343877661423 4.0106343877661423
end
usemtl diffuse_0
v 3.1745714948611923 3.1420620354017186 23.89727826689241
v 5.6027164390242241 3.3806394182684647 25.926636869505096
cstype bspline
deg 1
curv 3.3811577461924842 6.554657923516908 333 334
parm u 3.3811577461924842 3.3811577461924842 6.554657923516908 6.554657923516908
end
usemtl diffuse_0
v 5.6027164390242241 2.8673351313642095 21.560428900122933
v 3.1745714948611923 3.1420620354017186 23.89727826689241
cstype bspline
deg 1
curv 0 3.3811577461924842 335 336
parm u 0 0 3.3811577461924842 3.3811577461924842
end
usemtl diffuse_0
v 8.030861383187256 3.1420620354017186 23.89727826689241
v 5.6027164390242241 3.3806394182684647 25.926636869505096
cstype bspline
deg 1
curv 3.3811577461924842 6.554657923516908 337 338
parm u 3.3811577461924842 3.3811577461924842 6.554657923516908 6.554657923516908
end
usemtl diffuse_0
v 5.6027164390242241 2.8673351313642095 21.560428900122933
v 8.030861383187256 3.1420620354017186 23.89727826689241
cstype bspline
deg 1
curv 0 3.3811577461924842 339 340
parm u 0 0 3.3811577461924842 3.3811577461924842
end
usemtl diffuse_0
v 9.3113158794877293 1.8616075391012477 13.00562828692417
v 5.6027164390242241 2.2389677977974403 16.215485307180774
cstype bspline
deg 1
curv 5.1339349765041913 10.053212633349766 341 342
parm u 5.1339349765041913 5.1339349765041913 10.053212633349766 10.053212633349766
end
usemtl diffuse_0
v 5.6027164390242241 1.4470958731855221 9.479758378378671
v 9.3113158794877293 1.8616075391012477 13.00562828692417
cstype bspline
deg 1
curv 0 5.1339349765041913 343 344
parm u 0 0 5.1339349765041913 5.1339349765041913
end
usemtl diffuse_0
v 1.8941169985607194 1.8616075391012477 13.00562828692417
v 5.6027164390242241 2.2389677977974403 16.215485307180774
cstype bspline
deg 1
curv 5.1339349765041913 10.053212633349766 345 346
parm u 5.1339349765041913 5.1339349765041913 10.053212633349766 10.053212633349766
end
usemtl diffuse_0
v 5.6027164390242241 1.4470958731855221 9.479758378378671
v 1.8941169985607194 1.8616075391012477 13.00562828692417
cstype bspline
deg 1
curv 0 5.1339349765041913 347 348
parm u 0 0 5.1339349765041913 5.1339349765041913
end
usemtl diffuse_0
v 3.4131488777279353 7.7597745408610397 25.926636869505096
v 3.4131488777279353 3.3806394182684647 25.926636869505096
cstype bspline
deg 1
curv 33.421241877388518 44.561655836518021 349 350
parm u 33.421241877388518 33.421241877388518 44.561655836518021 44.561655836518021
end
usemtl diffuse_0
v 7.7922840003205129 7.7597745408610397 25.926636869505096
v 3.4131488777279353 7.7597745408610397 25.926636869505096
cstype bspline
deg 1
curv 22.280827918259011 33.421241877388518 351 352
parm u 22.280827918259011 22.280827918259011 33.421241877388518 33.421241877388518
end
usemtl diffuse_0
v 7.7922840003205129 3.3806394182684647 25.926636869505096
v 7.7922840003205129 7.7597745408610397 25.926636869505096
cstype bspline
deg 1
curv 11.140413959129505 22.280827918259011 353 354
parm u 11.140413959129505 11.140413959129505 22.280827918259011 22.280827918259011
end
usemtl diffuse_0
v 3.4131488777279353 3.3806394182684647 25.926636869505096
v 7.7922840003205129 3.3806394182684647 25.926636869505096
cstype bspline
deg 1
curv 0 11.140413959129505 355 356
parm u 0 0 11.140413959129505 11.140413959129505
end
usemtl diffuse_0
v 2.8998445908236796 8.2730788277652945 21.560428900122933
v 2.8998445908236796 2.8673351313642095 21.560428900122933
cstype bspline
deg 1
curv 33.421241877388518 44.561655836518021 357 358
parm u 33.421241877388518 33.421241877388518 44.561655836518021 44.561655836518021
end
usemtl diffuse_0
v 8.3055882872247686 8.2730788277652945 21.560428900122933
v 2.8998445908236796 8.2730788277652945 21.560428900122933
cstype bspline
deg 1
curv 22.280827918259011 33.421241877388518 359 360
parm u 22.280827918259011 22.280827918259011 33.421241877388518 33.421241877388518
end
usemtl diffuse_0
v 8.3055882872247686 2.8673351313642095 21.560428900122933
v 8.3055882872247686 8.2730788277652945 21.560428900122933
cstype bspline
deg 1
curv 11.140413959129505 22.280827918259011 361 362
parm u 11.140413959129505 11.140413959129505 22.280827918259011 22.280827918259011
end
usemtl diffuse_0
v 2.8998445908236796 2.8673351313642095 21.560428900122933
v 8.3055882872247686 2.8673351313642095 21.560428900122933
cstype bspline
deg 1
curv 0 11.140413959129505 363 364
parm u 0 0 11.140413959129505 11.140413959129505
end
usemtl diffuse_0
v 1.4796053326449938 1.4470958731855221 9.479758378378671
v 3.6101570308282613 3.5776475713687894 27.602404226305588
cstype bspline
deg 1
curv 9.6981437319118822 28.069556132885467 365 366
parm u 9.6981437319118822 9.6981437319118822 28.069556132885467 28.069556132885467
end
usemtl diffuse_0
v 0.032509459459472367 0 0
v 1.4796053326449938 1.4470958731855221 9.479758378378671
cstype bspline
deg 1
curv 0 9.6981437319118822 367 368
parm u 0 0 9.6981437319118822 9.6981437319118822
end
usemtl diffuse_0
v 9.7258275454034546 1.4470958731855221 9.479758378378671
v 11.172923418588976 0 0
cstype bspline
deg 1
curv 18.371412400973583 28.069556132885467 369 370
parm u 18.371412400973583 18.371412400973583 28.069556132885467 28.069556132885467
end
usemtl diffuse_0
v 7.5952758472201864 3.5776475713687894 27.602404226305588
v 9.7258275454034546 1.4470958731855221 9.479758378378671
cstype bspline
deg 1
curv 0 18.371412400973583 371 372
parm u 0 0 18.371412400973583 18.371412400973583
end
usemtl diffuse_0
v 1.4796053326449938 9.6933180859439823 9.479758378378671
v 0.032509459459472367 11.140413959129505 0
cstype bspline
deg 1
curv 33.727117542340622 43.425261274252506 373 374
parm u 33.727117542340622 33.727117542340622 43.425261274252506 43.425261274252506
end
usemtl diffuse_0
v 3.6101570308282613 7.5627663877607141 27.602404226305588
v 1.4796053326449938 9.6933180859439823 9.479758378378671
cstype bspline
deg 1
curv 15.355705141367043 33.727117542340622 375 376
parm u 15.355705141367043 15.355705141367043 33.727117542340622 33.727117542340622
end
usemtl diffuse_0
v 3.7630912415363196 7.4098321770526558 31.632750044196747
v 3.6101570308282613 7.5627663877607141 27.602404226305588
cstype bspline
deg 1
curv 11.319560302860557 15.355705141367043 377 378
parm u 11.319560302860557 11.319560302860557 15.355705141367043 15.355705141367043
end
usemtl diffuse_0
v 4.212381679369491 6.9605417392194839 42.934463261892546
v 3.7630912415363196 7.4098321770526558 31.632750044196747
cstype bspline
deg 1
curv 0 11.319560302860557 379 380
parm u 0 0 11.319560302860557 11.319560302860557
end
usemtl diffuse_0
v 9.7258275454034546 9.6933180859439823 9.479758378378671
v 11.172923418588976 11.140413959129505 0
cstype bspline
deg 1
curv 33.727117542340622 43.425261274252506 381 382
parm u 33.727117542340622 33.727117542340622 43.425261274252506 43.425261274252506
end
usemtl diffuse_0
v 7.5952758472201864 7.5627663877607141 27.602404226305588
v 9.7258275454034546 9.6933180859439823 9.479758378378671
cstype bspline
deg 1
curv 15.355705141367043 33.727117542340622 383 384
parm u 15.355705141367043 15.355705141367043 33.727117542340622 33.727117542340622
end
usemtl diffuse_0
v 7.4423416365121282 7.4098321770526558 31.632750044196747
v 7.5952758472201864 7.5627663877607141 27.602404226305588
cstype bspline
deg 1
curv 11.319560302860557 15.355705141367043 385 386
parm u 11.319560302860557 11.319560302860557 15.355705141367043 15.355705141367043
end
usemtl diffuse_0
v 6.9930511986789554 6.9605417392194839 42.934463261892546
v 7.4423416365121282 7.4098321770526558 31.632750044196747
cstype bspline
deg 1
curv 0 11.319560302860557 387 388
parm u 0 0 11.319560302860557 11.319560302860557
end
usemtl diffuse_0
v 2.271477257256914 8.9014461613320641 16.215485307180774
v 2.271477257256914 2.2389677977974403 16.215485307180774
cstype bspline
deg 1
curv 33.421241877388518 44.561655836518021 389 390
parm u 33.421241877388518 33.421241877388518 44.561655836518021 44.561655836518021
end
usemtl diffuse_0
v 8.9339556207915347 8.9014461613320641 16.215485307180774
v 2.271477257256914 8.9014461613320641 16.215485307180774
cstype bspline
deg 1
curv 22.280827918259011 33.421241877388518 391 392
parm u 22.280827918259011 22.280827918259011 33.421241877388518 33.421241877388518
end
usemtl diffuse_0
v 8.9339556207915347 2.2389677977974403 16.215485307180774
v 8.9339556207915347 8.9014461613320641 16.215485307180774
cstype bspline
deg 1
curv 11.140413959129505 22.280827918259011 393 394
parm u 11.140413959129505 11.140413959129505 22.280827918259011 22.280827918259011
end
usemtl diffuse_0
v 2.271477257256914 2.2389677977974403 16.215485307180774
v 8.9339556207915347 2.2389677977974403 16.215485307180774
cstype bspline
deg 1
curv 0 11.140413959129505 395 396
parm u 0 0 11.140413959129505 11.140413959129505
end
usemtl diffuse_0
v 5.2301513207486598 5.9427720978403151 54.047042315167928
v 5.2301513207486598 5.1976418612891884 54.047042315167928
cstype bspline
deg 1
curv 33.421241877388518 44.561655836518021 397 398
parm u 33.421241877388518 33.421241877388518 44.561655836518021 44.561655836518021
end
usemtl diffuse_0
v 5.9752815572997866 5.9427720978403151 54.047042315167928
v 5.2301513207486598 5.9427720978403151 54.047042315167928
cstype bspline
deg 1
curv 22.280827918259011 33.421241877388518 399 400
parm u 22.280827918259011 22.280827918259011 33.421241877388518 33.421241877388518
end
usemtl diffuse_0
v 5.9752815572997866 5.1976418612891884 54.047042315167928
v 5.9752815572997866 5.9427720978403151 54.047042315167928
cstype bspline
deg 1
curv 11.140413959129505 22.280827918259011 401 402
parm u 11.140413959129505 11.140413959129505 22.280827918259011 22.280827918259011
end
usemtl diffuse_0
v 5.2301513207486598 5.1976418612891884 54.047042315167928
v 5.9752815572997866 5.1976418612891884 54.047042315167928
cstype bspline
deg 1
curv 0 11.140413959129505 403 404
parm u 0 0 11.140413959129505 11.140413959129505
end
usemtl diffuse_0
v 4.6915621258373781 6.4813612927515969 48.373570297227893
v 4.6915621258373781 4.6590526663779066 48.373570297227893
cstype bspline
deg 1
curv 33.421241877388518 44.561655836518021 405 406
parm u 33.421241877388518 33.421241877388518 44.561655836518021 44.561655836518021
end
usemtl diffuse_0
v 6.5138707522110675 6.4813612927515969 48.373570297227893
v 4.6915621258373781 6.4813612927515969 48.373570297227893
cstype bspline
deg 1
curv 22.280827918259011 33.421241877388518 407 408
parm u 22.280827918259011 22.280827918259011 33.421241877388518 33.421241877388518
end
usemtl diffuse_0
v 6.5138707522110675 4.6590526663779066 48.373570297227893
v 6.5138707522110675 6.4813612927515969 48.373570297227893
cstype bspline
deg 1
curv 11.140413959129505 22.280827918259011 409 410
parm u 11.140413959129505 11.140413959129505 22.280827918259011 22.280827918259011
end
usemtl diffuse_0
v 4.6915621258373781 4.6590526663779066 48.373570297227893
v 6.5138707522110675 4.6590526663779066 48.373570297227893
cstype bspline
deg 1
curv 0 11.140413959129505 411 412
parm u 0 0 11.140413959129505 11.140413959129505
end
usemtl diffuse_0
v 3.7630912415363182 3.7305817820768472 31.632750044196747
v 4.212381679369491 4.1798722199100196 42.934463261892546
cstype bspline
deg 1
curv 4.0361448385064866 15.355705141367043 413 414
parm u 4.0361448385064866 4.0361448385064866 15.355705141367043 15.355705141367043
end
usemtl diffuse_0
v 3.61015703082826 3.5776475713687894 27.602404226305588
v 3.7630912415363182 3.7305817820768472 31.632750044196747
cstype bspline
deg 1
curv 0 4.0361448385064866 415 416
parm u 0 0 4.0361448385064866 4.0361448385064866
end
usemtl diffuse_0
v 1.4796053326449938 9.6933180859439823 9.479758378378671
v 1.4796053326449938 1.4470958731855221 9.479758378378671
cstype bspline
deg 1
curv 33.421241877388518 44.561655836518021 417 418
parm u 33.421241877388518 33.421241877388518 44.561655836518021 44.561655836518021
end
usemtl diffuse_0
v 9.7258275454034546 9.6933180859439823 9.479758378378671
v 1.4796053326449938 9.6933180859439823 9.479758378378671
cstype bspline
deg 1
curv 22.280827918259011 33.421241877388518 419 420
parm u 22.280827918259011 22.280827918259011 33.421241877388518 33.421241877388518
end
usemtl diffuse_0
v 9.7258275454034546 1.4470958731855221 9.479758378378671
v 9.7258275454034546 9.6933180859439823 9.479758378378671
cstype bspline
deg 1
curv 11.140413959129505 22.280827918259011 421 422
parm u 11.140413959129505 11.140413959129505 22.280827918259011 22.280827918259011
end
usemtl diffuse_0
v 1.4796053326449938 1.4470958731855221 9.479758378378671
v 9.7258275454034546 1.4470958731855221 9.479758378378671
cstype bspline
deg 1
curv 0 11.140413959129505 423 424
parm u 0 0 11.140413959129505 11.140413959129505
end
usemtl diffuse_0
v 3.6101570308282613 7.5627663877607141 27.602404226305588
v 3.6101570308282613 3.5776475713687894 27.602404226305588
cstype bspline
deg 1
curv 33.421241877388518 44.561655836518021 425 426
parm u 33.421241877388518 33.421241877388518 44.561655836518021 44.561655836518021
end
usemtl diffuse_0
v 7.5952758472201864 7.5627663877607141 27.602404226305588
v 3.6101570308282613 7.5627663877607141 27.602404226305588
cstype bspline
deg 1
curv 22.280827918259011 33.421241877388518 427 428
parm u 22.280827918259011 22.280827918259011 33.421241877388518 33.421241877388518
end
usemtl diffuse_0
v 7.5952758472201864 3.5776475713687894 27.602404226305588
v 7.5952758472201864 7.5627663877607141 27.602404226305588
cstype bspline
deg 1
curv 11.140413959129505 22.280827918259011 429 430
parm u 11.140413959129505 11.140413959129505 22.280827918259011 22.280827918259011
end
usemtl diffuse_0
v 3.6101570308282613 3.5776475713687894 27.602404226305588
v 7.5952758472201864 3.5776475713687894 27.602404226305588
cstype bspline
deg 1
curv 0 11.140413959129505 431 432
parm u 0 0 11.140413959129505 11.140413959129505
end
usemtl diffuse_0
v 3.7630912415363196 7.4098321770526558 31.632750044196747
v 3.7630912415363196 3.7305817820768472 31.632750044196747
cstype bspline
deg 1
curv 33.421241877388518 44.561655836518021 433 434
parm u 33.421241877388518 33.421241877388518 44.561655836518021 44.561655836518021
end
usemtl diffuse_0
v 7.4423416365121282 7.4098321770526558 31.632750044196747
v 3.7630912415363196 7.4098321770526558 31.632750044196747
cstype bspline
deg 1
curv 22.280827918259011 33.421241877388518 435 436
parm u 22.280827918259011 22.280827918259011 33.421241877388518 33.421241877388518
end
usemtl diffuse_0
v 7.4423416365121282 3.7305817820768472 31.632750044196747
v 7.4423416365121282 7.4098321770526558 31.632750044196747
cstype bspline
deg 1
curv 11.140413959129505 22.280827918259011 437 438
parm u 11.140413959129505 11.140413959129505 22.280827918259011 22.280827918259011
end
usemtl diffuse_0
v 3.7630912415363196 3.7305817820768472 31.632750044196747
v 7.4423416365121282 3.7305817820768472 31.632750044196747
cstype bspline
deg 1
curv 0 11.140413959129505 439 440
parm u 0 0 11.140413959129505 11.140413959129505
end
usemtl diffuse_0
v 4.212381679369491 6.9605417392194839 42.934463261892546
v 4.212381679369491 4.1798722199100196 42.934463261892546
cstype bspline
deg 1
curv 33.421241877388518 44.561655836518021 441 442
parm u 33.421241877388518 33.421241877388518 44.561655836518021 44.561655836518021
end
usemtl diffuse_0
v 6.9930511986789554 6.9605417392194839 42.934463261892546
v 4.212381679369491 6.9605417392194839 42.934463261892546
cstype bspline
deg 1
curv 22.280827918259011 33.421241877388518 443 444
parm u 22.280827918259011 22.280827918259011 33.421241877388518 33.421241877388518
end
usemtl diffuse_0
v 6.9930511986789554 4.1798722199100196 42.934463261892546
v 6.9930511986789554 6.9605417392194839 42.934463261892546
cstype bspline
deg 1
curv 11.140413959129505 22.280827918259011 445 446
parm u 11.140413959129505 11.140413959129505 22.280827918259011 22.280827918259011
end
usemtl diffuse_0
v 4.212381679369491 4.1798722199100196 42.934463261892546
v 6.9930511986789554 4.1798722199100196 42.934463261892546
cstype bspline
deg 1
curv 0 11.140413959129505 447 448
parm u 0 0 11.140413959129505 11.140413959129505
end
usemtl diffuse_0
v 7.4423416365121282 3.7305817820768472 31.632750044196747
v 6.9930511986789554 4.1798722199100196 42.934463261892546
cstype bspline
deg 1
curv 4.0361448385064866 15.355705141367043 449 450
parm u 4.0361448385064866 4.0361448385064866 15.355705141367043 15.355705141367043
end
usemtl diffuse_0
v 7.5952758472201864 3.5776475713687894 27.602404226305588
v 7.4423416365121282 3.7305817820768472 31.632750044196747
cstype bspline
deg 1
curv 0 4.0361448385064866 451 452
parm u 0 0 4.0361448385064866 4.0361448385064866
end
usemtl diffuse_0
v -11.401652692731112 5.8069561112049559 43.423288327304405
v -11.401652692731112 5.3334578479245476 43.423288327304405
cstype bspline
deg 1
curv 0 0.47349826328040834 453 454
parm u 0 0 0.47349826328040834 0.47349826328040834
end
usemtl diffuse_0
v 9.7258275454034546 5.5702069795647517 9.479758378378671
v 1.4796053326449938 5.5702069795647517 9.479758378378671
cstype bspline
deg 1
curv 0 8.246222212758461 455 456
parm u 0 0 8.246222212758461 8.246222212758461
end
usemtl diffuse_0
v 5.6027164390242241 9.6933180859439823 9.479758378378671
v 5.6027164390242241 1.4470958731855221 9.479758378378671
cstype bspline
deg 1
curv 0 8.246222212758461 457 458
parm u 0 0 8.246222212758461 8.246222212758461
end
usemtl diffuse_0
v 3.6101570308282613 5.5702069795647517 27.602404226305588
v 7.5952758472201864 5.5702069795647517 27.602404226305588
cstype bspline
deg 1
curv 0 3.9851188163919251 459 460
parm u 0 0 3.9851188163919251 3.9851188163919251
end
usemtl diffuse_0
v 21.337683353883833 4.8421526377251798 27.602404226305588
v 21.337683353883833 6.2982613214043237 27.602404226305588
cstype bspline
deg 1
curv 0 1.4561086836791439 461 462
parm u 0 0 1.4561086836791439 1.4561086836791439
end
usemtl diffuse_0
v 15.887517748198489 6.7997572941826503 27.602404226305588
v 15.887517748198489 4.3406566649468532 27.602404226305588
cstype bspline
deg 1
curv 0 2.4591006292357971 463 464
parm u 0 0 2.4591006292357971 2.4591006292357971
end
usemtl diffuse_0
v 13.859284367838377 4.1540291483363259 27.602404226305588
v 13.859284367838377 6.9863848107931776 27.602404226305588
cstype bspline
deg 1
curv 0 2.8323556624568518 465 466
parm u 0 0 2.8323556624568518 2.8323556624568518
end
usemtl diffuse_0
v 9.3487454810087272 7.4014212060993092 27.602404226305588
v 9.3487454810087272 3.7389927530301938 27.602404226305588
cstype bspline
deg 1
curv 0 3.6624284530691154 467 468
parm u 0 0 3.6624284530691154 3.6624284530691154
end
usemtl diffuse_0
v -10.132250475835383 4.8421526377251798 27.602404226305588
v -10.132250475835383 6.2982613214043237 27.602404226305588
cstype bspline
deg 1
curv 0 1.4561086836791439 469 470
parm u 0 0 1.4561086836791439 1.4561086836791439
end
usemtl diffuse_0
v -4.6820848701500406 6.7997572941826503 27.602404226305588
v -4.6820848701500406 4.3406566649468532 27.602404226305588
cstype bspline
deg 1
curv 0 2.4591006292357971 471 472
parm u 0 0 2.4591006292357971 2.4591006292357971
end
usemtl diffuse_0
v -2.6538514897899281 4.1540291483363259 27.602404226305588
v -2.6538514897899281 6.9863848107931776 27.602404226305588
cstype bspline
deg 1
curv 0 2.8323556624568518 473 474
parm u 0 0 2.8323556624568518 2.8323556624568518
end
usemtl diffuse_0
v 1.8566873970397217 7.4014212060993092 27.602404226305588
v 1.8566873970397217 3.7389927530301938 27.602404226305588
cstype bspline
deg 1
curv 0 3.6624284530691154 475 476
parm u 0 0 3.6624284530691154 3.6624284530691154
end
usemtl diffuse_0
v 4.0519354572046993 5.5702069795647517 38.898505589358017
v 7.153497420843749 5.5702069795647509 38.898505589358017
cstype bspline
deg 1
curv 0 3.1015619636390497 477 478
parm u 0 0 3.1015619636390497 3.1015619636390497
end
usemtl diffuse_0
v -7.5586725032484097 6.2786793958637475 38.898505589358017
v -7.5586725032484097 4.861734563265756 38.898505589358017
cstype bspline
deg 1
curv 0 1.4169448325979914 479 480
parm u 0 0 1.4169448325979914 1.4169448325979914
end
usemtl diffuse_0
v -2.210665992813972 6.5884735905817973 40.73218399858883
v -6.5853779480047301 6.2787946793327212 40.551806438974374
cstype bspline
deg 1
curv 0 4.3893669000180227 481 482
parm u 0 0 4.3893669000180227 4.3893669000180227
end
usemtl diffuse_0
v -6.5853779480047301 6.2164880821867907 42.013091768763687
v -8.9219559585688799 6.0861801720283184 41.093668533424321
cstype bspline
deg 1
curv 0 2.5143420683319313 483 484
parm u 0 0 2.5143420683319313 2.5143420683319313
end
usemtl diffuse_0
v -6.5853779480047301 6.3492884753752268 38.898505589358017
v -6.5853779480047301 6.2164880821867907 42.013091768763687
cstype bspline
deg 1
curv 0 3.1174160796043591 485 486
parm u 0 0 3.1174160796043591 3.1174160796043591
end
usemtl diffuse_0
v -2.210665992813972 6.5884735905817973 40.73218399858883
v 4.119105613565698 7.0538178050232787 40.588142804075822
cstype bspline
deg 1
curv 0 6.3484881422714468 487 488
parm u 0 0 6.3484881422714468 6.3484881422714468
end
usemtl diffuse_0
v -11.401652692731112 5.8069561112049559 43.423288327304405
v -6.5853779480047301 6.3492884753752268 38.898505589358017
cstype bspline
deg 1
curv 0 6.630556962694258 489 490
parm u 0 0 6.630556962694258 6.630556962694258
end
usemtl diffuse_0
v 4.0519354572046993 7.1209879613842766 38.898505589358017
v -11.401652692731112 5.8069561112049559 43.423288327304405
cstype bspline
deg 1
curv 0 16.155919201232095 491 492
parm u 0 0 16.155919201232095 16.155919201232095
end
usemtl diffuse_0
v -2.210665992813972 4.5519403685477062 40.73218399858883
v -6.5853779480047301 4.8616192797967823 40.551806438974374
cstype bspline
deg 1
curv 0 4.3893669000180227 493 494
parm u 0 0 4.3893669000180227 4.3893669000180227
end
usemtl diffuse_0
v -6.5853779480047301 4.9239258769427128 42.013091768763687
v -8.9219559585688799 5.0542337871011851 41.093668533424321
cstype bspline
deg 1
curv 0 2.5143420683319313 495 496
parm u 0 0 2.5143420683319313 2.5143420683319313
end
usemtl diffuse_0
v -6.5853779480047301 4.7911254837542767 38.898505589358017
v -6.5853779480047301 4.9239258769427128 42.013091768763687
cstype bspline
deg 1
curv 0 3.1174160796043591 497 498
parm u 0 0 3.1174160796043591 3.1174160796043591
end
usemtl diffuse_0
v -2.210665992813972 4.5519403685477062 40.73218399858883
v 4.119105613565698 4.0865961541062248 40.588142804075822
cstype bspline
deg 1
curv 0 6.3484881422714468 499 500
parm u 0 0 6.3484881422714468 6.3484881422714468
end
usemtl diffuse_0
v -11.401652692731112 5.3334578479245476 43.423288327304405
v -6.5853779480047301 4.7911254837542767 38.898505589358017
cstype bspline
deg 1
curv 0 6.630556962694258 501 502
parm u 0 0 6.630556962694258 6.630556962694258
end
usemtl diffuse_0
v 4.0519354572046993 4.0194259977452269 38.898505589358017
v -11.401652692731112 5.3334578479245476 43.423288327304405
cstype bspline
deg 1
curv 0 16.155919201232095 503 504
parm u 0 0 16.155919201232095 16.155919201232095
end
usemtl diffuse_0
v 18.764105381296858 6.2786793958637475 38.898505589358017
v 18.764105381296858 4.861734563265756 38.898505589358017
cstype bspline
deg 1
curv 0 1.4169448325979914 505 506
parm u 0 0 1.4169448325979914 1.4169448325979914
end
usemtl diffuse_0
v 22.60708557077956 5.8069561112049559 43.423288327304405
v 22.60708557077956 5.3334578479245476 43.423288327304405
cstype bspline
deg 1
curv 0 0.47349826328040834 507 508
parm u 0 0 0.47349826328040834 0.47349826328040834
end
usemtl diffuse_0
v 13.41609887086242 6.5884735905817973 40.73218399858883
v 17.790810826053178 6.2787946793327212 40.551806438974374
cstype bspline
deg 1
curv 0 4.3893669000180227 509 510
parm u 0 0 4.3893669000180227 4.3893669000180227
end
usemtl diffuse_0
v 17.790810826053178 6.2164880821867907 42.013091768763687
v 20.127388836617328 6.0861801720283184 41.093668533424321
cstype bspline
deg 1
curv 0 2.5143420683319313 511 512
parm u 0 0 2.5143420683319313 2.5143420683319313
end
usemtl diffuse_0
v 17.790810826053178 6.3492884753752268 38.898505589358017
v 17.790810826053178 6.2164880821867907 42.013091768763687
cstype bspline
deg 1
curv 0 3.1174160796043591 513 514
parm u 0 0 3.1174160796043591 3.1174160796043591
end
usemtl diffuse_0
v 13.41609887086242 6.5884735905817973 40.73218399858883
v 7.0863272644827502 7.0538178050232787 40.588142804075822
cstype bspline
deg 1
curv 0 6.3484881422714468 515 516
parm u 0 0 6.3484881422714468 6.3484881422714468
end
usemtl diffuse_0
v 22.60708557077956 5.8069561112049559 43.423288327304405
v 17.790810826053178 6.3492884753752268 38.898505589358017
cstype bspline
deg 1
curv 0 6.630556962694258 517 518
parm u 0 0 6.630556962694258 6.630556962694258
end
usemtl diffuse_0
v 7.153497420843749 7.1209879613842766 38.898505589358017
v 22.60708557077956 5.8069561112049559 43.423288327304405
cstype bspline
deg 1
curv 0 16.155919201232095 519 520
parm u 0 0 16.155919201232095 16.155919201232095
end
usemtl diffuse_0
v 13.41609887086242 4.5519403685477062 40.73218399858883
v 17.790810826053178 4.8616192797967823 40.551806438974374
cstype bspline
deg 1
curv 0 4.3893669000180227 521 522
parm u 0 0 4.3893669000180227 4.3893669000180227
end
usemtl diffuse_0
v 17.790810826053178 4.9239258769427128 42.013091768763687
v 20.127388836617328 5.0542337871011851 41.093668533424321
cstype bspline
deg 1
curv 0 2.5143420683319313 523 524
parm u 0 0 2.5143420683319313 2.5143420683319313
end
usemtl diffuse_0
v 17.790810826053178 4.7911254837542767 38.898505589358017
v 17.790810826053178 4.9239258769427128 42.013091768763687
cstype bspline
deg 1
curv 0 3.1174160796043591 525 526
parm u 0 0 3.1174160796043591 3.1174160796043591
end
usemtl diffuse_0
v 13.41609887086242 4.5519403685477062 40.73218399858883
v 7.0863272644827502 4.0865961541062248 40.588142804075822
cstype bspline
deg 1
curv 0 6.3484881422714468 527 528
parm u 0 0 6.3484881422714468 6.3484881422714468
end
usemtl diffuse_0
v 22.60708557077956 5.3334578479245476 43.423288327304405
v 17.790810826053178 4.7911254837542767 38.898505589358017
cstype bspline
deg 1
curv 0 6.630556962694258 529 530
parm u 0 0 6.630556962694258 6.630556962694258
end
usemtl diffuse_0
v 7.153497420843749 4.0194259977452269 38.898505589358017
v 22.60708557077956 5.3334578479245476 43.423288327304405
cstype bspline
deg 1
curv 0 16.155919201232095 531 532
parm u 0 0 16.155919201232095 16.155919201232095
end
usemtl diffuse_0
v 14.3262871211654 4.2579604490711125 29.073547654514648
v 7.5394523101845312 3.6334711084045104 29.073547654514648
cstype bspline
deg 1
curv 0 6.815505387581168 533 534
parm u 0 0 6.815505387581168 6.815505387581168
end
usemtl diffuse_0
v 11.034343455249159 7.2463212225459506 27.602404226305588
v 7.4423416365121282 7.4098321770526567 31.632750044196747
cstype bspline
deg 1
curv 3.0702489125220165 8.4714432535772044 535 536
parm u 3.0702489125220165 3.0702489125220165 8.4714432535772044 8.4714432535772044
end
usemtl diffuse_0
v 11.022745238486525 7.1202739449640777 30.670042723590552
v 11.034343455249159 7.2463212225459506 27.602404226305588
cstype bspline
deg 1
curv 0 3.0702489125220165 537 538
parm u 0 0 3.0702489125220165 3.0702489125220165
end
usemtl diffuse_0
v 11.034343455249159 3.8940927365835529 27.602404226305588
v 7.4423416365121282 3.7305817820768472 31.632750044196747
cstype bspline
deg 1
curv 3.0702489125220165 8.4714432535772044 539 540
parm u 3.0702489125220165 3.0702489125220165 8.4714432535772044 8.4714432535772044
end
usemtl diffuse_0
v 11.022745238486525 4.0201400141654258 30.670042723590552
v 11.034343455249159 3.8940927365835529 27.602404226305588
cstype bspline
deg 1
curv 0 3.0702489125220165 541 542
parm u 0 0 3.0702489125220165 3.0702489125220165
end
usemtl diffuse_0
v 22.431595768799781 6.1976051743543517 27.602404226305588
v 7.4423416365121282 7.4098321770526567 31.632750044196747
cstype bspline
deg 1
curv 14.412096594786174 29.525243145044783 543 544
parm u 14.412096594786174 14.412096594786174 29.525243145044783 29.525243145044783
end
usemtl diffuse_0
v 7.5952758472201882 7.5627663877607141 27.602404226305588
v 22.431595768799781 6.1976051743543517 27.602404226305588
cstype bspline
deg 1
curv 0 14.412096594786174 545 546
parm u 0 0 14.412096594786174 14.412096594786174
end
usemtl diffuse_0
v 22.431595768799781 4.9428087847751518 27.602404226305588
v 7.4423416365121282 3.7305817820768472 31.632750044196747
cstype bspline
deg 1
curv 14.412096594786174 29.525243145044783 547 548
parm u 14.412096594786174 14.412096594786174 29.525243145044783 29.525243145044783
end
usemtl diffuse_0
v 7.5952758472201882 3.5776475713687894 27.602404226305588
v 22.431595768799781 4.9428087847751518 27.602404226305588
cstype bspline
deg 1
curv 0 14.412096594786174 549 550
parm u 0 0 14.412096594786174 14.412096594786174
end
usemtl diffuse_0
v 0.17108942279928963 7.2463212225459506 27.602404226305588
v 3.76309124153632 7.4098321770526567 31.632750044196747
cstype bspline
deg 1
curv 3.0702489125220165 8.4714432535772044 551 552
parm u 3.0702489125220165 3.0702489125220165 8.4714432535772044 8.4714432535772044
end
usemtl diffuse_0
v 0.18268763956192213 7.1202739449640777 30.670042723590552
v 0.17108942279928963 7.2463212225459506 27.602404226305588
cstype bspline
deg 1
curv 0 3.0702489125220165 553 554
parm u 0 0 3.0702489125220165 3.0702489125220165
end
usemtl diffuse_0
v 0.17108942279928963 3.8940927365835529 27.602404226305588
v 3.76309124153632 3.7305817820768472 31.632750044196747
cstype bspline
deg 1
curv 3.0702489125220165 8.4714432535772044 555 556
parm u 3.0702489125220165 3.0702489125220165 8.4714432535772044 8.4714432535772044
end
usemtl diffuse_0
v 0.18268763956192213 4.0201400141654258 30.670042723590552
v 0.17108942279928963 3.8940927365835529 27.602404226305588
cstype bspline
deg 1
curv 0 3.0702489125220165 557 558
parm u 0 0 3.0702489125220165 3.0702489125220165
end
usemtl diffuse_0
v -11.226162890751333 6.1976051743543517 27.602404226305588
v 3.76309124153632 7.4098321770526567 31.632750044196747
cstype bspline
deg 1
curv 14.412096594786174 29.525243145044783 559 560
parm u 14.412096594786174 14.412096594786174 29.525243145044783 29.525243145044783
end
usemtl diffuse_0
v 3.61015703082826 7.5627663877607141 27.602404226305588
v -11.226162890751333 6.1976051743543517 27.602404226305588
cstype bspline
deg 1
curv 0 14.412096594786174 561 562
parm u 0 0 14.412096594786174 14.412096594786174
end
usemtl diffuse_0
v -11.226162890751333 4.9428087847751518 27.602404226305588
v 3.76309124153632 3.7305817820768472 31.632750044196747
cstype bspline
deg 1
curv 14.412096594786174 29.525243145044783 563 564
parm u 14.412096594786174 14.412096594786174 29.525243145044783 29.525243145044783
end
usemtl diffuse_0
v 3.61015703082826 3.5776475713687894 27.602404226305588
v -11.226162890751333 4.9428087847751518 27.602404226305588
cstype bspline
deg 1
curv 0 14.412096594786174 565 566
parm u 0 0 14.412096594786174 14.412096594786174
end
usemtl diffuse_0
v 14.3262871211654 6.882453510058391 29.073547654514648
v 7.5394523101845312 7.5069428507249931 29.073547654514648
cstype bspline
deg 1
curv 0 6.815505387581168 567 568
parm u 0 0 6.815505387581168 6.815505387581168
end
usemtl diffuse_0
v 17.715997079724502 6.6315101091591053 27.602404226305588
v 14.323606695993698 6.8533231443677316 29.782499350632094
cstype bspline
deg 1
curv 0 4.0386047453705949 569 570
parm u 0 0 4.0386047453705949 4.0386047453705949
end
usemtl diffuse_0
v 11.022745238486525 7.1202739449640777 30.670042723590552
v 14.331849262983738 6.9429018400106761 27.602404226305588
cstype bspline
deg 1
curv 0 4.5157542292051263 571 572
parm u 0 0 4.5157542292051263 4.5157542292051263
end
usemtl diffuse_0
v 14.323606695993698 6.8533231443677325 29.782499350632094
v 14.331849262983738 6.9429018400106761 27.602404226305588
cstype bspline
deg 1
curv 0 2.181950282141158 573 574
parm u 0 0 2.181950282141158 2.181950282141158
end
usemtl diffuse_0
v 14.331849262983738 4.1975121191188274 27.602404226305588
v 11.022745238486525 4.0201400141654258 30.670042723590552
cstype bspline
deg 1
curv 0 4.5157542292051263 575 576
parm u 0 0 4.5157542292051263 4.5157542292051263
end
usemtl diffuse_0
v 14.323606695993698 4.287090814761771 29.782499350632094
v 14.331849262983738 4.1975121191188274 27.602404226305588
cstype bspline
deg 1
curv 0 2.181950282141158 577 578
parm u 0 0 2.181950282141158 2.181950282141158
end
usemtl diffuse_0
v 14.323606695993698 4.287090814761771 29.782499350632094
v 17.715997079724502 4.5089038499703982 27.602404226305588
cstype bspline
deg 1
curv 0 4.0386047453705949 579 580
parm u 0 0 4.0386047453705949 4.0386047453705949
end
usemtl diffuse_0
v 14.323606695993698 6.8533231443677316 29.782499350632094
v 14.323606695993698 4.287090814761771 29.782499350632094
cstype bspline
deg 1
curv 0 2.5662323296059606 581 582
parm u 0 0 2.5662323296059606 2.5662323296059606
end
usemtl diffuse_0
v 11.022745238486525 7.1202739449640777 30.670042723590552
v 11.022745238486525 4.0201400141654258 30.670042723590552
cstype bspline
deg 1
curv 0 3.100133930798652 583 584
parm u 0 0 3.100133930798652 3.100133930798652
end
usemtl diffuse_0
v 22.431595768799781 6.1976051743543517 27.602404226305588
v 22.431595768799781 4.9428087847751518 27.602404226305588
cstype bspline
deg 1
curv 0 1.2547963895791998 585 586
parm u 0 0 1.2547963895791998 1.2547963895791998
end
usemtl diffuse_0
v -3.1208542431169519 6.882453510058391 29.073547654514648
v 3.665980567863917 7.5069428507249931 29.073547654514648
cstype bspline
deg 1
curv 0 6.815505387581168 587 588
parm u 0 0 6.815505387581168 6.815505387581168
end
usemtl diffuse_0
v -6.5105642016760523 6.6315101091591053 27.602404226305588
v -3.1181738179452498 6.8533231443677316 29.782499350632094
cstype bspline
deg 1
curv 0 4.0386047453705949 589 590
parm u 0 0 4.0386047453705949 4.0386047453705949
end
usemtl diffuse_0
v 0.18268763956192213 7.1202739449640777 30.670042723590552
v -3.1264163849352888 6.9429018400106761 27.602404226305588
cstype bspline
deg 1
curv 0 4.5157542292051263 591 592
parm u 0 0 4.5157542292051263 4.5157542292051263
end
usemtl diffuse_0
v -3.1181738179452498 6.8533231443677325 29.782499350632094
v -3.1264163849352888 6.9429018400106761 27.602404226305588
cstype bspline
deg 1
curv 0 2.181950282141158 593 594
parm u 0 0 2.181950282141158 2.181950282141158
end
usemtl diffuse_0
v -3.1264163849352888 4.1975121191188274 27.602404226305588
v 0.18268763956192213 4.0201400141654258 30.670042723590552
cstype bspline
deg 1
curv 0 4.5157542292051263 595 596
parm u 0 0 4.5157542292051263 4.5157542292051263
end
usemtl diffuse_0
v -3.1208542431169519 4.2579604490711125 29.073547654514648
v 3.665980567863917 3.6334711084045104 29.073547654514648
cstype bspline
deg 1
curv 0 6.815505387581168 597 598
parm u 0 0 6.815505387581168 6.815505387581168
end
usemtl diffuse_0
v -3.1181738179452498 4.287090814761771 29.782499350632094
v -3.1264163849352888 4.1975121191188274 27.602404226305588
cstype bspline
deg 1
curv 0 2.181950282141158 599 600
parm u 0 0 2.181950282141158 2.181950282141158
end
usemtl diffuse_0
v -3.1181738179452498 4.287090814761771 29.782499350632094
v -6.5105642016760523 4.5089038499703982 27.602404226305588
cstype bspline
deg 1
curv 0 4.0386047453705949 601 602
parm u 0 0 4.0386047453705949 4.0386047453705949
end
usemtl diffuse_0
v -3.1181738179452498 6.8533231443677316 29.782499350632094
v -3.1181738179452498 4.287090814761771 29.782499350632094
cstype bspline
deg 1
curv 0 2.5662323296059606 603 604
parm u 0 0 2.5662323296059606 2.5662323296059606
end
usemtl diffuse_0
v 0.18268763956192213 7.1202739449640777 30.670042723590552
v 0.18268763956192213 4.0201400141654258 30.670042723590552
cstype bspline
deg 1
curv 0 3.100133930798652 605 606
parm u 0 0 3.100133930798652 3.100133930798652
end
usemtl diffuse_0
v -11.226162890751333 6.1976051743543517 27.602404226305588
v -11.226162890751333 4.9428087847751518 27.602404226305588
cstype bspline
deg 1
curv 0 1.2547963895791998 607 608
parm u 0 0 1.2547963895791998 1.2547963895791998
end
usemtl diffuse_0
v 6.0563432441749923 6.0238337847155199 53.193142503291362
v 5.6027164390242232 5.9427720978403142 54.047042315167928
cstype bspline
deg 1
curv 5.8422930011521084 6.8125987076967949 609 610
parm u 5.8422930011521084 5.8422930011521084 6.8125987076967949 6.8125987076967949
end
usemtl diffuse_0
v 4.9920994663651586 6.1808239522238146 51.539415820941642
v 6.0563432441749923 6.0238337847155199 53.193142503291362
cstype bspline
deg 1
curv 3.8694593357822571 5.8422930011521084 611 612
parm u 3.8694593357822571 3.8694593357822571 5.8422930011521084 5.8422930011521084
end
usemtl diffuse_0
v 6.3989629497677649 6.3664534903082917 49.584003421331794
v 4.9920994663651586 6.1808239522238146 51.539415820941642
cstype bspline
deg 1
curv 1.4533962490874754 3.8694593357822571 613 614
parm u 1.4533962490874754 1.4533962490874754 3.8694593357822571 3.8694593357822571
end
usemtl diffuse_0
v 5.6027164390242232 6.4813612927515951 48.373570297227893
v 6.3989629497677649 6.3664534903082917 49.584003421331794
cstype bspline
deg 1
curv 0 1.4533962490874754 615 616
parm u 0 0 1.4533962490874754 1.4533962490874754
end
usemtl diffuse_0
v 5.1490896338734542 6.0238337847155199 53.193142503291362
v 5.6027164390242232 5.9427720978403142 54.047042315167928
cstype bspline
deg 1
curv 5.8422930011521084 6.8125987076967949 617 618
parm u 5.8422930011521084 5.8422930011521084 6.8125987076967949 6.8125987076967949
end
usemtl diffuse_0
v 6.2133334116832879 6.1808239522238146 51.539415820941642
v 5.1490896338734542 6.0238337847155199 53.193142503291362
cstype bspline
deg 1
curv 3.8694593357822571 5.8422930011521084 619 620
parm u 3.8694593357822571 3.8694593357822571 5.8422930011521084 5.8422930011521084
end
usemtl diffuse_0
v 4.8064699282806815 6.3664534903082917 49.584003421331794
v 6.2133334116832879 6.1808239522238146 51.539415820941642
cstype bspline
deg 1
curv 1.4533962490874754 3.8694593357822571 621 622
parm u 1.4533962490874754 1.4533962490874754 3.8694593357822571 3.8694593357822571
end
usemtl diffuse_0
v 5.6027164390242232 6.4813612927515951 48.373570297227893
v 4.8064699282806815 6.3664534903082917 49.584003421331794
cstype bspline
deg 1
curv 0 1.4533962490874754 623 624
parm u 0 0 1.4533962490874754 1.4533962490874754
end
usemtl diffuse_0
v 5.1490896338734542 5.1165801744139836 53.193142503291362
v 5.6027164390242232 5.1976418612891893 54.047042315167928
cstype bspline
deg 1
curv 5.8422930011521084 6.8125987076967949 625 626
parm u 5.8422930011521084 5.8422930011521084 6.8125987076967949 6.8125987076967949
end
usemtl diffuse_0
v 6.2133334116832879 4.9595900069056889 51.539415820941642
v 5.1490896338734542 5.1165801744139836 53.193142503291362
cstype bspline
deg 1
curv 3.8694593357822571 5.8422930011521084 627 628
parm u 3.8694593357822571 3.8694593357822571 5.8422930011521084 5.8422930011521084
end
usemtl diffuse_0
v 4.8064699282806815 4.7739604688212118 49.584003421331794
v 6.2133334116832879 4.9595900069056889 51.539415820941642
cstype bspline
deg 1
curv 1.4533962490874754 3.8694593357822571 629 630
parm u 1.4533962490874754 1.4533962490874754 3.8694593357822571 3.8694593357822571
end
usemtl diffuse_0
v 5.6027164390242232 4.6590526663779084 48.373570297227893
v 4.8064699282806815 4.7739604688212118 49.584003421331794
cstype bspline
deg 1
curv 0 1.4533962490874754 631 632
parm u 0 0 1.4533962490874754 1.4533962490874754
end
usemtl diffuse_0
v 6.0563432441749923 5.1165801744139836 53.193142503291362
v 5.6027164390242232 5.1976418612891893 54.047042315167928
cstype bspline
deg 1
curv 5.8422930011521084 6.8125987076967949 633 634
parm u 5.8422930011521084 5.8422930011521084 6.8125987076967949 6.8125987076967949
end
usemtl diffuse_0
v 4.9920994663651586 4.9595900069056889 51.539415820941642
v 6.0563432441749923 5.1165801744139836 53.193142503291362
cstype bspline
deg 1
curv 3.8694593357822571 5.8422930011521084 635 636
parm u 3.8694593357822571 3.8694593357822571 5.8422930011521084 5.8422930011521084
end
usemtl diffuse_0
v 6.3989629497677649 4.7739604688212118 49.584003421331794
v 4.9920994663651586 4.9595900069056889 51.539415820941642
cstype bspline
deg 1
curv 1.4533962490874754 3.8694593357822571 637 638
parm u 1.4533962490874754 1.4533962490874754 3.8694593357822571 3.8694593357822571
end
usemtl diffuse_0
v 5.6027164390242232 4.6590526663779084 48.373570297227893
v 6.3989629497677649 4.7739604688212118 49.584003421331794
cstype bspline
deg 1
curv 0 1.4533962490874754 639 640
parm u 0 0 1.4533962490874754 1.4533962490874754
end
usemtl diffuse_0
v 6.0563432441749923 5.1165801744139827 53.193142503291362
v 5.9752815572997866 5.5702069795647517 54.047042315167928
cstype bspline
deg 1
curv 5.8422930011521084 6.8125987076967949 641 642
parm u 5.8422930011521084 5.8422930011521084 6.8125987076967949 6.8125987076967949
end
usemtl diffuse_0
v 6.213333411683287 6.1808239522238164 51.539415820941642
v 6.0563432441749923 5.1165801744139827 53.193142503291362
cstype bspline
deg 1
curv 3.8694593357822571 5.8422930011521084 643 644
parm u 3.8694593357822571 3.8694593357822571 5.8422930011521084 5.8422930011521084
end
usemtl diffuse_0
v 6.398962949767764 4.7739604688212101 49.584003421331794
v 6.213333411683287 6.1808239522238164 51.539415820941642
cstype bspline
deg 1
curv 1.4533962490874754 3.8694593357822571 645 646
parm u 1.4533962490874754 1.4533962490874754 3.8694593357822571 3.8694593357822571
end
usemtl diffuse_0
v 6.5138707522110675 5.5702069795647517 48.373570297227893
v 6.398962949767764 4.7739604688212101 49.584003421331794
cstype bspline
deg 1
curv 0 1.4533962490874754 647 648
parm u 0 0 1.4533962490874754 1.4533962490874754
end
usemtl diffuse_0
v 6.0563432441749923 6.0238337847155208 53.193142503291362
v 5.9752815572997866 5.5702069795647517 54.047042315167928
cstype bspline
deg 1
curv 5.8422930011521084 6.8125987076967949 649 650
parm u 5.8422930011521084 5.8422930011521084 6.8125987076967949 6.8125987076967949
end
usemtl diffuse_0
v 6.213333411683287 4.9595900069056871 51.539415820941642
v 6.0563432441749923 6.0238337847155208 53.193142503291362
cstype bspline
deg 1
curv 3.8694593357822571 5.8422930011521084 651 652
parm u 3.8694593357822571 3.8694593357822571 5.8422930011521084 5.8422930011521084
end
usemtl diffuse_0
v 6.398962949767764 6.3664534903082934 49.584003421331794
v 6.213333411683287 4.9595900069056871 51.539415820941642
cstype bspline
deg 1
curv 1.4533962490874754 3.8694593357822571 653 654
parm u 1.4533962490874754 1.4533962490874754 3.8694593357822571 3.8694593357822571
end
usemtl diffuse_0
v 6.5138707522110675 5.5702069795647517 48.373570297227893
v 6.398962949767764 6.3664534903082934 49.584003421331794
cstype bspline
deg 1
curv 0 1.4533962490874754 655 656
parm u 0 0 1.4533962490874754 1.4533962490874754
end
usemtl diffuse_0
v 5.1490896338734524 5.1165801744139827 53.193142503291362
v 5.2301513207486581 5.5702069795647517 54.047042315167928
cstype bspline
deg 1
curv 5.8422930011521084 6.8125987076967949 657 658
parm u 5.8422930011521084 5.8422930011521084 6.8125987076967949 6.8125987076967949
end
usemtl diffuse_0
v 4.9920994663651577 6.1808239522238164 51.539415820941642
v 5.1490896338734524 5.1165801744139827 53.193142503291362
cstype bspline
deg 1
curv 3.8694593357822571 5.8422930011521084 659 660
parm u 3.8694593357822571 3.8694593357822571 5.8422930011521084 5.8422930011521084
end
usemtl diffuse_0
v 4.8064699282806806 4.7739604688212101 49.584003421331794
v 4.9920994663651577 6.1808239522238164 51.539415820941642
cstype bspline
deg 1
curv 1.4533962490874754 3.8694593357822571 661 662
parm u 1.4533962490874754 1.4533962490874754 3.8694593357822571 3.8694593357822571
end
usemtl diffuse_0
v 4.6915621258373772 5.5702069795647517 48.373570297227893
v 4.8064699282806806 4.7739604688212101 49.584003421331794
cstype bspline
deg 1
curv 0 1.4533962490874754 663 664
parm u 0 0 1.4533962490874754 1.4533962490874754
end
usemtl diffuse_0
v 5.1490896338734524 6.0238337847155208 53.193142503291362
v 5.2301513207486581 5.5702069795647517 54.047042315167928
cstype bspline
deg 1
curv 5.8422930011521084 6.8125987076967949 665 666
parm u 5.8422930011521084 5.8422930011521084 6.8125987076967949 6.8125987076967949
end
usemtl diffuse_0
v 4.9920994663651577 4.9595900069056871 51.539415820941642
v 5.1490896338734524 6.0238337847155208 53.193142503291362
cstype bspline
deg 1
curv 3.8694593357822571 5.8422930011521084 667 668
parm u 3.8694593357822571 3.8694593357822571 5.8422930011521084 5.8422930011521084
end
usemtl diffuse_0
v 4.8064699282806806 6.3664534903082934 49.584003421331794
v 4.9920994663651577 4.9595900069056871 51.539415820941642
cstype bspline
deg 1
curv 1.4533962490874754 3.8694593357822571 669 670
parm u 1.4533962490874754 1.4533962490874754 3.8694593357822571 3.8694593357822571
end
usemtl diffuse_0
v 4.6915621258373772 5.5702069795647517 48.373570297227893
v 4.8064699282806806 6.3664534903082934 49.584003421331794
cstype bspline
deg 1
curv 0 1.4533962490874754 671 672
parm u 0 0 1.4533962490874754 1.4533962490874754
end
usemtl diffuse_0
v 4.212381679369491 4.1798722199100045 42.934463261892546
v 5.6027164390242241 4.3786221684066042 45.190444805189429
cstype bspline
deg 1
curv 0 2.657439558979239 673 674
parm u 0 0 2.657439558979239 2.657439558979239
end
usemtl diffuse_0
v 5.6027164390242241 4.3786221684066042 45.190444805189429
v 6.9930511986789554 4.1798722199100196 42.934463261892546
cstype bspline
deg 1
curv 2.657439558979239 5.3148791179584762 675 676
parm u 2.657439558979239 2.657439558979239 5.3148791179584762 5.3148791179584762
end
usemtl diffuse_0
v 4.212381679369491 6.960541739219499 42.934463261892546
v 5.6027164390242241 6.7617917907228993 45.190444805189429
cstype bspline
deg 1
curv 0 2.657439558979239 677 678
parm u 0 0 2.657439558979239 2.657439558979239
end
usemtl diffuse_0
v 5.6027164390242241 6.7617917907228993 45.190444805189429
v 6.9930511986789554 6.9605417392194839 42.934463261892546
cstype bspline
deg 1
curv 2.657439558979239 5.3148791179584762 679 680
parm u 2.657439558979239 2.657439558979239 5.3148791179584762 5.3148791179584762
end
usemtl diffuse_0
v 5.6027164390242206 4.3786221684066042 45.190444805189429
v 6.645267395264395 4.5276560233245782 46.882106254989068
cstype bspline
deg 1
curv 0 1.9926971789529968 681 682
parm u 0 0 1.9926971789529968 1.9926971789529968
end
usemtl diffuse_0
v 4.5601654827840497 4.5276560233245782 46.882106254989068
v 5.6027164390242206 4.3786221684066042 45.190444805189429
cstype bspline
deg 1
curv 5.6416107506640927 7.6343079296170897 683 684
parm u 5.6416107506640927 5.6416107506640927 7.6343079296170897 7.6343079296170897
end
usemtl diffuse_0
v 5.6027164390242206 6.7617917907228993 45.190444805189429
v 6.645267395264395 6.6127579358049253 46.882106254989068
cstype bspline
deg 1
curv 0 1.9926971789529968 685 686
parm u 0 0 1.9926971789529968 1.9926971789529968
end
usemtl diffuse_0
v 4.5601654827840497 6.6127579358049253 46.882106254989068
v 5.6027164390242206 6.7617917907228993 45.190444805189429
cstype bspline
deg 1
curv 5.6416107506640927 7.6343079296170897 687 688
parm u 5.6416107506640927 5.6416107506640927 7.6343079296170897 7.6343079296170897
end
usemtl diffuse_0
v 5.6027164390242223 6.4813612927515969 48.373570297227893
v 4.5601654827840497 6.6127579358049253 46.882106254989068
cstype bspline
deg 1
curv 3.8171539648085444 5.6416107506640927 689 690
parm u 3.8171539648085444 3.8171539648085444 5.6416107506640927 5.6416107506640927
end
usemtl diffuse_0
v 6.645267395264395 6.6127579358049253 46.882106254989068
v 5.6027164390242223 6.4813612927515969 48.373570297227893
cstype bspline
deg 1
curv 1.9926971789529968 3.8171539648085444 691 692
parm u 1.9926971789529968 1.9926971789529968 3.8171539648085444 3.8171539648085444
end
usemtl diffuse_0
v 5.6027164390242223 4.6590526663779066 48.373570297227893
v 4.5601654827840497 4.5276560233245782 46.882106254989068
cstype bspline
deg 1
curv 3.8171539648085444 5.6416107506640927 693 694
parm u 3.8171539648085444 3.8171539648085444 5.6416107506640927 5.6416107506640927
end
usemtl diffuse_0
v 6.645267395264395 4.5276560233245782 46.882106254989068
v 5.6027164390242223 4.6590526663779066 48.373570297227893
cstype bspline
deg 1
curv 1.9926971789529968 3.8171539648085444 695 696
parm u 1.9926971789529968 1.9926971789529968 3.8171539648085444 3.8171539648085444
end
usemtl diffuse_0
v 4.5601654827840497 6.6127579358049235 46.882106254989068
v 4.4111316278660748 5.5702069795647517 45.190444805189429
cstype bspline
deg 1
curv 5.6416107506640918 7.634307929617087 697 698
parm u 5.6416107506640918 5.6416107506640918 7.634307929617087 7.634307929617087
end
usemtl diffuse_0
v 4.6915621258373772 5.5702069795647517 48.373570297227893
v 4.5601654827840497 6.6127579358049235 46.882106254989068
cstype bspline
deg 1
curv 3.8171539648085444 5.6416107506640918 699 700
parm u 3.8171539648085444 3.8171539648085444 5.6416107506640918 5.6416107506640918
end
usemtl diffuse_0
v 4.5601654827840497 4.5276560233245782 46.882106254989068
v 4.6915621258373772 5.5702069795647517 48.373570297227893
cstype bspline
deg 1
curv 1.9926971789529961 3.8171539648085444 701 702
parm u 1.9926971789529961 1.9926971789529961 3.8171539648085444 3.8171539648085444
end
usemtl diffuse_0
v 4.4111316278660748 5.5702069795647517 45.190444805189429
v 4.5601654827840497 4.5276560233245782 46.882106254989068
cstype bspline
deg 1
curv 0 1.9926971789529961 703 704
parm u 0 0 1.9926971789529961 1.9926971789529961
end
usemtl diffuse_0
v 6.645267395264395 6.6127579358049235 46.882106254989068
v 6.7943012501823699 5.5702069795647517 45.190444805189429
cstype bspline
deg 1
curv 5.6416107506640918 7.634307929617087 705 706
parm u 5.6416107506640918 5.6416107506640918 7.634307929617087 7.634307929617087
end
usemtl diffuse_0
v 6.5138707522110675 5.5702069795647517 48.373570297227893
v 6.645267395264395 6.6127579358049235 46.882106254989068
cstype bspline
deg 1
curv 3.8171539648085444 5.6416107506640918 707 708
parm u 3.8171539648085444 3.8171539648085444 5.6416107506640918 5.6416107506640918
end
usemtl diffuse_0
v 6.645267395264395 4.5276560233245782 46.882106254989068
v 6.5138707522110675 5.5702069795647517 48.373570297227893
cstype bspline
deg 1
curv 1.9926971789529961 3.8171539648085444 709 710
parm u 1.9926971789529961 1.9926971789529961 3.8171539648085444 3.8171539648085444
end
usemtl diffuse_0
v 6.7943012501823699 5.5702069795647517 45.190444805189429
v 6.645267395264395 4.5276560233245782 46.882106254989068
cstype bspline
deg 1
curv 0 1.9926971789529961 711 712
parm u 0 0 1.9926971789529961 1.9926971789529961
end
usemtl diffuse_0
v 4.4111316278660784 5.5702069795647517 45.190444805189429
v 4.2123816793694928 6.9605417392194839 42.934463261892546
cstype bspline
deg 1
curv 2.6574395589792377 5.3148791179584753 713 714
parm u 2.6574395589792377 2.6574395589792377 5.3148791179584753 5.3148791179584753
end
usemtl diffuse_0
v 4.2123816793694928 4.1798722199100196 42.934463261892546
v 4.4111316278660784 5.5702069795647517 45.190444805189429
cstype bspline
deg 1
curv 0 2.6574395589792377 715 716
parm u 0 0 2.6574395589792377 2.6574395589792377
end
usemtl diffuse_0
v 6.7943012501823699 5.5702069795647517 45.190444805189429
v 6.9930511986789554 6.9605417392194839 42.934463261892546
cstype bspline
deg 1
curv 2.6574395589792377 5.3148791179584753 717 718
parm u 2.6574395589792377 2.6574395589792377 5.3148791179584753 5.3148791179584753
end
usemtl diffuse_0
v 6.9930511986789554 4.1798722199100196 42.934463261892546
v 6.7943012501823699 5.5702069795647517 45.190444805189429
cstype bspline
deg 1
curv 0 2.6574395589792377 719 720
parm u 0 0 2.6574395589792377 2.6574395589792377
end
usemtl diffuse_0
v 3.8439480785036819 5.5702069795647517 33.666669990283907
v 3.76309124153632 7.4098321770526567 31.632750044196747
cstype bspline
deg 1
curv 2.7436452107384386 5.4872904214768781 721 722
parm u 2.7436452107384386 2.7436452107384386 5.4872904214768781 5.4872904214768781
end
usemtl diffuse_0
v 3.76309124153632 3.7305817820768472 31.632750044196747
v 3.8439480785036819 5.5702069795647517 33.666669990283907
cstype bspline
deg 1
curv 0 2.7436452107384386 723 724
parm u 0 0 2.7436452107384386 2.7436452107384386
end
usemtl diffuse_0
v 7.3614847995447663 5.5702069795647517 33.666669990283907
v 7.4423416365121282 7.4098321770526567 31.632750044196747
cstype bspline
deg 1
curv 2.7436452107384386 5.4872904214768781 725 726
parm u 2.7436452107384386 2.7436452107384386 5.4872904214768781 5.4872904214768781
end
usemtl diffuse_0
v 7.4423416365121282 3.7305817820768472 31.632750044196747
v 7.3614847995447663 5.5702069795647517 33.666669990283907
cstype bspline
deg 1
curv 0 2.7436452107384386 727 728
parm u 0 0 2.7436452107384386 2.7436452107384386
end
usemtl diffuse_0
v 5.6027164390242241 7.3289753400852948 33.666669990283907
v 7.4423416365121282 7.4098321770526567 31.632750044196747
cstype bspline
deg 1
curv 0 2.7436452107384386 729 730
parm u 0 0 2.7436452107384386 2.7436452107384386
end
usemtl diffuse_0
v 3.7630912415363182 7.4098321770526567 31.632750044196747
v 5.6027164390242241 7.3289753400852948 33.666669990283907
cstype bspline
deg 1
curv 0 2.7436452107384395 731 732
parm u 0 0 2.7436452107384395 2.7436452107384395
end
usemtl diffuse_0
v 3.918757864217822 7.2541655543711547 35.548478888990999
v 3.9888476007762357 5.5702069795647517 37.31155692356333
cstype bspline
deg 1
curv 7.4918012539578704 9.9308734564205761 733 734
parm u 7.4918012539578704 7.4918012539578704 9.9308734564205761 9.9308734564205761
end
usemtl diffuse_0
v 3.8439480785036819 5.5702069795647517 33.666669990283907
v 3.918757864217822 7.2541655543711547 35.548478888990999
cstype bspline
deg 1
curv 4.965436728210288 7.4918012539578704 735 736
parm u 4.965436728210288 4.965436728210288 7.4918012539578704 7.4918012539578704
end
usemtl diffuse_0
v 3.918757864217822 3.8862484047583488 35.548478888990999
v 3.8439480785036819 5.5702069795647517 33.666669990283907
cstype bspline
deg 1
curv 2.4390722024627056 4.965436728210288 737 738
parm u 2.4390722024627056 2.4390722024627056 4.965436728210288 4.965436728210288
end
usemtl diffuse_0
v 3.9888476007762357 5.5702069795647517 37.31155692356333
v 3.918757864217822 3.8862484047583488 35.548478888990999
cstype bspline
deg 1
curv 0 2.4390722024627056 739 740
parm u 0 0 2.4390722024627056 2.4390722024627056
end
usemtl diffuse_0
v 7.2866750138306262 7.2541655543711547 35.548478888990999
v 7.2165852772722126 5.5702069795647517 37.31155692356333
cstype bspline
deg 1
curv 7.4918012539578704 9.9308734564205761 741 742
parm u 7.4918012539578704 7.4918012539578704 9.9308734564205761 9.9308734564205761
end
usemtl diffuse_0
v 7.3614847995447663 5.5702069795647517 33.666669990283907
v 7.2866750138306262 7.2541655543711547 35.548478888990999
cstype bspline
deg 1
curv 4.965436728210288 7.4918012539578704 743 744
parm u 4.965436728210288 4.965436728210288 7.4918012539578704 7.4918012539578704
end
usemtl diffuse_0
v 7.2866750138306262 3.8862484047583488 35.548478888990999
v 7.3614847995447663 5.5702069795647517 33.666669990283907
cstype bspline
deg 1
curv 2.4390722024627056 4.965436728210288 745 746
parm u 2.4390722024627056 2.4390722024627056 4.965436728210288 4.965436728210288
end
usemtl diffuse_0
v 7.2165852772722126 5.5702069795647517 37.31155692356333
v 7.2866750138306262 3.8862484047583488 35.548478888990999
cstype bspline
deg 1
curv 0 2.4390722024627056 747 748
parm u 0 0 2.4390722024627056 2.4390722024627056
end
usemtl diffuse_0
v 3.9888476007762361 5.5702069795647517 37.31155692356333
v 4.0519354572046993 4.0194259977452269 38.898505589358017
cstype bspline
deg 1
curv 0 2.2197539951691501 749 750
parm u 0 0 2.2197539951691501 2.2197539951691501
end
usemtl diffuse_0
v 4.0519354572046993 7.1209879613842766 38.898505589358017
v 3.9888476007762361 5.5702069795647517 37.31155692356333
cstype bspline
deg 1
curv 0 2.2197539951691501 751 752
parm u 0 0 2.2197539951691501 2.2197539951691501
end
usemtl diffuse_0
v 5.6027164390242241 7.1840758178127402 37.31155692356333
v 4.0519354572046646 7.1209879613842597 38.898505589358017
cstype bspline
deg 1
curv 0 2.2197539951691749 753 754
parm u 0 0 2.2197539951691749 2.2197539951691749
end
usemtl diffuse_0
v 7.153497420843749 7.1209879613842766 38.898505589358017
v 5.6027164390242241 7.1840758178127402 37.31155692356333
cstype bspline
deg 1
curv 0 2.2197539951691501 755 756
parm u 0 0 2.2197539951691501 2.2197539951691501
end
usemtl diffuse_0
v 7.2165852772722126 5.5702069795647517 37.31155692356333
v 7.153497420843749 7.1209879613842766 38.898505589358017
cstype bspline
deg 1
curv 2.2197539951691501 4.4395079903383001 757 758
parm u 2.2197539951691501 2.2197539951691501 4.4395079903383001 4.4395079903383001
end
usemtl diffuse_0
v 7.153497420843749 4.0194259977452269 38.898505589358017
v 7.2165852772722126 5.5702069795647517 37.31155692356333
cstype bspline
deg 1
curv 0 2.2197539951691501 759 760
parm u 0 0 2.2197539951691501 2.2197539951691501
end
usemtl diffuse_0
v 5.6027164390242241 3.9563381413167638 37.31155692356333
v 7.153497420843749 4.0194259977452269 38.898505589358017
cstype bspline
deg 1
curv 0 2.2197539951691501 761 762
parm u 0 0 2.2197539951691501 2.2197539951691501
end
usemtl diffuse_0
v 4.0519354572046993 4.0194259977452269 38.898505589358017
v 5.6027164390242241 3.9563381413167638 37.31155692356333
cstype bspline
deg 1
curv 0 2.2197539951691501 763 764
parm u 0 0 2.2197539951691501 2.2197539951691501
end
usemtl diffuse_0
v 6.9930511986789243 6.960541739219499 42.934463261892546
v 7.153497420843749 4.0194259977452438 38.898505589358017
cstype bspline
deg 1
curv 14.989454031585158 19.985938708780211 765 766
parm u 14.989454031585158 14.989454031585158 19.985938708780211 19.985938708780211
end
usemtl diffuse_0
v 4.0519354572046646 7.1209879613842597 38.898505589358017
v 6.9930511986789243 6.960541739219499 42.934463261892546
cstype bspline
deg 1
curv 9.9929693543901053 14.989454031585158 767 768
parm u 9.9929693543901053 9.9929693543901053 14.989454031585158 14.989454031585158
end
usemtl diffuse_0
v 4.212381679369491 4.1798722199100045 42.934463261892546
v 4.0519354572046646 7.1209879613842597 38.898505589358017
cstype bspline
deg 1
curv 4.9964846771950526 9.9929693543901053 769 770
parm u 4.9964846771950526 4.9964846771950526 9.9929693543901053 9.9929693543901053
end
usemtl diffuse_0
v 7.153497420843749 4.0194259977452438 38.898505589358017
v 4.212381679369491 4.1798722199100045 42.934463261892546
cstype bspline
deg 1
curv 0 4.9964846771950526 771 772
parm u 0 0 4.9964846771950526 4.9964846771950526
end
usemtl diffuse_0
v 4.212381679369491 6.9605417392194839 42.934463261892546
v 4.0519354572046993 4.0194259977452269 38.898505589358017
cstype bspline
deg 1
curv 14.989454031585158 19.985938708780211 773 774
parm u 14.989454031585158 14.989454031585158 19.985938708780211 19.985938708780211
end
usemtl diffuse_0
v 7.153497420843749 7.1209879613842766 38.898505589358017
v 4.212381679369491 6.9605417392194839 42.934463261892546
cstype bspline
deg 1
curv 9.9929693543901053 14.989454031585158 775 776
parm u 9.9929693543901053 9.9929693543901053 14.989454031585158 14.989454031585158
end
usemtl diffuse_0
v 6.9930511986789554 4.1798722199100196 42.934463261892546
v 7.153497420843749 7.1209879613842766 38.898505589358017
cstype bspline
deg 1
curv 4.9964846771950526 9.9929693543901053 777 778
parm u 4.9964846771950526 4.9964846771950526 9.9929693543901053 9.9929693543901053
end
usemtl diffuse_0
v 4.0519354572046993 4.0194259977452269 38.898505589358017
v 6.9930511986789554 4.1798722199100196 42.934463261892546
cstype bspline
deg 1
curv 0 4.9964846771950526 779 780
parm u 0 0 4.9964846771950526 4.9964846771950526
end
usemtl diffuse_0
v 5.6027164390242241 3.8114386190442087 33.666669990283907
v 7.4423416365121282 3.7305817820768472 31.632750044196747
cstype bspline
deg 1
curv 0 2.7436452107384386 781 782
parm u 0 0 2.7436452107384386 2.7436452107384386
end
usemtl diffuse_0
v 3.7630912415363182 3.7305817820768472 31.632750044196747
v 5.6027164390242241 3.8114386190442087 33.666669990283907
cstype bspline
deg 1
curv 0 2.7436452107384395 783 784
parm u 0 0 2.7436452107384395 2.7436452107384395
end
usemtl diffuse_0
v 7.4423416365121291 7.4098321770526558 31.632750044196747
v 7.5952758472201882 3.5776475713687894 27.602404226305588
cstype bspline
deg 1
curv 16.690549308807746 22.254065745076993 785 786
parm u 16.690549308807746 16.690549308807746 22.254065745076993 22.254065745076993
end
usemtl diffuse_0
v 3.6101570308282618 7.5627663877607141 27.602404226305588
v 7.4423416365121291 7.4098321770526558 31.632750044196747
cstype bspline
deg 1
curv 11.127032872538496 16.690549308807746 787 788
parm u 11.127032872538496 11.127032872538496 16.690549308807746 16.690549308807746
end
usemtl diffuse_0
v 3.76309124153632 3.7305817820768472 31.632750044196747
v 3.6101570308282618 7.5627663877607141 27.602404226305588
cstype bspline
deg 1
curv 5.5635164362692491 11.127032872538496 789 790
parm u 5.5635164362692491 5.5635164362692491 11.127032872538496 11.127032872538496
end
usemtl diffuse_0
v 7.5952758472201882 3.5776475713687894 27.602404226305588
v 3.76309124153632 3.7305817820768472 31.632750044196747
cstype bspline
deg 1
curv 0 5.5635164362692491 791 792
parm u 0 0 5.5635164362692491 5.5635164362692491
end
usemtl diffuse_0
v 3.7630912415363196 7.4098321770526558 31.632750044196747
v 3.61015703082826 3.5776475713687894 27.602404226305588
cstype bspline
deg 1
curv 16.690549308807746 22.254065745076993 793 794
parm u 16.690549308807746 16.690549308807746 22.254065745076993 22.254065745076993
end
usemtl diffuse_0
v 7.5952758472201864 7.5627663877607141 27.602404226305588
v 3.7630912415363196 7.4098321770526558 31.632750044196747
cstype bspline
deg 1
curv 11.127032872538496 16.690549308807746 795 796
parm u 11.127032872538496 11.127032872538496 16.690549308807746 16.690549308807746
end
usemtl diffuse_0
v 7.4423416365121282 3.7305817820768472 31.632750044196747
v 7.5952758472201864 7.5627663877607141 27.602404226305588
cstype bspline
deg 1
curv 5.5635164362692491 11.127032872538496 797 798
parm u 5.5635164362692491 5.5635164362692491 11.127032872538496 11.127032872538496
end
usemtl diffuse_0
v 3.61015703082826 3.5776475713687894 27.602404226305588
v 7.4423416365121282 3.7305817820768472 31.632750044196747
cstype bspline
deg 1
curv 0 5.5635164362692491 799 800
parm u 0 0 5.5635164362692491 5.5635164362692491
end
usemtl diffuse_0
v 5.6027164390242241 3.3806394182684647 25.926636869505096
v 7.5952758472201864 3.5776475713687894 27.602404226305588
cstype bspline
deg 1
curv 0 2.6109962546308552 801 802
parm u 0 0 2.6109962546308552 2.6109962546308552
end
usemtl diffuse_0
v 5.6027164390242241 3.3806394182684647 25.926636869505096
v 3.6101570308282613 3.5776475713687894 27.602404226305588
cstype bspline
deg 1
curv 0 2.6109962546308552 803 804
parm u 0 0 2.6109962546308552 2.6109962546308552
end
usemtl diffuse_0
v 1.4796053326449936 5.5702069795647517 9.479758378378671
v 0.032509459459472367 11.140413959129503 0
cstype bspline
deg 1
curv 0 11.089955418026848 805 806
parm u 0 0 11.089955418026848 11.089955418026848
end
usemtl diffuse_0
v 0.032509459459472367 0 0
v 1.4796053326449936 5.5702069795647517 9.479758378378671
cstype bspline
deg 1
curv 0 11.089955418026848 807 808
parm u 0 0 11.089955418026848 11.089955418026848
end
usemtl diffuse_0
v 9.7258275454034546 5.5702069795647517 9.479758378378671
v 11.172923418588976 11.140413959129503 0
cstype bspline
deg 1
curv 0 11.089955418026848 809 810
parm u 0 0 11.089955418026848 11.089955418026848
end
usemtl diffuse_0
v 11.172923418588976 0 0
v 9.7258275454034546 5.5702069795647517 9.479758378378671
cstype bspline
deg 1
curv 0 11.089955418026848 811 812
parm u 0 0 11.089955418026848 11.089955418026848
end
usemtl diffuse_0
v 5.6027164390242241 9.6933180859439823 9.479758378378671
v 11.172923418588976 11.140413959129503 0
cstype bspline
deg 1
curv 0 11.089955418026848 813 814
parm u 0 0 11.089955418026848 11.089955418026848
end
usemtl diffuse_0
v 0.032509459459472367 11.140413959129503 0
v 5.6027164390242241 9.6933180859439823 9.479758378378671
cstype bspline
deg 1
curv 0 11.089955418026848 815 816
parm u 0 0 11.089955418026848 11.089955418026848
end
usemtl diffuse_0
v 3.1745714948611905 7.9983519237277836 23.897278266892414
v 2.8998445908236796 5.5702069795647517 21.560428900122933
cstype bspline
deg 1
curv 9.7281581008413305 13.109315847033818 817 818
parm u 9.7281581008413305 9.7281581008413305 13.109315847033818 13.109315847033818
end
usemtl diffuse_0
v 3.4131488777279353 5.5702069795647517 25.926636869505096
v 3.1745714948611905 7.9983519237277836 23.897278266892414
cstype bspline
deg 1
curv 6.5546579235169089 9.7281581008413305 819 820
parm u 6.5546579235169089 6.5546579235169089 9.7281581008413305 9.7281581008413305
end
usemtl diffuse_0
v 3.1745714948611923 3.1420620354017186 23.89727826689241
v 3.4131488777279353 5.5702069795647517 25.926636869505096
cstype bspline
deg 1
curv 3.3811577461924847 6.5546579235169089 821 822
parm u 3.3811577461924847 3.3811577461924847 6.5546579235169089 6.5546579235169089
end
usemtl diffuse_0
v 2.8998445908236796 5.5702069795647517 21.560428900122933
v 3.1745714948611923 3.1420620354017186 23.89727826689241
cstype bspline
deg 1
curv 0 3.3811577461924847 823 824
parm u 0 0 3.3811577461924847 3.3811577461924847
end
usemtl diffuse_0
v 2.5855551098366618 8.5873683087523158 18.887057039438517
v 2.2714772572569135 5.5702069795647517 16.215485307180774
cstype bspline
deg 1
curv 12.128946805910477 16.171124796106433 825 826
parm u 12.128946805910477 12.128946805910477 16.171124796106433 16.171124796106433
end
usemtl diffuse_0
v 2.8998445908236796 5.5702069795647517 21.560428900122933
v 2.5855551098366618 8.5873683087523158 18.887057039438517
cstype bspline
deg 1
curv 8.0855623980532165 12.128946805910477 827 828
parm u 8.0855623980532165 8.0855623980532165 12.128946805910477 12.128946805910477
end
usemtl diffuse_0
v 2.5855551098366618 2.5530456503771877 18.887057039438517
v 2.8998445908236796 5.5702069795647517 21.560428900122933
cstype bspline
deg 1
curv 4.0421779901959551 8.0855623980532165 829 830
parm u 4.0421779901959551 4.0421779901959551 8.0855623980532165 8.0855623980532165
end
usemtl diffuse_0
v 2.2714772572569135 5.5702069795647517 16.215485307180774
v 2.5855551098366618 2.5530456503771877 18.887057039438517
cstype bspline
deg 1
curv 0 4.0421779901959551 831 832
parm u 0 0 4.0421779901959551 4.0421779901959551
end
usemtl diffuse_0
v 1.8941169985607189 9.2788064200282552 13.00562828692417
v 1.4796053326449936 5.5702069795647517 9.479758378378671
cstype bspline
deg 1
curv 14.972490290195339 20.106425266699528 833 834
parm u 14.972490290195339 14.972490290195339 20.106425266699528 20.106425266699528
end
usemtl diffuse_0
v 2.2714772572569135 5.5702069795647517 16.215485307180774
v 1.8941169985607189 9.2788064200282552 13.00562828692417
cstype bspline
deg 1
curv 10.053212633349766 14.972490290195339 835 836
parm u 10.053212633349766 10.053212633349766 14.972490290195339 14.972490290195339
end
usemtl diffuse_0
v 1.8941169985607189 1.8616075391012477 13.00562828692417
v 2.2714772572569135 5.5702069795647517 16.215485307180774
cstype bspline
deg 1
curv 5.1339349765041913 10.053212633349766 837 838
parm u 5.1339349765041913 5.1339349765041913 10.053212633349766 10.053212633349766
end
usemtl diffuse_0
v 1.4796053326449936 5.5702069795647517 9.479758378378671
v 1.8941169985607189 1.8616075391012477 13.00562828692417
cstype bspline
deg 1
curv 0 5.1339349765041913 839 840
parm u 0 0 5.1339349765041913 5.1339349765041913
end
usemtl diffuse_0
v 8.0308613831872577 7.9983519237277836 23.897278266892414
v 8.3055882872247686 5.5702069795647517 21.560428900122933
cstype bspline
deg 1
curv 9.7281581008413305 13.109315847033818 841 842
parm u 9.7281581008413305 9.7281581008413305 13.109315847033818 13.109315847033818
end
usemtl diffuse_0
v 7.7922840003205129 5.5702069795647517 25.926636869505096
v 8.0308613831872577 7.9983519237277836 23.897278266892414
cstype bspline
deg 1
curv 6.5546579235169089 9.7281581008413305 843 844
parm u 6.5546579235169089 6.5546579235169089 9.7281581008413305 9.7281581008413305
end
usemtl diffuse_0
v 8.030861383187256 3.1420620354017186 23.89727826689241
v 7.7922840003205129 5.5702069795647517 25.926636869505096
cstype bspline
deg 1
curv 3.3811577461924847 6.5546579235169089 845 846
parm u 3.3811577461924847 3.3811577461924847 6.5546579235169089 6.5546579235169089
end
usemtl diffuse_0
v 8.3055882872247686 5.5702069795647517 21.560428900122933
v 8.030861383187256 3.1420620354017186 23.89727826689241
cstype bspline
deg 1
curv 0 3.3811577461924847 847 848
parm u 0 0 3.3811577461924847 3.3811577461924847
end
usemtl diffuse_0
v 8.6198777682117864 8.5873683087523158 18.887057039438517
v 8.9339556207915347 5.5702069795647517 16.215485307180774
cstype bspline
deg 1
curv 12.128946805910477 16.171124796106433 849 850
parm u 12.128946805910477 12.128946805910477 16.171124796106433 16.171124796106433
end
usemtl diffuse_0
v 8.3055882872247686 5.5702069795647517 21.560428900122933
v 8.6198777682117864 8.5873683087523158 18.887057039438517
cstype bspline
deg 1
curv 8.0855623980532165 12.128946805910477 851 852
parm u 8.0855623980532165 8.0855623980532165 12.128946805910477 12.128946805910477
end
usemtl diffuse_0
v 8.6198777682117864 2.5530456503771877 18.887057039438517
v 8.3055882872247686 5.5702069795647517 21.560428900122933
cstype bspline
deg 1
curv 4.0421779901959551 8.0855623980532165 853 854
parm u 4.0421779901959551 4.0421779901959551 8.0855623980532165 8.0855623980532165
end
usemtl diffuse_0
v 8.9339556207915347 5.5702069795647517 16.215485307180774
v 8.6198777682117864 2.5530456503771877 18.887057039438517
cstype bspline
deg 1
curv 0 4.0421779901959551 855 856
parm u 0 0 4.0421779901959551 4.0421779901959551
end
usemtl diffuse_0
v 9.3113158794877293 9.2788064200282552 13.00562828692417
v 9.7258275454034546 5.5702069795647517 9.479758378378671
cstype bspline
deg 1
curv 14.972490290195339 20.106425266699528 857 858
parm u 14.972490290195339 14.972490290195339 20.106425266699528 20.106425266699528
end
usemtl diffuse_0
v 8.9339556207915347 5.5702069795647517 16.215485307180774
v 9.3113158794877293 9.2788064200282552 13.00562828692417
cstype bspline
deg 1
curv 10.053212633349766 14.972490290195339 859 860
parm u 10.053212633349766 10.053212633349766 14.972490290195339 14.972490290195339
end
usemtl diffuse_0
v 9.3113158794877293 1.8616075391012477 13.00562828692417
v 8.9339556207915347 5.5702069795647517 16.215485307180774
cstype bspline
deg 1
curv 5.1339349765041913 10.053212633349766 861 862
parm u 5.1339349765041913 5.1339349765041913 10.053212633349766 10.053212633349766
end
usemtl diffuse_0
v 9.7258275454034546 5.5702069795647517 9.479758378378671
v 9.3113158794877293 1.8616075391012477 13.00562828692417
cstype bspline
deg 1
curv 0 5.1339349765041913 863 864
parm u 0 0 5.1339349765041913 5.1339349765041913
end
usemtl diffuse_0
v 5.6027164390242241 1.4470958731855221 9.479758378378671
v 11.172923418588976 0 0
cstype bspline
deg 1
curv 0 11.089955418026848 865 866
parm u 0 0 11.089955418026848 11.089955418026848
end
usemtl diffuse_0
v 0.032509459459472367 0 0
v 5.6027164390242241 1.4470958731855221 9.479758378378671
cstype bspline
deg 1
curv 0 11.089955418026848 867 868
parm u 0 0 11.089955418026848 11.089955418026848
end
usemtl diffuse_0
v 5.6027164390242232 5.5702069795647517 54.918080250042003
v 5.9752815572997866 5.1976418612891884 54.047042315167928
cstype bspline
deg 1
curv 0.52688664313243805 1.0537732862648761 869 870
parm u 0.52688664313243805 0.52688664313243805 1.0537732862648761 1.0537732862648761
end
usemtl diffuse_0
v 5.9752815572997866 5.9427720978403151 54.047042315167928
v 5.6027164390242232 5.5702069795647517 54.918080250042003
cstype bspline
deg 1
curv 0 0.52688664313243805 871 872
parm u 0 0 0.52688664313243805 0.52688664313243805
end
usemtl diffuse_0
v 5.6027164390242232 5.5702069795647517 54.918080250042003
v 5.2301513207486598 5.1976418612891884 54.047042315167928
cstype bspline
deg 1
curv 0.52688664313243805 1.0537732862648761 873 874
parm u 0.52688664313243805 0.52688664313243805 1.0537732862648761 1.0537732862648761
end
usemtl diffuse_0
v 5.2301513207486598 5.9427720978403151 54.047042315167928
v 5.6027164390242232 5.5702069795647517 54.918080250042003
cstype bspline
deg 1
curv 0 0.52688664313243805 875 876
parm u 0 0 0.52688664313243805 0.52688664313243805
end
usemtl diffuse_0
v 5.2301513207486598 5.1976418612891884 54.047042315167928
v 4.6915621258373781 4.6590526663779066 48.373570297227893
cstype bspline
deg 1
curv 0 5.7243725752346819 877 878
parm u 0 0 5.7243725752346819 5.7243725752346819
end
usemtl diffuse_0
v 5.9752815572997866 5.1976418612891884 54.047042315167928
v 6.5138707522110675 4.6590526663779066 48.373570297227893
cstype bspline
deg 1
curv 0 5.7243725752346819 879 880
parm u 0 0 5.7243725752346819 5.7243725752346819
end
usemtl diffuse_0
v 5.9752815572997866 5.9427720978403151 54.047042315167928
v 6.5138707522110675 6.4813612927515969 48.373570297227893
cstype bspline
deg 1
curv 0 5.7243725752346819 881 882
parm u 0 0 5.7243725752346819 5.7243725752346819
end
usemtl diffuse_0
v 4.6915621258373781 6.4813612927515969 48.373570297227893
v 5.2301513207486598 5.9427720978403151 54.047042315167928
cstype bspline
deg 1
curv 0 5.7243725752346819 883 884
parm u 0 0 5.7243725752346819 5.7243725752346819
end
usemtl diffuse_0
v 4.6915621258373781 6.4813612927515969 48.373570297227893
v 4.212381679369491 6.9605417392194839 42.934463261892546
cstype bspline
deg 1
curv 0 5.4811598355082474 885 886
parm u 0 0 5.4811598355082474 5.4811598355082474
end
usemtl diffuse_0
v 6.5138707522110675 6.4813612927515969 48.373570297227893
v 6.9930511986789554 6.9605417392194839 42.934463261892546
cstype bspline
deg 1
curv 0 5.4811598355082474 887 888
parm u 0 0 5.4811598355082474 5.4811598355082474
end
usemtl diffuse_0
v 6.9930511986789554 4.1798722199100196 42.934463261892546
v 6.5138707522110675 4.6590526663779066 48.373570297227893
cstype bspline
deg 1
curv 0 5.4811598355082474 889 890
parm u 0 0 5.4811598355082474 5.4811598355082474
end
usemtl diffuse_0
v 4.212381679369491 4.1798722199100196 42.934463261892546
v 4.6915621258373781 4.6590526663779066 48.373570297227893
cstype bspline
deg 1
curv 0 5.4811598355082474 891 892
parm u 0 0 5.4811598355082474 5.4811598355082474
end
