ply
format ascii 1.0
comment Saved by Easy3D (liangliang.nan@gmail.com)
element vertex 8946
property float x
property float y
property float z
element edge 50530
property list uchar int vertex_indices
end_header
6.65375 1.52657 13.428
6.43934 1.68337 13.299
6.38404 1.72609 13.582
6.28204 1.43403 13.369
7.06718 1.60454 13.299
6.20357 1.81252 13.294
6.32974 1.83867 13.793
6.08221 1.63255 13.481
0 0 0
0.300839 0.02367 -0.136
-0.0153896 0.391571 0.126
-0.132776 0.49108 0.574
0.243726 0.429812 0.633
0.19422 0.388586 0.82
0.515424 0.370036 0.802999
0.00994886 0.6987 0.922
9.29647 5.03906 12.51
9.39946 5.40099 12.219
9.44417 5.59603 12.19
9.18768 4.76107 13.122
9.24977 4.70428 13.189
9.1064 5.43312 13.324
9.15591 5.47434 13.444
9.39963 5.90415 11.918
7.85389 6.30354 17.723
8.0693 6.21661 17.861
8.08867 6.10452 17.979
7.44046 6.22556 17.866
7.36281 6.17076 17.879
8.40987 6.08597 17.947
8.10903 6.0623 18.383
7.11247 6.25819 17.882
8.39132 5.76477 17.868
-0.0794666 0.308622 0.142
-0.13775 0.14173 0.0109997
9.12595 5.82419 13.294
9.31104 5.08078 13.319
9.19301 6.11675 13.501
9.194 6.18662 13.298
9.014 4.83343 13.926
9.0597 5.09834 14.242
6.68687 1.8895 13.903
6.91684 1.84429 14.089
7.17596 1.88253 14.366
0.558142 0.425335 1.002
0.677518 0.465565 1.431
0.963786 0.447512 1.3
1.03366 0.446517 1.415
0.179826 0.850027 1.421
0.194397 0.89175 1.415
7.13705 1.60355 12.443
7.45825 1.585 12.274
6.7867 1.53865 12.585
7.47762 1.47291 12.22
7.8076 1.58002 12.241
6.47907 1.52906 12.717
7.87548 1.43929 12.086
7.36702 1.55834 13.315
8.0927 0.988938 9.328
8.28095 0.958304 9.613
7.94037 1.08894 9.008
7.75991 1.17538 9.049
8.47997 1.19308 9.515
8.43824 1.20765 9.863
8.70895 1.078 9.033
7.60261 0.926032 8.753
8.21605 1.30865 9.509
8.77402 1.23082 9.709
8.7808 1.21675 9.748
1.35287 0.288227 1.775
1.24906 0.359589 1.584
1.4898 0.579791 1.972
1.70041 0.646676 2.115
1.8168 0.477297 2.186
1.81001 0.49137 2.59
1.39278 0.63708 1.7
0.333961 0.386596 1.71
0.295222 0.610777 1.904
0.362284 0.903336 2.167
12.0023 0.22045 0.217
11.6607 0.281221 0.103
11.618 0.225922 0.0159998
11.4675 -0.0374948 -0.0170002
11.3608 0.327421 -0.059
12.3807 0.298922 0.876
11.9947 0.667817 1.045
11.8751 0.124423 0.0539999
10.96 0.15143 0.692
11.3249 0.258049 0.282
11.3541 0.341495 1.089
8.63129 1.0232 8.099
8.74967 0.99356 8.112
8.42168 1.02618 8.113
8.40231 1.13827 8.007
9.08445 0.946862 8.112
8.09369 1.05881 8.096
7.96753 1.03265 8.031
9.40566 0.928312 8.031
10.6903 0.350946 1.286
10.7602 0.349951 1.367
11.0105 0.262526 1.433
11.3095 0.649619 1.307
10.9688 0.277097 1.557
2.00903 0.726143 2.507
2.04876 0.571832 2.877
2.28851 0.722163 2.753
0.100359 1.15865 1.73
12.6942 0.224575 1.007
13.226 0.27291 1.525
13.324 0.285491 1.701
12.0957 0.890009 1.458
12.0595 0.317472 0.975
13.0038 0.373911 1.569
12.1034 0.945805 1.559
11.3832 0.424941 1.595
11.3115 0.789359 1.574
10.3399 0.286051 1.5
10.011 0.248805 1.729
9.97322 0.542856 1.979
9.86162 0.558421 2.044
9.63645 0.449813 2.341
10.635 0.393664 2.193
2.37675 0.539208 2.926
2.04777 0.501962 2.982
2.65922 0.744838 3.357
1.73435 0.576309 2.976
2.76982 0.659402 3.456
2.56799 0.718184 3.034
1.30734 0.526481 2.788
0.394234 0.693229 2.959
0.626198 0.787763 3.684
0.461472 1.48895 2.868
0.50419 1.54425 2.839
0.0626157 1.4527 2.028
4.30591 5.96271 25.446
4.5291 5.93157 25.682
3.96815 5.79979 25.206
4.68622 5.67775 25.794
5.17051 5.8246 26.201
3.95357 5.75807 24.361
13.981 0.290113 2.506
12.3041 0.31399 1.914
12.3051 0.38386 1.32
13.6899 0.46198 2.052
13.6685 0.43433 2.212
11.4465 0.941183 1.506
10.9484 0.319317 2.341
10.8863 0.376108 2.71
11.0718 0.639028 2.644
10.734 0.476115 2.966
11.0544 0.890859 2.823
11.2019 0.944665 2.825
10.7126 0.448466 2.443
10.2284 0.301616 1.751
9.88199 0.516201 2.867
9.26474 0.357268 2.702
9.44919 0.550317 3.13
9.06491 0.555789 2.968
9.7694 0.461897 3.294
8.77864 0.573842 3.262
2.95807 0.628768 3.587
3.14152 0.751948 3.824
2.89399 0.54582 4.103
3.30941 0.763534 4.18
2.41169 0.53871 4.079
3.3142 0.60972 4.289
2.29231 0.49848 4.112
1.97111 0.51703 4.144
1.62954 0.577801 4.062
1.30155 0.610425 4.046
1.54229 0.830626 4.639
1.37341 0.74917 4.671
0.9522 0.615399 4.095
2.05754 0.697498 4.15
0.61742 0.662097 4.046
0.745574 0.827994 4.623
0.361465 1.33663 2.258
0.268246 1.17024 1.716
0.308156 1.51909 2.159
0.177193 1.64674 2.507
0.354853 1.85387 2.552
0.395405 1.26626 2.692
6.4136 5.76497 20.282
6.32617 5.51463 20.128
6.14869 5.81068 20.125
6.17104 5.9082 20.109
6.6194 5.98567 20.101
6.28345 5.45934 20.102
6.82702 5.84295 20.075
6.54737 5.34376 20.107
6.85517 5.85652 20.124
23.558 1.77636e-15 0.0640001
23.2941 0.115573 0.887
23.5154 0.447865 0.868
22.9806 0.18992 0.838
22.6449 0.166747 1.018
23.3601 0.338261 1.6
23.2379 0.591584 1.515
23.1553 0.187432 1.722
23.2701 0.884641 1.527
6.49903 5.87557 20.108
7.12008 5.81082 20.043
7.22588 5.8792 20.155
14.1353 0.329846 2.897
14.2984 0.495246 2.905
13.9907 0.48565 3.035
14.4507 0.395239 3.145
14.0121 0.513299 2.547
14.3411 0.550545 2.718
13.0309 0.317617 2.769
12.7029 0.350241 2.753
12.3963 0.410515 2.704
13.7646 0.307171 2.811
12.3246 0.774934 2.74
12.6419 0.476903 3.479
12.3995 1.12329 2.787
13.2978 0.411655 3.446
13.6336 0.434828 3.282
12.3909 1.50079 2.665
12.0365 1.15641 1.79
12.1715 1.30823 1.936
11.3941 1.19351 1.871
10.0702 0.485567 3.983
9.7646 0.61571 4.088
9.65201 0.561406 4.101
9.98679 0.514709 4.151
9.35217 0.607606 4.119
8.44187 0.4808 3.622
8.2566 0.721044 3.887
9.02418 0.64023 4.086
8.70976 0.644707 4.185
8.46422 0.578319 4.361
8.38078 0.607461 4.364
9.31624 0.538234 4.179
3.62962 0.675113 4.36
3.81986 0.784219 4.513
4.1207 0.807889 4.956
4.17798 0.904911 4.963
3.54137 0.858069 4.174
1.05999 0.823517 4.557
1.78783 0.897014 5.1
0.79508 0.86922 4.476
0.891107 0.742061 5.114
0.613793 1.38894 4.201
0.823403 1.38596 4.127
0.306342 1.88251 2.889
0.634333 1.84989 3.019
0.662304 1.3603 3.398
23.3843 0.0723573 0.117
22.4362 0.239602 1.497
22.151 0.327525 1.72
14.6186 0.406826 3.052
14.7196 0.629017 3.427
14.8312 0.613451 3.439
15.0039 0.471224 3.755
12.999 0.527725 4.214
12.671 0.560349 4.231
12.8467 0.627732 4.249
12.6266 1.37164 3.192
12.1094 1.36503 2.197
11.0643 1.58956 2.829
10.9819 1.68857 2.827
10.6641 0.47711 4.053
10.3294 0.523808 4.053
10.3876 0.6907 4.333
10.6739 0.672647 4.526
10.3391 0.719344 4.51
10.8739 0.977289 4.462
10.6643 0.980274 4.6
10.8136 0.670657 4.15
9.982 0.668522 4.723
9.65301 0.631276 4.936
8.68062 0.561261 4.799
8.03921 0.668232 4.25
7.70344 0.645059 4.464
8.68261 0.701001 5.018
7.35028 0.873717 4.975
7.33571 0.831994 5.018
7.01351 0.780675 5.281
4.42633 0.677746 5.201
4.3818 0.98587 5.396
4.67966 0.79993 5.553
4.68065 0.8698 5.626
5.00765 0.767306 5.839
4.52154 0.98388 5.341
2.49233 0.803122 5.366
2.14976 0.794023 5.43
1.99645 0.82416 5.472
1.82177 0.826647 5.448
1.52872 0.858773 5.431
1.2143 0.86325 5.513
1.06678 0.809444 5.705
0.979528 1.06227 5.393
0.879521 0.909948 5.431
1.07854 1.14472 6.147
0.803039 1.42818 5.052
0.512149 2.10321 3.264
22.5061 0.238607 1.852
23.2138 0.857488 1.731
21.8074 0.248556 2.082
22.8623 0.219559 2.664
21.4289 0.170084 2.394
21.8501 0.303855 2.811
21.5367 0.378202 2.729
22.1781 0.271231 2.762
21.4746 0.434993 2.873
22.3392 0.296891 2.872
21.1941 0.369103 2.893
21.7521 0.291274 3.202
20.8584 0.34593 3.041
15.3833 0.619565 4.05
15.264 0.579335 4.32
14.4517 0.465109 4.095
14.3605 0.438455 4.067
15.5852 0.560784 4.288
15.0184 0.512947 3.793
14.0111 0.443429 4.133
13.6763 0.490127 4.116
13.3416 0.536824 4.083
13.5532 0.67358 4.751
13.5939 0.589139 4.829
13.2669 0.691633 4.632
12.6333 0.8544 4.37
12.9583 0.612166 4.96
12.6732 1.20325 4.292
12.744 1.27213 4.115
12.4084 1.75212 2.865
12.4579 1.79334 3.025
11.0817 1.33773 2.591
11.0819 1.84089 3.029
10.6741 1.17581 4.98
10.0043 0.766042 5.403
9.88398 0.655941 5.432
9.3376 0.565883 5.215
9.62685 0.75744 5.378
9.36973 0.858939 5.351
9.68993 0.770519 5.469
9.36873 0.789069 5.535
8.96988 0.752818 5.294
9.01259 0.808117 5.584
6.66996 0.701706 5.56
6.75059 0.966118 5.765
6.4284 0.914798 6.028
6.08484 0.835829 6.339
7.21253 1.01545 6.724
6.39264 1.34859 6.619
6.65937 0.939463 6.819
5.12901 0.947277 6.241
5.44243 0.87293 6.388
4.81261 0.812014 6.7
5.03199 1.00457 5.953
4.38461 0.692317 5.21
1.40934 0.818543 6.577
1.59478 1.08146 6.784
1.23385 1.25432 6.887
1.9082 1.00712 6.881
1.78022 1.34438 6.785
1.08234 0.921037 6.347
1.17357 0.947691 6.576
1.11845 1.49357 6.623
1.07573 1.43827 6.835
1.24444 1.01657 7.045
0.625732 2.22738 3.61
0.382181 2.30074 3.682
0.694607 2.15652 4.026
23.2272 0.326178 2.253
22.8419 0.261779 2.731
23.1507 0.84441 2.83
22.541 0.238109 2.762
22.8012 0.34622 3.207
22.9547 0.819247 2.86
21.7822 0.44459 3.323
20.8536 0.499744 3.337
20.7498 0.571106 3.372
20.5216 0.252888 3.418
20.413 0.478064 3.75
20.2335 0.634364 3.969
20.0627 0.413168 4.044
20.8594 0.4158 4.283
20.3567 0.450912 4.453
15.983 0.527165 4.657
15.9986 0.638759 4.816
14.9068 0.528513 4.567
13.6725 0.71381 5.374
13.9937 0.69526 5.292
13.3164 0.732858 5.406
14.0568 0.708338 5.375
12.9738 0.723759 5.555
12.7073 1.63605 4.124
12.3978 1.98988 3.222
12.5182 2.09998 3.32
11.0432 2.06507 3.436
10.64 0.743014 5.289
10.3246 0.677621 5.534
10.2984 0.803785 6.162
9.62106 0.841384 6.194
6.63221 0.995757 6.845
5.7335 0.701063 6.782
5.98782 0.893118 6.914
5.9956 0.948914 6.95
5.45022 0.928726 7.012
5.31826 0.986513 7.032
6.18684 1.12789 6.783
5.26495 1.16897 6.668
4.96809 1.42478 6.772
5.21263 1.4213 6.831
4.5972 0.898942 6.805
5.07272 0.920125 6.717
4.4914 0.830564 6.749
4.99126 1.08901 6.834
4.28478 1.04316 6.815
4.33528 1.15425 6.818
4.16341 0.863188 6.733
4.66327 1.12163 6.818
3.88592 1.00691 6.817
3.82863 0.909886 6.717
3.47928 0.91486 6.765
3.15808 0.933411 6.766
2.86502 0.965537 6.782
2.85244 1.06355 7.154
3.32597 0.944997 7.606
3.42498 1.02745 6.864
2.54382 0.984088 6.782
2.53902 1.1379 6.88
3.00576 1.03342 7.491
2.66419 1.09419 7.376
2.22262 1.00264 6.832
2.03536 1.10314 6.874
2.42661 1.58676 6.759
2.03255 1.3967 6.72
1.58021 1.03974 6.865
1.71814 1.40117 6.786
1.93752 1.59373 6.768
0.814978 2.26662 4.604
0.802397 2.36464 4.596
0.61912 2.74462 4.355
0.489971 2.50885 4.015
0.658853 2.59031 4.069
23.3293 1.1214 1.909
23.1081 1.29227 2.535
22.8866 0.456819 3.844
22.1228 0.313949 3.552
22.4053 0.519579 4.125
22.5295 0.405997 4.157
21.8881 0.512968 4.107
21.2039 0.564639 4.189
20.1219 0.64993 4.337
19.9025 0.457378 4.494
19.7794 0.640831 4.468
20.4547 0.463493 4.747
16.3849 0.773027 5.143
16.3849 0.773027 5.305
16.6644 0.769047 5.559
15.6862 0.782976 4.504
16.0782 0.8333 4.87
14.3421 0.620415 5.407
13.6386 0.784178 6.142
12.9816 0.779556 5.319
12.8498 1.34051 5.281
12.9545 0.83585 6.19
13.0826 1.00175 6.341
12.9935 1.618 5.347
12.5124 2.18392 3.668
10.8501 2.24952 4.029
10.6431 1.45579 5.223
10.584 1.72219 5.415
9.93448 0.767037 6.325
10.2509 0.9023 6.864
10.2722 0.929949 6.861
10.4102 1.29138 6.784
9.88796 0.935421 6.865
9.8113 0.95049 6.888
9.56676 0.953972 6.914
9.4338 0.941888 6.924
8.64867 0.771369 6.719
8.5197 1.03877 6.753
8.31389 0.818066 6.686
8.85348 0.922198 7.175
9.21161 1.04289 6.804
8.04319 0.947712 6.831
8.51771 0.899025 7.339
9.2174 0.958946 7.011
7.96454 0.82304 6.752
7.72298 1.03613 6.755
7.62976 0.869738 6.703
7.28041 0.874712 6.769
8.21008 0.889428 7.503
6.95242 0.907336 6.786
6.86535 1.66333 6.751
6.33816 0.958013 6.819
6.18982 1.3375 6.798
6.29445 0.832844 7.353
5.65403 1.00969 6.868
5.69775 1.13485 6.75
5.36695 1.46103 6.848
4.906 1.48157 6.749
2.96304 0.978118 7.831
3.33375 1.00079 8.063
3.76754 1.03655 8.012
3.16785 1.12895 8.176
3.58807 1.19285 7.768
2.32941 1.14089 7.344
2.22578 1.71541 6.799
1.30091 1.54688 7.182
1.35703 1.07087 7.753
1.48319 1.09703 8.152
1.33684 1.61626 8.178
1.48418 1.1669 8.455
1.99364 1.11771 8.092
1.33104 1.7002 8.13
1.34082 1.89574 7.555
1.1913 1.70219 7.062
1.20687 1.81378 6.868
0.875075 2.07009 5.061
0.762487 2.01578 4.153
0.698763 2.93916 4.511
22.1947 0.452694 4.123
22.6858 0.58547 4.65
22.0016 0.637142 4.732
22.9033 1.14145 4.194
22.8051 0.625701 4.32
21.5319 0.532016 4.139
21.461 0.46314 4.12
21.6377 0.600393 4.961
20.9662 0.554048 5.323
20.7003 0.529881 4.856
19.429 0.575936 4.781
19.3737 0.618654 4.951
19.1136 0.510543 5.107
18.9914 0.763865 5.454
18.7692 0.864867 5.743
18.6411 0.69897 5.767
18.2907 0.634074 6.028
16.6905 0.642883 5.568
16.8933 0.653972 5.891
16.9933 0.806293 5.996
17.3271 0.689726 6.242
13.199 0.832368 6.703
13.6542 0.895771 6.866
13.7989 1.24313 6.735
14.0103 0.876723 6.833
13.5998 1.00836 6.899
13.2882 0.719282 6.436
13.3329 0.914321 6.882
13.0944 1.33702 6.8
13.301 1.12443 6.867
12.5581 2.44883 4.129
10.888 2.45863 4.155
10.8968 2.5843 4.277
10.6763 1.81871 4.19
10.3878 1.19386 6.96
9.97538 1.18576 6.839
9.78912 1.35613 6.767
9.45434 1.40283 6.734
9.56793 1.52701 6.689
8.76225 0.895543 6.794
7.87431 0.866256 7.667
7.73176 1.1618 7.897
7.45708 1.01197 8.391
6.83983 0.853032 7.98
6.72245 0.952542 7.774
6.50605 0.9696 7.734
7.38721 1.01296 8.488
7.75891 1.10551 8.047
7.12909 1.04459 8.165
7.1223 1.05866 8.325
6.53636 1.62608 6.733
4.7916 1.79069 6.767
4.61113 1.87712 6.801
4.43546 1.80974 6.751
4.50797 1.01203 8.127
4.45846 0.970802 8.242
4.23726 1.14167 8.003
4.1664 1.0728 8.095
3.81026 1.09185 8.078
3.48227 1.12447 8.095
3.88112 1.16072 8.965
3.78211 1.07827 8.969
3.16206 1.21289 7.733
2.84665 1.1475 8.192
2.51866 1.18012 8.209
2.28669 1.08559 8.514
2.1761 1.17102 8.307
1.84811 1.20365 8.292
2.58391 1.8361 6.743
2.62183 2.04522 6.817
2.7412 2.08545 6.743
1.55803 1.44538 8.53
1.65406 1.31822 9.158
1.07111 2.09525 6.738
1.0168 2.20784 6.785
1.2332 2.19078 7.426
22.9588 1.60189 2.897
23.1209 1.69742 3.035
23.0462 1.85223 3.269
22.6171 1.1595 5.302
22.4917 0.700048 5.539
21.6601 0.697913 5.052
22.0104 0.762808 5.404
22.1502 0.760819 5.489
21.2806 0.549571 5.224
21.4582 0.756694 5.752
21.792 0.640126 5.965
18.7605 0.739201 6.769
18.4325 0.771825 6.785
18.6275 0.727117 6.853
18.2792 0.801961 6.826
17.9444 0.848659 6.736
18.1045 0.804449 6.836
18.1298 1.11158 6.719
17.5387 0.826481 6.724
17.7765 0.837073 6.835
15.6435 0.727676 6.668
15.3223 0.746227 6.75
15.3388 0.92769 6.755
16.0908 0.735283 6.821
15.0011 0.764777 6.767
16.3112 0.997705 6.739
14.8992 0.97588 6.785
16.416 0.996213 6.867
14.6876 0.839125 6.717
15.7357 0.824201 6.766
15.0729 0.903523 7.524
14.6032 0.798396 7.227
14.3596 0.871748 6.805
14.3451 0.830025 6.817
14.1007 1.33667 6.687
13.7581 1.32757 6.802
13.9775 1.52012 6.736
13.0409 1.01632 6.734
13.1089 1.37875 6.901
12.7694 1.57926 5.274
12.853 2.05328 5.096
12.6106 2.69967 4.548
10.9629 2.80699 4.713
10.6135 2.81196 4.794
10.4792 1.72368 6.769
10.4483 2.00366 6.971
10.0772 0.974657 7.752
9.73365 0.895688 8.063
9.07287 1.11475 8.836
9.2555 1.67122 6.794
10.1083 1.19784 8.295
9.13911 1.8406 6.835
9.75799 1.13295 8.607
7.12546 1.77144 6.844
7.19931 2.04992 6.819
7.31769 2.02028 6.779
7.52051 2.03137 6.737
4.27635 1.92382 6.752
4.17354 2.06505 6.734
3.82038 2.29371 6.76
3.89125 2.36259 6.835
3.53078 1.09583 9.212
2.88158 1.147 9.245
2.9253 1.27217 9.424
2.6031 1.22085 9.078
2.56138 1.23542 9.081
2.80692 1.30181 10.002
3.34551 1.33607 9.439
2.24696 1.2399 9.146
2.94022 2.32022 6.661
3.22848 2.44191 6.787
3.42352 2.3972 6.764
1.61134 1.26293 9.212
1.93834 1.16043 9.442
1.82973 1.38561 10.006
1.85009 1.34339 10.166
1.72891 1.66658 9.536
1.67179 2.07272 9.218
1.564 1.8646 8.063
1.24198 2.31645 7.607
1.34199 2.46877 7.59
1.22162 2.35867 6.82
1.14513 2.8769 6.755
22.948 1.33648 3.994
22.8813 2.05025 3.87
22.4464 1.44147 5.674
21.891 0.722578 6.762
21.5563 0.769275 6.779
22.219 0.689954 6.729
21.2147 0.830046 6.73
19.4232 0.659879 6.752
19.629 0.880578 6.781
19.1749 0.887045 6.772
19.0884 0.706577 6.752
19.8542 0.989187 6.811
18.7916 0.962387 6.771
20.1113 0.887687 6.775
20.1676 0.91484 6.861
18.5219 1.1619 6.795
18.65 1.3278 6.728
18.1803 1.22267 6.746
17.4203 0.85612 6.884
17.3497 1.29041 6.803
17.072 0.930965 6.818
17.0069 0.778146 6.868
17.1896 1.33462 6.795
16.7372 0.977662 6.786
16.6091 0.811765 6.76
16.8548 1.38132 6.746
16.6268 1.56626 6.788
15.3931 0.815102 7.671
14.7595 0.97787 7.474
16.122 0.958469 8.142
14.7751 1.08946 8.239
15.0963 1.07091 8.189
14.3976 1.08086 7.294
14.4123 1.62575 6.794
14.5035 1.6524 6.762
14.1823 1.67095 6.812
13.2449 1.60044 6.849
13.4038 0.983196 7.901
13.4485 1.17824 8.419
13.7823 1.06167 8.632
13.3177 1.80906 7.823
14.1103 1.02904 8.633
13.1838 1.7271 7.009
12.7747 2.93494 4.953
12.8601 3.04553 5.126
12.7922 3.18627 5.286
10.8287 2.22187 4.804
10.862 3.08796 5.101
10.5195 3.07886 5.248
10.3329 2.24291 6.744
10.4834 2.50633 6.793
10.4484 2.50682 6.79
9.40864 1.13792 8.672
10.1405 1.4909 7.491
9.42421 1.24952 9.486
9.28347 1.18163 9.518
9.10979 1.25399 9.551
8.99159 1.7868 6.769
8.8189 1.92902 6.687
8.75681 1.98581 6.734
8.55897 2.32408 6.755
8.04418 1.01758 9.377
8.22419 2.37077 6.698
7.8962 2.4034 6.714
8.01358 2.30389 6.822
8.19902 2.56681 6.773
8.22237 2.7342 6.823
3.54968 2.42336 6.737
3.57403 2.66062 6.764
3.61095 2.79986 6.796
3.29654 2.80434 6.862
3.25581 2.88878 6.808
2.94818 2.87918 6.748
2.47015 1.20877 10.362
2.15093 1.36706 11.093
1.83851 1.51127 10.815
1.76881 2.01543 9.962
2.03554 1.60631 10.946
1.54264 1.83695 8.853
1.55341 2.10236 9.224
1.28189 2.6653 7.78
1.41566 2.24409 7.986
1.43041 2.78898 7.902
1.51766 2.53615 8.183
0.661019 3.23321 5.228
1.01236 3.36798 5.628
1.01335 3.43785 5.681
1.06584 3.68869 6.005
22.8504 2.33023 4.17
22.3424 1.00966 6.908
22.4055 1.02274 6.838
21.8367 0.835166 6.861
21.7641 1.12971 6.79
22.3901 1.41431 6.86
21.7457 1.31167 6.797
21.3331 0.800407 7.043
21.4574 1.18999 6.772
20.9342 0.764156 6.888
20.8585 0.849094 6.795
20.6781 0.935525 6.612
20.5238 0.895792 6.827
20.4441 0.70125 6.825
20.1948 0.858545 7.628
18.8371 0.724132 7.877
19.0555 0.846814 8.06
18.4898 0.868847 7.615
19.4204 0.953433 8.134
19.3923 0.939857 8.48
19.7416 0.934882 8.052
18.8626 1.53443 6.723
16.5948 1.77637 6.871
16.8071 0.976668 7.878
16.2423 1.06857 8.022
15.8085 1.03282 8.059
16.4635 0.897698 8.222
15.8513 1.08812 8.987
15.4524 1.05186 8.14
14.4325 1.08036 8.37
14.5169 1.12109 9.348
14.8449 1.08847 9.332
14.6045 1.87459 6.728
14.6211 2.05606 6.724
14.9491 2.02343 6.741
14.3219 1.1658 9.478
14.2161 1.09742 9.512
13.3836 1.52858 8.146
13.8881 1.13005 9.496
13.5815 1.19032 9.479
13.147 2.09102 6.86
13.0161 2.21868 6.806
-4.46746 3.79543 57.024
-4.61499 3.74162 57.019
-4.28021 3.69493 57.051
-4.13549 4.04229 57.069
-4.90804 3.77375 57.035
-4.78469 4.09346 57.135
-3.95901 3.67637 57.035
-3.94244 3.85784 56.984
-5.0352 3.67772 57.102
-4.31198 4.4082 57.186
12.9136 3.36624 5.471
10.5021 3.33069 5.597
10.16 1.88197 7.485
9.7512 1.14702 9.65
9.66975 1.3159 10.3
9.04092 1.32486 10.497
8.53679 2.72972 6.757
8.37768 2.8438 6.789
3.4131 3.13812 6.808
3.44224 3.22157 6.806
2.62516 3.26115 6.757
2.45827 3.31944 6.774
2.05409 1.92751 11.389
2.11817 2.01046 11.552
1.73207 2.37935 9.513
1.80791 2.79758 8.9
1.50426 3.06746 8.131
1.41701 3.32029 7.853
0.987021 3.06085 6.732
1.33058 3.13982 6.739
1.06965 3.465 6.75
1.2483 3.742 6.8
1.01353 3.94101 6.517
1.11254 4.02347 6.432
1.21618 3.44894 6.742
-3.9085 3.78747 55.712
-3.87357 3.78697 55.679
-4.1812 3.77738 55.827
-3.54458 3.82422 55.531
-4.1898 4.15487 55.873
-4.2393 4.11365 55.903
-4.36067 3.93368 55.937
-3.61627 4.18864 55.477
-4.51697 3.7542 56.007
-3.27967 3.77852 55.345
-3.71311 4.74909 56.696
-4.03432 4.76764 56.446
-3.50549 4.60637 57.067
-3.42684 4.73104 57.048
-3.2929 4.81299 56.903
-3.35516 4.36662 57.039
-3.12021 4.67076 57.097
22.8697 2.21814 4.364
22.9029 2.58107 4.466
23.0936 1.25055 3.519
22.0357 1.06994 6.731
22.3891 1.34444 7.236
22.33 1.61085 6.779
22.5086 1.88784 6.764
22.0531 0.818107 7.559
21.9707 0.917119 8.336
21.3508 1.5549 6.844
21.0306 1.64332 6.729
20.3976 0.869634 8.035
20.0696 0.902258 8.036
19.6494 0.838358 8.891
19.631 1.02032 8.959
19.1196 0.929763 8.298
18.6848 0.824139 7.871
19.0491 1.86722 6.794
19.3062 1.76572 6.756
19.4052 1.84817 6.745
16.3726 1.87737 6.767
16.2814 1.85072 6.774
15.9612 1.93914 6.723
15.9466 1.89741 6.74
15.7498 2.30555 6.736
15.7081 2.32012 6.712
15.4941 1.03729 9.266
15.1438 0.972398 9.529
15.3869 2.33867 6.761
15.217 2.18734 6.74
14.9236 1.21314 10.01
14.5946 1.17589 10.239
15.3675 2.45076 6.757
15.091 2.66435 6.745
15.0085 2.76336 6.746
14.6806 2.79598 6.73
14.7999 2.83621 6.753
13.6495 1.55275 9.501
13.5721 2.00111 9.304
13.7885 1.98405 9.757
13.6158 2.12628 9.401
13.3722 2.19963 7.795
13.3111 2.32629 7.751
13.2937 2.57812 7.78
13.4413 2.63193 7.915
13.0706 2.60926 6.778
13.0366 2.67962 6.823
13.2221 2.94254 6.757
12.9989 2.97367 6.811
13.0466 3.37832 5.696
12.8681 3.60449 6.065
-3.14058 4.71298 55.335
-2.82037 4.62456 55.134
-2.75928 4.4979 55.198
-3.58595 4.84512 55.512
-2.98644 4.24955 55.198
-2.903 4.22041 55.133
-2.5884 4.7191 55.133
-3.75782 4.55405 55.576
10.7079 3.55139 5.942
10.3768 2.87124 6.804
10.4331 2.89839 6.779
10.3196 3.27738 6.795
10.213 3.6423 6.771
10.5712 3.76299 6.377
9.33298 1.22286 10.677
9.30583 1.27915 10.783
9.61544 1.42849 11.076
9.3146 1.40482 11.273
9.50783 1.72354 11.338
8.65763 1.4002 11.47
8.9934 1.42337 11.29
8.82124 3.07509 6.762
8.15847 3.15441 6.779
9.04542 3.11383 6.772
3.26306 1.43508 11.76
3.38542 1.68492 11.767
2.94964 1.50943 11.629
3.01372 1.59238 11.527
3.51539 1.4874 12.309
3.76971 1.67945 12.029
3.73378 1.61008 12.207
3.41158 1.55876 12.438
2.62943 1.59785 11.466
3.59855 3.40104 6.809
3.60832 3.59658 6.795
2.93759 3.11694 6.768
3.19998 1.422 11.8
2.55079 1.47318 11.472
2.26071 1.71491 11.621
2.28488 1.44901 11.957
2.11021 1.4515 11.555
1.99481 1.69075 11.383
2.2589 2.07834 12.145
2.10611 3.61797 6.722
1.96157 3.77377 6.73
1.82382 3.9155 6.788
2.15843 3.36564 6.741
1.64037 3.79232 6.78
1.35709 4.01998 6.915
0.303886 3.18239 45.071
0.515486 3.31915 45.154
-0.0580454 3.28538 44.986
0.551416 3.38852 44.826
-0.0909906 3.42562 45.057
0.843477 3.28652 45.083
0.843477 3.28652 45.155
-0.429749 3.19284 44.889
-0.490842 3.3195 44.941
0.230213 3.40707 45.007
1.18504 3.22575 45.22
1.23455 3.26698 45.186
22.836 2.79167 4.851
22.7691 3.00228 5.164
22.4581 1.77674 6.827
21.6359 0.963817 8.352
22.0319 1.29362 8.304
22.1048 1.50224 8.155
21.2933 0.954718 8.517
21.9884 1.67162 8.229
22.2902 1.76516 8.106
21.6291 0.97789 9.32
22.1697 1.15189 8.387
21.2865 0.968791 9.485
20.7629 1.98258 6.758
20.7144 2.01122 6.795
20.4009 2.08557 6.729
20.4514 2.19667 6.716
19.9435 0.876101 9.206
20.2609 1.08123 9.549
20.3579 1.02395 9.634
20.6024 1.02046 9.566
20.8547 1.07278 9.517
20.9304 0.987839 9.517
20.0143 0.944976 9.281
19.7314 2.17897 6.713
18.8005 1.59122 6.744
20.0119 2.24486 6.789
20.0847 2.45347 6.754
19.4567 2.02913 6.723
15.518 2.71417 6.757
15.3433 2.71666 6.778
15.6899 3.00524 6.79
14.2578 1.08285 10.584
13.9308 1.18534 10.42
14.5034 1.14924 11.338
13.8426 1.3683 10.912
14.1696 1.26581 11.092
14.0039 1.89712 10.212
13.6944 2.25095 9.51
13.4161 2.82796 8.017
13.4948 2.95264 8.21
13.3153 3.10894 7.942
13.1504 3.30696 6.771
12.9477 3.79904 6.395
0.807547 3.21715 43.924
0.452404 3.30607 43.855
0.517476 3.45889 43.856
0.644635 3.55492 43.789
1.17346 3.39364 43.888
0.773783 3.79068 43.822
0.202066 3.3935 44.118
1.50145 3.36102 43.856
0.170115 3.6036 43.859
10.5294 3.77756 6.943
9.76466 3.56482 6.751
10.0155 2.03778 9.305
9.9418 2.26245 9.583
9.88749 2.37504 9.436
9.89446 2.86413 8.679
10.0496 2.47057 8.075
10.1643 3.16778 8.116
9.41379 1.99044 11.56
8.30049 1.34938 11.666
8.80614 1.52388 12.077
8.49852 1.51428 12.191
7.96472 1.3262 11.831
8.2947 1.43332 12.191
8.16374 1.56098 12.175
9.35024 3.41698 6.713
9.57922 3.3019 6.767
8.00334 3.54797 6.763
7.94524 3.88424 6.787
4.37519 1.50311 12.372
4.54407 1.58456 12.518
4.06177 1.57745 12.225
4.02484 1.43821 12.243
5.02058 1.67562 12.774
4.78862 1.58108 13.044
4.16856 1.7157 12.325
3.07581 1.53559 12.619
3.46577 3.89212 6.735
3.40468 4.01878 6.746
3.65121 4.15504 6.718
3.40965 4.36813 6.722
3.16124 1.64618 13.275
2.40525 1.55911 12.716
3.49602 1.59949 13.341
2.37131 1.62948 13.036
2.30144 1.63047 12.243
2.28605 2.02204 12.898
2.49069 1.66971 13.406
2.45973 1.94969 13.315
2.21817 2.16278 13.086
2.13572 2.26179 11.717
1.89217 2.33514 11.749
2.2046 2.19093 12.077
2.25545 3.30835 6.771
1.40858 4.20095 6.746
1.3084 3.54546 7.533
1.64798 3.34495 8.197
1.08059 4.23357 6.715
1.34252 3.97826 43.826
0.932074 4.1099 43.816
1.37663 4.41106 43.794
1.06222 4.41553 43.892
4.25435 2.83263 35.398
4.28648 3.12568 35.71
4.18548 2.90349 34.534
4.2777 3.00002 34.542
22.5479 3.17315 5.624
22.3932 2.12709 6.835
22.4176 2.36435 6.716
22.3487 2.43521 6.821
21.9118 1.68668 9.068
22.1205 2.11699 8.042
21.9329 1.21117 9.509
21.5612 1.11863 9.903
21.6447 1.08948 9.502
20.8897 1.07228 10.263
20.6826 2.7245 6.689
20.1692 2.4942 6.756
20.7952 2.7788 6.732
20.3265 2.74354 6.756
19.9917 2.79024 6.756
19.9082 2.81938 6.789
15.4599 3.05045 6.738
15.4202 3.20476 6.745
14.5224 2.97993 6.769
14.6121 1.42723 11.477
14.8323 1.18648 11.465
14.9324 1.33881 11.593
14.2822 1.32011 11.871
14.0727 1.82626 11.464
14.5041 3.16189 6.754
14.6594 3.2715 6.867
14.2809 3.19303 6.734
14.1693 3.20859 6.738
14.4996 1.37292 11.477
13.9785 1.58999 11.266
13.7944 2.40327 9.4
13.579 2.4902 9.064
13.7006 3.17334 8.063
13.0923 3.64323 6.772
13.6231 3.6217 6.691
4.2691 3.37751 35.099
4.39643 3.97671 36.358
5.17325 2.58194 32.857
5.28403 2.99967 32.576
5.58469 2.52017 32.55
4.63565 2.61755 32.567
5.22294 3.12633 32.493
10.2791 3.86499 6.868
9.91318 3.6885 6.738
10.2733 3.94893 6.839
9.94332 3.84182 6.734
10.0176 2.68068 9.004
10.1837 3.05569 8.318
9.95754 2.87721 8.058
9.49127 1.54207 10.767
9.38962 2.25634 11.726
9.14771 1.4631 12.159
9.36926 2.29856 12.128
9.02254 1.50682 13.02
9.58519 3.72112 6.738
9.91716 3.96798 6.871
7.12247 1.56183 12.455
8.03746 3.98077 6.767
7.95021 4.23359 6.741
6.15009 1.49181 12.946
6.73918 1.63717 13.316
5.73385 1.70739 13.341
5.76879 1.70689 13.398
5.45039 1.43189 13.274
5.18648 1.54746 13.379
5.14475 1.56203 13.012
6.01134 1.56367 13.344
5.09045 1.67462 13.66
5.41944 1.71187 13.479
4.45963 1.54384 13.242
5.4408 1.73952 13.084
4.13843 1.56239 13.291
3.81722 1.58094 13.324
3.67848 1.6528 13.357
3.81143 1.66488 14.037
3.49801 1.73923 13.939
2.81868 1.63709 13.406
3.76678 4.41895 6.85
3.48929 4.56267 6.741
3.60967 4.67277 6.758
2.54897 1.8366 13.915
2.51404 1.8371 13.907
1.94466 2.58598 11.971
2.3056 2.41312 12.572
2.21735 2.59607 12.029
2.25709 2.44176 12.299
2.10196 2.83532 12.154
1.20775 4.3296 6.677
1.35147 4.60709 6.793
1.14087 4.54021 6.822
1.76191 4.47545 6.685
1.54189 5.21936 45.17
1.63891 5.16207 45.244
1.31092 5.1947 45.228
1.87567 5.10279 45.328
1.94554 5.1018 45.293
1.01107 5.2409 45.194
0.987725 5.07351 45.2
0.611223 5.13477 45.09
0.643173 4.92467 44.944
2.67239 5.10543 45.585
1.98528 4.94749 43.777
2.00962 5.18475 43.844
2.33264 4.80277 43.82
2.30946 5.13855 43.829
1.68163 5.21737 43.86
1.58162 5.06505 43.823
1.50777 4.78656 43.889
2.42866 4.67561 43.872
2.49771 5.10791 43.901
22.5092 3.39733 5.926
22.5044 3.55114 6.006
22.5264 2.64234 6.814
22.4788 2.74085 6.821
21.7634 2.06617 9.729
21.681 2.16518 9.616
22.1109 2.42462 7.856
21.5059 1.16134 10.642
21.1546 1.02658 10.617
21.1712 1.20804 10.627
20.0937 3.0823 6.772
15.2458 1.26446 11.691
15.4021 1.44393 12.071
15.5262 1.33035 12.184
15.7436 1.38316 12.103
14.6898 1.48203 12.152
15.6318 3.34151 6.772
15.592 3.49582 6.762
15.2905 1.4595 11.901
15.0459 1.46298 12.12
14.3395 1.41713 12.448
14.1446 1.965 11.925
14.0044 3.40662 6.745
14.2567 3.45893 6.887
13.9433 3.53328 6.79
13.8466 1.64778 10.26
13.2428 3.90665 6.821
13.3466 3.83529 7.037
5.44115 2.74584 32.464
5.80308 2.64285 32.589
5.87096 2.50212 32.5
4.95007 2.61307 32.468
4.95604 3.03229 32.577
13.0206 4.00765 6.708
13.1236 4.36958 6.455
2.10764 5.19733 43.842
2.63067 5.12 43.828
10.4645 4.12791 6.851
10.2198 3.62823 7.484
10.1074 4.07709 6.685
9.4489 2.4931 11.957
9.63686 4.40525 6.643
9.1449 1.75666 13.215
8.69356 1.46957 13.201
8.86923 1.53695 13.51
9.06444 1.99541 13.467
9.28183 2.04822 13.347
8.35878 1.51627 13.184
8.64025 1.65203 13.613
8.9896 1.64706 13.531
8.33941 1.62836 13.76
8.00943 1.52124 13.249
7.68143 1.55387 13.267
7.99006 1.63333 13.859
7.65428 1.61016 13.99
8.0037 4.5543 6.758
8.0484 4.74934 6.717
8.12705 4.87401 6.748
8.2057 4.99868 6.717
4.78282 1.66503 13.808
4.681 1.87613 14.138
4.37139 1.72679 14.396
4.33066 1.81123 14.417
3.99488 1.78806 14.548
3.65911 1.76489 14.729
3.13309 1.63261 14.299
2.81868 1.63709 14.366
2.68192 1.84869 14.729
2.75378 1.98743 14.865
3.6398 4.82609 6.773
3.43417 5.10855 6.771
2.51322 2.27039 13.692
2.59567 2.17138 14.308
2.60164 2.5906 13.97
2.35311 2.3146 13.145
2.39583 2.3699 13.351
2.4619 2.59259 13.325
2.44932 2.69061 13.368
2.31256 2.90221 12.275
2.11951 3.08666 12.351
1.81821 4.50261 6.772
1.91242 4.73887 6.717
1.94835 4.80824 6.79
1.46886 4.50758 6.804
2.30449 4.7892 6.741
1.27001 4.77597 7.02
0.863551 5.18709 5.099
1.03144 5.19868 5.11
0.736568 5.59423 4.49
0.913876 4.79502 5.799
0.928799 5.84307 4.425
0.940561 6.17835 4.884
0.719189 5.84606 4.231
0.620177 5.7636 4.07
1.03606 4.5417 6.201
6.54052 2.40872 29.431
6.69103 2.67214 29.463
6.22031 2.49714 29.296
6.13786 2.59616 29.211
6.85113 2.62793 29.772
6.99087 2.62594 29.785
5.85738 2.53027 29.054
5.83123 2.65643 29.114
7.17134 2.53951 29.935
5.77031 3.28625 32.513
5.90525 3.43808 32.499
5.92082 3.54967 32.53
6.23985 2.88822 32.577
5.80741 3.92866 32.461
6.53309 3.35925 32.516
22.582 3.60594 6.28
22.2307 3.47118 6.803
21.146 1.40407 11.174
21.6059 1.31366 11.087
20.8859 1.29596 11.366
20.7564 3.00298 6.757
20.9874 3.02765 6.667
21.1126 2.98393 6.674
20.0869 3.09638 6.74
19.8405 3.46328 6.763
16.0716 1.35054 12.07
15.9387 1.33845 12.179
16.1513 1.54508 12.384
16.4647 1.47073 12.481
16.7849 1.38231 12.612
15.7222 3.80146 6.909
15.4515 3.93111 6.785
15.5922 3.99899 6.78
14.2153 1.53072 12.363
14.4171 1.47193 13.187
14.2582 2.08918 12.062
14.7451 1.43931 13.171
14.3853 2.18521 12.92
14.0515 2.30177 11.947
14.0603 2.42744 11.904
13.7017 3.74637 6.79
13.5443 2.99386 8.429
13.3865 4.18414 6.902
7.50032 2.57676 29.706
10.3336 4.25556 6.857
10.2579 4.3405 6.734
9.18698 2.74841 12.275
8.36176 1.72588 14.368
8.68975 1.69326 14.369
8.03377 1.7585 14.385
7.698 1.73533 14.532
7.3253 1.57292 14.22
7.36322 1.78203 14.533
6.98373 1.63369 14.17
7.97871 5.2535 6.724
6.82842 1.52408 13.794
6.65673 1.73618 13.99
3.36804 1.93675 15.189
3.59147 5.3579 6.683
3.58468 5.37197 6.804
2.72564 1.97385 15.287
2.7326 2.46294 14.456
2.77912 2.29456 15.226
2.69966 2.60318 14.49
2.84203 1.80448 15.522
2.31835 2.81826 13.179
2.10892 3.32441 12.638
2.53066 4.96768 6.773
2.67918 5.09135 6.709
2.68117 5.23109 6.773
2.95585 5.38093 6.765
1.20611 5.19619 6.807
1.01786 5.22682 6.775
0.777473 6.01295 4.071
0.772674 6.16676 4.265
0.886257 6.29094 4.218
0.770861 6.53019 4.174
0.575645 6.07173 3.54
0.43889 6.28333 3.1
0.382596 6.25618 3.193
0.581615 6.49095 3.095
0.486582 6.68798 2.888
0.4235 6.6749 2.642
0.525497 6.96696 2.822
0.505133 7.00918 2.928
0.583781 7.13385 3.544
0.244027 6.8312 2.307
4.23071 4.60802 38.022
4.40041 4.25619 38.23
4.35606 5.06747 37.412
4.40024 3.75302 38.562
5.1595 2.10692 17.739
5.41762 2.07529 17.909
5.60786 2.1844 18.032
4.5704 1.96156 17.786
5.26431 2.10543 18.359
5.94943 2.12363 18.114
4.2492 1.98011 17.802
22.5257 3.57879 7.102
21.8891 3.53195 6.723
22.5365 3.8442 6.68
22.08 2.7046 7.993
22.1538 2.98308 8.116
22.048 2.91471 8.322
21.5818 1.57957 11.257
21.2566 1.31864 11.185
21.6624 1.84398 11.462
21.7381 1.75904 10.24
20.5433 1.28686 11.53
20.5162 1.34316 11.663
21.2498 1.33271 12.061
20.1794 1.25012 11.76
21.1729 3.29057 6.746
21.5008 3.25794 6.73
21.5649 3.34089 6.792
21.5611 3.56457 6.804
20.5938 1.39796 12.126
20.2377 1.41701 12.208
20.9072 1.32361 12.209
19.8436 1.22694 11.956
19.6166 1.48176 12.044
19.5292 1.23142 12.055
19.8796 1.29632 12.124
19.9029 1.46371 12.192
19.2537 1.51488 12.307
20.0823 3.75335 6.761
16.9266 1.52006 13.144
16.5909 1.49689 13.307
17.2401 1.44571 13.193
17.3391 1.52817 13.111
17.0101 1.49092 12.741
16.2629 1.52951 13.308
15.4224 1.40171 13.056
15.0653 1.35089 13.268
15.9417 1.54806 13.357
14.6131 1.4971 13.525
14.9781 1.60372 13.537
15.2915 1.52937 13.636
15.635 1.60834 13.324
14.6209 1.55289 13.833
14.4289 1.80721 13.302
14.3027 1.78105 13.275
14.2795 2.11683 13.317
14.0138 2.59582 12.087
14.3049 2.42396 12.406
13.3031 4.21328 6.961
13.3572 3.59753 7.38
13.2314 4.5777 6.937
13.632 4.25053 6.731
5.86569 4.09555 32.444
5.81917 4.26394 32.546
6.55725 3.09335 32.545
7.42367 2.59182 27.644
6.98788 2.41633 27.446
6.9248 2.40325 27.508
6.6541 2.5329 27.216
6.61039 2.40773 27.103
9.98522 4.33041 6.742
10.4016 4.61799 6.765
9.87462 4.41584 6.756
9.71071 4.68374 6.797
9.40057 3.02491 12.399
9.32789 3.31946 12.652
9.40408 4.74401 6.747
9.12571 2.37191 13.309
9.03267 2.70868 13.367
8.73347 1.81842 14.933
8.10463 1.82738 15.097
7.81936 1.9153 14.95
8.64148 5.17418 6.708
3.03806 1.82964 15.583
2.96538 2.12419 15.718
2.96339 1.98445 16.115
3.25645 1.95232 16.114
3.01208 2.45897 16.079
2.43393 3.08218 13.244
2.45529 3.10983 13.277
3.24311 5.43274 6.82
2.21771 3.6024 12.827
2.30847 5.06868 6.857
2.86661 5.49401 6.756
1.28458 4.8177 7.809
1.51076 4.99617 8.063
1.34106 5.34801 7.908
1.39735 5.37516 8.136
1.59918 5.31638 8.325
1.6962 5.25909 8.398
1.47799 5.63958 8.022
1.02284 5.57617 6.749
1.11606 5.74257 6.75
1.1394 5.90996 6.759
1.25977 6.02006 6.832
0.780633 6.72572 4.048
0.434444 7.44347 2.832
0.179131 7.18155 1.576
0.219041 7.5304 1.549
0.299678 7.79481 1.658
0.300673 7.86468 1.575
0.0599315 7.64448 0.877
0.595719 7.97229 1.231
-0.12633 7.81485 -0.0959997
-0.269873 8.04053 -0.0139999
-0.0592683 8.10741 0.0249996
-0.379477 8.19583 -0.122
-0.0844306 8.30345 -0.0150003
0.135771 8.0627 0.246
0.457969 8.11402 0.663
0.210439 7.9079 0.941
7.65265 2.47675 26.954
7.55463 2.46417 26.17
7.68079 2.49032 28.034
4.43652 4.82872 37.875
4.43634 4.32556 38.407
4.44711 4.59097 38.589
4.3261 5.41732 37.36
5.03258 5.46317 37.888
4.55028 5.45606 38.515
4.36782 5.40275 37.822
22.4269 3.99951 6.826
22.2133 3.72301 6.924
21.7325 2.34615 9.239
21.9732 2.56635 8.993
21.3895 1.33072 12.322
21.2741 1.56997 12.348
21.2947 2.03092 12.125
21.7222 3.59023 6.742
19.5749 1.49633 12.242
19.3206 1.30428 12.503
18.9247 1.47763 12.553
19.894 3.78399 6.804
20.0417 4.34096 6.819
18.5957 1.44039 12.766
18.9257 1.5475 13.283
18.2735 1.38907 12.996
19.2323 1.48723 13.316
18.5618 1.51076 13.481
17.9096 1.35232 13.225
17.8854 1.61822 13.431
18.4919 1.51175 13.676
17.5884 1.37087 13.308
17.2285 1.6136 13.678
18.2338 1.54338 13.546
17.5575 1.65085 13.464
15.8932 1.57671 14.252
15.537 1.59576 14.317
15.602 4.19452 6.818
15.5555 4.36291 6.773
15.4886 4.57351 6.753
15.5401 4.75448 6.729
14.5463 1.7077 14.35
14.8878 1.64693 14.432
14.5173 2.12742 13.581
14.1623 2.7195 12.118
14.2691 2.85775 12.339
14.2294 3.01206 12.331
13.9019 4.55418 6.756
13.3779 4.56164 7.46
5.32183 5.65473 37.022
4.97049 5.51996 36.884
5.65661 5.60803 37.263
4.85791 5.46566 36.772
5.38971 5.51399 37.659
5.35378 5.44462 37.737
5.82731 5.32606 37.497
6.00497 5.53319 37.396
6.01954 5.57491 37.399
4.54449 5.54 36.531
6.73544 4.80996 32.497
6.90234 4.75168 32.481
6.90514 4.45813 32.524
7.13231 4.70648 32.507
6.47451 5.13515 32.519
6.49587 5.1628 32.527
7.26807 4.42501 32.541
7.40003 4.36722 32.447
10.7891 5.32529 4.697
11.0648 5.545 4.512
10.7048 5.78773 4.411
10.8028 5.80031 4.254
10.6593 6.02599 4.86
10.8258 4.96137 5.379
10.6904 6.24917 5.172
10.5934 6.30646 5.254
10.6255 6.59952 5.529
10.3892 5.21917 6.772
10.0425 4.42743 7.404
10.2415 4.6622 7.642
10.1038 4.80393 7.767
9.19746 4.95661 6.763
9.16661 2.79064 13.325
9.33286 3.66881 12.848
9.54961 4.65808 6.741
8.88801 5.31043 6.751
8.64902 1.7777 15.66
8.62965 1.88979 15.729
8.41027 1.69723 15.359
8.30067 1.85254 15.927
8.52105 2.11496 16.194
7.94354 1.80172 16.172
8.35696 1.87969 15.216
8.0817 5.61543 6.766
8.24959 5.62702 6.664
7.92838 5.64557 6.714
3.86872 1.7619 16.459
4.01144 1.96952 16.74
4.02601 2.01125 16.748
3.56308 1.89205 16.196
4.33165 1.8811 16.784
4.32586 1.96505 16.763
3.09834 2.13627 16.682
3.05562 2.08097 16.764
3.40497 2.076 16.73
2.97914 2.5992 16.458
2.64834 2.92538 14.348
2.54851 3.27622 14.194
3.43534 5.68159 6.755
3.41498 5.72381 6.692
2.52914 3.38831 13.335
2.35066 3.61448 13.21
2.46524 3.80853 13.293
1.01242 6.31709 6.747
1.31507 5.97734 7.568
1.15515 6.52471 6.8
0.827331 7.0605 4.459
0.781805 7.29876 4.09
0.584952 7.70689 2.914
0.529653 7.74961 2.926
0.305295 7.2077 1.734
0.358781 7.52841 2.094
0.297865 8.15823 -0.172
7.69607 4.5447 29.857
7.65317 3.98624 30.244
7.34028 5.57008 30.119
7.30634 5.64045 30.252
7.52836 5.03628 30.972
7.01329 5.67257 29.906
7.13366 5.78267 29.847
6.55814 5.60917 34.072
6.5232 5.60967 34.225
6.83662 5.53532 34.323
6.2515 5.66944 33.838
6.87255 5.60469 34.426
6.201 5.55835 34.487
6.22915 5.57192 33.42
7.18498 5.46048 34.438
5.90795 5.59047 34.487
5.88659 5.56282 34.544
7.18018 5.61429 32.646
6.81046 5.66148 32.543
6.85997 5.70271 32.846
7.57704 5.5108 32.639
7.69344 5.34142 32.499
7.77606 5.74557 32.508
6.76775 5.60618 32.12
22.2007 3.82103 6.892
22.1666 3.38823 7.692
21.4256 1.90326 12.096
21.3356 2.44964 12.109
21.2121 1.62676 13.24
20.9004 1.33769 13.152
20.5657 1.38438 13.136
20.4269 1.45624 12.945
21.2354 1.79415 13.322
20.8675 1.47792 13.781
20.2231 1.37529 13.283
21.2733 2.00327 13.356
21.0635 1.50309 13.321
19.8951 1.40791 13.3
19.5603 1.45461 13.283
19.8554 1.56222 13.978
20.2047 1.55725 13.847
19.4915 1.52547 14.192
19.9612 4.57971 6.779
20.0137 4.83055 6.644
18.5298 1.72086 13.995
16.8995 1.57636 13.908
16.5637 1.55318 14.071
16.2347 1.51594 14.317
16.162 1.81049 14.586
15.8398 1.75917 14.832
15.2226 1.60023 14.433
15.5041 1.73599 15.029
14.785 1.78816 14.594
15.6604 4.86458 6.802
15.3995 5.18976 6.762
15.1751 1.69875 15.242
14.5542 2.26666 13.897
14.432 2.51998 13.297
14.2438 2.55062 13.241
14.1761 3.19452 12.585
14.1932 4.88547 6.844
14.3455 4.78547 6.774
14.5144 4.86692 6.778
13.3208 4.96778 6.864
13.217 5.03914 6.73
7.44128 5.79227 32.267
7.8663 5.70236 32.552
12.6592 5.62013 4.246
12.6039 5.66285 4.081
12.8552 5.6453 4.27
12.7758 5.95392 4.114
12.8794 5.37939 4.64
12.537 5.87346 3.702
12.8534 6.00872 4.812
12.741 6.45758 4.03
12.8835 6.16204 4.926
11.1028 6.25728 3
11.0457 6.66342 2.958
11.0904 6.85846 2.717
11.01 7.09721 2.974
11.2274 7.15002 2.831
11.0255 7.2088 3.725
11.0655 7.55765 2.756
12.3655 6.58872 2.76
10.824 5.3248 4.725
10.1892 4.91453 8.025
8.98831 3.51997 13.373
9.16977 3.50341 13.19
9.10271 3.21085 14.128
8.97754 3.25456 14.111
8.5386 2.3663 16.67
7.60776 1.77855 16.353
8.17649 1.96612 16.703
7.85529 1.98467 16.768
7.54766 1.97508 16.883
7.60396 2.00223 17.15
8.33081 2.00586 16.775
7.78385 5.80137 6.757
4.65286 1.86255 16.976
5.24195 2.00791 17.491
3.70481 2.0298 16.73
4.92953 2.15213 17.163
3.25844 2.09206 17.479
3.05878 2.79374 16.506
3.32369 2.74804 17.075
3.20935 6.00627 6.772
3.7284 5.64946 6.885
3.0153 6.12085 6.796
2.45265 3.90655 13.455
2.25481 4.24481 13.276
1.61492 5.93114 8.154
1.80118 5.76077 9.256
1.30647 6.35484 7.242
1.22022 6.67753 6.862
1.31279 7.78038 1.592
1.53019 7.8332 1.856
0.915928 7.88387 1.372
1.00037 7.9246 1.263
0.652013 7.99945 1.149
1.85917 7.87044 2.243
0.867883 6.4729 5.281
1.09604 6.79112 5.475
1.06011 6.72174 5.632
0.941909 7.25455 5.37
1.02056 7.37922 5.579
0.86724 7.40935 4.885
1.32935 7.96185 1.554
0.770218 7.46664 4.162
0.252981 7.46003 1.28
3.84941 4.82311 24.807
3.83982 5.13073 24.501
3.86978 4.78089 25.748
22.262 4.19753 6.992
22.0514 4.13064 6.726
21.1881 2.39583 13.292
20.5405 1.58042 13.634
21.2511 2.40891 13.335
21.422 2.63011 12.224
21.3192 2.77134 12.367
20.8841 1.65939 14.455
20.5493 1.70609 14.422
19.1489 1.51637 14.323
19.1868 1.72549 14.387
19.7496 1.49384 14.617
18.8287 1.60479 14.176
18.8219 1.61887 14.143
19.8312 1.82812 14.863
19.5779 1.70594 14.783
15.3517 1.836 15.203
14.8189 1.7178 15.308
14.7832 2.15159 15.103
14.7143 2.22245 15.111
15.2955 1.80885 16.046
15.583 5.31294 6.768
15.1627 5.24904 6.762
15.3132 5.51246 6.779
14.9743 1.8274 16.079
14.9531 2.30291 15.868
14.5426 2.43455 13.958
14.4476 2.63158 14.078
14.6243 2.76883 14.253
14.4797 2.92463 13.274
14.569 2.81155 13.412
14.3847 3.12166 13.259
14.2761 3.34684 12.724
14.5309 5.04839 6.724
14.7503 5.24094 6.795
13.5118 4.64359 7.714
13.411 4.92456 7.903
13.3974 4.95271 8.075
13.513 5.21662 8.067
13.4926 5.25884 8.317
13.1771 4.69029 6.75
13.1666 5.43121 6.715
13.1181 5.45985 6.762
13.2143 5.83586 6.792
12.6062 6.80892 2.79
12.2772 6.77167 2.254
12.6479 6.79435 3.269
12.4677 7.38394 2.697
12.4269 7.46838 2.576
12.3754 7.28742 2.006
12.7004 7.04518 3.659
11.4224 7.10531 1.645
11.4615 7.88746 1.773
11.3567 7.88895 1.494
10.7482 7.85569 1.964
11.0184 6.21655 3.143
10.752 7.632 2.675
11.1519 7.73812 2.717
10.1467 5.3624 7.961
10.0535 5.196 8.472
10.1798 5.72532 7.986
10.2089 5.80877 7.874
10.3303 5.98874 8.003
9.33684 3.94829 13.205
9.01464 3.89697 13.468
8.92786 2.71017 14.472
8.93547 2.26281 14.445
8.55136 2.77144 16.699
8.56301 5.55267 6.779
8.23221 5.87885 6.783
8.87081 6.06543 6.734
7.23424 2.04942 16.801
7.1003 1.96747 16.949
7.82814 2.04097 17.786
7.61994 6.06926 6.78
7.60736 6.16728 6.767
6.53355 1.91963 17.343
6.19099 1.91053 17.441
6.80923 2.13934 17.883
6.89268 2.1102 17.867
6.27063 2.10508 18.08
7.19252 2.064 17.9
6.14447 2.07892 18.143
5.52723 1.91999 17.622
3.92121 2.01274 17.818
4.33464 2.09071 18.655
3.57964 2.07351 17.737
4.01443 2.17913 18.491
3.41755 1.97798 18.101
3.25165 2.10613 17.721
3.34686 2.41227 17.774
3.38659 2.25796 18.459
3.40035 2.73297 18.101
3.96434 6.02348 6.779
4.11286 6.14715 6.754
4.43804 6.40808 6.764
4.62629 6.37745 6.789
3.28296 2.83248 18.011
3.10249 2.91891 16.704
3.1472 3.11395 16.801
2.35382 4.32726 13.22
2.68052 6.16755 6.731
2.17704 6.63595 6.747
2.49081 7.56793 2.909
2.34428 7.584 2.857
2.46664 7.83384 2.923
2.65969 7.64939 3.18
2.15703 7.6845 2.663
2.05322 7.75586 2.689
1.82225 7.7312 2.647
2.91202 7.70171 3.599
3.03239 7.81181 3.551
1.56313 7.69296 2.702
1.50105 7.74975 2.696
1.61574 5.49785 8.847
1.65863 6.05631 9.341
1.6179 6.14075 9.368
1.16627 7.79645 2.663
1.51409 6.21211 8.092
1.49191 6.61776 7.21
1.48314 6.49209 8.151
1.04689 7.75622 2.822
0.83728 7.7592 2.811
0.818905 7.94116 2.717
1.28529 6.83035 6.963
0.945536 6.5277 5.425
1.09242 7.51796 5.743
1.22636 7.59992 5.431
1.43597 7.59693 5.447
0.460777 7.82047 2.324
1.16328 7.58684 4.508
1.3118 7.71051 4.025
0.640251 7.66417 3.626
14.3577 3.68112 13.052
14.414 3.70827 13.291
14.2907 3.38856 13.14
14.4461 4.00133 13.299
14.4956 4.04255 13.336
14.2822 4.26922 13.032
14.5683 3.74801 13.685
14.3395 4.36625 13.466
14.5064 4.30796 13.577
14.3842 4.56128 13.196
14.5216 3.41323 13.357
22.66 4.66707 5.532
22.7407 4.93149 5.143
22.7951 5.32206 4.561
22.4961 4.93497 6.792
22.532 5.00434 6.828
21.9282 4.3141 6.796
22.2446 4.44936 7.414
21.7545 4.38645 6.749
21.5934 4.36079 6.778
21.4295 4.62869 6.774
21.1174 2.83012 13.257
21.1805 2.8432 13.241
21.2297 4.82721 6.742
21.2103 4.9393 6.757
20.8375 1.82777 15.14
19.8981 1.61752 14.93
20.2824 1.61205 15.322
20.4261 1.88954 15.338
20.4648 1.66536 15.665
19.9109 4.97178 6.807
20.1225 5.10853 6.742
20.1333 5.37394 6.68
20.5631 5.13021 6.672
20.2662 5.38602 6.791
15.6225 1.70635 16.21
14.8201 2.29083 16.01
16.4551 1.77836 16.813
15.444 1.93253 16.764
15.772 1.8999 16.716
15.0946 1.9375 16.83
14.9415 2.4708 16.505
15.2308 5.61147 6.776
15.4705 5.7618 6.713
14.7047 2.53008 14.772
14.57 2.88142 14.468
15.0455 5.85171 6.675
13.3725 5.65191 7.717
13.6208 5.42474 8.845
13.3337 5.87609 7.697
13.4192 5.98669 8.095
13.1854 6.25558 6.791
13.0321 6.28571 6.713
14.4289 4.75632 13.437
14.5531 4.64274 13.938
14.5279 4.83878 13.278
12.9496 6.38472 5.397
13.0021 6.63556 5.353
12.6145 5.42509 4.533
14.5493 4.86642 14.114
14.6415 4.96295 14.233
14.7066 5.11577 14.446
14.7086 5.25551 14.446
12.4693 6.51736 2.676
12.3862 7.55282 1.865
12.4658 7.74737 1.805
12.2125 7.62518 1.208
12.3145 7.91724 1.388
12.1127 7.97602 0.186
11.7925 8.06445 0.0220003
12.1534 7.89158 0.602
11.6517 7.99657 0.0620003
11.4489 7.98548 0.383
11.4296 8.09757 -0.117
11.0986 7.92058 0.645
11.9506 7.8805 0.101
12.171 8.14292 0.019
10.7686 7.81346 1.055
10.4027 7.63698 2.757
10.8598 7.84012 2.609
10.6017 7.87175 1.474
10.5156 5.7485 6.779
10.372 5.97417 6.774
10.57 6.13907 6.825
10.4323 6.2808 7.069
10.3237 6.50598 6.927
10.5521 4.88141 6.849
10.4898 6.88099 6.825
10.7431 7.00317 5.451
10.5666 7.36908 5.496
10.2522 7.37356 5.455
10.4318 7.72042 1.432
10.3542 7.66562 1.752
11.3613 7.23197 1.52
9.83027 5.22713 8.435
9.81967 5.46489 8.892
9.99634 5.60214 9.162
9.90031 5.7293 9.207
9.15357 4.32827 13.414
9.07591 4.27347 13.455
8.94044 2.61216 14.904
8.48167 3.2756 17.002
8.17749 2.03599 17.72
8.1659 2.20388 18.372
7.51372 2.04544 17.851
7.4672 2.21383 18.536
6.57826 2.11467 17.934
7.15179 2.14844 18.815
7.32009 6.11546 6.763
7.32208 6.2552 6.751
7.02522 6.51101 6.767
6.96314 6.5678 6.743
6.63515 6.60043 6.727
6.70701 6.73917 6.777
4.52587 2.26969 19.242
3.70879 2.30928 18.245
4.18232 2.19072 19.537
3.45746 2.32683 18.559
4.39292 2.2576 18.926
4.31188 6.38193 6.64
4.81174 6.64037 6.757
4.96025 6.76405 6.76
5.00397 6.88921 6.724
4.39369 7.21937 6.854
4.64502 7.20182 6.73
3.21426 3.40651 17.047
3.23902 7.59921 3.828
3.80477 7.57718 4.415
3.20607 7.73945 3.931
2.72278 7.66247 4.042
2.27441 7.58499 4.107
2.43446 4.59167 13.436
2.49754 4.60475 13.302
2.26078 4.66403 12.815
2.43264 4.95509 13.455
2.33562 5.01238 13.225
2.54377 6.37915 6.711
1.71528 7.08979 6.76
2.05404 7.32257 6.964
1.97059 7.35171 7.009
2.54313 7.31561 6.939
2.94842 6.33146 6.752
2.19776 7.60006 4.164
1.97457 7.63119 4.074
2.34826 7.86348 4.212
1.94941 7.82723 4.119
1.64658 7.66382 4.058
1.63979 7.67789 4.595
1.45932 7.76432 4.082
1.92354 6.01061 9.647
1.74705 6.37652 9.587
1.91096 6.10862 9.871
1.68695 6.57305 8.957
1.87123 6.26293 10.011
1.52983 6.82687 8.529
1.58513 6.78415 8.65
0.976025 7.68734 4.172
1.39407 7.10834 6.793
1.1641 7.15354 6.814
1.05929 7.15504 6.743
0.962449 7.71549 4.096
14.6145 5.52241 14.033
14.5854 5.43896 14.652
14.7621 5.57621 14.791
14.6612 5.85719 14.377
14.5506 5.94262 14.343
14.767 5.92556 15.25
14.7603 5.93964 15.243
22.7418 5.50452 4.347
22.8438 5.79658 4.084
22.8857 6.28517 4.167
23.1816 5.95949 3.543
22.4587 6.23535 5.411
22.5713 6.28965 5.412
22.136 4.67454 7.861
21.2262 3.10811 13.339
21.102 3.22169 13.188
20.6754 1.73224 15.645
20.8629 2.1349 14.254
20.7241 2.20676 15.127
20.8949 4.87391 6.725
20.9192 5.11117 6.744
20.8096 5.26647 6.73
20.3193 1.75129 16.554
20.4749 5.31317 6.746
20.1213 1.58639 16.009
19.97 1.75626 16.637
19.6352 1.80296 16.636
20.2874 1.9614 16.89
20.0043 5.64134 6.755
16.1349 1.86678 16.715
16.9394 1.92521 17.309
17.2382 1.80914 17.506
16.9064 2.06545 17.895
16.2601 1.82307 17.817
15.0104 2.39994 16.778
15.1686 2.71915 16.893
14.9736 2.76386 16.649
14.9445 2.68041 16.425
15.0339 6.0196 6.73
15.7267 5.59043 6.818
14.5118 3.21769 14.117
13.3988 6.02891 8.235
13.2806 6.56171 6.987
13.1205 6.60592 6.743
13.443 7.66357 1.756
13.541 7.67615 1.872
13.1364 7.72384 1.599
13.906 7.78277 2.282
12.8026 7.84041 1.444
13.541 7.67615 2.711
13.8972 7.6571 2.645
14.8555 6.24577 15.513
14.9098 6.13318 15.633
15.0272 6.03368 15.9
14.872 6.42724 14.721
14.7982 6.14875 14.508
15.1777 6.29709 15.9
13.0574 6.59284 5.811
13.1458 6.91305 5.451
12.9644 6.92961 5.098
12.9897 7.23674 5.475
12.9985 7.36241 5.724
12.9043 7.12614 4.653
13.1092 7.78014 1.51
12.4746 7.87303 2.111
15.4222 6.29361 15.974
15.4979 6.20867 16.118
15.6474 6.40222 14.982
12.7218 7.07283 4.003
12.7801 7.23973 4.139
12.8102 7.39304 4.266
13.016 7.61374 4.119
12.9102 7.54536 4.266
12.5066 7.66293 3.073
12.3114 7.20447 1.537
10.8878 7.35053 3.914
11.0247 7.6421 4.028
10.7772 7.43597 4.253
10.6133 7.70386 3.93
10.4444 7.62241 3.843
10.3134 7.75006 2.832
9.69006 6.66874 6.882
9.6687 6.64109 6.779
10.2318 7.41578 5.463
9.90382 7.4484 5.48
10.0747 7.6696 2.757
10.0631 7.83749 2.654
10.1131 6.43909 8.187
9.76806 7.72987 2.741
9.76707 7.66 3.113
9.97715 6.2174 9.183
9.72862 5.9414 9.663
9.70598 7.78666 2.422
9.4255 7.72077 2.823
9.375 7.60968 2.914
9.08973 7.6976 2.97
8.75296 7.60456 3.38
8.47587 3.35954 17.125
8.95145 6.32984 6.808
8.89252 7.09941 6.743
8.55774 7.1461 6.743
9.06919 7.23666 6.849
8.72581 7.66085 3.448
8.22817 2.65025 18.146
8.11938 2.37227 18.976
8.08363 2.80606 18.766
8.44375 3.06649 17.946
8.17205 3.12626 18.879
8.39483 7.48387 3.807
8.82962 7.58949 4.176
9.11009 7.65538 4.156
9.31192 7.5966 4.112
8.32596 7.55473 4.235
8.09797 7.73968 4.254
8.42497 7.63718 4.418
8.01534 7.33553 4.315
6.81602 2.12526 18.995
7.36814 7.52644 5.008
8.84899 7.4774 4.982
6.51717 2.24133 18.782
7.16736 2.26003 19.572
7.48757 2.17161 19.688
7.83791 2.2365 19.409
7.0216 7.23786 6.777
6.3315 6.87031 6.732
6.89643 7.28157 6.825
7.21084 7.2771 6.744
6.33349 7.01005 6.747
6.5898 7.34185 6.759
4.84807 2.32101 20.082
4.49872 2.32598 20.147
4.75304 2.51804 20.139
3.57005 2.38114 19.325
3.55548 2.33941 19.308
5.14769 7.16671 6.806
5.41739 6.96719 6.834
5.34273 7.122 6.763
4.96242 7.40695 6.689
4.16295 2.30281 20.312
4.40346 7.41491 5.152
4.6538 7.32748 5.412
4.15412 7.5722 4.776
4.76258 7.60547 5.559
4.91871 7.28178 5.723
5.06922 7.5452 5.788
5.01193 7.44818 5.943
5.30697 7.55579 6.098
3.53429 2.81493 19.065
3.61674 2.71592 19.718
3.57122 2.95417 19.199
3.79721 2.62948 20.082
3.26657 3.15418 17.829
3.26856 3.29392 17.819
3.2386 3.64377 17.849
2.48613 5.2758 13.257
2.37822 7.51363 5.414
2.40637 7.52721 5.439
2.05702 7.53218 5.399
2.21911 7.62771 5.141
1.93665 7.42208 5.453
1.76396 7.56431 5.447
1.75618 7.50851 5.032
1.99259 6.4429 10.215
1.88199 6.52834 10.303
1.72008 6.93597 9.465
1.62803 7.34261 6.964
1.6426 7.38434 7.01
1.35633 7.40239 6.764
1.3805 7.13649 7.242
1.29904 7.30537 7.288
1.20401 7.5024 6.311
15.663 6.51381 14.02
15.6765 6.48566 14.42
15.3204 6.50471 13.771
16.0472 6.50834 14.212
15.9977 6.46711 14.354
15.5378 6.55752 13.291
16.3112 6.39277 14.42
15.6514 6.6817 13.263
16.3325 6.42042 14.431
14.9788 6.56548 14.42
16.0492 6.64808 13.316
16.4956 6.58582 13.244
16.8158 6.4974 13.396
16.4976 6.72556 12.381
16.5733 6.64062 12.683
16.1347 6.75868 12.229
16.9148 6.57985 12.716
15.9153 6.56613 12.129
15.7144 6.69478 12.038
17.0983 6.70303 13.036
17.2137 6.46378 12.897
18.7336 7.19688 7.758
18.4328 7.17321 7.411
18.3493 7.20236 7.409
19.278 7.1472 8.303
18.2194 7.39988 7.136
19.3411 7.16028 8.38
18.7909 7.29391 6.721
23.04 6.32491 2.973
23.0925 6.57574 2.737
22.9111 6.5923 3.281
22.8937 6.84413 3.591
22.9743 7.10855 3.841
22.4186 5.38333 6.775
22.3925 5.50949 6.815
22.3887 5.73318 6.789
22.5949 4.51426 5.972
22.6342 5.79957 4.564
22.0206 4.91379 8.186
21.9615 5.18019 8.479
21.1758 3.50018 13.156
21.0439 3.55796 13.268
20.5029 2.37763 16.696
20.2301 1.86438 17.207
19.7623 1.89899 16.962
20.4585 5.63487 6.709
20.609 5.89829 6.725
19.3208 1.80744 16.734
19.3198 1.73757 16.834
19.5741 1.92962 17.272
20.0752 5.71021 6.775
19.0219 1.92351 16.929
19.7685 5.77049 6.742
18.985 1.78427 16.965
19.8797 1.79948 17.55
19.38 2.0442 17.081
18.9015 1.81341 17.862
17.2199 1.9911 17.994
17.904 1.93943 17.896
18.232 1.9068 17.83
18.2398 1.9626 17.927
17.5546 1.9444 17.994
15.9039 1.84212 17.866
15.9205 2.02358 18.322
15.5837 1.93054 17.784
15.4576 1.90438 18.077
15.2421 1.99131 17.735
15.2801 2.20042 17.84
15.2733 2.21449 18.061
15.6003 2.112 18.24
16.0732 5.87901 6.778
15.8772 5.85385 6.817
16.4411 6.19524 6.742
16.5042 6.20832 6.754
16.6479 6.48581 6.787
15.3821 2.49248 18.037
15.1259 2.66385 17.862
15.2327 2.8021 17.823
15.0329 3.00062 16.672
15.1726 2.99863 16.943
14.7022 6.27591 6.804
14.4528 6.4332 6.759
14.5444 7.46619 2.941
14.2659 7.54004 2.901
14.4581 7.78888 2.82
14.2455 7.58226 2.728
14.7899 7.53258 3.297
14.1719 7.80694 2.669
13.9796 7.55809 2.719
14.9161 7.55873 3.544
14.5522 7.52198 3.025
13.5963 7.63343 2.823
13.7897 5.5062 9.151
13.7218 5.64693 9.186
13.524 5.9852 9.283
13.8296 5.85505 9.544
13.8645 5.85455 9.545
13.1985 7.66705 2.843
13.5018 6.39084 7.305
12.8637 7.71375 2.826
13.136 6.71751 6.744
13.2846 6.84119 7.036
13.2448 6.9955 6.892
13.1342 7.08094 6.477
13.3624 7.39916 5.511
12.5629 7.69008 2.911
19.2169 7.27386 6.725
19.6643 7.28147 6.768
19.6778 7.25332 6.801
20.0116 7.13676 6.774
19.1565 6.46407 6.752
12.8779 6.74914 4.128
13.246 7.56854 4.085
20.3009 7.32831 4.233
20.5203 7.52086 4.665
20.6095 7.40778 4.67
20.9754 7.58427 4.096
21.1996 7.62301 4.173
12.6579 7.49305 3.643
9.82038 7.47755 5.439
10.911 7.01476 4.554
10.1154 7.58516 4.056
10.0601 7.62788 4.133
9.88229 6.91759 6.8
9.82699 6.96031 6.808
10.2851 7.23332 6.938
9.81658 7.70123 3.931
10.2687 7.55502 4.537
9.91424 6.70748 9.567
9.66572 6.43148 10.216
9.75929 7.60421 4.106
9.57583 7.48103 4.144
9.43129 7.63683 4.105
10.026 7.19508 6.833
9.04947 6.34242 6.734
9.62235 7.31264 6.938
9.94356 7.29409 6.872
9.66507 7.36794 6.783
9.65349 7.53583 5.003
8.21974 3.53091 17.764
7.60893 2.35158 20.173
7.69917 2.30836 20.258
7.64083 7.53653 4.667
7.13441 2.40027 20.12
7.01603 2.42991 20.127
7.93113 2.4029 20.408
6.69483 2.44846 20.177
7.29628 7.38769 5.24
7.03137 7.4334 5.419
6.86547 7.56155 5.464
6.6946 7.34035 5.747
6.52092 7.41271 6.021
6.65387 7.4248 6.781
5.83204 2.22314 20.032
5.51084 2.24169 20.098
5.77394 2.55941 20.128
5.54197 2.46487 20.095
6.06699 2.52728 20.095
6.14465 2.58208 20.08
5.72063 2.74187 20.11
5.44595 2.59203 20.16
6.39498 2.49466 20.143
5.99871 7.05675 6.697
6.24723 7.33275 6.858
6.07935 7.32116 6.908
5.91924 7.36537 6.89
5.18285 2.27431 20.098
5.9592 2.31916 20.146
5.5679 7.23061 6.883
5.7252 7.47995 6.866
5.59804 7.38392 6.94
5.15786 2.97351 20.191
4.70833 2.323 20.744
5.40201 7.35876 6.495
4.46379 2.32648 20.5
3.82817 2.34951 20.262
4.31703 7.23444 6.714
4.06669 7.32187 6.757
3.99583 7.25299 6.747
3.74472 2.37865 21.194
3.62711 7.37006 6.784
3.46243 2.67618 19.035
3.74987 3.23116 19.232
3.52189 3.41611 18.856
3.33984 7.31824 6.731
3.24382 7.4454 6.695
3.26096 3.74129 17.457
3.27851 3.99262 17.879
3.30087 4.09014 17.916
3.01864 7.33679 6.78
2.67608 7.32769 6.895
2.86433 7.29706 7.334
3.23404 7.24986 7.522
2.31315 7.36081 6.895
2.30835 7.51463 6.685
2.43182 5.38839 13.304
2.43001 5.75181 13.287
2.13198 5.43459 12.225
2.13976 5.49038 12.195
2.38811 5.26322 12.382
2.07487 5.84073 11.889
2.35054 6.06043 12.572
2.14292 6.20316 12.139
1.86461 6.78017 10.597
1.88235 7.53467 6.668
1.63183 7.11893 8.726
1.61826 7.14708 8.662
1.94824 7.25419 8.286
1.96281 7.29592 8.217
1.58531 7.28731 8.013
20.5416 7.54851 4.004
19.8817 7.33428 4.4
21.3441 7.4672 4.069
20.9832 7.64006 3.053
21.3054 7.69138 2.89
21.5422 7.6321 2.818
20.5969 7.5058 3.661
21.976 7.66786 2.693
14.2717 7.45609 5.137
14.0329 7.37563 5.314
13.8098 7.40676 5.395
13.705 7.40826 5.38
13.4468 7.43988 5.484
14.199 7.75064 4.188
13.9291 7.44699 4.2
5.91257 4.9335 20.216
5.672 5.21646 20.164
5.82731 5.32606 20.157
5.8008 4.4459 20.164
5.86189 4.31924 20.189
5.67019 5.57988 20.162
6.61425 5.13316 20.114
23.3382 7.14529 1.591
23.2869 7.46749 1.558
23.3161 7.55094 1.458
23.3821 7.77363 1.738
23.4316 7.81485 1.774
23.0046 7.76503 0.999
5.05213 5.85424 23.545
5.29568 5.78089 23.681
5.29568 5.78089 23.692
4.86487 5.95475 23.338
4.64947 6.04168 23.181
5.61787 5.83221 23.876
4.46402 5.77876 23.197
4.28455 5.93506 22.965
5.98858 5.85489 24.063
5.93428 5.96747 24.211
22.9703 6.82907 4.302
22.8482 7.08239 4.016
22.4849 6.10918 6.794
22.3966 6.29214 6.824
22.3072 5.90206 7.52
22.4132 6.4736 6.83
22.0451 5.65421 8.188
22.0084 6.01813 8.224
21.9685 5.66928 9.241
21.1187 3.90632 13.322
20.6115 2.15246 16.287
20.3155 1.97497 17.916
20.1127 1.96388 17.96
19.2363 1.76671 17.879
19.7288 5.9248 6.745
18.9734 1.95215 17.933
19.7847 1.99651 17.992
18.5668 1.86011 17.846
19.3747 6.08359 6.789
19.3475 6.13988 6.822
19.4781 2.05678 17.976
18.428 1.93197 18.697
18.1088 2.09026 18.402
17.1035 2.16048 18.566
16.7667 2.06744 18.927
16.1107 2.13268 18.992
16.1199 6.21379 6.84
16.1044 6.1022 6.686
16.6693 6.51346 6.79
16.7849 6.77737 6.884
17.0827 6.59143 6.769
15.7546 2.15173 19.043
15.0796 3.3354 17.048
15.2285 7.41452 3.823
15.4381 7.41153 4.222
15.3916 7.57992 4.297
15.7254 7.46335 4.526
15.2169 7.5824 3.955
14.3354 6.53271 6.701
14.1462 6.49348 6.727
13.9978 6.87297 6.724
14.3657 7.18919 6.763
14.7287 7.15607 6.745
13.6349 6.90609 6.74
14.0503 7.1238 7.042
14.0096 7.20824 6.828
14.3328 7.32943 6.698
13.6667 6.19282 9.116
13.5571 6.34812 9.337
13.8821 6.10589 9.912
13.7066 6.54167 9.543
13.7273 7.50578 4.147
13.5876 7.50776 4.102
13.3857 7.56655 4.145
13.5611 6.6276 8.668
13.4029 6.81155 8.157
21.9702 7.7518 1.964
22.3107 7.62116 1.672
22.468 7.8705 2.002
22.3477 7.7604 2.316
22.172 7.69302 2.463
21.5673 7.43607 2.442
22.4437 7.63324 2.728
21.6256 7.60296 3.022
21.744 7.57332 3.248
22.0157 7.51355 3.565
21.5276 7.59038 4.124
21.6711 7.36471 4.188
20.8744 7.36208 5.035
20.2602 7.41275 4.072
19.7992 7.43329 4.523
9.55447 7.45338 5.561
10.2871 7.37306 6.505
10.2374 6.82867 8.086
9.92021 7.1267 8.255
9.95514 7.12621 8.386
10.2909 7.14938 8.239
9.31572 7.37292 5.527
9.83161 6.30333 9.645
9.55412 6.44705 10.404
9.82798 7.03018 9.544
9.37582 7.17638 7.193
9.25463 7.49958 5.546
9.07896 7.4322 5.242
8.92558 4.51322 13.812
8.46347 3.96073 18.019
8.34427 4.42366 17.654
8.27141 4.21504 17.936
9.29337 7.2754 7.118
8.27247 7.23403 6.833
7.8275 2.97743 19.404
7.97263 7.28023 6.753
7.36439 2.35506 20.226
7.92352 2.85027 20.124
6.67546 2.56055 20.134
7.55241 7.21633 6.824
6.84551 3.21504 20.114
7.51847 7.28669 6.767
5.81385 2.90826 20.126
5.39147 2.20146 21.193
5.07126 2.28988 21.079
5.09361 2.3874 21.029
5.27507 2.37084 21.769
4.74426 2.39237 20.882
6.09216 2.33125 21.651
6.3229 7.24781 7.322
5.42939 2.41057 21.603
5.09361 2.3874 21.799
5.76516 2.43374 21.471
5.23312 7.2773 7.333
4.89635 7.18426 7.695
4.80811 7.36722 7.855
4.94305 7.51904 7.742
4.55959 7.09122 8.023
4.50528 7.20381 8.331
3.91817 7.19819 7.891
3.89681 7.17054 7.936
3.59697 7.21674 7.908
3.6848 3.07834 20.983
3.78065 2.44802 21.996
3.77966 2.37815 22.14
3.52569 3.19242 19.029
3.41527 3.78102 18.403
4.21123 7.16606 8.05
3.58339 7.24489 7.74
3.28934 7.20714 8.055
4.60628 7.426 8.136
3.30485 4.36962 17.934
3.39608 4.39628 18.129
2.93999 7.21212 8.137
2.80605 7.13016 8.292
2.60521 7.25882 8.122
2.42276 7.20551 8.204
2.28401 7.27737 8.138
2.43299 5.96142 13.301
2.44956 6.14288 13.291
2.12437 5.88195 11.993
2.13034 6.30118 11.542
1.93747 6.98879 10.095
1.99757 6.79225 10.756
2.15486 7.0416 10.741
1.91909 7.17075 9.335
19.5138 7.01805 6.751
19.3499 7.28595 6.818
20.3474 7.15993 6.801
20.3668 7.04784 6.828
18.7801 7.0285 6.667
19.084 7.26178 8.096
18.9374 7.27784 8.057
19.6206 7.1563 8.156
19.606 7.11458 8.681
19.9272 7.09603 8.172
18.7324 6.62385 6.761
18.4763 6.79522 6.77
18.3909 6.68462 6.729
15.8871 6.55255 13.192
17.039 6.46626 13.861
22.6756 7.72778 1.261
22.8164 7.79566 2.041
4.05159 5.77065 25.791
3.94679 5.77214 25.392
3.9438 5.56253 26.534
3.89909 5.3675 26.492
22.8735 7.38952 4.157
23.5636 7.75707 0.254
22.4569 6.59877 7.119
22.5258 6.52791 5.612
22.7568 6.55257 5.347
22.725 7.26584 5.587
22.3902 7.31254 5.571
22.4048 7.35426 5.442
22.7677 7.32114 5.45
21.9293 7.33308 5.594
21.8569 5.68484 9.383
21.9468 7.58441 1.935
21.1227 4.1858 13.272
21.0674 4.22852 13.474
21.0297 4.52257 13.74
20.6195 2.71142 16.783
20.2225 2.31174 18.014
19.1782 2.10298 18.997
19.0137 6.25645 6.674
16.4319 2.11413 18.911
16.4669 2.11364 19.965
16.0971 2.16083 19.916
15.5528 2.21051 19.35
15.4198 2.19843 19.042
17.0653 6.84326 6.795
17.2332 6.85485 6.77
16.721 7.19759 6.785
16.066 7.33271 4.74
16.0931 7.27641 4.951
16.4522 7.46697 5.302
16.6269 7.46449 5.315
16.7715 7.30868 5.63
15.2086 3.068 17.785
15.3551 3.05194 17.872
15.3319 3.38771 17.886
15.1786 3.41785 17.843
16.2921 7.51118 4.837
15.0782 7.65426 4.215
15.8224 7.40606 4.454
14.8452 7.48986 3.842
15.0792 7.72413 3.645
14.3891 7.35658 5.281
13.8233 7.37862 6.121
13.8559 6.23205 10.036
13.8437 7.3364 6.823
13.6748 7.25494 6.844
14.424 7.35609 5.479
13.1819 7.48559 5.377
13.7775 6.61054 9.571
13.3885 7.27299 6.941
13.3323 7.24584 6.976
16.6683 6.44359 14.19
16.7497 6.27471 14.287
13.1372 7.29055 6.025
12.951 7.46092 4.981
15.6484 6.47209 16.134
9.88428 7.05733 9.636
9.46055 5.27433 12.461
9.47729 5.95895 11.748
9.50842 6.18214 12.066
8.96467 5.29537 14.401
9.07047 5.36374 14.541
8.97217 7.29395 7.217
8.77713 7.33865 6.741
8.63639 7.27077 7.381
8.34234 7.23303 7.577
8.2373 3.78225 18.314
8.22472 3.88026 17.835
7.74867 2.34959 21.126
7.83048 3.18704 20.921
7.72831 2.39181 22.099
8.25591 7.05256 8.053
8.92067 7.11298 8.143
7.57956 7.16003 7.956
8.95081 7.2663 8.288
7.91534 7.1832 7.807
8.48887 7.21697 8.16
7.237 7.15093 8.071
7.32343 7.3314 8.343
7.61649 7.29927 8.472
6.97309 7.26651 7.997
6.93037 7.21121 8.02
7.60192 7.25755 8.747
7.42426 7.05043 8.554
6.73053 7.40973 7.694
6.57324 7.16038 7.727
6.40558 2.2569 21.782
6.32792 2.2021 21.743
6.84914 2.48819 22.091
7.03441 2.24795 22.261
6.72099 2.32229 20.971
7.07812 2.37311 22.345
5.87114 3.00528 20.175
5.86154 3.31291 20.114
4.76463 2.35015 22.012
4.4007 2.3134 22.192
3.90682 2.47418 22.826
4.31246 2.49636 23.012
3.93274 7.23991 8.809
3.81477 2.88082 21.853
3.67321 3.24623 21.955
3.72834 2.70035 21.173
3.77322 3.39855 22.091
3.25921 7.05383 9.515
3.17786 4.77676 17.887
2.91764 7.1146 9.432
2.95158 7.04423 9.903
2.9895 7.25334 9.15
3.70078 7.14538 9.198
2.70703 7.04771 9.445
2.56829 7.11957 9.481
2.28881 7.12355 9.473
3.2059 7.23629 9.608
2.2403 7.1522 9.497
2.60667 5.88906 13.865
2.19062 6.60781 12.094
2.15668 6.67817 12.083
2.29706 5.73973 12.195
2.1946 6.88729 11.29
15.0998 5.73913 16.364
14.9561 5.46164 16.299
22.9609 7.63986 2.591
22.4611 7.38141 4.414
23.0288 7.49912 2.792
22.695 7.61569 2.579
22.3279 6.86617 6.834
21.8436 6.71932 6.794
21.7322 7.23805 6.062
21.6491 5.3244 9.221
21.8744 5.93618 9.556
21.894 6.32725 9.533
21.5562 6.16434 10.124
21.1889 4.91165 13.176
20.4121 3.35731 17.471
21.104 6.31054 6.745
21.7514 6.62279 6.699
21.3517 7.01984 6.751
21.0451 7.08011 6.752
20.8074 7.06952 6.853
21.6797 6.98721 6.735
20.1769 2.55 18.46
20.0965 2.78875 18.84
20.2983 2.72997 16.881
19.8478 2.00959 18.964
19.5198 2.04221 19.014
19.7935 2.12218 19.739
19.4791 2.12665 19.869
18.8289 2.10796 19.112
19.1579 2.1452 19.936
19.5167 7.22766 4.842
19.51 7.24174 4.933
18.8153 2.1361 20.083
18.4873 2.16873 20.084
19.1383 7.14919 5.17
18.8899 7.37636 5.496
18.8268 7.36328 5.748
18.524 7.19987 6.102
18.4901 7.27024 6.175
18.1445 7.05153 6.808
18.1241 7.09375 6.766
17.8029 7.1123 6.798
17.8399 7.25154 6.829
17.4215 6.82422 6.728
17.3769 7.13234 6.819
17.6544 6.98862 6.893
17.475 7.14492 6.847
17.1897 7.23284 6.732
16.2039 2.29908 20.576
15.7759 2.17938 20.015
17.1685 2.3133 20.15
17.0697 2.73401 20.12
16.8403 7.23782 6.831
17.0965 7.06645 6.188
16.92 7.43236 5.746
16.7763 7.15487 5.664
17.1208 7.30371 5.949
17.2877 7.24543 6.378
15.8682 2.27591 20.724
15.3223 3.69534 17.926
15.2331 3.80843 17.824
15.3914 7.07675 6.729
15.0567 7.12345 6.729
15.8262 7.18237 6.775
15.8496 7.34976 6.88
15.0576 7.19332 7.28
14.7869 7.32296 6.799
16.1708 7.33121 6.798
14.268 5.23383 13.194
14.3738 5.30221 13.2
15.3954 7.35623 6.739
14.1205 5.18002 12.338
14.3283 5.54046 12.374
14.1538 6.04611 12.05
14.4127 5.58119 13.214
14.2043 6.15721 12.081
14.5258 7.14498 7.144
14.0733 6.28486 10.39
13.8154 6.81966 9.657
13.5962 7.13027 7.118
13.3061 7.372 6.526
9.48063 7.17489 8.128
9.2836 7.07986 8.747
9.34668 7.09294 9.55
9.25644 7.13615 9.604
9.04584 7.06927 8.948
8.9147 6.69376 11.985
9.37664 6.74309 12.292
9.07679 6.78929 12.135
9.54353 6.68481 10.785
9.57367 6.83812 11.052
8.9604 6.95867 10.239
8.91868 6.97324 10.179
9.05309 5.61557 14.68
8.78818 5.66128 14.872
8.93325 7.01496 9.01
8.35492 7.13501 9.538
8.60426 6.97772 9.866
8.00557 7.13999 9.162
8.35404 4.6192 17.874
8.43269 4.74387 17.933
7.74387 2.5034 22.721
7.72831 2.39181 23.119
7.37697 2.25704 22.526
7.60015 2.22591 22.672
7.91434 7.11333 9.059
7.79017 7.22692 8.856
7.43625 2.49381 22.955
7.07911 2.44299 23.169
7.19685 3.3498 20.084
7.21341 3.53127 20.15
7.78496 3.42529 20.119
5.75293 3.53809 20.153
5.91701 3.77336 20.121
4.73548 2.2667 23.313
4.6676 2.40744 23.245
4.41527 2.35512 23.149
5.18583 2.48392 23.611
4.08828 2.45762 22.952
5.49147 2.35378 23.857
3.78065 2.44802 23.051
5.42939 2.41057 24.104
4.52143 3.42983 20.164
5.06084 3.0308 20.139
3.72389 3.86049 20.25
3.78118 3.95751 20.232
3.8641 2.41888 23.947
3.82671 3.71926 22.452
3.30502 4.87279 17.866
3.47771 4.73056 18.457
3.19115 6.6914 11.602
2.83601 6.78032 11.561
2.86415 6.79389 11.405
3.49977 6.77086 12.088
2.55653 6.7843 11.312
3.71038 6.83775 12.097
2.74244 5.60759 14.702
2.64459 6.09818 14.427
2.63301 6.26606 14.372
2.66993 6.40531 14.594
2.78732 6.3058 15.22
2.735 6.55813 14.586
2.54395 6.88231 11.225
3.28536 6.92766 11.736
2.17324 6.85964 11.411
2.96118 6.7366 12.179
2.70504 6.90797 12.163
2.3643 6.53545 13.262
2.49924 6.68727 13.196
2.63798 6.61541 13.842
2.54792 7.16179 10.454
2.32737 6.39621 12.167
2.37407 6.73099 12.561
2.26031 6.10365 11.905
2.06445 6.58165 11.28
8.13121 5.65665 32.563
7.50916 5.65154 32.747
7.96712 5.42138 32.644
8.17293 5.64208 32.551
8.02143 5.3088 32.53
7.8234 5.14389 32.545
7.17918 5.54442 34.628
7.51297 5.42785 34.405
7.47025 5.37255 34.764
22.8396 7.45989 4.574
22.4359 7.57745 3.722
22.2253 7.51056 4.107
22.0077 6.95459 6.719
22.0223 6.99631 6.763
22.5601 7.46387 4.075
22.1049 7.40046 4.279
21.8279 6.10456 10.055
21.962 6.68968 9.554
21.8836 7.06817 8.166
21.442 6.97662 8.155
21.8692 7.52961 4.14
22.7639 7.54482 3.922
21.5973 7.08622 6.984
21.0055 4.78847 14.11
21.2774 5.23186 13.406
21.4021 6.62777 6.814
21.3974 7.28474 6.792
20.0733 3.12452 19.03
19.3888 2.16987 20.343
19.6761 2.22168 20.529
19.0832 2.30001 20.17
19.3277 2.29653 20.432
18.5999 2.22303 20.176
18.301 2.3391 20.081
18.992 2.27336 20.645
18.1525 2.21543 20.084
18.0527 2.56627 20.168
18.0032 2.52504 20.142
17.8595 2.24755 20.127
17.8177 2.26212 20.1
17.7461 2.62654 20.042
17.7247 2.59889 20.219
17.5538 2.3777 20.139
17.4897 2.29475 20.117
17.4035 2.61744 20.317
16.8473 2.33185 20.232
16.5397 2.32225 20.363
16.5055 7.28452 6.814
16.2794 7.10604 6.795
16.4834 2.2951 20.586
15.7518 2.44529 21.464
15.7023 2.40406 21.482
15.5733 2.67146 19.756
15.5705 2.96501 19.291
16.4784 7.34081 6.648
15.2852 3.05293 18.837
15.5387 3.67828 18.347
15.4311 3.97333 18.024
15.1516 3.97731 17.786
15.7961 7.02906 7.782
15.3846 7.09082 7.677
15.1692 7.17775 7.585
15.9883 7.2779 7.697
15.4749 7.04761 7.815
14.6229 7.0877 8.148
14.848 7.1963 7.634
14.4967 7.06154 8.126
14.1755 7.08009 8.177
14.342 6.01548 13.16
14.3702 6.02905 13.271
14.1961 5.09508 12.353
14.029 7.09615 8.275
13.8543 7.09864 8.275
13.5467 7.08904 8.223
13.9036 6.6367 10.542
14.0046 6.85889 10.577
13.4836 7.07596 8.422
14.0425 7.068 9.509
14.2715 6.95293 9.557
13.6427 6.96188 8.964
6.29902 5.57093 35.688
6.62701 5.5383 35.907
5.8798 5.5769 35.52
5.55181 5.60952 35.552
7.04044 5.61628 36.124
5.3965 5.49992 35.592
-5.23604 3.80637 57.002
-5.48257 3.67012 57.024
-5.50773 3.86615 56.937
-5.01747 4.43222 57.074
-4.54512 3.74063 56.103
-4.85275 3.73103 56.138
-4.87691 3.99694 56.123
-5.11765 3.77673 56.304
-5.19531 3.72193 56.221
8.96684 5.93827 15.144
8.99516 6.45501 14.754
9.15527 6.4108 13.229
9.27763 6.66064 13.279
8.92828 6.66561 13.261
8.61304 7.10338 9.932
9.3379 6.96727 10.595
8.12986 4.58046 18.392
7.82053 2.48834 23.877
6.78506 2.40524 23.381
7.49155 2.45109 24.074
7.92189 3.71685 20.25
6.47065 2.40972 23.464
7.63761 3.87465 20.104
6.14845 2.3584 23.693
6.19316 2.55344 23.714
5.93205 2.37546 24.091
5.83801 2.64236 24.025
6.23968 2.38505 24.31
5.81168 2.26536 24.038
6.15044 2.49814 24.353
5.51582 2.59104 24.271
5.21498 2.56737 24.468
4.63607 6.57299 12.54
4.30328 6.75942 12.335
4.0238 6.7634 12.18
4.35858 6.71671 13.244
3.99085 6.90364 12.208
4.33043 6.70313 13.348
5.14751 6.66354 13.243
3.90682 2.47418 24.022
3.95931 2.72501 24.177
3.99922 3.07387 24.477
4.557 2.49287 24.813
4.22802 2.45563 25.025
3.88119 4.10983 22.71
3.97341 4.20636 20.15
3.80716 3.32819 20.194
4.13749 4.44163 20.134
3.79862 6.6548 12.257
3.3746 6.81458 12.229
4.74485 6.85097 12.554
3.46794 4.53502 18.445
3.4787 4.80043 18.793
3.48268 5.07991 18.932
3.03982 6.86128 12.212
3.19741 5.16783 17.858
3.24475 4.56616 17.538
3.44874 5.15028 17.965
3.1946 5.46139 17.867
3.21777 5.12561 16.936
3.2585 5.04117 17.064
3.00635 5.49202 16.424
3.15007 5.76951 16.555
3.186 5.83888 17.447
3.27325 5.58606 17.769
2.84443 5.89966 14.483
2.7075 5.60809 14.319
2.56378 5.3306 14.252
2.36231 6.39571 13.031
2.9476 6.76475 13.318
3.03204 6.80548 13.396
-4.42258 4.49363 55.921
-4.08681 4.5168 55.79
-4.39244 4.64695 57.086
-4.40403 4.81484 57.032
-4.07604 4.78221 57.048
-4.71166 4.80524 57.18
-4.83203 4.69514 57.075
-3.74805 4.74959 57.081
-4.38367 4.77261 56.156
-4.62821 4.7761 56.235
-3.81991 4.61084 55.692
-3.42205 4.57722 55.43
-3.10664 4.64262 55.183
21.97 7.24864 6.344
22.2427 7.25873 6.614
21.5731 7.35213 5.46
21.9504 6.85757 9.734
21.2789 6.81122 9.471
21.4063 4.96446 12.394
21.3977 5.34196 12.217
21.4269 5.42541 12.174
21.2903 6.14017 12.272
21.2504 5.79132 13.258
21.5396 5.98287 11.712
21.4344 7.42399 5.653
21.0512 5.05338 14.392
20.9996 7.31836 6.755
21.6973 7.23854 7.122
20.7103 7.12681 6.736
19.7751 2.30414 20.803
20.1242 7.19106 7.598
19.6296 2.39007 20.13
19.9659 6.87185 7.736
20.2698 7.10513 8.041
20.2338 7.03575 8.165
20.6385 6.98806 8.185
18.6562 2.25018 20.826
18.7183 2.19339 20.924
18.3553 2.22651 21.039
18.0186 2.13347 21.399
18.2943 2.35318 21.786
17.6624 2.15252 21.449
18.6067 2.20896 22.032
18.9337 2.10646 22.229
17.8694 2.94625 20.206
16.9114 2.4148 22.131
17.3354 2.25501 21.3
16.6846 3.17278 20.113
17.3314 7.37059 7.326
16.9811 7.3057 7.622
16.6443 7.21266 8.015
16.1824 7.16333 7.999
16.293 7.07789 8.49
16.293 7.07789 8.491
15.7058 7.07227 8.106
15.7296 2.85093 21.023
15.7947 3.00375 21.921
15.7993 2.34677 22.291
15.6695 3.04746 20.835
15.8122 3.25508 22.213
16.1429 2.42574 22.567
15.9708 7.02657 8.721
15.6505 7.11499 9.162
15.2769 6.88271 9.376
15.468 4.11257 17.964
15.1129 4.20149 17.866
15.2953 4.2548 17.853
14.9207 6.90175 9.426
15.1547 7.13603 9.829
14.5791 6.96253 9.393
14.5015 6.90772 9.496
14.8043 7.07113 10.092
15.3613 6.92344 9.588
14.5293 5.91497 13.676
14.5828 6.23568 13.506
14.5003 6.33469 13.403
15.0838 7.06715 9.549
14.3131 6.43519 12.18
14.3093 6.65888 12.489
14.6315 6.7102 12.162
14.0919 6.60607 11.205
14.1298 6.81518 11.06
14.2492 6.85541 11.173
14.6907 6.94696 10.287
-0.764529 3.23954 44.823
-0.725614 3.51852 44.815
0.852255 3.41219 43.937
0.0060315 3.36833 43.876
0.00304684 3.15872 43.917
0.944655 4.01188 43.756
1.23871 4.04962 43.865
9.3475 6.65965 13.045
8.71867 6.6686 13.242
8.25175 6.26992 15.148
8.32262 6.33879 15.279
8.63405 6.12471 15.771
8.58671 6.72639 12.02
8.28008 6.78666 11.919
8.97977 6.84658 11.299
8.07047 6.78964 12.092
8.18434 4.97103 18.031
8.27258 4.78808 17.191
8.59449 6.78218 11.821
7.9443 6.76349 12.084
7.62989 6.76796 12.166
7.84406 3.15889 23.459
7.33484 6.66035 12.358
7.7293 2.46168 24.578
7.81246 4.37532 20.134
7.94939 4.66689 20.281
7.16724 4.70598 20.15
7.3009 6.73072 12.379
6.95056 6.66582 12.69
6.79764 2.30722 24.665
7.58178 2.40787 25.248
7.25279 2.37063 25.578
6.60799 6.65672 12.822
7.04378 6.83222 13.26
7.52508 6.76946 13.304
7.73469 6.76647 13.258
6.48422 2.38157 24.582
7.247 2.45457 25.199
6.57505 6.79696 13.161
6.27901 6.61948 13.019
7.38534 6.77145 13.356
5.93545 6.54051 13.281
5.92287 6.63852 13.31
5.63859 6.79632 13.201
5.64239 6.57263 13.331
4.88599 2.53012 24.632
5.69102 4.09804 20.121
4.83538 4.86497 20.096
6.29258 6.59133 13.522
5.38427 6.60426 13.545
5.29884 6.49366 13.609
4.85445 6.69567 13.131
4.49492 2.54967 25.168
4.96985 6.45642 13.807
4.73408 6.58557 14.08
3.87867 2.4606 25.108
3.90781 2.54405 25.197
4.48655 6.37944 14.342
4.6133 2.52003 25.822
3.94953 2.52948 26.036
4.65163 6.68458 13.281
3.99565 6.74983 13.331
3.80816 3.39806 24.71
3.85492 6.68195 13.303
3.65309 6.74073 13.38
3.60715 3.02354 23.647
3.73448 3.62273 23.066
3.87522 3.69061 23.102
3.74344 4.25156 20.236
3.50755 6.82666 13.192
3.33867 6.74521 13.479
3.21151 6.64918 13.619
3.55255 5.07892 19.098
3.61283 5.38555 19.129
3.37805 5.58457 18.838
3.31696 5.71123 17.916
3.41334 6.5904 14.154
2.92688 5.80064 16.201
2.91149 6.19221 15.817
3.22954 5.46089 16.824
3.09694 6.45513 15.801
3.08582 5.1834 16.726
2.55635 6.28113 13.514
2.90289 6.56971 15.335
1.09516 4.2753 43.773
0.755585 4.47581 43.81
1.28061 4.53822 43.773
0.848804 4.6422 43.794
4.13398 2.72253 34.443
3.7992 2.76922 34.202
4.51247 2.801 34.714
4.12936 3.3795 34.463
4.1623 3.23927 34.022
4.7744 2.54569 34.834
4.24557 2.70696 33.676
4.84725 2.7543 34.747
0.322965 5.01309 44.812
0.212367 5.09852 44.979
22.3445 7.04763 7.385
22.0331 7.26172 6.909
21.5047 5.98337 11.636
21.0989 5.45803 13.228
21.0421 6.8705 10.371
21.439 6.76701 10.817
21.1567 7.06454 7.07
20.9514 5.40422 14.39
20.832 5.36399 14.602
21.3158 6.95046 8.074
21.0791 7.00974 8.114
20.9529 6.98358 8.139
21.5943 6.87661 8.56
20.1434 3.62669 17.587
20.3124 4.21131 17.917
20.2262 4.53401 18.044
19.5994 2.23675 21.605
19.7733 2.66756 21.295
19.9791 2.88826 21.115
19.6839 2.27748 22.527
19.3413 2.26838 22.642
18.6865 2.90666 20.112
18.7526 3.12935 20.098
18.8031 3.24045 20.165
19.2446 3.332 20.192
19.8262 6.87384 8.902
17.6822 3.04676 20.129
17.6929 3.31216 20.158
17.8269 3.39412 20.166
17.8434 3.57558 20.158
16.5756 2.39162 22.278
16.2534 2.3403 22.573
16.5747 2.32175 23.242
16.729 2.36149 23.364
15.9031 2.27541 22.853
15.8468 2.24826 22.978
16.4722 3.46931 20.122
16.2296 3.61254 20.133
16.0977 3.67032 20.137
15.7158 2.37591 23.692
15.7897 2.6544 23.748
15.5164 3.58076 20.444
15.6222 3.64914 20.144
15.6861 3.22892 20.293
15.7685 3.12991 20.153
15.715 2.80921 19.825
15.5263 4.27946 18.27
15.3051 4.45033 18.132
15.2139 4.42368 17.349
14.7566 6.66648 11.223
14.4917 6.71219 11.344
14.4219 6.71318 11.19
15.0788 6.7178 11.64
15.2817 6.72889 11.932
14.2849 6.42162 13.129
14.4985 6.69811 13
14.8916 6.81831 11.426
14.114 6.20042 11.457
4.17407 3.57454 34.482
4.77639 2.68543 32.903
4.49691 2.68941 32.481
4.30766 2.65017 32.566
4.16511 2.94571 32.617
1.35364 5.24999 43.861
1.15661 5.15496 43.86
1.01107 5.2409 43.959
4.14791 3.70071 34.629
4.30421 3.88018 34.646
8.5935 6.71231 13.102
9.02331 6.46859 13.684
8.85741 6.59674 14.213
8.58138 5.37071 16.817
8.60093 5.76178 16.788
8.64265 5.74721 16.694
8.47839 5.00878 17.028
8.61649 5.87337 16.09
8.61468 6.2368 16.615
8.34398 6.36644 16.674
8.40425 6.67308 13.308
8.03454 6.72027 13.299
8.18814 4.74735 18.654
8.18533 5.0409 18.887
8.03102 5.00117 19.26
8.00785 5.33694 19.147
8.20043 6.59212 13.856
6.8729 6.61102 13.342
7.62111 6.6423 14.152
7.33765 6.3668 14.455
6.99708 6.49744 14.193
6.933 6.41449 14.173
7.76565 6.48649 14.693
6.69144 6.62758 13.93
8.05192 6.46844 15.014
6.54193 6.43403 13.85
8.35474 6.63185 14.459
7.33864 6.43667 14.497
5.26729 2.31504 26.2
4.94029 2.41753 26.019
5.65456 2.51918 26.581
5.29064 2.48243 26.776
5.73221 2.57398 26.64
5.27905 2.65032 26.917
5.95441 2.47298 26.612
5.99613 2.45841 26.706
5.14411 2.49849 26.075
3.94953 2.52948 26.414
3.96627 3.2141 26.032
3.77901 3.31461 25.954
4.0194 2.52848 27.007
3.9479 3.39607 23.304
3.88019 4.03996 22.796
4.00255 4.2898 22.846
3.87838 4.40339 22.887
3.8153 4.39031 22.624
3.44512 5.87713 19.047
3.66514 5.13322 20.003
3.28121 6.14502 17.709
3.40538 6.03144 18.211
3.37062 6.5351 15.161
3.46864 6.54768 15.047
3.04743 6.41391 15.587
4.01982 6.48392 14.736
3.46765 6.47781 16
2.99295 6.02333 16.654
3.11531 6.27317 17.018
3.11812 5.97962 16.048
5.32856 2.69154 31.624
5.60605 2.54782 31.358
5.32078 2.63574 31.21
5.94083 2.50112 31.389
5.24991 2.56687 32.517
4.96201 3.45151 32.497
6.43671 2.48009 29.424
5.64578 2.39351 28.887
5.61582 2.74336 28.993
5.48866 2.64733 29.244
4.18203 4.1335 36.428
4.30439 4.38335 36.51
4.19677 4.67839 36.056
4.35787 4.70405 36.839
4.19876 4.81813 36.077
4.20022 3.44838 36.926
4.389 4.92724 35.973
4.26711 3.23777 37.032
6.62016 2.60327 28.508
7.03839 2.52743 28.132
7.37416 2.5506 27.969
20.9723 6.87149 9.471
21.4312 6.71121 11.859
21.1362 6.6036 11.292
21.3526 6.58654 11.01
20.878 6.63523 12.074
21.566 6.35987 10.587
20.9519 6.91371 10.151
20.7274 5.86865 15.186
21.1951 5.83403 13.414
21.3107 6.09795 13.464
21.1196 6.42214 13.513
21.8612 6.97065 9.087
20.7161 7.04286 9.942
20.4502 7.0187 9.607
20.6948 7.01521 10.091
20.0106 7.06689 9.259
20.2308 3.87703 17.92
20.2338 4.08664 17.95
20.2805 4.42142 17.438
19.712 2.29106 23.443
19.0784 2.45382 23.247
18.7426 2.43065 23.426
19.2127 3.54211 20.146
19.5738 3.87241 20.175
17.8736 3.7289 20.195
17.7456 4.06616 20.144
17.7602 4.10789 20.144
17.3267 2.12935 23.758
17.0278 2.24542 23.545
17.679 2.33398 24.035
17.9303 2.31643 24.015
18.0274 2.25914 24.115
17.1899 2.34095 23.667
17.3432 2.31081 24.263
16.9793 2.27406 24.461
16.9056 2.49874 24.553
15.893 4.02266 20.064
15.7727 3.91256 20.178
15.9232 4.17597 20.193
15.8919 3.44962 22.579
16.2355 6.47771 12.276
15.6019 6.64047 12.08
15.7156 4.3187 20.325
15.2525 6.64545 12.123
14.974 6.7193 12.079
15.3257 4.91128 17.883
15.3975 5.05002 17.841
15.0607 4.95698 16.87
15.0386 5.36262 16.718
15.1851 5.34656 16.615
15.1715 5.37471 17.618
15.2538 4.77253 17.759
14.5023 6.47443 13.881
14.8469 6.62327 13.356
14.4758 5.59427 13.348
14.7479 6.54082 14.087
4.27659 5.3761 36.924
4.31697 4.28533 36.5
8.44299 6.44889 15.932
8.56237 6.48913 15.501
8.25954 6.32572 15.993
8.39547 6.54741 15.213
8.03418 5.71394 19.046
8.00949 4.47036 18.365
7.72275 5.92803 19.087
8.21846 5.40383 17.87
8.5516 6.22372 15.97
9.06603 6.52388 14.371
6.62016 2.60327 26.071
6.31253 2.59367 26.203
6.92779 2.61286 25.907
7.03628 4.83363 20.127
6.94903 5.08646 20.164
6.77436 5.08895 20.072
7.78847 5.14439 19.998
5.06365 2.73724 27.135
4.6064 4.98005 20.15
4.29479 4.69097 20.118
5.00244 5.30985 20.115
3.84461 4.97692 20.414
3.78434 4.67029 20.119
5.24518 5.6698 20.309
4.09823 3.15632 26.988
4.09243 3.24026 27.033
4.36975 2.59338 27.742
4.44641 2.57831 27.845
4.01262 2.54256 27.972
3.73711 2.82602 26.284
3.8315 3.56544 25.702
3.85883 4.01231 25.269
3.9105 4.69644 23.131
4.10028 6.24517 16.788
3.74993 6.18028 16.709
3.96253 6.3869 16.48
3.77328 6.34767 16.608
4.58937 6.23821 16.932
3.46566 6.33807 16.722
3.73355 6.50198 16.26
3.389 6.35314 16.817
4.73309 6.5157 17.014
3.68469 5.52429 19.903
3.63383 4.40687 20.086
4.19151 6.27183 16.785
3.11631 6.34304 16.589
3.39461 5.76603 18.313
3.44693 5.5137 18.506
3.42095 6.14303 18.261
3.66649 6.20942 17.883
3.18998 6.11836 16.965
5.78441 4.7676 32.514
5.92515 4.83548 32.563
5.93492 5.03102 32.548
6.58113 4.77023 32.563
4.41352 5.66766 36.028
7.67055 3.73441 27.705
7.57289 4.72816 28.284
5.18689 5.5029 35.007
4.91519 5.56268 34.898
5.01421 5.64513 34.635
7.77934 4.0124 27.836
7.67319 2.93769 28.654
5.57317 5.63717 34.472
5.48972 5.66631 34.515
5.2306 5.62807 34.586
5.73906 5.50902 33.728
21.7175 6.69316 10.616
21.1651 6.18388 13.207
21.1633 6.54731 13.352
20.814 6.55228 13.284
20.8519 6.76139 12.21
20.5433 6.68193 12.074
21.2392 6.96553 10.529
20.6954 6.07876 15.517
20.3616 6.19532 15.304
20.426 4.33549 17.835
20.3204 4.77027 17.865
20.2671 4.95273 17.893
19.6286 2.3202 24.34
19.5655 2.30712 24.392
19.386 2.46342 23.066
18.4068 2.40748 23.608
19.8852 3.65832 20.204
19.7379 4.10768 20.11
18.5953 2.88001 20.13
19.77 4.40073 20.421
18.5466 2.40549 24.523
18.7009 2.44522 24.604
18.2078 2.17271 24.311
17.931 4.32908 20.094
17.835 4.45624 20.123
17.7397 6.59606 13.338
17.3758 6.55931 13.583
17.8028 6.60913 13.297
17.562 6.38893 13.575
17.3903 6.60103 13.238
15.713 2.66947 23.853
16.0334 3.08421 24.569
15.7707 3.77282 22.781
15.6475 3.95627 22.745
15.6641 4.13773 22.669
15.8329 4.21919 22.68
16.1086 4.43889 20.16
15.7108 4.47251 20.071
16.2287 6.49178 13.241
15.1749 6.59065 13.307
15.1341 6.67509 13.366
15.2298 5.5416 17.887
15.3356 5.60998 17.91
15.1849 4.8434 16.985
15.0699 6.08897 16.663
15.1397 6.08798 16.774
14.6227 6.58453 14.534
6.24273 5.54378 32.58
6.07484 5.53219 32.499
5.84668 5.21397 32.487
5.94487 5.72972 33.531
5.91473 5.5764 33.502
5.58575 5.53915 33.683
8.1188 6.25784 16.571
7.69057 2.68586 26.478
8.12939 6.02008 19.206
7.80819 6.03863 19.239
8.06631 6.007 19.455
7.77045 6.33268 16.473
7.60935 6.30702 16.673
7.41331 6.28186 16.703
7.16198 6.29941 16.834
7.07075 6.27276 16.85
6.72719 6.19379 17.13
7.43894 4.6462 20.096
7.81796 6.23417 16.878
6.41178 6.1284 17.457
7.07754 6.25869 17.837
6.75634 6.27724 17.898
6.66511 6.25058 17.899
6.06922 6.1193 17.556
6.32354 6.31135 17.807
6.40599 6.21234 18.193
6.06922 6.1193 18.118
5.77815 6.29116 17.873
5.75381 6.0539 17.868
5.751 6.34746 18.029
5.42682 6.1564 17.655
5.82848 5.8991 20.223
5.47913 5.90407 20.147
5.51705 6.11318 18.283
5.33758 6.26948 17.666
5.40066 6.28256 18.308
5.08525 6.21717 17.589
5.00958 6.30211 17.244
4.72788 2.71407 27.314
5.12399 5.99299 20.118
5.18707 6.00607 20.109
4.74169 6.1382 17.933
4.62331 6.16784 17.9
4.40691 6.1849 17.868
4.53465 2.39535 28.245
4.68516 2.65877 28.294
4.81413 2.39138 28.476
4.12743 6.18888 17.965
4.07892 6.21752 17.868
3.91477 3.03314 28.67
4.0204 2.59835 28.839
4.07207 3.28248 28.546
3.75772 6.23607 17.917
3.81512 3.88715 25.345
3.99623 2.86426 26.791
3.81348 4.75373 23.197
3.83484 4.78138 22.293
3.80968 4.97742 23.34
4.23703 6.03357 18.605
3.73337 5.99881 19.719
3.75175 5.81685 20.666
6.5737 5.72076 32.088
6.42618 5.66696 32.038
20.8577 6.67745 13.154
20.486 6.5849 13.317
20.5151 6.66835 11.84
20.159 6.6874 12.173
20.5073 6.61255 12.816
20.0057 6.71754 12.085
20.4292 5.04826 17.963
20.2439 5.28851 17.847
19.8096 6.69237 12.32
19.7717 6.48326 12.331
19.8208 2.56905 24.241
19.0143 2.37088 24.83
18.8454 2.28942 24.721
19.5868 2.33477 25.291
19.6655 2.45944 25.457
19.5088 6.6687 12.238
19.4671 6.68327 12.5
19.4359 6.46009 13.074
19.2511 2.3116 25.503
19.2337 2.56343 25.619
19.3233 6.40578 13.282
19.0934 6.45099 13.256
19.0604 6.59123 13.238
19.8514 6.6778 13.317
18.7945 6.56706 12.902
18.7518 6.51176 13.207
19.5156 6.65463 13.2
19.5088 6.6687 13.431
18.4082 6.43279 13.55
18.2569 6.60267 13.268
18.3733 6.43329 13.689
18.0813 6.53528 13.402
18.023 6.36839 13.497
18.6809 6.44288 13.91
18.8149 6.52484 14.121
17.8118 4.79202 20.126
17.806 4.87596 20.071
17.0254 6.49441 13.928
16.4407 2.2398 25.721
16.693 2.29211 25.826
16.1215 2.39809 25.426
16.9328 2.44245 26.012
16.2341 2.45239 25.081
15.7935 2.43071 25.475
17.1075 2.43996 26.113
15.8352 2.41614 25.11
15.94 2.41465 26.422
17.2316 2.32638 26.193
15.8266 2.79364 26.294
15.846 2.68155 26.344
15.7094 3.39631 25.648
15.7585 4.87716 20.635
15.4508 4.86756 18.931
15.5313 4.62881 18.746
15.5935 5.07518 19.238
15.4636 5.27271 18.902
15.5005 5.41195 19.225
15.6005 5.56428 19.017
15.3608 5.41394 18.415
15.6393 5.34009 19.533
15.2707 5.96032 17.864
15.3599 5.84724 18.018
15.2717 6.03019 17.418
14.4106 4.93828 12.594
7.76647 6.0532 18.32
7.57119 2.64563 28.49
7.75382 3.2021 26.033
7.4091 2.5501 28.949
6.36228 6.08717 18.374
6.64275 6.15306 18.689
5.31879 2.496 28.723
5.24991 2.56687 28.607
4.99858 2.58442 28.559
6.07121 6.25904 18.177
4.99957 2.65429 28.459
5.4937 5.94579 20.174
5.91292 5.93982 20.099
5.05611 6.13372 18.8
4.73391 6.0824 19.063
4.67943 5.69183 20.112
3.63735 6.12597 18.998
4.05153 2.82154 29.108
3.98564 3.10201 29.346
4.10502 3.14225 29.436
4.02953 3.73035 27.574
4.06283 4.59644 25.647
3.91548 5.04579 23.378
3.85538 5.24233 23.506
3.67509 5.83192 20.048
3.75356 5.45343 20.126
4.22925 5.97777 20.469
4.55145 6.02909 20.256
20.715 6.46983 14.318
20.6427 5.32476 16.679
20.5555 5.57758 16.601
20.4777 5.01962 16.943
20.478 6.02594 16.693
20.4024 6.11088 16.734
20.6449 5.96766 15.98
19.9909 6.17265 16.743
20.7954 6.23108 15.946
20.481 6.23555 15.661
20.287 6.35013 15.171
20.4167 5.64944 17.743
19.0415 2.31458 25.749
19.5034 2.36391 26.113
18.9007 2.2467 25.782
18.8348 2.52718 25.916
18.565 2.22353 25.962
19.7979 6.3571 14.202
19.2379 6.29519 14.332
20.0153 6.40991 14.776
19.1487 6.40827 14.318
20.0638 6.38126 14.893
18.9235 6.29966 14.102
18.4709 2.49043 26.145
19.4621 6.33392 14.416
18.1128 2.36974 26.621
18.1108 2.23 26.797
17.5305 2.21031 26.39
17.2598 2.33995 26.771
17.1346 2.38366 26.949
17.9565 5.13938 20.103
17.6286 5.172 20.104
17.8062 2.43001 26.606
16.559 4.65611 20.074
16.8075 4.93211 20.11
16.9201 4.98641 20.121
15.8545 4.75 20.153
16.9658 5.25132 20.138
17.0706 5.24983 20.088
15.9604 2.37243 26.618
15.9887 2.88917 26.945
15.8723 3.05855 26.836
15.9779 2.62376 24.173
15.8745 3.70145 25.011
15.8692 2.34578 24.057
15.8349 4.35893 22.959
15.8729 4.56804 23.107
15.7821 3.10177 23.406
15.7477 4.61175 22.301
15.8661 4.58212 20.533
15.6129 4.96309 19.041
15.5522 6.09608 17.954
15.6512 6.17853 16.697
15.625 6.3047 16.797
7.51513 6.07076 19.76
7.24145 5.99079 19.451
7.7547 5.71792 20.141
7.66646 5.90088 20.241
7.44807 5.7782 20.075
7.9254 5.43596 20.131
7.57043 6.02804 20.258
7.24145 5.99079 20.422
7.06098 6.07722 19.233
6.83779 6.10835 19.337
6.831 6.12243 18.993
5.13153 2.59651 29.491
4.79576 2.57334 29.654
4.47356 2.52202 29.868
4.86586 6.02462 20.19
4.35038 2.70547 30.066
4.16014 2.59636 29.769
4.58035 2.66026 30.328
4.07769 2.69538 29.769
4.54442 2.59089 30.576
4.25915 2.67881 30.445
4.51651 6.02959 20.431
4.76586 5.8723 20.79
4.04779 5.99434 20.257
4.03649 4.21944 25.373
3.73764 4.33551 25.16
3.9496 5.47859 23.812
3.86235 5.73142 21.256
3.92841 5.9541 21.522
3.82244 5.38256 21.135
7.55832 4.68643 32.481
7.55732 4.61656 32.414
7.60285 4.37831 32.542
6.2611 5.36182 37.567
7.59969 3.66553 29.9
7.5462 3.34483 29.539
5.06951 5.60241 38.639
4.91221 5.35307 38.639
5.41886 5.59744 38.875
5.61191 5.41299 39.174
4.5006 4.91167 38.967
20.909 6.35525 14.808
20.4141 6.44616 14.599
20.3043 6.0983 17.88
19.8841 6.0344 17.832
19.6092 2.43229 26.814
19.8298 6.14699 14.859
19.116 4.60572 20.11
18.9928 4.78918 20.14
18.6397 5.01783 20.105
18.5399 5.36868 20.11
18.4679 2.28082 27.028
17.485 2.44856 26.654
18.631 2.44622 27.174
17.913 5.51737 20.149
18.2129 5.47117 20.149
16.8124 2.33235 27.212
16.4698 2.32325 27.376
16.4854 2.43484 27.606
16.0139 2.69314 26.93
16.5756 2.39162 28.125
16.2554 2.48004 27.978
16.6309 2.34891 28.263
16.7696 4.723 20.105
16.9087 5.65746 20.116
16.602 5.71774 20.067
17.2367 5.62484 20.083
16.6148 6.12288 16.944
16.4828 6.18067 16.859
16.8264 6.25964 17.115
16.2878 6.22538 16.764
16.2626 6.42141 16.674
17.1195 6.22751 17.287
17.0835 6.15814 17.611
16.7264 6.10732 17.858
16.7749 6.07867 17.862
15.8288 3.43654 25.73
15.8977 3.36568 24.686
16.0522 3.90858 25.25
15.9629 4.02166 25.29
16.084 6.14442 16.723
15.8253 4.66656 23.249
15.7858 5.32403 20.119
15.6065 5.9835 18.677
15.9995 6.10369 17.891
16.0704 6.17257 17.923
7.53924 2.85574 28.952
7.27813 2.67776 30.471
6.96372 2.68223 30.603
6.90468 5.89775 20.783
6.57569 5.8605 20.997
6.23313 5.8514 21.144
5.88278 5.78651 21.391
6.01872 6.0082 21.561
6.21955 5.87955 21.665
5.74702 6.06798 21.435
6.00514 6.03635 21.68
5.54022 5.77741 21.521
5.54122 5.84728 21.584
5.40926 5.90507 21.181
6.32535 5.94793 21.811
5.23558 5.97742 21.079
5.00262 5.81302 22.034
4.86463 2.50247 30.739
4.92216 6.05177 20.98
4.01759 2.89191 31.067
4.04492 3.33878 29.635
3.99395 4.6673 28.147
4.14147 4.72111 28.197
3.79013 4.58634 25.294
3.85655 5.81536 23.752
3.98172 5.77165 24.069
3.73402 5.06236 21.986
3.9905 5.89731 22.664
4.47064 5.26152 39.524
5.35478 5.51449 39.562
4.34248 5.09562 39.152
4.33967 5.38917 39.222
4.39895 5.62594 39.562
4.42458 3.99028 38.276
4.33318 3.46046 37.801
4.22158 3.47603 38.714
4.45056 3.36095 37.825
19.6124 6.09418 17.918
19.8095 6.18921 16.48
20.4118 5.30009 16.535
19.7551 6.3018 16.352
19.7793 3.08678 26.064
19.3782 2.40762 27.92
19.4277 2.44885 27.989
20.0197 5.24977 18.972
20.1277 5.96105 19.091
19.23 5.73622 19.017
19.2355 2.2 27.601
18.9231 2.34422 27.339
18.7746 2.22055 27.21
18.7775 2.43016 28.268
19.4591 6.12431 16.824
19.4591 6.12431 16.828
19.1311 6.15694 16.841
19.0069 6.27052 16.924
19.0852 2.43975 28.088
18.8021 6.11969 17.07
18.4518 6.0548 17.398
18.642 6.1639 17.679
18.6904 5.63209 20.079
18.2721 5.70793 20.17
18.8884 5.797 20.21
19.1106 5.69599 20.159
18.9758 6.04733 17.86
18.9846 6.173 17.967
18.0947 6.00397 17.644
17.7307 5.96723 17.858
17.3824 6.04207 17.793
18.2625 6.01556 18.368
17.5647 5.59222 20.083
17.7471 5.64552 20.221
17.3562 6.16823 17.594
17.3261 6.01492 18.447
17.1087 5.96211 17.873
15.9265 2.4428 28.224
17.1434 2.50933 28.661
16.0837 2.69214 28.934
15.9985 3.08471 28.597
15.8867 2.59711 28.891
16.4333 6.13944 17.886
16.1642 2.45339 29.153
15.9655 3.22494 27.136
15.9545 4.90232 23.385
15.7604 5.0169 23.523
16.3751 5.97255 18.696
15.648 5.46576 20.023
15.6384 5.77339 20.264
15.6488 5.03247 20.003
15.9878 5.76841 20.182
15.8111 5.63116 20.463
16.0519 5.85136 20.234
16.3022 5.76394 20.083
15.3609 5.91711 18.858
16.1024 5.96246 18.361
2.94508 5.11552 43.746
3.0383 5.28191 43.94
6.19216 2.48357 32.5
6.25624 2.56652 32.447
2.60814 4.51931 43.809
2.66045 4.26698 43.827
6.60658 2.63141 30.799
7.50231 2.7165 31.401
6.27081 2.60824 30.997
7.65189 5.85916 21.647
7.82838 5.49324 21.773
8.06695 5.07054 21.874
7.54708 5.86065 22.757
6.55632 5.97259 21.892
6.96577 5.77109 22.123
7.23946 5.85105 22.344
6.52214 2.59068 32.057
6.82878 2.53041 32.139
6.88531 6.00984 22.177
4.23118 3.1684 31.001
3.98745 2.73859 31.324
4.08085 3.40815 30.835
4.06844 4.00933 30.182
4.1499 3.84045 30.371
4.12474 4.03648 27.716
4.02508 4.89049 27.227
4.06101 4.95986 28.409
3.78217 4.02738 27.798
3.96083 4.30438 25.434
3.91431 4.47276 24.944
2.73167 5.34219 45.557
3.04608 5.33771 45.474
5.06365 2.73724 34.458
5.18203 2.7076 34.746
5.50423 2.75892 34.517
5.83222 2.7263 34.5
4.39708 3.04025 37.513
4.7095 2.89603 36.679
4.69493 2.85431 36.545
4.31065 2.85978 36.375
5.00835 2.77996 36.892
5.44115 2.74584 34.66
4.68615 2.72864 36.102
4.36594 2.81706 36.991
4.90156 2.64171 36.78
1.49946 3.22128 45.138
1.66056 3.24694 45.207
-2.17796 4.58746 55.052
-2.11388 4.67041 55.024
-2.70017 4.2315 55.132
-2.46341 4.17222 55.072
20.2596 5.90326 18.198
19.4659 6.11024 17.858
19.5549 2.54488 28.689
18.7775 2.43016 28.417
19.6637 2.82287 28.804
19.7192 3.28331 28.347
18.4553 2.37884 28.547
19.2776 6.14087 17.886
18.3244 2.50649 28.686
18.1332 2.32752 28.776
19.3998 5.88755 19.716
18.5197 5.91406 18.761
19.6579 5.85592 20.043
18.6634 6.19155 18.033
17.7906 2.31842 28.924
17.7149 2.40336 28.995
18.4428 2.47685 29.525
17.4636 2.42091 28.777
18.1597 6.15679 17.751
17.0823 2.63599 29.542
18.2188 5.89039 20.226
17.9461 5.8803 20.074
18.575 5.87134 20.177
18.3053 6.07086 18.476
17.884 5.93709 18.078
18.9341 6.0619 19.055
17.3862 5.81839 20.172
17.3145 6.1828 18.574
16.9777 6.08976 18.935
16.6254 5.88513 18.954
16.641 5.99672 19.296
16.0751 3.06964 29.458
16.4379 2.53335 30.084
16.0036 3.93722 27.711
15.7164 3.8854 25.398
16.0086 4.28657 25.475
15.9861 3.68589 25.665
15.6792 5.68895 19.959
15.9058 4.4278 24.996
15.8528 5.61659 23.483
16.408 5.83231 20.366
-2.49917 4.60601 55.068
7.41904 3.2488 31.828
7.55182 2.75772 32.56
7.46574 3.58358 32.189
7.74885 2.85275 32.547
7.72275 5.92803 22.626
7.42671 5.75055 23.086
7.20353 5.78168 23.085
6.87454 5.74443 23.315
6.7358 5.81629 23.474
7.0859 2.42891 32.461
6.40675 2.82993 32.512
7.20926 2.74862 32.675
7.19469 2.7069 32.773
6.74533 2.55955 32.37
6.2477 5.89313 24.343
3.97967 2.68279 32.566
3.98663 3.17188 32.495
3.67304 2.74307 32.533
4.09343 3.31013 32.394
3.34505 2.77569 32.484
3.05199 2.80782 32.516
3.0404 2.97571 32.59
3.56741 3.17785 32.526
3.04438 3.25519 32.56
2.73758 2.8123 32.549
2.69105 2.98068 32.518
2.43773 2.85849 32.565
2.1816 3.02986 32.58
2.10974 2.89112 32.516
3.41012 2.92851 32.574
1.79632 2.96547 32.45
1.744 3.21779 32.562
1.93624 3.46664 32.447
1.70228 3.23237 32.97
2.08674 3.73006 32.496
1.33555 3.48917 32.525
1.17147 3.2539 32.607
-1.10095 4.15282 55.09
-1.42993 4.11558 55.116
-0.845809 3.91158 55.102
-0.900932 4.45746 55.035
-1.33373 4.49158 55.103
-1.52596 4.24273 55.136
-1.0031 3.66224 55.085
-0.996317 3.64817 55.252
-1.54334 4.49457 55.1
-5.82215 3.87063 56.986
-5.93854 4.04001 56.708
-6.10063 3.94448 56.887
-5.38637 4.04612 56.406
-5.50972 3.72641 56.335
-5.2155 4.26732 56.292
-5.64068 3.85407 56.668
-4.74478 4.44231 56.151
-5.28139 4.54779 57.055
-5.27261 4.67346 57.078
-5.58802 4.60807 57.006
-0.896486 3.29732 44.881
-1.06437 3.28574 44.807
-1.17398 3.44104 44.79
-0.0967838 3.50957 43.888
-0.235529 3.58143 43.798
-0.310373 3.23307 43.803
-0.434548 3.34665 43.896
19.4064 2.4212 29.247
18.7698 2.37436 29.657
18.6941 2.4593 29.61
19.5648 3.24358 29.641
19.3026 2.49256 30.253
19.6087 3.87191 25.196
19.7353 4.9044 24.525
19.8925 5.15374 24.509
19.7099 4.59727 23.178
19.7139 4.87675 23.377
19.7606 5.21153 23.737
19.523 5.7041 22.802
19.5861 5.71718 22.735
19.8257 5.36434 21.079
19.852 5.74134 20.324
19.8859 5.67098 20.21
19.5512 5.71767 20.21
19.3968 5.67794 20.452
19.2445 5.77795 20.161
19.2191 2.52171 30.4
18.8552 2.48496 30.63
19.519 2.47551 30.416
19.0299 2.48247 29.804
18.4159 5.98542 20.169
16.7601 2.58467 29.821
16.1021 2.51018 30.28
16.9823 2.48367 30.848
17.1756 5.7515 20.997
17.4211 5.81789 21.221
16.8069 5.86857 20.505
17.8491 5.93759 21.481
17.9539 5.93609 21.51
17.1512 2.56513 31.04
16.8622 5.82585 20.915
15.9781 3.12693 30.902
15.8607 3.22644 28.394
16.0541 4.04832 27.82
15.9128 4.91689 24.595
15.8411 5.28131 24.135
15.8421 5.35118 24.287
15.8548 5.75633 21.505
15.8684 5.72818 22.57
-0.0714453 3.81669 43.765
0.551944 4.89801 43.856
0.757751 5.11871 43.766
3.61674 2.71592 33.856
3.31111 2.84606 33.561
0.0153378 5.00349 44.927
-0.242783 5.03512 45.019
-0.305865 5.02204 44.944
9.77689 2.46048 32.625
9.62457 2.56049 32.67
9.4489 2.4931 32.643
9.30436 2.64891 32.53
9.13548 2.56745 32.56
10.3155 2.49474 33.221
10.5097 2.88333 32.581
8.82885 2.62772 32.494
10.1877 3.33517 32.489
9.9655 3.43617 32.494
8.84939 3.08867 32.564
8.70866 3.02079 32.467
8.50765 2.64627 32.511
8.50964 2.78601 32.599
8.35234 2.53667 32.598
8.18644 2.66482 32.561
8.01756 2.58337 32.526
8.20798 3.19564 32.483
7.8866 2.71102 32.561
7.87999 3.22826 32.499
7.55878 3.24681 32.533
7.58014 3.27446 32.544
6.85891 2.68373 32.937
7.35579 2.73256 33.334
6.52314 2.66055 33.118
5.93802 2.79468 33.561
5.9001 2.58556 33.528
5.74579 2.54583 33.627
5.5789 2.60412 33.576
6.1165 2.56851 33.812
6.58722 2.7435 34.084
6.75616 5.77407 24.675
4.19905 2.87535 33.448
4.22539 3.25235 32.945
4.18185 3.63034 33.601
3.781 3.45435 32.46
3.92373 3.66197 32.483
4.23036 3.6017 32.51
4.00454 4.42954 30.367
4.18665 3.47653 29.747
4.13767 4.94479 29.579
4.09115 5.11318 28.481
4.01467 5.63141 28.325
4.60956 5.69282 28.246
4.01069 5.35193 29.099
3.91068 5.19961 26.042
4.03901 5.86867 26.714
4.10952 4.93122 26.04
3.06077 2.93348 34.247
2.99207 3.50751 32.6
2.65349 3.77789 32.581
1.69151 2.96696 33.741
1.24713 3.16896 33.612
1.3723 3.12525 33.347
1.0501 3.07393 33.594
0.880402 3.42577 33.492
1.02412 3.70326 33.591
0.688171 3.17692 33.575
1.66436 3.02325 33.744
0.436838 3.19448 33.396
0.767814 3.37146 32.823
0.271936 3.3925 32.615
0.621462 3.89069 32.565
0.692327 3.95956 32.598
0.138984 3.38042 33.003
-0.414184 3.30443 33.223
-0.510211 3.43159 33.036
-0.184033 3.76239 32.578
-0.174437 3.45476 32.872
-0.70724 3.33656 33.152
-0.851778 3.49236 32.97
-0.851778 3.49236 32.896
-0.376264 3.51354 32.644
-0.0628437 3.4392 32.634
-1.15063 3.60843 32.757
-0.98274 3.62002 32.591
-1.28557 3.45661 33.066
-0.783722 3.85479 32.476
-1.46504 3.61291 32.79
-1.62995 3.81093 32.511
-1.48623 4.08842 32.544
-1.77167 3.67318 32.708
-1.91241 3.6053 32.823
-1.57546 4.20151 32.565
-2.07831 3.73346 32.642
-1.96853 4.08131 32.514
-1.89667 4.22006 32.566
-2.55663 4.00583 32.535
-2.21009 4.29441 32.467
-2.39272 3.73793 32.691
-2.73429 3.7987 32.578
-2.74207 3.74291 32.536
-2.3644 4.25467 32.454
-2.5245 4.29888 32.532
-3.06907 3.8454 32.528
-3.14473 3.93034 32.507
-2.98744 4.17968 32.509
-2.85249 4.33151 32.532
-2.15397 3.81839 32.53
-2.83693 4.4431 32.574
4.22275 4.04906 34.493
4.11795 4.05056 34.404
4.28203 4.28583 34.565
4.22673 4.32854 34.52
4.30158 4.6769 34.88
18.5194 2.46178 30.794
19.6367 3.38232 30.679
18.1837 2.43861 31.056
17.8265 2.38779 31.319
18.2623 2.56328 31.755
17.4782 2.46263 31.22
17.5548 2.44757 31.385
18.5835 2.54473 32.023
18.6215 5.70296 21.92
18.4478 5.77532 21.848
18.2877 5.81953 21.74
18.2402 5.91804 21.57
19.1058 5.84981 22.243
18.0965 5.64055 21.554
19.3134 5.70708 22.427
19.2096 5.77845 22.736
17.6569 5.68874 21.563
17.6355 2.71198 32.478
17.3801 2.45005 32.512
16.1561 4.34038 28
16.0387 4.43989 27.504
16.0088 4.78974 27.206
16.7767 5.71525 24.734
15.9101 5.71361 22.938
16.4895 5.66343 23.188
16.64 5.92685 23.188
16.8961 5.75548 23.465
14.0953 2.42694 32.565
14.4398 2.57578 32.607
13.4674 2.50577 32.565
14.7708 2.75277 32.658
14.9852 2.59597 32.476
13.1259 2.56654 32.5
13.9216 2.4993 32.679
12.7979 2.59916 32.549
14.1274 2.72 32.466
13.591 3.32864 32.59
13.4095 3.3452 32.546
13.6305 2.67117 32.52
12.4699 2.63179 32.597
12.5321 3.07816 32.593
4.71366 3.67868 32.454
4.57971 3.59672 32.467
4.38766 3.85104 32.493
13.1881 3.01291 32.494
12.1215 2.70663 32.5
11.9089 2.5 32.635
11.7925 2.66938 32.713
11.7091 2.69853 32.407
11.4723 2.7578 32.597
12.0985 3.54557 32.447
11.1443 2.79043 32.582
10.8445 2.83663 32.582
11.4076 3.61131 32.513
4.24447 5.08304 35.601
4.22129 5.41881 35.505
11.2697 3.24988 32.543
7.78378 2.85226 24.074
11.1705 2.66426 32.547
4.24546 5.15291 35.208
10.4776 2.59027 33.385
10.5271 2.6315 34.462
10.1923 2.67819 34.462
9.33766 3.515 32.478
9.36581 3.52857 32.611
8.46692 2.73071 33.631
8.15151 2.66532 33.959
7.82252 2.62808 34.139
9.23648 2.78964 34.462
7.4586 2.59133 34.353
7.30628 2.69133 34.345
7.41506 2.96932 34.492
7.11604 2.58223 34.468
7.46738 2.71699 34.91
7.72585 3.69169 32.527
6.89385 2.68323 34.333
6.79583 2.67065 34.353
7.67535 3.5806 32.806
8.07122 3.40724 32.662
6.45327 2.66155 34.451
7.49079 5.8335 25.446
7.28217 5.90635 24.956
6.83381 5.82887 25.841
6.80467 5.74543 25.906
6.13885 2.66603 34.566
6.86108 3.32663 32.516
7.06987 3.75694 32.544
6.49026 5.7499 26.021
7.384 5.69525 25.551
6.15349 5.65686 26.333
7.71398 5.80236 25.852
7.64492 5.37007 26.279
7.58465 5.06343 25.951
5.99332 2.75196 35.494
6.00315 5.89661 26.611
5.8245 5.61962 26.562
5.81771 5.63369 26.627
5.50628 5.84778 26.361
6.37187 5.77954 26.891
5.14815 5.72708 27.033
5.51108 5.69396 26.463
4.08881 3.96711 32.494
4.20239 4.09128 32.527
3.9383 3.70369 32.461
3.8744 4.12391 30.252
4.14545 5.00059 30.907
4.0029 5.29613 29.23
4.29713 5.83704 27.982
4.01566 5.70128 29.2
2.34007 3.85224 32.45
2.24404 3.9794 32.497
2.39455 4.24282 32.529
2.29074 4.31418 32.445
1.00674 3.95509 32.549
0.785546 4.12596 32.517
0.79994 3.66452 32.867
0.929265 4.40345 32.648
0.895149 3.97065 33.129
0.378088 4.46721 32.527
0.739667 3.35789 32.555
-0.605067 4.13178 32.483
-0.497277 4.3399 32.526
-0.781556 4.49769 32.539
-0.333194 4.57517 32.525
-0.277895 4.53245 32.559
-0.898942 4.5972 32.527
-1.81123 4.33066 32.53
-1.51999 4.66195 32.527
-2.24204 4.50451 32.519
-1.81305 4.69408 32.528
-2.1624 4.69906 32.609
-2.67285 4.67837 32.558
-2.81838 4.7643 32.592
5.21685 5.15306 32.51
5.05277 4.91779 32.525
4.58141 5.67925 34.668
4.56584 5.56765 34.625
5.74685 5.56481 32.53
5.36736 5.41647 32.543
19.4006 2.50514 31.625
19.715 2.50067 32.514
19.3657 2.50564 32.596
19.155 2.43876 32.582
19.6019 3.88598 27.771
19.5602 3.90056 27.702
19.6486 4.22076 27.949
19.6536 4.57011 28.391
19.6023 4.89231 27.027
19.6886 4.56962 25.819
19.1435 5.55576 25.672
19.1387 5.70957 25.543
19.819 5.88158 23.499
18.8369 5.61603 23.326
18.8233 5.64418 23.492
18.7348 2.37486 32.215
18.7572 2.47238 32.539
18.3787 2.3939 32.281
19.0309 2.55234 32.628
18.7097 2.57089 32.727
18.5749 2.92223 32.581
18.0429 2.37073 32.495
18.1528 5.6677 24.226
17.8343 2.44359 32.607
17.7081 2.41743 32.51
17.7121 2.69691 32.742
18.076 2.73366 32.53
17.3987 2.77126 32.661
17.7792 2.98947 32.512
17.0522 2.48268 32.528
16.7591 2.5148 32.61
17.8082 5.51886 23.966
17.488 5.60728 23.835
17.3842 5.67865 24.224
17.2668 5.77815 23.669
18.2965 5.94519 24.275
17.1891 5.72335 23.654
16.4379 2.53335 32.659
17.9238 5.78278 24.043
16.1245 2.6077 32.577
16.1518 3.05457 32.6
16.0606 3.02792 32.463
17.3608 2.56214 33.267
15.8362 2.48601 32.519
15.7829 2.66847 32.511
16.3341 2.60472 33.513
15.7394 3.04647 32.53
15.7472 3.10226 32.539
15.4326 2.60358 32.572
15.4268 2.68752 32.592
15.4114 3.07909 32.562
15.1201 2.74779 32.56
15.8393 5.64474 24.392
16.7564 5.75747 24.739
16.1499 5.86394 25.415
15.0667 2.42709 33.429
14.761 2.55723 33.216
15.3559 2.61864 33.842
14.4554 2.68737 32.97
15.648 2.51665 34.005
14.7893 3.07397 32.492
15.0191 2.5256 33.457
13.5396 3.65084 32.509
13.7415 3.59206 32.59
4.92099 5.47874 34.093
12.7911 2.61323 33.74
12.4689 2.56192 34.036
13.2025 2.55147 33.389
12.8629 2.75198 34.472
13.0017 2.68012 34.53
12.3932 2.64685 34.459
12.3535 2.80116 34.432
13.1822 2.59369 34.516
13.3161 2.67564 34.448
12.1185 2.49702 34.314
5.26454 5.5577 33.748
11.9594 2.6111 34.505
11.8119 2.55729 34.266
12.0772 3.51792 32.719
5.5528 5.67939 33.438
6.54456 5.63732 33.141
11.6694 2.85284 34.513
11.5111 2.53362 34.429
11.1976 2.60797 34.331
11.7646 3.15897 34.476
11.6674 2.7131 34.452
10.8687 2.57072 34.544
11.9616 3.254 34.567
11.5377 3.91695 32.508
9.91383 2.75204 34.549
9.86432 2.71082 34.495
9.56448 2.75702 34.479
9.78222 3.81616 32.514
9.5231 3.77792 32.594
9.45423 3.84878 32.546
9.70855 4.04083 32.546
9.55623 4.14084 32.541
7.43151 5.59673 27.985
7.09094 5.72737 28.116
6.99971 5.70072 28.265
7.09474 5.50369 32.301
6.00795 5.74279 32.454
7.49787 3.87664 32.534
7.82206 4.0677 32.497
7.50085 4.08625 32.529
7.64838 4.14005 32.551
7.27134 2.69183 35.381
7.37533 3.12363 35.186
7.37832 3.33324 35.067
7.32764 2.71898 36.301
6.62695 2.58919 35.872
6.30674 2.67761 35.725
6.29995 2.69169 35.727
6.99965 2.75161 36.334
6.00789 2.79368 35.495
5.70805 2.83988 35.496
6.97156 5.68714 27.262
6.72801 5.7605 27.19
6.6795 5.78914 27.098
7.43549 5.87621 27.526
7.64311 5.73349 26.821
7.78466 5.36808 26.821
6.64351 2.77065 36.001
5.45373 2.64783 35.517
5.3577 2.77499 35.741
5.01514 2.76589 35.889
4.36396 2.67732 36.332
4.23931 4.23053 32.543
4.20736 4.44063 32.546
4.08898 4.47027 32.394
3.87258 4.48733 32.562
4.37859 5.66816 29.999
1.93957 4.68258 32.562
2.90816 4.97628 32.48
2.99839 4.93306 32.443
1.04185 4.45775 32.412
1.27001 4.77597 32.529
1.272 4.91571 32.615
1.0023 5.11523 32.477
0.68273 4.26719 33.019
-0.013804 4.92004 32.464
0.630592 5.02268 32.562
-0.356366 4.91095 32.563
-0.286496 4.90995 32.903
-0.48054 5.02453 32.654
-0.661361 4.10463 32.541
-1.14349 4.60069 32.545
-1.19879 4.6434 32.526
-1.02791 4.8646 32.676
-0.684357 4.94357 32.578
-0.999768 4.87818 32.841
-1.54515 4.85799 32.71
-1.34233 4.86908 32.988
-1.6839 4.92985 32.873
-2.49039 4.73168 32.593
-1.75096 4.63729 32.873
6.69208 5.69112 30.765
6.74738 5.64841 29.657
6.69407 5.83086 29.611
6.5242 5.67954 30.977
6.50383 5.72176 29.444
-2.09832 4.782 32.65
7.65271 5.42586 29.12
19.5239 2.82486 32.476
20.2003 2.71739 32.525
19.4211 2.96609 32.679
20.0927 3.01243 32.513
19.6956 2.61276 32.582
19.8733 2.81988 32.41
18.8446 2.72271 33.033
18.5332 2.9368 32.557
18.3962 2.64524 32.661
18.2401 2.96893 32.427
17.6878 2.45965 33.398
18.1507 2.57885 33.706
17.8024 2.65369 33.64
17.0989 5.76657 24.558
16.1227 2.97112 33.538
16.1189 3.19481 33.547
16.2179 3.27726 33.734
16.7601 2.58467 34.247
15.9441 5.64324 24.451
15.8831 3.32396 32.542
15.8909 3.37975 32.556
16.2015 3.59896 32.432
15.9274 2.51267 34.358
15.7683 2.62675 34.46
15.4403 2.65937 34.493
16.1031 2.58005 34.477
15.0968 2.5804 34.436
15.1056 2.70607 34.493
15.5859 2.57344 34.274
13.9789 2.59632 34.415
14.204 2.70493 34.508
13.7004 2.67017 34.475
13.6295 2.6013 34.514
14.436 2.79947 34.509
14.6728 2.74019 34.555
14.7708 2.75277 34.509
13.9269 3.85498 32.525
13.9483 3.88263 32.514
14.1956 3.58559 32.476
11.8725 3.87025 32.508
11.9929 3.98035 32.514
11.695 4.16629 32.498
11.6815 4.19444 32.468
9.86584 4.29018 32.53
9.78339 4.38919 32.531
9.48934 4.35145 32.55
9.47676 4.44946 32.514
8.15982 4.23061 31.922
7.93084 4.34568 32.508
7.98433 4.66639 32.55
7.85816 4.64023 32.53
7.78531 4.43162 32.665
7.88116 3.8013 32.625
6.72216 2.89533 36.87
7.39967 3.36089 36.972
7.47235 3.06634 35.419
7.26772 3.41868 36.965
7.28691 2.80342 37.432
7.47551 3.77912 34.564
6.39317 2.85808 37.068
6.65715 5.69162 28.412
6.32816 5.65437 28.609
5.9846 5.57541 28.921
6.19521 5.64229 29.18
6.00994 5.88253 29.043
6.39124 5.66745 29.376
5.85265 5.63319 29.043
5.7654 5.88602 28.966
5.61208 5.91615 28.842
5.64883 5.55223 29.101
5.41985 5.66731 28.94
5.32177 2.70561 37.007
5.63718 2.77101 37.4
5.74298 2.83939 37.331
5.42078 2.78807 37.576
6.04283 2.79318 37.364
5.34998 5.6683 28.855
5.33734 2.81721 37.101
5.41505 5.82112 29.245
5.03756 5.81252 28.593
5.10643 5.74166 28.465
4.71056 5.91501 28.396
4.17424 4.07771 33.596
4.14727 4.63717 33.347
4.23569 4.95737 33.608
4.19777 4.74826 34.263
4.19098 4.76233 32.541
3.95422 4.82161 32.459
4.58205 4.74279 32.509
3.82027 4.73966 32.469
3.61166 4.81251 32.541
1.65828 5.04998 32.492
2.13678 5.28077 32.498
1.45745 5.17863 32.533
1.33029 5.0826 32.508
1.12946 5.21126 32.502
0.888537 4.48789 33.383
0.837218 4.81009 33.418
0.798479 5.03427 33.547
0.967361 5.11573 33.615
0.646158 5.13428 33.503
0.491847 5.09454 33.482
0.300611 4.91557 32.431
0.687881 5.11971 32.558
0.822823 5.27153 32.497
0.0434848 5.01707 33.033
0.366678 5.13826 32.606
0.416184 5.17948 32.486
-0.790157 4.87519 33.129
-0.620281 5.02652 33.197
20.9048 2.62349 32.524
20.5419 2.65662 32.542
21.3687 2.81256 32.579
21.6899 2.79401 32.481
20.8207 3.58909 32.498
21.7977 3.00213 32.766
20.3672 2.6591 33.383
21.0407 2.84519 32.629
19.8395 3.39341 32.503
18.7254 3.18565 32.564
18.4845 2.46228 33.903
18.6602 2.52966 34.384
18.9949 2.48297 34.367
18.3525 2.52007 34.58
18.7749 3.22687 32.48
18.9505 5.7402 24.784
18.8185 5.79799 24.669
19.2106 5.84832 24.877
18.5322 5.81604 24.444
19.4813 5.71867 25.099
19.4813 5.71867 25.379
17.4666 2.63052 33.837
18.0178 2.56677 34.531
17.7111 2.62704 34.515
17.4035 2.61744 34.662
16.4379 2.53335 34.51
16.5922 2.57309 34.741
17.0046 2.58119 34.773
16.2069 2.50869 34.63
17.0677 2.59427 34.859
16.2285 3.0395 34.408
16.7262 2.65504 34.794
16.3836 2.64594 34.924
16.1003 2.87361 34.482
15.8521 3.60393 32.531
16.0763 3.64267 32.507
15.527 3.343 32.623
15.6367 3.69086 32.492
15.8441 5.49092 26.636
15.9004 5.51807 26.521
16.0449 5.36227 26.93
15.8944 5.09886 26.93
16.0916 5.69705 27.29
15.9576 5.6151 25.498
16.3701 5.6232 25.587
16.9436 5.65697 27.112
16.7136 5.70217 25.815
14.2607 3.73841 32.538
14.443 3.28856 32.565
14.0774 4.11839 32.525
13.9387 4.19025 32.553
11.7997 3.66164 34.52
11.8919 3.75816 34.503
11.6651 4.51614 32.486
11.9717 4.45587 32.552
9.30507 4.66156 32.494
7.3442 2.90045 37.45
6.04283 2.79318 37.445
6.6998 2.79781 37.943
5.0918 2.75082 37.789
4.7648 2.85331 38.402
5.04229 2.70959 38.664
5.09285 5.7698 29.523
4.42803 2.76027 37.954
4.45717 2.84372 38.501
4.72308 2.86788 38.626
4.63056 4.71414 32.558
4.99068 4.97458 32.497
4.04843 5.05788 32.579
4.73572 5.71898 30.597
4.11268 5.64399 29.295
4.76287 5.66269 30.693
4.05738 5.68671 30.065
3.72044 5.0905 32.563
3.05767 5.16982 32.514
2.93648 5.49302 32.585
3.25768 5.47447 32.553
3.20238 5.51718 32.546
2.45798 5.26222 32.465
2.60849 5.52564 32.618
1.81557 5.29932 32.53
1.50116 5.3038 32.629
1.07977 4.66687 32.664
-0.0389664 5.11608 32.657
0.0163327 5.07336 33.24
-0.292289 4.99389 33.198
0.192003 5.14074 33.432
0.367673 5.20813 33.463
-3.0727 4.57225 57.105
-2.87368 4.80702 56.974
-2.83394 4.65271 57.049
-3.03893 3.99872 55.116
-2.6275 3.93695 55.137
-2.92933 3.84341 55.269
-2.60034 3.88066 55.089
-3.23678 4.33698 57.138
-3.78515 4.10718 57.018
-3.24374 3.84789 55.384
-2.81973 3.68811 55.187
-2.90516 3.57751 55.081
-3.5378 3.81015 57.022
-3.65138 3.68597 56.92
22.1267 3.03938 32.52
22.1684 3.02481 32.476
21.4767 3.52385 32.432
22.4615 2.99268 32.519
22.5741 3.04698 32.505
20.0236 2.58013 33.744
20.0673 2.7053 34.291
19.389 2.67303 34.651
19.3676 2.64538 33.793
19.4114 2.77055 33.451
19.5619 3.03397 33.452
19.0542 2.71973 34.619
19.5612 3.97043 30.135
19.4864 3.62207 30.329
19.6798 4.44395 30.07
19.4993 4.53038 30.578
19.4606 4.75456 30.91
19.4791 5.07577 31.009
19.7393 2.73793 34.356
18.7622 5.77084 25.859
18.7738 5.60295 25.953
18.9109 3.44857 32.484
18.8701 3.53301 32.486
19.17 3.48681 32.503
19.0614 3.71198 32.499
18.7388 2.65434 34.93
18.438 5.57978 26.15
18.1372 5.55611 26.363
19.6132 5.66088 25.82
17.8859 5.57366 26.571
17.8014 5.53294 26.528
18.5011 5.59286 27.009
17.2773 2.59129 35.188
17.5762 2.47522 35.359
17.8191 3.33832 32.529
17.9646 3.25239 32.462
17.8173 3.70174 32.484
17.8426 4.00887 32.53
17.4724 5.49569 26.756
17.8268 5.84007 26.599
17.3784 5.76259 26.193
18.2857 5.67979 26.861
17.1474 5.73792 26.216
17.2279 5.49917 27.083
17.3899 2.64559 35.504
16.3497 2.71631 35.544
16.5149 3.52461 32.513
16.2336 3.89202 32.519
16.2268 3.90609 32.524
16.1256 3.18073 34.504
16.0811 3.48886 34.613
16.1218 3.40442 33.141
16.1753 3.72512 33.503
16.1424 3.86536 33.58
16.2977 3.97496 33.551
15.9056 3.92464 32.536
15.7805 3.96835 32.543
-3.8075 4.00966 57.102
-1.42911 3.68228 55.14
-1.63773 3.75514 55.154
-1.62813 3.44751 55.287
-1.64949 3.41986 55.147
-1.68325 3.99339 55.136
-1.84055 3.74405 55.12
14.2763 3.85 32.447
14.2561 4.39539 32.542
13.8494 4.30334 32.488
-0.629058 4.90085 55.091
-0.714494 4.79025 55.087
-0.421438 4.75813 55.086
-0.821289 4.65201 55.156
-0.373922 4.65961 55.118
-0.209838 4.89488 55.069
-1.04249 4.82288 55.103
-0.0934468 4.7255 55.086
-0.279884 4.39271 55.035
2.35627 3.02738 45.416
2.16124 3.07208 45.368
2.50678 3.29079 45.417
2.74056 3.02191 45.445
1.9662 3.11679 45.38
1.84781 3.14643 45.269
3.08213 2.96113 45.518
3.14141 3.1979 45.636
11.3303 4.56284 32.454
11.4371 4.70109 32.565
10.0445 4.56717 32.529
10.0533 4.69284 32.552
9.04894 4.83293 32.503
7.79327 4.99058 32.487
7.65253 4.9227 32.644
8.0999 4.9303 32.52
7.43063 3.08091 37.498
7.00644 2.73753 37.975
6.90742 2.65508 38.121
7.22863 2.63653 38.375
6.8619 2.89334 38.523
7.18889 2.79084 38.687
6.70659 2.78373 38.744
6.53291 2.85609 38.768
4.41645 2.92816 38.337
5.56052 2.78608 39.228
5.07822 2.77897 38.696
4.42142 3.27751 38.846
5.21205 5.30687 32.471
5.05493 5.56069 30.841
5.43542 5.7789 31.131
5.56638 5.65124 31.388
5.54502 5.6236 31.559
5.78576 5.8438 31.312
4.40194 5.83555 30.217
4.18255 5.643 30.463
4.2777 3.00002 39.064
5.11322 5.72758 30.896
4.1145 5.28057 32.584
3.8933 5.45144 32.437
4.26501 5.54398 32.65
3.80406 5.56452 32.548
4.08834 5.40673 31.579
3.99629 5.81337 32.465
3.5721 5.46999 32.504
2.11062 5.40694 32.456
3.01015 5.26834 32.628
1.86309 5.20081 32.72
1.27698 5.26506 33.716
1.41473 5.12333 33.654
22.803 2.93191 32.536
23.4145 3.17479 32.415
23.4494 3.17429 32.547
22.484 3.59336 32.542
22.583 3.67582 32.534
22.7295 3.65975 32.947
20.3895 2.75662 34.174
19.5455 3.35567 34.946
19.5592 3.83069 32.541
19.3337 2.71575 35.482
18.3962 2.64524 35.079
19.1682 3.85023 32.464
18.074 2.59392 35.405
19.5057 3.50998 32.229
17.9673 2.45567 35.483
17.7179 2.61297 35.456
18.5846 5.56372 27.05
18.9776 5.68391 27.379
18.0693 2.74773 35.614
18.3759 2.68746 35.812
17.0396 2.58069 35.832
16.3826 2.57607 36.061
16.3137 2.64694 36.526
16.3001 2.67508 36.778
16.3288 4.19815 32.671
16.1969 4.25594 32.513
15.9377 4.2177 32.543
15.8689 4.28856 32.531
15.6068 4.04071 32.355
13.6252 4.2646 32.454
14.2299 4.52155 32.498
13.5739 4.5868 32.562
13.7011 4.68283 32.485
13.3819 4.84112 32.504
-2.01803 4.04009 57.058
-2.17533 3.79075 57.058
-1.93078 3.78726 57.184
-2.27235 3.84803 57.085
-1.79104 3.78527 57.085
-2.28575 4.37934 57.104
-1.60958 3.76871 57.119
-1.99006 3.5505 57.216
-2.13759 3.49669 57.002
-1.29236 3.47068 55.478
-1.95115 3.82948 55.055
-2.27733 3.49868 55.114
-5.38818 4.40954 56.397
-5.68902 4.38587 56.562
-5.77446 4.27528 56.692
11.694 4.09642 34.423
11.8242 4.40206 34.571
11.8961 4.54081 34.306
11.9366 3.9532 33.653
12.2697 4.77309 32.531
11.2722 4.89911 32.53
11.1606 4.91468 32.489
-5.33469 4.73025 56.332
11.0404 5.30774 32.535
-5.72097 4.59598 57.037
-4.95819 4.66898 56.645
-5.90922 4.62662 56.989
10.2018 4.81651 32.497
10.3096 5.02463 32.53
10.3523 5.07993 32.529
9.07129 4.93045 32.498
9.01898 5.18278 32.546
8.6842 5.22948 32.514
8.87543 5.40845 32.609
9.12197 5.54471 32.551
9.42181 5.49851 32.535
8.34942 5.27617 32.514
7.25514 3.5167 38.685
7.28709 3.30659 39.26
6.19714 2.83292 38.884
6.04961 2.77911 39.283
7.27532 2.97131 38.785
5.88851 2.75345 39.244
5.65854 2.79866 39.255
5.3587 2.84486 39.083
6.43489 2.84351 39.78
6.19521 5.64229 31.175
6.00795 5.74279 31.509
5.89437 5.61862 31.404
5.25389 2.84635 39.178
4.59013 2.8558 39.326
4.52903 2.98246 39.265
4.89284 5.46516 32.093
5.42564 5.58336 32.58
5.51787 5.67989 32.544
4.38268 3.50169 39.685
4.12011 4.69346 34.44
4.07658 5.07145 34.4
4.26483 5.04082 34.51
4.13685 5.37809 34.46
3.83519 5.78771 32.547
1.60497 5.23244 33.733
1.90581 5.25611 33.838
2.46676 5.38789 34.006
-4.81746 4.73686 56.095
-1.44567 3.50082 44.625
-1.06139 3.49535 44.201
-0.718826 3.50445 43.805
-0.356719 3.90462 43.809
-0.397623 3.4859 44.069
-0.376088 4.01671 43.789
-0.53584 5.06725 44.855
-0.612498 5.08231 44.894
0.267666 5.05581 43.855
0.210377 4.95878 43.791
23.7774 3.14166 32.497
23.8425 3.29448 32.508
23.9008 3.46138 32.583
24.1695 3.19199 32.596
23.9862 3.57197 32.54
23.2458 3.59649 32.484
24.0668 3.83639 32.486
23.4281 3.14664 33.246
22.7827 2.97413 33.399
22.8643 3.30841 33.435
22.4401 2.96503 33.58
22.712 3.40842 33.559
22.8761 3.64369 33.46
22.0694 2.94236 33.727
22.8895 3.11238 33.562
21.3959 2.75627 33.952
21.4788 4.16675 32.514
21.41 4.23762 32.535
21.1091 4.21394 32.406
21.3138 3.86161 32.55
21.3351 3.88926 32.481
21.0752 4.28431 32.535
18.9746 2.52519 36.138
18.6476 2.62768 36.007
19.159 2.71824 36.585
19.3259 2.65995 36.6
19.4473 2.83992 35.546
18.5156 2.68547 36.929
19.3546 4.18302 32.501
19.3827 4.1966 32.418
19.048 4.24329 32.451
19.4084 5.51005 27.84
19.0659 5.50095 28.003
18.9193 5.51702 28.36
18.7155 5.43606 28.315
18.7001 5.82763 27.131
19.5617 5.47992 28.893
18.8446 2.72271 36.683
19.3124 5.63721 27.622
19.6122 5.59101 27.946
19.619 5.57694 28.915
18.2566 5.59634 29.04
18.2935 5.73558 29.1
17.742 4.79301 32.485
18.7385 4.59712 32.48
18.7531 4.63884 32.502
17.0756 5.59918 28.512
16.4603 5.57999 28.095
17.8102 5.6586 28.985
17.2435 5.61077 29.417
17.16 5.63991 29.467
16.3574 2.77211 37.614
16.2286 3.54267 36.471
16.1743 3.65525 34.389
16.0522 3.90858 34.518
16.1134 4.28508 33.485
16.1232 4.48062 32.477
16.1601 4.61986 32.534
16.5143 4.46107 32.622
15.8321 4.65248 32.551
15.7487 4.68162 32.51
14.4066 4.6588 32.526
14.5212 4.85285 32.518
14.5571 4.92222 32.558
13.2655 5.0105 32.551
12.6231 5.0476 32.547
12.6241 5.11747 32.469
12.7736 5.31101 32.564
12.4825 5.48288 32.552
11.8542 4.05221 34.629
11.7331 4.87857 34.487
11.8234 4.83536 34.154
11.4548 5.45558 32.523
11.022 5.4897 32.564
10.7406 5.35394 32.534
11.485 5.6089 32.551
10.5096 5.32927 32.545
10.3922 5.42878 32.419
10.071 5.44733 32.501
10.632 5.57912 32.562
8.82212 5.59091 32.535
9.07445 5.64322 32.495
8.49214 5.48379 32.551
8.50092 5.60946 32.584
7.09088 2.77826 39.73
6.76967 2.79681 39.813
6.94435 2.79432 40.369
7.1831 2.87479 40.505
7.20183 3.69915 40.014
6.82696 2.89383 39.703
6.86968 2.94913 40.408
5.25395 5.79546 32.478
5.10537 2.72267 40.534
4.77159 2.83924 40.427
4.79974 2.85282 40.272
4.48532 2.85729 40.338
5.58967 2.86952 41.015
5.29561 2.83178 41.227
4.43581 2.81607 40.253
5.69248 2.72829 41.055
4.39228 3.19406 40.875
5.09765 5.61599 32.58
4.9647 5.6039 32.871
5.07143 2.79304 40.616
4.48368 3.72388 40.43
4.31264 2.99952 41.064
4.79102 5.67626 32.53
4.35073 3.7118 40.113
4.62893 5.58073 32.705
4.45724 5.79283 32.535
4.2698 5.39017 34.519
3.96417 5.52031 34.256
4.32229 5.64101 34.445
4.12328 5.40623 33.482
3.44593 5.44383 33.581
3.3557 5.48705 33.432
3.67111 5.55244 34.257
4.2155 5.50276 33.574
3.35669 5.55692 34.355
2.77339 5.32762 34.089
2.16013 5.44816 33.957
4.25488 4.34212 33.543
-2.36756 3.5419 57.09
-2.44422 3.55697 56.936
-2.0927 4.1949 57.153
4.2145 5.43289 35.248
7.77817 3.43936 23.131
25.17 3.27558 32.517
24.8488 3.29413 32.648
25.2798 3.62344 32.538
25.3565 3.60837 32.519
25.0362 3.69679 32.469
24.8674 3.61533 32.433
24.7101 3.36599 32.515
25.6136 3.50687 32.595
24.5208 3.32676 32.681
25.3796 3.2726 32.824
24.4072 3.20258 33.006
24.3948 3.80376 32.468
25.0876 3.37459 32.621
24.1976 3.20557 33.157
24.8332 3.18254 32.981
24.1299 3.84946 32.525
23.1421 4.17102 32.702
22.6694 3.85628 32.46
22.785 4.1202 32.509
22.683 3.82814 33.108
22.8529 3.97946 33.128
21.6293 4.43017 32.53
21.6663 4.56941 32.5
19.3173 3.03745 37.142
19.4047 3.28779 36.912
19.4087 3.56727 36.628
19.5614 4.47359 32.385
19.6612 4.12275 32.721
19.1432 4.54943 32.444
19.7011 4.4716 32.551
19.5492 5.57793 31.01
19.4594 4.18153 30.233
19.3939 5.46833 30.311
19.4647 5.53721 31.618
18.8932 5.64318 29.732
19.3144 5.77695 29.915
18.1798 2.6623 37.109
18.1595 2.70452 37.356
17.8509 2.62505 37.356
17.7403 2.71048 37.353
18.4254 2.72868 37.809
17.5161 2.67175 37.388
18.4671 2.71411 37.849
18.7941 2.61162 38.029
17.0629 2.74808 36.949
18.6971 2.66891 38.125
17.9218 5.64304 29.056
18.5798 5.71753 29.457
17.586 5.61986 29.27
16.6068 2.61481 36.778
17.7438 4.42959 32.435
17.0792 4.87233 32.535
17.8178 5.21124 32.669
16.7812 4.55511 32.484
17.5695 5.4384 29.296
17.5113 5.77467 28.794
18.1013 5.48674 29.198
16.9358 5.60117 29.582
17.1115 5.66855 28.522
17.2938 5.2187 32.468
16.0808 5.43164 29.656
16.3856 5.73479 30.308
16.6631 5.59107 30.565
16.24 2.87162 37.306
16.3596 3.41501 37.782
16.2839 3.49995 36.79
16.3169 3.35971 35.929
16.3434 4.23987 34.536
16.1921 4.40975 34.421
16.1212 4.34088 33.376
16.0777 4.71887 33.338
16.1282 4.82997 32.952
16.1264 5.19339 33.493
15.8992 4.94504 32.542
15.5255 4.71276 32.551
15.7818 5.04455 32.503
15.58 5.10333 32.45
15.4538 5.07717 32.567
14.7357 5.19921 32.541
14.7775 5.18464 32.552
14.3758 5.44195 32.85
14.6291 5.56413 32.566
14.2798 5.5691 32.648
13.1734 5.41714 32.503
13.4946 5.39859 32.437
13.3782 5.56796 32.539
12.8105 5.45026 32.519
12.4622 5.5251 32.517
12.9522 5.58801 32.564
12.1477 5.52958 32.536
11.8419 5.15656 34.531
11.8711 5.24 34.419
7.83499 4.97601 27.092
11.1997 5.69682 32.453
10.8493 5.63193 32.699
9.77116 5.49353 32.625
9.74302 5.47996 32.502
9.85081 5.68808 32.912
10.171 5.59966 33.043
9.18025 5.7116 33.06
7.24917 3.09748 40.884
7.26754 2.91551 40.976
6.54748 2.89781 40.637
7.30581 4.13095 38.283
6.22528 2.84649 40.867
6.28158 2.87365 40.949
5.92444 2.82282 41.063
5.82163 2.96406 41.089
6.44069 2.75957 41.516
5.23452 2.95844 41.465
4.51546 3.01061 41.313
4.36928 4.033 40.059
26.3889 3.48185 32.436
26.5229 3.56381 32.547
26.1172 3.54163 32.492
26.4007 3.81713 32.484
26.2677 3.80505 32.46
26.0396 3.48683 32.583
26.7209 3.72871 32.566
26.6947 3.85487 32.547
26.0669 3.9337 32.303
26.4115 4.08254 32.509
25.698 3.5476 32.584
25.7641 3.77029 32.58
25.7244 3.9246 32.516
25.4235 3.90093 32.523
25.3546 3.97179 32.516
25.0199 4.01849 32.533
24.4986 3.7324 32.498
24.2804 4.11288 32.525
24.3649 4.15361 32.483
23.9894 4.28475 32.546
22.6842 4.40117 33.389
21.7731 4.70766 32.58
21.7052 4.84839 32.553
20.6619 4.7095 32.517
19.9642 4.78932 32.566
19.4606 4.75456 32.002
19.1017 2.62121 37.849
19.1027 2.69108 38.291
18.9853 2.79059 38.437
19.3123 2.6881 38.552
19.3468 4.12722 33.666
19.2955 4.44942 34.636
19.4207 4.40571 34.712
19.191 5.45724 30.074
18.5098 2.76941 38.683
19.1357 5.49996 29.931
18.6465 5.00376 32.533
18.6125 5.07413 32.534
18.3331 5.07811 32.451
17.814 5.43492 32.537
18.0168 5.44601 32.522
18.142 5.4023 32.538
17.4996 5.4394 32.765
17.0959 2.60785 38.718
16.4477 2.72889 38.636
17.2929 2.70288 39.356
17.357 2.78583 39.372
16.3652 2.8279 38.72
16.4255 3.13453 38.983
16.276 2.94099 39.061
16.7689 2.71034 38.554
17.4724 5.49569 32.52
17.1182 2.70537 38.795
16.5079 3.03552 37.614
16.83 5.53279 30.78
17.0843 5.72485 30.837
17.3337 5.56755 31.117
16.2148 5.5136 30.456
16.1952 5.12252 31.007
16.1068 4.80232 30.761
17.6617 5.53493 31.441
16.2702 3.02493 37.117
16.3851 4.2253 34.702
16.107 5.30548 33.553
16.0497 5.20846 32.542
15.9682 5.37734 32.517
15.6752 5.40947 32.631
15.6335 5.42404 32.533
15.2132 5.36014 32.571
15.3055 5.45666 32.55
14.9639 5.51743 32.551
14.7126 5.53499 33.066
13.2559 5.31812 32.505
13.945 5.6158 32.633
13.6092 5.59263 32.861
11.8954 5.47726 32.631
11.8197 5.5622 32.568
11.5237 5.38472 34.517
11.9856 5.43405 34.58
11.8265 5.54813 34.489
11.7227 5.61949 34.354
12.002 5.11235 33.026
10.6892 5.67614 33.581
10.1594 5.76754 33.059
8.87262 5.702 33.207
8.52228 5.63711 33.503
8.20008 5.58579 33.766
7.85652 5.50682 34.044
8.55721 5.63661 34.486
8.58437 5.58032 33.527
7.7595 5.56411 34.387
8.87064 5.56226 34.551
7.31822 3.52977 40.636
7.27252 3.26486 41.468
6.8609 2.82347 41.78
8.10786 5.48926 34.528
6.86769 2.80939 41.786
7.47206 5.00913 34.255
6.54069 2.91189 41.605
6.94055 3.01801 42.211
6.5902 2.95311 42.473
5.23833 2.73476 42.507
4.93948 2.85083 42.31
5.5693 2.91174 42.949
4.59112 2.92567 42.197
5.90408 2.86504 42.949
5.96236 3.03194 42.992
4.61927 2.93925 43.163
4.53003 3.05233 43.202
4.45554 3.7103 42.035
4.49943 4.33864 40.223
4.52078 4.36629 40.197
-2.75085 3.61724 57.07
-2.77221 3.58959 56.919
26.656 4.07905 32.519
26.8588 4.09014 32.465
26.3494 4.13933 32.504
25.9913 4.01864 32.365
26.0214 4.17195 32.536
25.6022 4.17792 32.523
25.708 4.2463 32.504
25.1829 4.18389 32.498
25.3518 4.26535 32.569
24.6833 4.42861 32.421
24.4445 4.34815 32.443
24.0233 4.21438 32.417
24.0127 4.45214 32.651
23.7837 4.56721 32.56
23.7139 4.56821 32.487
22.6026 4.06689 33.418
22.6882 4.68065 33.491
22.3145 4.44837 32.499
22.368 4.76907 32.503
22.0613 4.82934 32.488
22.2651 4.9103 32.684
22.796 4.88877 32.521
21.9032 5.01329 32.695
21.5131 5.10271 32.685
20.7086 5.04428 32.516
20.4224 5.06233 32.487
20.3331 5.17542 32.557
20.7543 5.30919 32.59
20.8591 5.3077 32.517
21.0891 5.26249 32.588
19.9858 5.32013 32.533
20.0712 5.43073 32.507
19.7364 5.47743 32.54
19.3299 2.93943 39.165
18.6564 2.75335 38.651
19.2099 3.83566 36.342
19.3079 3.84824 36.209
19.4099 4.1403 36.406
19.3647 5.38488 31.188
18.3817 5.55263 31.106
18.3274 2.7161 38.896
17.977 2.65121 39.208
18.1371 2.607 39.339
18.405 2.7709 39.606
17.649 2.68383 39.258
19.193 2.64787 39.017
18.7854 5.43506 32.143
18.571 5.59186 32.41
18.9203 5.58689 32.518
18.4245 5.60793 32.72
18.4807 2.68597 39.766
18.0528 5.51538 31.368
18.0382 5.47366 31.519
18.3682 5.58077 31.85
17.682 5.49271 31.549
18.4865 5.55113 31.946
16.3935 3.34464 39.708
16.382 3.51253 39.622
16.45 3.87496 38.231
16.3967 4.05742 38.297
16.2318 4.25544 38.155
16.1934 5.48595 32.575
15.8956 5.67189 32.501
15.8403 5.71461 32.57
15.4055 5.60898 32.489
15.5191 5.73316 32.603
14.5263 5.70536 32.882
14.1536 5.54295 32.65
14.4914 5.70586 33.062
12.9221 5.43469 33.485
12.8678 5.54728 33.735
12.5039 5.51053 34.341
12.8173 5.43618 34.44
13.1521 5.38949 34.456
12.1827 5.52908 34.407
11.5131 5.62248 34.407
11.2103 5.45907 34.026
11.2045 5.54301 34.353
10.9114 5.57514 33.862
11.1851 5.6551 34.44
10.7086 5.56405 34.457
10.2243 5.4172 34.486
9.88954 5.4639 34.502
9.72166 5.45231 34.53
9.55476 5.51059 34.485
9.35194 5.4995 34.502
10.2409 5.59866 34.515
9.21999 5.55729 34.469
9.00359 5.57435 34.51
7.30382 3.99121 40.163
7.19586 3.27993 42.761
6.22628 2.91636 42.686
6.12147 2.91786 43.616
6.61056 2.91089 43.58
5.24909 3.00016 42.498
5.93223 2.87862 43.79
5.63917 2.91075 43.823
6.21557 5.60007 35.355
5.55573 2.93989 43.812
5.21504 5.51648 35.88
4.39907 3.17999 42.747
4.25336 2.76276 43.737
4.36214 3.04075 43.84
4.49328 3.41625 43.712
4.535 3.40168 43.744
4.49111 2.77335 43.892
4.17869 2.91757 43.842
4.68235 2.95233 43.987
3.93713 3.13066 43.765
3.72752 3.13364 43.839
4.08764 3.39408 43.813
-1.62234 3.36357 43.802
-1.55147 3.43244 43.886
-1.95033 3.39619 43.802
-1.35245 3.66721 43.771
-1.3816 3.58377 44.086
-1.55809 3.94968 43.732
-2.27153 3.41474 43.869
-1.01089 3.60644 43.805
-2.28792 3.73644 43.926
-2.57138 3.46094 43.836
-2.82651 3.70218 43.843
-2.87801 3.52121 43.753
-2.66243 3.93745 43.81
-2.5626 3.58661 44.352
-3.19242 3.52569 43.803
-2.66062 3.57403 44.447
-3.38547 3.71014 43.807
-3.22139 3.94541 43.789
-3.53499 3.51659 43.918
-3.05731 4.18068 43.757
-3.86298 3.54922 43.918
-4.19097 3.58184 43.902
-4.29958 3.80702 43.797
-4.52575 3.62854 43.852
-4.22772 3.94576 43.824
-4.10735 4.05586 43.748
-4.64114 3.86779 43.815
-4.54213 3.95024 43.889
-4.84016 3.63301 43.967
-4.8741 3.70338 44.094
-4.83519 3.98236 43.905
-4.56068 3.62903 44.125
-5.16137 3.65156 43.967
-5.16716 3.73551 44.007
-4.93321 3.96978 43.858
-5.31849 3.90539 43.816
-5.47479 3.72591 43.852
-5.53787 3.71283 44.011
-5.14182 4.04264 43.841
-5.6892 3.88271 43.805
-5.78241 3.71632 43.935
-5.51154 4.08983 43.707
-5.895 3.66201 43.936
-5.46203 4.13106 43.644
-6.09583 3.79066 43.853
-6.03755 3.95755 43.818
-6.22299 3.69463 43.834
-6.42383 3.82329 43.82
-6.39948 4.06055 43.791
-6.54999 3.79713 43.774
-6.41885 4.17264 43.792
-6.21404 4.32347 43.808
-6.09665 4.22396 43.561
26.5552 4.36003 32.526
26.7648 4.35704 32.573
26.4514 4.43139 32.556
26.1078 4.35242 32.562
26.1234 4.46401 32.605
25.7605 4.49714 32.638
25.6838 4.5122 32.752
25.4257 4.54383 32.688
25.2364 4.5046 32.761
25.0841 4.6046 32.688
24.9094 4.60709 32.694
24.1011 4.77235 32.638
23.9556 4.85828 32.543
23.7596 4.83312 32.589
23.4985 4.65514 32.473
23.3791 4.6149 32.504
23.3412 4.40579 32.488
23.4248 4.87981 32.655
23.223 4.9386 32.608
23.0832 4.94059 32.589
22.7532 4.83347 33.592
22.797 4.95864 33.612
22.469 4.99126 33.645
22.4923 5.15865 32.519
22.7417 5.00136 32.605
20.4128 5.36996 32.54
19.0396 2.67801 39.589
19.3013 4.36548 36.646
19.4284 4.46151 36.75
19.4091 4.5736 35.977
19.1697 5.42959 34.632
19.2823 5.4839 34.575
19.5275 4.54396 33.59
18.7039 2.65483 39.786
18.6631 2.73927 40.478
19.0591 5.51503 32.688
19.191 5.45724 32.628
17.1444 5.52831 32.569
18.1188 5.73807 32.49
16.7485 2.75256 40.295
16.8601 2.73699 40.488
16.4826 2.72839 40.337
16.4205 2.78518 40.361
17.2095 2.73202 40.677
17.3434 2.81397 40.79
16.4391 3.10639 40.96
16.3381 2.8842 40.986
16.4333 3.19033 41.009
17.0396 5.52981 32.852
16.7049 5.5765 32.642
16.4739 5.55184 32.783
16.3664 3.40094 40.598
16.2871 4.21272 36.524
16.0843 4.20163 36.359
16.2941 4.70181 36.925
16.3543 5.00844 35.882
16.0535 4.98477 34.439
16.205 5.31806 34.524
16.1042 5.59903 34.58
16.3555 5.58148 34.557
15.6063 5.48033 33.952
16.2649 4.61837 33.457
15.7111 5.47884 34.164
16.0343 5.60003 34.247
15.3356 5.60998 33.714
15.1376 5.44508 33.553
14.9639 5.51743 33.407
14.8319 5.57522 33.324
15.3841 5.58133 34
13.3928 5.60969 34.519
13.6985 5.47954 34.489
12.4612 5.45523 34.572
14.0071 5.55901 34.541
12.24 5.6261 34.253
12.9299 5.49049 34.504
7.24419 2.74812 43.724
6.94435 2.79432 43.724
7.3947 3.01154 43.875
7.5005 3.07992 43.8
7.72269 2.97892 43.859
7.18228 3.30808 43.9
7.8265 2.90756 43.764
6.61636 2.82695 43.724
7.29469 2.85922 43.947
6.26701 2.83192 43.807
6.73094 3.02099 44.088
6.23026 3.19584 43.764
7.15016 3.01502 43.555
6.38059 2.9561 44.334
5.90525 3.43808 43.763
5.31118 2.94337 43.84
5.44132 3.24901 43.859
6.06916 3.17018 43.891
5.3948 3.41739 43.802
4.99677 2.94785 43.905
5.01034 2.9197 43.998
5.73438 3.21688 43.842
5.13469 3.30928 43.793
5.01151 3.49274 43.76
4.05551 3.10102 43.822
4.55472 4.29592 42.176
4.61301 4.46281 42.236
4.53571 5.41434 40.629
3.5752 3.23365 43.806
3.37817 3.13862 43.872
3.37618 2.99888 43.953
3.33463 3.51661 43.843
3.14919 3.25369 43.876
3.06375 3.14309 43.97
3.15996 3.5191 43.826
2.95696 3.00485 43.957
2.75033 3.21744 43.871
2.59503 3.10784 43.921
2.44271 3.20785 43.987
2.44668 3.48733 43.748
2.24767 3.25255 43.846
2.59719 3.75074 43.764
2.13607 3.26812 43.904
2.20413 3.63055 43.793
1.82944 3.32839 43.855
1.80709 3.23087 43.826
-1.72615 3.43493 44.578
-0.86038 3.86986 43.822
-1.0127 3.96987 43.793
-2.35398 3.51375 44.496
-2.04056 3.43941 44.643
-2.15017 3.59471 44.569
-2.32765 3.89075 44.384
-2.1995 4.05665 44.238
-1.94454 3.31225 44.607
-2.94688 3.59208 44.479
-3.16428 3.53927 44.384
-3.58151 3.68498 44.381
-3.24474 3.77802 44.053
-3.91529 3.80154 44.152
-4.16961 3.60949 44.263
-3.69509 3.5608 44.299
-3.85999 3.75883 43.754
-3.95005 4.3052 43.765
-3.90154 4.27656 43.778
-4.74098 4.21863 43.793
-5.1544 4.14066 43.799
-4.87194 4.34629 43.81
-5.16499 4.37841 43.827
-4.99711 4.39 43.8
-5.35424 4.33918 43.723
-5.49299 4.41104 43.794
-5.78323 4.14961 43.523
-5.75409 4.23306 43.431
-5.68124 4.44167 43.703
-5.79283 4.45724 43.777
-6.11403 4.47579 43.777
-6.06353 4.58688 43.857
-6.47017 4.49483 43.811
-6.53905 4.5657 43.759
7.38201 5.55551 36.331
6.64737 5.49608 36.846
6.7396 5.59261 37.888
24.728 4.62365 32.737
24.5397 4.65429 32.657
24.4155 4.76787 32.49
22.8996 4.31424 33.456
22.4632 5.07521 33.586
23.2006 4.84108 33.473
22.0585 5.1229 32.54
21.4239 5.2158 32.589
21.2638 5.26001 32.502
19.753 5.65889 32.528
19.5055 5.45276 32.84
19.3833 5.70609 32.529
18.3274 2.7161 40.642
19.1941 3.2209 40.75
18.0926 2.91512 40.979
18.0052 2.66478 40.954
19.2922 3.23348 40.725
18.078 2.8734 41.239
17.8936 2.68035 41.176
18.3148 2.81412 41.378
17.6558 2.66976 41.036
18.3905 2.72918 41.485
17.7365 2.93417 41.207
17.3725 2.89742 41.419
17.7228 5.40826 33.573
18.0042 5.54402 33.672
18.1023 5.55661 33.891
18.3682 5.58077 33.813
18.4438 5.49584 33.924
17.3948 5.44089 34.498
17.3744 5.48311 33.458
17.4297 5.44039 33.898
16.5341 2.90936 41.472
16.345 3.37329 41.464
16.4305 3.48388 41.517
16.4287 3.84731 40.185
16.3801 3.87595 40.163
16.457 4.36405 38.576
16.4997 4.41935 38.561
16.3755 4.53293 37.988
16.2106 4.73095 37.839
16.2222 4.56307 36.427
16.3525 5.37187 36.375
16.2932 5.13511 37.162
16.298 4.98129 35.279
16.3719 5.25978 35.367
16.2523 4.71638 34.683
16.3254 5.42816 35.871
15.7936 5.37983 34.543
15.0328 5.44657 34.492
14.9076 5.49028 34.566
14.6766 5.46562 34.541
14.4738 5.45453 34.489
14.3419 5.51231 34.542
14.1187 5.54344 34.493
-6.18607 3.83388 56.939
-6.42962 3.90723 57.036
-6.34898 4.17164 56.954
-6.54121 3.9228 57.037
-6.31884 4.32496 56.89
-6.72268 3.93936 57.052
-6.15675 4.42049 56.889
9.34129 2.78815 43.808
8.99194 2.79312 43.94
9.78286 2.8797 44.05
8.67173 2.88154 43.793
9.98867 3.1004 43.869
10.0498 2.97374 43.979
8.70087 2.96499 44.488
8.34374 2.91417 43.809
8.6186 3.56717 43.826
8.01575 2.94679 43.842
8.59144 3.62346 43.866
7.97022 3.18505 43.831
8.46908 3.37362 43.818
7.7626 3.32777 43.799
7.09304 3.42117 43.766
6.43706 3.48641 43.815
6.03024 2.8912 44.662
6.38077 3.45926 43.797
6.38059 2.9561 45.308
5.80922 3.56524 43.782
5.69447 2.86803 44.794
5.72941 2.86753 45.751
5.38883 2.99817 44.564
4.48368 3.72388 43.767
4.23814 3.65749 43.813
4.15569 3.7565 43.783
4.42359 3.92041 43.765
3.76146 3.06328 44.876
3.53728 3.02454 44.567
3.76924 3.11907 45.668
3.43446 3.16577 45.62
3.23942 3.21048 45.534
3.43926 3.01196 45.693
4.54957 3.44341 44.761
4.07587 3.0588 45.718
2.87866 3.8865 43.815
2.46108 3.02588 45.368
2.57882 3.9327 43.816
2.72634 3.98651 43.814
-0.668149 4.11871 43.772
-0.672947 4.27252 43.817
-0.510853 4.36805 43.773
-0.87378 4.40117 43.787
-2.00346 4.08181 43.777
-1.95677 4.41659 43.783
-1.74616 4.48348 43.778
-2.30132 4.26775 44.276
-2.91757 4.17869 43.777
-2.90001 4.43002 43.773
-2.92716 4.48632 43.865
-3.26194 4.53301 43.8
-5.99945 4.66983 56.938
-5.98986 4.3622 56.742
-6.20906 4.67282 56.99
-3.79276 4.55455 43.764
-3.91014 4.65406 43.669
-3.56857 4.59329 43.75
-4.21777 4.64446 43.75
-4.83203 4.69514 43.801
-4.9019 4.69613 44.078
-5.24546 4.61716 43.887
-5.17459 4.68604 43.883
-5.49579 4.70459 43.932
-5.57924 4.73373 43.916
-5.83057 4.75129 43.899
-6.15856 4.78391 43.882
-6.45841 4.83011 43.85
-0.0401374 4.54305 43.79
-0.0826792 4.99091 43.791
-0.397094 4.99539 43.857
-0.0874775 5.14472 43.921
-0.572764 4.928 43.869
-0.933701 5.10087 44.943
24.1934 4.86887 33.267
23.9323 4.69089 33.235
23.4743 4.92104 33.382
23.1327 4.98181 33.382
22.1478 5.00981 33.743
22.1196 4.99624 33.142
21.8198 5.04244 33.775
21.487 5.22887 33.973
21.4491 5.01976 33.973
20.5932 5.28353 34.14
20.6302 5.42277 34.198
20.4613 5.34132 33.514
20.175 5.35937 34.237
20.274 5.44182 34.279
19.946 5.47445 34.346
19.7927 5.50458 34.311
19.062 2.77553 41.075
18.866 2.75036 41.788
19.2163 2.81526 41.874
19.238 3.84924 38.122
19.2438 3.76529 38.338
19.4293 4.02821 38.257
19.2945 4.37955 38.038
19.2738 3.41544 37.765
19.4572 3.53862 38.636
19.445 4.64297 38.006
19.265 3.28978 38.75
19.3364 4.86814 37.538
19.3453 5.49698 36.434
19.4005 4.95109 35.056
19.3366 5.37131 35.213
18.9679 5.48837 34.674
18.7242 2.61261 41.699
19.16 2.78811 41.989
18.5651 2.72669 42.399
18.8805 2.79209 42.087
18.7844 5.36519 34.137
18.8417 5.46222 34.397
18.6466 5.50692 34.739
18.5205 5.48077 34.234
17.9751 5.46058 34.583
17.0436 2.86017 41.699
16.6932 2.79528 41.977
16.5321 2.76962 42.366
16.7388 5.50614 34.564
17.3181 5.45596 35.444
17.5209 5.46705 34.736
16.3669 4.91043 37.632
16.4055 4.18308 36.517
16.2254 5.27584 37.442
16.4088 5.39902 37.262
16.2437 5.09388 35.257
16.9668 5.32119 35.953
16.9823 5.43278 35.983
-0.13716 4.60033 43.745
4.1719 2.93164 31.657
11.9828 2.77849 43.831
12.174 2.95747 43.851
11.8189 3.04638 43.834
11.6548 2.81111 43.847
12.1061 3.0982 43.843
11.7781 3.13082 43.859
12.4409 3.0515 43.843
11.3482 2.87139 43.832
11.3996 3.05235 43.798
11.4715 3.1911 43.843
11.5502 3.31577 43.814
11.0134 2.91808 43.766
10.8173 2.89292 43.835
10.7057 2.90849 43.913
10.3855 2.99691 43.832
11.0874 3.69973 43.707
10.2158 3.34875 43.843
10.1877 3.33517 43.722
9.69081 3.28634 43.778
9.58121 3.44164 43.81
9.01628 3.03038 44.159
8.37189 2.92774 44.668
8.0429 2.8905 44.898
7.69255 2.8256 45.176
7.91773 2.93421 45.794
8.21758 2.88801 45.795
7.61789 2.98041 45.779
8.54557 2.85539 45.795
7.2899 3.01303 45.779
7.35198 2.95624 45.85
7.0182 3.07281 45.895
7.38428 3.75246 43.745
7.03856 3.03059 44.849
7.19223 4.00678 43.811
7.0103 5.46296 38.222
6.65217 5.34227 38.649
6.33776 5.34675 38.73
7.44591 5.13529 37.56
7.36164 5.59773 37.433
7.3545 4.60547 37.912
6.55526 2.95361 45.832
6.63971 2.99434 46.041
6.32529 2.99882 46.155
6.73509 3.80364 43.81
7.0103 5.46296 38.122
6.06717 3.03044 45.209
5.9952 5.33765 39.266
6.26888 5.41761 39.529
6.14962 2.93143 45.768
5.03749 2.86341 46.109
5.70261 3.93015 43.818
5.08799 2.9745 45.669
4.41065 3.0121 45.751
4.61365 3.52635 45.803
4.47192 3.3886 45.681
4.31264 2.99952 45.753
4.75901 2.93726 45.85
4.51165 3.23429 45.621
4.73964 3.04935 46.483
4.08945 3.03065 45.219
4.53717 4.04459 43.827
4.57409 4.18383 43.798
4.5178 4.15668 42.04
4.45753 3.85004 41.728
4.75889 5.38321 42.217
5.05096 5.28121 42.401
3.83911 3.11808 44.924
3.10185 3.85537 43.823
2.88364 4.23585 43.814
2.98165 4.24843 43.794
-1.10756 4.67006 43.826
-1.09977 4.72586 43.863
-2.02845 4.78101 43.794
-1.74218 4.76296 43.745
-1.59565 4.74689 43.86
-2.33608 4.77141 43.877
-2.03325 4.93482 43.875
-2.38459 4.80006 44.466
-2.96391 4.85024 43.878
-2.64271 4.83169 43.811
-3.30647 4.84114 43.942
-2.93676 4.79394 44.38
4.07623 4.06513 33.526
-4.2032 4.68618 44.045
-4.53897 4.66301 43.8
-4.52341 4.7746 44.088
-4.53599 4.87262 44.189
-5.13667 4.89515 44.084
23.2644 6.86681 2.736
19.6248 5.493 34.411
19.4771 4.93603 34.262
19.2455 2.89871 41.099
19.2309 2.85698 42.887
19.1508 4.10206 40.144
19.111 4.25637 40.284
19.3417 3.27471 39.575
18.0421 2.80403 42.914
19.0901 2.7891 43.098
18.3099 5.41388 35.165
17.9673 5.40478 35.313
17.9537 5.43293 35.513
17.6529 5.40926 35.428
18.6029 5.38175 35.911
18.5904 5.47977 35.965
17.5937 2.72655 42.792
17.2783 2.66116 42.602
17.5316 2.78334 43.774
17.2104 2.80189 43.822
18.3031 5.42796 35.692
17.4637 5.37002 35.649
17.2813 2.87077 42.53
16.3868 3.35872 42.439
16.6098 2.82442 42.924
16.3848 3.21898 43.317
16.48 3.52511 43.515
16.2907 3.48587 43.516
16.484 3.80459 41.845
16.4889 4.15394 40.262
16.4268 4.21073 40.312
16.4522 4.51786 39.812
16.3787 5.2457 39.021
16.3164 4.79933 39.495
14.3312 2.80096 43.875
14.0032 2.83358 43.875
14.7175 2.93523 43.794
13.9519 3.15578 43.827
13.815 2.86422 43.745
13.981 3.23923 43.855
13.6752 2.86621 43.876
14.1024 3.4192 43.828
14.3431 3.6394 43.844
13.5686 3.23112 43.822
13.4113 2.98178 43.822
13.3686 2.92648 43.859
13.3328 3.36027 43.805
13.0687 2.97268 43.826
13.2853 3.45878 43.791
12.7689 3.01888 43.859
13.0088 3.67237 43.812
12.3702 3.48579 43.805
11.3106 3.6686 43.803
10.7678 2.8517 45.007
10.8872 2.89193 45.784
10.9998 2.94623 45.774
11.3278 2.91361 45.758
10.0022 3.07225 45.791
11.6558 2.88098 45.741
10.4758 2.95369 44.843
10.6582 3.007 45.758
10.3438 3.01148 45.839
9.46681 3.75076 43.85
9.17475 3.85276 43.723
9.17574 3.92263 43.773
9.68783 3.07673 45.905
8.79046 3.85823 43.752
8.84775 3.95525 43.806
8.90604 4.12215 43.85
7.16871 3.33623 45.929
7.855 3.92746 22.803
7.13477 3.40659 45.856
6.98227 3.00344 45.927
7.26391 3.64236 46.159
6.92931 4.19222 43.79
6.87401 4.23494 43.781
7.22916 4.14602 43.807
5.67411 2.91025 46.583
5.97003 5.53368 39.299
6.75317 5.56446 39.806
7.10153 5.48962 39.797
5.28502 3.06954 45.813
5.15985 3.11325 47.349
5.77926 3.91509 43.81
5.86669 4.16542 43.802
5.68376 5.55174 39.381
6.42319 5.45735 39.45
5.38883 2.99817 46.468
6.15249 5.58699 39.266
5.04715 5.50489 39.693
4.69113 3.07799 47.223
5.04616 5.43502 40.536
4.59528 3.70831 45.889
4.73701 3.84607 45.983
4.76615 3.92951 43.956
4.68967 4.44774 43.911
4.36168 4.48037 43.839
4.38982 4.49394 43.757
4.30655 5.02625 41.235
4.45806 5.35954 41.379
4.5425 5.40026 41.667
4.53933 4.68749 40.633
4.38982 4.49394 41.774
5.07132 5.23899 41.509
3.06908 4.49877 43.764
3.08465 4.61037 43.855
-1.41419 4.73033 43.778
-1.0395 5.03249 43.921
-0.984202 4.98977 43.995
-1.43157 4.98216 43.811
-0.725086 5.02801 43.856
-1.94518 4.2487 43.909
-3.32005 4.86928 44.197
-3.62089 4.84561 44.057
-3.78099 4.88983 44.24
-3.94309 4.7943 44.238
-4.23614 4.82642 44.254
-4.84262 4.9329 44.123
7.69987 4.32102 25.476
7.75336 4.64173 25.804
19.2339 3.06659 43.164
19.26 2.94043 43.812
19.2017 2.77354 43.825
19.5948 2.89373 43.811
19.0109 3.60089 43.514
18.5011 2.64374 43.724
18.4623 2.86793 43.808
18.1663 2.69044 43.741
18.2625 3.06645 43.893
18.2353 3.12274 43.773
17.8383 2.72307 43.774
18.3994 3.35801 43.739
18.666 5.39483 36.804
17.3076 3.24777 43.795
17.0775 2.78981 44.247
16.896 2.80637 43.937
17.2194 3.43072 43.815
17.554 2.88086 43.264
16.5866 3.16019 43.815
16.4497 2.86863 43.716
16.2478 2.92741 43.855
16.047 3.05606 43.924
15.8917 2.94646 43.92
15.6491 3.08968 43.831
15.5715 3.03488 43.839
16.4805 5.0346 39.429
15.4918 2.84034 43.848
15.2435 3.0675 43.855
15.3736 3.37314 43.878
15.2299 3.09565 43.813
16.3651 5.27385 38.124
16.9318 5.32169 36.862
16.7514 5.40812 38.366
15.0253 3.44799 43.811
15.0059 3.56008 43.828
14.9125 2.89052 44.511
14.3196 2.96884 43.754
14.2946 3.66804 43.746
12.271 2.90018 45.446
11.9488 2.84886 45.708
12.9989 2.97367 45.827
13.2308 3.06821 45.828
11.8793 3.85618 45.802
11.8492 3.70286 44.669
12.6906 3.90053 43.745
12.8459 4.01014 43.786
13.578 2.42033 8.146
11.723 3.67671 45.917
11.0069 3.93849 43.805
11.0371 4.0918 43.828
11.1574 4.2019 43.806
10.7304 4.15208 43.762
10.8111 4.41649 43.788
9.10505 4.35692 43.736
9.4554 4.42181 43.887
8.77028 4.40362 43.763
8.80621 4.47299 43.749
7.10264 3.11354 46.676
6.76487 2.95063 47.234
6.44367 2.96918 47.3
7.16408 3.9932 45.881
7.49325 4.53361 43.861
7.50782 4.57534 43.909
6.65428 3.03606 47.572
6.67663 3.13358 47.962
6.30493 3.04104 48.338
7.10118 4.48329 43.617
7.32237 4.31242 43.975
6.69951 4.74059 43.779
6.51706 4.68728 43.779
6.97647 3.08738 47.788
5.49563 3.13642 47.152
6.75118 5.42472 40.46
6.42899 5.3734 40.706
6.09321 5.35023 40.887
6.16607 5.55884 41.166
6.00877 5.3095 41.15
6.42419 5.52722 41.437
6.71526 5.35535 40.519
5.80215 5.5221 41.024
5.73608 5.29941 41.116
5.51009 5.62409 40.807
5.55462 5.31597 41.27
5.42266 5.37375 41.033
5.35279 5.37475 40.79
5.11023 5.51797 40.738
4.82987 3.00613 47.743
4.70307 3.91643 47.655
4.60768 3.10713 48.581
4.69113 3.07799 48.764
4.50937 5.03734 41.191
4.55952 4.14211 45.761
4.49744 4.1989 45.764
4.66831 4.42009 45.91
4.1279 4.74926 43.81
4.58205 4.74279 43.691
4.88869 4.68252 43.781
3.94263 4.9895 43.795
3.21959 4.76219 43.781
3.2585 5.04117 43.812
3.35652 5.05375 43.929
-1.3617 4.98117 44.167
-1.67032 4.9017 44.496
-1.85178 4.91826 44.679
-2.01288 4.8926 44.61
-2.34087 4.92523 44.577
-1.39084 4.89772 44.765
-2.64751 4.9855 44.496
-2.95414 5.04577 44.446
20.2712 2.78626 43.812
19.9296 2.84703 43.779
20.2985 3.23313 43.883
20.1937 3.23462 43.784
20.8419 3.11358 43.867
20.4558 3.48248 43.867
20.4713 3.59407 43.852
21.1553 3.03923 43.915
19.5173 3.34209 43.767
20.1829 2.96922 43.817
19.1961 3.36064 43.85
19.1835 3.45866 43.804
18.9029 2.88961 44.107
18.5603 2.88051 44.238
19.0056 5.19432 40.113
19.2366 5.21899 40.339
18.9649 5.27876 40.089
19.1811 4.75854 38.858
19.1755 5.34565 38.454
19.2589 5.31651 38.357
18.7 5.32447 38.682
18.5185 5.34103 38.733
18.5829 3.48119 43.801
17.9433 3.22474 43.783
17.881 2.77837 44.796
17.9722 2.80502 44.891
17.5462 2.82506 45.035
18.5593 2.81064 45.432
18.4827 2.82571 45.605
17.8403 2.86281 45.802
18.2604 5.37266 37.562
17.9741 5.39071 37.419
17.6393 5.43741 37.266
19.0513 5.45923 38.043
18.8688 5.40592 38.405
17.2968 5.42831 37.07
17.5744 2.83864 44.747
17.5055 2.9095 45.785
17.9615 5.48873 37.365
17.1105 5.59868 36.829
16.5768 2.96466 44.845
16.5906 3.43967 45.324
16.578 3.53769 44.339
16.6341 3.06168 45.739
16.6111 3.90062 44.782
16.5361 3.0491 45.802
16.1828 2.77459 45.485
15.2259 2.81617 45.763
16.3093 3.80708 43.801
16.5402 3.83174 43.81
16.3695 4.11371 43.587
14.8912 2.86287 45.763
14.5632 2.89549 45.796
14.3118 2.91305 45.747
14.2284 2.94219 45.797
16.2013 3.0958 45.785
14.0198 3.01504 45.614
13.8868 3.00296 45.731
14.7711 3.7591 43.77
14.712 4.0255 43.834
14.4238 3.90381 43.73
13.5588 3.03558 45.796
13.5035 3.0783 45.819
14.5743 4.16723 43.796
12.9683 4.25998 43.819
12.5015 4.36446 43.734
13.1256 4.50932 43.802
11.1896 4.49496 43.85
11.273 4.46582 43.871
10.5831 4.60143 43.768
10.4501 4.58935 43.812
8.46563 4.60363 43.735
9.25556 4.62034 43.752
8.35802 4.89868 43.784
7.19639 4.78942 43.814
7.70883 4.94985 43.817
7.1886 4.73363 43.418
7.8292 5.05995 43.827
5.99051 3.04551 48.47
6.10889 3.01587 48.801
5.86534 3.08923 48.617
6.93066 5.26842 42.023
5.65474 3.02234 48.617
6.41751 3.09534 49.116
6.35315 4.95518 43.803
6.13295 5.19592 43.702
5.86107 4.75253 43.827
5.26466 3.11176 48.129
6.50096 3.0662 49.393
4.6408 3.47006 48.902
5.81174 5.21447 43.719
5.57399 5.20388 43.924
5.49054 5.23302 43.801
5.21966 4.8595 43.747
5.43027 4.92639 43.842
5.38193 5.4582 43.798
4.69113 3.07799 49.375
4.75638 3.73397 49.122
4.93667 3.14438 49.722
4.77095 3.7757 48.043
4.44811 4.66084 45.702
4.76732 4.50254 46.014
4.58205 4.74279 45.579
3.92426 5.17146 43.84
3.60106 5.05027 43.696
3.89231 5.38157 43.932
4.12328 5.40623 43.709
4.21351 5.36302 43.866
3.54196 5.31667 43.863
4.42212 5.29016 43.86
3.25569 5.33473 44.227
4.48404 4.73021 39.775
22.0975 2.95593 43.735
21.7763 2.97448 43.801
22.4343 3.04897 43.8
22.152 3.34651 43.837
21.4697 3.03476 43.818
22.3025 3.60992 43.836
22.8002 3.22546 43.852
22.8535 3.043 43.843
22.4297 3.70595 43.779
21.9734 3.06951 43.853
21.4262 3.41275 43.902
21.3427 3.44189 43.803
21.1273 3.52882 43.754
20.6063 3.74589 43.834
19.8044 2.89075 44.917
20.0364 2.98528 45.689
20.3857 2.98031 45.59
20.7137 2.94768 45.525
19.1186 3.80901 43.819
19.1416 2.97007 44.949
19.1981 3.50038 44.875
19.031 3.0555 45.63
19.0498 3.87987 44.706
18.7284 3.39526 43.858
19.0643 3.92159 43.793
18.7961 2.75136 45.72
18.1469 2.80253 45.819
18.3314 2.99558 46.378
19.2001 3.64012 46.04
19.0042 4.11812 41.882
19.1352 3.99047 41.98
19.2508 4.25438 42.047
19.3642 3.87539 42.133
19.3266 4.67261 41.526
18.992 5.22247 42.016
19.0415 5.2637 41.981
18.5087 5.14549 41.5
18.6786 5.29682 41.917
19.0665 4.5645 40.651
18.6932 5.33854 39.85
19.2442 4.77162 38.695
19.0029 3.04193 45.968
18.5499 3.62143 43.756
18.8052 3.88335 43.77
19.3647 5.38488 39.269
18.0206 5.22232 39.189
18.4506 5.48176 39.518
17.8537 5.28061 39.176
17.1629 2.9004 45.95
16.8417 2.91896 46.015
17.6024 5.29816 39.197
17.5335 5.36903 39.061
17.387 5.38509 38.828
18.3875 5.46868 39.62
17.1822 5.23426 39.57
17.059 5.41772 38.643
16.382 3.51253 45.721
16.765 5.37997 40.271
16.6323 3.4251 46.215
16.6237 3.8026 45.945
16.6441 3.76038 43.817
16.6908 4.09516 43.843
16.4899 4.22381 43.771
16.582 3.81717 45.866
16.5201 4.37713 43.555
16.4318 4.56008 41.702
16.4649 4.92301 41.393
16.5048 5.27186 41.803
16.8406 5.29503 41.779
16.4068 5.25928 40.943
16.0416 4.14633 42.964
16.5696 4.41835 42.468
16.23 4.61886 43.567
16.3989 4.70032 43.567
14.8713 4.41458 43.851
14.3347 4.52006 43.789
12.8217 4.27604 43.866
12.6131 4.3489 43.801
13.2256 4.66164 43.819
12.3231 4.59063 43.831
12.2562 4.80124 43.819
12.6173 5.13154 43.848
11.8202 4.12258 45.803
11.8456 4.42971 45.686
11.7629 4.02556 44.932
11.7894 4.90572 45.503
11.4652 4.71466 43.805
11.6158 4.97808 43.806
10.2824 5.08093 43.737
10.2543 5.06735 43.866
9.61369 4.74103 43.784
9.79814 4.93408 43.789
9.63324 5.1321 43.803
9.96123 5.09948 43.818
9.31982 5.20645 43.77
9.94186 5.21157 43.904
8.32607 5.10878 43.819
8.30091 5.30482 43.82
8.6289 5.27219 43.82
8.44843 5.35862 43.834
8.74628 5.17268 43.898
7.98649 5.30929 43.827
7.9797 5.32337 43.868
7.68665 5.35549 43.901
7.4974 5.31626 43.879
7.35187 5.40219 43.901
6.80759 3.00592 49.442
6.96389 3.1854 50.042
6.73971 3.14666 50.265
6.45514 5.24724 43.473
6.07864 5.30851 43.861
5.90098 5.10138 44.04
5.23552 3.02831 49.901
5.50142 3.05248 50.277
4.77855 3.32833 50.506
4.79792 3.21624 50.723
5.18391 5.29329 43.702
5.77979 5.42458 43.777
5.02679 5.54711 43.822
5.29959 3.11126 49.978
4.76135 4.08332 49.631
4.69745 4.50354 49.256
4.61201 4.39294 47.575
4.73238 4.50304 48.026
4.70822 4.76895 46.318
4.66369 5.07707 45.858
4.44348 5.31781 45.782
4.78605 5.32691 45.909
4.50159 4.98154 44.833
5.05774 5.26714 44.24
4.79283 5.31284 43.987
3.55355 5.14879 44.653
3.77972 5.32726 45.451
4.5415 5.33039 43.85
4.64929 5.53851 43.729
3.6817 5.31468 44.611
-1.87133 4.52719 55.102
-1.84517 4.40102 55.06
-1.7296 4.66494 55.144
-2.06456 4.20847 55.001
-1.68489 4.85998 55.202
-1.9821 4.10946 54.929
24.1122 3.09497 43.671
24.2006 3.41518 43.762
23.7764 3.07179 43.852
23.7008 3.15673 43.813
23.8445 3.43422 43.814
24.5072 3.3549 43.798
24.4364 3.28603 44.059
23.7397 3.43572 43.912
24.0152 3.15226 43.895
23.4416 3.11849 43.852
23.4592 3.36983 43.792
23.2738 3.10691 43.875
24.3218 3.09198 43.896
23.1282 3.19284 43.786
23.0322 3.32 43.811
22.7645 3.65925 43.763
22.879 3.8533 43.817
22.0626 2.95643 44.918
21.6919 2.93375 45.115
22.3596 3.20378 45.19
22.6944 3.15709 45.174
21.3416 2.86886 45.442
23.0088 3.15261 45.026
23.1476 3.08075 45.01
22.2451 3.00974 45.252
21.0281 2.94321 45.393
21.8336 3.0715 45.307
21.0489 3.90731 43.812
20.7354 3.98166 43.763
20.7849 4.02289 43.785
19.0895 3.72556 46.017
19.0829 4.2428 43.764
18.8374 4.17641 43.805
18.7132 4.28999 43.747
18.6505 5.28324 39.734
19.2074 5.13554 39.286
17.6734 2.92109 46.821
18.0159 2.93019 46.689
17.3162 2.87027 47.083
18.541 2.9926 47.388
18.5661 2.79656 47.408
16.9815 2.91697 47.115
17.8358 4.02295 43.786
17.8532 3.77112 43.788
17.7088 4.43008 43.763
18.0001 4.76138 43.8
16.8495 2.97475 48.109
17.1561 2.91448 48.126
16.6545 3.01946 46.968
16.7149 3.82926 47.668
16.9949 5.33477 40.506
17.3433 5.25992 40.812
16.4787 5.39803 39.97
17.6296 5.24187 41.124
17.8286 5.47664 40.978
16.7325 4.08059 45.865
16.4344 3.76337 45.033
16.5987 4.5018 44.646
15.4013 4.82634 43.803
14.1882 4.53612 43.77
15.0492 5.12487 43.852
14.0942 4.80302 43.808
14.0612 4.94326 43.779
14.2311 5.09458 43.873
13.7478 5.01761 43.73
14.3728 5.23234 43.837
13.2761 4.77274 43.818
13.3916 5.03665 43.796
13.4198 5.05023 43.852
13.0501 5.09742 43.779
13.0647 5.13915 43.834
12.0282 4.98618 43.966
12.3873 5.17675 43.796
12.2272 5.22096 43.836
12.0593 5.20937 43.829
12.7153 5.14412 43.78
-2.51953 4.64823 56.966
-2.4826 4.78748 57.078
-2.76905 4.30237 57.077
11.9757 4.73535 45.833
11.8676 3.5209 45.392
11.705 4.86499 45.836
-2.27235 3.84803 55.105
-2.15976 3.90234 55.06
-2.65348 4.56628 57.175
10.3912 5.35891 43.981
10.3834 5.30312 44.205
10.7338 5.36801 43.878
9.66536 5.42516 43.933
10.0487 5.34981 44.206
9.72845 5.43824 44.042
9.60591 4.68523 43.887
8.96368 5.2255 43.835
9.21601 5.27781 43.912
8.55903 5.27319 44.456
7.15782 5.51677 43.812
7.02288 5.36495 44.097
6.96559 5.26792 43.928
6.06816 3.10031 50.609
5.79547 3.09022 50.559
5.73339 3.14701 50.592
6.44157 5.27538 44.082
5.4044 3.10977 50.821
5.06763 3.01672 51.166
6.00099 5.25371 44.77
5.65942 5.31448 44.688
5.36057 5.43055 44.458
6.2611 5.36182 45.681
6.37849 5.26231 45.665
5.2433 3.08411 51.871
5.44612 3.0952 51.93
4.7552 3.16094 51.963
5.78079 5.49445 44.86
4.81647 3.53744 50.914
4.82525 3.66311 50.931
4.67211 4.19641 47.747
4.64993 4.60205 47.295
4.65988 5.30075 47.115
4.6569 5.09114 46.714
3.69428 5.21667 45.606
3.3595 5.26336 45.557
4.10192 5.37858 45.691
3.24013 5.22313 45.529
-2.32385 3.66707 55.11
-2.60532 3.53131 55.097
-2.88661 3.89871 57.151
25.4699 3.22938 43.714
25.2477 3.33038 43.859
25.5824 3.28368 44.029
25.1419 3.262 43.798
24.942 3.46053 43.792
25.5836 3.85672 43.76
26.0735 3.41646 43.837
25.4652 3.88636 43.731
26.0803 3.40239 43.891
24.7857 3.28105 43.895
24.7712 3.23933 43.923
25.3982 3.5938 43.858
24.6791 3.64597 43.798
24.4052 3.06284 44.649
24.0345 3.04017 44.879
24.8061 3.23883 44.793
23.8385 3.015 44.945
25.0303 3.27757 44.722
24.3296 3.14778 44.874
23.6716 3.07329 44.945
23.4969 3.07577 45.025
24.6809 3.28254 44.821
23.3504 3.09184 45.026
24.0299 3.69714 43.764
24.1076 3.75194 43.853
22.4598 3.85927 43.755
22.4686 3.98493 43.885
22.6103 4.12268 43.788
22.2135 4.22617 43.777
20.8578 4.2315 43.919
20.9287 4.30038 43.835
20.5444 4.30585 43.713
20.5376 4.31992 43.788
18.868 2.8901 47.503
18.9805 2.94441 48.216
18.3673 3.06495 48.149
18.2683 2.9825 48.392
19.0925 3.93517 47.737
19.0713 4.41068 43.593
19.1597 4.73089 43.806
18.7104 4.58355 43.817
18.6681 3.08862 47.97
18.5852 4.62726 43.803
19.2081 4.19908 43.843
18.4552 4.82478 43.805
18.3913 5.245 41.367
18.1749 5.26206 41.287
18.0352 5.26405 41.178
17.8693 5.3922 41.122
18.7932 5.49086 41.766
17.9969 4.04861 43.838
17.0674 4.53706 43.747
17.907 5.09815 43.731
17.0335 4.60742 43.761
17.5655 5.15892 43.699
17.0434 5.30612 40.574
17.6812 2.97689 48.658
17.7802 3.05934 48.646
18.0237 2.98599 48.527
16.6313 3.35523 48.996
17.5413 5.42483 41.156
16.7806 3.04562 48.951
16.6888 3.95542 47.751
17.2742 4.82762 43.787
16.7578 4.38772 44.072
16.5532 4.74005 43.996
16.5546 3.3703 47.092
16.7956 4.09367 47.805
16.6957 4.44451 47.478
16.5316 4.20924 45.805
16.6143 4.61339 45.749
16.4153 4.37862 41.828
16.4222 4.86771 43.454
16.3272 5.06474 43.524
16.0417 4.6495 43.813
16.0263 5.04107 43.704
16.4689 5.20249 43.831
15.9351 5.01441 43.861
15.677 5.04604 43.788
14.0516 5.25089 43.886
13.745 5.31116 43.869
13.8779 5.32324 44.076
13.5771 5.29957 43.819
13.4383 5.37143 43.82
13.1171 5.38998 43.902
12.8163 5.36631 43.749
12.7892 5.42261 43.901
11.7944 5.25507 43.806
11.7313 5.24199 43.845
11.4033 5.27462 43.861
11.2694 5.19266 43.821
11.0686 5.32132 43.878
10.9298 5.39318 43.862
10.5086 5.2594 44.632
10.497 5.42729 44.738
8.74248 5.39637 44.5
8.39992 5.38727 44.681
8.02143 5.3088 44.992
7.88947 5.36658 45.162
7.69923 5.25748 45.255
7.97871 5.2535 45.783
7.88947 5.36658 45.82
8.21746 5.33396 45.821
8.48337 5.35813 45.733
7.32752 5.16493 45.616
7.24028 5.41776 45.729
7.07619 5.18249 45.811
6.76008 3.10444 51.471
5.9925 3.18525 52.43
5.89349 3.1028 52.386
6.44467 3.03905 51.749
5.66451 3.21788 52.463
6.6929 5.25783 45.599
7.24028 5.41776 45.87
6.05728 5.28086 45.764
6.80648 5.382 45.6
5.75065 5.34113 45.803
5.70114 5.2999 45.796
5.37315 5.33253 45.846
5.37415 5.4024 45.663
5.11234 3.21176 51.717
4.89214 3.4525 52.326
4.76597 3.42635 52.216
5.3491 3.15248 52.741
4.82344 4.02653 51.44
4.89693 3.29869 52.953
4.78768 4.46032 51.196
4.86797 3.71841 51.864
-6.875 4.03936 57.068
-6.64783 4.28771 57.07
-6.72449 4.30278 57.117
-6.52547 4.53755 57.052
26.7149 3.30949 43.869
26.9188 3.39045 43.812
26.485 3.35469 43.846
26.4083 3.36976 43.82
26.8383 3.6292 43.846
26.4899 3.70404 43.764
27.0625 3.66794 43.829
27.1429 3.42919 44.24
26.7792 3.8956 43.845
27.1138 3.34574 44.312
26.6201 4.00968 43.803
25.7144 3.2259 44.526
25.7611 3.56068 44.519
25.3583 3.24495 44.608
25.1748 3.12177 44.766
26.0649 3.79396 44.464
25.9194 3.87989 44.459
25.729 3.26762 44.563
23.9958 3.26435 44.913
24.4948 3.95608 43.779
24.489 4.04003 43.764
23.9253 4.2018 43.793
22.7191 4.40067 43.853
22.8297 4.31524 43.78
21.2121 4.57588 43.78
21.4479 4.44673 43.809
20.3329 4.67226 43.777
20.1942 4.74412 43.764
19.5332 4.46001 43.87
19.0436 2.95749 47.562
18.9388 2.95898 49.16
19.1392 4.26995 46.056
19.0529 4.59264 45.706
19.0258 4.64894 46.289
18.6291 5.25559 43.901
18.3867 2.95286 49.104
18.603 2.93581 49.34
17.4714 5.42582 43.811
16.6836 3.10291 48.723
16.7469 3.61915 49.167
16.899 3.01598 49.783
16.4813 4.60131 45.65
16.6047 4.92102 45.657
16.5638 4.5023 44.935
16.5192 4.81042 45.043
16.2535 5.28942 43.863
16.0856 5.27783 43.845
15.9537 5.33562 43.862
15.5033 5.1184 43.967
15.3772 5.09224 43.837
14.7008 5.19971 43.787
14.6086 5.10319 44.003
14.7038 5.40932 44.184
14.3748 5.37208 43.923
11.8982 5.18371 45.831
11.8779 5.22593 45.75
11.3237 5.08008 45.787
11.578 5.27213 45.716
11.2636 5.27661 45.814
-6.2993 4.71603 56.772
11.0947 5.19515 45.131
10.8027 5.29715 44.967
11.5295 5.30078 45.591
11.1171 5.29267 45.461
10.5232 5.30113 45.74
10.6358 5.35543 45.864
10.1505 5.13871 45.673
9.80112 5.14369 45.738
9.48671 5.14816 45.784
9.46634 5.19038 45.754
9.97001 5.22514 45.829
9.16749 5.30645 45.805
9.14514 5.20893 45.788
8.81715 5.24156 45.804
8.76864 5.2702 45.818
8.51731 5.28776 45.82
8.29113 5.10928 45.83
7.56628 5.24539 45.786
7.18182 4.7477 45.982
6.89572 5.26892 46.41
6.90859 3.22812 52.428
5.0269 3.10116 52.988
5.92433 5.26877 46.755
5.4614 5.14957 46.212
6.44057 5.20551 47.286
5.63127 5.3009 46.771
5.79916 5.31249 46.715
6.45514 5.24724 46.224
4.86218 3.80235 52.883
5.42476 3.06755 53.9
4.87013 4.36131 49.609
4.80442 5.14495 49.961
5.26636 5.19428 50.047
5.29451 5.20786 50.008
5.33623 5.19329 49.069
4.73555 5.21582 47.951
5.20527 5.32094 48.091
28.4617 3.28462 43.993
28.1988 3.47006 43.993
28.1347 3.38711 43.911
28.4259 3.71841 43.796
28.3143 3.73397 43.754
28.9548 3.55713 43.935
27.8718 3.57255 43.811
27.7786 3.40616 43.994
28.5471 3.39522 44.155
28.62 3.60383 43.951
27.6175 3.3805 44.205
27.4641 3.41064 44.157
27.5817 3.81429 43.82
27.638 3.84144 43.754
27.438 3.5368 43.771
26.5742 3.24161 44.467
25.9651 4.1448 44.259
25.8409 4.25838 44.354
25.6303 4.1915 43.737
25.7555 4.14779 43.761
25.3237 4.25177 43.737
25.4149 4.27843 43.775
25.5654 4.54184 43.763
24.6386 4.23357 43.796
24.3028 4.2104 43.748
24.1892 4.08623 43.797
24.1804 3.96056 43.731
24.6473 4.35924 43.754
24.7959 4.48292 43.763
24.0758 4.46522 43.794
23.9428 4.45313 43.77
22.9734 4.59273 43.885
23.1878 4.43593 43.882
22.5077 4.76708 43.826
22.1815 4.43628 43.747
21.938 4.50963 43.788
21.9837 4.77454 43.787
22.0749 4.8012 43.887
22.2739 5.03597 43.755
21.2792 4.86843 43.836
21.5848 4.73829 43.907
20.9658 4.94278 43.787
21.6353 4.84939 43.721
21.3948 5.13235 43.867
20.0866 5.03916 43.821
20.3311 5.03568 43.787
20.4 4.96481 43.973
19.9964 5.08238 43.787
20.631 4.98948 43.771
20.599 5.19959 43.843
18.6613 3.1027 49.79
18.9883 3.0002 49.872
18.311 3.0378 50.068
18.2428 5.12132 43.535
18.3225 5.31586 43.801
18.3157 5.32994 43.852
17.8469 5.29468 43.751
18.7844 5.36519 43.773
17.9877 5.36256 43.853
17.681 5.42284 43.836
17.2192 2.92756 49.915
17.556 3.0206 50.146
17.6327 3.00553 50.462
17.7995 2.94725 50.513
17.9674 2.95883 50.462
16.6091 3.76088 49.734
16.8166 3.11499 50.006
17.2066 3.02557 49.942
16.6432 4.19367 49.538
16.7966 4.16354 49.563
16.7908 4.24748 47.931
16.7297 4.37414 48.028
16.7191 4.6119 48.357
16.8239 4.61041 48.358
16.5038 5.20199 45.832
16.5534 5.24322 45.762
16.8318 5.16937 45.797
15.9846 5.05564 45.784
16.7131 4.19268 44.93
15.9235 5.1823 45.198
16.5873 5.17285 44.076
16.6476 5.47948 43.797
17.06 5.48759 43.801
16.662 5.01804 44.112
15.2316 5.17818 44.567
15.2675 5.24755 44.689
14.9114 5.2666 44.47
15.5606 5.21542 44.992
15.1424 5.29126 44.026
15.6247 5.29837 45.001
15.3045 5.38679 44.886
12.9103 5.09941 45.7
13.4703 5.16133 45.775
12.3184 5.24761 45.735
12.663 5.39645 45.145
12.9347 5.33667 45.043
12.2272 5.22096 45.584
13.1355 5.20802 44.754
13.0365 5.12557 45.829
10.9424 5.29516 45.88
6.70478 3.14716 53.261
6.83872 3.22911 53.704
6.75428 3.18838 54.055
6.09052 3.19783 54.267
6.63661 5.23068 47.569
6.48908 5.17687 48.212
6.29206 5.08184 48.077
6.94324 5.1704 48.096
5.85347 5.1999 48.664
6.9742 4.89043 48.618
5.68657 5.25818 48.757
5.11234 3.21176 53.638
4.84842 3.32734 54.064
4.80986 4.05468 53.278
4.68504 5.10472 48.569
29.9727 3.38889 43.853
30.0377 3.54171 43.87
29.6243 3.46374 43.836
30.0892 3.72268 43.797
29.6758 3.6447 43.811
30.1883 3.80513 43.805
29.769 3.8111 43.73
29.4904 3.38178 43.942
29.8263 3.90812 43.796
29.2963 3.49636 43.934
29.3566 3.80299 43.843
29.1779 3.526 43.86
29.1276 3.91807 43.779
28.9238 3.83711 43.812
28.7665 3.58777 43.861
28.7928 3.96477 43.797
28.5764 3.98183 43.764
28.4513 4.02554 43.796
27.7536 4.10536 43.82
27.51 4.17871 43.829
27.413 4.236 43.763
27.8624 4.38335 43.869
26.5813 4.23386 43.826
26.9646 4.15852 43.764
26.2204 4.40672 43.812
26.8105 4.62195 43.928
27.0948 4.46416 43.846
26.0322 4.43736 44.455
25.8575 4.43985 43.859
25.5169 4.57049 43.89
25.2306 4.58854 43.747
25.1171 4.46437 43.831
24.6028 4.66736 43.83
24.9308 4.63474 43.747
24.5553 4.76588 43.913
23.7779 4.65116 43.811
23.9614 4.77434 43.813
24.2127 4.75678 43.859
24.2962 4.72764 43.796
23.6294 4.52748 43.737
23.6266 4.82103 43.829
23.3519 4.6712 43.799
23.5374 4.93412 43.751
22.9852 4.928 43.862
23.09 4.92651 43.739
23.3132 4.89538 43.83
22.6786 4.98828 43.829
22.0507 5.0671 43.895
21.7421 4.98763 43.859
21.7227 5.09973 43.927
20.9755 5.13832 43.845
19.6616 5.12907 43.803
19.4607 5.25773 43.807
19.3336 5.1617 43.886
19.2481 5.0511 44.085
19.1687 5.35972 43.801
18.9574 3.28018 50.252
18.909 3.81199 49.637
18.8001 3.03084 50.849
18.9774 5.18075 43.951
18.9347 5.12545 44.014
19.7887 5.2251 43.858
18.4138 2.89657 51.038
18.4429 2.98002 51.128
16.671 3.20092 50.315
17.5645 5.08905 44.159
17.3365 5.274 44.394
16.659 4.80843 47.045
17.1463 5.16489 45.666
16.2254 5.27584 45.489
15.8624 5.30896 45.814
16.1904 5.27634 45.782
15.8469 5.19737 45.288
15.2578 5.05201 45.804
15.1608 5.1093 45.812
14.9444 5.12636 45.755
14.7775 5.18464 45.804
14.6232 5.14491 45.804
14.4165 5.3575 45.796
14.3097 5.21926 45.739
14.2728 5.08001 45.795
13.9536 5.2383 45.805
13.8827 5.16943 45.823
13.6042 5.24328 45.919
12.6454 5.14512 45.819
6.83393 3.38292 55.045
5.76253 3.23046 54.285
6.74568 3.56588 55.018
6.91439 3.14417 55.083
6.25841 3.20942 55.016
6.32149 3.2225 55.099
5.74796 3.18874 55.101
5.67229 3.27367 55.115
6.00778 5.23963 48.659
6.24653 5.32009 48.999
4.8122 5.20075 48.845
4.73285 3.06342 55.071
4.75421 3.09107 55.074
4.74461 3.3987 55.115
4.90472 3.35449 55.092
4.38649 3.27801 55.114
5.01532 3.26905 55.377
4.41662 3.43132 55.132
4.54378 3.52735 55.08
5.19578 3.18262 55.231
5.35788 3.27815 55.23
4.8905 4.31909 51.594
4.92362 4.68202 52.161
4.91502 5.05952 51.753
5.32845 5.13749 51.882
3.49076 3.19292 55.121
3.15598 3.23962 55.105
3.18512 3.32307 55.226
3.38414 3.55784 55.093
3.43645 3.30551 55.523
3.21724 3.61612 55.033
2.90763 3.46679 55.112
3.52786 3.83533 55.16
4.08863 3.46395 55.101
2.81341 3.23052 55.202
2.70861 3.23201 55.21
2.87468 3.60702 55.164
2.49221 3.24907 55.318
2.4389 3.43153 55.131
2.17879 3.32342 55.186
2.09833 3.56217 55.09
1.93425 3.3269 55.123
2.10892 3.32441 55.769
1.86537 3.39776 55.088
1.947 3.73205 55.099
2.24205 3.83966 55.122
1.61603 3.55506 55.06
1.55096 3.40224 55.138
1.44516 3.33386 55.175
1.15508 3.5756 55.059
0.944479 3.50872 55.072
0.815506 3.77611 55.033
0.623276 3.52727 55.083
0.616488 3.54134 55.089
0.704908 3.86155 55.132
0.966014 4.03953 55.081
0.405064 3.90775 55.106
0.253561 3.57446 55.089
0.254556 3.64433 55.074
0.0836845 3.42313 55.123
-0.0462829 3.62066 55.072
0.0702846 3.95445 55.066
-0.21417 3.60907 55.089
-0.367486 3.63921 55.137
-0.22956 4.00065 55.017
0.0722743 4.09419 55.138
-0.676108 3.55974 55.142
-0.688689 3.65776 55.154
-1.10873 4.09702 55.05
-1.75792 4.1482 55.084
7.75716 4.41804 22.813
-0.391654 3.90512 32.469
4.87646 5.78686 32.476
30.1573 4.08511 43.797
30.332 4.08262 43.853
29.9768 4.17154 43.763
29.7876 4.1323 43.813
29.1025 4.1141 43.796
29.1326 4.26742 43.796
29.4674 4.22072 43.764
28.7269 4.24524 43.78
28.7978 4.31412 43.796
28.4912 4.37439 43.797
27.4801 4.52856 43.846
27.8148 4.48186 43.83
27.1453 4.57525 43.896
26.1322 4.58968 44.338
25.7024 4.83341 43.808
25.2326 4.72828 43.882
23.9284 4.91457 43.812
22.6718 5.00235 43.728
22.3506 5.0209 43.846
21.3724 5.03483 44.256
20.0808 5.12311 44.584
19.7227 5.00241 45.043
20.1507 5.12211 45.585
20.2565 5.19049 45.614
20.4573 5.06184 45.569
19.125 5.23455 45.684
18.8011 3.10071 51.476
18.8079 3.08664 51.654
18.4585 3.09161 51.784
18.9557 4.14677 47.749
19.0645 4.42476 47.434
18.9851 4.73338 47.056
18.9415 5.11137 47.679
18.8425 5.02892 47.342
18.6485 5.1435 47.395
18.5291 5.10327 47.326
18.5572 5.11685 48.19
18.8784 5.0983 45.891
18.8038 5.2531 45.782
18.1295 3.05436 52.031
18.8128 3.43599 51.936
18.4175 5.11884 45.289
18.7766 5.3094 45.527
18.1186 5.23491 45.125
18.2574 5.16305 45.67
18.4758 5.28573 45.848
18.4874 5.11784 45.97
17.1503 2.99842 51.603
16.9272 3.02955 51.687
16.907 3.57494 51.113
17.4929 3.00752 52.441
16.8234 3.10092 52.442
17.8005 3.01712 52.31
16.6664 3.8579 51.476
17.4529 5.10462 45.716
17.8382 5.16901 45.773
17.0794 5.3755 45.717
16.8318 5.16937 46.012
16.8369 3.07277 51.538
16.8033 4.14946 51.433
17.2443 5.17747 46.145
16.7442 4.41587 49.917
16.8151 4.48474 49.924
16.761 5.10049 48.215
17.2219 5.07995 48.03
7.23559 3.12562 55.017
7.21722 3.30758 55.014
7.00462 3.10096 55.194
7.35216 3.45941 55.067
7.58014 3.27446 55.114
7.36772 3.571 55.013
7.66558 3.38506 55.165
6.63491 3.14815 55.127
6.62812 3.16223 55.132
6.40312 3.55678 55.133
6.00028 3.24105 55.115
5.9334 3.45165 55.018
5.44331 3.38875 54.953
5.09794 3.6732 55.28
4.99993 3.66062 55.305
5.572 5.06414 50.26
5.88741 5.12953 50.538
5.95248 5.28235 50.59
5.31487 5.16564 50.95
5.28772 5.22193 50.95
5.65263 5.32855 50.392
4.61517 5.10572 50.473
4.70108 3.77669 55.048
4.88073 4.12356 53.326
4.88471 4.40304 53.345
4.79447 4.44625 53.094
4.98272 4.41562 53.49
4.87312 4.57092 51.851
4.91865 4.33267 51.652
5.55064 5.03649 52.143
4.12357 3.46345 55.131
4.72958 4.7966 50.745
3.82372 3.50965 55.098
3.90336 3.70419 54.999
3.85005 3.88665 55.1
3.77702 3.17487 56.017
3.69557 3.34375 55.806
3.47139 3.30501 55.787
4.435 3.24936 56.658
3.55021 3.93285 55.083
3.68515 4.08467 55.127
2.25282 4.10507 55.034
1.59268 3.38767 56.149
1.30542 3.33585 56.411
0.976429 3.29861 56.575
1.55874 3.45804 57.036
1.35211 3.67063 56.992
1.71404 3.56764 57.048
1.23753 3.47659 57.036
1.86537 3.39776 57.085
1.18803 3.43536 57.041
0.930903 3.53686 57.003
0.698939 3.44233 57.06
0.574764 3.55591 57.036
0.989363 4.20692 55.117
0.0273905 3.39598 56.657
0.251572 3.43472 56.928
-0.271459 3.51205 56.411
-0.053071 3.63473 57.036
0.253561 3.57446 57.07
-0.136517 3.66388 57.082
0.367144 3.69864 57.043
0.201423 4.32995 55.154
-0.176074 4.32135 55.109
-0.56352 3.61405 56.231
-0.66932 3.54567 57.041
-0.660542 3.67134 57.102
-1.02745 3.42498 55.765
-0.367486 3.63921 57.101
-0.967175 3.73161 57.053
-0.973963 3.74569 57.073
-3.07984 3.57999 57.019
-3.06328 3.76146 56.929
-2.81575 3.96759 56.634
-3.35153 3.63977 56.936
-7.05067 3.97198 57.036
-6.95446 4.34799 57.02
-7.05927 4.34948 57.045
-6.90197 4.59882 57.046
30.106 4.40731 43.929
30.1138 4.4631 43.844
29.6722 4.37155 43.844
29.7576 4.48215 43.896
29.1977 4.42024 43.927
29.0949 4.56147 44.028
29.4228 4.52885 43.913
28.7804 4.56595 44.042
28.7669 4.5941 44.093
28.2612 4.4196 43.975
28.1564 4.42109 43.846
28.4389 4.62672 44.143
27.3976 4.62757 44.321
27.3782 4.73966 44.323
26.4757 4.66865 43.993
26.0012 4.71734 43.908
25.7896 4.58058 44.535
25.483 4.64085 44.502
25.1346 4.7157 44.437
25.2676 4.72778 44.726
24.7988 4.69253 44.666
24.8911 4.78905 43.961
24.4427 4.71157 44.797
24.1079 4.75827 44.798
23.8867 4.92914 44.876
23.7586 4.76325 44.912
23.4587 4.80945 44.961
23.4034 4.85216 44.992
23.1239 4.85614 44.994
22.9571 4.91443 45.112
22.8027 4.87469 45.093
22.4748 4.90732 45.149
22.4748 4.90732 45.158
22.1254 4.91229 45.256
22.0847 4.99673 45.154
21.7906 4.95899 45.29
21.6519 5.03085 45.231
21.4345 4.97804 45.355
21.1279 5.03831 45.372
21.1065 5.01066 45.432
20.7717 5.05736 45.438
20.7242 5.15587 45.49
19.9081 5.26533 45.597
19.8227 5.15473 45.618
19.4665 5.17378 45.684
19.3054 5.14812 45.854
19.1617 4.87063 45.804
19.0493 5.31949 45.745
18.9701 3.68533 51.853
18.9069 3.16909 52.41
19.0703 4.34081 49.366
18.0189 3.1398 52.367
18.2072 3.10916 52.869
17.1979 2.89991 51.858
16.8864 3.11399 52.908
17.7809 5.07199 46.651
18.0458 5.02629 46.904
17.4752 5.20214 46.471
18.2021 5.20576 47.13
18.3117 5.05046 47.137
18.4486 5.34202 47.22
17.1958 5.20612 47.379
17.7673 5.10014 46.768
16.9078 3.14164 53.313
16.783 4.19168 51.421
16.8598 4.67978 50.092
16.7803 4.9884 48.981
9.2696 3.15257 55.215
9.15122 3.18221 55.189
9.35024 3.41698 55.057
8.96198 3.14297 55.395
9.66946 3.25869 55.131
8.79608 3.27112 55.135
8.96695 3.49232 55.018
9.61035 3.52509 55.084
8.96894 3.63206 55.052
8.6272 3.18967 55.379
9.42193 3.05256 55.426
8.34093 3.20772 55.119
8.29341 3.30624 55.149
7.98678 3.36651 55.099
7.9285 3.19962 55.124
8.24309 3.6983 55.107
7.95682 3.71636 55.151
8.09258 3.43489 55.075
7.77237 3.52331 55.032
6.70215 3.94387 55.003
6.70993 3.99967 55.083
5.68587 3.24553 56.232
5.88869 3.25662 57.078
5.62378 3.30232 57.119
5.95856 3.25562 57.136
5.32095 3.13891 57.131
5.29579 3.33494 57.152
6.27976 3.23707 57.07
5.44331 3.38875 57.229
6.5318 5.23217 51.032
6.90433 4.89142 50.527
5.44051 3.6823 55.133
5.19894 3.89539 55.14
5.04346 3.28263 56.363
4.89612 3.73198 56.723
5.11731 3.56111 57.067
4.96002 3.31177 57.134
4.9678 3.36757 57.202
4.79231 3.80335 55.018
4.83157 5.08866 50.909
4.72706 3.14736 56.855
4.49129 3.27651 57.018
4.65438 3.44191 57.103
4.60686 3.54043 57.101
4.33318 3.46046 57.119
4.85837 4.02604 55.081
4.72741 4.15369 55.086
4.86551 5.01829 53.619
4.95674 5.04494 53.586
5.17993 5.01381 53.57
4.84661 3.69076 53.641
4.12357 3.46345 57.075
4.01197 3.47901 57.169
3.79973 4.27872 55.086
3.45816 4.33949 55.02
3.10747 3.26826 57.035
2.80762 3.31446 57.019
2.79405 3.34261 57.064
3.33563 3.58648 57.035
3.37056 3.58598 57.086
3.60533 3.38697 57.081
2.48642 3.33301 57.052
3.69176 3.56743 57.037
2.94455 3.60603 57.097
3.1434 3.33764 57.118
2.4389 3.43153 57.11
2.15843 3.36564 57.052
2.14784 3.6034 57.079
1.96239 3.34048 57.096
2.2702 3.85324 57.112
2.07317 3.7582 57.07
2.57402 4.08652 54.985
2.47419 4.43736 55.07
2.15299 4.45591 55.102
2.59076 4.77114 55.079
1.84319 3.80341 57.098
2.43428 4.08851 55.074
2.61293 4.3655 55.074
1.75196 3.77675 57.103
0.904746 3.66303 56.913
1.45891 3.80888 57.136
1.1387 3.8973 56.956
0.897315 4.61356 55.086
0.891522 4.6975 55.155
1.53873 4.50659 55.201
0.133367 3.96752 57.054
0.213009 4.16207 57.017
-0.844814 3.98145 57.105
-0.673942 4.20265 57.023
-1.17298 3.51091 57.154
-1.28159 3.73609 57.119
-1.26503 3.91755 56.995
-1.45726 3.66871 57.077
-1.3569 4.82735 55.169
-2.8477 4.17769 56.364
-6.53027 4.69137 57.023
-6.85826 4.72399 56.99
28.0759 4.65984 44.225
27.748 4.69246 44.307
18.9157 3.29475 52.521
18.6264 3.1032 52.947
18.5342 3.00667 53.017
18.7683 3.74411 53.488
18.2275 3.06694 53.897
17.2202 2.99743 53.575
17.5919 3.08997 54.094
17.6404 3.06133 54.181
17.9053 3.01562 54.176
16.9485 3.0572 54.471
16.9186 3.40705 52.212
16.8568 4.47017 51.778
16.8153 4.9879 49.79
16.6598 4.37514 49.265
16.8133 4.84816 50.432
17.1025 5.03972 50.006
12.8466 3.07368 55.134
12.5399 3.13395 55.068
13.1562 3.22302 55.129
13.0398 3.3924 55.095
12.9573 3.49141 55.034
12.4662 3.35863 55.013
12.4333 3.49887 55.078
13.4618 3.09287 55.133
12.2323 3.12436 55.209
12.7651 3.24256 55.117
12.2051 3.18065 55.068
11.8975 3.17106 55.216
11.9286 3.39424 55.175
11.7714 3.1449 55.208
11.5841 3.2454 55.151
11.4521 3.30319 55.121
11.7608 3.38266 55.636
11.2948 3.05385 55.187
11.2425 3.30617 55.085
11.0261 3.32323 55.079
11.7532 3.83002 55.17
10.9145 3.3388 55.15
10.8203 3.10253 55.259
10.6215 3.37092 55.092
10.5652 3.34377 55.265
10.5013 3.76399 55.095
10.4382 3.75091 55.058
10.5331 3.05072 56.102
10.5293 3.2744 56.21
10.2061 3.15321 55.922
10.2701 3.23616 55.781
11.0726 3.15485 56.555
9.88585 3.24163 55.774
9.83436 3.06066 55.549
10.0955 3.23865 55.156
10.767 3.28499 56.308
9.23567 3.22293 56.053
9.87345 3.84281 55.095
9.97047 3.78552 55.164
8.41659 3.12278 55.789
8.81282 3.95575 55.071
8.49823 3.45706 55.119
8.40038 3.94765 55.092
7.57335 3.28853 56.463
7.25116 3.23722 56.741
7.55978 3.31668 57.104
7.55399 3.40063 57.129
7.18228 3.30808 57.026
7.84704 3.3685 57.113
8.02172 3.36601 57.069
7.23278 3.41918 57.179
7.79672 3.76057 57.081
6.92896 3.1859 56.988
6.7922 3.3975 57.114
6.6417 3.13408 57.114
6.60776 3.20445 57.07
6.62631 3.52565 57.145
6.28655 3.223 57.08
6.89537 4.26259 55.05
6.85926 3.69005 55.389
6.59073 4.4626 54.937
6.95564 4.56922 55.36
5.61419 3.60995 57.098
5.76469 3.87336 57.147
5.81555 4.99079 52.412
6.16788 5.19542 52.7
6.47352 5.06528 52.946
5.00771 3.71642 57.163
5.32792 3.628 57.31
4.41481 3.79475 57.162
5.01567 4.27538 55.066
4.74596 4.4749 55.003
4.80904 4.48797 55.096
4.49562 4.56232 54.997
5.12346 4.4835 55.047
4.45273 4.00386 57.092
3.45799 3.83632 57.101
3.44541 3.93434 57.064
3.85322 4.59942 55.096
4.00653 4.56929 55.127
3.50188 4.46466 55.161
3.21859 4.69232 55.112
2.28412 4.83142 55.014
2.8906 4.72494 55.095
2.87901 4.89283 55.189
1.88989 4.13819 57.015
1.96971 4.83589 55.096
1.9212 4.86454 55.125
1.1291 4.20493 57.175
1.40297 4.78806 55.115
1.34187 4.91472 55.096
1.12331 4.28887 55.066
1.05561 4.93277 55.106
1.01388 4.94734 55.079
0.579096 4.84172 55.056
0.692679 4.96589 55.162
0.386866 4.59287 55.121
0.291657 4.28674 57.129
-0.232368 4.2942 57.139
0.328582 4.42598 57.082
0.227756 4.70695 55.053
0.364688 4.99852 55.129
0.11037 4.80646 55.11
-1.23173 4.78364 55.3
-1.57909 4.92836 55.208
-1.45129 4.08793 57.235
-2.09352 4.62819 57.07
-2.21968 4.60203 56.999
-3.03197 4.48781 56.595
18.7526 3.12935 54.555
17.8993 5.04235 48.682
18.368 5.07761 49.007
18.3768 5.20328 49.061
17.852 3.19808 54.947
17.4396 3.18998 54.869
18.7196 3.26959 54.039
17.6967 3.08848 55.08
16.8321 3.22658 54.263
18.6329 5.03191 49.271
18.9988 5.2084 48.68
17.5858 5.1167 48.583
16.8301 3.08684 55.105
16.7384 4.49981 51.067
16.7764 4.70892 52.03
16.9356 5.09801 51.428
17.1792 5.02465 51.793
16.6532 4.89237 50.586
17.5024 5.14584 50.15
15.6064 3.03438 55.078
15.2784 3.06701 55.127
15.7579 3.36767 55.129
15.6745 3.39681 55.163
16.0354 3.22395 55.072
15.0912 3.16751 55.156
16.0859 3.33505 55.113
15.8318 3.64615 55.081
14.9708 3.05741 55.258
15.5172 3.14747 55.179
14.865 2.98903 55.467
14.7215 3.21471 55.138
14.872 3.47812 55.121
14.671 3.10361 55.292
14.5224 2.97993 55.301
15.0437 3.26603 55.687
14.7254 3.49419 55.163
14.3575 3.17796 55.193
14.4236 3.40065 55.049
14.2314 3.1518 55.165
14.0218 3.15478 55.389
13.9966 3.35082 55.088
14.0908 3.58708 55.195
13.6792 3.14569 55.554
14.1471 3.61424 55.071
13.3143 3.03907 55.948
12.9853 3.00182 56.21
13.7976 3.11605 55.218
12.3595 3.22039 56.884
12.2798 3.02584 56.932
13.1078 3.75483 55.113
13.101 3.7689 55.084
13.5842 3.34271 55.15
13.4504 3.76392 55.194
11.8715 3.80038 55.864
11.3783 3.0247 56.735
11.52 3.16245 56.948
11.094 3.1825 56.864
11.3891 3.29011 57.049
11.6889 3.24391 57.049
11.0611 3.32273 57.099
11.196 3.47456 57.044
11.6434 3.48216 57.127
10.7127 3.39758 57.023
10.7544 3.38301 57.066
10.4079 3.09443 56.932
10.1294 3.16828 57.013
10.4051 3.38798 57.13
10.2382 3.44627 57.112
10.0703 3.43468 57.131
9.79363 3.14511 57.03
9.88205 3.46531 56.994
10.1413 4.00672 55.083
10.1647 4.17411 55.08
10.2919 4.27014 55.099
9.68982 3.21647 57.109
9.47243 3.16366 57.079
9.73552 3.48138 57.131
9.34246 3.36118 57.124
9.96585 4.4425 55.091
8.92324 3.36715 57.067
8.8378 3.25655 57.08
8.50302 3.30325 57.064
8.78748 3.64862 57.065
8.5623 3.54001 57.058
8.4118 3.2766 57.091
8.47406 3.72297 56.967
8.17503 3.33587 57.097
8.16544 3.6435 57.15
7.86758 3.82944 57.103
6.8341 3.88609 57.098
6.73029 3.95745 57.063
6.71128 5.07587 53.305
5.93112 5.2547 52.442
5.72531 5.034 52.621
5.73608 5.29941 52.126
6.55117 5.12008 51.74
5.72315 4.3911 55.063
5.88126 4.20715 55.067
5.3099 4.81629 55.064
5.1526 4.56694 55.179
6.29387 4.71841 55.031
5.48855 5.09328 55.148
4.97775 4.06627 57.018
4.88073 4.12356 57.098
4.9819 4.84891 55.097
5.50891 5.05106 54.019
5.67001 5.07672 54.211
4.90326 4.72424 54.986
4.49082 4.71613 55.097
4.88687 5.04594 52.719
4.21796 4.20288 57.098
4.09858 4.16265 57.064
4.63255 4.85388 55.163
4.63454 4.99362 55.148
4.31434 5.08205 55.127
3.99793 4.94678 55.131
4.07359 4.86184 55.373
3.40965 4.36813 57.098
3.2767 4.35605 56.999
3.08266 4.47063 57.127
3.05568 5.03008 55.262
2.99459 5.15674 55.303
2.7209 5.07678 55.245
3.37009 5.02561 55.163
2.49637 4.03171 57.129
2.6333 4.32328 57.014
1.82499 4.48853 57.074
1.66987 4.88209 55.08
2.35698 5.04003 55.425
2.2929 4.95708 55.553
0.926281 4.19384 57.179
1.0109 4.73773 57.076
0.492666 4.66125 57.082
0.394649 4.64867 57.114
-0.0818605 4.55762 57.173
0.0744403 4.73709 56.999
0.145305 4.80596 57.058
-0.308031 4.37914 57.081
-0.401074 4.71591 57.106
-0.602901 4.77469 57.098
-0.813506 4.7078 57.094
-0.589325 4.74654 56.113
-0.894962 4.87668 55.834
-0.256359 5.06327 56.389
-0.266132 4.86773 56.688
-0.559188 4.89986 56.832
-0.06331 4.87882 56.63
-0.671776 4.84555 56.053
-1.25028 4.46244 57.097
-1.13371 4.79622 57.086
-1.23074 4.85351 57.066
-0.930892 4.80731 57.098
-1.92944 4.86346 57.037
-1.845 4.90419 57.131
-2.18756 4.89509 56.179
19.0903 3.29227 54.994
18.3944 3.00866 55.015
18.936 3.25253 55.114
18.2848 3.16397 54.975
18.7857 3.49228 55.154
18.8925 3.63053 55.045
18.4565 2.95187 55.186
18.0577 2.91562 55.121
18.0383 3.02771 55.113
18.2247 3.3605 55.114
18.7322 3.17157 54.842
18.3936 3.44195 55.073
17.8822 3.3514 55.278
17.9405 3.51829 55.193
18.0895 5.15146 48.756
17.6761 5.07349 48.678
18.9619 5.06915 49.621
19.019 4.66301 48.884
17.3687 3.1211 55.129
17.5075 3.04924 55.57
17.0407 3.15373 55.163
17.2767 3.52774 55.065
16.9739 3.36433 55.105
17.1639 2.97027 55.198
16.7205 3.24215 55.064
16.9341 3.51864 55.212
17.104 3.66997 55.252
16.4255 3.13453 55.132
16.3993 3.2607 55.129
16.6139 3.60706 55.13
17.5014 5.07597 50.751
15.6899 3.00524 56.113
15.3561 3.12181 55.933
15.1726 2.99863 55.802
16.2023 3.16567 56.491
16.0907 3.18123 56.99
15.596 3.7753 55.097
14.9187 3.8129 55.229
15.0506 3.75512 55.088
14.3507 3.19203 56.163
14.3517 3.2619 57.058
14.1839 3.25031 57.066
13.892 3.85547 55.15
13.7988 3.68908 55.047
13.6426 4.01277 55.112
13.3807 4.26808 55.1
12.6807 3.20183 56.786
12.3954 3.28976 57.013
12.2033 3.54408 57.049
12.0169 3.21129 57
12.6739 3.21591 57.134
11.9907 3.33745 57.101
12.1762 3.60037 57.051
12.8515 3.42303 57.098
11.8889 3.54855 57.147
11.5823 3.60883 57.132
11.3397 3.75205 57.077
10.5622 3.13416 57.007
10.9652 3.95306 57.203
9.99084 3.7433 57.125
10.4424 4.53355 55.131
9.68157 4.60029 55.098
8.95256 3.95376 57.131
8.54609 4.36488 55.146
8.72955 4.48806 55.075
8.23946 4.42515 55.13
8.2239 4.31356 55.114
8.88006 4.75147 55.092
9.04695 4.69319 55.097
7.99111 4.65232 55.146
8.5441 4.22514 55.141
8.04261 4.83328 55.065
8.14162 4.91573 55.146
7.71462 4.86591 55.082
7.64159 4.15413 57.082
7.22055 4.52352 55.179
7.08 4.9588 55.082
6.92949 4.69539 54.851
6.81509 5.00451 55.167
6.80332 4.66923 54.724
6.8808 4.22087 57.112
6.68676 4.33545 56.918
6.69553 4.46111 56.881
6.77336 5.01908 55.015
7.37984 4.9126 55.082
6.4672 3.63973 57.918
6.44537 5.0517 55.065
6.11738 5.08433 55.065
6.01357 5.15569 55.076
6.50365 5.21859 55.068
6.34835 5.10899 53.916
5.998 5.04409 54.195
5.8884 5.1994 54.343
5.8647 4.02568 57.016
6.0162 4.35897 57.066
6.10064 4.3997 57.114
6.223 4.64954 57.148
6.753 5.0613 54.265
5.37895 5.24859 53.786
5.48902 3.65366 58.164
5.59581 3.79191 58.52
5.63853 3.8472 58.623
5.65608 4.09854 58.799
5.7046 4.06989 58.949
6.0258 4.05134 58.932
5.55707 4.01609 57.197
5.09332 4.33018 57.117
5.44782 5.17772 55.065
5.78939 5.11695 55.097
5.01186 4.49906 57.033
4.99846 5.03037 55.249
5.09069 5.1269 55.294
3.92309 4.59843 57.135
3.73483 4.62906 57.115
4.10174 4.87542 57.118
4.20754 4.9438 57.096
3.6913 5.00706 55.082
3.29344 5.04067 55.491
3.24674 4.7059 57.078
3.4282 4.68933 57.065
3.10021 4.72196 57.099
2.90617 4.83654 57.08
2.49871 5.17778 55.388
2.64108 4.37908 57.164
2.46921 4.08801 57.03
2.75864 4.78273 57.017
2.43744 4.80128 57.082
2.4588 4.82893 57.147
2.02021 4.94699 55.802
1.57483 5.07912 56.24
0.715852 4.63012 57.066
0.853602 4.48839 57.076
0.649961 4.91059 57.05
0.504428 4.99653 57.164
0.3579 5.01259 56.828
-1.2978 4.56095 57.135
-1.54615 4.78812 57.057
19.9122 3.09886 55.114
19.7249 3.19937 55.061
19.5842 3.13149 55.146
19.8619 3.49093 55.127
19.4115 3.27372 55.043
20.4586 3.18892 55.171
20.5023 3.31409 55.226
19.2708 3.20583 55.099
19.2261 3.0108 55.14
20.0519 3.09687 55.054
19.2273 3.58383 55.092
19.1991 3.57025 55.094
18.8011 3.10071 55.453
17.85 3.05834 56.098
18.0684 3.18102 56.481
17.5308 3.21663 55.786
18.1712 3.03979 56.964
17.85 3.05834 57.08
17.5085 3.11911 57.031
17.6957 3.01861 57.087
17.5067 3.48254 55.099
17.958 3.76962 55.062
17.753 3.11563 56.171
17.8304 5.11322 50.488
18.3883 5.03539 50.918
18.8745 4.81882 50.531
16.9042 3.86849 55.002
17.7459 5.07249 50.482
16.5147 3.02145 56.737
16.5391 3.25871 57.064
16.5818 3.31401 57.066
16.9 3.08585 57.078
16.8525 3.18436 57.129
16.2179 3.27726 57.129
17.0224 3.33569 57.127
16.5002 2.97973 56.787
15.5871 3.14647 56.054
15.4813 3.0781 57.016
15.6579 3.21535 57.05
15.16 3.09665 57.115
15.6182 3.36966 57.145
15.3116 3.42993 57.112
15.8152 3.46469 57.018
15.398 3.6104 57.137
14.8466 3.17099 57.066
15.4059 4.16936 55.029
15.3798 4.29553 55.089
15.2543 3.33291 57.072
14.7778 3.24186 57.082
14.9768 3.47663 57.112
14.9001 3.4917 57.081
14.5186 3.20362 57.082
15.2011 4.01853 55.09
15.0043 4.42666 55.116
13.9471 3.30959 57.072
14.6528 3.78873 57.09
13.8559 3.28294 57.099
13.6143 3.49603 57.099
13.6862 3.63478 57.194
13.5279 3.31556 57.132
13.4638 3.23261 57.116
13.1863 3.37633 57.131
13.0582 3.21044 57.105
13.6436 4.08264 55.032
13.9504 4.52553 55.063
13.1741 4.48068 55.061
12.676 3.85881 57.145
12.3267 3.86379 57.035
11.9394 3.65965 56.669
11.7755 3.92754 57.145
11.9444 4.009 57.128
11.9833 4.28798 55.114
12.0677 4.32871 55.138
11.9172 4.06529 55.123
11.6621 4.30653 55.146
11.6631 4.3764 55.046
12.2047 4.62027 55.078
11.9437 4.94546 55.228
11.937 4.95953 55.208
12.3688 4.85554 55.139
11.3944 4.64579 55.06
11.2421 4.74579 55.095
11.5381 4.92328 55.126
9.71949 4.80941 55.118
9.67297 4.97779 55.095
9.2857 4.77365 55.104
9.9796 4.91752 55.095
9.34498 5.01041 55.128
9.42263 5.06522 55.203
9.77298 5.13011 55.447
9.18253 3.90856 57.213
9.38155 4.14333 57.083
8.48003 4.14219 57.101
8.31594 3.90692 57.167
8.283 4.04716 57.131
9.02378 5.02896 55.177
8.96848 5.07168 55.338
8.69578 5.06159 55.177
8.31612 4.41008 57.096
8.32589 4.60562 57.136
7.72919 4.90763 55.078
8.10288 5.13991 55.209
8.42409 5.12136 55.144
7.21675 4.7472 57.047
7.32553 5.02519 55.115
7.28545 4.17318 57.131
7.60566 4.08475 57.173
7.02551 4.56823 57.145
7.00732 5.25335 55.069
6.71209 4.64258 57.03
6.39089 4.66113 57.112
6.75581 4.76774 57.144
6.31142 4.96975 55.15
6.41523 4.89839 57.098
5.77845 4.34838 58.881
5.9705 4.09406 59.063
5.29234 4.56495 58.134
5.20427 5.25107 55.085
4.83356 5.2284 54.999
4.95276 4.76546 57.027
5.18473 4.86 56.981
4.86352 4.87855 57.079
5.06155 5.04345 57.142
4.56368 4.92475 57.049
4.54331 4.96697 56.915
4.77048 5.21532 55.163
3.6961 4.85324 57.114
3.87955 4.97642 57.079
3.58649 5.00855 57.145
3.40403 4.95524 57.096
3.7961 5.00556 56.049
3.85918 5.01864 56.127
3.64378 5.10557 55.768
3.49047 5.13571 55.852
4.08916 4.97344 56.393
4.24645 5.22278 56.376
4.41136 5.02476 56.577
3.29344 5.04067 57.128
3.06346 5.08588 57.063
2.97223 5.05923 57.177
2.10945 4.8339 57.083
2.65103 5.07778 57.227
1.94057 4.75245 57.173
2.74805 5.02049 56.737
1.78146 4.86653 57.083
1.66407 4.96604 57.027
1.48161 4.91273 57.066
1.47863 4.70312 57.044
1.25164 4.95793 56.847
1.16041 4.93128 57.132
0.832419 4.9639 57.115
21.4571 3.13277 55.292
21.6396 3.18608 55.256
21.298 3.24685 55.17
21.1505 3.19305 55.259
21.0505 3.04073 55.481
21.6863 3.52086 55.11
21.8386 3.42085 55.075
21.0127 3.33478 55.078
21.1565 3.61227 55.078
20.8371 3.26739 55.194
20.772 3.11457 55.341
21.0313 3.65598 55.061
20.644 3.45184 55.089
20.1675 3.36079 55.087
20.318 3.62421 55.104
20.3617 3.74937 55.061
20.151 3.17933 55.751
19.8074 3.10036 56.112
19.9336 3.12651 56.98
19.6056 3.15914 57.012
19.7192 3.28331 57.072
20.0316 3.13909 57.128
18.9226 3.78384 55.203
18.6072 3.71845 54.98
18.5441 3.70537 55.041
18.6946 3.96879 55.057
18.4925 3.02124 56.915
18.7719 3.01726 57.078
18.2946 3.3595 57.029
18.1305 3.12423 57.076
18.281 3.38765 57.092
18.9157 3.29475 57.112
18.7509 3.99594 55.126
18.8451 4.23221 55.074
18.4585 3.09161 57.108
18.6216 3.25701 57.161
17.4338 3.27392 57.138
17.2901 2.99643 57.089
17.8145 3.9953 55.067
17.7612 4.17776 55.028
17.9582 4.27279 55.132
17.1805 3.15174 57.096
17.0186 3.55937 57.012
15.693 3.71801 57.127
15.924 3.74268 57.116
15.3796 3.79236 57.046
15.4944 4.48957 55.126
15.5275 4.8525 55.075
14.7236 3.85761 57.143
13.4757 4.07105 57.078
13.6602 4.2641 57.154
13.7873 4.36013 55.177
13.9049 4.76379 55.012
13.5701 4.81048 55.012
14.2329 4.73116 54.995
13.2353 4.85718 55.028
12.9074 4.8898 55.077
13.3276 4.95371 55.145
12.9016 4.97375 55.078
13.7931 4.27619 55.112
12.2514 4.95505 55.143
12.5125 5.13303 55.204
11.8659 4.38749 56.815
11.1341 4.03451 57.095
11.0325 4.74878 57.063
10.5462 4.46219 57.128
11.1694 5.04034 55.157
10.9568 4.83372 55.012
11.3169 5.09415 55.143
11.6235 5.03388 55.16
10.7647 5.08804 55.165
10.6356 4.85227 55.079
10.3144 4.87082 55.095
14.7263 3.06089 14.434
14.6997 2.18073 14.328
9.9748 5.07133 55.668
8.31431 4.77351 57.078
8.6423 4.74088 57.045
8.4764 4.86904 57.137
8.0989 4.86043 57.076
8.00089 4.84785 57.062
7.03827 4.97337 57.046
6.94804 5.01659 57.096
6.72386 4.97785 57.128
6.42401 5.02405 57.111
6.34917 4.6757 57.979
6.13675 4.97223 56.357
5.8379 5.0883 56.127
6.07566 5.0989 57.037
6.08923 5.07075 57.079
5.63408 5.00735 55.748
6.57253 5.14773 57.049
5.76124 5.10337 57.095
5.51471 4.96712 56.603
5.56521 5.07821 57.069
5.42646 5.15007 57.094
5.26735 5.26415 56.994
4.77727 5.20125 57.176
5.10526 5.16862 57.16
23.6387 3.21352 55.061
23.4853 3.24366 55.059
23.6359 3.50708 55.026
23.2971 3.2743 55.061
24.0327 3.40359 55.074
23.4069 3.62215 55.042
24.0551 3.50111 55.059
23.0963 3.40295 55.108
23.7796 3.78457 55.075
22.9691 3.30692 55.094
22.813 3.63061 55.05
22.6557 3.38127 55.078
22.6557 3.38127 55.1
22.7092 3.70197 55.108
22.3277 3.41389 55.094
22.2724 3.45661 55.075
22.4161 3.7341 55.108
22.3676 3.76274 55.091
21.9997 3.44651 55.176
22.0802 3.20776 55.222
21.9598 3.09766 56.144
21.6939 3.07349 55.96
22.2908 3.27465 56.469
21.6552 3.29768 55.766
22.6313 3.14401 56.698
21.6272 3.78726 55.088
21.4128 3.94406 55.058
21.307 3.87568 55.095
21.1129 3.99026 55.058
20.191 4.03134 55.094
20.1018 4.14443 55.107
20.2102 3.41609 57.078
20.3286 3.38645 57.06
19.3057 3.20534 57.046
20.5654 3.32717 57.055
19.2708 3.20583 57.072
20.354 3.69358 57.112
19.1067 2.97056 57.136
18.9845 3.22389 57.112
19.0943 3.57175 57.095
18.9963 3.55916 57.174
18.6829 3.63351 57.092
18.4337 4.29397 55.029
18.4842 4.40507 55.075
18.6857 3.33996 56.895
18.0415 3.74048 57.059
18.2195 4.95393 52.716
17.479 4.97845 52.008
18.2185 4.88406 53.861
17.8214 4.48439 55.123
17.4799 4.54516 55.107
17.6983 4.66784 55.187
17.1265 4.27065 55.028
17.8895 4.84682 55.057
17.907 5.09815 52.486
17.7663 5.03027 52.393
16.8482 4.84767 52.351
17.0371 3.88057 57.108
17.013 4.14648 55.084
17.1848 4.43755 55.1
16.8345 4.37265 54.897
16.9277 4.53904 54.777
16.7422 4.27613 54.858
16.8113 4.70842 54.927
16.9462 4.86025 55.138
16.4919 4.36355 55.078
16.5037 4.69883 55.107
16.4833 4.74105 55.097
16.0813 3.99202 57.083
16.0745 4.0061 57.141
15.3798 4.29553 57.081
15.869 4.79173 55.107
15.7964 5.08627 55.138
14.417 3.91788 57.095
14.42 4.12749 57.122
14.094 4.29986 57.158
14.2019 5.01114 55.189
14.5086 4.95087 55.2
14.5367 4.96444 55.157
14.168 5.08151 55.326
14.7491 4.6679 55.104
13.8943 5.00154 55.337
14.3649 4.67338 55.134
13.4807 4.4204 57.059
13.1809 4.4666 57.074
13.0188 4.37107 57.062
12.8615 4.12173 57.096
13.1761 4.62042 56.998
13.5721 4.95022 55.615
12.7994 4.17852 57.062
13.0257 4.86017 57.058
12.9074 4.8898 57.101
11.8679 4.52723 56.914
11.8631 4.68104 57.009
11.9631 4.83337 57.111
11.5944 4.95043 57.09
12.0913 4.99926 57.025
11.7982 5.03139 57.09
11.9532 4.13467 56.159
10.6064 4.76882 57.093
10.5725 4.83919 57.043
10.1086 4.65012 57.107
10.2727 4.88539 57.076
10.2659 4.89946 57.092
10.1695 4.02029 57.125
10.8055 5.00359 56.978
10.2804 4.94119 55.897
10.3435 4.95426 55.952
10.0728 5.08391 55.715
10.6793 4.97744 56.238
9.31683 4.99684 56.127
8.61913 5.07666 57.124
8.94513 4.90429 57.086
8.24262 5.13792 57.124
7.75734 4.92121 57.05
7.66611 4.89455 56.996
7.40219 5.01012 57.047
7.3449 4.9131 57.063
4.86651 5.08816 56.591
25.3369 3.2173 55.206
25.2127 3.33088 55.23
24.9953 3.27807 55.222
25.405 3.57973 55.099
25.696 3.40786 55.136
25.273 3.63751 55.107
24.8712 3.39165 55.075
25.0285 3.64099 55.041
24.9518 3.65606 55.172
24.6819 3.35241 55.174
24.5733 3.57759 55.089
24.3947 3.3006 55.121
24.3617 3.44084 55.092
24.6452 3.71634 55.155
24.752 3.85458 55.04
23.6486 3.91222 55.09
23.5478 4.1932 55.091
22.2199 3.20577 56.976
22.286 3.42846 57.042
23.1079 3.23506 57.058
22.2938 3.48426 57.107
23.2272 3.27529 57.009
21.9472 3.19568 56.862
22.5948 4.01109 55.059
22.7006 4.07947 55.058
22.7246 3.3104 56.978
21.8881 3.46208 57.051
21.958 3.46109 57.108
22.3939 4.13974 55.025
22.3183 4.22468 55.043
21.7027 3.19916 57.132
21.6114 3.17251 57.043
21.3543 3.27401 57.059
21.298 3.24685 56.994
20.9768 3.2654 57.059
20.9137 3.25233 57.091
21.6514 3.52136 57.075
20.6634 3.33975 57.043
21.4575 4.1391 55.095
21.4459 4.30699 55.024
21.1586 4.25517 54.974
21.0898 4.32604 55.09
21.2235 3.90483 57.099
20.3404 3.72172 57.091
19.9718 4.34195 55.141
20.3483 4.28069 55.013
19.7534 4.21927 55.025
20.0124 3.75435 55.111
20.4483 4.43301 55.09
20.4639 4.5446 55.078
19.5664 4.82294 55.089
19.7071 4.89082 55.097
19.2072 4.63238 55.122
20.0351 4.8582 55.032
18.7877 3.63202 57.026
18.9314 3.90951 57.059
19.2448 3.83516 57.078
18.7577 3.98187 57.091
18.7364 3.95422 56.173
18.7974 3.82756 56.47
18.8064 4.45639 54.762
18.7094 4.51368 54.718
18.9471 4.52427 55.204
19.1462 4.75904 55.074
18.3305 3.42888 57.83
18.6862 4.84945 55.227
18.2388 4.84184 54.959
17.9271 4.0496 57.007
17.7815 4.13554 57.091
17.2413 4.96786 53.573
17.8488 4.93126 55.171
17.5829 4.90709 55.041
17.3116 3.52725 57.944
17.5815 3.83089 58.514
17.0197 4.13241 57.149
16.8538 4.26056 57.124
16.6307 4.29169 57.236
16.8433 4.49832 57.023
16.5404 4.33491 57.074
17.312 4.53357 57.097
16.9764 5.01356 55.057
16.6338 5.00447 55.082
16.6338 5.00447 55.189
16.2386 4.24137 57.084
16.0146 4.70579 57.187
16.1903 4.77317 55.042
15.1995 4.88512 55.091
14.8647 4.93182 55.124
14.8162 4.96046 55.336
14.7076 5.18564 55.484
15.0064 5.06957 55.647
14.0029 4.77637 57.056
14.3736 4.79904 57.116
13.6953 4.76677 57.041
13.5905 4.76826 57.118
13.645 5.15884 55.708
13.3605 4.81347 57.075
13.3198 4.89791 57.064
13.3974 4.95271 56.019
13.3859 5.1206 56.171
13.2208 4.81546 56.14
12.1757 5.03999 56.915
11.4916 5.09166 57.041
12.4027 4.78518 57.145
11.2149 4.80209 56.927
10.9238 4.97396 56.551
11.4654 5.21783 56.736
11.2596 4.99713 56.932
10.4841 4.51898 57.075
9.91652 4.90444 57.124
9.81171 4.90593 57.116
9.6031 4.97878 57.075
9.69614 4.64202 57.066
9.52744 5.06372 57.009
9.33521 4.81488 57.091
9.53885 4.39267 57.066
9.27511 5.01141 57.092
26.5762 3.38135 55.173
26.5151 3.50801 55.128
26.8509 3.53118 55.287
26.6229 3.71613 55.132
26.2278 3.45619 55.091
26.2153 3.55421 55.055
26.6938 3.785 55.096
26.9353 3.57191 55.377
26.3658 3.81763 55.055
26.2677 3.80505 55.049
25.9144 3.53054 55.074
25.8815 3.67078 55.055
25.5555 3.84314 55.099
25.6195 3.92609 55.049
25.5573 3.47972 55.386
25.794 3.42044 55.874
25.1722 3.91848 55.09
25.2916 3.95872 55.083
24.2705 3.41418 56.173
23.9133 3.36336 56.435
24.4655 3.36947 57.05
24.0754 3.45889 57.057
24.2006 3.41518 57.082
24.5354 3.36848 57.05
23.5562 3.31254 56.78
24.5889 3.68918 57.04
24.6092 3.64696 57.066
24.4014 3.28652 56.074
23.662 3.38091 57.008
23.859 3.47595 57.083
23.5175 3.53672 57.082
23.967 4.18723 55.081
23.2907 4.2947 55.098
23.6915 4.47069 55.108
23.2651 3.4844 57.025
22.8925 3.32199 57.043
23.3807 3.74832 57.058
22.4443 3.74767 57.124
22.7666 4.30216 55.059
22.9772 4.36904 55.048
22.2347 3.75066 57.099
22.0037 3.72599 57.1
22.3426 4.46194 55.114
22.0292 4.53629 55.048
21.9067 3.78328 57.147
21.3529 4.64376 55.064
21.6944 4.58299 55.065
21.71 4.69458 55.227
20.9899 4.67688 55.113
20.9414 4.70552 55.088
20.2405 4.07257 57.082
20.3144 4.35105 57.073
20.2523 4.40784 57.105
20.3417 4.79792 55.065
20.6833 4.73715 55.098
20.2661 4.88286 55.157
20.5523 4.86481 55.341
19.4069 3.93069 56.943
19.6059 4.16546 57.131
19.6524 3.99708 57.202
19.8447 4.24593 57.104
19.3791 4.92344 55.131
19.0443 4.97014 55.164
19.2695 5.07875 55.205
18.892 5.07015 55.047
18.7325 4.1779 57.076
18.8763 4.45539 57.141
17.6176 4.40343 57.144
18.19 3.86416 57.104
17.938 4.81817 56.974
17.6032 4.86487 56.99
18.04 5.11023 55.212
17.4441 4.97895 55.199
18.3816 5.04946 55.262
17.2762 4.96736 54.991
17.1035 5.10959 55.138
16.9986 4.60792 57.017
16.6774 4.62647 57.131
16.9177 3.84034 57.018
16.952 4.7763 57.122
16.3504 4.72896 56.983
16.5677 4.78178 57.051
15.6255 4.86508 55.991
15.4101 4.95201 55.861
15.3266 4.98115 55.827
16.0603 4.9707 56.361
16.0254 4.9712 56.442
15.1462 5.06758 55.658
15.243 4.50713 57.107
15.3314 4.82733 57.099
15.2761 4.87005 57.092
15.018 4.90168 57.032
15.674 4.83643 57.099
14.8996 4.93132 57.09
15.6808 4.82236 57.016
14.6968 4.92023 57.098
15.7245 4.94753 56.14
13.7759 5.03118 57.068
14.0554 5.0272 57.065
12.988 5.15422 56.26
12.7191 4.92044 57.009
12.6367 5.01945 56.916
12.3979 4.93899 57.09
5.03152 2.44419 27.195
27.5893 3.36692 55.623
27.4651 3.48051 55.574
27.765 3.43431 55.775
27.2623 3.46942 55.459
27.6089 3.758 55.623
27.3565 3.70568 55.662
27.209 3.65188 55.445
27.9436 3.7113 55.742
28.0105 3.50069 55.941
27.0441 3.8499 55.416
27.3527 3.92937 55.477
26.9111 3.83782 55.499
26.7462 4.03584 55.089
26.8025 4.06299 55.194
26.4745 4.09562 55.121
26.1909 3.31695 56.426
26.0162 3.31944 57.024
26.6111 3.38085 56.942
25.9202 3.4466 57.073
26.3697 4.09711 55.072
26.1543 4.18404 55.054
25.7196 4.07841 54.968
25.708 4.2463 55.022
25.38 4.27892 55.105
25.281 4.19647 55.124
25.1982 3.28916 56.968
25.2371 3.56814 57.073
25.4195 3.62145 57.054
24.9304 3.62841 57.073
25.5786 3.50737 57.074
25.079 3.75209 57.121
25.796 3.56018 56.948
25.052 4.31155 55.138
24.8702 3.32178 57.05
24.942 3.46053 57.056
25.269 3.35803 57.087
24.3697 3.9998 57.091
23.5244 4.02581 57.107
24.0486 4.52151 55.039
24.2311 4.57482 55.06
23.7071 4.58228 55.04
24.3902 4.46074 55.072
23.8702 4.74768 55.042
23.2441 4.46308 55.116
23.3441 4.6154 55.105
23.4014 4.71242 55.068
23.0094 4.6621 55.121
22.9104 4.57965 55.059
22.6959 4.73645 55.072
23.0677 4.82899 55.027
22.5666 3.99752 57.122
22.6016 3.99702 57.059
22.0719 4.59159 55.105
22.368 4.76907 55.155
22.5921 4.80781 55.158
22.0332 4.81577 55.137
21.9184 4.11856 57.089
21.6984 4.86247 55.17
21.3694 4.82522 55.238
21.0033 4.14557 57.072
20.9005 4.2868 57.089
20.8055 4.48383 57.096
21.057 4.96944 55.185
21.0356 4.94179 55.285
21.3558 4.85337 55.367
20.0233 4.52292 57.054
19.9321 4.49626 56.99
20.4581 4.62854 57.106
19.9516 4.88734 55.11
20.6727 4.97491 55.35
19.348 4.70026 57.14
18.7018 4.96104 55.359
18.6317 4.45887 56.737
18.6008 4.73885 56.892
18.792 4.91783 57.123
18.4311 5.09069 55.117
17.8464 3.78519 58.951
17.8426 4.00887 59.011
17.8087 4.07924 59.024
18.0416 4.24365 58.831
18.2959 4.4357 58.454
17.3683 4.56073 58.013
17.1888 4.71703 57.543
17.6944 4.89152 55.983
17.4916 4.88044 57.051
17.3898 5.09154 55.524
16.954 4.91604 57.122
17.2471 4.88392 57.072
17.1093 5.02565 57.089
16.6125 4.97682 57.089
16.2204 4.92649 56.99
16.76 5.03062 56.921
16.4679 5.13262 56.646
16.2845 5.00944 57.121
14.397 4.96643 57.131
14.167 5.01164 56.99
28.3307 3.41227 56.007
28.5569 3.59075 56.139
28.7248 3.60234 56.232
28.0572 3.83547 55.92
28.7074 3.85417 56.122
28.1862 3.56808 55.962
27.6903 3.58911 55.826
28.3764 3.67718 56.182
28.0456 4.00336 55.841
27.3098 3.3709 56.63
27.2332 3.38597 56.988
26.9673 3.3618 56.844
26.8499 3.46131 57.066
27.012 3.55684 57.183
26.4365 3.38334 56.987
27.0966 4.10074 55.401
26.5452 3.66133 57.085
26.255 3.3999 57.024
26.3851 3.70554 57.068
26.1386 3.56928 57.04
26.5833 4.3736 55.235
26.4999 4.40275 55.116
26.0495 4.18553 55.039
25.702 3.82708 57.085
25.8283 4.3564 55.083
26.1865 4.47709 55.084
25.8449 4.53786 55.084
25.57 3.88487 57.005
25.4596 4.47346 55.107
25.4888 4.55691 55.166
25.0606 3.93405 57.1
25.1821 4.61718 55.182
24.9977 4.42414 55.171
25.1065 4.70212 55.254
24.7182 4.42811 54.99
24.8957 4.13207 55.056
24.6212 4.4854 55.106
22.4766 4.54389 57.068
23.116 4.29718 57.035
22.889 4.552 57.124
21.936 4.36989 57.092
21.805 4.49755 57.084
21.6944 4.58299 57.043
22.1146 4.64689 57.027
21.4916 4.5719 57.019
20.857 4.66479 57.067
20.9909 4.74675 57.047
21.1782 4.64624 56.936
21.2976 4.68647 57.105
20.494 4.69792 57.084
20.3224 4.91001 55.694
20.1593 4.74461 57.118
20.1738 4.78634 57.072
19.9866 4.88684 55.908
19.8458 4.81896 57.084
19.8401 4.9029 57.079
19.643 4.80787 56.236
19.3005 4.79877 56.433
20.0303 5.01201 55.929
19.5392 4.87923 57.067
19.5053 4.9496 57.092
19.1909 4.95408 57.027
19.2112 4.91186 57.1
18.5766 5.00476 57.133
18.5155 5.13142 57.074
18.2883 4.88307 56.662
18.3369 4.85442 57.106
17.9536 4.92977 57.096
18.2418 5.05145 57.149
7.87402 2.80904 21.081
7.79028 4.78097 23.288
29.3788 3.39735 56.478
29.0518 3.49984 56.346
28.9567 3.69687 56.275
29.9048 3.52963 56.787
28.8967 3.8934 56.262
29.6059 3.6457 56.718
28.8162 4.13216 56.204
28.3443 3.38413 57.003
28.1289 3.47106 57.023
28.584 3.53446 56.996
28.0027 3.4449 57.019
28.2726 3.74855 57.057
28.1746 3.73596 57.082
28.8509 3.6285 57.049
28.9673 3.45912 57.041
27.8612 3.81031 57.05
27.6951 3.4353 56.963
27.668 3.4916 57.068
27.7835 3.75551 57.176
27.969 4.01843 57.094
27.937 4.22854 55.868
27.3332 3.53829 57.068
27.5264 3.85701 57.05
27.2198 3.91728 57.066
26.8337 4.28618 55.28
26.9774 4.56367 55.392
27.0337 4.59082 55.325
26.7271 4.65109 55.235
26.4396 4.09611 57.008
26.5512 4.08055 56.967
26.0485 4.11566 57.063
25.8535 4.16037 57.066
24.9103 4.1738 57.05
24.8705 4.32811 57.049
25.054 4.45129 57.099
24.8464 4.59401 55.427
24.5252 4.61256 55.526
24.2602 4.65827 56.156
24.1125 4.10129 57.101
24.0932 4.21339 57.09
24.2369 4.49088 57.09
23.8953 4.55165 56.951
23.8322 4.53857 57.042
24.5639 4.38838 57.083
23.4294 4.22284 57.067
23.2849 4.37864 57.044
23.5392 4.57069 57.049
23.4286 4.65613 57.094
23.1976 4.63147 57.051
22.8842 4.70581 56.985
23.0744 4.81492 57.01
22.1719 4.74391 56.247
22.0671 4.7454 56.354
22.2458 5.02239 56.289
21.8731 4.85998 56.083
22.4524 4.8098 56.47
21.9314 5.02687 56.056
21.8226 4.74888 55.958
22.7173 4.7641 56.789
21.9148 4.84541 57.033
22.2282 4.77106 57.115
20.6436 4.89146 57.04
19.0268 4.71881 57.142
18.9046 4.97213 57.085
18.991 5.1526 56.941
18.5998 4.66898 57.187
17.9003 5.11222 57.1
30.2036 3.41356 56.951
30.2765 3.62217 56.986
29.9407 3.599 56.856
30.3619 3.73277 57.011
30.5899 3.54783 57.06
30.0349 3.83527 56.945
30.0777 3.89057 56.888
30.427 3.88559 56.968
30.6967 3.68607 56.994
29.5419 3.56275 56.836
29.2139 3.59537 56.985
29.3516 3.45364 57.127
29.2915 3.65018 56.501
29.2965 3.99953 56.91
28.6755 4.06428 56.978
28.8647 4.10351 57.078
29.0414 4.24077 56.338
28.7279 4.31511 56.305
27.8264 4.31397 55.821
27.942 4.57789 55.82
27.6314 4.35868 55.688
27.613 4.54064 55.659
27.4693 4.26315 55.658
27.3112 4.4471 55.573
27.2335 4.3923 55.483
26.8812 4.18766 56.954
27.0239 4.39528 56.929
27.0181 4.47923 57.003
26.8696 4.35555 55.424
26.5833 4.3736 57.024
26.661 4.42841 57.01
26.3194 4.48918 57.012
26.199 4.37908 57.08
25.8643 4.42577 57.072
25.9914 4.5218 57.06
25.6848 4.58207 57.06
25.5305 4.54234 57.039
25.9216 4.52279 56.066
26.1603 4.60326 56.53
26.4049 4.59977 56.867
26.6269 3.99561 56.401
25.6023 4.68109 55.771
25.9721 4.63389 56.121
24.6639 4.5407 57.107
25.0298 4.71719 57.027
25.1977 4.72878 57.1
25.35 4.62877 57.109
24.2369 4.49088 56.935
24.3806 4.76837 57.122
24.2826 4.75578 56.213
23.7246 4.83361 56.601
22.5562 4.73844 57.034
7.66646 5.90088 25.239
30.5144 4.13593 57.05
30.5707 4.16308 57.018
30.2563 4.16756 56.856
30.1874 4.23842 56.919
29.8866 4.21475 56.752
29.3752 4.1242 56.502
29.3248 4.51627 56.472
28.5475 4.40154 56.144
28.9182 4.42422 57.05
29.022 4.35286 57.014
28.9182 4.42422 56.319
28.4155 4.45933 56.075
28.0807 4.50603 56.109
27.745 4.48285 56.355
27.3743 4.46018 56.584
27.4519 4.51498 57.001
26.8037 4.63603 56.861
13.5143 3.34371 7.811
30.3583 4.45962 56.954
30.7055 3.81174 57.094
29.8954 4.34042 56.82
30.0235 4.50632 56.833
29.6878 4.48314 56.598
29.581 4.3449 56.952
29.4402 4.27702 56.943
29.2598 4.36345 57.067
28.6048 4.49857 57.05
28.27 4.54526 57.067
27.808 4.49593 57.087
12.791 5.05918 5.12
12.9569 4.93103 5.413
7.50302 4.72915 34.839
7.43596 4.43659 34.593
7.49424 4.60348 33.584
5.20146 5.54463 42.466
4.0039 5.366 26.909
10.5693 1.1773 5.462
3.83613 2.90847 23.678
4.75029 5.7607 24.911
8.49893 5.46972 16.611
4.07342 4.35868 30.138
4.1231 4.90307 32.011
26.0318 3.43103 56.194
7.81474 2.57228 20.008
7.81381 5.45152 24.239
25.7712 4.76254 55.772
26.1404 3.20586 44.501
26.531 4.62593 44.464
26.1759 4.71485 44.488
25.8072 4.83191 44.531
20.0102 3.11144 56.154
18.8306 4.19048 56.023
18.7286 3.89842 55.875
18.9605 3.99296 53.373
18.8852 5.08422 52.941
18.8907 3.99395 51.4
16.9838 4.06303 56.04
18.9394 4.46847 50.92
18.9697 5.12495 51.772
16.8439 3.56186 54.69
17.8857 5.0705 54.298
18.9832 5.0968 50.612
18.0526 5.01222 50.68
18.4379 5.07661 52.937
25.8629 3.34958 32.836
16.9798 3.78355 53.612
18.5067 5.00575 51.629
16.4452 4.02877 54.163
7.80585 4.89256 22.251
19.0993 3.9211 45.679
16.8987 4.95876 53.336
6.43794 6.00223 24.442
19.1799 4.18551 44.837
19.2063 4.56251 44.351
17.056 5.20811 49.479
19.1695 4.92643 44.924
15.9484 6.92905 8.194
19.2095 2.82933 40.193
19.0617 4.71831 43.178
16.7474 5.12864 47.291
22.8317 4.45498 32.903
18.4117 5.20278 44.428
17.811 5.22531 44.883
17.2171 5.23377 44.155
16.6939 4.80793 44.826
19.5405 3.00632 34.504
19.3354 4.79827 39.552
16.5305 3.63621 42.488
16.8891 5.26639 43.932
17.7489 5.2821 42.959
17.4345 5.28658 42.669
17.091 5.20761 42.371
11.1015 5.18108 56.552
16.5578 4.08308 42.059
19.5097 3.78946 34.632
16.7145 5.26888 42.353
19.3889 5.11898 35.763
19.2803 5.34416 37.338
19.466 3.66429 33.565
19.5648 3.24358 32.745
19.5159 4.71184 34.894
18.273 5.27464 37.606
19.4191 2.82635 31.457
19.459 3.1752 31.852
19.474 4.22325 33.311
19.5664 4.82294 32.828
6.28743 5.73882 24.377
7.95437 5.01624 20.774
19.665 3.89906 30.314
19.6528 5.00341 31.888
16.255 3.91967 36.501
19.6902 3.70303 28.041
7.43233 5.16344 35.675
8.24742 4.98411 55.984
8.46002 5.19074 55.787
7.75353 5.14489 56.359
11.9444 4.009 44.883
16.1985 3.38935 34.932
7.32571 5.52836 38.379
16.2765 4.45048 36.261
19.8852 3.65832 25.603
19.4582 3.60849 27.522
19.8013 5.12708 26.864
6.7417 3.2864 56.095
7.57652 4.00131 33.609
16.2763 3.94732 34.555
7.48131 3.69517 33.412
7.48593 3.0382 33.465
17.1872 5.58361 34.702
6.78079 4.06855 56.127
11.9232 4.48451 44.602
19.8956 2.9174 23.517
19.9453 3.46179 23.113
19.7475 3.80005 22.967
19.9585 2.42732 21.603
19.8545 4.44146 22.442
5.38673 5.30438 42.61
16.9406 5.44736 30.77
6.37 3.19385 53.642
6.87682 3.94139 53.51
10.923 5.40725 44.92
16.1636 3.38985 29.737
16.0066 4.14683 30.105
19.7478 4.80638 22.138
19.9401 5.05522 22.023
6.89999 3.60561 51.853
16.1154 4.42482 30.221
15.5932 4.06886 32
-3.7027 4.00817 43.77
5.03802 4.3729 56.239
6.95746 4.2058 51.468
6.95564 4.56922 50.949
0.941846 4.30543 33.523
16.1417 4.80182 29.603
16.0206 5.12501 29.427
19.868 4.41332 20.241
19.7333 4.76466 20.115
20.1142 3.54325 18.454
20.4035 3.7348 18.044
16.8398 5.72833 28.328
20.0061 5.27791 20.147
19.8594 4.79081 20.783
19.7985 5.42064 19.962
0.724806 5.25895 4.976
6.92931 4.19222 49.494
6.96343 4.62502 49.13
6.48809 5.107 49.128
7.03131 4.48428 49.69
6.62104 5.11908 49.782
6.854 5.28349 51.265
4.00209 5.72943 27.45
8.85518 3.00472 14.375
16.0002 5.16723 28.62
3.59135 7.80385 4.176
15.9702 5.51708 28.321
21.0204 2.88741 14.441
16.2663 5.69456 27.862
16.9989 5.61425 26.026
18.4905 5.83061 23.636
3.4127 7.52685 4.128
17.6249 5.89885 23.962
7.84693 5.81445 20.868
4.46174 7.5818 5.161
0.51361 0.733459 2.759
6.91574 4.22037 47.814
7.0838 4.73512 47.177
7.15648 4.44057 47.569
6.93745 5.25435 49.192
13.5629 6.26418 8.16
0.721407 1.0939 3.913
0.411614 0.441398 2.546
19.3591 5.97199 18.98
0.99726 1.81677 5.477
7.0381 4.47021 45.932
6.93066 5.26842 47.327
22.7045 1.40984 5.664
1.4657 3.79481 7.445
1.60924 3.56913 7.771
19.8763 5.9786 18.749
7.19223 4.00678 44.867
7.12154 4.44107 44.614
11.8831 3.6325 33.325
1.55078 2.89908 8.675
4.91865 4.33267 49.614
7.09386 2.98787 42.597
7.14553 3.672 43.449
7.12652 4.79042 45.09
7.05583 5.22471 44.764
11.8805 4.42921 33.4
12.3085 4.54891 32.596
16.1906 5.7795 22.926
17.028 5.69769 21.943
4.71746 3.45499 46.533
4.71699 4.89461 48.616
11.8166 4.84943 33.058
15.8694 5.79805 21.578
3.90343 6.6533 14.211
4.61863 3.8757 47.402
4.31586 6.66141 14.294
2.61756 3.70852 13.785
7.08942 4.14801 42.009
7.23313 4.4255 42.074
7.20996 4.76128 42.599
7.23132 4.78893 41.491
6.67552 5.50966 43.851
15.7051 5.05962 21.981
17.6988 6.17733 17.825
22.2799 5.45519 8.071
10.3765 7.76314 3.609
2.79287 2.76958 14.735
15.6472 5.89905 19.361
7.43379 3.79369 38.548
6.66575 5.31412 42.532
6.36789 5.50006 43.499
7.53895 4.79852 35.892
7.42022 3.82184 36.615
23.0359 5.54226 4.266
12.062 7.36177 1.175
4.60985 3.75004 45.073
12.9376 7.99223 1.225
7.03066 5.42074 41.81
15.781 5.47784 21.349
22.3251 7.15972 7.216
4.59317 6.01452 19.01
12.505 6.08356 3.117
8.40326 6.60321 14.342
3.82062 5.74599 21.627
3.82507 4.58585 20.393
10.5262 5.51074 6.888
10.5607 4.50391 6.275
3.98471 5.98126 22.774
3.64425 3.66595 20.085
3.71195 3.02205 19.964
4.59083 4.86846 44.782
5.83029 5.53567 42.83
3.86743 3.63482 20.489
3.89921 2.92155 20.262
3.87194 5.42379 24.033
4.44097 3.66858 20.148
4.62477 4.79809 42.696
2.25656 0.932271 7.224
20.9357 2.34352 14.813
11.3877 7.60897 1.383
15.4743 2.58901 19.015
20.2401 5.51219 19.078
15.848 2.82129 24.376
7.53831 5.73498 24.343
19.8588 5.72727 21.132
18.1631 1.97767 34.318
21.1608 4.89807 44.097
5.30129 5.19378 47.182
-1.21517 4.96511 55.719
16.8732 4.14847 53.294
6.77336 5.01908 51.966
1.49899 4.6609 7.587
2 0 1
2 0 2
2 0 3
2 0 4
2 0 5
2 0 6
2 0 7
2 8 9
2 8 10
2 8 11
2 8 12
2 8 13
2 8 14
2 8 15
2 16 17
2 16 18
2 16 19
2 16 20
2 16 21
2 16 22
2 16 23
2 24 25
2 24 26
2 24 27
2 24 28
2 24 29
2 24 30
2 24 31
2 24 32
2 33 10
2 33 34
2 33 11
2 33 9
2 33 12
2 33 13
2 33 15
2 33 14
2 22 35
2 22 36
2 22 37
2 22 38
2 22 19
2 22 39
2 22 20
2 22 40
2 41 42
2 41 6
2 41 2
2 41 43
2 14 44
2 14 12
2 14 45
2 14 46
2 14 11
2 14 47
2 14 48
2 13 11
2 13 10
2 13 48
2 13 49
2 11 12
2 11 15
2 11 10
2 11 34
2 11 44
2 50 51
2 50 52
2 50 53
2 50 54
2 50 55
2 50 56
2 50 4
2 50 57
2 58 59
2 58 60
2 58 61
2 58 62
2 58 63
2 58 64
2 58 65
2 66 67
2 66 68
2 66 61
2 69 70
2 69 71
2 69 47
2 69 72
2 69 46
2 69 73
2 69 45
2 69 74
2 47 46
2 47 70
2 47 45
2 47 75
2 47 44
2 47 71
2 47 76
2 45 46
2 45 76
2 45 70
2 45 48
2 45 49
2 76 77
2 76 48
2 76 49
2 76 78
2 76 46
2 15 48
2 15 49
2 15 10
2 79 80
2 79 81
2 79 82
2 79 83
2 79 84
2 79 85
2 80 86
2 80 83
2 80 87
2 88 81
2 88 87
2 88 86
2 88 89
2 90 91
2 90 92
2 90 93
2 90 94
2 90 95
2 90 96
2 90 97
2 87 98
2 87 99
2 87 100
2 87 101
2 87 102
2 73 74
2 73 103
2 73 104
2 73 105
2 71 70
2 71 74
2 71 103
2 49 106
2 49 77
2 49 44
2 107 108
2 107 109
2 107 110
2 84 111
2 84 110
2 84 112
2 84 86
2 84 113
2 111 89
2 111 110
2 111 113
2 89 100
2 89 114
2 89 102
2 89 99
2 89 98
2 100 102
2 100 99
2 100 98
2 100 114
2 100 115
2 100 116
2 98 99
2 98 102
2 98 116
2 98 101
2 98 114
2 116 117
2 116 99
2 116 102
2 116 118
2 116 119
2 117 118
2 117 120
2 117 121
2 98 117
2 117 99
2 117 102
2 122 104
2 122 123
2 122 124
2 122 103
2 122 125
2 122 74
2 122 126
2 104 123
2 104 105
2 104 125
2 104 74
2 104 127
2 104 128
2 125 123
2 125 128
2 125 105
2 73 125
2 125 127
2 129 130
2 129 131
2 129 78
2 129 132
2 106 133
2 134 135
2 134 136
2 134 137
2 134 138
2 134 139
2 109 108
2 109 112
2 109 140
2 109 141
2 109 142
2 112 142
2 112 141
2 112 143
2 112 144
2 112 110
2 141 113
2 141 110
2 85 110
2 85 113
2 85 145
2 101 115
2 101 145
2 101 99
2 146 121
2 146 147
2 146 148
2 146 149
2 146 150
2 146 102
2 146 151
2 121 152
2 121 147
2 121 153
2 121 148
2 121 118
2 121 102
2 121 149
2 118 153
2 118 120
2 118 152
2 118 154
2 118 99
2 120 119
2 120 155
2 120 156
2 120 153
2 120 157
2 120 158
2 155 157
2 155 159
2 155 158
2 155 119
2 118 155
2 117 155
2 160 126
2 160 161
2 160 124
2 160 162
2 160 127
2 160 163
2 160 164
2 160 165
2 160 166
2 124 126
2 124 127
2 124 161
2 124 105
2 124 123
2 124 164
2 104 124
2 166 164
2 166 167
2 166 162
2 166 168
2 166 126
2 124 166
2 166 161
2 167 168
2 167 164
2 167 169
2 167 170
2 167 171
2 167 162
2 167 172
2 168 169
2 168 173
2 168 172
2 168 171
2 168 164
2 169 172
2 169 171
2 169 170
2 169 174
2 172 174
2 172 171
2 174 175
2 176 177
2 176 132
2 133 178
2 133 179
2 133 180
2 133 181
2 49 133
2 182 183
2 182 184
2 182 185
2 182 186
2 182 187
2 182 188
2 182 189
2 182 190
2 191 192
2 191 193
2 191 194
2 191 195
2 191 196
2 191 197
2 191 198
2 191 199
2 186 200
2 186 188
2 186 190
2 186 185
2 186 184
2 186 201
2 186 183
2 186 202
2 140 203
2 140 144
2 140 204
2 140 205
2 140 143
2 140 206
2 144 207
2 144 203
2 144 208
2 144 209
2 209 210
2 209 211
2 209 212
2 209 213
2 209 143
2 210 211
2 210 214
2 210 215
2 210 216
2 210 212
2 210 217
2 211 215
2 211 214
2 211 218
2 110 113
2 110 219
2 110 142
2 110 220
2 110 145
2 145 221
2 145 114
2 145 113
2 145 219
2 89 145
2 149 148
2 149 152
2 149 150
2 149 151
2 158 156
2 158 222
2 158 157
2 158 223
2 158 224
2 158 225
2 158 226
2 156 157
2 156 224
2 156 226
2 156 223
2 159 157
2 159 227
2 159 228
2 159 229
2 159 230
2 158 159
2 159 226
2 227 231
2 227 232
2 227 157
2 227 233
2 234 235
2 234 165
2 234 161
2 234 236
2 234 162
2 234 237
2 160 234
2 163 238
2 163 161
2 163 235
2 163 126
2 163 164
2 171 239
2 171 240
2 171 241
2 171 175
2 171 242
2 239 241
2 239 175
2 239 170
2 175 242
2 175 243
2 175 244
2 131 181
2 131 245
2 131 246
2 131 179
2 131 180
2 131 247
2 176 131
2 131 178
2 179 245
2 192 195
2 192 248
2 192 198
2 192 199
2 194 193
2 194 248
2 194 249
2 195 250
2 195 193
2 251 204
2 251 252
2 251 208
2 251 253
2 251 203
2 251 205
2 251 207
2 251 254
2 204 206
2 204 205
2 204 207
2 204 212
2 204 252
2 205 217
2 205 208
2 205 206
2 217 216
2 217 203
2 204 217
2 217 206
2 205 216
2 216 255
2 214 256
2 214 257
2 214 255
2 214 213
2 213 215
2 213 218
2 213 258
2 219 220
2 219 113
2 219 259
2 85 219
2 101 221
2 150 152
2 150 260
2 150 261
2 262 263
2 262 264
2 262 265
2 262 222
2 262 266
2 262 267
2 262 225
2 262 268
2 263 222
2 263 264
2 263 225
2 263 269
2 263 223
2 263 224
2 225 222
2 225 223
2 225 224
2 225 264
2 225 266
2 225 270
2 225 226
2 225 233
2 224 223
2 224 226
2 224 233
2 224 222
2 224 229
2 224 270
2 224 264
2 226 229
2 226 223
2 226 230
2 226 222
2 226 271
2 226 270
2 229 233
2 229 230
2 229 231
2 229 232
2 229 223
2 229 272
2 230 231
2 230 232
2 230 233
2 230 272
2 230 273
2 232 228
2 232 272
2 232 274
2 232 275
2 273 272
2 229 273
2 273 275
2 274 276
2 274 277
2 274 231
2 230 274
2 274 278
2 279 280
2 279 237
2 279 281
2 279 282
2 279 283
2 279 235
2 236 235
2 236 284
2 236 281
2 236 282
2 285 286
2 285 287
2 285 288
2 285 240
2 285 289
2 285 170
2 285 290
2 285 173
2 166 285
2 286 287
2 286 288
2 286 240
2 286 289
2 286 290
2 286 170
2 171 286
2 286 291
2 288 287
2 288 289
2 288 290
2 288 291
2 288 170
2 288 292
2 289 290
2 289 240
2 289 287
2 289 291
2 289 292
2 289 293
2 289 242
2 290 292
2 290 293
2 290 294
2 290 240
2 290 287
2 293 291
2 293 242
2 293 295
2 293 294
2 175 293
2 239 293
2 243 241
2 239 243
2 245 132
2 245 296
2 245 181
2 245 178
2 193 199
2 198 197
2 198 297
2 198 298
2 198 199
2 297 299
2 297 300
2 297 196
2 250 299
2 250 301
2 198 250
2 250 302
2 299 301
2 299 303
2 299 302
2 299 304
2 299 249
2 299 305
2 299 306
2 301 305
2 301 307
2 301 304
2 301 308
2 301 309
2 254 253
2 254 252
2 254 310
2 254 311
2 254 312
2 254 313
2 254 314
2 252 206
2 252 315
2 252 312
2 252 313
2 252 208
2 313 316
2 313 317
2 313 315
2 313 253
2 313 206
2 316 317
2 316 312
2 316 318
2 316 319
2 316 320
2 316 321
2 317 318
2 317 319
2 317 255
2 317 320
2 317 312
2 318 255
2 318 257
2 318 256
2 318 319
2 318 320
2 255 256
2 255 322
2 255 321
2 255 323
2 255 324
2 255 319
2 256 257
2 256 322
2 256 324
2 256 325
2 256 321
2 256 323
2 215 326
2 215 327
2 215 220
2 259 218
2 259 113
2 259 326
2 110 259
2 328 260
2 328 329
2 265 330
2 265 270
2 266 270
2 266 267
2 270 271
2 270 264
2 270 223
2 270 331
2 270 332
2 271 333
2 271 334
2 271 332
2 271 335
2 271 336
2 271 337
2 271 338
2 333 334
2 333 337
2 333 336
2 333 332
2 333 275
2 275 338
2 275 339
2 275 231
2 275 335
2 230 275
2 275 337
2 277 278
2 277 340
2 277 341
2 273 277
2 232 277
2 277 231
2 275 277
2 278 340
2 278 276
2 278 341
2 278 342
2 278 343
2 273 278
2 278 344
2 340 341
2 340 276
2 340 343
2 340 345
2 340 346
2 283 282
2 283 281
2 283 347
2 283 348
2 283 284
2 283 280
2 283 349
2 282 284
2 282 280
2 282 350
2 282 351
2 282 347
2 282 237
2 280 351
2 280 281
2 280 237
2 280 350
2 352 353
2 352 354
2 352 355
2 352 294
2 352 356
2 357 358
2 357 359
2 357 291
2 357 354
2 357 353
2 357 360
2 357 361
2 295 292
2 290 295
2 296 246
2 296 362
2 296 363
2 296 132
2 131 296
2 296 180
2 296 364
2 365 300
2 365 366
2 365 298
2 365 367
2 197 196
2 300 368
2 300 369
2 300 306
2 300 370
2 300 304
2 300 367
2 368 306
2 368 366
2 368 304
2 368 302
2 365 368
2 368 367
2 304 306
2 304 302
2 304 308
2 304 303
2 304 366
2 304 305
2 302 303
2 302 305
2 302 308
2 302 306
2 302 307
2 303 305
2 303 307
2 303 371
2 303 309
2 307 305
2 307 309
2 307 372
2 307 373
2 309 372
2 309 373
2 309 374
2 309 305
2 309 375
2 374 373
2 374 375
2 374 372
2 374 376
2 374 377
2 307 374
2 374 378
2 374 379
2 314 310
2 314 380
2 314 381
2 314 382
2 314 315
2 311 382
2 311 315
2 311 380
2 382 310
2 382 315
2 320 321
2 320 383
2 320 384
2 320 323
2 320 385
2 320 386
2 321 319
2 321 257
2 321 322
2 323 387
2 323 319
2 323 257
2 322 324
2 322 325
2 322 388
2 318 322
2 218 327
2 218 389
2 218 220
2 218 390
2 260 329
2 260 151
2 260 391
2 260 148
2 221 260
2 149 260
2 392 331
2 265 392
2 392 332
2 268 269
2 270 268
2 393 331
2 393 332
2 393 394
2 393 336
2 393 334
2 270 393
2 331 332
2 331 336
2 331 334
2 331 335
2 331 337
2 336 332
2 336 337
2 336 335
2 336 339
2 337 334
2 337 339
2 337 338
2 337 332
2 339 334
2 339 395
2 339 272
2 341 342
2 341 343
2 341 276
2 341 345
2 341 346
2 342 343
2 342 346
2 342 396
2 343 397
2 343 398
2 343 399
2 343 345
2 397 398
2 397 399
2 397 400
2 397 348
2 397 401
2 397 402
2 348 350
2 347 403
2 347 404
2 347 405
2 349 406
2 349 407
2 349 408
2 349 409
2 349 403
2 349 410
2 349 411
2 408 412
2 408 413
2 408 409
2 408 407
2 408 414
2 412 410
2 412 414
2 412 415
2 412 411
2 412 406
2 412 413
2 349 412
2 412 416
2 415 416
2 415 410
2 415 411
2 408 415
2 415 417
2 415 406
2 416 417
2 416 414
2 416 418
2 416 419
2 416 410
2 416 420
2 417 418
2 417 421
2 417 422
2 417 423
2 417 414
2 417 424
2 418 422
2 418 421
2 418 425
2 418 426
2 418 424
2 422 426
2 422 419
2 422 427
2 422 428
2 422 425
2 426 355
2 426 429
2 426 428
2 355 430
2 355 353
2 355 356
2 355 429
2 355 431
2 355 432
2 430 361
2 430 431
2 430 354
2 430 427
2 430 358
2 361 354
2 361 353
2 361 360
2 361 359
2 364 362
2 364 433
2 364 434
2 364 435
2 363 436
2 363 437
2 363 435
2 363 246
2 245 363
2 298 438
2 298 196
2 298 439
2 193 298
2 369 306
2 369 370
2 369 440
2 369 441
2 304 369
2 441 442
2 441 443
2 371 305
2 371 306
2 371 444
2 373 375
2 373 376
2 373 305
2 373 378
2 373 445
2 375 376
2 375 377
2 375 372
2 375 446
2 375 379
2 377 447
2 377 379
2 377 448
2 377 449
2 381 450
2 381 451
2 381 310
2 381 452
2 453 454
2 453 310
2 453 450
2 453 315
2 455 386
2 455 384
2 455 383
2 320 455
2 382 455
2 455 319
2 455 456
2 455 385
2 455 312
2 384 386
2 384 383
2 384 385
2 384 319
2 384 456
2 321 384
2 384 457
2 383 385
2 383 386
2 383 457
2 383 387
2 383 456
2 385 457
2 385 387
2 385 386
2 385 458
2 387 459
2 387 458
2 387 460
2 387 456
2 387 461
2 324 388
2 324 257
2 326 327
2 326 389
2 326 258
2 326 390
2 326 462
2 213 326
2 329 261
2 329 391
2 329 151
2 150 329
2 329 463
2 329 148
2 330 464
2 330 267
2 330 465
2 266 330
2 394 466
2 394 395
2 394 467
2 394 468
2 394 469
2 331 394
2 466 470
2 466 471
2 466 467
2 466 468
2 466 472
2 337 395
2 395 471
2 395 470
2 395 472
2 336 395
2 395 473
2 474 475
2 474 476
2 474 477
2 474 478
2 474 479
2 474 480
2 474 481
2 474 482
2 476 482
2 476 483
2 476 484
2 476 480
2 476 477
2 482 483
2 482 484
2 482 475
2 482 485
2 482 344
2 482 486
2 484 485
2 484 479
2 484 344
2 484 487
2 484 475
2 484 346
2 485 487
2 485 483
2 485 346
2 485 396
2 485 479
2 485 488
2 487 344
2 487 346
2 487 396
2 487 489
2 487 345
2 487 483
2 346 489
2 346 402
2 346 345
2 346 344
2 346 490
2 346 491
2 489 402
2 489 396
2 489 399
2 489 398
2 489 490
2 399 402
2 399 492
2 399 493
2 399 490
2 399 491
2 399 400
2 492 400
2 492 401
2 492 494
2 401 409
2 401 407
2 401 405
2 401 493
2 401 494
2 409 413
2 409 404
2 409 405
2 409 495
2 409 406
2 413 406
2 413 411
2 413 410
2 413 404
2 413 495
2 411 406
2 411 414
2 409 411
2 420 424
2 420 496
2 420 497
2 420 498
2 420 499
2 420 419
2 424 496
2 424 425
2 424 419
2 424 497
2 424 500
2 424 501
2 424 499
2 425 501
2 425 423
2 501 427
2 501 419
2 422 501
2 429 427
2 429 502
2 429 428
2 429 353
2 431 353
2 431 427
2 431 503
2 504 505
2 504 506
2 361 504
2 504 507
2 504 508
2 504 509
2 504 503
2 504 510
2 360 354
2 360 511
2 360 512
2 360 503
2 360 358
2 360 353
2 430 360
2 433 434
2 433 513
2 433 514
2 433 435
2 433 437
2 433 515
2 433 436
2 295 433
2 436 435
2 436 362
2 436 514
2 436 434
2 436 515
2 438 199
2 438 439
2 438 196
2 438 367
2 440 442
2 440 516
2 440 517
2 370 439
2 370 306
2 443 516
2 443 444
2 443 518
2 443 519
2 516 442
2 516 444
2 516 520
2 516 521
2 516 517
2 516 522
2 444 521
2 444 522
2 444 442
2 444 518
2 444 445
2 521 445
2 521 378
2 521 518
2 521 523
2 371 521
2 441 521
2 445 522
2 445 523
2 445 372
2 449 379
2 449 446
2 449 447
2 449 448
2 449 524
2 449 376
2 446 376
2 446 525
2 448 526
2 448 527
2 448 376
2 448 528
2 526 528
2 526 529
2 446 526
2 377 526
2 449 526
2 528 530
2 528 531
2 528 532
2 446 528
2 533 534
2 533 451
2 533 450
2 533 535
2 533 536
2 533 454
2 381 533
2 533 380
2 451 452
2 451 454
2 451 534
2 451 380
2 451 535
2 453 451
2 456 537
2 456 538
2 456 539
2 456 540
2 456 541
2 542 538
2 542 541
2 459 537
2 459 543
2 459 544
2 459 545
2 388 325
2 388 257
2 389 327
2 389 462
2 389 258
2 215 389
2 389 546
2 391 463
2 391 547
2 391 548
2 328 391
2 464 465
2 268 464
2 464 267
2 331 464
2 549 463
2 549 547
2 549 548
2 467 468
2 467 550
2 467 470
2 467 551
2 467 469
2 467 471
2 467 552
2 467 472
2 470 471
2 470 551
2 470 472
2 470 468
2 470 552
2 470 473
2 470 550
2 472 473
2 472 471
2 472 481
2 472 478
2 472 551
2 472 552
2 472 553
2 472 554
2 481 473
2 481 477
2 481 555
2 481 553
2 481 471
2 470 481
2 477 480
2 477 475
2 477 473
2 477 486
2 480 486
2 480 556
2 486 556
2 486 96
2 486 92
2 486 557
2 486 479
2 556 558
2 559 560
2 559 561
2 559 558
2 559 562
2 559 491
2 559 557
2 559 563
2 561 560
2 561 491
2 561 564
2 561 565
2 346 561
2 399 561
2 490 345
2 490 566
2 490 398
2 490 493
2 490 396
2 405 494
2 405 404
2 405 495
2 405 407
2 405 567
2 405 493
2 495 404
2 495 567
2 495 494
2 495 403
2 495 568
2 495 569
2 570 571
2 570 572
2 570 573
2 570 574
2 570 498
2 570 500
2 570 575
2 570 576
2 570 577
2 573 571
2 573 574
2 573 498
2 573 500
2 573 575
2 573 497
2 573 576
2 574 575
2 574 572
2 574 497
2 574 499
2 574 571
2 420 574
2 575 498
2 575 499
2 575 578
2 575 496
2 575 579
2 499 579
2 499 498
2 579 580
2 579 497
2 579 581
2 579 582
2 424 579
2 580 582
2 580 508
2 580 496
2 499 580
2 580 583
2 580 497
2 582 507
2 582 505
2 502 432
2 502 584
2 502 585
2 502 356
2 431 502
2 502 586
2 502 427
2 583 508
2 583 507
2 583 587
2 583 506
2 583 509
2 507 505
2 507 506
2 507 508
2 507 509
2 507 588
2 511 512
2 511 503
2 511 354
2 511 359
2 511 589
2 511 510
2 511 590
2 511 591
2 435 515
2 435 437
2 435 434
2 435 514
2 435 362
2 439 592
2 439 367
2 439 593
2 439 594
2 517 442
2 517 518
2 517 519
2 517 595
2 517 596
2 518 523
2 518 597
2 518 598
2 518 442
2 518 599
2 523 600
2 523 598
2 523 599
2 523 524
2 523 601
2 523 522
2 600 597
2 600 601
2 600 525
2 600 598
2 518 600
2 600 602
2 600 599
2 524 525
2 524 597
2 524 379
2 529 530
2 529 531
2 529 527
2 529 532
2 448 529
2 529 603
2 531 532
2 531 603
2 531 604
2 531 605
2 532 530
2 532 604
2 532 606
2 532 607
2 532 608
2 532 609
2 532 603
2 532 605
2 536 535
2 536 610
2 536 534
2 536 611
2 536 607
2 535 452
2 535 610
2 612 613
2 612 614
2 612 615
2 612 616
2 612 617
2 612 618
2 612 619
2 612 620
2 613 616
2 613 621
2 613 618
2 613 620
2 613 615
2 613 622
2 613 623
2 616 620
2 616 614
2 616 624
2 616 625
2 616 621
2 620 624
2 620 625
2 620 614
2 620 540
2 625 540
2 625 618
2 625 626
2 625 539
2 540 538
2 540 539
2 540 541
2 540 627
2 540 628
2 538 543
2 538 539
2 538 545
2 538 627
2 538 537
2 538 629
2 543 545
2 543 537
2 543 541
2 543 629
2 543 544
2 543 630
2 543 539
2 629 544
2 629 630
2 629 541
2 631 458
2 631 632
2 631 457
2 387 631
2 385 631
2 323 631
2 324 631
2 462 546
2 462 327
2 462 633
2 463 547
2 463 548
2 463 634
2 463 635
2 463 261
2 469 468
2 469 636
2 469 551
2 469 552
2 470 469
2 469 471
2 469 637
2 467 638
2 639 97
2 639 94
2 639 91
2 639 640
2 552 551
2 552 554
2 552 553
2 552 471
2 552 473
2 552 641
2 97 94
2 97 91
2 97 642
2 553 554
2 553 641
2 553 473
2 553 643
2 553 551
2 94 91
2 94 92
2 94 93
2 94 640
2 94 644
2 91 92
2 91 93
2 91 95
2 91 96
2 91 640
2 480 91
2 92 95
2 92 96
2 92 563
2 95 563
2 95 557
2 563 96
2 563 558
2 563 562
2 563 564
2 563 93
2 558 65
2 558 564
2 558 557
2 558 96
2 95 558
2 558 61
2 565 65
2 565 560
2 563 565
2 565 557
2 488 645
2 488 566
2 488 646
2 488 647
2 488 345
2 488 396
2 488 344
2 490 488
2 488 648
2 568 569
2 568 567
2 568 649
2 568 650
2 568 404
2 405 568
2 413 568
2 411 568
2 649 650
2 649 569
2 649 567
2 649 651
2 649 652
2 495 649
2 411 649
2 649 404
2 574 576
2 576 571
2 575 576
2 576 498
2 576 572
2 653 577
2 653 654
2 653 655
2 653 656
2 653 657
2 653 658
2 499 653
2 654 656
2 654 657
2 654 659
2 654 660
2 654 658
2 654 577
2 654 581
2 657 656
2 657 660
2 657 655
2 657 581
2 582 657
2 657 659
2 580 657
2 585 586
2 585 584
2 585 661
2 585 428
2 585 662
2 585 432
2 585 663
2 429 585
2 660 656
2 660 588
2 660 664
2 660 655
2 665 666
2 665 667
2 654 665
2 664 668
2 507 664
2 664 669
2 664 666
2 509 506
2 509 670
2 509 587
2 509 510
2 509 505
2 510 671
2 510 503
2 510 672
2 510 506
2 590 589
2 590 673
2 590 512
2 590 591
2 590 674
2 590 359
2 360 590
2 590 503
2 519 675
2 519 520
2 519 442
2 516 519
2 592 676
2 438 592
2 596 599
2 596 598
2 596 602
2 518 596
2 596 597
2 599 598
2 599 597
2 599 601
2 599 677
2 602 678
2 602 679
2 602 680
2 601 681
2 682 683
2 682 684
2 682 685
2 682 686
2 682 603
2 682 687
2 682 688
2 682 689
2 682 605
2 685 603
2 685 687
2 685 605
2 685 683
2 685 604
2 685 690
2 685 691
2 603 605
2 603 687
2 603 604
2 603 684
2 603 690
2 603 606
2 603 691
2 603 608
2 604 606
2 604 605
2 604 608
2 604 690
2 604 687
2 604 609
2 604 607
2 604 692
2 608 606
2 608 607
2 608 611
2 608 609
2 608 692
2 608 605
2 608 690
2 608 610
2 611 607
2 611 693
2 611 609
2 611 606
2 611 692
2 611 694
2 604 611
2 693 695
2 693 696
2 693 694
2 693 697
2 693 607
2 608 693
2 695 696
2 695 698
2 695 697
2 695 694
2 695 699
2 695 610
2 695 700
2 695 619
2 698 696
2 698 617
2 698 697
2 698 701
2 698 694
2 619 615
2 619 701
2 619 696
2 619 621
2 702 622
2 702 703
2 702 704
2 702 705
2 622 703
2 622 706
2 622 707
2 616 622
2 622 705
2 703 707
2 620 703
2 703 705
2 616 703
2 703 624
2 626 539
2 626 708
2 626 709
2 627 628
2 627 541
2 627 545
2 627 710
2 627 711
2 712 713
2 712 714
2 712 715
2 712 716
2 712 541
2 543 712
2 712 545
2 538 712
2 630 544
2 630 545
2 630 717
2 630 537
2 630 541
2 627 630
2 632 458
2 632 718
2 632 719
2 388 632
2 632 720
2 546 633
2 546 718
2 546 325
2 546 719
2 548 634
2 548 635
2 548 721
2 548 722
2 548 723
2 636 724
2 636 550
2 636 551
2 636 725
2 636 726
2 642 644
2 642 727
2 94 642
2 642 640
2 469 728
2 728 637
2 644 727
2 644 640
2 638 644
2 644 729
2 644 730
2 727 640
2 727 64
2 727 729
2 640 64
2 640 730
2 640 731
2 640 729
2 90 640
2 643 732
2 643 641
2 643 733
2 643 734
2 643 554
2 643 735
2 643 478
2 552 643
2 64 62
2 64 731
2 64 67
2 64 68
2 64 736
2 733 734
2 733 732
2 733 735
2 733 641
2 733 737
2 553 733
2 733 554
2 736 59
2 736 61
2 736 62
2 736 63
2 736 65
2 61 65
2 61 562
2 61 59
2 61 62
2 648 647
2 648 646
2 648 645
2 648 738
2 648 739
2 648 737
2 648 740
2 648 741
2 646 738
2 646 566
2 646 739
2 646 344
2 646 737
2 652 742
2 652 650
2 652 743
2 652 663
2 652 744
2 652 662
2 652 745
2 742 663
2 742 743
2 742 651
2 742 662
2 742 744
2 742 745
2 742 746
2 742 661
2 662 663
2 662 743
2 662 747
2 662 744
2 662 586
2 658 655
2 658 659
2 658 656
2 657 658
2 658 667
2 658 666
2 748 667
2 748 666
2 748 749
2 748 655
2 665 748
2 667 750
2 667 751
2 667 668
2 667 752
2 667 749
2 753 669
2 753 754
2 753 587
2 753 668
2 753 506
2 509 753
2 507 753
2 671 672
2 671 591
2 671 755
2 671 756
2 671 757
2 671 758
2 671 670
2 671 673
2 759 760
2 759 761
2 759 515
2 759 762
2 435 759
2 759 437
2 594 593
2 594 676
2 594 763
2 370 594
2 595 677
2 595 597
2 595 520
2 680 678
2 680 764
2 680 765
2 680 766
2 680 767
2 680 679
2 680 768
2 680 769
2 678 679
2 678 767
2 678 764
2 678 765
2 678 769
2 678 770
2 679 766
2 679 681
2 679 767
2 679 771
2 679 769
2 679 772
2 681 773
2 681 774
2 681 767
2 681 766
2 678 681
2 773 774
2 773 775
2 773 776
2 773 689
2 679 773
2 775 689
2 775 688
2 775 772
2 775 686
2 681 775
2 775 770
2 689 686
2 689 776
2 689 683
2 689 774
2 689 777
2 689 772
2 686 683
2 686 688
2 686 776
2 686 684
2 685 686
2 686 774
2 778 779
2 778 780
2 778 781
2 778 782
2 778 783
2 778 605
2 603 778
2 780 779
2 780 606
2 604 780
2 608 780
2 690 691
2 690 687
2 690 692
2 690 609
2 690 606
2 690 605
2 690 784
2 692 609
2 692 606
2 692 607
2 692 691
2 692 687
2 697 694
2 697 700
2 697 696
2 697 701
2 697 610
2 697 785
2 786 787
2 786 788
2 619 786
2 700 701
2 700 785
2 700 694
2 700 696
2 789 704
2 789 788
2 789 790
2 789 791
2 702 789
2 619 789
2 789 706
2 704 788
2 704 791
2 704 790
2 704 706
2 622 704
2 788 791
2 788 787
2 788 706
2 622 788
2 791 706
2 791 705
2 791 787
2 706 705
2 706 792
2 703 706
2 706 716
2 705 792
2 705 716
2 707 705
2 788 705
2 792 716
2 792 714
2 703 792
2 792 793
2 792 713
2 791 792
2 792 794
2 709 795
2 709 710
2 709 796
2 709 628
2 709 797
2 709 618
2 707 709
2 716 713
2 716 793
2 716 798
2 716 799
2 710 628
2 710 795
2 710 539
2 710 796
2 714 800
2 714 801
2 714 799
2 713 800
2 713 802
2 713 801
2 717 803
2 717 544
2 717 804
2 717 545
2 627 717
2 629 717
2 717 715
2 805 806
2 805 807
2 805 808
2 805 809
2 805 810
2 805 811
2 805 812
2 805 813
2 805 814
2 633 718
2 633 719
2 633 720
2 633 815
2 631 633
2 634 635
2 634 722
2 634 547
2 634 723
2 634 816
2 635 723
2 635 547
2 635 816
2 638 817
2 469 817
2 818 729
2 818 730
2 818 731
2 818 819
2 818 68
2 818 67
2 644 818
2 729 731
2 729 67
2 729 68
2 729 819
2 64 729
2 731 730
2 731 67
2 731 68
2 731 62
2 731 63
2 68 63
2 68 62
2 68 730
2 68 59
2 63 820
2 737 740
2 737 738
2 737 735
2 737 741
2 737 821
2 737 822
2 737 734
2 738 740
2 738 741
2 738 822
2 738 735
2 738 647
2 738 821
2 744 745
2 744 746
2 744 823
2 744 663
2 744 824
2 745 743
2 745 823
2 745 663
2 745 824
2 747 746
2 747 825
2 747 823
2 747 824
2 747 826
2 749 827
2 749 828
2 750 827
2 754 829
2 754 668
2 754 751
2 754 588
2 754 830
2 664 754
2 754 587
2 755 757
2 755 672
2 755 758
2 755 831
2 755 591
2 755 832
2 510 755
2 833 834
2 833 835
2 833 836
2 833 673
2 590 833
2 833 837
2 761 760
2 761 762
2 761 838
2 761 837
2 761 835
2 761 839
2 833 761
2 761 834
2 840 841
2 840 842
2 840 843
2 840 844
2 840 845
2 840 846
2 840 847
2 840 848
2 840 849
2 850 851
2 850 852
2 850 853
2 850 854
2 850 855
2 850 856
2 676 763
2 676 857
2 676 858
2 676 859
2 676 593
2 765 860
2 765 768
2 765 861
2 765 862
2 765 766
2 765 767
2 677 598
2 677 862
2 677 863
2 677 768
2 864 764
2 864 865
2 678 864
2 765 864
2 680 864
2 767 769
2 767 860
2 767 766
2 767 771
2 767 866
2 767 770
2 767 764
2 771 769
2 771 866
2 771 766
2 771 860
2 771 867
2 868 869
2 868 777
2 868 783
2 868 781
2 868 782
2 868 870
2 689 868
2 868 871
2 869 783
2 869 777
2 869 781
2 869 782
2 869 870
2 869 872
2 869 779
2 869 871
2 783 781
2 783 782
2 783 777
2 783 872
2 783 779
2 783 870
2 783 871
2 781 872
2 781 779
2 781 873
2 781 870
2 781 871
2 872 782
2 872 873
2 872 870
2 872 871
2 780 872
2 784 691
2 784 874
2 784 875
2 784 687
2 784 876
2 784 684
2 692 784
2 785 877
2 785 878
2 785 879
2 785 880
2 619 785
2 698 785
2 878 877
2 878 879
2 878 880
2 878 701
2 878 881
2 700 878
2 878 882
2 878 617
2 790 883
2 790 884
2 790 787
2 790 794
2 880 877
2 880 881
2 880 882
2 880 885
2 880 701
2 880 886
2 883 884
2 883 794
2 883 887
2 883 793
2 791 883
2 706 883
2 883 798
2 884 794
2 884 887
2 884 793
2 884 798
2 884 888
2 884 799
2 884 801
2 794 793
2 794 798
2 794 799
2 794 887
2 794 888
2 794 801
2 716 794
2 797 886
2 797 796
2 797 795
2 797 885
2 797 889
2 797 890
2 797 708
2 797 891
2 793 798
2 793 799
2 793 801
2 793 887
2 793 888
2 793 802
2 796 708
2 796 886
2 796 892
2 796 890
2 796 893
2 799 801
2 799 802
2 799 894
2 799 888
2 799 887
2 801 802
2 801 798
2 802 894
2 802 798
2 802 895
2 802 896
2 802 897
2 715 898
2 715 800
2 715 899
2 715 900
2 715 901
2 804 902
2 804 903
2 804 711
2 804 904
2 804 905
2 630 804
2 804 544
2 718 719
2 718 720
2 718 815
2 718 906
2 718 907
2 718 461
2 908 909
2 908 910
2 908 911
2 908 912
2 908 913
2 908 914
2 908 915
2 722 816
2 722 721
2 722 916
2 722 547
2 463 722
2 726 724
2 726 917
2 726 918
2 726 637
2 726 919
2 817 726
2 726 920
2 723 816
2 723 547
2 723 921
2 819 922
2 819 923
2 819 924
2 922 924
2 922 925
2 922 926
2 922 927
2 820 923
2 68 820
2 820 928
2 820 924
2 820 925
2 820 67
2 821 822
2 821 741
2 821 740
2 821 929
2 821 930
2 821 931
2 821 739
2 741 740
2 741 822
2 741 930
2 741 739
2 741 735
2 741 929
2 932 933
2 932 934
2 932 935
2 932 936
2 932 937
2 932 938
2 932 939
2 932 940
2 824 823
2 824 941
2 824 746
2 824 942
2 824 943
2 824 743
2 934 944
2 934 940
2 934 945
2 934 933
2 934 946
2 934 947
2 934 948
2 940 935
2 940 946
2 940 947
2 940 949
2 940 828
2 947 945
2 947 950
2 826 825
2 826 951
2 826 943
2 826 952
2 826 953
2 826 746
2 949 828
2 954 952
2 954 825
2 954 953
2 954 955
2 954 943
2 954 834
2 839 836
2 839 955
2 839 674
2 839 837
2 839 956
2 839 838
2 957 958
2 957 959
2 957 960
2 957 961
2 957 962
2 957 963
2 957 964
2 957 965
2 960 966
2 960 962
2 960 963
2 960 959
2 960 961
2 960 967
2 960 968
2 763 858
2 763 969
2 763 970
2 763 859
2 768 862
2 768 971
2 768 861
2 768 764
2 768 863
2 768 769
2 767 768
2 865 972
2 865 973
2 865 974
2 865 975
2 865 976
2 865 977
2 865 978
2 972 975
2 972 973
2 972 979
2 972 974
2 972 976
2 864 972
2 972 978
2 975 973
2 975 979
2 975 980
2 975 976
2 975 974
2 866 981
2 866 982
2 679 866
2 867 981
2 867 982
2 867 983
2 867 769
2 867 984
2 773 867
2 985 871
2 985 870
2 985 986
2 985 987
2 985 988
2 985 782
2 985 989
2 985 990
2 871 991
2 871 782
2 871 986
2 871 987
2 876 875
2 876 874
2 876 992
2 876 993
2 876 994
2 876 995
2 876 691
2 874 875
2 874 993
2 874 996
2 874 691
2 874 992
2 690 874
2 874 687
2 882 881
2 882 885
2 882 889
2 882 997
2 882 879
2 882 886
2 882 998
2 882 999
2 885 889
2 885 886
2 885 881
2 885 998
2 885 997
2 885 890
2 885 891
2 887 888
2 887 798
2 887 1000
2 887 1001
2 888 1000
2 888 1001
2 888 798
2 1000 1002
2 1001 1003
2 1001 1004
2 1001 1005
2 801 1001
2 799 1001
2 894 895
2 894 897
2 894 1006
2 898 900
2 898 901
2 898 1007
2 898 800
2 898 1008
2 898 1009
2 902 904
2 902 803
2 902 1010
2 717 902
2 902 711
2 902 900
2 720 719
2 720 815
2 720 906
2 720 907
2 720 1011
2 546 720
2 1012 1013
2 1012 1014
2 1012 1015
2 1012 1016
2 1012 1017
2 1012 1018
2 1012 1019
2 1012 1020
2 918 725
2 918 919
2 918 724
2 918 920
2 918 1021
2 918 637
2 918 1022
2 816 921
2 816 919
2 816 920
2 918 816
2 1023 1024
2 1023 1025
2 729 1023
2 1023 1026
2 731 1023
2 1027 1028
2 924 926
2 924 923
2 924 928
2 924 1029
2 925 928
2 925 1029
2 925 927
2 928 927
2 928 1030
2 927 1030
2 927 1031
2 927 1032
2 927 1033
2 927 1034
2 927 1035
2 929 931
2 929 1036
2 929 930
2 929 1037
2 929 735
2 929 740
2 1030 1033
2 1030 1034
2 1030 56
2 1030 54
2 1033 56
2 1033 1035
2 1033 1034
2 1033 54
2 1033 53
2 1033 1032
2 1033 51
2 930 822
2 930 1038
2 930 740
2 930 1039
2 737 930
2 738 930
2 1040 1041
2 1040 1042
2 1040 1043
2 1040 938
2 1040 937
2 1040 1044
2 1040 1045
2 1040 936
2 1042 1043
2 1042 1046
2 1042 938
2 1042 937
2 1042 936
2 1042 1041
2 1042 939
2 1042 933
2 938 936
2 938 1043
2 938 939
2 938 1046
2 938 933
2 939 1047
2 939 937
2 939 1043
2 939 944
2 942 941
2 942 1048
2 942 1049
2 942 823
2 942 1050
2 942 746
2 744 942
2 942 1051
2 1047 936
2 1047 1052
2 1047 1053
2 938 1047
2 1047 944
2 1047 1054
2 1053 1055
2 1053 1056
2 1053 1057
2 1053 1058
2 1053 1059
2 1053 1060
2 947 1053
2 828 827
2 828 1061
2 828 1062
2 828 948
2 828 1063
2 952 953
2 952 951
2 952 955
2 952 1064
2 952 956
2 952 1065
2 952 836
2 955 953
2 955 956
2 955 836
2 955 1065
2 955 951
2 955 835
2 1066 832
2 1066 1067
2 1066 831
2 839 1066
2 837 1068
2 837 836
2 837 835
2 837 762
2 1069 1070
2 1069 1071
2 1069 1072
2 1069 1017
2 1069 1016
2 1073 1074
2 1073 1075
2 1073 1076
2 858 857
2 858 969
2 858 970
2 858 1077
2 594 858
2 971 1078
2 971 861
2 971 1079
2 971 1080
2 765 971
2 971 764
2 973 976
2 973 977
2 973 1081
2 973 1082
2 978 980
2 978 1083
2 978 1084
2 978 990
2 978 989
2 980 990
2 980 1085
2 980 989
2 980 1083
2 980 988
2 980 1086
2 980 987
2 990 988
2 990 987
2 990 986
2 990 1085
2 990 1086
2 988 987
2 988 986
2 988 991
2 988 1086
2 982 983
2 982 984
2 982 1087
2 982 1088
2 982 994
2 982 995
2 982 1089
2 986 991
2 986 989
2 986 870
2 986 1086
2 983 984
2 983 981
2 983 994
2 983 1088
2 983 995
2 983 1090
2 983 992
2 983 1087
2 992 994
2 992 996
2 992 995
2 992 1088
2 992 875
2 992 1091
2 992 1092
2 998 997
2 998 890
2 998 889
2 998 891
2 998 1093
2 998 999
2 998 1094
2 891 890
2 891 893
2 891 892
2 891 889
2 891 997
2 891 1095
2 891 1093
2 1002 1096
2 1002 1097
2 1002 1004
2 1002 1098
2 1002 1099
2 1002 1100
2 892 893
2 892 1095
2 892 1101
2 892 890
2 892 1102
2 892 1103
2 892 1104
2 998 892
2 1004 1003
2 1004 1105
2 1004 1096
2 1004 1100
2 1004 1097
2 1003 1106
2 1003 1100
2 1002 1003
2 1003 1105
2 895 897
2 895 1006
2 895 1107
2 895 896
2 895 1108
2 801 895
2 895 1005
2 900 1007
2 900 1009
2 900 1008
2 900 1109
2 905 903
2 905 1010
2 905 1110
2 905 803
2 905 1111
2 906 907
2 906 719
2 906 1011
2 906 1010
2 906 1110
2 1074 1112
2 1074 1113
2 1114 1115
2 1114 1116
2 1114 1117
2 1114 1118
2 916 921
2 916 1119
2 919 920
2 919 917
2 919 1120
2 919 1119
2 919 1022
2 919 1121
2 919 1122
2 1025 1123
2 1025 1026
2 729 1025
2 818 1025
2 1025 1124
2 731 1025
2 1125 1124
2 1125 917
2 918 1125
2 926 1029
2 926 1126
2 926 1127
2 926 923
2 927 926
2 1128 1032
2 1128 1034
2 1128 1129
2 1128 1130
2 925 1128
2 1036 1131
2 1036 931
2 1036 1022
2 1036 1120
2 1036 1122
2 1036 1132
2 1036 920
2 1031 1032
2 1031 1034
2 1031 1035
2 928 1031
2 1033 1031
2 1032 1034
2 1032 1035
2 1032 56
2 1032 54
2 1035 54
2 1035 53
2 1035 51
2 54 56
2 54 53
2 54 51
2 54 1034
2 54 1133
2 1038 1039
2 1038 1134
2 1038 1135
2 1038 822
2 741 1038
2 929 1038
2 821 1038
2 1038 740
2 51 1133
2 51 56
2 51 52
2 51 1034
2 1133 52
2 1133 53
2 1133 55
2 1133 4
2 1133 56
2 1133 57
2 52 55
2 52 1136
2 52 1137
2 52 53
2 52 1
2 55 1136
2 55 1
2 1136 1138
2 1136 1139
2 1140 1141
2 1140 1138
2 1140 1142
2 1140 1139
2 1140 1143
2 1140 1144
2 1140 7
2 1142 1044
2 1142 1045
2 1142 1141
2 1142 1145
2 1142 1144
2 1142 1138
2 1142 1146
2 1045 1044
2 1045 1146
2 1045 1147
2 1045 1144
2 1045 1148
2 1140 1045
2 1146 1148
2 1146 1149
2 1146 1141
2 1146 1044
2 1148 1149
2 1148 1150
2 1148 1054
2 1148 1151
2 1148 1152
2 1149 1054
2 1149 1052
2 1149 1152
2 1149 1151
2 939 1149
2 1149 1153
2 1054 1052
2 1054 1153
2 1054 1151
2 1052 1153
2 1052 1150
2 1052 1058
2 1052 1059
2 1052 1055
2 1049 1048
2 1049 1050
2 1049 1051
2 1049 1154
2 1049 1155
2 1049 941
2 1049 1156
2 824 1049
2 1153 1058
2 1153 1157
2 1153 1158
2 1053 1153
2 1058 1055
2 1058 1158
2 1058 1157
2 1058 1057
2 1063 950
2 1063 1061
2 1063 1062
2 1063 1159
2 1063 1160
2 1063 1056
2 1062 1159
2 1062 1161
2 1062 827
2 1062 950
2 1062 1162
2 1062 1163
2 1065 1164
2 1065 1068
2 1065 1165
2 1065 1166
2 1065 1167
2 1068 1166
2 1068 838
2 1068 956
2 1068 1165
2 1068 836
2 1168 1169
2 1168 1170
2 1168 1171
2 1168 1172
2 1168 1173
2 1168 1174
2 1168 1175
2 1168 1176
2 1168 1177
2 1178 1179
2 1178 1180
2 1178 1181
2 1178 1182
2 1178 1183
2 1178 1184
2 1178 1185
2 1178 1186
2 969 970
2 969 857
2 969 1077
2 676 969
2 969 1187
2 969 1188
2 1078 1080
2 1078 862
2 1078 1189
2 1078 1190
2 768 1078
2 1078 861
2 1083 1085
2 1083 1191
2 1083 1192
2 990 1083
2 976 1082
2 976 979
2 976 1081
2 976 1193
2 1084 1085
2 1084 1194
2 1086 1195
2 1086 1196
2 1086 1194
2 1086 989
2 1086 987
2 995 1088
2 995 994
2 995 1091
2 995 1090
2 995 1092
2 995 984
2 995 1197
2 1198 1098
2 1198 1199
2 1198 1097
2 1198 1200
2 1198 1201
2 1198 1096
2 1198 1202
2 1093 1094
2 1093 999
2 1093 1203
2 1093 997
2 1093 1204
2 1093 890
2 1093 889
2 1098 1096
2 1098 1105
2 1098 1205
2 1098 1206
2 1098 1199
2 1096 1097
2 1096 1099
2 1096 1100
2 1096 1202
2 1096 1106
2 1099 1105
2 1099 1207
2 1099 1208
2 1101 1095
2 1101 1102
2 1101 1103
2 1101 1104
2 1101 893
2 1101 1209
2 891 1101
2 1106 1100
2 1106 1105
2 1106 1208
2 1104 1209
2 1104 1210
2 1104 1211
2 1104 1102
2 1104 1111
2 1006 1107
2 1006 896
2 1006 1108
2 1006 1005
2 1006 1212
2 802 1006
2 1007 901
2 1007 1008
2 1007 1009
2 1007 1109
2 1007 899
2 1010 1110
2 1010 904
2 1010 1111
2 1010 1213
2 1010 1214
2 1010 903
2 1215 1116
2 1215 1115
2 1215 1216
2 1215 1118
2 1215 1217
2 1215 1218
2 1215 1219
2 907 1011
2 907 815
2 907 1110
2 907 1220
2 907 1221
2 907 1213
2 1222 1179
2 1222 1181
2 1222 1182
2 1222 1180
2 1222 1223
2 1222 1183
2 1222 1185
2 921 1121
2 921 1119
2 921 1224
2 921 1122
2 1028 1026
2 1028 1225
2 1028 1123
2 919 1028
2 1028 917
2 920 1119
2 920 1120
2 920 1121
2 920 1122
2 920 1021
2 920 1132
2 920 1022
2 920 1226
2 1120 1122
2 1120 1022
2 1120 1132
2 1120 1131
2 1120 1119
2 1120 1226
2 1120 1121
2 1120 1037
2 1029 1127
2 1029 1227
2 1029 1129
2 1029 1126
2 1131 1022
2 1131 1122
2 1131 1037
2 1131 1132
2 920 1131
2 1131 1226
2 1131 1228
2 1130 1229
2 1130 1230
2 1130 1231
2 1130 1232
2 1130 1233
2 1130 1234
2 1130 1235
2 1230 1234
2 1230 1231
2 1230 1236
2 1230 1237
2 1230 1238
2 1234 1238
2 1234 1237
2 1234 1231
2 1234 1239
2 1234 1236
2 1234 1240
2 1238 1239
2 1238 1237
2 1238 1240
2 1238 57
2 1238 1241
2 1238 1231
2 1239 57
2 1239 4
2 1239 1240
2 1239 1241
2 1239 1237
2 1239 1137
2 1133 1239
2 1039 1134
2 1039 1135
2 1039 1242
2 1039 1243
2 1039 1244
2 1039 822
2 1039 1245
2 57 4
2 57 1137
2 0 57
2 57 1241
2 57 1240
2 4 1137
2 4 1
2 4 2
2 1137 1
2 1137 2
2 1137 3
2 1137 5
2 1 2
2 1 7
2 1 1143
2 1 6
2 7 1143
2 7 2
2 7 1139
2 7 1138
2 7 6
2 1139 1143
2 1139 1145
2 1139 1147
2 1139 5
2 1139 3
2 1139 1141
2 1145 1138
2 1145 1144
2 1145 1143
2 7 1145
2 1144 1141
2 1144 1246
2 1144 1247
2 1144 1147
2 1144 1138
2 1246 1141
2 1145 1246
2 1246 1248
2 1246 1249
2 1151 1250
2 1151 1249
2 1151 1248
2 1151 1150
2 1151 1251
2 1151 1252
2 1152 1252
2 1152 1150
2 1152 1251
2 1152 1253
2 1252 1253
2 1252 1254
2 1252 1157
2 1252 1158
2 1252 1255
2 1051 1155
2 1051 1156
2 1051 1048
2 1051 1256
2 1051 1257
2 1253 1157
2 1253 1158
2 1253 1255
2 1158 1258
2 1158 1259
2 1158 1059
2 1158 1260
2 1060 1261
2 1060 1262
2 1060 1263
2 1060 1055
2 1060 1160
2 1060 1264
2 1162 1160
2 1162 1161
2 1162 1265
2 1162 1159
2 1162 1266
2 1159 1163
2 1159 1265
2 1159 950
2 1159 1266
2 1267 1268
2 1267 1269
2 1267 1270
2 1267 1165
2 1065 1267
2 1267 1271
2 1267 953
2 1270 1165
2 1270 1167
2 1270 1166
2 1270 1272
2 1270 1268
2 1166 1165
2 1166 1164
2 1166 1272
2 1166 956
2 1166 1167
2 1273 1274
2 1273 1275
2 1273 1276
2 1273 1277
2 1273 1278
2 1273 1279
2 1273 1280
2 1273 1281
2 1282 1283
2 1282 1284
2 1282 1285
2 1282 1286
2 1282 1287
2 1282 1288
2 1282 1289
2 1282 1290
2 1291 1292
2 1291 1293
2 1291 1115
2 1291 1118
2 1291 1294
2 1215 1291
2 1291 1295
2 1291 1216
2 1291 1296
2 970 1077
2 970 1187
2 970 1188
2 970 857
2 970 1297
2 676 970
2 1080 1189
2 1080 862
2 768 1080
2 1080 1298
2 1081 1192
2 1081 1191
2 1194 1195
2 1194 1299
2 1196 1299
2 1196 1300
2 1196 1301
2 1084 1196
2 1087 1089
2 1087 1302
2 1087 1090
2 1087 1303
2 1087 1304
2 1087 1088
2 1087 984
2 995 1087
2 1087 1197
2 1090 1088
2 1090 1091
2 1090 1197
2 1090 1092
2 1090 1305
2 1090 1089
2 1090 1302
2 1091 1197
2 1091 1305
2 1091 1088
2 1091 994
2 1091 1306
2 1307 1308
2 1307 1201
2 1307 1309
2 1307 1200
2 1307 1310
2 1307 1199
2 1307 1205
2 1307 1311
2 1198 1307
2 1201 1308
2 1201 1200
2 1201 1199
2 1201 1205
2 1201 1309
2 1201 1206
2 1201 1310
2 1199 1205
2 1199 1206
2 1199 1308
2 1199 1202
2 1203 1204
2 1203 1094
2 1203 1312
2 1203 1313
2 1203 997
2 1203 1314
2 998 1203
2 1206 1205
2 1206 1202
2 1206 1200
2 1206 1097
2 1096 1206
2 1202 1207
2 1202 1315
2 1202 1205
2 1202 1105
2 1207 1316
2 1207 1317
2 1206 1207
2 1207 1208
2 1207 1318
2 1207 1319
2 1100 1208
2 1100 1105
2 1100 1320
2 1100 1317
2 1100 1321
2 1210 1211
2 1210 1102
2 1210 1322
2 1210 1111
2 1211 1322
2 1211 1111
2 1101 1211
2 1211 1214
2 1211 1102
2 1323 901
2 900 1323
2 1323 1108
2 1111 1209
2 1111 1213
2 1011 1220
2 1011 1213
2 1011 1214
2 1111 1011
2 1011 1324
2 1283 1286
2 1283 1287
2 1283 1284
2 1283 1285
2 1283 1290
2 1283 1325
2 1121 1119
2 1121 1226
2 1121 1224
2 1121 1326
2 1121 1021
2 1121 1132
2 1121 1122
2 1121 1327
2 1132 1122
2 1132 1119
2 1132 1022
2 1127 1227
2 1127 1129
2 1127 1328
2 925 1127
2 928 1127
2 1236 1235
2 1236 1232
2 1236 1233
2 1236 1237
2 1235 1231
2 1235 1237
2 1235 1232
2 1235 1229
2 1235 1240
2 1237 1240
2 1237 1231
2 1237 1329
2 1237 1330
2 1240 1241
2 1240 1331
2 1240 1329
2 1240 1332
2 1240 1333
2 1241 1333
2 1241 1334
2 1241 43
2 1241 1335
2 1237 1241
2 1135 1134
2 1135 1242
2 1135 1243
2 1135 1244
2 1135 1245
2 1135 1336
2 930 1135
2 1333 42
2 1333 1337
2 1333 1338
2 1333 1331
2 1335 1338
2 1335 1334
2 1335 6
2 1338 42
2 1338 6
2 1338 2
2 1338 43
2 1137 1338
2 1247 1248
2 1247 1249
2 1247 1250
2 1151 1247
2 1247 1141
2 1145 1247
2 1249 1250
2 1249 1251
2 1152 1249
2 1144 1249
2 1148 1249
2 1250 1251
2 1250 1248
2 1250 1339
2 1246 1250
2 1251 1339
2 1251 1248
2 1156 1256
2 1156 1155
2 1156 1257
2 1156 1050
2 1156 1340
2 1156 1341
2 1254 1342
2 1254 1343
2 1254 1344
2 1254 1345
2 1254 1346
2 1262 1261
2 1262 1264
2 1262 1258
2 1262 1059
2 1262 1347
2 1262 1260
2 1163 1266
2 1063 1163
2 1163 1348
2 1271 1349
2 1271 1268
2 1271 1350
2 1271 1351
2 1271 1167
2 1271 1352
2 1269 1167
2 1270 1269
2 1269 1349
2 1269 1165
2 1269 1272
2 1272 1165
2 1272 1353
2 1272 1164
2 1272 1354
2 1068 1272
2 1065 1272
2 1279 1355
2 1279 1356
2 1279 1275
2 1279 1357
2 1279 1358
2 1279 1359
2 1279 1278
2 1360 1361
2 1360 1362
2 1360 1363
2 1360 1359
2 1360 1364
2 1360 1365
2 1360 1366
2 1360 1367
2 1360 1368
2 1369 1370
2 1369 1371
2 1369 1372
2 1373 1374
2 1373 1375
2 1373 1376
2 1373 1377
2 1373 1378
2 1373 1379
2 1190 1189
2 1190 1298
2 1190 1380
2 971 1190
2 1190 1381
2 1077 1187
2 1077 1188
2 1077 1297
2 1077 1382
2 1077 1298
2 1190 1077
2 1077 1189
2 1193 1383
2 1193 1384
2 1193 1385
2 1193 977
2 1193 974
2 1300 1386
2 1300 1387
2 1300 1299
2 1300 1388
2 1300 1195
2 1300 1301
2 1300 1389
2 1387 1301
2 1387 1386
2 1387 1195
2 1387 1388
2 1387 1390
2 1301 1299
2 1301 1390
2 1301 1391
2 1301 1386
2 1301 1392
2 1301 1393
2 1304 1303
2 1304 1394
2 1304 1302
2 1304 1089
2 1304 1395
2 1304 1396
2 1304 1397
2 1090 1304
2 1390 1391
2 1390 1393
2 1390 1398
2 1390 1299
2 1390 1399
2 1390 1400
2 1390 1401
2 1302 1089
2 1302 1303
2 1302 1394
2 1302 1197
2 1302 1305
2 1302 1088
2 1393 1391
2 1393 1401
2 1393 1402
2 1393 1403
2 1401 1404
2 1401 1403
2 1401 1405
2 1401 1399
2 1401 1391
2 1401 1406
2 1305 1092
2 1305 1306
2 1305 1088
2 995 1305
2 1305 1407
2 1403 1404
2 1403 1405
2 1403 1399
2 1311 1310
2 1311 1408
2 1311 1309
2 1311 1409
2 1311 1410
2 1311 1411
2 1310 1309
2 1310 1412
2 1310 1308
2 1310 1408
2 1309 1308
2 1309 1200
2 1199 1309
2 1309 1413
2 1309 1412
2 1414 1415
2 1414 1416
2 1414 1318
2 1414 1413
2 1414 1417
2 1415 1318
2 1415 1418
2 1415 1419
2 1415 1417
2 1415 1420
2 1415 1316
2 1415 1421
2 1415 1422
2 1318 1316
2 1318 1417
2 1318 1422
2 1318 1423
2 1318 1421
2 1318 1419
2 1316 1423
2 1316 1422
2 1316 1424
2 1316 1418
2 1316 1421
2 1208 1320
2 1208 1321
2 1208 1315
2 1208 1425
2 1208 1426
2 1214 1213
2 1214 1427
2 1214 1428
2 1220 1110
2 1220 1427
2 1220 1324
2 1220 1429
2 1220 1430
2 1293 1292
2 1293 1295
2 1293 1431
2 1293 1296
2 1293 1432
2 1293 1294
2 1293 1433
2 1293 1118
2 1434 1435
2 1434 1436
2 1434 1437
2 1434 1438
2 1326 1439
2 1326 1440
2 1326 1119
2 1326 1441
2 1132 1326
2 1439 1441
2 1439 1327
2 1439 1226
2 1439 1228
2 1439 1442
2 1121 1439
2 1439 1122
2 1227 1443
2 926 1227
2 1227 1444
2 1128 1227
2 1031 1227
2 1228 1445
2 1228 1226
2 1228 1327
2 1228 1122
2 1232 1446
2 1232 1231
2 1232 1447
2 1330 1329
2 1330 1448
2 1330 1331
2 1235 1330
2 1240 1330
2 1236 1330
2 1330 1231
2 1329 1331
2 1329 1448
2 1329 1332
2 1329 1449
2 1235 1329
2 1331 1332
2 1331 1450
2 1331 1334
2 1237 1331
2 1331 1449
2 1332 1334
2 1332 43
2 1332 1449
2 1242 1243
2 1242 1244
2 1242 1245
2 1242 1134
2 1242 1336
2 1242 1451
2 1038 1242
2 1334 43
2 1334 1450
2 1334 42
2 1338 1334
2 1339 1452
2 1339 1346
2 1339 1453
2 1339 1255
2 1254 1339
2 1452 1453
2 1452 1342
2 1452 1454
2 1452 1455
2 1452 1344
2 1452 1255
2 1452 1456
2 1342 1255
2 1342 1453
2 1342 1454
2 1342 1343
2 1264 1457
2 1264 1458
2 1264 1261
2 1264 1260
2 1350 1349
2 1350 1352
2 1350 1459
2 1350 1257
2 1269 1350
2 1266 1265
2 1266 1348
2 1266 1161
2 1266 1460
2 1266 1347
2 1461 1351
2 1461 1268
2 1461 1462
2 1461 1352
2 1267 1461
2 1463 1464
2 1463 1465
2 1463 1466
2 1463 1467
2 1463 1468
2 1463 1469
2 1166 1463
2 1354 1470
2 1354 1471
2 1354 1472
2 1166 1354
2 1354 1165
2 1354 1473
2 1270 1354
2 1356 1358
2 1356 1280
2 1356 1474
2 1356 1275
2 1356 1278
2 1363 1364
2 1363 1365
2 1363 1366
2 1363 1361
2 1363 1368
2 1363 1475
2 1363 1367
2 1476 1477
2 1476 1478
2 1476 1479
2 1476 1368
2 1476 1480
2 1476 1481
2 1482 1483
2 1482 1484
2 1482 1485
2 1482 1486
2 1482 1487
2 1482 1488
2 1482 1480
2 1482 1489
2 1490 1491
2 1490 1435
2 1490 1436
2 1490 1437
2 1490 1438
2 1490 1492
2 1493 1371
2 1493 1370
2 1493 1494
2 1493 1495
2 1493 1496
2 1493 1497
2 1498 1499
2 1498 1495
2 1187 1297
2 1187 1382
2 1187 1298
2 1187 1381
2 1187 1500
2 1187 1501
2 1383 1384
2 1383 1385
2 1383 1082
2 1383 977
2 976 1383
2 1383 974
2 1386 1388
2 1386 1299
2 1192 1502
2 1192 1503
2 1192 1085
2 1084 1192
2 978 1192
2 1392 1504
2 1392 1505
2 1392 1398
2 1392 1506
2 1387 1392
2 1395 1396
2 1395 1397
2 1395 1394
2 1395 1507
2 1395 1381
2 1395 1303
2 1395 1298
2 1302 1395
2 1400 1398
2 1400 1504
2 1400 1391
2 1400 1399
2 1400 1506
2 1394 1303
2 1394 1396
2 1394 1397
2 1394 1507
2 1394 1089
2 1087 1394
2 1398 1399
2 1398 1391
2 1398 1405
2 1398 1404
2 1398 1505
2 1399 1405
2 1399 1508
2 1405 1402
2 1405 1508
2 1405 1406
2 1405 1509
2 1508 1406
2 1508 1509
2 1508 1510
2 1306 1511
2 1306 1197
2 1306 1092
2 1090 1306
2 1306 1512
2 1306 1088
2 1406 1510
2 1406 1402
2 1406 1404
2 1406 1513
2 1510 1513
2 1510 1514
2 1510 1515
2 1403 1510
2 1510 1516
2 1510 1402
2 1513 1515
2 1513 1517
2 1513 1509
2 1513 1518
2 1513 1516
2 1515 1518
2 1515 1517
2 1515 1519
2 1515 1520
2 1515 1514
2 1515 1521
2 1518 1410
2 1518 1517
2 1518 1520
2 1521 1411
2 1521 1410
2 1521 1522
2 1521 1408
2 1521 1523
2 1410 1408
2 1410 1524
2 1410 1412
2 1410 1409
2 1408 1409
2 1408 1411
2 1408 1522
2 1408 1413
2 1408 1524
2 1409 1413
2 1409 1416
2 1409 1412
2 1413 1416
2 1413 1420
2 1416 1420
2 1416 1419
2 1416 1525
2 1415 1416
2 1416 1418
2 1420 1418
2 1318 1420
2 1409 1420
2 1419 1418
2 1419 1417
2 1419 1421
2 1419 1526
2 1314 1313
2 1314 1527
2 1314 1528
2 1314 1204
2 1314 1529
2 1314 1530
2 1418 1422
2 1421 1417
2 1421 1531
2 1421 1532
2 1423 1424
2 1423 1533
2 1418 1423
2 1320 1317
2 1320 1425
2 1320 1534
2 1320 1535
2 1320 1536
2 1430 1324
2 1430 1427
2 1430 1537
2 1430 1322
2 1430 1213
2 1427 1324
2 1427 1213
2 1427 1429
2 1427 1538
2 1539 1540
2 1539 1541
2 1539 1542
2 1539 1543
2 1539 1544
2 1539 1545
2 1539 1546
2 1539 1547
2 1539 1548
2 1549 1550
2 1549 1551
2 1549 1552
2 1549 1553
2 1549 1554
2 1549 1555
2 1549 1556
2 1557 1558
2 1557 1559
2 1557 1560
2 1557 1561
2 1557 1562
2 1557 1563
2 1557 1564
2 1557 1565
2 1440 1327
2 1440 1224
2 1440 1441
2 1440 1566
2 1440 1226
2 1567 1568
2 1567 1569
2 1326 1567
2 1132 1567
2 1567 1442
2 1442 1441
2 1442 1570
2 1442 1327
2 1440 1442
2 1442 1226
2 1446 1447
2 1446 1233
2 1446 1229
2 1236 1446
2 1446 1231
2 1130 1446
2 1235 1446
2 1328 1443
2 1328 1444
2 1328 1571
2 1029 1328
2 1328 1572
2 1445 1573
2 1445 1570
2 1445 1441
2 1439 1445
2 1445 1574
2 1445 1451
2 1132 1445
2 1448 1575
2 1448 1576
2 1577 1575
2 1577 1449
2 1577 1576
2 1577 1578
2 1577 1450
2 1577 1579
2 1577 1580
2 1449 1581
2 1449 1450
2 1449 1575
2 1449 1576
2 1450 1581
2 1448 1450
2 1244 1243
2 1244 1245
2 1244 1336
2 1244 1451
2 1244 1582
2 1244 1583
2 1244 1584
2 1585 1586
2 1585 1587
2 1585 1588
2 1585 1589
2 1585 1590
2 1585 1455
2 1585 1591
2 1588 1455
2 1588 1454
2 1588 1586
2 1588 1591
2 1588 1587
2 1588 1592
2 1455 1454
2 1455 1591
2 1455 1593
2 1455 1592
2 1340 1459
2 1340 1256
2 1340 1352
2 1454 1591
2 1454 1346
2 1454 1592
2 1454 1594
2 1345 1595
2 1345 1259
2 1345 1255
2 1345 1596
2 1352 1459
2 1352 1257
2 1352 1597
2 1352 1598
2 1352 1349
2 1352 1341
2 1457 1458
2 1457 1347
2 1457 1599
2 1457 1263
2 1457 1600
2 1262 1457
2 1457 1601
2 1348 1460
2 1348 1265
2 1348 1600
2 1348 1347
2 1470 1471
2 1470 1472
2 1470 1353
2 1470 1473
2 1470 1602
2 1272 1470
2 1470 1603
2 1470 1604
2 1358 1474
2 1358 1357
2 1358 1355
2 1358 1605
2 1358 1277
2 1358 1606
2 1358 1280
2 1366 1475
2 1366 1362
2 1366 1367
2 1366 1368
2 1366 1607
2 1366 1608
2 1477 1478
2 1477 1479
2 1477 1609
2 1477 1610
2 1477 1481
2 1477 1480
2 1477 1489
2 1611 1484
2 1611 1483
2 1611 1485
2 1611 1488
2 1611 1489
2 1611 1480
2 1484 1487
2 1484 1488
2 1484 1489
2 1484 1480
2 1485 1483
2 1485 1487
2 1485 1488
2 1485 1480
2 1485 1489
2 1612 1613
2 1612 1614
2 1612 1615
2 1612 1616
2 1612 1617
2 1612 1618
2 1619 1620
2 1619 1621
2 1619 1622
2 1619 1623
2 1619 1624
2 1619 1625
2 1619 1626
2 1619 1627
2 1619 1628
2 1616 1615
2 1616 1614
2 1616 1617
2 1616 1618
2 1629 1630
2 1629 1631
2 1629 1632
2 1629 1633
2 1629 1634
2 1629 1635
2 1297 1188
2 1297 1382
2 1297 1500
2 1297 1501
2 1297 1636
2 1297 1380
2 1384 1637
2 1384 1082
2 1384 1503
2 1384 977
2 1384 1380
2 976 1384
2 1298 1501
2 1298 1381
2 1298 1636
2 1298 1507
2 1298 1500
2 1298 1397
2 1388 1638
2 1388 1299
2 1388 1506
2 1388 1639
2 1381 1507
2 1381 1397
2 1381 1396
2 1381 1501
2 1381 1636
2 1381 1500
2 1505 1506
2 1505 1640
2 1505 1639
2 1397 1507
2 1397 1396
2 1397 1501
2 1397 1636
2 1641 1642
2 1641 1640
2 1641 1643
2 1641 1644
2 1641 1645
2 1641 1646
2 1641 1647
2 1642 1648
2 1642 1640
2 1642 1645
2 1642 1644
2 1646 1649
2 1646 1650
2 1646 1651
2 1649 1650
2 1649 1652
2 1649 1516
2 1649 1651
2 1649 1514
2 1650 1516
2 1650 1514
2 1650 1652
2 1650 1653
2 1511 1512
2 1305 1511
2 1511 1197
2 1511 1654
2 1511 1092
2 1091 1511
2 1511 1655
2 1516 1514
2 1516 1517
2 1516 1520
2 1516 1509
2 1516 1651
2 1514 1517
2 1514 1520
2 1514 1523
2 1514 1656
2 1517 1523
2 1517 1656
2 1517 1519
2 1523 1520
2 1523 1656
2 1519 1524
2 1519 1411
2 1519 1520
2 1524 1522
2 1524 1411
2 1524 1657
2 1522 1657
2 1522 1658
2 1657 1658
2 1408 1657
2 1657 1659
2 1410 1657
2 1657 1411
2 1658 1659
2 1658 1525
2 1658 1660
2 1408 1658
2 1659 1525
2 1659 1661
2 1659 1526
2 1413 1659
2 1659 1662
2 1525 1526
2 1525 1662
2 1419 1525
2 1525 1663
2 1526 1662
2 1526 1661
2 1526 1532
2 1526 1663
2 1526 1664
2 1662 1532
2 1662 1664
2 1662 1663
2 1662 1531
2 1419 1662
2 1528 1527
2 1528 1529
2 1528 1530
2 1528 1313
2 1528 1665
2 1528 1312
2 1528 1666
2 1528 1204
2 1532 1531
2 1532 1667
2 1531 1668
2 1531 1417
2 1424 1422
2 1424 1669
2 1424 1670
2 1424 1668
2 1424 1417
2 1425 1535
2 1425 1536
2 1425 1317
2 1425 1671
2 1537 1672
2 1537 1673
2 1537 1324
2 1537 1674
2 1427 1537
2 1429 1675
2 1429 1676
2 1429 1538
2 1677 1634
2 1677 1678
2 1677 1633
2 1677 1635
2 1679 1680
2 1679 1681
2 1679 1682
2 1679 1683
2 1679 1684
2 1679 1685
2 1679 1686
2 1679 1687
2 1688 1689
2 1688 1690
2 1688 1691
2 1688 1692
2 1688 1693
2 1688 1694
2 1688 1695
2 1688 1560
2 1559 1561
2 1559 1696
2 1559 1563
2 1559 1564
2 1559 1562
2 1568 1697
2 1326 1568
2 1568 1224
2 1443 1444
2 1443 1129
2 1443 1572
2 1443 1571
2 1127 1443
2 1443 1447
2 1447 1233
2 1447 1698
2 1447 1699
2 1447 1700
2 1447 1701
2 1447 1229
2 1576 1578
2 1576 1579
2 1576 1581
2 1576 1580
2 1576 1702
2 1578 1580
2 1578 1575
2 1578 1703
2 1449 1578
2 1451 1574
2 1451 1245
2 1451 1570
2 1451 1583
2 1451 1582
2 1451 1243
2 1580 1703
2 1580 1704
2 1580 1705
2 1580 1706
2 1580 1575
2 1703 1706
2 1703 1704
2 1703 1707
2 1703 1708
2 1336 1245
2 1336 1582
2 1336 1584
2 1336 1243
2 1336 1709
2 1710 1589
2 1710 1590
2 1710 1587
2 1710 1586
2 1710 1711
2 1710 1376
2 1585 1710
2 1590 1587
2 1590 1586
2 1590 1712
2 1590 1713
2 1590 1593
2 1588 1590
2 1587 1712
2 1587 1589
2 1587 1593
2 1587 1591
2 1712 1593
2 1712 1586
2 1712 1591
2 1712 1589
2 1712 1592
2 1593 1591
2 1593 1592
2 1593 1586
2 1592 1594
2 1592 1714
2 1592 1715
2 1592 1716
2 1598 1717
2 1598 1718
2 1598 1341
2 1598 1719
2 1598 1462
2 1599 1458
2 1599 1601
2 1599 1720
2 1599 1347
2 1599 1460
2 1264 1599
2 1460 1600
2 1460 1601
2 1460 1720
2 1460 1721
2 1468 1467
2 1468 1465
2 1468 1722
2 1468 1723
2 1466 1722
2 1466 1603
2 1472 1471
2 1472 1473
2 1472 1602
2 1472 1604
2 1472 1724
2 1472 1353
2 1472 1725
2 1726 1727
2 1726 1728
2 1726 1729
2 1726 1730
2 1726 1481
2 1726 1731
2 1726 1478
2 1726 1479
2 1732 1733
2 1732 1734
2 1732 1278
2 1732 1735
2 1732 1736
2 1732 1605
2 1732 1737
2 1732 1277
2 1729 1728
2 1729 1730
2 1729 1481
2 1729 1738
2 1729 1479
2 1729 1727
2 1729 1478
2 1729 1488
2 1367 1606
2 1367 1739
2 1367 1475
2 1730 1481
2 1730 1728
2 1730 1489
2 1730 1488
2 1730 1479
2 1730 1478
2 1730 1740
2 1730 1480
2 1479 1478
2 1479 1481
2 1479 1740
2 1479 1610
2 1479 1489
2 1479 1728
2 1479 1609
2 1741 1742
2 1741 1743
2 614 621
2 614 618
2 614 615
2 614 623
2 380 450
2 380 310
2 382 380
2 454 450
2 454 452
2 1321 1534
2 1321 1317
2 1321 1535
2 1321 1536
2 1382 1500
2 1382 1636
2 1382 1744
2 1382 1745
2 1381 1382
2 1636 1501
2 1636 1745
2 1636 1380
2 1636 1507
2 1640 1644
2 1640 1647
2 1640 1645
2 1640 1746
2 1640 1747
2 1640 1748
2 1506 1639
2 1506 1749
2 1506 1504
2 1506 1750
2 1645 1648
2 1645 1644
2 1645 1652
2 1645 1751
2 1645 1752
2 1747 1652
2 1747 1648
2 1747 1651
2 1652 1651
2 1652 1752
2 1652 1653
2 1651 1653
2 1651 1753
2 1651 1754
2 1653 1753
2 1653 1754
2 1653 1755
2 1653 1756
2 1653 1757
2 1653 1758
2 1753 1756
2 1753 1757
2 1753 1759
2 1753 1755
2 1753 1656
2 1753 1520
2 1756 1656
2 1756 1754
2 1756 1520
2 1517 1756
2 1523 1756
2 1514 1756
2 1656 1757
2 1656 1520
2 1656 1754
2 1519 1656
2 1660 1661
2 1660 1663
2 1660 1760
2 1657 1660
2 1661 1663
2 1661 1760
2 1661 1667
2 1663 1667
2 1663 1761
2 1663 1762
2 1667 1761
2 1667 1762
2 1667 1763
2 1667 1664
2 1662 1667
2 1667 1764
2 1530 1666
2 1530 1765
2 1530 1766
2 1530 1767
2 1761 1762
2 1761 1763
2 1761 1760
2 1761 1768
2 1761 1769
2 1532 1761
2 1668 1770
2 1668 1771
2 1668 1772
2 1668 1669
2 1670 1773
2 1670 1774
2 1670 1319
2 1670 1775
2 1670 1422
2 1423 1670
2 1535 1536
2 1535 1534
2 1535 1671
2 1535 1426
2 1535 1776
2 1535 1317
2 1674 1673
2 1674 1777
2 1674 1672
2 1674 1778
2 1674 1766
2 1674 1666
2 1674 1529
2 1674 1767
2 1672 1673
2 1672 1777
2 1672 1778
2 1430 1672
2 1672 1675
2 1672 1676
2 1429 1672
2 1779 1780
2 1779 1781
2 1779 1782
2 1429 1779
2 1779 1783
2 1427 1779
2 1779 1675
2 1779 1324
2 1676 1784
2 1676 1785
2 1676 1786
2 1676 1221
2 1676 1787
2 1427 1676
2 1534 1536
2 1534 1317
2 1534 1671
2 1208 1534
2 1536 1776
2 1536 1426
2 1695 1788
2 1695 1789
2 1695 1790
2 1695 1791
2 1695 1792
2 1695 1793
2 1695 1794
2 152 148
2 152 151
2 152 153
2 102 99
2 102 114
2 102 115
2 1795 1796
2 1795 1797
2 1795 1798
2 82 81
2 82 86
2 1689 1691
2 1689 1799
2 1689 1692
2 1689 1694
2 1689 1693
2 1689 1800
2 1689 1801
2 1561 1563
2 1561 1564
2 1561 1560
2 1561 1696
2 1561 1565
2 1697 1802
2 1697 1803
2 1567 1697
2 1697 1804
2 1697 1805
2 1697 1806
2 1444 1572
2 1444 1699
2 1444 1807
2 1444 1808
2 1809 1810
2 1809 1700
2 1809 1701
2 1448 1809
2 1447 1809
2 1579 1702
2 1579 1575
2 1579 1811
2 1579 1705
2 1704 1708
2 1704 1705
2 1704 1702
2 1704 1706
2 1704 1707
2 1812 1583
2 1812 1574
2 1812 1813
2 1812 1582
2 1812 1814
2 1812 1584
2 1812 1245
2 1705 1706
2 1705 1707
2 1705 1708
2 1705 1815
2 1705 1816
2 1705 1702
2 1583 1582
2 1583 1584
2 1583 1709
2 1583 1245
2 1583 1574
2 1706 1707
2 1706 1816
2 1706 1708
2 1706 1817
2 1584 1582
2 1584 1709
2 1584 1813
2 1584 1818
2 1584 1819
2 1584 1245
2 1815 1820
2 1704 1815
2 1820 1821
2 1820 1822
2 1820 1823
2 1820 1816
2 1820 1824
2 1820 1825
2 1820 1826
2 1821 1824
2 1821 1827
2 1821 1826
2 1821 1822
2 1821 1823
2 1827 1711
2 1827 1374
2 1827 1378
2 1827 1713
2 1827 1377
2 1827 1826
2 1711 1374
2 1711 1713
2 1711 1375
2 1711 1376
2 1711 1377
2 1711 1378
2 1713 1589
2 1713 1374
2 1376 1379
2 1376 1828
2 1376 1374
2 1376 1829
2 1376 1377
2 1379 1828
2 1379 1830
2 1379 1831
2 1379 1829
2 1379 1832
2 1828 1830
2 1828 1832
2 1828 1833
2 1828 1831
2 1828 1834
2 1828 1714
2 1830 1833
2 1830 1714
2 1830 1835
2 1830 1836
2 1837 1838
2 1837 1718
2 1837 1839
2 1598 1837
2 1837 1840
2 1837 1341
2 1837 1717
2 1833 1714
2 1833 1835
2 1833 1841
2 1594 1715
2 1594 1456
2 1594 1842
2 1594 1591
2 1594 1843
2 1594 1716
2 1719 1597
2 1719 1462
2 1719 1459
2 1601 1720
2 1601 1721
2 1601 1844
2 1601 1458
2 1845 1846
2 1845 1462
2 1598 1845
2 1845 1597
2 1847 1848
2 1847 1849
2 1847 1850
2 1847 1851
2 1847 1852
2 1847 1853
2 1847 1854
2 1847 1855
2 1847 1856
2 1851 1848
2 1851 1853
2 1851 1849
2 1851 1731
2 1851 1856
2 1851 1857
2 1851 1850
2 1858 1723
2 1858 1859
2 1858 1860
2 1853 1852
2 1853 1856
2 1853 1857
2 1853 1848
2 1853 1861
2 1853 1849
2 1603 1724
2 1603 1862
2 1603 1465
2 1603 1473
2 1603 1863
2 1603 1864
2 1472 1603
2 1857 1856
2 1857 1861
2 1857 1865
2 1857 1852
2 1857 1731
2 1857 1866
2 1857 1867
2 1602 1604
2 1602 1473
2 1602 1725
2 1602 1471
2 1602 1868
2 1602 1863
2 1734 1869
2 1734 1736
2 1734 1870
2 1734 1871
2 1734 1278
2 1734 1872
2 1861 1866
2 1861 1867
2 1861 1856
2 1861 1607
2 1861 1608
2 1861 1873
2 1606 1474
2 1606 1874
2 1606 1875
2 1866 1865
2 1866 1607
2 1866 1608
2 1866 1475
2 1866 1873
2 1866 1856
2 1608 1865
2 1608 1873
2 1608 1876
2 879 877
2 879 881
2 885 879
2 879 701
2 879 889
2 1776 1671
2 1776 1877
2 1776 1878
2 1877 1878
2 1877 1879
2 1877 1880
2 1877 1881
2 1877 1882
2 1877 1775
2 1877 1883
2 1880 1881
2 1880 1878
2 1880 1882
2 1880 1884
2 1880 1885
2 1880 1883
2 1880 1886
2 1880 1887
2 1888 1889
2 1888 1890
2 1888 1188
2 1888 1891
2 1297 1888
2 1888 1892
2 1382 1888
2 1744 1893
2 1744 1894
2 1744 1895
2 1893 1895
2 1893 1745
2 1893 1896
2 1636 1893
2 1893 1897
2 1893 1500
2 1893 1501
2 1893 1894
2 1647 1644
2 1647 1746
2 1647 1748
2 1647 1648
2 1645 1647
2 1647 1898
2 1647 1899
2 1639 1749
2 1392 1639
2 1639 1504
2 1639 1746
2 1896 1897
2 1896 1745
2 1896 1900
2 1896 1901
2 1744 1896
2 1896 1507
2 1397 1896
2 1751 1902
2 1652 1751
2 1752 1902
2 1747 1752
2 1651 1752
2 1903 1755
2 1903 1904
2 1903 1905
2 1653 1903
2 1903 1754
2 1903 1906
2 1759 1758
2 1759 1754
2 1651 1759
2 1759 1904
2 1756 1759
2 1654 1512
2 1654 1655
2 1654 1907
2 1654 1908
2 1654 1909
2 1654 1910
2 1654 1407
2 1654 1911
2 1912 1764
2 1912 1768
2 1912 1769
2 1912 1913
2 1912 1914
2 1764 1769
2 1764 1913
2 1764 1915
2 1764 1916
2 1764 1760
2 1768 1913
2 1768 1769
2 1768 1917
2 1768 1918
2 1666 1766
2 1666 1767
2 1666 1665
2 1666 1919
2 1666 1920
2 1666 1529
2 1763 1921
2 1763 1760
2 1763 1769
2 1771 1772
2 1771 1922
2 1771 1774
2 1771 1533
2 1773 1669
2 1773 1887
2 1773 1879
2 1773 1878
2 1877 1773
2 1778 1777
2 1778 1919
2 1778 1767
2 1666 1778
2 1778 1923
2 1671 1879
2 1877 1671
2 1781 1924
2 1781 1925
2 1781 1926
2 1781 1927
2 1786 1787
2 1786 1675
2 1786 1784
2 1786 1928
2 1786 1929
2 1429 1786
2 1885 1881
2 1885 1886
2 1885 1930
2 1885 1931
2 1885 1932
2 1687 1685
2 1687 1933
2 1687 1934
2 1687 1683
2 1687 1681
2 1687 1682
2 1687 1935
2 1931 1936
2 1931 1937
2 1931 1930
2 1931 1884
2 1931 1932
2 1931 1938
2 1931 1886
2 1931 1939
2 1790 1794
2 1790 1940
2 1793 1941
2 1793 1942
2 1793 1789
2 1793 1792
2 1793 1791
2 1793 1943
2 1793 1944
2 1945 1946
2 1945 1947
2 1945 1948
2 1945 1949
2 1945 1950
2 1945 1943
2 1945 1951
2 1946 1952
2 1946 1953
2 1946 1950
2 1946 1949
2 1946 1947
2 1946 1951
2 1946 1943
2 1949 1948
2 1949 1951
2 1949 1950
2 1949 1952
2 1949 1953
2 1949 1954
2 1691 1694
2 1691 1800
2 1691 1801
2 1691 1693
2 1691 1955
2 1691 1956
2 1951 1954
2 1951 1948
2 1951 1950
2 1951 1957
2 1951 1952
2 1958 1959
2 1958 1960
2 1958 1566
2 1958 1961
2 1958 1962
2 1958 1963
2 1958 1964
2 1440 1958
2 1564 1565
2 1564 1965
2 1564 1966
2 1564 1967
2 1564 1696
2 1954 1957
2 1954 1968
2 1954 1969
2 1954 1970
2 1802 1804
2 1802 1805
2 1802 1569
2 1802 1806
2 1968 1797
2 1951 1968
2 1968 1970
2 1968 1796
2 1971 1972
2 1971 1804
2 1971 1973
2 1971 1805
2 1971 1974
2 1572 1975
2 1572 1976
2 1572 1571
2 1701 1698
2 1701 1808
2 1701 1571
2 1701 1699
2 1701 1977
2 1698 1808
2 1698 1571
2 1698 1976
2 1702 1978
2 1979 1817
2 1979 1980
2 1979 1981
2 1979 1707
2 1979 1708
2 1979 1825
2 1705 1979
2 1704 1979
2 1817 1981
2 1817 1825
2 1817 1707
2 1817 1823
2 1981 1825
2 1981 1823
2 1981 1982
2 1981 1707
2 1981 1822
2 1981 1983
2 1825 1823
2 1825 1822
2 1825 1983
2 1825 1707
2 1825 1984
2 1818 1985
2 1818 1709
2 1818 1986
2 1818 1813
2 1818 1582
2 1818 1987
2 1583 1818
2 1823 1983
2 1823 1824
2 1823 1826
2 1985 1819
2 1985 1987
2 1985 1709
2 1985 1988
2 1584 1985
2 1985 1989
2 1985 1990
2 1983 1822
2 1983 1824
2 1983 1826
2 1983 1378
2 1824 1826
2 1824 1378
2 1824 1822
2 1824 1375
2 1378 1826
2 1378 1375
2 1378 1374
2 1378 1377
2 1375 1374
2 1375 1826
2 1377 1374
2 1377 1826
2 1377 1829
2 1829 1831
2 1829 1991
2 1829 1992
2 1829 1993
2 1829 1994
2 1828 1829
2 1831 1992
2 1831 1994
2 1831 1995
2 1831 1835
2 1831 1832
2 1830 1831
2 1839 1996
2 1839 1838
2 1839 1997
2 1839 1998
2 1839 1999
2 1839 2000
2 1839 2001
2 1992 1835
2 1992 1836
2 1992 1841
2 1835 1832
2 1835 1836
2 1835 1841
2 1842 1843
2 1842 1715
2 1842 1716
2 1842 2002
2 1842 1456
2 1842 1591
2 1592 1842
2 2003 2004
2 2003 1850
2 1854 2005
2 1854 2006
2 1854 1850
2 1854 1849
2 1854 2007
2 1721 2008
2 1721 2009
2 1721 2010
2 1721 1600
2 1721 2011
2 1721 2012
2 1846 2013
2 1846 2014
2 1846 2015
2 1846 2016
2 1846 2017
2 1846 2018
2 2007 2019
2 2007 2020
2 2007 2021
2 2007 2022
2 2007 2023
2 2007 2024
2 2007 2025
2 1723 1859
2 1723 1860
2 1723 2026
2 1723 2027
2 1723 2028
2 1723 2029
2 1723 2030
2 2020 2023
2 2020 2025
2 2020 2024
2 2020 1875
2 1862 1469
2 1862 2031
2 1862 2032
2 1466 1862
2 1862 1465
2 2023 2025
2 2023 1875
2 2023 2022
2 2023 2024
2 2023 2019
2 2023 1874
2 2023 2033
2 1725 1604
2 1725 1868
2 1725 2034
2 1725 2035
2 1725 2036
2 1875 2025
2 1875 2037
2 1875 2033
2 1875 1874
2 1875 1739
2 1875 2022
2 1875 2024
2 1735 1736
2 1735 1871
2 1735 1870
2 1735 1733
2 1735 1737
2 1735 1869
2 2033 2037
2 2033 1874
2 2033 2025
2 2033 1876
2 2033 1605
2 1937 1938
2 1937 1939
2 1937 2038
2 1937 2039
2 1937 2040
2 1937 1930
2 1937 2041
2 1939 1938
2 1939 2040
2 1939 2038
2 1939 1936
2 1939 2041
2 1939 2042
2 2040 2041
2 2040 2043
2 2040 1938
2 2040 2044
2 2040 2042
2 2040 2038
2 2045 1890
2 2045 2046
2 2045 2047
2 2045 1889
2 2045 2048
2 2045 2049
2 2045 2050
2 1894 2051
2 1894 1500
2 1894 1745
2 1636 1894
2 1894 1891
2 1894 1895
2 1894 1892
2 1748 1898
2 1748 1899
2 1748 1644
2 1748 2052
2 1748 2053
2 1748 1648
2 1750 1899
2 1750 1898
2 1750 1746
2 1750 2052
2 1902 2054
2 1902 1906
2 2055 2056
2 1900 1897
2 1900 2057
2 1900 2058
2 1900 2059
2 1900 1895
2 1900 1910
2 1893 1900
2 1906 1904
2 1906 2056
2 1906 2060
2 2057 1901
2 2057 2059
2 2057 1910
2 2057 2061
2 2057 1908
2 2057 1911
2 2062 2060
2 2062 2063
2 2062 2054
2 2062 2064
2 2062 2065
2 1907 1908
2 1907 1909
2 1907 1911
2 1907 1512
2 1907 2061
2 1907 2066
2 1914 2067
2 1914 1916
2 1914 2068
2 1914 1915
2 1914 2069
2 1914 2070
2 2067 1916
2 2067 1915
2 2067 2068
2 2067 1917
2 1764 2067
2 2067 2071
2 1916 1915
2 1916 1917
2 1916 2072
2 1916 1918
2 1915 1917
2 1915 1918
2 1915 2073
2 1917 2072
2 1917 1918
2 1917 2073
2 1917 2074
2 1913 1918
2 1913 2075
2 1913 2072
2 1913 2074
2 1763 1913
2 1919 1767
2 1919 1923
2 1919 2076
2 1919 1765
2 1919 2077
2 1922 1921
2 1922 2078
2 1922 1770
2 1668 1922
2 1763 1922
2 1879 1775
2 1879 1878
2 1880 1879
2 1879 1774
2 1783 1925
2 1783 1924
2 1783 1927
2 1783 2079
2 1783 1926
2 1787 1785
2 1787 1928
2 1787 1929
2 1787 2080
2 1787 2081
2 1787 1675
2 2082 2083
2 2082 2084
2 2082 2085
2 2082 2086
2 2082 2087
2 2082 1942
2 2082 2088
2 2043 2089
2 2043 2090
2 2043 2091
2 2043 2092
2 2043 2093
2 2043 2039
2 2043 2094
2 1933 1934
2 1933 2095
2 1933 2096
2 1933 2097
2 1933 1685
2 1933 2098
2 1933 2099
2 1933 2100
2 2101 2084
2 2101 2086
2 2101 2083
2 2101 1942
2 2101 1944
2 2101 1941
2 2101 2102
2 2089 2090
2 2089 2044
2 2089 2091
2 2089 2094
2 2089 2103
2 2089 2092
2 2089 2104
2 2089 2105
2 1794 2106
2 1794 2107
2 1794 2108
2 1794 2109
2 1794 2110
2 2086 2084
2 2086 1944
2 2086 1942
2 2086 1941
2 2086 1943
2 2086 2102
2 1792 2111
2 1792 1788
2 1792 1789
2 1942 2112
2 1942 2084
2 1796 1970
2 1796 1957
2 1796 1944
2 1693 2113
2 1693 2114
2 1693 2115
2 1693 2116
2 1693 2117
2 1693 1692
2 1694 1801
2 1694 1800
2 1694 1956
2 1694 1692
2 1694 1955
2 1694 1690
2 1694 2118
2 1960 1964
2 1960 1566
2 1960 2119
2 1960 2120
2 1565 1563
2 1565 1967
2 1565 2121
2 1565 2122
2 1800 1955
2 1800 1801
2 1800 2118
2 1800 2123
2 1800 1692
2 1800 2124
2 1805 1804
2 1805 2125
2 1805 1803
2 1805 1961
2 1805 1569
2 1955 2123
2 1955 2124
2 1955 1956
2 1955 2126
2 1955 2127
2 1955 1801
2 1972 1973
2 1972 1974
2 1972 1803
2 1972 2128
2 1972 2129
2 1972 1804
2 2123 2118
2 2123 2126
2 2123 2130
2 2123 2131
2 2123 2132
2 1807 20
2 1807 19
2 2126 2124
2 2126 2130
2 2126 2131
2 2126 2127
2 2126 2132
2 2126 2118
2 2126 2133
2 1808 1976
2 1808 1975
2 1808 20
2 2131 2133
2 2131 2127
2 2131 2130
2 2131 2124
2 2131 2134
2 2131 2118
2 1811 1978
2 1811 2135
2 1811 1708
2 1704 1811
2 2136 2137
2 2136 2120
2 2136 2119
2 2136 1813
2 1812 2136
2 2136 2138
2 2136 2139
2 2133 2132
2 2133 2134
2 2133 2140
2 2133 2127
2 2133 2130
2 2123 2133
2 2133 2124
2 1980 2141
2 1980 2142
2 1980 1982
2 1980 2143
2 1980 2144
2 1980 2145
2 2134 2146
2 2134 2132
2 2134 2147
2 2134 2148
2 2134 2149
2 2134 2150
2 2146 2151
2 2146 2152
2 2146 2153
2 2146 2148
2 2146 2149
2 1982 1984
2 1982 2154
2 1982 2143
2 2153 2152
2 2153 2147
2 2153 2155
2 2153 2156
2 2153 2148
2 1984 2154
2 1984 2157
2 1984 2158
2 1984 2159
2 1823 1984
2 1984 1822
2 2154 2158
2 2154 2159
2 2154 1826
2 1983 2154
2 2154 2160
2 2157 1826
2 1378 2157
2 2157 1822
2 1982 2157
2 1823 2157
2 1988 1987
2 1988 1990
2 1988 1989
2 1988 1986
2 1988 2161
2 1988 2162
2 1988 2163
2 1988 2164
2 1989 1987
2 1989 2162
2 1989 2165
2 1989 2163
2 1989 2166
2 1989 2161
2 1989 1986
2 1991 1995
2 1991 2167
2 1991 2168
2 1831 1991
2 1991 2169
2 1991 2170
2 1991 2171
2 1998 1999
2 1998 1997
2 1998 2172
2 1998 2173
2 1998 1840
2 1998 2174
2 1998 2001
2 1998 2175
2 1993 2170
2 1993 2171
2 1993 2176
2 2177 2178
2 2177 2179
2 2177 2180
2 2177 2181
2 2177 2182
2 2177 2004
2 2177 2183
2 2177 2184
2 2171 2185
2 2171 2186
2 2171 2187
2 2171 2188
2 1835 2171
2 1841 2189
2 1841 2190
2 1841 1994
2 1841 2191
2 2008 2011
2 2008 2012
2 2008 1720
2 2008 2192
2 1601 2008
2 2193 2194
2 2193 2195
2 2193 2196
2 2193 2197
2 2193 2198
2 2193 2199
2 2193 1872
2 2193 2024
2 2193 1871
2 2026 2028
2 2026 1859
2 2026 1860
2 2026 2030
2 2026 2200
2 2026 2201
2 2026 2029
2 2195 2197
2 2195 2198
2 2195 2194
2 2195 2199
2 2195 1872
2 2195 1871
2 2195 2024
2 1860 1859
2 1860 2027
2 1860 2028
2 1860 2029
2 1860 2030
2 1860 2202
2 2014 2034
2 2014 2203
2 2014 2204
2 2014 2016
2 2014 2015
2 2014 2205
2 2014 2035
2 2198 2197
2 2198 1872
2 2198 2199
2 2198 1871
2 2198 2196
2 2198 2194
2 2198 1870
2 2034 2035
2 2034 2203
2 2034 2204
2 1872 1871
2 1872 1870
2 1872 1736
2 1872 2197
2 1872 2199
2 2036 2205
2 2036 1868
2 2036 2206
2 2036 2207
2 2036 2203
2 1870 1871
2 1870 2208
2 1870 1733
2 1870 1737
2 2209 2210
2 2209 2211
2 2209 2212
2 2209 2213
2 2209 2214
2 2209 2215
2 2209 2216
2 2209 2217
2 2209 2218
2 2219 2216
2 2219 2220
2 2219 2214
2 2219 2221
2 2209 2219
2 2219 2211
2 2222 2223
2 2222 2224
2 2222 2225
2 2222 2226
2 2222 2227
2 2222 2220
2 2222 2228
2 2222 2229
2 2230 2231
2 2230 2232
2 2230 2233
2 2230 2234
2 2230 2235
2 2230 2236
2 2237 2238
2 2237 2239
2 2237 2048
2 2237 2240
2 2237 2241
2 2237 2046
2 1892 2242
2 1892 2243
2 1892 2244
2 1744 1892
2 1893 1892
2 1892 2245
2 1892 1895
2 2246 2046
2 2246 2049
2 2246 2050
2 2051 2247
2 2051 2248
2 1744 2051
2 1893 2051
2 1892 2051
2 1899 2052
2 1899 2053
2 1899 1746
2 1899 2249
2 1899 2250
2 2056 1905
2 2056 1904
2 2060 2063
2 2060 2251
2 2060 2252
2 2060 2064
2 2060 2253
2 2059 2058
2 2059 1910
2 2059 2061
2 2059 2254
2 2059 1901
2 2059 1911
2 2059 2255
2 2063 2064
2 2063 2253
2 2063 2252
2 2063 2256
2 2063 2257
2 2063 2258
2 2061 1910
2 2061 1911
2 2061 2254
2 2061 1908
2 2061 2058
2 2061 2259
2 2064 2256
2 2064 2257
2 2064 2258
2 2064 2260
2 1909 1908
2 1909 2259
2 1909 2254
2 1909 1910
2 1909 2261
2 2256 2260
2 2256 2262
2 2256 2253
2 2256 2263
2 2262 2257
2 2262 2264
2 2262 2258
2 2064 2262
2 2262 2253
2 2262 2265
2 2069 2266
2 2069 2267
2 2069 2071
2 2069 2268
2 2069 2269
2 2068 2071
2 2068 2270
2 2068 2267
2 2068 2271
2 2071 2271
2 2071 2272
2 2071 2273
2 2071 2070
2 2071 2274
2 2071 2266
2 2271 2273
2 2271 2274
2 2271 2275
2 2271 2276
2 2271 2277
2 2273 2274
2 2273 2275
2 2273 2276
2 2273 2278
2 2273 2272
2 2279 2280
2 2279 2281
2 2279 2282
2 2279 1920
2 2279 1765
2 2279 2283
2 2275 2276
2 2275 2277
2 2275 2284
2 2275 2278
2 2275 2285
2 2275 2286
2 1918 2072
2 1918 2074
2 1918 2073
2 1918 2287
2 1918 1769
2 1918 2288
2 2076 2289
2 2076 1920
2 2076 1767
2 2076 2290
2 2076 1766
2 2076 2077
2 1778 2076
2 1878 1887
2 1878 1881
2 1878 1883
2 1878 1775
2 1885 1878
2 2291 2292
2 2291 2293
2 2291 2294
2 2291 2295
2 2291 2296
2 2291 2297
2 2291 2298
2 2291 2088
2 2294 2297
2 2294 2293
2 2294 2088
2 2294 2299
2 2294 2085
2 2294 2300
2 1925 2301
2 1925 2302
2 1925 2303
2 1925 2304
2 1925 2305
2 1925 2079
2 2088 2296
2 2088 2300
2 2088 2087
2 2088 2085
2 2088 2292
2 2088 2293
2 2088 2306
2 1926 1924
2 1926 1927
2 1926 2079
2 1926 2307
2 1926 1782
2 1926 1780
2 2087 2306
2 2087 2297
2 2087 2085
2 2087 2296
2 2087 2308
2 2294 2087
2 2087 2292
2 1929 2081
2 1929 2309
2 1929 2080
2 1929 2310
2 1929 2311
2 1929 2307
2 2095 1934
2 2095 2097
2 2095 2312
2 2095 2313
2 2306 2308
2 2306 2300
2 2306 2314
2 2306 2111
2 2306 1791
2 2306 2297
2 1792 2306
2 2315 2236
2 2315 2316
2 2315 2317
2 2315 2318
2 2315 2319
2 2107 2106
2 2107 2110
2 2107 2109
2 2107 2320
2 2107 2321
2 2308 2314
2 2308 2111
2 2308 2300
2 2322 2323
2 2322 2324
2 2322 2325
2 2322 2326
2 2111 2327
2 1790 2111
2 2111 1788
2 1965 1967
2 1965 2121
2 1965 1563
2 1965 2122
2 1965 2328
2 2115 2113
2 2115 2116
2 2115 2329
2 2115 2117
2 2115 2330
2 2115 2331
2 1962 1959
2 1962 2332
2 1962 2119
2 1962 2333
2 1962 2120
2 1962 2334
2 2117 2330
2 2117 2331
2 2117 2335
2 2117 2336
2 1974 1803
2 1974 2337
2 1974 2338
2 2330 2335
2 2330 2339
2 2330 2116
2 2330 2340
2 2330 2341
2 2120 2332
2 2120 2333
2 2120 2342
2 2120 2343
2 2120 2344
2 2120 2345
2 2120 2346
2 2339 2340
2 2339 2331
2 2339 2341
2 2339 2149
2 2339 2148
2 2117 2339
2 1976 20
2 1976 19
2 1976 39
2 2341 2149
2 2341 2148
2 2341 2335
2 2341 2147
2 2341 2331
2 2341 2347
2 2148 2149
2 2148 2147
2 2148 2340
2 2148 2152
2 2148 2335
2 2148 2150
2 2148 2140
2 2141 2144
2 2141 2143
2 2141 2348
2 2160 2142
2 2160 2158
2 2160 2349
2 2160 2350
2 2152 2147
2 2152 2156
2 2152 2351
2 2152 2149
2 2159 2349
2 2159 2352
2 2159 2350
2 2159 2353
2 2159 2354
2 2151 2351
2 2151 2147
2 2148 2151
2 2151 2140
2 2151 2155
2 2158 2352
2 2158 2349
2 2158 2355
2 2155 2356
2 2155 2351
2 2155 2357
2 2155 2358
2 2155 2359
2 2152 2155
2 2155 2150
2 2357 2359
2 2357 2360
2 2357 2351
2 2357 2164
2 2357 2161
2 2357 2361
2 2359 2360
2 2359 2358
2 2359 2356
2 2359 2166
2 2359 2361
2 2359 2161
2 2359 2163
2 2362 2363
2 2362 2364
2 2362 2365
2 2362 2366
2 2362 2367
2 2362 2368
2 2362 2369
2 2362 2370
2 2165 2162
2 2165 2371
2 2165 2372
2 2165 2166
2 2165 2373
2 2165 1990
2 2165 2361
2 2165 2374
2 2363 2365
2 2363 2375
2 2363 2369
2 2363 2376
2 2363 2368
2 2363 2366
2 2363 2167
2 2371 2162
2 2371 2377
2 2371 2378
2 2371 2379
2 2371 2173
2 2375 2167
2 2375 2365
2 2375 2369
2 2375 2169
2 2362 2375
2 2375 2364
2 2375 2168
2 2375 2380
2 2167 2168
2 2167 2369
2 2167 2381
2 2167 2365
2 2167 2176
2 2174 2172
2 2174 2377
2 2174 2382
2 2174 2379
2 2174 1999
2 2174 2175
2 2174 2378
2 2168 2383
2 2168 2176
2 2168 2381
2 2168 2384
2 2183 2181
2 2183 2184
2 2183 2180
2 2183 2178
2 2183 2382
2 2183 2175
2 2183 2001
2 2183 2172
2 2176 2383
2 2176 2169
2 2176 2381
2 2001 2000
2 2001 2385
2 2001 2175
2 2001 1999
2 2001 2172
2 2001 1997
2 2001 2386
2 2001 2387
2 2384 2188
2 2384 2388
2 2385 2386
2 2385 2387
2 2385 2175
2 2385 2389
2 2385 1999
2 2385 1997
2 1998 2385
2 2185 2390
2 2185 2187
2 2185 2391
2 2185 2170
2 2185 2392
2 2185 2186
2 2185 1994
2 2387 2389
2 2387 2000
2 2387 2393
2 2387 2394
2 2387 1996
2 1839 2387
2 2190 2189
2 2190 2191
2 2190 2395
2 2190 1836
2 2190 2396
2 2190 2002
2 2190 2397
2 2393 2389
2 2393 2398
2 2393 2399
2 2393 2386
2 2393 2400
2 2393 2401
2 2393 2017
2 2398 2394
2 2398 2399
2 2398 2017
2 2398 2400
2 2398 2389
2 2398 2402
2 2398 2403
2 2011 2192
2 2011 2009
2 2011 2404
2 2011 1844
2 2011 2010
2 2011 2405
2 2399 2017
2 2399 2402
2 2399 2394
2 2399 2015
2 2399 2016
2 2406 2407
2 2406 2408
2 2406 2409
2 2406 2410
2 2406 2411
2 2406 2010
2 2402 2015
2 2402 2016
2 2014 2402
2 2402 2204
2 2402 2203
2 2030 2028
2 2030 2200
2 2030 2201
2 2030 2027
2 2030 1859
2 2030 2412
2 2016 2015
2 2016 2204
2 2016 2203
2 2016 2413
2 2016 2403
2 2016 2017
2 2034 2016
2 2032 2414
2 2032 2415
2 2032 2029
2 2032 1864
2 2032 2416
2 2032 2417
2 2032 2418
2 2204 2205
2 2204 2015
2 2204 2206
2 2204 2413
2 2204 2207
2 2207 2203
2 2207 2035
2 2207 2205
2 2034 2207
2 2207 1868
2 2014 2207
2 2419 2325
2 2419 2323
2 2419 2326
2 2419 2324
2 2419 2420
2 2419 2421
2 2422 2423
2 2422 2424
2 2422 2425
2 2422 2426
2 2427 2428
2 2427 2429
2 2427 2430
2 2427 2431
2 2427 2313
2 2427 2432
2 2427 2433
2 2434 2435
2 2434 2436
2 2434 2437
2 2434 2438
2 2434 187
2 2434 2439
2 2434 183
2 2434 2440
2 2441 2442
2 2441 2443
2 2441 2444
2 2441 2445
2 2441 2446
2 2447 2448
2 2447 2449
2 2447 2450
2 2447 2451
2 2447 2452
2 2447 2453
2 2447 2454
2 2447 2455
2 2447 2456
2 2047 2457
2 2047 2240
2 2047 2458
2 2047 2241
2 2239 2240
2 2239 2241
2 2239 2458
2 2242 2243
2 2242 2244
2 2242 1891
2 2242 2459
2 2242 2460
2 2242 2461
2 2242 2462
2 1894 2242
2 2247 2248
2 2247 2463
2 1894 2247
2 2247 2464
2 2247 2461
2 2247 2465
2 2053 2249
2 2053 2250
2 2053 1898
2 2053 2466
2 2053 1746
2 2467 2065
2 2252 2253
2 2252 2468
2 2252 2469
2 2263 2258
2 2263 2468
2 2263 2470
2 2263 2264
2 2258 2264
2 2258 2253
2 2258 2257
2 2259 2261
2 2259 2254
2 2259 2471
2 2259 2255
2 2259 1908
2 2470 2472
2 2470 2265
2 2470 2473
2 2470 2474
2 2258 2470
2 2470 2469
2 2261 2471
2 2261 2066
2 2261 2475
2 2261 2476
2 2261 1911
2 2261 2254
2 2261 1908
2 2265 2474
2 2265 2477
2 2265 2268
2 2265 2269
2 2258 2265
2 2265 2473
2 2474 2268
2 2474 2269
2 2474 2472
2 2474 2267
2 2474 2478
2 2474 2477
2 2268 2267
2 2268 2479
2 2268 2270
2 2268 2472
2 2268 2478
2 2470 2268
2 2267 2270
2 2267 2266
2 2267 2478
2 2267 2070
2 2270 2266
2 2270 2070
2 2270 2269
2 2270 2479
2 2270 2480
2 2266 2070
2 2266 2480
2 2266 2479
2 2266 2269
2 2070 2480
2 2271 2070
2 2070 2481
2 2272 2278
2 2272 2482
2 2272 2277
2 2281 2282
2 2281 2483
2 2281 2484
2 2281 2283
2 2281 2485
2 2281 2280
2 2281 2486
2 2281 2487
2 2278 2277
2 2278 2284
2 2278 2276
2 2278 2488
2 2483 2282
2 2483 2280
2 2483 2283
2 2483 2485
2 2483 2077
2 2483 1920
2 2277 2285
2 2277 2286
2 2074 2075
2 2074 2287
2 2074 2073
2 2074 2072
2 2074 2288
2 2074 2489
2 2490 2298
2 2490 2491
2 2490 2492
2 2490 2295
2 2490 2493
2 1881 1884
2 1881 1882
2 1881 1883
2 1881 1886
2 1881 1887
2 2298 2295
2 2298 2494
2 2298 2299
2 2298 2491
2 2290 2495
2 2290 2289
2 2290 2496
2 2290 2497
2 2290 2498
2 2290 2499
2 2290 1923
2 2496 2497
2 2496 2289
2 2496 2500
2 2496 2501
2 2496 2498
2 2496 2502
2 2496 2503
2 2302 2301
2 2302 2303
2 2302 2304
2 2302 2305
2 2302 2504
2 2302 2505
2 2302 2506
2 2302 2507
2 2433 2508
2 2433 2509
2 2433 2432
2 2433 2510
2 2433 2321
2 2433 2109
2 2433 2110
2 2079 2511
2 2079 2512
2 2509 2510
2 2509 2321
2 2509 2109
2 2509 2432
2 2509 2110
2 2509 2108
2 2107 2509
2 2513 2514
2 2513 2515
2 2513 2516
2 2513 2517
2 2513 2518
2 2513 2519
2 2081 2309
2 2081 2080
2 2081 1928
2 2081 2310
2 2081 2311
2 2081 2312
2 2081 2307
2 2321 2510
2 2321 2109
2 2321 2110
2 2321 2508
2 2321 2108
2 2321 2106
2 2424 2520
2 2424 2423
2 2424 2518
2 2424 2426
2 2424 2521
2 2424 2517
2 2424 2522
2 2424 2519
2 2325 2326
2 2325 2421
2 2325 2523
2 2325 2524
2 2110 2108
2 2110 2109
2 2110 2510
2 2110 2100
2 2110 2106
2 2110 2327
2 2324 2525
2 2324 2526
2 2324 2420
2 2324 2326
2 2324 2527
2 1964 2342
2 1964 2332
2 1964 1961
2 1964 2333
2 1964 2345
2 1966 1967
2 1966 2121
2 1966 2122
2 1966 2328
2 1966 2528
2 1966 2336
2 1966 2529
2 2125 2530
2 2125 1806
2 2125 2531
2 2125 2532
2 2125 2533
2 2125 1804
2 2125 2128
2 2121 2122
2 2121 2328
2 2121 2528
2 2121 2534
2 2129 2535
2 2129 2338
2 2129 2337
2 2129 2536
2 2129 2537
2 2333 2332
2 2333 2342
2 2333 2119
2 2333 2345
2 2333 2344
2 2333 2346
2 2333 2334
2 2333 2538
2 2122 1967
2 2122 2528
2 2122 2534
2 2122 2539
2 2122 2540
2 20 36
2 20 1975
2 20 2541
2 20 21
2 20 39
2 2528 2328
2 2528 2539
2 2528 2540
2 2528 1967
2 2528 2156
2 2541 39
2 2541 40
2 2541 19
2 2539 2328
2 2539 2347
2 2121 2539
2 2539 1967
2 2144 2135
2 2135 2542
2 1702 2135
2 2135 2543
2 2135 2544
2 2137 2138
2 2137 2545
2 2137 2546
2 2137 2538
2 2137 2343
2 2143 2547
2 2138 2546
2 2138 2139
2 2138 2548
2 2138 2545
2 2350 2354
2 2350 2549
2 2350 2352
2 2350 2550
2 2350 2353
2 2549 2349
2 2549 2352
2 2549 2353
2 2549 2354
2 2549 2355
2 2353 2352
2 2353 2355
2 2353 2551
2 2353 2349
2 2353 2370
2 2552 2164
2 2552 2548
2 2552 2161
2 2552 2163
2 2552 2546
2 1988 2552
2 2552 1987
2 2552 2361
2 2355 2370
2 2355 2352
2 2355 2367
2 2355 2366
2 2355 2376
2 2355 2553
2 2164 2161
2 2164 2554
2 2164 2163
2 2164 2361
2 2164 2166
2 2164 1990
2 2164 2548
2 2370 2367
2 2370 2366
2 2370 2376
2 2370 2364
2 2370 2555
2 2163 2161
2 2163 2361
2 2163 2166
2 2163 1990
2 2163 2554
2 2165 2163
2 2163 2372
2 2366 2367
2 2366 2364
2 2366 2365
2 2166 2361
2 2166 2372
2 2166 2161
2 2166 2373
2 2166 2162
2 2166 1990
2 2364 2365
2 2364 2369
2 2364 2555
2 2364 2367
2 2372 2373
2 2372 2374
2 2372 2361
2 2372 2162
2 2372 2378
2 2556 2557
2 2556 2558
2 2556 2559
2 2556 2560
2 2556 2381
2 2556 2561
2 2369 2380
2 2369 2555
2 2369 2376
2 2374 2373
2 2374 2379
2 2374 2562
2 2174 2374
2 2557 2560
2 2557 2381
2 2557 2563
2 2557 2559
2 2557 2564
2 2557 2565
2 2557 2383
2 2379 2378
2 2379 2173
2 2379 2373
2 2379 2382
2 2379 2172
2 2379 2566
2 2560 2558
2 2168 2560
2 2167 2560
2 2176 2560
2 2566 2567
2 2566 2377
2 2566 2568
2 2566 2378
2 2567 2569
2 2567 2570
2 2567 2571
2 2567 2000
2 2570 2568
2 2570 2569
2 2570 2572
2 2570 2573
2 2570 2574
2 2388 2575
2 2388 2576
2 2388 2577
2 2560 2388
2 2578 2392
2 2578 2187
2 2578 2186
2 2578 2170
2 2578 2579
2 2171 2578
2 2572 2574
2 2572 2580
2 2572 2581
2 2572 2582
2 2572 2571
2 2572 2583
2 2572 2401
2 2191 2396
2 2191 2397
2 2191 2189
2 2191 2584
2 2191 2585
2 2574 2573
2 2574 2582
2 2574 2401
2 2574 2580
2 2574 2586
2 2574 2587
2 2574 2400
2 2582 2586
2 2582 2587
2 2582 2588
2 2586 2588
2 2586 2589
2 2586 2590
2 2586 2401
2 2586 2581
2 2404 2405
2 2404 2012
2 2404 2591
2 2404 2592
2 2404 2009
2 2008 2404
2 2588 2590
2 2588 2417
2 2588 2416
2 2588 2400
2 2593 2411
2 2593 2407
2 2593 2594
2 2593 2410
2 2590 2417
2 2590 2587
2 2590 2418
2 2590 2415
2 2590 2414
2 2201 2412
2 2201 2595
2 2201 2596
2 2201 2028
2 2201 2597
2 2201 2027
2 2416 2589
2 2416 2415
2 2416 2414
2 2416 2031
2 2415 2414
2 2415 2031
2 2415 2417
2 2415 2029
2 2415 2598
2 2415 2202
2 2316 2599
2 2316 2600
2 2316 2318
2 2316 2601
2 2316 2602
2 2316 2236
2 2316 2603
2 2599 2600
2 2599 2318
2 2599 2603
2 2599 2236
2 2599 2601
2 2604 2605
2 2604 2233
2 2604 2235
2 2604 2606
2 2604 2607
2 2604 2608
2 2604 2231
2 2604 2232
2 2319 2476
2 2319 2475
2 2319 2609
2 2319 2610
2 2319 2471
2 2319 2611
2 2220 2223
2 2220 2612
2 2220 2228
2 2220 2613
2 721 547
2 2443 2444
2 2443 2445
2 2443 2446
2 2443 2614
2 2443 2615
2 2443 2514
2 2443 2515
2 2616 2617
2 2616 136
2 2616 2618
2 2616 2619
2 2240 2241
2 2240 2458
2 2240 2620
2 2446 2614
2 2446 2442
2 2446 2444
2 2446 2445
2 2446 2621
2 2446 2514
2 2244 2243
2 2244 2459
2 2244 2460
2 2244 2462
2 2244 1891
2 2244 2622
2 2049 2623
2 2049 2624
2 2049 2625
2 2049 2626
2 2049 2627
2 2049 2628
2 2049 2629
2 2614 2514
2 2614 2442
2 2614 2515
2 2614 2444
2 2614 2445
2 2248 2464
2 2248 2465
2 2248 2630
2 2514 2631
2 2514 2517
2 2631 2516
2 2631 2517
2 2631 2515
2 2631 2518
2 2631 2519
2 2250 2466
2 2250 2052
2 2250 2632
2 2250 2633
2 2250 1898
2 2250 2634
2 2518 2520
2 2518 2517
2 2518 2521
2 2518 2516
2 2251 2635
2 2063 2251
2 2469 2468
2 2469 2473
2 2469 2636
2 2469 2477
2 2258 2469
2 2473 2477
2 2473 2468
2 2473 2472
2 2477 2472
2 2258 2477
2 2477 2636
2 2477 2468
2 2476 2471
2 2476 2609
2 2476 2066
2 2259 2476
2 2599 2476
2 2478 2637
2 2265 2478
2 2638 2609
2 2638 2611
2 2638 2610
2 2638 2471
2 2638 2603
2 2261 2638
2 2480 2639
2 2267 2480
2 2480 2482
2 2069 2480
2 2481 2639
2 2481 2482
2 2481 2488
2 2266 2481
2 2272 2481
2 2481 2640
2 2481 2641
2 2639 2482
2 2639 2488
2 2272 2639
2 2639 2642
2 2639 2643
2 2639 2641
2 2482 2488
2 2482 2642
2 2482 2643
2 2278 2482
2 2485 2283
2 2485 2486
2 2485 2282
2 2485 2487
2 2485 2644
2 2485 2645
2 2485 2646
2 2488 2643
2 2643 2642
2 2647 2648
2 2647 2493
2 2647 2649
2 2647 2650
2 2647 2491
2 2647 2492
2 2647 2651
2 2285 2286
2 2285 2652
2 2285 2653
2 2285 2276
2 2285 2654
2 2285 2655
2 2288 2073
2 2288 2489
2 2288 2072
2 2288 2075
2 2288 2652
2 2288 2286
2 2493 2492
2 2493 2648
2 2493 2656
2 2493 2657
2 2493 2494
2 2492 2494
2 2492 2658
2 2492 2659
2 2492 2660
2 2657 2658
2 1884 1886
2 1884 1930
2 1884 1932
2 1878 1884
2 2661 2428
2 2661 2429
2 2661 2430
2 2661 2431
2 2661 2662
2 2661 2313
2 2661 2432
2 2305 2506
2 2305 2303
2 2305 2301
2 2305 2504
2 2305 2505
2 2305 2663
2 2305 2507
2 2497 2495
2 2497 2498
2 2497 2664
2 2497 2665
2 2497 2503
2 2428 2429
2 2428 2430
2 2428 2666
2 2428 2431
2 2428 2313
2 2428 2667
2 2303 2505
2 2303 2304
2 2303 2301
2 2303 2507
2 2303 2668
2 2500 2311
2 2500 2669
2 2500 2670
2 2430 2429
2 2430 2431
2 2430 2313
2 2430 2667
2 2430 2666
2 2430 2098
2 2212 2215
2 2212 2217
2 2212 2210
2 2212 2671
2 2212 2672
2 2212 2211
2 2212 2105
2 2310 2311
2 2310 2080
2 2310 2309
2 2310 2670
2 2310 2669
2 2310 2307
2 2313 2431
2 2313 2098
2 2313 2099
2 2313 2429
2 2313 2096
2 2313 2673
2 2105 2092
2 2105 2215
2 2105 2217
2 2209 2105
2 2099 2098
2 2099 2673
2 2099 2667
2 2099 2431
2 2099 2674
2 2099 2097
2 2094 2103
2 2094 2104
2 2094 2090
2 2094 2675
2 2530 1806
2 1805 2530
2 2530 1804
2 2334 2342
2 2334 2345
2 2334 2529
2 2334 2332
2 2334 2346
2 2334 2344
2 2535 2337
2 2535 2338
2 2535 2537
2 2535 2676
2 2535 2536
2 2345 2346
2 2345 2344
2 2345 2332
2 2345 2529
2 2345 2538
2 2345 2119
2 17 18
2 17 2677
2 17 23
2 17 2678
2 17 2679
2 17 19
2 17 21
2 17 36
2 2344 2346
2 2344 2545
2 2344 2538
2 2344 2342
2 2344 2332
2 2344 2139
2 2344 2119
2 39 40
2 39 2680
2 39 1975
2 39 2681
2 2545 2682
2 2545 2139
2 2545 2346
2 2545 2683
2 2333 2545
2 2345 2545
2 2682 2684
2 2682 2538
2 2344 2682
2 2682 2685
2 2145 2142
2 2145 2686
2 2348 2687
2 2348 2544
2 2348 2543
2 2684 2685
2 2684 2139
2 2545 2684
2 2684 2538
2 2688 2354
2 2688 2689
2 2350 2688
2 2688 2349
2 2688 2690
2 2691 2692
2 2691 2693
2 2691 2694
2 2695 2693
2 2695 2685
2 2695 2696
2 2695 2697
2 2695 2698
2 2684 2695
2 2693 2697
2 2693 2699
2 2693 2700
2 2693 2701
2 2693 2702
2 2697 2700
2 2697 2703
2 2697 2699
2 2697 2704
2 2697 2705
2 2706 2707
2 2706 2561
2 2706 2708
2 2706 2565
2 2706 2709
2 2706 2710
2 2706 2711
2 2706 2563
2 2706 2559
2 2701 2698
2 2701 2703
2 2701 2699
2 2561 2707
2 2561 2565
2 2561 2563
2 2561 2559
2 2561 2708
2 2561 2564
2 2565 2563
2 2565 2559
2 2565 2707
2 2565 2564
2 2565 2558
2 2555 2712
2 2555 2368
2 2555 2713
2 2555 2367
2 2555 2365
2 2563 2559
2 2563 2564
2 2563 2558
2 2563 2714
2 2563 2707
2 2564 2559
2 2564 2714
2 2564 2558
2 2564 2715
2 2560 2564
2 2380 2368
2 2380 2365
2 2555 2380
2 2380 2712
2 2167 2380
2 2714 2715
2 2714 2559
2 2557 2714
2 2714 2576
2 2714 2577
2 2714 2558
2 2556 2714
2 2715 2577
2 2715 2576
2 2715 2716
2 2715 2717
2 2569 2583
2 2569 2571
2 2379 2569
2 2583 2580
2 2583 2573
2 2583 2718
2 2576 2719
2 2576 2720
2 2576 2716
2 2576 2721
2 2576 2722
2 2718 2571
2 2718 2573
2 2572 2718
2 2574 2718
2 2718 2723
2 2396 2584
2 2396 2585
2 2396 2395
2 2396 2724
2 2723 2725
2 2723 2726
2 2723 2727
2 2723 2728
2 2723 2729
2 2723 2730
2 2723 2731
2 2725 2729
2 2725 2727
2 2725 2730
2 2725 2732
2 2725 2726
2 2725 2731
2 2725 2733
2 2725 2728
2 2405 2591
2 2405 2592
2 2405 2192
2 2405 2734
2 2405 2012
2 2405 2410
2 2730 2731
2 2730 2733
2 2730 2727
2 2730 2726
2 2730 2732
2 2730 2598
2 2411 2735
2 2411 2409
2 2411 2736
2 2411 2737
2 2733 2731
2 2733 2598
2 2733 2729
2 2733 2202
2 2733 2595
2 2733 2726
2 2733 2727
2 2412 2596
2 2412 2200
2 2412 2738
2 2091 2090
2 2091 2103
2 2091 2104
2 2091 2739
2 2091 2740
2 2091 2044
2 1883 1887
2 1883 2078
2 1884 1883
2 1879 1883
2 1887 1774
2 877 701
2 700 877
2 877 881
2 882 877
2 877 617
2 1775 1774
2 1775 1669
2 2445 2442
2 2445 2615
2 2445 2741
2 2445 2515
2 2241 2620
2 2241 2457
2 2241 2742
2 2743 2744
2 2743 2519
2 2743 2516
2 2743 2517
2 2459 2462
2 2459 2622
2 2459 2243
2 2459 2745
2 2459 2461
2 2459 2746
2 2623 2050
2 2623 2625
2 2623 2626
2 2623 2628
2 2623 2627
2 2623 2747
2 2744 2741
2 2744 2516
2 2744 2517
2 2744 2426
2 2463 2464
2 2516 2517
2 2516 2519
2 2516 2426
2 2516 2615
2 2748 2465
2 2748 2749
2 2748 2750
2 2748 2751
2 2426 2517
2 2426 2519
2 2426 2520
2 2426 2521
2 2426 2423
2 2466 2632
2 2466 2633
2 2466 2249
2 2466 2634
2 2466 2052
2 2466 2752
2 1899 2466
2 2520 2521
2 2520 2423
2 2520 2522
2 2520 2517
2 2520 2519
2 2635 2753
2 2060 2635
2 2063 2635
2 2754 2255
2 2754 2755
2 2754 2756
2 2754 2757
2 2754 2758
2 2754 2746
2 2754 2759
2 2423 2521
2 2423 2517
2 2423 2522
2 2423 2425
2 2636 2760
2 2252 2636
2 2636 2761
2 2060 2762
2 2763 2764
2 2763 2637
2 2763 2765
2 2473 2763
2 2763 2766
2 2763 2767
2 2469 2763
2 2425 2526
2 2425 2326
2 2425 2421
2 2324 2425
2 2764 2637
2 2764 2767
2 2764 2765
2 2764 2766
2 2764 2768
2 2477 2764
2 2526 2420
2 2526 2527
2 2526 2323
2 2637 2766
2 2420 2769
2 2420 2770
2 2420 2323
2 2425 2420
2 2767 2768
2 2767 2771
2 2767 2766
2 2479 2767
2 2767 2772
2 2769 2527
2 2769 2773
2 2769 2774
2 2322 2769
2 2769 2323
2 2526 2769
2 2324 2769
2 2773 2770
2 2773 2775
2 2773 2527
2 2420 2773
2 2773 2776
2 2773 2777
2 2322 2773
2 2609 2610
2 2609 2611
2 2609 2603
2 2609 2236
2 2609 2778
2 2609 2779
2 2611 2778
2 2611 2779
2 2611 2603
2 2611 2236
2 2611 2780
2 2611 2781
2 2782 2645
2 2782 2783
2 2782 2784
2 2782 2785
2 2782 2644
2 2782 2487
2 2782 2786
2 2782 2780
2 2640 2787
2 2640 2788
2 2640 2789
2 2640 2790
2 2644 2645
2 2644 2487
2 2644 2486
2 2644 2786
2 2644 2783
2 2644 2791
2 2644 2646
2 2644 2785
2 2792 2786
2 2792 2793
2 2792 2794
2 2782 2792
2 2792 2651
2 2651 2793
2 2651 2650
2 2651 2795
2 2651 2649
2 2651 2796
2 2651 2656
2 2651 2648
2 2788 2797
2 2649 2656
2 2649 2648
2 2649 2794
2 2649 2793
2 2649 2795
2 2649 2658
2 2652 2655
2 2652 2654
2 2652 2284
2 2652 2798
2 2652 2799
2 2652 2489
2 2800 2801
2 2800 2802
2 2800 2803
2 2800 2804
2 2800 2805
2 2800 2499
2 2800 2806
2 2801 2499
2 2801 2805
2 2801 2498
2 2801 2503
2 2801 2802
2 1930 1886
2 1930 2807
2 1930 2808
2 1930 1882
2 1930 1936
2 2499 2498
2 2499 2503
2 2499 2804
2 2499 2809
2 2499 2502
2 2810 2811
2 2810 2807
2 2810 2808
2 2810 2812
2 2810 2813
2 2810 2814
2 2810 1932
2 2498 2502
2 2498 2815
2 2498 2805
2 2498 2664
2 2498 2495
2 2506 2663
2 2506 2304
2 2506 2816
2 2506 2507
2 2506 2668
2 2303 2506
2 2506 2817
2 2502 2665
2 2502 2503
2 2502 2818
2 2505 2507
2 2505 2668
2 2505 2304
2 2505 2817
2 2665 2664
2 2665 2669
2 2665 2670
2 2665 2501
2 2665 2819
2 2665 2311
2 2670 2669
2 2670 2311
2 2670 2818
2 2670 2819
2 2670 2664
2 2670 2312
2 450 452
2 450 534
2 535 450
2 1317 1315
2 2533 2532
2 2533 2531
2 2533 2820
2 2533 2821
2 2533 1806
2 2533 2694
2 2337 2537
2 2337 2676
2 2337 2128
2 2337 2822
2 2337 2338
2 2337 2823
2 2337 2536
2 2532 2821
2 2532 2694
2 2532 2692
2 2532 2824
2 2678 2679
2 2678 18
2 2678 2825
2 2678 2826
2 2678 2677
2 2678 2827
2 2536 2828
2 2536 2829
2 2536 2830
2 2536 2831
2 40 2680
2 40 2681
2 40 2832
2 40 2833
2 40 21
2 21 35
2 21 19
2 21 38
2 2821 2824
2 2821 2834
2 2821 2694
2 2821 2820
2 2821 2822
2 2821 2531
2 2821 2823
2 2834 2824
2 2834 2822
2 2834 2823
2 2834 2835
2 2834 2836
2 2834 2837
2 2694 2696
2 2694 2820
2 2694 2824
2 2684 2694
2 2687 2544
2 2687 2838
2 2687 2839
2 2690 2840
2 2690 2711
2 2690 2841
2 2842 2843
2 2842 2711
2 2842 2709
2 2842 2840
2 2842 2841
2 2842 2708
2 2844 2837
2 2844 2845
2 2844 2702
2 2844 2835
2 2844 2699
2 2844 2703
2 2844 2698
2 2834 2844
2 2711 2708
2 2711 2843
2 2711 2846
2 2711 2840
2 2711 2847
2 2702 2845
2 2702 2703
2 2702 2698
2 2702 2837
2 2697 2702
2 2553 2848
2 2553 2849
2 2553 2551
2 2353 2553
2 2370 2553
2 2553 2352
2 2553 2367
2 2553 2850
2 2713 2851
2 2713 2712
2 2713 2852
2 2713 2368
2 2364 2713
2 2713 2367
2 2380 2713
2 2853 2854
2 2853 2855
2 2853 2856
2 2853 2857
2 2853 2858
2 2853 2716
2 2853 2859
2 2853 2860
2 2855 2717
2 2855 2854
2 2855 2857
2 2855 2716
2 2855 2859
2 2855 2856
2 2861 2862
2 2380 2861
2 2861 2863
2 2861 2864
2 2857 2716
2 2857 2717
2 2857 2859
2 2857 2854
2 2857 2577
2 2859 2716
2 2859 2717
2 2859 2865
2 2859 2854
2 2859 2577
2 2719 2720
2 2719 2722
2 2719 2577
2 2719 2866
2 2584 2397
2 2584 2724
2 2584 2867
2 2584 2868
2 2869 2870
2 2869 2871
2 2869 2872
2 2869 2873
2 2869 2874
2 2875 2876
2 2875 2877
2 2875 2878
2 2875 2879
2 2875 2734
2 2875 2880
2 2871 2873
2 2871 2881
2 2871 2882
2 2871 2738
2 2871 2883
2 2871 2884
2 2871 2885
2 2592 2591
2 2592 2886
2 2592 2887
2 2592 2734
2 2592 2888
2 2881 2738
2 2881 2883
2 2881 2870
2 2869 2881
2 2889 2596
2 2889 2200
2 2735 2736
2 2735 2890
2 2735 2891
2 2735 2892
2 2735 2885
2 2735 2594
2 2735 2883
2 2593 2735
2 2738 2883
2 2738 2893
2 2738 2873
2 2738 2594
2 2738 2870
2 621 615
2 621 617
2 621 618
2 621 699
2 1634 1678
2 1634 1632
2 1634 2894
2 1634 2895
2 1634 2896
2 1634 2897
2 1634 1633
2 1634 2898
2 1632 2895
2 1632 1633
2 1632 1678
2 1632 2896
2 1632 2899
2 1632 2898
2 1623 1626
2 1623 2900
2 1623 1620
2 1623 2901
2 1623 1624
2 1623 2902
2 1623 1622
2 2620 2903
2 2620 2904
2 2620 2905
2 2462 2460
2 2462 2622
2 2462 2745
2 2462 2746
2 2462 2906
2 2462 2907
2 2462 2755
2 2908 2905
2 2908 2909
2 2908 2903
2 2465 2749
2 2465 2750
2 2465 2910
2 2465 2911
2 2464 2912
2 2464 2913
2 2905 2909
2 2905 2914
2 2905 2904
2 2905 2915
2 2905 2524
2 2755 2906
2 2755 2907
2 2755 2916
2 2755 2756
2 2755 2745
2 2914 2909
2 2914 2523
2 2914 2421
2 2914 2742
2 2914 2326
2 2908 2914
2 2633 2634
2 2633 2249
2 2633 2917
2 2633 2918
2 2053 2633
2 2919 2756
2 2919 2759
2 2919 2916
2 2919 2920
2 2523 2524
2 2523 2326
2 2523 2909
2 2905 2523
2 2523 2522
2 2523 2521
2 2326 2524
2 2326 2323
2 2760 2761
2 2760 2921
2 2765 2766
2 2765 2768
2 2765 2922
2 2765 2923
2 2765 2924
2 2765 2925
2 2323 2527
2 2766 2768
2 2766 2922
2 2766 2924
2 2766 2923
2 2766 2771
2 2768 2771
2 2768 2922
2 2768 2925
2 2768 2926
2 2768 2772
2 2771 2926
2 2771 2772
2 2771 2927
2 2771 2928
2 2771 2929
2 2772 2927
2 2772 2929
2 2772 2930
2 2772 2931
2 2772 2932
2 2772 2933
2 2929 2932
2 2929 2933
2 2929 2931
2 2929 2930
2 2929 2926
2 2929 2934
2 2929 2935
2 2603 2236
2 2603 2610
2 2603 2777
2 2603 2600
2 2603 2776
2 2603 2778
2 2775 2774
2 2775 2776
2 2775 2777
2 2775 2236
2 2603 2775
2 2315 2775
2 2775 2770
2 2769 2775
2 2933 2932
2 2933 2936
2 2933 2931
2 2933 2937
2 2933 2935
2 2933 2934
2 2933 2930
2 2933 2927
2 2777 2236
2 2777 2779
2 2777 2778
2 2777 2774
2 2937 2936
2 2937 2789
2 2937 2932
2 2937 2938
2 2937 2935
2 2937 2934
2 2937 2931
2 2937 2790
2 2779 2780
2 2779 2781
2 2779 2610
2 2779 2234
2 2779 2784
2 2779 2785
2 2603 2779
2 2789 2939
2 2789 2936
2 2789 2935
2 2933 2789
2 2789 2940
2 2789 2934
2 2780 2785
2 2780 2778
2 2780 2783
2 2780 2234
2 2780 2645
2 2939 2940
2 2937 2939
2 2939 2936
2 2939 2787
2 2785 2783
2 2785 2784
2 2785 2786
2 2785 2781
2 2785 2645
2 2785 2796
2 2940 2787
2 2940 2797
2 2786 2783
2 2786 2791
2 2786 2645
2 2786 2646
2 2786 2784
2 2787 2797
2 2791 2941
2 2791 2486
2 2791 2783
2 2791 2645
2 2791 2942
2 2797 2943
2 2797 2944
2 2797 2945
2 2641 2797
2 2941 2806
2 2941 2486
2 2941 2803
2 2941 2802
2 2786 2941
2 2946 2947
2 2806 2803
2 2806 2948
2 2806 2802
2 2806 2646
2 2791 2806
2 2806 2809
2 2949 2654
2 2946 2949
2 2654 2798
2 2654 2653
2 2654 2799
2 2654 2950
2 2654 2951
2 2654 2952
2 2953 2954
2 2953 2955
2 2803 2809
2 2803 2942
2 2803 2948
2 2803 2956
2 2801 2803
2 2957 2954
2 2957 2804
2 2955 2954
2 2955 2958
2 2955 2956
2 1936 1938
2 1936 2038
2 1885 1936
2 1936 2039
2 1936 1932
2 2959 2804
2 2959 2958
2 2959 2815
2 2959 2960
2 2959 2961
2 2807 2813
2 2807 1932
2 2807 1886
2 2807 2962
2 2807 2963
2 2811 2964
2 2811 2812
2 2811 2814
2 2811 2808
2 2960 2961
2 2960 2965
2 2960 2966
2 2955 2960
2 2960 2967
2 2960 2954
2 2816 2968
2 2816 2969
2 2816 2668
2 2961 2965
2 2961 2966
2 2961 2958
2 2961 2967
2 2961 2970
2 2961 2512
2 2961 2511
2 2668 2507
2 2668 2817
2 2668 2971
2 2668 2972
2 2668 2663
2 2668 2504
2 2668 2973
2 2966 2965
2 2966 2967
2 2966 2970
2 2966 2512
2 2966 2511
2 2966 2958
2 2970 2967
2 2970 2511
2 2970 2965
2 2960 2970
2 2974 2975
2 2974 2976
2 2974 2977
2 2974 2978
2 2974 2979
2 2974 1624
2 2659 2295
2 2659 2491
2 813 2980
2 813 806
2 813 2981
2 813 810
2 813 2982
2 813 2983
2 813 807
2 2984 2985
2 2984 846
2 2984 2986
2 2984 842
2 2984 845
2 2984 844
2 2984 2987
2 2984 2988
2 2676 2822
2 2676 2823
2 2676 2338
2 2676 2128
2 2821 2676
2 2828 2829
2 2828 2338
2 2828 2830
2 2828 2831
2 2535 2828
2 2681 2680
2 2681 2833
2 2681 2989
2 22 2681
2 2681 2990
2 2541 2681
2 35 38
2 35 2991
2 35 36
2 35 2992
2 35 2993
2 2823 2537
2 2823 2831
2 2823 2824
2 2823 2836
2 2823 2830
2 2823 2994
2 2831 2830
2 2831 2994
2 2831 2836
2 2831 2995
2 2831 2822
2 2831 2835
2 2544 2543
2 2544 2838
2 2544 2839
2 2544 2996
2 2994 2835
2 2994 2830
2 2994 2822
2 2834 2994
2 2994 2837
2 2994 2995
2 2841 2840
2 2841 2843
2 2841 2847
2 2841 2997
2 2841 2998
2 2841 2999
2 2689 3000
2 2846 2840
2 2846 2847
2 2846 2998
2 2846 2709
2 2847 2998
2 2847 3001
2 2847 2843
2 2847 2840
2 2849 3002
2 2849 2550
2 2849 2551
2 2998 3001
2 2998 3003
2 2711 2998
2 3001 3003
2 3001 3004
2 3001 3005
2 3001 3006
2 3001 3007
2 3001 3008
2 3001 3009
2 3003 3005
2 3003 3008
2 3003 3006
2 3003 3007
2 3003 3009
2 3008 3006
2 3008 2858
2 3008 3010
2 3008 3009
2 3008 3007
2 2858 2860
2 2858 2856
2 2858 3005
2 2858 3011
2 2856 2860
2 2856 2854
2 3008 2856
2 2856 3006
2 2856 3011
2 2856 3005
2 3012 3013
2 3012 3014
2 3012 3015
2 3012 3016
2 3012 3017
2 3012 3018
2 3019 3020
2 3019 3021
2 2859 3019
2 2855 3019
2 3019 3022
2 3019 3023
2 2720 2866
2 2720 2577
2 2720 2721
2 2720 2575
2 2388 2720
2 2720 3024
2 2863 2864
2 2863 3025
2 2863 3026
2 2863 3027
2 3014 3028
2 3014 3013
2 3014 2872
2 3014 3029
2 3014 3030
2 3014 2882
2 3031 2585
2 3031 3032
2 3031 2397
2 3031 3033
2 2874 2872
2 2874 3016
2 2874 3029
2 2874 2882
2 2874 3013
2 2874 3034
2 2724 3035
2 2724 3036
2 2724 3037
2 2724 3038
2 3039 3040
2 3039 3041
2 3039 3042
2 3039 3036
2 3039 3043
2 3039 3035
2 3039 3044
2 3029 3034
2 3029 2884
2 3029 3028
2 3029 3016
2 3034 2885
2 3034 2872
2 3034 2870
2 3034 2891
2 2876 2877
2 2876 3045
2 2876 2878
2 2876 2880
2 2876 3046
2 2876 2734
2 2876 3047
2 2885 2884
2 2885 2736
2 2885 2870
2 3029 2885
2 2886 3048
2 2886 2591
2 2886 3049
2 2886 3050
2 846 845
2 846 848
2 846 842
2 846 844
2 846 2986
2 846 3051
2 846 2985
2 844 845
2 844 842
2 844 3052
2 844 3051
2 844 841
2 844 848
2 3053 3054
2 3053 814
2 3053 3055
2 3053 3056
2 3053 3057
2 3053 3058
2 3053 808
2 3053 2983
2 3053 810
2 851 3059
2 851 3060
2 851 3054
2 3053 851
2 3061 3052
2 3061 911
2 3061 3062
2 3061 847
2 844 3061
2 3061 3051
2 3061 845
2 3061 3059
2 911 3063
2 911 847
2 911 3052
2 911 909
2 911 912
2 2625 2628
2 2625 2626
2 2625 2627
2 2625 2624
2 2625 2629
2 2625 2050
2 2625 2903
2 2625 3064
2 2745 2907
2 2745 2906
2 2745 2622
2 2745 3065
2 2745 2746
2 2745 2460
2 2626 2628
2 2626 2629
2 2626 2747
2 2626 3066
2 2626 2624
2 2626 3064
2 2749 2750
2 2749 2751
2 2749 2911
2 2749 3067
2 2749 3068
2 2906 2746
2 2906 2759
2 2906 3065
2 2906 3064
2 2906 2916
2 3069 3070
2 3069 3071
2 3069 3072
2 3069 3073
2 3069 2632
2 3069 3074
2 2759 2756
2 2759 2907
2 2747 3064
2 2747 3075
2 2747 3066
2 2747 3065
2 2906 2747
2 2747 2907
2 2634 2917
2 2634 2632
2 2634 3076
2 2756 2920
2 2756 2757
2 2756 3077
2 2756 3078
2 2756 2758
2 3075 2629
2 3075 2525
2 3075 3064
2 2626 3075
2 3075 2627
2 3075 2920
2 2756 3075
2 2757 3077
2 2757 3079
2 2757 2916
2 2759 2757
2 2761 2921
2 2473 2761
2 3079 2601
2 2756 3079
2 3079 2318
2 2923 3080
2 2923 2928
2 2601 2318
2 2601 2758
2 2601 3077
2 2601 2317
2 2757 2601
2 2601 3081
2 2925 2928
2 2925 3082
2 3083 3084
2 3083 3085
2 3083 3086
2 3083 2233
2 3083 2235
2 2928 3087
2 2928 3088
2 2928 2924
2 2928 2922
2 2768 2928
2 2317 2600
2 2317 2318
2 2317 2602
2 2317 2236
2 2317 3081
2 3087 3089
2 3087 2926
2 2772 3087
2 2771 3087
2 2925 3087
2 3087 2924
2 2600 2236
2 2600 2318
2 2319 2600
2 2609 2600
2 3089 3088
2 3089 3090
2 2928 3089
2 3089 3091
2 3089 3092
2 2772 3089
2 3089 2927
2 3090 3092
2 3090 3088
2 3087 3090
2 3090 3093
2 3090 3094
2 2928 3090
2 2930 2935
2 2930 2934
2 2930 2927
2 2930 3095
2 2930 2936
2 3092 3091
2 3092 3096
2 3092 3093
2 3087 3092
2 3092 3088
2 2935 2936
2 2935 2931
2 2935 2938
2 2935 3095
2 2935 2932
2 2232 2234
2 2232 2778
2 2779 2232
2 2232 2781
2 2232 2236
2 2780 2232
2 3089 3097
2 3097 3091
2 3097 2943
2 2938 2934
2 2933 2938
2 2790 3098
2 2935 2790
2 3099 3100
2 2786 3099
2 2791 3099
2 3100 3101
2 3101 3102
2 3101 3103
2 3101 3104
2 3101 3105
2 3099 3101
2 2945 3106
2 2945 3107
2 2945 3108
2 2945 3109
2 2787 2945
2 2945 3110
2 2945 3111
2 3103 3112
2 3103 3102
2 3103 2956
2 3103 3113
2 3112 3104
2 3112 3113
2 3112 3114
2 3101 3112
2 2799 2798
2 2799 2952
2 2799 2951
2 2799 2655
2 2799 3115
2 2799 3116
2 2799 3117
2 2799 2950
2 3114 3118
2 3114 3113
2 3114 3119
2 3114 3120
2 3114 3121
2 3114 3122
2 1938 2039
2 1938 2038
2 1938 2041
2 1938 2042
2 3118 3120
2 3118 3121
2 3118 3123
2 3118 3119
2 3118 2972
2 3118 3113
2 2813 2808
2 2813 2962
2 2813 2963
2 2813 3124
2 2813 3125
2 2813 1932
2 2813 3126
2 3120 3121
2 3120 2972
2 3120 3127
2 3120 2971
2 3120 3122
2 3120 3119
2 3120 3123
2 2812 2814
2 2812 3128
2 2812 3129
2 2812 3130
2 2812 2964
2 2812 3131
2 2972 3121
2 2972 2817
2 2972 2507
2 2972 3127
2 2968 3132
2 2968 2663
2 2968 3133
2 2506 2968
2 2968 3134
2 959 966
2 959 965
2 959 958
2 959 3135
2 959 3136
2 1013 1015
2 1013 1020
2 1013 3137
2 1013 3138
2 1013 3139
2 1013 1017
2 1015 1014
2 1015 1017
2 1015 3137
2 1015 1020
2 1015 3140
2 1015 1016
2 1015 1018
2 1017 3140
2 1017 1070
2 1017 3137
2 1017 1014
2 1017 3141
2 38 2991
2 38 2992
2 38 2993
2 38 3142
2 38 3143
2 2833 2680
2 2833 3144
2 2833 3145
2 2833 3146
2 2825 3147
2 2825 2826
2 2825 3148
2 2825 3149
2 2825 3150
2 2825 23
2 2838 2839
2 2838 2543
2 2838 3151
2 2838 3152
2 3153 3148
2 3153 2827
2 3153 3150
2 3153 3154
2 3153 2826
2 3153 3155
2 2997 2999
2 2997 3156
2 3148 3147
2 3148 3154
2 3148 3155
2 3148 2827
2 3148 3149
2 3148 3157
2 2999 3158
2 2999 3156
2 2846 2999
2 3002 3159
2 3002 3160
2 3002 3161
2 2553 3002
2 3154 3155
2 3154 3147
2 3154 3157
2 3154 3162
2 2825 3154
2 3154 2827
2 3155 3157
2 3155 3162
2 3155 3150
2 3155 3163
2 3155 3147
2 3164 3007
2 3164 3009
2 3164 3158
2 3164 3165
2 3164 3166
2 3164 3005
2 3162 3163
2 3162 3150
2 3162 3167
2 3162 3168
2 3162 3169
2 3162 3170
2 3171 3007
2 3171 3009
2 3171 3005
2 3008 3171
2 3171 3006
2 3171 3004
2 3003 3171
2 3171 3172
2 3163 3167
2 3163 3157
2 3163 3173
2 3163 3174
2 3163 3175
2 3163 3169
2 3009 3005
2 3009 3006
2 3009 3004
2 3009 3010
2 3167 3174
2 3167 3176
2 3167 3177
2 3006 3010
2 3174 3176
2 3174 3177
2 3174 3178
2 3174 3179
2 3010 3011
2 3010 3005
2 3010 3180
2 3181 2851
2 2434 3181
2 3181 2712
2 3181 2435
2 3181 3182
2 3176 3179
2 3176 3178
2 3176 3183
2 3176 3184
2 3176 3173
2 3176 3185
2 3176 3018
2 3011 3180
2 3011 2860
2 3011 3022
2 3006 3011
2 3008 3011
2 3011 3005
2 3179 3177
2 3179 3184
2 3179 3185
2 3179 3018
2 3179 3183
2 3179 3186
2 3180 3022
2 3180 3187
2 3180 2860
2 3180 3023
2 2858 3180
2 3185 3188
2 3185 3018
2 3185 3178
2 3185 3186
2 3185 3177
2 3185 3189
2 3022 3187
2 3022 3023
2 3022 3190
2 3022 3191
2 3188 3184
2 3188 3192
2 3188 3017
2 3179 3188
2 3023 3190
2 3023 3191
2 3023 3193
2 3023 3020
2 3023 3194
2 3195 3015
2 3195 3017
2 3195 3018
2 3195 3196
2 3185 3195
2 3190 3187
2 3190 3021
2 3190 3194
2 3190 3020
2 3190 3197
2 3190 3193
2 3017 3196
2 3017 3198
2 3017 3186
2 3017 3199
2 3017 3018
2 3017 3189
2 3200 3201
2 3200 3202
2 3203 2864
2 3196 3199
2 3196 3015
2 3196 3204
2 3196 3205
2 3196 3206
2 3196 3186
2 3032 3033
2 3032 2868
2 3032 3207
2 3032 3208
2 3032 2585
2 3032 3209
2 3199 3198
2 3199 3205
2 3199 3206
2 3199 3050
2 3199 3049
2 3199 3015
2 3035 3038
2 3035 2867
2 3035 3210
2 3035 3036
2 3205 3050
2 3205 3049
2 3205 3198
2 3205 3211
2 3205 2888
2 3212 3041
2 3212 3213
2 3212 3214
2 3212 3215
2 3212 3216
2 3050 3049
2 3050 3206
2 3050 3204
2 3050 2887
2 3050 3217
2 2878 2877
2 2878 3045
2 2878 2879
2 2878 3218
2 2878 3046
2 3140 3219
2 3140 1072
2 3140 3220
2 3140 1071
2 3219 1070
2 3219 1071
2 3219 3221
2 3219 3220
2 3219 3222
2 3221 1184
2 3221 3222
2 3221 3220
2 3221 1070
2 3223 1076
2 3223 3224
2 3223 3225
2 3223 3226
2 3223 3227
2 3223 3228
2 3223 3229
2 3223 3230
2 1174 1170
2 1174 1175
2 1174 1176
2 1174 1169
2 1174 3231
2 1174 3232
2 1174 1171
2 3233 2622
2 3233 3234
2 3233 2907
2 3233 3078
2 2906 3233
2 2462 3233
2 3233 3065
2 2750 2911
2 2750 3067
2 2750 2630
2 2750 3068
2 3234 3078
2 3234 3064
2 3071 3070
2 3071 3074
2 3071 3072
2 3071 3235
2 3071 3236
2 3071 2752
2 3071 3073
2 3071 2918
2 2751 3237
2 2751 3238
2 3078 2916
2 3078 2920
2 3078 2907
2 3078 3239
2 2906 3078
2 3078 2746
2 2917 3076
2 2917 3240
2 2917 3241
2 2917 2632
2 3242 3243
2 3242 3244
2 3242 2912
2 3242 3086
2 3242 3084
2 3244 3243
2 3244 3086
2 3244 2913
2 3244 3084
2 3244 3085
2 3244 3245
2 3244 2912
2 3244 3081
2 2636 2921
2 3246 3247
2 3246 3248
2 3249 3250
2 3249 3251
2 3249 3252
2 3249 3253
2 2923 3249
2 3084 2608
2 3084 3081
2 3084 2606
2 3084 3243
2 3084 2607
2 2608 3085
2 2608 2606
2 2608 2235
2 2608 2233
2 2608 3086
2 3094 3093
2 3094 3091
2 3094 3252
2 2606 3085
2 2606 2605
2 3093 3091
2 3093 3253
2 3089 3093
2 3093 3252
2 3254 3255
2 3254 3256
2 3254 2927
2 3254 2926
2 3254 3257
2 2930 3254
2 3254 2924
2 2772 3254
2 2233 2605
2 2233 2607
2 2233 3258
2 3091 3088
2 3087 3091
2 3249 3091
2 2605 2235
2 2605 2231
2 2232 2605
2 2605 2607
2 2608 2605
2 3259 3260
2 3259 3261
2 3259 2934
2 2935 3259
2 3259 3262
2 2930 3259
2 3259 2931
2 3096 3263
2 3096 3264
2 3096 3111
2 3096 3108
2 3096 3265
2 3096 3266
2 3096 3267
2 3263 3264
2 3263 3111
2 3263 3108
2 3263 3267
2 3263 3265
2 3263 3268
2 3263 3266
2 3098 3269
2 3098 3270
2 3098 3271
2 2939 3098
2 2938 3098
2 2789 3098
2 3264 3267
2 3264 3108
2 3264 3268
2 3264 3265
2 3264 3266
2 3264 3107
2 3267 3111
2 3267 3108
2 3267 3265
2 3267 3272
2 3267 3266
2 3267 3273
2 3109 3106
2 3109 3274
2 3109 2944
2 3109 3275
2 3276 3277
2 3276 3275
2 3276 3271
2 3276 3278
2 3276 3270
2 3115 3117
2 3115 3279
2 3115 3116
2 3115 2952
2 3115 2798
2 3115 2950
2 3116 2952
2 3116 3280
2 3116 2951
2 3116 2798
2 3116 3281
2 3116 3279
2 3119 3127
2 3119 3122
2 3119 3134
2 3119 3121
2 3119 3113
2 2039 2042
2 3282 3283
2 3282 3284
2 3282 3285
2 3282 3133
2 3282 3132
2 3282 3131
2 3282 3286
2 3122 3134
2 3122 3127
2 3122 3121
2 3122 3123
2 2962 2963
2 2962 3287
2 2962 3126
2 2962 3125
2 2962 2808
2 2962 3288
2 3284 3133
2 3284 3131
2 3284 3289
2 3284 3290
2 3284 2969
2 3284 3285
2 3132 3133
2 3132 3131
2 3132 3283
2 3132 2969
2 3132 3290
2 3132 3289
2 1076 3225
2 1076 3226
2 1076 3227
2 1076 3291
2 1076 3224
2 1076 3230
2 1076 1112
2 3292 1117
2 3292 3293
2 3292 3294
2 3292 3295
2 1183 1182
2 1183 1184
2 1183 3296
2 1183 3297
2 1183 1179
2 3221 1183
2 1183 3298
2 1112 3299
2 1112 3226
2 1112 3291
2 1112 3300
2 1112 1075
2 3142 2992
2 3142 2993
2 3142 3143
2 3142 37
2 3142 3301
2 2989 3146
2 2989 3144
2 3302 3303
2 3302 3143
2 3304 3305
2 3304 3306
2 3304 3307
2 3304 3152
2 3304 3308
2 3304 3309
2 3304 3310
2 3143 3301
2 3143 2993
2 3143 3311
2 3143 2991
2 3143 2992
2 3143 3312
2 3313 3314
2 3313 3315
2 3313 3316
2 2544 3313
2 3151 2839
2 3151 2543
2 2544 3151
2 3151 32
2 3311 3312
2 3311 2993
2 3311 3317
2 3311 3170
2 3302 3311
2 3311 2991
2 3311 2992
2 3165 3166
2 3165 1491
2 2999 3165
2 3170 3169
2 3170 3312
2 3170 3175
2 3170 3168
2 3170 3317
2 3170 3301
2 3170 3318
2 3170 3319
2 3320 3321
2 3320 3322
2 3320 3323
2 3320 3324
2 3320 3325
2 3320 3326
2 3320 3327
2 3175 3169
2 3175 3168
2 3175 3318
2 3175 3312
2 3175 3173
2 3175 3319
2 3175 3324
2 3321 3324
2 3321 3328
2 3321 3326
2 3321 3319
2 3321 3323
2 3175 3321
2 3324 3322
2 3324 3183
2 3324 3328
2 2437 2852
2 2437 2435
2 2437 2436
2 2437 2851
2 2437 3182
2 2437 2440
2 3329 3330
2 3329 3331
2 3329 3332
2 3329 3333
2 3329 3193
2 3329 3334
2 3329 3335
2 3329 3336
2 3330 3337
2 3330 3193
2 3330 3332
2 3330 3331
2 3330 3187
2 3330 3334
2 3330 3194
2 3330 3333
2 3193 3337
2 3193 3187
2 3193 3191
2 3194 3338
2 3194 3339
2 3194 3340
2 3194 3191
2 3194 3341
2 3021 3020
2 3021 2865
2 3021 3191
2 3201 3342
2 3201 3343
2 3201 3024
2 3201 2866
2 3201 3344
2 3201 3345
2 3201 3346
2 3207 3209
2 3207 2868
2 3207 3347
2 3031 3207
2 3207 3348
2 3044 3210
2 3044 3037
2 3044 3349
2 3044 3350
2 3044 2867
2 3351 3352
2 3351 3218
2 3351 3353
2 3351 2879
2 3351 3215
2 3351 3354
2 3351 3355
2 3351 2880
2 3351 3213
2 3356 3357
2 3353 3215
2 3353 2879
2 3353 3355
2 3353 3358
2 3353 3352
2 3212 3353
2 3359 3360
2 3359 3361
2 3359 3362
2 1215 3359
2 3359 3363
2 3359 1218
2 3359 1116
2 3359 1118
2 3359 1115
2 1118 3364
2 1118 3363
2 1118 1116
2 1284 1285
2 1284 3365
2 1284 1288
2 1284 1289
2 1284 3366
2 1284 3367
2 1284 3368
2 3369 3370
2 3369 3371
2 3369 3372
2 3369 3373
2 3369 3374
2 3369 3375
2 3369 3376
2 3377 3378
2 1284 3377
2 3377 3379
2 3377 1288
2 3377 3365
2 1282 3377
2 2911 3068
2 2911 3380
2 2911 2630
2 3235 3381
2 3235 3382
2 3235 3070
2 3235 3383
2 3235 3384
2 3385 3386
2 3076 3240
2 3076 3241
2 3076 2918
2 3076 3387
2 2633 3076
2 3236 3073
2 3236 3388
2 3236 3389
2 3236 3390
2 3236 3070
2 3068 3380
2 3068 3391
2 3068 3067
2 3068 3392
2 3068 3393
2 3068 3394
2 3380 3393
2 3380 3392
2 3380 3386
2 3380 3394
2 3380 3237
2 3380 3391
2 3380 3395
2 3396 3397
2 3396 3247
2 3396 3248
2 3396 3398
2 3252 3399
2 3252 3400
2 3253 3399
2 3253 3401
2 3395 3393
2 3395 2607
2 3395 3392
2 3395 3394
2 3395 2235
2 3395 3085
2 3256 3257
2 3256 3402
2 3256 3095
2 3256 3261
2 3256 3403
2 3261 3260
2 3261 3262
2 3261 3404
2 3261 3095
2 3261 3405
2 3261 3406
2 3261 2934
2 2935 3261
2 3407 3408
2 3407 3409
2 3407 3410
2 3407 3266
2 3407 3411
2 3407 3265
2 3408 3412
2 3408 3266
2 3408 3265
2 3408 3413
2 3408 3409
2 3408 3414
2 3408 3410
2 3408 3415
2 3266 3412
2 3266 3268
2 3266 3111
2 3266 3273
2 3270 3271
2 3270 3269
2 3270 3416
2 3270 3417
2 3270 3275
2 3270 3418
2 3107 3110
2 3107 2944
2 3107 3419
2 3107 3111
2 3420 2226
2 3420 2223
2 3420 2227
2 3420 3421
2 3420 2225
2 3274 3417
2 3274 3271
2 3274 3416
2 3274 3418
2 3274 3422
2 2226 2227
2 2226 3421
2 2226 3423
2 2226 3286
2 2226 2223
2 2226 3424
2 3280 3425
2 3280 2952
2 3280 3426
2 3421 3423
2 3421 3286
2 3421 2224
2 3421 3424
2 3421 3285
2 2222 3421
2 3427 3428
2 3427 3429
2 3427 3281
2 3427 2740
2 3427 3430
2 3427 3431
2 3427 2739
2 3427 3426
2 3286 3424
2 3286 2227
2 3286 3289
2 3286 3130
2 3424 3130
2 3424 3289
2 3424 3128
2 3424 2227
2 3424 3129
2 2042 3124
2 2042 2092
2 3125 3126
2 3125 2963
2 3125 3432
2 3125 3433
2 3125 3287
2 3125 3434
2 3125 3435
2 3130 3423
2 3130 3285
2 3130 2814
2 3130 3289
2 3287 3126
2 3287 3433
2 3287 3432
2 3287 3124
2 3129 2814
2 3129 3126
2 1436 3378
2 1436 3379
2 1436 1492
2 3377 1436
2 3370 3372
2 3370 3371
2 3370 3373
2 3370 3375
2 3370 3436
2 3372 3437
2 3372 1371
2 3372 3371
2 3372 1113
2 1371 1499
2 1371 3436
2 2990 3327
2 3305 3309
2 3305 3310
2 3305 3307
2 3146 3308
2 3146 3438
2 3146 3439
2 3146 3440
2 3146 3145
2 3146 3441
2 3146 3144
2 3314 3316
2 3314 2996
2 3314 3442
2 3443 3314
2 3151 3314
2 3314 3444
2 3314 2839
2 3445 32
2 3445 2839
2 3445 29
2 3445 26
2 2838 3445
2 3445 25
2 3145 3441
2 3145 3439
2 3145 3325
2 3145 3438
2 3145 3440
2 3145 3446
2 3327 3317
2 3327 3325
2 3327 3447
2 3327 3441
2 1491 3166
2 1491 3448
2 1491 3449
2 3450 3448
2 3450 3449
2 3450 3335
2 3161 3451
2 3161 3452
2 3161 3453
2 3161 2440
2 3161 3159
2 3161 3454
2 3161 3160
2 3161 189
2 3448 3449
2 3448 3166
2 3448 3335
2 3448 3336
2 3448 1438
2 3448 3333
2 3449 3335
2 3449 3336
2 3449 3333
2 3449 3331
2 3449 1438
2 3449 1437
2 3329 3449
2 3335 3332
2 3335 3334
2 3335 1438
2 3331 3333
2 3331 3332
2 3331 3334
2 3331 3337
2 3331 3455
2 3332 3455
2 3332 3337
2 3456 3457
2 3456 3458
2 3456 3027
2 3456 3459
2 3456 3460
2 3456 3461
2 3341 3338
2 3341 3462
2 3341 3463
2 3341 3464
2 3341 3465
2 3341 3466
2 3467 3340
2 3467 3462
2 3467 3463
2 3467 3468
2 3197 3469
2 3197 3191
2 3024 3343
2 3024 3345
2 3024 2866
2 3024 3202
2 3024 3470
2 3471 3472
2 3471 3473
2 3471 3474
2 3471 3475
2 3471 3476
2 3471 3477
2 3471 3478
2 3471 3479
2 3348 3480
2 3348 3460
2 3348 3481
2 3474 3473
2 3474 3476
2 3474 3478
2 3474 3482
2 3474 3483
2 3209 3208
2 3209 3033
2 3209 3484
2 3209 3350
2 3484 3485
2 3484 3486
2 3484 3487
2 3476 3472
2 3476 3483
2 3476 3488
2 3476 3357
2 3476 3473
2 3357 3478
2 3357 3483
2 3357 3043
2 3357 3042
2 3357 3472
2 3357 3349
2 1431 1295
2 1431 1432
2 1431 1292
2 1431 3489
2 1431 3490
2 1291 1431
2 1431 3491
2 1431 3492
2 1499 1496
2 1499 3436
2 1499 1544
2 1542 1540
2 1542 3493
2 3372 1542
2 1542 1541
2 3494 3495
2 1434 3494
2 3494 3379
2 3494 1492
2 2979 2976
2 2979 3496
2 2979 3497
2 2979 3498
2 3499 3495
2 3499 3500
2 1434 3499
2 3499 3379
2 3499 1492
2 1628 3501
2 1628 3502
2 1628 3503
2 1628 1620
2 1628 1622
2 1628 3504
2 3505 3383
2 3505 3382
2 3505 3386
2 3073 3506
2 3073 2918
2 3073 3507
2 3073 3508
2 3073 2752
2 3072 3384
2 3072 3509
2 3072 3070
2 3072 3510
2 3072 3506
2 3383 3382
2 3383 3511
2 3241 3387
2 3241 3512
2 3241 3513
2 3237 3392
2 3237 3238
2 3247 3514
2 3247 3248
2 3247 3515
2 3247 3516
2 3394 3386
2 3394 3393
2 3394 3511
2 3394 3238
2 3399 3517
2 3399 3518
2 3519 3400
2 3519 3401
2 3519 3520
2 3400 3401
2 3400 3520
2 3400 3517
2 3402 3403
2 3402 3255
2 3402 3521
2 3402 3522
2 3254 3402
2 3402 3523
2 3402 3524
2 3401 3520
2 3401 3411
2 3401 3410
2 3401 3525
2 3520 3410
2 3520 3411
2 3520 3409
2 3520 3525
2 3520 3526
2 3411 3410
2 3411 3527
2 3411 3525
2 3411 3413
2 3411 3526
2 3411 3412
2 3409 3410
2 3409 3413
2 3409 3412
2 3409 3527
2 3409 3414
2 3404 3262
2 3404 3405
2 3404 3406
2 3404 3260
2 3404 3528
2 3259 3404
2 3404 3529
2 3404 3095
2 3413 3414
2 3413 3415
2 3413 3412
2 3413 3410
2 3413 3527
2 3414 3410
2 2229 2225
2 2229 2223
2 2229 3530
2 2229 3531
2 2229 3532
2 2229 3533
2 2225 2223
2 2225 2221
2 2225 3534
2 2223 2228
2 2223 2224
2 2223 2221
2 3535 3536
2 3535 3268
2 3267 3535
2 3110 3419
2 3110 3537
2 3110 3538
2 3110 3111
2 3110 3539
2 3110 3540
2 3264 3110
2 3416 3417
2 3416 3418
2 3416 3271
2 3416 3422
2 3416 3275
2 3416 3541
2 3416 3542
2 3543 2612
2 3543 2221
2 3543 2216
2 3543 2214
2 3543 2228
2 2612 2216
2 2612 2214
2 2612 3544
2 2612 3545
2 2612 2211
2 2209 2612
2 3425 3431
2 3425 3546
2 3425 3117
2 3425 3547
2 3425 3281
2 2214 3544
2 2214 3545
2 2214 2211
2 2214 3433
2 3428 3548
2 3428 3549
2 3428 3550
2 3428 3430
2 3544 3433
2 3544 2216
2 3544 2211
2 3125 3544
2 3544 3126
2 3544 3288
2 2044 2090
2 2044 2092
2 2044 2093
2 2039 2044
2 2094 2044
2 3433 3545
2 3433 3126
2 3433 2211
2 3432 3435
2 3432 3126
2 3432 3551
2 2042 3432
2 1554 3552
2 1554 3553
2 1554 1550
2 1554 3554
2 1622 3555
2 1622 1620
2 1622 3556
2 1622 3504
2 1622 1624
2 1622 3557
2 1622 1627
2 32 25
2 32 2839
2 3438 3446
2 3438 3439
2 3438 3308
2 3438 3441
2 3438 3558
2 1434 3559
2 3559 1435
2 3316 3315
2 3316 3444
2 3316 3560
2 3316 3561
2 3316 3562
2 3558 3563
2 3558 3309
2 3558 3564
2 3558 3565
2 3563 3564
2 3563 3565
2 3563 3310
2 3563 3440
2 3563 3566
2 3563 3567
2 3563 3309
2 1435 3379
2 1435 3378
2 1435 1492
2 3377 1435
2 3565 3564
2 3565 3566
2 3565 3567
2 3565 3568
2 3565 3310
2 3565 3440
2 1437 3336
2 3335 1437
2 1437 3378
2 1437 3379
2 3452 3453
2 3452 3451
2 3452 2440
2 3452 189
2 3452 3569
2 3452 183
2 3452 187
2 3567 3568
2 3567 3564
2 3567 3570
2 3567 3571
2 3567 3572
2 3567 31
2 2440 3453
2 2440 189
2 2440 187
2 2440 183
2 2440 3451
2 182 2440
2 3568 3571
2 3568 3566
2 3568 3573
2 3568 3574
2 3568 3575
2 3568 3576
2 3571 3575
2 3571 3574
2 3571 3573
2 3571 3577
2 3571 3578
2 3571 3579
2 3571 3572
2 3575 3580
2 3575 3579
2 3575 3581
2 3575 3582
2 2435 2439
2 2435 187
2 2435 3458
2 2435 3583
2 2435 3584
2 2435 183
2 3580 3581
2 3580 3582
2 3580 3578
2 3580 3585
2 3580 3586
2 3580 3587
2 3455 3334
2 3455 3333
2 3455 3464
2 3455 3465
2 3329 3455
2 3582 3588
2 3582 3579
2 3582 3581
2 3582 3589
2 3582 3585
2 3582 3587
2 3590 3464
2 3590 3462
2 3590 3463
2 3458 3182
2 3458 3591
2 3458 3592
2 3458 2439
2 3588 3586
2 3588 3593
2 3588 3594
2 3588 3595
2 3588 3479
2 3580 3588
2 3588 3579
2 3464 3465
2 3464 3466
2 3464 3596
2 3464 3597
2 3464 3598
2 3593 3594
2 3593 3595
2 3593 3599
2 3593 3586
2 3593 3600
2 3582 3593
2 3593 3589
2 3593 3587
2 3466 3465
2 3466 3596
2 3466 3597
2 3466 3601
2 3466 3602
2 3466 3603
2 3466 3598
2 3595 3594
2 3595 3599
2 3595 3600
2 3595 3604
2 3595 3487
2 3595 3589
2 3340 3468
2 3340 3605
2 3340 3338
2 3340 3606
2 3340 3469
2 3340 3191
2 3345 3343
2 3345 3470
2 3345 3607
2 3345 3608
2 3345 3609
2 3345 3202
2 3600 3604
2 3600 3487
2 3600 3594
2 3600 3486
2 3600 3610
2 3600 3350
2 3480 3611
2 3480 3459
2 3480 3612
2 3480 3460
2 3604 3487
2 3604 3599
2 3604 3349
2 3604 3210
2 3484 3604
2 3486 3487
2 3486 3210
2 3486 3485
2 3044 3486
2 3486 3599
2 1630 1631
2 1630 1635
2 1630 3613
2 1630 3552
2 1630 3614
2 540 623
2 1212 896
2 618 624
2 1005 896
2 1005 897
2 881 889
2 881 997
2 881 886
2 998 881
2 1882 1886
2 1882 1932
2 3506 3508
2 3506 3615
2 3506 3616
2 3384 3510
2 3384 3617
2 3384 3381
2 3384 3618
2 3384 3382
2 3384 3619
2 3384 3620
2 3248 3514
2 3248 3516
2 3248 3397
2 3248 3621
2 3248 3622
2 3510 3509
2 3510 3618
2 3510 3620
2 3510 3619
2 3510 3623
2 3510 3624
2 3510 3381
2 3518 3625
2 3518 3626
2 3518 3627
2 3518 3628
2 3518 3526
2 3518 3525
2 3518 3629
2 3618 3623
2 3618 3617
2 3618 3630
2 3618 3509
2 3618 3619
2 3623 3631
2 3623 3617
2 3623 3632
2 3627 3527
2 3627 3517
2 3627 3633
2 3627 3628
2 3627 3634
2 3632 3635
2 3632 3636
2 3632 3637
2 3632 3638
2 3632 3631
2 3632 3639
2 3632 3640
2 3631 3641
2 3618 3631
2 3631 3639
2 3631 3635
2 3525 3526
2 3525 3527
2 3525 3626
2 3525 3410
2 3409 3525
2 3636 3635
2 3636 3640
2 3636 3641
2 3636 3639
2 3636 3642
2 3636 3643
2 3640 3637
2 3640 3643
2 3640 3644
2 3640 3635
2 3640 3645
2 3640 3646
2 3643 3646
2 3643 3647
2 3643 3648
2 3643 3532
2 3643 3649
2 3643 3530
2 3406 3405
2 3406 3528
2 3406 3529
2 3406 3262
2 3406 3650
2 3406 3651
2 3406 3260
2 3646 3532
2 3646 3530
2 3646 3645
2 3646 3534
2 3530 3532
2 3530 3533
2 3530 3534
2 3530 3531
2 3530 3644
2 3530 2228
2 3531 2613
2 3531 3652
2 3531 2221
2 3531 2228
2 3653 3654
2 3653 3655
2 3653 3656
2 3653 3657
2 3653 3658
2 3653 3659
2 3653 3660
2 3653 3661
2 3653 3662
2 3652 2671
2 3652 2672
2 3652 2221
2 3652 3533
2 3652 3534
2 3652 2217
2 2220 3652
2 3655 3660
2 3655 3654
2 3655 3663
2 3655 3664
2 3655 3656
2 2671 2217
2 2671 2215
2 2671 2613
2 2671 2213
2 2671 2221
2 3531 2671
2 3658 3660
2 3658 3663
2 3658 3664
2 3658 3661
2 3658 3654
2 3658 3665
2 2215 2213
2 2215 2672
2 2215 2210
2 3652 2215
2 3422 3542
2 3422 3666
2 3422 3275
2 2213 2210
2 2213 2217
2 2213 2672
2 2213 2211
2 3667 3668
2 3667 3669
2 3667 3670
2 3667 3671
2 3667 3672
2 3667 3673
2 3667 3674
2 3667 3279
2 2210 2217
2 2210 2218
2 2210 2211
2 2210 2092
2 3430 3546
2 3430 3547
2 3430 3431
2 3430 3675
2 3430 3676
2 3430 3677
2 3430 3673
2 2090 2103
2 2090 2104
2 2090 2739
2 2090 2740
2 2218 3551
2 2218 2211
2 2218 2041
2 3551 2041
2 2044 3551
2 2043 3551
2 1886 1932
2 1886 3678
2 1932 2808
2 1932 3678
2 29 26
2 29 25
2 29 3679
2 29 27
2 29 28
2 1492 3680
2 1492 3378
2 3448 3681
2 3442 3315
2 26 3679
2 26 27
2 26 28
2 3379 3378
2 3379 3682
2 3378 3682
2 27 31
2 27 3572
2 27 3679
2 27 25
2 27 3573
2 27 3574
2 31 28
2 31 3573
2 31 3574
2 31 3576
2 31 3679
2 3573 3572
2 3573 3576
2 3573 3577
2 3573 28
2 3573 3683
2 183 187
2 183 189
2 183 184
2 183 200
2 183 185
2 183 2436
2 3577 3578
2 3577 3576
2 3577 3684
2 3577 3579
2 3366 1288
2 3366 3685
2 3366 1289
2 3366 3686
2 3366 1285
2 3366 3687
2 3688 3683
2 3688 3579
2 3688 3576
2 3685 3687
2 3685 3689
2 3685 3368
2 3685 1288
2 3685 1289
2 2439 2436
2 2439 3584
2 2439 3690
2 2439 3691
2 2439 184
2 2439 185
2 3581 3587
2 3581 3586
2 3687 3686
2 3687 3597
2 3687 3596
2 3687 3367
2 3687 3368
2 3587 3579
2 3587 3692
2 3587 3586
2 3688 3587
2 3587 3578
2 3692 3693
2 3692 3585
2 3593 3692
2 3692 3594
2 3581 3692
2 3595 3692
2 3694 3591
2 3694 3592
2 3587 3693
2 3693 3695
2 3693 3585
2 3694 3693
2 3693 3591
2 3593 3693
2 3602 3696
2 3602 3697
2 3602 3698
2 3463 3606
2 3463 3699
2 3463 3338
2 3464 3463
2 3463 3339
2 3605 3469
2 3605 3468
2 3605 3700
2 3470 3701
2 3470 3344
2 3470 3346
2 3470 3702
2 3470 3343
2 3703 3704
2 3703 3612
2 3703 3705
2 3703 3706
2 3703 3459
2 2038 2041
2 2038 3124
2 2038 3434
2 2041 2093
2 2041 2092
2 2041 3124
2 2093 2092
2 2092 3435
2 2211 2216
2 2216 3545
2 3433 2216
2 3390 3508
2 3390 3615
2 3390 3388
2 3390 3616
2 3390 3707
2 3708 3709
2 3708 3710
2 3708 3711
2 3708 3712
2 3708 3713
2 3708 3714
2 3708 3715
2 3387 3512
2 3387 3716
2 3387 3717
2 3387 3713
2 3387 3715
2 3508 3616
2 3508 3507
2 3508 3389
2 3508 3388
2 3516 3515
2 3516 3622
2 3516 3514
2 3516 3398
2 3516 3718
2 3516 3397
2 3616 3638
2 3616 3507
2 3616 3389
2 3616 3641
2 3628 3633
2 3628 3634
2 3628 3719
2 3628 3626
2 3628 3720
2 3628 3721
2 3633 3719
2 3633 3629
2 3633 3721
2 3633 3722
2 3633 3720
2 3633 3626
2 3633 3723
2 3724 3725
2 3724 3726
2 3724 3727
2 3724 3728
2 3724 3642
2 3724 3729
2 3638 3641
2 3638 3635
2 3636 3638
2 3638 3637
2 3631 3638
2 3721 3719
2 3721 3723
2 3721 3634
2 3721 3730
2 3721 3629
2 3731 3725
2 3731 3727
2 3731 3729
2 3731 3726
2 3731 3649
2 3731 3728
2 3731 3648
2 3642 3641
2 3642 3637
2 3640 3642
2 3642 3639
2 3723 3722
2 3723 3719
2 3723 3732
2 3723 3634
2 3723 3733
2 3727 3729
2 3727 3649
2 3727 3648
2 3727 3726
2 3642 3727
2 3649 3648
2 3649 3725
2 3649 3645
2 3640 3649
2 3734 3662
2 3734 3735
2 3734 3659
2 3734 3732
2 3734 3736
2 3734 3733
2 3734 3656
2 3529 3528
2 3529 3650
2 3529 3405
2 3529 3651
2 3529 3737
2 3529 3738
2 3529 3262
2 3662 3659
2 3662 3656
2 3662 3735
2 3662 3654
2 3662 3739
2 3662 3736
2 3656 3659
2 3656 3736
2 3740 3741
2 3740 3742
2 3740 3541
2 3740 3743
2 3740 3744
2 3740 3745
2 3740 3418
2 3661 3746
2 3661 3664
2 3661 3663
2 3661 3747
2 3661 3748
2 3536 3749
2 3536 3750
2 3536 3751
2 3536 3273
2 3537 3538
2 3537 3539
2 3537 3419
2 3537 3540
2 3537 3752
2 3537 3753
2 3537 3754
2 3537 3755
2 3756 3666
2 3756 3418
2 3416 3756
2 3669 3757
2 3669 3674
2 3669 3670
2 3669 3672
2 3669 3668
2 3547 3546
2 3547 3676
2 3547 3675
2 3547 3758
2 3547 3673
2 3547 3426
2 3547 3677
2 2103 2739
2 2103 3759
2 2103 3549
2 3549 2739
2 3549 3759
2 3549 3760
2 3549 2740
2 3549 3429
2 2091 3549
2 2224 2227
2 2224 3423
2 3286 2224
2 2225 2224
2 2610 2778
2 2610 2236
2 2780 2610
2 2610 2231
2 2610 2234
2 2231 2234
2 2231 2778
2 2779 2231
2 2231 2236
2 2236 2776
2 2236 2778
2 2779 2236
2 3560 3562
2 3560 3561
2 3560 3444
2 3560 30
2 3560 3761
2 3560 3762
2 3560 3679
2 3682 1325
2 3682 1287
2 3763 3764
2 3763 3765
2 3763 3766
2 3763 3767
2 3763 202
2 3763 3454
2 3763 3768
2 3763 201
2 3561 3562
2 3561 3762
2 3561 3769
2 3765 201
2 3765 3768
2 3765 3766
2 3765 190
2 201 202
2 201 190
2 201 188
2 201 3767
2 201 3764
2 3365 1285
2 3365 1286
2 3365 1287
2 3365 1288
2 3365 1289
2 3365 1290
2 188 200
2 188 202
2 188 189
2 183 188
2 3770 3771
2 3770 3761
2 186 3770
2 1285 1289
2 1285 1288
2 1285 3367
2 1285 3368
2 200 185
2 200 184
2 200 190
2 200 187
2 200 189
2 1289 3367
2 1289 3368
2 1289 3686
2 185 3691
2 185 3583
2 185 187
2 3368 3772
2 3368 3686
2 3583 3690
2 3583 184
2 3583 3584
2 3583 2436
2 182 3583
2 3583 3461
2 3772 3773
2 3772 3367
2 3772 3774
2 1289 3772
2 3366 3772
2 3772 1288
2 3690 3592
2 3690 3591
2 3690 3461
2 3690 3691
2 3690 3775
2 3690 184
2 3773 3774
2 3773 3776
2 3773 3777
2 3773 3778
2 3773 3779
2 3368 3773
2 3773 3698
2 3773 3780
2 3592 3591
2 3592 3584
2 3592 3775
2 3592 3461
2 2439 3592
2 3592 3706
2 3583 3592
2 3774 3777
2 3774 3779
2 3774 3781
2 3774 3780
2 3775 3591
2 3775 3706
2 3775 3782
2 3775 3584
2 3775 3783
2 3777 3776
2 3777 3698
2 3777 3781
2 3777 3778
2 3706 3782
2 3706 3705
2 3706 3784
2 3706 3591
2 3706 3783
2 3706 3461
2 3601 3697
2 3601 3698
2 3785 3700
2 3705 3784
2 3705 3782
2 3705 3612
2 3705 3783
2 3786 1743
2 3609 3607
2 3609 3702
2 3609 3787
2 3609 3344
2 3609 3346
2 3788 3789
2 3788 3790
2 3788 3612
2 3705 3788
2 3788 3784
2 3788 3782
2 2770 2527
2 2770 2774
2 2322 2770
2 2323 2770
2 2324 2770
2 2419 2527
2 1552 1550
2 1552 1555
2 1552 3791
2 1552 1556
2 1552 3792
2 1552 3492
2 1552 3793
2 1541 1546
2 1541 1547
2 1541 1543
2 1541 1544
2 1541 3794
2 1541 1540
2 1541 1497
2 1613 3795
2 1613 3796
2 1613 1290
2 1613 1287
2 1544 1545
2 1544 1546
2 1544 1547
2 1544 3794
2 3797 3798
2 3797 3799
2 3797 3800
2 3797 3801
2 3512 3715
2 3512 3717
2 3512 3802
2 3512 3728
2 3512 3803
2 3622 3621
2 3622 3515
2 3622 3804
2 3622 3805
2 3513 3728
2 3513 3726
2 3803 3707
2 3803 3726
2 3803 3717
2 3720 3629
2 3720 3806
2 3728 3726
2 3728 3807
2 3728 3717
2 3728 3707
2 3722 3730
2 3722 3634
2 3722 3629
2 3628 3722
2 3808 3809
2 3808 3810
2 3808 3811
2 3730 3732
2 3730 3719
2 3730 3733
2 3730 3739
2 3730 3634
2 3732 3739
2 3732 3812
2 3732 3813
2 3732 3814
2 3732 3735
2 3739 3813
2 3739 3733
2 3739 3735
2 3739 3736
2 3739 3812
2 3813 3735
2 3813 3736
2 3813 3733
2 3650 3651
2 3650 3737
2 3650 3738
2 3650 3528
2 3650 3405
2 3650 3815
2 3650 3816
2 3736 3735
2 3736 3817
2 3736 3818
2 3736 3659
2 3736 3819
2 3817 3818
2 3817 3819
2 3817 3735
2 3813 3817
2 3817 3820
2 3817 3821
2 3817 3822
2 3817 3747
2 3818 3822
2 3818 3820
2 3818 3821
2 3818 3747
2 3818 3823
2 3818 3746
2 3741 3824
2 3741 3744
2 3741 3745
2 3741 3825
2 3741 3826
2 3741 3827
2 3741 3738
2 3828 3829
2 3828 3830
2 3828 3831
2 3828 3832
2 3828 3833
2 3828 3834
2 3828 3835
2 3828 3836
2 3663 3748
2 3663 3747
2 3663 3837
2 3663 3665
2 3838 3750
2 3838 3839
2 3838 3840
2 3838 3749
2 3838 3665
2 3831 3829
2 3831 3841
2 3831 3759
2 3831 3830
2 3831 3760
2 3831 2675
2 3831 3833
2 3539 3540
2 3539 3752
2 3539 3755
2 3539 3753
2 3539 3419
2 3539 3842
2 3666 3843
2 3666 3542
2 3666 3418
2 3671 3672
2 3671 3757
2 3671 3844
2 3760 3841
2 3760 3550
2 3760 3832
2 3760 2675
2 3675 3546
2 3675 3845
2 3675 3673
2 3675 3846
2 3795 3796
2 3795 1287
2 3795 3847
2 3795 1286
2 3798 3801
2 3798 3800
2 3798 1495
2 1325 1287
2 1325 1286
2 1325 3848
2 1325 3847
2 1282 1325
2 3847 3680
2 3847 3796
2 1290 1287
2 1290 1286
2 1290 3848
2 1290 3849
2 3767 3764
2 3767 3768
2 3767 202
2 3767 3766
2 1286 1287
2 1284 1286
2 1286 3848
2 1286 3849
2 3768 3764
2 3768 3850
2 3850 3851
2 3850 202
2 188 3850
2 186 3850
2 3850 3852
2 201 3850
2 3851 3852
2 3851 3853
2 3851 3854
2 3768 3851
2 3852 3853
2 3852 3854
2 3852 3855
2 3852 3856
2 3852 3857
2 3852 3858
2 3853 3858
2 3853 3859
2 3853 3855
2 3853 3860
2 3853 3861
2 3858 3859
2 3858 3856
2 3858 3854
2 3858 3862
2 3858 3863
2 3864 3780
2 3864 3778
2 3864 3361
2 3864 3781
2 3864 3776
2 3774 3864
2 3864 3360
2 3862 3860
2 3862 3865
2 3862 3856
2 3853 3862
2 3862 3854
2 3780 3781
2 3780 3776
2 3777 3780
2 3780 3779
2 3865 3860
2 3865 3782
2 3775 3865
2 3706 3865
2 3705 3865
2 3858 3865
2 3781 3776
2 3781 3779
2 3781 3866
2 3697 3867
2 3697 3779
2 3699 3462
2 3699 3868
2 3699 3606
2 3699 3869
2 3464 3699
2 3870 1743
2 3702 3701
2 3702 3787
2 3702 3607
2 3702 3871
2 3702 3872
2 3702 2453
2 3789 3790
2 3789 3612
2 3789 3873
2 3705 3789
2 3789 3874
2 3796 3500
2 3682 3796
2 1286 3796
2 3875 3801
2 3875 3876
2 3801 3877
2 3801 1495
2 3801 3878
2 3801 1494
2 3801 3879
2 1495 1494
2 1495 1370
2 1495 3880
2 1495 3877
2 1495 1372
2 1287 3848
2 1287 3849
2 1284 1287
2 1370 1372
2 1370 3881
2 1370 3882
2 1370 3883
2 3718 3621
2 3718 3805
2 3718 3515
2 3718 3884
2 3711 3709
2 3711 3714
2 3711 3885
2 3711 3713
2 3711 3886
2 3711 3715
2 3711 3887
2 3806 3888
2 3806 3889
2 3806 3890
2 3891 3892
2 3891 3893
2 3894 3889
2 3894 3895
2 3894 3890
2 3894 3896
2 3894 3814
2 3894 3897
2 3894 3812
2 3885 3898
2 3885 3899
2 3885 3712
2 3885 3900
2 3885 3901
2 3885 3709
2 3895 3814
2 3895 3812
2 3895 3889
2 3895 3902
2 3895 3890
2 3898 3900
2 3898 3901
2 3898 3714
2 3898 3887
2 3898 3903
2 3898 3712
2 3711 3898
2 3814 3733
2 3739 3814
2 3730 3814
2 3900 3901
2 3900 3899
2 3900 3903
2 3900 3887
2 3900 3714
2 3900 3904
2 3900 3905
2 3810 3811
2 3810 3906
2 3810 3816
2 3810 3737
2 3810 3907
2 3810 3908
2 3810 3909
2 3903 3904
2 3903 3905
2 3903 3899
2 3903 3910
2 3903 3911
2 3903 3912
2 3904 3912
2 3904 3910
2 3904 3901
2 3904 3911
2 3904 3913
2 3912 3913
2 3912 3914
2 3912 3915
2 3738 3651
2 3738 3916
2 3738 3815
2 3738 3917
2 3738 3745
2 3738 3827
2 3738 3816
2 3913 3918
2 3913 3919
2 3914 3920
2 3914 3833
2 3914 3836
2 3914 3919
2 3821 3819
2 3821 3921
2 3821 3922
2 3821 3923
2 3821 3924
2 3744 3825
2 3744 3827
2 3744 3826
2 3738 3744
2 3744 3916
2 3834 3920
2 3834 3833
2 3834 3836
2 3834 3835
2 3834 3830
2 3822 3819
2 3822 3823
2 3822 3925
2 3835 3836
2 3835 3926
2 3835 3846
2 3914 3835
2 3835 3918
2 3835 3833
2 3835 3845
2 3921 3823
2 3921 3819
2 3921 3927
2 3747 3820
2 3747 3748
2 3747 3928
2 3747 3746
2 3747 3664
2 3747 3819
2 3752 3753
2 3752 3540
2 3752 3842
2 3752 3538
2 3752 3929
2 3752 3930
2 3846 3926
2 3846 3758
2 3846 3836
2 3846 3676
2 3846 3931
2 3932 3843
2 3932 3933
2 3932 3934
2 3932 3935
2 3932 3936
2 3932 3674
2 3932 3937
2 3932 3938
2 3939 3844
2 3939 3670
2 3939 3673
2 3939 3676
2 3939 3940
2 1186 1181
2 1186 1180
2 1186 1185
2 1186 3941
2 1186 1179
2 1186 3942
2 1216 3943
2 1216 3944
2 1216 3363
2 1216 1115
2 1180 1185
2 1180 1181
2 1180 3945
2 1180 1223
2 1180 1179
2 1180 3946
2 3848 3849
2 3848 3947
2 3848 3948
2 3848 3949
2 1283 3848
2 3950 3951
2 3950 3952
2 3950 3953
2 3950 3954
2 3849 3947
2 3849 3949
2 3849 3948
2 1325 3849
2 1283 3849
2 3947 3949
2 3947 3362
2 1290 3947
2 1286 3947
2 3947 3948
2 1287 3947
2 3947 3360
2 3955 3956
2 3955 3954
2 3955 3861
2 3955 3953
2 3955 3855
2 3949 3362
2 3949 3360
2 3949 3957
2 3359 3949
2 3949 3958
2 3362 3361
2 3362 3957
2 3362 3944
2 3362 1217
2 3362 3943
2 3861 3855
2 3861 3954
2 3861 3857
2 3861 3854
2 3861 3959
2 3861 3856
2 3360 3957
2 3360 1217
2 3857 3854
2 3857 3855
2 3857 3856
2 3857 3954
2 3780 3361
2 3361 3778
2 3361 3960
2 1215 3361
2 3961 3962
2 3781 3961
2 3780 3961
2 3961 3778
2 3867 3779
2 3777 3867
2 3867 3963
2 3867 3964
2 3965 3868
2 3965 3869
2 3965 3966
2 3463 3965
2 3965 3462
2 3965 3967
2 3968 3868
2 3968 3869
2 3968 3967
2 3968 3462
2 1743 3969
2 1743 3970
2 3787 3872
2 3787 3701
2 3787 139
2 3787 1742
2 3874 2454
2 3874 2453
2 3874 2451
2 3702 3874
2 3874 3871
2 3874 2450
2 3874 3873
2 1171 1170
2 1171 1177
2 1171 1173
2 1171 3971
2 1171 3972
2 3973 3974
2 3973 3230
2 3973 3975
2 3973 3976
2 1076 3973
2 3973 1075
2 3376 3977
2 3376 3978
2 3376 3979
2 3376 3980
2 3376 3881
2 3376 3981
2 3228 3225
2 3228 3974
2 3228 3982
2 1076 3228
2 3980 3979
2 3980 3983
2 3980 3978
2 3980 3984
2 3980 3985
2 3980 3374
2 962 963
2 962 958
2 962 967
2 962 968
2 962 966
2 962 3986
2 962 3987
2 914 909
2 914 910
2 914 3988
2 914 3989
2 914 3990
2 914 3063
2 914 3991
2 3992 3804
2 3992 3884
2 3992 3993
2 3992 3621
2 3890 3889
2 3890 3902
2 3890 3897
2 3890 3994
2 3890 3995
2 3890 3996
2 3890 3997
2 3902 3889
2 3902 3897
2 3902 3995
2 3902 3998
2 3884 3993
2 3884 3999
2 3884 3911
2 3884 3910
2 3884 3804
2 3897 3995
2 3897 3998
2 3897 4000
2 3897 3889
2 3897 4001
2 3897 3994
2 3893 4002
2 3893 4003
2 3893 4004
2 3999 3993
2 3999 3911
2 3999 3910
2 3999 3805
2 3999 4005
2 3999 3905
2 3903 3999
2 3904 3999
2 3998 3995
2 3998 4001
2 3998 4006
2 3998 4007
2 3998 4008
2 3998 4009
2 3911 4005
2 3911 3905
2 3911 3993
2 3911 3915
2 3911 4010
2 4001 4006
2 4001 4007
2 4001 4009
2 4001 3995
2 4005 4010
2 4006 4009
2 4006 3922
2 4006 4008
2 4006 4011
2 4006 3995
2 3816 3907
2 3816 3815
2 3816 3811
2 3816 3737
2 3816 4012
2 3816 4013
2 3816 3917
2 3816 3906
2 3816 4014
2 4015 4016
2 4015 4010
2 3913 4015
2 4015 4017
2 3911 4015
2 3912 4015
2 4009 4007
2 4009 3922
2 4009 4000
2 4009 4011
2 4009 3823
2 3821 4009
2 3815 3917
2 3815 3916
2 3815 3737
2 3815 3907
2 3815 4012
2 3815 4018
2 3922 3823
2 3922 4011
2 3916 3827
2 3916 4013
2 3916 3737
2 3916 3745
2 3916 3825
2 3827 4018
2 3827 3825
2 3827 3745
2 3827 3917
2 3827 3826
2 4019 4020
2 4019 4021
2 3825 3826
2 3825 3745
2 3825 3938
2 4020 4022
2 4020 3919
2 4020 3931
2 4020 3940
2 3835 4020
2 3927 3923
2 3927 4023
2 3927 3924
2 3927 4024
2 3927 3823
2 3826 3938
2 3826 3937
2 3826 3935
2 3826 3745
2 4022 3931
2 4019 4022
2 3925 3924
2 3925 4023
2 3925 3823
2 3928 3748
2 3928 3820
2 3928 4025
2 3663 3928
2 3928 3664
2 3928 3746
2 3839 4026
2 3839 4027
2 3839 4028
2 3839 3837
2 3938 3937
2 3938 3935
2 3938 3936
2 3938 4029
2 3938 3843
2 4026 4027
2 4026 4030
2 3842 3753
2 3842 3929
2 3842 3930
2 3842 3540
2 3842 3538
2 3842 3755
2 3842 4031
2 3935 3937
2 3935 3933
2 3935 4029
2 3935 4032
2 3933 3937
2 3938 3933
2 3933 4032
2 3933 3934
2 910 3990
2 910 4033
2 910 913
2 910 912
2 910 3063
2 910 3991
2 2660 2494
2 2660 2295
2 2660 2491
2 2660 2299
2 3948 4034
2 3948 4035
2 3948 4036
2 3948 4037
2 3953 4038
2 3953 4039
2 3953 4040
2 3953 3956
2 3953 4041
2 3953 3959
2 3953 4042
2 3958 4043
2 3958 4044
2 3958 3944
2 3958 4045
2 3958 3943
2 3958 4046
2 4040 4041
2 4040 4042
2 4040 4038
2 4040 3956
2 4040 3959
2 3955 4040
2 3957 4047
2 3957 3944
2 3957 3943
2 3957 4043
2 3957 1217
2 4041 4039
2 4041 3956
2 4041 4038
2 4041 2455
2 4041 3959
2 3955 4041
2 3943 1217
2 3943 4044
2 3943 1294
2 3943 4047
2 3943 1116
2 3943 1433
2 1217 1116
2 1217 3944
2 1217 3363
2 1217 1115
2 1116 3363
2 1116 1115
2 1116 1218
2 1116 3944
2 3363 1218
2 3363 1115
2 3363 1117
2 1218 1117
2 1218 3293
2 2449 2452
2 2449 2450
2 2449 2455
2 2449 2456
2 2449 2451
2 2449 2453
2 2449 4048
2 1117 3293
2 1117 3294
2 1117 3295
2 1117 4049
2 3294 3293
2 3294 4049
2 3294 3295
2 3294 4050
2 3294 4051
2 1218 3294
2 3294 4052
2 4049 4051
2 4049 4050
2 4049 3293
2 4049 4053
2 4051 4053
2 4051 4050
2 4051 4054
2 4051 4055
2 3872 139
2 3872 3701
2 3609 3872
2 4053 4054
2 4053 4055
2 4053 4056
2 4053 4057
2 4053 4058
2 4053 4059
2 4054 4058
2 4054 4059
2 4054 4057
2 4054 4060
2 4054 4056
2 4058 4060
2 4058 4055
2 4058 4057
2 4058 4061
2 4058 4062
2 4058 4063
2 4060 4059
2 4060 4061
2 4060 4062
2 4060 4055
2 4060 4064
2 4060 4057
2 4060 4065
2 4062 4064
2 4062 4065
2 4062 4059
2 4062 4066
2 4062 4067
2 4062 4068
2 4064 4061
2 4064 4066
2 4064 4067
2 4064 4069
2 4064 4070
2 4064 4068
2 4071 4072
2 4071 4073
2 4071 4074
2 4071 4075
2 4071 4076
2 4071 4077
2 4071 4078
2 4071 4079
2 2981 2980
2 2981 4080
2 2981 809
2 2981 4081
2 2981 4082
2 2987 2985
2 2987 2986
2 2987 4083
2 2987 4084
2 2987 4085
2 2987 4086
2 2987 848
2 2986 2988
2 2986 848
2 2986 4085
2 2986 4087
2 2986 4083
2 2983 4088
2 2983 3057
2 2983 4089
2 2983 810
2 2983 4090
2 2983 2980
2 3057 4089
2 3057 3054
2 3057 4088
2 3057 814
2 3057 810
2 3059 3060
2 844 3059
2 3059 845
2 965 3135
2 965 4091
2 965 961
2 965 4092
2 965 4093
2 965 966
2 3138 4094
2 3138 1020
2 3138 4095
2 3138 4096
2 3138 4097
2 4098 4099
2 4098 4100
2 4098 4101
2 4098 4102
2 4098 3995
2 4103 3888
2 4103 4104
2 4103 3634
2 4103 3629
2 4103 4105
2 3628 4103
2 4106 4107
2 4106 4108
2 4106 4109
2 4106 4110
2 4111 4112
2 4111 4113
2 4113 4114
2 4113 4115
2 4113 4116
2 4113 4002
2 4113 3909
2 4114 4116
2 4114 4112
2 4114 3909
2 4114 4002
2 4099 4008
2 4099 4102
2 4099 4117
2 4099 4118
2 4099 4119
2 4099 4000
2 4116 3909
2 4116 3908
2 4116 4004
2 4116 3906
2 4116 4112
2 4008 4100
2 4008 4120
2 4008 4007
2 3908 3909
2 3908 4014
2 3908 4121
2 3908 3811
2 3908 4115
2 3908 3907
2 4114 3908
2 4014 4121
2 4014 3906
2 4014 3907
2 4014 4012
2 4014 3811
2 4014 3909
2 4014 4013
2 4012 3907
2 4012 4013
2 4012 3917
2 4012 3906
2 4012 3811
2 4011 4122
2 4011 4024
2 4011 4007
2 4122 4024
2 4122 4123
2 4122 4124
2 3922 4122
2 4125 4126
2 4125 4127
2 4125 4128
2 4125 4129
2 4024 4123
2 4024 4124
2 4024 4130
2 4131 4126
2 4131 4032
2 3744 4131
2 4123 4132
2 4123 4124
2 4011 4123
2 4123 4130
2 4133 4025
2 4133 4134
2 4027 3840
2 4027 4028
2 4027 3750
2 4027 4135
2 3930 3753
2 3930 4136
2 3930 4137
2 4138 3936
2 4138 4139
2 4131 4138
2 3666 4138
2 3933 4138
2 1020 4094
2 1020 4140
2 1020 1014
2 1020 4095
2 1020 3139
2 3222 1072
2 3222 4141
2 3222 4142
2 3222 1070
2 3222 1071
2 3222 3297
2 3224 4143
2 3224 1075
2 3224 4144
2 1175 3232
2 1175 3231
2 1175 1173
2 1175 4145
2 1175 1170
2 1175 4146
2 1175 4147
2 4148 4149
2 4148 4150
2 4148 4151
2 4148 4152
2 4148 4153
2 4148 4154
2 4148 4155
2 4148 4156
2 4148 4157
2 4150 4149
2 4150 4152
2 4150 4155
2 4150 4158
2 4150 4159
2 4150 4160
2 4150 4161
2 4152 4155
2 4152 4149
2 4152 4158
2 4152 4159
2 4152 4160
2 4152 4161
2 4155 4160
2 4155 4161
2 4155 4151
2 4155 4162
2 4155 4163
2 4160 4162
2 4160 4163
2 4160 4159
2 4160 4164
2 4160 4158
2 4160 4165
2 4160 4166
2 4163 4164
2 4163 4162
2 4163 4166
2 4163 4161
2 4163 4037
2 4163 4159
2 4163 4035
2 4166 4164
2 4166 4037
2 4166 4035
2 4166 4162
2 4166 4167
2 4166 4161
2 4035 4037
2 4035 4045
2 4035 4046
2 4035 4168
2 4035 4164
2 4035 4169
2 4035 4167
2 4035 4043
2 4046 4170
2 4046 4043
2 4046 4171
2 4046 4037
2 4046 4047
2 4046 4168
2 4046 4169
2 4170 4172
2 4170 4045
2 4170 4047
2 3943 4172
2 4172 3944
2 4172 4173
2 4172 4174
2 4046 4172
2 1294 3944
2 1294 1433
2 1294 1296
2 1294 4047
2 4174 4175
2 4174 4176
2 4174 4177
2 4174 4178
2 1216 4174
2 4174 3976
2 1114 4174
2 4048 2456
2 4048 2455
2 4048 4179
2 4048 2452
2 4048 4042
2 4048 2448
2 4176 4175
2 4176 4173
2 4176 4177
2 1114 4176
2 4176 3975
2 4176 3976
2 1216 4176
2 1116 4176
2 2456 2452
2 2456 2448
2 2456 4179
2 2456 4042
2 1115 3364
2 3229 4180
2 3229 3227
2 3229 1075
2 3229 4181
2 1076 3229
2 3229 4182
2 4050 3295
2 4050 4183
2 4050 4184
2 4050 4185
2 3963 3964
2 3963 4186
2 3963 4187
2 3963 3962
2 3963 4188
2 3963 3698
2 3869 3967
2 3869 4189
2 3869 4190
2 3869 3966
2 3869 4191
2 3869 4192
2 3223 4143
2 4143 1075
2 1076 4143
2 2619 2618
2 2619 4193
2 2619 4194
2 2619 4195
2 1743 2619
2 2617 135
2 2617 137
2 2617 139
2 4144 4196
2 4057 4197
2 4057 4055
2 4057 4059
2 4057 4063
2 4057 4198
2 4199 4200
2 4199 4201
2 4199 4202
2 4199 4067
2 4199 4203
2 4199 4204
2 4199 4205
2 4199 4065
2 4067 4201
2 4067 4066
2 4067 4061
2 4067 4068
2 4201 4200
2 4201 4206
2 4202 4205
2 4202 4204
2 4202 4206
2 4202 4207
2 4208 4209
2 4208 4210
2 4208 4211
2 4208 4212
2 4207 4205
2 4207 4212
2 4207 4200
2 4212 4213
2 4212 4214
2 4212 4215
2 4216 4214
2 4216 4213
2 4216 4209
2 4216 4217
2 4214 4218
2 4214 4219
2 4214 4220
2 4214 4221
2 4214 4215
2 4218 4217
2 4218 4222
2 4218 4223
2 4218 4224
2 4218 4213
2 4218 4220
2 4218 4225
2 4222 4223
2 4222 4226
2 4222 4219
2 4222 4225
2 4222 4227
2 4222 4228
2 4222 4229
2 4226 4229
2 4226 4224
2 4226 4227
2 4226 4230
2 4226 4223
2 4226 4228
2 4226 4219
2 4226 4231
2 4229 4230
2 4229 4227
2 4229 4232
2 4229 4233
2 4229 4228
2 4229 4234
2 4229 4231
2 4180 4181
2 4180 3227
2 4180 4182
2 4180 3295
2 4232 4230
2 4232 4233
2 4232 4227
2 4232 4234
2 4232 4235
2 4232 4236
2 3293 3295
2 1219 3293
2 4050 3293
2 3293 4052
2 4237 4235
2 4237 4238
2 4237 4239
2 4237 4230
2 4237 4240
2 4237 4233
2 4237 4241
2 4238 4235
2 4238 4242
2 4238 4243
2 4238 4244
2 4238 4241
2 4238 4245
2 4238 4246
2 4242 4243
2 4242 4239
2 4242 4244
2 4242 4245
2 4242 4235
2 4242 4247
2 4237 4242
2 4242 4241
2 3297 3296
2 3297 4142
2 3297 1184
2 3297 1182
2 3221 3297
2 3297 4141
2 3227 3226
2 3227 3291
2 3227 4182
2 3227 1075
2 3291 3299
2 3291 3226
2 3291 4248
2 3291 4249
2 3291 1075
2 1288 3686
2 3300 4249
2 3300 4250
2 3300 4251
2 3300 3226
2 3300 4252
2 4119 4102
2 4119 4117
2 4119 4118
2 4119 4120
2 4119 4253
2 4119 4101
2 4117 4118
2 4117 4120
2 4117 4253
2 4117 4100
2 4117 4254
2 4117 4101
2 4118 4253
2 4118 4102
2 4118 4255
2 4118 4100
2 4253 4255
2 4253 4256
2 4253 4102
2 4253 4257
2 4253 4258
2 4255 4256
2 4255 4259
2 4255 4258
2 4255 4260
2 4261 4262
2 4261 4263
2 4261 4264
2 4261 4265
2 4261 4266
2 4261 4129
2 4261 4267
2 4261 4128
2 4261 4268
2 4256 4258
2 4256 4257
2 4256 4130
2 4256 4124
2 4256 4260
2 4263 4262
2 4263 4264
2 4263 4266
2 4263 4129
2 4263 4128
2 4263 4269
2 4263 4265
2 4263 4126
2 4258 4130
2 4258 4124
2 4258 4257
2 4258 4270
2 4258 4271
2 4129 4128
2 4129 4264
2 4129 4126
2 4129 4262
2 4130 4259
2 4122 4130
2 4025 4134
2 4025 4272
2 4025 4273
2 4025 4274
2 4025 3924
2 4025 3748
2 3747 4025
2 4136 4137
2 4136 4031
2 4136 3929
2 3842 4136
2 4136 4275
2 4276 4139
2 4276 4031
2 4276 4277
2 4276 4278
2 3842 4276
2 4276 4279
2 4280 4281
2 4280 4282
2 4280 4283
2 4280 4284
2 4282 4285
2 4282 4286
2 4282 4287
2 4282 4288
2 4282 4289
2 4282 4290
2 4285 4287
2 4285 4291
2 4285 4292
2 4285 4293
2 4285 4286
2 3364 4294
2 3364 4295
2 3364 4296
2 3364 4185
2 1291 3364
2 4287 4292
2 4287 4297
2 4287 4298
2 4287 4291
2 4287 4299
2 1438 3336
2 1438 3333
2 4292 4298
2 4292 4299
2 4292 4300
2 4292 4301
2 4292 4297
2 3166 3158
2 4298 4300
2 4298 4301
2 4298 4293
2 4298 4302
2 4298 4303
2 4300 4302
2 4300 4304
2 4300 4293
2 4302 4304
2 4302 4299
2 4302 4305
2 4302 4306
2 3371 3375
2 3371 3437
2 3371 4307
2 3371 1113
2 3371 4308
2 4304 4305
2 4304 4309
2 4304 4301
2 4304 4154
2 4304 4299
2 4304 4306
2 3158 4310
2 3158 3156
2 4305 4154
2 4305 4311
2 4305 4156
2 4305 4301
2 3375 3373
2 3375 4312
2 3375 3437
2 4148 4313
2 4304 4313
2 4313 4314
2 4313 4311
2 4313 4149
2 4313 4315
2 4154 4156
2 4154 4311
2 4154 4157
2 4154 4309
2 4158 4161
2 4158 4151
2 4158 4316
2 4158 4165
2 4158 4317
2 4318 4319
2 4318 4320
2 4318 4161
2 4318 4162
2 4163 4318
2 4160 4318
2 4318 4321
2 4319 4320
2 4319 4322
2 4319 4323
2 4319 4324
2 4319 4325
2 4319 4326
2 4165 4167
2 4165 4161
2 4165 4159
2 4165 4169
2 4320 4322
2 4320 4323
2 4320 4325
2 4167 4169
2 4167 4168
2 4167 4037
2 4167 4327
2 4322 4323
2 4322 4325
2 4322 4328
2 4322 4329
2 4322 4178
2 4168 4169
2 4168 4037
2 4168 4330
2 4168 4327
2 4168 4036
2 4168 4331
2 4168 4045
2 4325 4328
2 4325 4332
2 4325 4178
2 4333 4334
2 4333 4335
2 4333 4336
2 4329 4328
2 4329 4178
2 4329 4332
2 4329 4323
2 4329 4337
2 4329 4324
2 4329 4326
2 4338 1296
2 4338 1433
2 4338 4044
2 4338 4045
2 4168 4338
2 4338 4169
2 4046 4338
2 4332 4337
2 4332 4328
2 4332 3976
2 4332 4177
2 4332 4323
2 4332 3975
2 1296 1433
2 1296 4044
2 1296 1292
2 1296 4339
2 1296 4047
2 4336 4340
2 4336 4341
2 4336 4342
2 4336 4343
2 4336 4344
2 4336 4345
2 4336 4334
2 4337 3976
2 4337 3975
2 4337 4178
2 4337 3982
2 4337 4177
2 4337 4328
2 4337 4346
2 4340 4335
2 4340 4342
2 4340 4347
2 4340 4348
2 4340 4349
2 4340 4341
2 4340 4350
2 3976 3975
2 3976 3982
2 3976 3974
2 3976 4178
2 3976 4175
2 1292 1295
2 1294 1292
2 1292 1433
2 1118 1292
2 1115 1292
2 4342 4348
2 4342 4349
2 4342 4335
2 3975 3974
2 3975 3230
2 3228 3975
2 3975 4175
2 3975 4177
2 4348 4347
2 4348 4350
2 4348 4351
2 4348 138
2 4348 4352
2 3974 3982
2 3974 3230
2 3974 3225
2 4353 4349
2 4353 138
2 4353 4352
2 4353 4351
2 4353 137
2 3230 3225
2 3230 3982
2 3230 1075
2 138 4350
2 138 137
2 138 4349
2 138 135
2 138 4347
2 3225 1075
2 4295 4294
2 4295 4296
2 4295 4185
2 4295 4052
2 4295 4354
2 4295 4355
2 4295 4356
2 4295 4184
2 1075 3226
2 4184 4356
2 4184 4183
2 4184 4185
2 4184 4354
2 4184 4052
2 4184 4296
2 4184 4355
2 4184 4056
2 4186 4357
2 4186 4358
2 4186 4188
2 4186 3962
2 4186 4187
2 4189 3967
2 4189 4190
2 4189 3868
2 4189 4192
2 4189 4359
2 4189 4191
2 4189 4360
2 4189 4361
2 4198 4362
2 4198 4197
2 4198 4363
2 4198 4364
2 4198 4068
2 4198 4365
2 4198 4066
2 4198 4059
2 4362 4068
2 4362 4365
2 4362 4066
2 4362 4197
2 4362 4061
2 4362 4065
2 4366 4069
2 4211 4210
2 4211 4367
2 4211 4368
2 4211 4369
2 4211 4370
2 4211 4371
2 4211 4372
2 4373 4374
2 4373 4225
2 4373 4375
2 4373 4376
2 4373 4377
2 4373 4378
2 4373 4215
2 4231 4228
2 4231 4379
2 4231 4234
2 4231 4227
2 4231 4233
2 4231 4380
2 4234 4379
2 4234 4233
2 4234 4236
2 4234 4228
2 4234 4381
2 4234 4246
2 4234 4240
2 4234 4382
2 4236 4381
2 4236 4241
2 4236 4233
2 4236 4383
2 4236 4235
2 4236 4246
2 3436 1540
2 3436 3493
2 4241 4240
2 4241 4235
2 4241 4245
2 4241 4247
2 4241 4381
2 4241 4244
2 4245 4247
2 4245 4244
2 4245 4384
2 4245 4385
2 4245 4235
2 4245 4243
2 4245 4240
2 1548 1540
2 1548 3373
2 3489 3491
2 3489 3554
2 3489 1432
2 3489 4386
2 3489 4387
2 3496 3497
2 3496 3502
2 3496 2977
2 3496 3501
2 3496 4388
2 3496 4389
2 3491 3490
2 3491 3553
2 3491 4390
2 3491 3552
2 3491 4391
2 4392 4393
2 4392 4394
2 4392 4395
2 4396 4397
2 4396 4398
2 4396 3997
2 4396 4399
2 4396 4400
2 3890 4396
2 4396 3996
2 4401 4402
2 4401 4403
2 4401 4104
2 4109 4110
2 4109 4268
2 4109 4267
2 4109 4265
2 4109 4404
2 4109 4405
2 4109 4406
2 4109 4107
2 4109 4108
2 4407 4408
2 4407 4409
2 4407 4410
2 4407 4411
2 4407 4395
2 4407 4412
2 4268 4110
2 4268 4405
2 4268 4406
2 4268 4404
2 4409 4413
2 4409 4411
2 4405 4110
2 4405 4267
2 4405 4404
2 4405 4108
2 4405 4414
2 4413 4415
2 4413 4416
2 4413 4417
2 4413 4270
2 4413 4271
2 4416 4270
2 4416 4271
2 4416 4418
2 4416 4419
2 4416 4420
2 4416 4421
2 4271 4421
2 4271 4270
2 4271 4415
2 4271 4422
2 4271 4420
2 4423 4424
2 4423 4414
2 4423 4425
2 4423 4426
2 4423 4427
2 4423 4428
2 4421 4422
2 4421 4270
2 4421 4429
2 4421 4417
2 4421 4415
2 4424 4428
2 4424 4430
2 4424 4279
2 4424 4414
2 4422 4429
2 4422 4431
2 4422 4419
2 4422 4432
2 4422 4433
2 4422 4434
2 4422 4270
2 4428 4279
2 4428 4278
2 4428 4430
2 4428 4277
2 4429 4431
2 4429 4432
2 4429 4435
2 4429 4433
2 4429 4436
2 4429 4437
2 4429 4438
2 4431 4435
2 4431 4436
2 4431 4438
2 4431 4439
2 4431 4440
2 4436 4435
2 4436 4440
2 4436 4441
2 4436 4438
2 4436 4439
2 4436 4433
2 4436 4432
2 4436 4442
2 4441 4440
2 4441 4443
2 4441 4442
2 4441 4435
2 4441 4284
2 4441 4438
2 4441 4439
2 4441 4283
2 4444 4031
2 4444 4445
2 4444 4275
2 3930 4444
2 4444 4446
2 4447 4448
2 4447 4449
2 4447 4450
2 4447 4451
2 4441 4447
2 4447 4440
2 4443 4440
2 4443 4283
2 4443 4442
2 4443 4452
2 4436 4443
2 4443 4438
2 4443 4281
2 4448 4453
2 4448 4450
2 4448 4281
2 4448 4449
2 4283 4281
2 4283 4450
2 4283 4288
2 4450 4286
2 4450 4284
2 4297 4290
2 4297 4289
2 4297 4454
2 4297 4455
2 3502 3501
2 3502 3503
2 3502 1627
2 3502 3498
2 3502 3497
2 3502 1624
2 3502 4456
2 4457 4458
2 4457 4459
2 4457 4460
2 4457 4461
2 4457 4462
2 4457 4463
2 4457 4464
2 4457 4465
2 4457 4466
2 3504 3557
2 3504 3556
2 3504 4467
2 3504 1625
2 3504 3501
2 3504 1627
2 4458 4466
2 4458 4460
2 4458 4468
2 4458 4469
2 4458 4461
2 4458 4464
2 4293 4470
2 4293 4303
2 4293 4299
2 3555 4471
2 3555 4472
2 3555 4467
2 1619 3555
2 4466 4462
2 4466 4463
2 4466 4473
2 4466 4474
2 3552 4390
2 3552 3614
2 4469 4474
2 4469 4463
2 4469 4462
2 4469 4475
2 4469 4476
2 4474 4477
2 4474 4473
2 4474 4468
2 4474 4478
2 4474 4479
2 4475 4314
2 4475 4468
2 4466 4475
2 4309 4306
2 4309 4311
2 4309 4480
2 4478 4314
2 4478 4315
2 4478 4477
2 4478 4481
2 4469 4478
2 4478 4482
2 4314 4315
2 4314 4481
2 4314 4482
2 4314 4483
2 4474 4314
2 4314 4477
2 4315 4481
2 4315 4482
2 4315 4483
2 4315 4321
2 4475 4315
2 4315 4153
2 4482 4483
2 4482 4321
2 4313 4482
2 4475 4482
2 4482 4153
2 4157 4484
2 4157 4485
2 4157 4317
2 4157 4316
2 4157 4486
2 4157 4487
2 4157 4488
2 4483 4321
2 4483 4481
2 4478 4483
2 4318 4483
2 4313 4483
2 4483 4153
2 4321 4481
2 4319 4321
2 4314 4321
2 4320 4321
2 4478 4321
2 4316 4485
2 4316 4486
2 4316 4484
2 4316 4487
2 4316 4488
2 4316 4159
2 3495 4489
2 3495 4490
2 3495 4491
2 3613 3614
2 3613 1635
2 3613 4492
2 3552 3613
2 3613 3553
2 3613 4493
2 1554 3613
2 3613 1553
2 4327 4494
2 4327 4495
2 4327 4169
2 4327 4496
2 4327 4497
2 4327 4331
2 4498 4499
2 4498 4500
2 4498 4501
2 4325 4498
2 4339 4494
2 4339 4496
2 4327 4339
2 4339 4497
2 4339 1555
2 4502 4503
2 4502 4504
2 4502 4505
2 4502 4506
2 4502 4346
2 4502 4501
2 4502 4507
2 4508 4509
2 4508 4510
2 4508 4511
2 4508 4351
2 4508 4512
2 4508 4489
2 4508 4490
2 4508 4513
2 4508 4491
2 4503 4506
2 4503 4346
2 4503 4514
2 4503 4507
2 4503 4515
2 4503 4505
2 4510 4351
2 4510 4347
2 4510 4511
2 4342 4510
2 4510 4349
2 4510 4512
2 4348 4510
2 4506 4507
2 4506 4504
2 4506 4516
2 4506 4514
2 4337 4506
2 4507 4516
2 4507 4504
2 4507 4517
2 1295 1432
2 3489 1295
2 1295 3490
2 1296 1295
2 3364 1295
2 4516 4517
2 4516 3983
2 4517 3983
2 4517 4515
2 4517 3979
2 4517 4518
2 4517 3978
2 3980 4517
2 3983 4518
2 3983 3979
2 3983 3978
2 4518 3979
2 4518 3978
2 4518 3984
2 4518 3985
2 4518 3981
2 3226 3299
2 3226 4249
2 4355 4519
2 4355 4354
2 4355 4296
2 4355 4520
2 4355 4521
2 4355 4356
2 4355 4185
2 4355 4522
2 4359 4192
2 4359 4361
2 4359 3967
2 4359 4523
2 4359 4190
2 4365 4363
2 4365 4524
2 4365 4068
2 4365 4525
2 4365 4066
2 4365 4526
2 4527 4369
2 4527 4528
2 4527 4367
2 4527 4529
2 4211 4527
2 4527 4530
2 4527 4371
2 4531 4369
2 4371 4532
2 4371 4533
2 4371 4377
2 4377 4374
2 4377 4534
2 4377 4532
2 4377 4375
2 4377 4535
2 4377 4536
2 4377 4537
2 4378 4375
2 4378 4538
2 4378 4539
2 4378 4540
2 4378 4541
2 4378 4542
2 4378 4374
2 4378 4537
2 4539 4380
2 4539 4542
2 4539 4375
2 4539 4543
2 4539 4544
2 4231 4539
2 4380 4382
2 4380 4538
2 4380 4379
2 4380 4545
2 4382 4383
2 4382 4379
2 624 539
2 4383 4381
2 4383 4546
2 4383 4547
2 4383 4240
2 4383 4384
2 4383 4379
2 1615 1617
2 1615 4548
2 1615 4549
2 1615 4550
2 1615 4551
2 1615 4552
2 4546 4385
2 4546 4381
2 4546 4553
2 4546 4240
2 4236 4546
2 4385 4384
2 4241 4385
2 4385 4244
2 4385 4381
2 4383 4385
2 4385 4240
2 4554 1618
2 4554 1617
2 4554 4549
2 4554 4491
2 4554 4550
2 4554 4489
2 310 315
2 310 253
2 252 310
2 896 897
2 896 1107
2 896 1108
2 886 889
2 886 890
2 998 886
2 886 997
2 889 997
2 889 890
2 997 999
2 997 890
2 997 1094
2 4393 4394
2 4393 4555
2 4393 4556
2 4393 4395
2 4393 4557
2 4393 4558
2 4393 4410
2 4394 4395
2 4394 4410
2 4394 4559
2 4394 4555
2 4394 4557
2 4394 4408
2 4394 4560
2 4394 4411
2 4410 4408
2 4410 4411
2 4410 4561
2 4410 4557
2 4410 4412
2 4411 4412
2 4411 4562
2 4563 4562
2 4563 4412
2 4563 4561
2 4418 4564
2 4418 4415
2 4418 4562
2 4565 4566
2 4416 4565
2 4417 4415
2 4434 4567
2 4271 4434
2 4434 4415
2 4416 4434
2 4419 4420
2 4419 4415
2 4428 4568
2 4437 4569
2 4437 4570
2 4437 4571
2 4437 4572
2 4431 4437
2 4445 4573
2 4445 4446
2 4445 4137
2 4433 4438
2 4433 4439
2 4433 4574
2 4433 4575
2 4433 4576
2 4433 4435
2 4451 4449
2 4451 4577
2 4451 4578
2 4451 4579
2 4451 4580
2 4451 4581
2 4451 4582
2 4438 4439
2 4438 4574
2 4438 4442
2 4438 4575
2 4438 4432
2 4449 4583
2 4449 4453
2 4449 4578
2 4449 4577
2 4442 4440
2 4442 4574
2 4442 4575
2 4584 4585
2 4584 4586
2 4584 4587
2 4584 4588
2 4584 4465
2 4584 4589
2 4584 4464
2 4584 4590
2 4584 4461
2 4587 4465
2 4587 4464
2 4587 4585
2 4587 4461
2 4587 4460
2 4587 4588
2 4587 4589
2 999 1094
2 999 1204
2 889 999
2 999 890
2 4465 4461
2 4465 4586
2 4465 4460
2 4465 4585
2 4465 4462
2 4290 4454
2 4290 4455
2 4290 4591
2 4290 4592
2 4290 4593
2 4461 4460
2 4461 4464
2 4461 4462
2 4461 4463
2 4461 4586
2 3678 2964
2 3678 2808
2 1930 3678
2 2808 3434
2 2808 2963
2 1886 2808
2 4463 4468
2 4463 4460
2 4463 4479
2 3434 3124
2 3434 3126
2 4303 4594
2 4303 4595
2 4303 4596
2 4303 4597
2 4473 4476
2 4473 4468
2 4473 4479
2 4463 4473
2 4306 4480
2 4306 4594
2 4306 4596
2 4306 4597
2 4306 4595
2 4484 4487
2 4484 4486
2 4484 4488
2 4484 4598
2 4484 4317
2 4484 4599
2 4486 4488
2 4486 4487
2 4486 4317
2 4486 4600
2 4486 4601
2 4486 4598
2 4602 4603
2 4602 4604
2 4602 4605
2 4602 4497
2 4602 3793
2 4602 4606
2 4602 3792
2 4495 4497
2 4495 4603
2 4495 4607
2 4495 4496
2 4495 3793
2 4495 4606
2 4495 1556
2 4501 4514
2 4501 4608
2 4501 4609
2 4501 4610
2 4501 4611
2 4501 4612
2 4499 4500
2 4499 4610
2 4499 4324
2 4499 4613
2 4496 4497
2 4496 4494
2 4496 1556
2 4496 3793
2 4496 1555
2 4496 4606
2 4496 4607
2 4505 4514
2 4505 4504
2 4505 4611
2 4505 4614
2 4505 4609
2 4491 4490
2 4491 4615
2 4491 4489
2 4491 4616
2 4491 4511
2 4491 4509
2 4615 4616
2 4615 4490
2 4615 4617
2 4615 4489
2 4615 4618
2 4615 4619
2 4615 4620
2 4615 4621
2 4616 4617
2 4616 4621
2 4616 4622
2 4616 4620
2 4616 4623
2 1432 3490
2 3491 1432
2 1292 1432
2 1432 3492
2 1432 3554
2 4617 4621
2 4617 4618
2 4617 4624
2 4617 4622
2 4617 4623
2 4617 4625
2 4617 4620
2 4626 3981
2 4626 3985
2 4626 4627
2 4626 4628
2 4626 4629
2 4626 3978
2 4626 3979
2 4626 4630
2 4624 4621
2 4624 4625
2 4624 4631
2 4624 4619
2 4624 4618
2 3981 3978
2 3981 4632
2 3981 3979
2 3981 4629
2 3981 4627
2 3983 3981
2 4631 4625
2 4631 4623
2 4631 4633
2 4631 4634
2 4631 4635
2 4631 4622
2 4631 4621
2 4617 4631
2 3978 3979
2 3978 3984
2 4634 4636
2 4634 4625
2 4634 4191
2 4634 4623
2 4634 4633
2 4634 4622
2 4624 4634
2 3984 3374
2 4636 4360
2 4631 4636
2 4636 4625
2 4636 4623
2 4189 4636
2 3299 4250
2 3299 4251
2 1076 3299
2 4637 4638
2 4637 4249
2 4637 4639
2 4637 4248
2 3227 4637
2 4637 4640
2 4520 4519
2 4520 4641
2 4520 4642
2 4520 4643
2 4520 4354
2 4520 4644
2 4522 4644
2 4522 4642
2 4522 4645
2 4522 4519
2 4522 4354
2 4361 4190
2 4361 4523
2 4636 4361
2 4524 4646
2 4524 4647
2 4524 4648
2 4524 4529
2 4528 4649
2 4528 4530
2 4528 4648
2 4528 4650
2 4528 4646
2 4528 4369
2 4651 4652
2 4651 4370
2 4651 4653
2 4651 4654
2 4651 4655
2 4651 4656
2 4657 4532
2 4657 4533
2 4657 4658
2 4657 4659
2 4657 4660
2 4532 4534
2 4532 4661
2 4532 4376
2 4532 4662
2 4532 4536
2 4534 4541
2 4534 4376
2 4534 4535
2 4534 4374
2 4541 4536
2 4541 4540
2 4541 4542
2 4541 4376
2 4542 4663
2 4542 4538
2 4542 4375
2 4542 4664
2 4544 4545
2 4544 4538
2 4544 4663
2 4545 4543
2 4545 4547
2 4545 4553
2 4383 4545
2 4539 4545
2 4542 4545
2 3124 3126
2 3433 3435
2 3125 3545
2 3545 3126
2 3545 3288
2 2227 3423
2 2227 3285
2 2778 2781
2 2778 2234
2 2778 2784
2 2234 2781
2 2234 2784
2 4665 4666
2 4665 4667
2 4665 4556
2 4665 4668
2 4665 4558
2 4665 4669
2 4665 4670
2 4665 4671
2 4666 4556
2 4666 4672
2 4666 4558
2 4666 4560
2 4393 4666
2 4666 4667
2 4666 4559
2 4666 4671
2 4556 4558
2 4556 4560
2 4556 4559
2 4556 4555
2 4556 4673
2 4560 4559
2 4561 4408
2 4561 4412
2 4561 4562
2 4561 4395
2 4561 4674
2 4675 4566
2 4675 4676
2 4675 4677
2 4675 4678
2 4675 4567
2 4565 4675
2 4562 4674
2 4562 4564
2 4562 4679
2 4562 4408
2 4680 4681
2 4680 4682
2 4680 4683
2 4680 4684
2 4680 4403
2 4680 4685
2 4680 4427
2 4680 4402
2 4680 4414
2 4566 4686
2 4566 4687
2 4566 4676
2 4434 4566
2 4567 4686
2 4567 4688
2 4417 4567
2 4567 4687
2 4686 4688
2 4686 4572
2 4686 4689
2 4675 4686
2 4572 4690
2 4572 4691
2 4572 4692
2 4572 4693
2 4572 4694
2 4572 4580
2 4572 4695
2 4690 4693
2 4690 4691
2 4690 4580
2 4690 4696
2 4690 4697
2 4690 4577
2 4580 4693
2 4580 4577
2 4580 4698
2 4580 4578
2 4580 4695
2 4580 4697
2 4580 4583
2 4580 4691
2 4578 4583
2 4578 4579
2 4578 4698
2 4578 4693
2 4578 4695
2 4574 4575
2 4574 4439
2 4574 4699
2 4574 4700
2 4574 4432
2 4574 4576
2 4579 4582
2 4579 4581
2 4579 4577
2 4580 4579
2 4579 4590
2 4701 4702
2 4701 4699
2 4701 4700
2 4433 4701
2 4703 4704
2 4703 4705
2 4703 4706
2 4703 4707
2 4703 4274
2 4703 4708
2 4703 4709
2 4703 4710
2 4703 4711
2 4582 4590
2 4582 4589
2 4582 4583
2 4578 4582
2 4582 4588
2 4590 4589
2 4590 4588
2 4590 4581
2 4590 4585
2 4590 4583
2 4449 4590
2 4588 4589
2 4588 4585
2 4588 4581
2 4588 4586
2 4579 4588
2 4593 4712
2 4593 4591
2 4593 4592
2 4593 4713
2 4593 4455
2 4593 4714
2 4593 4715
2 4454 4591
2 4454 4592
2 4454 4715
2 4454 4714
2 2776 2774
2 2779 2776
2 2778 2776
2 2603 2774
2 2236 2774
2 2315 2774
2 4476 4716
2 4476 4717
2 4594 4596
2 4594 4597
2 4594 4718
2 4480 4596
2 4480 4597
2 4480 4718
2 4480 4719
2 4488 4487
2 4488 4600
2 4488 4601
2 4488 4599
2 4488 4598
2 4488 4485
2 4488 4720
2 4603 4605
2 4603 4604
2 4603 3793
2 4603 4497
2 4603 3792
2 4496 4603
2 4603 3791
2 3793 1556
2 3793 4606
2 3793 4497
2 3793 3792
2 3793 3791
2 3793 1555
2 3793 4605
2 1555 1551
2 1555 4497
2 1555 1550
2 4608 4614
2 4608 4611
2 4608 4612
2 4608 4609
2 4608 4630
2 4608 4721
2 1551 3492
2 1551 3792
2 1551 3791
2 4496 1551
2 4614 4630
2 4614 4722
2 4614 4628
2 4614 4627
2 4614 4723
2 4614 4612
2 4614 4721
2 4630 4628
2 4630 4627
2 4630 4629
2 4630 4632
2 4630 4723
2 4620 4552
2 4620 4618
2 4620 4550
2 4620 4549
2 4620 4619
2 4620 4621
2 4620 4622
2 4628 4627
2 4628 4722
2 4628 4629
2 4628 4632
2 4628 4724
2 3981 4628
2 4629 4627
2 4629 4724
2 4629 4722
2 4629 3985
2 4622 4623
2 4622 4619
2 4622 4621
2 4622 4625
2 4622 4633
2 4622 4618
2 4724 4627
2 4724 4725
2 4724 4632
2 4626 4724
2 4724 4726
2 4633 4625
2 4633 4727
2 4633 4623
2 4633 4621
2 4633 4619
2 4617 4633
2 4727 4625
2 4631 4727
2 4624 4727
2 4727 4523
2 4727 4623
2 4622 4727
2 4727 4621
2 4634 4727
2 4728 4729
2 4728 4725
2 4728 3883
2 4728 3881
2 4728 4730
2 4728 4726
2 4731 4643
2 4731 4641
2 4731 4732
2 4731 4387
2 4520 4731
2 4731 4521
2 4731 4519
2 4731 4733
2 4731 4642
2 4248 4251
2 3226 4248
2 4248 4640
2 4523 4734
2 4523 4735
2 4523 4736
2 4523 4188
2 4642 4641
2 4642 4733
2 4642 4645
2 4642 4521
2 4737 4734
2 4737 4736
2 4645 4644
2 4645 4738
2 4645 4733
2 4645 4641
2 4645 4521
2 4645 4526
2 4526 4525
2 4526 4739
2 4526 4740
2 4526 4741
2 4526 4742
2 4526 4743
2 4526 4744
2 4646 4648
2 4646 4745
2 4646 4746
2 4646 4649
2 4646 4529
2 4646 4647
2 4649 4648
2 4649 4529
2 4649 4650
2 4649 4746
2 4649 4530
2 4649 4747
2 4649 4745
2 4530 4650
2 4530 4659
2 4530 4658
2 4530 4529
2 4530 4533
2 4530 4648
2 4530 4747
2 4658 4659
2 4658 4662
2 4658 4661
2 4658 4650
2 4658 4747
2 4658 4529
2 4661 4662
2 4661 4533
2 4661 4748
2 4661 4659
2 4661 4660
2 4530 4661
2 4660 4749
2 4660 4750
2 4660 4748
2 4660 4751
2 4660 4752
2 4532 4660
2 4534 4660
2 4750 4535
2 4750 4749
2 4750 4664
2 4750 4663
2 4750 4751
2 4750 4536
2 4534 4750
2 4664 4749
2 4664 4540
2 4660 4664
2 854 856
2 854 852
2 854 4753
2 854 4754
2 854 855
2 854 3058
2 854 4755
2 913 912
2 913 3990
2 913 4756
2 913 4757
2 913 4758
2 913 909
2 913 3991
2 913 4759
2 852 853
2 852 855
2 852 4760
2 852 856
2 852 4753
2 852 4761
2 4756 912
2 4756 4762
2 4756 4763
2 4756 3990
2 4756 4757
2 4756 4764
2 849 843
2 849 4758
2 849 4763
2 849 4764
2 849 847
2 849 912
2 913 849
2 4761 812
2 4761 808
2 4761 4765
2 4761 4766
2 4761 811
2 4761 4760
2 4668 4667
2 4668 4767
2 4668 4768
2 4668 4672
2 4668 4769
2 4668 4770
2 4668 4771
2 4667 4672
2 4667 4670
2 4667 4767
2 4667 4768
2 4672 4670
2 4672 4769
2 4556 4672
2 4671 4772
2 4671 4773
2 4772 4774
2 4558 4673
2 4558 4559
2 4775 4776
2 4775 4777
2 4775 4677
2 4775 4774
2 4775 4778
2 4779 4780
2 4779 4781
2 4779 4782
2 4779 4254
2 4779 4783
2 4779 4784
2 4677 4678
2 4677 4785
2 4685 4403
2 4685 4682
2 4685 4786
2 4685 4787
2 4685 4681
2 4676 4678
2 4676 4778
2 4676 4687
2 4676 4774
2 4679 4788
2 4679 4789
2 4679 4412
2 4679 4790
2 4679 4791
2 4679 4564
2 4411 4679
2 4403 4786
2 4403 4787
2 4403 4682
2 4403 4681
2 4678 4687
2 4678 4792
2 4678 4688
2 4678 4778
2 4787 4793
2 4787 4402
2 4787 4794
2 4787 4795
2 4787 4796
2 4687 4688
2 4687 4689
2 4687 4792
2 4793 4794
2 4793 4786
2 4793 4796
2 4793 4797
2 4793 4402
2 4793 4798
2 4688 4689
2 4688 4694
2 4688 4692
2 4688 4799
2 4688 4800
2 4801 4802
2 4801 4420
2 4801 4803
2 4801 4564
2 4801 4270
2 4418 4801
2 4801 4804
2 4417 4801
2 4419 4801
2 4794 4796
2 4794 4797
2 4794 4798
2 4794 4805
2 4689 4694
2 4689 4692
2 4689 4799
2 4689 4696
2 4689 4691
2 4797 4796
2 4797 4806
2 4797 4805
2 4797 4807
2 4797 4808
2 4797 4809
2 4797 4810
2 4694 4692
2 4694 4696
2 4694 4799
2 4694 4691
2 4694 4697
2 4690 4694
2 4694 4811
2 4805 4810
2 4805 4796
2 4805 4710
2 4805 4808
2 4696 4691
2 4696 4697
2 4696 4693
2 4696 4799
2 4809 4711
2 4809 4806
2 4809 4796
2 4809 4710
2 4697 4693
2 4697 4812
2 4813 4576
2 4813 4700
2 4813 4814
2 4813 4815
2 4813 4575
2 4574 4813
2 4813 4699
2 4698 4816
2 4698 4817
2 4570 4569
2 4570 4571
2 4570 4818
2 4570 4819
2 4570 4820
2 4570 4821
2 4570 4695
2 4576 4700
2 4576 4814
2 4576 4815
2 4576 4699
2 4576 4575
2 4576 4822
2 4576 4823
2 4699 4700
2 4699 4575
2 4699 4822
2 4699 4823
2 4699 4814
2 812 4824
2 812 808
2 812 4766
2 812 807
2 4825 4826
2 4825 4827
2 4825 4828
2 4825 4829
2 4825 4830
2 4825 4077
2 4825 4072
2 4825 4078
2 4831 4592
2 4831 4714
2 4831 4591
2 4831 4715
2 4831 4832
2 4831 4713
2 4831 4455
2 4592 4591
2 4592 4714
2 4592 4712
2 4592 4455
2 4592 4833
2 4834 4835
2 4834 4836
2 4834 4837
2 4834 4838
2 4834 4839
2 4834 4840
2 4834 4074
2 4834 4841
2 4834 4842
2 4843 4844
2 4843 4845
2 4843 4846
2 4843 4847
2 4843 4848
2 4843 4849
2 4843 3987
2 4843 4850
2 2515 2517
2 2515 2519
2 2517 2519
2 4596 4718
2 4596 4719
2 4596 4851
2 4596 4852
2 2521 2522
2 2521 2904
2 2421 2524
2 2421 2909
2 2421 2522
2 4599 4600
2 4599 4601
2 4599 4853
2 4599 4487
2 4599 4854
2 4599 4720
2 4601 4600
2 4601 4720
2 4601 4598
2 4601 4487
2 4601 4855
2 4601 4853
2 4605 4604
2 4605 4606
2 4605 3791
2 4605 3792
2 4605 4856
2 4605 4857
2 4605 4858
2 4721 4859
2 4721 4860
2 4721 4609
2 4721 4611
2 4721 4861
2 3791 3792
2 3791 4857
2 3791 1556
2 3791 4856
2 3791 4606
2 4860 4861
2 4860 4723
2 4860 4862
2 4860 4863
2 4860 4612
2 4860 4859
2 4860 4864
2 4860 4865
2 1614 1617
2 1614 4549
2 1614 4550
2 1614 4548
2 1614 4552
2 4723 4861
2 4723 4862
2 4723 4865
2 4723 4722
2 4723 4866
2 1550 3492
2 1550 1553
2 1550 1556
2 3791 1550
2 1617 4549
2 1617 4550
2 1617 4552
2 4620 1617
2 1617 4548
2 3492 3490
2 3491 3492
2 1555 3492
2 4550 4552
2 4550 1618
2 4550 4618
2 4550 4619
2 3490 3554
2 3490 3553
2 3490 4390
2 4726 4730
2 4726 4725
2 4726 4729
2 4726 4867
2 4726 4868
2 4725 4730
2 4725 4729
2 4725 4867
2 4725 4869
2 4725 4870
2 4725 3883
2 4732 4386
2 4732 4871
2 4732 4643
2 4732 4391
2 4872 4734
2 4872 4873
2 4872 4874
2 4872 4875
2 4872 4876
2 4872 4877
2 4872 4878
2 4729 4730
2 4729 4879
2 4729 4869
2 4736 4880
2 4736 4877
2 4736 4878
2 4736 4873
2 4736 4358
2 3374 3977
2 3978 3374
2 3374 3979
2 3374 3881
2 4250 4252
2 4250 4640
2 3291 4250
2 4733 4881
2 4733 4738
2 4733 4641
2 4733 4644
2 4733 4882
2 4733 4883
2 4733 4884
2 4885 4882
2 4885 4886
2 4885 4881
2 4885 4884
2 4733 4885
2 4885 4887
2 4738 4882
2 4738 4884
2 4738 4641
2 4739 4525
2 4739 4740
2 4739 4741
2 4739 4742
2 4739 4744
2 4739 4887
2 4739 4743
2 4743 4647
2 4743 4888
2 4743 4525
2 4743 4740
2 4743 4889
2 4743 4745
2 4647 4745
2 4647 4890
2 4647 4744
2 4647 4746
2 4647 4648
2 4745 4746
2 4745 4648
2 4746 4648
2 4746 4890
2 4746 4650
2 4746 4529
2 4530 4746
2 4528 4746
2 4653 4654
2 4653 4652
2 4653 4656
2 4653 4752
2 4653 4891
2 4653 4751
2 4653 4892
2 4656 4655
2 4656 4751
2 4656 4652
2 4656 4654
2 4656 4749
2 4660 4656
2 4751 4749
2 4751 4655
2 4751 4535
2 2525 3066
2 2326 2525
2 2322 2525
2 2421 2525
2 2419 2525
2 2318 2602
2 2318 2758
2 2235 2607
2 2235 3258
2 2235 3085
2 2475 2471
2 2475 2066
2 2259 2475
2 2609 2475
2 2599 2475
2 2228 3534
2 2228 3532
2 2221 2613
2 2217 2672
2 4893 4771
2 4893 4770
2 4893 4768
2 4893 4894
2 4893 4767
2 4893 4895
2 4893 4896
2 4893 4897
2 4770 4771
2 4770 4768
2 4770 4767
2 4770 4896
2 4770 4897
2 4770 4670
2 4770 4898
2 4767 4768
2 4767 4670
2 4767 4771
2 4767 4896
2 4767 4897
2 4670 4768
2 4670 4771
2 4670 4896
2 4773 4785
2 4773 4899
2 4773 4774
2 4785 4774
2 4785 4899
2 4785 4778
2 4785 4900
2 4673 4901
2 4673 4790
2 4774 4792
2 4774 4902
2 4778 4792
2 4778 4903
2 4790 4791
2 4790 4789
2 4790 4904
2 4790 4901
2 4790 4674
2 4792 4903
2 4792 4902
2 4792 4905
2 4789 4791
2 4789 4674
2 4789 4904
2 4789 4412
2 4789 4906
2 4562 4789
2 4903 4905
2 4903 4907
2 4903 4908
2 4905 4908
2 4905 4800
2 4905 4811
2 4905 4799
2 4798 4909
2 4798 4808
2 4798 4910
2 4798 4796
2 4798 4806
2 4797 4798
2 4908 4907
2 4908 4811
2 4908 4911
2 4908 4799
2 4908 4912
2 4908 4913
2 4811 4799
2 4811 4913
2 4811 4907
2 4811 4692
2 4806 4796
2 4806 4808
2 4806 4807
2 4913 4914
2 4913 4800
2 4694 4913
2 4913 4907
2 4913 4915
2 4914 4915
2 4914 4916
2 4816 4817
2 4580 4816
2 4816 4693
2 4814 4815
2 4814 4700
2 4814 4822
2 4814 4917
2 4814 4918
2 4814 4919
2 4814 4823
2 4822 4823
2 4822 4919
2 4822 4815
2 4822 4700
2 4822 4702
2 4822 4920
2 4921 4702
2 4921 4920
2 4921 4919
2 4699 4921
2 4921 4700
2 4921 4918
2 4715 4922
2 4715 4832
2 4715 4923
2 4715 4924
2 4922 4833
2 4922 4925
2 4922 4926
2 4927 4928
2 4927 4929
2 4927 4930
2 4927 4931
2 4927 4932
2 4927 4933
2 4927 4934
2 4927 4935
2 4827 4826
2 4827 4936
2 4827 4830
2 4827 4937
2 4827 4829
2 4827 4078
2 4827 4938
2 4086 4082
2 4086 2980
2 4083 4085
2 4083 4939
2 4083 2988
2 4083 4940
2 4083 4941
2 4717 4942
2 4717 4479
2 4717 4943
2 4717 4944
2 4717 4945
2 4473 4717
2 4719 4718
2 4719 4597
2 4719 4946
2 4719 4595
2 4719 4852
2 4719 4851
2 4718 4852
2 4718 4851
2 4718 4947
2 4718 4595
2 4718 4948
2 4085 4939
2 4085 4949
2 4085 4087
2 4085 2988
2 4085 4940
2 4851 4948
2 4851 4950
2 4089 4090
2 4089 4951
2 4089 4952
2 4089 3056
2 4089 4953
2 4854 4853
2 4854 4954
2 4854 4955
2 4854 4598
2 4854 4956
2 4601 4854
2 4854 4600
2 4854 4487
2 4855 4957
2 4855 4720
2 4855 4958
2 4855 4959
2 4855 4960
2 4855 4600
2 4855 4961
2 4855 4962
2 4858 4604
2 4858 4856
2 4858 2899
2 4858 2898
2 4858 4963
2 4858 2896
2 4858 1633
2 4856 2899
2 4856 1633
2 4856 4604
2 4856 2898
2 4856 3792
2 4864 4862
2 4864 4865
2 4864 4861
2 4864 4866
2 4864 4964
2 4864 4965
2 4614 4611
2 4863 4865
2 4863 4866
2 4866 4865
2 4866 4966
2 4866 4967
2 4866 4968
2 4866 4861
2 4866 4969
2 4866 4862
2 4966 4969
2 4966 4865
2 4966 4970
2 4966 4868
2 4863 4966
2 4966 4971
2 4966 4972
2 1553 3553
2 4551 4973
2 4551 4974
2 4551 4975
2 4551 4876
2 4551 4874
2 4551 3614
2 4551 4873
2 4969 4970
2 4969 4868
2 4969 4971
2 4969 4976
2 4969 4972
2 4969 4865
2 4973 4975
2 4973 4876
2 4973 4548
2 4973 4874
2 4973 4875
2 4973 4873
2 4973 3614
2 4868 4970
2 4868 4971
2 4868 4976
2 4868 4967
2 4868 4869
2 4868 4977
2 3554 4390
2 3554 4391
2 3554 4493
2 4975 4874
2 4975 4875
2 4975 4873
2 4975 3614
2 4975 4880
2 4976 4970
2 4976 4977
2 4976 4978
2 4874 4875
2 4874 4873
2 4874 4974
2 4874 4880
2 4874 4979
2 4871 4391
2 4871 4980
2 4871 4387
2 4871 4981
2 4977 4971
2 4879 3882
2 4879 4867
2 4879 4982
2 4725 4879
2 3881 3880
2 3881 4867
2 3881 1372
2 1113 3373
2 3375 1113
2 4983 4984
2 4983 4985
2 4983 4252
2 4983 4986
2 4882 4881
2 4882 4887
2 4882 4987
2 4882 4886
2 4882 4883
2 4642 4882
2 4887 4884
2 4887 4741
2 4887 4742
2 4887 4987
2 4887 4886
2 4887 4881
2 4741 4742
2 4741 4740
2 4741 4889
2 4741 4884
2 4738 4741
2 4741 4525
2 4740 4742
2 4740 4744
2 4740 4525
2 4887 4740
2 4744 4889
2 4744 4888
2 4744 4742
2 4744 4525
2 4741 4744
2 4988 4892
2 4988 4989
2 4988 4891
2 4988 4654
2 4653 4988
2 4988 4990
2 4988 4652
2 4988 4655
2 4891 4654
2 4891 4989
2 4891 4655
2 4891 4652
2 4656 4891
2 4651 4891
2 4991 3051
2 4991 4949
2 4085 4991
2 4991 4939
2 2986 4991
2 4091 3136
2 4091 4093
2 4091 964
2 4091 4992
2 4091 4993
2 4091 961
2 3136 3135
2 3136 4092
2 3136 961
2 4097 4095
2 4097 4994
2 4097 4094
2 4097 3139
2 4097 4995
2 4097 4140
2 4095 4094
2 4095 4140
2 4095 4996
2 4095 4995
2 4095 4096
2 4095 4997
2 4140 4094
2 4140 4997
2 3138 4140
2 4140 4996
2 4140 1018
2 3232 4145
2 3232 4146
2 3232 1176
2 3232 4147
2 3232 4998
2 3232 4999
2 4142 5000
2 4142 5001
2 4142 3296
2 4142 3220
2 4142 1072
2 3295 4052
2 5002 5003
2 5002 4895
2 5002 5004
2 5002 4894
2 5002 5005
2 5002 5006
2 5002 5007
2 5002 5008
2 4895 5003
2 4895 5007
2 4895 5004
2 4895 5006
2 4895 5009
2 4895 5005
2 5010 5011
2 5010 5012
2 5010 5013
2 5010 5014
2 5010 5009
2 5010 5015
2 5012 5015
2 5012 5016
2 5012 5013
2 5012 5011
2 5012 5014
2 5015 5017
2 5015 5013
2 5015 5016
2 5015 5011
2 4670 5015
2 5015 5014
2 4767 5015
2 4769 5018
2 4769 4669
2 4769 5019
2 4769 5020
2 4669 5021
2 4669 5022
2 4669 5020
2 4669 5023
2 4669 5018
2 4669 5019
2 4558 4669
2 4902 5024
2 4902 5025
2 4778 4902
2 4902 4912
2 4903 4902
2 5024 5025
2 5024 5026
2 5024 5027
2 5024 4912
2 5024 5028
2 5024 5029
2 5024 4911
2 4904 4791
2 4904 5030
2 4904 5031
2 4904 5032
2 4904 4788
2 5033 5034
2 5033 4910
2 5033 5035
2 5033 5036
2 5033 5037
2 5033 5038
2 5025 4912
2 5025 4911
2 5025 5039
2 5025 5026
2 4905 5025
2 5025 4907
2 5025 5027
2 5034 5035
2 5034 5036
2 5034 5040
2 5034 5041
2 5034 5038
2 5034 5042
2 5036 5043
2 5036 5040
2 5036 5044
2 5036 5041
2 5036 5038
2 4804 4803
2 4804 4802
2 4804 5045
2 4804 4420
2 4804 5046
2 4804 5047
2 4804 4564
2 5048 5049
2 5048 5050
2 5048 5051
2 5048 5052
2 4916 4915
2 4916 5053
2 4916 5054
2 4817 5055
2 4817 5056
2 4817 4695
2 4820 4819
2 4820 4821
2 4820 5057
2 4820 4571
2 4820 4818
2 4820 5055
2 4918 5058
2 4918 4919
2 4918 4920
2 4918 4815
2 4918 5059
2 4918 5060
2 4822 4918
2 4920 4919
2 4920 5058
2 4920 4823
2 4920 5061
2 4920 5062
2 4920 5059
2 4923 5063
2 4923 4714
2 4923 4833
2 4923 5064
2 4923 5065
2 4922 4923
2 4924 4926
2 4924 4833
2 4924 5066
2 4923 4924
2 4924 4714
2 4924 4832
2 4946 5067
2 4946 5068
2 4718 4946
2 4946 5069
2 4946 5070
2 5071 4943
2 5071 4716
2 5071 4944
2 5071 4479
2 5071 5072
2 4476 5071
2 5071 5073
2 4181 4185
2 4184 4181
2 3294 4181
2 4947 4852
2 4947 4950
2 4947 5074
2 4947 5075
2 4947 5076
2 4947 5077
2 4955 4956
2 4955 4954
2 4955 5078
2 4955 5079
2 4955 5080
2 4955 4853
2 4955 5076
2 4955 5081
2 4958 4957
2 4958 4960
2 4958 4959
2 4958 4961
2 4958 5082
2 4958 5083
2 4958 4720
2 4959 4960
2 4959 5084
2 4959 4963
2 4959 5085
2 4959 4957
2 4959 4961
2 4963 5084
2 4963 2898
2 4963 5085
2 4963 2897
2 4963 2896
2 4963 2894
2 4963 2899
2 2898 2899
2 2898 1633
2 2898 2894
2 2898 2897
2 2898 1678
2 1633 2899
2 1633 2896
2 1633 1678
2 1633 2895
2 1633 4857
2 5086 5087
2 5086 5088
2 5086 4972
2 5086 5089
2 5086 5090
2 5086 4968
2 5087 4972
2 5087 5089
2 5087 4967
2 5087 4965
2 4492 1635
2 4492 1631
2 1633 4492
2 4972 5091
2 4972 5092
2 1635 3614
2 1554 1635
2 1553 1635
2 3614 4493
2 3614 3553
2 3614 4974
2 1554 3614
2 1553 3614
2 3553 4390
2 3553 4981
2 4390 4981
2 4390 4980
2 4390 4391
2 4390 5093
2 5094 5095
2 5094 5096
2 5094 5097
2 5094 5098
2 5094 5099
2 5094 5100
2 5094 5101
2 5094 5102
2 4980 4391
2 4980 5103
2 4980 4386
2 4980 5104
2 5096 5097
2 5096 5100
2 5096 5105
2 5096 5102
2 5096 5106
2 5096 5107
2 4977 5096
2 5103 5108
2 5103 4981
2 5097 5095
2 5097 5105
2 5097 5106
2 5097 5109
2 5108 5110
2 5108 5111
2 5108 5104
2 5108 5093
2 5108 4883
2 3882 1372
2 3882 3880
2 3882 4978
2 3437 3373
2 3436 3437
2 4984 4986
2 4984 4640
2 4984 5112
2 4984 5113
2 4984 5114
2 5115 4639
2 5115 5116
2 5115 5117
2 5115 4638
2 5115 5113
2 5115 4883
2 5115 4881
2 5115 5118
2 4987 4884
2 4987 4883
2 4987 4881
2 4987 5111
2 4741 4987
2 4987 4742
2 5116 5117
2 5116 5118
2 5116 5119
2 5116 5120
2 5116 5121
2 5116 5113
2 5116 4639
2 4741 5116
2 5121 4990
2 5121 5122
2 5121 5120
2 5121 5117
2 5121 4989
2 5121 5118
2 5121 5113
2 4988 5121
2 4990 5122
2 4990 4989
2 4990 5120
2 4990 5117
2 5116 4990
2 4990 4892
2 4891 4990
2 5122 4892
2 4891 5122
2 5122 5120
2 5122 4654
2 4182 5123
2 4181 4182
2 3291 4182
2 3226 4182
2 4182 4249
2 4249 4640
2 4294 4296
2 4294 4185
2 4355 4294
2 4294 4354
2 1219 4294
2 4294 4052
2 4294 4519
2 4928 4929
2 4928 4935
2 4928 5124
2 4928 4934
2 4928 5125
2 4928 4931
2 4928 5126
2 4251 4640
2 4251 4252
2 4251 4985
2 4252 4312
2 4252 4640
2 4248 4252
2 4252 5112
2 4307 4312
2 4307 5127
2 4252 4307
2 4310 3156
2 4310 5128
2 2846 4310
2 3165 4310
2 3493 4308
2 3493 5127
2 3498 3503
2 3498 4388
2 3498 4389
2 3498 4456
2 3498 3501
2 3498 5114
2 5129 5130
2 5129 5131
2 5129 5132
2 5129 5133
2 5129 5134
2 5129 5135
2 5129 5136
2 5130 5137
2 5130 5131
2 5130 5138
2 5137 5135
2 5137 5139
2 5137 5005
2 5137 5134
2 5137 5140
2 5137 5141
2 5142 5139
2 5137 5142
2 5142 5143
2 5004 5006
2 5004 5003
2 5004 5005
2 5004 5008
2 5004 5144
2 5004 4894
2 5004 5140
2 5007 4894
2 5007 5145
2 5007 5146
2 5007 5003
2 5007 4897
2 5004 5007
2 5007 5147
2 5011 5016
2 5011 5014
2 5011 5009
2 5011 4898
2 5011 5148
2 5011 5149
2 4897 4896
2 4897 5146
2 4897 4898
2 4897 5147
2 4897 5148
2 4897 4771
2 4897 5149
2 5021 5018
2 5021 5019
2 5021 5020
2 5021 5150
2 5021 5151
2 5026 5039
2 5026 5152
2 5026 5153
2 5026 5029
2 5026 5154
2 5026 5028
2 5030 5032
2 5030 5155
2 5030 5156
2 5030 4901
2 5030 5157
2 5030 5158
2 5030 4791
2 4783 4784
2 4783 4782
2 4783 5159
2 4783 5160
2 4783 4781
2 4783 5161
2 4783 5162
2 5038 5035
2 5038 5041
2 5038 4399
2 5038 5163
2 5038 5164
2 5039 5029
2 5039 5027
2 5039 5165
2 5039 5166
2 5032 5157
2 5032 5031
2 5032 5046
2 5032 5047
2 5032 4791
2 5032 5155
2 5032 4901
2 5029 5165
2 5029 5166
2 5029 5167
2 5029 5027
2 5029 5168
2 5029 5169
2 5165 5167
2 5165 5168
2 5165 5170
2 5165 5169
2 5165 5171
2 5165 5172
2 5167 5170
2 5167 5169
2 5167 5171
2 5167 5173
2 5167 5174
2 5043 5175
2 5043 5050
2 5043 5176
2 5043 5177
2 5170 5168
2 5170 5169
2 5170 5171
2 5170 5178
2 5179 5045
2 5179 4803
2 5179 5180
2 5179 5181
2 5179 5182
2 5179 5046
2 5175 5050
2 5175 5177
2 5175 5183
2 5175 5184
2 5175 5051
2 5175 5176
2 5177 5050
2 5177 5051
2 5177 5052
2 5177 5185
2 5177 5186
2 5051 5186
2 5051 5184
2 5051 5050
2 5051 5185
2 5051 5187
2 5182 5180
2 5182 4917
2 5182 5059
2 4918 5182
2 5182 5058
2 5182 5188
2 5182 4815
2 5186 5189
2 5186 5190
2 5186 5184
2 5186 5191
2 5192 5193
2 5192 5194
2 5192 4915
2 5195 5054
2 5195 5194
2 5056 5196
2 5056 5197
2 4816 5056
2 5057 5198
2 5057 5199
2 5057 4819
2 5057 5200
2 5057 4917
2 5057 5201
2 5059 5061
2 5059 5062
2 5059 5202
2 5059 4919
2 5059 5200
2 5061 5062
2 5061 5202
2 5061 5203
2 5061 5058
2 5061 5204
2 5061 4919
2 5061 5205
2 5203 5062
2 5203 5206
2 5203 5205
2 5203 5204
2 5203 5202
2 4920 5203
2 5059 5203
2 5203 4919
2 5064 5065
2 5064 5063
2 5064 5207
2 5064 5208
2 5064 4832
2 5064 5209
2 5064 5210
2 5064 5211
2 5066 4926
2 5066 5212
2 5066 5213
2 5066 4925
2 5066 5214
2 5066 5069
2 5066 5215
2 4471 3556
2 4471 4467
2 4471 1625
2 1622 4471
2 4471 5104
2 4980 4471
2 5068 5069
2 5068 5215
2 5068 5070
2 5068 5216
2 5068 5217
2 5068 5212
2 5068 5218
2 4493 4981
2 4980 4493
2 3491 4493
2 4944 5219
2 4944 5220
2 4548 4974
2 4975 4548
2 4548 4876
2 5221 4513
2 5221 4344
2 4508 5221
2 4950 5075
2 4950 5076
2 4950 4948
2 4950 5074
2 4950 5078
2 5076 5078
2 5076 5075
2 5076 5079
2 5076 4956
2 5076 5222
2 5079 5081
2 5079 5080
2 5079 4956
2 5079 5223
2 5079 4954
2 5079 5075
2 5080 5224
2 5080 5225
2 5080 5078
2 5080 4956
2 5080 5081
2 5225 5224
2 5225 4962
2 5225 5226
2 5225 4961
2 5079 5225
2 5225 5083
2 5225 5227
2 4955 5225
2 4962 4961
2 4962 5224
2 4962 5083
2 4962 4960
2 4962 5226
2 4962 5082
2 4961 4960
2 4961 5082
2 4961 5228
2 4961 4957
2 4961 5085
2 5082 5083
2 5082 5085
2 5082 5084
2 4963 5082
2 5085 5084
2 5085 2897
2 5085 2894
2 5085 4960
2 2898 5085
2 5085 2896
2 2897 2894
2 2897 1678
2 2897 2896
2 2897 5084
2 1633 2897
2 1678 2894
2 1678 2896
2 1678 2895
2 5089 5229
2 5089 5230
2 5089 5231
2 5089 5091
2 4964 4968
2 4964 5232
2 4964 4865
2 4866 4964
2 2895 2896
2 2895 2899
2 5092 5231
2 5092 5229
2 5092 5230
2 5092 5091
2 5231 5233
2 5231 5234
2 5231 5088
2 5231 5235
2 5231 5229
2 5231 5230
2 5231 5236
2 1631 4472
2 2895 1631
2 3552 1631
2 1554 1631
2 1635 1631
2 1553 1631
2 5233 5235
2 5233 5236
2 5233 5101
2 5233 5098
2 5092 5233
2 4472 1625
2 3552 4472
2 1630 4472
2 4472 3556
2 1622 4472
2 1554 4472
2 3553 4472
2 5235 5098
2 5235 5234
2 5235 5099
2 5235 5237
2 5235 5238
2 1625 3556
2 1625 3557
2 5098 5236
2 5098 5099
2 5098 5238
2 5098 5105
2 5098 5234
2 3556 3557
2 3556 4467
2 1619 3556
2 5099 5236
2 5099 5105
2 5099 5239
2 5099 5095
2 3557 4467
2 3557 4456
2 3557 3501
2 4467 4456
2 4467 3501
2 3502 4467
2 4456 4389
2 4456 4388
2 4456 3501
2 4456 5112
2 5107 5102
2 5107 5100
2 5107 5106
2 4982 5240
2 4982 5100
2 3880 1372
2 3880 3883
2 3880 4870
2 3373 4308
2 4312 4985
2 4312 5112
2 4312 4389
2 4312 4986
2 5112 4986
2 5112 4985
2 5112 4389
2 5112 5113
2 5112 5118
2 5112 4640
2 5113 5118
2 5113 4986
2 5113 5114
2 5113 5120
2 5113 4985
2 5113 4389
2 5113 5119
2 5118 5120
2 5118 4986
2 5118 5114
2 5118 4985
2 5118 5119
2 5120 4986
2 5120 5117
2 5112 5120
2 315 253
2 315 312
2 1618 4549
2 1618 4552
2 4620 1618
2 1212 897
2 708 795
2 708 628
2 627 708
2 708 539
2 894 1107
2 1005 1107
2 1212 1107
2 886 795
2 795 628
2 626 795
2 885 795
2 890 893
2 1094 1204
2 891 1094
2 890 1094
2 1094 1312
2 5241 5242
2 5241 5243
2 5241 5244
2 5241 5245
2 5241 5246
2 5241 5247
2 5241 5248
2 5241 5249
2 5241 5250
2 5246 5243
2 5246 5251
2 5246 5252
2 5246 5245
2 5246 5136
2 5246 5242
2 5246 5244
2 5251 5136
2 5251 5252
2 5251 5132
2 5251 5253
2 5251 5131
2 5251 5243
2 5251 5254
2 5132 5131
2 5132 5136
2 5132 5254
2 5132 5133
2 5132 5255
2 5132 5141
2 5132 5252
2 5133 5134
2 5133 5131
2 5133 5256
2 5133 5141
2 5133 5255
2 5133 5254
2 5133 5135
2 5140 5257
2 5140 5144
2 5140 5008
2 5140 5258
2 5140 5259
2 5140 5006
2 5140 5134
2 5140 5135
2 5008 5006
2 5008 5258
2 5008 5259
2 5008 5257
2 5008 5260
2 5148 4898
2 5148 5261
2 5019 5150
2 5019 5151
2 5019 5262
2 5019 5263
2 5023 5150
2 5023 5264
2 5023 5151
2 5158 5265
2 5158 5031
2 5158 5157
2 5158 5266
2 5267 5172
2 5267 5268
2 5267 5174
2 5267 5269
2 5267 5171
2 5267 5169
2 5267 5270
2 5267 5152
2 5271 5156
2 5271 5272
2 5271 5273
2 4784 5159
2 4784 4782
2 4784 5161
2 4784 5274
2 5172 5174
2 5172 5171
2 5172 5268
2 5172 5169
2 5172 5269
2 5172 5275
2 5172 5270
2 5274 5276
2 5274 5161
2 5274 5163
2 5274 5176
2 5274 5159
2 5274 4782
2 4783 5274
2 5171 5169
2 5171 5174
2 5171 5166
2 5171 5268
2 5171 5269
2 5047 5277
2 5047 5157
2 5047 5278
2 5047 5279
2 5030 5047
2 5047 5031
2 5047 5155
2 5045 5181
2 5045 5280
2 5045 5180
2 5045 5281
2 5045 5282
2 5045 5283
2 5284 5285
2 5284 5286
2 5284 5287
2 5284 5288
2 5284 5289
2 5284 5290
2 5291 5285
2 5291 5290
2 5291 5286
2 5291 5287
2 5291 5053
2 5180 5188
2 5180 5292
2 5180 5283
2 5285 5290
2 5285 5289
2 5285 5293
2 5285 5053
2 5285 5294
2 5285 5193
2 5295 5191
2 5295 5296
2 5295 5297
2 5295 5190
2 5295 5298
2 5295 5299
2 5295 5300
2 5295 5301
2 5054 5302
2 5196 5303
2 5199 5201
2 5199 5304
2 5059 5199
2 5061 5199
2 5204 5202
2 5204 5205
2 5204 5305
2 5204 5206
2 5204 5062
2 5204 5306
2 5204 5307
2 5204 5308
2 5206 5309
2 5206 5308
2 5206 5307
2 5206 5310
2 5206 5202
2 5206 5062
2 5208 5065
2 5208 5311
2 5208 5210
2 5208 5309
2 5208 5209
2 5208 5310
2 5208 5312
2 5213 5313
2 5213 5212
2 5213 5314
2 5213 4926
2 5213 5217
2 5213 5215
2 5212 5313
2 5212 5214
2 5212 5217
2 5212 5215
2 5212 5069
2 5212 5315
2 5212 4926
2 1204 1313
2 1204 1527
2 997 1204
2 5215 5069
2 5215 5070
2 5215 5216
2 5215 5067
2 5215 5313
2 5215 5214
2 1312 1313
2 1312 1527
2 999 1312
2 1093 1312
2 5070 5069
2 5070 5218
2 5070 5067
2 5070 5217
2 5070 5316
2 5070 5317
2 5218 5216
2 5218 5317
2 5218 5069
2 5218 5077
2 5215 5218
2 5072 5219
2 5072 5220
2 5072 4943
2 5072 5318
2 5072 5319
2 5072 5320
2 5072 5321
2 5317 5077
2 5317 5074
2 5317 5222
2 5317 5216
2 5317 5322
2 5317 5075
2 5077 5222
2 5077 5316
2 5077 5075
2 4950 5077
2 5077 5223
2 5222 5075
2 5222 5223
2 5222 5081
2 5222 5316
2 5223 5081
2 5223 5078
2 5223 5074
2 5227 5226
2 5227 5224
2 5227 5078
2 5227 5081
2 5079 5227
2 5227 5323
2 5226 5324
2 5226 5224
2 5226 5228
2 4961 5226
2 5228 5325
2 5228 5083
2 5228 4960
2 4958 5228
2 5228 5224
2 5325 5326
2 4961 5325
2 5085 5325
2 5325 5083
2 5325 5084
2 5326 5327
2 5228 5326
2 5326 5328
2 5085 5326
2 5326 5084
2 5326 5329
2 5327 5328
2 5327 5330
2 5327 5331
2 5325 5327
2 5327 2901
2 5327 5332
2 5328 2901
2 5328 1626
2 5328 2902
2 5229 5230
2 5229 5333
2 5229 5334
2 5229 5234
2 5229 5335
2 2901 1626
2 2901 2902
2 2901 5336
2 2901 1621
2 5337 5237
2 5337 5230
2 5229 5337
2 1626 1621
2 1626 2902
2 1626 5338
2 1626 5331
2 1626 1620
2 5339 5340
2 5235 5339
2 5339 5341
2 1621 1620
2 1621 2900
2 1621 1624
2 1622 1621
2 1621 2902
2 1620 1624
2 1620 1627
2 1620 2900
2 1624 1627
2 1624 3501
2 1627 3501
2 1627 3503
2 5342 5343
2 5342 5344
2 5342 5345
2 5342 5346
2 5342 5347
2 5342 5348
2 3501 3503
2 5343 5345
2 5343 5344
2 5343 5348
2 5343 5349
2 3503 3497
2 3503 4388
2 3503 4389
2 5345 5350
2 5345 5239
2 5345 5348
2 5345 5349
2 3497 4388
2 3497 4389
2 3497 5114
2 5112 3497
2 3501 3497
2 5109 5240
2 5109 5351
2 5109 5352
2 5109 5100
2 5109 5102
2 5096 5109
2 1494 1372
2 3882 1494
2 3881 1494
2 4388 5114
2 4388 4986
2 4308 5127
2 3497 4308
2 4388 4308
2 2807 2964
2 2808 2964
2 2813 2964
2 1886 2964
2 1932 2964
2 2963 3126
2 2963 3288
2 3126 3288
2 3423 3285
2 3423 3289
2 5124 4935
2 5124 4930
2 5124 5353
2 5124 4934
2 5124 5354
2 5124 4929
2 4927 5124
2 2784 2783
2 2784 2645
2 2781 2783
2 2782 2781
2 2786 2781
2 2675 2104
2 2091 2675
2 2675 3832
2 2104 3759
2 2104 2739
2 5247 5248
2 5247 5242
2 5247 5244
2 5247 5355
2 5247 5356
2 5247 5245
2 5247 5250
2 5247 5357
2 5244 5245
2 5244 5250
2 5244 5242
2 5244 5248
2 5244 5357
2 5244 5355
2 5244 5243
2 5249 5358
2 5249 5245
2 5249 5359
2 5244 5249
2 5249 5357
2 5249 5250
2 5249 5243
2 5249 5252
2 5253 5252
2 5253 5360
2 5253 5254
2 5253 5358
2 5253 5361
2 5253 5255
2 5253 5359
2 5255 5254
2 5255 5362
2 5255 5363
2 5255 5360
2 5255 5256
2 5255 5131
2 5256 5363
2 5256 5254
2 5256 5134
2 5256 5131
2 5132 5256
2 5256 5364
2 5259 5258
2 5259 5365
2 5259 5366
2 5259 5144
2 5259 5260
2 5259 5364
2 5259 5257
2 5366 5260
2 5366 5258
2 5366 5367
2 5366 5365
2 5366 5368
2 5366 5369
2 5370 5371
2 5370 5013
2 5372 5373
2 5372 5374
2 5372 5375
2 5372 5147
2 5372 5262
2 5372 5376
2 5372 5151
2 5372 5150
2 5151 5262
2 5151 5263
2 5151 5018
2 5151 5374
2 5151 5377
2 5151 5378
2 5264 5379
2 5264 5380
2 5264 5381
2 5264 5382
2 5264 5383
2 5264 5020
2 5264 5384
2 5265 5385
2 5265 5381
2 5265 5380
2 5265 5155
2 5265 5386
2 5265 5387
2 5270 5268
2 5270 5269
2 5270 5388
2 5270 5389
2 5270 5174
2 5153 5154
2 5153 5027
2 5153 5390
2 5153 5391
2 5153 5392
2 5269 5389
2 5269 5174
2 5269 5275
2 5393 5161
2 5393 5394
2 5393 4782
2 5389 5275
2 5389 5395
2 5389 5174
2 5395 5275
2 5395 5396
2 5395 5397
2 5395 5398
2 5395 5399
2 5269 5395
2 5395 5174
2 5395 5400
2 5277 5278
2 5277 5279
2 5277 5046
2 5277 5401
2 5277 5402
2 5277 5282
2 5277 5403
2 5277 5404
2 5396 5399
2 5396 5398
2 5396 5287
2 5396 5286
2 5396 5405
2 5396 5275
2 5389 5396
2 5279 5282
2 5279 5281
2 5279 5181
2 5279 5046
2 5394 5406
2 5394 5407
2 5394 5408
2 5394 5301
2 5394 5409
2 5394 5410
2 5399 5287
2 5399 5286
2 5399 5397
2 5399 5398
2 5399 5405
2 5406 5301
2 5406 5409
2 5406 5408
2 5406 5410
2 5406 5297
2 5406 5401
2 5406 5296
2 5286 5293
2 5286 5397
2 5286 5289
2 5409 5407
2 5409 5297
2 5409 5408
2 5409 5410
2 5409 5296
2 5409 5292
2 5188 5292
2 5188 5280
2 5290 5288
2 5290 5411
2 5290 5412
2 5290 5293
2 5193 5413
2 5193 5302
2 5193 5414
2 5193 5415
2 5306 5305
2 5306 5416
2 5306 5417
2 5306 5307
2 5306 5308
2 5306 5418
2 5306 5202
2 5306 5205
2 5308 5419
2 5308 5310
2 5308 5205
2 5308 5420
2 5308 5418
2 5308 5417
2 5310 5309
2 5310 5419
2 5310 5311
2 5310 5420
2 5310 5307
2 5310 5205
2 5311 5309
2 5311 5210
2 5311 5207
2 5311 5419
2 5311 5421
2 5311 5420
2 5210 5211
2 5210 5421
2 5210 5207
2 5210 5422
2 5210 5312
2 5210 5423
2 5211 5422
2 5211 5314
2 5211 5421
2 5211 5423
2 5211 5207
2 5211 5312
2 5208 5211
2 5314 5422
2 5314 5315
2 5314 5209
2 5314 5214
2 5314 5421
2 5210 5314
2 5314 5423
2 5315 5313
2 5315 5422
2 5211 5315
2 5315 5217
2 5424 5425
2 5424 5217
2 5424 5069
2 5315 5424
2 5424 5426
2 5424 5427
2 5215 5424
2 5424 5428
2 5212 5424
2 3550 3759
2 3550 2739
2 3550 3677
2 3550 3429
2 3550 2740
2 2739 3429
2 2104 2740
2 5220 5320
2 5220 5318
2 5220 5321
2 5220 5429
2 5220 5073
2 5220 5430
2 2078 1770
2 5431 5432
2 5431 5433
2 5431 5434
2 5431 5318
2 5431 5321
2 5431 5323
2 5431 5320
2 5433 5323
2 5433 5432
2 5433 5435
2 5433 5434
2 5433 5318
2 5436 5437
2 5436 5438
2 5436 5435
2 5436 5439
2 5436 5440
2 5436 5434
2 5436 5432
2 5437 5438
2 5437 5439
2 5437 5441
2 5437 5440
2 5437 5442
2 5437 5435
2 5437 5443
2 5437 5332
2 5439 5440
2 5439 5442
2 5439 5443
2 5439 5332
2 5439 5441
2 5439 5329
2 5442 5440
2 5442 5443
2 5442 5332
2 5442 5438
2 5442 5329
2 5436 5442
2 5442 5441
2 5332 5443
2 5332 5329
2 5332 5440
2 5332 5336
2 5332 5438
2 5329 5443
2 5329 5336
2 5329 5440
2 5329 5331
2 5329 5330
2 5333 5444
2 5333 5230
2 5340 5341
2 5340 5445
2 5340 5446
2 5340 5237
2 5341 5446
2 5341 5347
2 5341 5346
2 5446 5346
2 5446 5347
2 5446 5344
2 5446 5447
2 5446 5448
2 5346 5447
2 5346 5449
2 5346 5450
2 5346 5451
2 5452 2976
2 5452 2975
2 1624 5452
2 1628 5452
2 1627 5452
2 5344 5347
2 5344 5453
2 5344 5447
2 5344 5451
2 2976 2977
2 2976 5454
2 2976 2975
2 3496 2976
2 1628 2976
2 1627 2976
2 3497 2977
2 3502 2977
2 3497 5454
2 5348 5455
2 5348 5456
2 5348 5457
2 5348 5458
2 5348 5459
2 5348 5460
2 5348 5461
2 5348 5462
2 5456 5460
2 5456 5463
2 5456 5462
2 5456 5464
2 5456 5465
2 5456 5349
2 3139 4096
2 3139 4094
2 4095 3139
2 4096 4094
2 4096 4994
2 1020 4096
2 4096 1018
2 5466 5467
2 5466 5468
2 5466 5469
2 5466 5470
2 5466 5471
2 5466 5472
2 5466 5473
2 5466 4993
2 5466 5474
2 5468 5472
2 5468 5467
2 5468 5475
2 5468 5469
2 5468 5470
2 5472 5475
2 5472 5476
2 5472 5477
2 5472 5478
2 701 699
2 5475 5477
2 5475 5476
2 5475 5479
2 5475 5480
2 5475 5481
2 1774 1669
2 1774 1770
2 5477 5480
2 5477 5478
2 5477 5482
2 5477 5483
2 5477 5474
2 5480 5482
2 5480 5484
2 5480 5476
2 5480 5485
2 1669 1319
2 1669 1770
2 5484 5482
2 5484 5486
2 452 534
2 536 452
2 380 452
2 5486 5487
2 5486 5482
2 5486 5488
2 5487 5489
2 5487 5490
2 5487 5491
2 5489 5492
2 5489 5488
2 5489 5493
2 5489 5494
2 5489 5495
2 5489 5490
2 5489 5496
2 5494 5497
2 5494 5498
2 5494 5492
2 5494 5499
2 5494 5496
2 5494 5500
2 5494 5493
2 5498 5495
2 5498 5501
2 5498 5502
2 5498 5503
2 5498 5500
2 5498 5504
2 5498 5496
2 5502 5501
2 5502 5505
2 5502 5506
2 5502 5499
2 5502 5507
2 5502 5508
2 5502 5509
2 5506 5508
2 5506 5505
2 5506 5503
2 5506 5510
2 5506 5511
2 5506 5512
2 5506 5507
2 5506 5501
2 5510 5512
2 5510 5511
2 5510 5508
2 5510 5513
2 5510 5514
2 5510 5505
2 5510 5515
2 5510 5516
2 5513 5515
2 5513 5512
2 5513 5514
2 5513 5516
2 5513 5511
2 5513 5517
2 5513 5508
2 5513 5518
2 617 696
2 1774 1319
2 615 699
2 698 615
2 615 696
2 2894 2896
2 2894 5084
2 1633 2894
2 1105 1097
2 5355 5248
2 5355 5250
2 5355 5519
2 5355 5520
2 5355 5357
2 5355 5521
2 5357 5250
2 5357 5519
2 5357 5521
2 5357 5522
2 5357 5359
2 5357 5245
2 5357 5358
2 5359 5522
2 5359 5358
2 5359 5523
2 5359 5361
2 5359 5250
2 5359 5360
2 5361 5360
2 5361 5524
2 5361 5363
2 5361 5525
2 5361 5358
2 5361 5522
2 5255 5361
2 5363 5362
2 5363 5360
2 5363 5526
2 5363 5527
2 5363 5254
2 5363 5528
2 5364 5365
2 5364 5529
2 5364 5528
2 5364 5258
2 5367 5260
2 5367 5368
2 5367 5530
2 5367 5369
2 5367 5531
2 5367 5258
2 5367 5532
2 5369 5368
2 5369 5533
2 5369 5532
2 5369 5534
2 5369 5531
2 5369 5260
2 5369 5535
2 5369 5536
2 5534 5533
2 5534 5535
2 5534 5536
2 5534 5537
2 5534 5368
2 5534 5532
2 5534 5538
2 5534 5145
2 5261 5371
2 5261 5539
2 5261 5540
2 5261 5541
2 5373 5374
2 5373 5542
2 5373 5376
2 5373 5543
2 5373 5377
2 5373 5262
2 5374 5262
2 5374 5263
2 5374 5542
2 5263 5262
2 5263 5378
2 5263 5150
2 5263 5375
2 5380 5381
2 5380 5379
2 5380 5544
2 5380 5382
2 5380 5383
2 5380 5385
2 5380 5386
2 5545 5397
2 5390 5392
2 5390 5154
2 5390 5546
2 5390 5547
2 5390 5548
2 5390 5152
2 5026 5390
2 5272 5549
2 5272 5550
2 5272 5551
2 5162 5159
2 5162 5266
2 5552 5553
2 5552 5397
2 5552 5400
2 5552 5388
2 5398 5397
2 5398 5275
2 5401 5410
2 5401 5408
2 5401 5554
2 5401 5555
2 5410 5408
2 5410 5402
2 5410 5407
2 5410 5282
2 5410 5403
2 5282 5280
2 5282 5181
2 5282 5278
2 5280 5281
2 5280 5292
2 5279 5280
2 5292 5556
2 5292 5281
2 5282 5292
2 5292 5557
2 5558 5559
2 5558 5560
2 5558 5561
2 5558 5562
2 5558 5563
2 5558 5564
2 5558 5565
2 5558 5566
2 5556 5567
2 5556 5568
2 5280 5556
2 5556 5569
2 5556 5181
2 5561 5559
2 5561 5570
2 5561 5564
2 5561 5566
2 5561 5562
2 5561 5411
2 5571 5572
2 5571 5573
2 5571 5574
2 5569 5567
2 5569 5305
2 5306 5569
2 5569 5417
2 5569 5418
2 5575 5576
2 5575 5577
2 5575 5578
2 5304 5579
2 5304 5580
2 5304 5581
2 5304 5582
2 5304 5583
2 5569 5304
2 5418 5420
2 5418 5307
2 5418 5416
2 5418 5419
2 5418 5305
2 5310 5418
2 5420 5307
2 5420 5417
2 5420 5309
2 5306 5420
2 5584 5585
2 5584 5583
2 5584 5586
2 5584 5587
2 5584 5579
2 5584 5312
2 5584 5581
2 5584 5423
2 5584 5421
2 5586 5585
2 5586 5423
2 5586 5421
2 5586 5583
2 5586 5209
2 5210 5586
2 5311 5586
2 5423 5421
2 5423 5422
2 5423 5585
2 5428 5588
2 5428 5427
2 5428 5589
2 5428 5426
2 5428 5590
2 5428 5425
2 5428 5591
2 5428 5592
2 5427 5593
2 5427 5426
2 5427 5590
2 5427 5588
2 5427 5592
2 5427 5429
2 5427 5425
2 5427 5319
2 5426 5592
2 5426 5429
2 5426 5593
2 5426 5319
2 5220 5426
2 5426 5320
2 5429 5592
2 5429 5319
2 5429 5590
2 5429 5320
2 5429 5321
2 5429 5219
2 5320 5321
2 5320 5430
2 5320 5318
2 5320 5219
2 5320 5592
2 5320 5432
2 5430 5321
2 5430 5434
2 5430 5219
2 1316 1315
2 1206 1315
2 1319 1315
2 1320 1315
2 5434 5435
2 5434 5321
2 5320 5434
2 5220 5434
2 5594 5595
2 5594 5596
2 5594 5597
2 5594 5598
2 5594 5599
2 5594 5600
2 5594 5601
2 5595 5601
2 5595 5448
2 5595 5602
2 5595 5596
2 5595 5597
2 5601 5603
2 5601 5604
2 5601 5447
2 5601 5605
2 5601 5606
2 5601 5607
2 5603 5450
2 5603 5448
2 5603 5451
2 5450 5451
2 5450 5453
2 5450 5605
2 5450 5608
2 5451 5609
2 5451 5610
2 5451 5611
2 5451 5447
2 5451 5612
2 5451 5608
2 5609 5453
2 5609 5613
2 5609 5610
2 5609 5614
2 5609 5615
2 5450 5609
2 5613 5462
2 5613 5616
2 5613 5460
2 5613 5610
2 5613 5617
2 5613 5453
2 5613 5612
2 5462 5460
2 5462 5457
2 5462 5461
2 5462 5459
2 5462 5458
2 1540 1543
2 5457 5618
2 5457 5459
2 5457 5458
2 5457 5463
2 5457 5465
2 5350 5619
2 5350 5620
2 5352 5240
2 5352 5106
2 4982 5352
2 3875 5352
2 5352 5621
2 5618 5463
2 5618 5461
2 5618 5464
2 5618 5622
2 5618 5460
2 5618 5458
2 5464 5622
2 5464 5463
2 5464 5623
2 5464 5624
2 5464 5465
2 5464 5461
2 5464 5625
2 5464 5626
2 5623 5622
2 5623 5626
2 5623 5627
2 5623 5625
2 5623 5628
2 5623 5629
2 5623 5463
2 5627 5626
2 5627 5629
2 5627 5630
2 5627 5624
2 5627 5628
2 5627 5631
2 5627 5625
2 5627 5622
2 5630 5632
2 5630 5626
2 5630 5633
2 5630 5634
2 5630 5628
2 5630 5635
2 5632 5631
2 5632 5634
2 5632 5636
2 5632 5637
2 5632 5629
2 5632 5635
2 5627 5632
2 5636 5634
2 5636 5638
2 5636 5639
2 5636 5637
2 5636 5633
2 5636 5631
2 5630 5636
2 5636 1019
2 5638 1019
2 5638 5634
2 5638 5637
2 5632 5638
2 5638 5633
2 5638 1016
2 5638 5631
2 1019 1016
2 1019 5639
2 1069 1019
2 1019 3137
2 1019 3141
2 1019 5634
2 1016 3137
2 1016 5639
2 1016 3141
2 1016 1014
2 3137 1014
2 3140 3137
2 3137 1018
2 1014 1018
2 3138 1014
2 4095 1018
2 4094 4996
2 964 3135
2 964 961
2 964 4092
2 964 966
2 4996 4995
2 3135 4092
2 3135 4993
2 3135 961
2 4092 4992
2 4092 4993
2 4092 5640
2 4993 5473
2 4993 5469
2 4993 5641
2 4993 4992
2 4993 5467
2 4993 5642
2 5470 5467
2 5640 5643
2 5644 5645
2 5644 5643
2 5644 5646
2 5644 5479
2 5644 5481
2 5644 5647
2 5643 5479
2 5643 5481
2 5643 5646
2 5643 5648
2 5643 5649
2 5643 5647
2 2896 2899
2 5481 5649
2 5481 5646
2 5481 5650
2 5481 5645
2 5481 5476
2 5481 5474
2 2899 4857
2 2899 4604
2 4605 2899
2 5649 5650
2 5649 5651
2 5652 5650
2 5652 5485
2 2900 2902
2 2900 5338
2 1619 2900
2 5651 5653
2 5651 5650
2 5651 5654
2 4857 3792
2 4857 4604
2 4857 4606
2 5653 5655
2 5653 5490
2 5490 5488
2 5490 5491
2 5490 5493
2 5490 5656
2 5490 5492
2 5490 5657
2 5490 5658
2 5493 5496
2 5493 5488
2 5493 5659
2 5493 5500
2 5496 5500
2 5496 5492
2 5496 5659
2 5496 5504
2 5496 5495
2 5496 5660
2 5496 5661
2 5504 5660
2 5504 5500
2 5504 5501
2 5504 5662
2 5504 5499
2 5504 5663
2 5504 5664
2 5504 5509
2 5509 5507
2 5509 5664
2 5509 5501
2 5509 5665
2 5509 5666
2 5509 5660
2 5509 5505
2 5509 5667
2 5509 5668
2 5667 5666
2 5667 5668
2 5667 5518
2 5667 5507
2 5667 5669
2 5667 5665
2 5667 5664
2 5667 5505
2 5518 5666
2 5518 5670
2 5518 5516
2 5518 5514
2 5518 5669
2 5518 5671
2 1374 1826
2 1824 1374
2 5516 5514
2 5516 5517
2 5516 5672
2 5516 5515
2 5516 5673
2 5516 5670
2 5516 5511
2 2975 2978
2 2975 5674
2 2975 5675
2 2977 2975
2 3792 4606
2 1547 1546
2 1547 1545
2 1547 3794
2 1547 1543
2 1547 5675
2 1547 5676
2 1556 4497
2 1556 4606
2 1556 4494
2 5520 5519
2 5520 5521
2 5520 5250
2 5357 5520
2 5520 5248
2 5247 5520
2 5520 5523
2 5521 5519
2 5521 5523
2 5521 5522
2 5521 5250
2 5359 5521
2 5521 5356
2 5523 5522
2 5523 5524
2 5357 5523
2 5523 5519
2 5523 5525
2 5361 5523
2 5523 5250
2 5524 5526
2 5524 5360
2 5524 5522
2 5359 5524
2 5363 5524
2 5524 5527
2 5526 5527
2 5526 5525
2 5526 5528
2 5526 5360
2 5361 5526
2 5526 5362
2 5526 5529
2 5528 5529
2 5528 5527
2 5528 5677
2 5528 5362
2 5528 5678
2 5256 5528
2 5677 5529
2 5677 5678
2 5677 5679
2 5677 5365
2 5677 5527
2 5259 5677
2 5677 5530
2 5679 5678
2 5679 5530
2 5679 5365
2 5679 5531
2 5679 5529
2 5259 5679
2 5530 5531
2 5530 5532
2 5530 5368
2 5530 5678
2 5369 5530
2 5530 5260
2 5532 5531
2 5532 5368
2 5532 5533
2 5532 5536
2 5532 5537
2 5536 5537
2 5536 5533
2 5536 5538
2 5536 5368
2 5536 5535
2 5536 5531
2 5538 5537
2 5538 5376
2 5538 5543
2 5538 5533
2 5538 5535
2 5538 5542
2 5371 5539
2 5371 5540
2 5371 5541
2 5371 5680
2 5371 5681
2 5371 5682
2 5543 5542
2 5543 5537
2 5543 5375
2 5536 5543
2 5543 5683
2 5683 5542
2 5683 5262
2 5683 5378
2 5684 5384
2 5684 5383
2 5684 5262
2 5683 5684
2 5684 5382
2 5384 5685
2 5384 5383
2 5384 5382
2 5384 5379
2 5384 5378
2 5384 5544
2 5380 5384
2 5382 5379
2 5382 5544
2 5382 5381
2 5382 5685
2 5544 5386
2 5544 5385
2 5544 5379
2 5544 5383
2 5544 5387
2 5386 5387
2 5386 5381
2 5386 5686
2 5386 5687
2 5382 5386
2 5387 5385
2 5387 5687
2 5387 5688
2 5387 5555
2 5387 5381
2 5387 5554
2 5553 5689
2 5553 5405
2 5553 5690
2 5553 5691
2 5553 5692
2 5553 5693
2 5554 5403
2 5554 5688
2 5554 5687
2 5554 5278
2 5277 5554
2 5689 5692
2 5689 5691
2 5689 5694
2 5689 5695
2 5689 5696
2 5689 5697
2 5689 5698
2 5689 5699
2 5692 5695
2 5692 5699
2 5692 5696
2 5692 5698
2 5692 5563
2 5404 5281
2 5404 5278
2 5280 5404
2 5697 5695
2 5697 5563
2 5697 5691
2 5697 5694
2 5697 5562
2 5697 5696
2 5557 5281
2 5557 5181
2 5279 5557
2 5563 5559
2 5563 5699
2 5563 5700
2 5563 5695
2 5563 5691
2 5701 5702
2 5701 5703
2 5701 5704
2 5701 5705
2 5701 5706
2 5707 5708
2 5707 5702
2 5707 5703
2 5556 5707
2 5292 5707
2 5565 5564
2 5565 5566
2 5565 5709
2 5565 5570
2 5565 5710
2 5565 5711
2 5411 5712
2 5411 5713
2 5411 5289
2 5411 5560
2 5558 5411
2 5413 5714
2 5413 5715
2 5413 5716
2 5413 5717
2 5718 5573
2 5718 5719
2 5718 5720
2 5721 5722
2 5721 5574
2 5721 5723
2 5721 5724
2 5721 5576
2 5575 5721
2 5721 5578
2 5721 5577
2 5581 5579
2 5581 5582
2 5581 5587
2 5581 5725
2 5581 5577
2 5581 5583
2 5581 5576
2 5587 5726
2 5587 5582
2 5587 5725
2 5587 5585
2 5587 5727
2 5726 5728
2 5726 5729
2 5726 5730
2 5581 5726
2 5726 5725
2 5726 5579
2 5726 5583
2 5728 5729
2 5728 5727
2 5728 5730
2 5728 5731
2 5728 5591
2 5587 5728
2 5728 5589
2 5728 5583
2 5730 5729
2 5730 5731
2 5730 5591
2 5730 5727
2 5730 5589
2 5730 5588
2 5587 5730
2 5591 5731
2 5591 5589
2 5591 5729
2 5591 5588
2 5591 5727
2 5726 5591
2 2169 2862
2 4655 4752
2 4655 4654
2 4655 4652
2 4655 4749
2 5732 4082
2 5732 5733
2 5732 4080
2 5732 5734
2 5732 5735
2 5732 4081
2 5732 5736
2 5732 5737
2 5732 5738
2 5739 5740
2 5739 5741
2 5739 5742
2 5739 5743
2 5739 5744
2 5739 5745
2 5740 5742
2 5740 5745
2 5740 5746
2 5740 5741
2 5740 5747
2 5742 5746
2 5742 5748
2 5742 5747
2 5742 5749
2 5746 5748
2 5746 5750
2 5746 5751
2 5746 5600
2 5746 5598
2 5746 5747
2 5746 5752
2 5748 5598
2 5748 5752
2 5748 5597
2 5748 5751
2 5748 5596
2 5598 5750
2 5598 5596
2 5598 5752
2 5598 5602
2 5596 5597
2 5596 5599
2 5596 5600
2 5596 5752
2 5596 5753
2 5604 5607
2 5604 5448
2 5604 5599
2 5604 5754
2 5607 5755
2 5607 5756
2 5607 5754
2 5755 5757
2 5450 5755
2 5603 5755
2 5604 5755
2 5611 5608
2 5611 5615
2 5611 5756
2 5611 5758
2 5611 5754
2 5607 5759
2 5759 5757
2 5759 5760
2 5451 5759
2 5759 5453
2 5615 5610
2 5615 5758
2 1546 1545
2 1546 3794
2 1546 1543
2 1546 5675
2 1546 5676
2 5761 5614
2 5609 5761
2 5761 5610
2 5613 5761
2 5761 5453
2 5451 5761
2 5610 5616
2 5610 5758
2 5610 5617
2 5616 5617
2 5615 5616
2 1543 1497
2 1543 1545
2 1543 3794
2 5458 5762
2 5458 5763
2 5458 5465
2 5458 5764
2 5458 5765
2 3877 3878
2 3877 3879
2 5766 5767
2 5766 5768
2 5766 5769
2 5766 5770
2 5766 5771
2 5766 5772
2 5766 5773
2 5628 5626
2 5628 5774
2 5628 5622
2 5628 5629
2 5775 4845
2 5775 4846
2 5775 4844
2 5775 4847
2 5775 4848
2 5775 4849
2 5775 4850
2 5775 5770
2 4844 4847
2 4844 4848
2 4844 4845
2 4844 3987
2 4844 4846
2 4844 3986
2 4844 4849
2 5637 5634
2 5637 5635
2 5637 5776
2 5637 5639
2 5637 5777
2 4848 4847
2 4848 3987
2 4848 3986
2 4848 968
2 4848 967
2 4848 4845
2 3986 968
2 3986 967
2 3986 4847
2 3986 963
2 4843 3986
2 967 963
2 967 3987
2 967 958
2 967 4847
2 963 958
2 963 968
2 963 966
2 963 3987
2 958 966
2 958 961
2 958 968
2 966 961
2 4995 4997
2 4995 5778
2 4094 4995
2 4995 5779
2 4995 5780
2 4995 5641
2 5642 5473
2 5642 5778
2 5642 5781
2 5642 5469
2 5642 5779
2 5642 5471
2 5642 4994
2 5782 5783
2 5782 5471
2 5782 5474
2 5782 5784
2 5646 5479
2 5646 5645
2 5646 5785
2 4081 4082
2 4081 4940
2 4081 5738
2 4081 5734
2 4941 4940
2 4941 5738
2 4941 4951
2 4941 4953
2 4941 4090
2 5786 5485
2 5786 5787
2 5786 5788
2 5786 5483
2 5786 5476
2 5786 5789
2 5652 5786
2 5477 5786
2 4951 4090
2 4951 4953
2 4951 5790
2 4951 4088
2 4951 5791
2 4951 5738
2 4951 5792
2 4949 4940
2 4083 4949
2 4949 3060
2 4941 4949
2 5658 5657
2 5658 5793
2 5658 5491
2 5658 5794
2 5658 5795
2 5658 5796
2 5658 5656
2 5661 5663
2 5661 5659
2 5661 5662
2 5661 5660
2 5661 5797
2 5661 5500
2 5504 5661
2 5661 5798
2 5662 5663
2 5662 5664
2 5662 5660
2 5662 5799
2 5662 5800
2 5662 5665
2 5509 5662
2 5665 5664
2 5665 5668
2 5665 5669
2 5665 5801
2 5665 5507
2 5665 5799
2 5665 5802
2 5669 5668
2 5669 5671
2 5669 5803
2 5669 5670
2 5669 5802
2 5669 5666
2 5669 5801
2 5670 5671
2 5670 5517
2 5670 5804
2 5670 5672
2 5670 5803
2 5670 5673
2 2903 2742
2 2903 2915
2 2903 2458
2 2905 2903
2 2903 2909
2 2241 2903
2 5672 5673
2 5672 5517
2 5672 5805
2 5672 5671
2 5672 5804
2 5672 5514
2 5518 5672
2 4093 4992
2 4994 5473
2 4994 5641
2 4095 4994
2 4995 4994
2 4997 5778
2 4997 5780
2 4997 5779
2 4997 5641
2 4094 4997
2 4996 4997
2 5806 5807
2 5806 5001
2 5806 5780
2 5806 5808
2 5806 5000
2 5806 5809
2 4997 5806
2 5806 5810
2 4146 4145
2 4146 4998
2 4146 3231
2 4146 5811
2 4146 1176
2 3223 4196
2 1075 4196
2 3226 4196
2 1076 4196
2 3291 4196
2 5812 5813
2 5812 5814
2 5812 5678
2 5367 5812
2 5677 5812
2 5814 5682
2 5814 5815
2 5814 5540
2 5814 5539
2 5371 5814
2 5815 5540
2 5815 5539
2 5815 5681
2 5815 5680
2 5815 5541
2 5540 5539
2 5540 5541
2 5540 5681
2 5540 5682
2 5540 5816
2 5540 5680
2 5541 5539
2 5541 5816
2 5541 5817
2 5541 5818
2 5816 5818
2 5816 5681
2 5816 5539
2 5371 5816
2 5816 5819
2 5816 5820
2 5818 5681
2 5818 5817
2 5818 5539
2 5371 5818
2 5540 5818
2 5820 5821
2 5820 5822
2 5820 5817
2 5541 5820
2 5820 5681
2 5823 5821
2 5823 5822
2 5823 5824
2 5823 5825
2 5382 5823
2 5544 5823
2 5823 5381
2 5823 5826
2 5823 5827
2 5828 5690
2 5828 5693
2 5828 5829
2 5828 5698
2 5828 5696
2 5828 5830
2 5831 5832
2 5831 5833
2 5831 5834
2 5831 5835
2 5831 5836
2 5831 5837
2 5831 5838
2 5269 5831
2 5546 5391
2 5546 5548
2 5546 5154
2 5546 5839
2 5153 5546
2 5546 5840
2 5841 5842
2 5841 5273
2 5841 5549
2 5841 5550
2 5841 5843
2 5844 5698
2 5844 5845
2 5844 5696
2 5844 5830
2 5844 5846
2 5844 5694
2 5698 5696
2 5698 5694
2 5698 5829
2 5698 5695
2 5698 5691
2 5698 5699
2 5698 5847
2 5848 5849
2 5848 5705
2 5848 5704
2 5848 5843
2 5848 5549
2 5848 5850
2 5848 5550
2 5848 5703
2 5694 5695
2 5694 5696
2 5694 5699
2 5694 5700
2 5705 5851
2 5705 5703
2 5705 5702
2 5705 5849
2 5705 5852
2 5705 5850
2 5699 5700
2 5699 5691
2 5699 5696
2 5703 5702
2 5703 5851
2 5703 5708
2 5703 5852
2 5700 5853
2 5700 5695
2 5700 5562
2 5692 5700
2 5700 5709
2 5853 5854
2 5853 5855
2 5699 5853
2 5853 5711
2 5853 5710
2 5697 5853
2 5706 5708
2 5706 5856
2 5703 5706
2 5706 5857
2 5854 5709
2 5854 5710
2 5854 5711
2 5700 5854
2 5566 5564
2 5566 5710
2 5566 5709
2 5566 5711
2 5566 5559
2 5566 5560
2 5856 5578
2 5856 5577
2 5856 5582
2 5856 5858
2 5415 5714
2 5415 5715
2 5415 5717
2 5415 5859
2 5573 5720
2 5573 5860
2 5573 5859
2 5573 5861
2 5573 5862
2 5573 5572
2 5722 5863
2 5722 5724
2 5722 5864
2 5722 5576
2 5722 5723
2 5722 5865
2 5577 5578
2 5577 5725
2 5577 5579
2 5577 5863
2 5000 4141
2 5000 5807
2 5000 5809
2 5000 5866
2 5000 5808
2 3222 5000
2 5867 3866
2 5867 3960
2 3293 5867
2 5867 3962
2 3295 5867
2 3294 5867
2 5868 5869
2 5868 5870
2 5868 5871
2 5868 5872
2 5868 5873
2 5868 5874
2 5868 5875
2 5868 5876
2 5868 5877
2 5871 5870
2 5871 5875
2 5871 5873
2 5871 5876
2 5871 5877
2 5871 5878
2 5871 5872
2 5871 5869
2 3778 3776
2 3778 3779
2 5875 5876
2 5875 5877
2 5875 5879
2 5875 5878
2 5875 5870
2 5875 5873
2 5875 5880
2 5879 5880
2 5879 5881
2 5879 5876
2 5879 5877
2 5879 5882
2 5871 5879
2 5879 5878
2 5879 5883
2 5881 5880
2 5881 5882
2 5875 5881
2 5881 5884
2 5881 5744
2 5881 5885
2 5881 5876
2 5881 5743
2 5882 5744
2 5882 5884
2 5882 5743
2 5882 5880
2 5882 5741
2 5882 5886
2 5744 5741
2 5744 5884
2 5744 5885
2 5744 5886
2 5744 5887
2 4052 4185
2 4052 4356
2 4052 4056
2 5888 5745
2 5888 5747
2 5746 5888
2 5888 5749
2 3686 3689
2 3686 3597
2 5745 5889
2 5746 5745
2 5745 5890
2 5745 5747
2 5745 5749
2 5889 5890
2 5888 5889
2 5889 5891
2 5746 5889
2 5890 5891
2 5890 5892
2 5890 5893
2 5890 5894
2 5890 5895
2 5748 5890
2 5891 5894
2 5891 5892
2 5891 5896
2 5891 5897
2 5891 5898
2 5752 5597
2 5752 5600
2 5752 5899
2 5752 5753
2 5900 5757
2 5604 5900
2 5900 5602
2 5900 5896
2 5900 5599
2 5753 5597
2 5753 5901
2 5753 5602
2 5902 5676
2 5902 5903
2 5902 5904
2 5902 5905
2 5902 5906
2 5902 5907
2 5902 3794
2 5757 5908
2 5757 5909
2 5757 5760
2 5757 5910
2 5754 5756
2 5754 5605
2 5754 5911
2 5754 5608
2 5754 5758
2 5754 5448
2 5753 5754
2 5903 5912
2 5913 5908
2 5607 5913
2 5761 5913
2 5913 5910
2 5904 5914
2 5904 5915
2 5904 5912
2 5760 5916
2 5760 5910
2 5760 5917
2 5760 5908
2 5758 5918
2 5758 5605
2 5758 5756
2 5919 5920
2 5919 5921
2 5919 5922
2 5919 5923
2 5924 5920
2 5924 5917
2 5924 5925
2 5924 5923
2 5924 5922
2 5924 5921
2 5924 5926
2 5920 5923
2 5920 5773
2 5920 5922
2 5920 5921
2 5920 5927
2 5920 5768
2 5762 5765
2 5762 5764
2 5762 5928
2 5762 5929
2 5762 5465
2 5619 5620
2 5619 5930
2 5619 5931
2 5619 5932
2 5619 5933
2 5773 5923
2 5773 5768
2 5773 5925
2 5773 5922
2 5773 5771
2 5773 5769
2 5924 5773
2 5764 5928
2 5764 5459
2 5764 5929
2 3878 3879
2 5768 5769
2 5768 5771
2 5768 5770
2 5768 5923
2 5768 4850
2 5768 4849
2 5769 5770
2 5769 4850
2 5769 4849
2 5769 4846
2 5769 5934
2 4850 4849
2 4850 4846
2 4850 4845
2 5774 5777
2 5774 5935
2 5774 5635
2 5774 5936
2 5774 5937
2 5774 3946
2 5774 5625
2 5776 5777
2 5776 5635
2 5776 5936
2 5776 5633
2 5776 5937
2 5776 5935
2 3141 1070
2 3141 1071
2 3141 1072
2 3141 3220
2 1070 1072
2 1070 3220
2 1070 1071
2 5779 5780
2 5779 5781
2 5779 5641
2 5779 5938
2 5779 5939
2 5783 5784
2 5783 5940
2 5783 5941
2 5783 5942
2 5783 5943
2 5783 5944
2 5783 5471
2 5785 5945
2 5785 5474
2 4185 4296
2 4185 4356
2 4185 4354
2 4185 4183
2 5788 5789
2 5788 5485
2 5788 5946
2 5788 5947
2 5788 5948
2 5788 5949
2 5788 5478
2 5789 5795
2 5789 5787
2 5789 5485
2 5789 5793
2 3336 3334
2 5795 5794
2 5795 5948
2 5795 5657
2 5950 5123
2 4249 5950
2 5950 4639
2 3227 5950
2 4248 5950
2 4355 5950
2 5794 5796
2 5794 5657
2 5794 5951
2 5796 5952
2 5796 5657
2 5796 5793
2 5796 5953
2 5952 5797
2 5952 5953
2 5952 5951
2 5952 5954
2 5661 5952
2 5797 5663
2 5797 5800
2 5797 5953
2 5797 5799
2 5662 5797
2 5800 5799
2 5800 5955
2 5800 5801
2 5800 5798
2 5800 5663
2 5800 5802
2 5800 5664
2 5801 5802
2 5801 5799
2 5801 5803
2 5801 5668
2 5801 5955
2 5801 5664
2 5803 5802
2 5803 5671
2 5803 5804
2 5803 5668
2 5665 5803
2 5803 5517
2 5804 5671
2 5804 5805
2 5804 5673
2 5804 5517
2 5669 5804
2 5804 5802
2 2241 5956
2 5805 5673
2 5805 5671
2 5670 5805
2 5805 5517
2 5803 5805
2 5516 5805
2 5518 5805
2 4296 4354
2 4296 4519
2 4296 4356
2 4520 4296
2 5123 4639
2 5123 4640
2 4249 5123
2 4983 5123
2 4251 5123
2 2843 2709
2 2843 2708
2 4640 4985
2 4640 4986
2 4640 4639
2 5822 5825
2 5822 5824
2 5822 5826
2 5822 5827
2 5822 5819
2 5822 5957
2 5825 5826
2 5825 5821
2 5825 5827
2 5825 5957
2 5825 5958
2 5825 5550
2 5826 5824
2 5826 5957
2 5826 5550
2 5826 5821
2 5826 5958
2 5826 5549
2 5830 5829
2 5830 5847
2 5830 5959
2 5830 5846
2 5698 5830
2 5830 5960
2 5693 5690
2 5693 5961
2 5689 5693
2 5693 5962
2 5693 5963
2 5957 5827
2 5957 5550
2 5957 5549
2 5957 5824
2 5957 5958
2 5957 5843
2 5957 5849
2 5847 5845
2 5847 5829
2 5847 5846
2 5847 5960
2 5847 5696
2 5828 5847
2 5550 5549
2 5550 5843
2 5550 5849
2 5550 5827
2 5550 5850
2 5846 5829
2 5846 5845
2 5846 5964
2 5846 5960
2 5846 5965
2 5698 5846
2 5843 5549
2 5843 5850
2 5843 5851
2 5850 5851
2 5850 5549
2 5850 5966
2 5966 5967
2 5966 5968
2 5966 5969
2 5966 5970
2 5843 5966
2 5966 5971
2 5972 5973
2 5972 5964
2 5972 5974
2 5846 5972
2 5972 5975
2 5967 5969
2 5967 5976
2 5967 5977
2 5967 5857
2 5967 5858
2 5967 5852
2 5967 5970
2 5978 5964
2 5978 5979
2 5969 5977
2 5969 5968
2 5969 5857
2 5969 5976
2 5969 5858
2 5969 5864
2 5969 5865
2 5857 5968
2 5980 5981
2 5980 5982
2 5980 5983
2 5864 5977
2 5864 5574
2 5864 5719
2 5710 5709
2 5710 5564
2 5710 5984
2 5710 5570
2 5712 5985
2 5712 5986
2 5712 5570
2 5712 5412
2 5712 5987
2 5566 5712
2 5712 5564
2 5715 5716
2 5715 5988
2 5715 5989
2 5717 5861
2 5724 5719
2 5724 5863
2 5990 5991
2 5990 5992
2 5990 5993
2 5990 5994
2 5990 5995
2 5990 5996
2 5990 5997
2 5990 5998
2 5991 5996
2 5991 5993
2 5991 5995
2 5991 5999
2 5991 5997
2 5991 6000
2 5996 6000
2 5996 6001
2 5996 5999
2 5996 5993
2 5996 5995
2 5996 6002
2 5996 6003
2 6001 6000
2 6001 6003
2 6001 5999
2 6001 6002
2 6001 5994
2 6001 6004
2 6001 6005
2 6001 5993
2 6003 6005
2 6003 6000
2 6003 6002
2 6003 6004
2 6003 5999
2 6003 5874
2 6003 6006
2 6005 5874
2 6005 5869
2 6005 6000
2 6005 6002
2 6005 5872
2 6005 6004
2 5874 5869
2 5874 5872
2 5874 6007
2 5874 5870
2 5874 5873
2 5871 5874
2 2840 2709
2 5872 5870
2 5872 5873
2 5872 6007
2 5872 5878
2 5872 5877
2 5873 5870
2 5873 5878
2 5873 5877
2 5873 5876
2 5873 5869
2 5877 5876
2 5877 5870
2 5877 6008
2 4985 4986
2 4985 5114
2 4985 4389
2 5127 4389
2 4388 5127
2 5112 5127
2 5127 4986
2 3497 5127
2 6009 6010
2 6009 6011
2 6009 6012
2 5881 6009
2 6009 6013
2 6009 6014
2 6015 6016
2 5881 6015
2 5744 6015
2 6015 6017
2 5882 6015
2 6015 6010
2 6015 5741
2 6015 5880
2 5884 5743
2 5884 5886
2 5884 5887
2 5884 5741
2 5884 5880
2 5887 5886
2 5887 6018
2 5887 5743
2 5887 6019
2 5887 5885
2 5887 6020
2 5887 5741
2 5895 5893
2 5895 5892
2 5895 5894
2 5889 5895
2 5895 6021
2 5895 5897
2 5895 5896
2 5747 5751
2 5747 6022
2 5747 6023
2 5747 6024
2 5747 6019
2 5747 6020
2 5893 5892
2 5893 5894
2 5893 5897
2 5893 5896
2 5893 6025
2 4387 4386
2 4387 4643
2 4387 4391
2 5892 5894
2 5892 5897
2 5892 5896
2 5892 6025
2 5892 5898
2 3156 6026
2 5894 5897
2 5894 5896
2 5894 6025
2 5894 5898
2 5894 6027
2 5894 6028
2 4389 5114
2 4389 4986
2 5896 5898
2 5896 6028
2 5896 6027
2 5896 5909
2 5896 6029
2 5899 5901
2 5899 6030
2 6028 5909
2 6028 5897
2 6028 6025
2 6028 5908
2 6028 5910
2 5909 5910
2 5909 5898
2 5909 6025
2 5909 6027
2 5909 5897
2 5911 6030
2 5911 6031
2 5911 5756
2 5911 5901
2 5911 6032
2 5910 5908
2 5910 5898
2 5910 6033
2 5910 6025
2 5915 6034
2 5915 6035
2 5915 3800
2 5915 6036
2 6033 5917
2 5760 6033
2 6033 6037
2 6033 6038
2 6033 5926
2 6039 5918
2 6039 6040
2 6039 5608
2 5615 6039
2 5610 6039
2 6034 6041
2 6034 3800
2 6034 6042
2 6034 3876
2 6034 3799
2 6043 5926
2 5924 6043
2 6041 3876
2 6041 6044
2 6041 6045
2 3876 6045
2 3876 5914
2 3876 6044
2 5915 3876
2 5926 6046
2 5920 5926
2 5926 5923
2 6045 6047
2 5922 5925
2 5922 5921
2 5922 6048
2 5922 5923
2 5922 6049
2 5922 5927
2 5928 6050
2 5928 6051
2 5928 6052
2 5928 6053
2 6054 6055
2 6054 6056
2 6054 6057
2 6054 6058
2 6054 6059
2 3876 3879
2 1498 3879
2 5937 5936
2 5937 6060
2 5937 3946
2 5937 5777
2 5937 6061
2 5937 3945
2 3946 5936
2 3946 5777
2 3946 1185
2 3946 6060
2 3946 5635
2 1071 1072
2 1071 1184
2 1072 3220
2 3220 4141
2 1071 3220
2 5866 5807
2 5866 5780
2 5866 5808
2 5866 5001
2 5866 5810
2 5866 5809
2 4997 5866
2 5938 5939
2 5938 6062
2 5938 5781
2 5938 6063
2 5938 6064
2 5938 6065
2 5938 5942
2 5938 6066
2 6062 5942
2 6062 5939
2 6062 5941
2 6062 5784
2 6062 6063
2 6062 6064
2 5941 5784
2 5941 5940
2 5941 5944
2 5941 6065
2 5941 6067
2 5941 5943
2 5940 5943
2 5940 5784
2 5940 5942
2 5940 6067
2 6062 5940
2 5940 5947
2 5943 5944
2 5943 5946
2 4386 4391
2 4386 4981
2 5947 5946
2 5947 5787
2 5947 5944
2 5947 5948
2 5789 5947
2 5946 5948
2 5946 5787
2 5946 6068
2 5948 6069
2 5948 6070
2 5948 5793
2 6069 6070
2 6069 6068
2 6069 6071
2 5789 6069
2 6069 5951
2 4391 4981
2 6071 6070
2 6071 6072
2 6071 5951
2 6071 5953
2 6071 5954
2 6072 5954
2 6072 5953
2 6072 6070
2 5952 6072
2 6072 6073
2 6069 6072
2 5954 6073
2 5954 5951
2 5954 5798
2 5797 5954
2 5796 5954
2 6073 5955
2 6073 5953
2 5800 6073
2 6073 5799
2 2458 2457
2 2458 2915
2 2458 2742
2 4981 5093
2 6074 4345
2 6074 4344
2 6074 4343
2 4974 4876
2 4974 4873
2 3613 4974
2 6075 4344
2 541 545
2 541 539
2 541 537
2 541 544
2 386 319
2 456 386
2 386 457
2 321 386
2 5960 6076
2 5960 5845
2 5960 6077
2 5960 6078
2 5960 6079
2 5960 6080
2 6081 6082
2 6081 6083
2 6081 6084
2 6081 6085
2 6081 6086
2 6081 6078
2 6081 6087
2 6083 6086
2 6083 6084
2 6083 6085
2 6083 5974
2 6083 6087
2 5971 5976
2 5971 5968
2 5971 6088
2 5967 5971
2 6086 5974
2 6086 6084
2 6086 6085
2 6086 5975
2 6086 6082
2 5974 5975
2 5974 6089
2 5974 6090
2 5974 6091
2 5974 6092
2 5975 6091
2 5975 6090
2 5975 6089
2 5975 6092
2 5975 6093
2 5975 6094
2 5975 6095
2 6091 6095
2 6091 6096
2 6091 6097
2 6096 6098
2 6096 6099
2 6096 5981
2 6096 6100
2 5986 5987
2 5986 5570
2 5986 5989
2 5411 5986
2 5986 6101
2 6098 6097
2 6098 6099
2 6098 6100
2 6098 6102
2 6098 6095
2 6098 6103
2 6098 6104
2 6098 6105
2 5861 5720
2 5861 5859
2 5861 6106
2 5861 6107
2 5861 5716
2 5861 6108
2 6100 6099
2 6100 6103
2 6100 6105
2 6100 6104
2 6100 6097
2 6100 6109
2 6103 6104
2 6103 6102
2 6103 6099
2 6103 6109
2 6103 5992
2 6103 6110
2 6103 6111
2 6111 6105
2 6111 6109
2 6111 6110
2 312 253
2 5995 5993
2 5995 5997
2 5995 5999
2 5995 5994
2 5995 6112
2 5995 5998
2 5995 6113
2 6002 6004
2 6002 5999
2 6002 6000
2 6002 6006
2 6002 5993
2 5995 6002
2 4549 4552
2 4549 4618
2 4549 4619
2 6114 6115
2 6114 6014
2 6114 6116
2 6114 6012
2 6114 6117
2 6114 6118
2 6114 6119
2 6007 6120
2 6007 5869
2 5873 6007
2 6007 5870
2 6007 6121
2 800 899
2 800 6122
2 900 800
2 6115 6014
2 6115 6012
2 6115 6011
2 6115 6118
2 6115 6116
2 6115 6010
2 6014 6012
2 6014 6011
2 6014 6010
2 6014 6123
2 6014 6118
2 6014 6016
2 6012 6011
2 6012 6010
2 6012 6016
2 6012 6123
2 6012 6017
2 539 628
2 539 545
2 6011 6016
2 6011 6017
2 6011 6013
2 6011 6123
2 5883 6124
2 5883 6125
2 5883 6126
2 5883 6127
2 5883 5878
2 5877 5883
2 5883 5876
2 5883 6128
2 6016 6017
2 6016 6013
2 6016 6021
2 6017 6013
2 6017 6010
2 6017 6021
2 6014 6017
2 6013 6010
2 6012 6013
2 5895 6013
2 6021 6010
2 6011 6021
2 6009 6021
2 5893 6021
2 6020 6023
2 6020 6024
2 6020 6018
2 6020 6022
2 6020 6129
2 6020 6130
2 6020 6131
2 6023 6024
2 6023 6019
2 6023 5749
2 6023 6131
2 6023 6129
2 6023 6132
2 6133 6134
2 6133 6029
2 6133 6025
2 6133 5898
2 6133 6027
2 6133 6135
2 6027 6029
2 6027 6136
2 6032 5901
2 6032 6030
2 6032 6031
2 6032 6137
2 6032 6138
2 6134 6135
2 6134 6139
2 6134 6140
2 5910 6134
2 6134 6141
2 5909 6134
2 6033 6134
2 6030 6031
2 6030 5901
2 6030 6142
2 6030 6143
2 6030 6144
2 6030 6145
2 6135 6139
2 6135 6140
2 6135 6146
2 6135 6147
2 6135 6141
2 6033 6135
2 5910 6135
2 6148 6149
2 6148 6035
2 6148 6036
2 6148 6150
2 6148 6151
2 6148 6152
2 6148 6153
2 5915 6148
2 6149 6154
2 6149 6150
2 6149 6152
2 6149 6155
2 6149 6156
2 6149 6157
2 6150 6156
2 6150 6158
2 6150 6153
2 6150 6159
2 5926 6147
2 6156 6158
2 6156 6152
2 6156 6159
2 6156 6151
2 6156 6160
2 6156 6161
2 6038 6162
2 5926 6038
2 6038 6163
2 6159 6160
2 6159 6158
2 6159 6155
2 6159 6161
2 6159 6152
2 6159 6047
2 6162 6164
2 6162 6163
2 6162 6165
2 6059 6158
2 6059 6166
2 6156 6059
2 6059 5932
2 6161 6157
2 6161 5621
2 6161 6158
2 6161 6155
2 6048 5921
2 6048 6167
2 6048 6168
2 6048 5925
2 6048 6169
2 5920 6048
2 6052 6170
2 6052 5929
2 6052 6171
2 6052 6172
2 6052 6173
2 6055 6056
2 6055 5932
2 6055 6057
2 6061 6174
2 6061 5936
2 6061 6175
2 6061 3945
2 6061 6176
2 6061 3941
2 3946 6061
2 1185 3945
2 1185 1181
2 1185 1223
2 1185 5936
2 1184 1182
2 1072 1184
2 1184 1179
2 4141 5001
2 4141 3298
2 4141 5807
2 4141 5809
2 5001 5807
2 5001 5808
2 3222 5001
2 5807 5808
2 5807 5810
2 5807 6066
2 5808 5810
2 5808 6066
2 5808 5809
2 5808 6064
2 5808 5780
2 6066 5810
2 6066 6064
2 6066 6063
2 6066 5939
2 6066 5781
2 6066 5809
2 6063 5939
2 6063 6177
2 6063 6065
2 6063 5810
2 6063 5942
2 6177 5942
2 6177 6178
2 6178 6179
2 6178 6180
2 6178 5942
2 6178 6181
2 6178 5945
2 6178 6065
2 6180 6179
2 6180 6181
2 6180 5945
2 6180 6182
2 6180 6183
2 5785 6180
2 6177 6180
2 6181 6183
2 6181 6179
2 6181 6184
2 6181 5949
2 5785 6181
2 6183 6184
2 6183 5945
2 6183 6068
2 253 206
2 204 253
2 6184 6068
2 6184 5945
2 5948 6184
2 6069 6184
2 4489 4490
2 4489 4509
2 4513 4509
2 4510 4513
2 2627 2628
2 2627 2629
2 2627 3066
2 2627 2624
2 2903 2627
2 541 628
2 538 628
2 1108 1008
2 894 1108
2 42 43
2 6 42
2 42 2
2 893 1095
2 893 1102
2 998 893
2 893 1103
2 889 893
2 1313 1529
2 1094 1313
2 1530 1313
2 1527 1529
2 1527 1665
2 1203 1527
2 3125 3288
2 6185 6186
2 6185 6187
2 6185 6188
2 6185 6189
2 6185 6079
2 6185 6190
2 6185 6191
2 6185 6192
2 6186 6079
2 6186 6188
2 6186 6187
2 6186 6193
2 6186 6077
2 6186 6078
2 6186 6190
2 6079 6077
2 6079 6078
2 6079 6194
2 6079 6195
2 6079 6188
2 6079 6196
2 6077 6078
2 6077 6195
2 6077 6197
2 6077 6193
2 6077 6196
2 6197 6198
2 6197 6195
2 6197 6084
2 6197 6196
2 5962 5961
2 5962 6199
2 5962 6200
2 5962 6201
2 5962 5690
2 6202 6203
2 6202 6204
2 6202 6205
2 6202 6206
2 6198 6084
2 6198 6085
2 6198 6207
2 6084 6082
2 6084 6087
2 6084 6208
2 6084 6207
2 6209 6210
2 6209 6211
2 6198 6209
2 6209 6212
2 6209 6090
2 6209 6213
2 6209 6214
2 6084 6209
2 6215 6216
2 6215 6217
2 6215 6088
2 6215 6218
2 6215 6219
2 6215 6220
2 6221 6211
2 6221 6090
2 5974 6221
2 6221 6222
2 6223 6217
2 6223 6220
2 6223 6088
2 6223 6224
2 6223 6107
2 6223 6218
2 6089 6092
2 6089 6208
2 6089 6093
2 6086 6089
2 6225 6226
2 6225 6227
2 6225 6090
2 6225 6228
2 6225 6229
2 6225 6230
2 6231 6232
2 5983 5981
2 5983 6233
2 5983 6234
2 5983 6235
2 6232 6236
2 6232 6237
2 6232 6238
2 6232 6239
2 6232 6240
2 6232 6241
2 6232 6230
2 3285 3289
2 3285 3283
2 6236 6237
2 6236 6238
2 6236 6239
2 6236 6241
2 6236 6242
2 6231 6236
2 6236 6240
2 6110 6109
2 6110 6243
2 6110 6104
2 6110 6105
2 6110 6244
2 6110 5998
2 6110 6245
2 6110 5992
2 6237 6238
2 6237 6239
2 6237 6241
2 6237 6242
2 6237 6246
2 6237 6247
2 6239 6238
2 6239 6241
2 6239 6242
2 6239 6246
2 6239 6247
2 6239 6117
2 5998 6245
2 5998 5997
2 5998 6243
2 5998 6244
2 5998 6248
2 5998 5993
2 6242 6246
2 6242 6247
2 6242 6238
2 6242 6117
2 6242 6116
2 6246 6247
2 6246 6117
2 6246 6241
2 6246 6116
2 6246 6238
2 6114 6246
2 6117 6241
2 6117 6238
2 6115 6117
2 6120 6121
2 6120 6006
2 6120 6249
2 6120 6250
2 6120 6004
2 6120 6251
2 2487 2645
2 2487 2283
2 2487 2783
2 2786 2487
2 2785 2487
2 2645 2783
2 2645 2486
2 2783 2796
2 6125 6124
2 6125 6126
2 6125 6127
2 6125 6128
2 6125 6252
2 6125 6253
2 6125 6008
2 6125 6254
2 1497 1545
2 1545 5676
2 6127 6124
2 6127 6126
2 6127 6254
2 6127 6255
2 6127 6252
2 6127 6253
2 6131 6024
2 6131 6256
2 6131 6257
2 6131 6258
2 6137 6143
2 6137 6259
2 6137 6142
2 6137 6260
2 6137 6261
2 6137 5901
2 6137 6262
2 6261 6142
2 6261 6138
2 6261 6144
2 6261 6260
2 6261 6031
2 6030 6261
2 6140 6139
2 6140 6141
2 6140 6263
2 6140 6264
2 6140 6265
2 6266 6153
2 6266 6151
2 6266 6152
2 6141 6263
2 6141 6264
2 6141 6267
2 6141 6268
2 6141 6139
2 6141 6146
2 6145 6269
2 6145 6031
2 6145 6270
2 6145 6271
2 6263 6264
2 6263 6267
2 6263 6268
2 6263 6272
2 6263 6273
2 6263 6139
2 6267 6264
2 6267 6272
2 6267 6268
2 6267 6165
2 6267 6164
2 6267 6274
2 6271 6275
2 6271 6276
2 6271 6277
2 6278 6279
2 6278 6172
2 6278 6277
2 6278 6276
2 6278 6280
2 6278 6171
2 6271 6278
2 6165 6274
2 6165 6281
2 6165 6282
2 6165 6272
2 6165 6283
2 6165 6284
2 6168 6169
2 6168 6285
2 6168 6286
2 6168 6287
2 6168 5921
2 5922 6168
2 6173 6288
2 6173 6170
2 6173 6289
2 6173 6290
2 6173 6291
2 6173 6292
2 6173 6293
2 6173 6294
2 6173 6176
2 6289 6288
2 6289 6174
2 6289 6170
2 6289 6291
2 6175 3941
2 6175 6295
2 6175 6060
2 3941 1223
2 3941 6176
2 3941 6295
2 3941 6060
2 1223 1181
2 1223 3942
2 1223 3945
2 1223 1179
2 1181 1179
2 1181 1182
2 3941 1181
2 1179 1182
2 1182 3296
2 1182 3298
2 3296 3298
2 1179 3296
2 1178 3296
2 3221 3296
2 3222 3298
2 1184 3298
2 5000 3298
2 1176 4145
2 1176 1170
2 1176 4147
2 3231 4145
2 3231 4147
2 3231 1173
2 3231 4998
2 4145 4147
2 4145 4998
2 4145 4999
2 4145 5811
2 4147 4998
2 4147 4999
2 4147 5811
2 4999 5811
2 4999 6182
2 3231 4999
2 4999 6064
2 3799 6044
2 5621 6160
2 6159 5621
2 5621 6157
2 6296 5351
2 6296 6057
2 53 56
2 53 1034
2 1433 4044
2 1433 4047
2 1433 3944
2 3942 6295
2 3942 6293
2 3942 6174
2 6297 6298
2 6297 6299
2 6297 6300
2 6297 6301
2 6297 6302
2 6297 6303
2 6297 6304
2 6297 6305
2 6298 6306
2 6298 6301
2 6298 6300
2 6298 6307
2 6298 6192
2 6298 6308
2 6298 6299
2 6298 6302
2 6301 6192
2 6301 6307
2 6301 6308
2 6301 6306
2 6301 6309
2 6301 6189
2 6301 6300
2 6192 6189
2 6192 6308
2 6192 6307
2 6192 6306
2 6192 6190
2 6192 6187
2 6189 6190
2 6189 6187
2 6189 6308
2 6189 6191
2 6189 6307
2 6188 6190
2 6188 6191
2 6188 6310
2 6189 6188
2 6188 6193
2 6311 6312
2 6311 6313
2 6311 6314
2 6193 6195
2 6193 6315
2 6193 6080
2 6193 6078
2 6316 6317
2 6316 6318
2 6316 6212
2 6316 6213
2 6316 6319
2 6195 6196
2 6195 6080
2 6195 6315
2 6195 6320
2 6195 6321
2 6195 6078
2 6322 6213
2 6322 6323
2 6322 6324
2 6322 6214
2 6322 6325
2 6326 6327
2 6326 6328
2 6326 6329
2 6326 6330
2 6326 6331
2 6326 6332
2 6326 6333
2 6326 6334
2 6335 5961
2 6335 6199
2 6335 6201
2 6335 6333
2 6335 6336
2 6203 6219
2 6203 6205
2 6203 6337
2 6203 6206
2 6213 6212
2 6213 6323
2 6213 6318
2 6213 6338
2 6213 6214
2 6213 6324
2 6213 6210
2 6207 6339
2 6207 6087
2 6207 6340
2 6207 6085
2 6207 6080
2 6207 6196
2 6207 6082
2 6219 6204
2 6219 6218
2 6219 6206
2 6219 6337
2 6219 6341
2 6323 6214
2 6323 6212
2 6323 6222
2 6323 6338
2 6323 6318
2 6206 6205
2 6206 6342
2 6206 6343
2 6206 6344
2 6206 6204
2 6206 6218
2 6214 6222
2 6214 6345
2 6214 6212
2 6214 6211
2 6214 6210
2 6222 6345
2 6222 6346
2 6222 6211
2 6222 6228
2 6222 6230
2 6213 6222
2 6222 6210
2 6344 6347
2 6344 6348
2 6344 6349
2 6344 6343
2 6344 6350
2 6344 6351
2 6344 6352
2 6345 6346
2 6345 6228
2 6345 6230
2 6345 6211
2 6345 6240
2 6323 6345
2 6348 6347
2 6348 6349
2 6348 6342
2 6348 6351
2 6348 6352
2 6348 6350
2 6348 6343
2 6206 6348
2 6346 6230
2 6346 6240
2 6346 6353
2 6346 6226
2 6351 6354
2 6351 6342
2 6230 6240
2 6230 6353
2 6230 6355
2 6230 6226
2 6230 6356
2 6357 6234
2 6357 6358
2 6357 5982
2 6357 6359
2 6357 6235
2 6357 6094
2 6240 6360
2 6240 6356
2 6233 6235
2 6233 5982
2 6233 6359
2 6233 6361
2 6362 6363
2 6362 6364
2 6362 6365
2 6362 6366
2 6367 6235
2 6367 6368
2 6367 6369
2 6367 6370
2 6367 6359
2 6244 6248
2 6244 6245
2 6244 6371
2 6244 6113
2 6244 6372
2 6244 6109
2 6373 6374
2 6373 6121
2 6373 6250
2 6373 6251
2 6373 6375
2 6373 6376
2 6373 6006
2 6250 6374
2 6250 6376
2 6250 6121
2 6250 6377
2 6250 6251
2 6250 6378
2 4044 3944
2 4044 4047
2 6123 6379
2 6123 6380
2 6123 6381
2 6381 6119
2 6381 6118
2 6381 6382
2 3944 4047
2 6252 6253
2 6252 6126
2 6252 6383
2 6252 6128
2 6252 6124
2 6252 6254
2 6252 6384
2 4173 4175
2 4173 4177
2 4173 4178
2 3976 4173
2 1216 4173
2 4337 4173
2 1372 4870
2 1372 3883
2 1372 4867
2 6254 6128
2 6254 6385
2 6254 6386
2 6254 6126
2 6254 6253
2 6387 6388
2 6387 6130
2 6387 6257
2 6387 6389
2 6387 6390
2 6387 6391
2 6387 6392
2 6387 6129
2 6258 6393
2 6258 6256
2 6258 6394
2 6258 6395
2 6258 6396
2 6258 6397
2 6258 6262
2 6258 6398
2 6258 6399
2 6260 6262
2 6260 6400
2 6260 6401
2 6260 6138
2 6260 6398
2 6260 6399
2 6260 6259
2 6260 6402
2 6403 6268
2 6403 6264
2 6403 6265
2 6263 6403
2 6273 6268
2 6273 6264
2 6273 6404
2 6273 6405
2 6273 6265
2 6141 6273
2 6267 6273
2 6406 6270
2 6406 6407
2 6270 6275
2 6270 6408
2 6275 6277
2 6275 6279
2 6275 6280
2 6409 6410
2 6409 6281
2 6409 6411
2 6409 6412
2 6277 6276
2 6277 6280
2 6277 6279
2 6277 6413
2 6277 6414
2 6277 6408
2 6277 6415
2 6283 6416
2 6283 6411
2 6413 6276
2 6274 6282
2 6274 6164
2 6274 6417
2 6274 6418
2 6163 6419
2 6163 6420
2 6163 6046
2 6286 6421
2 6286 6285
2 6286 6167
2 6048 6286
2 6285 6422
2 6285 6423
2 6285 6424
2 6425 6287
2 6425 6426
2 6285 6425
2 6425 6427
2 6425 6428
2 6425 6423
2 6425 6429
2 6430 6294
2 6430 6431
2 6430 6427
2 6430 6292
2 6430 6291
2 6430 6415
2 6430 6288
2 6430 6426
2 6292 6294
2 6292 6290
2 6292 6288
2 6292 6431
2 6292 6427
2 6290 6293
2 6290 6294
2 6290 6176
2 6430 6290
2 6428 6295
2 6428 6176
2 6428 6429
2 3942 6428
2 6175 6428
2 6295 6432
2 6289 6295
2 6290 6295
2 1172 1169
2 1172 1170
2 1172 1177
2 1172 3971
2 1172 1173
2 1174 1172
2 1172 3972
2 1169 1170
2 1169 1173
2 1175 1169
2 1176 1169
2 1169 1177
2 1170 1173
2 3231 1170
2 3232 1173
2 4175 4177
2 4172 4175
2 1114 4175
2 4175 4178
2 2383 2381
2 2383 2558
2 3883 4867
2 4729 3883
2 3945 5936
2 3945 6060
2 3945 5777
2 5776 3945
2 3977 4867
2 3978 3977
2 5639 5634
2 5632 5639
2 5639 5633
2 5639 5631
2 968 3987
2 968 4847
2 3989 3988
2 3989 6433
2 3989 6434
2 3989 4033
2 3989 6435
2 3989 6436
2 3989 6437
2 3989 6438
2 6439 6440
2 6439 6441
2 6439 6442
2 6439 6443
2 6439 6444
2 6439 6445
2 6439 6446
2 6441 6447
2 6441 6448
2 6441 6446
2 6441 6443
2 6441 6449
2 6441 6450
2 6441 6451
2 6448 6450
2 6448 6442
2 6448 6452
2 6448 6446
2 6448 6453
2 6448 6443
2 6448 6447
2 6452 6304
2 6452 6303
2 6452 6449
2 6452 6442
2 6452 6454
2 6441 6452
2 6303 6453
2 6303 6299
2 6303 6454
2 6303 6450
2 6303 6305
2 6303 6302
2 6303 6455
2 6456 6457
2 6456 6458
2 6456 6459
2 6456 6460
2 6456 6461
2 6456 6462
2 6457 6460
2 6457 6463
2 6457 6464
2 6457 6458
2 6457 6459
2 6457 6314
2 6460 6465
2 6460 6314
2 6460 6463
2 6460 6313
2 6460 6458
2 6460 6312
2 6307 6308
2 6307 6466
2 6307 6306
2 6307 6300
2 6464 6314
2 6464 6313
2 6464 6465
2 6464 6312
2 6456 6464
2 6464 6463
2 6311 6464
2 6309 6466
2 6309 6310
2 6309 6467
2 6309 6468
2 6314 6313
2 6314 6312
2 6314 6465
2 6456 6314
2 6314 6463
2 6313 6312
2 6313 6318
2 6457 6313
2 6313 6325
2 6191 6190
2 6191 6310
2 6191 6187
2 6191 6467
2 6191 6468
2 6191 6466
2 6309 6191
2 6312 6318
2 6312 6338
2 6312 6325
2 6312 6469
2 6338 6325
2 6338 6469
2 6338 6212
2 6338 6324
2 6315 6470
2 6315 6471
2 6315 6320
2 6340 6321
2 6340 6471
2 6340 6339
2 6340 6472
2 6340 6470
2 6340 6320
2 6199 6336
2 6199 6473
2 6199 6350
2 6199 6474
2 6199 6343
2 6324 6475
2 6324 6212
2 6336 6201
2 6336 6350
2 6336 6343
2 6336 6200
2 6476 6475
2 6476 6477
2 6476 6478
2 6476 6479
2 6222 6476
2 6476 6480
2 6350 6201
2 6206 6350
2 6350 6347
2 6475 6477
2 6475 6480
2 6214 6475
2 6475 6478
2 6481 6482
2 6481 6483
2 6481 6484
2 6481 6208
2 6481 6339
2 6481 6092
2 6481 6087
2 6481 6472
2 6477 6485
2 6480 6485
2 6480 6486
2 6346 6480
2 6487 6488
2 6487 6485
2 6489 6354
2 6489 6490
2 6489 6366
2 6489 6491
2 6489 6492
2 6489 6493
2 6353 6360
2 6353 6228
2 6353 6494
2 6495 6360
2 6495 6496
2 6359 6234
2 6359 6369
2 6359 6370
2 6371 6248
2 6371 6372
2 6371 6497
2 6371 6245
2 6371 6498
2 6371 6499
2 6498 6500
2 6498 6501
2 6498 6248
2 6498 6502
2 6498 6503
2 6498 6245
2 6498 6504
2 6375 6505
2 6375 6251
2 6375 6506
2 6375 6507
2 6375 6508
2 6375 6249
2 6375 6509
2 6375 6503
2 6377 6376
2 6377 6510
2 6377 6511
2 6377 6512
2 6377 6513
2 6377 6378
2 6377 6514
2 6377 6374
2 4754 856
2 4754 4753
2 4754 6515
2 4754 6516
2 4754 6517
2 6379 6118
2 6379 6380
2 6379 6518
2 6379 6519
2 6379 6520
2 6379 6382
2 3991 3990
2 3991 4757
2 3991 4759
2 3991 6521
2 3991 6522
2 3991 6436
2 3991 4033
2 4753 4755
2 4753 4760
2 4753 855
2 4753 853
2 4753 6517
2 4753 6523
2 6385 6390
2 6385 6524
2 6385 6392
2 6385 6388
2 6385 6255
2 6385 6525
2 6385 6526
2 6390 6388
2 6390 6386
2 6390 6389
2 6390 6527
2 6390 6528
2 6389 6527
2 6389 6391
2 6389 6392
2 6389 6529
2 6389 6530
2 6391 6531
2 6391 6527
2 6391 6529
2 6391 6388
2 6391 6397
2 6531 6397
2 6531 6532
2 6531 6395
2 6531 6396
2 6531 6393
2 6531 6394
2 6389 6531
2 6395 6396
2 6395 6394
2 6395 6393
2 6395 6532
2 6395 6533
2 6395 6398
2 6394 6393
2 6394 6398
2 6394 6399
2 6394 6397
2 6394 6400
2 6399 6400
2 6399 6393
2 6399 6396
2 6399 6401
2 6400 6401
2 6400 6398
2 6400 6262
2 6400 6402
2 6400 6534
2 6400 6393
2 6402 6401
2 6402 6534
2 6402 6535
2 6402 6536
2 6402 6262
2 6399 6402
2 6405 6537
2 6405 6538
2 6405 6539
2 6405 6268
2 6535 6401
2 6535 6540
2 6400 6535
2 6537 6539
2 6537 6416
2 6537 6404
2 6539 6541
2 6539 6416
2 6539 6542
2 6539 6412
2 6539 6411
2 6543 6544
2 6543 6545
2 6543 6276
2 6543 6546
2 6543 6547
2 6541 6538
2 6541 6542
2 6544 6545
2 6544 6426
2 6544 6276
2 6277 6544
2 6544 6414
2 6544 6407
2 6542 6412
2 6542 6548
2 6542 6549
2 6542 6550
2 6545 6426
2 6545 6551
2 6545 6427
2 6412 6552
2 6412 6553
2 6412 6416
2 6419 6554
2 6419 6555
2 6419 6284
2 6419 6556
2 6419 6557
2 6558 6559
2 6558 6560
2 6558 6561
2 6558 3972
2 6558 6423
2 6285 6558
2 6428 6558
2 6558 3971
2 6559 6561
2 6559 3972
2 6559 6429
2 6559 3971
2 6559 1177
2 6559 6560
2 6428 6559
2 6559 6432
2 3972 6561
2 3972 3971
2 3972 1177
2 3972 6429
2 6428 3972
2 3972 6432
2 3972 6560
2 3971 6561
2 3971 6429
2 1169 3971
2 4757 3990
2 4757 4763
2 4757 4758
2 4757 6521
2 4757 6562
2 4757 6563
2 2238 2048
2 4760 856
2 4760 853
2 4760 4755
2 854 4760
2 4760 6564
2 59 60
2 4763 4758
2 4763 6563
2 4763 4759
2 4763 4762
2 4763 6562
2 4765 4824
2 4765 855
2 6565 6566
2 6565 6567
2 6565 6568
2 6565 6569
2 6565 6570
2 6565 6571
2 6565 6572
2 6565 6573
2 3064 3065
2 3064 2907
2 3064 2746
2 2745 3064
2 3064 2920
2 6568 6569
2 6568 6574
2 6568 6575
2 6568 6576
2 6568 6567
2 6568 6577
2 6568 6444
2 6574 6569
2 6574 6444
2 6574 6445
2 6574 6577
2 6574 6566
2 6574 6451
2 6574 6440
2 6578 6579
2 6578 6580
2 6578 6581
2 6578 6582
2 6445 6575
2 6445 6447
2 6445 6569
2 6579 6581
2 6579 6583
2 6579 6584
2 6579 6585
2 6579 6586
2 6579 6587
2 6579 6580
2 6584 6581
2 6584 6585
2 6584 6587
2 6584 6462
2 6584 6583
2 6584 6461
2 6578 6584
2 6446 6442
2 6446 6449
2 6446 6447
2 6446 6588
2 6446 6440
2 6446 6589
2 6587 6585
2 6587 6462
2 6587 6461
2 6587 6581
2 6587 6459
2 6587 6583
2 6461 6459
2 6461 6585
2 6461 6458
2 6461 6463
2 6461 6581
2 6459 6458
2 6459 6463
2 6459 6462
2 6459 6585
2 6459 6465
2 6584 6459
2 6454 6455
2 6454 6305
2 6454 6590
2 6454 6453
2 6454 6591
2 6454 6302
2 6454 6592
2 6458 6465
2 6458 6462
2 6587 6458
2 6305 6302
2 6305 6591
2 6305 6592
2 6305 6300
2 6305 6455
2 6305 6593
2 6466 6468
2 6466 6467
2 6466 6594
2 6466 6595
2 6466 6310
2 6466 6308
2 6466 6596
2 6467 6310
2 6467 6595
2 6467 6596
2 6467 6597
2 6467 6190
2 6598 6479
2 6598 6599
2 6598 6600
2 6598 6601
2 6598 6602
2 6476 6598
2 6470 6603
2 6470 6471
2 6470 6321
2 6470 6472
2 6470 6604
2 6470 6605
2 6478 6606
2 6478 6600
2 6324 6478
2 6472 6471
2 6472 6607
2 6472 6603
2 6472 6321
2 6472 6608
2 6472 6609
2 6333 6610
2 6333 6611
2 6333 6612
2 6333 6331
2 6333 6332
2 6333 6613
2 6333 6493
2 6611 6610
2 6611 6613
2 6611 6493
2 6611 6492
2 6611 6334
2 6611 6614
2 6483 6615
2 6483 6616
2 6483 6482
2 6483 6617
2 6483 6618
2 6483 6619
2 6613 6610
2 6613 6490
2 6613 6620
2 6486 6621
2 6486 6622
2 6486 6623
2 6486 6624
2 6625 6620
2 6625 6610
2 6485 6626
2 6485 6488
2 6485 6624
2 6485 6621
2 6485 6627
2 6485 6622
2 6616 6628
2 6616 6629
2 6616 6358
2 6616 6361
2 6616 6630
2 6359 6616
2 6616 6370
2 6631 6488
2 6631 6627
2 6631 6632
2 6631 6633
2 6356 6634
2 6356 6355
2 6356 6228
2 6356 6635
2 6625 6365
2 6365 6636
2 6370 6637
2 6370 6361
2 6370 6638
2 6370 6639
2 6370 6640
2 6370 6641
2 6639 6642
2 6639 6643
2 6639 6637
2 6639 6361
2 6501 6500
2 6501 6502
2 6501 6503
2 6501 6644
2 6501 6504
2 6501 6645
2 6501 6372
2 6501 6646
2 6503 6647
2 6503 6507
2 6503 6506
2 6503 6644
2 6503 6648
2 6506 6505
2 6506 6647
2 6506 6648
2 6506 6509
2 6506 6508
2 6506 6645
2 6508 6649
2 6508 6514
2 6508 6650
2 6508 6507
2 6508 6505
2 6508 6378
2 6514 6378
2 6514 6650
2 6514 6511
2 6514 6509
2 6514 6649
2 6514 6512
2 2577 2716
2 6511 6512
2 6511 6378
2 6511 6513
2 6511 6510
2 6511 6650
2 6511 6651
2 6511 6376
2 6513 6512
2 6513 6652
2 6513 6653
2 6513 6384
2 6513 6378
2 6513 6654
2 6653 6384
2 6653 6654
2 6653 6655
2 6653 6512
2 6653 6383
2 6511 6653
2 6654 6656
2 6654 6384
2 6654 6652
2 6654 6657
2 6654 6383
2 6654 6526
2 6656 6655
2 6656 6526
2 6656 6384
2 6653 6656
2 6656 6524
2 6656 6383
2 6656 6652
2 6526 6657
2 6526 6524
2 6526 6525
2 6526 6386
2 6526 6655
2 6526 6528
2 6525 6528
2 6525 6386
2 6525 6658
2 6525 6392
2 6525 6659
2 6390 6525
2 6528 6392
2 6528 6529
2 6528 6527
2 6528 6386
2 6385 6528
2 6389 6528
2 6529 6392
2 6529 6388
2 6529 6386
2 6660 6661
2 6660 6397
2 6395 6660
2 6531 6660
2 6660 6396
2 6660 6532
2 6394 6660
2 6660 6393
2 6661 6533
2 6661 6662
2 6661 6663
2 6661 6396
2 6394 6661
2 6661 6397
2 6395 6661
2 6661 6393
2 6662 6663
2 6662 6664
2 6662 6533
2 6662 6665
2 6662 6666
2 6662 6667
2 6662 6668
2 6660 6662
2 6664 6669
2 6664 6670
2 6669 6670
2 6669 6671
2 6672 6673
2 6672 6674
2 6675 6673
2 6675 6674
2 6675 6549
2 6675 6676
2 6675 6548
2 6677 6547
2 6677 6671
2 6677 6546
2 6677 6670
2 6677 6678
2 6677 6679
2 6547 6546
2 6547 6679
2 6547 6680
2 6547 6681
2 6547 6682
2 6547 6671
2 6547 6670
2 6679 6546
2 6679 6681
2 6679 6682
2 6679 6683
2 6679 6684
2 6549 6548
2 6549 6685
2 6549 6676
2 6549 6674
2 6549 6550
2 6549 6673
2 6549 6686
2 6549 6687
2 6549 6688
2 6682 6681
2 6682 6683
2 6682 6684
2 6682 6546
2 6682 6424
2 6685 6548
2 6685 6687
2 6685 6686
2 6685 6689
2 6685 6552
2 6683 6684
2 6683 6681
2 6683 6424
2 6683 6422
2 6683 6546
2 6683 6423
2 6550 6687
2 6550 6686
2 6550 6548
2 6550 6690
2 6552 6411
2 6552 6689
2 6552 6691
2 6552 6692
2 6557 6556
2 6557 6421
2 6286 6557
2 2916 2907
2 3243 2913
2 3243 3086
2 3243 3245
2 3243 2912
2 3243 3085
2 3243 3239
2 5735 5733
2 5735 5737
2 5735 5734
2 5735 6693
2 5735 6694
2 5735 6695
2 5735 4082
2 5735 5736
2 62 67
2 5734 5736
2 5734 5733
2 5734 5738
2 5734 6694
2 5734 4082
2 5734 6696
2 5734 6695
2 5738 5736
2 5738 5791
2 5738 5792
2 5738 5790
2 5738 4953
2 5738 6696
2 6697 6698
2 6697 6699
2 6697 6700
2 6697 6701
2 6697 6702
2 6697 6703
2 6697 6704
2 6697 6705
2 6697 6706
2 6700 6699
2 6700 6573
2 6700 6571
2 6700 6702
2 6700 6701
2 6700 6698
2 6700 6705
2 6700 6707
2 6571 6573
2 6571 6699
2 6571 6702
2 6571 6567
2 6697 6571
2 6571 6570
2 6571 6576
2 6708 6709
2 6708 6710
2 6708 6567
2 6708 6711
2 6708 6712
2 6708 6713
2 6708 6582
2 6710 6711
2 6710 6582
2 6710 6714
2 6710 6709
2 6710 6580
2 6710 6586
2 6582 6580
2 6582 6586
2 6582 6714
2 6582 6583
2 6586 6580
2 6586 6583
2 6586 6711
2 6586 6715
2 6445 6586
2 6589 6440
2 6589 6443
2 6589 6716
2 6589 6717
2 6589 6718
2 6591 6590
2 6591 6592
2 6591 6593
2 6591 6302
2 6591 6455
2 6591 6719
2 6591 6720
2 6594 6597
2 6594 6596
2 6594 6721
2 6594 6310
2 6594 6722
2 6597 6468
2 6597 6595
2 6597 6723
2 6597 6724
2 6597 6310
2 6466 6597
2 6725 6724
2 6599 6600
2 6599 6726
2 6599 6601
2 6599 6479
2 6599 6727
2 6599 6623
2 6469 6728
2 6469 6729
2 6469 6730
2 6322 6469
2 6324 6469
2 6606 6600
2 6606 6726
2 6606 6601
2 6606 6623
2 6331 6334
2 6331 6614
2 6331 6330
2 6331 6610
2 6331 6328
2 6611 6331
2 6600 6623
2 6600 6622
2 6600 6479
2 6600 6621
2 6607 6609
2 6607 6484
2 6470 6607
2 6607 6731
2 6334 6332
2 6334 6610
2 6334 6612
2 6613 6334
2 6623 6601
2 6623 6622
2 6623 6621
2 6623 6732
2 6623 6733
2 6621 6601
2 6621 6732
2 6621 6626
2 6628 6619
2 6628 6734
2 6628 6617
2 6735 6736
2 6735 6737
2 6735 6622
2 6634 6360
2 6634 6635
2 6634 6738
2 6634 6739
2 6634 6355
2 6740 6741
2 6740 6229
2 6740 6738
2 6740 6635
2 6638 6640
2 6638 6742
2 6638 6743
2 6638 6369
2 6638 6642
2 6638 6744
2 6640 6743
2 6640 6744
2 6640 6643
2 6640 6742
2 6640 6641
2 6640 6369
2 6643 6745
2 6643 6642
2 6643 6746
2 6643 6497
2 6643 6744
2 6643 6743
2 6643 6742
2 6746 6497
2 6746 6499
2 6746 6642
2 6746 6744
2 6640 6746
2 6746 6747
2 6499 6747
2 6499 6497
2 6499 6748
2 6499 6749
2 6643 6499
2 6747 6504
2 6747 6750
2 6747 6502
2 6747 6644
2 6504 6502
2 6504 6748
2 6504 6644
2 6504 6749
2 6504 6500
2 6504 6646
2 6644 6646
2 6644 6645
2 6644 6750
2 6644 6500
2 6644 6647
2 6645 6647
2 6645 6646
2 6645 6648
2 6645 6507
2 6648 6647
2 6648 6507
2 6648 6649
2 6648 6509
2 6508 6648
2 6648 6646
2 6649 6509
2 6649 6651
2 6649 6650
2 6649 6647
2 6651 6509
2 6651 6512
2 6648 6651
2 6520 6382
2 6520 6751
2 6520 6752
2 6520 6753
2 6520 6754
2 6520 6755
2 5790 4953
2 5790 5792
2 5790 6756
2 5790 5791
2 5790 4090
2 5790 5736
2 4941 5790
2 6757 6758
2 6757 6759
2 6757 6753
2 6757 6755
2 6757 6659
2 6757 6754
2 6758 6659
2 6758 6658
2 6758 6760
2 6758 6761
2 6525 6758
2 6758 6762
2 6528 6659
2 6659 6524
2 6526 6659
2 6659 6760
2 6763 6764
2 6763 6761
2 6763 6762
2 6763 6765
2 6763 6766
2 6758 6763
2 6764 6767
2 6764 6765
2 6764 6766
2 6764 6768
2 6764 6769
2 6764 6761
2 6764 6762
2 6764 6770
2 6766 6769
2 6766 6768
2 6766 6767
2 6766 6770
2 6766 6771
2 6766 6772
2 6769 6770
2 6769 6765
2 6769 6771
2 6769 6772
2 6769 6668
2 6769 6767
2 6770 6771
2 6770 6772
2 6770 6768
2 6770 6668
2 6770 6773
2 6770 6667
2 6770 6765
2 6772 6771
2 6772 6773
2 6772 6667
2 6772 6665
2 6772 6666
2 6772 6768
2 6667 6666
2 6667 6771
2 6667 6774
2 6667 6663
2 6666 6773
2 6666 6668
2 6666 6678
2 6678 6670
2 6678 6774
2 6678 6680
2 6678 6775
2 6776 6670
2 6776 6680
2 6547 6776
2 6673 6688
2 6673 6777
2 6673 6548
2 6673 6778
2 6676 6688
2 6676 6548
2 6676 6686
2 6676 6778
2 6676 6690
2 6685 6676
2 6779 6780
2 6779 6781
2 6779 6681
2 6682 6779
2 6679 6779
2 6688 6778
2 6688 6690
2 6688 6674
2 6688 6686
2 6688 6687
2 6782 6783
2 6782 6781
2 6782 6681
2 6682 6782
2 6782 6784
2 6778 6785
2 6778 6686
2 6778 6687
2 6778 6786
2 6687 6692
2 6687 6548
2 6687 6690
2 6687 6785
2 6787 6418
2 6787 6282
2 6787 6788
2 6787 6789
2 6787 6790
2 6787 6791
2 6556 6792
2 6556 6421
2 6556 6793
2 5473 5641
2 5473 5469
2 5473 5467
2 5473 5778
2 4097 5473
2 5641 5778
2 5641 5781
2 5641 5469
2 5778 5780
2 5778 5781
2 5780 5781
2 5780 5810
2 5641 5780
2 4998 6182
2 4998 6064
2 5809 5810
2 6794 6795
2 6794 6796
2 6794 6797
2 6794 6798
2 6794 6799
2 6794 6800
2 6796 6800
2 6796 6801
2 6796 6798
2 6796 6797
2 6796 6802
2 6796 6803
2 6796 6804
2 6801 6804
2 6801 6805
2 6801 6795
2 6801 6806
2 6801 6807
2 6801 6798
2 6805 6706
2 6805 6806
2 6805 6800
2 6805 6703
2 6805 6807
2 6704 6703
2 6704 6698
2 6704 6701
2 6704 6808
2 6704 6809
2 4063 4056
2 4050 4063
2 4063 4183
2 6701 6698
2 6701 6705
2 6701 6702
2 6701 6707
2 6701 6699
2 6702 6707
2 6702 6705
2 6702 6699
2 6702 6573
2 6702 6698
2 6709 6714
2 6709 6713
2 6709 6712
2 6709 6810
2 6709 6811
2 6572 6576
2 6572 6812
2 6572 6813
2 6572 6814
2 6572 6815
2 6572 6566
2 6572 6816
2 6717 6716
2 6717 6817
2 6717 6818
2 6717 6819
2 6717 6820
2 6717 6821
2 6717 6577
2 6717 6822
2 6819 6820
2 6819 6818
2 6819 6718
2 6819 6716
2 6819 6823
2 6819 6588
2 6819 6824
2 6720 6592
2 6720 6825
2 6720 6826
2 6720 6827
2 6720 6590
2 6720 6593
2 6828 6593
2 6828 6829
2 6828 6830
2 6828 6831
2 6828 6827
2 6828 6592
2 6828 6719
2 6591 6828
2 6828 6832
2 6721 6833
2 6721 6595
2 6721 6834
2 6721 6835
2 6721 6836
2 6721 6837
2 6724 6838
2 6724 6839
2 6724 6840
2 6724 6841
2 6724 6842
2 6724 6596
2 6724 6843
2 6727 6733
2 6727 6732
2 6727 6844
2 6727 6845
2 6727 6846
2 6733 6732
2 6733 6844
2 6733 6845
2 6733 6846
2 6733 6601
2 6847 6848
2 6847 6849
2 6847 6850
2 6847 6851
2 6617 6850
2 6617 6852
2 6617 6484
2 6617 6853
2 6617 6848
2 6617 6849
2 6854 6855
2 6854 6856
2 6854 6857
2 6854 6858
2 6854 6859
2 6619 6850
2 6737 6860
2 6737 6861
2 6737 6855
2 6737 6626
2 6624 6736
2 6624 6859
2 6624 6862
2 6624 6863
2 6624 6860
2 6488 6627
2 6488 6632
2 6488 6864
2 6488 6633
2 6488 6865
2 6488 6866
2 6488 6867
2 6738 6739
2 6738 6494
2 6738 6868
2 6738 6741
2 6738 6869
2 6738 6870
2 6738 6871
2 6741 6872
2 6741 6873
2 6741 6635
2 6874 6742
2 6874 6875
2 6874 6743
2 6874 6876
2 6742 6743
2 6742 6641
2 6742 6744
2 6742 6642
2 6742 6875
2 6742 6877
2 6744 6743
2 6744 6642
2 6744 6745
2 6744 6641
2 6878 6879
2 6878 6880
2 6878 6881
2 6878 6882
2 6878 6883
2 6878 6745
2 6878 6749
2 6499 6878
2 6880 6749
2 6880 6879
2 6880 6884
2 6880 6750
2 6885 6886
2 6885 6887
2 6885 6888
2 6885 6889
2 6885 6890
2 6885 6891
2 6889 6892
2 6889 6890
2 6889 6886
2 6889 6887
2 6890 6752
2 6890 6751
2 6890 6888
2 6890 6754
2 6751 6887
2 6751 6518
2 6751 6759
2 6751 6753
2 6754 6752
2 6754 6753
2 6754 6755
2 6754 6382
2 6754 6760
2 6754 6893
2 6755 6893
2 6755 6759
2 6755 6760
2 6755 6752
2 6755 6762
2 6751 6755
2 4056 4183
2 4056 4055
2 6893 6762
2 6893 6753
2 6893 6759
2 3866 3962
2 3778 3866
2 3866 3776
2 6762 6767
2 6762 6753
2 6894 6895
2 6894 6896
2 6894 6897
2 6894 6674
2 6898 6781
2 6898 6899
2 6779 6898
2 6900 6901
2 6900 6902
2 6900 6903
2 6900 6904
2 6786 6897
2 6786 6690
2 6905 6906
2 6905 6690
2 6688 6905
2 6905 6907
2 6908 6792
2 6908 6420
2 6908 6791
2 6908 6418
2 6908 6904
2 6908 6902
2 4828 4826
2 4828 4830
2 4828 4936
2 4828 4937
2 4828 4829
2 4828 4938
2 4828 4077
2 4938 6562
2 4938 6563
2 4938 6521
2 4938 6522
2 4938 4937
2 4938 4759
2 4938 4830
2 4757 4938
2 4763 4938
2 6563 4764
2 6563 6562
2 6563 4759
2 6563 6521
2 6563 4758
2 6563 6522
2 4764 4758
2 4764 4759
2 4757 4764
2 4764 4762
2 4764 6562
2 3776 3779
2 3598 3465
2 4183 4356
2 4183 4354
2 3295 4183
2 3970 3469
2 6909 6910
2 6909 6911
2 6909 6912
2 6909 6913
2 6909 6914
2 6909 6915
2 6909 6916
2 6909 6917
2 6909 6918
2 3960 3964
2 6911 6916
2 6911 6913
2 6911 6918
2 6911 6915
2 6911 6910
2 6911 6919
2 6911 6920
2 6911 6917
2 3689 3597
2 3689 3596
2 3366 3689
2 3367 3689
2 3689 3465
2 6918 6920
2 6918 6916
2 6918 6919
2 6918 6799
2 6918 6913
2 6918 6921
2 6918 6922
2 6918 6923
2 6799 6923
2 6799 6920
2 6799 6922
2 6799 6803
2 6799 6921
2 6799 6924
2 6799 6919
2 6799 6802
2 6803 6797
2 6803 6798
2 6803 6922
2 6803 6925
2 6803 6924
2 6798 6926
2 6798 6925
2 6798 6795
2 6798 6800
2 6798 6923
2 6807 6927
2 6807 6800
2 6807 6808
2 6807 6928
2 6807 6929
2 6807 6930
2 6807 6703
2 4356 4354
2 4050 4356
2 4356 4519
2 6707 6705
2 6707 6931
2 6707 6932
2 6707 6703
2 6707 6933
2 6707 6934
2 6707 6935
2 6713 6810
2 6713 6936
2 6812 6813
2 6812 6815
2 6812 6814
2 6812 6570
2 6812 6816
2 6812 6937
2 6812 6938
2 6812 6939
2 3333 3334
2 3333 3337
2 6814 6815
2 6814 6940
2 6814 6939
2 6814 6816
2 6814 6938
2 6814 6813
2 6814 6570
2 4354 4519
2 4354 4521
2 6821 6817
2 6821 6822
2 6821 6941
2 6821 6818
2 6821 6942
2 6821 6716
2 6821 6943
2 6821 6940
2 6824 6718
2 6824 6944
2 6824 6945
2 6824 6946
2 6824 6818
2 6824 6947
2 6948 6944
2 6948 6949
2 6948 6950
2 6948 6951
2 6948 6945
2 6948 6718
2 6948 6823
2 6825 6826
2 6825 6719
2 6825 6952
2 6825 6953
2 6825 6950
2 6825 6954
2 6825 6955
2 6825 6827
2 6830 6829
2 6830 6956
2 6830 6957
2 6830 6836
2 6830 6832
2 6830 6834
2 6830 6958
2 6836 6957
2 6836 6958
2 6836 6833
2 6836 6722
2 6836 6829
2 6836 6831
2 6833 6837
2 6833 6835
2 6833 6834
2 6833 6959
2 6833 6722
2 6835 6842
2 6835 6843
2 6835 6840
2 6842 6839
2 6842 6959
2 6842 6723
2 6842 6838
2 6839 6838
2 6839 6843
2 6839 6841
2 6839 6723
2 6835 6839
2 6841 6960
2 6841 6723
2 6841 6961
2 6841 6843
2 6960 6961
2 6960 6962
2 6960 6838
2 6960 6963
2 6960 6964
2 6724 6960
2 6845 6965
2 6845 6846
2 6845 6966
2 6845 6732
2 6845 6967
2 6845 6858
2 6962 6961
2 6962 6963
2 6962 6968
2 6962 6969
2 6962 6970
2 6962 6604
2 6962 6851
2 6844 6846
2 6844 6965
2 6844 6732
2 6844 6966
2 6844 6858
2 6844 6967
2 6968 6969
2 6968 6964
2 6968 6851
2 6968 6963
2 6968 6731
2 6968 6961
2 6968 6609
2 6846 6858
2 6846 6857
2 6846 6856
2 6731 6849
2 6731 6848
2 6858 6857
2 6858 6856
2 6858 6855
2 6858 6971
2 6858 6972
2 6858 6967
2 6858 6861
2 6849 6852
2 6849 6851
2 6849 6850
2 6856 6857
2 6856 6861
2 6856 6860
2 6856 6971
2 6856 6973
2 6852 6853
2 6852 6848
2 6852 6734
2 6852 6974
2 6853 6734
2 6853 6876
2 6849 6853
2 6975 6734
2 6853 6975
2 6619 6975
2 6973 6860
2 6973 6857
2 6736 6626
2 6736 6863
2 6736 6862
2 6736 6860
2 6632 6627
2 6632 6864
2 6632 6865
2 6632 6633
2 6632 6867
2 6632 6866
2 6632 6976
2 6739 6635
2 6739 6869
2 6739 6870
2 6739 6977
2 6873 6883
2 6873 6881
2 6873 6978
2 6873 6871
2 6873 6979
2 6873 6980
2 6873 6884
2 6883 6884
2 6883 6981
2 6883 6879
2 6883 6978
2 6883 6979
2 6880 6883
2 6982 6983
2 6982 6984
2 6982 6985
2 6982 6986
2 6982 6871
2 6982 6981
2 6982 6881
2 6982 6987
2 6884 6879
2 6884 6881
2 6884 6981
2 6884 6882
2 6884 6749
2 6984 6983
2 6984 6986
2 6984 6987
2 6984 6988
2 6984 6989
2 6984 6979
2 6884 6984
2 6986 6985
2 6986 6987
2 6986 6988
2 6986 6989
2 6986 6983
2 6986 6990
2 6986 6991
2 6988 6987
2 6988 6990
2 6988 6991
2 6988 6985
2 6988 6992
2 6988 6886
2 6990 6989
2 6990 6992
2 6990 6987
2 6990 6886
2 6990 6985
2 6990 6892
2 6992 6991
2 6992 6892
2 6992 6989
2 6992 6987
2 6992 6993
2 4519 4521
2 4519 4641
2 4519 4643
2 4639 5119
2 4983 4639
2 4643 4641
2 4643 4521
2 4733 4643
2 4642 4643
2 4986 5114
2 6896 6897
2 6896 6994
2 6896 6995
2 6896 6996
2 6896 6997
2 6897 6998
2 6897 6999
2 6897 7000
2 6995 7000
2 6995 7001
2 7002 6902
2 7002 6899
2 7002 6791
2 7002 6793
2 7002 6903
2 6904 7003
2 6904 6793
2 6904 7004
2 6904 6899
2 6791 6902
2 7005 7006
2 7005 7007
2 7005 7008
2 7005 7009
2 7005 7010
2 7005 7011
2 7005 7012
2 7005 7013
2 7005 7014
2 7015 6691
2 7015 7016
2 7015 7017
2 7015 6553
2 7015 7018
2 7019 7020
2 7019 7021
2 7019 7022
2 7019 7023
2 7019 7024
2 7019 7025
2 7019 7026
2 7019 7027
2 7020 7025
2 7020 7028
2 7020 7022
2 7020 7029
2 7020 7030
2 7020 7023
2 7028 7029
2 7028 7025
2 7028 7031
2 7028 7030
2 7028 7021
2 7028 7032
2 7028 7024
2 7028 7033
2 7031 7029
2 7031 7033
2 7031 7025
2 7031 7030
2 7031 7034
2 7031 7035
2 7031 7036
2 7033 7035
2 7033 7034
2 7033 7037
2 7033 7038
2 7033 7039
2 7033 7029
2 7037 7035
2 7037 7034
2 7037 7040
2 7037 7041
2 7037 7038
2 7037 7042
2 7037 7032
2 7037 7039
2 7041 7035
2 7041 7043
2 7041 7038
2 7041 7034
2 7041 7044
2 7033 7041
2 7044 7043
2 7044 7045
2 7044 7046
2 7044 7047
2 7044 7048
2 7044 7049
2 7044 7042
2 7044 7050
2 7047 7045
2 7047 7048
2 7047 7051
2 7047 7052
2 7047 7050
2 7047 7043
2 7047 7053
2 7051 7052
2 7051 7053
2 7051 7054
2 7051 7050
2 7051 7046
2 7051 7055
2 7051 7056
2 7051 7048
2 7054 7056
2 7054 7052
2 7054 7057
2 7054 7055
2 7054 7058
2 7054 7059
2 7054 7050
2 7057 7056
2 7057 7060
2 7057 7061
2 7057 7058
2 7057 7053
2 7057 7055
2 7057 4073
2 7057 7052
2 7061 4073
2 7061 4077
2 7061 4078
2 7061 7056
2 7061 7058
2 7061 7062
2 4071 7061
2 4078 7060
2 4078 7062
2 4826 4830
2 4826 4829
2 4826 4937
2 4826 7063
2 4826 4072
2 4826 4076
2 4937 4830
2 4937 6522
2 4937 6438
2 4937 4829
2 4937 6521
2 4937 7063
2 4937 6436
2 4937 6562
2 6521 6522
2 6521 6562
2 6521 6438
2 6521 6436
2 4759 6562
2 4759 3990
2 4759 4758
2 4758 4762
2 4758 912
2 4762 843
2 4762 912
2 4762 847
2 913 4762
2 5128 6026
2 5128 7064
2 2841 5128
2 2997 5128
2 843 841
2 4758 843
2 4756 843
2 843 842
2 843 915
2 841 842
2 841 847
2 841 845
2 846 841
2 849 841
2 4762 841
2 842 845
2 842 848
2 842 2985
2 848 2985
2 848 845
2 2985 2988
2 4085 2985
2 4083 2985
2 2985 4084
2 2988 4084
2 4086 2988
2 848 2988
2 4085 4084
2 4081 4084
2 4221 4220
2 4221 4209
2 4221 4215
2 4221 7065
2 4221 4213
2 4221 4372
2 5104 7066
2 5104 5093
2 5093 7066
2 6912 6914
2 6912 6910
2 6912 6917
2 6912 6915
2 6912 7067
2 6912 6913
2 6912 7068
2 6912 7069
2 6915 6917
2 6915 6913
2 6915 7070
2 6915 6910
2 6915 7069
2 6915 6914
2 6915 6919
2 4875 4873
2 4875 4880
2 4979 4875
2 6921 7071
2 6921 6922
2 6921 6919
2 6921 6924
2 6921 7072
2 6921 6920
2 6921 7073
2 6924 6925
2 6924 7074
2 6924 7071
2 6924 6926
2 6924 7075
2 6924 6923
2 6926 6797
2 6926 7076
2 6926 7074
2 6926 7075
2 6803 6926
2 6928 6927
2 6928 7077
2 6928 6806
2 6928 6930
2 6928 7078
2 6928 6935
2 6928 7079
2 537 545
2 537 460
2 537 544
2 6933 6931
2 6933 6813
2 6933 7080
2 6812 6933
2 6811 6712
2 6816 6815
2 6816 7081
2 6816 6939
2 6816 7082
2 6816 6813
2 4876 4873
2 4876 4880
2 6939 6942
2 6939 6938
2 6939 6815
2 6939 6822
2 6942 6822
2 6942 6940
2 6942 6941
2 6942 7082
2 6942 6943
2 6942 6817
2 6941 6943
2 6941 6822
2 6941 6947
2 6941 6946
2 6941 6817
2 6941 6818
2 6947 6943
2 6947 6945
2 6947 6823
2 6947 7083
2 6821 6947
2 6945 7083
2 6945 6944
2 6945 6946
2 6945 6823
2 6945 6949
2 6945 6951
2 6949 6944
2 6949 6950
2 6949 7083
2 6949 6954
2 6824 6949
2 6949 6953
2 6954 6951
2 6954 6953
2 6954 6952
2 6954 6826
2 6948 6954
2 6954 6944
2 6952 6955
2 6952 7084
2 6952 6950
2 6952 6827
2 6952 6826
2 6952 6951
2 6955 6827
2 6955 7085
2 6955 6832
2 6955 6953
2 6955 6719
2 6955 6831
2 7085 6827
2 7085 6956
2 7085 7084
2 7085 6831
2 6830 7085
2 7085 6957
2 6828 7085
2 6956 6832
2 6956 6831
2 6956 6957
2 6956 6958
2 6836 6956
2 6956 6827
2 6956 6834
2 6958 6957
2 6958 6837
2 6958 6834
2 6958 6831
2 6958 7086
2 6833 6958
2 7086 6957
2 6836 7086
2 7087 7088
2 7087 6840
2 7087 6838
2 7087 6970
2 6841 7087
2 6839 7087
2 6960 7087
2 6724 7087
2 7088 7089
2 7088 7090
2 7088 7091
2 7088 7092
2 6967 6971
2 6967 6972
2 6967 7093
2 6967 7094
2 6967 7095
2 7096 7097
2 7096 7098
2 7096 7099
2 7096 7100
2 7096 7101
2 7096 7102
2 7096 7103
2 6730 7104
2 6730 7105
2 6730 7092
2 6972 7093
2 6972 7094
2 6972 7095
2 6972 6857
2 6972 7106
2 6972 7107
2 7108 7109
2 7110 7111
2 7110 7109
2 7110 7112
2 7110 7113
2 7114 7115
2 7114 7116
2 7114 7117
2 7114 7118
2 7114 7119
2 7114 7120
2 7121 6977
2 7121 7122
2 7121 7123
2 7121 6870
2 7121 7124
2 6739 7121
2 7125 7115
2 7125 7116
2 7125 7120
2 7125 7118
2 7125 7126
2 7125 7117
2 6977 6870
2 6977 7127
2 6977 6869
2 6977 6868
2 6977 7122
2 6859 7128
2 6859 7129
2 6865 6864
2 6865 6866
2 6865 6867
2 6865 6627
2 6865 7130
2 6865 7131
2 6870 6869
2 6870 6868
2 6870 7123
2 6870 6635
2 6868 6980
2 6868 7124
2 6868 6978
2 6868 6871
2 6868 6635
2 6868 7123
2 6980 6978
2 6980 6979
2 6980 6869
2 6980 6981
2 6870 6980
2 6979 6981
2 6868 6979
2 6979 6869
2 6979 6983
2 545 544
2 545 711
2 206 203
2 206 208
2 206 207
2 206 212
2 4552 4618
2 4552 4619
2 4617 4552
2 4552 4621
2 4345 4344
2 4345 4335
2 4490 4511
2 4616 4490
2 4490 4509
2 4510 4490
2 7132 7133
2 7132 7134
2 7132 6997
2 7132 7135
2 7132 7136
2 7132 7137
2 7132 6994
2 7132 7138
2 7132 7139
2 6997 6994
2 6997 7139
2 6997 7140
2 6997 7133
2 6997 6996
2 6997 7135
2 6997 6999
2 7140 6994
2 7140 6999
2 7140 7134
2 7140 6998
2 7140 6996
2 7140 7141
2 7140 7133
2 6999 7142
2 6999 7139
2 6999 7141
2 6999 7143
2 6999 6994
2 6999 6996
2 6999 7000
2 7142 7000
2 7142 6998
2 7142 7001
2 7142 7141
2 7142 7144
2 7140 7142
2 7142 7139
2 7001 7014
2 7001 7013
2 7001 6998
2 6999 7001
2 7014 7013
2 7014 7010
2 7014 7000
2 7014 7145
2 7014 7008
2 7014 7146
2 7147 6789
2 7147 6790
2 7147 7148
2 7147 7149
2 7147 7150
2 7147 7151
2 7147 6788
2 7010 7007
2 7010 7146
2 7010 7145
2 7010 7006
2 7010 7012
2 6789 6788
2 6789 7152
2 6789 7153
2 6789 7148
2 6789 7149
2 6789 7151
2 6789 7150
2 7007 7008
2 7007 7012
2 7007 7006
2 7007 7011
2 7007 7009
2 7007 7154
2 7007 7146
2 6907 7155
2 6907 7156
2 6907 7157
2 6907 7158
2 6907 6690
2 6778 6907
2 7159 7160
2 7159 7017
2 7159 6689
2 7159 6692
2 7159 7161
2 7011 7009
2 7011 7012
2 7011 7162
2 7011 7027
2 7011 7154
2 7011 7006
2 7011 7008
2 7153 7163
2 7153 6790
2 7153 7151
2 7153 7150
2 7153 6691
2 7162 7027
2 7162 7164
2 7162 7009
2 7162 7165
2 7162 7012
2 7162 7166
2 7007 7162
2 7162 7154
2 7167 7168
2 7167 7169
2 7167 7023
2 7167 7170
2 7162 7167
2 7167 7021
2 7167 7027
2 7164 7027
2 7164 7166
2 7164 7022
2 7164 7171
2 7164 7172
2 7169 7023
2 7169 7021
2 7019 7169
2 7020 7169
2 7169 7026
2 7024 7025
2 7024 7030
2 7024 7026
2 7024 7171
2 7030 7029
2 7030 7021
2 7030 7032
2 7030 7022
2 7038 7034
2 7038 7039
2 7038 7040
2 7038 7035
2 7038 7173
2 7038 7032
2 7174 7175
2 7174 7036
2 7174 7176
2 7174 7177
2 7174 7178
2 7174 7179
2 7174 7180
2 7174 7181
2 7174 7182
2 7175 7176
2 7175 7180
2 7175 7182
2 7175 7183
2 7176 7182
2 7176 7180
2 7176 7184
2 7176 7185
2 7176 7178
2 7048 7050
2 7048 7049
2 7048 7046
2 7048 7186
2 7048 7052
2 7187 7188
2 7187 7189
2 7187 7190
2 7187 7191
2 7187 7192
2 7187 7193
2 7187 7185
2 7055 7058
2 7055 7050
2 7055 7052
2 7055 7194
2 7055 7195
2 7055 7056
2 7189 7196
2 7189 7190
2 7189 7192
2 7189 7188
2 7189 7197
2 7189 7198
2 7189 7191
2 7058 7195
2 7058 7059
2 7058 4842
2 7058 7056
2 7058 7194
2 7196 7199
2 7187 7196
2 7196 7197
2 7196 7198
2 7196 7200
2 7196 7201
2 7196 7202
2 7196 7190
2 7062 4073
2 7062 4072
2 7062 4074
2 7062 4077
2 7062 4076
2 7062 4075
2 4825 7062
2 4072 4829
2 4072 7063
2 4072 4075
2 4072 4079
2 7063 4829
2 7063 4076
2 7063 6434
2 7063 6438
2 7063 6436
2 7063 6433
2 7063 4079
2 4935 5125
2 4935 4929
2 4935 4931
2 4935 4933
2 6436 6434
2 6436 6522
2 6436 6433
2 6436 3988
2 5125 5354
2 5125 5353
2 5125 4930
2 5125 4934
2 5125 6564
2 5125 4929
2 5354 7203
2 5354 7204
2 5354 6564
2 5354 7205
2 5354 7206
2 5354 4930
2 3990 912
2 3990 909
2 3990 4033
2 7203 7206
2 7203 5353
2 7203 6564
2 7203 4766
2 7203 7205
2 5125 7203
2 912 3063
2 912 909
2 4757 912
2 7206 4766
2 7206 7204
2 7206 6564
2 7206 4824
2 7206 5353
2 7206 811
2 4766 811
2 4766 4824
2 4766 7204
2 4766 808
2 847 915
2 847 3052
2 811 807
2 811 4824
2 811 808
2 807 806
2 807 4824
2 807 809
2 4766 807
2 4761 807
2 845 3051
2 845 3052
2 806 809
2 806 810
2 806 808
2 806 2980
2 811 806
2 812 806
2 809 2980
2 809 810
2 809 2982
2 2983 809
2 2980 2982
2 2980 810
2 2980 4080
2 2982 4080
2 4081 2982
2 4941 2982
2 2982 4082
2 4080 4082
2 4082 5733
2 4082 5736
2 4082 5791
2 5738 4082
2 5733 5737
2 5733 6694
2 5733 5736
2 5733 6693
2 5733 6695
2 5737 6693
2 5737 7207
2 5737 6694
2 5737 6695
2 5734 5737
2 5737 7208
2 5737 7209
2 7207 6693
2 7207 7209
2 7207 7208
2 7207 6695
2 5735 7207
2 7207 6694
2 5733 7207
2 7207 7210
2 7067 7068
2 7067 7069
2 7067 6914
2 7067 7211
2 7067 7070
2 7067 6917
2 7067 7212
2 6915 7067
2 7070 7069
2 7070 6917
2 7070 7213
2 7070 7073
2 7070 7214
2 7070 7211
2 7070 7212
2 7073 7213
2 7073 7072
2 7073 7215
2 7073 7071
2 7073 7214
2 7073 6919
2 7072 7071
2 7072 7215
2 7072 7075
2 7072 7216
2 7072 7074
2 7072 7217
2 6924 7072
2 7075 7076
2 7075 7218
2 7075 6925
2 7075 7219
2 7075 7215
2 7076 7074
2 7076 7220
2 7076 7221
2 7076 7218
2 7076 7219
2 7221 6930
2 7221 7078
2 7221 7222
2 7221 6927
2 7221 7074
2 7078 7077
2 7078 6927
2 7078 7220
2 7077 7079
2 7077 6930
2 7077 6927
2 7079 6935
2 7079 6934
2 7079 6932
2 7079 7223
2 7079 7224
2 7079 6931
2 6934 6935
2 6934 7225
2 6934 6931
2 6933 6934
2 7077 6934
2 7225 6931
2 7225 7226
2 7225 6935
2 7225 6937
2 7227 7228
2 7228 7229
2 7080 7228
2 4344 4512
2 4344 4341
2 7229 7230
2 7229 7231
2 7229 7232
2 7227 7229
2 7231 7233
2 7231 7230
2 7228 7231
2 7231 7234
2 7233 7234
2 7233 7235
2 7233 7236
2 7229 7233
2 7233 7230
2 7234 7235
2 7234 7236
2 7234 7237
2 7234 7238
2 7236 7237
2 7236 7238
2 7236 7239
2 7236 7240
2 7236 7241
2 7231 7236
2 7237 7239
2 7237 7235
2 7237 7240
2 7237 7241
2 7233 7237
2 7237 7242
2 7239 7238
2 7239 7241
2 7239 7242
2 7239 7243
2 7239 7235
2 7234 7239
2 7241 7242
2 7241 7243
2 7241 7238
2 7241 7244
2 7241 7245
2 7243 7242
2 7243 7244
2 7243 7245
2 7243 7240
2 7243 7246
2 7243 7247
2 7243 7238
2 7244 7246
2 7244 7242
2 7244 7247
2 7244 7248
2 7244 7240
2 7244 7249
2 7246 7247
2 7246 7245
2 7246 7248
2 7246 7249
2 7246 7242
2 7246 7250
2 7246 7251
2 7248 7247
2 7248 7249
2 7248 7250
2 7248 7251
2 7248 7245
2 7248 7252
2 7248 7091
2 7249 7251
2 7249 7252
2 7249 7247
2 7249 7091
2 7249 7090
2 7249 7245
2 7251 7250
2 7251 7091
2 7251 7090
2 7251 7089
2 7251 7253
2 7251 7247
2 7091 7090
2 7091 7252
2 7091 7089
2 7091 7253
2 7091 7254
2 7091 7250
2 7089 7090
2 7089 7253
2 7089 7254
2 7089 7252
2 7089 7255
2 7089 7256
2 7254 7255
2 7254 7090
2 7254 7256
2 7254 7092
2 7254 7257
2 7255 7092
2 7255 7258
2 7255 7257
2 7255 7253
2 7255 7104
2 7255 7105
2 7094 7095
2 7094 7107
2 7094 7259
2 7094 6971
2 7094 7260
2 7094 7106
2 6966 7261
2 7092 7256
2 7092 7105
2 7092 7104
2 7092 7257
2 7092 7109
2 7092 6729
2 7092 7112
2 7095 7106
2 7095 7093
2 7095 7107
2 7095 7262
2 7095 6971
2 7095 7260
2 7105 7258
2 7105 7109
2 7105 7112
2 7105 7113
2 7105 7256
2 7105 7111
2 7106 7262
2 7106 7119
2 7106 7117
2 7106 7107
2 7106 7263
2 7106 7260
2 7106 7093
2 7112 7258
2 7112 7122
2 7119 7262
2 7119 7117
2 7119 7263
2 7119 7264
2 7095 7119
2 7119 7118
2 7117 7118
2 7117 7265
2 7117 7263
2 7266 7267
2 7266 7268
2 7266 7269
2 7266 7270
2 7266 7127
2 7266 7122
2 7266 7271
2 7266 7272
2 7268 7127
2 7268 7273
2 7268 7267
2 7268 7124
2 7268 7123
2 6977 7268
2 7118 7265
2 7118 7274
2 7116 7126
2 7116 7275
2 7116 7115
2 7116 7264
2 6862 7128
2 6862 7129
2 6862 7276
2 6866 7130
2 6866 6864
2 6866 7277
2 6866 7131
2 6866 6627
2 6866 6633
2 4511 4509
2 4512 4343
2 4512 4509
2 4345 4512
2 6122 1009
2 7278 7279
2 7278 7280
2 7278 7281
2 7278 7282
2 7278 7283
2 7278 7284
2 7278 7285
2 7278 7286
2 7281 7279
2 7281 7287
2 7281 7288
2 7281 7284
2 7281 7280
2 7281 7286
2 7287 7283
2 7287 7289
2 7287 7290
2 7287 7279
2 7287 7284
2 7287 7286
2 7290 7289
2 7290 7291
2 7290 7292
2 7290 7293
2 7290 7283
2 7290 7294
2 7291 7295
2 7291 7292
2 7291 7296
2 7291 7138
2 7291 7294
2 7291 7289
2 7291 7136
2 7291 7293
2 7138 7136
2 7138 7292
2 7138 7135
2 7138 7137
2 7138 7295
2 7138 7294
2 7138 7133
2 7135 7137
2 7135 7133
2 7135 7136
2 7135 7296
2 7135 7134
2 7135 6994
2 6996 6994
2 6996 7297
2 6996 7298
2 6996 7139
2 6996 7133
2 7141 6998
2 7141 7139
2 7141 6994
2 7141 7143
2 7141 7297
2 7299 7300
2 7299 7301
2 7299 7302
2 7299 7303
2 7299 7304
2 7299 7305
2 7299 7306
2 7149 7152
2 7149 7307
2 7149 7150
2 7149 7151
2 7149 6790
2 7149 7308
2 7309 7310
2 7309 7145
2 7309 7146
2 7309 7143
2 7309 7000
2 7311 7312
2 7311 7313
2 7311 7314
2 7311 7303
2 7311 7304
2 7311 7315
2 7145 7146
2 7145 7310
2 7145 7008
2 7145 7316
2 7145 7154
2 7151 7317
2 7151 7152
2 7151 7163
2 7151 7148
2 7151 7017
2 7318 7319
2 7318 7320
2 7318 7314
2 7318 7315
2 7318 7321
2 7318 7322
2 7318 7313
2 7316 7323
2 7316 7324
2 7316 7012
2 7316 7146
2 7007 7316
2 7316 7008
2 7156 7157
2 7156 7155
2 7156 7325
2 7156 7326
2 7156 7327
2 7156 6785
2 7156 7328
2 7170 7329
2 7170 7330
2 7166 7165
2 7166 7172
2 7166 7331
2 7166 7027
2 7171 7026
2 7171 7172
2 7171 7022
2 7171 7332
2 7171 7331
2 7171 7165
2 7333 7334
2 7333 7335
2 7333 7336
2 7333 7337
2 7333 7338
2 7333 7339
2 7333 7340
2 7334 7339
2 7334 7341
2 7334 7342
2 7334 7343
2 7334 7336
2 7334 7337
2 7334 7344
2 7339 7335
2 7339 7344
2 7339 7345
2 7339 7346
2 7339 7341
2 7339 7347
2 7339 7348
2 7349 7173
2 7349 7350
2 7349 7039
2 7349 7351
2 7030 7349
2 7349 7032
2 7349 7352
2 7344 7346
2 7344 7345
2 7344 7181
2 7344 7348
2 7344 7179
2 7344 7347
2 7344 7353
2 7173 7354
2 7173 7039
2 7173 7351
2 7173 7350
2 7173 7355
2 7173 7034
2 7173 7032
2 7181 7346
2 7181 7179
2 7181 7177
2 7181 7345
2 7181 7356
2 7181 7353
2 7181 7348
2 7181 7343
2 7177 7179
2 7177 7178
2 7177 7180
2 7177 7182
2 7177 7356
2 7177 7346
2 7177 7353
2 7180 7182
2 7180 7178
2 7180 7183
2 7180 7357
2 7180 7358
2 7180 7359
2 7180 7179
2 7180 7184
2 7183 7184
2 7183 7185
2 7183 7359
2 7183 7178
2 7183 7193
2 7186 7049
2 7186 7360
2 7186 7045
2 7186 7361
2 7186 7362
2 7186 7043
2 7186 7050
2 7185 7184
2 7185 7193
2 7185 7191
2 7185 7188
2 7185 7357
2 7185 7363
2 7185 7182
2 7185 7190
2 7191 7193
2 7191 7190
2 7191 7192
2 7191 7363
2 7191 7184
2 7191 7364
2 7190 7192
2 7190 7200
2 7190 7188
2 7190 7363
2 7190 7193
2 7190 7364
2 7190 7198
2 7200 7192
2 7200 7198
2 7200 7197
2 7200 7365
2 7200 7363
2 7200 7201
2 7200 7202
2 7191 7200
2 4842 4838
2 4842 4841
2 4842 4836
2 4842 7059
2 4842 4839
2 7055 4842
2 7198 7201
2 7198 7202
2 7198 7365
2 7198 7192
2 7198 7366
2 7198 7367
2 7201 7365
2 7201 7367
2 7201 7368
2 7201 7197
2 7201 7369
2 7201 7370
2 7201 7366
2 4074 4837
2 4074 4835
2 4074 4075
2 4074 4073
2 7368 7370
2 7368 7202
2 7368 4933
2 7368 7365
2 7368 4931
2 4933 4931
2 4933 7369
2 4933 4934
2 4933 7367
2 4079 4075
2 4079 4076
2 4079 6435
2 4079 6434
2 4079 6433
2 4079 7371
2 4079 6437
2 4929 4934
2 4929 4930
2 4929 5126
2 6433 6434
2 6433 6435
2 6433 3988
2 6433 6437
2 6433 4076
2 4930 5126
2 4930 4931
2 3988 4033
2 3988 6434
2 3988 6435
2 3988 6438
2 4033 909
2 913 4033
2 6436 4033
2 6564 5353
2 6564 6517
2 7372 7205
2 7372 6517
2 7372 7204
2 5354 7372
2 7372 4755
2 6564 7372
2 7372 855
2 909 3063
2 3991 909
2 3063 3062
2 913 3063
2 3990 3063
2 3062 915
2 912 3062
2 909 3062
2 913 3062
2 4824 808
2 915 3052
2 844 915
2 845 915
2 915 3051
2 808 814
2 3052 3051
2 846 3052
2 3051 4087
2 810 814
2 807 810
2 845 4087
2 846 4087
2 4939 4940
2 4940 5791
2 4951 4940
2 4940 4953
2 5791 5736
2 5791 4953
2 5791 5792
2 5736 6696
2 5736 6694
2 5736 5792
2 5736 6756
2 5736 7373
2 6694 6696
2 6694 7208
2 6694 6693
2 6694 7210
2 7208 7209
2 7208 7210
2 7208 6693
2 7208 7374
2 7208 6696
2 7211 7069
2 7211 7214
2 7211 7068
2 7211 6917
2 7211 6914
2 7214 7217
2 7214 7212
2 7067 7214
2 7217 7216
2 7217 7071
2 7070 7217
2 7217 7218
2 1095 1103
2 1095 1102
2 890 1095
2 7216 7215
2 7216 7218
2 7216 7219
2 7075 7216
2 7216 7071
2 7216 7074
2 7073 7216
2 7219 7222
2 7219 7074
2 7219 7215
2 7219 7220
2 7072 7219
2 7222 7220
2 7222 7218
2 7222 7375
2 7216 7222
2 7375 7376
2 7375 7220
2 7076 7375
2 7375 7223
2 7219 7375
2 7376 7223
2 7376 7224
2 7376 7220
2 7222 7376
2 7224 6935
2 6934 7224
2 7078 7224
2 7375 7224
2 7224 6930
2 1102 1103
2 891 1102
2 1102 1209
2 7260 7377
2 7260 7107
2 7260 7378
2 7260 7379
2 7260 7259
2 7260 7263
2 7379 7377
2 7379 7380
2 7379 7381
2 7119 7379
2 7106 7379
2 7100 7270
2 7100 7103
2 7263 7377
2 7263 7381
2 7102 7101
2 7102 7271
2 7102 7270
2 7102 7269
2 7102 7099
2 7102 7267
2 7102 7103
2 7269 7271
2 7269 7267
2 7269 7101
2 7269 7273
2 7382 7383
2 7382 7384
2 7382 7265
2 7382 7385
2 7382 7386
2 7274 7265
2 7274 7383
2 7117 7274
2 7274 7387
2 7120 7126
2 7120 7275
2 7120 7388
2 7120 7115
2 7128 7276
2 7128 6863
2 7128 7389
2 7128 7390
2 7128 7391
2 7128 7392
2 1529 1665
2 1529 1765
2 1529 1766
2 1665 1765
2 1665 1766
2 1665 2077
2 1665 1767
2 7393 7394
2 7393 7395
2 7393 7396
2 7393 7397
2 7393 7398
2 7393 7399
2 7393 7400
2 7393 7401
2 7394 7398
2 7394 7402
2 7394 7403
2 7394 7401
2 7394 7399
2 7394 7397
2 7394 7396
2 7394 7395
2 7403 7398
2 7403 7404
2 7403 7405
2 7403 7399
2 7403 7406
2 7403 7402
2 7403 7407
2 7404 7406
2 7404 7405
2 7404 7407
2 7404 7401
2 7404 7408
2 7404 7409
2 7404 7410
2 7404 7398
2 7407 7408
2 7407 7406
2 7407 7410
2 7407 7411
2 7407 7405
2 7407 7409
2 7407 7412
2 7407 7413
2 7411 7408
2 7411 7412
2 7411 7414
2 7411 7415
2 7411 7406
2 7411 7416
2 7404 7411
2 2814 3128
2 2814 3290
2 3424 2814
2 2814 3283
2 2814 3131
2 7414 7416
2 7414 7417
2 7414 7410
2 7414 7408
2 7414 7418
2 7414 7419
2 7420 7421
2 7420 7422
2 7420 7423
2 7420 7424
2 7420 7425
2 7420 7426
2 7417 7418
2 7417 7419
2 7417 7427
2 7417 7423
2 7411 7417
2 3128 3290
2 3288 3128
2 3128 3283
2 7422 7425
2 7422 7421
2 7422 7426
2 7422 7428
2 7417 7422
2 7422 7427
2 7422 7415
2 7425 7288
2 7425 7429
2 7425 7421
2 7285 7280
2 7285 7430
2 7285 7431
2 7285 7427
2 7285 7279
2 7285 7284
2 7278 7429
2 7429 7432
2 7287 7429
2 7422 7429
2 7286 7284
2 7286 7433
2 7286 7283
2 7286 7280
2 7286 7279
2 7286 7434
2 7294 7296
2 7294 7295
2 7294 7435
2 7294 7292
2 7294 7136
2 7436 7437
2 7436 7438
2 7436 7439
2 7436 7440
2 7436 7441
2 7436 7442
2 7436 7443
2 7436 7444
2 7436 7445
2 7437 7440
2 7437 7445
2 7437 7443
2 7437 7438
2 7437 7439
2 7437 7446
2 7437 7441
2 7437 7447
2 7445 7446
2 7445 7440
2 7445 7447
2 7445 7448
2 7445 7443
2 7445 7449
2 7445 7450
2 7445 7438
2 7448 7446
2 7448 7450
2 7448 7305
2 7448 7449
2 7448 7440
2 7448 7302
2 7448 7443
2 7297 7298
2 7297 7451
2 7297 7452
2 7297 7453
2 7297 6994
2 7297 7137
2 7297 7454
2 7305 7302
2 7305 7447
2 7305 7300
2 7305 7449
2 7305 7446
2 7445 7305
2 7305 7301
2 7302 7450
2 7302 7301
2 7302 7455
2 7302 7306
2 7302 7456
2 7302 7303
2 7301 7306
2 7301 7300
2 7301 7455
2 7301 7304
2 7301 7313
2 7301 7456
2 7457 7161
2 7457 7458
2 7457 7018
2 7457 7459
2 7304 7306
2 7304 7313
2 7304 7315
2 7304 7314
2 7304 7455
2 7304 7460
2 7315 7313
2 7315 7320
2 7315 7460
2 7315 7321
2 7315 7303
2 7315 7461
2 7320 7321
2 7320 7322
2 7320 7314
2 7320 7462
2 7320 7313
2 7324 7463
2 7324 7464
2 7324 7465
2 7324 7154
2 7324 7466
2 7324 7467
2 7322 7329
2 7322 7319
2 7322 7321
2 7322 7330
2 7322 7462
2 7322 7468
2 7330 7329
2 7330 7340
2 7330 7338
2 7330 7462
2 7330 7319
2 7330 7321
2 7320 7330
2 7330 7337
2 7340 7337
2 7340 7336
2 7340 7469
2 7340 7470
2 7340 7329
2 7340 7342
2 7322 7340
2 7331 7172
2 7331 7471
2 7331 7472
2 7331 7026
2 7331 7165
2 7337 7469
2 7337 7342
2 7337 7470
2 7337 7341
2 7337 7335
2 7332 7473
2 7332 7172
2 7332 7474
2 7332 7471
2 7332 7472
2 7166 7332
2 7350 7351
2 7350 7354
2 7350 7352
2 7350 7475
2 7350 7476
2 7350 7477
2 7348 7345
2 7348 7347
2 7348 7353
2 7348 7356
2 7348 7179
2 7348 7478
2 7348 7346
2 7351 7479
2 7351 7354
2 7351 7480
2 7356 7353
2 7356 7179
2 7356 7358
2 7356 7478
2 7356 7178
2 7356 7345
2 7358 7179
2 7358 7359
2 7358 7353
2 7358 7182
2 7358 7481
2 7362 7482
2 7362 7483
2 7362 7484
2 7362 7480
2 7362 7479
2 7351 7362
2 7362 7485
2 7359 7178
2 7359 7182
2 7177 7359
2 7360 7486
2 7360 7485
2 7360 7487
2 7360 7484
2 7360 7488
2 7360 7489
2 7360 7482
2 7363 7364
2 7363 7193
2 7363 7490
2 7363 7192
2 7363 7491
2 7363 7492
2 7363 7188
2 7493 7489
2 7493 4841
2 7493 7494
2 7493 7487
2 7493 7194
2 7493 4839
2 7493 7488
2 7493 7195
2 4841 7495
2 4841 4838
2 4841 4836
2 4841 7195
2 4841 7194
2 4841 7489
2 4836 4838
2 4836 4839
2 4836 4835
2 4836 4837
2 4836 7195
2 4836 7495
2 4835 4837
2 4835 4840
2 4835 4838
2 4835 4839
2 4835 7496
2 4842 4835
2 4840 7371
2 4840 4075
2 4840 7497
2 4079 4840
2 7498 4931
2 4929 7498
2 7371 7497
2 7371 6437
2 7371 6435
2 7371 4837
2 6437 7497
2 6437 6435
2 6437 7496
2 6437 6434
2 6437 4075
2 5126 4932
2 5126 7499
2 5126 7500
2 5126 4931
2 4933 5126
2 854 7501
2 4753 7501
2 7501 6517
2 855 853
2 855 856
2 3289 3283
2 3289 3133
2 814 3054
2 814 3056
2 4761 814
2 4824 814
2 3060 4952
2 3052 3060
2 4085 3060
2 4952 4088
2 4088 4090
2 4088 4953
2 4088 3056
2 4090 4953
2 5791 4090
2 4953 5792
2 4953 6756
2 5736 4953
2 5792 7373
2 5792 6696
2 7373 6696
2 7373 7374
2 6694 7373
2 7373 6695
2 5738 7373
2 7374 7210
2 7374 6696
2 7374 7209
2 7374 6695
2 6694 7374
2 7374 6756
2 5792 7374
2 473 478
2 473 471
2 473 551
2 2282 2283
2 2282 2484
2 2282 2486
2 2487 2282
2 2282 2280
2 2283 2486
2 2644 2283
2 2283 2484
2 2645 2283
2 3104 3102
2 3104 2956
2 3104 3113
2 7381 7385
2 7381 7384
2 7381 7383
2 7381 7502
2 7381 7380
2 7381 7378
2 7103 7503
2 7103 7504
2 7103 7505
2 7385 7384
2 7385 7383
2 7385 7506
2 7385 7507
2 7385 7508
2 7385 7509
2 7383 7384
2 7383 7386
2 7383 7510
2 7383 7507
2 7383 7506
2 7383 7509
2 7503 7504
2 7503 7505
2 7503 7511
2 7503 7131
2 7503 7512
2 7513 7131
2 7513 7504
2 7513 7130
2 7513 7277
2 7513 7505
2 7513 6867
2 7386 7514
2 7386 7384
2 7275 7388
2 7275 7515
2 7275 7516
2 7275 7517
2 7275 7518
2 7275 7519
2 7276 7129
2 7276 7391
2 7276 7389
2 7276 7519
2 7276 6863
2 7276 7520
2 7521 7522
2 7521 7523
2 7521 7524
2 7521 7525
2 7521 7526
2 7521 7527
2 7521 7528
2 7521 7529
2 7522 7526
2 7522 7530
2 7522 7529
2 7522 7524
2 7522 7531
2 7522 7523
2 7522 7532
2 7522 7533
2 7529 7531
2 7529 7534
2 7529 7532
2 7529 7533
2 7529 7535
2 7529 7536
2 7529 7537
2 7534 7535
2 7534 7532
2 7534 7531
2 7534 7538
2 7534 7537
2 7534 7526
2 7534 7539
2 7534 7533
2 7538 7540
2 7538 7535
2 7538 7532
2 7538 7541
2 7538 7542
2 7538 7537
2 7538 7543
2 7541 7544
2 7541 7543
2 7541 7535
2 7541 7545
2 7544 7546
2 7544 7542
2 7544 7543
2 7546 7547
2 7546 7548
2 7541 7546
2 7393 7546
2 7546 7396
2 7547 7549
2 7544 7547
2 7547 7550
2 7396 7397
2 7396 7395
2 7396 7402
2 7396 7551
2 7396 7552
2 7396 7400
2 7396 7553
2 7396 7554
2 7399 7398
2 7399 7402
2 7399 7401
2 7399 7405
2 7399 7397
2 7396 7399
2 7409 7555
2 7409 7406
2 7409 7408
2 7556 7557
2 7556 7558
2 7556 7424
2 7556 7559
2 7556 7560
2 7556 7561
2 7556 7562
2 7556 7563
2 7424 7428
2 7424 7557
2 7424 7564
2 7424 7565
2 7428 7423
2 2486 2646
2 2486 2942
2 7566 7567
2 7566 7568
2 7566 7569
2 7566 7564
2 7566 7565
2 7566 7570
2 7566 7571
2 7566 7572
2 7418 7416
2 7418 7573
2 7418 7574
2 7418 7431
2 7418 7575
2 7418 7430
2 7571 7576
2 7571 7577
2 7571 7572
2 7571 7567
2 7571 7578
2 7571 7570
2 7571 7579
2 7571 7569
2 7430 7573
2 7430 7574
2 7430 7419
2 7430 7575
2 7430 7580
2 7430 7282
2 7577 7576
2 7577 7578
2 7577 7572
2 7577 7581
2 7577 7582
2 7577 7570
2 7577 7567
2 7582 7583
2 7582 7584
2 7582 7585
2 7582 7586
2 7582 7579
2 7582 7587
2 7582 7588
2 7583 7585
2 7583 7588
2 7583 7581
2 7583 7587
2 7583 7584
2 7583 7442
2 7583 7589
2 7588 7442
2 7588 7586
2 7588 7589
2 7588 7441
2 7588 7444
2 7588 7590
2 7441 7442
2 7441 7438
2 7441 7439
2 7441 7444
2 7441 7590
2 7441 7586
2 7441 7443
2 7439 7443
2 7439 7440
2 7439 7444
2 7439 7442
2 7439 7590
2 7588 7439
2 7443 7438
2 7443 7446
2 7443 7449
2 7443 7591
2 7449 7446
2 7449 7447
2 7449 7591
2 7449 7592
2 7449 7450
2 7449 7440
2 7459 7458
2 7459 7593
2 7459 7594
2 7459 7595
2 7459 7596
2 7459 7597
2 7458 7594
2 7458 7596
2 7458 7593
2 7458 7161
2 7458 7597
2 7598 7599
2 7598 7600
2 7598 7467
2 7598 7601
2 7598 7602
2 7598 7463
2 7598 7603
2 7461 7314
2 7460 7604
2 7460 7314
2 7460 7605
2 7460 7321
2 7467 7463
2 7467 7465
2 7467 7464
2 7467 7600
2 7467 7606
2 7467 7323
2 7327 7326
2 7327 7607
2 7327 7158
2 7327 7608
2 7465 7609
2 7465 7463
2 7465 7466
2 7465 7601
2 7465 7610
2 7465 7606
2 7325 7158
2 7325 7607
2 7325 7611
2 7325 7155
2 7462 7321
2 7462 7329
2 7462 7612
2 7462 7613
2 7462 7319
2 7466 7610
2 7466 7464
2 7466 7614
2 7466 7609
2 7466 7615
2 7466 7472
2 7466 7616
2 7471 7617
2 7471 7473
2 7471 7618
2 7471 7172
2 7471 7474
2 7470 7469
2 7470 7336
2 7470 7619
2 7470 7620
2 7470 7338
2 7470 7341
2 7470 7621
2 7474 7476
2 7474 7477
2 7474 7622
2 7474 7623
2 7476 7477
2 7476 7352
2 7476 7622
2 7476 7624
2 7476 7355
2 7476 7623
2 7476 7625
2 7626 7347
2 7626 7627
2 7348 7626
2 7626 7345
2 7626 7343
2 7626 7341
2 7626 7478
2 7352 7475
2 7352 7477
2 7352 7624
2 7352 7355
2 7475 7479
2 7475 7480
2 7475 7624
2 7478 7353
2 7478 7628
2 7358 7478
2 7478 7345
2 7478 7179
2 7479 7480
2 7479 7629
2 7479 7630
2 7479 7482
2 7479 7631
2 7352 7479
2 7629 7480
2 7629 7482
2 7629 7483
2 7629 7485
2 7475 7629
2 7351 7629
2 7629 7486
2 7483 7482
2 7483 7485
2 7483 7486
2 7483 7361
2 7360 7483
2 7483 7480
2 7479 7483
2 7632 7633
2 7632 7357
2 7632 7490
2 7632 7634
2 7632 7492
2 7486 7485
2 7486 7488
2 7486 7482
2 7486 7487
2 7486 7494
2 7488 7494
2 7488 7361
2 7488 7485
2 7488 7489
2 7488 7495
2 7490 7635
2 7490 7634
2 7490 7636
2 7490 7637
2 7490 7491
2 7490 7638
2 7494 7495
2 7494 7489
2 4841 7494
2 7494 4839
2 7494 7361
2 7639 7636
2 7639 7640
2 7639 7366
2 7639 7641
2 7639 7637
2 7639 7364
2 7639 7642
2 7363 7639
2 7643 7644
2 7643 7645
2 7643 7646
2 7643 7647
2 7643 7648
2 7643 7641
2 7643 4837
2 7644 7649
2 7644 4837
2 4835 7644
2 4834 7644
2 7371 7644
2 7650 7651
2 7650 7652
2 7650 7653
2 7650 7642
2 7650 7369
2 7650 7365
2 7500 6515
2 7500 6516
2 7500 7654
2 7500 6523
2 7500 7655
2 4927 7500
2 7500 7656
2 7656 6515
2 7656 7654
2 7656 7499
2 7656 6516
2 7656 7655
2 7501 7656
2 4754 7656
2 6515 6523
2 6515 4755
2 6515 4932
2 6515 7499
2 6515 6517
2 4753 6515
2 4755 6523
2 4755 856
2 4755 6517
2 4755 6516
2 856 853
2 856 6523
2 853 3058
2 4754 853
2 3058 3055
2 856 3058
2 4761 3058
2 3055 3054
2 852 3055
2 3055 3056
2 853 3055
2 3058 3054
2 2983 3054
2 3393 3392
2 3393 3386
2 3393 3258
2 3237 3393
2 3393 3511
2 332 334
2 332 335
2 2796 2795
2 2791 2796
2 187 189
2 187 184
2 187 2436
2 187 3691
2 7502 7508
2 7502 7657
2 7502 7658
2 7502 7659
2 7502 7660
2 7502 7661
2 7502 7662
2 7658 7663
2 7658 7660
2 7658 7664
2 7658 7665
2 7658 7666
2 7658 7667
2 7658 7668
2 7658 7506
2 7665 7664
2 7665 7506
2 7665 7660
2 7665 7509
2 7665 7666
2 7665 7669
2 7665 7663
2 7665 7670
2 7505 7511
2 7505 7671
2 7505 7512
2 7505 7672
2 7505 7673
2 7505 7674
2 7509 7675
2 7509 7664
2 7509 7676
2 7675 7677
2 7675 7678
2 7675 7679
2 7675 7506
2 7677 7680
2 7677 7679
2 7677 7681
2 7677 7682
2 7677 7678
2 7677 7683
2 7681 7679
2 7681 7684
2 7681 7685
2 7681 7682
2 7681 7680
2 7685 7527
2 7685 7525
2 7685 7686
2 7685 7514
2 7685 7679
2 7685 7682
2 7685 7523
2 7519 7515
2 7519 7129
2 7128 7519
2 7519 7687
2 7527 7523
2 7527 7684
2 7527 7528
2 7527 7524
2 7527 7686
2 7527 7530
2 7688 7689
2 7688 7690
2 7688 7691
2 7688 7536
2 7688 7692
2 7523 7524
2 7523 7528
2 7523 7525
2 7523 7530
2 7523 7693
2 7689 7690
2 7689 7536
2 7689 7531
2 7522 7689
2 7522 7536
2 7537 7532
2 7537 7694
2 7537 7695
2 7537 7526
2 7541 7696
2 7696 7531
2 7696 7697
2 7696 7535
2 7696 7698
2 7534 7696
2 7543 7699
2 7543 7539
2 7543 7540
2 7543 7548
2 7700 7701
2 7700 7554
2 7700 7542
2 7700 7553
2 7551 7397
2 7551 7395
2 7551 7702
2 7551 7701
2 7551 7402
2 7551 7553
2 7703 7549
2 7703 7704
2 7703 7550
2 7703 7705
2 7549 7550
2 7549 7706
2 7549 7705
2 7549 7707
2 7549 7708
2 7549 7709
2 7549 7710
2 7706 7550
2 7706 7560
2 7706 7705
2 7706 7704
2 7706 7711
2 7706 7709
2 7706 7563
2 7560 7557
2 7560 7563
2 7560 7559
2 7560 7708
2 7560 7712
2 7560 7562
2 7559 7557
2 7559 7562
2 7559 7563
2 7559 7561
2 7559 7712
2 7559 7713
2 7561 7562
2 7561 7565
2 7561 7564
2 7561 7557
2 7561 7713
2 7561 7714
2 7565 7568
2 7565 7558
2 7565 7562
2 7565 7569
2 7565 7715
2 7568 7569
2 7568 7714
2 7568 7570
2 7568 7716
2 7568 7572
2 7570 7569
2 7570 7572
2 7570 7567
2 7570 7716
2 7570 7578
2 7570 7576
2 7574 7575
2 7574 7573
2 7574 7580
2 7574 7717
2 7574 7419
2 7574 7718
2 7578 7576
2 7578 7716
2 7578 7579
2 7578 7569
2 7578 7567
2 7584 7585
2 7584 7719
2 7584 7586
2 7587 7585
2 7587 7586
2 7720 7721
2 7720 7722
2 7720 7723
2 7720 7435
2 7720 7433
2 7720 7724
2 7720 7725
2 7720 7726
2 7722 7723
2 7722 7726
2 7722 7727
2 7722 7728
2 7722 7729
2 7722 7435
2 7722 7730
2 7444 7589
2 7444 7731
2 7444 7442
2 7444 7438
2 7732 7451
2 7732 7733
2 7732 7734
2 7732 7730
2 7732 7735
2 7732 7736
2 7591 7737
2 7591 7446
2 7591 7738
2 7591 7739
2 7591 7440
2 7734 7733
2 7734 7740
2 7734 7735
2 7734 7741
2 7742 7450
2 7448 7742
2 7602 7743
2 7602 7453
2 7602 7744
2 7602 7745
2 7602 7746
2 7602 7740
2 7602 7735
2 7747 7748
2 7747 7749
2 7747 7593
2 7747 7608
2 7747 7736
2 7750 7751
2 7750 7752
2 7750 7455
2 7461 7750
2 7750 7753
2 7301 7750
2 7750 7300
2 7748 7608
2 7748 7607
2 7748 7754
2 7748 7755
2 7748 7744
2 7748 7745
2 7756 7757
2 7756 7758
2 7756 7759
2 7461 7756
2 7756 7760
2 7756 7306
2 7756 7761
2 7762 7455
2 7762 7763
2 7762 7751
2 7762 7604
2 7762 7306
2 7608 7607
2 7608 7749
2 7608 7755
2 7608 7764
2 7608 7765
2 7608 7745
2 7600 7601
2 7600 7606
2 7600 7603
2 7600 7764
2 7600 7609
2 7605 7763
2 7605 7766
2 7605 7312
2 7462 7605
2 7605 7313
2 7606 7609
2 7606 7767
2 7606 7601
2 7606 7614
2 7606 7768
2 7606 7615
2 7614 7610
2 7614 7609
2 7614 7616
2 7465 7614
2 7614 7767
2 7612 7468
2 7612 7769
2 7612 7770
2 7605 7612
2 7612 7771
2 7612 7772
2 7612 7329
2 7617 7773
2 7617 7616
2 7617 7472
2 7617 7610
2 7617 7625
2 7617 7615
2 7614 7617
2 7773 7625
2 7773 7774
2 7773 7473
2 7773 7616
2 7620 7775
2 7620 7776
2 7620 7777
2 7620 7770
2 7620 7469
2 7620 7778
2 7625 7622
2 7625 7623
2 7625 7477
2 7625 7473
2 7622 7623
2 7622 7477
2 7622 7774
2 7622 7624
2 7352 7622
2 7622 7779
2 7780 7781
2 7780 7782
2 7780 7621
2 7780 7783
2 7780 7784
2 7780 7778
2 7780 7777
2 7624 7477
2 7624 7779
2 7624 7623
2 7624 7630
2 7624 7631
2 7630 7631
2 7630 7785
2 7630 7480
2 7630 7477
2 7785 7631
2 7785 7786
2 7785 7779
2 7785 7480
2 7479 7785
2 7629 7785
2 7787 7788
2 7787 7634
2 7787 7789
2 7787 7633
2 7787 7635
2 7787 7790
2 7787 7492
2 7635 7634
2 7635 7492
2 7635 7638
2 7635 7637
2 7635 7790
2 7635 7789
2 7635 7791
2 7637 7636
2 7637 7492
2 7637 7648
2 7637 7791
2 7637 7634
2 7637 7646
2 7637 7640
2 7646 7647
2 7646 7640
2 7646 7641
2 7646 7638
2 7646 7636
2 7639 7646
2 7641 7640
2 7641 7642
2 7641 7653
2 7641 7651
2 7641 7636
2 7653 7642
2 7653 7651
2 7653 7652
2 7653 7792
2 7653 7647
2 7653 7640
2 7653 7793
2 7652 7651
2 7652 7792
2 7652 7793
2 7652 7642
2 7652 7655
2 7641 7652
2 7652 7654
2 7655 7499
2 7655 7792
2 7655 6516
2 7655 4932
2 7655 7651
2 2443 2621
2 2614 2621
2 2621 2442
2 2441 2621
2 2514 2621
2 2615 2444
2 2615 2442
2 2517 2615
2 264 222
2 2519 2741
2 2615 2519
2 2522 2524
2 2908 2522
2 2524 2909
2 2524 2742
2 7794 7795
2 7794 7796
2 7794 7797
2 7794 7798
2 7794 7799
2 7794 7800
2 7794 7801
2 7796 7795
2 7796 7798
2 7796 7801
2 7796 7802
2 7796 7797
2 7796 7803
2 7796 7657
2 7796 7804
2 7801 7798
2 7801 7802
2 7801 7657
2 7801 7659
2 7801 7805
2 7801 7804
2 7801 7795
2 7801 7661
2 7659 7661
2 7659 7802
2 7659 7662
2 7659 7806
2 7659 7805
2 7659 7804
2 7666 7668
2 7666 7670
2 7666 7669
2 7666 7664
2 7666 7663
2 7807 7808
2 7807 7809
2 7807 7676
2 7807 7669
2 7807 7810
2 7807 7811
2 7807 7812
2 7807 7813
2 7669 7670
2 7669 7814
2 7669 7815
2 7669 7664
2 7669 7660
2 7809 7816
2 7509 7809
2 7817 7687
2 7817 7520
2 7817 7818
2 7817 7392
2 7817 7391
2 7817 7819
2 7276 7817
2 7678 7679
2 7678 7682
2 7678 7820
2 7687 7821
2 7687 7391
2 7687 7517
2 7687 7818
2 7682 7683
2 7682 7514
2 7822 7823
2 7822 7691
2 7822 7824
2 7822 7825
2 7822 7692
2 7822 7826
2 7822 7827
2 7822 7828
2 7686 7679
2 7686 7684
2 7691 7829
2 7691 7692
2 7691 7827
2 7691 7823
2 7691 7824
2 7691 7830
2 7831 7832
2 7831 7833
2 7831 7834
2 7831 7835
2 7831 7836
2 7831 7837
2 7831 7692
2 7831 7838
2 7693 7528
2 7693 7524
2 7693 7839
2 7693 7695
2 7693 7840
2 7693 7530
2 7527 7693
2 7833 7841
2 7833 7838
2 7833 7835
2 7833 7842
2 7833 7843
2 7833 7844
2 7833 7832
2 7833 7834
2 7838 7844
2 7838 7845
2 7838 7843
2 7838 7841
2 7838 7697
2 7838 7835
2 7694 7533
2 7694 7846
2 7694 7847
2 7694 7839
2 7694 7532
2 7694 7539
2 7694 7526
2 7845 7697
2 7845 7842
2 7845 7698
2 7845 7844
2 7845 7843
2 7845 7848
2 7845 7849
2 7833 7845
2 7698 7697
2 7698 7848
2 7698 7850
2 7698 7842
2 7698 7851
2 7698 7852
2 7698 7853
2 7838 7698
2 7850 7848
2 7850 7851
2 7850 7853
2 7850 7854
2 7850 7852
2 7850 7697
2 7845 7850
2 7850 7855
2 7853 7854
2 7853 7851
2 7853 7855
2 7853 7852
2 7853 7848
2 7853 7856
2 7853 7710
2 7857 7702
2 7857 7699
2 7857 7858
2 7857 7859
2 7855 7854
2 7855 7710
2 7855 7851
2 7855 7707
2 7855 7852
2 7710 7860
2 7710 7704
2 7710 7854
2 7710 7705
2 7705 7709
2 7705 7704
2 7705 7711
2 7705 7861
2 7705 7862
2 7705 7550
2 7711 7708
2 7711 7563
2 7711 7709
2 7711 7712
2 7711 7863
2 7711 7864
2 7865 7866
2 7865 7867
2 7865 7868
2 7865 7869
2 7865 7870
2 7865 7413
2 7865 7871
2 7865 7872
2 7865 7873
2 7712 7563
2 7712 7713
2 7712 7863
2 7712 7562
2 7712 7557
2 7712 7708
2 7868 7867
2 7868 7866
2 7868 7874
2 7868 7875
2 7868 7876
2 7868 7870
2 2602 2758
2 2757 2602
2 2602 3077
2 2602 3081
2 3081 3085
2 2606 3081
2 3081 3086
2 2607 3085
2 7718 7877
2 7718 7580
2 7718 7878
2 7718 7879
2 7718 7880
2 7718 7881
2 7718 7882
2 7718 7883
2 7718 7725
2 7719 7884
2 7719 7885
2 7719 7886
2 7587 7719
2 7719 7585
2 7719 7581
2 7719 7887
2 7719 7888
2 7725 7889
2 7725 7721
2 7725 7881
2 7725 7890
2 7725 7891
2 7725 7882
2 7888 7887
2 7888 7886
2 7888 7892
2 7888 7589
2 7888 7893
2 7888 7585
2 7728 7729
2 7728 7894
2 7728 7730
2 7728 7895
2 7728 7896
2 7728 7723
2 7728 7741
2 7888 7731
2 7731 7892
2 7731 7887
2 7731 7897
2 7731 7589
2 7730 7741
2 7730 7726
2 7730 7898
2 7730 7729
2 7730 7895
2 7730 7733
2 7899 7900
2 7899 7737
2 7899 7901
2 7899 7897
2 7899 7592
2 7899 7738
2 7444 7899
2 7741 7733
2 7741 7894
2 7741 7902
2 7741 7735
2 7733 7735
2 7733 7736
2 7738 7739
2 7738 7737
2 7738 7903
2 7738 7592
2 7738 7901
2 7738 7904
2 7738 7905
2 7738 7753
2 7740 7743
2 7740 7902
2 7740 7736
2 7740 7906
2 7743 7746
2 7743 7906
2 7743 7744
2 7743 7735
2 7743 7745
2 7743 7902
2 7743 7453
2 7751 7752
2 7751 7753
2 7751 7904
2 7751 7907
2 7738 7751
2 7751 7739
2 7744 7745
2 7744 7906
2 7744 7765
2 7744 7746
2 7744 7603
2 7740 7744
2 7744 7764
2 7758 7757
2 7758 7759
2 7758 7760
2 7758 7761
2 7758 7908
2 7758 7909
2 7758 7910
2 7742 7758
2 7765 7745
2 7765 7603
2 7765 7764
2 7765 7906
2 7600 7765
2 7765 7911
2 7602 7765
2 7743 7765
2 7764 7911
2 7764 7768
2 7764 7767
2 7764 7745
2 7606 7764
2 7764 7912
2 7766 7913
2 7766 7914
2 7766 7915
2 7766 7916
2 7766 7917
2 7766 7918
2 7768 7767
2 7768 7911
2 7768 7919
2 7768 7912
2 7768 7603
2 7768 7615
2 7919 7912
2 7919 7615
2 7919 7767
2 7606 7919
2 7919 7911
2 7919 7616
2 7919 7609
2 7770 7769
2 7770 7920
2 7770 7776
2 7770 7921
2 7770 7922
2 7770 7619
2 7770 7771
2 7770 7923
2 7770 7775
2 7924 7925
2 7924 7926
2 7924 7927
2 7924 7928
2 7924 7929
2 7924 7618
2 7924 7774
2 7924 7930
2 7617 7924
2 7776 7775
2 7776 7923
2 7776 7920
2 7776 7619
2 7776 7777
2 7776 7922
2 7776 7931
2 7927 7774
2 7927 7925
2 7625 7927
2 7927 7623
2 7622 7927
2 7927 7618
2 7773 7927
2 7777 7775
2 7777 7778
2 7777 7621
2 7777 7782
2 7777 7932
2 7777 7933
2 7777 7931
2 7777 7923
2 7782 7778
2 7782 7783
2 7782 7784
2 7782 7933
2 7782 7932
2 7783 7934
2 7783 7935
2 7783 7778
2 7783 7936
2 7783 7937
2 7783 7627
2 7934 7938
2 7934 7784
2 7934 7628
2 7934 7939
2 7934 7935
2 7934 7940
2 7934 7941
2 7938 7939
2 7938 7940
2 7938 7941
2 7938 7628
2 7938 7942
2 7938 7943
2 7783 7938
2 7940 7939
2 7940 7942
2 7940 7943
2 7940 7936
2 7940 7633
2 7940 7628
2 7943 7633
2 7943 7942
2 7943 7944
2 7943 7939
2 7943 7789
2 7787 7943
2 7943 7788
2 7944 7789
2 7944 7790
2 7944 7634
2 7944 7788
2 7635 7944
2 7790 7634
2 7790 7638
2 7637 7790
2 7790 7633
2 2471 2066
2 1909 2471
2 2471 1911
2 2471 2254
2 3534 3532
2 3534 3533
2 3639 3637
2 3639 3644
2 3639 3635
2 3643 3639
2 3639 3641
2 147 151
2 2613 2672
2 2613 3533
2 3534 2613
2 2228 2613
2 2221 2672
2 3531 2672
2 7945 7946
2 7945 7947
2 7945 7948
2 7945 7949
2 7945 7950
2 7945 7951
2 7945 7952
2 7945 7953
2 7948 7952
2 7948 7949
2 7948 7954
2 7948 7955
2 7948 7953
2 7948 7946
2 7948 7956
2 7954 7952
2 7954 7957
2 7954 7800
2 7954 7799
2 7954 7956
2 7954 7947
2 7800 7957
2 7800 7955
2 7800 7958
2 7800 7959
2 7800 7960
2 7800 7803
2 7800 7952
2 7961 7962
2 7800 7961
2 7794 7961
2 7961 7803
2 7961 7955
2 7962 7963
2 7962 7964
2 7962 7965
2 7796 7962
2 7794 7962
2 7962 7966
2 7962 7795
2 7805 7804
2 7805 7657
2 7805 7662
2 7805 7967
2 7805 7798
2 7805 7661
2 7805 7802
2 7662 7967
2 7662 7968
2 7662 7969
2 7662 7970
2 7662 7657
2 7971 7972
2 7971 7810
2 7971 7973
2 7971 7974
2 7971 7975
2 7971 7976
2 7968 7970
2 7968 7661
2 7968 7977
2 7968 7668
2 7968 7967
2 7666 7968
2 7968 7978
2 7810 7979
2 7810 7811
2 7810 7973
2 7810 7975
2 7810 7813
2 7810 7980
2 7811 7813
2 7811 7974
2 7811 7812
2 7811 7981
2 7811 7973
2 7811 7975
2 7811 7982
2 7811 7979
2 7815 7983
2 7815 7670
2 7815 7984
2 7666 7815
2 7815 7985
2 7815 7668
2 7815 7969
2 7812 7813
2 7812 7982
2 7812 7986
2 7812 7828
2 7812 7825
2 7812 7974
2 7812 7987
2 7986 7828
2 7986 7981
2 7986 7825
2 7986 7826
2 7986 7987
2 7986 7813
2 7986 7824
2 7826 7828
2 7826 7824
2 7826 7823
2 7826 7987
2 7826 7982
2 7826 7829
2 7823 7824
2 7823 7827
2 7823 7829
2 7823 7825
2 7823 7692
2 7823 7828
2 7823 7987
2 7827 7836
2 7827 7832
2 7827 7834
2 7834 7835
2 7834 7837
2 7834 7988
2 7834 7841
2 7834 7989
2 7834 7990
2 7835 7841
2 7835 7837
2 7835 7843
2 7835 7990
2 7835 7832
2 7835 7844
2 7839 7840
2 7839 7991
2 7839 7847
2 7839 7695
2 7839 7528
2 7839 7992
2 7843 7842
2 7843 7841
2 7843 7849
2 7843 7993
2 7852 7851
2 7852 7848
2 7852 7854
2 7852 7994
2 7852 7995
2 7996 7858
2 7996 7997
2 7996 7998
2 7996 7999
2 7859 7702
2 7859 8000
2 7859 8001
2 7859 8002
2 7859 8003
2 7996 7859
2 7859 8004
2 7870 7873
2 7870 7866
2 7870 8005
2 7870 7871
2 7870 7872
2 7870 7869
2 7870 8006
2 7870 7867
2 7863 7864
2 7863 7563
2 7863 7709
2 7863 8007
2 3759 3841
2 3677 3758
2 3677 3676
2 3549 3677
2 8008 7713
2 8008 7562
2 7712 8008
2 7863 8008
2 7561 8008
2 8008 8009
2 8008 8010
2 8008 7563
2 7875 7874
2 7875 8011
2 7875 8012
2 7875 7876
2 7875 8013
2 7875 8014
2 7875 7869
2 7875 8015
2 3429 3548
2 3759 3429
2 3430 3429
2 8012 8016
2 8012 8011
2 8012 8013
2 8012 7874
2 8012 7876
2 8012 7717
2 8012 8017
2 8018 1772
2 8018 1921
2 8018 1770
2 8018 8019
2 1668 8018
2 1883 8018
2 8016 8017
2 8016 7717
2 8016 8011
2 7875 8016
2 8016 7880
2 8016 7575
2 8016 8013
2 8017 7880
2 8017 8015
2 8017 7877
2 8017 7575
2 8017 7878
2 7880 7878
2 7880 7882
2 7880 8020
2 7878 7882
2 7878 7881
2 7878 7580
2 7881 7889
2 7881 7877
2 7881 7890
2 7889 7724
2 7889 7891
2 7889 7879
2 7889 7882
2 7889 7896
2 7889 7721
2 7891 7896
2 7891 7890
2 7891 7724
2 7891 7729
2 7891 7895
2 7881 7891
2 7892 7893
2 7892 7886
2 7892 8021
2 7892 8022
2 7892 8023
2 7892 8024
2 7892 7887
2 7892 8025
2 7896 7895
2 7896 7729
2 7896 7890
2 7896 7724
2 7896 7726
2 7895 7729
2 7895 7894
2 7895 7726
2 7722 7895
2 7901 7905
2 7901 7737
2 7901 8026
2 7901 7739
2 7901 8027
2 7903 7905
2 7903 7739
2 7903 7904
2 7903 8028
2 7903 7907
2 7903 8027
2 7903 7737
2 7904 7753
2 7904 7907
2 7904 8029
2 7904 7905
2 7904 7752
2 7904 7739
2 7904 8028
2 7761 7909
2 7761 7760
2 7761 7908
2 7761 7759
2 7761 7757
2 7742 7761
2 7761 8030
2 8031 8032
2 8031 8033
2 8031 8034
2 8031 8035
2 8031 7907
2 8031 8029
2 8031 8036
2 8031 8037
2 7760 7757
2 7760 7910
2 7760 8030
2 8032 8035
2 8032 8038
2 8032 8033
2 8032 8037
2 8032 8039
2 8032 8034
2 7765 8032
2 8032 7603
2 8038 7914
2 8038 8040
2 7914 7913
2 7914 8040
2 7914 8041
2 7914 8039
2 7915 7913
2 7915 7916
2 7915 8042
2 7915 7918
2 7915 8043
2 7918 7930
2 7918 7772
2 7918 7913
2 7918 7771
2 7918 7916
2 7772 7771
2 7772 7921
2 7772 7917
2 7772 7769
2 7772 7920
2 7772 7930
2 7770 7772
2 7772 7922
2 7921 7920
2 7921 7771
2 7921 7922
2 7921 7769
2 7921 7923
2 7776 7921
2 7921 7931
2 7922 7920
2 7922 7923
2 7922 7931
2 7922 7775
2 7922 7769
2 7922 7771
2 7931 7923
2 7931 7932
2 7931 7933
2 7931 7775
2 7931 7778
2 7931 7920
2 7933 7778
2 7933 7935
2 7933 7923
2 7933 7775
2 7933 7937
2 7935 7784
2 7935 7778
2 7935 7932
2 7777 7935
2 1772 1770
2 1774 1772
2 1770 8019
2 1770 1533
2 1424 1770
2 478 555
2 478 554
2 478 471
2 478 641
2 699 696
2 697 699
2 1910 2058
2 1910 1911
2 1910 2254
2 1910 1655
2 8044 8045
2 8044 8046
2 8044 8047
2 8044 8048
2 8044 8049
2 8044 8050
2 8044 8051
2 8044 8052
2 8044 8053
2 8047 8045
2 8047 8051
2 8047 8053
2 8047 8049
2 8047 8046
2 8047 8054
2 8047 8055
2 8047 8056
2 8053 8051
2 8053 8056
2 8053 8055
2 8053 8054
2 8053 8057
2 8053 8045
2 8053 8049
2 8053 8058
2 8055 8054
2 8055 8057
2 8055 8058
2 8055 8059
2 8055 8060
2 8055 8051
2 8055 8061
2 8058 8059
2 8058 8056
2 8058 8060
2 8058 8062
2 8058 8063
2 8058 8061
2 8058 8057
2 8058 7951
2 8064 8065
2 8064 8066
2 8064 8067
2 8064 8068
2 8062 8059
2 8062 7950
2 8062 7946
2 8062 8061
2 8062 8060
2 8062 8069
2 8067 7947
2 7950 7951
2 7950 8069
2 7950 7946
2 7950 7947
2 7950 8070
2 7950 8063
2 7950 8071
2 7956 7952
2 7956 8072
2 7956 8071
2 7956 7957
2 7956 8070
2 7956 7947
2 7960 7959
2 7960 8073
2 7960 7957
2 7960 8074
2 7963 7965
2 7963 7964
2 7963 8075
2 7963 8076
2 7963 8077
2 7963 8078
2 7963 8079
2 7963 8080
2 7964 8077
2 7964 8079
2 7964 7966
2 7964 8081
2 7964 8082
2 7964 8075
2 7964 8083
2 8077 8081
2 8077 8082
2 8077 7976
2 8077 7965
2 8077 8083
2 8077 8084
2 8077 7972
2 8082 7976
2 8082 8081
2 8082 8079
2 8082 8084
2 8082 8083
2 8082 7980
2 7980 7976
2 7980 7973
2 7980 7975
2 7980 8085
2 7977 7978
2 7977 7967
2 7977 7969
2 7662 7977
2 7977 8086
2 7977 8087
2 7977 7661
2 7973 7974
2 7973 7979
2 7973 8088
2 7973 8089
2 7973 8085
2 8090 8091
2 8090 8092
2 7984 7983
2 7984 7985
2 7984 8093
2 7984 8094
2 7984 8095
2 7984 8096
2 7984 8097
2 8098 8099
2 8098 8091
2 8098 7518
2 8098 8100
2 7516 8098
2 7987 7828
2 7987 8101
2 7987 7825
2 7987 7824
2 7987 7981
2 8096 8102
2 8096 8103
2 8096 8104
2 8096 8105
2 8096 8106
2 8096 8094
2 8096 7820
2 8096 8107
2 8096 8108
2 8104 8105
2 8104 8107
2 8104 8102
2 8104 8109
2 8104 8103
2 8104 8110
2 8109 8110
2 8109 8106
2 8109 8111
2 8109 8105
2 8109 8102
2 8096 8109
2 7988 7837
2 7988 8112
2 7988 8113
2 7835 7988
2 7988 7832
2 7990 7837
2 7990 7841
2 7990 8114
2 7990 7836
2 7991 7840
2 7991 7992
2 7991 8115
2 7991 7846
2 7991 8116
2 7693 7991
2 7993 8117
2 7993 8118
2 7993 7844
2 7993 7842
2 7990 7993
2 7845 7993
2 7838 7993
2 8117 8118
2 8117 7849
2 8117 8119
2 8117 7844
2 8117 7697
2 7698 8117
2 7843 8117
2 7845 8117
2 7999 7997
2 7999 8120
2 7999 8121
2 7999 8122
2 7999 8123
2 7999 8124
2 7999 8125
2 7997 7858
2 7997 7998
2 7997 8120
2 7997 8126
2 7997 8004
2 7994 7995
2 7994 8127
2 7994 8128
2 7994 8129
2 7994 7851
2 7994 8130
2 7994 8131
2 7994 8119
2 7998 8002
2 7998 8000
2 7998 7858
2 7998 8004
2 8000 8001
2 8000 8003
2 7997 8000
2 8000 8132
2 8000 8125
2 8133 8129
2 8133 8128
2 8133 7861
2 8133 8131
2 7994 8133
2 8133 8134
2 8133 8135
2 8001 8002
2 8001 8006
2 8001 7873
2 8001 8005
2 7998 8001
2 7870 8001
2 8005 7871
2 8005 7872
2 8005 8006
2 8005 8014
2 8005 7866
2 8005 8003
2 8007 8136
2 8007 8137
2 8007 7864
2 8007 8138
2 8007 8139
2 8007 8140
2 8007 8141
2 8007 8142
2 7872 8014
2 7872 7876
2 7872 7873
2 7872 8006
2 7872 8013
2 7872 7874
2 8014 7876
2 8014 8013
2 8014 7871
2 8014 8011
2 8014 7874
2 8014 7869
2 8013 8011
2 8013 7876
2 8013 7874
2 8013 8015
2 8013 7871
2 3645 3648
2 3645 3644
2 3645 3729
2 3645 3532
2 8010 8143
2 8010 8144
2 8010 8145
2 8010 8146
2 8010 8147
2 8010 8009
2 8010 8148
2 8010 8149
2 8150 8151
2 8150 8152
2 8150 8020
2 8150 8153
2 8150 7883
2 8017 8150
2 7880 8150
2 8150 7717
2 8150 8015
2 8020 8152
2 8020 7883
2 8020 8151
2 7878 8020
2 8020 7877
2 8017 8020
2 8020 7882
2 8020 8154
2 8154 8152
2 8022 8023
2 8022 8021
2 8022 8155
2 8022 8156
2 8022 7893
2 8022 8024
2 8022 8157
2 8022 7886
2 8021 7893
2 8021 8024
2 8021 8025
2 8021 8157
2 8021 8155
2 8021 8158
2 8025 8024
2 8025 8158
2 8025 8159
2 8025 8157
2 8025 7893
2 8025 8023
2 8025 8160
2 8159 8158
2 8159 8160
2 8159 8161
2 8159 8024
2 8159 7897
2 8159 8026
2 8159 8157
2 8021 8159
2 8161 8160
2 8161 7897
2 8161 8026
2 8161 8027
2 8161 8158
2 7901 8161
2 8161 7905
2 8161 8028
2 8026 8027
2 8026 7897
2 8026 8028
2 8026 7905
2 8026 8160
2 7903 8026
2 8026 8036
2 8028 8027
2 8028 8036
2 8028 8029
2 8028 7907
2 7901 8028
2 8029 8034
2 8029 8033
2 8029 7905
2 8029 7753
2 7903 8029
2 8034 8037
2 8034 7907
2 8034 7753
2 8034 8036
2 7904 8034
2 8034 8039
2 8028 8034
2 8037 8039
2 8037 8033
2 8037 8040
2 8037 8041
2 7914 8037
2 8037 7753
2 8037 8043
2 8040 8039
2 8040 8041
2 8040 8043
2 8040 7916
2 8040 7913
2 7915 8040
2 8043 7916
2 8043 8042
2 8043 7913
2 8043 8039
2 8043 7917
2 8042 7913
2 8042 8162
2 6693 6695
2 6693 7209
2 5734 6693
2 6695 6696
2 6695 7209
2 6695 7210
2 4213 4217
2 4213 4219
2 4213 4220
2 4213 4215
2 4193 2618
2 4193 3700
2 6696 6756
2 5734 6756
2 8163 8164
2 8163 8165
2 8163 8166
2 8163 8167
2 8163 8168
2 8163 8169
2 8163 8170
2 8163 8171
2 8165 8164
2 8165 8172
2 8165 8171
2 8165 8170
2 8165 8168
2 8165 8166
2 8165 8173
2 8172 8169
2 8172 8174
2 8172 8175
2 8172 8176
2 8172 8170
2 8172 8177
2 8175 8050
2 8175 8048
2 8175 8176
2 8175 8169
2 8175 8177
2 8050 8052
2 8050 8174
2 8050 8046
2 8050 8173
2 8050 8178
2 8050 8045
2 8049 8178
2 8049 8051
2 8049 8045
2 8049 8052
2 8049 8179
2 8068 8180
2 8068 8181
2 8068 8182
2 8068 8183
2 8068 8184
2 8068 8185
2 8057 8060
2 8057 8056
2 8057 8186
2 8057 8061
2 8057 8187
2 8066 8180
2 8066 8185
2 8066 8181
2 8066 8188
2 8066 8183
2 8066 8189
2 8066 8190
2 8061 8060
2 8061 8059
2 8061 8186
2 8061 8191
2 8061 8187
2 8061 8054
2 8061 8192
2 8185 8189
2 8185 8190
2 8185 8193
2 8185 8194
2 8185 8181
2 8185 8183
2 8194 8195
2 8194 8196
2 8194 8189
2 8194 8190
2 8194 8180
2 8194 8197
2 8196 8197
2 8196 8198
2 8196 8193
2 8196 8199
2 8196 8189
2 8196 8200
2 8185 8196
2 8070 8201
2 8070 8069
2 8070 8072
2 8070 8202
2 8070 8203
2 8070 7953
2 8070 8204
2 8197 8198
2 8197 8200
2 8197 8195
2 8197 8078
2 8197 8076
2 8197 8205
2 8197 8199
2 8072 8203
2 8072 8204
2 8072 8201
2 8072 7953
2 8072 8202
2 8072 8069
2 8200 8078
2 8200 8198
2 8200 8076
2 8200 8075
2 8200 8080
2 8200 8206
2 8200 7966
2 8076 8075
2 8076 8078
2 8076 8080
2 8076 8206
2 8076 7966
2 8076 8198
2 8076 7965
2 8074 8207
2 8074 8208
2 8074 8209
2 8074 8210
2 8074 8211
2 8074 8212
2 8074 7959
2 8209 8213
2 8209 8214
2 8209 8215
2 8209 8216
2 8084 8217
2 8084 7976
2 8084 8085
2 8084 8218
2 8084 8219
2 8084 8079
2 8085 8220
2 8085 7976
2 8085 8083
2 8085 7975
2 8221 8222
2 8221 8217
2 8221 8088
2 8223 8224
2 8223 7978
2 8223 8087
2 8223 8225
2 8223 8086
2 8223 8226
2 8223 8215
2 8223 7970
2 7977 8223
2 7980 8227
2 8087 8086
2 8087 8224
2 8087 7970
2 8087 8228
2 8087 8229
2 8089 8230
2 8089 7975
2 8089 8231
2 8089 7974
2 8085 8089
2 7811 8089
2 7810 8089
2 8092 8232
2 8092 8224
2 8092 8229
2 8223 8092
2 8092 8097
2 8093 8095
2 8093 7985
2 8093 8094
2 8093 8097
2 8093 8233
2 8093 8234
2 8093 7983
2 8235 8236
2 7986 8235
2 8235 8101
2 7826 8235
2 8235 7982
2 7812 8235
2 8094 8095
2 8094 8103
2 8094 8097
2 8101 8237
2 8101 8238
2 8101 7828
2 8101 8239
2 8101 8240
2 8101 8241
2 8101 8242
2 8107 8105
2 8107 8108
2 8107 8110
2 8107 8243
2 8107 8111
2 8107 8244
2 8107 8245
2 8107 8106
2 8110 8244
2 8110 8245
2 8110 8108
2 8110 8106
2 8113 8246
2 8113 7989
2 8113 8241
2 8113 7836
2 8113 8239
2 8113 8247
2 7990 8113
2 8248 8111
2 8248 8115
2 8248 8244
2 8248 8116
2 8248 8245
2 8107 8248
2 8248 7992
2 8115 7992
2 8115 8111
2 8110 8115
2 8115 8249
2 8115 7840
2 8109 8115
2 7992 8249
2 7992 8116
2 7992 7840
2 7992 8250
2 7992 7847
2 8249 8250
2 8249 8251
2 8249 8124
2 8249 7840
2 8250 8122
2 8250 8121
2 8250 8252
2 8250 8253
2 8250 8126
2 8122 8251
2 8122 8126
2 8122 8120
2 8122 8124
2 8122 8123
2 8122 8252
2 8119 8118
2 8119 7995
2 8119 8254
2 8119 8255
2 8119 8256
2 8119 8127
2 8119 8257
2 8120 8121
2 8120 8125
2 8120 8126
2 8120 7858
2 8120 8252
2 8125 8132
2 8125 8258
2 8125 8002
2 8127 8128
2 8127 8131
2 8127 8257
2 8127 8256
2 8127 8259
2 8127 8260
2 8132 8261
2 8132 8002
2 8132 8262
2 8132 8263
2 8132 8123
2 8128 8259
2 8128 8134
2 8128 8260
2 8263 8261
2 8263 8262
2 8263 8258
2 8263 8131
2 8263 8260
2 8263 8134
2 8263 8259
2 8137 8136
2 8137 8138
2 8137 8141
2 8137 8139
2 8137 8140
2 8137 8264
2 8137 8265
2 8137 8266
2 8267 8265
2 8267 8139
2 8267 8149
2 8267 8268
2 8267 8269
2 8267 8143
2 8268 8153
2 8268 8270
2 8268 8144
2 8268 8143
2 8144 8146
2 8144 8147
2 8144 8271
2 8144 8009
2 8144 8145
2 8146 8145
2 8146 8143
2 8146 8272
2 8146 8271
2 8146 8273
2 8272 8273
2 8272 8145
2 8272 8274
2 8272 8275
2 8272 8147
2 8272 8276
2 8272 8277
2 8272 8278
2 8274 8273
2 8274 8279
2 8274 8275
2 8274 8278
2 8274 8145
2 8274 8156
2 8279 8277
2 8279 8276
2 8279 8156
2 8279 8273
2 8272 8279
2 8279 8155
2 8279 8278
2 8155 8023
2 8155 8156
2 8155 8157
2 8155 7893
2 8155 8024
2 8025 8155
2 5481 5648
2 5467 5469
2 5467 5471
2 5472 5467
2 4994 5469
2 5781 5939
2 5781 5810
2 4997 5781
2 8280 8281
2 8280 8282
2 8280 8283
2 8280 8284
2 8280 8285
2 8280 8286
2 8280 8287
2 8280 8288
2 8280 8289
2 8284 8285
2 8284 8281
2 8284 8290
2 8284 8289
2 8284 8288
2 8284 8291
2 8284 8283
2 8284 8167
2 8290 8291
2 8290 8167
2 8290 8285
2 8290 8289
2 8290 8292
2 8290 8293
2 8290 8166
2 8294 8166
2 8294 8164
2 8294 8168
2 8294 8292
2 8294 8295
2 8168 8166
2 8168 8170
2 8168 8296
2 8168 8297
2 8168 8171
2 8168 8164
2 8168 8292
2 8171 8296
2 8176 8173
2 8176 8169
2 8176 8170
2 8176 8174
2 8298 8299
2 8298 8300
2 8298 8301
2 8298 8302
2 8298 8303
2 8298 8304
2 8298 8305
2 8298 8306
2 8299 8304
2 8299 8307
2 8299 8308
2 8299 8301
2 8299 8309
2 8299 8302
2 8299 8310
2 8299 8300
2 8304 8308
2 8304 8184
2 8304 8309
2 8304 8182
2 8304 8301
2 8178 8052
2 8178 8179
2 8178 8046
2 8178 8311
2 8178 8312
2 8178 8313
2 8178 8048
2 8184 8182
2 8184 8314
2 8184 8315
2 8184 8310
2 8184 8308
2 8184 8316
2 8184 8188
2 8184 8309
2 8315 8188
2 8315 8182
2 8315 8314
2 8315 8181
2 8315 8317
2 8315 8183
2 8315 8316
2 8187 8318
2 8187 8191
2 8187 8319
2 8187 8192
2 8187 8060
2 8187 8054
2 8181 8180
2 8181 8320
2 8181 8190
2 8181 8317
2 8181 8189
2 8181 8321
2 8181 8188
2 8191 8192
2 8191 8186
2 8191 8322
2 8191 8318
2 8191 8060
2 8191 8323
2 8057 8191
2 8190 8321
2 8190 8199
2 8190 8324
2 8190 8183
2 8190 8193
2 8190 8180
2 8199 8189
2 8199 8193
2 8199 8324
2 8199 8195
2 8199 8321
2 8202 8201
2 8202 8325
2 8202 8204
2 8202 8326
2 8202 8071
2 8202 8327
2 8204 8328
2 8204 8329
2 8204 8201
2 8204 8325
2 8204 8071
2 8206 8075
2 8206 8330
2 8206 8078
2 8206 8331
2 8206 7966
2 8206 8332
2 8211 8212
2 8211 8333
2 8211 8334
2 8211 8335
2 8211 8336
2 8337 8219
2 8337 8338
2 8337 8339
2 8337 8218
2 8337 8083
2 8337 8340
2 8084 8337
2 8337 8217
2 8215 8226
2 8215 8225
2 8215 8341
2 8215 8342
2 8215 8213
2 8215 8343
2 8215 7978
2 8215 8344
2 8215 8214
2 8220 8345
2 8220 8217
2 8220 8346
2 8084 8220
2 8220 8083
2 8229 8086
2 8231 8347
2 8231 8348
2 8231 8242
2 8231 8349
2 8231 8350
2 8231 8237
2 8101 8231
2 8097 8095
2 8097 8234
2 8097 8351
2 8097 8352
2 8097 8353
2 8234 8233
2 8234 8354
2 8234 8351
2 8234 8355
2 8354 8243
2 8354 8108
2 8354 8095
2 8238 8237
2 8238 8240
2 8238 8356
2 8238 8357
2 8238 8358
2 8238 8359
2 8243 8244
2 8243 8245
2 8243 8352
2 8243 8105
2 8243 8111
2 8241 8246
2 8241 8357
2 8241 8240
2 8241 8360
2 8241 8361
2 8241 8237
2 8241 8356
2 8245 8244
2 8245 8111
2 8245 8108
2 8245 8355
2 8109 8245
2 8362 8363
2 8362 8364
2 8362 8365
2 8362 8366
2 8362 8367
2 8362 8253
2 8362 8116
2 8115 8362
2 8368 8369
2 8368 8370
2 8368 8371
2 8368 8372
2 8368 8373
2 8368 8374
2 8368 8375
2 7990 8368
2 8364 8363
2 8364 8367
2 8364 8253
2 8364 8376
2 8364 8251
2 8364 8252
2 8249 8364
2 7992 8364
2 8253 8367
2 8253 8252
2 8253 8251
2 8253 8363
2 8253 8121
2 8122 8253
2 8252 8251
2 8252 8121
2 8252 8367
2 8252 8123
2 8252 8124
2 8256 8377
2 8256 8259
2 8256 8260
2 8256 8378
2 8256 7995
2 8259 8257
2 8259 8131
2 8259 8134
2 8259 8135
2 8259 8377
2 8262 8379
2 8262 8258
2 8125 8262
2 8134 8131
2 8134 8380
2 8134 8381
2 8134 8129
2 8134 8257
2 8380 8135
2 8380 8382
2 8380 8266
2 8380 8131
2 8380 8264
2 8380 8260
2 8380 8129
2 8382 8264
2 8382 8381
2 8382 8140
2 8382 8138
2 8382 8135
2 8137 8382
2 8382 8141
2 8140 8264
2 8140 8138
2 8140 8141
2 8140 8139
2 8140 8136
2 8140 8381
2 8141 8139
2 8141 8265
2 8141 8136
2 8141 8270
2 8265 8270
2 8265 8138
2 8265 8009
2 8140 8265
2 5810 6064
2 5810 5939
2 4055 4059
2 4055 4197
2 3779 3698
2 3779 3696
2 3596 3465
2 3686 3596
2 3597 3465
2 3685 3597
2 5951 5953
2 5951 6070
2 5951 5793
2 148 151
2 3331 8383
2 3333 8383
2 8384 8385
2 8384 8386
2 8384 8387
2 8384 8388
2 8384 8389
2 8384 8390
2 8384 8391
2 8384 8392
2 8387 8390
2 8387 8385
2 8387 8393
2 8387 8282
2 8387 8394
2 8387 8388
2 8287 8395
2 8287 8393
2 8287 8283
2 8287 8286
2 8287 8281
2 8283 8286
2 8283 8281
2 8283 8288
2 8283 8282
2 8283 8396
2 8283 8289
2 8283 8397
2 8283 8398
2 8399 8400
2 8399 8401
2 8399 8295
2 8399 8402
2 8289 8288
2 8289 8285
2 8289 8403
2 8289 8398
2 8289 8281
2 8289 8404
2 8289 8291
2 3310 3309
2 3310 3570
2 3310 3440
2 3310 3306
2 3310 3564
2 8293 8292
2 8293 8405
2 8293 8297
2 8293 8406
2 8293 8291
2 8293 8166
2 8293 8407
2 8293 8408
2 8293 8296
2 8409 8410
2 8409 8411
2 8409 8412
2 8409 8413
2 8409 8414
2 8409 8415
2 8297 8296
2 8297 8408
2 8297 8292
2 8297 8407
2 8297 8166
2 8297 8170
2 8297 8416
2 8417 8418
2 8417 8412
2 8417 8303
2 8417 8419
2 8417 8300
2 8417 8306
2 8417 8410
2 8417 8305
2 8303 8300
2 8303 8306
2 8303 8305
2 8303 8302
2 8303 8418
2 8303 8301
2 8303 8412
2 8303 8420
2 8302 8301
2 8302 8300
2 8302 8309
2 8302 8306
2 8302 8305
2 8302 8308
2 8302 8420
2 8417 8302
2 8309 8301
2 8309 8310
2 8309 8316
2 8309 8314
2 8309 8300
2 8309 8421
2 8311 8422
2 8311 8313
2 8311 8052
2 8311 8423
2 8311 8424
2 8311 8425
2 8311 8426
2 8310 8316
2 8310 8314
2 8310 8421
2 8310 8182
2 8310 8301
2 8312 8427
2 8312 8179
2 8312 8428
2 8312 8319
2 8312 8429
2 8312 8313
2 8312 8430
2 8312 8431
2 8312 8424
2 8319 8431
2 8319 8318
2 8319 8427
2 8319 8430
2 8319 8428
2 8319 8432
2 8319 8433
2 8320 8317
2 8320 8321
2 8320 8183
2 8320 8324
2 8190 8320
2 8320 8434
2 8320 8435
2 8320 8189
2 8322 8192
2 8322 8436
2 8322 8437
2 8322 8438
2 8322 8432
2 8322 8439
2 8324 8321
2 8324 8189
2 8324 8440
2 8324 8183
2 8181 8324
2 8324 8317
2 8323 8439
2 8323 8326
2 8323 8327
2 8323 8192
2 8323 8441
2 8326 8325
2 8326 8436
2 8326 8439
2 8326 8442
2 8326 8201
2 8205 8443
2 8205 8444
2 8199 8205
2 8205 8195
2 8196 8205
2 8324 8205
2 8205 8445
2 8205 8198
2 8325 8328
2 8325 8327
2 8325 8329
2 8325 8441
2 8328 8446
2 8328 8334
2 8328 8447
2 8328 8442
2 8328 8203
2 8328 8448
2 8334 8329
2 8334 8212
2 8334 8333
2 8334 8335
2 8334 8447
2 8330 8331
2 8330 8332
2 8330 8080
2 8330 8449
2 8330 8450
2 8330 8451
2 8330 8339
2 8333 8212
2 8333 8216
2 8333 8336
2 8333 8452
2 8333 8453
2 8333 8208
2 8216 8335
2 8216 8214
2 8216 8213
2 8216 8207
2 8216 8212
2 8211 8216
2 8216 8336
2 8338 8340
2 8338 8450
2 8338 8219
2 8338 8449
2 8338 8454
2 8330 8338
2 8338 8332
2 8214 8452
2 8214 8341
2 8214 8343
2 8214 8335
2 8214 8226
2 8214 8207
2 8341 8213
2 8341 8226
2 8341 8342
2 8341 8344
2 8341 8452
2 8341 8225
2 8342 8344
2 8342 8343
2 8342 8228
2 8342 8455
2 8342 8225
2 8342 8213
2 8456 8457
2 8220 8456
2 8456 8458
2 8455 8353
2 8455 8459
2 8455 8226
2 8455 8343
2 8353 8351
2 8353 8228
2 8353 8233
2 8353 8344
2 8342 8353
2 8460 8461
2 8460 8462
2 8460 8463
2 8460 8464
2 8235 8460
2 8227 8460
2 8460 8465
2 8460 8466
2 8351 8459
2 8351 8095
2 8351 8352
2 8093 8351
2 8467 8233
2 8351 8467
2 8097 8467
2 8234 8467
2 8242 8356
2 8242 8347
2 8242 8468
2 8242 8359
2 8242 8350
2 8242 8240
2 8242 8237
2 8469 8352
2 8234 8469
2 8469 8108
2 8356 8240
2 8356 8359
2 8356 8470
2 8356 8357
2 8356 8471
2 8356 8472
2 8356 8361
2 8357 8361
2 8357 8240
2 8357 8359
2 8357 8239
2 8357 8473
2 8357 8360
2 8357 8470
2 8360 8474
2 8360 8473
2 8360 8475
2 8366 8376
2 8366 8476
2 8366 8474
2 8360 8366
2 8366 8374
2 8366 8477
2 8366 8372
2 8374 8369
2 8374 8370
2 8374 8474
2 8374 8477
2 8374 8371
2 8369 8370
2 8369 8371
2 8369 8372
2 8369 8373
2 8369 8114
2 8369 8375
2 8369 8247
2 8371 8373
2 8371 8370
2 8371 8375
2 8371 8478
2 8371 8255
2 8371 8372
2 8375 8373
2 8375 8478
2 8375 8255
2 8375 8479
2 8375 8370
2 8375 8378
2 8478 8378
2 8478 8373
2 8478 8377
2 8119 8478
2 8378 8377
2 8378 8257
2 8259 8378
2 3962 3964
2 3962 4357
2 3007 3005
2 3007 3004
2 2709 2708
2 2709 2707
2 4521 4644
2 4641 4644
2 4641 4881
2 8480 8481
2 8480 8392
2 8480 8482
2 8480 8483
2 8480 8391
2 8480 8484
2 8480 8386
2 8392 8485
2 8392 8386
2 8392 8483
2 8392 8486
2 8392 8487
2 8392 8488
2 8486 8385
2 8486 8389
2 8486 8483
2 8486 8485
2 8489 8490
2 8489 8491
2 8489 8492
2 8489 8493
2 8389 8385
2 8389 8393
2 8389 8395
2 8491 8490
2 8491 8401
2 8491 8494
2 8393 8495
2 8393 8390
2 8393 8394
2 8393 8397
2 8393 8282
2 8401 8494
2 8401 8492
2 8401 8496
2 8401 8497
2 8401 8498
2 8401 8493
2 8401 8499
2 8401 8400
2 8396 8286
2 8396 8398
2 8396 8403
2 8396 8500
2 8396 8288
2 8396 8501
2 8497 8494
2 8497 8499
2 8497 8400
2 8497 8498
2 8497 8402
2 8497 8496
2 8497 8415
2 8497 8492
2 8403 8398
2 8403 8404
2 8403 8288
2 8403 8502
2 8403 8501
2 8403 8500
2 8402 8400
2 8402 8499
2 8402 8413
2 8402 8503
2 8402 8494
2 8402 8411
2 8402 8498
2 8502 8404
2 8502 8504
2 8502 8505
2 8502 8406
2 8502 8405
2 8502 8506
2 8289 8502
2 8502 8398
2 8413 8411
2 8413 8503
2 8413 8419
2 8413 8410
2 8413 8507
2 8413 8400
2 8406 8504
2 8406 8405
2 8406 8506
2 8406 8407
2 8406 8508
2 8406 8509
2 8406 8292
2 8410 8411
2 8410 8419
2 8410 8414
2 8410 8412
2 8410 8418
2 8410 8510
2 8407 8408
2 8407 8508
2 8407 8509
2 8407 8416
2 8407 8511
2 8407 8512
2 8407 8296
2 8412 8418
2 8412 8414
2 8412 8306
2 8412 8510
2 8412 8305
2 8412 8419
2 8416 8512
2 8416 8408
2 8416 8511
2 8416 8513
2 8416 8296
2 8305 8300
2 8305 8420
2 8305 8418
2 8514 8425
2 8514 8515
2 8514 8423
2 8514 8511
2 8514 8513
2 8425 8423
2 8425 8516
2 8425 8422
2 8425 8426
2 8425 8515
2 8422 8423
2 8422 8426
2 8422 8424
2 8422 8313
2 8422 8516
2 8422 8179
2 8422 8429
2 8424 8426
2 8424 8429
2 8424 8428
2 8424 8179
2 8424 8427
2 8428 8429
2 8428 8427
2 8428 8430
2 8428 8433
2 8428 8313
2 8428 8431
2 8430 8431
2 8430 8433
2 8430 8427
2 8430 8432
2 8430 8429
2 8430 8318
2 8430 8438
2 8434 8317
2 8434 8517
2 8434 8183
2 8434 8321
2 8434 8518
2 8181 8434
2 8434 8519
2 8432 8438
2 8432 8431
2 8432 8437
2 8432 8433
2 8432 8318
2 8432 8427
2 8437 8438
2 8437 8439
2 8437 8436
2 8437 8192
2 8437 8431
2 8440 8520
2 8440 8521
2 8440 8321
2 8320 8440
2 8440 8522
2 8440 8523
2 8440 8524
2 8440 8317
2 8439 8436
2 8439 8441
2 8439 8327
2 8439 8438
2 8439 8192
2 8441 8442
2 8441 8448
2 8441 8436
2 8202 8441
2 8448 8447
2 8448 8446
2 8448 8327
2 8448 8329
2 8326 8448
2 8444 8443
2 8444 8445
2 8444 8525
2 8444 8526
2 8444 8527
2 8444 8451
2 8444 8528
2 8444 8529
2 8447 8329
2 8447 8442
2 8447 8453
2 8325 8447
2 8447 8336
2 8453 8446
2 8453 8335
2 8453 8329
2 8453 8530
2 8328 8453
2 8332 8331
2 8332 8449
2 8332 8451
2 8332 8531
2 8332 8450
2 8332 8529
2 8332 8532
2 8332 8340
2 8530 8533
2 8450 8340
2 8450 8534
2 8450 8531
2 8450 8532
2 8450 8331
2 8450 8535
2 8533 8536
2 8533 8452
2 8533 8336
2 8533 8335
2 8214 8533
2 8533 8537
2 8216 8533
2 8536 8537
2 8536 8538
2 8536 8539
2 8450 8536
2 8536 8535
2 8536 8534
2 8530 8536
2 8536 8540
2 8537 8541
2 8537 8539
2 8537 8542
2 8537 8540
2 8457 8543
2 8457 8544
2 8545 8546
2 8545 8547
2 8462 8461
2 8462 8463
2 8462 8236
2 8462 8464
2 8462 8465
2 8235 8462
2 8227 8462
2 8462 8466
2 8349 8350
2 8349 8548
2 8349 8546
2 8349 8468
2 8349 8544
2 8350 8468
2 8350 8471
2 8350 8547
2 8350 8347
2 8350 8472
2 8356 8350
2 8471 8468
2 8471 8470
2 8471 8359
2 8471 8466
2 8471 8475
2 8470 8359
2 8470 8472
2 8470 8475
2 8470 8473
2 8470 8361
2 8470 8240
2 8473 8477
2 8473 8359
2 8473 8474
2 8477 8361
2 8477 8247
2 8477 8475
2 8357 8477
2 8477 8372
2 2354 2349
2 2354 2352
2 8549 2550
2 8549 2349
2 5119 5117
2 4456 5119
2 5114 5119
2 4638 5119
2 5110 4883
2 5110 7066
2 5110 4881
2 7066 5111
2 6026 8550
2 1512 1655
2 1512 1407
2 1512 1908
2 2057 1512
2 8551 8552
2 8551 8553
2 8551 8554
2 8552 8553
2 8552 8482
2 8552 8555
2 8552 8484
2 8552 8481
2 8552 8556
2 8482 8481
2 8482 8553
2 8482 8555
2 8482 8487
2 8482 8557
2 8482 8485
2 4873 4880
2 8558 8559
2 8558 8560
2 8558 8561
2 8558 8562
2 8558 8563
2 8558 8564
2 8558 8565
2 8558 8566
2 8558 8567
2 8487 8484
2 8487 8483
2 8487 8555
2 8487 8488
2 8561 8559
2 8561 8567
2 8561 8568
2 8561 8563
2 8561 8566
2 8561 8562
2 8561 8569
2 8561 8570
2 8483 8488
2 8483 8485
2 8483 8571
2 8483 8386
2 8568 8569
2 8568 8572
2 8568 8566
2 8568 8490
2 8568 8559
2 8568 8563
2 8572 8493
2 8572 8573
2 8572 8567
2 8572 8574
2 8572 8492
2 8493 8492
2 8493 8490
2 8493 8496
2 8493 8573
2 8493 8494
2 8575 8397
2 8575 8500
2 8575 8576
2 8575 8495
2 8575 8577
2 8575 8578
2 8575 8501
2 8498 8496
2 8498 8499
2 8498 8494
2 8498 8579
2 8498 8580
2 8498 8492
2 8498 8581
2 8501 8398
2 8501 8505
2 8501 8578
2 8501 8404
2 8501 8397
2 8505 8404
2 8505 8506
2 8505 8504
2 8505 8500
2 8406 8505
2 8503 8411
2 8503 8582
2 8503 8581
2 8503 8499
2 8410 8503
2 8506 8504
2 8506 8509
2 8506 8508
2 8506 8404
2 8506 8405
2 8407 8506
2 8509 8508
2 8509 8511
2 8509 8504
2 8509 8408
2 8509 8513
2 8416 8509
2 8510 8414
2 8510 8583
2 8510 8584
2 8510 8411
2 8510 8418
2 8510 8585
2 8510 8507
2 8511 8512
2 8511 8508
2 8511 8408
2 8586 8512
2 8416 8586
2 8586 8515
2 8587 8516
2 8514 8587
2 8587 8512
2 8587 8513
2 8587 8588
2 8589 8590
2 8589 8420
2 8589 8591
2 8589 8592
2 8589 8593
2 8589 8594
2 8589 8421
2 8305 8589
2 8595 8596
2 8595 8421
2 8595 8518
2 8595 8597
2 8595 8598
2 8595 8599
2 8595 8316
2 8595 8593
2 8595 8592
2 8518 8596
2 8518 8599
2 8518 8519
2 8518 8600
2 8518 8598
2 8518 8421
2 8518 8597
2 8518 8601
2 8602 8603
2 8602 8604
2 8602 8605
2 8602 8606
2 8602 8607
2 8602 8608
2 8602 8609
2 8602 8523
2 8602 8610
2 8521 8522
2 8521 8520
2 8521 8524
2 8521 8523
2 8521 8610
2 8521 8611
2 8521 8528
2 8521 8527
2 8605 8608
2 8605 8603
2 8605 8604
2 8605 8606
2 8448 8605
2 8605 8327
2 8441 8605
2 8524 8522
2 8524 8528
2 8524 8527
2 8524 8520
2 8524 8610
2 8524 8526
2 8524 8523
2 8527 8526
2 8527 8525
2 8527 8445
2 8527 8522
2 8527 8443
2 8527 8612
2 8525 8526
2 8525 8445
2 8525 8612
2 8525 8529
2 8525 8451
2 8525 8528
2 8525 8443
2 8529 8451
2 8529 8612
2 8529 8532
2 8529 8531
2 8529 8445
2 8529 8331
2 8529 8526
2 8531 8449
2 8531 8451
2 8531 8534
2 8531 8535
2 8531 8331
2 8534 8539
2 8534 8532
2 8534 8449
2 8534 8540
2 8534 8454
2 8534 8340
2 8539 8454
2 8539 8535
2 8539 8542
2 8539 8541
2 8539 8613
2 8450 8539
2 8539 8449
2 8542 8454
2 8542 8613
2 8542 8540
2 8542 8614
2 8542 8615
2 8542 8458
2 8542 8346
2 8614 8458
2 8614 8541
2 8614 8543
2 8614 8544
2 8614 8616
2 8543 8458
2 8543 8546
2 8543 8548
2 8543 8616
2 8543 8615
2 8543 8613
2 8548 8544
2 8548 8547
2 8548 8617
2 8548 8616
2 8617 8547
2 8617 8544
2 8543 8617
2 460 544
2 545 460
2 543 460
2 630 460
2 203 208
2 203 212
2 5492 5500
2 5492 5488
2 5492 5659
2 5492 5495
2 8618 8619
2 8618 8620
2 8618 8554
2 8618 8621
2 8618 8622
2 8618 8623
2 8618 8624
2 8618 8625
2 8618 8626
2 8554 8620
2 8554 8556
2 8554 8627
2 8554 8623
2 8554 8624
2 8554 8619
2 8554 8621
2 8627 8556
2 8627 8628
2 8627 8629
2 8627 8620
2 8627 8630
2 8627 8631
2 8627 8623
2 8628 8564
2 8628 8631
2 8628 8556
2 8564 8565
2 8564 8560
2 8564 8632
2 8564 8633
2 8564 8629
2 8564 8562
2 8564 8631
2 8555 8553
2 8555 8484
2 8555 8557
2 8555 8634
2 8555 8635
2 8555 8481
2 8555 8630
2 8563 8562
2 8563 8559
2 8563 8566
2 8563 8570
2 8563 8569
2 8563 8560
2 8566 8570
2 8566 8573
2 8566 8567
2 8566 8559
2 8571 8636
2 8571 8488
2 8571 8637
2 8571 8638
2 8571 8639
2 8571 8640
2 8571 8391
2 8573 8569
2 8573 8574
2 8573 8570
2 8573 8490
2 8638 8639
2 8638 8640
2 8638 8636
2 8638 8641
2 8638 8642
2 8638 8394
2 8638 8488
2 8574 8643
2 8574 8644
2 8574 8569
2 8574 8645
2 8641 8642
2 8641 8640
2 8641 8639
2 8641 8576
2 8641 8577
2 8641 8646
2 8641 8394
2 8576 8646
2 8576 8578
2 8576 8642
2 8576 8500
2 8576 8495
2 8576 8397
2 8580 8579
2 8580 8647
2 8580 8643
2 8580 8648
2 8580 8496
2 8580 8649
2 8580 8650
2 8580 8581
2 4618 4621
2 8582 8581
2 8582 8651
2 8582 8652
2 8582 8507
2 8582 8650
2 8582 8653
2 8582 8654
2 8582 8649
2 8655 8656
2 8655 8657
2 8655 8658
2 8506 8655
2 8655 8652
2 8509 8655
2 8659 8660
2 8509 8659
2 8659 8508
2 8659 8513
2 8511 8659
2 8506 8659
2 8659 8504
2 8584 8583
2 8584 8585
2 8584 8661
2 8584 8594
2 8584 8662
2 8584 8663
2 8584 8664
2 8584 8420
2 8594 8661
2 8594 8591
2 8594 8665
2 8594 8583
2 8594 8666
2 8594 8420
2 8594 8585
2 8594 8590
2 8665 8592
2 8665 8666
2 8665 8593
2 8665 8661
2 8665 8420
2 8667 8668
2 8587 8667
2 8665 8667
2 8667 8592
2 8667 8593
2 8586 8667
2 8592 8593
2 8592 8597
2 8592 8591
2 8592 8590
2 8592 8668
2 8592 8598
2 8592 8666
2 8597 8598
2 8597 8593
2 8597 8596
2 8597 8599
2 8597 8601
2 8597 8421
2 8599 8601
2 8599 8598
2 8599 8596
2 8599 8519
2 8599 8600
2 8599 8609
2 8600 8601
2 8600 8609
2 8600 8669
2 8600 8517
2 8600 8596
2 8600 8598
2 8669 8611
2 8669 8519
2 8669 8523
2 8669 8601
2 8669 8610
2 8611 8610
2 8611 8520
2 8611 8522
2 8600 8611
2 8610 8522
2 8610 8520
2 8610 8517
2 8610 8528
2 544 711
2 208 212
2 711 803
2 629 711
2 539 711
2 4343 8670
2 4343 4335
2 899 901
2 899 1008
2 899 1009
2 3830 3833
2 3830 3829
2 3830 3918
2 3830 3832
2 3835 3830
2 3830 3836
2 8626 8625
2 8626 8619
2 8626 8671
2 8626 8672
2 8626 8624
2 8621 8619
2 8621 8625
2 8621 8624
2 8621 8623
2 8621 8671
2 8623 8620
2 8623 8619
2 8623 8625
2 8623 8673
2 8623 8674
2 8623 8675
2 8676 8634
2 8676 8677
2 8676 8630
2 8676 8675
2 8634 8557
2 8634 8635
2 8634 8677
2 8634 8553
2 8634 8678
2 8634 8484
2 8632 8679
2 8632 8680
2 8632 8562
2 8563 8632
2 8635 8681
2 8635 8678
2 8635 8682
2 8635 8484
2 8635 8677
2 8635 8553
2 901 1008
2 901 1009
2 901 1109
2 8682 8678
2 8682 8683
2 8682 8557
2 8682 8637
2 8682 8681
2 8571 8682
2 8682 8488
2 8682 8636
2 8683 8684
2 8683 8678
2 8684 8685
2 8684 8637
2 8682 8684
2 8685 8686
2 8685 8644
2 8685 8645
2 8685 8687
2 8685 8643
2 8644 8643
2 8644 8687
2 8644 8648
2 8644 8686
2 8644 8647
2 8580 8644
2 8648 8647
2 8648 8687
2 8648 8643
2 8648 8657
2 8648 8649
2 8648 8645
2 8648 8579
2 8649 8650
2 8649 8647
2 8649 8652
2 8649 8579
2 8649 8651
2 8649 8581
2 8652 8650
2 8652 8653
2 8652 8581
2 8652 8654
2 8652 8657
2 8653 8654
2 8653 8664
2 8653 8663
2 8653 8650
2 8653 8581
2 8649 8653
2 8664 8663
2 8664 8654
2 8664 8662
2 8664 8585
2 8664 8651
2 8664 8583
2 8652 8664
2 8662 8585
2 8662 8661
2 8662 8654
2 8662 8583
2 8594 8662
2 8662 8666
2 1109 8688
2 6122 1109
2 1109 1428
2 8671 8625
2 8671 8673
2 8671 8674
2 8671 8689
2 8671 8690
2 8671 8624
2 8674 8689
2 8674 8691
2 8674 8692
2 8674 8675
2 8674 8624
2 8674 8672
2 8674 8625
2 8691 8692
2 8691 8693
2 8691 8694
2 8691 8673
2 8691 8695
2 8691 8624
2 8691 8689
2 8694 8695
2 8694 8696
2 8694 8675
2 8694 8631
2 8694 8692
2 8694 8680
2 8696 8695
2 8696 8680
2 8696 8679
2 8696 8633
2 8679 8680
2 8679 8697
2 8679 8633
2 8679 8695
2 8679 8631
2 8679 8698
2 8694 8679
2 8697 8698
2 8697 8680
2 8696 8697
2 8697 8699
2 1103 1209
2 8698 8699
2 8698 8570
2 8698 8680
2 8698 8562
2 8563 8698
2 3290 3131
2 3290 3133
2 1765 2077
2 1765 1767
2 1765 1766
2 1765 1920
2 1765 2280
2 2077 2280
2 2077 1920
2 2077 2484
2 2077 1766
2 3283 3133
2 3283 3131
2 3130 3283
2 5495 5499
2 5495 5497
2 5495 5500
2 5493 5495
2 3446 3308
2 2280 1920
2 2280 1767
2 1919 2280
2 2485 2484
2 2484 1920
2 3123 3113
2 3123 3121
2 3123 3134
2 7793 7792
2 7793 7654
2 7793 7651
2 7793 7499
2 7500 7793
2 1683 1681
2 1683 8700
2 1683 1685
2 1683 1680
2 1683 1682
2 1683 8701
2 3113 3127
2 3102 3105
2 2646 2942
2 2645 2646
2 2795 2793
2 2795 2794
2 2786 2795
2 2795 2650
2 2783 2795
2 706 787
2 619 787
2 1533 1422
2 114 99
2 5084 4960
2 2898 5084
2 2896 5084
2 1097 1205
2 1202 1097
2 2902 5338
2 2902 8702
2 2902 5336
2 2978 5674
2 2978 5675
2 5452 2978
2 2976 2978
2 2978 5906
2 4604 4606
2 3791 4604
2 3792 4604
2 3793 4604
2 5338 8703
2 5675 3794
2 5675 5674
2 5675 5906
2 5675 5676
2 1545 5675
2 4606 4497
2 4606 8704
2 3794 5912
2 4497 4494
2 4497 4607
2 3800 5914
2 3800 6044
2 4494 4607
2 4494 4330
2 4494 4036
2 86 81
2 86 83
2 87 86
2 6047 6160
2 6047 6157
2 6047 6158
2 6047 6155
2 4036 4034
2 4496 4036
2 6056 5932
2 6056 6166
2 6056 5933
2 5621 6056
2 6056 8705
2 4168 4034
2 4034 4169
2 2369 2862
2 2862 2368
2 2167 2862
2 2862 2365
2 2555 2862
2 2375 2862
2 6166 6057
2 6166 6058
2 2618 4194
2 2618 4195
2 6057 5351
2 6057 5240
2 6057 5106
2 6293 6291
2 2438 2852
2 2438 2851
2 2435 2438
2 2438 2436
2 2713 2438
2 2440 2438
2 151 261
2 4194 8706
2 2616 4194
2 4193 4194
2 4194 3966
2 465 8707
2 392 465
2 268 465
2 331 465
2 3342 3202
2 3342 8708
2 3342 3343
2 3342 2866
2 3024 3342
2 3342 3344
2 8709 136
2 8709 137
2 2616 8709
2 3872 8709
2 724 725
2 724 917
2 469 724
2 919 724
2 4650 4659
2 4650 4648
2 4650 4529
2 4650 4533
2 2448 2452
2 2448 2450
2 2448 2455
2 2448 2451
2 2448 2453
2 1026 1024
2 1026 1225
2 725 917
2 725 637
2 919 725
2 817 725
2 920 725
2 189 3453
2 189 190
2 1124 1123
2 1124 1225
2 3855 3854
2 3855 3954
2 3855 3856
2 3855 3859
2 190 202
2 8622 8690
2 8622 8619
2 8622 8625
2 8671 8622
2 8622 8672
2 8623 8622
2 8690 8672
2 8690 8619
2 8690 8673
2 8618 8690
2 8619 8625
2 8619 8624
2 8619 8620
2 8625 8672
2 8625 8673
2 8625 8624
2 8672 8673
2 8672 8689
2 8621 8672
2 8672 8624
2 2312 2311
2 2312 2309
2 2312 2673
2 2312 2669
2 2310 2312
2 8620 8624
2 8620 8556
2 8621 8620
2 8625 8620
2 8624 8673
2 8624 8675
2 8673 8689
2 8673 8675
2 8689 8692
2 8689 8675
2 8625 8689
2 8624 8689
2 2819 2669
2 2819 2311
2 2819 2673
2 2819 2664
2 2819 2662
2 8629 8565
2 8629 8556
2 8554 8629
2 8556 8630
2 8556 8631
2 8623 8556
2 8675 8692
2 8675 8693
2 8675 8695
2 8692 8693
2 8673 8692
2 8624 8692
2 8692 8695
2 2429 2431
2 2429 2666
2 2429 2667
2 2429 2662
2 3762 3769
2 3762 3771
2 8565 8560
2 8627 8565
2 8565 8631
2 8565 8633
2 8630 8553
2 8631 8695
2 8631 8680
2 8695 8680
2 8693 8677
2 8674 8693
2 19 36
2 19 1975
2 39 19
2 8560 8562
2 8560 8559
2 8561 8560
2 8628 8560
2 8553 8484
2 8553 8481
2 8553 8557
2 8633 8680
2 8695 8633
2 8680 8677
2 8677 8681
2 2541 2680
2 2989 2680
2 22 2680
2 21 2680
2 36 1975
2 8559 8562
2 8559 8567
2 8559 8569
2 8562 8570
2 8562 8569
2 8481 8484
2 8481 8485
2 8392 8481
2 8484 8557
2 8557 8681
2 8557 8678
2 8681 8678
2 8555 8681
2 8676 8681
2 8484 8681
2 25 28
2 8567 8569
2 8567 8490
2 8569 8570
2 8485 8391
2 8485 8488
2 8485 8386
2 8570 8699
2 8559 8570
2 8568 8570
2 8484 8678
2 8555 8678
2 8571 8678
2 3308 8710
2 39 2832
2 8490 8492
2 8386 8391
2 8386 8385
2 8386 8388
2 8389 8386
2 8391 8488
2 8391 8388
2 8488 8636
2 8486 8488
2 8488 8388
2 8699 8686
2 8566 8699
2 8573 8699
2 8569 8699
2 8699 8645
2 3309 3306
2 3309 8710
2 5351 5240
2 5351 5106
2 4982 5351
2 5621 5351
2 3875 5351
2 6176 6288
2 8492 8496
2 8492 8494
2 8385 8388
2 8385 8390
2 8385 8394
2 8391 8385
2 8388 8394
2 8388 8390
2 8686 8645
2 8686 8643
2 8686 8687
2 8636 8637
2 8636 8639
2 8636 8640
2 8483 8636
2 8637 8639
2 8488 8637
2 8637 8640
2 8700 1935
2 8700 1685
2 8700 1681
2 1679 8700
2 1687 8700
2 8700 1680
2 8700 1682
2 2309 2080
2 2309 2311
2 2309 1928
2 2670 2309
2 7209 7210
2 6694 7209
2 6696 7209
2 5499 5501
2 5499 5500
2 5499 5503
2 5496 5499
2 6693 7210
2 5645 5647
2 5471 5784
2 8494 8496
2 8494 8499
2 8494 8400
2 8496 8499
2 8496 8579
2 8390 8394
2 8390 8282
2 8643 8645
2 8643 8647
2 8643 8579
2 8643 8687
2 8643 8657
2 8394 8640
2 8645 8687
2 8645 8647
2 8580 8645
2 8640 8639
2 8640 8642
2 8388 8640
2 8639 8642
2 8639 8577
2 2311 2669
2 2311 2080
2 6182 6179
2 5939 6064
2 5939 6065
2 5939 5942
2 6064 6065
2 4059 4061
2 4059 4197
2 4056 4197
2 4054 4197
2 4063 4197
2 4058 4197
2 3696 3698
2 3687 3465
2 8400 8499
2 8400 8415
2 8498 8400
2 8503 8400
2 8499 8415
2 8282 8286
2 8282 8281
2 8282 8395
2 8579 8647
2 8579 8650
2 8579 8581
2 8580 8658
2 8579 8658
2 8658 8647
2 8496 8658
2 8498 8658
2 8644 8658
2 8395 8397
2 8395 8286
2 8283 8395
2 8647 8657
2 8647 8687
2 8647 8650
2 8390 8495
2 8687 8657
2 8649 8687
2 8580 8687
2 8642 8577
2 8642 8646
2 8575 8642
2 2669 2818
2 2669 2664
2 2662 2664
2 2665 2662
2 2502 2662
2 2430 2662
2 2313 2662
2 3698 4187
2 3334 3337
2 3335 3337
2 3336 3337
2 4187 3964
2 3779 4187
2 4187 4357
2 3777 4187
2 3964 4357
2 3964 8711
2 3698 3964
2 2708 2707
2 2846 2708
2 2349 2352
2 2349 2550
2 4521 8712
2 4643 8712
2 8415 8411
2 8415 8507
2 8410 8415
2 8713 8295
2 8281 8285
2 8281 8286
2 8281 8288
2 8581 8650
2 8581 8651
2 8286 8397
2 8286 8288
2 8286 8398
2 8650 8651
2 8650 8657
2 8648 8650
2 8397 8398
2 8397 8646
2 8397 8500
2 8657 8656
2 8579 8657
2 8580 8657
2 8646 8500
2 8646 8578
2 8577 8578
2 8495 8577
2 8577 8500
2 8397 8577
2 8714 2352
2 2159 2142
2 4881 4883
2 4881 4884
2 4642 4881
2 4881 4886
2 2549 2550
2 2550 3000
2 4883 4884
2 5111 4886
2 4881 5111
2 5103 5111
2 8419 8411
2 8419 8418
2 8419 8414
2 8415 8419
2 8411 8507
2 8411 8414
2 8163 8295
2 8295 8164
2 8295 8166
2 8410 8507
2 8507 8414
2 8581 8507
2 8285 8288
2 8285 8291
2 8283 8285
2 8286 8285
2 8288 8398
2 8288 8404
2 8651 8654
2 8657 8651
2 8398 8500
2 8398 8404
2 8656 8660
2 8649 8656
2 8650 8656
2 8647 8656
2 8505 8578
2 8397 8578
2 8642 8578
2 4880 4734
2 4880 4877
2 457 458
2 320 457
2 319 457
2 4621 4619
2 4621 4623
2 4621 4625
2 7064 8550
2 3156 7064
2 207 143
2 4619 4623
2 4509 4351
2 4509 4347
2 4342 4509
2 4341 4334
2 8418 8414
2 8414 8583
2 8417 8414
2 8414 8306
2 8167 8166
2 8167 8292
2 8168 8167
2 8167 8164
2 8293 8167
2 8291 8292
2 8291 8405
2 8291 8166
2 2295 2299
2 2295 2293
2 2295 2292
2 2295 2494
2 8654 8663
2 8654 8585
2 8507 8654
2 8404 8504
2 8406 8404
2 4040 8715
2 8660 8716
2 8657 8660
2 8652 8660
2 8658 8660
2 8649 8660
2 8651 8660
2 803 903
2 630 803
2 544 803
2 803 904
2 8670 4334
2 8670 4335
2 8670 4179
2 8688 1428
2 900 8688
2 1214 8688
2 8300 8306
2 8300 8301
2 8418 8300
2 8412 8300
2 8306 8420
2 8164 8166
2 8164 8169
2 8164 8170
2 8171 8164
2 8166 8292
2 8166 8170
2 8583 8585
2 8583 8661
2 8412 8583
2 8583 8420
2 8292 8405
2 8292 8296
2 8292 8408
2 8585 8663
2 8585 8661
2 8405 8504
2 8407 8405
2 8404 8405
2 8297 8405
2 8663 8661
2 8583 8663
2 8594 8663
2 8504 8508
2 8407 8504
2 1209 1322
2 1095 1209
2 8509 8716
2 8716 8508
2 8504 8716
2 8716 8513
2 8511 8716
2 6910 6914
2 6910 6913
2 6910 6917
2 7067 6910
2 6910 6916
2 6914 7068
2 6914 6917
2 6914 7069
2 7070 6914
2 7068 7069
2 7068 7212
2 7068 6917
2 7070 7068
2 6910 7068
2 1766 1767
2 1766 1920
2 1766 1923
2 1767 1920
2 1767 1923
2 3131 2969
2 3289 3131
2 1920 1923
2 8301 8308
2 8305 8301
2 8306 8301
2 8172 8307
2 8307 8174
2 8300 8307
2 8303 8307
2 8175 8307
2 8302 8307
2 8165 8307
2 8169 8170
2 8169 8173
2 8168 8169
2 8169 8177
2 8420 8590
2 8420 8591
2 8170 8296
2 8170 8177
2 8296 8408
2 8296 8515
2 8166 8296
2 8661 8666
2 8661 8591
2 8408 8508
2 8408 8512
2 8408 8515
2 8416 8508
2 8508 8513
2 6916 6913
2 6916 6920
2 6916 6919
2 6915 6916
2 6799 6916
2 6913 6917
2 6913 6919
2 6917 7069
2 7073 6917
2 7069 7212
2 7069 7213
2 6917 7212
2 6914 7212
2 8308 8182
2 8174 8173
2 8174 8048
2 8169 8174
2 8165 8174
2 8171 8174
2 3133 2969
2 8173 8177
2 8170 8173
2 3134 2969
2 3134 3121
2 3134 3127
2 3118 3134
2 3120 3134
2 3127 3121
2 8590 8591
2 8590 8593
2 8590 8421
2 8590 8666
2 8296 8177
2 8297 8177
2 8591 8666
2 8591 8593
2 8515 8512
2 8297 8515
2 8515 8516
2 8171 8515
2 8666 8593
2 8584 8666
2 8512 8513
2 8512 8516
2 8407 8513
2 8408 8513
2 6920 6919
2 6920 6922
2 6920 6923
2 6913 6920
2 6919 7071
2 6919 6922
2 3105 2954
2 6917 7213
2 8182 8314
2 8182 8188
2 8182 8316
2 8314 8316
2 8314 8188
2 8316 8421
2 8048 8046
2 8048 8052
2 8173 8048
2 8048 8045
2 8421 8596
2 8421 8593
2 8593 8598
2 8593 8668
2 8588 8668
2 8665 8588
2 8592 8588
2 8586 8588
2 8591 8588
2 8666 8588
2 8593 8588
2 8516 8423
2 8416 8516
2 8513 8516
2 2942 2802
2 2485 2942
2 6802 6795
2 6802 6923
2 6802 6797
2 6798 6802
2 6802 6922
2 6923 6922
2 6923 6925
2 6922 7071
2 7071 7215
2 7215 7218
2 8188 8183
2 8188 8180
2 8188 8317
2 8045 8046
2 8045 8051
2 8045 8052
2 8046 8052
2 8046 8051
2 8052 8179
2 8596 8598
2 8596 8519
2 8596 8601
2 8598 8601
2 8598 8519
2 8597 8668
2 8598 8668
2 8665 8668
2 8599 8668
2 8668 8601
2 8423 8426
2 8424 8423
2 8423 8313
2 2948 2802
2 2486 2948
2 2786 2948
2 2794 2793
2 2794 2650
2 2796 2794
2 2794 2648
2 2794 2656
2 6795 6800
2 6795 6797
2 6803 6795
2 6923 6795
2 6797 6925
2 6924 6797
2 2793 2650
2 2796 2793
2 2786 2793
2 6925 7074
2 7074 7218
2 6922 7074
2 7072 7218
2 7218 7220
2 8180 8183
2 8180 8189
2 8180 8193
2 8183 8317
2 8183 8321
2 8183 8189
2 8317 8435
2 8317 8321
2 8190 8317
2 8051 8054
2 8051 8056
2 8057 8051
2 8435 8517
2 8518 8435
2 8183 8435
2 8435 8519
2 8181 8435
2 8435 8321
2 8519 8601
2 8519 8609
2 8179 8313
2 8179 8427
2 8428 8179
2 8179 8429
2 8601 8609
2 8313 8426
2 8313 8429
2 8313 8427
2 8426 8429
2 8428 8426
2 8179 8426
2 6804 6800
2 6804 6706
2 6804 6806
2 6795 6804
2 6800 6806
2 6800 6808
2 6800 6927
2 5240 5102
2 5097 5240
2 6174 6060
2 5937 6174
2 6174 5936
2 7220 6930
2 7074 7220
2 8193 8189
2 8193 8195
2 8193 8321
2 8189 8321
2 8056 8054
2 8056 8059
2 8056 8060
2 8061 8056
2 8054 8060
2 8054 8186
2 8517 8523
2 8517 8520
2 8609 8606
2 8609 8523
2 8427 8429
2 8427 8431
2 8427 8433
2 8429 8433
2 8429 8431
2 6706 6698
2 6706 6809
2 6706 6703
2 6701 6706
2 6706 6808
2 6808 6806
2 6808 6703
2 6808 6698
2 6806 6927
2 6806 6929
2 6806 6703
2 6927 6930
2 6930 6929
2 1177 6561
2 6558 1177
2 1177 6429
2 4177 4178
2 6060 5936
2 6060 5777
2 4515 4504
2 4870 4867
2 8195 8198
2 8189 8195
2 8185 8195
2 8190 8195
2 7945 8065
2 8065 7949
2 8066 8065
2 7948 8065
2 8065 7947
2 8063 8059
2 8063 7946
2 8056 8063
2 8055 8063
2 7945 8063
2 8059 8060
2 8059 7951
2 8057 8059
2 8060 8186
2 8520 8522
2 8520 8523
2 8324 8520
2 8186 8318
2 8186 8192
2 8322 8186
2 8523 8522
2 8318 8431
2 8318 8192
2 8606 8604
2 8606 8603
2 8600 8606
2 8611 8606
2 8431 8433
2 8431 8438
2 8433 8438
2 8312 8433
2 6809 8717
2 6809 6699
2 6700 6809
2 6809 6712
2 6809 6573
2 6698 6703
2 6698 6699
2 6698 6705
2 6703 6705
2 6929 6932
2 7223 6935
2 7078 7223
2 6928 7223
2 6929 7223
2 5936 5777
2 5936 5935
2 3985 4632
2 4867 4730
2 5777 5635
2 5777 5935
2 5777 5633
2 5635 5633
2 5635 5935
2 5936 5635
2 8198 8078
2 8194 8198
2 8198 8080
2 7946 7951
2 7946 7947
2 7946 8069
2 7951 8069
2 7951 7947
2 8522 8528
2 8192 8436
2 8060 8192
2 8603 8604
2 8603 8607
2 8603 8608
2 8523 8603
2 8610 8603
2 8611 8603
2 8604 8607
2 8604 8608
2 8609 8604
2 8318 8438
2 8438 8436
2 8717 6712
2 8717 6573
2 6571 8717
2 6699 6573
2 6699 6705
2 6705 6932
2 6705 6931
2 6932 6935
2 6932 6931
2 6928 6932
2 6935 6931
2 5633 5634
2 5634 5631
2 5635 5634
2 3987 4847
2 7497 6435
2 7497 7496
2 4079 7497
2 6433 7497
2 7497 4075
2 7497 6434
2 8078 8075
2 8078 8080
2 8078 7966
2 7949 7955
2 7949 7947
2 7949 7952
2 7946 7949
2 7800 7949
2 7949 7799
2 7947 7952
2 7947 7953
2 8443 8445
2 8443 8526
2 8443 8528
2 8524 8443
2 8443 8331
2 8069 8071
2 8069 8201
2 8069 7953
2 8202 8069
2 8528 8526
2 8528 8445
2 8608 8607
2 8608 8327
2 8448 8608
2 8441 8608
2 8606 8608
2 8436 8327
2 8191 8436
2 8606 8607
2 8448 8607
2 8607 8327
2 6714 6567
2 6714 6711
2 6714 6712
2 6573 6567
2 6697 6573
2 6573 6570
2 6712 6810
2 6712 6936
2 6573 6712
2 6702 6931
2 6701 6931
2 8718 8719
2 8718 8720
2 6435 6434
2 6435 4075
2 6434 6438
2 6434 4076
2 6516 6523
2 6516 7499
2 6516 4932
2 6516 7654
2 6516 6517
2 6438 6522
2 6438 4829
2 6438 4830
2 6433 6438
2 7966 8075
2 7966 7965
2 7966 8080
2 8075 8080
2 8075 7965
2 8330 8075
2 7955 7799
2 7955 7952
2 7955 7957
2 7947 7955
2 7956 7955
2 8080 8331
2 7952 7953
2 7952 7957
2 7953 8071
2 7954 7953
2 8071 8201
2 8445 8526
2 8445 8451
2 8445 8612
2 8445 8331
2 8201 8203
2 8325 8201
2 8526 8612
2 8526 8451
2 8327 8442
2 6711 6580
2 6709 6711
2 6578 6711
2 6711 6583
2 6567 6566
2 6810 6936
2 8719 8720
2 6810 8719
2 6523 6517
2 6523 4932
2 6522 6562
2 6522 4830
2 4759 6522
2 856 6517
2 6562 4830
2 7965 8079
2 7965 8083
2 7965 8081
2 7963 8721
2 7964 8721
2 7966 8721
2 7965 8721
2 8075 8721
2 8076 8721
2 7794 8721
2 7799 7957
2 7799 7803
2 7799 7959
2 7960 7799
2 7957 7959
2 7957 7958
2 8331 8451
2 8331 8449
2 8331 8532
2 8331 8340
2 8451 8532
2 8451 8612
2 8325 8203
2 8203 8329
2 8612 8532
2 8531 8612
2 8332 8612
2 8442 8446
2 8442 8329
2 6580 6583
2 6580 6715
2 6445 6580
2 6566 6576
2 6566 6569
2 6566 6575
2 6566 6570
2 6576 6570
2 6576 6569
2 6812 6576
2 6576 6813
2 6570 6813
2 6570 6815
2 6567 6570
2 6813 6937
2 6813 6815
2 6813 6938
2 6937 7226
2 6937 6815
2 6811 8720
2 7226 7081
2 6816 7226
2 7226 6938
2 7205 7204
2 7205 5353
2 5125 7205
2 7204 5353
2 6517 7204
2 2444 2442
2 2515 2444
2 2444 2741
2 2514 2442
2 2515 2442
2 8081 8079
2 8081 7972
2 8081 7976
2 7980 8081
2 8084 8081
2 8081 8083
2 8079 7976
2 8079 8083
2 8079 7972
2 7803 7958
2 7803 7795
2 7803 7797
2 7803 7959
2 7803 8210
2 7958 7959
2 7958 7795
2 8339 8340
2 8339 8219
2 8450 8339
2 8339 8449
2 8339 8083
2 7965 8339
2 7959 8210
2 7959 8073
2 8340 8449
2 8449 8532
2 8449 8535
2 8532 8535
2 8329 8446
2 8329 8336
2 8334 8446
2 8325 8446
2 8446 8336
2 6583 6715
2 6583 6581
2 6575 6569
2 6575 6444
2 6575 6577
2 6575 6451
2 6575 6440
2 6569 6577
2 6569 6444
2 6815 6938
2 6815 6940
2 7230 7232
2 6938 7082
2 6938 7081
2 6938 6940
2 7081 7082
2 6939 7081
2 6815 7081
2 6812 7081
2 6933 7081
2 5479 5474
2 5479 5476
2 5474 5478
2 5474 5647
2 5474 5476
2 5647 6067
2 5783 5647
2 6067 5784
2 6067 5942
2 5784 5942
2 5784 5944
2 7972 7976
2 7972 7979
2 7976 8083
2 7976 8217
2 8083 8219
2 8083 8217
2 8083 8218
2 7795 7798
2 7795 7797
2 7795 7802
2 7795 8210
2 8219 8218
2 8219 8217
2 8085 8219
2 7797 8210
2 7797 7798
2 8210 8073
2 8210 8207
2 8073 8207
2 8073 8212
2 8208 8207
2 8334 8208
2 8535 8540
2 8535 8454
2 8542 8535
2 8212 8335
2 8212 8336
2 8329 8212
2 8212 8207
2 8336 8335
2 6581 6585
2 6581 6462
2 6451 6447
2 6451 6444
2 6451 6440
2 6451 6443
2 6444 6440
2 6444 6577
2 6444 6447
2 6577 6716
2 6577 6440
2 6940 6822
2 6940 7232
2 6816 6940
2 7082 7232
2 6815 7082
2 6814 7082
2 6179 5945
2 6177 6179
2 6183 6179
2 6179 5942
2 5942 6065
2 5942 5944
2 5784 6065
2 4206 4200
2 4067 4206
2 4206 4203
2 4206 4204
2 4206 4205
2 4206 4065
2 7979 7974
2 7979 7975
2 7976 7979
2 8088 8217
2 7802 7798
2 7802 7657
2 7802 7806
2 7802 7804
2 8217 8218
2 7980 8217
2 8082 8217
2 7798 7657
2 7798 7804
2 7659 7798
2 8218 8345
2 8218 8346
2 8454 8540
2 8454 8541
2 8454 8613
2 8614 8454
2 8454 8346
2 8207 8452
2 8540 8541
2 8540 8613
2 8540 8615
2 8614 8540
2 8336 8538
2 8538 8335
2 8538 8452
2 8453 8538
2 8214 8538
2 8216 8538
2 8335 8452
2 6585 6462
2 6583 6585
2 6447 6442
2 6447 6443
2 6440 6588
2 6440 6443
2 6716 6817
2 6716 6820
2 6716 6818
2 6716 6588
2 6817 6822
2 6817 6818
2 6819 6817
2 6940 6817
2 6822 7232
2 6822 6943
2 7082 6822
2 7232 6943
2 6821 7232
2 4061 4065
2 4061 4066
2 4061 4068
2 3465 3603
2 3009 2860
2 7974 7975
2 7974 7813
2 7980 7974
2 8088 7975
2 7806 7661
2 7806 7657
2 7801 7806
2 7806 7667
2 8461 8463
2 8461 8236
2 8461 8464
2 8461 8465
2 8235 8461
2 8227 8461
2 8461 8466
2 7657 7804
2 7657 7661
2 7657 7667
2 8463 8464
2 8463 8465
2 8235 8463
2 8463 8466
2 8222 8722
2 8217 8222
2 8222 8723
2 8088 8222
2 8085 8222
2 8222 8345
2 7804 7967
2 7804 7661
2 8464 8465
2 8464 8616
2 8464 8546
2 8345 8346
2 8345 8616
2 8085 8345
2 8217 8345
2 8219 8345
2 8346 8458
2 8614 8346
2 8613 8458
2 8613 8541
2 8613 8615
2 8457 8613
2 8541 8615
2 8541 8458
2 8346 8541
2 8452 8213
2 8212 8452
2 8336 8452
2 6579 6462
2 6442 6443
2 6442 6449
2 6442 6450
2 6440 6442
2 6443 6588
2 6443 6449
2 6588 6820
2 6588 6718
2 6447 6588
2 6820 6818
2 6820 6718
2 6820 6823
2 6817 6820
2 6818 6823
2 6818 6718
2 6943 6946
2 6817 6943
2 6943 6823
2 2707 2710
2 2711 2707
2 2707 2559
2 3867 4357
2 4357 4188
2 4357 4358
2 2710 2551
2 2710 2352
2 8711 4188
2 4187 8711
2 8711 4358
2 3867 8711
2 3962 8711
2 2352 2551
2 7813 7981
2 7813 7982
2 7973 7813
2 7975 7813
2 7808 7816
2 7973 7808
2 7971 7808
2 7975 7808
2 7813 7808
2 7663 7660
2 7663 7664
2 7663 7668
2 8236 8466
2 7667 7661
2 7667 7660
2 7662 7667
2 8348 8230
2 7975 8348
2 7973 8348
2 8085 8348
2 8217 8348
2 7661 7969
2 8723 7967
2 7977 8723
2 8723 7970
2 7661 8723
2 8723 7978
2 8723 7969
2 7967 7969
2 7967 7978
2 8616 8458
2 8616 8546
2 8616 8544
2 8458 8544
2 8458 8615
2 8213 8343
2 8213 8226
2 8207 8213
2 6450 6449
2 6450 6304
2 6446 6450
2 6449 6453
2 6447 6449
2 6718 6823
2 6718 6944
2 6823 6946
2 6823 6944
2 7235 7238
2 7235 7240
2 7231 7235
2 6946 7083
2 6946 6944
2 1708 1707
2 1575 1581
2 1450 1575
2 4741 5117
2 5118 5117
2 5117 4742
2 5117 4889
2 7982 7825
2 7982 7828
2 7987 7982
2 7981 7828
2 7981 7825
2 7826 7981
2 7816 7676
2 7812 7816
2 7810 7816
2 7811 7816
2 7813 7816
2 7669 7816
2 7664 7660
2 7664 7506
2 7664 7670
2 7660 7668
2 7660 7506
2 7668 7969
2 7668 7670
2 7667 7508
2 7508 8724
2 7657 7508
2 8230 8347
2 7975 8230
2 8349 8230
2 7973 8230
2 8242 8230
2 8345 8230
2 7969 7970
2 7666 7969
2 7970 7978
2 7970 8086
2 7661 7970
2 7978 8224
2 8546 8544
2 8546 8547
2 8458 8546
2 8225 8226
2 8225 8224
2 8226 8343
2 8226 8344
2 8226 8228
2 6463 6465
2 6462 6463
2 6587 6463
2 8343 8344
2 8343 8228
2 6304 6453
2 6304 6299
2 6448 6304
2 6454 6304
2 6449 6304
2 6304 6300
2 6453 6455
2 6453 6299
2 7238 7240
2 7238 7242
2 6944 7083
2 6944 6951
2 6944 6950
2 7083 6951
2 6824 7083
2 6823 7083
2 6948 7083
2 4884 4886
2 5110 4886
2 4733 4886
2 7825 7828
2 7825 7824
2 7825 7829
2 2850 2848
2 8714 2850
2 2850 3159
2 7828 7824
2 7828 8358
2 7676 7680
2 7677 7676
2 7506 7507
2 7670 7983
2 7378 7377
2 7378 7380
2 7378 8724
2 7106 7378
2 7377 7259
2 7095 7377
2 7094 7377
2 7377 7262
2 8465 8466
2 8471 8465
2 8465 8359
2 8465 8468
2 8347 8468
2 8471 8347
2 8347 8547
2 8347 8237
2 7380 8724
2 7377 7380
2 7260 7380
2 7502 7380
2 8086 8224
2 8086 7985
2 8225 8086
2 7377 8724
2 7379 8724
2 8724 8725
2 7260 8724
2 8547 8468
2 8544 8547
2 8224 8228
2 8226 8224
2 8229 8224
2 7970 8224
2 8228 8459
2 6461 6465
2 8344 8459
2 6299 6306
2 6299 6302
2 6305 6299
2 6455 6592
2 6455 6719
2 6455 6302
2 6826 6950
2 6826 6719
2 6826 6953
2 6949 6826
2 7240 7242
2 7240 7245
2 6950 6951
2 6950 6953
2 6951 6953
2 7829 7824
2 7829 7692
2 7828 7829
2 7824 7692
2 7680 7514
2 7680 7679
2 7509 7680
2 7678 7680
2 7507 7384
2 7506 7384
2 7384 7510
2 7509 7384
2 4734 4877
2 4734 4878
2 4873 4734
2 7824 8358
2 8237 8240
2 8237 8239
2 8356 8237
2 7987 8237
2 7093 6971
2 7983 7985
2 8094 7983
2 7669 7983
2 8086 7983
2 7107 8726
2 7107 7262
2 3000 3159
2 3000 3160
2 3000 3569
2 8466 8359
2 8470 8466
2 8466 8472
2 8466 8468
2 7985 8095
2 8087 7985
2 8094 7985
2 8097 7985
2 7259 8726
2 6972 7259
2 8468 8472
2 8470 8468
2 8097 8459
2 8459 8233
2 8342 8459
2 6306 6300
2 6306 6302
2 6306 6308
2 6305 6306
2 6300 6302
2 6300 6590
2 6303 6300
2 6454 6300
2 6302 6590
2 6302 6592
2 6302 6593
2 6590 6592
2 6592 6719
2 6592 6593
2 6719 6827
2 6719 6593
2 7242 7245
2 7242 7247
2 6953 7084
2 7692 7836
2 7692 7832
2 7834 7692
2 7514 7679
2 7514 7684
2 7675 7514
2 7679 7683
2 7683 7820
2 7681 7683
2 7260 7262
2 6971 6857
2 6846 6971
2 8239 8240
2 8239 8361
2 8356 8239
2 7683 8727
2 8727 8102
2 8358 8727
2 8727 8103
2 8096 8727
2 8727 7820
2 8240 8359
2 8240 8361
2 6971 6965
2 6972 6965
2 6858 6965
2 8359 8472
2 8359 8475
2 8359 8361
2 8472 8475
2 8473 8472
2 8242 8472
2 8095 8233
2 8095 8352
2 8726 8728
2 7094 8726
2 6972 8726
2 8233 8352
2 8094 8233
2 8725 8729
2 7380 8725
2 6593 6829
2 6830 6593
2 6593 6831
2 7245 7247
2 6827 7084
2 6827 6832
2 6827 6831
2 7084 6832
2 6825 7084
2 6719 7084
2 6956 7084
2 5242 5248
2 5242 5245
2 5242 5243
2 5242 5250
2 5355 5242
2 5248 5250
2 5248 5245
2 5357 5248
2 5356 5519
2 5356 5250
2 5357 5356
2 5244 5356
2 7832 7836
2 7832 7841
2 7832 7837
2 7836 7989
2 7836 7837
2 7835 7836
2 7684 7525
2 7679 7684
2 7677 7684
2 7682 7684
2 7989 8112
2 7989 7837
2 7989 8246
2 7510 8730
2 7507 7510
2 8112 8246
2 8241 8112
2 7836 8112
2 8239 8112
2 8112 8247
2 7827 8112
2 8730 7820
2 8357 8246
2 8238 8246
2 7820 8102
2 7820 8106
2 7679 7820
2 8102 8103
2 8102 8106
2 8102 8105
2 8094 8102
2 8361 8474
2 8103 8108
2 8103 8106
2 8475 8476
2 8357 8475
2 8356 8475
2 8352 8355
2 8097 8731
2 8234 8731
2 8233 8731
2 8354 8731
2 8731 8232
2 8459 8731
2 8728 7819
2 8728 8732
2 8728 8733
2 7259 8728
2 7817 8728
2 8734 8099
2 8734 8729
2 8734 8091
2 6308 6310
2 8729 8732
2 257 325
2 6829 6831
2 6829 6834
2 6829 6722
2 6829 6957
2 6956 6829
2 7247 7250
2 6831 6957
2 6832 6957
2 6958 6832
2 8735 5243
2 8735 5138
2 8735 5252
2 5132 8735
2 5253 8735
2 5241 8735
2 5243 5245
2 5243 5252
2 5245 5250
2 5245 5358
2 5250 5519
2 5250 5522
2 5519 5522
2 5248 5519
2 7841 7837
2 7841 7844
2 7830 7690
2 7536 7830
2 7830 7530
2 7830 7531
2 7837 7844
2 7525 7524
2 7525 7528
2 7525 7530
2 7681 7525
2 7265 7387
2 7119 7265
2 7265 7264
2 7262 7264
2 6857 6855
2 6857 6861
2 6967 6857
2 7510 8736
2 7383 8736
2 7386 8736
2 6732 6601
2 6732 6622
2 6600 6732
2 6846 6732
2 8247 8474
2 8247 8372
2 8241 8247
2 8473 8247
2 8106 8105
2 6600 6726
2 6726 6602
2 6726 6601
2 7096 6726
2 8474 8476
2 8475 8474
2 8474 8372
2 8105 8108
2 8476 8365
2 8470 8476
2 8108 8355
2 8108 8244
2 8108 8111
2 8355 8244
2 8107 8355
2 7261 7504
2 7261 7512
2 7505 7261
2 6844 7261
2 8737 7818
2 8737 8733
2 8737 8099
2 7819 7673
2 7819 7821
2 8726 7819
2 4625 4623
2 4625 4635
2 8732 7673
2 7817 8732
2 8732 7821
2 143 108
2 208 143
2 203 143
2 6722 6834
2 6722 6595
2 6722 6957
2 6830 6722
2 7250 7252
2 7250 7090
2 7089 7250
2 6834 6957
2 6957 6837
2 6833 6957
2 5138 5141
2 5138 5136
2 5132 5138
2 5138 5131
2 5251 5138
2 5138 5143
2 5136 5252
2 5136 5131
2 5253 5136
2 5136 5254
2 5252 5254
2 5252 5358
2 5252 5360
2 5358 5522
2 5250 5358
2 323 458
2 324 458
2 7842 7844
2 7842 7697
2 7841 7842
2 7842 7849
2 7835 7842
2 7690 7531
2 7534 7690
2 7844 7849
2 7530 7524
2 7530 7526
2 7529 7530
2 7530 7528
2 7524 7528
2 7524 7526
2 7685 7528
2 7115 7387
2 7117 7115
2 7119 7115
2 8114 8370
2 7837 8114
2 8371 8114
2 6855 6861
2 6855 6860
2 8106 8738
2 8104 8738
2 8105 8738
2 6601 6622
2 6601 6479
2 8372 8370
2 8365 8376
2 8474 8365
2 8360 8365
2 8374 8365
2 8477 8365
2 8365 8363
2 8111 8244
2 8104 8111
2 8105 8244
2 6194 6187
2 6194 6190
2 6189 6194
2 6191 6194
2 8098 8232
2 8232 8100
2 8232 8099
2 6602 7097
2 6602 7098
2 6599 6602
2 6478 6602
2 6602 7099
2 6187 6190
2 6187 6310
2 6079 6187
2 8099 8091
2 8099 7518
2 8099 8100
2 7516 8099
2 6190 6310
2 6190 6468
2 6309 6190
2 7818 8733
2 7818 7821
2 7674 7504
2 7674 7673
2 6310 6468
2 6310 6596
2 7673 7511
2 7673 7504
2 7673 7512
2 7673 7671
2 6468 6595
2 6468 6596
2 6595 6596
2 6310 6595
2 4351 4347
2 4351 4349
2 7252 7090
2 7252 7253
2 7254 7252
2 8739 3951
2 6837 6959
2 5141 5131
2 5141 5134
2 5131 5254
2 5131 5134
2 5254 5360
2 5254 5362
2 5360 5525
2 5360 5362
2 5525 5527
2 5363 5525
2 5522 5525
2 5359 5525
2 7697 7848
2 7844 7697
2 7697 7849
2 7531 7535
2 7531 7526
2 7531 7532
2 7531 7533
2 7526 7532
2 7526 7533
2 7849 8118
2 7838 7849
2 6859 6861
2 457 461
2 323 461
2 6622 6626
2 6733 6622
2 8370 8373
2 8247 8370
2 8376 8363
2 8376 8367
2 8253 8376
2 8374 8376
2 8476 8376
2 6318 8740
2 8741 8100
2 8099 8741
2 8738 8741
2 8098 8741
2 7516 8741
2 8731 8741
2 6325 6728
2 6325 6729
2 6730 6325
2 8091 7518
2 8091 7517
2 8733 7821
2 8733 7520
2 7097 7098
2 7097 7101
2 7511 7504
2 7511 7671
2 7103 7511
2 7512 7504
2 7512 7671
2 7512 7099
2 6596 6723
2 7090 7253
2 7255 7090
2 6959 6843
2 6721 6959
2 6959 6840
2 5130 5139
2 5139 5135
2 5135 5134
2 5135 5257
2 5134 5257
2 5132 5134
2 4335 4334
2 4344 4335
2 5362 5527
2 5133 5362
2 5527 5529
2 5360 5527
2 3952 3951
2 7848 7851
2 7848 7854
2 7855 7848
2 7535 7532
2 7535 7540
2 7535 7539
2 7537 7535
2 7532 7533
2 7532 7539
2 7533 7695
2 7533 7539
2 8118 8255
2 8118 7995
2 8118 8254
2 7844 8118
2 8478 8118
2 7695 7846
2 7526 7695
2 7695 7840
2 7532 7695
2 7846 7840
2 7533 7846
2 7537 7846
2 7840 7847
2 7694 7840
2 4334 4179
2 4334 8742
2 8373 8255
2 8373 8479
2 8372 8373
2 6212 6210
2 8363 8367
2 8363 8251
2 7992 8363
2 8249 8363
2 7126 7388
2 7126 7515
2 7126 7517
2 7126 7518
2 7387 7126
2 6078 6196
2 8249 8116
2 8111 8116
2 8110 8116
2 8363 8116
2 7388 8100
2 7275 8100
2 6317 8743
2 6317 8740
2 7518 7517
2 8740 6729
2 6730 8740
2 7821 7520
2 7821 7392
2 7821 7391
2 7276 7821
2 7519 7821
2 6728 7257
2 6728 7256
2 7255 6728
2 7504 7671
2 7504 7672
2 7098 7099
2 7099 7101
2 7099 7270
2 7269 7099
2 6723 6840
2 6723 6838
2 6723 6843
2 7253 7256
2 7092 7253
2 6840 6838
2 6843 6838
2 5005 5003
2 5005 5006
2 5135 5005
2 5257 5144
2 5257 5258
2 5257 5006
2 903 1110
2 717 903
2 5529 5678
2 5362 5529
2 5363 5529
2 904 1110
2 1111 904
2 1209 904
2 7854 7851
2 7854 7856
2 7698 7854
2 7851 7856
2 7540 7542
2 7540 7548
2 7534 7540
2 7540 7545
2 7539 7545
2 7539 7542
2 6860 6626
2 8255 8254
2 8255 8377
2 7847 8124
2 7847 8251
2 8367 8251
2 8250 8367
2 6078 5965
2 6077 5965
2 6081 5965
2 5965 6080
2 6195 5965
2 7515 7391
2 6076 6080
2 6193 6076
2 6195 6076
2 6076 6196
2 6196 6080
2 6196 6320
2 6196 6321
2 6340 6196
2 6319 8743
2 6319 8744
2 6319 6321
2 6319 6608
2 7520 7392
2 7520 7389
2 7520 8745
2 8743 8744
2 8743 8746
2 8743 6608
2 6729 7257
2 6729 7256
2 7255 6729
2 7101 7270
2 7101 7267
2 7257 7256
2 7256 7258
2 7256 7104
2 7256 7109
2 5009 4894
2 5003 5006
2 5003 4894
2 5008 5003
2 5003 5144
2 5006 5144
2 5144 5258
2 5144 5260
2 5258 5365
2 5258 5260
2 5365 5678
2 5365 5260
2 5259 5678
2 1428 1213
2 1428 1110
2 1322 1213
2 1322 1324
2 1673 1777
2 1430 1673
2 1766 1673
2 1673 1675
2 1666 1673
2 2301 2304
2 2301 2504
2 2505 2301
2 1783 2301
2 2506 2301
2 1766 1777
2 1537 1777
2 1666 1777
2 1919 1777
2 1767 1777
2 2304 2504
2 2304 2663
2 2304 2507
2 2663 2507
2 2663 2817
2 2505 2663
2 7856 7707
2 7856 7704
2 7549 7856
2 7548 7553
2 7548 7542
2 7548 7400
2 7538 7548
2 7542 7545
2 7542 7553
2 7545 7699
2 7538 7545
2 7995 8257
2 8128 7995
2 7995 8131
2 7995 8254
2 8259 7995
2 8254 8479
2 8254 8257
2 1923 2289
2 2077 1923
2 1666 1923
2 8479 8257
2 8119 8479
2 8124 8251
2 8124 8121
2 8124 8126
2 6210 6211
2 6198 6210
2 6323 6210
2 8251 8121
2 8251 8126
2 6082 6085
2 6082 6087
2 6082 6320
2 6863 7129
2 5845 5829
2 5845 5959
2 5828 5845
2 5698 5845
2 7129 7389
2 7129 7391
2 7129 7392
2 7129 7390
2 6320 6087
2 6320 6085
2 7391 7392
2 7392 7389
2 6321 6471
2 7672 7131
2 7672 7277
2 7103 7672
2 7672 6867
2 6608 6603
2 6608 6471
2 6608 6604
2 7270 7267
2 7270 7273
2 8744 6963
2 6608 8744
2 6470 8744
2 8744 8746
2 8744 6969
2 7271 7267
2 7271 7273
2 7104 7258
2 7104 7113
2 7092 8746
2 8746 6963
2 6729 8746
2 7258 7113
2 5016 5014
2 5016 4898
2 5148 5016
2 6970 6961
2 6970 6963
2 6724 6970
2 6970 6964
2 5006 4894
2 5005 4894
2 5260 5368
2 5367 5813
2 5813 5682
2 2663 2969
2 3283 2969
2 3121 2971
2 3121 2817
2 2954 2804
2 8747 2954
2 2802 2809
2 2646 2802
2 2650 2656
2 2650 2648
2 2792 2650
2 2516 2741
2 2517 2741
2 2904 2915
2 2904 2909
2 2914 2904
2 2904 2742
2 7707 7704
2 7707 7550
2 7705 7707
2 7707 7709
2 7400 7553
2 7400 7395
2 7542 7400
2 7541 7400
2 7400 7397
2 7553 7395
2 7699 7701
2 7699 7554
2 8257 8260
2 8257 8131
2 8128 8257
2 8377 8260
2 8126 8121
2 8126 7858
2 8126 8123
2 6211 6090
2 6323 6211
2 8121 8123
2 6085 6087
2 6085 6208
2 5829 5696
2 5829 5959
2 7390 7277
2 7276 7390
2 6087 6339
2 6087 6208
2 6340 6087
2 6087 6482
2 5959 8748
2 6085 6339
2 6321 6339
2 6315 6339
2 6339 6471
2 7389 7277
2 7129 8745
2 7128 8745
2 7672 8745
2 6329 6327
2 6329 6328
2 6329 6330
2 5830 6329
2 5845 6329
2 5960 6329
2 5829 6329
2 7100 7267
2 6603 6604
2 6603 8749
2 7113 7111
2 7113 7122
2 7092 7113
2 6604 6963
2 6963 6969
2 6963 6961
2 6963 6964
2 6961 6964
2 6961 6969
2 6604 6961
2 5013 5014
2 5013 4898
2 5013 5149
2 5014 5149
2 5014 4898
2 5014 5680
2 5368 5533
2 5368 5531
2 5531 5533
2 5260 5531
2 2909 2742
2 2909 2915
2 3066 2629
2 3064 3066
2 2625 3066
2 3066 2628
2 3077 2920
2 2916 3077
2 2758 3239
2 3085 3086
2 3085 3258
2 3084 3258
2 2066 1911
2 2066 2254
2 2066 1908
2 2066 2255
2 3532 3533
2 3532 3644
2 7550 7704
2 7550 7708
2 7550 7709
2 7560 7550
2 7704 7709
2 7704 7708
2 7395 7397
2 7395 7402
2 7395 7552
2 7860 8130
2 7860 7709
2 7705 7860
2 7860 8129
2 7704 7860
2 8130 8129
2 8130 7861
2 8130 8131
2 8127 8130
2 7710 8130
2 7554 7552
2 8129 8131
2 8129 8135
2 8259 8129
2 7701 8004
2 7701 7702
2 7701 7552
2 8131 8260
2 8131 8135
2 8256 8131
2 8004 7858
2 8004 7702
2 8260 8135
2 8123 8258
2 5964 6093
2 5964 5973
2 6627 6864
2 6627 6633
2 6627 6867
2 6208 6482
2 6082 6208
2 6864 6633
2 6864 6867
2 6864 7130
2 6864 7131
2 8748 5690
2 8748 5405
2 5828 8748
2 6867 7130
2 6867 7131
2 6867 7277
2 6867 6633
2 5689 5690
2 5690 5961
2 5690 5696
2 7277 7130
2 7131 7272
2 7131 8750
2 6327 6330
2 5830 6327
2 5845 6327
2 5847 6327
2 6331 6327
2 6327 6332
2 7273 7127
2 7273 7272
2 7102 7273
2 6605 6609
2 6605 6969
2 6608 6605
2 6328 6332
2 6334 6328
2 6605 8749
2 6470 8749
2 6607 8749
2 6472 8749
2 6608 8749
2 6471 8749
2 6969 6851
2 6969 6964
2 6969 6609
2 4771 4768
2 4771 4896
2 4771 4898
2 4771 5146
2 6964 6851
2 6604 6964
2 4898 5149
2 4898 4896
2 4898 5146
2 5149 8751
2 5149 5145
2 5680 5539
2 5680 5682
2 5145 5535
2 5145 5146
2 5145 5533
2 4898 5145
2 5535 5533
2 5368 5535
2 5535 5537
2 5532 5535
2 5682 5539
2 5261 5682
2 5541 5682
2 5533 5537
2 3832 3841
2 3832 3829
2 2104 3832
2 3841 3829
2 2104 3841
2 3830 3841
2 3758 3676
2 3758 3845
2 3758 3546
2 3758 3940
2 3758 3844
2 3676 3546
2 3676 3673
2 3676 3845
2 3676 3844
2 3546 3426
2 3546 3673
2 3548 3281
2 3548 3431
2 3430 3548
2 3548 3426
2 3425 3548
2 2740 3548
2 694 610
2 694 696
2 694 607
2 1921 1762
2 1771 1921
2 1770 1921
2 7708 7709
2 7708 7563
2 7709 7861
2 7709 7862
2 7709 7864
2 7402 7397
2 7402 7398
2 7402 7401
2 7711 7861
2 7704 7861
2 7397 7552
2 7397 7398
2 7552 7702
2 7402 7552
2 7857 7552
2 8135 8381
2 8128 8135
2 8135 8266
2 8261 8258
2 8261 8379
2 8125 8261
2 8261 8002
2 8000 8261
2 7998 8261
2 6228 6226
2 6228 6355
2 6228 6360
2 6090 6095
2 8258 8002
2 8120 8258
2 6355 6494
2 5696 5691
2 5696 5695
2 5400 5268
2 5400 5963
2 6633 6976
2 6633 8750
2 6482 6615
2 6339 6482
2 6482 6092
2 6085 6482
2 6089 6482
2 5388 5963
2 5269 5388
2 6339 6615
2 6615 6484
2 6472 6615
2 6087 6615
2 6207 6615
2 6607 6615
2 5963 5838
2 7130 8750
2 7267 7272
2 5012 5017
2 4773 5017
2 4672 5017
2 7122 7127
2 6969 8752
2 6968 8752
2 8752 8753
2 6330 6332
2 4768 4896
2 4897 4768
2 6851 6848
2 4896 5146
2 4896 5147
2 5148 4896
2 5146 5147
2 5372 5146
2 5535 5147
2 5539 5681
2 5537 5376
2 5369 5537
2 696 610
2 5083 4960
2 4959 5083
2 5085 5083
2 5084 5083
2 1205 1308
2 4960 4957
2 4963 4960
2 5500 5660
2 5500 5659
2 5650 5655
2 5479 5650
2 7557 7563
2 7557 7558
2 7557 7562
2 7706 7557
2 7563 7713
2 7563 7562
2 7401 7398
2 7401 7405
2 7401 7406
2 7708 7862
2 7398 7405
2 7396 7398
2 7705 7864
2 7864 8136
2 8266 8381
2 8266 8138
2 8134 8266
2 8381 8264
2 8131 8381
2 8260 8381
2 8381 8379
2 8380 8379
2 8134 8379
2 8258 8379
2 8135 8379
2 8132 8379
2 8002 8003
2 7997 8002
2 5973 5979
2 6226 6229
2 5695 5691
2 6360 6494
2 6230 6360
2 6360 6635
2 6357 6092
2 6092 6094
2 6208 6092
2 5405 5397
2 5395 5405
2 6739 6494
2 5268 5174
2 5268 5275
2 6864 6976
2 6865 6976
2 6627 6976
2 6976 7124
2 5838 5832
2 6865 8750
2 6864 8750
2 7273 8750
2 5836 5832
2 5836 5833
2 7127 6869
2 6484 6850
2 6852 6484
2 6484 6848
2 6199 5961
2 5961 6200
2 5961 6201
2 7122 8753
2 7111 8753
2 8753 8754
2 6848 6850
2 6332 6614
2 6332 6610
2 6611 6332
2 5681 5817
2 5261 5681
2 5376 5542
2 5376 5375
2 5536 5376
2 5534 5376
2 5659 5663
2 5659 5660
2 5504 5659
2 5662 5659
2 5476 5478
2 5476 5483
2 5476 5485
2 5478 5485
2 5478 5787
2 5478 5483
2 5945 5949
2 6065 5944
2 6062 5944
2 4200 4203
2 4200 4205
2 4200 4204
2 4067 4200
2 4065 4066
2 4065 4069
2 4065 4068
2 7558 7562
2 7558 7564
2 7558 7714
2 7562 7713
2 7562 7564
2 7406 7408
2 7406 7410
2 7713 7715
2 7711 7713
2 7405 7413
2 7405 7408
2 7555 8142
2 7555 7413
2 7862 7555
2 7404 7555
2 7862 8142
2 8142 8136
2 7409 8142
2 7864 8142
2 7861 8142
2 8137 8142
2 7863 8142
2 8136 8138
2 8136 8139
2 8136 8264
2 8266 8136
2 8138 8264
2 8138 8139
2 8003 8006
2 8003 7873
2 7998 8003
2 7870 8003
2 6227 6229
2 6227 6234
2 6227 6358
2 6227 6097
2 5397 5275
2 5397 5287
2 6229 6496
2 6229 6629
2 6229 8755
2 5275 5174
2 5174 5169
2 6872 6496
2 6872 8755
2 6226 6872
2 6872 6629
2 5027 5152
2 5027 5154
2 5027 5028
2 6635 6869
2 6635 7124
2 5152 5835
2 5152 5154
2 5172 5152
2 5835 5832
2 5835 5833
2 5268 5835
2 5269 5835
2 4899 8756
2 4774 4899
2 7124 6869
2 6980 7124
2 5832 5833
2 5832 5834
2 5832 5837
2 5269 5832
2 7123 6869
2 6739 7123
2 7122 7123
2 5833 5837
2 5838 5833
2 8757 6337
2 8757 6200
2 6614 6610
2 6614 6612
2 6613 6614
2 6200 6201
2 6200 6473
2 6200 6474
2 5817 5375
2 5817 5377
2 5817 5262
2 5375 5377
2 5375 5262
2 5542 5377
2 5372 5542
2 4066 4068
2 4066 4363
2 4068 4363
2 4068 4364
2 3338 3606
2 3338 3339
2 3338 3462
2 4363 4364
2 4524 4363
2 4197 4363
2 4065 4363
2 3606 3339
2 3187 3191
2 3011 3187
2 4364 4525
2 4066 4364
2 4526 4364
2 7714 7564
2 7714 7567
2 7714 7569
2 7570 7714
2 7564 7569
2 7564 7567
2 7410 7412
2 7410 7415
2 7405 7410
2 7408 7412
2 7562 7715
2 7564 7715
2 7561 7715
2 8010 7715
2 7712 7715
2 7715 8271
2 7413 7867
2 7413 7869
2 7413 7866
2 7408 7413
2 7867 7866
2 7867 7869
2 7405 7867
2 7399 7867
2 7867 7874
2 7866 7869
2 7866 7873
2 7866 7871
2 7872 7866
2 8139 8270
2 8139 8269
2 7873 8006
2 7873 7871
2 8006 7871
2 8000 8006
2 8002 8006
2 6097 6099
2 6097 6102
2 5855 8758
2 5855 5709
2 5981 5982
2 6233 5981
2 6357 5981
2 5562 5559
2 5699 5562
2 5562 5560
2 5692 5562
2 5695 5562
2 5982 6234
2 5982 6235
2 5982 6358
2 6234 6235
2 6234 6361
2 5169 5166
2 5169 5168
2 5268 5169
2 6358 6235
2 6358 6361
2 6358 6618
2 6496 6877
2 6629 6877
2 4774 5028
2 5025 5028
2 4792 5028
2 4778 5028
2 5028 8756
2 8755 6877
2 6874 8755
2 6618 6630
2 6618 6361
2 6618 6877
2 6359 6618
2 6370 6618
2 6869 6978
2 6869 6871
2 5154 5391
2 5154 5392
2 5154 5547
2 8754 6734
2 8754 6877
2 6734 6876
2 6617 6734
2 6734 8759
2 8760 8761
2 6847 8760
2 6850 8760
2 8760 8762
2 6852 8760
2 5834 5839
2 5834 6204
2 5835 5834
2 6610 6612
2 6610 6493
2 6610 6492
2 6337 6204
2 6337 6205
2 6201 6473
2 6201 6343
2 6201 6474
2 6474 6473
2 5022 5018
2 5022 5020
2 5022 5150
2 5151 5022
2 6341 6473
2 6201 6341
2 5018 5150
2 5018 5262
2 5150 5262
2 5150 5020
2 5374 5150
2 5262 5377
2 5262 5378
2 5819 5821
2 5681 5819
2 5541 5819
2 5817 5819
2 5377 5378
2 3462 3339
2 3464 3462
2 4525 4889
2 4525 4742
2 4645 4525
2 2551 2367
2 2549 2551
2 2551 2376
2 4887 4889
2 1329 1581
2 1331 1581
2 7567 7572
2 7567 7576
2 7569 7572
2 7569 7716
2 7421 7423
2 7424 7421
2 7564 7421
2 7415 7416
2 7408 7415
2 7415 7427
2 7418 7415
2 7412 7416
2 7418 7412
2 8009 8270
2 8009 8143
2 8009 8271
2 7869 7874
2 7869 7876
2 8270 8269
2 8270 8149
2 8269 8763
2 8009 8269
2 8137 8269
2 7871 7876
2 7871 7874
2 6102 6105
2 6102 6104
2 6096 6102
2 6102 6109
2 6099 6104
2 6099 6105
2 6099 6109
2 5709 5564
2 5709 5711
2 5559 5560
2 5559 5564
2 5981 5979
2 5979 5711
2 5710 5979
2 5287 5293
2 5287 5289
2 5398 5287
2 8758 8764
2 8758 5984
2 8758 6368
2 8758 5711
2 5172 5166
2 5174 5166
2 6235 6369
2 6370 6235
2 6361 6369
2 6361 6637
2 6361 6630
2 6871 6981
2 8756 8765
2 6978 6981
2 6870 6978
2 6877 8759
2 6877 6875
2 8759 6876
2 8759 6641
2 6630 8759
2 5391 5548
2 5391 5547
2 5026 5391
2 5028 5391
2 6876 6875
2 6876 6641
2 8761 8762
2 8761 8766
2 6365 8761
2 6850 8761
2 6847 8761
2 5392 5547
2 5392 8767
2 5152 5392
2 6612 6493
2 6612 6492
2 6612 6490
2 5547 5548
2 5547 5839
2 5547 8768
2 5547 5840
2 5839 6204
2 5833 5839
2 6204 6205
2 6341 6204
2 5151 5020
2 5378 5685
2 5374 5378
2 1231 1233
2 4884 4742
2 1229 1233
2 7576 7572
2 7576 7579
2 7569 7576
2 7576 7716
2 7572 7716
2 7423 7426
2 7423 7427
2 7415 7423
2 7716 8148
2 7567 7716
2 7571 7716
2 7416 7419
2 7416 7427
2 7410 7416
2 2550 2848
2 2353 2848
2 2551 2848
2 2352 2848
2 7569 8148
2 8148 8271
2 7570 8148
2 8148 8145
2 7572 8148
2 7568 8148
2 7578 8148
2 8271 8143
2 8271 8145
2 8271 8147
2 8271 8149
2 8143 8149
2 8143 8147
2 8143 8145
2 8149 8147
2 7874 7876
2 7874 8011
2 6238 6241
2 6238 6247
2 8763 8153
2 8265 8763
2 8139 8763
2 7876 8011
2 6105 6104
2 6105 6109
2 6105 5992
2 6104 6243
2 5560 5564
2 5560 5570
2 5564 5570
2 5564 5711
2 5293 5288
2 5293 5289
2 5711 5984
2 5711 8764
2 5168 5173
2 5171 5168
2 5174 5168
2 5984 8764
2 5984 6636
2 5984 6368
2 5709 5984
2 4912 4911
2 4912 4907
2 4912 4800
2 8764 6368
2 5710 8764
2 6369 6637
2 6368 6636
2 6368 8766
2 5979 6368
2 4776 4557
2 4776 8769
2 4776 4559
2 4559 4557
2 4559 4395
2 4559 8770
2 6981 6881
2 6640 6637
2 6637 6641
2 6742 6637
2 4777 8769
2 6641 6743
2 6875 6743
2 6744 6875
2 8762 6364
2 6362 8762
2 8762 6363
2 8765 5273
2 8765 8771
2 4785 8765
2 6492 6493
2 6492 6490
2 6492 6620
2 6493 6620
2 5548 8771
2 6205 6342
2 6218 8768
2 6218 8772
2 8768 6088
2 8768 5840
2 6204 8768
2 5821 5824
2 5821 5827
2 5957 5821
2 5685 5383
2 5685 5379
2 5263 5685
2 5377 5685
2 5262 5685
2 1810 1977
2 1810 1700
2 1233 1571
2 1235 1233
2 4880 4878
2 1977 1700
2 1576 1977
2 7579 7581
2 7572 7579
2 7584 7579
2 7426 7288
2 7278 7426
2 7427 7282
2 7427 7431
2 7427 7419
2 7430 7427
2 7419 7573
2 7419 7431
2 7419 7575
2 8145 8147
2 8145 8273
2 8145 8275
2 8147 8273
2 8153 8151
2 8153 8152
2 8144 8153
2 8143 8153
2 8267 8153
2 6241 6247
2 6241 6116
2 8011 8015
2 7872 8011
2 5992 6112
2 5992 6109
2 5991 5992
2 6102 5992
2 6109 6243
2 5998 6109
2 5570 5713
2 5570 5985
2 4907 4911
2 4907 4800
2 4907 4799
2 4911 4800
2 4911 4799
2 4395 4408
2 4395 4557
2 6983 6985
2 6983 6987
2 6871 6983
2 6988 6983
2 6981 6983
2 6636 6363
2 6636 6364
2 5711 6636
2 8758 6636
2 6881 6879
2 6978 6881
2 6880 6881
2 6979 6881
2 6642 6743
2 6642 6745
2 4557 8770
2 4790 4557
2 8770 4901
2 8760 8766
2 6490 6620
2 6490 6354
2 6342 6347
2 6342 6349
2 5273 8771
2 5273 5958
2 5273 5549
2 4900 5273
2 5273 5842
2 8771 5958
2 8771 5842
2 8771 5549
2 5550 8771
2 8767 5840
2 8771 8767
2 8767 5976
2 5824 5827
2 5824 5958
2 5550 5824
2 5379 5383
2 5379 5381
2 5684 5379
2 5383 5381
2 4727 4877
2 4877 4735
2 1978 2542
2 1708 1978
2 1978 2543
2 108 142
2 141 108
2 84 108
2 140 108
2 4635 4191
2 4623 4635
2 4622 4635
2 4633 4635
2 4624 4635
2 7581 7585
2 7581 7586
2 7587 7581
2 7282 7279
2 7282 7431
2 7884 7885
2 7581 7884
2 7884 8278
2 7578 7884
2 7884 7585
2 7884 7886
2 7885 8278
2 7885 8275
2 7885 8277
2 7716 7885
2 7578 7885
2 7584 7885
2 7579 7885
2 8278 8275
2 8278 8277
2 8278 8273
2 8145 8278
2 7573 7575
2 7573 7580
2 7573 7717
2 7285 7573
2 8275 8273
2 8275 8277
2 8275 8276
2 7575 7717
2 7575 7580
2 8273 8276
2 8273 8277
2 7717 7580
2 7717 8015
2 8151 8152
2 8151 7883
2 8268 8151
2 8017 8151
2 8151 8015
2 8016 8151
2 2686 2996
2 2686 2543
2 6247 6116
2 6114 6247
2 7874 8015
2 7876 8015
2 6112 5993
2 6112 5997
2 6112 5994
2 5996 6112
2 5998 6112
2 6243 6245
2 6243 6248
2 6243 6113
2 5288 5053
2 5411 5288
2 5289 5412
2 5173 5178
2 5173 4915
2 4800 4799
2 4694 4800
2 4349 4347
2 4349 4350
2 4349 4352
2 5412 5713
2 5412 5985
2 5713 5985
2 5713 5987
2 5566 5713
2 5561 5713
2 4408 4412
2 4408 4260
2 6985 6987
2 6985 6989
2 6985 6991
2 6497 6745
2 6642 6497
2 6497 6882
2 6640 6497
2 5985 5987
2 5411 5985
2 5985 5989
2 5985 6101
2 6879 6882
2 6879 6745
2 6879 6749
2 6873 6879
2 6745 6882
2 6640 6745
2 6743 6745
2 8773 8774
2 8773 4254
2 8773 4906
2 6363 6364
2 6363 6366
2 8764 6363
2 8774 4906
2 4557 8774
2 6364 6366
2 4906 4901
2 4906 4788
2 6620 6354
2 6620 6366
2 6620 6491
2 4901 5031
2 4901 4791
2 6347 6349
2 6347 6352
2 6343 6347
2 6206 6347
2 8775 5551
2 8775 5156
2 5156 5031
2 5156 5155
2 4904 5156
2 5032 5156
2 5156 8776
2 8772 6216
2 8772 6217
2 8772 6088
2 6219 8772
2 8772 6220
2 5551 5958
2 5156 5551
2 5273 5551
2 6088 6216
2 5958 5549
2 5957 5842
2 5842 5849
2 5827 5549
2 5381 5385
2 3159 3569
2 3159 3454
2 3159 3451
2 2542 2839
2 2542 2996
2 255 325
2 321 325
2 4347 4350
2 7586 7585
2 7586 7442
2 7586 7589
2 7585 7887
2 7279 7280
2 7279 7283
2 7279 7284
2 7280 7283
2 8277 8276
2 8277 8156
2 7580 7877
2 8276 8156
2 8278 8276
2 8145 8276
2 3160 3569
2 3160 3451
2 6239 6116
2 6238 6116
2 8152 7883
2 7880 8152
2 8017 8152
2 7878 8152
2 8152 7877
2 5994 5993
2 5994 6000
2 5994 5999
2 4179 8777
2 4179 2455
2 5993 5997
2 5993 5999
2 5993 6000
2 5997 6113
2 5997 5999
2 5997 6245
2 5994 5997
2 8778 3766
2 3161 8778
2 8778 3764
2 6113 6245
2 6113 6248
2 5993 6113
2 6112 6113
2 6245 6248
2 6245 6372
2 5053 5302
2 5173 5053
2 5178 4915
2 6248 6372
2 6110 6248
2 5294 5302
2 4916 5294
2 5294 5194
2 4799 4692
2 4039 3956
2 4039 4042
2 3955 4039
2 6989 6987
2 6989 6991
2 6989 6886
2 4562 4260
2 4260 4412
2 4411 4260
2 6987 6991
2 4412 4674
2 4412 4564
2 4418 4412
2 4102 4120
2 4102 4100
2 4102 4101
2 6882 6748
2 5987 5989
2 5987 6101
2 4674 4788
2 4674 4564
2 4674 4791
2 4411 4674
2 4788 4791
2 4412 4788
2 4562 4788
2 6366 6491
2 4102 4254
2 4254 4101
2 6354 6491
2 6354 6101
2 6349 6352
2 6349 6108
2 6349 5988
2 6206 6349
2 5031 5155
2 5031 5157
2 4791 5031
2 6216 6217
2 6216 6220
2 6216 6224
2 6216 6107
2 6218 6216
2 5155 5157
2 5155 5266
2 5970 5976
2 5970 5968
2 5842 5970
2 8776 5687
2 8776 5157
2 8776 5385
2 5387 8776
2 5030 8776
2 5549 5849
2 5385 5686
2 5385 5687
2 4038 3959
2 1110 1213
2 1110 1324
2 1427 1110
2 7442 7589
2 7442 7438
2 7442 7590
2 7281 7432
2 7290 7432
2 7432 7289
2 7432 7283
2 7432 7292
2 7432 7295
2 7291 7432
2 7589 7887
2 7589 7590
2 7283 7284
2 7283 7434
2 7283 7289
2 7887 7886
2 7284 7434
2 7284 7433
2 7886 7893
2 7589 7886
2 8156 8023
2 8021 8156
2 8156 7893
2 7877 7882
2 7877 7879
2 7877 7883
2 1213 1324
2 7883 7882
2 7881 7883
2 6000 5999
2 6000 6004
2 5999 6004
2 1538 1780
2 1324 1538
2 1538 1784
2 4915 5302
2 1780 1924
2 5302 5194
2 4692 4691
2 4690 4692
2 6372 6500
2 6372 6502
2 4415 4270
2 4415 4420
2 6991 6886
2 6991 6892
2 4257 4259
2 6748 6502
2 6644 6748
2 5414 5714
2 5414 5716
2 5414 5859
2 5289 5414
2 4120 4100
2 6749 6750
2 6749 6502
2 5714 5716
2 5714 5988
2 5714 5989
2 3994 3889
2 3994 3997
2 3994 3995
2 3998 3994
2 6351 5989
2 3996 3997
2 3996 4101
2 3996 3889
2 3996 3995
2 3897 3996
2 6101 6491
2 5715 6101
2 5714 6101
2 4101 4780
2 4101 8779
2 6491 5988
2 4780 5160
2 4780 4782
2 4117 4780
2 4102 4780
2 6352 6108
2 6352 6106
2 4783 8779
2 4784 8779
2 6217 6220
2 6217 6224
2 6217 6107
2 6088 6217
2 6217 5862
2 5157 5046
2 5976 5968
2 5976 5977
2 5857 5976
2 5031 5266
2 5030 5266
2 5032 5266
2 5849 5851
2 5849 5704
2 5155 8780
2 5385 8780
2 5158 8780
2 5386 8780
2 5687 5555
2 5687 5686
2 5687 5403
2 5686 5688
2 5686 5555
2 5544 5686
2 5554 5686
2 5381 5686
2 1782 1924
2 1782 1927
2 2504 2507
2 2504 2511
2 2507 2817
2 2507 2971
2 7438 7440
2 7438 7590
2 7588 7438
2 7289 7434
2 7289 7292
2 7289 7293
2 7294 7289
2 7434 7295
2 7433 7435
2 7434 7433
2 7893 8023
2 7893 8024
2 7893 8157
2 8023 8157
2 8023 8024
2 7879 7724
2 7879 7890
2 2817 2971
2 2817 2973
2 7882 7890
2 6004 6006
2 6004 6121
2 5996 6004
2 2289 2495
2 1919 2289
2 2497 2289
2 4812 4691
2 4812 4693
2 4915 4812
2 4691 4693
2 2505 2971
2 3118 2971
2 2958 2965
2 2954 2958
2 2957 2958
2 2958 2804
2 2804 2815
2 2804 2805
2 2804 2809
2 6886 6892
2 6886 6993
2 6500 6502
2 6645 6500
2 6500 6646
2 5194 8781
2 5194 5572
2 4270 4420
2 6502 6750
2 6502 6646
2 6503 6502
2 4420 4802
2 4100 4000
2 4001 4100
2 6750 6646
2 6501 6750
2 6645 6750
2 4802 4803
2 4418 4802
2 4270 4802
2 4562 4802
2 4417 4802
2 4412 4802
2 3889 3995
2 3889 3896
2 5716 5859
2 5716 6106
2 5988 6106
2 3997 8782
2 3997 4397
2 3889 3997
2 6108 6106
2 6348 6108
2 6220 6107
2 6220 5862
2 5046 5278
2 5030 5046
2 5031 5046
2 5155 5046
2 5160 4782
2 4101 5160
2 4784 5160
2 5968 5977
2 5968 5858
2 4782 4781
2 5274 4781
2 4784 4781
2 5851 5704
2 5549 5851
2 5555 5403
2 5555 5688
2 5555 5278
2 5688 5403
2 5385 5688
2 5386 5688
2 2809 2805
2 2648 2656
2 2648 2658
2 2648 2491
2 2656 2658
2 2492 2656
2 7440 7447
2 7292 7295
2 7292 7136
2 7292 7296
2 7292 7293
2 7295 7293
2 7295 7296
2 7888 7900
2 7439 7900
2 7589 7900
2 7887 7900
2 7900 7737
2 7293 7435
2 7293 7296
2 7435 7727
2 7435 7723
2 7295 7435
2 7727 7721
2 7293 7727
2 7727 7724
2 7725 7727
2 8024 8158
2 7721 7724
2 7721 7723
2 8157 8158
2 7724 7890
2 7721 7890
2 6006 6121
2 6006 6249
2 4693 4577
2 5228 5330
2 5328 5330
2 5085 5330
2 5084 5330
2 6892 6993
2 6892 6887
2 6892 6888
2 6890 6892
2 4259 4124
2 4253 4259
2 6646 6647
2 5573 8781
2 3995 4000
2 3894 3995
2 5336 5443
2 5860 5572
2 4420 4803
2 4564 4803
2 4418 4803
2 4270 4803
2 4419 4803
2 5859 5862
2 6106 5862
2 6107 5865
2 5573 6107
2 8782 4399
2 3996 8782
2 3890 8782
2 3994 8782
2 5864 6224
2 5977 5865
2 5977 5858
2 5966 5977
2 5278 5402
2 5278 5403
2 5704 5702
2 5852 5704
2 5159 5161
2 8780 5159
2 4782 5159
2 5674 8783
2 5674 5906
2 2974 5674
2 5452 5674
2 7447 7446
2 7447 7450
2 7443 7447
2 7302 7447
2 7446 7450
2 7136 7296
2 7136 7133
2 7136 7137
2 7295 7136
2 7296 7137
2 7723 7726
2 7723 7729
2 7293 7723
2 8158 8160
2 8158 7897
2 7893 8158
2 8784 7729
2 7890 8784
2 7890 8785
2 8785 7729
2 7889 8785
2 7728 8785
2 8785 8786
2 5869 5870
2 5869 5878
2 6519 8787
2 6118 6380
2 6118 6518
2 6118 8787
2 6121 6249
2 6121 6374
2 6121 6251
2 6249 6251
2 6249 6505
2 6251 6505
2 6251 6374
2 6506 6251
2 6508 6251
2 6251 6507
2 6993 6887
2 6751 6993
2 6993 6752
2 6505 6507
2 6505 6509
2 6503 6505
2 6505 6647
2 4695 5055
2 6891 6888
2 6891 6509
2 6651 6891
2 6891 6507
2 6508 6891
2 6507 6647
2 6507 6509
2 8788 5055
2 4695 8788
2 6647 6509
2 3902 4000
2 3896 3812
2 3896 3733
2 3732 3896
2 2902 8783
2 2900 8783
2 1626 8783
2 5676 5912
2 5676 8789
2 5676 5906
2 8790 5574
2 3629 3634
2 3629 3719
2 3629 3888
2 3629 3626
2 8702 4613
2 5720 5862
2 6106 5720
2 3888 8791
2 3888 3634
2 3633 3888
2 3628 3888
2 5717 5862
2 8792 4397
2 8792 4398
2 3890 8792
2 3889 8792
2 8792 4399
2 5865 5719
2 5865 5574
2 4397 4398
2 4397 4399
2 4397 4400
2 3890 4397
2 4397 8793
2 5858 5708
2 4398 4399
2 4398 4400
2 5851 5702
2 5852 5702
2 5848 5702
2 5033 4399
2 4399 5042
2 5161 5276
2 5161 5164
2 5161 5163
2 6044 5914
2 6044 6035
2 7450 7300
2 7301 7450
2 1486 1483
2 1486 1487
2 1486 1488
2 1486 1489
2 1486 1480
2 1483 1487
2 1483 1488
2 1483 1480
2 1483 1489
2 8794 7134
2 7140 8794
2 8794 7139
2 7448 8794
2 7134 7133
2 7134 6994
2 7134 7139
2 6996 7134
2 7136 7134
2 7909 7908
2 7909 7757
2 7756 7909
2 7909 7910
2 7909 8030
2 7133 7137
2 7133 6994
2 7592 7737
2 7592 7739
2 7446 7592
2 7901 7592
2 7903 7592
2 7137 6994
2 7134 7137
2 6996 7137
2 7737 7739
2 7737 7905
2 7737 7897
2 7897 8160
2 7897 8027
2 7897 7905
2 7903 7897
2 8028 7897
2 8703 4613
2 2902 8703
2 1626 8703
2 8703 8795
2 2900 8703
2 8160 8027
2 7901 8160
2 8028 8160
2 7726 7729
2 7726 7894
2 8159 8786
2 8158 8786
2 8160 8786
2 8025 8786
2 8024 8786
2 8161 8786
2 8157 8786
2 7729 7894
2 5870 5878
2 5870 5876
2 6119 8787
2 6119 5878
2 5873 6119
2 6119 6008
2 5877 6119
2 8787 6382
2 6123 8787
2 6380 6382
2 6751 6380
2 6380 6752
2 6380 6753
2 6518 6752
2 6754 6518
2 6374 6376
2 6375 6374
2 4583 4581
2 5914 6042
2 6887 6752
2 6887 6888
2 4569 4571
2 4569 4818
2 4569 4819
2 4820 4569
2 6888 6752
2 6751 6888
2 6509 6650
2 4571 4819
2 4571 4818
2 4695 4571
2 4571 4821
2 4571 5055
2 4100 4007
2 5055 8796
2 5055 5303
2 5055 5197
2 3812 3733
2 3813 3812
2 8796 5303
2 3719 3634
2 5303 5723
2 3634 3626
2 3517 3625
2 3517 3626
2 3628 3517
2 3517 3526
2 3525 3517
2 3625 3626
2 3628 3625
2 3627 3625
2 3625 3526
2 3629 3625
2 4607 4331
2 4603 4607
2 4167 4607
2 5574 5719
2 5574 5863
2 8795 8797
2 8795 4330
2 8795 8798
2 8795 4613
2 4606 8795
2 4497 8795
2 1487 1488
2 1487 1489
2 1487 1480
2 5573 5719
2 6160 6158
2 6160 6155
2 6150 6160
2 6160 6152
2 3629 8791
2 3634 8791
2 3628 8791
2 3633 8791
2 8799 5578
2 8799 5708
2 5967 8799
2 5181 5281
2 5181 5283
2 5281 5283
2 5402 5281
2 5408 5407
2 5282 5408
2 5276 5163
2 5276 5176
2 5038 5276
2 5276 5042
2 5159 5276
2 4781 5276
2 5164 5176
2 5164 5044
2 5042 5035
2 5042 5041
2 5036 5042
2 5042 5163
2 5033 5042
2 7300 7455
2 7300 7306
2 7300 7303
2 7304 7300
2 7300 7456
2 7757 7759
2 7757 7908
2 7757 7910
2 7742 7757
2 7139 6994
2 7139 6998
2 7759 7910
2 7759 8030
2 7908 7910
2 7756 7908
2 7908 8030
2 7452 7298
2 7452 8800
2 7738 8800
2 8800 7739
2 8800 7454
2 7592 8800
2 7591 8800
2 7737 8800
2 8800 7298
2 8030 7753
2 7904 8030
2 8030 7907
2 8030 7905
2 8029 8030
2 8030 7752
2 8028 8030
2 7903 8030
2 8034 8030
2 7739 7905
2 7739 7907
2 8028 7739
2 7905 8027
2 7905 7907
2 8027 8036
2 7894 7898
2 7732 7894
2 7733 7894
2 5876 5878
2 5876 5880
2 5876 6008
2 5878 6008
2 8801 6253
2 4581 4589
2 4578 4581
2 6382 6759
2 6382 6753
2 6376 6510
2 6376 6378
2 6376 6512
2 6513 6376
2 4438 4435
2 4435 4439
2 4435 4432
2 6752 6759
2 6752 6753
2 6378 6650
2 6378 6512
2 6509 6378
2 4432 4439
2 4432 4575
2 4576 4432
2 6650 6512
2 6648 6650
2 4818 4819
2 4818 4575
2 4432 4818
2 4574 4818
2 4818 4700
2 1488 1481
2 1488 1480
2 1488 1728
2 1489 1481
2 1489 1740
2 1489 1478
2 1480 1740
2 1480 1481
2 1479 1480
2 1480 1478
2 3733 3735
2 4819 4821
2 4819 5198
2 5055 4819
2 4818 4821
2 3626 3526
2 5197 5576
2 5723 5576
2 5723 5863
2 5863 5576
2 5575 5863
2 5863 5578
2 8802 8803
2 8802 8804
2 4330 4169
2 4495 4330
2 4496 4330
2 8797 8798
2 4496 8797
2 5282 5283
2 5407 5301
2 5407 5297
2 5401 5407
2 5281 5407
2 4400 5041
2 5163 5176
2 5163 5044
2 5043 5163
2 5163 5185
2 5041 5040
2 5041 5035
2 5041 4910
2 7303 7314
2 7303 7313
2 7303 7455
2 7306 7455
2 7306 7313
2 7315 7306
2 7306 7314
2 7455 7456
2 6998 7143
2 6998 7000
2 6994 6998
2 7461 7456
2 7306 7456
2 7456 7752
2 6897 6895
2 6995 6895
2 6895 6777
2 6994 6895
2 6996 6895
2 7752 7753
2 7752 7907
2 7738 7752
2 7739 7752
2 7903 7752
2 7298 7451
2 7298 7453
2 7141 7298
2 6994 7298
2 7298 7454
2 7732 7298
2 7753 7907
2 7753 8033
2 7903 7753
2 7905 7753
2 6996 7451
2 7907 8036
2 7907 8033
2 7905 8036
2 8036 8033
2 7904 8036
2 7898 7902
2 7898 7735
2 7734 7898
2 5877 5880
2 5880 5885
2 5744 5880
2 6008 6124
2 6008 6126
2 5873 6008
2 6127 6008
2 4589 4585
2 4579 4589
2 4583 4589
2 4589 4586
2 4450 4453
2 4451 4453
2 4283 4453
2 4443 4453
2 4441 4453
2 4453 4440
2 6753 6759
2 4440 4284
2 4438 4440
2 4440 4439
2 4283 4440
2 6759 6760
2 6510 6512
2 6510 6652
2 6378 6510
2 6512 6652
2 1481 1728
2 1481 1478
2 1481 1740
2 1478 1740
2 1478 1610
2 1478 1609
2 1478 1728
2 1740 1609
2 4439 4575
2 4699 4439
2 4575 4700
2 4575 4702
2 4700 4815
2 4700 4823
2 4700 4702
2 4815 4917
2 4815 4919
2 4815 4823
2 3526 3527
2 3526 3410
2 5198 5200
2 5198 4917
2 4917 5058
2 4917 4919
2 5059 4917
2 4920 4917
2 4822 4917
2 5060 4919
2 4815 5060
2 4814 5060
2 8805 3250
2 8805 3251
2 2923 8805
2 2925 8805
2 5576 5578
2 5576 5725
2 5578 5582
2 5578 5725
2 5581 5578
2 8803 8806
2 5932 8705
2 5932 8807
2 5932 5620
2 5280 5567
2 4169 4037
2 4169 4331
2 4494 4169
2 5301 5297
2 5408 5301
2 5301 5296
2 5410 5301
2 5301 8808
2 6291 6288
2 6291 6294
2 6291 6431
2 5176 5044
2 5176 5185
2 5176 5050
2 5035 5040
2 5040 4910
2 5040 5037
2 5040 4909
2 7314 7313
2 7314 7321
2 7314 7319
2 7000 7143
2 7000 7144
2 7000 7013
2 7143 7144
2 7014 7143
2 6905 8809
2 6777 6674
2 6676 6777
2 6777 8810
2 7910 7763
2 7453 7906
2 8033 8039
2 7904 8033
2 8040 8033
2 7736 7735
2 7736 7754
2 7743 7736
2 7735 7746
2 7735 7906
2 7902 7746
2 7734 7902
2 7736 7902
2 6124 6126
2 6124 6128
2 6124 6253
2 6254 6124
2 6126 6253
2 6126 6128
2 6126 6383
2 6253 6383
2 6253 6128
2 6253 6384
2 4585 4586
2 4582 4585
2 4581 4585
2 6383 6384
2 6383 6655
2 6383 6652
2 6510 6383
2 1728 1738
2 1728 1727
2 1740 1728
2 1873 1610
2 1873 1867
2 1873 1607
2 1478 1873
2 1479 1873
2 1873 1865
2 1610 1609
2 1610 1475
2 1740 1610
2 1609 1368
2 1873 1609
2 1481 1609
2 4284 4281
2 4442 4284
2 6760 8811
2 6384 6652
2 6384 6655
2 6652 6655
2 6511 6652
2 3823 3819
2 3823 3923
2 4132 8812
2 4132 8813
2 4122 4132
2 4132 4023
2 3735 3659
2 4702 4823
2 4574 4702
2 4576 4702
2 3527 3410
2 3626 3527
2 4823 4919
2 4919 5058
2 5058 5062
2 5058 5202
2 3080 3250
2 3080 2922
2 5061 5200
2 5200 5305
2 5058 5200
2 5200 5062
2 2923 3250
2 2925 3250
2 3250 2922
2 5725 5579
2 5200 5201
2 5201 5579
2 5581 5201
2 5198 5201
2 5201 5582
2 5569 5201
2 5582 5579
2 5568 5416
2 5568 5305
2 5306 5568
2 5292 5568
2 8804 8806
2 8804 4107
2 8804 8814
2 8804 8815
2 5297 5296
2 5297 8808
2 5297 5191
2 6288 6170
2 6288 6294
2 5185 5050
2 5185 5183
2 5185 5184
2 6290 6432
2 6293 6432
2 6432 6429
2 6173 6432
2 5044 5183
2 4104 4108
2 4104 4107
2 4045 4043
2 4045 4037
2 4169 4045
2 4045 4171
2 4910 5037
2 4910 4909
2 4910 4808
2 6058 5930
2 4795 4684
2 4795 4682
2 6561 6429
2 6561 6560
2 6428 6561
2 6432 6561
2 7319 7329
2 7315 7319
2 7321 7468
2 7013 7008
2 7013 7144
2 7013 7006
2 7145 7013
2 7007 7013
2 7312 7604
2 7314 7312
2 7315 7312
2 7144 7008
2 7604 7763
2 7313 7604
2 7763 7913
2 7914 7763
2 7915 7763
2 7460 7763
2 7763 7916
2 7599 7310
2 7143 7599
2 7453 7599
2 7467 7599
2 7599 7601
2 7600 7599
2 6673 8816
2 8816 6674
2 6676 8816
2 1738 1727
2 1730 1738
2 1481 1738
2 1738 1731
2 1479 1738
2 1478 1738
2 1867 1865
2 1867 1856
2 1607 1865
2 1607 1876
2 1475 1365
2 1475 1865
2 1368 1364
2 1368 1365
2 1475 1368
2 1368 1362
2 8039 8041
2 8039 7916
2 7906 7746
2 7906 7745
2 5741 5743
2 5741 5886
2 5741 5885
2 5888 5741
2 7746 7745
2 7733 7746
2 7734 7754
2 7740 7754
2 7754 7749
2 5743 5885
2 5743 5886
2 5885 5886
2 4044 4043
2 4043 4037
2 5655 5654
2 6128 6255
2 6383 6128
2 4586 4464
2 4586 4460
2 4281 4286
2 6761 6767
2 6755 6761
2 6753 6761
2 8811 6658
2 6525 8811
2 6759 8811
2 6761 8811
2 6755 8811
2 6655 6657
2 6252 6655
2 4452 4713
2 4452 4288
2 4441 4452
2 3923 3924
2 3923 4023
2 3822 3923
2 3819 3820
2 4023 8812
2 4023 3924
2 3739 3659
2 8812 8813
2 3923 8812
2 3927 8812
2 8812 8817
2 3410 3412
2 4823 8818
2 4920 8818
2 4919 8818
2 4699 8818
2 8818 5062
2 4918 8818
2 5062 5202
2 5062 5205
2 3082 2924
2 2928 3082
2 2258 2468
2 2468 2065
2 5202 5305
2 5202 5205
2 5579 5583
2 5305 5416
2 5305 5307
2 5308 5305
2 5305 5205
2 5305 5417
2 5416 5417
2 5416 5307
2 5308 5416
2 5204 5416
2 8808 5296
2 8808 5191
2 8808 5190
2 8808 5298
2 8808 5299
2 8808 5300
2 5296 5191
2 5296 5190
2 5296 5298
2 5296 5299
2 5183 5050
2 5050 5184
2 5050 5052
2 8806 8814
2 8806 8815
2 8806 4107
2 8806 4110
2 4109 8806
2 4909 4808
2 4794 4909
2 4909 4796
2 4793 4909
2 4806 4909
2 1727 1731
2 1857 1727
2 1853 1727
2 1727 1856
2 1861 1727
2 1865 1856
2 1876 2037
2 1876 1739
2 1875 1876
2 1866 1876
2 1365 1362
2 1607 1365
2 1364 1362
2 1364 1361
2 1475 1364
2 4107 4108
2 4107 4404
2 4107 4110
2 4405 4107
2 5037 4808
2 4794 5037
2 5037 4796
2 4806 5037
2 4402 4786
2 4402 4682
2 4108 4406
2 4108 4110
2 5482 5483
2 5482 8819
2 5482 5656
2 5476 5482
2 4684 4682
2 4684 4681
2 5483 5485
2 5483 8819
2 5484 5483
2 5485 5787
2 5482 5485
2 5953 5798
2 5483 5787
2 5948 5787
2 5949 6068
2 4205 4204
2 4212 4205
2 4203 4204
2 7321 7329
2 7329 7338
2 7320 7329
2 7006 7008
2 7006 7009
2 7006 7012
2 7014 7006
2 7008 7146
2 7008 7012
2 7468 7613
2 7320 7468
2 7460 7468
2 7146 7154
2 7146 7323
2 6674 6548
2 6685 6674
2 6778 6674
2 7310 7463
2 7310 7154
2 7766 8820
2 7604 8820
2 7763 8820
2 8820 7913
2 7914 8820
2 7605 8820
2 6404 6268
2 6404 6538
2 6539 6404
2 7913 7916
2 7913 7917
2 7916 8041
2 7916 7917
2 7915 8041
2 8035 7603
2 7768 8035
2 7764 8035
2 8035 7745
2 8035 7767
2 8821 8822
2 8821 7308
2 7745 7603
2 7745 7749
2 7754 7593
2 7748 7593
2 7593 7594
2 7593 7595
2 7457 7593
2 5886 6018
2 4464 4460
2 4464 4462
2 4463 4464
2 6255 6386
2 6390 6255
2 6255 6388
2 6252 6255
2 6125 6255
2 4286 4288
2 4283 4286
2 6767 6765
2 6767 6768
2 6893 6767
2 4070 4372
2 4288 4291
2 6528 6658
2 6658 6524
2 6757 6658
2 6526 6658
2 6658 6386
2 4204 8823
2 6657 6524
2 6525 6657
2 6385 6657
2 6657 6386
2 6384 6657
2 4713 4712
2 4713 4455
2 1731 1852
2 1731 1856
2 1861 1731
2 1731 1848
2 1856 1852
2 2037 1874
2 2037 2025
2 2023 2037
2 2037 1605
2 1739 1874
2 1739 1737
2 1362 1361
2 1362 1359
2 1361 1359
2 1366 1361
2 1365 1361
2 1367 1361
2 1361 1355
2 3734 3654
2 3823 3924
2 3088 2926
2 2925 3088
2 3088 2924
2 2771 3088
2 2772 3088
2 8813 8817
2 8813 8824
2 8813 5300
2 8813 8825
2 4023 8813
2 8813 5299
2 8813 5189
2 2924 2926
2 8817 5300
2 8817 5299
2 8817 8825
2 8817 5298
2 8817 5189
2 8817 5191
2 2263 2065
2 2060 2054
2 1903 2054
2 5727 5729
2 5727 5731
2 5725 5727
2 5581 5727
2 5205 5307
2 5205 5309
2 5300 5299
2 5300 5298
2 5300 5190
2 5583 5585
2 5582 5583
2 5307 5419
2 5307 5417
2 5299 5298
2 5299 5190
2 5417 5419
2 5310 5417
2 5191 5190
2 5191 5298
2 3521 3257
2 3521 8826
2 3521 8827
2 3256 3521
2 5052 5184
2 5175 5052
2 5052 5187
2 5184 5187
2 4808 4796
2 8814 4110
2 4109 8814
2 4107 8814
2 4794 4786
2 4684 4786
2 4786 4682
2 8815 4110
2 4109 8815
2 4682 4681
2 4682 4683
2 4404 4110
2 4404 4406
2 4404 4267
2 4069 4372
2 3191 3020
2 2854 2717
2 2854 2716
2 2858 2854
2 2854 8708
2 3339 3468
2 3605 3339
2 2559 2558
2 2715 2559
2 2376 2365
2 4989 4892
2 4989 4654
2 4653 4989
2 7338 7342
2 7338 7469
2 7009 7012
2 7009 7027
2 7008 7009
2 7009 7154
2 7012 7154
2 7012 7027
2 1852 1848
2 1852 1849
2 1852 1850
2 2025 2022
2 2025 1874
2 2025 2024
2 1739 2025
2 1874 1737
2 1737 1605
2 1737 1871
2 1737 1736
2 2033 1737
2 1606 1737
2 1605 1474
2 1605 1357
2 1474 1357
2 1474 1355
2 1739 1474
2 1359 1355
2 1359 1280
2 1356 1359
2 1359 1357
2 6995 6906
2 7008 6906
2 7006 6906
2 7005 6906
2 7007 6906
2 7316 6906
2 7613 7769
2 7770 7613
2 7330 7613
2 7329 7613
2 7613 7771
2 7154 7323
2 7008 7154
2 7323 7463
2 7465 7323
2 7323 7464
2 7463 7464
2 7463 7601
2 7463 7609
2 7316 7463
2 7917 7771
2 7917 7930
2 7917 8162
2 7601 7464
2 7601 7767
2 7768 7601
2 7603 7911
2 7603 7767
2 7606 7603
2 7749 7607
2 7749 7755
2 7744 7749
2 7764 7749
2 8822 7308
2 8822 7148
2 7149 8822
2 6018 6019
2 6023 6018
2 6018 6130
2 6018 6024
2 6018 6022
2 6018 6129
2 4460 4462
2 4466 4460
2 4458 4459
2 4286 4459
2 4465 4459
2 6765 6768
2 6765 6771
2 6772 6765
2 4281 4291
2 6386 6524
2 6386 6392
2 6386 6388
2 2367 2368
2 6524 6392
2 6390 6524
2 1822 1826
2 1378 1822
2 3746 3664
2 3746 3748
2 3653 3746
2 4712 4591
2 4712 4714
2 4712 4455
2 4715 4712
2 4712 4832
2 3820 3748
2 3820 3664
2 3409 3415
2 3412 3265
2 1823 1816
2 1822 1816
2 2926 2927
2 2930 2926
2 2253 2257
2 1904 1758
2 1904 1755
2 5729 5731
2 5729 5589
2 5587 5729
2 5729 5588
2 1905 1758
2 1648 1644
2 1648 1643
2 1646 1648
2 1504 1638
2 1398 1504
2 1640 1504
2 5585 5312
2 5585 5421
2 5585 5209
2 5579 5585
2 5309 5419
2 5308 5309
2 5307 5309
2 1849 1848
2 1849 1850
2 1849 1855
2 1731 1849
2 1848 1850
2 1856 1848
2 1857 1848
2 2022 2019
2 2022 2021
2 2022 2024
2 2024 2199
2 2024 2019
2 2033 2024
2 1871 1736
2 1871 2199
2 1871 2197
2 1871 1733
2 1736 1733
2 1736 2208
2 2198 1736
2 1357 1355
2 1357 1277
2 1357 1280
2 1357 1278
2 1357 1275
2 1355 1280
2 1355 1277
2 1355 1275
2 1280 1275
2 1280 1277
2 1280 1278
2 1644 1746
2 1747 1644
2 5205 5419
2 3257 3255
2 3257 3403
2 3257 3523
2 3257 3522
2 3082 3257
2 5298 5189
2 3403 3522
2 3403 8826
2 8828 2753
2 2753 8829
2 2753 3397
2 3247 2753
2 2753 3514
2 5187 8830
2 5187 5049
2 5050 5187
2 3522 8827
2 8829 3514
2 3248 8829
2 4796 4807
2 8826 8831
2 8832 8833
2 4681 4683
2 4681 4427
2 4681 4414
2 4402 4681
2 4110 4267
2 4110 4265
2 4110 4406
2 3868 3967
2 3868 3966
2 3868 4190
2 3868 4192
2 923 1126
2 3967 4190
2 3967 4192
2 3967 4191
2 3967 4360
2 4361 3967
2 4192 4190
2 4523 4192
2 4189 4735
2 4735 4190
2 1031 1129
2 926 1129
2 1444 1129
2 7342 7336
2 7342 7341
2 7342 7335
2 7342 7469
2 7336 7341
2 7168 7023
2 7168 7021
2 7162 7168
2 7168 7027
2 7469 7619
2 7469 7341
2 7027 7165
2 7007 7027
2 6690 6785
2 6690 6686
2 6690 7328
2 6690 7155
2 6548 6686
2 6548 6692
2 7328 7155
2 6538 6410
2 6538 6416
2 6542 6538
2 6412 6538
2 7769 7771
2 7769 7920
2 7776 7769
2 6268 6264
2 6268 6265
2 7771 7920
2 7771 7930
2 7464 7610
2 7614 7464
2 7606 7464
2 1850 1855
2 1850 2006
2 2021 2019
2 2023 2021
2 1854 2021
2 2025 2021
2 2025 2019
2 1875 2019
2 2199 2197
2 2199 2196
2 2199 2194
2 2208 2205
2 2208 2035
2 2208 2203
2 1733 1869
2 1733 1278
2 1872 1733
2 1869 1278
2 1736 1869
2 1737 1869
2 1870 1869
2 1871 1869
2 1278 1277
2 1278 1275
2 1358 1278
2 1355 1278
2 1277 8834
2 1275 8834
2 6146 6139
2 6263 6146
2 6146 6264
2 7930 7928
2 7915 7930
2 7930 7925
2 7609 7615
2 7609 7767
2 7767 7911
2 7767 7912
2 7767 7615
2 7911 7912
2 7606 7911
2 7607 7755
2 7607 7326
2 7607 7158
2 8835 8836
2 8835 8837
2 8835 6903
2 8838 8836
2 8838 7308
2 8838 8837
2 8838 6903
2 8838 7003
2 7597 7307
2 7597 7594
2 7308 8839
2 7308 8840
2 7308 7148
2 8835 7308
2 8840 7307
2 7149 8840
2 8840 7148
2 6019 6022
2 6019 6024
2 6019 6129
2 6019 5749
2 6130 6530
2 6130 6388
2 6130 6024
2 6019 6130
2 4462 4468
2 4462 4477
2 4462 4479
2 6530 6388
2 6530 6257
2 6390 6530
2 6391 6530
2 6530 6129
2 6530 6392
2 6768 6771
2 6768 6668
2 6388 6392
2 6388 6527
2 6392 6527
2 4289 4455
2 4289 4591
2 4592 4289
2 4593 4289
2 4712 4289
2 4631 4191
2 4191 8841
2 4455 4591
2 4455 4714
2 1447 8842
2 8842 1571
2 4591 4714
2 4591 4833
2 3664 3748
2 3653 3664
2 3657 3749
2 1571 1699
2 1232 1571
2 1571 1700
2 4714 4832
2 3818 3748
2 3819 3748
2 4832 5063
2 4832 4833
2 4592 4832
2 4832 5065
2 4352 4350
2 5063 5065
2 4714 5063
2 5063 5207
2 5208 5063
2 5063 4833
2 4715 5063
2 2927 2931
2 2927 2932
2 2927 3523
2 2472 2269
2 2258 2472
2 2257 2260
2 2257 2264
2 2263 2257
2 5065 5207
2 5065 5209
2 5210 5065
2 5211 5065
2 4134 4272
2 4134 4273
2 4134 4274
2 3928 4134
2 3924 4134
2 4134 8843
2 4134 4706
2 5731 5589
2 5731 5588
2 5726 5731
2 5428 5731
2 5309 5207
2 5207 5209
2 5207 5312
2 4272 4274
2 4272 8843
2 4133 4272
2 4272 4706
2 3523 3255
2 2930 3523
2 2926 3523
2 3523 2931
2 2772 3523
2 3523 3095
2 1855 2006
2 1855 8844
2 2196 2194
2 2196 2197
2 2024 2196
2 1872 2196
2 2021 2196
2 2197 2194
2 1870 2197
2 2205 2203
2 2205 2206
2 2035 1868
2 2035 2206
2 2035 2203
2 8834 1274
2 1279 8834
2 1278 8834
2 8834 1276
2 1280 8834
2 1356 8834
2 2677 18
2 2677 23
2 19 2677
2 36 2677
2 21 2677
2 20 2677
2 5312 5421
2 5312 5209
2 2924 3255
2 2930 3255
2 3255 3095
2 2927 3255
2 8825 8843
2 8825 8845
2 5191 5189
2 5052 5189
2 1746 1898
2 1746 2052
2 1648 1746
2 2056 8846
2 8846 1898
2 1899 8846
2 1748 8846
2 1746 8846
2 8830 8847
2 5184 8830
2 5051 8830
2 5050 8830
2 4796 4810
2 4810 8848
2 4808 4810
2 3397 3515
2 3514 3515
2 3514 3621
2 4683 4414
2 4683 4430
2 4683 8849
2 4423 4683
2 4406 4414
2 4267 4265
2 4267 4262
2 1808 1700
2 1700 1699
2 4350 137
2 4351 4350
2 3569 3451
2 3569 3453
2 214 258
2 8777 2455
2 8777 2452
2 8777 4042
2 4334 8777
2 2449 8777
2 2996 2543
2 7335 7341
2 7335 7343
2 7336 7335
2 7344 7335
2 2543 2839
2 2543 3152
2 7341 7343
2 7023 7021
2 7165 7026
2 7165 7172
2 7165 7022
2 7619 7621
2 7619 7775
2 7777 7619
2 7619 7920
2 6686 6692
2 6686 6785
2 6410 6416
2 6785 7155
2 6264 6265
2 6264 6272
2 7920 7923
2 7920 7775
2 7155 7158
2 7155 7157
2 7155 7326
2 6133 6139
2 6147 6139
2 7928 7925
2 7918 7928
2 7928 7926
2 7610 7615
2 7610 7616
2 7609 7610
2 7610 7472
2 7606 7610
2 2005 8844
2 2005 2004
2 1850 2005
2 1872 2194
2 2024 2194
2 1871 2194
2 2413 2015
2 2413 2403
2 2413 2203
2 2205 2413
2 2203 2206
2 2203 2015
2 2206 1863
2 1868 1604
2 1868 1863
2 1868 1724
2 1604 1473
2 2035 1604
2 2034 1604
2 1275 1274
2 1274 1276
2 1277 1274
2 1278 1274
2 1279 1274
2 1280 1274
2 1274 1281
2 10 34
2 10 9
2 10 12
2 14 10
2 34 9
2 34 12
2 13 34
2 14 34
2 15 34
2 7158 7157
2 7158 7326
2 6785 7158
2 5897 5898
2 5897 6029
2 7929 7925
2 7918 7929
2 7772 7929
2 7917 7929
2 7921 7929
2 7615 7616
2 7615 7912
2 7606 7912
2 7609 7912
2 7912 7616
2 7158 7755
2 7595 7594
2 7595 7018
2 5751 5749
2 5751 5750
2 5751 6022
2 6023 5751
2 7594 7596
2 7594 7161
2 7594 7018
2 8836 6903
2 8836 8837
2 8836 7003
2 8836 6901
2 5749 6022
2 5749 6024
2 6020 5749
2 5746 5749
2 7307 7148
2 7307 7152
2 6022 6129
2 6024 6129
2 6024 6132
2 6024 6257
2 6129 6257
2 6129 6132
2 4468 4477
2 4468 4479
2 6257 6132
2 6388 6257
2 8742 2455
2 8742 2452
2 8742 4042
2 6771 6668
2 6771 6773
2 6527 6532
2 6386 6527
2 3660 3749
2 3660 3751
2 4042 2455
2 3265 3268
2 3265 3111
2 4833 4925
2 2932 2931
2 2932 2936
2 2932 2934
2 2996 3315
2 3315 3766
2 3315 3444
2 3560 3315
2 2931 2934
2 2931 3095
2 2931 2936
2 2253 2260
2 2265 2260
2 1755 1758
2 1752 1755
2 5589 5588
2 5589 5593
2 5427 5589
2 1758 1754
2 1753 1758
2 1399 1643
2 1640 1643
2 1195 1299
2 1084 1195
2 1301 1195
2 1386 1195
2 5209 5422
2 4273 4274
2 4273 4706
2 4273 4705
2 3928 4273
2 4273 8847
2 1085 989
2 1085 1389
2 1085 1191
2 5421 5422
2 979 974
2 979 977
2 864 979
2 1389 1191
2 1196 1389
2 1195 1389
2 5049 4710
2 8844 2179
2 1854 8844
2 1898 2052
2 1898 2249
2 8850 2004
2 8850 2179
2 2403 2017
2 2403 2015
2 2014 2403
2 2204 2403
2 2015 2017
2 2418 2031
2 2418 2414
2 2207 2418
2 1863 1724
2 2207 1863
2 1724 1473
2 2206 1724
2 1473 1471
2 1725 1473
2 1863 1473
2 1471 1353
2 1604 1471
2 1724 1471
2 1603 1471
2 1276 1281
2 1276 838
2 1276 1164
2 1354 1276
2 1166 1276
2 1068 1276
2 180 178
2 178 177
2 178 181
2 178 132
2 48 77
2 48 44
2 12 9
2 11 9
2 14 9
2 13 9
2 9 44
2 3202 3343
2 3202 3344
2 3202 3346
2 1899 1749
2 1505 1749
2 1898 1749
2 1746 1749
2 1388 1749
2 4710 4707
2 4710 4705
2 4710 4807
2 4797 4710
2 2052 2249
2 4807 4711
2 3398 3515
2 4427 4430
2 4427 8851
2 3515 3621
2 4265 4262
2 4265 4264
2 4405 4265
2 8833 4002
2 4116 8833
2 3398 3621
2 3247 3621
2 4112 4004
2 4112 4115
2 4112 3909
2 4112 4002
2 2839 3152
2 3956 3954
2 7343 7345
2 7343 7347
2 7343 7346
2 7348 7343
2 7021 7025
2 7021 7022
2 7021 7029
2 7022 7026
2 7022 7025
2 7026 7172
2 3766 3764
2 3766 202
2 3766 8852
2 7621 7775
2 7621 7778
2 7776 7621
2 7782 7621
2 7621 7627
2 7172 7473
2 7172 7472
2 6416 6411
2 6416 6281
2 7775 7923
2 7775 7778
2 7775 7932
2 6692 6689
2 6265 6272
2 6165 6265
2 7923 7932
2 7472 7618
2 7472 7473
2 7925 7926
2 7925 7618
2 7925 7774
2 7610 7618
2 7614 7618
2 7615 7618
2 7618 7926
2 7157 7611
2 5898 6025
2 5898 5908
2 5898 6029
2 7472 7616
2 6025 6029
2 6025 6136
2 5600 5750
2 5600 5602
2 8852 3764
2 7326 7611
2 7608 7326
2 2004 2179
2 2004 8853
2 1855 2004
2 719 815
2 907 719
2 461 719
2 6028 6029
2 2413 2017
2 2017 2394
2 2417 2589
2 2417 2414
2 2417 2031
2 2414 2031
2 2414 2029
2 2414 2598
2 2414 2202
2 2031 1864
2 2031 2029
2 1864 2029
2 2415 1864
2 1864 1469
2 1353 1165
2 1166 1353
2 1270 1353
2 1473 1353
2 1281 1164
2 1068 1281
2 837 1281
2 1065 1281
2 515 437
2 515 434
2 364 515
2 515 514
2 515 513
2 437 362
2 437 514
2 437 434
2 362 246
2 245 362
2 246 132
2 246 181
2 132 181
2 132 247
2 181 78
2 78 77
2 78 8854
2 44 46
2 176 77
2 5750 5597
2 5596 5750
2 5747 5750
2 7161 7018
2 7161 7016
2 7161 7017
2 8855 8856
2 7596 7018
2 7596 7017
2 7596 7016
2 8857 6903
2 8839 8837
2 8839 7003
2 8839 7148
2 7149 8839
2 6903 6901
2 6903 8858
2 8858 7003
2 7002 8858
2 8858 6899
2 8858 6901
2 6132 6256
2 6022 6132
2 6258 6132
2 6020 6132
2 4477 4479
2 4463 4477
2 6773 6668
2 6773 6774
2 1011 815
2 1010 815
2 1110 815
2 4479 4716
2 6532 6397
2 6387 6532
2 3751 3273
2 3751 3754
2 1221 1784
2 1784 1675
2 1220 1784
2 4925 4926
2 4715 4925
2 4832 4925
2 4714 4925
2 3837 3840
2 3837 3750
2 3664 3837
2 2936 2934
2 2470 2269
2 1675 1785
2 1221 1675
2 1427 1675
2 4028 3840
2 4028 4030
2 1924 1927
2 1924 2307
2 5588 5593
2 5426 5588
2 5588 5425
2 5588 5590
2 3095 3260
2 3095 3262
2 1391 1404
2 1299 1391
2 1927 8859
2 1927 2512
2 1927 2511
2 1927 2307
2 2179 8853
2 2179 2178
2 2179 2180
2 2179 2181
2 2005 2179
2 8859 2967
2 8859 2307
2 2511 2973
2 2511 2967
2 5207 5422
2 5312 5422
2 2394 2389
2 2394 2400
2 2394 2386
2 2394 2401
2 2507 2973
2 2973 2967
2 4274 4706
2 4274 4705
2 4274 4707
2 4274 4704
2 2400 2401
2 2402 2400
2 2400 2581
2 2499 2495
2 2495 2501
2 2502 2495
2 764 860
2 764 861
2 764 766
2 764 862
2 2589 2587
2 2418 2589
2 2582 2589
2 2415 2589
2 2598 2731
2 2598 2595
2 2598 2729
2 2013 2018
2 2013 1462
2 2017 2013
2 2399 2013
2 2202 2731
2 2202 2029
2 2202 2595
2 2029 1859
2 2029 2027
2 1722 1469
2 1722 1467
2 1722 1465
2 1469 1465
2 1469 1467
2 1469 1464
2 1465 1467
2 1165 1167
2 1165 1268
2 1164 838
2 1164 956
2 838 762
2 838 835
2 762 760
2 762 836
2 1068 762
2 838 760
2 837 760
2 760 835
2 839 760
2 833 760
2 760 834
2 434 513
2 434 514
2 247 8860
2 247 244
2 181 247
2 46 70
2 46 75
2 71 46
2 131 8854
2 176 8854
2 132 8854
2 77 8854
2 181 8861
2 76 8861
2 8861 128
2 176 8861
2 131 8861
2 974 977
2 974 1082
2 864 974
2 1081 974
2 861 862
2 861 863
2 8845 4707
2 5048 8845
2 5187 8845
2 1191 1502
2 1191 1503
2 1084 1191
2 978 1191
2 977 1082
2 861 977
2 8847 4707
2 5048 8847
2 5187 8847
2 8848 4711
2 8848 4709
2 4797 8848
2 4806 8848
2 4796 8848
2 8848 4446
2 3809 3811
2 3809 3906
2 3809 3909
2 2249 2632
2 1750 2249
2 4430 4426
2 4115 4002
2 3710 3886
2 3710 3709
2 4004 4002
2 4004 3909
2 3892 8862
2 7346 7345
2 7346 7179
2 7346 7353
2 7356 7346
2 7345 7347
2 7345 7353
2 7029 7032
2 7024 7029
2 7347 7781
2 7347 7353
2 7356 7347
2 7025 7032
2 7781 7627
2 7348 7781
2 7345 7781
2 7343 7781
2 7341 7781
2 2965 2967
2 2965 2512
2 2511 2965
2 2973 2965
2 7782 7627
2 7627 7784
2 7627 7778
2 7347 7627
2 6411 6553
2 7778 7932
2 7778 7937
2 7171 7473
2 6553 6689
2 6553 6691
2 6692 6553
2 7932 7937
2 6689 7160
2 6689 6691
2 6689 7016
2 5908 5916
2 6025 5908
2 6027 5908
2 5896 5908
2 7926 7774
2 7625 7926
2 7773 7926
2 7617 7926
2 7160 6691
2 7160 7016
2 7160 7017
2 7160 7018
2 6553 7160
2 5602 5597
2 5602 5599
2 7016 7017
2 7016 7611
2 7157 7016
2 8853 2178
2 8853 2180
2 8853 2181
2 8853 2182
2 2183 8853
2 8853 2184
2 2389 2386
2 2389 2000
2 2389 2401
2 2401 2581
2 2401 2573
2 2815 2501
2 2815 2503
2 2417 2587
2 2416 2587
2 2587 2727
2 2805 2503
2 2502 2805
2 5597 5599
2 5597 5606
2 2731 2729
2 2731 2595
2 2731 2727
2 2731 2726
2 7156 7611
2 2018 1717
2 1598 2018
2 2018 1597
2 2018 1462
2 2018 1459
2 2595 2200
2 2595 2597
2 2595 2596
2 7018 7017
2 2027 1859
2 2027 2200
2 1859 2028
2 2202 1859
2 1862 1467
2 1268 1167
2 1268 1349
2 1272 1268
2 1722 1464
2 1167 953
2 956 836
2 836 835
2 1065 836
2 836 953
2 835 834
2 835 674
2 956 835
2 513 8863
2 514 513
2 435 513
2 364 513
2 513 292
2 244 8860
2 244 241
2 244 130
2 75 72
2 45 75
2 75 74
2 8860 130
2 8860 241
2 175 8860
2 70 72
2 73 70
2 44 70
2 130 241
2 6136 8864
2 6136 6775
2 5898 6136
2 5896 6136
2 6028 6136
2 7148 7152
2 7148 7150
2 7148 6790
2 8837 6902
2 8837 6899
2 6776 8856
2 8856 6775
2 6901 6899
2 6901 8865
2 6901 6781
2 6256 6393
2 6256 6397
2 6024 6256
2 6129 6256
2 6395 6256
2 6394 6256
2 2658 2491
2 2658 2494
2 2490 2658
2 6665 6774
2 6665 6663
2 6533 6397
2 6533 6396
2 6394 6533
2 6533 6393
2 6531 6533
2 6397 6396
2 6397 6393
2 4716 4942
2 4716 4943
2 4473 4716
2 4944 4716
2 4716 4945
2 3268 3111
2 3268 3108
2 3268 3273
2 3268 3754
2 3273 3754
2 3111 3108
2 4178 4328
2 4178 4323
2 4926 5313
2 4833 4926
2 4926 5214
2 5593 5590
2 5593 5592
2 5429 5593
2 5593 5425
2 3750 3840
2 1754 1757
2 1404 1402
2 1404 1509
2 4346 4504
2 4346 4514
2 3840 4030
2 989 987
2 5106 5102
2 5106 5100
2 5106 5095
2 3260 3262
2 2934 3260
2 2935 3260
2 3260 3405
2 2938 3260
2 766 769
2 766 770
2 3262 3405
2 3262 3528
2 860 769
2 520 442
2 520 675
2 518 520
2 444 520
2 4632 4627
2 3978 4632
2 4706 4704
2 4706 4707
2 4710 4706
2 2180 2182
2 2180 2184
2 2180 2382
2 2178 2181
2 2178 2182
2 2178 2184
2 2386 2000
2 2386 2175
2 2386 1996
2 2581 2573
2 2581 2580
2 2727 2729
2 2727 2732
2 2727 2726
2 2729 2726
2 2729 2732
2 4730 4869
2 2597 2596
2 2597 2883
2 4729 4978
2 4810 4705
2 1717 1597
2 1717 1462
2 1717 1718
2 2596 2893
2 2596 2200
2 2596 2883
2 5935 5625
2 862 863
2 860 862
2 862 769
2 2200 2028
2 2597 2200
2 599 8866
2 8866 598
2 862 8866
2 8866 863
2 768 8866
2 1462 1351
2 1462 1459
2 1462 1597
2 1462 1349
2 2595 2028
2 1351 1349
2 1351 1459
2 1351 1257
2 1269 1351
2 1267 1349
2 953 951
2 1065 953
2 8867 8868
2 956 8867
2 8867 832
2 836 8867
2 1065 8867
2 834 674
2 836 834
2 955 834
2 834 673
2 837 834
2 674 673
2 674 589
2 836 674
2 674 672
2 8863 292
2 293 8863
2 8863 294
2 433 8863
2 8863 291
2 434 8863
2 72 103
2 72 74
2 104 72
2 128 123
2 241 242
2 1502 1385
2 1389 1502
2 976 1502
2 1082 1385
2 979 1082
2 863 1079
2 863 1189
2 4711 4709
2 4711 4446
2 4711 4708
2 4711 4275
2 1503 1385
2 4425 4275
2 8851 4426
2 4262 4264
2 4262 4128
2 4262 4269
2 2632 2752
2 2053 2632
2 2632 2918
2 3909 3906
2 3909 3811
2 4002 8862
2 3886 3712
2 3886 3713
2 3885 3886
2 3886 3715
2 8869 8862
2 8869 3805
2 3709 3712
2 3709 3714
2 3709 3715
2 3804 3993
2 3999 3804
2 3621 3804
2 7179 7353
2 7179 7178
2 7345 7179
2 7036 7035
2 7037 7036
2 7029 7036
2 7032 7034
2 7032 7039
2 7032 7035
2 6281 6282
2 6281 6164
2 6281 6417
2 6411 6281
2 7778 7784
2 7784 7936
2 7784 7937
2 6272 6164
2 5631 5629
2 5631 5626
2 5635 5631
2 7777 7937
2 7931 7937
2 6028 5916
2 5916 6037
2 5898 5916
2 7774 7623
2 7774 7477
2 7624 7774
2 6691 7163
2 6691 7317
2 6691 7150
2 5606 5599
2 5606 5448
2 7017 7317
2 7150 7317
2 7150 7152
2 7150 7163
2 7017 7150
2 8870 8871
2 8870 5901
2 6030 8870
2 7152 6790
2 7152 6788
2 2182 2184
2 2182 2382
2 2182 2175
2 2181 2184
2 2181 2382
2 2000 2175
2 2000 1999
2 2000 1997
2 1998 2000
2 2000 2172
2 2573 2580
2 2573 2571
2 2732 2728
2 2731 2732
2 2733 2732
2 2883 2893
2 2883 2873
2 2883 2594
2 2883 2870
2 4847 4845
2 4847 4846
2 1597 1718
2 1597 1341
2 1597 1257
2 2893 2594
2 8864 6775
2 8864 6671
2 6029 8864
2 6677 8864
2 8864 6774
2 1459 1341
2 1459 1257
2 1459 1718
2 7496 4837
2 4079 7496
2 7003 6902
2 7003 6899
2 4075 4076
2 7654 7499
2 7654 4932
2 6515 7654
2 5126 7654
2 4076 4829
2 951 1064
2 951 825
2 836 951
2 956 951
2 8868 1067
2 755 8868
2 956 8868
2 955 8868
2 832 831
2 832 757
2 832 758
2 832 672
2 673 589
2 673 512
2 673 591
2 511 673
2 673 672
2 589 512
2 589 359
2 360 589
2 589 591
2 589 503
2 103 105
2 103 123
2 74 123
2 74 105
2 292 291
2 292 242
2 292 294
2 175 292
2 242 291
2 6899 6902
2 6899 6781
2 6775 6671
2 6775 6774
2 6775 6670
2 6899 8865
2 6900 8865
2 6774 6670
2 6774 6671
2 6774 6663
2 6669 6663
2 6393 6396
2 6393 6398
2 6393 6262
2 6396 6398
2 8872 4470
2 4594 8872
2 8872 4595
2 4303 8872
2 5072 4942
2 4942 5073
2 4479 4942
2 4945 5073
2 4945 4943
2 4943 5073
2 4943 5219
2 5220 4943
2 3108 2944
2 7499 4932
2 6523 7499
2 2789 2943
2 3267 3754
2 5590 5592
2 5590 5319
2 5220 5590
2 5320 5590
2 5590 5219
2 1757 1520
2 1517 1757
2 1523 1757
2 1514 1757
2 1509 1402
2 1401 1509
2 5426 5425
2 5425 5592
2 5590 5425
2 5429 5425
2 5313 5214
2 5313 5217
2 5313 5069
2 987 991
2 5214 5217
2 5214 5069
2 770 772
2 770 769
2 4829 4830
2 6434 4829
2 4030 4135
2 3838 4030
2 4030 4137
2 598 597
2 366 306
2 366 367
2 297 366
2 920 917
2 917 637
2 917 1037
2 917 1022
2 4930 4932
2 2184 2382
2 2174 2184
2 2184 2378
2 2175 2172
2 2175 2382
2 2175 1999
2 2175 2173
2 2175 2377
2 2580 2571
2 2729 2728
2 2726 2728
2 2730 2728
2 2728 2571
2 1996 1838
2 1996 1840
2 1996 1997
2 1998 1996
2 2385 1996
2 1996 1999
2 2000 1996
2 1838 1840
2 1838 1718
2 1598 1838
2 1597 1838
2 1838 1997
2 1717 1838
2 2873 2870
2 1718 1341
2 1718 1257
2 2736 2890
2 2736 2891
2 2736 2892
2 2736 2594
2 2883 2736
2 2593 2736
2 1341 1257
2 1341 1256
2 2594 2892
2 2594 2409
2 7063 4830
2 1257 1256
2 1257 1155
2 1598 1257
2 4930 5353
2 4928 5353
2 3064 2629
2 2629 2628
2 3234 2920
2 1064 825
2 1064 943
2 953 1064
2 955 1064
2 747 1064
2 1067 831
2 1067 8873
2 1067 757
2 1067 758
2 755 1067
2 8867 1067
2 831 757
2 831 758
2 831 672
2 757 672
2 757 756
2 757 591
2 672 591
2 672 756
2 672 758
2 591 756
2 591 512
2 512 359
2 512 503
2 512 354
2 431 512
2 105 127
2 105 123
2 359 354
2 359 358
2 359 503
2 359 294
2 431 359
2 123 127
2 170 240
2 170 173
2 241 170
2 294 358
2 294 291
2 360 294
2 294 354
2 291 358
2 196 199
2 3769 3771
2 3769 3684
2 3769 3444
2 5654 5497
2 3405 3528
2 3405 3651
2 367 859
2 5656 5491
2 5656 5488
2 4704 4708
2 4704 4709
2 4704 4446
2 3528 3651
2 3528 3737
2 3738 3528
2 442 675
2 8819 5657
2 8819 5491
2 5490 8819
2 4709 4275
2 4809 4709
2 4275 4573
2 4275 4446
2 4275 4137
2 862 1079
2 768 1079
2 1298 1079
2 4426 4279
2 4426 4278
2 1385 1637
2 977 1385
2 976 1385
2 971 1189
2 1298 1189
2 1189 1380
2 862 1189
2 4266 4126
2 4125 4266
2 3811 3906
2 3811 3907
2 3811 3737
2 3811 4121
2 4264 4128
2 4264 4126
2 3906 4121
2 8862 4003
2 3911 8862
2 2752 3388
2 3805 3993
2 3805 3910
2 3240 3802
2 3240 2918
2 3240 3388
2 2634 3240
2 2918 3388
2 2918 3389
2 3506 2918
2 3712 3714
2 3712 3887
2 3712 3713
2 3712 3715
2 2382 2377
2 2382 2378
2 2382 2173
2 2374 2382
2 2172 2173
2 2172 2377
2 2568 2571
2 2572 2568
2 2573 2568
2 1999 1997
2 1999 1840
2 2382 1999
2 1997 1840
2 2172 1997
2 1997 2173
2 2174 1997
2 2001 1840
2 2000 1840
2 2870 2882
2 2870 2884
2 2891 2890
2 2891 2887
2 2891 2884
2 2411 2891
2 2890 2892
2 2890 2410
2 2890 2737
2 2892 2410
2 1256 1155
2 1256 1154
2 1256 1050
2 1459 1256
2 2409 2407
2 2409 2410
2 6068 6070
2 6071 6068
2 1155 1154
2 1155 1050
2 1155 1048
2 1340 1155
2 4217 4219
2 4217 4224
2 4217 4220
2 4222 4217
2 4217 4223
2 4220 4219
2 4220 4225
2 4372 4368
2 4372 4209
2 4372 4210
2 4368 4370
2 4368 4210
2 4368 4367
2 4370 8823
2 4370 4210
2 8823 4652
2 4653 8823
2 8823 4654
2 4655 8823
2 825 943
2 825 746
2 825 823
2 745 825
2 8873 758
2 757 8873
2 832 8873
2 8873 756
2 755 8873
2 754 8873
2 758 670
2 758 830
2 127 126
2 103 127
2 503 354
2 503 356
2 169 173
2 171 173
2 173 126
2 240 287
2 292 240
2 354 353
2 354 358
2 358 353
2 3715 3717
2 7182 7178
2 7182 7357
2 7182 7184
2 7178 7357
2 7035 7034
2 7035 7040
2 7035 7042
2 7034 7039
2 7034 7040
2 7039 7354
2 7035 7039
2 7628 7936
2 7628 7941
2 7628 7939
2 7353 7628
2 7783 7628
2 7354 7355
2 7038 7354
2 7034 7354
2 7030 7354
2 7936 7939
2 7936 7941
2 7478 7936
2 7475 7355
2 7355 7477
2 6164 6282
2 6164 6284
2 6283 6164
2 7477 7623
2 7477 7779
2 6282 6417
2 6282 8874
2 7623 7779
2 7352 7623
2 6417 6418
2 6417 6788
2 5448 5447
2 5448 5605
2 5448 5756
2 8874 6418
2 8874 6788
2 6789 8874
2 8874 6790
2 6791 8874
2 6274 8874
2 5606 8875
2 8875 8876
2 5448 8875
2 7163 6788
2 7015 7163
2 5445 8876
2 5753 5445
2 5597 5445
2 7317 6788
2 8876 5901
2 6030 8876
2 6790 6788
2 7151 6790
2 5901 6031
2 6902 6793
2 6902 7004
2 8871 8877
2 8871 6143
2 8871 6138
2 6137 8871
2 6032 8871
2 6030 8871
2 6143 6138
2 6781 6783
2 8877 8878
2 6669 8877
2 8877 6671
2 6775 8877
2 6138 6259
2 6138 6142
2 6138 6262
2 5901 6138
2 6671 6680
2 4298 4311
2 2378 2377
2 2378 2373
2 2378 2173
2 2377 2173
2 2377 2373
2 2882 2872
2 2882 2884
2 2884 2872
2 2890 2884
2 2887 3048
2 2887 3049
2 2887 3217
2 2887 2888
2 2887 2591
2 3048 2410
2 3048 3049
2 2410 2737
2 2410 2407
2 2737 2407
2 2737 2408
2 1154 1050
2 1154 1048
2 1257 1154
2 942 1154
2 2407 2408
2 2892 2407
2 2411 2407
2 2890 2407
2 1050 1048
2 1050 941
2 2865 3020
2 2865 8708
2 2855 2865
2 2865 2717
2 1048 941
2 824 1048
2 1048 823
2 3020 8708
2 2717 2716
2 2558 2381
2 4892 4654
2 4892 4652
2 4655 4892
2 4651 4892
2 3468 3469
2 2365 2368
2 943 746
2 943 823
2 745 943
2 943 941
2 830 669
2 1067 830
2 757 830
2 432 356
2 432 427
2 432 353
2 426 432
2 670 506
2 126 161
2 126 162
2 126 164
2 105 126
2 356 353
2 356 427
2 354 356
2 506 587
2 506 505
2 756 506
2 164 162
2 164 161
2 170 287
2 291 287
2 171 287
2 353 427
2 6670 6680
2 6666 6670
2 6262 6398
2 6262 6401
2 6398 6401
2 8879 5073
2 5073 5219
2 5073 5319
2 5320 5073
2 8880 5067
2 4718 8880
2 5068 8880
2 4596 8880
2 8880 4597
2 2944 3106
2 2787 2944
2 3110 2944
2 2943 2944
2 5219 5319
2 5219 5321
2 5319 5592
2 5319 5318
2 5067 5069
2 5067 5216
2 5067 5217
2 5066 5067
2 5592 5321
2 5220 5592
2 5219 5592
2 5069 5217
2 5069 5216
2 3419 3538
2 3419 3540
2 3752 3419
2 3111 3419
2 991 870
2 989 991
2 990 991
2 991 782
2 5217 5216
2 772 774
2 772 776
2 521 597
2 306 308
2 195 248
2 197 248
2 196 248
2 198 248
2 248 199
2 4135 4137
2 4135 4573
2 3840 4135
2 3854 3856
2 3854 3859
2 3854 3954
2 4890 4888
2 4890 4648
2 4649 4890
2 4743 4890
2 365 199
2 2368 2712
2 4708 4573
2 4445 4708
2 4444 4708
2 4275 4708
2 4446 4573
2 3651 3737
2 3815 3651
2 3816 3651
2 3916 3651
2 367 593
2 370 593
2 438 593
2 4646 4888
2 4746 4888
2 4888 4648
2 4524 4888
2 4279 4277
2 4279 8881
2 8851 4279
2 3737 3917
2 3737 3907
2 594 857
2 4269 4128
2 4269 8882
2 4128 4126
2 2358 2356
2 2358 2360
2 2358 2351
2 2358 2361
2 2166 2358
2 2164 2358
2 2166 2360
2 2360 2361
2 2165 2360
2 2372 2360
2 2163 2360
2 2360 2162
2 2373 2562
2 2872 3028
2 2872 3016
2 3049 3206
2 3049 3217
2 2888 3206
2 2888 2877
2 3217 2734
2 2591 2734
2 2591 2192
2 2408 2010
2 2593 2408
2 2409 2408
2 2408 2192
2 941 823
2 744 941
2 941 746
2 745 941
2 2364 2712
2 2712 2851
2 2369 2712
2 2365 2712
2 823 746
2 823 743
2 1034 56
2 730 67
2 64 730
2 62 730
2 746 743
2 746 663
2 3966 8706
2 3966 8841
2 468 550
2 468 551
2 468 471
2 552 468
2 472 468
2 550 551
2 550 471
2 552 550
2 661 586
2 661 663
2 661 584
2 745 661
2 746 661
2 586 584
2 586 428
2 586 663
2 747 586
2 742 586
2 584 428
2 432 584
2 429 584
2 584 423
2 422 584
2 829 669
2 829 751
2 753 829
2 8873 829
2 829 666
2 829 588
2 428 423
2 669 668
2 669 751
2 669 588
2 669 587
2 161 238
2 162 165
2 427 423
2 587 505
2 587 508
2 3907 4121
2 3907 3917
2 1637 1501
2 1636 1637
2 4121 4013
2 3816 4121
2 3815 4121
2 1380 1501
2 1381 1380
2 1380 1745
2 4002 4017
2 4017 3915
2 8869 4017
2 3911 4017
2 3993 3910
2 4005 3993
2 3993 3905
2 3714 3899
2 3070 3074
2 2752 3070
2 3073 3070
2 2918 3070
2 3716 3717
2 3728 3716
2 3716 3887
2 3388 3507
2 3388 3615
2 3389 3507
2 3389 3615
2 7184 7357
2 7184 7193
2 7184 7188
2 7357 7193
2 7042 7043
2 7038 7042
2 7034 7042
2 7033 7042
2 7040 7043
2 7033 7040
2 7044 7040
2 7481 7788
2 7481 7633
2 7787 7481
2 7178 7481
2 7481 7941
2 7941 7939
2 7941 7942
2 7939 7942
2 7939 7633
2 6046 8883
2 6272 6046
2 5920 5917
2 7631 7480
2 6037 5925
2 7476 7779
2 6284 6554
2 6284 6420
2 5447 5605
2 5447 5608
2 5605 5756
2 5605 5608
2 5335 5237
2 5335 5230
2 6418 8884
2 5756 5608
2 5447 5756
2 5604 5756
2 5230 5334
2 5089 5334
2 6031 6142
2 6031 6144
2 6031 6259
2 2351 2356
2 2351 2150
2 2146 2351
2 2360 2356
2 2153 2356
2 2151 2356
2 2152 2356
2 2361 2161
2 2373 2361
2 2361 2162
2 2361 2562
2 2562 2705
2 2166 2562
2 2162 1990
2 2373 2162
2 2374 2162
2 3016 3028
2 3016 3013
2 3016 3030
2 2882 3016
2 3028 3013
2 2882 3028
2 3034 3028
2 2884 3028
2 3017 3204
2 3204 3015
2 3206 3211
2 3206 3198
2 3217 3206
2 2880 2877
2 2880 3045
2 2880 2879
2 2888 2880
2 2880 3218
2 2880 3211
2 2877 2734
2 2877 3046
2 3217 2877
2 2734 3046
2 2734 3045
2 2734 3047
2 2192 2009
2 2192 2010
2 2592 2192
2 2012 2009
2 2012 1844
2 2010 2009
2 2404 2010
2 743 663
2 743 651
2 4190 8841
2 663 651
2 142 113
2 4360 8841
2 4635 4360
2 4634 4360
2 3869 4360
2 1024 1123
2 818 1024
2 729 1024
2 730 1024
2 731 1024
2 3451 3453
2 189 3451
2 3454 3451
2 238 235
2 160 238
2 236 238
2 238 237
2 751 668
2 751 666
2 751 588
2 165 235
2 164 165
2 126 165
2 423 419
2 668 588
2 668 666
2 4313 4481
2 4475 4481
2 4481 4153
2 4153 4149
2 4150 4153
2 4304 4153
2 4311 4153
2 6784 6680
2 6671 6784
2 6784 6783
2 6259 6401
2 6680 6546
2 6679 6680
2 6680 8878
2 6677 8878
2 6401 6534
2 6401 6536
2 4597 4852
2 8885 4852
2 4947 8885
2 8885 5316
2 5322 5316
2 5070 5322
2 5067 5322
2 3274 3106
2 5321 5432
2 870 782
2 5216 5316
2 777 776
2 777 688
2 775 777
2 686 777
2 781 777
2 776 688
2 681 776
2 776 683
2 3538 3540
2 3538 3753
2 3538 3755
2 3269 3271
2 3269 3277
2 3416 3269
2 3269 3417
2 3276 3269
2 3269 3275
2 3269 3418
2 774 688
2 770 774
2 522 378
2 518 522
2 371 522
2 441 522
2 308 305
2 3540 3755
2 3540 3753
2 3540 3929
2 3753 3929
2 3753 3755
2 4137 4573
2 4137 4031
2 3929 4137
2 4573 4031
2 2455 2452
2 4277 4278
2 4277 8881
2 4277 4139
2 4426 4277
2 327 390
2 259 327
2 213 327
2 4278 8881
2 4278 4139
2 4424 4278
2 8882 4126
2 4128 8882
2 4129 8882
2 4266 8882
2 8882 8886
2 4126 4127
2 2140 2147
2 2140 2132
2 2140 2149
2 2140 2150
2 2131 2140
2 2150 2147
2 2150 2156
2 2161 2554
2 2161 1990
2 2165 2161
2 2704 2700
2 2704 2698
2 2163 2704
2 2361 2704
2 2693 2704
2 2705 2700
2 2163 2705
2 2373 2705
2 2166 2705
2 1990 1987
2 2361 1990
2 3013 3030
2 2872 3013
2 3013 3015
2 3029 3013
2 3198 3015
2 3195 3198
2 3050 3198
2 3211 8887
2 3199 3211
2 2888 3211
2 3050 3211
2 3218 3215
2 3218 3213
2 3218 3352
2 3218 3355
2 2879 3213
2 2879 3215
2 2876 2879
2 3045 3046
2 3045 3047
2 2879 3045
2 3046 3047
2 2880 3046
2 3217 3046
2 2011 3047
2 2877 3047
2 2404 3047
2 2192 3047
2 2009 1844
2 2009 1720
2 1844 1600
2 651 650
2 744 651
2 662 651
2 745 651
2 3152 3307
2 3152 8710
2 2544 3152
2 215 390
2 3855 3959
2 3307 8710
2 3307 3306
2 2543 3307
2 2838 3307
2 2839 3307
2 235 237
2 235 351
2 161 235
2 3764 202
2 419 421
2 3562 3444
2 3764 3562
2 581 656
2 588 666
2 3917 4018
2 1784 1785
2 1785 1928
2 1929 1785
2 1429 1785
2 1924 1785
2 4013 4018
2 4003 4016
2 3911 4003
2 4003 3910
2 1501 1745
2 1501 1507
2 1382 1188
2 1298 1188
2 1188 1500
2 1381 1188
2 1188 2245
2 1636 1188
2 3910 3905
2 3910 4010
2 1500 1745
2 3899 3901
2 3899 3887
2 3712 3899
2 3993 3899
2 3887 3901
2 3717 3726
2 3707 3726
2 3717 3707
2 3616 3707
2 3508 3707
2 3074 3381
2 3074 3382
2 3384 3074
2 3074 3509
2 3507 3615
2 3507 3619
2 7188 7193
2 7188 7192
2 7200 7188
2 7193 7364
2 7193 7192
2 7043 7045
2 7043 7049
2 7043 7046
2 7048 7043
2 7788 7634
2 7788 7789
2 7635 7788
2 7788 7492
2 7633 7789
2 7633 7634
2 7942 7786
2 7943 7786
2 7631 7786
2 7480 7482
2 8883 6049
2 5922 8883
2 5453 5612
2 5611 5453
2 8888 6554
2 8888 6420
2 5447 5347
2 5450 5347
2 5605 5347
2 5347 5449
2 5347 5608
2 5237 5101
2 6554 6420
2 6554 6555
2 6554 8884
2 6162 6554
2 5608 5612
2 5608 5918
2 2130 2124
2 2130 2132
2 2130 2127
2 2130 2118
2 1955 2130
2 2132 2127
2 2132 2124
2 6420 8884
2 6420 6792
2 6420 6555
2 2147 2149
2 2147 2340
2 2554 2548
2 2554 2546
2 2361 2554
2 1988 2554
2 2554 1987
2 2700 2698
2 2700 2703
2 2700 2699
2 2562 2700
2 1987 1986
2 1987 1819
2 2161 1987
2 2162 1987
2 3030 3018
2 3015 3186
2 3015 3018
2 8887 8889
2 8887 3192
2 8887 3189
2 3199 8887
2 3196 8887
2 3198 8887
2 3206 8887
2 3352 3354
2 3352 3215
2 2880 3352
2 3211 3352
2 2878 3352
2 3215 3355
2 3215 3477
2 3213 3355
2 3356 3213
2 1600 1458
2 1600 8890
2 650 569
2 650 567
2 742 650
2 663 650
2 743 650
2 1265 1161
2 1265 1160
2 1063 1265
2 1265 950
2 1161 1061
2 1161 950
2 1161 1160
2 237 351
2 237 284
2 237 281
2 1061 827
2 1061 950
2 421 414
2 420 421
2 424 421
2 412 421
2 578 497
2 827 948
2 827 752
2 940 827
2 2307 2080
2 2307 1928
2 2309 2307
2 2311 2307
2 496 497
2 656 655
2 656 659
2 580 656
2 582 656
2 752 946
2 828 752
2 2501 2664
2 2501 2503
2 2503 2664
2 2665 2503
2 2491 2494
2 8884 6792
2 6904 8884
2 7004 6793
2 7004 6792
2 6420 7004
2 8891 8892
2 8891 8893
2 5334 8891
2 6783 6780
2 6783 6681
2 6682 6783
2 6144 6269
2 6144 6536
2 8892 8893
2 5334 8892
2 6261 8892
2 6546 6681
2 6671 6546
2 6546 6684
2 6261 8893
2 8893 8894
2 6259 8893
2 6534 8895
2 6260 6534
2 6534 6540
2 4950 4852
2 5432 5435
2 5220 5432
2 3278 3277
2 3278 2947
2 3278 3275
2 3277 3275
2 782 779
2 688 683
2 773 688
2 772 688
2 525 379
2 525 447
2 523 525
2 378 379
2 3271 3417
2 3271 3275
2 3271 3418
2 305 372
2 3755 8896
2 3929 3755
2 981 984
2 1087 981
2 981 1088
2 981 994
2 981 1089
2 3824 3742
2 3824 3745
2 3824 3541
2 3824 3743
2 3825 3824
2 3738 3824
2 3742 3745
2 3825 3742
2 3827 3742
2 3738 3742
2 3826 3742
2 8881 4139
2 3842 8881
2 3745 4018
2 3086 2913
2 554 641
2 554 551
2 554 732
2 473 554
2 1950 1948
2 1950 1952
2 1950 1953
2 1950 1947
2 1954 1950
2 1957 1798
2 1957 1797
2 1957 1970
2 2130 1969
2 2124 2118
2 2127 2118
2 2149 2340
2 2149 2335
2 2149 2331
2 2330 2149
2 2156 2540
2 2156 2534
2 2156 2347
2 2147 2156
2 2148 2156
2 3738 4018
2 1396 1507
2 1396 1303
2 1298 1396
2 1501 1396
2 2548 2683
2 2548 2685
2 2137 2548
2 2698 2699
2 2698 2845
2 1986 1819
2 1986 1709
2 1990 1986
2 1584 1986
2 3186 3018
2 3186 3184
2 8889 3189
2 8889 3354
2 3188 8889
2 3211 8889
2 3017 8889
2 3196 8889
2 3015 8889
2 3354 3192
2 3354 3189
2 3218 3354
2 3353 3354
2 3355 3477
2 3355 3473
2 3483 3488
2 3483 3472
2 3358 3042
2 3358 3041
2 8890 1458
2 1721 8890
2 1457 8890
2 1844 8890
2 569 567
2 569 404
2 411 569
2 413 569
2 652 569
2 1458 1347
2 1458 1263
2 1262 1458
2 1347 1263
2 1347 1261
2 1060 1347
2 1347 1160
2 284 281
2 284 350
2 1160 1057
2 1160 950
2 1160 1261
2 351 281
2 283 351
2 414 410
2 414 406
2 500 497
2 950 1056
2 497 498
2 655 659
2 655 577
2 665 655
2 946 945
2 946 1056
2 2255 2254
2 2061 2255
2 2255 1911
2 1909 2255
2 1910 2255
2 2254 1911
2 2254 1908
2 1911 1908
2 3644 3647
2 3644 3648
2 1908 1655
2 1507 1745
2 3534 3647
2 3915 4016
2 3915 4010
2 3913 3915
2 3915 8897
2 3915 3905
2 1909 1655
2 1911 1655
2 2061 1655
2 2066 1655
2 3905 4010
2 1745 1895
2 3905 3901
2 3910 3901
2 3807 3725
2 2245 1891
2 2245 1889
2 1382 2245
2 1500 2245
2 1891 2243
2 1744 1891
2 1893 1891
2 1745 1891
2 1891 1895
2 2630 2910
2 2751 2630
2 1894 8898
2 3615 3509
2 7192 7197
2 7046 7045
2 7046 7052
2 7046 7050
2 7046 7053
2 7364 7492
2 7364 7491
2 7364 7636
2 7635 7364
2 7364 7634
2 7045 7049
2 7045 7050
2 7045 7052
2 7492 7634
2 7492 7638
2 7492 7636
2 7049 7484
2 7049 7050
2 7360 7049
2 7047 7049
2 7634 7789
2 7634 7638
2 7484 7361
2 7484 7482
2 7045 7484
2 7048 7484
2 7484 7485
2 7789 7638
2 7482 7485
2 7482 7361
2 5923 5927
2 5923 5921
2 6048 5923
2 5925 5921
2 81 83
2 87 81
2 5614 5460
2 5453 5614
2 5614 5617
2 5451 5614
2 1948 1952
2 1948 1947
2 1948 1943
2 115 99
2 1798 1956
2 1798 1797
2 2118 1956
2 2118 8899
2 2335 2331
2 2335 2340
2 2335 8899
2 2340 2331
2 2340 2336
2 2540 2534
2 2540 2328
2 2152 2540
2 2147 2540
2 2546 2683
2 2546 2685
2 2546 2139
2 2699 2845
2 2703 2845
2 1819 1709
2 1819 1813
2 1819 1582
2 1988 1819
2 3018 3184
2 3018 3178
2 3018 3177
2 3189 3184
2 3015 3189
2 3017 3192
2 3185 3192
2 3211 3192
2 3477 3473
2 3477 3482
2 3478 3473
2 3488 3043
2 3488 3472
2 3488 3214
2 3042 3041
2 3042 3214
2 3042 3216
2 3476 3042
2 3041 3216
2 3041 3040
2 567 404
2 567 494
2 413 567
2 1596 1595
2 1596 1260
2 1596 8900
2 1596 1343
2 1458 1596
2 1720 1596
2 1263 1261
2 1263 1258
2 1263 1059
2 281 350
2 410 406
2 409 410
2 1261 1057
2 1261 1258
2 498 572
2 660 659
2 1057 1059
2 1162 1057
2 945 935
2 827 945
2 948 1056
2 1057 1056
2 1056 1055
2 3829 3833
2 3759 3829
2 3760 3829
2 3834 3829
2 3845 3926
2 3845 3940
2 3845 3836
2 3547 3845
2 3844 3672
2 3844 3940
2 3844 8901
2 3844 3670
2 3673 3670
2 3426 3431
2 3426 3117
2 3426 3281
2 3431 3117
2 3431 3281
2 3116 3431
2 3115 3431
2 3431 3279
2 3281 3117
2 3281 2952
2 3115 3281
2 2799 3281
2 5921 6049
2 5921 6167
2 6049 6169
2 5925 6049
2 5612 5617
2 5234 5236
2 5234 5101
2 5092 5234
2 5091 4965
2 5091 4967
2 5091 5090
2 4862 4861
2 4862 4968
2 4862 4865
2 5918 6040
2 5612 5918
2 5615 5918
2 5610 5918
2 5918 5617
2 5756 5918
2 4968 4965
2 4968 4865
2 4968 4861
2 4968 8902
2 5758 6040
2 5608 6040
2 5756 6040
2 6040 6279
2 5612 6040
2 4965 8902
2 5090 5444
2 5092 5090
2 5088 5090
2 5087 5090
2 4965 5444
2 5229 5444
2 5092 5444
2 5088 5444
2 5091 5444
2 5086 5444
2 4149 4151
2 4155 4149
2 4158 4149
2 4154 4149
2 4157 4149
2 6681 6684
2 6269 6407
2 6540 6408
2 8894 8903
2 8895 8904
2 8895 6407
2 4484 4156
2 4156 4485
2 4156 4317
2 4156 4487
2 4316 4156
2 4486 4156
2 1762 1760
2 1762 1769
2 4948 5075
2 4948 5074
2 5077 4948
2 1953 1947
2 1951 1953
2 1953 1943
2 1952 1947
2 1952 1943
2 5435 5441
2 5430 5435
2 5318 5435
2 222 223
2 266 222
2 1797 1970
2 1411 1412
2 1956 1801
2 2124 1956
2 1956 1692
2 2123 1956
2 8899 2331
2 8899 2114
2 2127 8899
2 2331 2336
2 2331 2116
2 2347 2328
2 2347 2336
2 2534 2328
2 2534 1967
2 2683 2139
2 2683 2538
2 2685 2696
2 2685 2692
2 2693 2685
2 2845 2837
2 2845 2835
2 2693 2845
2 5074 5075
2 1709 1582
2 1709 1813
2 3178 3177
2 3178 3184
2 3178 3183
2 3186 3178
2 3184 3177
2 3195 3184
2 3473 3482
2 3473 3475
2 3472 3482
2 3349 3487
2 3349 3210
2 3349 3350
2 3349 3038
2 3484 3349
2 3043 3210
2 3043 3038
2 3043 3487
2 3214 3040
2 3356 3214
2 3216 3040
2 3356 3216
2 3488 3216
2 404 403
2 404 494
2 404 407
2 1595 1343
2 1595 1260
2 1595 1259
2 1595 1258
2 8890 1595
2 1264 1595
2 350 403
2 1260 1258
2 1260 1343
2 1260 1259
2 1263 1260
2 406 407
2 404 406
2 572 571
2 500 572
2 575 572
2 497 572
2 420 572
2 1258 1157
2 1258 1059
2 1258 1259
2 574 577
2 575 577
2 573 577
2 498 577
2 935 944
2 935 933
2 946 935
2 947 935
2 935 937
2 1261 1055
2 1262 1055
2 1200 1308
2 1098 1200
2 4957 4720
2 4601 4957
2 4962 4957
2 5082 4957
2 5906 5912
2 5906 8789
2 5906 5907
2 5912 8789
2 5912 5905
2 5912 5907
2 779 873
2 870 779
2 683 684
2 683 687
2 603 683
2 379 376
2 3275 3417
2 3275 3418
2 372 376
2 303 372
2 3417 3418
2 3417 3542
2 3417 3541
2 3418 3541
2 3418 3542
2 3418 3743
2 8896 8886
2 3540 8896
2 3539 8896
2 984 1088
2 984 994
2 1090 984
2 984 1089
2 4031 4139
2 4139 8886
2 1089 1088
2 1089 1197
2 1090 1303
2 1397 1303
2 4127 4032
2 3744 4127
2 4016 3918
2 8702 8905
2 8905 8906
2 8703 8905
2 4010 8897
2 6042 6036
2 1895 1897
2 1636 1895
2 1895 1901
2 1500 1895
2 6155 6151
2 6155 6158
2 1889 1890
2 1889 8907
2 2049 1889
2 1889 2046
2 1889 2050
2 2243 2460
2 2243 2461
2 2462 2243
2 2243 2622
2 3509 3617
2 3509 3620
2 3382 3617
2 4837 4838
2 4075 4837
2 1947 1943
2 1947 8908
2 1947 1944
2 2461 2460
2 2461 2622
2 2462 2461
2 3238 3511
2 3238 3386
2 1801 1692
2 2118 1801
2 1801 1690
2 3067 3391
2 3380 3067
2 1798 1970
2 2116 2114
2 2116 2336
2 7197 7202
2 7197 7365
2 7197 7367
2 7190 7197
2 7368 7197
2 2335 2336
2 2328 1967
2 2139 2538
2 2139 2346
2 2696 2692
2 2693 2696
2 2696 2824
2 2837 2835
2 2699 2837
2 2703 2837
2 2837 2836
2 1813 1582
2 1813 1814
2 1336 1813
2 7053 7052
2 7053 7056
2 7055 7053
2 7053 7050
2 1582 1245
2 7052 7050
2 7052 7056
2 7052 7059
2 3177 3183
2 3177 3173
2 3482 3475
2 3482 3479
2 3476 3482
2 3478 3482
2 3487 3350
2 3487 3599
2 3487 3210
2 3350 3210
2 3350 3485
2 3350 3038
2 3210 3038
2 3210 3037
2 3038 3037
2 3038 2867
2 3040 3036
2 3035 3040
2 3040 2867
2 2724 3040
2 3043 3040
2 494 493
2 409 494
2 494 400
2 403 493
2 8900 1343
2 8900 1344
2 8900 1259
2 8900 1255
2 1260 8900
2 1254 8900
2 407 400
2 1343 1259
2 1343 1255
2 1343 1344
2 1258 1343
2 498 571
2 577 571
2 575 571
2 500 571
2 933 944
2 933 937
2 940 933
2 1259 1255
2 944 936
2 944 937
2 940 944
2 938 944
2 1059 1157
2 1260 1157
2 6158 6152
2 6158 6151
2 5497 5488
2 5488 5491
2 5491 5657
2 5493 5491
2 5657 5793
2 5951 5657
2 7491 7636
2 7491 7640
2 7491 7366
2 7637 7491
2 7492 7491
2 7050 7059
2 7050 7194
2 7636 7638
2 7636 7640
2 7635 7636
2 7638 7791
2 7638 7648
2 7634 7791
2 7944 7791
2 7787 7791
2 7361 7487
2 7361 7489
2 7485 7487
2 5927 5934
2 5460 5461
2 5460 5459
2 5458 5460
2 5772 8909
2 5772 5934
2 5922 5772
2 5348 5449
2 5101 5105
2 5922 8909
2 5925 8909
2 8909 6167
2 6048 8909
2 6168 8909
2 5762 5617
2 5236 5238
2 6167 6169
2 6167 6287
2 5922 6167
2 4865 4861
2 4861 4612
2 6169 6421
2 6169 6422
2 4612 4609
2 6168 6421
2 4861 4859
2 8902 5907
2 4864 8902
2 4865 8902
2 4151 4159
2 4160 4151
2 4151 4161
2 6684 6424
2 6684 6422
2 6684 6551
2 6408 6276
2 6408 6279
2 6681 6551
2 6682 6551
2 6546 6551
2 1944 1943
2 1944 8908
2 1944 8910
2 1944 2102
2 1943 8908
2 1943 1941
2 1943 8910
2 6407 6414
2 6407 6276
2 2114 2329
2 2330 2114
2 2336 2114
2 2330 2113
2 2331 2113
2 8904 6414
2 6275 8904
2 6536 8904
2 1800 1690
2 1956 1690
2 2336 1967
2 8903 8911
2 8904 8903
2 8903 6153
2 6261 8903
2 2346 2342
2 2346 2332
2 2346 2538
2 2538 2119
2 2692 2820
2 2692 2824
2 2835 2836
2 2823 2835
2 2835 2824
2 2343 1814
2 2343 2119
2 2139 2343
2 1812 2343
2 1813 2343
2 2138 2343
2 1814 1574
2 1583 1814
2 1582 1814
2 1451 1814
2 2120 1814
2 3173 3168
2 3183 3326
2 1245 1243
2 8911 6153
2 8911 6151
2 8911 6152
2 1243 1134
2 1582 1243
2 3479 3586
2 3473 3479
2 3479 3594
2 3475 3589
2 3588 3475
2 3472 3475
2 3474 3475
2 3599 3594
2 3599 3610
2 3350 3599
2 3695 3611
2 3695 3208
2 3486 3695
2 3350 3695
2 3347 3208
2 3347 3485
2 3347 3033
2 3486 3347
2 3485 3033
2 3210 3485
2 3485 3208
2 3037 2867
2 3037 2868
2 2867 3036
2 2867 2585
2 3036 2397
2 3037 3036
2 493 398
2 493 400
2 493 402
2 409 400
2 937 1043
2 937 936
2 937 1046
2 1344 1255
2 1344 1453
2 1344 1346
2 936 1043
2 1255 1346
2 4209 4215
2 4209 4210
2 4220 4209
2 4215 7065
2 4215 4537
2 4215 4225
2 4210 4367
2 4210 4369
2 4367 4369
2 4367 4747
2 4369 4747
2 4652 4654
2 4652 4752
2 2276 2284
2 2276 2286
2 5441 5438
2 5441 5440
2 5434 5441
2 5432 5441
2 2284 2286
2 2284 2653
2 1521 1412
2 1524 1412
2 5323 5324
2 5432 5323
2 5434 5323
2 5075 5081
2 5075 5078
2 782 873
2 873 605
2 783 873
2 603 873
2 684 687
2 684 605
2 684 691
2 690 684
2 447 376
2 3542 3934
2 3743 3843
2 994 1088
2 994 1092
2 1090 994
2 994 996
2 1088 1092
2 8912 8886
2 3666 8912
2 3933 8912
2 8912 3937
2 3756 8912
2 4131 8912
2 8886 3936
2 4131 8886
2 3666 8886
2 8886 4032
2 4032 3937
2 3919 3920
2 3919 3836
2 3835 3919
2 8897 3918
2 1897 1901
2 1897 2058
2 1745 1897
2 2059 1897
2 4747 4529
2 4650 4747
2 4747 4533
2 3725 3729
2 3725 3648
2 3726 3725
2 3728 3725
2 1942 8910
2 8910 1941
2 2102 1941
2 2102 2314
2 1941 2112
2 2112 1789
2 2102 2112
2 2116 2329
2 2117 2329
2 2529 2342
2 2529 2332
2 2346 2529
2 2333 2529
2 2344 2529
2 1962 2529
2 3617 3624
2 2342 2332
2 2342 2119
2 1890 8907
2 1890 2046
2 2047 1890
2 1890 2048
2 2049 1890
2 1691 1799
2 1693 1799
2 1799 1560
2 1559 1799
2 2113 1799
2 2332 2119
2 2820 2531
2 2820 2824
2 2538 2820
2 8907 2048
2 2346 2119
2 2824 2822
2 2836 2830
2 2836 2822
2 2824 2836
2 3157 3150
2 3167 3157
2 3157 3168
2 3157 3169
2 3170 3157
2 3168 3169
2 3174 3168
2 1574 1570
2 1245 1574
2 1582 1574
2 1813 1574
2 3326 3322
2 3176 3326
2 3177 3326
2 3589 3586
2 3589 3594
2 3482 3589
2 3511 3386
2 3511 3392
2 930 1134
2 1244 1134
2 1245 1134
2 1134 822
2 3594 3586
2 3594 3610
2 3582 3594
2 3593 3610
2 3611 3704
2 3611 3208
2 3705 3611
2 3348 3611
2 3208 3033
2 3033 2868
2 3484 3033
2 2868 2585
2 2585 2397
2 2585 2579
2 2397 2395
2 2397 2579
2 2724 2397
2 566 402
2 566 645
2 566 396
2 346 566
2 2395 2002
2 2395 2189
2 2584 2395
2 2395 1843
2 345 402
2 345 396
2 399 345
2 2002 1843
2 2002 1716
2 2002 2189
2 2002 1715
2 2191 2002
2 2396 2002
2 402 398
2 402 396
2 1843 1715
2 1843 1716
2 1843 1456
2 1843 1591
2 1843 2189
2 398 491
2 1715 1456
2 1715 1716
2 1715 1591
2 1046 1043
2 1046 1041
2 936 1046
2 939 1046
2 1045 1046
2 1456 1453
2 1456 1591
2 1043 1041
2 933 1043
2 1146 1150
2 1153 1150
2 1047 1150
2 1453 1346
2 1588 1453
2 4384 4247
2 4384 4381
2 4384 4240
2 4384 4553
2 4247 4244
2 4247 4235
2 4247 4240
2 4247 4381
2 4244 4243
2 4244 4235
2 4244 4239
2 4384 4244
2 4243 4239
2 4243 4235
2 4247 4243
2 4241 4243
2 4237 4243
2 4654 4752
2 4529 4648
2 3469 3969
2 3469 3700
2 2460 2622
2 2460 2746
2 2755 2460
2 2906 2460
2 3391 3245
2 2622 8913
2 2622 2907
2 2906 2622
2 2622 2746
2 7367 7202
2 7367 7370
2 7367 7369
2 7367 7365
2 7202 7365
2 7202 7369
2 7202 7370
2 7202 7366
2 7365 7366
2 7056 7060
2 7366 7642
2 7059 7194
2 7059 7195
2 7051 7059
2 7640 7642
2 7194 7489
2 7194 7495
2 7648 7645
2 7648 7647
2 7636 7648
2 7635 7648
2 7489 7487
2 7489 7495
2 7487 7495
2 5771 4849
2 5771 4846
2 5927 5771
2 5771 5934
2 5934 5767
2 5768 5934
2 5773 5934
2 5934 5770
2 5461 5463
2 5461 5465
2 5458 5461
2 5349 5455
2 5458 5349
2 5349 5459
2 5457 5349
2 5461 5349
2 5460 5349
2 5618 5349
2 5459 5763
2 5459 5465
2 5459 5765
2 5238 5239
2 5094 5238
2 4967 4971
2 4976 4967
2 4865 4967
2 6050 5929
2 5459 6050
2 5458 6050
2 6287 6422
2 6287 6424
2 6422 6424
2 4609 8906
2 4614 4609
2 6424 6423
2 6424 6560
2 6279 6276
2 6279 6280
2 6279 6172
2 5232 5907
2 5232 5905
2 4968 5232
2 4965 5232
2 5902 5232
2 2084 2083
2 1941 2084
2 2102 2084
2 1944 2084
2 2314 1791
2 2314 2327
2 2314 1788
2 1790 2314
2 1791 1788
2 1791 1789
2 1789 1940
2 1941 1789
2 1790 1789
2 2694 2531
2 2692 2531
2 2824 2531
2 6414 6280
2 6279 6414
2 6413 6414
2 1563 1560
2 1563 1558
2 1563 1696
2 2822 2537
2 2822 2830
2 4317 4485
2 4317 4487
2 4488 4317
2 4317 4600
2 1560 1696
2 1564 1560
2 2830 2995
2 2830 2338
2 4485 4487
2 4485 4600
2 4485 4598
2 4487 4598
2 4487 4600
2 3150 3147
2 3150 2827
2 3169 3312
2 3169 3319
2 3311 3169
2 3169 3317
2 1570 1573
2 1228 1570
2 1570 1441
2 1812 1570
2 1245 1570
2 3322 3328
2 3322 3319
2 3183 3322
2 3322 3323
2 3586 3579
2 3586 3585
2 3695 8914
2 3593 8914
2 3587 8914
2 3611 8914
2 3594 8914
2 3694 8914
2 4598 4853
2 4598 4600
2 4853 4954
2 4853 4600
2 4853 4956
2 4487 4853
2 3612 3782
2 3704 3459
2 3704 3460
2 647 739
2 566 647
2 737 647
2 647 344
2 645 344
2 345 645
2 485 645
2 2579 2392
2 2584 2579
2 273 276
2 232 276
2 276 231
2 275 276
2 396 344
2 396 491
2 399 396
2 2189 1836
2 2189 1834
2 2396 2189
2 2189 1716
2 491 560
2 1716 1591
2 1041 1044
2 938 1041
2 4553 4381
2 4553 4547
2 4236 4553
2 4553 4379
2 4553 4543
2 4381 4240
2 4381 4379
2 4240 4235
2 4240 4233
2 4240 4246
2 4235 4239
2 4235 4246
2 4239 4246
2 4241 4239
2 4245 4239
2 3969 3700
2 3700 4195
2 2851 2852
2 2555 2851
2 2368 2851
2 2380 2851
2 2862 2851
2 471 551
2 553 471
2 4954 4956
2 4599 4954
2 4954 5078
2 4598 4954
2 5080 4954
2 5438 5440
2 5438 5443
2 5435 5438
2 4956 5078
2 4956 5081
2 3870 4195
2 3969 4195
2 5078 5081
2 2712 2852
2 2555 2852
2 2368 2852
2 2553 2852
2 2286 2653
2 2286 2655
2 605 687
2 605 606
2 605 691
2 2653 2655
2 2653 2798
2 2799 2653
2 687 691
2 687 606
2 446 527
2 527 530
2 531 527
2 449 527
2 2950 2951
2 2950 2798
2 2950 2655
2 2950 2952
2 2950 3117
2 875 996
2 875 993
2 875 691
2 994 875
2 684 875
2 995 996
2 784 996
2 996 993
2 1088 996
2 3934 3843
2 3934 4029
2 3843 3937
2 3843 3674
2 1092 1197
2 3936 3937
2 3934 3936
2 1088 1197
2 1197 1407
2 3937 4029
2 4021 3931
2 4021 3940
2 3920 3836
2 3920 3833
2 3918 3833
2 3918 3836
2 2083 2085
2 2087 2083
2 2088 2083
2 2086 2083
2 2083 2300
2 2327 2108
2 1940 8915
2 1791 1940
2 1792 1940
2 1793 1940
2 1794 1940
2 2537 2128
2 2537 2338
2 2821 2537
2 2824 2537
2 2119 1961
2 2332 1961
2 2120 1961
2 2995 2829
2 2995 3149
2 2823 2995
2 1558 1562
2 1564 1558
2 1959 1566
2 1964 1959
2 2120 1959
2 2119 1959
2 3149 3147
2 3149 2827
2 2830 3149
2 3643 3729
2 1696 1562
2 1565 1696
2 3147 2827
2 3147 2826
2 1901 2058
2 1910 1901
2 2061 1901
2 3312 3301
2 3312 2993
2 3635 3637
2 3635 3641
2 3319 3323
2 3319 8916
2 269 267
2 222 269
2 225 269
2 3328 3323
2 3328 3325
2 3326 3328
2 3327 3328
2 1573 1441
2 1439 1573
2 1573 1327
2 1132 1573
2 1573 1226
2 3579 3578
2 3782 3783
2 3782 3591
2 3592 3782
2 822 740
2 822 735
2 822 739
2 8917 3790
2 8917 3873
2 3612 8917
2 8917 3608
2 3705 8917
2 3641 3637
2 3640 3641
2 740 739
2 740 735
2 3790 3459
2 8918 3790
2 3460 2864
2 3481 3025
2 3481 3457
2 228 231
2 229 228
2 228 272
2 344 483
2 2392 2391
2 2392 2187
2 2392 2390
2 2392 1836
2 1841 2392
2 2191 2392
2 560 564
2 396 560
2 346 560
2 558 560
2 560 562
2 1044 1147
2 1044 1141
2 1140 1044
2 1145 1044
2 1836 1834
2 1836 1994
2 1836 1832
2 1152 1248
2 1144 1248
2 1148 1248
2 1834 1714
2 1714 1832
2 1593 1714
2 1591 1714
2 4543 4538
2 4543 4540
2 4542 4543
2 4234 4547
2 4379 4233
2 4379 4228
2 4233 4246
2 4233 4227
2 4233 4228
2 4246 4230
2 5673 5517
2 5673 5671
2 5673 5514
2 5518 5673
2 8706 8841
2 4195 8706
2 2616 8706
2 331 8707
2 332 8707
2 268 8707
2 264 267
2 263 267
2 4636 8841
2 137 136
2 550 637
2 113 220
2 145 220
2 2452 2450
2 3620 3630
2 3386 3392
2 2046 2048
2 2239 2046
2 2240 2046
2 2050 2624
2 2050 2628
2 2626 2050
2 2627 2050
2 2629 2050
2 2246 2048
2 2912 2913
2 2624 2628
2 2624 2457
2 8913 2907
2 8913 3065
2 2906 8913
2 3078 8913
2 2916 8913
2 7370 4931
2 7199 4936
2 4827 7199
2 4825 7199
2 7369 4931
2 7060 4077
2 7060 4073
2 7054 7060
2 7058 7060
2 7062 7060
2 7642 7651
2 7642 7647
2 7642 7792
2 7195 4838
2 7639 7647
2 7647 7651
2 7645 7649
2 7791 7645
2 7637 7645
2 7638 7645
2 7495 4839
2 7495 4838
2 4849 5770
2 4849 4846
2 4849 4845
2 5770 4846
2 5770 4845
2 5627 5767
2 5767 5629
2 5463 5465
2 5463 5622
2 5463 5624
2 5465 5763
2 5458 5455
2 5459 5455
2 5105 5095
2 5105 5100
2 5105 5102
2 2085 2296
2 2085 2297
2 2085 2300
2 2085 2292
2 2300 2297
2 2300 2296
2 2300 2292
2 2109 2108
2 2109 2510
2 2109 2106
2 2109 2508
2 2108 2106
2 2108 2510
2 2108 2320
2 2106 1686
2 8915 1684
2 8915 1680
2 2829 2338
2 2830 2829
2 2831 2829
2 2678 2829
2 1806 1803
2 1961 1806
2 1971 1806
2 2128 1973
2 2827 2826
2 3142 2827
2 2827 23
2 8919 1963
2 1440 8919
2 1962 8919
2 1805 8919
2 1804 1803
2 1804 1569
2 3301 2991
2 3301 2992
2 3302 3301
2 38 3301
2 1562 8920
2 1563 1562
2 1564 1562
2 1560 1562
2 1442 1566
2 1566 1327
2 3317 3303
2 3143 3317
2 5618 5763
2 5463 5763
2 3323 3325
2 3323 3441
2 3145 3323
2 4970 4971
2 4970 4869
2 4726 4970
2 4972 4970
2 5765 5929
2 1441 1327
2 1441 1226
2 5929 6051
2 5929 6053
2 5929 6172
2 3576 3683
2 3578 3683
2 3591 3584
2 3591 3461
2 2439 3591
2 931 1037
2 822 931
2 1131 931
2 931 1022
2 930 931
2 741 931
2 3783 3860
2 8921 2454
2 8921 2453
2 8921 2451
2 8921 3871
2 8921 2450
2 3702 8921
2 8921 3701
2 3787 8921
2 735 734
2 3457 3027
2 3457 3182
2 3457 3025
2 3203 3457
2 3873 3608
2 3873 3346
2 3345 3873
2 3873 3344
2 5765 6051
2 6051 6170
2 3027 3025
2 3027 2864
2 4326 4610
2 4326 4328
2 3025 2864
2 3025 8922
2 226 157
2 2864 8922
2 2864 3026
2 231 272
2 483 479
2 483 475
2 486 483
2 8922 3026
2 8922 8923
2 3481 8922
2 564 562
2 564 557
2 564 65
2 2391 2187
2 2391 2390
2 2171 2391
2 1147 1138
2 1147 1143
2 2187 2390
2 2187 2186
2 2187 2170
2 1141 1138
2 2390 2170
2 2390 1994
2 2390 2186
2 1586 1589
2 1591 1586
2 1994 1832
2 4540 4538
2 4540 4375
2 4540 4663
2 4538 4375
2 4541 4538
2 4228 4227
2 4380 4228
2 4538 4228
2 4227 4230
2 4234 4227
2 4246 4227
2 4233 4230
2 4234 4230
2 4230 4224
2 5671 5517
2 5671 5668
2 5517 5514
2 5517 5511
2 5669 5517
2 5514 5515
2 5514 5511
2 5514 5512
2 5515 5512
2 5515 5511
2 5517 5515
2 5518 5515
2 5515 5508
2 187 3453
2 183 3453
2 188 3453
2 190 3453
2 3852 3954
2 3853 3954
2 1698 1975
2 6287 8924
2 8924 6427
2 6285 8924
2 6432 8924
2 8924 6294
2 6172 6053
2 4610 4500
2 4610 4324
2 4162 4161
2 4162 4164
2 4162 4159
2 4162 4037
2 4165 4162
2 6423 6560
2 6423 6429
2 4161 4159
2 4161 4164
2 6426 6427
2 6426 6280
2 4859 8906
2 4721 8906
2 4612 8906
2 6280 6415
2 8925 8807
2 8925 8705
2 8904 8925
2 8925 5933
2 6414 8925
2 5907 5905
2 6153 6151
2 6153 6152
2 6155 6153
2 6156 6153
2 6158 6153
2 6150 6154
2 6154 6035
2 6154 6036
2 6154 6151
2 6154 6152
2 6153 6154
2 6155 6154
2 6044 6036
2 6149 6036
2 5914 6036
2 6034 6036
2 4600 4720
2 5440 5443
2 1662 1760
2 8710 3306
2 3310 8710
2 2072 2287
2 5324 5224
2 5081 5324
2 5225 5324
2 5079 5324
2 5078 5324
2 2073 2287
2 2073 2489
2 606 607
2 606 609
2 603 530
2 530 691
2 2655 2798
2 2655 2952
2 2655 2951
2 691 993
2 691 609
2 604 691
2 2296 2297
2 2296 2293
2 2296 2292
2 2296 2299
2 2297 2292
2 2297 2293
2 2510 2508
2 2107 2510
2 2510 2100
2 2674 2100
2 2674 2098
2 2110 2674
2 2108 2674
2 2100 2097
2 2100 2320
2 2109 2100
2 2321 2100
2 2320 1686
2 2320 1682
2 2110 2320
2 2109 2320
2 1686 1682
2 1686 1684
2 2107 1686
2 1686 1681
2 1684 1680
2 1684 1935
2 2320 1684
2 2826 23
2 2826 2992
2 2993 2991
2 2993 2992
2 2993 37
2 1973 1803
2 2337 1973
2 1804 1973
2 8916 3447
2 8916 3325
2 8916 3441
2 1963 1327
2 1326 1963
2 1963 1224
2 1439 1963
2 1441 1963
2 1803 1569
2 3325 3441
2 3325 3439
2 8920 1327
2 1326 8920
2 8920 1224
2 8920 1226
2 1439 8920
2 1121 8920
2 2798 2951
2 2798 2952
2 2798 3117
2 1327 1226
2 1327 1119
2 1132 1327
2 3566 3564
2 3566 3570
2 3571 3566
2 3558 3566
2 3566 3572
2 690 993
2 687 993
2 692 993
2 1226 1122
2 1226 1119
2 3574 3572
2 3574 3683
2 2951 3117
2 2951 2952
2 2951 3279
2 1122 1022
2 1122 1119
2 3683 3684
2 3581 3683
2 3683 3771
2 1022 1037
2 1022 1119
2 1226 1022
2 1122 1037
2 920 1037
2 1132 1037
2 3584 3461
2 3584 3691
2 3584 2436
2 2454 2453
2 2454 2451
2 2454 2450
2 3871 139
2 3871 3701
2 3609 3871
2 3027 3182
2 2435 3182
2 3461 3182
2 3459 3182
2 734 732
2 734 641
2 740 734
2 3608 3346
2 3608 3344
2 3470 3608
2 3608 3343
2 3608 3607
2 119 153
2 121 119
2 119 154
2 152 119
2 3279 3117
2 3279 3668
2 3279 2952
2 2798 3279
2 272 338
2 333 272
2 479 475
2 557 96
2 557 93
2 557 562
2 8926 3026
2 562 65
2 562 96
2 562 60
2 3026 8923
2 3026 8927
2 3026 2188
2 1138 1143
2 1138 5
2 8923 2186
2 8926 8923
2 2186 2170
2 2186 8927
2 1593 1589
2 1588 1589
2 2170 2188
2 4536 4748
2 4536 4376
2 4540 4536
2 4378 4663
2 4375 4374
2 4375 4537
2 4375 4376
2 5802 5799
2 5802 5668
2 5802 5664
2 5802 5955
2 5668 5664
2 5668 5666
2 5668 5507
2 5666 5507
2 5666 5505
2 5666 5511
2 5665 5666
2 5511 5512
2 5511 5508
2 5511 5505
2 5512 5508
2 5516 5512
2 5512 5505
2 8701 1935
2 1221 8701
2 8701 1685
2 1687 8701
2 1676 8701
2 8701 1681
2 1784 8701
2 1928 2080
2 2310 1928
2 2311 1928
2 2662 2666
2 2666 2431
2 2313 2666
2 2503 2666
2 8705 5933
2 8705 5620
2 3668 3757
2 3668 3670
2 3280 3668
2 3671 3668
2 3425 3668
2 3757 3672
2 3757 3674
2 3673 3757
2 3674 4029
2 3931 3940
2 3845 3931
2 1092 1407
2 1091 1407
2 1302 1407
2 3836 3926
2 3836 3833
2 3640 3648
2 3647 3648
2 2254 2058
2 1911 2058
2 3643 3637
2 3632 3630
2 3641 3630
2 3510 3630
2 4331 4037
2 4495 4331
2 4613 4324
2 4610 4613
2 4613 4323
2 3238 3392
2 4659 4662
2 4649 4659
2 4529 4659
2 5933 8807
2 5933 5620
2 2746 2907
2 2756 2746
2 3234 2746
2 6280 6431
2 2907 3065
2 2759 3065
2 2746 3065
2 2915 2457
2 2903 2628
2 2742 2628
2 2293 2299
2 2085 2293
2 2292 2299
2 2508 2432
2 2110 2508
2 2108 2508
2 2107 2508
2 2667 2096
2 2098 2097
2 2098 2431
2 2098 2673
2 2098 1934
2 2097 1934
2 1682 1680
2 1682 1681
2 1682 1685
2 1680 1681
2 1680 1935
2 1680 1685
2 1687 1680
2 2992 37
2 2679 18
2 2677 2679
2 3147 2679
2 2991 37
2 2993 3303
2 3143 3303
2 23 18
2 3441 3144
2 3441 3439
2 3144 3439
2 3438 3144
2 3564 3570
2 3564 3440
2 3568 3564
2 1224 1119
2 1224 1021
2 1439 1224
2 920 1224
2 3572 28
2 24 3572
2 1119 1021
2 3684 3771
2 3688 3684
2 3574 3684
2 3573 3684
2 3578 3684
2 3691 184
2 182 3691
2 200 3691
2 183 3691
2 6294 6427
2 3854 3860
2 3857 3860
2 3860 3863
2 3863 3856
2 3857 3863
2 3853 3863
2 3854 3863
2 2451 2450
2 2451 2453
2 2453 2450
2 139 136
2 3702 139
2 8928 1742
2 1741 8928
2 732 641
2 553 732
2 735 732
2 478 732
2 732 475
2 3345 3701
2 3701 3344
2 3607 3344
2 3607 3346
2 3024 3607
2 3607 3343
2 153 99
2 102 153
2 100 153
2 3346 3344
2 3346 3343
2 3346 2866
2 233 223
2 222 233
2 338 335
2 338 334
2 336 338
2 478 475
2 481 475
2 3025 8929
2 2864 8929
2 2863 8929
2 3027 8929
2 2862 8929
2 96 93
2 4752 4749
2 4750 4752
2 563 65
2 5 2
2 4533 4662
2 1143 3
2 1143 2
2 8922 8927
2 2575 2721
2 4748 4662
2 4748 4749
2 4535 4749
2 4535 4376
2 4376 4374
2 4374 4537
2 4374 7065
2 4374 4225
2 4537 4225
2 4537 7065
2 4376 4537
2 4537 4223
2 4225 4223
2 4225 7065
2 4225 4219
2 4223 4219
2 4223 4224
2 4220 4223
2 4373 4223
2 4229 4224
2 4227 4224
2 5955 5799
2 5662 5955
2 5955 5663
2 5799 5664
2 5799 5663
2 5799 5798
2 5664 5660
2 5664 5507
2 5664 5663
2 5507 5501
2 5507 5505
2 5507 5660
2 5505 5503
2 5505 5508
2 5505 5501
2 5508 5503
2 5507 5508
2 4037 4164
2 4046 8798
2 4330 8798
2 4045 8798
2 4035 8798
2 8930 5620
2 8930 5930
2 6285 6429
2 4035 4171
2 4037 4171
2 4166 4171
2 5620 5930
2 5620 5931
2 6170 6053
2 4826 4936
2 7060 4936
2 4830 4936
2 4072 4077
2 4072 4073
2 7792 7651
2 7369 7792
2 7646 7649
2 7647 7649
2 7648 7649
2 4837 7649
2 7195 4839
2 4846 4845
2 5624 5622
2 5624 5629
2 5624 5625
2 5628 5624
2 5622 5625
2 5622 5626
2 5465 5622
2 5239 5102
2 5105 5239
2 5095 5100
2 5095 5102
2 4971 4869
2 4730 4971
2 4722 4627
2 4632 4722
2 4626 4722
2 4608 4722
2 4514 4504
2 6053 6171
2 5765 6053
2 6173 6053
2 4323 4324
2 4323 4328
2 4324 4328
2 4167 4164
2 6285 6560
2 4323 4500
2 4322 4500
2 6280 6427
2 2297 2299
2 2088 2299
2 2510 2432
2 2321 2432
2 2431 2096
2 2431 2673
2 2667 2673
2 2096 1934
2 2099 1934
2 1934 1685
2 2313 1934
2 1685 1681
2 1685 1935
2 2989 3447
2 3317 3447
2 3439 3440
2 2826 18
2 21 18
2 3309 3570
2 24 3570
2 3574 28
2 1326 1021
2 1226 1021
2 1122 1021
2 3577 3771
2 3444 3771
2 3561 3771
2 3761 3771
2 1119 1225
2 1121 1225
2 5930 5931
2 6054 5930
2 6166 5930
2 329 547
2 184 2436
2 3691 2436
2 148 261
2 221 261
2 149 261
2 136 1742
2 334 335
2 89 83
2 481 641
2 3870 1742
2 264 223
2 266 223
2 3344 3343
2 3344 2866
2 473 555
2 3343 2866
2 62 60
2 2866 2722
2 3345 2866
2 3024 2722
2 3343 2722
2 3201 2722
2 2577 2722
2 3202 2722
2 4530 4662
2 4660 4662
2 2170 1995
2 2171 1995
2 1994 1995
2 2390 1995
2 2577 2721
2 4377 7065
2 5798 5663
2 5663 5660
2 5660 5501
2 5501 5503
2 5507 5503
2 5504 5503
2 5931 5102
2 4867 4869
2 5102 5100
2 6276 6415
2 6294 6415
2 5625 5626
2 6157 6151
2 6159 6151
2 6034 6035
2 5914 6035
2 6149 6035
2 3794 8789
2 4598 4720
2 4487 4720
2 5626 5629
2 5330 5443
2 1198 1308
2 1206 1308
2 4961 5224
2 5079 5224
2 4956 5224
2 1769 2075
2 2075 2287
2 1917 2075
2 607 609
2 690 607
2 2287 2489
2 1913 2287
2 1769 2287
2 605 609
2 5625 5629
2 2655 2489
2 2654 2489
2 2653 2489
2 2075 2489
2 2952 3117
2 3674 3670
2 3932 8901
2 3940 3926
2 3835 3940
2 3676 3940
2 3920 3926
2 8 76
2 16 1444
2 16 1572
2 16 1698
2 16 1807
2 16 1808
2 24 3445
2 24 3438
2 24 3573
2 24 3560
2 24 3561
2 24 3770
2 24 3310
2 24 3562
2 24 3576
2 24 3566
2 24 3564
2 24 3771
2 22 3317
2 41 1
2 41 5
2 14 69
2 14 49
2 14 75
2 14 70
2 13 76
2 11 106
2 11 133
2 11 77
2 50 1239
2 50 5
2 58 94
2 58 91
2 66 731
2 69 122
2 69 123
2 76 34
2 15 106
2 15 133
2 15 177
2 15 77
2 79 107
2 80 85
2 88 101
2 88 145
2 90 477
2 90 727
2 90 64
2 87 116
2 87 117
2 73 122
2 73 123
2 73 127
2 49 46
2 107 82
2 107 86
2 107 220
2 84 82
2 111 100
2 100 117
2 100 141
2 100 146
2 100 82
2 98 118
2 98 145
2 98 221
2 98 115
2 98 83
2 116 83
2 117 146
2 117 147
2 117 154
2 122 160
2 122 162
2 125 124
2 125 168
2 125 130
2 129 174
2 129 245
2 134 3872
2 134 3871
2 112 113
2 112 220
2 141 146
2 141 209
2 141 102
2 141 114
2 85 220
2 85 83
2 101 83
2 146 155
2 146 210
2 146 211
2 146 262
2 146 153
2 118 221
2 118 328
2 118 115
2 118 261
2 120 261
2 155 227
2 155 262
2 155 222
2 124 173
2 124 238
2 166 286
2 166 123
2 166 240
2 167 286
2 167 288
2 167 242
2 167 123
2 167 240
2 168 123
2 172 242
2 174 293
2 174 8861
2 174 242
2 176 75
2 176 72
2 176 128
2 133 363
2 182 3852
2 182 2436
2 186 3592
2 186 3768
2 186 3851
2 186 3852
2 186 3762
2 186 3761
2 186 3691
2 186 3856
2 140 251
2 144 215
2 144 218
2 144 258
2 209 255
2 209 108
2 210 147
2 211 147
2 211 148
2 211 151
2 110 114
2 145 83
2 149 158
2 149 262
2 149 263
2 149 222
2 149 269
2 158 227
2 158 262
2 158 263
2 158 147
2 158 233
2 158 261
2 156 229
2 156 119
2 156 233
2 156 261
2 159 233
2 227 274
2 227 272
2 234 279
2 234 351
2 163 285
2 163 240
2 171 288
2 171 289
2 171 292
2 179 363
2 192 300
2 195 299
2 195 301
2 251 314
2 251 310
2 205 252
2 205 316
2 217 252
2 217 388
2 217 325
2 216 258
2 214 151
2 213 219
2 213 151
2 219 114
2 221 329
2 221 151
2 221 119
2 150 269
2 150 154
2 262 270
2 262 333
2 262 392
2 262 393
2 262 332
2 262 147
2 263 270
2 263 549
2 225 271
2 225 333
2 225 393
2 225 332
2 224 271
2 226 549
2 226 335
2 229 275
2 229 335
2 274 275
2 274 340
2 279 285
2 279 349
2 279 408
2 279 412
2 279 415
2 279 416
2 279 162
2 279 165
2 236 285
2 236 416
2 236 165
2 285 280
2 285 352
2 285 416
2 285 417
2 285 418
2 285 422
2 285 164
2 285 586
2 285 584
2 285 428
2 285 162
2 285 238
2 285 165
2 285 235
2 285 237
2 285 351
2 286 352
2 286 417
2 286 418
2 286 422
2 286 426
2 286 429
2 286 584
2 286 428
2 288 352
2 288 429
2 288 242
2 288 432
2 293 243
2 293 357
2 293 360
2 293 590
2 243 245
2 243 363
2 243 436
2 193 438
2 198 301
2 198 300
2 297 301
2 250 298
2 250 592
2 250 199
2 299 307
2 299 309
2 299 373
2 299 592
2 301 300
2 301 368
2 301 374
2 301 441
2 301 249
2 254 380
2 254 206
2 254 203
2 252 316
2 252 317
2 252 311
2 252 382
2 252 453
2 313 455
2 313 380
2 316 255
2 316 323
2 316 455
2 316 384
2 316 388
2 316 206
2 317 388
2 317 325
2 255 320
2 256 269
2 256 267
2 215 260
2 215 143
2 259 260
2 259 261
2 328 119
2 265 393
2 266 549
2 270 392
2 270 549
2 270 334
2 270 335
2 271 275
2 271 549
2 333 393
2 333 466
2 333 395
2 333 474
2 333 222
2 275 278
2 275 474
2 275 476
2 275 482
2 275 228
2 275 233
2 277 339
2 277 476
2 277 482
2 277 484
2 277 483
2 277 272
2 278 482
2 278 484
2 278 272
2 340 283
2 340 397
2 340 482
2 340 484
2 340 485
2 340 281
2 340 350
2 283 343
2 283 397
2 283 408
2 282 408
2 282 412
2 282 411
2 282 569
2 280 412
2 280 415
2 280 411
2 280 649
2 280 651
2 280 650
2 280 569
2 352 417
2 352 418
2 352 422
2 352 426
2 352 429
2 352 504
2 352 242
2 352 291
2 352 287
2 352 505
2 352 8931
2 357 504
2 357 242
2 295 363
2 295 436
2 295 590
2 295 514
2 295 294
2 296 437
2 365 369
2 365 440
2 365 859
2 300 441
2 300 440
2 300 443
2 368 308
2 304 370
2 304 439
2 304 592
2 302 370
2 302 439
2 302 592
2 303 439
2 303 592
2 374 449
2 374 600
2 374 524
2 374 447
2 382 381
2 382 384
2 382 454
2 382 386
2 382 319
2 320 387
2 320 542
2 321 385
2 323 542
2 322 631
2 322 269
2 322 267
2 218 260
2 218 143
2 260 326
2 260 327
2 393 466
2 336 465
2 336 554
2 336 8707
2 337 554
2 339 474
2 339 553
2 339 733
2 339 478
2 339 554
2 339 276
2 339 732
2 339 641
2 339 555
2 341 484
2 341 485
2 341 488
2 341 648
2 341 646
2 341 350
2 341 566
2 341 647
2 341 645
2 341 344
2 341 483
2 342 350
2 343 487
2 343 346
2 343 350
2 397 349
2 397 408
2 397 485
2 397 487
2 397 346
2 397 489
2 397 559
2 397 570
2 397 407
2 397 571
2 397 491
2 348 349
2 348 345
2 347 495
2 349 401
2 349 570
2 349 571
2 349 400
2 408 420
2 408 570
2 408 573
2 408 281
2 408 572
2 408 571
2 412 420
2 412 570
2 412 573
2 412 351
2 412 281
2 412 498
2 412 572
2 412 571
2 415 420
2 415 649
2 415 651
2 415 650
2 415 351
2 416 661
2 416 8931
2 416 651
2 416 351
2 417 420
2 417 586
2 417 584
2 417 8931
2 418 420
2 418 584
2 418 8931
2 422 429
2 422 287
2 426 287
2 355 361
2 355 503
2 430 504
2 430 503
2 430 8931
2 364 247
2 363 759
2 363 180
2 369 443
2 441 378
2 371 373
2 371 592
2 371 372
2 373 521
2 377 528
2 381 455
2 381 612
2 453 455
2 453 386
2 453 253
2 455 542
2 455 612
2 455 613
2 455 616
2 455 620
2 455 625
2 455 626
2 455 709
2 455 796
2 455 614
2 455 380
2 455 454
2 455 623
2 455 618
2 455 795
2 384 632
2 384 312
2 384 461
2 383 542
2 385 456
2 385 542
2 385 459
2 387 542
2 324 461
2 324 269
2 324 267
2 326 143
2 326 220
2 329 389
2 329 390
2 329 220
2 394 636
2 394 332
2 394 554
2 466 474
2 466 639
2 466 473
2 395 474
2 395 335
2 395 555
2 474 486
2 474 556
2 474 639
2 474 97
2 474 94
2 474 473
2 474 272
2 476 486
2 482 556
2 482 559
2 482 491
2 484 556
2 485 556
2 485 559
2 485 491
2 485 560
2 485 557
2 487 559
2 487 491
2 487 560
2 399 494
2 492 490
2 401 561
2 401 570
2 401 404
2 401 406
2 409 570
2 413 570
2 411 495
2 411 572
2 420 653
2 420 8931
2 420 414
2 420 571
2 424 8931
2 425 579
2 425 580
2 501 431
2 501 580
2 501 356
2 501 496
2 429 287
2 429 423
2 431 511
2 504 360
2 504 511
2 504 664
2 360 509
2 360 591
2 360 506
2 436 759
2 436 513
2 443 523
2 443 600
2 443 596
2 443 602
2 443 522
2 443 378
2 516 523
2 516 600
2 444 523
2 444 519
2 521 372
2 445 446
2 445 597
2 449 528
2 448 525
2 533 531
2 533 532
2 533 612
2 533 615
2 451 612
2 451 878
2 451 880
2 451 614
2 451 879
2 451 877
2 451 617
2 456 625
2 456 626
2 456 624
2 456 628
2 542 616
2 542 625
2 542 540
2 542 712
2 542 623
2 459 631
2 388 267
2 464 334
2 464 335
2 549 264
2 549 222
2 549 223
2 470 639
2 472 639
2 472 97
2 481 97
2 481 728
2 477 639
2 477 97
2 477 94
2 477 91
2 477 643
2 477 732
2 480 734
2 480 732
2 486 94
2 486 91
2 486 734
2 556 559
2 556 639
2 556 94
2 556 91
2 556 59
2 556 560
2 556 483
2 556 564
2 556 479
2 556 65
2 559 65
2 561 646
2 561 494
2 561 400
2 561 645
2 490 494
2 405 570
2 405 350
2 495 350
2 495 572
2 570 568
2 570 652
2 570 567
2 570 404
2 570 406
2 570 494
2 570 400
2 570 491
2 574 652
2 575 652
2 575 659
2 499 576
2 499 654
2 499 656
2 499 659
2 499 577
2 579 654
2 579 657
2 579 758
2 579 656
2 580 758
2 502 287
2 583 588
2 507 665
2 511 509
2 517 523
2 517 599
2 517 8866
2 518 519
2 518 675
2 523 596
2 523 602
2 523 378
2 600 680
2 524 680
2 524 772
2 524 776
2 524 774
2 524 688
2 529 686
2 529 876
2 529 688
2 529 683
2 529 875
2 529 996
2 531 535
2 531 452
2 532 536
2 532 535
2 532 778
2 532 692
2 532 452
2 532 534
2 536 608
2 536 692
2 536 605
2 536 609
2 535 692
2 535 697
2 535 700
2 535 877
2 535 701
2 535 694
2 535 530
2 612 702
2 612 880
2 612 454
2 612 623
2 612 452
2 612 534
2 613 702
2 616 702
2 620 626
2 620 709
2 620 708
2 538 707
2 538 623
2 629 712
2 631 804
2 631 460
2 631 544
2 462 463
2 462 548
2 462 547
2 469 8707
2 639 64
2 639 818
2 639 473
2 97 643
2 97 817
2 97 641
2 94 643
2 94 64
2 94 817
2 94 1027
2 94 59
2 94 65
2 91 727
2 91 643
2 91 64
2 91 1027
2 91 65
2 92 64
2 92 65
2 92 60
2 563 61
2 563 60
2 558 60
2 565 61
2 565 646
2 488 560
2 568 652
2 568 942
2 568 941
2 568 572
2 649 421
2 649 414
2 649 500
2 649 572
2 653 665
2 653 748
2 653 496
2 653 571
2 654 748
2 654 497
2 657 753
2 657 830
2 657 669
2 585 745
2 585 747
2 585 1064
2 585 757
2 585 672
2 585 758
2 585 756
2 585 419
2 585 578
2 660 669
2 665 658
2 665 749
2 665 505
2 665 496
2 664 667
2 664 750
2 664 506
2 664 505
2 664 751
2 664 581
2 509 590
2 509 671
2 509 754
2 509 755
2 509 833
2 509 591
2 590 671
2 590 759
2 590 760
2 590 8863
2 590 294
2 590 506
2 519 8866
2 592 763
2 592 199
2 592 305
2 596 680
2 596 765
2 596 520
2 602 681
2 602 767
2 602 769
2 602 772
2 602 776
2 601 867
2 601 769
2 601 772
2 601 774
2 601 981
2 682 776
2 608 778
2 608 696
2 611 778
2 611 780
2 611 696
2 693 780
2 693 786
2 619 702
2 619 788
2 619 878
2 619 880
2 702 792
2 702 716
2 702 880
2 702 883
2 702 884
2 702 621
2 702 615
2 622 880
2 703 709
2 703 795
2 707 792
2 707 796
2 707 708
2 707 795
2 707 541
2 627 712
2 627 715
2 627 544
2 712 630
2 712 801
2 712 802
2 712 537
2 630 715
2 632 804
2 632 902
2 632 386
2 546 548
2 546 547
2 548 633
2 548 390
2 636 8707
2 642 818
2 642 1023
2 728 643
2 728 641
2 727 1027
2 727 93
2 640 818
2 640 1027
2 640 93
2 643 817
2 643 724
2 643 1037
2 643 93
2 64 818
2 64 65
2 64 93
2 733 724
2 733 483
2 733 338
2 733 475
2 733 335
2 61 557
2 61 93
2 648 344
2 648 483
2 648 734
2 648 479
2 648 557
2 648 475
2 646 741
2 646 930
2 646 1038
2 646 1039
2 646 494
2 646 560
2 646 564
2 646 557
2 652 941
2 652 500
2 652 572
2 662 578
2 662 500
2 658 932
2 658 940
2 658 752
2 658 935
2 658 933
2 748 932
2 748 934
2 748 940
2 748 945
2 748 935
2 748 944
2 667 948
2 753 758
2 753 756
2 671 833
2 671 674
2 759 837
2 595 857
2 680 677
2 680 865
2 680 979
2 680 776
2 678 772
2 678 776
2 775 867
2 775 982
2 775 983
2 775 981
2 689 982
2 689 983
2 686 783
2 686 876
2 686 983
2 686 875
2 778 868
2 778 869
2 778 870
2 778 684
2 780 692
2 780 786
2 780 784
2 780 694
2 780 696
2 780 993
2 692 694
2 692 530
2 697 877
2 697 530
2 697 993
2 786 785
2 786 790
2 786 701
2 786 873
2 789 883
2 789 884
2 704 883
2 788 880
2 788 881
2 791 880
2 791 797
2 791 885
2 791 881
2 791 886
2 791 889
2 706 794
2 706 797
2 706 885
2 706 886
2 705 884
2 705 794
2 705 797
2 705 796
2 705 623
2 705 886
2 705 795
2 792 884
2 792 895
2 792 623
2 709 624
2 709 386
2 716 884
2 716 1000
2 716 895
2 710 717
2 710 898
2 710 1104
2 710 6122
2 710 1095
2 710 899
2 714 895
2 713 895
2 717 898
2 717 541
2 717 628
2 717 899
2 805 2984
2 633 634
2 633 722
2 634 718
2 817 917
2 818 922
2 818 59
2 731 820
2 68 922
2 63 1030
2 737 483
2 737 475
2 738 1038
2 744 650
2 745 578
2 745 500
2 747 743
2 749 947
2 749 944
2 750 754
2 750 1062
2 754 755
2 754 756
2 754 506
2 755 833
2 755 1066
2 755 834
2 755 674
2 833 1068
2 761 954
2 761 1273
2 761 1274
2 761 1276
2 761 951
2 840 3061
2 840 4761
2 840 4764
2 840 7206
2 840 4766
2 840 7372
2 840 7501
2 850 844
2 850 3061
2 850 911
2 765 677
2 765 979
2 765 8866
2 765 863
2 677 1077
2 677 597
2 677 857
2 864 868
2 864 975
2 864 973
2 864 978
2 864 776
2 868 865
2 868 985
2 868 982
2 868 986
2 868 976
2 868 989
2 868 770
2 868 991
2 868 772
2 868 776
2 868 994
2 869 985
2 869 982
2 869 983
2 869 991
2 869 994
2 783 876
2 783 994
2 783 875
2 783 996
2 781 876
2 781 874
2 781 994
2 781 875
2 781 996
2 784 779
2 784 873
2 784 530
2 785 1203
2 785 881
2 785 999
2 785 787
2 785 694
2 878 452
2 878 787
2 790 887
2 880 797
2 880 614
2 880 621
2 880 452
2 880 617
2 880 787
2 884 1000
2 884 1002
2 884 1097
2 794 896
2 794 1107
2 797 614
2 797 618
2 797 893
2 793 895
2 793 896
2 793 1107
2 796 902
2 796 1104
2 796 386
2 796 628
2 796 1095
2 796 803
2 799 1000
2 799 1212
2 801 1000
2 802 1001
2 802 1003
2 715 804
2 804 900
2 804 460
2 804 899
2 804 461
2 718 722
2 908 7372
2 722 720
2 722 725
2 726 723
2 726 816
2 726 1027
2 726 465
2 723 1036
2 723 725
2 723 1037
2 922 1030
2 922 1033
2 922 1128
2 922 59
2 922 730
2 820 927
2 820 1030
2 820 1025
2 820 1029
2 820 1127
2 820 59
2 820 730
2 820 1024
2 741 557
2 932 1043
2 934 1047
2 934 1056
2 940 1056
2 947 1047
2 947 1055
2 947 944
2 947 1043
2 826 1049
2 826 8868
2 826 1067
2 826 757
2 949 1062
2 954 1066
2 954 762
2 954 760
2 954 8867
2 954 8868
2 954 832
2 954 673
2 954 757
2 954 661
2 954 586
2 957 4091
2 957 4844
2 957 4848
2 957 967
2 957 4847
2 960 1017
2 960 1020
2 960 1016
2 960 3137
2 960 1018
2 960 5806
2 960 3141
2 960 1070
2 960 1072
2 960 3220
2 865 980
2 865 1083
2 975 985
2 975 990
2 975 988
2 975 989
2 975 770
2 975 991
2 866 1078
2 866 976
2 866 1080
2 866 1304
2 866 974
2 866 1079
2 867 1304
2 867 1079
2 985 980
2 985 1086
2 985 1195
2 876 777
2 876 683
2 876 530
2 874 1306
2 874 694
2 874 1092
2 874 530
2 882 1093
2 887 1198
2 887 1098
2 887 1096
2 887 1097
2 887 1205
2 888 1002
2 888 1004
2 888 1096
2 888 1097
2 1000 1099
2 1000 1097
2 898 803
2 902 1104
2 902 628
2 902 899
2 720 8700
2 1012 962
2 1012 3139
2 1012 4844
2 1012 4848
2 1012 3986
2 1012 967
2 1012 5639
2 1012 968
2 1012 5631
2 918 916
2 918 921
2 918 1028
2 918 1225
2 816 1036
2 816 1120
2 816 1131
2 816 725
2 816 917
2 816 1226
2 816 1122
2 816 1022
2 816 1037
2 1027 725
2 1027 917
2 924 1128
2 924 1024
2 929 1134
2 1030 51
2 1030 1230
2 1033 1128
2 1033 52
2 1033 55
2 1033 1230
2 1033 1238
2 1033 1239
2 1033 57
2 1040 1136
2 1040 1140
2 1040 1142
2 1040 1148
2 938 1265
2 939 1162
2 939 1457
2 939 1265
2 939 1160
2 939 950
2 939 1263
2 939 1150
2 942 943
2 942 650
2 1047 1149
2 1047 1252
2 1047 1253
2 1047 1043
2 1053 1253
2 952 1267
2 952 1271
2 952 838
2 952 1167
2 1066 1068
2 1066 1463
2 1066 674
2 1066 757
2 1066 8873
2 837 1354
2 837 1276
2 1069 5638
2 1069 5637
2 1069 3986
2 1069 1185
2 1069 1172
2 1069 5639
2 1069 3987
2 1073 3223
2 1073 3980
2 1073 3224
2 1073 4518
2 858 859
2 858 593
2 978 1194
2 978 1195
2 980 1195
2 990 1195
2 982 976
2 982 1090
2 982 1193
2 982 1383
2 982 1082
2 982 777
2 986 1299
2 983 777
2 983 774
2 983 688
2 992 1306
2 992 984
2 998 1102
2 891 1109
2 1002 1207
2 1002 1316
2 892 1094
2 892 6122
2 892 1109
2 1004 1099
2 1004 1005
2 1003 1099
2 1003 1321
2 1003 1315
2 895 798
2 895 1212
2 895 800
2 895 6122
2 900 1104
2 900 1108
2 906 1101
2 906 1104
2 906 1111
2 906 1430
2 906 1537
2 906 1103
2 906 1209
2 906 1221
2 906 8701
2 1074 3369
2 1114 1216
2 1114 3229
2 916 725
2 1025 1126
2 1025 67
2 1125 1036
2 1125 1037
2 1128 1230
2 1128 1229
2 1036 1228
2 1036 1567
2 1036 1134
2 1032 1130
2 1032 1230
2 1032 1234
2 1032 1328
2 1032 1129
2 1035 1446
2 1035 1328
2 1035 1447
2 54 1238
2 54 1239
2 54 1328
2 51 1239
2 52 1044
2 55 1041
2 55 1044
2 55 1147
2 1136 1140
2 1136 1142
2 1140 1146
2 1140 1148
2 1140 1246
2 1140 1151
2 1140 1043
2 1140 1248
2 1140 3
2 1148 1252
2 1149 1252
2 1054 1252
2 1052 1057
2 1049 1271
2 1049 1349
2 1049 951
2 1049 825
2 1049 943
2 1153 1152
2 1153 1253
2 1058 1253
2 1058 1254
2 1063 1057
2 1063 935
2 1063 933
2 1062 1060
2 1062 948
2 1062 1057
2 1062 1055
2 1068 1463
2 1068 1354
2 1068 835
2 1068 8867
2 1168 1222
2 1168 1072
2 1168 1184
2 1168 1179
2 1168 1182
2 1168 3296
2 1168 3298
2 1168 3971
2 1178 3221
2 1178 5637
2 1178 1071
2 1178 3941
2 1178 1172
2 1178 3945
2 1178 5635
2 969 1189
2 1083 1300
2 976 861
2 976 1503
2 1086 1301
2 1086 1390
2 1086 1393
2 1086 1401
2 1086 1299
2 1198 1207
2 1098 1005
2 1096 1208
2 1096 1321
2 1096 1317
2 1096 1005
2 1096 1205
2 1099 1415
2 1099 1316
2 1101 1094
2 1101 1313
2 1101 1673
2 1106 1320
2 1106 1321
2 1106 1315
2 1104 899
2 1104 901
2 1104 1109
2 1104 803
2 1104 8688
2 1104 904
2 1007 1108
2 1010 1211
2 1010 1209
2 907 1111
2 907 8700
2 907 8701
2 1222 3941
2 1222 3296
2 1222 3942
2 1222 6295
2 1222 1172
2 1222 3971
2 921 1120
2 1028 1568
2 1028 1697
2 1028 725
2 1028 1569
2 1131 1567
2 1131 1445
2 1131 1134
2 1131 1573
2 1130 1129
2 1130 1034
2 1230 1240
2 1230 1241
2 1230 1333
2 1230 1337
2 1230 1034
2 1234 1447
2 1234 1034
2 1238 1333
2 1238 1447
2 1238 53
2 1238 1337
2 1238 1034
2 1238 56
2 1238 3
2 1239 1447
2 1239 53
2 57 53
2 57 3
2 4 5
2 7 1144
2 7 1338
2 1139 6
2 1145 6
2 1145 5
2 1144 1335
2 1144 1338
2 1144 6
2 1144 1044
2 1144 3
2 1246 1151
2 1152 1247
2 1152 1263
2 1152 1157
2 1252 1452
2 1252 1346
2 1252 1248
2 1051 1271
2 1051 1350
2 1051 1349
2 1253 1055
2 1253 1346
2 1158 1060
2 1158 1254
2 1158 1342
2 1158 1055
2 1060 1159
2 1060 1596
2 1060 1056
2 1060 1260
2 1060 1258
2 1060 1259
2 1159 1348
2 1159 1160
2 1159 1057
2 1267 1272
2 1267 956
2 1267 8867
2 1166 8867
2 1273 1470
2 1273 1732
2 1273 1869
2 1282 1436
2 1282 1492
2 1282 3378
2 1282 3366
2 1282 3772
2 1282 3947
2 1282 3949
2 1291 3359
2 1291 1217
2 1291 3944
2 1291 4173
2 970 1079
2 970 1189
2 970 1889
2 1080 1304
2 1080 1395
2 1080 1396
2 1194 1504
2 1196 1192
2 1087 1091
2 1087 1305
2 1307 1097
2 1307 1412
2 1199 1535
2 1199 1319
2 1203 877
2 1206 1318
2 1206 1319
2 1202 1318
2 1202 1319
2 1207 1415
2 1207 1097
2 1207 1200
2 1100 1212
2 1100 1005
2 1210 1674
2 1210 1313
2 1210 1673
2 1211 904
2 1211 1428
2 1211 1673
2 1011 1430
2 1011 8701
2 1283 3377
2 1283 1289
2 1283 3368
2 1283 1613
2 1283 3795
2 1283 3947
2 1121 1567
2 1127 1126
2 1236 1448
2 1236 1810
2 1235 1447
2 1237 1232
2 1237 1447
2 1240 1447
2 1240 42
2 1240 43
2 1241 1330
2 1241 1329
2 1241 42
2 1241 1337
2 1241 1231
2 1135 1445
2 1135 1985
2 1333 1330
2 1333 1329
2 1333 1577
2 1333 1231
2 1333 3
2 1335 3
2 1338 1247
2 1338 3
2 6 1247
2 6 43
2 1247 1150
2 1247 1147
2 1249 1339
2 1249 1588
2 1249 8900
2 1250 1588
2 1250 8900
2 1251 1452
2 1251 1585
2 1251 1588
2 1251 1346
2 1254 1055
2 1262 1596
2 1262 1259
2 1271 762
2 1271 953
2 1271 951
2 1271 8868
2 1269 1471
2 1269 1353
2 1269 1465
2 1272 1465
2 1272 956
2 1369 3436
2 1369 3882
2 1369 1496
2 1369 3877
2 1369 3878
2 1373 1829
2 1373 1836
2 1190 1187
2 1190 1395
2 1190 1297
2 1190 1384
2 1190 1637
2 1190 1396
2 1077 1304
2 1077 1395
2 1077 1394
2 1077 1888
2 1077 1079
2 1077 1303
2 1193 1304
2 1193 1395
2 1193 861
2 1193 981
2 1193 1396
2 1193 1089
2 1300 1392
2 1300 1504
2 1301 1400
2 1301 1506
2 1301 1639
2 1301 1638
2 1304 1383
2 1304 1079
2 1304 981
2 1390 1639
2 1390 1195
2 1390 1402
2 1390 987
2 1393 1400
2 1393 1195
2 1401 1400
2 1401 1641
2 1401 1642
2 1401 1646
2 1401 1195
2 1305 1303
2 1403 1513
2 1403 1515
2 1403 1641
2 1311 1414
2 1311 1415
2 1311 1513
2 1311 1515
2 1311 1518
2 1311 1521
2 1311 1308
2 1309 1408
2 1309 1416
2 1309 1205
2 1414 1409
2 1414 1308
2 1415 1409
2 1415 1659
2 1415 1525
2 1415 1526
2 1415 1662
2 1415 1097
2 1415 1308
2 1316 1531
2 1208 1105
2 1220 1428
2 1220 1538
2 1293 3364
2 1293 4173
2 1227 1233
2 1228 1451
2 1228 1243
2 1228 1134
2 1228 1562
2 1228 8920
2 1330 1577
2 1330 1575
2 1329 1577
2 1331 1577
2 1331 43
2 1332 1577
2 1332 1703
2 1242 1445
2 1242 1985
2 1242 1570
2 1334 1449
2 1334 1703
2 1339 1456
2 1452 1585
2 1452 1588
2 1342 1592
2 1342 1594
2 1342 1596
2 1342 1259
2 1342 1456
2 1264 1596
2 1264 1150
2 1350 1340
2 1350 1598
2 1350 1268
2 1350 1155
2 1266 2010
2 1461 1468
2 1461 1473
2 1461 1471
2 1461 1353
2 1463 1354
2 1463 1858
2 1463 1353
2 1463 835
2 1463 832
2 1354 1602
2 1354 8834
2 1354 1465
2 1356 1732
2 1363 1856
2 1476 1482
2 1476 1726
2 1476 1483
2 1476 1364
2 1482 1729
2 1482 1740
2 1490 3494
2 1490 3499
2 1493 1544
2 1493 3881
2 1493 1545
2 1493 3883
2 1187 1395
2 1187 1394
2 1187 1079
2 1187 1189
2 1187 1507
2 1383 1395
2 1383 1502
2 1383 1396
2 1383 1089
2 1192 1299
2 1392 1195
2 1392 1299
2 1395 1079
2 1400 1641
2 1400 1195
2 1400 1404
2 1394 1896
2 1394 2057
2 1394 1188
2 1394 1407
2 1398 1506
2 1398 1639
2 1399 1642
2 1399 1506
2 1399 1639
2 1399 1750
2 1405 1649
2 1405 1639
2 1405 1750
2 1405 1643
2 1508 1649
2 1508 1650
2 1508 1643
2 1306 1655
2 1306 996
2 1406 1516
2 1406 1514
2 1510 1412
2 1513 1519
2 1513 1411
2 1513 1412
2 1515 1516
2 1515 1509
2 1515 1411
2 1515 1412
2 1518 1649
2 1518 1650
2 1518 1516
2 1518 1753
2 1518 1509
2 1518 1412
2 1521 1409
2 1521 1657
2 1521 1658
2 1521 1659
2 1521 1753
2 1521 1756
2 1521 1520
2 1521 1308
2 1409 1659
2 1413 1522
2 1416 1774
2 1420 1668
2 1420 1426
2 1420 1774
2 1420 1669
2 1420 1319
2 1420 1772
2 1420 1770
2 1420 1533
2 1419 1668
2 1419 1770
2 1314 1665
2 1418 1532
2 1418 1668
2 1418 8019
2 1421 1761
2 1423 1531
2 1430 8701
2 1539 3797
2 1539 3493
2 1539 3799
2 1539 5676
2 1549 1616
2 1549 1431
2 1549 4973
2 1549 4975
2 1549 1635
2 1549 3614
2 1549 1631
2 1549 4472
2 1549 8704
2 1557 1799
2 1567 1445
2 1567 1971
2 1567 1573
2 1567 1224
2 1567 1119
2 1442 1568
2 1442 1802
2 1442 1963
2 1442 8920
2 1442 1569
2 1446 1129
2 1328 1447
2 1328 1698
2 1445 1243
2 1445 1134
2 1445 1562
2 1445 1566
2 1445 1569
2 1448 1233
2 1577 1703
2 1577 1231
2 1449 1703
2 1450 1703
2 1450 1815
2 1244 1812
2 1244 1570
2 1585 1454
2 1585 1592
2 1585 1376
2 1585 1379
2 1585 1828
2 1585 1830
2 1585 1346
2 1585 1714
2 1585 1832
2 1588 1715
2 1340 1837
2 1340 1996
2 1340 1838
2 1340 1840
2 1457 1160
2 1348 1721
2 1348 2010
2 1470 1732
2 1470 1869
2 1470 8834
2 1470 1274
2 1470 1276
2 1470 1465
2 1358 1732
2 1358 1367
2 1366 1866
2 1366 1865
2 1366 1856
2 1477 1485
2 1477 1728
2 1477 1475
2 1477 1368
2 1611 1729
2 1611 1740
2 1485 1479
2 1485 1478
2 1612 4620
2 1612 4618
2 1619 3504
2 1619 1631
2 1619 4472
2 1619 5328
2 1619 5338
2 1619 8704
2 1619 8703
2 1616 1677
2 1616 1552
2 1616 1551
2 1616 1550
2 1616 4858
2 1616 4856
2 1616 4973
2 1616 4959
2 1616 4963
2 1616 2898
2 1616 1633
2 1616 4492
2 1616 1635
2 1616 2897
2 1616 3792
2 1616 1556
2 1616 5084
2 1616 4036
2 1629 4857
2 1297 1381
2 1297 1189
2 1297 1745
2 1384 2051
2 1384 2247
2 1384 1189
2 1388 1647
2 1388 1748
2 1505 1644
2 1397 1893
2 1397 1894
2 1397 2051
2 1397 1512
2 1397 1407
2 1642 1647
2 1642 1404
2 1646 1404
2 1649 1755
2 1649 1898
2 1649 1404
2 1511 1907
2 1516 1653
2 1516 1753
2 1516 1756
2 1516 1754
2 1516 1757
2 1514 1519
2 1514 1509
2 1523 1522
2 1524 1656
2 1522 1656
2 1522 1660
2 1522 1520
2 1657 1756
2 1657 1656
2 1657 1520
2 1659 1663
2 1659 1667
2 1659 1912
2 1525 1772
2 1526 1668
2 1526 1772
2 1526 1770
2 1662 1912
2 1528 1674
2 1531 1424
2 1531 1761
2 1424 1425
2 1424 1771
2 1425 1670
2 1425 1315
2 1537 1322
2 798 1212
2 798 896
2 798 1107
2 1677 1622
2 1677 3555
2 1677 3613
2 1677 4551
2 1677 2898
2 1677 4493
2 1677 4548
2 1677 2897
2 1677 1631
2 1677 5228
2 1677 5325
2 1677 4876
2 1677 5083
2 1679 1558
2 1688 1795
2 1688 1790
2 1688 1789
2 1688 1940
2 1688 8915
2 1559 2330
2 1568 1225
2 1447 1810
2 1580 1979
2 1703 1820
2 1703 1821
2 1703 1979
2 1703 1817
2 1703 1981
2 1703 1575
2 1336 1985
2 1710 1821
2 1710 1827
2 1590 1379
2 1590 2002
2 1590 1843
2 1590 1715
2 1590 1456
2 1590 1716
2 1587 1713
2 1587 1379
2 1587 1828
2 1587 1830
2 1587 1842
2 1587 1843
2 1587 1715
2 1587 1456
2 1587 1716
2 1712 1714
2 1592 1833
2 1592 1841
2 1592 1346
2 1592 1832
2 1598 1996
2 1599 1260
2 1460 2010
2 1460 1844
2 1468 1351
2 1468 1349
2 1466 1860
2 1466 2031
2 1466 1864
2 1472 1845
2 1472 1734
2 1472 1869
2 1472 1274
2 1472 2013
2 1726 1847
2 1726 1851
2 1726 1861
2 1726 1740
2 1726 1609
2 1726 1848
2 1732 1367
2 1732 1602
2 1732 2036
2 1732 1280
2 1732 1275
2 1732 8834
2 1732 1274
2 1729 1480
2 1729 1740
2 1367 1866
2 1367 2023
2 1367 1875
2 1367 1607
2 1367 1856
2 1367 1737
2 1367 1605
2 1730 1867
2 1479 1486
2 1479 1488
2 1479 1867
2 1741 3609
2 1741 2617
2 1741 3607
2 1741 136
2 380 534
2 1321 1212
2 1321 1005
2 1321 1205
2 1382 1892
2 1382 1891
2 1640 1751
2 1640 1902
2 1506 1647
2 1506 1746
2 1506 1299
2 1506 1391
2 1645 1906
2 1645 2054
2 1645 1904
2 1645 1504
2 1747 1647
2 1652 1898
2 1651 1758
2 1651 1898
2 1753 2062
2 1660 1769
2 1661 1912
2 1661 1769
2 1663 1912
2 1667 1912
2 1530 1674
2 1530 2279
2 1530 1777
2 1761 1912
2 1761 1764
2 1668 1670
2 1668 1774
2 1670 1535
2 1670 1771
2 1670 1879
2 1670 1770
2 1535 1773
2 1535 1205
2 1674 1779
2 1674 1313
2 1674 1527
2 1674 1782
2 1672 1779
2 1672 1787
2 1672 2496
2 1672 1538
2 1672 1780
2 1672 1782
2 1672 1924
2 1672 1785
2 1672 2307
2 1672 8701
2 1779 1925
2 1779 1009
2 1779 8688
2 1779 1322
2 1779 2301
2 1779 1924
2 1534 1205
2 1536 1205
2 1695 1689
2 1695 1692
2 1695 1690
2 1795 1968
2 1795 1694
2 1795 1969
2 1795 1952
2 1795 1801
2 1795 1692
2 1795 1690
2 1689 1955
2 1689 2123
2 1689 2132
2 1809 1571
2 1579 1581
2 1583 1819
2 1706 1978
2 1815 1821
2 1815 1823
2 1815 2135
2 1815 1978
2 1815 1822
2 1820 1713
2 1820 1981
2 1820 2154
2 1821 1713
2 1821 1825
2 1821 2154
2 1821 1816
2 1827 1376
2 1827 1829
2 1827 2154
2 1713 1375
2 1376 1831
2 1376 1992
2 1376 2190
2 1376 2189
2 1376 1836
2 1376 1832
2 1379 2189
2 1379 1716
2 1379 1836
2 1379 1586
2 1379 1589
2 1828 1716
2 1828 1836
2 1828 1586
2 1828 1589
2 1830 1716
2 1830 1586
2 1837 2570
2 1837 2574
2 1837 2018
2 1837 2581
2 1594 1841
2 1594 2191
2 1594 8900
2 1594 1344
2 1594 2189
2 1719 2574
2 1719 2582
2 1719 2586
2 1719 1722
2 1719 2401
2 1719 2587
2 1719 2581
2 1601 2408
2 1601 2010
2 1601 2009
2 1601 1265
2 1845 2193
2 1845 2588
2 1845 2197
2 1845 1473
2 1845 1471
2 1845 2589
2 1845 1722
2 1845 2587
2 1847 2003
2 1847 2007
2 1847 1727
2 1847 1731
2 1851 1727
2 1853 1364
2 1603 2031
2 1603 1353
2 1857 2023
2 1857 1875
2 1857 2025
2 1857 1849
2 1857 2022
2 1602 1734
2 1602 2036
2 1602 2207
2 1602 1869
2 1602 2031
2 1602 1864
2 1734 1846
2 1734 1725
2 1734 2014
2 1734 2034
2 1734 2036
2 1734 2208
2 1734 2197
2 1734 1604
2 1734 1473
2 1734 2013
2 1861 1365
2 1606 2023
2 1866 1365
2 879 886
2 879 452
2 1776 1882
2 1776 2964
2 1888 1896
2 1888 1900
2 1888 2242
2 1888 2049
2 1888 1897
2 1888 8907
2 1888 1901
2 1888 2050
2 1893 1507
2 1647 1751
2 1647 1902
2 1647 1504
2 1647 8932
2 1647 8846
2 1647 1643
2 1647 1749
2 1647 2052
2 1639 1299
2 1639 1391
2 1639 1402
2 1896 1894
2 1896 2057
2 1896 2051
2 1896 1637
2 1896 1188
2 1751 1906
2 1751 2054
2 1751 1648
2 1751 1644
2 1751 1755
2 1752 1905
2 1903 2062
2 1759 2062
2 1759 2064
2 1759 2256
2 1654 2057
2 1654 2638
2 1912 2071
2 1912 2271
2 1912 1918
2 1912 2274
2 1912 1760
2 1912 2075
2 1763 1771
2 1771 1669
2 1773 1426
2 1773 1319
2 1778 2290
2 1778 2496
2 1778 1529
2 1778 1665
2 1671 1882
2 1671 2964
2 1781 2079
2 1781 1009
2 1781 8688
2 1786 1933
2 1786 8700
2 1786 1538
2 1786 1221
2 1786 8701
2 1687 2661
2 1687 2428
2 1687 1558
2 1931 1883
2 1931 2078
2 1931 8018
2 1790 1693
2 1790 1799
2 1790 2297
2 1790 2292
2 1793 2082
2 1793 1692
2 1793 2084
2 1793 2083
2 1793 1788
2 1945 2101
2 1945 8908
2 1945 8910
2 1945 2112
2 8933 1949
2 1949 1797
2 1949 1970
2 1691 2123
2 1951 1970
2 1958 1564
2 1958 1565
2 1958 1563
2 1958 1562
2 1564 2120
2 1564 2122
2 1564 2540
2 1564 2347
2 1564 2534
2 1564 2336
2 1564 2328
2 1968 2130
2 1968 2132
2 1968 1950
2 1971 2125
2 1572 20
2 1572 19
2 1572 2677
2 1701 2541
2 1701 40
2 1702 2144
2 1702 1575
2 1979 2160
2 1979 1978
2 1817 1984
2 1817 2160
2 1817 2159
2 1817 2348
2 1817 1978
2 1981 1984
2 1981 2159
2 1981 2348
2 1825 2348
2 1825 1826
2 1823 2348
2 1823 1707
2 1985 2359
2 1985 2693
2 1985 2697
2 1985 2701
2 1985 2356
2 1985 2705
2 1985 1243
2 1983 1375
2 1375 2157
2 1377 2154
2 1377 2157
2 1377 1991
2 1377 2362
2 1377 2363
2 1377 2365
2 1377 2368
2 1377 1995
2 1829 2171
2 1829 2363
2 1829 2375
2 1829 1832
2 1831 2171
2 1831 2185
2 1831 1836
2 1831 2390
2 1831 2170
2 1839 2385
2 1839 2567
2 1839 2570
2 1839 2572
2 1839 2573
2 1839 2580
2 1842 1841
2 1842 2191
2 1842 2189
2 1721 2406
2 1721 3047
2 1721 1596
2 1846 1725
2 1846 2193
2 1846 2398
2 1846 2399
2 1846 2590
2 1846 2197
2 1846 2194
2 1846 1604
2 1846 1473
2 1846 2589
2 2007 2193
2 2007 1848
2 2007 1357
2 2007 2199
2 2007 2196
2 2020 1474
2 2020 1848
2 2020 1357
2 2020 1850
2 2020 2199
2 1862 1860
2 1862 2589
2 1862 2029
2 2023 1856
2 2023 1474
2 2023 1848
2 2023 1357
2 1725 2014
2 1875 1867
2 1875 1865
2 1875 1856
2 1875 1605
2 1875 1474
2 1735 2036
2 2033 1871
2 1937 2209
2 1937 1883
2 1937 1932
2 1937 8018
2 1939 2209
2 1939 2212
2 1939 2215
2 1939 2213
2 1939 2210
2 2040 2105
2 2040 2091
2 2040 2215
2 2040 2213
2 2040 2210
2 2040 2740
2 2040 3429
2 2045 2237
2 1894 1501
2 1748 2055
2 1748 1749
2 1750 2250
2 1902 2467
2 1902 1644
2 2055 1746
2 2055 1898
2 1900 2051
2 1900 2247
2 2057 1907
2 2057 2051
2 2057 2247
2 2057 1655
2 2062 2256
2 2062 2263
2 2062 2468
2 2062 2257
2 2062 1755
2 2062 1758
2 1907 2259
2 1907 2261
2 1907 2476
2 1907 2638
2 1907 2475
2 1914 2288
2 2067 2273
2 2067 2288
2 2067 2286
2 2067 2653
2 2067 2073
2 2067 2075
2 2067 2287
2 1916 2271
2 1916 2273
2 1916 2073
2 1916 2075
2 1916 2287
2 1915 2273
2 1917 1913
2 1917 2273
2 1917 2275
2 1917 2274
2 1913 1922
2 1913 1921
2 1919 2957
2 1879 1884
2 1879 1882
2 1783 2303
2 1787 2095
2 1787 1777
2 2082 1792
2 2082 2291
2 2082 2306
2 2082 2308
2 2082 2102
2 2082 1789
2 2082 1788
2 2082 1940
2 2043 2105
2 2043 2740
2 1933 1929
2 1933 2496
2 1933 2661
2 1933 2428
2 1933 8700
2 1933 2495
2 1933 1785
2 1933 8701
2 1933 2666
2 2101 1947
2 2101 8908
2 2101 2112
2 2101 2085
2 2089 3551
2 2089 3549
2 2089 2740
2 1792 1801
2 1792 1692
2 1942 1796
2 1796 1694
2 1796 1950
2 1796 1953
2 1796 1801
2 1796 1692
2 1796 8910
2 1796 2102
2 1693 1694
2 1693 2111
2 1693 2330
2 1693 1801
2 1693 1560
2 1694 2114
2 1565 1962
2 1565 2120
2 1565 1964
2 1565 2528
2 1565 2534
2 1565 2332
2 1805 2136
2 1805 2343
2 1805 1814
2 1805 2119
2 1805 1574
2 1955 8899
2 1955 1690
2 2123 1690
2 1807 39
2 1807 40
2 1807 36
2 1807 1571
2 1807 2677
2 1807 1700
2 1808 19
2 2131 2335
2 2136 2125
2 2136 2682
2 2136 2684
2 2136 2691
2 2136 2546
2 2136 2685
2 2136 2538
2 2136 2692
2 2136 2820
2 2136 1804
2 2133 2341
2 2133 2151
2 2133 1969
2 2133 2335
2 1980 1984
2 1980 2160
2 2134 2341
2 2134 2127
2 2134 2340
2 2146 2340
2 1982 2145
2 2154 2362
2 2157 2362
2 2157 2143
2 2157 2366
2 2157 2145
2 2157 2555
2 2157 2713
2 2157 2551
2 2157 2367
2 2157 2365
2 2157 2368
2 1988 2357
2 1988 2359
2 1988 2705
2 1989 1998
2 1989 2359
2 1989 1997
2 1989 2173
2 1991 2363
2 1991 2375
2 1991 2369
2 1991 2862
2 1991 2365
2 1991 2368
2 1998 2371
2 1998 2566
2 1998 2567
2 1998 2162
2 1993 2363
2 1993 2375
2 1993 2388
2 1993 2861
2 1993 2383
2 1993 2187
2 2177 2387
2 2177 2393
2 2177 2394
2 2177 2389
2 2177 2386
2 2177 1996
2 2171 2384
2 2171 2388
2 1841 2578
2 1841 2579
2 1841 1714
2 1841 2390
2 2008 3047
2 2008 8890
2 2193 8850
2 2193 2004
2 2193 2013
2 2193 2018
2 2026 2726
2 2195 2413
2 2195 2403
2 1860 2032
2 1860 2201
2 1860 2412
2 1860 2031
2 1860 1864
2 1860 1465
2 2014 1604
2 2198 2024
2 2198 2413
2 1872 2022
2 1872 2024
2 1872 2021
2 1872 2208
2 1872 2413
2 2036 1870
2 2036 2415
2 2036 1737
2 2036 1736
2 2036 1869
2 2036 1604
2 2036 1724
2 2036 2031
2 2036 1864
2 1870 2037
2 2209 1938
2 2209 3545
2 2209 2672
2 2219 2222
2 2219 2212
2 2219 3652
2 2219 2671
2 2219 2228
2 2230 2319
2 2230 2638
2 2230 2600
2 2237 2441
2 1892 2459
2 1892 1380
2 1892 1500
2 1892 8898
2 1892 1889
2 1892 2461
2 1892 2622
2 2246 2524
2 2051 2242
2 2051 1385
2 2051 2243
2 2056 2467
2 2056 2635
2 2056 2762
2 2056 1758
2 2060 2263
2 2060 2468
2 2059 2463
2 2059 2754
2 2063 2263
2 2064 2467
2 2064 1758
2 2256 1758
2 2262 2069
2 2262 2474
2 2262 2268
2 2069 2265
2 2069 2474
2 2069 2478
2 2069 2481
2 2069 2260
2 2071 2270
2 2071 2481
2 2071 2653
2 2271 2481
2 2271 2482
2 2271 2653
2 2273 2286
2 2273 2653
2 2273 2073
2 2279 1665
2 2279 8747
2 2279 2794
2 2275 2643
2 2275 2072
2 2275 2073
2 2076 2483
2 2076 2800
2 2076 2801
2 2076 2957
2 2076 2280
2 2076 2484
2 2076 2954
2 2076 2958
2 2076 2804
2 2076 2495
2 2076 2666
2 1878 2078
2 2291 2490
2 2291 2433
2 2291 2659
2 2291 2083
2 2291 2085
2 2294 2083
2 1925 1927
2 1926 1929
2 1926 2512
2 1926 1928
2 1926 2080
2 2087 2102
2 2087 1788
2 1929 2095
2 1929 2312
2 1929 2512
2 2095 2496
2 2095 2081
2 2095 2428
2 2095 2429
2 2095 2309
2 2095 2495
2 2095 1785
2 2095 1928
2 2306 2083
2 2306 1788
2 2306 2109
2 2306 2296
2 2306 2432
2 2315 2776
2 2308 2083
2 2308 1788
2 2308 2085
2 2308 2109
2 2308 2296
2 2308 2432
2 2322 2421
2 2322 2524
2 2111 1956
2 2111 1801
2 2111 2114
2 2111 1692
2 2111 2102
2 2111 2109
2 1965 1964
2 1965 2336
2 2115 1966
2 1962 2125
2 2117 2127
2 2330 2329
2 2330 1799
2 2330 1560
2 2120 2122
2 2120 2528
2 2120 2137
2 2120 2534
2 2120 2139
2 2339 2347
2 1976 1700
2 2341 2140
2 2148 2539
2 2148 2347
2 2141 2686
2 2160 2688
2 2160 2354
2 2152 2539
2 2159 2362
2 2159 2355
2 2159 2688
2 2151 2539
2 2151 2358
2 2151 2156
2 2151 2335
2 2151 2347
2 2158 2362
2 2158 2370
2 2158 2551
2 2158 2848
2 2155 2156
2 2155 2548
2 2357 2554
2 2357 2548
2 2357 1986
2 2359 2371
2 2359 2164
2 2359 2182
2 2359 2181
2 2359 2162
2 2359 1990
2 2362 2355
2 2362 2556
2 2362 2707
2 2363 2557
2 2363 2558
2 2371 2174
2 2371 2181
2 2371 2184
2 2371 2382
2 2371 2360
2 2375 2557
2 2375 2558
2 2183 2385
2 2183 2386
2 2183 1999
2 2176 2556
2 2001 1996
2 2185 1995
2 2387 2572
2 2387 2401
2 2387 2178
2 2387 2581
2 2387 1838
2 2190 1843
2 2190 1716
2 2393 2194
2 2393 2018
2 2393 1996
2 2393 1838
2 2398 2194
2 2398 2018
2 2011 3046
2 2399 2018
2 2406 2404
2 2406 2405
2 2406 2886
2 2406 3048
2 2406 2012
2 2030 2731
2 2030 2594
2 2030 2409
2 2016 2590
2 2016 2206
2 2016 2418
2 2016 1863
2 2016 2417
2 2016 2400
2 2032 2589
2 2032 2202
2 2204 2418
2 2204 2417
2 2207 2415
2 2207 2208
2 2207 2413
2 2207 1724
2 2207 2031
2 2207 1864
2 2422 2513
2 2422 2631
2 2422 2326
2 2422 2527
2 2427 2657
2 2427 2659
2 2427 2809
2 2427 2805
2 2427 2503
2 2427 2508
2 2434 3858
2 2434 3451
2 2434 3182
2 2441 2238
2 2447 3470
2 2447 8709
2 2447 3863
2 2447 3701
2 2047 2049
2 2047 2524
2 2242 2049
2 2242 2245
2 2242 1889
2 2242 1901
2 2242 2050
2 2247 1901
2 2247 2058
2 2467 2252
2 2467 2468
2 2263 2763
2 2261 1655
2 2474 2260
2 2268 2260
2 2267 2260
2 2270 2478
2 2270 2481
2 2070 2639
2 2070 2284
2 2070 2653
2 2272 2653
2 2281 1665
2 2281 2942
2 2281 2794
2 2483 2800
2 2483 2953
2 2483 2957
2 2483 2486
2 2483 8747
2 2483 2942
2 2483 2954
2 2483 2802
2 2277 2643
2 2277 2949
2 2074 2285
2 1881 1932
2 2290 1777
2 2290 1924
2 2290 8859
2 2290 2307
2 2496 1777
2 2496 1923
2 2496 2307
2 2496 1928
2 2496 2080
2 2496 2666
2 2433 2661
2 2433 2428
2 2433 2430
2 2433 2320
2 2433 1686
2 2433 2292
2 2433 1682
2 2433 2299
2 2079 2505
2 2509 2300
2 2509 2100
2 2509 2320
2 2509 2292
2 2513 2424
2 2513 2446
2 2513 2614
2 2513 2423
2 2321 2300
2 2321 2320
2 2110 2114
2 2324 2421
2 2324 2524
2 1964 2530
2 1964 2533
2 2125 2692
2 2125 2119
2 2125 1961
2 2121 2336
2 2121 2529
2 2129 2831
2 2129 2836
2 2129 2822
2 2333 2528
2 2333 2534
2 2333 2139
2 2122 2529
2 2122 2332
2 2528 2346
2 2528 2529
2 2528 2332
2 2541 21
2 2541 2833
2 2541 8842
2 2541 1700
2 2539 2137
2 2539 2138
2 2539 2548
2 2539 2335
2 2539 2683
2 2539 2139
2 2539 2346
2 2539 2529
2 2135 1707
2 2135 3152
2 2135 3307
2 2137 2534
2 2137 2346
2 2137 2119
2 2138 2534
2 2138 1813
2 2138 1814
2 2549 2553
2 2549 2848
2 2552 2695
2 2552 2693
2 2552 2704
2 2552 1986
2 2552 1819
2 2164 2360
2 2164 2704
2 2164 1987
2 2370 2712
2 2163 2562
2 2556 2369
2 2556 2388
2 2556 2715
2 2556 2383
2 2556 2707
2 2556 2365
2 2369 2558
2 2374 2360
2 2557 2388
2 2557 2715
2 2379 2175
2 2379 2562
2 2560 2380
2 2560 2714
2 2560 2861
2 2560 2719
2 2560 2862
2 2560 2575
2 2560 2722
2 2560 2721
2 2566 2000
2 2566 1999
2 2566 2705
2 2567 2572
2 2567 1997
2 2567 1840
2 2567 2705
2 2570 2718
2 2570 2000
2 2570 2728
2 2570 1838
2 2570 1840
2 2578 2191
2 2578 1836
2 2578 8922
2 2572 2569
2 2572 2386
2 2572 2000
2 2572 1838
2 2191 2724
2 2191 3036
2 2191 1843
2 2191 2390
2 2574 2583
2 2574 1717
2 2574 1718
2 2582 2583
2 2582 1718
2 2586 2018
2 2586 2727
2 2588 2403
2 2588 2394
2 2588 2013
2 2588 2018
2 2588 2727
2 2590 2413
2 2590 2403
2 2590 2015
2 2590 2400
2 2590 2727
2 2201 2202
2 2201 2893
2 2201 2594
2 2201 2409
2 2416 1864
2 2416 2598
2 2416 2727
2 2415 2412
2 2415 2595
2 2316 2604
2 2316 2775
2 2316 2605
2 2316 2770
2 2316 2234
2 2316 2774
2 2316 3081
2 2316 3077
2 2599 2471
2 2604 2600
2 2604 3395
2 2604 3081
2 2319 2773
2 2319 3083
2 2319 2776
2 2220 2212
2 2220 2671
2 721 267
2 2446 2515
2 2244 2049
2 2244 2755
2 2244 1901
2 2244 2050
2 2049 2459
2 2049 2754
2 2049 2755
2 2049 2747
2 2049 2525
2 2049 2524
2 2049 2909
2 2049 3066
2 2049 2742
2 2049 2457
2 2614 2631
2 2631 2744
2 2250 3069
2 2518 2425
2 2518 2519
2 2473 2764
2 2476 2233
2 2478 2481
2 2478 2763
2 2478 2764
2 2478 2766
2 2478 2768
2 2478 2771
2 2478 2772
2 2478 2929
2 2478 2933
2 2478 2932
2 2638 2773
2 2638 2776
2 2638 2487
2 2638 1655
2 2479 2637
2 2479 2933
2 2479 3523
2 2480 2933
2 2480 2937
2 2480 2790
2 2481 2933
2 2481 2937
2 2481 2789
2 2481 2932
2 2639 8934
2 2482 2274
2 2485 2792
2 2485 3101
2 2485 2948
2 2485 2794
2 2488 2640
2 2488 2788
2 2488 2274
2 2643 2788
2 2643 2274
2 2647 2794
2 2285 2288
2 2285 2949
2 2285 2072
2 2285 2073
2 2285 2489
2 2288 2654
2 2288 3115
2 2288 3548
2 2288 3281
2 2288 2653
2 2493 2661
2 2493 2649
2 2493 2666
2 2492 2661
2 2492 2649
2 2492 2666
2 2657 2661
2 2657 2649
2 2657 2650
2 2657 2656
2 2657 2666
2 1884 1936
2 1884 2807
2 1884 2078
2 2661 2659
2 2661 2648
2 2661 2495
2 2661 2491
2 2305 2816
2 2305 2668
2 2305 3114
2 2305 3118
2 2305 3120
2 2305 3123
2 2305 3121
2 2428 2097
2 2428 2096
2 2428 1934
2 2303 2663
2 2303 2511
2 2430 2510
2 2430 2674
2 2430 2508
2 2430 2097
2 2430 2432
2 2430 2096
2 2212 1938
2 2212 3543
2 2212 3652
2 2212 2218
2 2212 2216
2 2212 2228
2 2212 2675
2 2310 2512
2 2105 2094
2 2105 2044
2 2105 2090
2 2105 2103
2 2105 3831
2 2105 2675
2 2105 2104
2 2105 2672
2 2105 3832
2 2105 3841
2 2099 2312
2 2099 2819
2 2094 3551
2 2094 2092
2 2530 2332
2 2530 2119
2 2334 2538
2 2535 2831
2 2535 2836
2 17 3148
2 17 3154
2 17 3150
2 17 3147
2 2344 2694
2 2344 2820
2 39 1700
2 2545 2694
2 2545 2820
2 2682 2694
2 2682 2346
2 2682 2692
2 2145 3443
2 2145 2542
2 2348 3152
2 2684 2704
2 2684 2698
2 2684 2699
2 2688 2843
2 2547 2849
2 2547 3443
2 2547 2848
2 2691 2834
2 2691 1813
2 2691 1582
2 2695 2704
2 2695 2554
2 2695 1813
2 2693 2161
2 2693 2554
2 2693 1987
2 2697 2161
2 2697 1987
2 2706 3001
2 2561 3001
2 2565 2380
2 2565 2713
2 2565 2708
2 2565 2710
2 2565 2712
2 2565 2851
2 2565 2852
2 2563 2708
2 2563 2851
2 2563 2722
2 2564 2856
2 2564 2854
2 2564 2866
2 2564 2722
2 2380 2558
2 2714 2853
2 2714 2707
2 2714 2854
2 2714 2717
2 2714 2866
2 2715 2853
2 2715 2859
2 2715 2854
2 2569 2394
2 2569 2389
2 2569 2386
2 2569 2581
2 2569 2000
2 2569 2378
2 2569 2704
2 2569 2705
2 2583 2394
2 2583 2581
2 2583 2727
2 2718 2727
2 2718 2732
2 2723 2587
2 2725 2587
2 2405 2886
2 2405 3199
2 2405 3028
2 2405 3204
2 2405 3206
2 2405 3198
2 2405 3047
2 2730 2589
2 2730 2595
2 2730 2200
2 2411 2886
2 2411 3048
2 2733 2889
2 2733 2027
2 2412 2202
2 2412 2027
2 2412 2883
2 2412 2736
2 2412 2409
2 1887 8018
2 877 450
2 877 999
2 877 452
2 2445 2743
2 2445 5956
2 2743 2620
2 2743 2915
2 2459 2623
2 2459 2755
2 2459 2625
2 2459 8898
2 2459 2050
2 2459 2624
2 2623 2462
2 2623 2906
2 2623 3064
2 2623 2460
2 2623 3065
2 2463 3244
2 2463 3086
2 2463 1901
2 2463 2058
2 2516 2904
2 2748 3068
2 2748 3380
2 2426 2515
2 2466 3076
2 2466 2918
2 2635 8829
2 2635 3514
2 2754 3075
2 2754 3079
2 2754 3066
2 2754 1901
2 2423 2523
2 2423 2326
2 2423 2515
2 2423 2904
2 2636 8829
2 2762 2264
2 2762 2260
2 2763 2468
2 2425 2527
2 2637 3254
2 2637 3255
2 2767 2929
2 2767 3254
2 2767 2927
2 2767 2472
2 2767 3523
2 2767 3255
2 2769 2525
2 2609 2776
2 2611 2782
2 2611 2792
2 2611 2232
2 2611 2231
2 2611 2784
2 2611 2487
2 2782 2779
2 2782 2776
2 2640 2929
2 2640 2937
2 2640 3092
2 2640 3097
2 2640 2932
2 2792 2776
2 2792 2282
2 2792 2283
2 2641 2274
2 2651 2948
2 2788 2945
2 2788 3277
2 2788 2274
2 2649 2800
2 2649 2806
2 2649 2803
2 2649 2948
2 2649 2802
2 2649 2809
2 8934 2950
2 2652 2949
2 2800 2484
2 2800 2648
2 1930 2038
2 2499 2666
2 2810 2962
2 2810 3287
2 2810 3290
2 2498 2662
2 2498 2666
2 2506 3290
2 2506 3121
2 2505 2968
2 1426 1774
2 1426 1315
2 2670 2970
2 2670 2512
2 2670 2967
2 2533 2337
2 2533 2676
2 2533 2823
2 2533 2346
2 2533 2537
2 2337 2821
2 2337 2824
2 2532 2676
2 2532 2823
2 2532 2822
2 2532 2537
2 2678 2536
2 2678 3153
2 2678 3148
2 2678 2338
2 2536 2836
2 40 1700
2 40 1975
2 21 3170
2 21 3312
2 21 3317
2 2694 2823
2 2694 2698
2 2694 2699
2 2694 2683
2 2694 2845
2 2694 2837
2 2694 2346
2 2694 2835
2 2687 3152
2 2690 2689
2 2844 2836
2 2711 3001
2 2711 5128
2 2711 6026
2 2702 2994
2 2702 2835
2 2553 2713
2 2553 2712
2 2713 2862
2 2853 3003
2 2853 3008
2 2853 3019
2 2853 3022
2 2853 3023
2 2853 3190
2 2853 2577
2 2853 2559
2 2853 2865
2 2855 2577
2 2861 2169
2 2861 2383
2 2861 2558
2 2861 2391
2 2859 2720
2 2859 3201
2 2719 2558
2 2869 3012
2 2869 3014
2 2869 2200
2 2869 2892
2 2869 2409
2 2869 2737
2 2869 3028
2 2875 3192
2 2871 2200
2 2871 2892
2 2592 3205
2 2592 3049
2 2592 3204
2 2592 3206
2 2881 2885
2 2881 2200
2 2881 2882
2 2889 2885
2 2889 2598
2 2889 2732
2 2889 2882
2 2735 2873
2 2735 2870
2 2738 2885
2 1634 1631
2 1634 5228
2 1634 5325
2 1634 5326
2 1634 5327
2 1634 5331
2 1634 5083
2 1632 4857
2 1623 3555
2 1623 1631
2 1623 5328
2 1623 5329
2 1623 5452
2 1623 5331
2 1623 2978
2 1623 8702
2 2462 2625
2 2462 2624
2 2465 3067
2 2465 3245
2 2464 3242
2 2464 3244
2 2464 2911
2 2464 3086
2 2914 2903
2 2914 3066
2 2523 3075
2 2523 2525
2 2523 2903
2 2523 2904
2 2523 3066
2 2523 2915
2 2326 3075
2 2326 2521
2 2326 2903
2 2326 2904
2 2326 3066
2 2326 2915
2 2760 8829
2 2765 3249
2 2765 8805
2 2765 3080
2 2765 2468
2 2323 3075
2 2323 2774
2 2766 3257
2 2766 3255
2 2768 3254
2 2768 3257
2 2768 3255
2 2771 3090
2 2771 3254
2 2772 3090
2 2929 3089
2 2775 2600
2 2775 2234
2 2775 2795
2 2775 2793
2 2777 2780
2 2777 2234
2 2777 2781
2 2777 2796
2 2777 2795
2 2777 2793
2 2937 3092
2 2937 3097
2 2780 2776
2 2780 2796
2 2940 3277
2 2787 3277
2 2797 2946
2 2797 3092
2 2797 3097
2 2797 3108
2 2797 3277
2 2941 3099
2 2946 2945
2 2946 3275
2 2806 3099
2 2806 2956
2 2949 3274
2 2949 3280
2 2949 3667
2 2949 3275
2 2949 2286
2 2949 2655
2 2949 2798
2 2949 3668
2 2654 3115
2 2953 2283
2 2953 2280
2 2953 2942
2 2953 2802
2 2803 2955
2 2803 3099
2 2803 3100
2 2957 2077
2 2957 2280
2 2957 1920
2 2957 2289
2 2955 2289
2 1936 2807
2 1936 2078
2 1936 8018
2 2959 2956
2 2959 2809
2 2959 2965
2 2959 2503
2 2959 2664
2 2807 2039
2 2807 2042
2 2807 1882
2 2807 2038
2 2807 3124
2 2811 2226
2 2811 3421
2 2811 3544
2 2811 3423
2 2811 3285
2 2811 3290
2 2960 3120
2 2960 2504
2 2960 8859
2 2960 2511
2 2816 3121
2 2961 8859
2 2961 2501
2 2961 2664
2 2668 3121
2 2966 2664
2 2970 2819
2 2970 2669
2 2970 2664
2 2974 5675
2 2974 8702
2 2974 8703
2 2659 2299
2 813 2987
2 813 4089
2 813 4951
2 813 2988
2 813 7203
2 813 811
2 813 5733
2 813 5737
2 813 4824
2 813 814
2 813 4088
2 813 6693
2 813 6695
2 2984 812
2 2984 4764
2 2984 7203
2 2984 7206
2 2984 4766
2 2984 811
2 2984 807
2 2984 806
2 2984 808
2 2984 4087
2 2676 2828
2 2676 2995
2 2676 2829
2 2681 37
2 35 3154
2 35 3143
2 35 3150
2 35 3147
2 35 3312
2 35 3301
2 2823 2699
2 2823 2338
2 2831 3149
2 2831 2338
2 2994 2699
2 2994 3149
2 2849 3161
2 2849 2852
2 2998 3008
2 2998 2843
2 3001 2856
2 3001 3164
2 3001 2709
2 3001 2708
2 3003 2856
2 3003 3164
2 3003 2843
2 3003 2709
2 3003 2707
2 3008 3164
2 3008 3180
2 3008 3022
2 3008 3023
2 2856 3342
2 2856 3202
2 2856 8708
2 3012 3167
2 3012 3174
2 3012 3176
2 3012 3179
2 3012 3185
2 3012 3028
2 3012 3178
2 3019 3180
2 3019 3190
2 3019 2854
2 2720 2863
2 2720 3200
2 2720 3203
2 2720 3201
2 2720 2716
2 2720 3873
2 2720 8922
2 2720 3608
2 2720 8926
2 2720 3346
2 2863 2575
2 3031 2392
2 3031 3457
2 3031 3027
2 2724 3212
2 2724 3209
2 2724 3041
2 2724 3216
2 2724 3033
2 2724 2395
2 2724 2002
2 2724 1843
2 3039 3471
2 3039 3482
2 3039 3475
2 3039 2002
2 3029 2410
2 3034 3050
2 3034 3049
2 3034 3016
2 3034 3204
2 2876 2591
2 2885 3050
2 2885 2597
2 2885 2883
2 2885 2887
2 2885 3049
2 2885 3016
2 2885 3204
2 2886 2878
2 2886 2736
2 2886 2409
2 2886 2880
2 2886 2877
2 2886 2734
2 2886 2012
2 2886 3047
2 844 851
2 844 4761
2 844 812
2 844 4766
2 844 847
2 844 7372
2 844 7501
2 851 911
2 851 854
2 851 845
2 3061 7372
2 3061 7501
2 911 914
2 911 3059
2 911 4991
2 911 4949
2 911 3051
2 911 3060
2 911 3054
2 2625 2745
2 2625 3233
2 2625 2622
2 2625 8913
2 2625 3065
2 2626 3065
2 2749 3380
2 3069 2249
2 3069 3389
2 2747 2757
2 2634 2052
2 3075 2757
2 3075 3079
2 3075 2601
2 3075 3234
2 3075 2903
2 3075 3077
2 3075 3065
2 3079 2525
2 3079 2255
2 2923 3088
2 2601 2525
2 2925 3254
2 2925 3257
2 3083 2317
2 3083 2600
2 3083 3244
2 3083 2602
2 3083 2758
2 2928 3254
2 2928 3257
2 2928 3523
2 3087 2930
2 3087 3254
2 3087 3256
2 3087 3523
2 2600 2606
2 2600 2605
2 2600 2231
2 2600 2234
2 2600 3081
2 3089 2930
2 3089 2935
2 3089 3523
2 3089 2932
2 3092 3094
2 3092 3263
2 3092 3264
2 3092 2943
2 2232 3100
2 2232 3101
2 2232 2784
2 2232 2487
2 3097 2945
2 3097 3263
2 3097 3098
2 3097 3261
2 3097 3404
2 3097 3260
2 3097 2944
2 3097 3269
2 2790 3260
2 3099 2605
2 3099 2796
2 3099 2948
2 3099 2793
2 3100 2956
2 3101 2282
2 3101 2283
2 3101 3113
2 2945 3263
2 2945 3274
2 2945 3268
2 2945 2943
2 3103 2282
2 3112 3123
2 2799 2489
2 3114 2958
2 3118 2958
2 2813 2612
2 2813 2214
2 2813 3544
2 3120 2504
2 3120 2958
2 3120 2973
2 3120 2965
2 2812 2962
2 2812 3287
2 2968 2507
2 2968 2817
2 1013 4095
2 1013 4140
2 1013 4096
2 1015 4140
2 1015 4096
2 1015 1019
2 1015 5639
2 1017 1020
2 1017 1018
2 1017 3220
2 38 36
2 2833 3320
2 2833 3327
2 2833 8710
2 2833 8916
2 2825 2991
2 2825 18
2 3153 23
2 2997 2843
2 3443 3161
2 3443 3316
2 3443 3679
2 3443 3569
2 3443 3315
2 3443 28
2 3148 23
2 2999 2843
2 3154 3170
2 3154 3312
2 3154 3301
2 3155 3173
2 3162 3173
2 3171 3011
2 3171 3450
2 3171 3448
2 3009 3011
2 3009 3450
2 3009 3448
2 3009 3449
2 3009 3337
2 3167 3030
2 3167 3178
2 3174 3030
2 3010 3021
2 3011 3329
2 3011 3021
2 3011 3007
2 3011 3342
2 3011 3337
2 3011 3020
2 3180 3329
2 3180 3330
2 3180 3337
2 3180 2865
2 3185 3183
2 3185 3326
2 3022 3329
2 3022 3330
2 3022 2860
2 3022 2865
2 3188 3326
2 3023 3329
2 3023 3330
2 3023 2865
2 3195 3178
2 3190 3200
2 3190 3329
2 3190 3330
2 3190 3341
2 3190 3467
2 3190 3340
2 3190 3338
2 3190 2865
2 3017 8887
2 3017 3178
2 3200 3609
2 3200 2577
2 3200 3607
2 3203 3873
2 3203 2575
2 3196 3016
2 3196 3178
2 3032 8914
2 3032 2579
2 3032 2392
2 3199 2591
2 3035 3216
2 3035 3033
2 3035 2868
2 3205 2591
2 3205 8887
2 3212 2879
2 3050 2880
2 3050 3218
2 3050 8887
2 3050 8889
2 2878 3351
2 2878 3047
2 3140 3222
2 3140 1019
2 3140 1016
2 3140 5806
2 3140 5866
2 3140 5639
2 3223 3973
2 3223 4518
2 1174 967
2 1174 963
2 1174 958
2 1174 4146
2 1174 968
2 3233 3242
2 3233 2916
2 3233 2461
2 3233 3391
2 3233 2746
2 3233 2628
2 2750 3245
2 3234 3077
2 3071 3389
2 3071 3617
2 2751 3394
2 2751 3382
2 2751 3386
2 3078 3077
2 2917 2052
2 3242 2461
2 3244 3380
2 3244 3239
2 3244 2255
2 2921 3402
2 2921 3257
2 2921 3255
2 3249 2922
2 3084 3395
2 3084 3393
2 3084 2912
2 3084 3392
2 3094 3399
2 3094 2922
2 3094 3088
2 2606 3395
2 3093 3096
2 3093 3400
2 3091 3096
2 3091 3400
2 2605 3395
2 2605 2234
2 3259 3523
2 3096 3407
2 3096 3408
2 3096 3412
2 3096 2944
2 3096 3419
2 3096 3106
2 3263 3407
2 3263 3408
2 3263 2944
2 3263 3419
2 3098 3260
2 3098 3405
2 3098 3278
2 3264 3407
2 3264 3408
2 3267 3110
2 3267 3419
2 3109 3270
2 3109 3271
2 3115 3425
2 3115 3426
2 3115 2489
2 3116 3427
2 3116 3667
2 3116 3430
2 3116 3546
2 3116 3673
2 3116 2950
2 3116 2655
2 3116 2489
2 3119 3282
2 3119 3285
2 3119 3289
2 3119 2971
2 3119 2958
2 3119 2965
2 2039 2740
2 3282 2226
2 3282 3123
2 3122 3133
2 3122 2969
2 2962 3544
2 2962 3433
2 2962 3423
2 2962 2814
2 2962 3128
2 3132 3129
2 3132 3134
2 3292 4176
2 1183 4142
2 1112 3369
2 1112 3974
2 1112 1113
2 1112 3982
2 3142 36
2 2989 3304
2 2989 3308
2 2989 8710
2 2989 3306
2 3304 2839
2 3143 37
2 3313 2686
2 3313 2542
2 3151 3679
2 3151 3574
2 3151 28
2 3311 3327
2 3311 8916
2 3311 3303
2 3170 3327
2 3170 2827
2 3170 2992
2 3320 2680
2 3320 3169
2 3320 3317
2 3320 3144
2 3175 3327
2 3175 3322
2 3324 3189
2 3324 3178
2 3324 3184
2 3324 3319
2 3324 3323
2 2437 3853
2 2437 3858
2 2437 3453
2 3329 3194
2 3329 1438
2 3330 3455
2 3330 8383
2 3330 3606
2 3330 3339
2 3021 3785
2 3021 3970
2 3021 3342
2 3201 3197
2 3201 2716
2 3201 3873
2 3201 3607
2 8918 3873
2 8918 3182
2 8918 3608
2 8918 8929
2 3207 3456
2 3207 3480
2 3207 8914
2 3207 3481
2 3207 3182
2 3044 3471
2 3044 3600
2 3044 3487
2 3044 3040
2 3351 3358
2 3351 3477
2 3356 3218
2 3356 2879
2 3356 3043
2 3356 3038
2 3359 3864
2 3359 1217
2 3359 1219
2 3359 3293
2 3359 3364
2 3359 1292
2 3359 1295
2 3359 4294
2 1284 3772
2 1284 3949
2 3369 3436
2 3377 1437
2 3377 3366
2 3377 1289
2 3377 1438
2 3377 3367
2 3377 3686
2 3377 3689
2 2911 8898
2 3235 2910
2 3235 3617
2 3076 3715
2 3076 3802
2 3236 3240
2 3236 3619
2 3236 3624
2 3068 2630
2 3380 3243
2 3380 2630
2 3395 3243
2 3395 3081
2 3256 3404
2 3256 3250
2 3256 3262
2 3256 3528
2 3261 3523
2 3261 3255
2 3407 3527
2 3407 3268
2 3408 3520
2 3408 3268
2 3266 3414
2 3266 3537
2 3266 3415
2 3266 3754
2 3266 3419
2 3270 3756
2 3270 3278
2 3270 2947
2 3270 2950
2 3272 3660
2 3272 3108
2 3272 3538
2 3107 3538
2 3420 2229
2 3274 3667
2 3274 3756
2 3274 3666
2 3274 3542
2 3274 3934
2 2226 2214
2 2226 3285
2 3280 3667
2 3421 2612
2 3421 2214
2 3421 2216
2 3427 2287
2 3427 2489
2 3424 3544
2 3424 2224
2 3424 3545
2 2042 3287
2 2042 2044
2 2042 2963
2 3125 2211
2 3130 3133
2 3129 3133
2 1436 3366
2 1436 3166
2 3370 1542
2 3370 5454
2 3372 3881
2 3372 1540
2 3372 3883
2 2990 3439
2 3305 3445
2 3305 32
2 3305 29
2 3305 25
2 3314 3560
2 3314 2542
2 3314 3160
2 3314 8778
2 3314 3766
2 3314 3562
2 3445 27
2 3445 28
2 3327 3168
2 3327 3169
2 3327 3312
2 3327 3301
2 3327 2992
2 3161 3851
2 3161 3852
2 3161 2438
2 3161 3315
2 3161 2852
2 3448 1437
2 3449 3681
2 3449 3166
2 3449 3337
2 3335 3166
2 3456 3348
2 3456 3480
2 3456 3858
2 3456 8914
2 3456 3704
2 3341 3596
2 3467 3197
2 3467 3466
2 3467 3968
2 3467 3191
2 3197 3340
2 3197 3785
2 3197 3202
2 3471 3595
2 3471 3600
2 3471 3604
2 3471 3041
2 3471 3043
2 3471 3214
2 3471 3216
2 3471 3487
2 3471 3040
2 3471 3037
2 3348 3209
2 3348 3033
2 3348 3790
2 3348 3873
2 3474 3479
2 3209 3480
2 3209 3486
2 3209 3703
2 3209 3349
2 3209 3612
2 3209 3481
2 3484 3599
2 3357 3604
2 3357 3486
2 3357 3218
2 3357 2879
2 3357 3213
2 3357 3487
2 3357 3038
2 1431 3361
2 1431 1296
2 1431 4339
2 1431 1551
2 1431 4975
2 1431 4874
2 1431 4294
2 1431 4387
2 1431 4875
2 1431 4034
2 1499 3878
2 1499 3879
2 1542 1113
2 1542 3437
2 1542 1545
2 3494 3559
2 3494 1437
2 3494 3681
2 3499 3559
2 3499 3681
2 3499 4508
2 1628 3496
2 1628 4456
2 1628 8703
2 3072 3617
2 3072 3624
2 3241 3886
2 3241 3725
2 3237 3617
2 3394 3617
2 3399 3628
2 3399 8805
2 3400 3625
2 3402 3404
2 3402 3808
2 3402 3250
2 3402 3251
2 3402 3528
2 3401 3518
2 3401 3627
2 3401 3517
2 3401 3526
2 3520 3412
2 3404 3808
2 3404 3255
2 3404 3809
2 3404 3269
2 3413 3525
2 3413 3662
2 3413 3659
2 3414 3662
2 3414 3527
2 3414 3659
2 3414 3660
2 2229 3639
2 2229 3644
2 2229 3647
2 2225 3639
2 2223 2612
2 3535 3658
2 3535 3838
2 3535 3665
2 3535 4026
2 3535 3660
2 3535 3538
2 3416 3740
2 3416 2947
2 3416 2950
2 3416 3668
2 3416 3757
2 3543 2671
2 3543 2672
2 2612 2038
2 2612 2224
2 2612 3434
2 3425 3279
2 2214 1932
2 2214 2038
2 2214 3434
2 2214 3124
2 2214 3423
2 3544 3434
2 3544 3124
2 3544 2963
2 3544 3423
2 2044 2740
2 3433 3551
2 3432 2963
2 1622 3502
2 1622 1631
2 1622 3501
2 1622 5452
2 32 3570
2 3438 3563
2 3438 3310
2 3438 3325
2 3438 3566
2 3559 1437
2 3559 1438
2 3559 3158
2 3316 3769
2 3316 3453
2 3316 3771
2 3563 3144
2 1435 3166
2 3565 3144
2 1437 3455
2 1437 3366
2 1437 3686
2 1437 3333
2 1437 8383
2 1437 3334
2 3452 188
2 3452 190
2 3452 8778
2 3452 3454
2 3452 3766
2 3567 3576
2 3567 28
2 2440 3684
2 2440 3771
2 3568 28
2 3571 3683
2 3571 28
2 3575 3479
2 3575 3475
2 3575 3589
2 3575 3586
2 2435 3692
2 2435 3858
2 3580 3593
2 3580 3683
2 3455 3463
2 3455 3699
2 3455 3337
2 3455 3462
2 3582 3475
2 3590 3699
2 3458 3693
2 3458 8914
2 3458 3584
2 3588 3037
2 3464 3603
2 3593 3475
2 3593 3037
2 3593 2868
2 3593 3585
2 3466 3463
2 3466 3699
2 3466 3338
2 3466 3606
2 3466 3462
2 3595 3587
2 3595 3040
2 3595 3037
2 3340 3463
2 3340 3786
2 3340 3699
2 3340 3968
2 3340 3462
2 3340 4195
2 3600 3587
2 3600 3478
2 3600 3472
2 3600 3043
2 3600 3482
2 3600 3210
2 3600 3040
2 3600 3479
2 3600 3475
2 3600 3695
2 3600 3037
2 3480 3347
2 3480 8914
2 3604 3587
2 3604 3477
2 3604 3478
2 3604 3479
2 3604 3695
2 3486 3478
2 3486 3038
2 1630 4493
2 618 708
2 618 795
2 881 999
2 881 787
2 1882 2964
2 3248 3893
2 3248 8935
2 3248 3910
2 3510 3070
2 3518 3721
2 3518 3527
2 3623 3509
2 3627 3721
2 3627 3723
2 3627 3722
2 3632 3616
2 3632 3619
2 3631 3642
2 3631 3644
2 3631 3637
2 3525 3723
2 3525 3730
2 3525 4103
2 3525 3415
2 3636 3647
2 3640 3647
2 3406 3824
2 3646 3531
2 3646 3649
2 3530 3649
2 3531 3649
2 3531 3645
2 3653 3734
2 3653 3817
2 3653 3818
2 3653 3663
2 3653 3751
2 3653 3837
2 3652 3649
2 3652 2228
2 3652 3645
2 3655 3665
2 3655 3837
2 3658 3746
2 3658 3751
2 3658 3837
2 8936 3665
2 8936 4026
2 3667 3939
2 3667 3275
2 2210 2675
2 3430 3549
2 3430 3845
2 2090 3549
2 2218 2216
2 2218 3545
2 2218 2675
2 3551 2216
2 3551 3545
2 3551 2675
2 3551 3288
2 1932 2038
2 1932 3434
2 29 3560
2 29 2839
2 29 3306
2 1492 1325
2 3681 3158
2 3681 4310
2 3378 3366
2 27 3561
2 27 3566
2 27 3570
2 31 3684
2 3573 3581
2 3573 3770
2 3573 3566
2 3573 3771
2 183 3770
2 183 3852
2 3366 3773
2 3366 3774
2 3366 3598
2 3366 8383
2 3685 8383
2 2439 3852
2 3581 3770
2 3581 3479
2 3581 3684
2 3581 3771
2 3687 3772
2 3687 3773
2 3687 3698
2 3687 3603
2 3587 3770
2 3587 3592
2 3587 3775
2 3587 3479
2 3587 3599
2 3587 3695
2 3587 3594
2 3587 3683
2 3587 3684
2 3587 3691
2 3692 3770
2 3692 3690
2 3692 3592
2 3692 3775
2 3692 3599
2 3692 3584
2 3692 3691
2 3692 2436
2 3693 3592
2 3693 3775
2 3693 3706
2 3693 3599
2 3693 3611
2 3693 3584
2 3693 3182
2 3602 3774
2 3602 3777
2 3602 3779
2 3463 3334
2 3463 3468
2 3463 3966
2 3463 3700
2 3470 3874
2 3470 2449
2 3470 3342
2 3470 2448
2 3470 3202
2 3470 2453
2 3703 3347
2 2038 2808
2 2041 3435
2 2093 2211
2 2092 2675
2 2211 3434
2 2216 2224
2 2216 2227
2 2216 2228
2 2216 3423
2 3390 3802
2 3708 3514
2 3387 3728
2 3387 3886
2 3516 3910
2 3616 3635
2 3628 3806
2 3724 3388
2 3724 3635
2 3638 3803
2 3638 3615
2 3721 3894
2 3721 3896
2 3721 3626
2 3721 3526
2 3721 3527
2 3642 3803
2 3642 3532
2 3642 3644
2 3642 3726
2 3642 3725
2 3723 3734
2 3723 3662
2 3723 3894
2 3723 3896
2 3723 3812
2 3723 3526
2 3723 3527
2 3723 3659
2 3727 3728
2 3649 3532
2 3649 3644
2 3649 3726
2 3734 3730
2 3734 3817
2 3734 3818
2 3734 3896
2 3529 3810
2 3529 4125
2 3529 4266
2 3529 4269
2 3529 3824
2 3529 3742
2 3662 3730
2 3656 3661
2 3656 3663
2 3656 3747
2 3656 3839
2 3656 3746
2 3656 3820
2 3656 3415
2 3656 3664
2 3656 3748
2 3656 3837
2 3656 4028
2 3740 3669
2 3740 3405
2 3740 3934
2 3740 3843
2 3740 4021
2 3740 3668
2 3740 3757
2 3740 3674
2 3536 3839
2 3536 4028
2 3756 4125
2 3756 4131
2 3756 3405
2 3756 3269
2 3756 3271
2 3669 3741
2 3669 3542
2 3547 3940
2 3549 3675
2 2224 2228
2 2224 3289
2 2231 2487
2 3560 25
2 201 3453
2 3365 3947
2 3365 3949
2 188 3762
2 188 3761
2 3770 185
2 3770 3592
2 3770 3767
2 3770 3768
2 3770 187
2 3770 3691
2 3770 184
2 1285 1286
2 1285 3796
2 1285 3947
2 1285 3949
2 185 3851
2 185 3852
2 3368 3947
2 3368 3949
2 3368 4187
2 3583 3860
2 3583 3856
2 3772 3864
2 3772 3361
2 3772 3778
2 3772 3689
2 3772 3698
2 3690 3862
2 3690 3865
2 3690 3860
2 3690 3856
2 3773 3864
2 3592 3862
2 3592 3865
2 3592 3691
2 3592 3856
2 3774 3961
2 3774 3598
2 3777 3961
2 3706 8914
2 3601 3699
2 3601 3968
2 3601 4357
2 3785 3339
2 3785 137
2 3786 3609
2 3786 2619
2 3786 1742
2 3609 3874
2 3609 8921
2 3609 3873
2 3609 1742
2 2770 2525
2 2770 2318
2 2527 2774
2 1552 1633
2 1552 4472
2 1552 8704
2 1541 3797
2 1541 5676
2 1541 5906
2 1544 1370
2 1544 1494
2 1544 3799
2 3797 1543
2 3797 6045
2 3622 3884
2 3622 3993
2 3622 3910
2 3622 3899
2 3513 3885
2 3513 3886
2 3513 3887
2 3803 3715
2 3803 3887
2 3803 3615
2 3720 3730
2 3720 3894
2 3720 3896
2 3524 8814
2 3728 3887
2 3722 3814
2 3722 3626
2 3722 3526
2 3808 3893
2 3808 3528
2 3808 4003
2 3730 3526
2 3730 3659
2 3813 3814
2 3650 3810
2 3650 4125
2 3650 4266
2 3650 4269
2 3650 3824
2 3650 3742
2 3736 3814
2 3736 3747
2 3736 4009
2 3736 3922
2 3736 3812
2 3736 3733
2 3736 3746
2 3736 3820
2 3817 4006
2 3817 4009
2 3817 3922
2 3817 4025
2 3817 3733
2 3817 3823
2 3817 3746
2 3818 3921
2 3818 3733
2 3741 4022
2 3741 3938
2 3741 4125
2 3741 4131
2 3741 4032
2 3741 3843
2 3741 4021
2 3741 3674
2 3828 3904
2 3828 3912
2 3828 3913
2 3828 3429
2 3828 3548
2 3828 3845
2 3828 3920
2 3828 3926
2 3663 4028
2 3838 3842
2 3838 3837
2 3838 3753
2 3831 3846
2 3831 2104
2 3831 3845
2 3539 3930
2 3666 3932
2 3671 3932
2 3671 3933
2 3671 4029
2 3760 3846
2 3760 3758
2 3760 3845
2 3675 3939
2 3795 3500
2 3795 3849
2 3798 1494
2 1325 3500
2 1325 3680
2 1325 3948
2 1290 3362
2 1290 3948
2 3767 3950
2 3767 3562
2 3768 3950
2 3768 3857
2 3768 3954
2 3768 3856
2 3850 3857
2 3850 3854
2 3850 3959
2 3850 3954
2 3850 3856
2 3851 3955
2 3851 3451
2 3851 3856
2 3852 187
2 3852 2438
2 3852 3451
2 3852 3691
2 3852 3860
2 3853 2438
2 3858 3790
2 3858 3783
2 3858 3873
2 3858 3182
2 3864 3362
2 3864 1116
2 3864 3363
2 3864 1218
2 3864 1117
2 3864 3294
2 3864 3964
2 3865 3591
2 3865 3856
2 3697 4357
2 3699 3597
2 3699 3465
2 3699 3966
2 3870 2619
2 3870 4193
2 3789 3611
2 3789 3784
2 3789 3782
2 3789 8921
2 3875 5621
2 3500 3495
2 3801 1372
2 3801 3800
2 1495 3882
2 1495 6296
2 1495 3800
2 1495 5914
2 1370 1545
2 3718 3711
2 3718 3712
2 3718 3715
2 3718 3899
2 3711 3804
2 3806 3994
2 3806 3629
2 3806 8792
2 3894 3998
2 3894 4001
2 3894 4006
2 3894 4098
2 3894 3994
2 3894 3733
2 3885 3807
2 3895 8792
2 3898 3710
2 3898 3886
2 3814 3897
2 3814 3998
2 3814 4009
2 3814 4000
2 3814 8792
2 3900 3999
2 3900 3710
2 3900 3886
2 3900 3993
2 3810 3528
2 3810 3651
2 3903 3830
2 3903 3886
2 3903 3993
2 3903 3833
2 3904 3833
2 3912 3910
2 3912 3833
2 3738 4021
2 3913 3833
2 3821 4025
2 3821 4134
2 3744 4125
2 3744 4032
2 3834 4019
2 3822 3747
2 3822 4025
2 3822 3820
2 3921 3747
2 3921 3746
2 3921 3820
2 3921 3664
2 3921 3748
2 3747 3659
2 3665 3657
2 3665 3660
2 3846 4020
2 3846 4022
2 3846 2675
2 3846 3832
2 3846 3829
2 3846 3844
2 3846 8901
2 3939 3933
2 3939 3758
2 3939 4029
2 1186 6061
2 1186 6428
2 1186 6295
2 1186 1172
2 1186 3971
2 1186 1177
2 1180 5637
2 1180 1071
2 1180 3941
2 1180 1172
2 3849 4034
2 3947 3958
2 3947 3957
2 3947 4043
2 3955 7064
2 3949 1292
2 3362 3958
2 3362 1292
2 3362 1295
2 3362 4043
2 3861 4041
2 3861 4042
2 3861 3863
2 3861 3859
2 3360 1116
2 3360 3363
2 3360 1218
2 3360 1292
2 3360 1295
2 3857 4042
2 3857 3959
2 3361 1295
2 3361 3964
2 3961 1218
2 3961 1117
2 3961 3294
2 3961 4049
2 3961 4051
2 3961 4053
2 3961 4054
2 3961 4058
2 3961 4057
2 3961 3293
2 3961 3779
2 3961 4059
2 3867 3962
2 3867 4188
2 3965 3689
2 3965 3597
2 3968 4359
2 3968 3606
2 3968 4192
2 3968 4190
2 1743 3966
2 3874 3608
2 3874 3863
2 3874 3701
2 1171 968
2 1171 3987
2 1171 4847
2 1171 4845
2 3973 4176
2 3973 3291
2 3973 3300
2 3973 4173
2 3973 4175
2 3376 3882
2 3376 4632
2 3228 4176
2 3228 3229
2 3228 4143
2 3228 4337
2 3228 3976
2 3228 3983
2 3228 4518
2 3228 4175
2 3228 3985
2 3980 1113
2 962 1016
2 962 3137
2 962 3141
2 962 1176
2 914 6437
2 914 7656
2 914 7497
2 3902 4098
2 3884 3714
2 3897 3997
2 3897 8782
2 3897 8792
2 3893 3911
2 3893 8833
2 3893 3910
2 3999 8862
2 3999 3901
2 3998 4099
2 3998 4100
2 3998 3896
2 3998 3812
2 3998 3733
2 3911 3892
2 3911 8869
2 3911 3804
2 3911 3887
2 3911 3901
2 4001 4099
2 4001 3896
2 4005 4019
2 4005 3901
2 4006 3927
2 4006 4099
2 4006 4122
2 4006 4024
2 4006 3896
2 4006 3823
2 3816 4003
2 4015 4019
2 4015 4121
2 4015 4013
2 4015 3919
2 4015 8897
2 4009 3927
2 4009 4122
2 3815 4003
2 3922 3819
2 3916 4019
2 3916 4003
2 3916 3919
2 4019 3830
2 4019 3915
2 4019 3833
2 4020 4121
2 4020 4013
2 4020 3937
2 3826 4018
2 4022 4032
2 4022 3937
2 3928 4274
2 3839 3415
2 3839 3657
2 4026 4136
2 4026 4706
2 4026 4135
2 4026 4137
2 3842 3754
2 3842 4030
2 3842 4135
2 3842 4139
2 3935 8901
2 3933 8896
2 3933 8886
2 3933 8901
2 910 3988
2 910 7372
2 2660 2656
2 2660 2658
2 2660 2293
2 3948 3957
2 3948 4155
2 3948 4160
2 3948 4163
2 3948 4166
2 3948 4162
2 3948 4159
2 3948 4164
2 3958 4035
2 4040 8937
2 4041 8937
2 4041 2448
2 4041 3855
2 4041 7064
2 4041 8550
2 4041 2452
2 4041 3954
2 3943 4170
2 3943 4174
2 3943 4175
2 3943 4177
2 3943 4043
2 1217 4174
2 1217 4175
2 1116 1117
2 1116 4174
2 1116 4175
2 1218 5867
2 2449 3701
2 1117 3229
2 3294 3229
2 4049 4058
2 4049 3229
2 4049 5867
2 4051 4144
2 4058 4143
2 4058 4144
2 4058 4199
2 4060 4199
2 4062 4199
2 4062 4201
2 4062 4202
2 4064 4199
2 4064 4201
2 4064 4202
2 4064 4221
2 4064 4372
2 4064 4209
2 4071 4837
2 2981 2987
2 2981 5732
2 2981 4951
2 2981 2988
2 2981 5733
2 2981 5737
2 2981 7207
2 2981 4088
2 2981 6695
2 2986 842
2 2986 847
2 2986 3051
2 2983 2982
2 965 4996
2 965 5811
2 4098 4119
2 4103 3626
2 4106 4261
2 4106 4405
2 4106 4406
2 4111 4261
2 4111 4266
2 4113 3892
2 4099 4253
2 4099 4255
2 4099 4256
2 4116 4121
2 4008 4011
2 4008 4118
2 4008 4253
2 4008 4780
2 3908 8938
2 3908 4264
2 4014 4264
2 4014 4017
2 4012 4129
2 4012 4264
2 4012 4128
2 4011 4253
2 4011 4130
2 4011 4124
2 4125 3824
2 4125 3742
2 4125 8912
2 4131 4128
2 4131 3824
2 4131 3742
2 4027 4703
2 4027 8848
2 4027 4704
2 3930 4030
2 3930 3538
2 3930 3755
2 4138 4032
2 4138 3937
2 1020 5806
2 1020 3220
2 3222 5866
2 3222 1176
2 1175 961
2 4148 4305
2 4148 4301
2 4148 4311
2 4150 4318
2 4150 4319
2 4150 4162
2 4152 4318
2 4152 4162
2 4155 4318
2 4163 4331
2 4166 4318
2 4166 4331
2 4166 8798
2 4046 4164
2 4170 3944
2 4170 8797
2 4172 4325
2 4172 4047
2 4172 4043
2 4172 4178
2 1294 4173
2 4176 1115
2 4176 3229
2 4176 4180
2 4176 3227
2 2456 2451
2 2456 2450
2 1115 4173
2 1219 4295
2 3229 4175
2 3869 4624
2 3869 4631
2 3869 4188
2 3869 4635
2 3869 4352
2 3869 8841
2 4143 4199
2 2619 2617
2 2617 2618
2 2617 4194
2 2617 3871
2 2617 1742
2 4144 4199
2 4144 5950
2 4144 4059
2 4144 4206
2 4144 4061
2 4057 4362
2 4057 3866
2 4057 4183
2 4199 4196
2 4199 4061
2 4067 4363
2 4067 4204
2 4201 4208
2 4201 4368
2 4202 4213
2 4202 4217
2 4207 4213
2 4207 8823
2 4212 4210
2 4214 4663
2 4218 4663
2 4218 4537
2 4222 4537
2 4229 4239
2 4229 4223
2 4232 4239
2 4232 4223
2 3293 4295
2 4237 4234
2 4237 4236
2 4237 4247
2 4238 4247
2 4242 4230
2 3297 1072
2 3227 3300
2 3227 4249
2 3291 3230
2 3300 3975
2 3300 3974
2 3300 3230
2 3300 4507
2 3300 4637
2 3300 5123
2 3300 3982
2 4119 4392
2 4118 4392
2 4118 4780
2 4253 4130
2 4253 4392
2 4253 4407
2 4253 4260
2 4253 4780
2 4253 4100
2 4255 4392
2 4255 4407
2 4255 4780
2 4261 4405
2 4261 8806
2 4261 8814
2 4261 8815
2 4261 8832
2 4261 8938
2 4261 4115
2 4261 8882
2 4256 4407
2 4256 4413
2 4256 4416
2 4256 4271
2 4256 4421
2 4263 8849
2 4263 8882
2 4258 4803
2 4129 4121
2 4130 4421
2 4130 4422
2 4130 4429
2 4130 4801
2 4130 4803
2 4130 8812
2 4025 3819
2 4025 8843
2 4025 4706
2 4276 4444
2 4276 3753
2 4280 4447
2 4280 4448
2 4280 4435
2 4280 4459
2 4282 4299
2 4285 4298
2 4285 4299
2 4285 4301
2 3364 1432
2 3364 4637
2 3364 5867
2 3364 5123
2 4287 4301
2 1438 3166
2 1438 8383
2 4292 4457
2 3166 3336
2 4298 4297
2 4300 4313
2 4300 4457
2 4300 4469
2 4300 4475
2 4300 4470
2 4302 4313
2 3371 3299
2 3371 4252
2 3158 2843
2 3375 4252
2 4313 4469
2 4313 4474
2 4313 4475
2 4313 4478
2 4313 4157
2 4313 4484
2 4313 4299
2 4313 8872
2 4313 4156
2 4313 4317
2 4313 4485
2 4313 4598
2 4154 4301
2 4158 4318
2 4158 4331
2 4318 4149
2 4318 4151
2 4318 4317
2 4318 4164
2 4319 4482
2 4319 4483
2 4319 4162
2 4165 4316
2 4165 4327
2 4165 4607
2 4320 4483
2 4320 4162
2 4322 4321
2 4322 4498
2 4322 4502
2 4322 4501
2 4322 4162
2 4322 4171
2 4168 4339
2 4168 8798
2 4168 4171
2 4325 4337
2 4325 4502
2 4325 4175
2 4325 4177
2 4325 4171
2 4329 4177
2 4332 4502
2 4332 4503
2 4332 4613
2 4332 4504
2 1296 1432
2 1296 4173
2 4336 4510
2 4336 6074
2 4336 4512
2 4336 4351
2 4336 4179
2 4337 4502
2 4337 4503
2 4337 4175
2 4337 4613
2 4340 138
2 4340 4510
2 4340 6074
2 4340 4345
2 4340 4344
2 3976 4506
2 3976 4507
2 3976 4346
2 3976 4613
2 1292 4173
2 4342 6075
2 4342 4345
2 3975 4173
2 4348 4195
2 4353 4195
2 3230 4517
2 4295 3295
2 4295 5867
2 4295 3960
2 4184 4522
2 4184 4182
2 4184 5950
2 4184 4197
2 4186 4359
2 4189 4631
2 4189 4634
2 4189 4635
2 4198 4522
2 4198 4645
2 4198 4526
2 4198 5950
2 4198 4356
2 4198 4206
2 4198 4061
2 4198 4525
2 4362 4526
2 4362 4059
2 4366 4747
2 4373 4539
2 4373 4532
2 4231 4538
2 4231 4224
2 4234 4241
2 4234 4383
2 4236 4539
2 4236 4380
2 4236 4382
2 4236 4227
2 4236 4225
2 3436 4308
2 4241 4547
2 3489 3504
2 3489 3492
2 3489 4975
2 3489 4471
2 3489 3557
2 3489 4875
2 3496 4250
2 3496 4456
2 3496 4308
2 3496 4985
2 3491 4975
2 3491 3614
2 3491 4471
2 3491 1625
2 3491 3556
2 3491 4386
2 4392 4665
2 4392 4666
2 4392 4556
2 4396 3888
2 4396 8793
2 4401 4787
2 4401 4793
2 4401 4794
2 4407 4413
2 4407 4393
2 4407 4679
2 4268 4262
2 4409 4562
2 4405 4423
2 4405 8814
2 4405 4262
2 4405 4266
2 4413 4675
2 4413 4408
2 4271 4435
2 4423 4406
2 4421 4813
2 4421 4124
2 4421 4435
2 4424 3929
2 4424 8882
2 4422 4565
2 4422 4124
2 4422 4435
2 4428 4275
2 4428 3753
2 4428 3929
2 4429 4124
2 4431 4124
2 4436 4132
2 4444 4278
2 4447 4437
2 4447 4584
2 4447 4587
2 4447 4577
2 4447 4569
2 4447 4581
2 4447 4435
2 4447 4459
2 4448 4286
2 4448 4459
2 4283 4442
2 4450 4584
2 4450 4588
2 4450 4585
2 4450 4459
2 4450 4712
2 4450 4289
2 4297 4301
2 3502 3555
2 3502 3493
2 3502 4471
2 3502 1620
2 3502 4388
2 3502 5452
2 3502 2976
2 4457 4290
2 4457 4454
2 4457 4455
2 3504 3490
2 3504 4456
2 3504 1624
2 3504 5123
2 4293 4290
2 3555 4493
2 3555 1631
2 3555 3501
2 3555 4388
2 3555 5452
2 3555 5111
2 4466 4587
2 4466 4464
2 4466 4459
2 3552 3556
2 4469 4299
2 4474 4299
2 4474 4153
2 4475 4716
2 4475 8872
2 4475 4153
2 4309 4303
2 4478 4476
2 4478 5071
2 4478 4468
2 4478 4479
2 4478 4716
2 4478 4153
2 4314 5071
2 4314 4716
2 4314 4942
2 4314 4153
2 4321 4317
2 4321 4324
2 4316 4602
2 4316 4607
2 4316 4151
2 4316 4331
2 3495 4508
2 3495 4617
2 3495 4620
2 3495 4618
2 3495 4509
2 3613 4551
2 3613 4973
2 3613 1631
2 3613 4876
2 4498 4505
2 4339 1432
2 4339 1556
2 4502 4626
2 4502 4608
2 4502 4614
2 4502 4630
2 4502 4515
2 4508 4615
2 4503 4626
2 4503 4614
2 4510 4615
2 4510 4345
2 4510 4344
2 4510 4335
2 4506 4499
2 4506 4500
2 4507 4614
2 4507 4514
2 1295 4294
2 1295 4173
2 4516 4626
2 4516 3981
2 4516 3978
2 4516 4614
2 4516 3985
2 4516 4632
2 4517 4626
2 4517 3981
2 4517 3985
2 3983 4515
2 4518 4728
2 4518 4515
2 4355 5123
2 4359 4727
2 4359 4357
2 4359 3868
2 4365 4646
2 4365 4743
2 4365 4647
2 4365 4888
2 4527 4646
2 4527 4649
2 4527 4069
2 4527 4372
2 4527 4533
2 4531 4533
2 4371 4661
2 4371 4376
2 4377 4660
2 4377 4750
2 4377 4215
2 4378 4532
2 4378 4376
2 4378 4225
2 4539 4532
2 4539 4541
2 4539 4228
2 4539 4227
2 4539 4225
2 4380 4541
2 4380 4540
2 4380 4227
2 4380 4225
2 4382 4546
2 4382 4385
2 4382 4541
2 4382 4384
2 4382 4240
2 624 708
2 1615 4554
2 4546 4545
2 4546 4547
2 4385 4545
2 4385 4243
2 4385 4553
2 4385 4543
2 4385 4547
2 4554 4620
2 4554 4552
2 4554 4490
2 4554 4511
2 4393 4665
2 4393 4671
2 4393 4772
2 4393 4776
2 4394 4561
2 4394 4775
2 4410 4679
2 4410 4260
2 4410 4674
2 4411 4675
2 4411 4566
2 4563 4566
2 4565 8939
2 4417 4566
2 4434 4437
2 4434 4572
2 4434 4570
2 4434 8939
2 4434 4571
2 4434 4818
2 4434 4819
2 4434 4821
2 4419 4813
2 4437 4449
2 4437 4690
2 4437 4580
2 4437 4695
2 4437 4435
2 4437 4432
2 4445 4279
2 4445 4278
2 4433 4132
2 4438 4818
2 4438 4132
2 4438 8818
2 4449 4816
2 4449 4817
2 4449 4820
2 4449 5056
2 4449 5055
2 4449 4819
2 4449 4713
2 4442 4453
2 4442 4702
2 4584 4581
2 4584 4453
2 4587 4459
2 4290 4945
2 4461 5071
2 4461 4468
2 4461 4479
2 3678 3434
2 4463 4717
2 4463 8872
2 4463 4945
2 4303 4922
2 4303 4946
2 4303 5068
2 4303 8880
2 4306 4851
2 4484 4602
2 4486 4602
2 4486 4603
2 4486 4855
2 4486 4607
2 4486 4331
2 4486 4720
2 4602 4496
2 4602 4488
2 4602 4601
2 4602 1556
2 4602 4159
2 4602 4600
2 4501 4721
2 4501 4861
2 4501 4859
2 4499 4504
2 4496 8795
2 4505 4861
2 4491 4550
2 4491 1618
2 4491 4619
2 4615 4550
2 4615 4552
2 4615 4511
2 4615 4623
2 4616 4552
2 4616 4635
2 1432 1551
2 1432 4731
2 1432 4294
2 1432 3557
2 1432 4387
2 1432 4173
2 4617 4635
2 4626 4614
2 4626 4726
2 4626 4515
2 4626 4861
2 4626 4504
2 4624 4620
2 4624 4188
2 3981 4724
2 3981 3374
2 4631 4188
2 4631 3967
2 4631 4192
2 3978 1113
2 4634 4192
2 4634 4735
2 3984 4728
2 4636 4633
2 4636 4727
2 4636 4194
2 4636 4192
2 4636 4735
2 3299 4252
2 3299 4196
2 4637 4294
2 4637 4296
2 4522 4526
2 4522 4733
2 4522 5950
2 4522 4356
2 4522 4197
2 4361 4727
2 4361 4877
2 4361 4360
2 4361 8841
2 4524 4651
2 4524 4988
2 4524 4068
2 4524 4525
2 4524 8823
2 4524 4892
2 4651 4751
2 4657 4530
2 4657 4376
2 4657 7065
2 4532 4541
2 4532 7065
2 4541 4545
2 4541 4553
2 4541 4543
2 4541 4662
2 4542 4536
2 4544 4664
2 4545 4664
2 4545 4540
2 4545 4536
2 4545 4748
2 3124 3435
2 3435 3545
2 3435 3288
2 3545 3423
2 2227 3289
2 2234 2774
2 2234 2796
2 2234 2793
2 4665 4772
2 4665 4893
2 4665 4769
2 4665 5017
2 4665 8773
2 4666 4669
2 4666 8773
2 4556 8773
2 4555 4679
2 4555 4790
2 4555 4906
2 4561 8770
2 4675 4395
2 4675 4408
2 4562 4566
2 4562 4567
2 4562 4801
2 4680 4787
2 4680 4786
2 4566 4801
2 4566 4804
2 4566 4674
2 4566 4802
2 4566 4803
2 4567 4801
2 4567 4804
2 4567 4802
2 4567 4803
2 4686 4801
2 4686 4804
2 4686 4803
2 4686 5055
2 4686 8796
2 4572 5055
2 4578 4697
2 4578 4812
2 4574 4132
2 4574 8818
2 4579 4812
2 4579 4693
2 4701 4820
2 4701 4819
2 4701 4453
2 4701 4713
2 4701 4712
2 4703 8845
2 4703 4446
2 4582 4817
2 4582 4820
2 4582 5195
2 4582 5056
2 4582 4812
2 4582 8788
2 4582 5055
2 4590 4817
2 4590 4820
2 4590 5056
2 4590 8788
2 4590 4453
2 4588 5056
2 4588 4453
2 4593 4452
2 4593 4288
2 4454 4831
2 4454 4945
2 2776 2796
2 2776 2795
2 2776 2794
2 2774 2795
2 2774 2793
2 4476 8872
2 4603 4855
2 4603 8795
2 1555 4857
2 1555 4606
2 1551 4973
2 4614 4860
2 4614 4632
2 4614 4861
2 4614 4859
2 4614 4514
2 4614 4504
2 4630 4861
2 4620 4633
2 4620 4727
2 4620 4872
2 4620 4973
2 4620 4548
2 4620 4880
2 4628 3880
2 4628 3883
2 4629 4726
2 4629 4966
2 4629 3880
2 4629 3883
2 4629 4861
2 4629 4869
2 4724 3883
2 4724 3985
2 4724 4861
2 4724 4869
2 4633 4550
2 4633 4552
2 4633 4873
2 4633 4618
2 4633 4877
2 4727 4550
2 4727 4872
2 4727 4552
2 4727 4873
2 4727 4880
2 4727 4734
2 4727 4735
2 4728 4977
2 4728 3985
2 4731 4294
2 4731 4296
2 4731 5123
2 4731 4638
2 4731 4639
2 4731 5110
2 4731 4881
2 4248 4182
2 4248 5123
2 4523 4872
2 4645 4739
2 4645 5116
2 4645 5117
2 4645 4889
2 4526 4885
2 4526 4887
2 4526 5950
2 4526 4356
2 4526 4521
2 4526 4644
2 4526 5117
2 4526 4358
2 4646 4530
2 4646 4650
2 4530 4652
2 4658 4653
2 4658 4656
2 4658 4655
2 4658 4652
2 4658 4752
2 4661 4656
2 4661 4655
2 4661 4752
2 4661 4749
2 4660 4533
2 4750 8823
2 4750 4374
2 4664 4751
2 4664 4752
2 4664 4224
2 854 7656
2 854 3055
2 854 3054
2 854 7655
2 852 4824
2 4756 3991
2 4756 4759
2 4756 841
2 4756 842
2 4756 847
2 4756 4033
2 4756 909
2 4756 3063
2 4756 6438
2 849 5354
2 849 7206
2 849 7205
2 4761 845
2 4761 7501
2 4761 3055
2 4668 4893
2 4668 5015
2 4672 4671
2 4672 5021
2 4671 4559
2 4772 4677
2 4772 4559
2 4772 4395
2 4775 4676
2 4775 4395
2 4779 4399
2 4677 4773
2 4685 4404
2 4679 4408
2 4679 4260
2 4679 4257
2 4679 4802
2 4678 8765
2 4787 4400
2 4787 8793
2 4787 4909
2 4787 4681
2 4687 8765
2 4687 4907
2 4793 4681
2 4793 4683
2 4793 4807
2 4793 8848
2 4688 4905
2 4688 4908
2 4688 4911
2 4688 8796
2 4801 4813
2 4801 4674
2 4801 4259
2 4801 4821
2 4794 8848
2 4689 4811
2 4689 8796
2 4689 5303
2 4797 4909
2 4694 8939
2 4694 8796
2 4694 5303
2 4805 4798
2 4805 4909
2 4805 4273
2 4805 4274
2 4696 4695
2 4696 8796
2 4809 4707
2 4809 4704
2 4809 4446
2 4697 4799
2 4813 4804
2 4813 4270
2 4813 4420
2 4813 4803
2 4813 4821
2 4698 4569
2 4698 4571
2 4570 4453
2 4576 5182
2 4576 4818
2 4576 4132
2 4576 8818
2 4699 4818
2 812 845
2 4825 4937
2 4825 6438
2 4831 4921
2 4831 4922
2 4831 4923
2 4831 4702
2 4831 4452
2 4831 8818
2 4831 4833
2 4834 7494
2 4834 7497
2 4834 7645
2 4834 7649
2 4843 5631
2 4843 5771
2 4843 5629
2 2515 2904
2 2515 2915
2 4596 8879
2 2521 2421
2 2521 2524
2 4601 5227
2 4601 5228
2 4601 4954
2 3791 1633
2 3791 4492
2 1550 1635
2 1550 1631
2 1550 4472
2 1550 8704
2 3492 4975
2 3492 4472
2 3492 8704
2 4550 4548
2 4550 4876
2 4550 4490
2 4550 4873
2 4550 4623
2 3490 4975
2 3490 4471
2 3490 1625
2 3490 3556
2 3490 3557
2 4726 4966
2 4726 4969
2 4726 5094
2 4726 3985
2 4726 4861
2 4726 5100
2 4732 4872
2 4732 5104
2 4732 4875
2 4732 8712
2 4732 4358
2 4872 4885
2 4872 4973
2 4872 4975
2 4872 4979
2 4872 4548
2 4872 4387
2 4872 4188
2 4729 4977
2 4729 5100
2 4736 4885
2 4736 8711
2 4736 4188
2 3374 3882
2 3374 3883
2 3374 4632
2 4250 4456
2 4250 3501
2 4250 3503
2 4250 5123
2 4250 4985
2 4733 5115
2 4885 4739
2 4885 4743
2 4885 4741
2 4885 4740
2 4885 4744
2 4885 4987
2 4885 4880
2 4885 4742
2 4885 4878
2 4738 4739
2 4738 5115
2 4738 4889
2 4743 4742
2 4745 4650
2 4746 4744
2 4746 4659
2 4653 4650
2 4653 4204
2 4653 4659
2 4656 4204
2 4656 8823
2 4656 4533
2 4751 4204
2 4751 8823
2 4751 4654
2 4751 4748
2 2525 2318
2 2525 2524
2 2525 2602
2 2228 3639
2 2228 3644
2 2221 3533
2 2217 2675
2 4893 5002
2 4893 5142
2 4893 5139
2 4893 4898
2 4770 5010
2 4767 5012
2 4767 4769
2 4767 4898
2 4670 5021
2 4670 5148
2 4670 5370
2 4670 4898
2 4773 4902
2 4773 5028
2 4673 5156
2 4792 5025
2 4792 8765
2 4792 4907
2 4789 4804
2 4789 5032
2 4789 5271
2 4789 8769
2 4789 4257
2 4789 4802
2 4789 4803
2 4903 5025
2 4903 8765
2 4798 5036
2 4798 4810
2 4811 5195
2 4811 4812
2 4806 4786
2 4913 4691
2 4913 4693
2 4914 4691
2 4914 4693
2 4816 4571
2 4814 5182
2 4814 4818
2 4814 8818
2 4814 5300
2 4822 4818
2 4921 5062
2 4921 4712
2 4921 4832
2 4922 4946
2 4922 5068
2 4922 4455
2 4922 4595
2 4922 8880
2 4927 7650
2 4927 7656
2 4927 7793
2 4927 7499
2 4827 6521
2 4827 4935
2 4827 5125
2 4827 7372
2 4827 6562
2 4086 5732
2 4083 4081
2 4717 4460
2 4718 5068
2 4718 5218
2 4718 5316
2 4718 5074
2 4851 5068
2 4851 5079
2 4851 5222
2 4851 4156
2 4851 5074
2 4851 4853
2 4851 4954
2 4089 5790
2 4089 810
2 4089 5792
2 4089 7373
2 4089 6695
2 4089 6696
2 4854 5080
2 4854 5225
2 4854 5227
2 4854 5226
2 4854 5433
2 4854 4948
2 4854 5323
2 4854 4720
2 4854 5224
2 4855 4858
2 4855 5228
2 4855 5325
2 4855 4604
2 4855 4606
2 4855 8704
2 4855 5330
2 4855 4607
2 4858 4959
2 4858 5330
2 4856 4492
2 4864 5086
2 4611 5232
2 4611 5907
2 4866 5091
2 4866 5232
2 4966 4964
2 4966 5091
2 4966 5090
2 4966 4861
2 4966 5232
2 4966 4722
2 4966 4869
2 1553 3554
2 1553 4975
2 1553 4472
2 1553 1625
2 4551 1635
2 4969 5086
2 4969 5087
2 4969 5094
2 4969 4862
2 4969 4861
2 4973 1635
2 4973 4880
2 4868 5094
2 4868 5096
2 3554 4975
2 3554 4871
2 3554 3614
2 3554 4471
2 3554 3556
2 3554 4386
2 3554 4974
2 3554 4875
2 4976 5094
2 4976 5096
2 4976 4982
2 4976 5352
2 4976 4870
2 4871 4875
2 4977 5094
2 4977 5100
2 4979 4882
2 4879 5109
2 4879 5100
2 3881 3882
2 1113 3979
2 4983 5116
2 4983 5121
2 4882 8712
2 4887 5117
2 4740 4987
2 4740 5117
2 4744 4987
2 4744 5117
2 4744 4890
2 4744 4659
2 4891 4204
2 4891 8823
2 4891 4752
2 4991 2988
2 4991 4084
2 4991 915
2 4991 3052
2 4091 5644
2 4091 5811
2 4091 5648
2 3136 4996
2 3136 4995
2 3136 5642
2 3136 4997
2 3136 4146
2 3136 5779
2 3136 4145
2 3136 4147
2 3136 4999
2 3136 5811
2 3136 5641
2 3136 5778
2 3136 4998
2 3136 5781
2 3136 6182
2 4097 5466
2 4097 964
2 4097 3135
2 4097 4993
2 4140 4096
2 4140 5806
2 4140 5866
2 4140 5778
2 4140 5780
2 3232 961
2 3232 3298
2 3232 5811
2 4142 5866
2 4142 5807
2 4142 5809
2 5002 5129
2 5002 5140
2 5002 5143
2 5002 5139
2 5002 5135
2 5002 5134
2 4895 4898
2 5010 5142
2 5010 5139
2 5010 4771
2 5010 5017
2 5015 5021
2 4769 5148
2 4769 5372
2 4769 4768
2 4769 4896
2 4769 5146
2 4669 5158
2 4669 5264
2 4669 4901
2 4669 5155
2 4902 5027
2 5024 5165
2 5024 5167
2 5024 5267
2 5024 5172
2 5024 5390
2 5024 5391
2 5024 4907
2 4904 5266
2 5025 5029
2 5025 5390
2 5025 5391
2 5036 5048
2 5036 5185
2 5036 5183
2 5036 5050
2 5036 5187
2 4804 5032
2 4804 5182
2 4804 5180
2 4804 4674
2 4804 4821
2 4804 5060
2 5048 5186
2 5048 5185
2 5048 8824
2 5048 4810
2 4916 5285
2 4820 5056
2 4820 8796
2 4820 5197
2 4820 4702
2 4820 4823
2 4918 5300
2 4920 5198
2 4920 5200
2 4923 8818
2 4923 5209
2 4924 5424
2 4924 5209
2 4924 8879
2 4924 8880
2 4946 5218
2 4946 5317
2 4946 4597
2 4946 4852
2 4946 5316
2 4946 5074
2 5071 5428
2 5071 4460
2 5071 5593
2 5071 5590
2 5071 5319
2 4181 5950
2 4181 4354
2 4947 5433
2 4947 8879
2 4947 5323
2 4955 5227
2 4955 5433
2 4955 5323
2 4955 5224
2 4958 5224
2 4963 5326
2 4963 5330
2 5086 5101
2 5086 4865
2 5086 4967
2 5087 5101
2 5087 4865
2 4492 3792
2 4972 5094
2 4972 5098
2 4972 4965
2 4972 5090
2 4972 5101
2 4972 5105
2 3553 3556
2 3553 4974
2 3553 4875
2 4390 4471
2 4390 4875
2 5094 5233
2 5094 5342
2 5094 5343
2 5094 5345
2 5094 4970
2 5094 5239
2 5096 4982
2 5096 4970
2 3882 4982
2 3882 5109
2 3882 3877
2 3882 3883
2 3437 5454
2 4984 5116
2 4984 5121
2 4984 5119
2 5115 4987
2 5115 5104
2 5115 5110
2 5115 4884
2 4987 5118
2 4987 5120
2 4987 5114
2 4987 5119
2 4987 5117
2 5116 4640
2 5116 4364
2 5116 4525
2 5121 4249
2 5121 4252
2 5121 4640
2 5121 4364
2 5121 4525
2 4990 4364
2 4990 4525
2 5122 5117
2 5122 4752
2 4182 4296
2 3367 3698
2 3367 4187
2 3367 3603
2 4249 4252
2 4249 4196
2 4294 5867
2 4294 5123
2 4294 4387
2 4294 3960
2 4294 4643
2 4294 3962
2 4294 8712
2 4928 7372
2 4928 7205
2 3493 5120
2 3493 3497
2 3493 4388
2 3493 1496
2 3498 4471
2 3498 4467
2 3498 4985
2 5129 5241
2 5129 5246
2 5129 5251
2 5129 5249
2 5129 8735
2 5129 5243
2 5129 5005
2 5130 5005
2 5130 5257
2 5137 5144
2 5142 5812
2 5142 5016
2 5142 5813
2 5004 5260
2 5004 5813
2 5004 5145
2 5007 5008
2 5007 5006
2 5007 4771
2 5007 5535
2 4897 5372
2 5021 5148
2 5021 5370
2 5021 5017
2 5021 4896
2 4783 5406
2 4783 4780
2 4783 5046
2 4783 5407
2 5038 5043
2 5038 5274
2 5038 4781
2 5038 5176
2 5038 5185
2 5039 5267
2 5039 5390
2 5029 5172
2 5029 5171
2 5029 5390
2 5165 5390
2 5165 5173
2 5167 5172
2 5167 5284
2 5167 5178
2 5170 5284
2 5170 5291
2 5170 5413
2 5170 5293
2 5179 5047
2 5179 5406
2 5179 5409
2 5179 5407
2 5177 5176
2 5051 8808
2 5051 5296
2 5182 5409
2 5182 4803
2 5182 5305
2 5186 8808
2 5186 5296
2 5186 5298
2 5186 5187
2 5186 8830
2 5192 5290
2 5192 5288
2 5192 5572
2 5056 5057
2 5056 5575
2 5056 5721
2 5056 5726
2 5056 5572
2 5056 4821
2 5056 4589
2 5056 5727
2 5057 5584
2 5057 5726
2 5057 5197
2 5057 4823
2 5057 5579
2 5057 5063
2 5059 5305
2 5059 5299
2 5061 5198
2 5203 5064
2 5203 5208
2 5203 4823
2 5203 4832
2 5203 5063
2 5203 5065
2 5064 5213
2 5064 5205
2 5064 4925
2 5064 5422
2 5066 5068
2 5066 5424
2 5066 8880
2 4471 4493
2 4471 3501
2 4471 4388
2 4471 4386
2 4471 4391
2 4471 4981
2 4471 5114
2 4471 7066
2 4471 5111
2 5068 5213
2 5068 5222
2 5068 5313
2 5068 4597
2 5068 5074
2 4493 1631
2 4493 4472
2 4493 4974
2 4493 5093
2 4493 4875
2 4944 5424
2 4944 5428
2 4944 5427
2 4944 5425
2 4548 4549
2 4548 4552
2 4548 4873
2 4548 4880
2 4950 5079
2 4950 5433
2 5076 5227
2 5079 5222
2 5079 5083
2 5079 4948
2 5225 4957
2 5225 4954
2 5225 5081
2 5082 2897
2 2897 5326
2 2897 5083
2 1678 5325
2 1678 5326
2 1678 5327
2 5089 4968
2 2895 5327
2 2895 5328
2 2895 4857
2 1631 5327
2 1631 5328
2 1631 5331
2 5233 5088
2 1625 8704
2 5098 5106
2 5099 5342
2 5099 5343
2 3557 5123
2 3557 4387
2 3557 4386
2 4467 4388
2 4467 5123
2 4467 4387
2 4467 4386
2 4467 5114
2 4467 5104
2 4467 5119
2 4456 3497
2 5107 5345
2 5107 5455
2 4982 1372
2 4982 4970
2 3880 4971
2 3880 4869
2 4312 3497
2 5112 5119
2 5120 4388
2 5120 4308
2 5120 5127
2 5120 5114
2 1618 4876
2 1618 4490
2 708 6122
2 1107 1109
2 795 386
2 890 1109
2 1094 893
2 1094 1102
2 5241 5356
2 5246 5359
2 5251 5249
2 5132 5249
2 5132 5253
2 5132 5243
2 5133 5249
2 5133 5257
2 5140 5366
2 5140 5364
2 5140 5003
2 5140 5365
2 5140 4894
2 5008 4894
2 5008 5145
2 5008 5535
2 5019 5378
2 5023 5384
2 5023 5820
2 5023 5823
2 5023 5378
2 5023 5685
2 5023 8775
2 5023 5156
2 5023 5551
2 5267 5400
2 5267 5027
2 5271 5047
2 5271 5848
2 5271 5705
2 5271 5046
2 4784 5264
2 4784 5379
2 5172 5284
2 5172 5395
2 5172 5396
2 5172 5400
2 5172 5397
2 5172 5835
2 5274 5394
2 5274 5160
2 5274 5042
2 5274 5185
2 5171 5284
2 5171 5395
2 5171 5831
2 5171 5275
2 5171 5832
2 5047 5045
2 5047 5401
2 5047 5701
2 5047 5705
2 5047 5702
2 5047 5181
2 5045 5277
2 5045 5409
2 5045 5046
2 5045 5407
2 5284 5395
2 5284 5396
2 5284 5397
2 5284 5174
2 5284 5169
2 5284 5559
2 5284 5560
2 5284 5053
2 5291 5413
2 5180 5409
2 5180 5305
2 5180 5416
2 5285 5286
2 5285 5560
2 5285 5178
2 5295 5568
2 5295 5416
2 5295 5417
2 5196 5706
2 5196 5708
2 5196 4821
2 5196 5580
2 5199 5575
2 5199 5579
2 5204 5299
2 5206 5208
2 5206 5584
2 5206 5201
2 5206 5585
2 5208 5584
2 5208 5205
2 5208 5585
2 5213 5210
2 5213 5207
2 5213 4925
2 5213 5422
2 5213 5216
2 1204 1102
2 1312 1102
2 1312 1665
2 5070 5424
2 5218 5222
2 5218 5424
2 5218 5425
2 5218 5067
2 5218 5217
2 5218 5074
2 5317 5431
2 5317 5425
2 5317 5592
2 5317 5217
2 5317 5321
2 5077 5431
2 5077 5433
2 5077 5592
2 5077 5322
2 5077 5321
2 5077 5323
2 5222 5217
2 5222 5321
2 5222 5216
2 5222 4948
2 5222 5324
2 5223 5227
2 5223 5324
2 5227 5228
2 5227 5436
2 5227 5437
2 5227 5439
2 5227 5438
2 5227 4956
2 5227 4600
2 5226 5083
2 5228 5439
2 5228 5442
2 5228 5329
2 5228 4957
2 5228 4600
2 5228 5440
2 5228 5324
2 5228 4720
2 5228 5443
2 5325 5442
2 5325 5329
2 5325 2894
2 5325 4957
2 5325 5440
2 5325 5324
2 5325 5443
2 5326 2894
2 5326 2896
2 5326 5443
2 5327 5338
2 5328 1621
2 5229 5339
2 5337 5446
2 5337 5346
2 5337 5594
2 5337 5088
2 5339 5446
2 5339 5230
2 5339 8891
2 5339 5449
2 5339 5238
2 1621 5338
2 1621 8702
2 1621 8703
2 1620 5452
2 1620 8703
2 1624 2900
2 1624 8703
2 5342 5601
2 5342 5603
2 5342 5450
2 5342 5451
2 5342 5609
2 5345 5456
2 5345 5100
2 3497 4985
2 5109 6054
2 1494 1497
2 1494 1545
2 1494 3800
2 1494 4971
2 4388 2977
2 2964 3285
2 2964 3290
2 3423 3288
2 3423 2814
2 3423 3128
2 5124 7203
2 5124 6564
2 2784 2487
2 2781 2796
2 2675 3758
2 2104 3429
2 5247 8735
2 5244 5359
2 5244 8735
2 5249 5255
2 5249 5355
2 5249 5361
2 5249 5364
2 5249 5521
2 5249 5523
2 5249 5679
2 5249 5356
2 5249 5519
2 5249 5522
2 5249 5254
2 5249 5134
2 5249 5362
2 5253 5525
2 5255 5138
2 5255 5358
2 5255 5527
2 5256 5259
2 5256 5677
2 5256 5138
2 5256 5141
2 5256 5527
2 5256 5529
2 5256 5258
2 5366 5364
2 5366 5530
2 5366 5134
2 5366 5531
2 5366 5535
2 5366 5533
2 5366 5146
2 5370 5539
2 5370 5817
2 5372 5535
2 5372 4896
2 5372 5018
2 5372 5020
2 5151 5685
2 5264 5685
2 5265 5156
2 5270 5153
2 5270 5027
2 5270 5152
2 5270 5835
2 5153 5833
2 5153 5028
2 5153 5547
2 5389 5832
2 5395 5388
2 5395 5832
2 5395 5169
2 5395 5293
2 5277 5701
2 5277 5705
2 5277 5551
2 5277 8776
2 5277 5157
2 5277 5266
2 5277 5555
2 5277 5704
2 5277 5702
2 5277 5181
2 5396 5293
2 5279 5407
2 5394 5046
2 5394 4782
2 5394 5161
2 5394 8808
2 5394 5296
2 5399 5562
2 5406 4782
2 5406 8808
2 5286 5558
2 5286 5411
2 5286 5562
2 5286 5559
2 5286 5560
2 5409 5188
2 5409 5280
2 5409 5556
2 5409 5557
2 5409 5281
2 5290 5193
2 5290 5558
2 5290 5561
2 5290 5413
2 5290 5415
2 5290 5560
2 5290 5570
2 5290 5414
2 5193 5716
2 5193 5860
2 5306 5299
2 5308 5299
2 5310 5584
2 5310 5586
2 5310 5585
2 5310 5312
2 5311 5205
2 5210 5420
2 5210 5419
2 5314 5420
2 5314 4925
2 5314 5217
2 5315 5423
2 5315 5421
2 5315 5425
2 5315 5592
2 5424 5589
2 5424 5313
2 5424 5067
2 5424 5216
2 2739 3759
2 5220 5431
2 5431 4942
2 5431 5316
2 5433 4942
2 5433 5321
2 5433 4948
2 5433 5074
2 5433 5075
2 5433 4853
2 5433 4954
2 5436 4942
2 5436 5318
2 5437 5323
2 5437 5324
2 5439 5324
2 5442 5330
2 5442 5324
2 5332 8704
2 5332 5330
2 5332 8783
2 5332 8702
2 5332 8703
2 5329 8783
2 5329 5441
2 5341 5594
2 5341 5448
2 5446 5594
2 5446 5595
2 5446 5601
2 5446 5237
2 5346 5594
2 5346 5595
2 5346 5601
2 5346 5603
2 5346 5448
2 5346 5237
2 5344 5348
2 5344 5758
2 5344 5608
2 5344 5918
2 5344 5349
2 2977 2978
2 5454 1545
2 5348 5609
2 5348 5613
2 5348 5616
2 5348 5617
2 5456 5767
2 5456 5455
2 5456 5624
2 5456 5629
2 3139 5466
2 4096 5466
2 4096 964
2 4096 3135
2 4096 4092
2 4096 4993
2 4096 5469
2 5466 3135
2 5466 4092
2 5466 4994
2 5466 5648
2 5468 5477
2 5468 5647
2 5472 5480
2 5472 5484
2 5472 5782
2 701 452
2 701 787
2 5475 5484
2 5475 5782
2 1774 8018
2 5477 5481
2 5477 5782
2 5477 5794
2 5477 5471
2 5477 5479
2 5477 5485
2 5477 5656
2 5480 5486
2 5480 5487
2 5480 5489
2 5480 5656
2 5484 5648
2 452 617
2 452 615
2 5486 5494
2 5486 5497
2 5487 5494
2 5487 5508
2 5489 5498
2 5489 5502
2 5489 5509
2 5489 5667
2 5489 5656
2 5489 5512
2 5489 5508
2 5489 5501
2 5494 5655
2 5494 5508
2 5494 5501
2 5498 5497
2 5498 5508
2 5502 5667
2 5502 5666
2 5502 5512
2 5506 5669
2 5506 5671
2 5506 5517
2 5510 5517
2 5510 5666
2 5513 5672
2 5513 5805
2 615 534
2 2894 5083
2 5359 8735
2 5359 5245
2 5359 5252
2 5361 5364
2 5361 5362
2 5364 5523
2 5364 5524
2 5364 5526
2 5364 5358
2 5364 5362
2 5367 5144
2 5369 5679
2 5534 8751
2 5374 5685
2 5380 8780
2 5545 5828
2 5390 5835
2 5390 5166
2 5390 4912
2 5390 4911
2 5390 5970
2 5390 5976
2 5272 5848
2 5272 5705
2 5272 5843
2 5272 5850
2 5272 5966
2 5272 5967
2 5272 4900
2 5272 5849
2 5272 5851
2 5272 5852
2 5162 5410
2 5162 5555
2 5162 5408
2 5552 5689
2 5552 5692
2 5552 5828
2 5552 5844
2 5552 5961
2 5398 5689
2 5398 5563
2 5398 5691
2 5398 5961
2 5398 5562
2 5401 5157
2 5401 5046
2 5410 5266
2 5410 5046
2 5410 5688
2 5280 5408
2 5280 5407
2 5292 5301
2 5558 5712
2 5558 5287
2 5556 5557
2 5556 5301
2 5556 5297
2 5556 5296
2 5575 5304
2 5575 5584
2 5575 5726
2 5575 5201
2 5575 5579
2 5304 5418
2 5304 5420
2 5304 5584
2 5304 5856
2 5304 5576
2 5304 5416
2 5304 5307
2 5418 5568
2 5418 5583
2 5420 5584
2 5420 5586
2 5420 5423
2 5420 5583
2 5420 5585
2 5420 5312
2 5420 5421
2 5584 5726
2 5584 5728
2 5584 5197
2 5584 5201
2 5584 5307
2 5584 5729
2 5584 5309
2 5584 4832
2 5584 5063
2 5584 5065
2 5586 5728
2 5586 5730
2 5586 5729
2 5586 4832
2 5586 5063
2 5586 5065
2 5586 5731
2 5423 5587
2 5423 5730
2 5423 5591
2 5423 5582
2 5423 5583
2 5423 5731
2 5423 5589
2 5423 5588
2 5423 5425
2 5423 5217
2 5428 4943
2 5427 4943
2 5427 5073
2 5320 5588
2 5430 5588
2 5430 5323
2 5434 5592
2 5434 5324
2 5594 5603
2 5594 5740
2 5594 5742
2 5594 5746
2 5594 5607
2 5594 5755
2 5594 5759
2 5594 5890
2 5594 5891
2 5594 8875
2 5595 5603
2 5595 5607
2 5595 5755
2 5595 5900
2 5595 5753
2 5595 8875
2 5603 5759
2 5603 5460
2 5450 5759
2 5450 5460
2 5451 5755
2 5451 5347
2 5451 5460
2 5609 5460
2 5613 5349
2 5613 5459
2 5462 5761
2 5462 5934
2 5462 5349
2 1540 1545
2 5352 3876
2 5352 6045
2 5352 6150
2 5352 6156
2 5352 6047
2 5352 5914
2 5352 6160
2 5618 5766
2 5618 5934
2 5618 5767
2 5464 5455
2 5623 5630
2 5623 5455
2 5627 5775
2 5627 5774
2 5627 5935
2 5627 4845
2 5630 5774
2 5630 5455
2 5632 5775
2 5632 4844
2 5632 4848
2 5632 5774
2 5632 5776
2 5632 3987
2 5632 4845
2 5636 4848
2 5636 3986
2 5636 3987
2 5638 3986
2 5638 3987
2 1019 5637
2 1019 3986
2 1016 3986
2 1016 968
2 3137 3141
2 1018 5806
2 964 4996
2 964 5648
2 4996 3135
2 4996 4993
2 3135 5648
2 4092 5644
2 4092 5648
2 4092 5467
2 4993 5640
2 4993 5779
2 5640 5647
2 5644 5649
2 5644 6181
2 5644 6182
2 5644 6179
2 2896 4857
2 2896 5330
2 5481 5478
2 5649 6181
2 5649 6184
2 5649 5648
2 5649 5645
2 5649 5945
2 5649 5655
2 5649 5949
2 5652 5788
2 5651 6071
2 5651 6184
2 5651 5949
2 5651 6070
2 5653 5493
2 5653 5658
2 5653 5657
2 5490 5796
2 5490 5951
2 5490 5659
2 5490 5497
2 5493 5796
2 5493 5952
2 5493 6072
2 5493 5951
2 5493 5953
2 5493 5798
2 5496 5662
2 5496 5798
2 5504 5665
2 5504 5495
2 5504 5798
2 5509 5492
2 5509 5500
2 5509 5659
2 5509 5663
2 5667 5670
2 5667 5794
2 5667 5796
2 5667 5952
2 5667 5797
2 5667 5800
2 5667 5803
2 5667 5804
2 5667 5805
2 5667 5492
2 5667 5659
2 5667 5656
2 5667 5488
2 5667 5491
2 5667 5673
2 5667 5515
2 5667 5802
2 5667 5512
2 5667 5663
2 5518 5804
2 5516 5508
2 1547 3799
2 1547 2978
2 1547 5906
2 1556 4036
2 5520 8735
2 5520 5525
2 5521 5248
2 5521 5358
2 5521 5525
2 5523 5679
2 5523 5248
2 5523 8735
2 5523 5358
2 5524 5679
2 5526 5679
2 5528 5679
2 5528 5812
2 5528 5525
2 5677 5258
2 5679 5525
2 5679 5533
2 5679 5542
2 5536 5145
2 5538 5531
2 5543 5681
2 5543 5817
2 5683 5685
2 5684 5681
2 5684 5817
2 5684 5542
2 5684 5819
2 5384 5823
2 5384 5822
2 5384 5819
2 5382 5686
2 5544 8780
2 5386 5823
2 5553 5844
2 5554 5848
2 5554 5705
2 5554 5551
2 5554 8776
2 5554 5704
2 5689 5563
2 5689 5397
2 5689 5562
2 5692 5844
2 5692 5405
2 5692 5397
2 5404 5701
2 5404 5704
2 5404 5702
2 5697 5844
2 5697 5854
2 5697 5973
2 5697 5397
2 5697 5559
2 5697 5560
2 5557 5703
2 5557 5688
2 5557 5704
2 5557 5403
2 5557 5702
2 5557 5301
2 5557 5568
2 5557 5296
2 5563 5566
2 5563 5712
2 5563 5709
2 5563 5287
2 5563 5564
2 5563 5711
2 5563 5570
2 5563 5985
2 5701 5278
2 5701 5281
2 5701 5580
2 5707 8799
2 5707 5580
2 5565 5854
2 5565 5855
2 5565 5562
2 5411 5287
2 5413 5293
2 5413 5168
2 5718 6107
2 5721 5726
2 5721 5856
2 5721 5857
2 5721 5864
2 5721 5977
2 5721 5572
2 5721 8790
2 5721 5858
2 5721 5303
2 5721 8799
2 5721 5727
2 5587 5591
2 5587 5577
2 5587 5731
2 5726 5577
2 5726 5197
2 5726 5723
2 5726 5863
2 5728 5585
2 5730 5583
2 5591 5583
2 2169 8927
2 4655 4650
2 4655 4659
2 4655 4533
2 5732 4084
2 5732 7207
2 5739 5879
2 5739 5882
2 5739 6009
2 5739 5880
2 5739 5885
2 5739 6019
2 5740 5889
2 5740 5890
2 5740 5891
2 5740 5895
2 5742 6019
2 5742 6022
2 5742 5600
2 5742 8875
2 5742 5445
2 5746 5890
2 5746 8875
2 5746 5445
2 5598 5890
2 5596 5890
2 5604 5753
2 5607 5757
2 5607 6039
2 5607 5602
2 5755 5754
2 5755 5760
2 5755 6039
2 5759 5919
2 5759 5924
2 5759 5917
2 5759 5614
2 5759 5460
2 5761 5616
2 5761 5919
2 5761 6039
2 5761 5612
2 5761 5918
2 5761 5460
2 5761 5617
2 5761 6050
2 5616 5349
2 5616 5459
2 1543 5904
2 1543 3799
2 3877 5240
2 5766 5460
2 5766 5461
2 5628 5635
2 5628 5633
2 5628 5455
2 5775 5631
2 5775 5767
2 5775 5629
2 4844 5639
2 4844 5631
2 4844 5629
2 5637 1071
2 5637 1185
2 5637 3945
2 4848 5639
2 4848 5631
2 3986 3141
2 3986 1169
2 3986 5639
2 963 1176
2 966 5806
2 961 4995
2 961 4997
2 961 5806
2 961 4146
2 961 1176
2 961 4145
2 961 4147
2 961 5811
2 4995 5806
2 5642 5938
2 5782 5786
2 5782 5941
2 5782 5485
2 5782 5787
2 5646 6180
2 5646 6181
2 5646 6179
2 5646 5945
2 4081 5735
2 4081 5737
2 4081 7207
2 4081 5736
2 4941 4088
2 5786 5785
2 4951 5734
2 4951 2982
2 4951 5733
2 4951 810
2 4951 7373
2 4951 6695
2 4951 6696
2 4949 5790
2 4949 4084
2 4949 7374
2 4949 6756
2 5658 6069
2 5658 5951
2 5661 5953
2 5662 5801
2 5662 5499
2 5662 5798
2 5662 5503
2 5665 5505
2 5665 5660
2 5665 5501
2 5665 5503
2 5669 5511
2 5669 5507
2 5669 5505
2 5669 5503
2 5670 5668
2 2903 5956
2 5672 5515
2 5672 5508
2 4093 5811
2 4093 6182
2 4994 4997
2 4997 4147
2 5806 3220
2 5806 4141
2 5806 3231
2 5806 4145
2 5806 4147
2 5806 4998
2 4146 1173
2 4196 5950
2 4196 4206
2 5812 5815
2 5812 5540
2 5812 5525
2 5812 5527
2 5812 5529
2 5812 5682
2 5812 5537
2 5812 5681
2 5812 5542
2 5814 5680
2 5814 5681
2 5540 5016
2 5540 5013
2 5540 5819
2 5820 5378
2 5823 5378
2 5823 5379
2 5823 5383
2 5823 5385
2 5823 5687
2 5831 5546
2 5831 5275
2 5831 5169
2 5831 5166
2 5831 8772
2 5546 8772
2 5546 6088
2 5546 6216
2 5546 5970
2 5841 5825
2 5841 5826
2 5841 5957
2 5844 5965
2 5844 5695
2 5698 5700
2 5698 5972
2 5698 5978
2 5698 5973
2 5848 5957
2 5848 5827
2 5848 5687
2 5694 6326
2 5705 5551
2 5705 5278
2 5699 6326
2 5699 5711
2 5699 5984
2 5699 8764
2 5699 5985
2 5703 5850
2 5703 8799
2 5700 5566
2 5700 5978
2 5700 5696
2 5700 5973
2 5700 5564
2 5700 5711
2 5853 5695
2 5853 5562
2 5706 5303
2 5854 5562
2 5854 5559
2 5854 5560
2 5854 5984
2 5856 5863
2 5856 5201
2 5573 5717
2 5573 5716
2 5722 5577
2 5722 5857
2 5722 5725
2 5577 5724
2 5577 8799
2 5577 5727
2 5577 5583
2 5000 3231
2 5868 5879
2 5868 5996
2 5868 6001
2 5868 6003
2 5868 6005
2 5868 6009
2 5868 6007
2 5868 5994
2 5868 6119
2 5871 6009
2 5871 6119
2 5871 5880
2 5875 6119
2 5879 5885
2 5881 5877
2 5881 5883
2 5881 6008
2 5881 6124
2 5881 5741
2 5888 6020
2 5888 6023
2 5888 6019
2 5888 6024
2 3686 8383
2 5745 5895
2 5745 6023
2 5745 5741
2 5745 6024
2 5889 5749
2 5889 6024
2 5889 5600
2 5890 5602
2 5891 6027
2 5891 5908
2 5891 5602
2 5891 5916
2 5891 8870
2 5752 5747
2 5752 5749
2 5752 6022
2 5752 5606
2 5752 5445
2 5752 6143
2 5900 6027
2 5900 5898
2 5902 6044
2 5757 5896
2 5757 6028
2 5757 5897
2 5757 5898
2 5754 5913
2 5754 8870
2 5754 8876
2 5754 6040
2 5913 6039
2 5913 8864
2 5913 5918
2 5913 6040
2 5758 5347
2 5924 5927
2 5924 4849
2 5762 5349
2 5619 5449
2 5773 5926
2 5773 6048
2 5773 8883
2 5764 6061
2 5764 6428
2 5764 6060
2 5764 5935
2 5764 5349
2 5764 5622
2 5764 5625
2 5768 5926
2 5768 5922
2 5768 6048
2 5768 6168
2 5768 8883
2 5769 6168
2 5769 8883
2 4850 6168
2 4850 1177
2 4850 4847
2 5774 5767
2 5774 4845
2 5776 1185
2 5776 1172
2 5776 3987
2 5776 4845
2 3141 1172
2 3141 1169
2 3141 968
2 3141 3987
2 1070 1176
2 5779 4147
2 5779 4998
2 5779 5810
2 5779 6182
2 5779 6064
2 5783 5947
2 5783 5787
2 5785 5788
2 5785 6179
2 5785 5787
2 4185 5950
2 5788 5943
2 5788 5945
2 5788 6068
2 3336 8383
2 5795 5947
2 5795 5946
2 5795 5485
2 5795 5787
2 5950 4296
2 5950 4640
2 5950 4183
2 5950 4354
2 5950 4519
2 5950 4197
2 5950 4364
2 5950 4525
2 5794 5952
2 5794 5797
2 5794 5947
2 5794 5946
2 5794 5948
2 5794 5954
2 5794 6073
2 5794 5659
2 5794 5485
2 5794 5787
2 5794 5656
2 5794 8819
2 5794 5491
2 5796 5797
2 5796 6073
2 5796 5659
2 5796 5491
2 5797 5803
2 5797 5805
2 5797 5659
2 5797 5802
2 5797 5664
2 5800 5668
2 5801 5499
2 5801 5798
2 5801 5503
2 5803 5955
2 5803 5503
2 5804 5668
2 5804 5955
2 5804 5508
2 5804 5503
2 5956 2048
2 5805 6073
2 5805 5515
2 5805 5955
2 5805 5508
2 5805 5503
2 4296 5123
2 4296 4643
2 4296 4521
2 4296 8712
2 5123 4519
2 2843 2707
2 5822 5681
2 5822 5685
2 5822 8771
2 5822 5383
2 5825 8771
2 5825 8767
2 5825 5842
2 5826 8771
2 5826 5842
2 5693 6326
2 5693 6335
2 5693 6329
2 5693 6327
2 5693 6330
2 5693 8757
2 5957 5704
2 5847 6326
2 5550 5840
2 5550 5704
2 5846 5978
2 5846 6081
2 5846 6326
2 5846 6076
2 5846 6080
2 5846 6327
2 5846 5696
2 5846 5973
2 5843 5971
2 5843 5704
2 5850 5971
2 5850 5840
2 5850 5827
2 5850 5968
2 5850 5704
2 5850 8799
2 5972 6081
2 5978 6481
2 5978 5696
2 5978 6482
2 5978 5982
2 5978 8758
2 5978 6368
2 5969 5303
2 5857 6224
2 5857 5303
2 5980 6091
2 5864 6220
2 5864 5860
2 5864 8790
2 5864 5303
2 5710 5986
2 5710 6362
2 5710 6636
2 5712 5562
2 5712 5559
2 5712 5287
2 5715 6344
2 5715 6351
2 5715 6342
2 5715 6347
2 5715 6349
2 5715 6352
2 5724 5578
2 5724 5725
2 5990 6102
2 5990 6238
2 5990 6241
2 5991 6111
2 5991 6238
2 5991 6241
2 5996 6242
2 5996 6246
2 5996 6238
2 5996 6241
2 6001 6114
2 6001 6246
2 6001 6117
2 6001 6241
2 6003 6114
2 6003 6007
2 6003 6120
2 6003 5994
2 6005 6114
2 2840 8549
2 5872 6119
2 5877 6009
2 5877 6015
2 4985 4639
2 6009 6114
2 6009 6115
2 6009 6381
2 6009 5880
2 6009 5741
2 6015 5884
2 6015 5887
2 6015 5883
2 6015 6125
2 6015 6127
2 6015 6008
2 6015 6124
2 6015 6255
2 6015 6018
2 5884 5883
2 5884 6127
2 5884 6124
2 5884 6255
2 5884 6018
2 5887 5747
2 5895 6017
2 5895 6133
2 5895 6029
2 5893 6133
2 5893 6029
2 5893 6136
2 5893 8870
2 4387 4639
2 4387 5104
2 4387 4875
2 4387 8712
2 4387 4358
2 5892 6133
2 5892 6134
2 5892 6029
2 5892 6136
2 5892 8870
2 5894 6133
2 5894 6136
2 5894 8870
2 5899 6137
2 5899 6022
2 5899 5445
2 6028 6134
2 5911 5599
2 5911 5347
2 5910 6043
2 5910 6133
2 5910 6147
2 5910 8864
2 5910 6037
2 5910 6049
2 5915 6150
2 5915 6157
2 5915 6160
2 5915 6154
2 6033 6162
2 6033 5908
2 6039 5347
2 6041 3879
2 6041 6157
2 6041 6035
2 3876 6157
2 5926 5771
2 6045 6161
2 5928 5617
2 6054 5351
2 6054 5240
2 6054 5106
2 6054 5102
2 3879 6161
2 3879 6055
2 3879 3799
2 3879 5621
2 3879 6047
2 3879 6157
2 5937 6428
2 5937 5635
2 3946 1172
2 3946 1177
2 3946 4845
2 1071 1185
2 1071 1172
2 1071 1169
2 1072 3298
2 1072 1176
2 1072 1169
2 3220 5866
2 3220 5001
2 3220 1176
2 3220 3231
2 5866 6062
2 5866 6066
2 5866 5778
2 5866 5781
2 5938 6178
2 5938 5810
2 5938 5784
2 6062 5807
2 6062 6066
2 6062 5781
2 6062 5471
2 5941 5947
2 5941 5471
2 5941 5787
2 5940 5787
2 5943 5787
2 4386 4875
2 5947 6065
2 5946 6073
2 5946 5944
2 5948 6073
2 6069 5954
2 6069 6073
2 4391 4875
2 6071 6184
2 6072 6184
2 5954 6184
2 5954 5497
2 5954 6070
2 5954 5955
2 6073 6184
2 6073 6070
2 4981 5104
2 4981 4875
2 4974 5093
2 386 461
2 5960 6185
2 5960 6186
2 5960 6188
2 5960 6194
2 6081 6185
2 6081 6209
2 6081 6311
2 6081 6212
2 6081 6210
2 6081 6090
2 6081 5973
2 6083 5973
2 5971 6223
2 5971 6217
2 5971 6220
2 5971 6224
2 5971 8799
2 6086 6091
2 6086 6209
2 6086 6090
2 5974 5973
2 5975 5973
2 6091 5973
2 6091 6102
2 6096 6090
2 5986 6362
2 5986 6489
2 5986 5711
2 5986 6363
2 5986 6620
2 5986 6366
2 5986 6354
2 6098 6111
2 5861 5572
2 5861 5719
2 6100 5979
2 6111 5995
2 6111 5998
2 6111 6244
2 6111 6238
2 6111 6243
2 312 319
2 5995 6241
2 6002 6241
2 6002 5994
2 6007 5883
2 6007 6250
2 6007 5876
2 6007 6376
2 6007 6008
2 6014 6116
2 539 460
2 539 544
2 6011 6381
2 6011 6519
2 5883 6120
2 5883 6250
2 5883 5870
2 5883 5880
2 5883 6383
2 5883 5885
2 6016 6123
2 6016 6381
2 6016 6379
2 6016 6519
2 6017 6123
2 6023 6256
2 6027 8870
2 6134 6264
2 6134 5897
2 6134 5908
2 6135 6038
2 6135 6162
2 6135 6263
2 6135 6267
2 6135 6264
2 6135 6272
2 6148 6157
2 6148 5444
2 6149 5090
2 6149 5444
2 6150 5444
2 6147 6140
2 6159 6166
2 6162 6263
2 6162 6267
2 6162 6281
2 6162 5917
2 6052 6428
2 6061 1185
2 6061 1223
2 6061 3942
2 6061 6428
2 6061 6295
2 6061 1177
2 6061 5935
2 6061 6170
2 1185 1184
2 1185 1172
2 1185 1177
2 1184 1172
2 1184 1169
2 4141 3231
2 5001 3231
2 5807 6065
2 5808 4147
2 5808 4998
2 6066 4999
2 6066 5780
2 6066 4998
2 6066 6065
2 6063 6184
2 6063 4999
2 6063 5809
2 6177 6183
2 6177 6184
2 6177 5944
2 6180 5645
2 6181 5811
2 6181 5645
2 6183 5811
2 253 208
2 6184 6065
2 6184 5944
2 6184 6070
2 2627 3064
2 2627 3065
2 628 460
2 628 711
2 628 803
2 1108 899
2 1108 1009
2 893 6122
2 893 1109
2 1313 1102
2 1313 1103
2 1313 1673
2 3288 3289
2 3288 3133
2 6185 6297
2 6185 6298
2 6185 6301
2 6185 6457
2 6185 6460
2 6185 6464
2 6185 6078
2 6185 5965
2 6186 5965
2 6079 6197
2 6077 6316
2 6077 6317
2 6077 6082
2 6197 6311
2 5962 5691
2 5962 6473
2 5962 6342
2 6202 6473
2 6202 6342
2 6198 6212
2 6084 6210
2 6084 6320
2 6084 6482
2 6209 6231
2 6209 6322
2 6209 6323
2 6209 6208
2 6209 6482
2 6215 6206
2 6215 6349
2 6221 6089
2 6221 6482
2 6221 6615
2 6221 6092
2 6223 6219
2 6223 6206
2 6223 5840
2 6223 6349
2 6223 6352
2 6223 6108
2 6231 6323
2 6231 6495
2 6231 6211
2 6231 6090
2 6232 6495
2 6236 6495
2 6110 6367
2 6110 6495
2 6110 6371
2 6237 6116
2 5998 6498
2 5998 6241
2 5998 5992
2 5998 6372
2 5998 6251
2 6246 5999
2 6117 6123
2 6117 6519
2 6117 6118
2 6117 8787
2 6120 8787
2 2487 3104
2 2487 2794
2 6125 6381
2 6125 6119
2 6125 6658
2 6127 6381
2 6127 6387
2 6127 5885
2 6127 6658
2 6127 6018
2 6131 5749
2 6131 6533
2 6137 5749
2 6137 6256
2 6261 6145
2 6261 6262
2 6140 8835
2 6141 8855
2 6263 8855
2 6263 6284
2 6267 6409
2 6267 6283
2 6267 6416
2 6267 6281
2 6267 6282
2 6267 6284
2 6278 6275
2 6278 5918
2 6278 6040
2 6278 8930
2 6165 6409
2 6168 6428
2 6168 6558
2 6168 8883
2 6168 8888
2 6168 5934
2 6168 5770
2 6173 6428
2 6173 6174
2 6173 6171
2 6289 3941
2 6289 6060
2 3941 6293
2 1181 3942
2 1179 1172
2 1182 3942
2 1182 6295
2 3296 3942
2 3296 6295
2 3298 3231
2 3298 5809
2 1176 968
2 4147 5780
2 4147 5809
2 4147 5810
2 4999 1173
2 4999 5809
2 5811 1173
2 5811 5809
2 5811 6179
2 3799 5676
2 3799 6157
2 5621 6296
2 6296 1372
2 6296 6047
2 53 3
2 1433 4045
2 3942 6290
2 3942 6291
2 3942 6431
2 6297 6441
2 6297 6452
2 6297 6457
2 6297 6460
2 6297 6309
2 6297 6454
2 6297 6590
2 6297 6308
2 6298 6309
2 6189 6311
2 6189 6310
2 6188 6309
2 6188 6596
2 6188 6329
2 6311 6193
2 6311 6322
2 6311 6460
2 6311 6191
2 6311 6190
2 6193 6608
2 6193 6329
2 6316 6210
2 6195 6319
2 6322 6314
2 6322 6312
2 6322 6476
2 6322 6598
2 6322 6479
2 6322 6078
2 6326 6611
2 6326 5829
2 6326 5959
2 6326 5964
2 6326 5690
2 6326 8749
2 6326 5696
2 6326 5691
2 6326 6612
2 6326 6492
2 6335 6611
2 6335 5690
2 6335 5691
2 6335 6610
2 6335 6612
2 6335 6473
2 6213 6469
2 6213 8740
2 6207 6319
2 6207 6210
2 6207 6482
2 6219 6349
2 6323 6475
2 6323 6477
2 6323 6469
2 6323 6479
2 6323 8740
2 6206 6337
2 6206 6473
2 6206 8772
2 6214 6469
2 6214 8740
2 6214 6494
2 6214 6872
2 6222 6356
2 6222 6355
2 6222 6226
2 6222 6494
2 6222 6872
2 6345 6480
2 6345 6356
2 6348 6354
2 6348 6491
2 6351 6350
2 6351 6473
2 6351 5985
2 6233 6639
2 6233 6097
2 6233 6099
2 6362 5711
2 6362 6492
2 6362 6490
2 6362 5985
2 6367 6638
2 6367 6640
2 6367 6746
2 6367 6499
2 6367 6747
2 6367 6099
2 6367 6105
2 6367 6104
2 6367 6637
2 6367 6243
2 6367 6497
2 6367 6245
2 6367 6248
2 6367 6372
2 6244 6878
2 6373 6891
2 6373 8787
2 6373 8801
2 6373 6378
2 6250 6508
2 6250 6514
2 6250 6511
2 6250 8801
2 6250 6650
2 6250 6008
2 6250 6126
2 6250 6383
2 6250 6384
2 6250 6652
2 6123 6520
2 6123 6116
2 6123 6892
2 6123 6518
2 6123 6753
2 6381 6252
2 6381 6124
2 6381 6126
2 6381 6253
2 6252 6656
2 6252 6757
2 6252 6758
2 6252 8811
2 6252 6658
2 4173 8797
2 1372 4971
2 1372 4869
2 6254 6387
2 6254 6656
2 6254 6526
2 6254 6525
2 6254 6383
2 6254 6655
2 6254 6658
2 6254 6657
2 6387 6385
2 6387 5885
2 6387 6255
2 6387 6018
2 6387 6019
2 6258 6260
2 6258 6533
2 6258 6138
2 6258 8893
2 6260 6662
2 6260 6256
2 6260 8878
2 6260 8893
2 6403 6409
2 6403 6410
2 6273 6409
2 6273 6410
2 6273 6416
2 6406 8893
2 6409 6542
2 6409 6264
2 6283 6412
2 6413 6430
2 6413 6171
2 6274 6419
2 6274 6554
2 6274 8884
2 6286 6679
2 6286 6682
2 6286 6683
2 6286 6780
2 6286 8909
2 6285 6428
2 6285 8909
2 6425 6558
2 6425 8909
2 6425 6684
2 6425 6422
2 6425 6424
2 6425 6294
2 6425 6170
2 6425 6560
2 6292 6432
2 6290 6431
2 6428 6174
2 6428 1177
2 6428 5936
2 6428 8924
2 6295 3971
2 6295 1177
2 6295 6431
2 1172 3987
2 1172 4845
2 1169 968
2 1169 3987
2 1170 3971
2 1173 3971
2 4175 4043
2 3883 4632
2 3945 1177
2 3945 5635
2 3977 4632
2 5639 5629
2 3989 4074
2 3989 4079
2 3989 4840
2 3989 7371
2 3989 7656
2 3989 7497
2 6439 6448
2 6439 6452
2 6439 6565
2 6439 6568
2 6439 6574
2 6439 6454
2 6439 6572
2 6439 6717
2 6439 6948
2 6439 6575
2 6439 6569
2 6439 6577
2 6439 6588
2 6439 6820
2 6439 6449
2 6439 6304
2 6441 6578
2 6441 6584
2 6441 6581
2 6441 6304
2 6448 6584
2 6448 6581
2 6452 6299
2 6303 6461
2 6456 6307
2 6456 6581
2 6457 6307
2 6307 6464
2 6307 6458
2 6307 6591
2 6307 6465
2 6307 6302
2 6307 6593
2 6307 6722
2 6307 6310
2 6464 6191
2 6464 6187
2 6464 6190
2 6464 6310
2 6309 6828
2 6309 6590
2 6309 6593
2 6309 6722
2 6314 6191
2 6314 6190
2 6314 6310
2 6313 6191
2 6313 6190
2 6313 6310
2 6313 8740
2 6313 8743
2 6191 6597
2 6191 6725
2 6191 6596
2 6191 8743
2 6312 8740
2 6338 6598
2 6338 6478
2 6338 6726
2 6338 6479
2 6340 6603
2 6340 6615
2 6199 6610
2 6199 6341
2 6199 6612
2 6324 6325
2 6336 6490
2 6350 6489
2 6350 6493
2 6350 6490
2 6350 6354
2 6350 6491
2 6350 6352
2 6475 6488
2 6475 6632
2 6475 6479
2 6481 6616
2 6481 5964
2 6481 8749
2 6481 6229
2 6481 6872
2 6481 6358
2 6481 8760
2 6481 8758
2 6477 6478
2 6477 6479
2 6489 5985
2 6489 5987
2 6353 6631
2 6353 6982
2 6495 6634
2 6495 6878
2 6495 6873
2 6495 6981
2 6495 6881
2 6359 6639
2 6359 6229
2 6371 6747
2 6371 6878
2 6371 6104
2 6498 6375
2 6498 6747
2 6498 5997
2 6498 6004
2 6498 6251
2 6498 6505
2 6498 6891
2 6375 6500
2 6375 6891
2 6375 6378
2 6377 6383
2 6377 6384
2 6377 6652
2 4754 3058
2 4754 3055
2 4754 7655
2 6379 6757
2 6379 6885
2 6379 6753
2 3991 6433
2 3991 7372
2 3991 6438
2 6385 6389
2 6385 6391
2 6385 6655
2 6385 6527
2 6391 6395
2 6391 6132
2 6391 6256
2 6391 6396
2 6531 6527
2 6531 6132
2 6531 6256
2 6395 8893
2 6394 8893
2 6399 6661
2 6399 6662
2 6399 6533
2 6399 6534
2 6400 6661
2 6400 6662
2 6400 6663
2 6400 6396
2 6400 8878
2 6400 8893
2 6402 6662
2 6402 6663
2 6402 8878
2 6405 8821
2 6535 6144
2 6537 6542
2 6537 8821
2 6537 8822
2 6537 8835
2 6539 7147
2 6539 8821
2 6539 8822
2 6539 8835
2 6539 7148
2 6539 8874
2 6543 6677
2 6543 8870
2 6543 8871
2 6543 8877
2 6543 6680
2 6543 5918
2 6543 6040
2 6543 6287
2 6544 6682
2 6544 5918
2 6544 6040
2 6544 6684
2 6544 6287
2 6544 6279
2 6542 6778
2 6542 6410
2 6542 6281
2 6545 6684
2 6545 6431
2 6412 6550
2 6412 6281
2 6419 6908
2 6419 8884
2 6558 6557
2 6558 6556
2 6559 6557
2 3971 6560
2 4757 7372
2 4760 3058
2 4760 6523
2 4760 7204
2 59 730
2 59 65
2 4763 5354
2 4763 7372
2 4763 7205
2 4765 6564
2 4765 7372
2 4765 7501
2 6565 6697
2 6565 6700
2 6565 6708
2 6565 6702
2 6565 6698
2 6565 6699
2 6565 6451
2 6568 6451
2 6574 6582
2 6578 6575
2 6445 6446
2 6445 6582
2 6445 6589
2 6445 6716
2 6445 6443
2 6579 6711
2 6584 6446
2 6584 6450
2 6446 6587
2 6446 6461
2 6446 7236
2 6446 6718
2 6446 6455
2 6446 6826
2 6587 7237
2 6587 6450
2 6587 6449
2 6587 7238
2 6587 6455
2 6587 6826
2 6587 7240
2 6461 6454
2 6461 6591
2 6461 7237
2 6461 7239
2 6461 7241
2 6461 6450
2 6461 6449
2 6461 6304
2 6461 6453
2 6461 7238
2 6461 6455
2 6461 6826
2 6461 7240
2 6461 6302
2 6459 7241
2 6459 7243
2 6459 7244
2 6459 7240
2 6454 6948
2 6454 6449
2 6454 6299
2 6458 7241
2 6458 7243
2 6458 7244
2 6458 7246
2 6458 7242
2 6305 6308
2 6466 6721
2 6466 6722
2 6467 6721
2 6598 6325
2 6478 6469
2 6478 7096
2 6478 6325
2 6478 7097
2 6472 6483
2 6472 6847
2 6472 6080
2 6472 6339
2 6472 6484
2 6333 8761
2 6333 6492
2 6611 6201
2 6611 8761
2 6486 6600
2 6486 6854
2 6486 6488
2 6486 6632
2 6486 6732
2 6486 6601
2 6486 6479
2 6486 6864
2 6625 6614
2 6625 6354
2 6625 6491
2 6485 6854
2 6485 6632
2 6616 6092
2 6616 5982
2 6616 8760
2 6616 8758
2 6616 8761
2 6616 6368
2 6616 6637
2 6356 6982
2 6356 6976
2 6639 6878
2 6639 6235
2 6639 6745
2 6501 6747
2 6503 6508
2 6503 6747
2 6503 6504
2 6503 6251
2 6503 6650
2 6514 6251
2 6514 6374
2 6514 6376
2 2577 2865
2 6653 8811
2 6654 8811
2 6656 6525
2 6656 8811
2 6656 6658
2 6526 6529
2 6526 6527
2 6525 6255
2 6528 6660
2 6528 6255
2 6528 6530
2 6528 6388
2 6529 6660
2 6529 6659
2 6529 6766
2 6529 6657
2 6529 6524
2 6529 6530
2 6529 6768
2 6529 6396
2 6660 6659
2 6660 6766
2 6660 6769
2 6660 6770
2 6660 6768
2 6660 6527
2 6660 6668
2 6660 6670
2 6660 6534
2 6661 6770
2 6661 6773
2 6661 6668
2 6661 6670
2 6661 6262
2 6661 6534
2 6662 6773
2 6662 6138
2 6662 6262
2 6664 6775
2 6675 6778
2 6675 6894
2 6675 6538
2 6675 6410
2 6547 8870
2 6547 8864
2 6547 8877
2 6679 6783
2 6679 6049
2 6549 6778
2 6549 6692
2 6549 6689
2 6682 6049
2 6682 6169
2 6682 6287
2 6685 6553
2 6683 6287
2 6550 6552
2 6550 6778
2 6550 6689
2 3243 3393
2 3243 3081
2 3243 3077
2 5734 4080
2 5734 4953
2 5734 5792
2 6697 6794
2 6697 6796
2 6697 6801
2 6697 6805
2 6697 6804
2 6697 8717
2 6700 8717
2 6700 6712
2 6571 6810
2 6571 6813
2 6708 6573
2 6710 6575
2 6582 6575
2 6582 7230
2 6586 6589
2 6586 6716
2 6586 6817
2 6589 6444
2 6591 7239
2 6591 7241
2 6591 7244
2 6591 7242
2 6594 6835
2 6594 6842
2 6594 7086
2 6594 7087
2 6594 7088
2 6594 7248
2 6594 7249
2 6594 7251
2 6594 7250
2 6594 8940
2 6594 6840
2 6594 8743
2 6597 6725
2 6597 6835
2 6597 6842
2 6597 7087
2 6597 6840
2 6597 8743
2 6725 6841
2 6725 6596
2 6725 6723
2 6725 6838
2 6599 6733
2 6599 6732
2 6469 7266
2 6469 6602
2 6469 7097
2 6331 8749
2 6331 6964
2 6600 6488
2 6600 6632
2 6600 7674
2 6600 6864
2 6607 6969
2 6607 8752
2 6334 8749
2 6334 8760
2 6334 8761
2 6623 6479
2 6623 7674
2 6621 6854
2 6621 6479
2 6621 6861
2 6628 6629
2 6735 6488
2 6735 6632
2 6735 6627
2 6735 6864
2 6634 6982
2 6634 6976
2 6634 6871
2 6740 6878
2 6740 6873
2 6740 6881
2 6638 6643
2 6638 8761
2 6643 6369
2 6747 6744
2 6747 6497
2 6747 6500
2 6504 6645
2 6504 6648
2 6504 6647
2 6648 6749
2 6648 6750
2 6649 6749
2 6649 6646
2 6651 6889
2 6651 6749
2 6651 6750
2 6651 6652
2 6651 6657
2 6520 6893
2 5790 4940
2 5790 3056
2 4992 5467
2 4992 5647
2 4992 6067
2 6757 6380
2 6757 6382
2 6757 6253
2 6659 6763
2 6659 6764
2 6659 6766
2 6659 6762
2 6659 6761
2 6659 6767
2 6659 6657
2 6659 6768
2 6763 6753
2 6763 6658
2 6763 6530
2 6764 6658
2 6764 6530
2 6766 6530
2 6769 6533
2 6770 6533
2 6667 8856
2 6667 8865
2 6666 6776
2 6666 8856
2 6666 6775
2 6666 8865
2 6678 6668
2 6678 8865
2 6678 6784
2 6678 6783
2 6678 6546
2 6678 6684
2 6678 6551
2 6776 6779
2 6776 6783
2 6776 6546
2 6673 7457
2 6673 8810
2 6673 7595
2 6673 7161
2 6673 7160
2 6676 7457
2 6676 8809
2 6676 8810
2 6676 6785
2 6676 7155
2 6676 7595
2 6676 7160
2 6779 8856
2 6779 8865
2 6688 6548
2 6688 7155
2 6782 6684
2 6778 6906
2 6778 6548
2 8941 6900
2 8941 6781
2 6687 7159
2 6687 7157
2 6687 6689
2 6687 7016
2 6787 7163
2 6556 7004
2 6556 6684
2 6556 6560
2 5778 5469
2 5778 5471
2 5780 4998
2 4998 5809
2 4998 5781
2 4998 5810
2 5809 6065
2 6794 6801
2 6794 6909
2 6794 6911
2 6794 6918
2 6794 6916
2 6794 6920
2 6794 6804
2 6794 6706
2 6794 6809
2 6794 6698
2 6796 6911
2 6796 6920
2 6796 6808
2 6796 6698
2 6801 6927
2 6801 6698
2 6805 6928
2 6805 6698
2 6805 7223
2 6704 6928
2 6704 6806
2 6704 7223
2 6704 6705
2 6704 6932
2 6704 6712
2 6704 8718
2 6702 6572
2 6702 6812
2 6702 6933
2 6702 6808
2 6702 6703
2 6702 6932
2 6702 6570
2 6702 6813
2 6709 7228
2 6709 7229
2 6709 6573
2 6709 7230
2 6572 6717
2 6572 6569
2 6572 6577
2 6572 6820
2 6717 6814
2 6717 6569
2 6720 6828
2 6720 6948
2 6720 6950
2 6720 6953
2 6720 7084
2 6828 6836
2 6828 6590
2 6828 7084
2 6828 6722
2 6721 6468
2 6721 6596
2 6727 6971
2 6733 6858
2 6733 6971
2 6733 6857
2 6733 6479
2 6847 8749
2 6617 6609
2 6854 6846
2 6854 7114
2 6854 7125
2 6854 6971
2 6854 7264
2 6854 6622
2 6854 6626
2 6737 7125
2 6624 6973
2 6624 6865
2 6624 6866
2 6624 7390
2 6624 6627
2 6624 6864
2 6488 7267
2 6738 6873
2 6738 6982
2 6738 6978
2 6738 6981
2 6741 6874
2 6741 6881
2 6874 6744
2 6874 6975
2 6874 6883
2 6874 6496
2 6874 8754
2 6874 6978
2 6874 6642
2 6742 6883
2 6744 6883
2 6744 6884
2 6744 6879
2 6744 6882
2 6744 6749
2 6744 6750
2 6878 6982
2 6878 6984
2 6878 6642
2 6878 6497
2 6880 6984
2 6880 6986
2 6880 6988
2 6880 6989
2 6880 6987
2 6880 6646
2 6885 6118
2 6885 8787
2 6885 6380
2 6885 6518
2 6889 6749
2 6889 6646
2 6889 8787
2 6890 8787
2 6890 6380
2 6890 8801
2 6890 6759
2 6751 6893
2 6751 6992
2 6754 6762
2 6754 6887
2 6754 6888
2 6755 6887
2 6893 6887
2 3866 3779
2 3866 4059
2 3866 4357
2 6762 6887
2 6762 6759
2 6762 8811
2 6762 6768
2 6894 7132
2 6894 7134
2 6898 7002
2 6898 7003
2 6898 6793
2 6898 6783
2 6900 6554
2 6900 6420
2 6900 6793
2 6786 7005
2 6786 7139
2 6786 7000
2 6786 7006
2 6905 7005
2 6905 7155
2 6908 7153
2 6908 6788
2 4828 6563
2 4828 4935
2 4828 6438
2 4828 7053
2 4828 7199
2 4828 7060
2 4938 4935
2 4938 5125
2 4938 7372
2 4938 6438
2 6563 4935
2 6563 5125
2 6563 5354
2 6563 7203
2 6563 6438
2 6563 7205
2 4764 843
2 4764 841
2 4764 842
2 4764 848
2 4764 5354
2 4764 7203
2 4764 7206
2 4764 6438
2 3776 3962
2 4183 3962
2 4183 4197
2 3970 3701
2 3970 3607
2 6909 7068
2 3960 4358
2 6911 6798
2 3689 3698
2 3689 3603
2 6918 7214
2 6918 7216
2 6918 6802
2 6799 7216
2 6799 7219
2 6799 7071
2 6799 7215
2 6803 7219
2 6798 6807
2 6798 6915
2 6798 6921
2 6798 7076
2 6798 6920
2 6798 6922
2 6798 6808
2 6798 6927
2 6807 7076
2 6807 7078
2 6807 6925
2 6807 6932
2 4356 3962
2 4356 4521
2 4356 4197
2 4356 4644
2 4356 8712
2 6713 6573
2 6713 7230
2 6812 6932
2 6814 6821
2 6814 6942
2 6814 6576
2 6814 6577
2 6814 6817
2 6814 6822
2 6814 6820
2 4354 3962
2 6821 6820
2 6824 6820
2 6948 6942
2 6948 6947
2 6948 6588
2 6948 6820
2 6948 6818
2 6948 6449
2 6948 6455
2 6948 6953
2 6830 6827
2 6836 6835
2 6836 6832
2 6836 6959
2 6835 6595
2 6835 6596
2 6842 6595
2 6842 6596
2 6960 6332
2 6845 6971
2 6845 7261
2 6968 8746
2 6968 6605
2 6858 8726
2 6858 8728
2 6849 7109
2 6849 6484
2 6856 7114
2 6856 7125
2 6856 7116
2 6856 7276
2 6856 8726
2 6856 7129
2 6852 6975
2 6852 7110
2 6852 7109
2 6852 6851
2 6853 7110
2 6853 6964
2 6853 6851
2 6853 7123
2 6975 6977
2 6975 7123
2 6975 6978
2 6975 6877
2 6973 7125
2 6973 7128
2 6973 6626
2 6736 6865
2 6736 6866
2 6736 7503
2 6736 6622
2 6736 7672
2 6736 6864
2 6736 6867
2 6632 6622
2 6632 7270
2 6632 7267
2 6632 7131
2 6873 8755
2 6873 6642
2 6883 6982
2 6883 6875
2 6883 6983
2 6883 6642
2 6883 6743
2 6883 6745
2 6982 6360
2 6884 6986
2 6884 6988
2 6884 6979
2 6884 7123
2 6884 6978
2 6884 6875
2 6884 6983
2 6884 6985
2 6884 6987
2 6984 6881
2 6984 6879
2 6986 6992
2 6988 6749
2 6988 6646
2 6988 6891
2 6990 6646
2 6990 6891
2 6992 6887
2 4639 5110
2 4639 4881
2 4643 5110
2 4643 4881
2 4986 5119
2 6896 7132
2 6896 7297
2 6896 7292
2 6896 7136
2 6896 7296
2 6896 7134
2 6896 7133
2 6896 7137
2 6896 7139
2 6896 6998
2 6897 7141
2 6897 7297
2 6897 7134
2 6897 7139
2 6897 7599
2 6995 7005
2 6995 7309
2 6995 7598
2 6995 7608
2 6995 7013
2 6995 7599
2 6995 7607
2 6791 6788
2 7005 7019
2 7005 7167
2 7005 7299
2 7005 7311
2 7005 7318
2 7005 7170
2 7005 7139
2 7005 7000
2 7005 7144
2 7015 7148
2 7015 7150
2 7019 7028
2 7019 7162
2 7019 7009
2 7019 6906
2 7019 7029
2 7020 6906
2 7020 7032
2 7020 7035
2 7028 7167
2 7028 7169
2 7028 7023
2 7031 7167
2 7031 7169
2 7031 7176
2 7031 7333
2 7031 7346
2 7031 7039
2 7031 7042
2 7037 7044
2 7037 7043
2 7041 7174
2 7041 7036
2 7044 7174
2 7044 7053
2 7047 7189
2 7054 7196
2 7057 7196
2 7057 7059
2 7057 7195
2 7061 7196
2 7061 7195
2 4078 4072
2 4826 6438
2 6521 7063
2 6521 7372
2 6521 4829
2 6521 4830
2 4759 6438
2 4758 3990
2 4758 7372
2 4758 6562
2 4758 7205
2 4762 7372
2 4762 3062
2 4762 7205
2 843 7372
2 841 7206
2 842 2988
2 842 847
2 842 3051
2 2985 7203
2 2988 847
2 2988 3051
2 4084 5737
2 4084 7207
2 4084 4939
2 4084 7209
2 4221 4217
2 4221 4230
2 4221 4225
2 4221 4223
2 5104 5119
2 5093 4875
2 5093 4876
2 5093 4873
2 5093 5111
2 5093 4886
2 6915 6921
2 6915 7073
2 6915 6920
2 6915 6925
2 4875 7066
2 6921 6925
2 6921 7074
2 6924 7219
2 6924 7218
2 6926 7219
2 6926 6802
2 6926 6795
2 6926 7218
2 6926 6927
2 6928 6804
2 6928 6703
2 6933 6816
2 6933 6932
2 4876 7066
2 4876 5111
2 4876 4877
2 6942 6947
2 6942 7081
2 6942 6818
2 6942 7083
2 6942 6951
2 6947 6822
2 6947 6951
2 6954 7237
2 6954 7238
2 6952 7239
2 6952 7241
2 6952 7235
2 6952 7238
2 6952 7240
2 6955 6956
2 6955 7239
2 6955 7241
2 6955 7235
2 6955 7240
2 6955 6951
2 6955 7242
2 7085 7241
2 7085 7240
2 7085 7242
2 7085 7245
2 6956 7086
2 6956 7083
2 6956 7240
2 6956 7242
2 6956 7245
2 6956 6837
2 6958 7245
2 6958 7247
2 6958 7252
2 7086 7246
2 7086 7248
2 7086 7249
2 7086 7251
2 7086 7247
2 7086 6831
2 7086 7252
2 7087 7251
2 7087 7091
2 7087 7089
2 7087 7252
2 7087 7090
2 7087 6723
2 7087 7253
2 7087 6963
2 7087 6961
2 7087 6964
2 7088 7251
2 7088 7257
2 7088 8744
2 7088 7258
2 7096 7503
2 7096 7674
2 7096 7270
2 7096 7267
2 7096 7131
2 6730 7091
2 6730 7089
2 6730 7254
2 6730 7266
2 6730 7267
2 6972 7114
2 6972 7116
2 7108 7121
2 7108 6872
2 7110 6872
2 7114 7106
2 7114 6971
2 7114 6857
2 7114 7126
2 7121 7266
2 6977 8753
2 6977 6635
2 6859 7120
2 6868 6976
2 6868 8750
2 6980 6976
2 6980 8750
2 6980 7123
2 6979 8750
2 6979 7123
2 6979 6985
2 6979 6987
2 4552 4873
2 4490 4619
2 7132 7432
2 7132 7289
2 7132 7292
2 7132 7296
2 7132 6895
2 6999 7299
2 6999 8794
2 7142 7299
2 7001 7299
2 7014 7299
2 7147 6553
2 7147 8874
2 7010 7011
2 7010 7299
2 7010 7311
2 7010 7009
2 7159 7157
2 7159 7611
2 7011 7167
2 7011 7311
2 7011 7166
2 7011 7324
2 7011 7146
2 7011 8820
2 7011 7168
2 7153 7017
2 7153 7004
2 7167 7318
2 7167 7333
2 7167 7334
2 7167 7009
2 7167 7336
2 7167 7029
2 7167 7036
2 7164 6906
2 7169 7030
2 7169 7333
2 7169 7334
2 7169 7470
2 7169 7924
2 7169 7336
2 7169 7341
2 7169 7781
2 7169 7627
2 7169 7473
2 7169 7036
2 7169 7355
2 7024 7349
2 7024 7332
2 7024 6906
2 7024 7165
2 7030 7332
2 7030 7023
2 7030 7026
2 7030 7627
2 7030 7473
2 7030 7036
2 7030 7039
2 7030 7355
2 7038 7351
2 7038 7362
2 7038 7484
2 7174 7048
2 7174 7344
2 7174 7186
2 7174 7348
2 7174 7356
2 7174 7362
2 7174 7346
2 7174 7345
2 7174 7353
2 7174 7042
2 7174 7040
2 7174 7043
2 7174 7049
2 7175 7181
2 7175 7186
2 7175 7346
2 7175 7036
2 7175 7042
2 7175 7049
2 7176 7346
2 7176 7036
2 7176 7042
2 7176 7188
2 7048 7194
2 7187 7357
2 7187 7197
2 7187 7367
2 7187 7199
2 7055 7493
2 7055 7045
2 7189 7639
2 7189 7643
2 7189 7364
2 7189 7491
2 7189 7059
2 7189 7194
2 7189 7199
2 7058 7062
2 7058 7493
2 7058 6438
2 7058 7045
2 7058 7052
2 7058 4077
2 7058 4073
2 7196 7639
2 7196 7643
2 7196 7056
2 7062 4079
2 7062 6438
2 4072 6438
2 4072 7496
2 4072 7199
2 4072 4936
2 7063 6522
2 4935 5354
2 4935 7203
2 4935 7372
2 4935 7367
2 4935 7370
2 5125 7372
2 3990 7372
2 7203 811
2 7203 4934
2 912 847
2 912 7372
2 7206 7372
2 7206 7205
2 4766 845
2 4766 7372
2 4766 7501
2 847 3063
2 847 3051
2 811 6564
2 811 4934
2 807 6564
2 807 814
2 845 808
2 2980 4088
2 2982 4940
2 2982 4088
2 2982 4090
2 4080 5733
2 4080 4088
2 4080 6695
2 5733 6696
2 5737 5736
2 7207 5736
2 7207 6756
2 7070 6916
2 7070 6919
2 7073 7075
2 7073 7069
2 7073 7212
2 7073 6925
2 7073 7074
2 7075 7217
2 7076 7078
2 7076 7217
2 7076 7216
2 7076 6927
2 7076 6929
2 7078 7217
2 7078 7222
2 7078 7218
2 7077 7217
2 7077 7222
2 7077 7081
2 7079 7081
2 6934 7223
2 6934 7226
2 6934 7081
2 7225 7224
2 7225 7081
2 7080 6931
2 7227 6712
2 7229 6822
2 7229 7235
2 7233 6715
2 7234 6715
2 7236 6715
2 7236 6585
2 7237 6585
2 7244 6463
2 7244 6465
2 7244 6593
2 7244 6829
2 7244 6722
2 7246 6722
2 7246 7252
2 7248 6722
2 7248 8940
2 7249 8940
2 7091 6325
2 7091 8740
2 7091 6728
2 7089 8740
2 7089 6728
2 7089 7098
2 7254 8740
2 7254 6728
2 7254 7098
2 7254 6729
2 7094 7379
2 6966 7817
2 6966 7819
2 6966 8733
2 6966 7511
2 6966 7821
2 6966 7504
2 7095 7379
2 7106 6971
2 7112 7266
2 7112 7273
2 7112 7123
2 7119 6971
2 7117 7379
2 7117 7382
2 7266 6728
2 7266 7113
2 7266 6633
2 7266 6494
2 7266 6976
2 7268 7269
2 7268 7271
2 7116 7128
2 7116 7276
2 7116 6857
2 7116 6855
2 7116 7821
2 7116 7129
2 6862 7519
2 6866 7390
2 4511 4343
2 4511 4335
2 4511 4347
2 4512 4335
2 7278 7415
2 7278 7427
2 7278 7289
2 7281 7289
2 7138 7436
2 7138 7432
2 7138 8794
2 7138 7134
2 7138 7452
2 6996 6998
2 7141 8800
2 7141 7599
2 7299 7145
2 7299 7447
2 7299 7450
2 7299 7134
2 7299 7139
2 7299 7000
2 7299 7143
2 7299 7013
2 7299 7312
2 7309 8820
2 7311 7145
2 7311 7013
2 7311 7146
2 7145 8820
2 7151 7307
2 7151 7596
2 7151 7018
2 7318 7333
2 7318 7303
2 7318 7338
2 7316 7328
2 7316 7464
2 7156 7466
2 7156 7595
2 7170 7168
2 7166 7324
2 7166 7466
2 7166 7012
2 7166 7472
2 7166 7618
2 7333 7319
2 7333 7346
2 7333 7036
2 7334 7781
2 7334 7036
2 7339 7342
2 7339 7781
2 7339 7036
2 7349 7332
2 7349 7476
2 7349 7475
2 7349 7025
2 7349 7034
2 7349 7040
2 7344 7036
2 7173 7362
2 7173 7475
2 7173 7629
2 7173 7040
2 7173 7484
2 7181 7358
2 7181 7182
2 7183 7358
2 7183 7632
2 7186 7489
2 7185 7632
2 7191 7632
2 7191 7490
2 7191 7197
2 7200 7498
2 7200 7632
2 7200 7490
2 7200 7184
2 7200 7491
2 7200 7636
2 7200 7367
2 4842 4074
2 4842 7493
2 4842 4837
2 4842 4073
2 7198 7498
2 7198 7491
2 4074 4079
2 4074 4836
2 4074 6438
2 4074 4838
2 4074 4839
2 4079 6438
2 4930 6564
2 4930 7205
2 3988 6437
2 3988 7656
2 4033 7656
2 4033 6438
2 6564 4824
2 6564 5126
2 6564 814
2 6564 6523
2 6564 4932
2 6564 4934
2 7372 7500
2 7372 6562
2 7372 4829
2 7372 4932
2 7372 4830
2 3063 915
2 4824 3058
2 808 810
2 810 4088
2 810 3056
2 810 6695
2 4940 6756
2 5736 7208
2 5736 7374
2 7208 6756
2 7211 7216
2 7211 6910
2 7211 6916
2 7211 6802
2 7214 7216
2 7214 6916
2 7214 6919
2 7217 7219
2 7217 7222
2 7217 7212
2 7217 6919
2 1095 1109
2 7216 7224
2 7216 6916
2 7216 7212
2 7216 6919
2 7216 6922
2 7219 7224
2 7219 6922
2 7219 7071
2 7222 7224
2 7376 8718
2 7224 8718
2 7224 8719
2 7224 8720
2 7224 7081
2 7379 7382
2 7379 7385
2 7379 7502
2 7379 7508
2 7379 6971
2 7379 7264
2 7100 7256
2 7263 7382
2 7269 7113
2 7269 7131
2 7269 7272
2 7382 7664
2 7274 7386
2 7120 7519
2 7128 6855
2 7128 7515
2 1529 1777
2 1665 2282
2 7393 7535
2 7393 7410
2 7394 7400
2 7394 7410
2 7403 7411
2 7403 7410
2 7403 7408
2 7403 7413
2 7411 7409
2 7411 7398
2 7411 7413
2 7411 7869
2 7414 7409
2 7414 7868
2 7414 7555
2 7414 7413
2 7420 7556
2 7420 7288
2 7417 7431
2 3128 3133
2 7425 7430
2 7425 8150
2 7425 7885
2 7425 7431
2 7425 8278
2 7285 7286
2 7285 7416
2 7285 7419
2 7285 7433
2 7429 7430
2 7429 7582
2 7429 7583
2 7429 7587
2 7429 7718
2 7429 7581
2 7429 7431
2 7429 7585
2 7286 7430
2 7286 7718
2 7294 7732
2 7294 7723
2 7294 8784
2 7294 7137
2 7294 7726
2 7436 7588
2 7436 7587
2 7436 7731
2 7436 7586
2 7436 7432
2 7436 7590
2 7436 7292
2 7436 7136
2 7436 8784
2 7436 7134
2 7436 7452
2 7436 8800
2 7437 7444
2 7437 7591
2 7437 7586
2 7437 7432
2 7437 7134
2 7445 7586
2 7445 7432
2 7445 7134
2 7297 7143
2 7297 8810
2 7297 7736
2 7297 7599
2 7305 7750
2 7305 8794
2 7305 8800
2 7305 7456
2 7302 7449
2 7302 7750
2 7302 7756
2 7457 6785
2 7457 7160
2 7315 7322
2 7315 7462
2 7315 7756
2 7324 7146
2 7324 8820
2 7324 7328
2 7324 7165
2 7324 7610
2 7322 7756
2 7330 7756
2 7330 7612
2 7330 7910
2 7330 7342
2 7330 7469
2 7330 7769
2 7340 7613
2 7331 7466
2 7331 7924
2 7331 7168
2 7331 7618
2 7332 7476
2 7332 7773
2 7332 7165
2 7332 7355
2 7350 7631
2 7348 7036
2 7351 7039
2 7351 7484
2 7356 7628
2 7358 7632
2 7358 7346
2 7358 7347
2 7358 7628
2 7358 7936
2 7358 7184
2 7362 7036
2 7362 7039
2 7362 7040
2 7362 7049
2 7362 7361
2 7359 7478
2 7359 7941
2 7359 7788
2 7360 7493
2 7360 7045
2 7493 7045
2 7493 7050
2 4841 7643
2 4836 7644
2 4836 7649
2 4840 6438
2 7498 7641
2 7498 7653
2 7498 6523
2 7498 7491
2 7498 7636
2 7498 7642
2 7498 4934
2 6437 7656
2 5126 7655
2 5126 7793
2 5126 6523
2 5126 4934
2 7501 6515
2 7501 7204
2 855 7204
2 3289 3134
2 814 3058
2 814 6523
2 3060 6756
2 4953 6696
2 5792 3056
2 7373 3056
2 2282 3104
2 2282 8747
2 2282 2794
2 2283 8747
2 2283 3102
2 2283 2942
2 2283 2794
2 7381 7658
2 7381 7802
2 7381 7663
2 7381 7664
2 7103 7513
2 7385 7386
2 7385 7502
2 7385 7658
2 7385 7968
2 7385 8092
2 7385 7663
2 7385 7664
2 7385 7680
2 7383 7678
2 7383 7815
2 7383 7984
2 7383 8092
2 7383 7983
2 7383 8730
2 7503 6622
2 7503 6863
2 7503 8745
2 7503 6864
2 7503 6867
2 7513 8745
2 7513 6864
2 7386 7521
2 7386 7525
2 7275 7687
2 7276 7687
2 7521 7693
2 7521 7680
2 7521 7684
2 7521 7510
2 7521 8738
2 7521 7531
2 7521 7535
2 7521 7695
2 7522 8738
2 7522 7535
2 7522 7695
2 7522 7540
2 7522 7539
2 7538 7696
2 7544 7535
2 7546 7551
2 7546 7845
2 7546 7698
2 7546 7850
2 7546 8263
2 7546 7848
2 7546 7535
2 7546 7854
2 7546 7851
2 7546 7402
2 7547 7396
2 7547 7556
2 7547 7551
2 7547 7845
2 7547 7698
2 7547 8133
2 7547 8263
2 7547 7535
2 7547 7851
2 7547 8130
2 7399 7409
2 7399 7551
2 7399 7865
2 7399 7870
2 7399 7552
2 7399 7413
2 7399 7866
2 7409 7428
2 7409 7549
2 7409 7550
2 7409 7862
2 7556 7566
2 7556 7550
2 7556 7714
2 7428 8010
2 7428 8271
2 7428 8153
2 7566 7577
2 7566 7550
2 7418 7868
2 7418 7875
2 7418 8012
2 7418 7555
2 7418 7413
2 7418 7869
2 7418 7423
2 7418 7874
2 7418 8153
2 7418 7717
2 7418 8151
2 7571 7714
2 7430 7718
2 7430 7280
2 7430 7284
2 7430 7433
2 7577 7714
2 7577 7586
2 7577 7432
2 7582 7884
2 7582 7432
2 7582 7887
2 7583 7432
2 7588 7742
2 7588 7432
2 7441 7742
2 7439 7742
2 7439 7589
2 7443 7444
2 7443 7742
2 7443 7900
2 7449 7750
2 7449 8794
2 7449 8800
2 7449 7456
2 7459 7327
2 7458 8840
2 7598 7608
2 7598 7906
2 7598 8820
2 7598 8035
2 7598 7607
2 7598 7158
2 7461 7763
2 7460 7756
2 7467 7310
2 7467 7158
2 7327 7747
2 7327 7595
2 7465 8820
2 7325 7466
2 7325 7471
2 7325 7617
2 7325 7773
2 7325 7464
2 7325 7609
2 7325 7912
2 7325 7616
2 7462 7910
2 7466 7471
2 7466 7617
2 7466 7154
2 7466 7328
2 7466 7165
2 7466 7158
2 7466 7912
2 7470 7924
2 7470 7168
2 7474 7355
2 7476 7475
2 7476 7773
2 7476 7774
2 7626 7628
2 7626 7936
2 7352 7625
2 7475 7625
2 7475 7484
2 7478 7627
2 7478 7178
2 7478 7481
2 7478 7941
2 7629 7630
2 7629 7779
2 7629 7484
2 7483 7785
2 7483 7779
2 7483 7484
2 7632 7635
2 7632 7943
2 7632 7944
2 7632 7790
2 7632 7182
2 7632 7184
2 7632 7193
2 7632 7192
2 7632 7364
2 7632 7491
2 7632 7636
2 7486 7779
2 7486 7484
2 7488 7779
2 7488 7786
2 7490 7790
2 7490 7193
2 7490 7788
2 7490 7192
2 7494 8942
2 7494 7497
2 7494 7786
2 7639 7643
2 7639 7648
2 7643 7650
2 7643 7366
2 7643 7199
2 7643 7642
2 7643 7651
2 7643 4838
2 7643 4839
2 7644 7650
2 7644 7652
2 7644 7793
2 7644 7645
2 7644 4838
2 7644 4839
2 7650 7656
2 7650 7649
2 8942 7656
2 8942 7645
2 7656 7497
2 7656 7369
2 856 7655
2 856 6516
2 853 6516
2 3058 3056
2 3058 7655
2 3058 6516
2 3058 6523
2 3056 6696
2 3056 6756
2 3393 3391
2 2796 2646
2 2796 2948
2 187 3683
2 187 3684
2 187 3771
2 7502 7968
2 7502 7803
2 7502 7795
2 7502 7802
2 7502 7798
2 7502 7804
2 7502 7663
2 7665 7807
2 7665 7676
2 7505 8732
2 7505 7520
2 7505 8745
2 7677 7809
2 7685 7688
2 7685 7691
2 7685 7510
2 7519 7520
2 7519 7390
2 7527 7688
2 7527 7691
2 7527 7510
2 7527 7830
2 7527 8738
2 7688 7822
2 7688 7829
2 7688 7680
2 7688 7684
2 7688 7525
2 7523 8738
2 7536 7537
2 7536 8362
2 7536 8364
2 7536 7849
2 7536 8363
2 7537 7696
2 7537 7543
2 7696 7543
2 7696 7838
2 7696 7694
2 7696 7845
2 7696 7850
2 7696 7996
2 7696 8117
2 7696 7842
2 7696 7844
2 7696 7849
2 7696 7848
2 7696 8118
2 7696 7851
2 7543 7694
2 7543 7553
2 7543 7554
2 7700 7539
2 7700 7400
2 7700 7397
2 7700 7552
2 7551 7859
2 7551 8263
2 7551 7866
2 7703 8133
2 7703 8130
2 7549 7861
2 7560 7561
2 7560 7707
2 7560 7714
2 7561 7568
2 7561 7712
2 7561 7707
2 7561 7708
2 7561 7563
2 7561 7576
2 7568 7576
2 7570 7715
2 7570 7884
2 7574 8012
2 7574 8017
2 7574 8150
2 7587 7444
2 7587 7892
2 7587 7432
2 7587 7590
2 7587 8784
2 7720 7891
2 7720 7890
2 7720 8784
2 7720 8785
2 7720 7729
2 7722 8784
2 7722 8785
2 7732 7723
2 7732 7137
2 7591 8794
2 7734 7730
2 7734 7723
2 7734 7137
2 7734 7726
2 7734 8810
2 7742 7438
2 7742 7752
2 7602 8031
2 7602 7298
2 7747 7158
2 7750 8038
2 7750 7592
2 7750 7604
2 7750 7763
2 7750 8820
2 7748 8810
2 7748 7736
2 7756 7303
2 7756 7456
2 7756 7319
2 7762 7752
2 7762 7313
2 7762 7312
2 7762 8039
2 7762 8820
2 7608 7599
2 7608 7911
2 7608 7912
2 7600 7912
2 7605 7915
2 7605 7910
2 7605 7917
2 7614 8820
2 7614 7601
2 7614 7929
2 7612 7766
2 7612 7915
2 7612 7918
2 7612 7910
2 7612 8820
2 7612 7917
2 7612 7469
2 7612 7930
2 7612 7928
2 7773 7912
2 7773 7623
2 7620 7924
2 7620 7782
2 7620 7613
2 7620 7336
2 7620 7341
2 7620 7925
2 7620 7627
2 7620 7937
2 7625 7624
2 7780 7934
2 7780 7935
2 7780 7469
2 7780 7341
2 7780 7628
2 7780 7936
2 7785 7783
2 7785 7627
2 7785 7937
2 7785 7482
2 7787 7942
2 7787 7786
2 7787 7364
2 7787 7361
2 7787 7648
2 7637 7364
2 7646 7366
2 7641 7790
2 7641 7491
2 7641 7638
2 7653 7655
2 7653 7790
2 7653 7636
2 7652 7790
2 7652 7647
2 7652 7645
2 7652 7649
2 7655 6523
2 7655 7636
2 7655 7645
2 2615 2915
2 2519 2522
2 2519 2904
2 2524 3066
2 2524 2046
2 7794 7949
2 7794 7802
2 7796 7961
2 7796 7806
2 7801 7962
2 7807 7971
2 7807 7806
2 7807 7663
2 7807 7982
2 7807 7664
2 7807 7829
2 7807 7680
2 7809 7682
2 7809 7822
2 7809 7691
2 7809 7514
2 7809 7683
2 7817 8098
2 7817 8729
2 7817 7673
2 7817 7517
2 7678 7984
2 7678 8096
2 7678 7983
2 7687 8729
2 7687 8737
2 7687 7126
2 7822 7986
2 7822 7987
2 7822 7982
2 7822 7816
2 7822 7676
2 7822 7680
2 7822 8727
2 7822 7684
2 7686 8102
2 7691 7831
2 7691 7987
2 7691 8358
2 7691 7684
2 7691 8112
2 7831 7827
2 7831 7982
2 7831 7825
2 7831 7829
2 7693 7694
2 7833 7827
2 7833 7829
2 7833 7837
2 7833 7854
2 7694 8362
2 7694 8364
2 7694 8253
2 7694 7849
2 7694 8118
2 7694 8363
2 7694 7545
2 7694 8251
2 7694 7699
2 7694 8126
2 7845 7852
2 7845 7854
2 7698 7993
2 7853 7707
2 7857 7999
2 7857 7997
2 7857 7545
2 7857 7397
2 7855 7994
2 7855 7860
2 7855 8130
2 7711 7707
2 7711 7860
2 7711 7715
2 7865 7398
2 7865 8142
2 7868 8142
2 7868 7412
2 7868 7871
2 7868 8153
2 7868 7717
2 2602 2471
2 2602 2255
2 3081 3077
2 3081 2758
2 3081 3239
2 7718 8020
2 7718 7431
2 7718 7284
2 7719 8022
2 7719 7893
2 7725 7433
2 7888 8784
2 7728 7721
2 7728 7724
2 7728 7754
2 7731 8025
2 7731 8159
2 7731 8161
2 7731 7893
2 7731 8158
2 7731 8784
2 7731 8800
2 7730 7723
2 7730 8786
2 7730 7754
2 7899 8030
2 7899 7739
2 7741 8786
2 7741 7754
2 7743 7749
2 7751 8031
2 7751 8038
2 7751 7914
2 7751 8037
2 7751 7592
2 7751 8800
2 7751 7910
2 7751 8033
2 7751 7763
2 7751 8039
2 7758 7447
2 7758 8030
2 7764 8032
2 7768 8032
2 7768 8820
2 7768 8162
2 7768 7929
2 7919 7927
2 7919 7929
2 7919 7618
2 7919 7926
2 7919 7623
2 7770 7910
2 7770 7621
2 7924 7776
2 7924 7613
2 7924 7168
2 7924 7172
2 7924 7775
2 7924 7923
2 7924 7473
2 7924 7937
2 7776 7937
2 7927 7931
2 7927 7929
2 7927 7473
2 7927 7932
2 7927 7937
2 7927 7631
2 7927 7779
2 7934 7627
2 7934 7937
2 7938 7935
2 7943 7790
2 7943 7935
2 7943 7936
2 7944 7935
2 7944 7939
2 7944 7786
2 7790 7481
2 7790 7939
2 7790 7786
2 7790 7636
2 7790 7640
2 7790 7647
2 7790 7645
2 2471 2255
2 3639 3532
2 3639 3647
2 147 222
2 2672 3645
2 2672 3533
2 2672 3647
2 2672 3648
2 7945 7955
2 7945 7803
2 7948 8067
2 7948 7803
2 7800 7956
2 7800 8072
2 7961 7956
2 7961 7960
2 7961 8072
2 7961 8200
2 7961 8074
2 7961 8206
2 7961 8533
2 7961 7949
2 7961 7959
2 7961 8073
2 7961 8207
2 7962 7805
2 7962 7971
2 7962 8077
2 7962 8221
2 7962 7949
2 7962 8081
2 7962 7803
2 7962 7972
2 7962 8088
2 7962 7802
2 7962 8222
2 7962 7804
2 7962 8723
2 7962 8722
2 7805 7806
2 7805 8723
2 7662 8223
2 7662 7978
2 7971 8081
2 7971 7806
2 7971 7813
2 7971 7663
2 7971 7982
2 7971 7664
2 7968 7815
2 7968 8223
2 7968 7667
2 7968 8086
2 7968 8224
2 7810 7972
2 7815 8092
2 7815 7660
2 7815 7384
2 7812 8089
2 7812 7808
2 7986 7816
2 7826 7827
2 7823 8235
2 7827 8113
2 7827 7825
2 7839 8109
2 7839 7999
2 7839 8248
2 7839 8115
2 7839 8249
2 7839 8738
2 7852 7993
2 7852 8117
2 7852 8119
2 7852 7697
2 7852 8118
2 7852 7707
2 7852 7860
2 7852 8130
2 7996 8132
2 7996 8263
2 7996 8126
2 7996 8261
2 7859 7870
2 7859 7397
2 7859 7552
2 7859 7398
2 7859 7866
2 7859 7873
2 7870 8012
2 7870 8000
2 7870 8014
2 7870 7397
2 7870 7552
2 7870 7398
2 7870 7874
2 7870 7876
2 7863 8137
2 7863 7860
2 7863 8266
2 7863 8136
2 7863 8138
2 7863 7715
2 7863 8139
2 8008 8007
2 8008 8137
2 8008 8267
2 8008 8142
2 8008 8136
2 8008 7564
2 8008 8139
2 8008 8271
2 7875 8142
2 7875 8153
2 7875 7717
2 7875 8151
2 3429 3841
2 8012 7880
2 8012 8005
2 8012 8014
2 8012 7869
2 8012 7419
2 8012 7575
2 8012 7580
2 8018 1769
2 8016 8150
2 8017 7883
2 7880 8015
2 7878 8015
2 7881 7896
2 7891 7882
2 7892 7900
2 7896 7883
2 7896 7882
2 7896 7902
2 7896 7754
2 7895 8786
2 7895 7898
2 7895 7902
2 7895 7754
2 7901 7900
2 7903 8031
2 7903 8036
2 7904 8031
2 7904 7737
2 8031 8026
2 8031 7739
2 8031 7753
2 8031 7735
2 8031 7902
2 8031 7906
2 8031 7746
2 8032 8036
2 8032 7906
2 8032 7746
2 8032 8041
2 8032 7745
2 8032 7911
2 8038 8033
2 8038 7763
2 7915 7910
2 7772 8042
2 7772 7910
2 7921 8042
2 7921 7930
2 7922 7933
2 7922 8042
2 7922 7929
2 7922 7621
2 7931 8042
2 7931 7929
2 7931 7621
2 7931 7925
2 7933 8042
2 7933 7621
2 7935 7929
2 7935 7621
2 7935 7936
2 7935 7939
2 7935 7779
2 8044 8163
2 8044 8068
2 8044 8298
2 8044 8299
2 8044 8307
2 8044 8169
2 8044 8174
2 8044 8063
2 8047 8064
2 8047 8068
2 8047 8299
2 8047 8063
2 8053 8064
2 8053 8068
2 8053 8066
2 8053 8299
2 8053 8063
2 8055 7951
2 8058 8066
2 8064 8045
2 8067 7956
2 8067 8066
2 8067 8061
2 8067 8072
2 8067 8204
2 8067 8602
2 8067 8060
2 8067 8603
2 8067 8069
2 8067 8608
2 8067 7953
2 8067 8071
2 8067 8201
2 7950 7952
2 7950 7953
2 7956 7960
2 7956 7949
2 7956 8203
2 7960 8072
2 7960 8209
2 7960 8203
2 7963 8194
2 7963 8198
2 7963 7949
2 7963 8081
2 8077 8337
2 8077 8219
2 8077 8088
2 8077 8222
2 7980 8084
2 7973 8222
2 8090 7377
2 8090 7107
2 8090 7259
2 7984 8229
2 7984 8086
2 7984 8224
2 7984 7683
2 7984 8727
2 7984 8730
2 7984 8736
2 8098 8731
2 8098 7517
2 7987 8231
2 7987 7816
2 7987 8230
2 7987 8727
2 8096 7983
2 8096 7683
2 8096 8730
2 8096 8736
2 8104 8108
2 8109 7991
2 8109 8362
2 8109 8103
2 8109 8108
2 8109 8365
2 7988 8235
2 7988 8247
2 7990 8362
2 7990 8112
2 7990 7849
2 7991 8248
2 7991 8364
2 7991 8363
2 7993 8119
2 7993 8368
2 7993 7837
2 7993 7697
2 8117 7994
2 8117 7848
2 8117 7851
2 7999 8249
2 7999 8250
2 7999 7695
2 7999 7846
2 7999 7847
2 7999 7545
2 7994 8263
2 7998 8120
2 8133 8007
2 8133 8263
2 8133 8380
2 8133 7864
2 8133 8266
2 8133 8381
2 8133 8142
2 8001 8132
2 8001 8263
2 8001 8261
2 8005 8013
2 8005 8379
2 8005 7876
2 8007 8267
2 8007 7862
2 8007 8266
2 8007 8381
2 8007 7713
2 8007 8264
2 8007 8269
2 7872 7869
2 8014 8142
2 8014 8006
2 8013 8003
2 8013 8006
2 8013 7883
2 3645 3533
2 8010 8268
2 8010 8272
2 8010 7884
2 8150 8154
2 8150 7421
2 8150 7423
2 8150 8148
2 8150 8145
2 8150 7431
2 8150 8278
2 8150 7573
2 8150 8275
2 8150 7575
2 8150 7580
2 8020 7717
2 8154 8151
2 8154 7886
2 8022 7885
2 8022 8277
2 8025 7900
2 8025 8784
2 8025 8030
2 8161 7900
2 8161 8030
2 8026 8786
2 8026 7739
2 8037 7752
2 8037 8036
2 8040 8030
2 8040 7910
2 8043 8030
2 8043 7910
2 8042 7910
2 8042 7930
2 8042 7929
2 8042 7932
2 4213 4205
2 4213 4209
2 4213 4663
2 4213 4224
2 6756 7209
2 8163 8280
2 8163 8284
2 8163 8399
2 8163 8307
2 8163 8174
2 8165 8295
2 8175 8298
2 8050 8176
2 8050 8298
2 8050 8311
2 8050 8514
2 8050 8422
2 8050 8307
2 8050 8169
2 8050 8170
2 8050 8177
2 8049 8057
2 8049 8299
2 8049 8187
2 8049 8312
2 8049 8319
2 8049 8424
2 8049 8054
2 8068 8194
2 8068 8299
2 8068 8304
2 8068 8518
2 8068 8307
2 8068 8314
2 8068 8316
2 8068 8045
2 8068 8051
2 8068 8435
2 8068 8193
2 8068 8065
2 8057 8066
2 8057 8299
2 8057 8304
2 8057 8312
2 8057 8602
2 8057 8606
2 8066 8061
2 8066 8304
2 8066 8518
2 8066 8602
2 8066 8316
2 8066 8051
2 8066 8435
2 8066 8056
2 8066 8060
2 8066 8186
2 8066 8603
2 8061 8602
2 8061 7951
2 8061 8069
2 8194 8182
2 8194 7966
2 8070 8191
2 8070 7951
2 8197 7949
2 8197 8721
2 8072 8211
2 8200 8205
2 8200 7949
2 8200 8443
2 8200 8721
2 8209 8223
2 8209 7797
2 8209 7798
2 8209 7804
2 8209 8724
2 8084 7965
2 8084 8339
2 8221 8089
2 8221 8230
2 8221 8727
2 8223 7804
2 8223 8213
2 8223 7508
2 8223 7380
2 8223 8724
2 8223 8228
2 8223 8725
2 8227 8220
2 8227 7966
2 8227 7965
2 8227 8339
2 8227 8345
2 8087 8093
2 8087 8455
2 8087 8353
2 8089 8235
2 8089 7981
2 8089 7816
2 8235 8113
2 8235 7813
2 8235 7825
2 8094 8105
2 8101 7981
2 8101 8230
2 8101 7824
2 8101 8727
2 8107 8738
2 8107 8232
2 8107 8741
2 8110 8362
2 8110 8727
2 8110 8365
2 8113 7824
2 8113 8114
2 8248 8362
2 8248 8106
2 8248 8105
2 7992 8738
2 8249 8252
2 8249 8738
2 8250 8116
2 8119 8263
2 8119 8261
2 8120 8002
2 8120 8003
2 8120 8006
2 8125 8126
2 8127 8263
2 8127 8254
2 8127 8261
2 8132 8479
2 8132 8126
2 8132 8003
2 8128 8263
2 8263 8256
2 8263 8380
2 8263 7995
2 8263 8130
2 8263 8129
2 8263 8381
2 8263 8142
2 8263 8003
2 8263 7866
2 8263 7873
2 8263 8006
2 8137 8267
2 8137 7864
2 8137 8009
2 8268 8271
2 8268 7876
2 8146 8153
2 8146 8151
2 8146 8276
2 8272 8141
2 8272 8265
2 8272 8143
2 8272 7884
2 8272 8151
2 8279 7884
2 8155 8276
2 5648 5467
2 5648 5650
2 5648 5655
2 5467 5474
2 5467 5647
2 5781 6182
2 5781 6064
2 8280 8384
2 8280 8387
2 8280 8399
2 8280 8395
2 8280 8167
2 8290 8405
2 8290 8169
2 8290 8170
2 8294 8297
2 8294 8307
2 8294 8296
2 8294 8408
2 8171 8416
2 8171 8586
2 8171 8295
2 8176 8298
2 8176 8311
2 8176 8425
2 8176 8586
2 8176 8587
2 8176 8307
2 8176 8516
2 8298 8178
2 8298 8417
2 8298 8412
2 8298 8510
2 8298 8589
2 8298 8665
2 8298 8418
2 8298 8583
2 8298 8420
2 8298 8048
2 8298 8588
2 8298 8046
2 8298 8052
2 8299 8178
2 8299 8312
2 8299 8305
2 8299 8589
2 8299 8595
2 8299 8518
2 8299 8590
2 8299 8421
2 8299 8588
2 8299 8045
2 8299 8046
2 8299 8052
2 8299 8051
2 8299 8179
2 8304 8417
2 8304 8302
2 8304 8518
2 8304 8300
2 8304 8307
2 8304 8051
2 8178 8424
2 8178 8588
2 8315 8434
2 8315 8180
2 8315 8435
2 8315 8193
2 8187 8312
2 8187 8322
2 8187 8602
2 8187 8606
2 8191 8202
2 8191 8319
2 8191 8432
2 8191 8054
2 8191 8059
2 8191 8431
2 8191 8433
2 8191 7951
2 8191 8069
2 8191 8203
2 8199 8440
2 8202 8323
2 8202 8448
2 8202 8192
2 8204 8211
2 8204 8334
2 8204 8448
2 8204 8447
2 8204 8608
2 8204 8208
2 8204 8212
2 8204 8336
2 8206 8444
2 8206 8443
2 8206 8721
2 8206 8339
2 8211 8328
2 8211 8203
2 8211 8329
2 8337 8330
2 8337 8450
2 8337 8222
2 8215 8533
2 8215 8536
2 8215 8207
2 8220 8464
2 8231 8616
2 8231 7981
2 8231 8546
2 8231 8727
2 8234 8105
2 8354 8351
2 8354 8232
2 8238 8242
2 8243 8731
2 8243 8232
2 8241 8365
2 8245 8362
2 8245 8469
2 8245 8727
2 8245 8365
2 8245 8376
2 8245 8116
2 8362 8368
2 8362 8369
2 8362 8371
2 8362 8727
2 8362 8112
2 8362 7830
2 8362 8114
2 8362 8111
2 8362 7840
2 8368 8364
2 8368 8478
2 8368 7837
2 8368 7849
2 8368 8376
2 8368 8363
2 8368 8255
2 8364 8371
2 8364 8114
2 8364 7849
2 8364 8118
2 8364 8116
2 8364 7847
2 8253 8371
2 8253 8375
2 8253 8118
2 8253 8373
2 8253 8255
2 8253 8254
2 8253 8479
2 8253 8126
2 8253 8123
2 8252 8262
2 8252 8378
2 8252 8373
2 8252 8479
2 8252 8126
2 8252 8379
2 8256 8261
2 8262 8378
2 8262 8479
2 8382 8377
2 8141 8377
2 8141 8381
2 8141 8147
2 8265 8143
2 8265 8149
2 8265 8147
2 8265 8276
2 3779 3962
2 3596 3338
2 5951 5659
2 5951 5491
2 8384 8399
2 8384 8480
2 8384 8489
2 8384 8551
2 8384 8558
2 8387 8489
2 8387 8396
2 8387 8391
2 8387 8286
2 8287 8658
2 8399 8409
2 8399 8489
2 8399 8491
2 8289 8405
2 3310 25
2 3310 3566
2 8293 8502
2 8293 8504
2 8293 8170
2 8409 8400
2 8409 8307
2 8417 8400
2 8417 8307
2 8417 8182
2 8303 8414
2 8302 8589
2 8302 8419
2 8302 8414
2 8302 8182
2 8309 8589
2 8309 8182
2 8311 8514
2 8311 8173
2 8311 8177
2 8311 8046
2 8310 8434
2 8310 8317
2 8312 8051
2 8312 8054
2 8312 8318
2 8312 8606
2 8319 8424
2 8319 8179
2 8319 8054
2 8319 8429
2 8319 8606
2 8320 8602
2 8320 8603
2 8322 8602
2 8324 8434
2 8324 8521
2 8324 8611
2 8324 8193
2 8324 8528
2 8323 8432
2 8323 8069
2 8323 8201
2 8326 8203
2 8205 8521
2 8205 8524
2 8205 8527
2 8205 8193
2 8205 8528
2 8205 8080
2 8325 8439
2 8328 8336
2 8334 8203
2 8330 8444
2 8330 8443
2 8333 8446
2 8333 8207
2 8216 8453
2 8216 8446
2 8216 8208
2 8216 8343
2 8338 8537
2 8338 8346
2 8214 8344
2 8341 8533
2 8341 8536
2 8341 8224
2 8342 8536
2 8456 8218
2 8455 8467
2 8353 8615
2 8353 8343
2 8353 7985
2 8351 8615
2 8351 8343
2 8351 8355
2 8467 8242
2 8467 8356
2 8467 8349
2 8467 8350
2 8467 8471
2 8467 8472
2 8467 8475
2 8469 8472
2 8469 8103
2 8356 8476
2 8357 8247
2 8360 8374
2 8360 8240
2 8366 8371
2 8366 8112
2 8366 8246
2 8366 8114
2 8366 8370
2 8366 8373
2 8366 8367
2 8374 8112
2 8374 8246
2 8369 8376
2 8371 8476
2 8371 8376
2 8371 8363
2 8371 8367
2 8478 8477
2 8478 8257
2 8378 8373
2 8378 8258
2 8378 8379
2 3962 4521
2 3962 4187
2 3962 4358
2 3334 3462
2 3334 3339
2 8480 8489
2 8480 8551
2 8480 8552
2 8480 8561
2 8480 8553
2 8480 8559
2 8392 8489
2 8486 8489
2 8486 8571
2 8486 8636
2 8486 8640
2 8489 8389
2 8489 8558
2 8489 8386
2 8489 8385
2 8489 8658
2 8389 8640
2 8389 8658
2 8491 8558
2 8491 8643
2 8491 8400
2 8393 8396
2 8393 8286
2 8401 8490
2 8396 8505
2 8396 8391
2 8396 8390
2 8396 8394
2 8396 8639
2 8396 8577
2 8396 8578
2 8396 8404
2 8396 8405
2 8497 8493
2 8403 8405
2 8402 8493
2 8402 8496
2 8402 8419
2 8402 8414
2 8502 8655
2 8502 8288
2 8413 8414
2 8406 8514
2 8407 8514
2 8407 8659
2 8407 8292
2 8407 8515
2 8412 8307
2 8305 8510
2 8305 8583
2 8305 8588
2 8514 8422
2 8514 8506
2 8514 8405
2 8514 8170
2 8514 8508
2 8514 8177
2 8514 8046
2 8514 8426
2 8425 8177
2 8422 8046
2 8424 8046
2 8424 8052
2 8424 8433
2 8428 8588
2 8430 8602
2 8430 8606
2 8430 8604
2 8434 8440
2 8434 8611
2 8434 8314
2 8434 8316
2 8434 8421
2 8434 8520
2 8432 8439
2 8432 8192
2 8437 8602
2 8440 8435
2 8440 8603
2 8439 8433
2 8441 8433
2 8441 8438
2 8441 8446
2 8448 8530
2 8448 8201
2 8448 8336
2 8444 8332
2 8444 8080
2 8444 8331
2 8447 8530
2 8447 8605
2 8447 8607
2 8453 8607
2 8453 8452
2 8453 8343
2 8332 8080
2 8332 8445
2 8332 8339
2 8530 8605
2 8530 8608
2 8530 8607
2 8450 8533
2 8450 8537
2 8450 8529
2 8450 8454
2 8533 8529
2 8533 8721
2 8533 8331
2 8533 8612
2 8533 8532
2 8533 8213
2 8533 8343
2 8536 8532
2 8536 8225
2 8536 8343
2 8537 8538
2 8537 8225
2 8545 8350
2 8473 8466
2 8477 8617
2 8477 8465
2 8477 8466
2 8477 8472
2 8477 8370
2 8477 8373
2 2354 2142
2 8549 3000
2 5119 5110
2 5119 4883
2 5119 5111
2 7066 4873
2 7066 4880
2 7066 4886
2 8551 8618
2 8551 8626
2 8551 8676
2 8551 8673
2 8551 8675
2 8551 8484
2 4873 5111
2 4873 4886
2 4873 4877
2 8558 8568
2 8558 8493
2 8558 8618
2 8558 8629
2 8558 8569
2 8558 8490
2 8487 8561
2 8487 8563
2 8487 8559
2 8487 8562
2 8561 8490
2 8483 8682
2 8568 8493
2 8572 8569
2 8493 8498
2 8493 8503
2 8493 8580
2 8493 8664
2 8493 8569
2 8493 8699
2 8493 8643
2 8493 8645
2 8493 8400
2 8493 8579
2 8493 8647
2 8493 8581
2 8493 8650
2 8493 8419
2 8493 8414
2 8575 8395
2 8498 8503
2 8498 8650
2 8505 8655
2 8505 8405
2 8503 8510
2 8503 8664
2 8503 8650
2 8503 8651
2 8503 8414
2 8506 8511
2 8506 8578
2 8506 8513
2 8506 8426
2 8510 8582
2 8510 8594
2 8510 8664
2 8510 8654
2 8510 8306
2 8510 8307
2 8510 8420
2 8510 8661
2 8511 8426
2 8586 8296
2 8586 8408
2 8589 8414
2 8589 8301
2 8589 8661
2 8589 8666
2 8589 8588
2 8589 8598
2 8595 8668
2 8595 8519
2 8518 8314
2 8518 8316
2 8518 8668
2 8518 8609
2 8518 8606
2 8602 8435
2 8602 8060
2 8602 8186
2 8602 8318
2 8602 8192
2 8602 8438
2 8521 8603
2 8605 8524
2 8605 8527
2 8605 8610
2 8524 8603
2 8527 8610
2 8527 8607
2 8529 8538
2 8531 8339
2 8531 8340
2 8531 8454
2 8534 8339
2 8542 8464
2 8614 8464
2 8543 8464
2 8548 8465
2 8617 8472
2 8617 8476
2 460 711
2 460 458
2 319 325
2 5492 5491
2 5492 5660
2 5492 5501
2 8618 8629
2 8554 8626
2 8554 8676
2 8554 8625
2 8554 8673
2 8554 8675
2 8564 8563
2 8564 8569
2 8555 8676
2 8563 8565
2 8563 8633
2 8571 8388
2 8638 8391
2 8638 8388
2 8574 8699
2 8574 8647
2 8641 8684
2 8641 8685
2 8641 8658
2 8641 8395
2 8576 8685
2 8576 8639
2 8576 8658
2 8576 8656
2 8576 8660
2 8582 8655
2 8582 8664
2 8582 8415
2 8655 8395
2 8655 8713
2 8655 8581
2 8655 8646
2 8655 8295
2 8655 8507
2 8655 8398
2 8655 8500
2 8655 8654
2 8655 8404
2 8655 8583
2 8655 8585
2 8655 8504
2 8659 8584
2 8659 8667
2 8659 8662
2 8659 8507
2 8659 8654
2 8659 8583
2 8659 8585
2 8659 8663
2 8659 8296
2 8659 8408
2 8659 8588
2 8584 8667
2 8584 8588
2 8594 8667
2 8594 8588
2 8667 8662
2 8667 8663
2 8667 8716
2 8667 8661
2 8667 8513
2 8667 8426
2 8667 8429
2 8592 8421
2 8611 8598
2 8611 8601
2 8611 8528
2 8610 8601
2 8610 8526
2 8610 8612
2 544 461
2 208 258
2 711 461
2 899 803
2 8626 8673
2 8626 8693
2 8621 8629
2 8623 8671
2 8623 8691
2 8623 8694
2 8623 8696
2 8623 8629
2 8623 8631
2 8623 8695
2 8676 8673
2 8676 8553
2 8676 8484
2 8676 8557
2 8634 8693
2 8632 8570
2 8635 8679
2 8635 8680
2 8682 8677
2 8682 8484
2 8683 8677
2 8684 8698
2 8684 8687
2 8649 8645
2 8652 8699
2 8652 8645
2 8652 8687
2 8652 8663
2 8653 8687
2 8653 8657
2 8653 8660
2 8664 8650
2 8664 8507
2 8664 8414
2 8664 8661
2 8664 8666
2 8662 8660
2 8662 8716
2 8662 8588
2 8671 8694
2 8671 8696
2 8671 8629
2 8674 8694
2 8694 8689
2 8696 8698
2 8696 8690
2 8696 8689
2 8696 8692
2 8696 8569
2 8679 8692
2 8679 8677
2 8697 8689
2 8697 8692
2 8697 8677
2 8697 8562
2 1103 1673
2 8698 8692
2 8698 8677
2 8698 8569
2 8698 8686
2 8698 8687
2 3290 2663
2 1765 2484
2 2077 8747
2 5495 5654
2 5495 5503
2 2280 8747
2 2280 2954
2 2484 2942
2 2484 2794
2 2484 2802
2 7793 7369
2 3113 2958
2 8747 2958
2 114 113
2 1097 1200
2 1097 1308
2 5331 2978
2 2902 2978
2 2902 5674
2 2978 5336
2 4604 5330
2 4604 8795
2 4606 4607
2 8704 5330
2 4497 4330
2 4497 8797
2 4034 4045
2 2862 2391
2 2862 1995
2 6057 5931
2 2438 3451
2 2438 3453
2 151 269
2 1337 3
2 4194 4360
2 4194 136
2 465 725
2 465 334
2 465 335
2 3342 2854
2 135 4347
2 135 4350
2 8709 2451
2 8709 2450
2 724 554
2 4650 4888
2 4650 4652
2 2448 4042
2 2448 3701
2 725 1124
2 189 3771
2 3855 8739
2 3855 3863
2 190 3761
2 8622 8629
2 8690 8629
2 8619 8629
2 8620 8629
2 8624 8556
2 8673 8693
2 8689 8693
2 2819 2667
2 2819 2431
2 8629 8569
2 8556 8675
2 8692 8677
2 2429 2432
2 2429 2096
2 8565 8569
2 8693 8553
2 8693 8484
2 8693 8557
2 3679 3684
2 3679 3771
2 8633 8562
2 8633 8569
2 8633 8570
2 8677 8557
2 8677 8637
2 2680 3323
2 2680 8916
2 2680 37
2 36 37
2 8484 8485
2 8484 8391
2 8484 8637
2 8557 8637
2 25 3570
2 8678 8488
2 3308 3144
2 2832 8916
2 2832 37
2 8490 8494
2 8490 8400
2 8391 8637
2 8391 8394
2 8391 8639
2 8488 8639
2 8699 8687
2 8699 8650
2 8492 8643
2 8492 8400
2 8388 8636
2 8686 8637
2 8637 8577
2 8637 8578
2 8700 815
2 8700 1558
2 5499 5799
2 5499 5798
2 5645 6182
2 5645 6179
2 8494 8658
2 8496 8643
2 8496 8647
2 8496 8581
2 8496 8650
2 8390 8286
2 8394 8639
2 8394 8642
2 8394 8577
2 8645 8650
2 8640 8658
2 8640 8395
2 2311 2512
2 4059 4066
2 4197 4061
2 8400 8419
2 8499 8579
2 8499 8658
2 8499 8581
2 8658 8395
2 8658 8581
2 8658 8646
2 8658 8398
2 8658 8500
2 8395 8281
2 8395 8646
2 8395 8288
2 8395 8398
2 8395 8500
2 8687 8656
2 8687 8660
2 8687 8663
2 8687 8716
2 2669 2967
2 2662 2495
2 2662 2503
2 2662 2667
2 3337 3606
2 3337 3187
2 3337 3462
2 3337 3339
2 4187 4188
2 3004 2708
2 2708 2559
2 8415 8581
2 8657 8663
2 8657 8716
2 8646 8656
2 8646 8660
2 8714 2848
2 2142 2550
2 8507 8583
2 8507 8585
2 8285 8405
2 8288 8405
2 8656 8654
2 8656 8663
2 8656 8716
2 8500 8404
2 8500 8660
2 8578 8660
2 8578 8513
2 4880 4886
2 207 258
2 4509 4623
2 4509 4349
2 8418 8307
2 8414 8585
2 8414 8420
2 8414 8661
2 8414 8666
2 8167 8169
2 8291 8170
2 8654 8660
2 8654 8583
2 8660 8663
2 803 461
2 8670 8742
2 8300 8308
2 8300 8182
2 8164 8307
2 8166 8405
2 8166 8169
2 8583 8307
2 8583 8588
2 8292 8504
2 8405 8170
2 8405 8508
2 8405 8515
2 8663 8716
2 8663 8666
2 8663 8668
2 1209 1428
2 1209 1673
2 8301 8420
2 8307 8182
2 8307 8048
2 8169 8048
2 8420 8661
2 8420 8588
2 8170 8515
2 6916 6917
2 6916 6802
2 6917 6919
2 3133 3134
2 3133 2971
2 3127 2971
2 3127 2958
2 8590 8588
2 8590 8598
2 8177 8516
2 8591 8598
2 8666 8421
2 8666 8598
2 8666 8519
2 8666 8601
2 8513 8423
2 8513 8426
2 6919 7213
2 6919 7215
2 3105 2958
2 8182 8180
2 8182 8183
2 8182 8317
2 8182 8193
2 8314 8435
2 8316 8317
2 8316 8435
2 8421 8598
2 8421 8317
2 8421 8519
2 2956 2802
2 2956 2809
2 8588 8179
2 8588 8313
2 8588 8426
2 8588 8429
2 2942 2794
2 6802 6804
2 6802 6706
2 6922 6797
2 7071 7218
2 8188 8435
2 8045 8063
2 8046 8179
2 8596 8668
2 8596 8609
2 8668 8606
2 8668 8604
2 2948 2794
2 6795 6927
2 6925 6929
2 8183 8193
2 8435 8609
2 8435 8606
2 8435 8603
2 8601 8604
2 8426 8433
2 6804 6927
2 6804 6809
2 6804 6698
2 6804 7223
2 5240 4970
2 6174 6170
2 7220 6927
2 8193 8198
2 8193 7966
2 8054 8059
2 8517 8603
2 8427 8318
2 8427 8606
2 6706 7223
2 6706 8718
2 6927 7223
2 6930 7223
2 1177 5936
2 1177 5770
2 1177 4845
2 4177 4043
2 4177 4328
2 6060 5935
2 6060 8930
2 6060 6170
2 4515 3985
2 4870 4971
2 4870 4869
2 8063 7949
2 8063 7947
2 8520 8603
2 8520 8528
2 8318 8606
2 8606 8433
2 8606 8438
2 8433 8604
2 8433 8607
2 6809 7223
2 6809 6711
2 6809 7230
2 6703 6929
2 7223 6705
2 7223 6932
2 7223 8718
2 5936 4845
2 5777 4845
2 8198 7949
2 8198 7966
2 8198 8721
2 7951 7952
2 7951 7953
2 8522 8603
2 8192 8069
2 8192 8201
2 8604 8438
2 8604 8612
2 8438 8607
2 8717 6699
2 8717 6711
2 8717 6451
2 6699 6712
2 6932 7081
2 6935 7081
2 3987 4845
2 7497 7645
2 8078 8721
2 7949 7953
2 7949 8721
2 7949 7803
2 7949 7802
2 7947 7803
2 8443 8080
2 8069 8608
2 8069 8436
2 8528 8451
2 8528 8612
2 8608 8071
2 8608 8201
2 8436 8201
2 8607 8526
2 8607 8612
2 8607 8446
2 8607 8538
2 6573 6810
2 6712 8718
2 6712 6711
2 6712 7230
2 8718 7230
2 6435 7496
2 6435 4076
2 6438 6562
2 6438 4075
2 6438 4076
2 6438 4077
2 7966 8081
2 7966 8339
2 7955 7803
2 8080 8339
2 7952 7799
2 7952 7803
2 7953 8203
2 8201 8327
2 6711 6575
2 6711 7230
2 6711 6581
2 6711 6451
2 8719 7230
2 6523 4934
2 6522 4829
2 7965 8219
2 8721 8081
2 8721 7803
2 7957 7803
2 8203 8208
2 8203 8212
2 8612 8535
2 8612 8540
2 8612 8538
2 8612 8615
2 6580 6575
2 6576 6815
2 6576 6940
2 8720 7235
2 2442 2741
2 8081 7806
2 8081 7813
2 8081 7982
2 7803 7802
2 7803 7508
2 8339 8454
2 8339 8464
2 8339 8346
2 8340 8454
2 8532 8538
2 8446 8335
2 8446 8343
2 7230 7235
2 7081 7232
2 7081 7083
2 5479 5478
2 5647 6179
2 7972 7813
2 8083 8222
2 7795 7508
2 8219 8464
2 7797 7508
2 8210 7804
2 8210 7508
2 8535 8538
2 8535 8615
2 6581 6450
2 6581 6463
2 6577 6817
2 6577 6820
2 4206 4363
2 4206 4364
2 7979 7813
2 7802 7663
2 7802 7667
2 7802 7664
2 7798 7508
2 8218 8464
2 8454 8464
2 8207 8335
2 8540 8538
2 8540 8464
2 8538 8615
2 8538 8343
2 8335 8343
2 6585 6463
2 6585 7238
2 6585 7240
2 6440 6716
2 6440 6820
2 7232 7083
2 7806 7808
2 7806 7967
2 8222 8230
2 7804 8723
2 7804 7508
2 7804 7978
2 8464 8346
2 8464 8613
2 8464 8458
2 8464 8615
2 8464 8544
2 8452 8343
2 6462 6450
2 6462 6449
2 6462 6304
2 6462 6453
2 6588 6449
2 6820 6449
2 6818 6943
2 6943 7083
2 7808 7981
2 8348 8616
2 8723 8727
2 7967 8225
2 8616 8230
2 8616 8347
2 8615 8459
2 8213 8224
2 8213 8344
2 6449 6718
2 6449 6455
2 6449 6826
2 6718 6455
2 6718 6826
2 7235 7245
2 7235 7084
2 1575 1977
2 5117 4884
2 5117 4364
2 5117 4525
2 7982 7816
2 7982 7829
2 7981 7816
2 7981 8230
2 7816 8230
2 7816 7829
2 7816 8727
2 7664 7676
2 7664 7680
2 7664 7384
2 8230 8546
2 8230 8727
2 7969 7670
2 7969 8086
2 7969 7985
2 8546 8465
2 8546 8347
2 8225 8343
2 8343 8459
2 6944 6826
2 7083 7084
2 7825 7692
2 7676 7829
2 7670 7985
2 8465 8547
2 8465 8472
2 8465 8247
2 8465 8372
2 7380 8224
2 8724 7259
2 8224 8459
2 8224 8725
2 8224 8731
2 8344 8731
2 6455 6826
2 6951 7084
2 7829 7680
2 7829 7690
2 7824 8112
2 7680 7384
2 7680 7684
2 7507 7983
2 7384 7983
2 8237 8727
2 7093 6965
2 7983 7683
2 7983 8727
2 7983 8730
2 7107 8099
2 3000 3315
2 7985 8727
2 7259 6965
2 7259 8099
2 6300 6308
2 6302 6308
2 6590 6308
2 6719 7242
2 6719 6831
2 7242 6593
2 7242 6827
2 7242 6831
2 6971 7264
2 8239 8247
2 8727 8240
2 8727 8112
2 8727 8246
2 8727 7830
2 8727 8108
2 8727 8365
2 8240 8475
2 8240 8476
2 6965 7261
2 8472 8476
2 8726 6857
2 8726 8733
2 8725 8731
2 6593 7245
2 6593 6308
2 6593 6722
2 7245 6829
2 7245 6831
2 7245 7252
2 5242 8735
2 5248 8735
2 7832 7830
2 7836 7841
2 7684 7510
2 7510 7525
2 8112 7830
2 8112 8114
2 8112 8365
2 8730 7525
2 8246 8114
2 8246 8365
2 8103 8352
2 8352 8108
2 8731 8734
2 8731 8105
2 8731 8355
2 6308 6722
2 7247 6722
2 7247 7252
2 7247 6837
2 6831 6834
2 6832 6837
2 8735 5245
2 8735 5250
2 8735 5143
2 5243 5136
2 5245 5252
2 7830 7525
2 7525 8738
2 7264 6857
2 8736 8105
2 6732 6855
2 6732 6479
2 8247 8114
2 8106 8111
2 6726 6325
2 8105 8232
2 8105 8741
2 8476 8370
2 8476 8373
2 8476 8367
2 8355 8232
2 8355 8741
2 8355 8116
2 7261 6602
2 8737 7126
2 8737 7517
2 4625 4188
2 8732 7512
2 143 220
2 4623 4877
2 5138 5252
2 5138 5254
2 5252 5525
2 5358 5254
2 5358 5360
2 5358 5362
2 7690 7535
2 7524 7695
2 7528 8738
2 8114 7849
2 8114 8376
2 8114 8363
2 6855 6622
2 6855 7129
2 8738 8232
2 8738 7533
2 8738 7695
2 8738 7847
2 6601 7674
2 8943 8099
2 8365 8111
2 8365 8116
2 8111 8376
2 8244 8232
2 8244 8741
2 8244 8116
2 6602 7674
2 6602 6325
2 7674 7097
2 6310 8743
2 6595 8940
2 4351 4335
2 7252 6837
2 6837 6843
2 5143 5005
2 5254 5525
2 5254 5527
2 7849 8363
2 6861 6622
2 6861 6626
2 6861 6863
2 461 904
2 6622 6863
2 6622 6864
2 6622 6867
2 8370 8376
2 8376 8373
2 8376 8116
2 8741 7518
2 8741 7517
2 6325 7097
2 8091 7126
2 8733 7126
2 7097 7512
2 7097 6728
2 7097 7267
2 7511 7821
2 6596 8749
2 7090 7098
2 7090 7256
2 5135 5003
2 5134 5362
2 5134 5003
2 5134 4894
2 4335 4347
2 4335 4179
2 4335 4350
2 4335 8742
2 7535 7548
2 7535 7400
2 7532 7540
2 7695 7539
2 7695 7847
2 7695 7545
2 7840 8363
2 8373 8367
2 6212 6078
2 6212 8740
2 6212 6319
2 8363 7847
2 6078 6082
2 6317 6210
2 6317 6320
2 8740 6319
2 8740 6210
2 7821 7129
2 6728 7098
2 7504 7520
2 7504 6863
2 7504 8745
2 7098 7267
2 7099 7256
2 7253 7258
2 7253 7109
2 6843 6970
2 6843 6964
2 904 1428
2 7854 7707
2 7854 7550
2 7540 7400
2 8255 8257
2 7847 7545
2 7847 8126
2 5965 5845
2 7515 7129
2 6196 6319
2 7517 7392
2 7517 8745
2 6319 6210
2 6319 6320
2 6319 6339
2 6319 6482
2 6319 6615
2 7520 6863
2 7520 7129
2 8743 8752
2 7257 8746
2 5009 5813
2 5006 5260
2 5006 5145
2 5144 5813
2 5258 5678
2 5258 5813
2 1322 1538
2 1673 8701
2 1777 1923
2 1777 1785
2 2663 3121
2 7856 7550
2 7545 8126
2 7545 8004
2 7545 7858
2 7995 7860
2 7995 8130
2 7995 8135
2 7995 8266
2 8254 8126
2 8254 8123
2 8254 8261
2 1923 2495
2 8479 8126
2 8479 8123
2 8479 8261
2 8479 8258
2 6210 6208
2 6210 6482
2 6210 6615
2 6863 7392
2 6863 7672
2 6080 6087
2 7672 7390
2 7672 6864
2 7270 7113
2 7270 7131
2 7270 7272
2 8744 6471
2 7271 7272
2 8746 6969
2 8746 6964
2 7258 6964
2 7258 6851
2 7258 7123
2 5016 5813
2 5016 5680
2 5016 5682
2 4894 4771
2 4894 5146
2 5260 5813
2 5260 5145
2 5260 5535
2 5813 5014
2 5813 5149
2 5813 5145
2 2969 2817
2 2969 2971
2 3121 2504
2 3121 2973
2 2954 2289
2 2802 2648
2 2741 2904
2 2741 2915
2 7707 7708
2 7707 7563
2 7553 7699
2 7553 7397
2 7553 7552
2 7699 8126
2 7699 7858
2 8257 8135
2 8257 8266
2 8377 8135
2 8377 8381
2 8377 8379
2 8126 8004
2 6211 6228
2 5829 6327
2 7390 6867
2 5959 6329
2 5959 6327
2 5959 5696
2 6339 8749
2 6471 6615
2 6329 8749
2 7109 6964
2 7109 8752
2 7109 6851
2 7109 7123
2 6961 6332
2 5013 5680
2 5013 5682
2 5013 5539
2 5014 5682
2 5368 5145
2 5531 5537
2 5531 5542
2 2909 3066
2 7550 7557
2 7550 7714
2 7860 7864
2 7860 8266
2 8130 8135
2 8130 8266
2 8129 8266
2 8131 8379
2 8260 8379
2 8123 8002
2 8123 8006
2 5964 6327
2 5964 6482
2 8748 5400
2 8748 5388
2 8748 5961
2 5690 6327
2 5690 5691
2 6327 8749
2 7273 6633
2 7273 6976
2 6605 8752
2 6605 6851
2 8749 6615
2 8749 6851
2 8749 6332
2 6964 8752
2 6964 6332
2 5535 5146
2 5535 5376
2 5533 5376
2 5533 5542
2 3533 3729
2 3832 8897
2 3832 3833
2 3841 3548
2 3841 3845
2 3546 3431
2 3548 2287
2 3548 2489
2 694 530
2 694 993
2 694 609
2 1921 1769
2 1921 2075
2 7861 8266
2 7861 8136
2 7552 7866
2 8261 8003
2 6090 5973
2 6090 6102
2 8258 8003
2 8258 8006
2 6355 6633
2 6355 6976
2 6093 6482
2 6093 6092
2 5400 5397
2 6633 7130
2 6633 6494
2 6482 6229
2 6482 6872
2 6482 8758
2 6615 8752
2 6615 8753
2 6615 6872
2 7272 7123
2 4768 5146
2 6851 6332
2 6851 8760
2 6851 6876
2 4896 5018
2 5147 5376
2 8751 5817
2 8751 5375
2 5537 5542
2 696 605
2 5083 4957
2 5083 5081
2 5083 5324
2 5500 5501
2 7557 7714
2 7563 7715
2 7401 7410
2 7398 7408
2 7398 7413
2 7398 7867
2 7398 7869
2 7864 8266
2 7864 8138
2 8266 7715
2 8381 8142
2 8381 8269
2 8379 8264
2 8379 8003
2 8379 7873
2 8379 7871
2 5973 5695
2 6092 6227
2 6092 6229
2 6092 6358
2 6092 6629
2 6092 8758
2 5691 5961
2 5405 5961
2 5405 5562
2 5405 5287
2 6494 6976
2 6494 7127
2 6494 6872
2 5838 5835
2 8750 7124
2 8750 7123
2 5961 6473
2 5961 6342
2 8753 6876
2 6848 8760
2 6332 6200
2 5659 5953
2 5659 5491
2 5659 5798
2 8142 8264
2 8142 7866
2 8142 7871
2 8142 7874
2 8142 7876
2 8136 8269
2 8264 8269
2 8264 7871
2 6095 6102
2 5397 5562
2 5397 5559
2 5397 5560
2 5275 5832
2 5275 5169
2 5275 5293
2 5174 5835
2 5174 5832
2 6635 8755
2 6635 6871
2 5152 5169
2 5835 5154
2 5835 5166
2 5835 5547
2 4899 5028
2 5832 5169
2 7123 6978
2 7123 6876
2 7123 6875
2 5833 8757
2 5833 5547
2 6614 8760
2 6614 8761
2 6614 6493
2 5817 5150
2 5817 5378
2 5542 5685
2 4068 4204
2 4068 4069
2 4363 4204
2 4363 4370
2 4363 8823
2 4364 4204
2 4364 8823
2 7714 7576
2 7410 7426
2 7410 7427
2 7410 7288
2 7408 7867
2 7408 7869
2 7715 8139
2 7715 7716
2 7715 8148
2 7715 8143
2 7715 7884
2 7413 7412
2 8139 8009
2 8139 8143
2 8139 8147
2 6097 6104
2 5562 5709
2 5562 5287
2 5562 5564
2 5982 6361
2 5169 5293
2 6496 6881
2 5028 5154
2 5028 4912
2 6618 8761
2 6618 6368
2 6618 6637
2 5834 5547
2 5834 8772
2 6610 6201
2 5837 5547
2 6201 6612
2 6474 6342
2 6341 6218
2 6341 8768
2 5150 5378
2 5819 5378
2 5819 5685
2 4525 4989
2 4525 4890
2 1707 1978
2 7569 7421
2 7421 7415
2 7421 8271
2 7421 8153
2 7421 8151
2 7415 7426
2 7415 7288
2 7412 7869
2 7412 7427
2 7412 7419
2 7869 7871
2 7869 7419
2 8269 8276
2 6102 5979
2 6099 5979
2 5979 6109
2 5287 5412
2 5287 5985
2 8758 6361
2 8756 4777
2 6978 6875
2 6877 6642
2 4900 5391
2 4900 5392
2 5391 4912
2 5391 8765
2 5391 4911
2 5391 5273
2 5391 5976
2 8761 6637
2 8761 6875
2 6612 6473
2 5547 6088
2 6473 6490
2 5020 5685
2 5020 5379
2 5020 5155
2 5020 5266
2 5020 8780
2 4188 3868
2 4188 3967
2 1229 1129
2 7572 7885
2 7572 8278
2 7423 7431
2 7423 7573
2 7423 7575
2 7716 7884
2 7716 8278
2 2848 2852
2 8148 7884
2 8148 7885
2 8148 8275
2 8148 8151
2 8271 8153
2 8271 8151
2 8149 8276
2 7874 7419
2 8763 8147
2 8763 8276
2 8763 8152
2 8763 7883
2 7876 8153
2 6104 6497
2 5293 5168
2 5711 5570
2 5711 5985
2 5984 6492
2 5984 5985
2 8764 6492
2 6369 6497
2 6368 6637
2 4776 4395
2 4559 4777
2 6637 6875
2 6641 6642
2 6875 6749
2 8765 5821
2 6492 5985
2 6493 6343
2 6493 6354
2 6493 6491
2 5548 5273
2 6343 6205
2 6343 6218
2 6343 6349
2 6343 6352
2 6205 8772
2 6218 6088
2 5821 5273
2 5821 8771
2 5821 5551
2 5821 5958
2 5685 5686
2 1233 1129
2 1233 1700
2 7427 7288
2 8145 8153
2 8145 7884
2 8145 8151
2 8147 8153
2 8147 8151
2 8147 8276
2 8153 8011
2 8153 8015
2 8153 8276
2 6241 5997
2 6241 5999
2 5992 6113
2 8939 4692
2 8939 4691
2 4911 5173
2 6983 6881
2 6881 6642
2 6881 6745
2 8770 4674
2 8769 4788
2 6490 5985
2 6342 8772
2 5273 5824
2 8771 5824
2 5824 5551
2 5379 8780
2 5383 8780
2 5383 5686
2 1978 3152
2 1978 3307
2 108 220
2 7288 7432
2 7288 7289
2 7288 7292
2 7884 8273
2 7884 7586
2 7884 8277
2 7884 7589
2 7884 7887
2 7884 7893
2 7884 8023
2 7885 8156
2 7431 7580
2 8275 8151
2 7575 8151
2 8273 8151
2 7717 8151
2 7717 8152
2 8151 8276
2 8015 8152
2 8015 7883
2 8015 7882
2 4800 4692
2 4800 4691
2 4800 4693
2 5713 5989
2 5985 6363
2 5985 6620
2 8774 4254
2 8774 4780
2 6364 6491
2 4906 4254
2 4906 5031
2 4906 5155
2 4906 5266
2 6620 5987
2 4901 5155
2 8772 6349
2 8772 6352
2 5551 5827
2 6088 5976
2 6088 6220
2 6088 5977
2 5958 5687
2 5827 5687
2 5827 5688
2 5827 5704
2 5381 8776
2 2542 3307
2 325 267
2 7586 7432
2 7586 7887
2 7586 7438
2 7586 7447
2 7585 7432
2 7279 7289
2 8276 8152
2 8276 8157
2 6116 6519
2 6116 6118
2 6116 8787
2 5994 6113
2 5994 6004
2 4179 4042
2 5997 6004
2 5997 6251
2 8778 3562
2 6113 5999
2 6113 6004
2 6113 6251
2 6245 6004
2 6245 6251
2 4799 4691
2 6989 6646
2 6989 6891
2 6987 6749
2 6987 6646
2 6882 6750
2 4674 4802
2 4674 4803
2 6349 6216
2 6216 6352
2 5970 5977
2 8776 5555
2 4038 4042
2 7432 7134
2 7887 7893
2 7284 7289
2 7284 7295
2 7284 7293
2 7284 7435
2 7886 8784
2 7883 7890
2 7883 8785
2 5302 5572
2 4692 8796
2 6991 6891
2 6748 6646
2 4120 4780
2 6749 6646
2 4101 4399
2 6491 6352
2 6491 6108
2 6491 6106
2 4780 4100
2 6352 6217
2 6217 6108
2 6217 5860
2 6217 5859
2 5157 5555
2 5266 5407
2 5687 5704
2 5686 5159
2 2504 2958
2 2504 8859
2 2504 2973
2 7438 7447
2 7590 8784
2 7893 7900
2 6004 6249
2 6004 6251
2 2289 2958
2 2289 1924
2 2289 8859
2 4691 4695
2 2971 2958
2 2971 2965
2 2958 8859
2 6886 6891
2 6886 6888
2 6500 6505
2 6500 6891
2 6500 6507
2 4100 3995
2 6750 6647
2 4802 4259
2 3997 3995
2 6108 6224
2 6108 5862
2 6220 5860
2 6220 5859
2 6220 5977
2 5046 5407
2 5160 4399
2 5160 5276
2 5160 5163
2 5968 6224
2 5968 5852
2 5968 8799
2 4781 4399
2 4781 5163
2 5688 5704
2 5688 5159
2 5688 5402
2 5688 5408
2 2809 2648
2 2809 2503
2 2809 2664
2 2809 2666
2 2648 2666
2 7292 7134
2 7292 6895
2 7295 6895
2 7900 8158
2 7900 7897
2 7900 8030
2 7435 7721
2 7435 7296
2 7727 8784
2 8024 8784
2 8024 8030
2 7721 7729
2 8157 8160
2 8157 8027
2 8157 8036
2 4693 4581
2 5330 8795
2 5330 4600
2 5330 5440
2 5330 4720
2 6892 6118
2 6892 6518
2 4259 4803
2 6646 6891
2 6646 6507
2 3995 8782
2 5860 6107
2 5860 5977
2 4803 4821
2 5859 6107
2 6107 8790
2 8782 8793
2 5977 8790
2 5977 5303
2 5278 5704
2 5278 5702
2 5278 5181
2 5704 8799
2 5159 5408
2 7447 8794
2 7447 7134
2 7447 7757
2 7447 7303
2 7446 8794
2 7136 8794
2 7296 7723
2 7296 7133
2 7296 6895
2 7723 8784
2 7723 7137
2 8158 8030
2 8784 8800
2 8785 7902
2 5869 6119
2 6118 6993
2 6121 8787
2 6249 6891
2 4577 4581
2 6251 6891
2 6251 6378
2 6505 6891
2 6891 8787
2 6891 6378
2 6891 6510
2 8788 5572
2 8788 4589
2 5572 5720
2 5572 5303
2 5572 5574
2 5572 5863
2 5676 6044
2 5676 6035
2 8790 5303
2 3888 8792
2 3888 4397
2 8792 4400
2 5858 5303
2 4398 8793
2 5702 8799
2 4399 8793
2 5161 5042
2 6044 6157
2 7450 8794
2 7450 7303
2 8794 7592
2 7592 7456
2 7592 7752
2 7137 7726
2 7137 6895
2 7137 7298
2 7137 7451
2 7137 8810
2 7137 7736
2 7737 7752
2 7897 8786
2 7897 7739
2 8703 4500
2 8160 8030
2 8160 8036
2 8786 7739
2 8786 8027
2 8786 7894
2 8786 8036
2 8786 7898
2 8786 7735
2 8786 7902
2 5870 6119
2 6119 6124
2 6119 6126
2 6119 6253
2 8787 6374
2 6374 8801
2 6374 6378
2 5914 6160
2 6887 6759
2 4569 4432
2 4569 4453
2 4124 8812
2 6888 6759
2 6888 8811
2 5055 4821
2 8796 4821
2 3719 3626
2 5303 5574
2 3634 3526
2 6157 8705
2 4607 4317
2 4607 4600
2 8795 4331
2 8791 4104
2 8791 4105
2 8799 5582
2 5708 5580
2 5708 5201
2 5281 5408
2 5408 5296
2 5276 5185
2 5042 5176
2 5042 5044
2 7757 8030
2 7757 7303
2 7139 7000
2 8800 7599
2 8800 7906
2 8800 8035
2 8030 8027
2 8030 8036
2 8030 8041
2 7894 7902
2 7894 7754
2 8801 6378
2 4581 4453
2 6382 6510
2 6376 6008
2 6376 6126
2 6376 6253
2 6376 6383
2 4435 4284
2 4435 4132
2 4432 4700
2 6650 6652
2 6650 6657
2 4818 4439
2 4818 4815
2 4818 4917
2 4818 4823
2 1488 1738
2 4819 4702
2 4819 4823
2 4821 5197
2 4821 4917
2 4821 5060
2 5863 5725
2 5863 5727
2 4330 4037
2 8797 4324
2 5041 5044
2 5041 5037
2 7303 7319
2 7752 7910
2 7298 7599
2 7753 7910
2 7451 8810
2 7454 7906
2 8036 8041
2 7898 7754
2 5880 5741
2 6008 6253
2 4589 4453
2 4453 4585
2 4453 4713
2 4453 4712
2 4440 4132
2 1481 1873
2 1481 1867
2 1478 1475
2 4439 4132
2 4439 4702
2 4439 8818
2 4700 8818
2 4815 8818
2 5198 4823
2 5198 4919
2 5576 5201
2 8803 4107
2 8803 4108
2 8803 8815
2 5932 6291
2 4169 8798
2 5176 5183
2 5176 5052
2 5040 5044
2 8809 6674
2 7910 7913
2 7910 7916
2 7910 7917
2 7910 7769
2 7910 7771
2 8810 7736
2 8810 8816
2 8810 7158
2 7453 7735
2 8033 8041
2 7902 7593
2 7902 7749
2 7902 7911
2 6253 6655
2 1728 1873
2 1728 1610
2 1728 1609
2 1610 1365
2 1609 1364
2 4284 4288
2 6652 8811
2 6652 6657
2 4132 8818
2 3735 3746
2 4702 4452
2 4702 4712
2 4702 4832
2 4823 4712
2 4823 4832
2 4919 5200
2 5058 8818
2 5058 5300
2 5058 5299
2 3080 3088
2 3080 3257
2 5200 5307
2 3250 3257
2 5201 5305
2 5201 5416
2 5201 5307
2 5582 5568
2 5568 5297
2 5568 5296
2 5568 5417
2 5297 5183
2 6432 6431
2 6432 6560
2 5044 5052
2 7319 7338
2 7319 7342
2 7312 7468
2 7312 7613
2 7312 7168
2 7144 7006
2 7763 8039
2 7599 8820
2 7599 8035
2 7599 7607
2 8816 6404
2 1738 1849
2 1867 1876
2 1867 1731
2 1867 2037
2 1867 2025
2 1867 1849
2 1867 2022
2 1475 1361
2 1368 1361
2 7906 8035
2 5741 6018
2 7746 7749
2 7746 7911
2 5885 6255
2 5885 6018
2 5885 6019
2 4043 4162
2 4043 4171
2 4043 4164
2 5655 5497
2 6128 6655
2 6128 6658
2 4586 4459
2 8811 6655
2 8811 6657
2 3819 4134
2 3659 3415
2 3659 3748
2 3659 4028
2 8812 4272
2 8818 5205
2 2922 3088
2 5062 5299
2 3082 3521
2 2468 2753
2 2468 8829
2 5202 5307
2 5202 5299
2 5305 5299
2 5416 5299
2 8808 5183
2 8808 8817
2 8808 5052
2 8808 8824
2 5296 5052
2 8806 4108
2 4909 4810
2 1727 1848
2 1865 1365
2 1865 2025
2 1876 1361
2 1876 1737
2 1365 1856
2 1364 1856
2 4107 8815
2 4107 4406
2 5037 4786
2 5037 4810
2 4684 4404
2 5483 5656
2 5485 5656
2 5485 8819
2 5953 5497
2 5949 6070
2 4205 8823
2 7329 7468
2 7008 7310
2 7468 8820
2 7146 8820
2 7146 7012
2 7146 7463
2 7310 8820
2 7310 7601
2 8820 7613
2 8820 7323
2 8820 7463
2 8820 7601
2 8820 7767
2 8820 7610
2 8820 7472
2 8820 7618
2 6404 8821
2 8041 7911
2 8041 7929
2 8035 7601
2 8035 7911
2 8821 7148
2 8821 7150
2 7745 7911
2 7593 8944
2 5886 6019
2 4464 4459
2 4464 4468
2 6255 6658
2 6255 6018
2 6255 6130
2 6255 6530
2 6658 6657
2 6658 6130
2 6658 6530
2 4204 4989
2 4204 4654
2 6657 6527
2 4713 4289
2 1856 1362
2 1856 1474
2 1856 2022
2 2037 1737
2 2037 2022
2 2037 2024
2 2037 1871
2 1362 1357
2 1361 1605
2 1361 1474
2 1361 1280
2 3654 3664
2 3654 3837
2 3924 4272
2 2924 3257
2 5205 5299
2 5205 5417
2 5205 5207
2 5300 8825
2 5300 5189
2 5583 5307
2 5583 5729
2 5583 5731
2 5307 5585
2 5299 5417
2 5299 5419
2 3521 8831
2 5052 5190
2 5052 8830
2 5184 5190
2 4808 4786
2 8814 8832
2 4786 4681
2 4786 4683
2 4786 4427
2 4682 4404
2 4682 4427
2 4404 8849
2 4404 4265
2 4069 4367
2 3191 3339
2 3191 3468
2 2854 2559
2 2854 3202
2 2854 2865
2 2854 3020
2 2854 2866
2 3339 3700
2 3339 4195
2 4989 8823
2 7009 6906
2 7009 7168
2 7012 6906
2 7012 7165
2 2025 1871
2 1874 1871
2 1874 2199
2 1737 2199
2 1605 2199
2 1605 1733
2 1359 1277
2 6906 7154
2 6906 7027
2 6906 6690
2 6906 7165
2 7613 7168
2 7613 7469
2 7613 7619
2 7613 7928
2 7613 7925
2 7154 7328
2 7154 7165
2 7323 7328
2 7463 7158
2 8162 7767
2 8162 7911
2 7749 7911
2 4460 4479
2 4460 4945
2 4459 4289
2 4459 4455
2 6765 6530
2 6386 6530
2 6524 6527
2 3412 3754
2 5729 5585
2 1648 1504
2 1504 1644
2 1504 1195
2 5585 5309
2 5585 4832
2 5585 5063
2 5585 5065
2 5309 5312
2 1849 2022
2 2022 1871
2 2022 1850
2 2024 1871
2 2024 1357
2 1871 2021
2 1871 2208
2 1871 2413
2 1357 2019
2 1357 2199
2 1644 1643
2 8932 1758
2 2753 3710
2 5187 4810
2 5187 4710
2 8829 3621
2 4681 4406
2 4681 8849
2 4110 8938
2 3868 8841
2 3967 8841
2 1126 1024
2 4192 4191
2 7342 7343
2 7342 7346
2 7336 7168
2 7168 7928
2 7168 7026
2 7168 7172
2 7168 7925
2 7168 7473
2 7469 7769
2 7469 7621
2 7328 7464
2 7769 7619
2 6268 8835
2 6268 8855
2 7464 7158
2 2021 1855
2 2019 2199
2 2019 2196
2 2199 1733
2 2208 2418
2 1733 2197
2 1733 2013
2 1869 1274
2 1869 1471
2 1278 2197
2 7609 7158
2 7767 7929
2 7911 7607
2 7911 7929
2 7911 7755
2 7607 7912
2 8835 6265
2 8835 8855
2 8835 8857
2 8835 7148
2 8835 6902
2 8838 7148
2 7597 7160
2 7597 7148
2 7597 7150
2 7308 8858
2 8840 7594
2 8840 8839
2 8840 7152
2 6130 6533
2 6530 6532
2 4191 4352
2 4191 3966
2 3657 3751
2 3657 3837
2 3748 4273
2 3748 3837
2 3748 4028
2 3748 4274
2 4832 5209
2 4352 4360
2 4352 4195
2 5063 5209
2 5063 4925
2 2927 2934
2 2472 2260
2 5065 5312
2 5065 5422
2 3523 2934
2 2006 2196
2 2196 2413
2 2196 2403
2 2196 2394
2 2197 2413
2 2197 2403
2 2197 2013
2 3255 3262
2 3255 3528
2 1638 1299
2 8846 1758
2 8830 4710
2 8830 4707
2 4810 4273
2 3514 8935
2 3514 3710
2 1700 1975
2 3569 3315
2 7341 7621
2 7341 7627
2 7341 7036
2 7023 7026
2 6686 7016
2 6410 6553
2 6785 7595
2 6785 6692
2 6264 6416
2 7155 7595
2 7610 7912
2 2194 2413
2 2194 8850
2 2194 2403
2 2194 2004
2 2194 2394
2 2194 2013
2 2194 2018
2 2413 2418
2 2413 2417
2 2206 1864
2 1274 1471
2 1274 760
2 1274 1268
2 1274 1167
2 10 177
2 7158 7595
2 5897 5908
2 7929 7615
2 7929 7912
2 7929 7932
2 7929 7926
2 7929 7623
2 7912 7755
2 7912 7623
2 7755 7595
2 7755 7594
2 7755 7596
2 7595 7157
2 8836 6902
2 5749 5750
2 5749 6256
2 5749 6138
2 7307 7150
2 6022 6256
2 6022 5445
2 6024 6533
2 6257 6533
2 6257 6397
2 6527 6396
2 4042 3959
2 4042 2452
2 4042 2450
2 3265 3273
2 3265 3754
2 3265 3419
2 3454 3453
2 3315 3769
2 3315 3451
2 3315 3562
2 3315 3453
2 3315 3771
2 2260 2269
2 5589 5425
2 1643 1404
2 5209 4925
2 1299 1389
2 5421 5217
2 979 861
2 1389 1503
2 8844 8853
2 8844 2180
2 2403 2417
2 2403 2394
2 2403 2400
2 2403 2013
2 2015 1863
2 2015 2400
2 2418 2598
2 1863 2589
2 1724 1864
2 1473 2013
2 1471 1276
2 1471 2013
2 1471 1268
2 1276 1353
2 1276 1268
2 1276 1167
2 180 72
2 178 75
2 178 72
2 177 12
2 177 75
2 9 46
2 9 70
2 3202 2717
2 3202 3607
2 1749 2052
2 1749 2249
2 4710 8848
2 4710 4704
2 4807 4446
2 3398 3886
2 3398 3899
2 4427 4278
2 8849 4262
2 8833 3909
2 4112 3892
2 7026 7473
2 3766 3562
2 7172 7618
2 6416 6553
2 7775 7937
2 6265 8855
2 6265 6282
2 6265 8874
2 6265 6284
2 7923 7925
2 7923 7937
2 7925 7932
2 7925 7937
2 7618 7473
2 7616 7926
2 7616 7623
2 5600 5606
2 5600 8875
2 5600 5445
2 719 8701
2 6029 6773
2 6029 6775
2 2417 1864
2 2417 2598
2 2417 2727
2 2414 2589
2 2031 2202
2 1864 2589
2 1353 1281
2 1353 1465
2 1353 1268
2 1353 8945
2 1281 1268
2 1281 1167
2 515 760
2 246 72
2 132 72
2 132 128
2 132 103
2 5750 5445
2 7161 7160
2 8858 8865
2 6132 6533
2 6132 6397
2 6773 6136
2 6773 8856
2 6773 6533
2 6773 6775
2 815 8701
2 6668 6670
2 6532 6396
2 3751 3268
2 4925 5422
2 1675 1924
2 5588 5592
2 5588 5321
2 1391 1402
2 8859 2965
2 2394 8853
2 2394 2180
2 2394 2581
2 4274 8845
2 2400 2589
2 2400 2587
2 2495 2666
2 2589 2598
2 2589 2013
2 2589 1722
2 2589 2727
2 2589 2729
2 2598 2727
2 2598 2597
2 2013 1722
2 2013 2587
2 2029 1722
2 2029 2731
2 2029 2729
2 1722 1462
2 1722 1351
2 838 1167
2 838 953
2 762 1167
2 760 434
2 760 513
2 760 674
2 760 8863
2 760 951
2 760 673
2 760 1064
2 760 825
2 514 247
2 514 170
2 514 173
2 247 8854
2 8854 130
2 8861 130
2 974 861
2 861 8866
2 861 1082
2 8848 4706
2 8848 4705
2 8848 4275
2 3809 3528
2 2249 2918
2 4115 4266
2 4115 4264
2 3710 3899
2 4004 4121
2 4004 4017
2 3892 3804
2 3892 4017
2 7346 7347
2 7346 7036
2 7346 7182
2 7346 7184
2 7345 7036
2 7029 7035
2 7029 7042
2 7347 7628
2 7347 7936
2 7781 7036
2 7781 7628
2 2965 2664
2 7627 7036
2 7627 7937
2 7627 7774
2 7627 7628
2 7627 7354
2 7627 7355
2 7627 7631
2 7473 7926
2 7473 7774
2 7473 7355
2 6553 7148
2 7932 7779
2 6689 7148
2 7926 7623
2 7160 7148
2 7160 7150
2 8853 2389
2 8853 2386
2 2389 2175
2 2815 2664
2 2587 2018
2 2587 2729
2 2587 1717
2 2587 2728
2 2805 2664
2 2805 2666
2 2731 2027
2 2731 2200
2 2731 2028
2 7611 7017
2 2018 1996
2 2018 1838
2 2595 2027
2 2027 2729
2 1464 1349
2 1464 1067
2 244 173
2 75 103
2 75 105
2 6136 5916
2 7148 6691
2 8837 8874
2 6256 6533
2 6256 8876
2 6256 6138
2 4299 4153
2 6665 6775
2 6533 8870
2 6533 6138
2 6533 6262
2 4716 8872
2 3111 3754
2 4178 4171
2 4178 4324
2 4926 8880
2 5106 5105
2 5106 4970
2 5106 5931
2 3260 3269
2 520 8866
2 2180 2386
2 2178 2386
2 2178 1996
2 2386 2581
2 2581 1717
2 2581 1838
2 2729 2200
2 2729 2028
2 2597 2736
2 2597 2891
2 4978 5100
2 1717 1996
2 2596 2873
2 5935 5770
2 5935 5767
2 5935 4845
2 2200 2726
2 2200 2893
2 2200 2873
2 2200 2594
2 8866 675
2 8866 1079
2 8866 1189
2 8866 857
2 2028 2726
2 2028 2594
2 1349 8868
2 1349 1257
2 1349 1155
2 953 8868
2 834 951
2 834 1064
2 834 757
2 834 672
2 674 8863
2 674 591
2 8863 673
2 8863 589
2 8863 287
2 72 105
2 4707 4446
2 8851 4278
2 4262 8882
2 3886 3899
2 3886 3887
2 3886 3807
2 3804 3712
2 3804 3715
2 3804 4017
2 3804 3714
2 3804 3887
2 7036 7354
2 7036 7042
2 7036 7040
2 7036 7631
2 7353 7936
2 7937 7774
2 7937 7939
2 7937 7631
2 7937 7779
2 7937 7786
2 5916 8864
2 7774 7355
2 7774 7779
2 5599 8870
2 5599 5901
2 7017 7163
2 7152 7003
2 7152 7004
2 2182 2358
2 2182 2360
2 2181 2173
2 2181 2358
2 2181 2360
2 2181 2162
2 2000 2580
2 2000 2568
2 2573 2728
2 2573 1838
2 2573 1718
2 2726 2882
2 2883 2891
2 2893 2736
2 2893 2409
2 7496 4076
2 7003 8865
2 7003 6793
2 4076 7199
2 4076 4936
2 8868 1064
2 8868 825
2 832 1064
2 673 1064
2 292 170
2 6899 6793
2 8865 6793
2 8865 6783
2 6663 6670
2 6663 6534
2 6393 8893
2 6396 8893
2 6396 6534
2 8872 8880
2 4470 4945
2 4470 8880
2 4942 5435
2 4943 5590
2 4943 5319
2 4943 5318
2 3108 3538
2 3754 3538
2 5425 5217
2 5425 5322
2 5425 5216
2 5425 5316
2 770 777
2 770 776
2 4829 4936
2 4030 4708
2 917 1225
2 2184 2358
2 2175 2378
2 2580 1838
2 2580 1718
2 1996 1256
2 1838 1256
2 1718 1840
2 1718 1256
2 1718 1154
2 2736 2870
2 2736 2409
2 2736 2887
2 2736 3048
2 2594 2890
2 5353 4934
2 2629 3065
2 1064 1067
2 1064 757
2 1064 672
2 1064 661
2 1064 586
2 1067 825
2 1067 943
2 359 432
2 359 353
2 123 173
2 123 126
2 123 162
2 294 353
2 5654 5508
2 5654 5503
2 3405 3269
2 3405 3824
2 3528 4266
2 4275 4279
2 1189 1637
2 4266 3907
2 4266 3917
2 4264 4121
2 3805 3714
2 3805 3899
2 3713 3887
2 2382 2360
2 2568 2705
2 1840 1256
2 1840 2173
2 2870 2890
2 2870 2892
2 2891 3049
2 2892 2884
2 4217 4209
2 4217 4230
2 4217 4663
2 4220 4537
2 4372 4367
2 4372 7065
2 8823 4892
2 8823 4749
2 825 1048
2 825 661
2 127 161
2 127 238
2 173 240
2 3715 3802
2 3715 3887
2 3715 3707
2 7628 7481
2 7354 7631
2 7936 7481
2 7355 7631
2 6164 6046
2 6164 8888
2 6164 6554
2 7477 7631
2 6282 6902
2 6282 8884
2 7623 7631
2 6417 7163
2 5448 5347
2 8874 7163
2 8874 6902
2 8875 5230
2 8875 5334
2 5445 5334
2 5445 5347
2 8876 5756
2 8876 5347
2 6790 7004
2 5901 8871
2 6902 6284
2 6902 6418
2 6902 6420
2 6902 8884
2 8871 6031
2 8871 6536
2 6781 6784
2 6781 6793
2 6138 8878
2 6138 6401
2 4311 4156
2 2378 2358
2 2378 2360
2 2378 2361
2 2378 2562
2 2378 2704
2 2377 2562
2 2173 2562
2 2173 2162
2 2173 2705
2 2884 3048
2 2884 2410
2 2884 2737
2 2884 3049
2 2884 3204
2 2887 2880
2 2410 2591
2 2410 3028
2 2410 2192
2 2737 2872
2 2737 3028
2 1154 941
2 1048 943
2 2717 2866
2 2717 2722
2 2558 2368
2 2558 2712
2 2558 2851
2 2558 2575
2 2558 2722
2 4892 4890
2 830 656
2 432 287
2 287 584
2 287 428
2 6670 8878
2 6670 6534
2 6670 8895
2 6670 6551
2 6262 8893
2 6398 8893
2 6398 6534
2 6398 8903
2 4595 8879
2 8879 4948
2 5073 5321
2 5592 5217
2 5592 5316
2 5592 5323
2 5069 5322
2 3419 3755
2 772 777
2 597 525
2 4135 3929
2 4890 4529
2 3651 4003
2 3651 3824
2 3651 3742
2 3651 3745
2 3651 4021
2 4888 4659
2 4279 3753
2 3737 4003
2 4269 3824
2 4128 4121
2 4128 3917
2 4128 4013
2 4128 4127
2 4128 8886
2 2358 2554
2 2358 2548
2 2360 2161
2 2888 3218
2 2591 3204
2 2591 3206
2 2591 2877
2 2591 3047
2 2408 3028
2 2408 2009
2 941 743
2 941 650
2 661 743
2 661 651
2 661 421
2 586 419
2 586 421
2 586 578
2 584 419
2 584 421
2 428 427
2 3907 4003
2 4121 4017
2 4121 4003
2 4121 4127
2 4017 4013
2 3993 3714
2 3993 3901
2 3714 3901
2 3070 3617
2 3070 3624
2 3802 3507
2 3802 3615
2 3389 3707
2 3389 3074
2 7184 7197
2 7184 7367
2 7357 7188
2 7357 7788
2 7357 7364
2 7042 7046
2 7042 7053
2 7040 7045
2 7040 7049
2 7040 7484
2 7941 7788
2 6046 5771
2 5917 5771
2 7779 7786
2 7779 7480
2 5756 5347
2 5230 5237
2 5230 5234
2 6788 7004
2 6031 8891
2 6031 8893
2 6031 6040
2 2351 2156
2 2356 2554
2 2356 2156
2 2356 2548
2 2356 1986
2 2356 2540
2 2356 1819
2 2361 2548
2 3016 3198
2 3016 3015
2 3016 3178
2 3028 3198
2 3204 8887
2 3204 8889
2 3206 2734
2 2880 8887
2 2734 2192
2 2734 3198
2 2192 3046
2 2012 3047
2 2010 1265
2 663 421
2 663 578
2 663 500
2 1024 67
2 3451 2852
2 165 351
2 8931 496
2 508 496
2 588 581
2 4153 4317
2 6259 8878
2 6680 6534
2 6680 8895
2 6680 6551
2 8878 6401
2 6401 8893
2 5318 5441
2 5322 4852
2 5322 5074
2 5321 5316
2 5321 5323
2 777 683
2 3269 3278
2 3269 3541
2 774 981
2 522 372
2 308 378
2 308 372
2 3753 4277
2 3753 8882
2 3753 8881
2 3753 4139
2 4573 4278
2 4277 8882
2 4278 8886
2 8882 4139
2 4126 4013
2 2140 2335
2 2161 2704
2 2161 2705
2 2704 2554
2 2704 2548
2 2704 2685
2 2705 1987
2 2705 2703
2 3013 3198
2 3198 3211
2 3198 3046
2 3198 3192
2 3218 8887
2 3218 8889
2 3218 3483
2 3218 3477
2 3218 3478
2 2879 3047
2 2879 3358
2 3045 3192
2 3046 2009
2 3046 3192
2 3047 2009
2 3047 8890
2 2009 8890
2 651 421
2 651 500
2 3152 28
2 3959 3856
2 419 578
2 581 496
2 581 497
2 1785 8701
2 4013 4003
2 4013 4127
2 4003 3919
2 1188 1507
2 1188 1745
2 1188 1895
2 3910 3899
2 1500 1891
2 3887 3717
2 3887 3807
2 3887 3726
2 3707 3507
2 3707 3615
2 3074 2910
2 3507 3381
2 7188 7197
2 7188 7367
2 7043 7484
2 7788 7786
2 7788 7364
2 7788 7361
2 8883 8888
2 8883 6555
2 8883 6421
2 8883 5771
2 5453 5347
2 8888 6421
2 5347 5612
2 5347 5918
2 5347 6040
2 5237 5088
2 5237 5449
2 5237 5238
2 5088 5101
2 2130 1957
2 2132 1969
2 2132 2149
2 2132 2340
2 2554 1986
2 2554 1819
2 2554 2685
2 3030 3178
2 3030 3173
2 3015 3178
2 8887 3352
2 3352 8889
2 3352 3355
2 3352 3358
2 3352 3477
2 3215 3483
2 1600 1347
2 1600 1596
2 650 421
2 650 284
2 650 414
2 650 500
2 1265 1458
2 1265 1347
2 1265 1263
2 1265 937
2 421 578
2 421 500
2 827 935
2 2307 2512
2 2512 2080
2 2512 2818
2 2967 2818
2 2967 2664
2 6793 6783
2 8891 5234
2 8891 5236
2 6783 6546
2 6783 6684
2 8893 6534
2 6534 8904
2 6534 8903
2 6534 8925
2 4852 5316
2 4852 5074
2 4852 4853
2 2642 2274
2 688 527
2 525 527
2 378 372
2 3271 2947
2 3824 4021
2 3824 3668
2 3742 4021
2 8881 8886
2 3745 4021
2 554 335
2 1950 1957
2 1950 1797
2 1950 1970
2 1957 2124
2 1969 1970
2 2124 1798
2 2124 2335
2 2127 2149
2 2127 2335
2 2149 2156
2 2149 2347
2 2156 2548
2 2156 2340
2 2698 2685
2 8889 3178
2 3354 3358
2 3354 3477
2 3354 3473
2 8890 8900
2 569 284
2 569 350
2 569 572
2 1458 1260
2 1458 1150
2 1347 1596
2 1347 1260
2 284 567
2 1160 1263
2 414 500
2 414 498
2 414 572
2 950 946
2 950 1057
2 950 935
2 950 933
2 497 577
2 497 571
2 948 1055
2 3644 3637
2 1507 1895
2 3647 3729
2 3915 3919
2 1655 1407
2 3901 4010
2 3901 8897
2 3901 3833
2 1891 1897
2 2630 3245
2 8898 1901
2 3615 3381
2 7192 7491
2 7192 7366
2 7364 7648
2 7045 7489
2 7045 7487
2 7492 7791
2 7492 7648
2 7049 7489
2 7484 7487
2 5923 5771
2 5923 4849
2 5614 5772
2 1948 1970
2 2335 2347
2 2335 2116
2 2340 2347
2 2540 2343
2 2546 1813
2 2699 2685
2 2699 2835
2 3189 3178
2 3189 3326
2 3477 3479
2 3478 3349
2 3478 3487
2 3478 3479
2 3488 3349
2 3042 3472
2 3041 3472
2 567 350
2 567 572
2 567 566
2 1596 1259
2 1596 1344
2 1263 1150
2 410 572
2 945 944
2 1056 944
2 3829 3845
2 3829 3926
2 3845 3426
2 3673 3431
2 3426 3920
2 3426 3279
2 3426 3668
2 3426 3836
2 3426 3926
2 3281 2489
2 5612 6050
2 5091 4865
2 4862 4967
2 6555 6421
2 5918 5449
2 5918 8909
2 5918 6050
2 5918 6279
2 5918 5929
2 5918 6051
2 5918 8924
2 5918 6172
2 5918 8930
2 5918 5620
2 4968 4859
2 6040 8924
2 6040 8930
2 6040 8807
2 5090 5236
2 5090 4967
2 5444 8894
2 4149 4156
2 4149 4317
2 8895 6414
2 8895 8925
2 8895 6415
2 4156 4151
2 4156 4598
2 4156 4853
2 4156 4954
2 610 609
2 4948 5323
2 4948 4853
2 4948 4954
2 1953 1797
2 1953 1944
2 1953 8910
2 1952 1970
2 1952 8908
2 1952 2112
2 222 272
2 1797 1944
2 1956 8899
2 1956 2114
2 1956 2102
2 1956 2314
2 2331 2347
2 2347 2116
2 2534 2139
2 2534 2346
2 2534 2343
2 2534 1814
2 2683 2346
2 2685 1813
2 5074 5323
2 2947 2950
2 3178 3173
2 3178 3168
2 3184 3183
2 3184 3326
2 3473 3214
2 3473 3216
2 3472 3214
2 3472 3487
2 3349 3347
2 3216 3482
2 3216 3038
2 3216 3475
2 3216 3036
2 3216 2395
2 3216 2002
2 404 572
2 1595 1344
2 350 494
2 350 493
2 350 566
2 350 345
2 406 572
2 4957 5224
2 779 875
2 683 875
2 683 530
2 3275 3542
2 3275 3668
2 1303 1407
2 4127 8886
2 4127 3937
2 8905 5905
2 4010 3918
2 4010 3833
2 6155 8705
2 1889 2624
2 2243 1901
2 3509 3382
2 4837 7195
2 4837 4073
2 2461 1901
2 2461 2058
2 1801 2114
2 1801 2102
2 1801 2314
2 2116 2328
2 7197 7199
2 2336 2328
2 2328 2346
2 2328 2529
2 2139 2119
2 2837 2824
2 7053 7059
2 7053 7060
2 7053 4077
2 3210 3599
2 3038 3040
2 3038 3347
2 3040 3475
2 3040 3037
2 3040 2395
2 3040 2002
2 494 566
2 494 345
2 494 491
2 8900 1715
2 571 400
2 1259 1344
2 944 1043
2 6158 5620
2 6158 5930
2 5497 5508
2 5497 5503
2 7491 7365
2 7491 7642
2 7050 7489
2 7636 7642
2 7638 7640
2 7638 7647
2 7361 7194
2 5927 5767
2 5460 5767
2 5772 5459
2 5449 5349
2 5449 5620
2 8909 6169
2 8909 5934
2 8909 6287
2 8909 8924
2 5617 5349
2 5617 5929
2 5617 5620
2 5236 5105
2 4861 4722
2 4861 4627
2 4859 5907
2 8902 5905
2 4151 4317
2 6684 6287
2 6684 8924
2 6684 6423
2 6684 6560
2 6551 8904
2 6551 6415
2 8908 8910
2 2114 2109
2 2114 2108
2 1692 1791
2 1692 1789
2 2113 1560
2 8904 8911
2 8904 6280
2 8904 6415
2 1967 2529
2 8903 6152
2 2346 2820
2 2538 2692
2 2538 2343
2 2538 2332
2 2692 1814
2 2692 1804
2 2343 1959
2 1814 1959
2 1814 1804
2 1243 1570
2 3479 3579
2 3479 3576
2 3475 3594
2 3599 3695
2 3599 3485
2 3599 3037
2 3695 3784
2 3695 3612
2 3347 3612
2 3485 2868
2 3037 3594
2 3037 2585
2 3036 2002
2 493 345
2 400 491
2 1344 1456
2 4209 7065
2 4215 4210
2 4215 4374
2 4369 4533
2 2716 2722
2 4652 4533
2 2276 2072
2 2276 2073
2 5441 5324
2 5441 5443
2 5323 4956
2 873 684
2 873 993
2 8886 3937
2 4032 3843
2 8897 3833
2 3725 3635
2 8910 2102
2 8910 2112
2 8910 2085
2 8910 2296
2 2102 2083
2 2102 2296
2 2112 2084
2 2112 1940
2 2329 2108
2 1799 8915
2 2820 2119
2 2824 2128
2 2836 3149
2 3157 3312
2 3168 3150
2 3168 3319
2 1574 1959
2 1574 1804
2 3589 3579
2 3589 3576
2 1134 1570
2 1134 931
2 3610 2868
2 3611 3612
2 3208 8914
2 3033 3481
2 2868 8914
2 2585 2395
2 2395 2579
2 345 344
2 1046 1044
2 4247 4547
2 4244 4240
2 4243 4240
2 4654 4659
2 3391 8913
2 3391 3392
2 2622 2624
2 2622 2628
2 7367 4934
2 7365 7642
2 7365 7792
2 7056 7059
2 7056 4077
2 7366 7369
2 7487 4839
2 5934 5461
2 5461 5767
2 5461 5624
2 5349 5463
2 5349 5465
2 4609 5232
2 4609 5907
2 6279 6051
2 2314 2109
2 1789 8915
2 6414 6415
2 2822 2995
2 2822 2338
2 4317 4331
2 1560 1684
2 3150 3149
2 3150 3312
2 3150 3301
2 3169 3322
2 1570 1959
2 1570 1566
2 8914 3182
2 4853 4720
2 3612 3873
2 647 557
2 645 560
2 645 483
2 645 564
2 2579 1836
2 2579 2391
2 276 228
2 276 483
2 1716 1836
2 4381 4547
2 4240 4239
2 4240 4227
2 4239 4227
2 4239 4230
2 4239 4223
2 4239 4224
2 3700 137
2 3700 136
2 4954 4720
2 2852 3453
2 2286 2073
2 2653 2073
2 875 530
2 996 1092
2 996 530
2 3937 8901
2 3920 3931
2 2083 1788
2 2083 1940
2 2083 2297
2 1788 2300
2 1788 2297
2 1940 2297
2 2995 2827
2 2995 2826
2 1558 1686
2 1558 1684
2 1558 1680
2 1558 1685
2 1558 1935
2 3729 3635
2 1696 1935
2 3147 2991
2 3147 23
2 3147 18
2 3319 3441
2 1573 1562
2 1573 1566
2 1573 8920
2 3585 3683
2 3585 3684
2 3790 3481
2 3790 3182
2 739 483
2 739 479
2 739 557
2 739 475
2 3459 3783
2 3481 2392
2 3481 2575
2 344 560
2 344 557
2 2392 3025
2 560 557
2 1836 2390
2 4547 4538
2 4547 4230
2 4379 4227
2 5673 5515
2 8913 2628
2 7370 4934
2 7195 4073
2 5770 5767
2 5767 4846
2 5767 4845
2 5463 5455
2 5465 5625
2 5455 5624
2 5455 5622
2 5455 5626
2 5455 5629
2 5105 4970
2 2300 2510
2 2300 2508
2 2300 2432
2 2109 2674
2 2109 2667
2 2109 2432
2 2829 2827
2 2829 2826
2 1806 2128
2 1806 8919
2 1806 1973
2 2827 3301
2 2827 2992
2 2827 2991
2 8919 1562
2 3301 3303
2 3317 3323
2 1441 8920
2 3576 3566
2 3591 3783
2 931 735
2 931 734
2 8921 3873
2 8921 3863
2 3457 8929
2 3873 3871
2 3873 3607
2 3873 2722
2 6051 6426
2 6051 6427
2 3027 2391
2 3025 2391
2 157 119
2 231 233
2 483 557
2 8922 2187
2 8922 2390
2 8922 2186
2 2391 8929
2 1147 5
2 2187 1995
2 4538 4663
2 4538 4537
2 4538 4225
2 4228 4537
2 4228 4225
2 4228 4223
2 4228 4224
2 4227 4225
2 4227 4223
2 4230 4223
2 5671 5511
2 5671 5508
2 5671 5503
2 5517 5508
2 3453 3684
2 3453 3771
2 8924 6170
2 4610 8906
2 4162 4171
2 4161 4331
2 8906 5907
2 6280 8925
2 8925 6153
2 6153 6036
2 6153 6035
2 1760 1769
2 8710 3144
2 5324 5443
2 530 993
2 2510 2674
2 2510 2320
2 2510 2667
2 2674 2508
2 2100 1686
2 2100 2508
2 2320 2508
2 1963 1021
2 3325 3440
2 1569 1225
2 2798 2489
2 3566 28
2 2454 3701
2 3871 136
2 3182 8929
2 734 479
2 734 475
2 734 93
2 3608 3701
2 3608 2722
2 119 261
2 272 233
2 479 557
2 8926 2722
2 4536 4662
2 4663 4224
2 4375 4225
2 5668 5799
2 5666 5512
2 5666 5508
2 8705 6431
2 8705 6415
2 3931 3836
2 3931 8901
2 3836 3940
2 3833 3926
2 4331 8798
2 4613 8798
2 4659 4752
2 4659 4748
2 3065 2628
2 2457 2628
2 2292 2508
2 2292 2432
2 2667 2432
2 2992 3303
2 2992 3447
2 3303 3441
2 3303 3439
2 3441 3440
2 3144 3440
2 1224 1225
2 3684 3691
2 3684 28
2 3684 184
2 3691 3856
2 3863 2453
2 3863 3344
2 2453 3701
2 2453 3344
2 732 555
2 732 93
2 3701 1742
2 3607 1742
2 154 261
2 96 65
2 4752 4748
2 4752 4662
2 2575 2722
2 4535 4374
2 4376 7065
2 4537 4219
2 5955 5503
2 5799 5503
2 4037 8798
2 8798 4323
2 8798 4324
2 8798 4328
2 4171 4323
2 4171 4164
2 4171 4328
2 5620 8807
2 7651 7649
2 7649 4838
2 7649 4839
2 4500 4504
2 2299 2432
2 2432 2431
2 3447 3439
2 3570 28
2 93 60
2 5798 5503
2 6151 6035
2 6035 8789
2 2489 2952
2 3672 3940
