ply
format ascii 1.0
element vertex 4496
property float x
property float y
property float z
element edge 6743
property list uchar int vertex_indices
end_header
13.0206 4.00765 6.708
13.632 4.25053 6.731
13.9019 4.55418 6.756
14.1932 4.88547 6.844
14.3455 4.78547 6.774
13.3865 4.18414 6.902
14.5144 4.86692 6.778
13.3031 4.21328 6.961
15.3132 5.51246 6.779
14.5309 5.04839 6.724
14.7503 5.24094 6.795
15.2308 5.61147 6.776
16.0732 5.87901 6.778
16.6479 6.48581 6.787
16.1199 6.21379 6.84
16.6693 6.51346 6.79
15.4705 5.7618 6.713
17.0653 6.84326 6.795
17.2332 6.85485 6.77
17.3769 7.13234 6.819
17.475 7.14492 6.847
17.8399 7.25154 6.829
16.1044 6.1022 6.686
15.8772 5.85385 6.817
15.1627 5.24904 6.762
17.7765 0.837073 6.835
17.3497 1.29041 6.803
17.1896 1.33462 6.795
16.6268 1.56626 6.788
16.5948 1.77637 6.871
16.8548 1.38132 6.746
16.2814 1.85072 6.774
15.7498 2.30555 6.736
15.7081 2.32012 6.712
15.3675 2.45076 6.757
15.3433 2.71666 6.778
15.3869 2.33867 6.761
15.0085 2.76336 6.746
15.091 2.66435 6.745
14.7999 2.83621 6.753
14.5224 2.97993 6.769
14.5041 3.16189 6.754
14.0044 3.40662 6.745
13.9433 3.53328 6.79
13.7017 3.74637 6.79
13.6231 3.6217 6.691
16.3726 1.87737 6.767
14.2809 3.19303 6.734
13.2428 3.90665 6.821
18.1298 1.11158 6.719
18.1803 1.22267 6.746
18.8626 1.53443 6.723
18.65 1.3278 6.728
19.3062 1.76572 6.756
19.4052 1.84817 6.745
19.7314 2.17897 6.713
18.8005 1.59122 6.744
20.0847 2.45347 6.754
19.0491 1.86722 6.794
19.4567 2.02913 6.723
18.5219 1.1619 6.795
20.1692 2.4942 6.756
20.3265 2.74354 6.756
20.6826 2.7245 6.689
20.7564 3.00298 6.757
21.1126 2.98393 6.674
21.1729 3.29057 6.746
21.5008 3.25794 6.73
21.5611 3.56457 6.804
21.7222 3.59023 6.742
20.7952 2.7788 6.732
22.2007 3.82103 6.892
21.5649 3.34089 6.792
20.9874 3.02765 6.667
20.0119 2.24486 6.789
17.5387 0.826481 6.724
21.9282 4.3141 6.796
21.7545 4.38645 6.749
21.4295 4.62869 6.774
22.4269 3.99951 6.826
21.2297 4.82721 6.742
20.9192 5.11117 6.744
20.8096 5.26647 6.73
21.2103 4.9393 6.757
20.4749 5.31317 6.746
20.0752 5.71021 6.775
19.7288 5.9248 6.745
19.7685 5.77049 6.742
20.0043 5.64134 6.755
19.3747 6.08359 6.789
19.3475 6.13988 6.822
19.1565 6.46407 6.752
18.7324 6.62385 6.761
18.4763 6.79522 6.77
18.3909 6.68462 6.729
19.0137 6.25645 6.674
18.1445 7.05153 6.808
18.1241 7.09375 6.766
17.8029 7.1123 6.798
20.2662 5.38602 6.791
20.4585 5.63487 6.709
20.5631 5.13021 6.672
10.3336 4.25556 6.857
9.87462 4.41584 6.756
9.98522 4.33041 6.742
9.71071 4.68374 6.797
9.19746 4.95661 6.763
10.2579 4.3405 6.734
9.40408 4.74401 6.747
9.54961 4.65808 6.741
8.88801 5.31043 6.751
8.56301 5.55267 6.779
8.24959 5.62702 6.664
7.61994 6.06926 6.78
7.32208 6.2552 6.751
8.23221 5.87885 6.783
8.0817 5.61543 6.766
7.02522 6.51101 6.767
7.32009 6.11546 6.763
6.96314 6.5678 6.743
6.70701 6.73917 6.777
6.3315 6.87031 6.732
6.63515 6.60043 6.727
6.33349 7.01005 6.747
5.91924 7.36537 6.89
7.60736 6.16728 6.767
10.4645 4.12791 6.851
5.7335 0.701063 6.782
6.18684 1.12789 6.783
6.86535 1.66333 6.751
7.52051 2.03137 6.737
7.12546 1.77144 6.844
8.01358 2.30389 6.822
8.22419 2.37077 6.698
8.19902 2.56681 6.773
7.19931 2.04992 6.819
8.53679 2.72972 6.757
7.8962 2.4034 6.714
9.04542 3.11383 6.772
8.82124 3.07509 6.762
9.57922 3.3019 6.767
9.35024 3.41698 6.713
9.76466 3.56482 6.751
9.91318 3.6885 6.738
10.2791 3.86499 6.868
10.2733 3.94893 6.839
7.31769 2.02028 6.779
6.33816 0.958013 6.819
5.21263 1.4213 6.831
4.7916 1.79069 6.767
5.69775 1.13485 6.75
4.906 1.48157 6.749
4.96809 1.42478 6.772
4.61113 1.87712 6.801
4.43546 1.80974 6.751
4.17354 2.06505 6.734
4.27635 1.92382 6.752
3.82038 2.29371 6.76
3.89125 2.36259 6.835
3.54968 2.42336 6.737
2.94818 2.87918 6.748
2.62516 3.26115 6.757
2.45827 3.31944 6.774
2.10611 3.61797 6.722
2.93759 3.11694 6.768
1.96157 3.77377 6.73
3.25581 2.88878 6.808
2.15843 3.36564 6.741
1.64037 3.79232 6.78
1.35709 4.01998 6.915
2.25545 3.30835 6.771
1.82382 3.9155 6.788
3.29654 2.80434 6.862
3.42352 2.3972 6.764
3.57403 2.66062 6.764
1.40858 4.20095 6.746
1.76191 4.47545 6.685
1.81821 4.50261 6.772
2.30449 4.7892 6.741
2.53066 4.96768 6.773
2.67918 5.09135 6.709
2.68117 5.23109 6.773
2.95585 5.38093 6.765
3.24311 5.43274 6.82
3.96434 6.02348 6.779
4.11286 6.14715 6.754
4.62629 6.37745 6.789
4.96025 6.76405 6.76
5.41739 6.96719 6.834
3.7284 5.64946 6.885
4.81174 6.64037 6.757
5.00397 6.88921 6.724
5.99871 7.05675 6.697
15.518 2.71417 6.757
15.4202 3.20476 6.745
15.4599 3.05045 6.738
15.592 3.49582 6.762
15.6318 3.34151 6.772
15.4515 3.93111 6.785
15.5922 3.99899 6.78
15.5555 4.36291 6.773
15.4886 4.57351 6.753
15.5401 4.75448 6.729
15.3995 5.18976 6.762
15.583 5.31294 6.768
15.602 4.19452 6.818
19.9917 2.79024 6.756
20.0937 3.0823 6.772
20.0869 3.09638 6.74
20.0823 3.75335 6.761
19.8405 3.46328 6.763
19.894 3.78399 6.804
19.9612 4.57971 6.779
20.1225 5.10853 6.742
20.1333 5.37394 6.68
20.0417 4.34096 6.819
20.0137 4.83055 6.644
19.9082 2.81938 6.789
13.3329 0.914321 6.882
13.7989 1.24313 6.735
13.7581 1.32757 6.802
13.9775 1.52012 6.736
14.1823 1.67095 6.812
14.5035 1.6524 6.762
14.9491 2.02343 6.741
14.6045 1.87459 6.728
15.217 2.18734 6.74
14.4123 1.62575 6.794
14.1007 1.33667 6.687
21.7641 1.12971 6.79
21.3508 1.5549 6.844
20.7629 1.98258 6.758
20.7144 2.01122 6.795
21.0306 1.64332 6.729
21.7457 1.31167 6.797
20.4514 2.19667 6.716
20.4009 2.08557 6.729
22.0357 1.06994 6.731
15.0339 6.0196 6.73
14.7022 6.27591 6.804
14.4528 6.4332 6.759
15.7267 5.59043 6.818
13.9978 6.87297 6.724
15.0455 5.85171 6.675
14.1462 6.49348 6.727
13.6349 6.90609 6.74
14.3354 6.53271 6.701
20.609 5.89829 6.725
21.104 6.31054 6.745
21.6797 6.98721 6.735
21.4021 6.62777 6.814
8.22237 2.7342 6.823
8.15847 3.15441 6.779
8.12705 4.87401 6.748
8.2057 4.99868 6.717
8.03746 3.98077 6.767
8.37768 2.8438 6.789
3.61095 2.79986 6.796
3.60832 3.59658 6.795
3.59855 3.40104 6.809
3.65121 4.15504 6.718
3.60967 4.67277 6.758
3.6398 4.82609 6.773
3.59147 5.3579 6.683
3.58468 5.37197 6.804
3.48929 4.56267 6.741
3.76678 4.41895 6.85
3.46577 3.89212 6.735
10.2509 0.9023 6.864
9.78912 1.35613 6.767
9.97538 1.18576 6.839
9.56793 1.52701 6.689
9.2555 1.67122 6.794
9.13911 1.8406 6.835
8.75681 1.98581 6.734
8.55897 2.32408 6.755
8.8189 1.92902 6.687
10.2722 0.929949 6.861
8.99159 1.7868 6.769
2.03255 1.3967 6.72
2.42661 1.58676 6.759
1.59478 1.08146 6.784
1.78022 1.34438 6.785
2.58391 1.8361 6.743
8.95145 6.32984 6.808
9.6687 6.64109 6.779
9.69006 6.66874 6.882
9.88229 6.91759 6.8
9.04947 6.34242 6.734
8.87081 6.06543 6.734
3.41498 5.72381 6.692
3.0153 6.12085 6.796
3.43534 5.68159 6.755
2.68052 6.16755 6.731
2.17704 6.63595 6.747
2.54377 6.37915 6.711
1.71528 7.08979 6.76
2.94842 6.33146 6.752
1.35633 7.40239 6.764
3.20935 6.00627 6.772
10.071 5.44733 32.501
10.632 5.57912 32.562
9.74302 5.47996 32.502
9.42181 5.49851 32.535
9.12197 5.54471 32.551
9.07445 5.64322 32.495
9.77116 5.49353 32.625
8.82212 5.59091 32.535
8.50092 5.60946 32.584
8.49214 5.48379 32.551
8.17293 5.64208 32.551
8.13121 5.65665 32.563
12.8105 5.45026 32.519
12.4825 5.48288 32.552
12.4622 5.5251 32.517
13.3782 5.56796 32.539
12.1477 5.52958 32.536
12.9522 5.58801 32.564
11.8197 5.5622 32.568
11.485 5.6089 32.551
11.4548 5.45558 32.523
11.1997 5.69682 32.453
11.022 5.4897 32.564
15.3055 5.45666 32.55
14.9639 5.51743 32.551
14.6291 5.56413 32.566
15.4055 5.60898 32.489
14.2798 5.5691 32.648
14.1536 5.54295 32.65
13.945 5.6158 32.633
15.8956 5.67189 32.501
11.8954 5.47726 32.631
10.3922 5.42878 32.419
13.4946 5.39859 32.437
6.81046 5.66148 32.543
6.24273 5.54378 32.58
5.74685 5.56481 32.53
6.07484 5.53219 32.499
5.51787 5.67989 32.544
5.42564 5.58336 32.58
5.09765 5.61599 32.58
4.79102 5.67626 32.53
4.26501 5.54398 32.65
17.814 5.43492 32.537
17.4724 5.49569 32.52
17.1444 5.52831 32.569
18.0168 5.44601 32.522
16.7049 5.5765 32.642
19.0591 5.51503 32.688
19.753 5.65889 32.528
19.3833 5.70609 32.529
18.9203 5.58689 32.518
18.571 5.59186 32.41
18.1188 5.73807 32.49
9.77689 2.46048 32.625
8.82885 2.62772 32.494
9.4489 2.4931 32.643
8.50765 2.64627 32.511
9.13548 2.56745 32.56
9.30436 2.64891 32.53
8.35234 2.53667 32.598
8.18644 2.66482 32.561
8.01756 2.58337 32.526
14.0953 2.42694 32.565
14.9852 2.59597 32.476
13.4674 2.50577 32.565
13.1259 2.56654 32.5
12.7979 2.59916 32.549
14.1274 2.72 32.466
13.6305 2.67117 32.52
12.4699 2.63179 32.597
13.9216 2.4993 32.679
12.1215 2.70663 32.5
11.9089 2.5 32.635
11.7091 2.69853 32.407
16.4379 2.53335 32.659
15.7829 2.66847 32.511
16.1245 2.6077 32.577
15.4326 2.60358 32.572
15.4268 2.68752 32.592
14.4398 2.57578 32.607
9.62457 2.56049 32.67
11.1705 2.66426 32.547
15.8362 2.48601 32.519
7.0859 2.42891 32.461
5.80308 2.64285 32.589
6.25624 2.56652 32.447
5.24991 2.56687 32.517
6.19216 2.48357 32.5
5.87096 2.50212 32.5
6.74533 2.55955 32.37
5.58469 2.52017 32.55
4.95007 2.61307 32.468
4.63565 2.61755 32.567
4.49691 2.68941 32.481
4.30766 2.65017 32.566
3.97967 2.68279 32.566
17.0522 2.48268 32.528
16.7591 2.5148 32.61
17.6355 2.71198 32.478
19.715 2.50067 32.514
19.0309 2.55234 32.628
19.6956 2.61276 32.582
19.155 2.43876 32.582
7.51297 5.42785 34.405
8.10786 5.48926 34.528
10.2243 5.4172 34.486
9.88954 5.4639 34.502
9.72166 5.45231 34.53
10.7086 5.56405 34.457
9.55476 5.51059 34.485
9.35194 5.4995 34.502
11.1851 5.6551 34.44
11.2045 5.54301 34.353
9.21999 5.55729 34.469
9.00359 5.57435 34.51
8.87064 5.56226 34.551
10.2409 5.59866 34.515
8.55721 5.63661 34.486
13.1521 5.38949 34.456
13.6985 5.47954 34.489
12.4612 5.45523 34.572
14.0071 5.55901 34.541
12.8173 5.43618 34.44
13.3928 5.60969 34.519
12.1827 5.52908 34.407
11.9856 5.43405 34.58
11.8265 5.54813 34.489
11.5131 5.62248 34.407
15.0328 5.44657 34.492
14.6766 5.46562 34.541
14.4738 5.45453 34.489
14.3419 5.51231 34.542
15.7936 5.37983 34.543
14.9076 5.49028 34.566
14.1187 5.54344 34.493
16.1042 5.59903 34.58
16.3555 5.58148 34.557
12.9299 5.49049 34.504
12.5039 5.51053 34.341
11.5237 5.38472 34.517
6.87255 5.60469 34.426
6.201 5.55835 34.487
5.88659 5.56282 34.544
5.57317 5.63717 34.472
5.2306 5.62807 34.586
5.90795 5.59047 34.487
7.17918 5.54442 34.628
17.3948 5.44089 34.498
16.7388 5.50614 34.564
11.5111 2.53362 34.429
11.9594 2.6111 34.505
10.8687 2.57072 34.544
11.1976 2.60797 34.331
10.5271 2.6315 34.462
10.1923 2.67819 34.462
11.6674 2.7131 34.452
9.91383 2.75204 34.549
9.86432 2.71082 34.495
9.56448 2.75702 34.479
9.23648 2.78964 34.462
13.9789 2.59632 34.415
13.7004 2.67017 34.475
13.6295 2.6013 34.514
13.3161 2.67564 34.448
14.6728 2.74019 34.555
13.1822 2.59369 34.516
14.7708 2.75277 34.509
13.0017 2.68012 34.53
14.204 2.70493 34.508
12.8629 2.75198 34.472
14.436 2.79947 34.509
12.3932 2.64685 34.459
16.4379 2.53335 34.51
16.1031 2.58005 34.477
15.7683 2.62675 34.46
15.4403 2.65937 34.493
15.1056 2.70607 34.493
15.0968 2.5804 34.436
12.3535 2.80116 34.432
16.2069 2.50869 34.63
7.11604 2.58223 34.468
6.45327 2.66155 34.451
6.79583 2.67065 34.353
6.13885 2.66603 34.566
5.83222 2.7263 34.5
5.50423 2.75892 34.517
6.89385 2.68323 34.333
18.3525 2.52007 34.58
18.0178 2.56677 34.531
17.7111 2.62704 34.515
19.0542 2.71973 34.619
17.4035 2.61744 34.662
9.31982 5.20645 43.77
8.96368 5.2255 43.835
8.74628 5.17268 43.898
8.6289 5.27219 43.82
8.44843 5.35862 43.834
8.30091 5.30482 43.82
9.63324 5.1321 43.803
9.21601 5.27781 43.912
7.98649 5.30929 43.827
7.9797 5.32337 43.868
7.68665 5.35549 43.901
7.4974 5.31626 43.879
12.7153 5.14412 43.78
12.2272 5.22096 43.836
12.3873 5.17675 43.796
12.0593 5.20937 43.829
11.7944 5.25507 43.806
11.7313 5.24199 43.845
11.4033 5.27462 43.861
11.2694 5.19266 43.821
11.0686 5.32132 43.878
10.9298 5.39318 43.862
10.7338 5.36801 43.878
14.7008 5.19971 43.787
14.3728 5.23234 43.837
14.0516 5.25089 43.886
13.745 5.31116 43.869
13.5771 5.29957 43.819
13.4383 5.37143 43.82
13.1171 5.38998 43.902
16.2535 5.28942 43.863
16.0856 5.27783 43.845
15.9537 5.33562 43.862
16.4689 5.20249 43.831
13.0647 5.13915 43.834
12.8163 5.36631 43.749
9.66536 5.42516 43.933
12.7892 5.42261 43.901
14.3748 5.37208 43.923
5.81174 5.21447 43.719
5.49054 5.23302 43.801
6.07864 5.30851 43.861
5.57399 5.20388 43.924
5.18391 5.29329 43.702
4.5415 5.33039 43.85
18.6291 5.25559 43.901
18.3157 5.32994 43.852
17.9877 5.36256 43.853
18.7844 5.36519 43.773
17.8469 5.29468 43.751
18.3225 5.31586 43.801
19.1687 5.35972 43.801
16.8891 5.26639 43.932
7.24419 2.74812 43.724
7.8265 2.90756 43.764
9.34129 2.78815 43.808
8.67173 2.88154 43.793
10.0498 2.97374 43.979
8.99194 2.79312 43.94
8.34374 2.91417 43.809
8.01575 2.94679 43.842
7.72269 2.97892 43.859
7.3947 3.01154 43.875
11.9828 2.77849 43.831
11.6548 2.81111 43.847
11.3482 2.87139 43.832
12.174 2.95747 43.851
11.0134 2.91808 43.766
10.8173 2.89292 43.835
10.3855 2.99691 43.832
10.7057 2.90849 43.913
14.3312 2.80096 43.875
14.0032 2.83358 43.875
13.815 2.86422 43.745
13.6752 2.86621 43.876
13.4113 2.98178 43.822
13.3686 2.92648 43.859
13.0687 2.97268 43.826
12.4409 3.0515 43.843
15.8917 2.94646 43.92
15.4918 2.84034 43.848
16.2478 2.92741 43.855
14.7175 2.93523 43.794
14.3196 2.96884 43.754
11.3996 3.05235 43.798
7.29469 2.85922 43.947
12.7689 3.01888 43.859
16.4497 2.86863 43.716
6.61636 2.82695 43.724
6.26701 2.83192 43.807
5.93223 2.87862 43.79
5.63917 2.91075 43.823
5.55573 2.93989 43.812
5.31118 2.94337 43.84
4.99677 2.94785 43.905
4.49111 2.77335 43.892
6.94435 2.79432 43.724
17.8383 2.72307 43.774
18.4623 2.86793 43.808
17.5316 2.78334 43.774
17.2104 2.80189 43.822
16.896 2.80637 43.937
19.26 2.94043 43.812
19.2017 2.77354 43.825
9.80112 5.14369 45.738
9.48671 5.14816 45.784
9.46634 5.19038 45.754
9.16749 5.30645 45.805
9.14514 5.20893 45.788
10.5232 5.30113 45.74
10.6358 5.35543 45.864
8.81715 5.24156 45.804
9.97001 5.22514 45.829
8.76864 5.2702 45.818
8.51731 5.28776 45.82
8.48337 5.35813 45.733
8.29113 5.10928 45.83
8.21746 5.33396 45.821
7.97871 5.2535 45.783
7.56628 5.24539 45.786
11.8982 5.18371 45.831
12.3184 5.24761 45.735
11.3237 5.08008 45.787
11.578 5.27213 45.716
11.8779 5.22593 45.75
11.2636 5.27661 45.814
10.9424 5.29516 45.88
15.2578 5.05201 45.804
14.4165 5.3575 45.796
14.9444 5.12636 45.755
14.6232 5.14491 45.804
14.3097 5.21926 45.739
15.8624 5.30896 45.814
14.7775 5.18464 45.804
15.1608 5.1093 45.812
13.9536 5.2383 45.805
13.8827 5.16943 45.823
13.6042 5.24328 45.919
13.4703 5.16133 45.775
13.0365 5.12557 45.829
14.2728 5.08001 45.795
12.6454 5.14512 45.819
16.8318 5.16937 45.797
16.5038 5.20199 45.832
16.1904 5.27634 45.782
15.9846 5.05564 45.784
16.5534 5.24322 45.762
7.07619 5.18249 45.811
6.37849 5.26231 45.665
6.05728 5.28086 45.764
5.70114 5.2999 45.796
5.37315 5.33253 45.846
4.66369 5.07707 45.858
6.2611 5.36182 45.681
17.1463 5.16489 45.666
17.0794 5.3755 45.717
19.125 5.23455 45.684
18.8038 5.2531 45.782
18.4758 5.28573 45.848
19.0493 5.31949 45.745
19.3054 5.14812 45.854
18.2574 5.16305 45.67
17.8382 5.16901 45.773
18.4874 5.11784 45.97
8.54557 2.85539 45.795
8.21758 2.88801 45.795
7.91773 2.93421 45.794
7.61789 2.98041 45.779
9.68783 3.07673 45.905
7.35198 2.95624 45.85
7.2899 3.01303 45.779
7.0182 3.07281 45.895
6.98227 3.00344 45.927
11.9488 2.84886 45.708
11.3278 2.91361 45.758
10.9998 2.94623 45.774
12.9989 2.97367 45.827
10.8872 2.89193 45.784
11.6558 2.88098 45.741
10.6582 3.007 45.758
10.3438 3.01148 45.839
10.0022 3.07225 45.791
15.2259 2.81617 45.763
14.5632 2.89549 45.796
14.3118 2.91305 45.747
14.2284 2.94219 45.797
16.2013 3.0958 45.785
16.5361 3.0491 45.802
14.8912 2.86287 45.763
13.8868 3.00296 45.731
13.5588 3.03558 45.796
13.5035 3.0783 45.819
13.2308 3.06821 45.828
5.72941 2.86753 45.751
6.14962 2.93143 45.768
6.55526 2.95361 45.832
5.28502 3.06954 45.813
18.1469 2.80253 45.819
17.8403 2.86281 45.802
17.5055 2.9095 45.785
19.0029 3.04193 45.968
19.031 3.0555 45.63
17.1629 2.9004 45.95
16.8417 2.91896 46.015
16.6341 3.06168 45.739
7.71462 4.86591 55.082
7.37984 4.9126 55.082
8.14162 4.91573 55.146
7.08 4.9588 55.082
7.72919 4.90763 55.078
6.81509 5.00451 55.167
10.6356 4.85227 55.079
9.9796 4.91752 55.095
10.3144 4.87082 55.095
9.67297 4.97779 55.095
9.42263 5.06522 55.203
9.34498 5.01041 55.128
9.02378 5.02896 55.177
8.69578 5.06159 55.177
12.9074 4.8898 55.077
13.3276 4.95371 55.145
12.2514 4.95505 55.143
11.9437 4.94546 55.228
11.937 4.95953 55.208
11.6235 5.03388 55.16
12.9016 4.97375 55.078
11.5381 4.92328 55.126
11.3169 5.09415 55.143
11.1694 5.04034 55.157
15.5275 4.8525 55.075
14.8647 4.93182 55.124
15.1995 4.88512 55.091
14.5367 4.96444 55.157
14.5086 4.95087 55.2
14.2019 5.01114 55.189
16.9764 5.01356 55.057
16.6338 5.00447 55.082
17.1035 5.10959 55.138
15.7964 5.08627 55.138
12.3688 4.85554 55.139
13.5701 4.81048 55.012
10.7647 5.08804 55.165
7.32553 5.02519 55.115
10.9568 4.83372 55.012
8.42409 5.12136 55.144
16.6338 5.00447 55.189
6.77336 5.01908 55.015
6.44537 5.0517 55.065
6.31142 4.96975 55.15
6.11738 5.08433 55.065
5.78939 5.11695 55.097
17.5829 4.90709 55.041
17.2762 4.96736 54.991
17.4441 4.97895 55.199
18.4311 5.09069 55.117
17.8488 4.93126 55.171
18.04 5.11023 55.212
16.9462 4.86025 55.138
7.23559 3.12562 55.017
6.91439 3.14417 55.083
6.63491 3.14815 55.127
6.62812 3.16223 55.132
7.00462 3.10096 55.194
7.21722 3.30758 55.014
9.2696 3.15257 55.215
9.66946 3.25869 55.131
8.79608 3.27112 55.135
8.29341 3.30624 55.149
7.9285 3.19962 55.124
12.8466 3.07368 55.134
12.5399 3.13395 55.068
13.4618 3.09287 55.133
12.2051 3.18065 55.068
13.1562 3.22302 55.129
11.7714 3.1449 55.208
12.7651 3.24256 55.117
11.5841 3.2454 55.151
11.8975 3.17106 55.216
11.2425 3.30617 55.085
15.6064 3.03438 55.078
15.0912 3.16751 55.156
15.2784 3.06701 55.127
14.7215 3.21471 55.138
14.3575 3.17796 55.193
14.2314 3.1518 55.165
16.7205 3.24215 55.064
16.3993 3.2607 55.129
16.0354 3.22395 55.072
16.0859 3.33505 55.113
15.5172 3.14747 55.179
16.8301 3.08684 55.105
16.4255 3.13453 55.132
17.0407 3.15373 55.163
12.2323 3.12436 55.209
10.0955 3.23865 55.156
9.15122 3.18221 55.189
8.34093 3.20772 55.119
7.58014 3.27446 55.114
11.2948 3.05385 55.187
11.4521 3.30319 55.121
6.32149 3.2225 55.099
6.25841 3.20942 55.016
6.00028 3.24105 55.115
5.74796 3.18874 55.101
5.67229 3.27367 55.115
5.19578 3.18262 55.231
4.73285 3.06342 55.071
17.6967 3.08848 55.08
17.3687 3.1211 55.129
8.31431 4.77351 57.078
7.75734 4.92121 57.05
8.00089 4.84785 57.062
8.0989 4.86043 57.076
7.66611 4.89455 56.996
8.4764 4.86904 57.137
7.40219 5.01012 57.047
7.3449 4.9131 57.063
7.03827 4.97337 57.046
6.94804 5.01659 57.096
6.75581 4.76774 57.144
6.72386 4.97785 57.128
10.5725 4.83919 57.043
10.2727 4.88539 57.076
10.2659 4.89946 57.092
10.6064 4.76882 57.093
9.91652 4.90444 57.124
9.81171 4.90593 57.116
9.6031 4.97878 57.075
9.33521 4.81488 57.091
9.27511 5.01141 57.092
8.94513 4.90429 57.086
13.3605 4.81347 57.075
13.0257 4.86017 57.058
12.9074 4.8898 57.101
12.7191 4.92044 57.009
12.3979 4.93899 57.09
13.3198 4.89791 57.064
12.0913 4.99926 57.025
11.9631 4.83337 57.111
11.7982 5.03139 57.09
11.5944 4.95043 57.09
15.6808 4.82236 57.016
15.2761 4.87005 57.092
16.2845 5.00944 57.121
15.018 4.90168 57.032
15.3314 4.82733 57.099
15.674 4.83643 57.099
14.8996 4.93132 57.09
14.6968 4.92023 57.098
14.397 4.96643 57.131
14.3736 4.79904 57.116
14.167 5.01164 56.99
14.0554 5.0272 57.065
13.7759 5.03118 57.068
16.954 4.91604 57.122
16.6125 4.97682 57.089
16.2204 4.92649 56.99
17.1093 5.02565 57.089
12.4027 4.78518 57.145
10.8055 5.00359 56.978
9.52744 5.06372 57.009
11.4916 5.09166 57.041
13.5905 4.76826 57.118
11.0325 4.74878 57.063
6.42401 5.02405 57.111
6.41523 4.89839 57.098
17.6032 4.86487 56.99
17.2471 4.88392 57.072
17.9536 4.92977 57.096
17.4916 4.88044 57.051
18.3369 4.85442 57.106
18.792 4.91783 57.123
6.92896 3.1859 56.988
6.60776 3.20445 57.07
7.55978 3.31668 57.104
7.18228 3.30808 57.026
9.79363 3.14511 57.03
9.47243 3.16366 57.079
10.1294 3.16828 57.013
9.68982 3.21647 57.109
8.8378 3.25655 57.08
8.50302 3.30325 57.064
8.4118 3.2766 57.091
9.34246 3.36118 57.124
8.17503 3.33587 57.097
12.0169 3.21129 57.0
11.6889 3.24391 57.049
12.3954 3.28976 57.013
11.3891 3.29011 57.049
11.9907 3.33745 57.101
11.0611 3.32273 57.099
15.16 3.09665 57.115
14.8466 3.17099 57.066
15.6579 3.21535 57.05
14.5186 3.20362 57.082
14.3517 3.2619 57.058
14.7778 3.24186 57.082
14.1839 3.25031 57.066
13.9471 3.30959 57.072
13.8559 3.28294 57.099
13.5279 3.31556 57.132
13.4638 3.23261 57.116
13.0582 3.21044 57.105
13.1863 3.37633 57.131
12.6739 3.21591 57.134
17.1805 3.15174 57.096
16.8525 3.18436 57.129
16.5818 3.31401 57.066
16.5391 3.25871 57.064
16.2179 3.27726 57.129
16.0907 3.18123 56.99
17.0224 3.33569 57.127
15.2543 3.33291 57.072
6.6417 3.13408 57.114
10.5622 3.13416 57.007
10.4051 3.38798 57.13
15.4813 3.0781 57.016
16.9 3.08585 57.078
6.28655 3.223 57.08
6.27976 3.23707 57.07
5.95856 3.25562 57.136
5.88869 3.25662 57.078
6.7922 3.3975 57.114
5.62378 3.30232 57.119
5.32095 3.13891 57.131
5.29579 3.33494 57.152
17.5085 3.11911 57.031
18.6216 3.25701 57.161
18.1305 3.12423 57.076
17.4338 3.27392 57.138
19.6839 2.27748 22.527
19.712 2.29106 23.443
19.6286 2.3202 24.34
19.5655 2.30712 24.392
19.6655 2.45944 25.457
19.5034 2.36391 26.113
19.6092 2.43229 26.814
19.3782 2.40762 27.92
19.4277 2.44885 27.989
19.5549 2.54488 28.689
19.4006 2.50514 31.625
19.3657 2.50564 32.596
19.5868 2.33477 25.291
19.8208 2.56905 24.241
19.6761 2.22168 20.529
19.9585 2.42732 21.603
19.7935 2.12218 19.739
19.7751 2.30414 20.803
19.4064 2.4212 29.247
19.519 2.47551 30.416
15.7759 2.17938 20.015
15.8682 2.27591 20.724
15.7518 2.44529 21.464
15.7023 2.40406 21.482
15.7993 2.34677 22.291
15.9031 2.27541 22.853
15.7158 2.37591 23.692
15.7935 2.43071 25.475
15.8352 2.41614 25.11
15.94 2.41465 26.422
15.9604 2.37243 26.618
15.9265 2.4428 28.224
16.1642 2.45339 29.153
15.8692 2.34578 24.057
15.8468 2.24826 22.978
19.4647 5.53721 31.618
19.5492 5.57793 31.01
19.3939 5.46833 30.311
19.4813 5.71867 25.379
19.819 5.88158 23.499
19.4813 5.71867 25.099
15.9702 5.51708 28.321
16.0916 5.69705 27.29
15.6384 5.77339 20.264
15.8694 5.79805 21.578
19.3676 2.64538 33.793
19.389 2.67303 34.651
16.3341 2.60472 33.513
16.5768 2.96466 44.845
16.6836 3.10291 48.723
16.899 3.01598 49.783
16.8369 3.07277 51.538
16.8234 3.10092 52.442
16.8864 3.11399 52.908
16.9078 3.14164 53.313
16.9485 3.0572 54.471
16.671 3.20092 50.315
16.7806 3.04562 48.951
18.868 2.8901 47.503
18.9805 2.94441 48.216
18.9388 2.95898 49.16
18.9883 3.0002 49.872
18.8001 3.03084 50.849
18.6613 3.1027 49.79
18.8011 3.10071 51.476
18.8079 3.08664 51.654
18.7526 3.12935 54.555
18.7196 3.26959 54.039
18.7322 3.17157 54.842
19.0436 2.95749 47.562
18.5342 3.00667 53.017
16.7474 5.12864 47.291
18.7766 5.3094 45.527
18.9988 5.2084 48.68
18.9415 5.11137 47.679
19.3337 2.71575 35.482
19.1017 2.62121 37.849
19.3123 2.6881 38.552
19.062 2.77553 41.075
19.2163 2.81526 41.874
19.16 2.78811 41.989
19.2455 2.89871 41.099
19.2095 2.82933 40.193
19.193 2.64787 39.017
19.1027 2.69108 38.291
19.3259 2.65995 36.6
19.0901 2.7891 43.098
19.0513 5.45923 38.043
19.2803 5.34416 37.338
19.3453 5.49698 36.434
19.2589 5.31651 38.357
19.2823 5.4839 34.575
18.992 5.22247 42.016
19.0415 5.2637 41.981
19.2366 5.21899 40.339
19.3647 5.38488 39.269
16.3826 2.57607 36.061
16.3137 2.64694 36.526
16.3001 2.67508 36.778
16.3574 2.77211 37.614
16.24 2.87162 37.306
16.4477 2.72889 38.636
16.5321 2.76962 42.366
16.5341 2.90936 41.472
16.3652 2.8279 38.72
16.3497 2.71631 35.544
16.4826 2.72839 40.337
16.276 2.94099 39.061
16.3381 2.8842 40.986
16.6932 2.79528 41.977
16.3254 5.42816 35.871
16.3525 5.37187 36.375
16.5048 5.27186 41.803
16.4068 5.25928 40.943
16.4787 5.39803 39.97
16.3787 5.2457 39.021
16.3651 5.27385 38.124
28.0807 4.50603 56.109
27.745 4.48285 56.355
27.3743 4.46018 56.584
28.4155 4.45933 56.075
27.0181 4.47923 57.003
26.8037 4.63603 56.861
25.9216 4.52279 56.066
26.1603 4.60326 56.53
26.4049 4.59977 56.867
25.6023 4.68109 55.771
25.9721 4.63389 56.121
25.1821 4.61718 55.182
26.3194 4.48918 57.012
24.5252 4.61256 55.526
24.9977 4.42414 55.171
24.8464 4.59401 55.427
24.2602 4.65827 56.156
22.1719 4.74391 56.247
22.4524 4.8098 56.47
21.8226 4.74888 55.958
22.7173 4.7641 56.789
21.8731 4.85998 56.083
21.3558 4.85337 55.367
23.1976 4.63147 57.051
22.8842 4.70581 56.985
23.0744 4.81492 57.01
20.3224 4.91001 55.694
19.9866 4.88684 55.908
19.643 4.80787 56.236
20.5523 4.86481 55.341
19.3005 4.79877 56.433
20.9414 4.70552 55.088
20.0303 5.01201 55.929
-3.07984 3.57999 57.019
-3.35153 3.63977 56.936
-4.54512 3.74063 56.103
2.49221 3.24907 55.318
2.70861 3.23201 55.21
2.10892 3.32441 55.769
1.59268 3.38767 56.149
1.30542 3.33585 56.411
0.976429 3.29861 56.575
3.77702 3.17487 56.017
3.47139 3.30501 55.787
3.43645 3.30551 55.523
4.435 3.24936 56.658
3.18512 3.32307 55.226
3.69557 3.34375 55.806
2.81341 3.23052 55.202
4.72706 3.14736 56.855
24.9518 3.65606 55.172
25.794 3.42044 55.874
21.1505 3.19305 55.259
21.6552 3.29768 55.766
22.2908 3.27465 56.469
20.8371 3.26739 55.194
21.0127 3.33478 55.078
19.8074 3.10036 56.112
18.6857 3.33996 56.895
14.8162 4.96046 55.336
15.6255 4.86508 55.991
16.0603 4.9707 56.361
16.0254 4.9712 56.442
15.1462 5.06758 55.658
15.0064 5.06957 55.647
15.3266 4.98115 55.827
15.7245 4.94753 56.14
16.4679 5.13262 56.646
15.4101 4.95201 55.861
13.8943 5.00154 55.337
13.3974 4.95271 56.019
10.2804 4.94119 55.897
10.3435 4.95426 55.952
9.9748 5.07133 55.668
10.6793 4.97744 56.238
10.9238 4.97396 56.551
10.0728 5.08391 55.715
16.2023 3.16567 56.491
15.5871 3.14647 56.054
14.0218 3.15478 55.389
12.3595 3.22039 56.884
8.6272 3.18967 55.379
7.57335 3.28853 56.463
7.25116 3.23722 56.741
8.41659 3.12278 55.789
10.5331 3.05072 56.102
10.2061 3.15321 55.922
11.0726 3.15485 56.555
9.88585 3.24163 55.774
10.5293 3.2744 56.21
9.83436 3.06066 55.549
10.767 3.28499 56.308
11.52 3.16245 56.948
10.2701 3.23616 55.781
11.8889 3.54855 57.147
11.7755 3.92754 57.145
11.9444 4.009 57.128
11.8631 4.68104 57.009
11.9286 3.39424 55.175
11.9172 4.06529 55.123
26.1865 4.47709 55.084
26.5833 4.3736 55.235
27.6314 4.35868 55.688
27.3112 4.4471 55.573
27.2335 4.3923 55.483
27.613 4.54064 55.659
26.9774 4.56367 55.392
26.8696 4.35555 55.424
27.942 4.57789 55.82
28.9182 4.42422 56.319
27.8264 4.31397 55.821
29.8954 4.34042 56.82
30.3583 4.45962 56.954
30.0235 4.50632 56.833
29.6878 4.48314 56.598
29.3248 4.51627 56.472
28.5475 4.40154 56.144
26.3697 4.09711 55.072
26.3658 3.81763 55.055
26.4999 4.40275 55.116
26.4745 4.09562 55.121
26.6229 3.71613 55.132
26.2677 3.80505 55.049
29.9407 3.599 56.856
29.6059 3.6457 56.718
30.3619 3.73277 57.011
29.2915 3.65018 56.501
28.9567 3.69687 56.275
28.5569 3.59075 56.139
27.9436 3.7113 55.742
27.6089 3.758 55.623
27.209 3.65188 55.445
26.8509 3.53118 55.287
26.6938 3.785 55.096
30.5144 4.13593 57.05
30.5899 3.54783 57.06
-6.15675 4.42049 56.889
-6.52547 4.53755 57.052
-3.75782 4.55405 55.576
-4.08681 4.5168 55.79
-4.42258 4.49363 55.921
-4.74478 4.44231 56.151
-5.38818 4.40954 56.397
-5.68902 4.38587 56.562
-5.98986 4.3622 56.742
-6.31884 4.32496 56.89
-2.5884 4.7191 55.133
-2.70017 4.2315 55.132
-2.75928 4.4979 55.198
-2.6275 3.93695 55.137
-2.60034 3.88066 55.089
-2.82037 4.62456 55.134
-3.9085 3.78747 55.712
-3.87357 3.78697 55.679
-4.1812 3.77738 55.827
-4.51697 3.7542 56.007
-3.27967 3.77852 55.345
-4.85275 3.73103 56.138
-5.11765 3.77673 56.304
-5.19531 3.72193 56.221
-2.81973 3.68811 55.187
-3.24374 3.84789 55.384
-5.50972 3.72641 56.335
-2.90516 3.57751 55.081
-6.18607 3.83388 56.939
-3.54458 3.82422 55.531
-6.72268 3.93936 57.052
-6.64783 4.28771 57.07
-6.72449 4.30278 57.117
8.70087 2.96499 44.488
8.37189 2.92774 44.668
8.0429 2.8905 44.898
7.69255 2.8256 45.176
9.78286 2.8797 44.05
10.7678 2.8517 45.007
8.74248 5.39637 44.5
8.02143 5.3088 44.992
7.69923 5.25748 45.255
7.32752 5.16493 45.616
7.88947 5.36658 45.162
11.0947 5.19515 45.131
10.8027 5.29715 44.967
11.5295 5.30078 45.591
10.497 5.42729 44.738
10.5086 5.2594 44.632
10.923 5.40725 44.92
10.0487 5.34981 44.206
12.271 2.90018 45.446
15.2316 5.17818 44.567
15.5606 5.21542 44.992
15.6247 5.29837 45.001
14.7038 5.40932 44.184
14.9114 5.2666 44.47
15.2675 5.24755 44.689
15.9235 5.1823 45.198
16.2254 5.27584 45.489
15.3045 5.38679 44.886
15.8469 5.19737 45.288
13.8779 5.32324 44.076
12.2272 5.22096 45.584
12.663 5.39645 45.145
13.1355 5.20802 44.754
11.8793 3.85618 45.802
11.723 3.67671 45.917
11.8202 4.12258 45.803
11.8456 4.42971 45.686
11.9757 4.73535 45.833
11.705 4.86499 45.836
16.298 4.98129 35.279
16.3719 5.25978 35.367
16.2839 3.49995 36.79
16.2702 3.02493 37.117
16.255 3.91967 36.501
16.2765 4.45048 36.261
16.3543 5.00844 35.882
16.0843 4.20163 36.359
16.3596 3.41501 37.782
16.45 3.87496 38.231
16.3967 4.05742 38.297
16.4997 4.41935 38.561
16.457 4.36405 38.576
16.4333 3.19033 41.009
16.4287 3.84731 40.185
16.4391 3.10639 40.96
16.4268 4.21073 40.312
16.3664 3.40094 40.598
16.3164 4.79933 39.495
16.4805 5.0346 39.429
16.4889 4.15394 40.262
16.3801 3.87595 40.163
16.4522 4.51786 39.812
16.345 3.37329 41.464
16.484 3.80459 41.845
16.4305 3.48388 41.517
16.5578 4.08308 42.059
16.5696 4.41835 42.468
16.2523 4.71638 34.683
16.205 5.31806 34.524
16.2871 4.21272 36.524
16.2941 4.70181 36.925
16.2932 5.13511 37.162
16.4055 4.18308 36.517
16.4088 5.39902 37.262
16.2318 4.25544 38.155
16.3669 4.91043 37.632
16.2254 5.27584 37.442
16.3755 4.53293 37.988
16.4255 3.13453 38.983
16.2106 4.73095 37.839
16.3935 3.34464 39.708
16.382 3.51253 39.622
16.4318 4.56008 41.702
16.4649 4.92301 41.393
16.5305 3.63621 42.488
16.4153 4.37862 41.828
16.3989 4.70032 43.567
19.3173 3.03745 37.142
19.4099 4.1403 36.406
19.238 3.84924 38.122
19.2738 3.41544 37.765
19.1941 3.2209 40.75
19.2922 3.23348 40.725
19.1508 4.10206 40.144
19.111 4.25637 40.284
19.1352 3.99047 41.98
19.5159 4.71184 34.894
19.2099 3.83566 36.342
19.3013 4.36548 36.646
19.4284 4.46151 36.75
19.3079 3.84824 36.209
19.4473 2.83992 35.546
19.0665 4.5645 40.651
17.6529 5.40926 35.428
17.9537 5.43293 35.513
18.3031 5.42796 35.692
18.5904 5.47977 35.965
17.3181 5.45596 35.444
17.9615 5.48873 37.365
18.666 5.39483 36.804
17.9741 5.39071 37.419
17.6393 5.43741 37.266
16.7514 5.40812 38.366
17.8537 5.28061 39.176
17.5335 5.36903 39.061
18.3875 5.46868 39.62
17.059 5.41772 38.643
18.4506 5.48176 39.518
19.0056 5.19432 40.113
18.6932 5.33854 39.85
18.9649 5.27876 40.089
17.6024 5.29816 39.197
18.6505 5.28324 39.734
17.5413 5.42483 41.156
16.8406 5.29503 41.779
18.0352 5.26405 41.178
17.7489 5.2821 42.959
17.4345 5.28658 42.669
17.091 5.20761 42.371
16.7145 5.26888 42.353
19.6248 5.493 34.411
19.1697 5.42959 34.632
18.9679 5.48837 34.674
18.6466 5.50692 34.739
18.3099 5.41388 35.165
17.9673 5.40478 35.313
16.9823 5.43278 35.983
17.4637 5.37002 35.649
19.7927 5.50458 34.311
18.2604 5.37266 37.562
17.2968 5.42831 37.07
16.9318 5.32169 36.862
18.273 5.27464 37.606
17.1105 5.59868 36.829
19.1755 5.34565 38.454
18.5185 5.34103 38.733
18.8688 5.40592 38.405
18.7 5.32447 38.682
16.9949 5.33477 40.506
17.3433 5.25992 40.812
17.6296 5.24187 41.124
18.1749 5.26206 41.287
18.6786 5.29682 41.917
18.7932 5.49086 41.766
17.8693 5.3922 41.122
17.0434 5.30612 40.574
16.765 5.37997 40.271
16.5922 2.57309 34.741
17.0677 2.59427 34.859
16.7262 2.65504 34.794
17.2773 2.59129 35.188
17.7179 2.61297 35.456
18.0693 2.74773 35.614
18.3759 2.68746 35.812
18.9746 2.52519 36.138
18.6476 2.62768 36.007
19.159 2.71824 36.585
17.5762 2.47522 35.359
18.8446 2.72271 36.683
18.5156 2.68547 36.929
18.1798 2.6623 37.109
18.1595 2.70452 37.356
17.8509 2.62505 37.356
17.7403 2.71048 37.353
17.5161 2.67175 37.388
17.649 2.68383 39.258
18.405 2.7709 39.606
18.4807 2.68597 39.766
18.6631 2.73927 40.478
18.3274 2.7161 40.642
18.0926 2.91512 40.979
18.0052 2.66478 40.954
17.8936 2.68035 41.176
17.7365 2.93417 41.207
17.3725 2.89742 41.419
17.0436 2.86017 41.699
17.6558 2.66976 41.036
18.7388 2.65434 34.93
18.3962 2.64524 35.079
18.074 2.59392 35.405
17.0396 2.58069 35.832
18.4254 2.72868 37.809
18.4671 2.71411 37.849
17.0629 2.74808 36.949
18.6971 2.66891 38.125
18.7941 2.61162 38.029
16.6068 2.61481 36.778
18.9853 2.79059 38.437
18.6564 2.75335 38.651
18.5098 2.76941 38.683
18.3274 2.7161 38.896
17.977 2.65121 39.208
17.2929 2.70288 39.356
16.7485 2.75256 40.295
17.2095 2.73202 40.677
17.3434 2.81397 40.79
16.4205 2.78518 40.361
16.8601 2.73699 40.488
18.3148 2.81412 41.378
18.3905 2.72918 41.485
18.8805 2.79209 42.087
18.078 2.8734 41.239
18.866 2.75036 41.788
18.5651 2.72669 42.399
18.0421 2.80403 42.914
19.1961 3.36064 43.85
19.0643 3.92159 43.793
19.1186 3.80901 43.819
19.0829 4.2428 43.764
19.1597 4.73089 43.806
19.1835 3.45866 43.804
16.6441 3.76038 43.817
16.4899 4.22381 43.771
16.5866 3.16019 43.815
16.5402 3.83174 43.81
9.85081 5.68808 32.912
10.171 5.59966 33.043
10.6892 5.67614 33.581
11.2103 5.45907 34.026
11.7227 5.61949 34.354
10.9114 5.57514 33.862
9.33766 3.515 32.478
9.55623 4.14084 32.541
9.45423 3.84878 32.546
9.48934 4.35145 32.55
9.47676 4.44946 32.514
9.5231 3.77792 32.594
9.36581 3.52857 32.611
10.4776 2.59027 33.385
10.3155 2.49474 33.221
11.8119 2.55729 34.266
13.6092 5.59263 32.861
12.24 5.6261 34.253
12.8678 5.54728 33.735
14.1956 3.58559 32.476
14.0774 4.11839 32.525
14.2763 3.85 32.447
14.2561 4.39539 32.542
14.2607 3.73841 32.538
14.2299 4.52155 32.498
12.7911 2.61323 33.74
12.4689 2.56192 34.036
13.2025 2.55147 33.389
12.1185 2.49702 34.314
11.8725 3.87025 32.508
11.6651 4.51614 32.486
11.7925 2.66938 32.713
11.7646 3.15897 34.476
11.7997 3.66164 34.52
11.8919 3.75816 34.503
11.9616 3.254 34.567
11.8242 4.40206 34.571
11.6694 2.85284 34.513
11.8542 4.05221 34.629
11.7331 4.87857 34.487
11.8711 5.24 34.419
11.8419 5.15656 34.531
11.694 4.09642 34.423
16.7956 4.09367 47.805
16.659 4.80843 47.045
16.6888 3.95542 47.751
16.6957 4.44451 47.478
16.7149 3.82926 47.668
16.7469 3.61915 49.167
16.6313 3.35523 48.996
16.6432 4.19367 49.538
16.7966 4.16354 49.563
16.8598 4.67978 50.092
16.7442 4.41587 49.917
16.8133 4.84816 50.432
16.6532 4.89237 50.586
16.8151 4.48474 49.924
16.783 4.19168 51.421
16.7384 4.49981 51.067
16.8033 4.14946 51.433
16.9186 3.40705 52.212
16.6237 3.8026 45.945
16.6323 3.4251 46.215
16.5316 4.20924 45.805
16.7325 4.08059 45.865
16.5546 3.3703 47.092
16.907 3.57494 51.113
16.8568 4.47017 51.778
16.7764 4.70892 52.03
16.8482 4.84767 52.351
16.8321 3.22658 54.263
16.9798 3.78355 53.612
16.9277 4.53904 54.777
16.8345 4.37265 54.897
19.0258 4.64894 46.289
19.0993 3.9211 45.679
18.9557 4.14677 47.749
18.9851 4.73338 47.056
17.8857 5.0705 54.298
17.2413 4.96786 53.573
16.8987 4.95876 53.336
18.5067 5.00575 51.629
17.7663 5.03027 52.393
17.8304 5.11322 50.488
17.5024 5.14584 50.15
17.1025 5.03972 50.006
18.3883 5.03539 50.918
17.7459 5.07249 50.482
18.0526 5.01222 50.68
18.9697 5.12495 51.772
17.6761 5.07349 48.678
17.056 5.20811 49.479
18.5572 5.11685 48.19
17.5858 5.1167 48.583
16.8318 5.16937 46.012
17.7809 5.07199 46.651
18.2021 5.20576 47.13
18.4486 5.34202 47.22
17.4752 5.20214 46.471
17.2443 5.17747 46.145
17.7673 5.10014 46.768
18.0458 5.02629 46.904
18.5291 5.10327 47.326
18.6485 5.1435 47.395
18.3117 5.05046 47.137
18.8852 5.08422 52.941
18.2195 4.95393 52.716
17.479 4.97845 52.008
17.907 5.09815 52.486
17.1792 5.02465 51.793
18.4379 5.07661 52.937
16.9356 5.09801 51.428
17.5014 5.07597 50.751
18.9619 5.06915 49.621
17.8993 5.04235 48.682
18.368 5.07761 49.007
18.3768 5.20328 49.061
17.2219 5.07995 48.03
18.0895 5.15146 48.756
18.6329 5.03191 49.271
17.1958 5.20612 47.379
17.2202 2.99743 53.575
17.5919 3.08997 54.094
18.1295 3.05436 52.031
18.4585 3.09161 51.784
18.0189 3.1398 52.367
17.8005 3.01712 52.31
17.4929 3.00752 52.441
17.2192 2.92756 49.915
17.6327 3.00553 50.462
17.2066 3.02557 49.942
17.556 3.0206 50.146
18.4429 2.98002 51.128
17.7995 2.94725 50.513
18.4138 2.89657 51.038
18.3673 3.06495 48.149
18.2683 2.9825 48.392
18.6681 3.08862 47.97
18.0237 2.98599 48.527
17.7802 3.05934 48.646
17.6812 2.97689 48.658
18.0159 2.93019 46.689
18.541 2.9926 47.388
17.6734 2.92109 46.821
18.2072 3.10916 52.869
16.9272 3.02955 51.687
18.311 3.0378 50.068
17.9674 2.95883 50.462
17.1561 2.91448 48.126
18.3867 2.95286 49.104
18.603 2.93581 49.34
18.3314 2.99558 46.378
17.3162 2.87027 47.083
16.9815 2.91697 47.115
18.6829 3.63351 57.092
18.5766 5.00476 57.133
18.5998 4.66898 57.187
18.7325 4.1779 57.076
18.5155 5.13142 57.074
17.0186 3.55937 57.012
17.0371 3.88057 57.108
17.0197 4.13241 57.149
16.8433 4.49832 57.023
16.8538 4.26056 57.124
16.9177 3.84034 57.018
16.952 4.7763 57.122
16.9986 4.60792 57.017
18.7857 3.49228 55.154
18.6946 3.96879 55.057
16.9341 3.51864 55.212
16.9739 3.36433 55.105
16.9042 3.86849 55.002
16.6143 4.61339 45.749
16.582 3.81717 45.866
16.6047 4.92102 45.657
16.2285 3.0395 34.408
16.1256 3.18073 34.504
16.1921 4.40975 34.421
19.7099 4.59727 23.178
19.7139 4.87675 23.377
19.7606 5.21153 23.737
19.6019 3.88598 27.771
19.6486 4.22076 27.949
19.6536 4.57011 28.391
19.5617 5.47992 28.893
19.4582 3.60849 27.522
19.5602 3.90056 27.702
19.619 5.57694 28.915
19.8956 2.9174 23.517
19.7475 3.80005 22.967
19.8545 4.44146 22.442
19.7478 4.80638 22.138
19.9401 5.05522 22.023
19.6023 4.89231 27.027
19.5648 3.24358 29.641
19.5612 3.97043 30.135
19.4993 4.53038 30.578
19.4606 4.75456 30.91
19.4791 5.07577 31.009
19.4594 4.18153 30.233
19.3647 5.38488 31.188
15.7296 2.85093 21.023
15.6695 3.04746 20.835
15.7947 3.00375 21.921
15.8122 3.25508 22.213
15.6475 3.95627 22.745
15.6641 4.13773 22.669
15.8329 4.21919 22.68
15.7707 3.77282 22.781
15.8729 4.56804 23.107
15.8253 4.66656 23.249
15.8349 4.35893 22.959
15.9545 4.90232 23.385
15.7604 5.0169 23.523
15.846 2.68155 26.344
15.8288 3.43654 25.73
15.9629 4.02166 25.29
15.9861 3.68589 25.665
15.9058 4.4278 24.996
15.9128 4.91689 24.595
15.8421 5.35118 24.287
15.8266 2.79364 26.294
15.9887 2.88917 26.945
15.9655 3.22494 27.136
16.0139 2.69314 26.93
16.0036 3.93722 27.711
16.0541 4.04832 27.82
16.1561 4.34038 28.0
16.0002 5.16723 28.62
16.0066 4.14683 30.105
16.1417 4.80182 29.603
16.0206 5.12501 29.427
16.1154 4.42482 30.221
15.7156 4.3187 20.325
15.7585 4.87716 20.635
15.8548 5.75633 21.505
15.781 5.47784 21.349
15.7897 2.6544 23.748
15.7821 3.10177 23.406
15.7477 4.61175 22.301
15.7051 5.05962 21.981
16.0334 3.08421 24.569
15.8745 3.70145 25.011
15.8977 3.36568 24.686
16.0522 3.90858 25.25
15.9779 2.62376 24.173
16.0086 4.28657 25.475
15.8441 5.49092 26.636
15.9004 5.51807 26.521
16.0837 2.69214 28.934
15.9985 3.08471 28.597
15.8867 2.59711 28.891
15.8607 3.22644 28.394
16.0088 4.78974 27.206
16.0387 4.43989 27.504
15.8944 5.09886 26.93
16.0449 5.36227 26.93
16.0751 3.06964 29.458
16.1636 3.38985 29.737
16.1068 4.80232 30.761
16.1952 5.12252 31.007
16.83 5.53279 30.78
17.3337 5.56755 31.117
17.6617 5.53493 31.441
18.0528 5.51538 31.368
18.4865 5.55113 31.946
18.7854 5.43506 32.143
18.3682 5.58077 31.85
18.0382 5.47366 31.519
17.0843 5.72485 30.837
16.6631 5.59107 30.565
16.2148 5.5136 30.456
17.9218 5.64304 29.056
17.586 5.61986 29.27
17.2435 5.61077 29.417
17.8102 5.6586 28.985
17.16 5.63991 29.467
16.9358 5.60117 29.582
17.8014 5.53294 26.528
17.1474 5.73792 26.216
16.7136 5.70217 25.815
17.8268 5.84007 26.599
17.8859 5.57366 26.571
18.5011 5.59286 27.009
18.2857 5.67979 26.861
18.9776 5.68391 27.379
17.3784 5.76259 26.193
19.4084 5.51005 27.84
18.7001 5.82763 27.131
19.6122 5.59101 27.946
19.3124 5.63721 27.622
18.5846 5.56372 27.05
16.9989 5.61425 26.026
16.1499 5.86394 25.415
16.3701 5.6232 25.587
17.3842 5.67865 24.224
16.7767 5.71525 24.734
17.1756 5.7515 20.997
17.4211 5.81789 21.221
17.8491 5.93759 21.481
17.9539 5.93609 21.51
16.8622 5.82585 20.915
16.408 5.83231 20.366
18.6215 5.70296 21.92
18.2877 5.81953 21.74
19.1058 5.84981 22.243
18.4478 5.77532 21.848
19.5861 5.71718 22.735
19.3134 5.70708 22.427
18.2402 5.91804 21.57
18.3817 5.55263 31.106
17.682 5.49271 31.549
17.0756 5.59918 28.512
19.191 5.45724 30.074
18.5798 5.71753 29.457
18.8932 5.64318 29.732
17.1115 5.66855 28.522
16.8398 5.72833 28.328
16.4603 5.57999 28.095
19.1387 5.70957 25.543
18.7622 5.77084 25.859
18.7738 5.60295 25.953
18.1372 5.55611 26.363
17.1891 5.72335 23.654
16.8961 5.75548 23.465
16.64 5.92685 23.188
17.9238 5.78278 24.043
18.9505 5.7402 24.784
18.8185 5.79799 24.669
18.5322 5.81604 24.444
18.2965 5.94519 24.275
18.1528 5.6677 24.226
19.2106 5.84832 24.877
17.2668 5.77815 23.669
17.6249 5.89885 23.962
16.4895 5.66343 23.188
16.1906 5.7795 22.926
15.8684 5.72818 22.57
17.488 5.60728 23.835
17.028 5.69769 21.943
16.1021 2.51018 30.28
16.9823 2.48367 30.848
17.1512 2.56513 31.04
17.8265 2.38779 31.319
18.2623 2.56328 31.755
18.5835 2.54473 32.023
17.4782 2.46263 31.22
17.5548 2.44757 31.385
19.0852 2.43975 28.088
18.7775 2.43016 28.268
18.7775 2.43016 28.417
18.4553 2.37884 28.547
18.3244 2.50649 28.686
17.7906 2.31842 28.924
17.0823 2.63599 29.542
16.4379 2.53335 30.084
17.7149 2.40336 28.995
16.7601 2.58467 29.821
16.4407 2.2398 25.721
16.9328 2.44245 26.012
17.1075 2.43996 26.113
16.1215 2.39809 25.426
16.693 2.29211 25.826
17.5305 2.21031 26.39
17.2316 2.32638 26.193
17.8062 2.43001 26.606
18.1128 2.36974 26.621
18.631 2.44622 27.174
18.4679 2.28082 27.028
18.9231 2.34422 27.339
18.1108 2.23 26.797
19.0784 2.45382 23.247
18.4068 2.40748 23.608
18.7426 2.43065 23.426
17.9303 2.31643 24.015
17.679 2.33398 24.035
17.3432 2.31081 24.263
16.9793 2.27406 24.461
16.9056 2.49874 24.553
17.6624 2.15252 21.449
18.2943 2.35318 21.786
17.3354 2.25501 21.3
16.4834 2.2951 20.586
18.9337 2.10646 22.229
18.6067 2.20896 22.032
18.8552 2.48496 30.63
18.5194 2.46178 30.794
19.2191 2.52171 30.4
19.3026 2.49256 30.253
18.1837 2.43861 31.056
16.5756 2.39162 28.125
17.1434 2.50933 28.661
16.2554 2.48004 27.978
16.6309 2.34891 28.263
17.4636 2.42091 28.777
18.7698 2.37436 29.657
18.4428 2.47685 29.525
18.6941 2.4593 29.61
19.0299 2.48247 29.804
19.2511 2.3116 25.503
19.0415 2.31458 25.749
18.9007 2.2467 25.782
18.8348 2.52718 25.916
18.4709 2.49043 26.145
17.1346 2.38366 26.949
17.485 2.44856 26.654
16.4854 2.43484 27.606
16.8124 2.33235 27.212
16.5747 2.32175 23.242
16.729 2.36149 23.364
17.0278 2.24542 23.545
17.1899 2.34095 23.667
18.0274 2.25914 24.115
18.5466 2.40549 24.523
18.7009 2.44522 24.604
18.8454 2.28942 24.721
19.0143 2.37088 24.83
19.3277 2.29653 20.432
18.992 2.27336 20.645
18.6562 2.25018 20.826
18.7183 2.19339 20.924
19.3888 2.16987 20.343
18.3553 2.22651 21.039
18.0186 2.13347 21.399
16.9114 2.4148 22.131
16.5756 2.39162 22.278
16.2534 2.3403 22.573
19.6296 2.39007 20.13
16.0606 3.02792 32.463
16.2015 3.59896 32.432
16.2336 3.89202 32.519
16.2268 3.90609 32.524
16.1969 4.25594 32.513
16.1601 4.61986 32.534
16.1518 3.05457 32.6
16.0497 5.20846 32.542
16.0763 3.64267 32.507
6.92931 4.19222 49.494
6.90433 4.89142 50.527
6.95746 4.2058 51.468
6.95564 4.56922 50.949
6.90859 3.22812 52.428
6.87682 3.94139 53.51
7.10264 3.11354 46.676
7.26391 3.64236 46.159
6.96343 4.62502 49.13
6.9742 4.89043 48.618
4.76732 4.50254 46.014
4.70822 4.76895 46.318
4.6569 5.09114 46.714
4.86797 3.71841 51.864
4.82344 4.02653 51.44
4.71746 3.45499 46.533
4.73701 3.84607 45.983
4.70307 3.91643 47.655
4.73238 4.50304 48.026
4.8122 5.20075 48.845
4.79792 3.21624 50.723
4.81647 3.53744 50.914
4.8905 4.31909 51.594
4.92362 4.68202 52.161
4.87312 4.57092 51.851
4.91865 4.33267 51.652
6.34835 5.10899 53.916
6.71128 5.07587 53.305
5.998 5.04409 54.195
5.81555 4.99079 52.412
5.55064 5.03649 52.143
5.32845 5.13749 51.882
6.47352 5.06528 52.946
6.62104 5.11908 49.782
5.88741 5.12953 50.538
5.95248 5.28235 50.59
6.48809 5.107 49.128
5.85347 5.1999 48.664
6.45514 5.24724 46.224
5.572 5.06414 50.26
5.26636 5.19428 50.047
6.5318 5.23217 51.032
5.29451 5.20786 50.008
6.29206 5.08184 48.077
5.68657 5.25818 48.757
6.00778 5.23963 48.659
5.33623 5.19329 49.069
6.48908 5.17687 48.212
5.92433 5.26877 46.755
5.4614 5.14957 46.212
6.44057 5.20551 47.286
6.70478 3.14716 53.261
6.09052 3.19783 54.267
5.76253 3.23046 54.285
5.44612 3.0952 51.93
5.11234 3.21176 51.717
5.89349 3.1028 52.386
5.9925 3.18525 52.43
5.2433 3.08411 51.871
6.06816 3.10031 50.609
5.06763 3.01672 51.166
5.99051 3.04551 48.47
6.41751 3.09534 49.116
5.26466 3.11176 48.129
6.80759 3.00592 49.442
6.10889 3.01587 48.801
5.86534 3.08923 48.617
4.82987 3.00613 47.743
6.63971 2.99434 46.041
5.67411 2.91025 46.583
5.42476 3.06755 53.9
4.89693 3.29869 52.953
6.76008 3.10444 51.471
6.44467 3.03905 51.749
5.3491 3.15248 52.741
5.0269 3.10116 52.988
5.23552 3.02831 49.901
5.50142 3.05248 50.277
4.69113 3.07799 49.375
5.29959 3.11126 49.978
5.79547 3.09022 50.559
6.30493 3.04104 48.338
5.65474 3.02234 48.617
6.97647 3.08738 47.788
4.93667 3.14438 49.722
4.75901 2.93726 45.85
5.03749 2.86341 46.109
5.38883 2.99817 46.468
6.76487 2.95063 47.234
6.44367 2.96918 47.3
4.41065 3.0121 45.751
5.01186 4.49906 57.033
5.06155 5.04345 57.142
5.11731 3.56111 57.067
4.97775 4.06627 57.018
5.18473 4.86 56.981
5.09332 4.33018 57.117
5.00771 3.71642 57.163
6.62631 3.52565 57.145
6.73029 3.95745 57.063
6.8341 3.88609 57.098
6.71209 4.64258 57.03
6.8808 4.22087 57.112
6.74568 3.56588 55.018
6.70993 3.99967 55.083
6.70215 3.94387 55.003
6.83393 3.38292 55.045
6.89537 4.26259 55.05
4.61365 3.52635 45.803
4.66831 4.42009 45.91
7.13477 3.40659 45.856
7.16408 3.9932 45.881
7.0381 4.47021 45.932
7.53895 4.79852 35.892
7.42022 3.82184 36.615
7.28691 2.80342 37.432
7.39967 3.36089 36.972
7.3442 2.90045 37.45
7.24917 3.09748 40.884
7.26754 2.91551 40.976
7.31822 3.52977 40.636
7.30382 3.99121 40.163
7.27252 3.26486 41.468
7.08942 4.14801 42.009
7.20996 4.76128 42.599
7.23313 4.4255 42.074
7.25514 3.5167 38.685
7.30581 4.13095 38.283
7.36164 5.59773 37.433
7.3545 4.60547 37.912
7.43379 3.79369 38.548
7.44591 5.13529 37.56
4.389 4.92724 35.973
4.39643 3.97671 36.358
4.5006 4.91167 38.967
4.44711 4.59097 38.589
4.33967 5.38917 39.222
4.43634 4.32556 38.407
4.42458 3.99028 38.276
4.45056 3.36095 37.825
4.52078 4.36629 40.197
4.48368 3.72388 40.43
4.49943 4.33864 40.223
4.55472 4.29592 42.176
4.5178 4.15668 42.04
4.62477 4.79809 42.696
4.61301 4.46281 42.236
4.30158 4.6769 34.88
4.2698 5.39017 34.519
4.28648 3.12568 35.71
4.35787 4.70405 36.839
4.43652 4.82872 37.875
4.40041 4.25619 38.23
4.3261 5.41732 37.36
4.40024 3.75302 38.562
4.42142 3.27751 38.846
4.53933 4.68749 40.633
4.50937 5.03734 41.191
5.8798 5.5769 35.52
5.21504 5.51648 35.88
5.65661 5.60803 37.263
6.2611 5.36182 37.567
4.54449 5.54 36.531
4.97049 5.51996 36.884
7.0103 5.46296 38.222
5.82731 5.32606 37.497
6.7396 5.59261 37.888
7.0103 5.46296 38.122
7.32571 5.52836 38.379
5.35478 5.51449 39.562
5.9952 5.33765 39.266
5.73608 5.29941 41.116
5.35279 5.37475 40.79
6.93066 5.26842 42.023
6.16607 5.55884 41.166
6.00877 5.3095 41.15
5.04616 5.43502 40.536
7.03066 5.42074 41.81
6.42419 5.52722 41.437
6.29902 5.57093 35.688
6.62701 5.5383 35.907
5.18689 5.5029 35.007
4.91519 5.56268 34.898
4.58141 5.67925 34.668
4.56584 5.56765 34.625
4.32229 5.64101 34.445
7.38201 5.55551 36.331
5.35378 5.44462 37.737
6.00497 5.53319 37.396
6.01954 5.57491 37.399
6.64737 5.49608 36.846
5.38971 5.51399 37.659
5.03258 5.46317 37.888
4.91221 5.35307 38.639
5.61191 5.41299 39.174
6.26888 5.41761 39.529
5.97003 5.53368 39.299
6.42319 5.45735 39.45
6.75317 5.56446 39.806
6.75118 5.42472 40.46
6.42899 5.3734 40.706
6.71526 5.35535 40.519
6.09321 5.35023 40.887
5.55462 5.31597 41.27
4.75889 5.38321 42.217
5.38673 5.30438 42.61
5.05096 5.28121 42.401
4.31065 2.85978 36.375
4.90156 2.64171 36.78
4.36396 2.67732 36.332
5.00835 2.77996 36.892
5.32177 2.70561 37.007
5.74298 2.83939 37.331
4.69493 2.85431 36.545
6.04283 2.79318 37.364
6.6998 2.79781 37.943
6.04283 2.79318 37.445
5.33734 2.81721 37.101
6.90742 2.65508 38.121
6.53291 2.85609 38.768
6.04961 2.77911 39.283
5.88851 2.75345 39.244
7.22863 2.63653 38.375
6.19714 2.83292 38.884
6.70659 2.78373 38.744
5.56052 2.78608 39.228
4.79974 2.85282 40.272
5.65854 2.79866 39.255
5.10537 2.72267 40.534
5.58967 2.86952 41.015
4.43581 2.81607 40.253
5.69248 2.72829 41.055
5.07143 2.79304 40.616
5.92444 2.82282 41.063
6.44069 2.75957 41.516
6.86769 2.80939 41.786
6.54069 2.91189 41.605
6.8609 2.82347 41.78
4.77159 2.83924 40.427
5.82163 2.96406 41.089
6.5902 2.95311 42.473
6.22628 2.91636 42.686
5.90408 2.86504 42.949
4.13398 2.72253 34.443
4.7744 2.54569 34.834
6.62695 2.58919 35.872
6.30674 2.67761 35.725
6.29995 2.69169 35.727
6.00789 2.79368 35.495
5.99332 2.75196 35.494
7.32764 2.71898 36.301
5.70805 2.83988 35.496
6.64351 2.77065 36.001
6.99965 2.75161 36.334
5.42078 2.78807 37.576
5.0918 2.75082 37.789
4.7648 2.85331 38.402
5.07822 2.77897 38.696
6.43489 2.84351 39.78
6.76967 2.79681 39.813
5.3587 2.84486 39.083
5.04229 2.70959 38.664
6.54748 2.89781 40.637
6.22528 2.84649 40.867
6.28158 2.87365 40.949
6.94435 2.79432 40.369
5.23833 2.73476 42.507
4.93948 2.85083 42.31
4.59112 2.92567 42.197
5.96236 3.03194 42.992
5.24909 3.00016 42.498
6.61056 2.91089 43.58
7.18228 3.30808 43.9
7.09304 3.42117 43.766
7.19223 4.00678 43.811
7.22916 4.14602 43.807
7.43596 4.43659 34.593
7.47551 3.77912 34.564
7.41506 2.96932 34.492
4.26483 5.04082 34.51
4.28203 4.28583 34.565
3.88119 4.10983 22.71
3.9105 4.69644 23.131
3.91548 5.04579 23.378
4.00255 4.2898 22.846
3.88019 4.03996 22.796
3.80968 4.97742 23.34
3.85538 5.24233 23.506
3.98172 5.77165 24.069
3.9496 5.47859 23.812
3.81348 4.75373 23.197
3.82671 3.71926 22.452
4.09243 3.24026 27.033
4.02953 3.73035 27.574
4.09823 3.15632 26.988
4.14147 4.72111 28.197
4.01069 5.35193 29.099
4.09115 5.11318 28.481
4.11268 5.64399 29.295
4.23118 3.1684 31.001
4.1499 3.84045 30.371
4.07342 4.35868 30.138
4.13767 4.94479 29.579
3.86235 5.73142 21.256
3.92841 5.9541 21.522
3.82244 5.38256 21.135
3.82507 4.58585 20.393
3.87522 3.69061 23.102
3.9479 3.39607 23.304
3.90682 2.47418 24.022
3.99922 3.07387 24.477
3.95931 2.72501 24.177
4.03649 4.21944 25.373
4.06283 4.59644 25.647
3.9438 5.56253 26.534
4.10952 4.93122 26.04
3.85883 4.01231 25.269
3.96083 4.30438 25.434
4.12474 4.03648 27.716
4.02508 4.89049 27.227
4.0039 5.366 26.909
4.06844 4.00933 30.182
4.18665 3.47653 29.747
4.10502 3.14225 29.436
7.83048 3.18704 20.921
7.92189 3.71685 20.25
7.87402 2.80904 21.081
7.855 3.92746 22.803
7.79028 4.78097 23.288
7.67055 3.73441 27.705
7.57289 4.72816 28.284
7.77934 4.0124 27.836
7.69057 2.68586 26.478
7.69607 4.5447 29.857
7.65317 3.98624 30.244
7.82053 2.48834 23.877
7.84406 3.15889 23.459
7.77817 3.43936 23.131
7.75336 4.64173 25.804
7.64492 5.37007 26.279
7.67319 2.93769 28.654
7.83499 4.97601 27.092
7.78466 5.36808 26.821
7.59969 3.66553 29.9
7.5462 3.34483 29.539
6.5242 5.67954 30.977
6.19521 5.64229 31.175
5.89437 5.61862 31.404
5.54502 5.6236 31.559
6.69208 5.69112 30.765
4.89284 5.46516 32.093
7.30634 5.64045 30.252
6.74738 5.64841 29.657
6.50383 5.72176 29.444
5.34998 5.6683 28.855
5.85265 5.63319 29.043
6.39124 5.66745 29.376
6.19521 5.64229 29.18
7.34028 5.57008 30.119
7.01329 5.67257 29.906
6.69407 5.83086 29.611
7.13366 5.78267 29.847
5.10643 5.74166 28.465
4.60956 5.69282 28.246
5.64883 5.55223 29.101
7.49079 5.8335 25.446
6.80467 5.74543 25.906
6.49026 5.7499 26.021
7.384 5.69525 25.551
6.15349 5.65686 26.333
5.81771 5.63369 26.627
6.83381 5.82887 25.841
5.8245 5.61962 26.562
5.14815 5.72708 27.033
5.05213 5.85424 23.545
5.29568 5.78089 23.681
5.29568 5.78089 23.692
5.61787 5.83221 23.876
5.98858 5.85489 24.063
3.9905 5.89731 22.664
4.46402 5.77876 23.197
4.86487 5.95475 23.338
6.75616 5.77407 24.675
6.28743 5.73882 24.377
7.28217 5.90635 24.956
6.90468 5.89775 20.783
6.57569 5.8605 20.997
6.23313 5.8514 21.144
5.88278 5.78651 21.391
5.54122 5.84728 21.584
5.54022 5.77741 21.521
5.00262 5.81302 22.034
3.98471 5.98126 22.774
4.05738 5.68671 30.065
4.73572 5.71898 30.597
4.76287 5.66269 30.693
5.05493 5.56069 30.841
5.56638 5.65124 31.388
4.18255 5.643 30.463
5.11322 5.72758 30.896
6.99971 5.70072 28.265
7.43151 5.59673 27.985
6.37187 5.77954 26.891
5.17051 5.8246 26.201
5.51108 5.69396 26.463
4.68622 5.67775 25.794
6.97156 5.68714 27.262
6.6795 5.78914 27.098
6.72801 5.7605 27.19
5.50628 5.84778 26.361
3.96815 5.79979 25.206
7.54708 5.86065 22.757
6.87454 5.74443 23.315
6.7358 5.81629 23.474
7.20353 5.78168 23.085
7.42671 5.75055 23.086
4.75029 5.7607 24.911
3.67509 5.83192 20.048
4.22925 5.97777 20.469
6.21955 5.87955 21.665
5.40926 5.90507 21.181
6.32535 5.94793 21.811
5.23558 5.97742 21.079
6.96577 5.77109 22.123
7.23946 5.85105 22.344
6.55632 5.97259 21.892
4.76586 5.8723 20.79
5.32856 2.69154 31.624
5.94083 2.50112 31.389
6.60658 2.63141 30.799
6.54052 2.40872 29.431
6.22031 2.49714 29.296
5.85738 2.53027 29.054
7.17134 2.53951 29.935
6.43671 2.48009 29.424
5.64578 2.39351 28.887
5.31879 2.496 28.723
6.13786 2.59616 29.211
4.99858 2.58442 28.559
4.53465 2.39535 28.245
6.85113 2.62793 29.772
6.99087 2.62594 29.785
5.83123 2.65643 29.114
5.24991 2.56687 28.607
4.99957 2.65429 28.459
7.58178 2.40787 25.248
7.25279 2.37063 25.578
6.62016 2.60327 26.071
5.73221 2.57398 26.64
5.03152 2.44419 27.195
5.95441 2.47298 26.612
5.99613 2.45841 26.706
4.41527 2.35512 23.149
4.6676 2.40744 23.245
5.81168 2.26536 24.038
6.23968 2.38505 24.31
5.49147 2.35378 23.857
5.93205 2.37546 24.091
5.18583 2.48392 23.611
6.79764 2.30722 24.665
5.76516 2.43374 21.471
6.72099 2.32229 20.971
4.86463 2.50247 30.739
4.54442 2.59089 30.576
5.60605 2.54782 31.358
6.52214 2.59068 32.057
6.82878 2.53041 32.139
7.55182 2.75772 32.56
7.42367 2.59182 27.644
6.61039 2.40773 27.103
5.26729 2.31504 26.2
4.94029 2.41753 26.019
4.6133 2.52003 25.822
6.6541 2.5329 27.216
5.14411 2.49849 26.075
3.87867 2.4606 25.108
7.07911 2.44299 23.169
6.78506 2.40524 23.381
6.14845 2.3584 23.693
6.47065 2.40972 23.464
4.88599 2.53012 24.632
4.557 2.49287 24.813
4.22802 2.45563 25.025
4.16295 2.30281 20.312
4.46379 2.32648 20.5
4.70833 2.323 20.744
5.39147 2.20146 21.193
6.09216 2.33125 21.651
5.07126 2.28988 21.079
6.40558 2.2569 21.782
7.03441 2.24795 22.261
7.07812 2.37311 22.345
7.60015 2.22591 22.672
6.84914 2.48819 22.091
5.09361 2.3874 21.029
6.32792 2.2021 21.743
4.20239 4.09128 32.527
4.23931 4.23053 32.543
4.20736 4.44063 32.546
4.23036 3.6017 32.51
4.19098 4.76233 32.541
4.38766 3.85104 32.493
7.55878 3.24681 32.533
7.58014 3.27446 32.544
7.72585 3.69169 32.527
7.50085 4.08625 32.529
7.49787 3.87664 32.534
7.60285 4.37831 32.542
7.64838 4.14005 32.551
7.55832 4.68643 32.481
7.69344 5.34142 32.499
10.8968 2.5843 4.277
10.9629 2.80699 4.713
10.862 3.08796 5.101
10.7079 3.55139 5.942
10.888 2.45863 4.155
10.5712 3.76299 6.377
10.7891 5.32529 4.697
10.8258 4.96137 5.379
10.824 5.3248 4.725
11.4224 7.10531 1.645
11.9506 7.8805 0.101
11.3613 7.23197 1.52
9.4489 2.4931 11.957
9.40057 3.02491 12.399
9.32789 3.31946 12.652
9.33286 3.66881 12.848
9.33684 3.94829 13.205
9.15357 4.32827 13.414
10.2415 4.6622 7.642
9.29647 5.03906 12.51
9.46055 5.27433 12.461
8.55136 2.77144 16.699
8.48167 3.2756 17.002
8.47587 3.35954 17.125
8.46347 3.96073 18.019
8.94044 2.61216 14.904
9.10271 3.21085 14.128
9.014 4.83343 13.926
9.07047 5.36374 14.541
9.0597 5.09834 14.242
8.96467 5.29537 14.401
9.05309 5.61557 14.68
8.96684 5.93827 15.144
8.47839 5.00878 17.028
8.17205 3.12626 18.879
8.2373 3.78225 18.314
8.18814 4.74735 18.654
8.18533 5.0409 18.887
4.89635 7.18426 7.695
4.50528 7.20381 8.331
3.25921 7.05383 9.515
2.95158 7.04423 9.903
3.70078 7.14538 9.198
4.55959 7.09122 8.023
3.19115 6.6914 11.602
2.86415 6.79389 11.405
2.55653 6.7843 11.312
3.71038 6.83775 12.097
2.54395 6.88231 11.225
3.28536 6.92766 11.736
4.63607 6.57299 12.54
4.0238 6.7634 12.18
4.30328 6.75942 12.335
5.93545 6.54051 13.281
5.63859 6.79632 13.201
1.99757 6.79225 10.756
8.59449 6.78218 11.821
7.62989 6.76796 12.166
8.28008 6.78666 11.919
7.9443 6.76349 12.084
8.97977 6.84658 11.299
7.33484 6.66035 12.358
7.3009 6.73072 12.379
6.95056 6.66582 12.69
8.07047 6.78964 12.092
6.60799 6.65672 12.822
6.27901 6.61948 13.019
5.92287 6.63852 13.31
5.64239 6.57263 13.331
6.3229 7.24781 7.322
7.237 7.15093 8.071
7.60192 7.25755 8.747
6.07935 7.32116 6.908
6.57324 7.16038 7.727
6.97309 7.26651 7.997
7.42426 7.05043 8.554
5.38427 6.60426 13.545
5.29884 6.49366 13.609
4.01982 6.48392 14.736
4.48655 6.37944 14.342
3.04743 6.41391 15.587
4.58937 6.23821 16.932
5.00958 6.30211 17.244
5.42682 6.1564 17.655
7.77045 6.33268 16.473
7.60935 6.30702 16.673
7.41331 6.28186 16.703
8.25954 6.32572 15.993
7.16198 6.29941 16.834
7.07075 6.27276 16.85
6.72719 6.19379 17.13
6.41178 6.1284 17.457
5.77815 6.29116 17.873
8.44299 6.44889 15.932
6.29258 6.59133 13.522
7.33765 6.3668 14.455
6.99708 6.49744 14.193
7.76565 6.48649 14.693
6.69144 6.62758 13.93
8.05192 6.46844 15.014
7.33864 6.43667 14.497
6.54193 6.43403 13.85
8.32262 6.33879 15.279
6.933 6.41449 14.173
8.39547 6.54741 15.213
8.56237 6.48913 15.501
5.75381 6.0539 17.868
5.51705 6.11318 18.283
5.05611 6.13372 18.8
4.73391 6.0824 19.063
6.06922 6.1193 18.118
7.24145 5.99079 19.451
7.06098 6.07722 19.233
6.36228 6.08717 18.374
6.64275 6.15306 18.689
6.831 6.12243 18.993
5.52723 1.91999 17.622
6.14447 2.07892 18.143
6.81602 2.12526 18.995
7.48757 2.17161 19.688
4.65286 1.86255 16.976
4.33165 1.8811 16.784
4.32586 1.96505 16.763
5.24195 2.00791 17.491
3.03806 1.82964 15.583
3.86872 1.7619 16.459
3.56308 1.89205 16.196
2.84203 1.80448 15.522
8.62965 1.88979 15.729
8.30067 1.85254 15.927
7.94354 1.80172 16.172
8.64902 1.7777 15.66
7.23424 2.04942 16.801
6.53355 1.91963 17.343
7.1003 1.96747 16.949
6.19099 1.91053 17.441
6.98373 1.63369 14.17
7.36322 1.78203 14.533
7.698 1.73533 14.532
8.10463 1.82738 15.097
6.01134 1.56367 13.344
6.38404 1.72609 13.582
7.3253 1.57292 14.22
8.41027 1.69723 15.359
6.28204 1.43403 13.369
4.50797 1.01203 8.127
3.88112 1.16072 8.965
3.78211 1.07827 8.969
4.45846 0.970802 8.242
3.53078 1.09583 9.212
2.80692 1.30181 10.002
2.47015 1.20877 10.362
4.37519 1.50311 12.372
4.02484 1.43821 12.243
7.13705 1.60355 12.443
7.87548 1.43929 12.086
9.3146 1.40482 11.273
8.65763 1.4002 11.47
8.9934 1.42337 11.29
8.30049 1.34938 11.666
7.45825 1.585 12.274
7.12247 1.56183 12.455
7.47762 1.47291 12.22
6.83983 0.853032 7.98
7.45708 1.01197 8.391
7.12909 1.04459 8.165
8.7808 1.21675 9.748
8.47997 1.19308 9.515
8.77402 1.23082 9.709
5.98782 0.893118 6.914
6.29445 0.832844 7.353
6.72245 0.952542 7.774
7.38721 1.01296 8.488
7.94037 1.08894 9.008
9.33298 1.22286 10.677
11.7925 8.06445 0.0220003
11.4489 7.98548 0.383
11.0986 7.92058 0.645
11.6517 7.99657 0.0620003
10.7686 7.81346 1.055
10.6017 7.87175 1.474
9.4255 7.72077 2.823
9.70598 7.78666 2.422
8.75296 7.60456 3.38
9.08973 7.6976 2.97
8.72581 7.66085 3.448
9.375 7.60968 2.914
8.32596 7.55473 4.235
8.01534 7.33553 4.315
7.36814 7.52644 5.008
7.64083 7.53653 4.667
7.03137 7.4334 5.419
6.6946 7.34035 5.747
6.52092 7.41271 6.021
7.29628 7.38769 5.24
8.39483 7.48387 3.807
8.09797 7.73968 4.254
10.3542 7.66562 1.752
10.4318 7.72042 1.432
3.23902 7.59921 3.828
3.80477 7.57718 4.415
4.40346 7.41491 5.152
4.15412 7.5722 4.776
5.06922 7.5452 5.788
5.30697 7.55579 6.098
4.46174 7.5818 5.161
4.6538 7.32748 5.412
4.91871 7.28178 5.723
2.49081 7.56793 2.909
1.85917 7.87044 2.243
11.6607 0.281221 0.103
10.96 0.15143 0.692
10.6903 0.350946 1.286
10.011 0.248805 1.729
9.63645 0.449813 2.341
10.2284 0.301616 1.751
11.8751 0.124423 0.0539999
10.7602 0.349951 1.367
0.300839 0.02367 -0.136
0.963786 0.447512 1.3
1.24906 0.359589 1.584
0.361465 1.33663 2.258
0.268246 1.17024 1.716
1.01335 3.43785 5.681
1.06584 3.68869 6.005
0.625732 2.22738 3.61
0.634333 1.84989 3.019
1.01236 3.36798 5.628
-0.0153896 0.391571 0.126
0.243726 0.429812 0.633
-0.12633 7.81485 -0.0959997
0.252981 7.46003 1.28
2.15093 1.36706 11.093
2.11817 2.01046 11.552
2.31256 2.90221 12.275
2.21735 2.59607 12.029
1.41701 3.32029 7.853
1.50426 3.06746 8.131
1.6962 5.25909 8.398
1.80118 5.76077 9.256
1.61574 5.49785 8.847
1.92354 6.01061 9.647
1.91096 6.10862 9.871
1.87123 6.26293 10.011
1.99259 6.4429 10.215
1.88199 6.52834 10.303
2.46524 3.80853 13.293
2.38811 5.26322 12.382
2.77912 2.29456 15.226
2.61756 3.70852 13.785
2.64834 2.92538 14.348
2.79287 2.76958 14.735
3.21777 5.12561 16.936
3.2585 5.04117 17.064
3.00635 5.49202 16.424
3.11812 5.97962 16.048
2.92688 5.80064 16.201
9.15591 5.47434 13.444
9.24977 4.70428 13.189
9.12595 5.82419 13.294
9.31104 5.08078 13.319
9.27763 6.66064 13.279
9.194 6.18662 13.298
9.28183 2.04822 13.347
9.16661 2.79064 13.325
5.45039 1.43189 13.274
4.45963 1.54384 13.242
4.13843 1.56239 13.291
3.81722 1.58094 13.324
5.18648 1.54746 13.379
3.67848 1.6528 13.357
3.49602 1.59949 13.341
3.16124 1.64618 13.275
8.69356 1.46957 13.201
8.00943 1.52124 13.249
8.35878 1.51627 13.184
7.68143 1.55387 13.267
7.36702 1.55834 13.315
8.86923 1.53695 13.51
7.06718 1.60454 13.299
6.73918 1.63717 13.316
6.65375 1.52657 13.428
6.43934 1.68337 13.299
2.52914 3.38831 13.335
2.45529 3.10983 13.277
2.44932 2.69061 13.368
2.43182 5.38839 13.304
2.49754 4.60475 13.302
2.44956 6.14288 13.291
2.49924 6.68727 13.196
2.48613 5.2758 13.257
5.14751 6.66354 13.243
4.85445 6.69567 13.131
4.65163 6.68458 13.281
4.35858 6.71671 13.244
4.33043 6.70313 13.348
3.85492 6.68195 13.303
8.71867 6.6686 13.242
8.92828 6.66561 13.261
8.40425 6.67308 13.308
8.03454 6.72027 13.299
7.73469 6.76647 13.258
6.8729 6.61102 13.342
10.4102 1.29138 6.784
10.4792 1.72368 6.769
10.4834 2.50633 6.793
10.4484 2.50682 6.79
10.4331 2.89839 6.779
10.5156 5.7485 6.779
10.57 6.13907 6.825
10.3892 5.21917 6.772
10.5521 4.88141 6.849
10.4898 6.88099 6.825
10.4016 4.61799 6.765
10.5262 5.51074 6.888
4.81261 0.812014 6.7
4.4914 0.830564 6.749
4.16341 0.863188 6.733
5.07272 0.920125 6.717
3.88592 1.00691 6.817
3.82863 0.909886 6.717
4.5972 0.898942 6.805
3.47928 0.91486 6.765
3.15808 0.933411 6.766
2.86502 0.965537 6.782
8.64867 0.771369 6.719
8.31389 0.818066 6.686
8.04319 0.947712 6.831
7.96454 0.82304 6.752
7.62976 0.869738 6.703
7.28041 0.874712 6.769
7.21253 1.01545 6.724
6.95242 0.907336 6.786
6.65937 0.939463 6.819
6.63221 0.995757 6.845
1.40934 0.818543 6.577
2.54382 0.984088 6.782
9.4338 0.941888 6.924
1.21618 3.44894 6.742
1.2483 3.742 6.8
1.35147 4.60709 6.793
1.20611 5.19619 6.807
1.25977 6.02006 6.832
1.33058 3.13982 6.739
1.22162 2.35867 6.82
4.64502 7.20182 6.73
4.31703 7.23444 6.714
4.06669 7.32187 6.757
3.99583 7.25299 6.747
4.96242 7.40695 6.689
3.62711 7.37006 6.784
4.39369 7.21937 6.854
3.33984 7.31824 6.731
3.24382 7.4454 6.695
3.01864 7.33679 6.78
2.67608 7.32769 6.895
2.54313 7.31561 6.939
2.31315 7.36081 6.895
8.55774 7.1461 6.743
7.97263 7.28023 6.753
7.55241 7.21633 6.824
7.21084 7.2771 6.744
7.0216 7.23786 6.777
6.89643 7.28157 6.825
8.27247 7.23403 6.833
6.65387 7.4248 6.781
7.51847 7.28669 6.767
6.5898 7.34185 6.759
6.24723 7.33275 6.858
10.2851 7.23332 6.938
9.66507 7.36794 6.783
8.77713 7.33865 6.741
9.06919 7.23666 6.849
8.89252 7.09941 6.743
8.22472 3.88026 17.835
8.43269 4.74387 17.933
8.27141 4.21504 17.936
8.35404 4.6192 17.874
8.21846 5.40383 17.87
8.40987 6.08597 17.947
8.39132 5.76477 17.868
4.5704 1.96156 17.786
3.92121 2.01274 17.818
5.41762 2.07529 17.909
4.2492 1.98011 17.802
3.41755 1.97798 18.101
8.17749 2.03599 17.72
7.51372 2.04544 17.851
7.19252 2.064 17.9
7.82814 2.04097 17.786
6.89268 2.1102 17.867
6.80923 2.13934 17.883
6.57826 2.11467 17.934
3.31696 5.71123 17.916
3.44874 5.15028 17.965
4.74169 6.1382 17.933
4.40691 6.1849 17.868
4.12743 6.18888 17.965
4.07892 6.21752 17.868
4.62331 6.16784 17.9
3.75772 6.23607 17.917
3.66649 6.20942 17.883
8.08867 6.10452 17.979
7.44046 6.22556 17.866
7.36281 6.17076 17.879
7.11247 6.25819 17.882
8.0693 6.21661 17.861
7.07754 6.25869 17.837
6.66511 6.25058 17.899
7.92352 2.85027 20.124
5.83204 2.22314 20.032
5.51084 2.24169 20.098
5.18285 2.27431 20.098
5.9592 2.31916 20.146
4.84807 2.32101 20.082
4.49872 2.32598 20.147
6.69483 2.44846 20.177
3.80716 3.32819 20.194
3.79721 2.62948 20.082
6.6194 5.98567 20.101
6.17104 5.9082 20.109
7.22588 5.8792 20.155
4.55145 6.02909 20.256
7.7547 5.71792 20.141
7.44807 5.7782 20.075
6.85517 5.85652 20.124
7.12008 5.81082 20.043
6.82702 5.84295 20.075
6.49903 5.87557 20.108
6.14869 5.81068 20.125
5.91292 5.93982 20.099
5.82848 5.8991 20.223
5.4937 5.94579 20.174
5.47913 5.90407 20.147
5.18707 6.00607 20.109
5.12399 5.99299 20.118
4.86586 6.02462 20.19
7.66646 5.90088 20.241
15.6488 5.03247 20.003
15.7685 3.12991 20.153
15.6222 3.64914 20.144
15.7727 3.91256 20.178
15.7108 4.47251 20.071
15.8545 4.75 20.153
15.7858 5.32403 20.119
18.8153 2.1361 20.083
18.1525 2.21543 20.084
18.4873 2.16873 20.084
17.8595 2.24755 20.127
17.8177 2.26212 20.1
18.5999 2.22303 20.176
17.4897 2.29475 20.117
18.301 2.3391 20.081
17.1685 2.3133 20.15
16.8473 2.33185 20.232
17.5538 2.3777 20.139
19.0832 2.30001 20.17
19.8852 3.65832 20.204
19.7333 4.76466 20.115
19.7379 4.10768 20.11
19.2445 5.77795 20.161
19.6579 5.85592 20.043
18.8884 5.797 20.21
18.575 5.87134 20.177
18.2188 5.89039 20.226
17.9461 5.8803 20.074
18.4159 5.98542 20.169
17.3862 5.81839 20.172
15.1259 2.66385 17.862
15.3319 3.38771 17.886
15.2086 3.068 17.785
15.3223 3.69534 17.926
15.3551 3.05194 17.872
15.2331 3.80843 17.824
15.1516 3.97731 17.786
15.2953 4.2548 17.853
15.3257 4.91128 17.883
15.2298 5.5416 17.887
15.3356 5.60998 17.91
15.2707 5.96032 17.864
15.3975 5.05002 17.841
15.2538 4.77253 17.759
15.2801 2.20042 17.84
15.2327 2.8021 17.823
15.3821 2.49248 18.037
18.5668 1.86011 17.846
19.4781 2.05678 17.976
18.232 1.9068 17.83
18.9734 1.95215 17.933
17.904 1.93943 17.896
17.2199 1.9911 17.994
16.9064 2.06545 17.895
17.5546 1.9444 17.994
18.2398 1.9626 17.927
15.9039 1.84212 17.866
20.1127 1.96388 17.96
20.3155 1.97497 17.916
19.7847 1.99651 17.992
20.2308 3.87703 17.92
20.2338 4.08664 17.95
20.3124 4.21131 17.917
20.3204 4.77027 17.865
20.2671 4.95273 17.893
20.2262 4.53401 18.044
20.2439 5.28851 17.847
20.426 4.33549 17.835
20.3043 6.0983 17.88
15.9995 6.10369 17.891
16.0704 6.17257 17.923
17.3824 6.04207 17.793
16.7749 6.07867 17.862
16.7264 6.10732 17.858
16.4333 6.13944 17.886
15.5522 6.09608 17.954
19.6124 6.09418 17.918
19.2776 6.14087 17.886
18.9846 6.173 17.967
18.9758 6.04733 17.86
19.4659 6.11024 17.858
19.8841 6.0344 17.832
18.6634 6.19155 18.033
18.1597 6.15679 17.751
17.1087 5.96211 17.873
13.0161 2.21868 6.806
13.2221 2.94254 6.757
13.0706 2.60926 6.778
13.147 2.09102 6.86
13.1504 3.30696 6.771
13.2449 1.60044 6.849
13.0923 3.64323 6.772
13.0366 2.67962 6.823
13.217 5.03914 6.73
13.1771 4.69029 6.75
13.1666 5.43121 6.715
13.1181 5.45985 6.762
13.2143 5.83586 6.792
13.1854 6.25558 6.791
13.0321 6.28571 6.713
13.2314 4.5777 6.937
13.1205 6.60592 6.743
13.136 6.71751 6.744
13.199 0.832368 6.703
13.0944 1.33702 6.8
13.2448 6.9955 6.892
15.6435 0.727676 6.668
14.6876 0.839125 6.717
15.3223 0.746227 6.75
15.0011 0.764777 6.767
15.7357 0.824201 6.766
14.3596 0.871748 6.805
14.3451 0.830025 6.817
15.3388 0.92769 6.755
14.0103 0.876723 6.833
14.8992 0.97588 6.785
13.6542 0.895771 6.866
19.4232 0.659879 6.752
20.1113 0.887687 6.775
19.0884 0.706577 6.752
19.629 0.880578 6.781
18.7605 0.739201 6.769
18.4325 0.771825 6.785
19.1749 0.887045 6.772
18.2792 0.801961 6.826
18.1045 0.804449 6.836
17.9444 0.848659 6.736
17.4203 0.85612 6.884
17.072 0.930965 6.818
16.6091 0.811765 6.76
16.416 0.996213 6.867
21.5563 0.769275 6.779
21.2147 0.830046 6.73
20.8585 0.849094 6.795
20.6781 0.935525 6.612
21.8367 0.835166 6.861
21.891 0.722578 6.762
20.5238 0.895792 6.827
20.1676 0.91484 6.861
20.9342 0.764156 6.888
19.8542 0.989187 6.811
16.0908 0.735283 6.821
16.3112 0.997705 6.739
17.0069 0.778146 6.868
20.4441 0.70125 6.825
18.7916 0.962387 6.771
18.6275 0.727117 6.853
22.219 0.689954 6.729
22.3901 1.41431 6.86
22.4055 1.02274 6.838
22.33 1.61085 6.779
22.4581 1.77674 6.827
22.5086 1.88784 6.764
22.3932 2.12709 6.835
22.4176 2.36435 6.716
22.3487 2.43521 6.821
22.5264 2.64234 6.814
22.4788 2.74085 6.821
22.2307 3.47118 6.803
22.532 5.00434 6.828
22.4186 5.38333 6.775
22.3925 5.50949 6.815
22.3887 5.73318 6.789
22.4961 4.93497 6.792
22.4849 6.10918 6.794
22.3966 6.29214 6.824
22.4132 6.4736 6.83
22.3279 6.86617 6.834
19.2169 7.27386 6.725
18.7909 7.29391 6.721
19.6643 7.28147 6.768
19.6778 7.25332 6.801
20.0116 7.13676 6.774
19.3499 7.28595 6.818
20.3474 7.15993 6.801
15.3914 7.07675 6.729
16.1708 7.33121 6.798
15.0567 7.12345 6.729
14.3328 7.32943 6.698
14.7287 7.15607 6.745
15.3954 7.35623 6.739
14.3657 7.18919 6.763
14.0096 7.20824 6.828
14.7869 7.32296 6.799
13.8437 7.3364 6.823
13.6748 7.25494 6.844
17.1897 7.23284 6.732
16.8403 7.23782 6.831
16.721 7.19759 6.785
16.5055 7.28452 6.814
15.8496 7.34976 6.88
15.8262 7.18237 6.775
20.9996 7.31836 6.755
16.4784 7.34081 6.648
21.3974 7.28474 6.792
22.0331 7.26172 6.909
14.4171 1.47193 13.187
14.4289 1.80721 13.302
14.2795 2.11683 13.317
14.2438 2.55062 13.241
14.4461 4.00133 13.299
14.414 3.70827 13.291
14.3842 4.56128 13.196
14.5216 3.41323 13.357
14.4797 2.92463 13.274
14.432 2.51998 13.297
14.2907 3.38856 13.14
14.4956 4.04255 13.336
14.3847 3.12166 13.259
14.3395 4.36625 13.466
14.4127 5.58119 13.214
14.3738 5.30221 13.2
14.3702 6.02905 13.271
14.5279 4.83878 13.278
14.5003 6.33469 13.403
14.4758 5.59427 13.348
17.2401 1.44571 13.193
16.5909 1.49689 13.307
16.9266 1.52006 13.144
16.2629 1.52951 13.308
15.9417 1.54806 13.357
15.635 1.60834 13.324
15.0653 1.35089 13.268
14.7451 1.43931 13.171
19.8951 1.40791 13.3
19.2323 1.48723 13.316
18.9257 1.5475 13.283
19.5603 1.45461 13.283
20.2231 1.37529 13.283
21.0635 1.50309 13.321
17.8854 1.61822 13.431
21.2121 1.62676 13.24
21.2733 2.00327 13.356
21.1881 2.39583 13.292
21.2511 2.40891 13.335
21.1174 2.83012 13.257
21.1805 2.8432 13.241
21.102 3.22169 13.188
21.1758 3.50018 13.156
21.0439 3.55796 13.268
21.1187 3.90632 13.322
21.1227 4.1858 13.272
21.2262 3.10811 13.339
21.1889 4.91165 13.176
21.0674 4.22852 13.474
21.0989 5.45803 13.228
21.1196 6.42214 13.513
21.2504 5.79132 13.258
21.1651 6.18388 13.207
21.1633 6.54731 13.352
21.2354 1.79415 13.322
21.2774 5.23186 13.406
21.1951 5.83403 13.414
16.0492 6.64808 13.316
15.6514 6.6817 13.263
16.4956 6.58582 13.244
15.5378 6.55752 13.291
16.8158 6.4974 13.396
15.8871 6.55255 13.192
16.2287 6.49178 13.241
15.1749 6.59065 13.307
15.1341 6.67509 13.366
14.8469 6.62327 13.356
18.7518 6.51176 13.207
19.0604 6.59123 13.238
18.2569 6.60267 13.268
18.0813 6.53528 13.402
17.7397 6.59606 13.338
17.3903 6.60103 13.238
20.814 6.55228 13.284
20.486 6.5849 13.317
19.8514 6.6778 13.317
19.5156 6.65463 13.2
19.0934 6.45099 13.256
19.5088 6.6687 13.431
17.8028 6.60913 13.297
20.8577 6.67745 13.154
20.4121 3.35731 17.471
20.7241 2.20676 15.127
21.0204 2.88741 14.441
21.0297 4.52257 13.74
21.0055 4.78847 14.11
21.0512 5.05338 14.392
20.832 5.36399 14.602
20.7274 5.86865 15.186
20.6954 6.07876 15.517
20.9514 5.40422 14.39
20.2805 4.42142 17.438
20.6427 5.32476 16.679
20.4777 5.01962 16.943
20.6449 5.96766 15.98
20.4118 5.30009 16.535
20.5555 5.57758 16.601
20.7954 6.23108 15.946
21.6059 1.31366 11.087
21.7381 1.75904 10.24
21.681 2.16518 9.616
21.9732 2.56635 8.993
22.1538 2.98308 8.116
22.1666 3.38823 7.692
21.7634 2.06617 9.729
21.7325 2.34615 9.239
22.048 2.91471 8.322
22.262 4.19753 6.992
22.2446 4.44936 7.414
22.136 4.67454 7.861
22.0206 4.91379 8.186
21.9685 5.66928 9.241
21.9615 5.18019 8.479
21.8744 5.93618 9.556
21.4063 4.96446 12.394
21.3977 5.34196 12.217
21.4269 5.42541 12.174
21.5396 5.98287 11.712
21.5047 5.98337 11.636
21.3526 6.58654 11.01
22.5044 3.55114 6.006
22.66 4.66707 5.532
22.7407 4.93149 5.143
22.7951 5.32206 4.561
22.7418 5.50452 4.347
23.1816 5.95949 3.543
23.3382 7.14529 1.591
23.5636 7.75707 0.254
22.5949 4.51426 5.972
23.0359 5.54226 4.266
22.8438 5.79658 4.084
12.6942 0.224575 1.007
13.226 0.27291 1.525
13.324 0.285491 1.701
14.6186 0.406826 3.052
14.0121 0.513299 2.547
15.0039 0.471224 3.755
15.3833 0.619565 4.05
15.5852 0.560784 4.288
15.983 0.527165 4.657
15.9986 0.638759 4.816
15.0184 0.512947 3.793
16.3849 0.773027 5.143
16.3849 0.773027 5.305
16.6644 0.769047 5.559
16.6905 0.642883 5.568
16.9933 0.806293 5.996
17.3271 0.689726 6.242
16.0782 0.8333 4.87
16.8933 0.653972 5.891
13.6899 0.46198 2.052
13.981 0.290113 2.506
12.0023 0.22045 0.217
23.558 1.77636e-15 0.0640001
22.9806 0.18992 0.838
23.3843 0.0723573 0.117
22.4362 0.239602 1.497
22.6449 0.166747 1.018
22.151 0.327525 1.72
21.8074 0.248556 2.082
21.1941 0.369103 2.893
20.8536 0.499744 3.337
20.7498 0.571106 3.372
20.8584 0.34593 3.041
20.413 0.478064 3.75
20.2335 0.634364 3.969
19.7794 0.640831 4.468
19.429 0.575936 4.781
19.3737 0.618654 4.951
19.1136 0.510543 5.107
18.9914 0.763865 5.454
20.1219 0.64993 4.337
18.6411 0.69897 5.767
18.2907 0.634074 6.028
18.7692 0.864867 5.743
13.443 7.66357 1.756
13.906 7.78277 2.282
14.2455 7.58226 2.728
14.9161 7.55873 3.544
15.2169 7.5824 3.955
16.066 7.33271 4.74
16.4522 7.46697 5.302
16.6269 7.46449 5.315
16.7715 7.30868 5.63
17.1208 7.30371 5.949
16.2921 7.51118 4.837
16.92 7.43236 5.746
15.8224 7.40606 4.454
15.0792 7.72413 3.645
14.5522 7.52198 3.025
17.2877 7.24543 6.378
14.7899 7.53258 3.297
15.3916 7.57992 4.297
13.541 7.67615 1.872
14.1719 7.80694 2.669
14.4581 7.78888 2.82
12.1127 7.97602 0.186
13.1092 7.78014 1.51
12.9376 7.99223 1.225
15.7254 7.46335 4.526
18.2194 7.39988 7.136
20.9832 7.64006 3.053
20.5969 7.5058 3.661
21.9702 7.7518 1.964
19.7992 7.43329 4.523
21.3054 7.69138 2.89
18.8899 7.37636 5.496
18.4898 0.868847 7.615
19.1196 0.929763 8.298
19.3923 0.939857 8.48
19.631 1.02032 8.959
20.8859 1.29596 11.366
21.2566 1.31864 11.185
20.5433 1.28686 11.53
20.5162 1.34316 11.663
20.1794 1.25012 11.76
21.146 1.40407 11.174
19.6166 1.48176 12.044
19.8436 1.22694 11.956
19.2537 1.51488 12.307
19.5749 1.49633 12.242
18.9247 1.47763 12.553
18.5957 1.44039 12.766
18.2735 1.38907 12.996
14.1696 1.26581 11.092
13.8426 1.3683 10.912
14.5034 1.14924 11.338
15.2458 1.26446 11.691
15.7436 1.38316 12.103
16.0716 1.35054 12.07
16.4647 1.47073 12.481
15.9387 1.33845 12.179
16.1513 1.54508 12.384
16.7849 1.38231 12.612
17.3391 1.52817 13.111
17.0101 1.49092 12.741
15.2905 1.4595 11.901
17.5884 1.37087 13.308
16.4635 0.897698 8.222
15.8513 1.08812 8.987
15.4941 1.03729 9.266
15.1438 0.972398 9.529
14.9236 1.21314 10.01
14.5946 1.17589 10.239
14.2578 1.08285 10.584
16.8071 0.976668 7.878
19.1489 1.51637 14.323
19.5779 1.70594 14.783
18.8287 1.60479 14.176
19.1868 1.72549 14.387
18.4919 1.51175 13.676
18.2338 1.54338 13.546
19.8981 1.61752 14.93
20.4261 1.88954 15.338
20.2824 1.61205 15.322
20.6754 1.73224 15.645
19.8312 1.82812 14.863
18.8219 1.61887 14.143
19.6352 1.80296 16.636
19.0219 1.92351 16.929
19.3208 1.80744 16.734
16.4551 1.77836 16.813
16.9394 1.92521 17.309
16.1349 1.86678 16.715
15.2955 1.80885 16.046
14.8189 1.7178 15.308
17.5575 1.65085 13.464
17.2285 1.6136 13.678
16.8995 1.57636 13.908
16.5637 1.55318 14.071
16.162 1.81049 14.586
15.8398 1.75917 14.832
15.5041 1.73599 15.029
15.3517 1.836 15.203
15.1751 1.69875 15.242
18.8289 2.10796 19.112
19.4791 2.12665 19.869
18.1088 2.09026 18.402
19.1782 2.10298 18.997
17.1035 2.16048 18.566
16.7667 2.06744 18.927
16.0971 2.16083 19.916
18.3053 6.07086 18.476
17.884 5.93709 18.078
17.7307 5.96723 17.858
18.9341 6.0619 19.055
19.3998 5.88755 19.716
18.2625 6.01556 18.368
17.6988 6.17733 17.825
16.9777 6.08976 18.935
17.3261 6.01492 18.447
19.1487 6.40827 14.318
18.8149 6.52484 14.121
18.3733 6.43329 13.689
19.8095 6.18921 16.48
19.0069 6.27052 16.924
19.1311 6.15694 16.841
18.8021 6.11969 17.07
19.7551 6.3018 16.352
18.4518 6.0548 17.398
20.481 6.23555 15.661
14.8555 6.24577 15.513
15.1777 6.29709 15.9
15.4222 6.29361 15.974
15.4979 6.20867 16.118
16.6148 6.12288 16.944
16.4828 6.18067 16.859
16.2878 6.22538 16.764
17.1195 6.22751 17.287
16.8264 6.25964 17.115
15.6484 6.47209 16.134
17.3562 6.16823 17.594
16.2626 6.42141 16.674
16.084 6.14442 16.723
15.6474 6.40222 14.982
16.3112 6.39277 14.42
16.3325 6.42042 14.431
17.3758 6.55931 13.583
17.039 6.46626 13.861
17.0254 6.49441 13.928
16.6683 6.44359 14.19
18.7336 7.19688 7.758
18.4328 7.17321 7.411
18.3493 7.20236 7.409
19.278 7.1472 8.303
19.3411 7.16028 8.38
19.084 7.26178 8.096
19.606 7.11458 8.681
18.9374 7.27784 8.057
19.8262 6.87384 8.902
20.0106 7.06689 9.259
20.4502 7.0187 9.607
20.7161 7.04286 9.942
21.0421 6.8705 10.371
21.439 6.76701 10.817
20.6948 7.01521 10.091
21.2392 6.96553 10.529
20.9519 6.91371 10.151
16.4976 6.72556 12.381
16.1347 6.75868 12.229
16.9148 6.57985 12.716
15.9153 6.56613 12.129
15.7144 6.69478 12.038
17.0983 6.70303 13.036
17.2137 6.46378 12.897
14.7566 6.66648 11.223
14.1298 6.81518 11.06
14.4219 6.71318 11.19
14.8916 6.81831 11.426
15.0788 6.7178 11.64
15.6019 6.64047 12.08
16.5733 6.64062 12.683
15.2817 6.72889 11.932
14.2492 6.85541 11.173
16.9811 7.3057 7.622
16.6443 7.21266 8.015
16.293 7.07789 8.49
16.293 7.07789 8.491
17.3314 7.37059 7.326
15.9708 7.02657 8.721
15.6505 7.11499 9.162
15.2769 6.88271 9.376
14.8043 7.07113 10.092
15.0838 7.06715 9.549
14.6907 6.94696 10.287
14.0046 6.85889 10.577
15.5733 2.67146 19.756
15.5705 2.96501 19.291
15.5387 3.67828 18.347
15.4508 4.86756 18.931
15.5935 5.07518 19.238
15.6393 5.34009 19.533
15.5263 4.27946 18.27
15.6129 4.96309 19.041
15.6792 5.68895 19.959
15.3051 4.45033 18.132
15.5005 5.41195 19.225
14.9736 2.76386 16.649
15.0796 3.3354 17.048
15.1726 2.99863 16.943
14.9445 2.68041 16.425
15.468 4.11257 17.964
14.5683 3.74801 13.685
14.7143 2.22245 15.111
14.7047 2.53008 14.772
14.57 2.88142 14.468
14.5118 3.21769 14.117
14.7263 3.06089 14.434
14.7832 2.15159 15.103
14.5064 4.30796 13.577
14.5531 4.64274 13.938
14.5493 4.86642 14.114
14.6415 4.96295 14.233
14.7066 5.11577 14.446
14.7086 5.25551 14.446
14.5854 5.43896 14.652
14.7621 5.57621 14.791
14.767 5.92556 15.25
14.7603 5.93964 15.243
15.0272 6.03368 15.9
14.9561 5.46164 16.299
15.0607 4.95698 16.87
15.0998 5.73913 16.364
15.0386 5.36262 16.718
15.1849 4.8434 16.985
14.9098 6.13318 15.633
15.1851 5.34656 16.615
15.4311 3.97333 18.024
14.0727 1.82626 11.464
13.9785 1.58999 11.266
14.0603 2.42744 11.904
14.0515 2.30177 11.947
14.1623 2.7195 12.118
14.2294 3.01206 12.331
14.0138 2.59582 12.087
14.2691 2.85775 12.339
14.2761 3.34684 12.724
14.1761 3.19452 12.585
14.3577 3.68112 13.052
13.6944 2.25095 9.51
13.7885 1.98405 9.757
13.579 2.4902 9.064
13.8466 1.64778 10.26
13.5443 2.99386 8.429
13.6158 2.12628 9.401
13.7944 2.40327 9.4
13.4948 2.95264 8.21
13.3572 3.59753 7.38
13.3779 4.56164 7.46
13.5118 4.64359 7.714
13.4926 5.25884 8.317
13.3974 4.95271 8.075
13.6208 5.42474 8.845
13.7218 5.64693 9.186
13.9036 6.6367 10.542
13.8559 6.23205 10.036
13.8821 6.10589 9.912
13.7897 5.5062 9.151
13.411 4.92456 7.903
14.2822 4.26922 13.032
14.114 6.20042 11.457
14.0919 6.60607 11.205
14.1205 5.18002 12.338
14.1961 5.09508 12.353
11.9947 0.667817 1.045
12.0957 0.890009 1.458
12.1715 1.30823 1.936
12.3909 1.50079 2.665
12.5182 2.09998 3.32
12.4084 1.75212 2.865
12.4579 1.79334 3.025
12.3978 1.98988 3.222
12.5124 2.18392 3.668
12.5581 2.44883 4.129
12.8601 3.04553 5.126
12.6106 2.69967 4.548
12.9136 3.36624 5.471
12.7747 2.93494 4.953
12.7922 3.18627 5.286
13.0466 3.37832 5.696
12.9477 3.79904 6.395
12.8681 3.60449 6.065
12.1034 0.945805 1.559
12.6592 5.62013 4.246
12.6039 5.66285 4.081
12.8794 5.37939 4.64
12.537 5.87346 3.702
12.791 5.05918 5.12
12.8552 5.6453 4.27
12.2772 6.77167 2.254
12.4693 6.51736 2.676
12.505 6.08356 3.117
12.6145 5.42509 4.533
12.9569 4.93103 5.413
13.1236 4.36958 6.455
12.062 7.36177 1.175
20.1593 4.74461 57.118
19.8458 4.81896 57.084
19.5392 4.87923 57.067
20.1738 4.78634 57.072
19.5053 4.9496 57.092
19.8401 4.9029 57.079
19.2112 4.91186 57.1
19.1909 4.95408 57.027
18.9046 4.97213 57.085
23.4286 4.65613 57.094
22.5562 4.73844 57.034
22.2282 4.77106 57.115
22.1146 4.64689 57.027
21.9148 4.84541 57.033
21.2976 4.68647 57.105
25.9914 4.5218 57.06
25.6848 4.58207 57.06
25.5305 4.54234 57.039
25.35 4.62877 57.109
25.1977 4.72878 57.1
25.0298 4.71719 57.027
24.3806 4.76837 57.122
29.2598 4.36345 57.067
28.9182 4.42422 57.05
28.6048 4.49857 57.05
28.27 4.54526 57.067
29.022 4.35286 57.014
27.808 4.49593 57.087
27.4519 4.51498 57.001
20.6436 4.89146 57.04
20.9909 4.74675 57.047
24.6639 4.5407 57.107
22.889 4.552 57.124
19.6056 3.15914 57.012
19.2708 3.20583 57.072
18.9845 3.22389 57.112
19.3057 3.20534 57.046
18.9157 3.29475 57.112
19.7192 3.28331 57.072
21.298 3.24685 56.994
20.9137 3.25233 57.091
21.8881 3.46208 57.051
20.6634 3.33975 57.043
20.9768 3.2654 57.059
21.3543 3.27401 57.059
20.5654 3.32717 57.055
20.3286 3.38645 57.06
21.6514 3.52136 57.075
20.2102 3.41609 57.078
20.0316 3.13909 57.128
23.2272 3.27529 57.009
23.859 3.47595 57.083
22.8925 3.32199 57.043
22.286 3.42846 57.042
22.2938 3.48426 57.107
21.958 3.46109 57.108
22.7246 3.3104 56.978
24.5354 3.36848 57.05
24.2006 3.41518 57.082
24.942 3.46053 57.056
24.0754 3.45889 57.057
24.4655 3.36947 57.05
23.662 3.38091 57.008
23.5175 3.53672 57.082
23.2651 3.4844 57.025
25.9202 3.4466 57.073
25.5786 3.50737 57.074
25.2371 3.56814 57.073
25.4195 3.62145 57.054
27.668 3.4916 57.068
27.3332 3.53829 57.068
26.8499 3.46131 57.066
27.012 3.55684 57.183
26.5452 3.66133 57.085
29.2139 3.59537 56.985
28.8509 3.6285 57.049
28.584 3.53446 56.996
28.2726 3.74855 57.057
26.1386 3.56928 57.04
24.6092 3.64696 57.066
25.269 3.35803 57.087
23.1079 3.23506 57.058
26.255 3.3999 57.024
26.3851 3.70554 57.068
28.1746 3.73596 57.082
27.7835 3.75551 57.176
30.7055 3.81174 57.094
29.3516 3.45364 57.127
28.9673 3.45912 57.041
20.6833 4.73715 55.098
20.3417 4.79792 55.065
20.2661 4.88286 55.157
20.0351 4.8582 55.032
19.9516 4.88734 55.11
19.7071 4.89082 55.097
19.5664 4.82294 55.089
19.3791 4.92344 55.131
19.0443 4.97014 55.164
18.892 5.07015 55.047
24.0486 4.52151 55.039
23.7071 4.58228 55.04
24.6212 4.4854 55.106
23.4014 4.71242 55.068
23.3441 4.6154 55.105
23.0094 4.6621 55.121
22.9104 4.57965 55.059
22.6959 4.73645 55.072
22.5921 4.80781 55.158
22.368 4.76907 55.155
23.0677 4.82899 55.027
22.0332 4.81577 55.137
21.6984 4.86247 55.17
25.8449 4.53786 55.084
25.4888 4.55691 55.166
25.4596 4.47346 55.107
25.8283 4.3564 55.083
24.2311 4.57482 55.06
23.8702 4.74768 55.042
21.3529 4.64376 55.064
21.057 4.96944 55.185
19.2695 5.07875 55.205
24.7182 4.42811 54.99
25.1065 4.70212 55.254
19.9122 3.09886 55.114
20.5023 3.31409 55.226
19.2708 3.20583 55.099
19.5842 3.13149 55.146
18.936 3.25253 55.114
19.7249 3.19937 55.061
22.9691 3.30692 55.094
22.6557 3.38127 55.1
22.6557 3.38127 55.078
22.3277 3.41389 55.094
22.2724 3.45661 55.075
23.0963 3.40295 55.108
21.9997 3.44651 55.176
21.8386 3.42085 55.075
24.3617 3.44084 55.092
24.0551 3.50111 55.059
23.6359 3.50708 55.026
24.5733 3.57759 55.089
25.9144 3.53054 55.074
25.405 3.57973 55.099
25.273 3.63751 55.107
25.0285 3.64099 55.041
25.8815 3.67078 55.055
24.0327 3.40359 55.074
21.298 3.24685 55.17
20.1675 3.36079 55.087
19.4115 3.27372 55.043
21.6863 3.52086 55.11
24.6452 3.71634 55.155
20.4586 3.18892 55.171
20.0519 3.09687 55.054
-4.39244 4.64695 57.086
-5.01747 4.43222 57.074
-3.50549 4.60637 57.067
-3.12021 4.67076 57.097
-3.0727 4.57225 57.105
-2.65348 4.56628 57.175
-2.51953 4.64823 56.966
-2.09352 4.62819 57.07
-2.83394 4.65271 57.049
0.715852 4.63012 57.066
0.492666 4.66125 57.082
1.0109 4.73773 57.076
0.394649 4.64867 57.114
0.0744403 4.73709 56.999
-0.401074 4.71591 57.106
-0.602901 4.77469 57.098
-0.813506 4.7078 57.094
-0.930892 4.80731 57.098
3.10021 4.72196 57.099
2.75864 4.78273 57.017
2.43744 4.80128 57.082
2.10945 4.8339 57.083
2.90617 4.83654 57.08
1.94057 4.75245 57.173
1.78146 4.86653 57.083
2.4588 4.82893 57.147
1.48161 4.91273 57.066
1.47863 4.70312 57.044
4.20754 4.9438 57.096
3.87955 4.97642 57.079
4.56368 4.92475 57.049
3.6961 4.85324 57.114
3.58649 5.00855 57.145
4.10174 4.87542 57.118
-1.54615 4.78812 57.057
-2.21968 4.60203 56.999
-7.05927 4.34948 57.045
3.24674 4.7059 57.078
1.66407 4.96604 57.027
-1.13371 4.79622 57.086
-1.2978 4.56095 57.135
-5.27261 4.67346 57.078
-5.72097 4.59598 57.037
-3.74805 4.74959 57.081
0.145305 4.80596 57.058
-0.0818605 4.55762 57.173
-1.845 4.90419 57.131
1.16041 4.93128 57.132
-5.0352 3.67772 57.102
-4.61499 3.74162 57.019
-5.48257 3.67012 57.024
-4.28021 3.69493 57.051
-4.90804 3.77375 57.035
-2.36756 3.5419 57.09
-2.75085 3.61724 57.07
-1.99006 3.5505 57.216
-3.95901 3.67637 57.035
3.10747 3.26826 57.035
2.80762 3.31446 57.019
2.79405 3.34261 57.064
3.60533 3.38697 57.081
2.48642 3.33301 57.052
3.1434 3.33764 57.118
2.15843 3.36564 57.052
1.96239 3.34048 57.096
1.86537 3.39776 57.085
1.55874 3.45804 57.036
2.4389 3.43153 57.11
1.18803 3.43536 57.041
1.23753 3.47659 57.036
0.698939 3.44233 57.06
0.253561 3.57446 57.07
4.96002 3.31177 57.134
4.49129 3.27651 57.018
-0.66932 3.54567 57.041
-1.17298 3.51091 57.154
-2.13759 3.49669 57.002
-1.45726 3.66871 57.077
0.251572 3.43472 56.928
-0.900932 4.45746 55.035
-1.33373 4.49158 55.103
-1.54334 4.49457 55.1
-1.84517 4.40102 55.06
-1.87133 4.52719 55.102
-2.17796 4.58746 55.052
0.897315 4.61356 55.086
0.386866 4.59287 55.121
1.40297 4.78806 55.115
0.227756 4.70695 55.053
-0.0934468 4.7255 55.086
-0.373922 4.65961 55.118
2.8906 4.72494 55.095
2.59076 4.77114 55.079
2.28412 4.83142 55.014
1.96971 4.83589 55.096
1.9212 4.86454 55.125
1.66987 4.88209 55.08
3.99793 4.94678 55.131
3.6913 5.00706 55.082
4.63454 4.99362 55.148
4.63255 4.85388 55.163
0.891522 4.6975 55.155
-0.821289 4.65201 55.156
-2.11388 4.67041 55.024
3.37009 5.02561 55.163
-1.42911 3.68228 55.14
-1.0031 3.66224 55.085
-2.32385 3.66707 55.11
-2.27733 3.49868 55.114
3.49076 3.19292 55.121
3.15598 3.23962 55.105
2.17879 3.32342 55.186
1.93425 3.3269 55.123
1.86537 3.39776 55.088
1.55096 3.40224 55.138
1.44516 3.33386 55.175
2.4389 3.43153 55.131
0.944479 3.50872 55.072
0.623276 3.52727 55.083
0.616488 3.54134 55.089
0.253561 3.57446 55.089
0.0836845 3.42313 55.123
-0.21417 3.60907 55.089
-0.367486 3.63921 55.137
-0.676108 3.55974 55.142
-1.84055 3.74405 55.12
-0.0462829 3.62066 55.072
4.38649 3.27801 55.114
1.15508 3.5756 55.059
9.61369 4.74103 43.784
9.60591 4.68523 43.887
9.46681 3.75076 43.85
14.1882 4.53612 43.77
14.0612 4.94326 43.779
14.2311 5.09458 43.873
14.0942 4.80302 43.808
14.1024 3.4192 43.828
21.0281 2.94321 45.393
20.0364 2.98528 45.689
20.7137 2.94768 45.525
20.3857 2.98031 45.59
21.8336 3.0715 45.307
23.0088 3.15261 45.026
22.6944 3.15709 45.174
22.3596 3.20378 45.19
23.1476 3.08075 45.01
23.3504 3.09184 45.026
24.6809 3.28254 44.821
23.9958 3.26435 44.913
18.7961 2.75136 45.72
24.7988 4.69253 44.666
24.4427 4.71157 44.797
25.2676 4.72778 44.726
24.1079 4.75827 44.798
23.8867 4.92914 44.876
23.7586 4.76325 44.912
23.4587 4.80945 44.961
23.4034 4.85216 44.992
23.1239 4.85614 44.994
22.9571 4.91443 45.112
22.8027 4.87469 45.093
22.4748 4.90732 45.149
22.4748 4.90732 45.158
22.1254 4.91229 45.256
22.0847 4.99673 45.154
21.7906 4.95899 45.29
21.6519 5.03085 45.231
21.4345 4.97804 45.355
21.1279 5.03831 45.372
21.1065 5.01066 45.432
20.7717 5.05736 45.438
20.7242 5.15587 45.49
20.4573 5.06184 45.569
20.2565 5.19049 45.614
20.1507 5.12211 45.585
19.9081 5.26533 45.597
19.8227 5.15473 45.618
19.4665 5.17378 45.684
18.8784 5.0983 45.891
28.7669 4.5941 44.093
29.1977 4.42024 43.927
28.7804 4.56595 44.042
26.531 4.62593 44.464
26.1759 4.71485 44.488
25.8072 4.83191 44.531
27.748 4.69246 44.307
27.3782 4.73966 44.323
27.3976 4.62757 44.321
30.0892 3.72268 43.797
30.1573 4.08511 43.797
29.9768 4.17154 43.763
30.1883 3.80513 43.805
30.1138 4.4631 43.844
30.106 4.40731 43.929
30.0377 3.54171 43.87
19.9964 5.08238 43.787
19.6616 5.12907 43.803
19.4607 5.25773 43.807
20.599 5.19959 43.843
19.3336 5.1617 43.886
19.7887 5.2251 43.858
24.2962 4.72764 43.796
23.9614 4.77434 43.813
24.2127 4.75678 43.859
23.6266 4.82103 43.829
23.5374 4.93412 43.751
23.3132 4.89538 43.83
23.09 4.92651 43.739
22.9852 4.928 43.862
22.6786 4.98828 43.829
22.3506 5.0209 43.846
22.2739 5.03597 43.755
22.0507 5.0671 43.895
21.7421 4.98763 43.859
28.4912 4.37439 43.797
28.1564 4.42109 43.846
27.8148 4.48186 43.83
27.4801 4.52856 43.846
27.1453 4.57525 43.896
26.8105 4.62195 43.928
25.7024 4.83341 43.808
25.2326 4.72828 43.882
24.5553 4.76588 43.913
23.9284 4.91457 43.812
22.6718 5.00235 43.728
21.7227 5.09973 43.927
21.3948 5.13235 43.867
20.9755 5.13832 43.845
24.9308 4.63474 43.747
29.4228 4.52885 43.913
27.0948 4.46416 43.846
24.8911 4.78905 43.961
19.9296 2.84703 43.779
19.5948 2.89373 43.811
20.1829 2.96922 43.817
22.0975 2.95593 43.735
22.8002 3.22546 43.852
21.7763 2.97448 43.801
21.4697 3.03476 43.818
21.1553 3.03923 43.915
21.9734 3.06951 43.853
20.8419 3.11358 43.867
22.152 3.34651 43.837
23.1282 3.19284 43.786
23.7008 3.15673 43.813
23.0322 3.32 43.811
23.2738 3.10691 43.875
25.1419 3.262 43.798
24.5072 3.3549 43.798
26.4083 3.36976 43.82
26.0735 3.41646 43.837
25.3982 3.5938 43.858
28.3143 3.73397 43.754
27.8718 3.57255 43.811
29.769 3.8111 43.73
29.3566 3.80299 43.843
28.9238 3.83711 43.812
27.438 3.5368 43.771
26.9188 3.39045 43.812
24.942 3.46053 43.792
24.2006 3.41518 43.762
22.4343 3.04897 43.8
26.4899 3.70404 43.764
29.1779 3.526 43.86
29.8263 3.90812 43.796
28.4259 3.71841 43.796
0.303886 3.18239 45.071
-0.0580454 3.28538 44.986
0.843477 3.28652 45.083
0.843477 3.28652 45.155
-0.490842 3.3195 44.941
0.515486 3.31915 45.154
-0.764529 3.23954 44.823
-0.725614 3.51852 44.815
1.18504 3.22575 45.22
1.23455 3.26698 45.186
0.230213 3.40707 45.007
1.49946 3.22128 45.138
1.66056 3.24694 45.207
-0.896486 3.29732 44.881
-1.06437 3.28574 44.807
-1.17398 3.44104 44.79
2.35627 3.02738 45.416
2.16124 3.07208 45.368
2.74056 3.02191 45.445
1.9662 3.11679 45.38
1.84781 3.14643 45.269
3.08213 2.96113 45.518
3.14141 3.1979 45.636
-0.0909906 3.42562 45.057
-4.84016 3.63301 43.967
-4.56068 3.62903 44.125
-5.16137 3.65156 43.967
-4.8741 3.70338 44.094
-5.47479 3.72591 43.852
-5.53787 3.71283 44.011
-5.16716 3.73551 44.007
-5.78241 3.71632 43.935
-6.09583 3.79066 43.853
-6.22299 3.69463 43.834
-6.42383 3.82329 43.82
-6.54999 3.79713 43.774
-5.895 3.66201 43.936
-1.72615 3.43493 44.578
-2.35398 3.51375 44.496
-2.04056 3.43941 44.643
-2.66062 3.57403 44.447
-2.94688 3.59208 44.479
-3.16428 3.53927 44.384
-2.15017 3.59471 44.569
-3.58151 3.68498 44.381
-4.16961 3.60949 44.263
2.46108 3.02588 45.368
3.23942 3.21048 45.534
2.50678 3.29079 45.417
4.31264 2.99952 45.753
4.07587 3.0588 45.718
3.76924 3.11907 45.668
3.43926 3.01196 45.693
3.43446 3.16577 45.62
-1.94454 3.31225 44.607
-3.69509 3.5608 44.299
-2.5626 3.58661 44.352
1.94554 5.1018 45.293
2.67239 5.10543 45.585
3.69428 5.21667 45.606
-5.79283 4.45724 43.777
-6.21404 4.32347 43.808
-6.39948 4.06055 43.791
-6.41885 4.17264 43.792
-6.47017 4.49483 43.811
-6.53905 4.5657 43.759
-6.45841 4.83011 43.85
1.98528 4.94749 43.777
2.49771 5.10791 43.901
2.10764 5.19733 43.842
2.63067 5.12 43.828
2.94508 5.11552 43.746
1.15661 5.15496 43.86
0.551944 4.89801 43.856
-4.87194 4.34629 43.81
-5.16499 4.37841 43.827
-4.99711 4.39 43.8
-5.49299 4.41104 43.794
-6.11403 4.47579 43.777
-3.26194 4.53301 43.8
-3.56857 4.59329 43.75
-3.79276 4.55455 43.764
-4.21777 4.64446 43.75
-1.10756 4.67006 43.826
-1.41419 4.73033 43.778
-1.59565 4.74689 43.86
-1.09977 4.72586 43.863
-1.74218 4.76296 43.745
-2.02845 4.78101 43.794
-2.33608 4.77141 43.877
0.210377 4.95878 43.791
-0.0826792 4.99091 43.791
2.30946 5.13855 43.829
2.00962 5.18475 43.844
4.42212 5.29016 43.86
3.92426 5.17146 43.84
-0.572764 4.928 43.869
-5.35424 4.33918 43.723
-2.64271 4.83169 43.811
-3.91014 4.65406 43.669
-2.90001 4.43002 43.773
-0.725086 5.02801 43.856
3.54196 5.31667 43.863
0.807547 3.21715 43.924
0.452404 3.30607 43.855
-1.62234 3.36357 43.802
-1.95033 3.39619 43.802
-2.27153 3.41474 43.869
-1.55147 3.43244 43.886
-2.57138 3.46094 43.836
-2.87801 3.52121 43.753
-3.19242 3.52569 43.803
-3.38547 3.71014 43.807
-3.53499 3.51659 43.918
-4.19097 3.58184 43.902
-4.52575 3.62854 43.852
-5.6892 3.88271 43.805
1.80709 3.23087 43.826
-0.310373 3.23307 43.803
-0.434548 3.34665 43.896
4.25336 2.76276 43.737
3.37618 2.99888 43.953
2.95696 3.00485 43.957
0.00304684 3.15872 43.917
-0.718826 3.50445 43.805
-3.86298 3.54922 43.918
-3.85999 3.75883 43.754
-5.31849 3.90539 43.816
4.17869 2.91757 43.842
14.7126 5.53499 33.066
15.1376 5.44508 33.553
15.6063 5.48033 33.952
14.5263 5.70536 32.882
15.7111 5.47884 34.164
15.3356 5.60998 33.714
16.0343 5.60003 34.247
14.9639 5.51743 33.407
14.761 2.55723 33.216
15.648 2.51665 34.005
8.52228 5.63711 33.503
8.20008 5.58579 33.766
7.85652 5.50682 34.044
8.58437 5.58032 33.527
7.7595 5.56411 34.387
7.47025 5.37255 34.764
8.46692 2.73071 33.631
7.82252 2.62808 34.139
8.15151 2.66532 33.959
7.4586 2.59133 34.353
20.0673 2.7053 34.291
19.7393 2.73793 34.356
20.3895 2.75662 34.174
22.0694 2.94236 33.727
22.8643 3.30841 33.435
26.7648 4.35704 32.573
26.4514 4.43139 32.556
26.1234 4.46401 32.605
26.5552 4.36003 32.526
25.6838 4.5122 32.752
24.1934 4.86887 33.267
23.4743 4.92104 33.382
23.1327 4.98181 33.382
22.797 4.95864 33.612
22.7532 4.83347 33.592
22.469 4.99126 33.645
23.2006 4.84108 33.473
22.1478 5.00981 33.743
21.8198 5.04244 33.775
21.487 5.22887 33.973
22.4632 5.07521 33.586
21.4491 5.01976 33.973
20.5932 5.28353 34.14
20.6302 5.42277 34.198
20.274 5.44182 34.279
20.175 5.35937 34.237
19.946 5.47445 34.346
26.1078 4.35242 32.562
25.2364 4.5046 32.761
23.9323 4.69089 33.235
26.7209 3.72871 32.566
26.6947 3.85487 32.547
26.656 4.07905 32.519
25.7605 4.49714 32.638
24.4155 4.76787 32.49
23.9556 4.85828 32.543
23.7596 4.83312 32.589
23.223 4.9386 32.608
23.4248 4.87981 32.655
23.0832 4.94059 32.589
22.7417 5.00136 32.605
22.4923 5.15865 32.519
22.0585 5.1229 32.54
21.4239 5.2158 32.589
21.0891 5.26249 32.588
20.8591 5.3077 32.517
20.7543 5.30919 32.59
20.4128 5.36996 32.54
21.2638 5.26001 32.502
20.0712 5.43073 32.507
19.9858 5.32013 32.533
19.7364 5.47743 32.54
22.796 4.88877 32.521
25.4257 4.54383 32.688
25.0841 4.6046 32.688
23.4985 4.65514 32.473
20.2003 2.71739 32.525
20.9048 2.62349 32.524
20.5419 2.65662 32.542
21.0407 2.84519 32.629
21.6899 2.79401 32.481
22.1684 3.02481 32.476
21.3687 2.81256 32.579
22.1267 3.03938 32.52
22.4615 2.99268 32.519
22.5741 3.04698 32.505
23.4494 3.17429 32.547
23.8425 3.29448 32.508
25.3565 3.60837 32.519
25.7641 3.77029 32.58
26.4007 3.81713 32.484
26.2677 3.80505 32.46
25.2798 3.62344 32.538
24.8674 3.61533 32.433
23.4145 3.17479 32.415
23.7774 3.14166 32.497
26.1172 3.54163 32.492
24.7101 3.36599 32.515
1.69151 2.96696 33.741
1.24713 3.16896 33.612
1.0501 3.07393 33.594
0.880402 3.42577 33.492
0.688171 3.17692 33.575
1.66436 3.02325 33.744
0.436838 3.19448 33.396
-0.851778 3.49236 32.97
-0.414184 3.30443 33.223
-2.39272 3.73793 32.691
-2.73429 3.7987 32.578
-2.74207 3.74291 32.536
-1.91241 3.6053 32.823
-3.06907 3.8454 32.528
-3.14473 3.93034 32.507
3.06077 2.93348 34.247
-0.70724 3.33656 33.152
-1.28557 3.45661 33.066
-1.77167 3.67318 32.708
-2.07831 3.73346 32.642
0.798479 5.03427 33.547
1.41473 5.12333 33.654
1.60497 5.23244 33.733
0.837218 4.81009 33.418
2.77339 5.32762 34.089
1.90581 5.25611 33.838
3.96417 5.52031 34.256
3.35669 5.55692 34.355
4.13685 5.37809 34.46
-2.5245 4.29888 32.532
-1.75096 4.63729 32.873
-2.83693 4.4431 32.574
-2.98744 4.17968 32.509
-2.85249 4.33151 32.532
-0.898942 4.5972 32.527
-1.14349 4.60069 32.545
-1.19879 4.6434 32.526
-1.51999 4.66195 32.527
0.300611 4.91557 32.431
-0.013804 4.92004 32.464
-0.356366 4.91095 32.563
1.65828 5.04998 32.492
1.33029 5.0826 32.508
2.13678 5.28077 32.498
1.0023 5.11523 32.477
1.81557 5.29932 32.53
0.630592 5.02268 32.562
1.45745 5.17863 32.533
3.05767 5.16982 32.514
2.45798 5.26222 32.465
3.01015 5.26834 32.628
3.8933 5.45144 32.437
3.5721 5.46999 32.504
3.80406 5.56452 32.548
3.25768 5.47447 32.553
3.20238 5.51718 32.546
2.93648 5.49302 32.585
-2.24204 4.50451 32.519
-2.21009 4.29441 32.467
3.67304 2.74307 32.533
3.34505 2.77569 32.484
3.05199 2.80782 32.516
2.73758 2.8123 32.549
2.69105 2.98068 32.518
2.43773 2.85849 32.565
2.1816 3.02986 32.58
2.10974 2.89112 32.516
3.41012 2.92851 32.574
1.79632 2.96547 32.45
1.17147 3.2539 32.607
-2.15397 3.81839 32.53
-0.0628437 3.4392 32.634
0.739667 3.35789 32.555
0.271936 3.3925 32.615
-0.98274 3.62002 32.591
18.3305 3.42888 57.83
17.8087 4.07924 59.024
17.8426 4.00887 59.011
17.3683 4.56073 58.013
17.1888 4.71703 57.543
17.3116 3.52725 57.944
17.5815 3.83089 58.514
18.6008 4.73885 56.892
16.9838 4.06303 56.04
18.7018 4.96104 55.359
17.6944 4.89152 55.983
17.85 3.05834 56.098
18.0684 3.18102 56.481
17.5308 3.21663 55.786
17.753 3.11563 56.171
18.9029 2.88961 44.107
18.5603 2.88051 44.238
17.881 2.77837 44.796
17.5462 2.82506 45.035
17.5744 2.83864 44.747
17.0775 2.78981 44.247
18.4827 2.82571 45.605
17.9722 2.80502 44.891
18.1186 5.23491 45.125
17.811 5.22531 44.883
17.2171 5.23377 44.155
16.5873 5.17285 44.076
17.3365 5.274 44.394
16.5906 3.43967 45.324
16.4344 3.76337 45.033
16.5987 4.5018 44.646
16.7131 4.19268 44.93
16.578 3.53769 44.339
16.6111 3.90062 44.782
16.1218 3.40442 33.141
16.2977 3.97496 33.551
16.1134 4.28508 33.485
16.1282 4.82997 32.952
16.1212 4.34088 33.376
17.7228 5.40826 33.573
18.3682 5.58077 33.813
18.4438 5.49584 33.924
17.3744 5.48311 33.458
18.0042 5.54402 33.672
18.7844 5.36519 34.137
18.1023 5.55661 33.891
18.8417 5.46222 34.397
17.4666 2.63052 33.837
16.7601 2.58467 34.247
18.8446 2.72271 33.033
17.3608 2.56214 33.267
17.8024 2.65369 33.64
18.4845 2.46228 33.903
18.1507 2.57885 33.706
5.48902 3.65366 58.164
5.59581 3.79191 58.52
5.63853 3.8472 58.623
5.44331 3.38875 57.229
6.0258 4.05134 58.932
5.9705 4.09406 59.063
6.34917 4.6757 57.979
6.4672 3.63973 57.918
5.03802 4.3729 56.239
5.8379 5.0883 56.127
5.51471 4.96712 56.603
6.13675 4.97223 56.357
5.63408 5.00735 55.748
4.99846 5.03037 55.249
5.68587 3.24553 56.232
5.69447 2.86803 44.794
6.38059 2.9561 45.308
5.38883 2.99817 44.564
5.01034 2.9197 43.998
6.38059 2.9561 44.334
6.03024 2.8912 44.662
6.73094 3.02099 44.088
5.08799 2.9745 45.669
4.58205 4.74279 45.579
4.78605 5.32691 45.909
7.19223 4.00678 44.867
7.12154 4.44107 44.614
4.95674 5.04494 53.586
4.88687 5.04594 52.719
4.91502 5.05952 51.753
4.83157 5.08866 50.909
4.80442 5.14495 49.961
4.73555 5.21582 47.951
6.753 5.0613 54.265
6.93745 5.25435 49.192
7.35187 5.40219 43.901
7.05583 5.22471 44.764
7.24028 5.41776 45.729
5.01532 3.26905 55.377
5.04346 3.28263 56.363
4.73964 3.04935 46.483
4.69113 3.07799 48.764
4.7552 3.16094 51.963
6.7417 3.2864 56.095
6.75428 3.18838 54.055
7.03856 3.03059 44.849
7.09386 2.98787 42.597
4.55028 5.45606 38.515
4.36782 5.40275 37.822
4.27659 5.3761 36.924
4.41352 5.66766 36.028
4.45806 5.35954 41.379
4.5425 5.40026 41.667
4.53571 5.41434 40.629
4.47064 5.26152 39.524
4.36594 2.81706 36.991
4.42803 2.76027 37.954
4.45717 2.84372 38.501
4.61927 2.93925 43.163
4.68235 2.95233 43.987
4.59013 2.8558 39.326
4.22539 3.25235 32.945
6.2515 5.66944 33.838
5.91473 5.5764 33.502
5.5528 5.67939 33.438
4.9647 5.6039 32.871
6.55814 5.60917 34.072
5.73906 5.50902 33.728
6.22915 5.57192 33.42
6.54456 5.63732 33.141
5.58575 5.53915 33.683
4.92099 5.47874 34.093
4.77639 2.68543 32.903
5.9001 2.58556 33.528
6.58722 2.7435 34.084
5.17325 2.58194 32.857
7.30628 2.69133 34.345
6.85891 2.68373 32.937
6.52314 2.66055 33.118
7.19469 2.7069 32.773
5.74579 2.54583 33.627
4.2155 5.50276 33.574
4.24557 2.70696 33.676
7.64311 5.73349 26.821
7.71398 5.80236 25.852
4.05159 5.77065 25.791
3.94679 5.77214 25.392
4.04779 5.99434 20.257
3.75175 5.81685 20.666
3.85655 5.81536 23.752
3.95357 5.75807 24.361
4.37859 5.66816 29.999
4.03901 5.86867 26.714
7.65265 2.47675 26.954
7.68079 2.49032 28.034
4.08828 2.45762 22.952
3.77966 2.37815 22.14
3.94953 2.52948 26.036
4.18232 2.19072 19.537
3.74472 2.37865 21.194
3.8641 2.41888 23.947
0.0 0.0 0.0
0.19422 0.388586 0.82
1.93834 1.16043 9.442
1.85009 1.34339 10.166
2.28488 1.44901 11.957
2.40525 1.55911 12.716
0.333961 0.386596 1.71
0.411614 0.441398 2.546
0.891107 0.742061 5.114
1.06678 0.809444 5.705
3.25844 2.09206 17.479
-0.13775 0.14173 0.0109997
0.9522 0.615399 4.095
1.35703 1.07087 7.753
1.48319 1.09703 8.152
1.48418 1.1669 8.455
2.81868 1.63709 14.366
2.49069 1.66971 13.406
2.37131 1.62948 13.036
-0.0592683 8.10741 0.0249996
0.210439 7.9079 0.941
0.300673 7.86468 1.575
0.529653 7.74961 2.926
0.460777 7.82047 2.324
0.640251 7.66417 3.626
1.09242 7.51796 5.743
0.86724 7.40935 4.885
1.29904 7.30537 7.288
1.61826 7.14708 8.662
1.63183 7.11893 8.726
1.72008 6.93597 9.465
2.19062 6.60781 12.094
2.17324 6.85964 11.411
3.09694 6.45513 15.801
0.135771 8.0627 0.246
0.299678 7.79481 1.658
0.584952 7.70689 2.914
0.770218 7.46664 4.162
1.02056 7.37922 5.579
1.20401 7.5024 6.311
1.58531 7.28731 8.013
1.91909 7.17075 9.335
1.93747 6.98879 10.095
2.15668 6.67817 12.083
2.37407 6.73099 12.561
2.63798 6.61541 13.842
2.735 6.55813 14.586
3.40538 6.03144 18.211
3.63735 6.12597 18.998
3.42095 6.14303 18.261
3.389 6.35314 16.817
2.15486 7.0416 10.741
3.11631 6.34304 16.589
3.28121 6.14502 17.709
9.3475 6.65965 13.045
8.12939 6.02008 19.206
8.06631 6.007 19.455
9.37664 6.74309 12.292
10.2909 7.14938 8.239
9.88428 7.05733 9.636
9.82798 7.03018 9.544
9.06603 6.52388 14.371
12.2125 7.62518 1.208
12.5066 7.66293 3.073
12.6579 7.49305 3.643
12.9985 7.36241 5.724
13.1372 7.29055 6.025
12.951 7.46092 4.981
14.5023 6.47443 13.881
14.6227 6.58453 14.534
13.3323 7.24584 6.976
13.4836 7.07596 8.422
13.3061 7.372 6.526
13.3885 7.27299 6.941
14.3093 6.65888 12.489
14.4985 6.69811 13.0
15.6472 5.89905 19.361
23.4316 7.81485 1.774
22.9609 7.63986 2.591
22.8396 7.45989 4.574
22.7639 7.54482 3.922
20.1277 5.96105 19.091
20.4024 6.11088 16.734
20.715 6.46983 14.318
20.909 6.35525 14.808
21.4312 6.71121 11.859
21.8612 6.97065 9.087
22.3251 7.15972 7.216
22.2427 7.25873 6.614
22.7677 7.32114 5.45
12.3963 0.410515 2.704
12.6419 0.476903 3.479
12.671 0.560349 4.231
12.9583 0.612166 4.96
12.9738 0.723759 5.555
12.9545 0.83585 6.19
13.0826 1.00175 6.341
13.4038 0.983196 7.901
13.4485 1.17824 8.419
14.3395 1.41713 12.448
14.6209 1.55289 13.833
14.5463 1.7077 14.35
14.6131 1.4971 13.525
14.9743 1.8274 16.079
15.0946 1.9375 16.83
15.4198 2.19843 19.042
15.5528 2.21051 19.35
14.2153 1.53072 12.363
13.5815 1.19032 9.479
13.9308 1.18534 10.42
14.2822 1.32011 11.871
15.2421 1.99131 17.735
15.4576 1.90438 18.077
23.3601 0.338261 1.6
20.8841 1.65939 14.455
20.8375 1.82777 15.14
20.2301 1.86438 17.207
20.2874 1.9614 16.89
21.3895 1.33072 12.322
23.2272 0.326178 2.253
22.8866 0.456819 3.844
22.4917 0.700048 5.539
22.8051 0.625701 4.32
22.1697 1.15189 8.387
21.9707 0.917119 8.336
21.9329 1.21117 9.509
21.2498 1.33271 12.061
2 0 1
2 1 2
2 2 3
2 2 4
2 2 5
2 2 6
2 7 2
2 6 8
2 3 9
2 3 10
2 1 3
2 10 9
2 10 11
2 10 8
2 12 13
2 14 13
2 14 15
2 14 16
2 15 13
2 15 17
2 15 18
2 17 19
2 17 20
2 20 21
2 20 18
2 17 13
2 13 22
2 18 13
2 23 8
2 11 23
2 15 22
2 22 16
2 24 9
2 2 9
2 11 9
2 8 9
2 25 26
2 27 26
2 27 28
2 27 29
2 30 28
2 31 28
2 31 32
2 30 31
2 31 33
2 33 34
2 33 35
2 36 37
2 37 38
2 37 39
2 37 34
2 37 40
2 41 39
2 41 42
2 37 41
2 43 44
2 41 43
2 45 42
2 46 28
2 30 46
2 46 32
2 33 46
2 32 34
2 35 32
2 34 38
2 38 39
2 39 40
2 39 47
2 34 39
2 38 40
2 47 42
2 42 44
2 40 42
2 44 48
2 27 46
2 29 32
2 25 49
2 25 50
2 51 52
2 51 53
2 51 54
2 50 51
2 54 55
2 54 56
2 54 57
2 58 56
2 58 59
2 58 52
2 58 55
2 60 58
2 55 59
2 55 57
2 55 61
2 55 53
2 57 61
2 57 62
2 63 61
2 57 63
2 62 64
2 62 65
2 64 66
2 64 61
2 64 67
2 66 68
2 66 69
2 66 70
2 63 66
2 68 71
2 71 69
2 72 73
2 70 61
2 62 73
2 68 73
2 74 59
2 53 56
2 57 59
2 51 59
2 59 56
2 61 59
2 52 49
2 50 56
2 75 49
2 76 77
2 76 78
2 76 79
2 80 78
2 80 81
2 80 82
2 80 77
2 76 80
2 82 83
2 84 81
2 84 85
2 85 86
2 87 88
2 87 89
2 87 90
2 91 92
2 91 93
2 91 86
2 91 94
2 90 86
2 90 92
2 90 88
2 85 90
2 95 93
2 95 86
2 92 93
2 92 96
2 92 97
2 94 21
2 97 21
2 97 93
2 93 96
2 98 93
2 96 21
2 89 86
2 89 88
2 85 89
2 92 89
2 86 88
2 86 99
2 86 100
2 77 83
2 79 77
2 78 81
2 82 78
2 83 81
2 101 83
2 84 83
2 100 81
2 99 81
2 102 103
2 104 105
2 105 106
2 105 107
2 108 109
2 108 106
2 108 103
2 108 110
2 111 110
2 112 110
2 113 114
2 113 115
2 113 116
2 113 117
2 112 113
2 118 117
2 118 119
2 118 120
2 119 117
2 119 120
2 119 114
2 119 121
2 122 123
2 123 120
2 123 124
2 121 120
2 120 117
2 117 114
2 117 125
2 121 117
2 114 125
2 120 114
2 125 116
2 119 125
2 110 106
2 116 110
2 106 109
2 106 103
2 111 106
2 109 103
2 104 109
2 109 107
2 104 126
2 112 125
2 127 128
2 129 130
2 130 131
2 130 132
2 130 133
2 130 134
2 135 133
2 133 136
2 137 136
2 136 134
2 136 138
2 136 132
2 139 140
2 141 142
2 141 143
2 143 142
2 143 144
2 143 145
2 143 140
2 146 132
2 133 146
2 138 140
2 138 142
2 142 144
2 127 147
2 148 149
2 148 150
2 151 152
2 151 153
2 151 154
2 153 155
2 153 152
2 148 153
2 156 155
2 156 154
2 156 157
2 156 158
2 151 156
2 156 152
2 158 155
2 159 157
2 160 161
2 160 162
2 162 161
2 162 163
2 162 164
2 162 165
2 162 166
2 167 168
2 167 164
2 168 163
2 163 161
2 169 163
2 170 164
2 171 170
2 168 170
2 160 170
2 157 155
2 172 157
2 155 154
2 155 149
2 159 155
2 173 155
2 174 155
2 154 152
2 158 154
2 160 174
2 175 176
2 175 177
2 177 178
2 178 179
2 178 180
2 178 181
2 178 176
2 178 182
2 180 179
2 180 182
2 180 183
2 182 179
2 184 185
2 184 186
2 187 188
2 187 186
2 181 183
2 177 179
2 183 189
2 185 186
2 185 190
2 191 186
2 190 188
2 177 169
2 187 192
2 189 186
2 186 188
2 36 193
2 35 194
2 195 194
2 195 193
2 195 196
2 195 34
2 197 198
2 197 193
2 199 200
2 199 201
2 199 202
2 200 201
2 200 202
2 200 198
2 200 203
2 200 196
2 202 203
2 202 204
2 202 8
2 203 16
2 203 201
2 193 194
2 196 198
2 193 196
2 198 201
2 194 198
2 202 198
2 205 201
2 201 204
2 204 16
2 57 206
2 57 207
2 206 207
2 206 208
2 206 74
2 208 61
2 57 208
2 208 209
2 210 61
2 208 211
2 211 207
2 212 213
2 212 214
2 212 209
2 214 213
2 214 85
2 85 213
2 215 216
2 215 209
2 215 213
2 88 213
2 61 207
2 207 209
2 217 209
2 206 209
2 216 209
2 218 219
2 220 221
2 220 222
2 223 224
2 222 221
2 222 225
2 222 219
2 224 226
2 224 225
2 224 36
2 224 34
2 224 227
2 36 226
2 220 227
2 227 219
2 226 225
2 225 221
2 228 225
2 36 225
2 229 230
2 230 231
2 230 232
2 233 231
2 233 232
2 233 234
2 233 235
2 232 235
2 232 61
2 232 57
2 236 231
2 236 57
2 57 235
2 237 234
2 231 235
2 231 61
2 235 61
2 238 239
2 238 16
2 238 240
2 238 241
2 240 239
2 240 242
2 240 243
2 244 239
2 244 245
2 241 243
2 239 246
2 11 239
2 242 239
2 238 246
2 243 246
2 85 247
2 248 247
2 248 249
2 250 249
2 88 247
2 133 251
2 251 134
2 251 252
2 252 134
2 133 252
2 253 112
2 112 254
2 116 254
2 255 256
2 159 174
2 159 257
2 258 259
2 258 260
2 257 258
2 261 262
2 261 260
2 261 263
2 261 264
2 263 262
2 264 262
2 262 260
2 263 265
2 258 266
2 260 259
2 267 259
2 257 259
2 189 262
2 266 259
2 259 174
2 268 269
2 269 270
2 269 271
2 269 272
2 273 274
2 273 271
2 273 275
2 269 273
2 276 272
2 276 271
2 133 274
2 269 277
2 271 272
2 271 270
2 271 278
2 134 275
2 274 272
2 134 274
2 278 272
2 275 278
2 279 280
2 279 281
2 282 281
2 279 283
2 284 285
2 284 286
2 285 287
2 285 288
2 115 289
2 288 286
2 112 289
2 116 289
2 285 289
2 290 291
2 291 292
2 293 294
2 294 295
2 294 296
2 294 297
2 296 298
2 297 299
2 290 297
2 297 292
2 299 189
2 300 301
2 302 303
2 302 304
2 302 305
2 303 304
2 303 306
2 303 307
2 304 307
2 304 308
2 307 305
2 307 308
2 307 309
2 308 310
2 308 311
2 312 313
2 312 314
2 312 315
2 313 316
2 313 317
2 313 318
2 316 314
2 316 318
2 316 319
2 312 316
2 318 319
2 318 320
2 318 321
2 318 314
2 318 322
2 319 322
2 321 301
2 323 324
2 324 325
2 324 326
2 325 327
2 325 328
2 329 315
2 325 329
2 308 305
2 309 305
2 330 326
2 315 317
2 317 314
2 314 331
2 320 322
2 322 301
2 304 306
2 332 321
2 332 305
2 302 301
2 307 310
2 310 305
2 333 325
2 316 321
2 316 317
2 316 320
2 318 317
2 321 317
2 321 314
2 325 326
2 329 317
2 311 305
2 305 301
2 334 335
2 335 336
2 337 336
2 337 338
2 336 339
2 339 340
2 340 341
2 340 338
2 341 342
2 343 344
2 344 345
2 344 346
2 345 347
2 343 345
2 348 349
2 350 351
2 352 346
2 344 347
2 345 353
2 353 351
2 350 352
2 347 330
2 354 355
2 356 355
2 356 357
2 358 355
2 358 357
2 355 357
2 355 359
2 355 360
2 355 361
2 357 361
2 357 362
2 363 364
2 365 366
2 365 367
2 365 368
2 366 367
2 366 369
2 366 370
2 366 371
2 367 370
2 367 372
2 367 369
2 367 373
2 370 372
2 370 374
2 375 376
2 377 376
2 377 378
2 376 378
2 379 364
2 378 364
2 364 380
2 380 369
2 355 381
2 357 359
2 360 362
2 354 374
2 354 382
2 358 360
2 366 372
2 366 373
2 366 374
2 367 374
2 383 364
2 364 368
2 384 360
2 384 362
2 385 386
2 385 387
2 388 389
2 388 390
2 388 391
2 389 391
2 389 386
2 389 387
2 391 387
2 391 392
2 391 386
2 387 392
2 387 393
2 392 393
2 392 394
2 393 395
2 393 396
2 392 395
2 391 393
2 384 362
2 397 398
2 398 377
2 398 399
2 375 376
2 400 401
2 402 403
2 397 383
2 398 383
2 404 405
2 406 407
2 406 408
2 406 409
2 406 410
2 406 411
2 406 412
2 406 413
2 407 408
2 407 410
2 407 411
2 407 414
2 407 409
2 407 415
2 407 416
2 410 411
2 410 414
2 410 415
2 410 416
2 410 417
2 410 418
2 414 415
2 414 416
2 414 408
2 414 418
2 406 414
2 414 417
2 416 415
2 416 418
2 416 411
2 416 405
2 416 408
2 418 415
2 418 405
2 418 411
2 419 420
2 419 421
2 419 422
2 423 424
2 423 425
2 423 426
2 425 427
2 427 428
2 427 413
2 429 430
2 429 431
2 429 432
2 429 433
2 430 431
2 430 434
2 430 432
2 430 435
2 430 422
2 430 420
2 432 435
2 432 422
2 432 434
2 432 420
2 432 424
2 422 420
2 422 431
2 422 424
2 422 434
2 429 422
2 436 437
2 405 415
2 437 433
2 434 431
2 434 435
2 433 434
2 431 435
2 431 420
2 431 424
2 435 420
2 435 424
2 429 435
2 419 435
2 420 438
2 423 420
2 424 438
2 439 424
2 424 421
2 438 421
2 425 438
2 421 426
2 427 421
2 409 417
2 440 409
2 417 408
2 417 411
2 413 417
2 408 411
2 408 415
2 409 408
2 411 415
2 427 424
2 429 436
2 436 434
2 440 417
2 417 415
2 441 404
2 441 442
2 443 444
2 443 445
2 442 446
2 442 444
2 442 447
2 448 449
2 449 437
2 449 436
2 436 437
2 450 451
2 450 452
2 453 451
2 452 454
2 452 455
2 452 456
2 452 457
2 452 458
2 454 455
2 454 457
2 454 458
2 454 459
2 450 454
2 454 456
2 455 458
2 455 459
2 452 459
2 454 460
2 452 460
2 461 462
2 461 463
2 461 464
2 461 465
2 461 466
2 461 467
2 461 468
2 463 464
2 463 466
2 463 469
2 463 468
2 463 470
2 463 471
2 463 465
2 464 468
2 464 462
2 464 470
2 464 469
2 464 472
2 468 472
2 468 462
2 473 474
2 474 475
2 475 476
2 476 477
2 476 478
2 474 476
2 476 467
2 477 467
2 477 465
2 475 477
2 467 469
2 471 478
2 476 471
2 475 478
2 465 469
2 476 465
2 465 462
2 469 462
2 477 469
2 478 469
2 462 466
2 462 470
2 466 472
2 479 466
2 470 472
2 472 451
2 472 456
2 453 457
2 452 451
2 461 478
2 468 451
2 476 480
2 480 478
2 466 451
2 481 482
2 483 484
2 482 485
2 482 486
2 484 485
2 484 486
2 484 487
2 481 484
2 473 474
2 488 489
2 488 490
2 488 491
2 489 490
2 489 492
2 493 494
2 493 495
2 494 496
2 494 497
2 494 498
2 499 494
2 496 498
2 496 500
2 496 501
2 498 501
2 498 502
2 498 495
2 498 503
2 502 497
2 502 504
2 503 501
2 505 506
2 507 508
2 508 506
2 508 509
2 508 510
2 508 511
2 510 511
2 510 512
2 510 506
2 507 510
2 511 513
2 511 509
2 511 514
2 511 515
2 510 513
2 513 509
2 515 512
2 516 517
2 516 518
2 517 518
2 518 519
2 518 520
2 519 520
2 519 521
2 522 520
2 523 524
2 523 525
2 525 526
2 526 524
2 520 527
2 528 506
2 506 509
2 509 512
2 507 509
2 497 501
2 501 504
2 493 496
2 493 497
2 494 529
2 516 525
2 517 519
2 517 521
2 517 520
2 530 509
2 531 520
2 528 509
2 509 514
2 500 497
2 532 533
2 534 535
2 536 537
2 538 539
2 539 540
2 539 541
2 539 542
2 540 543
2 544 541
2 541 543
2 543 542
2 545 526
2 540 541
2 546 547
2 548 549
2 548 550
2 551 552
2 549 552
2 549 553
2 552 553
2 552 547
2 552 554
2 555 547
2 556 557
2 556 558
2 557 558
2 557 559
2 558 560
2 558 561
2 560 562
2 557 560
2 558 563
2 562 561
2 564 565
2 564 566
2 564 567
2 565 567
2 565 568
2 567 569
2 567 570
2 569 570
2 569 566
2 557 571
2 572 573
2 574 573
2 575 576
2 565 575
2 573 575
2 576 566
2 567 576
2 566 568
2 577 561
2 547 578
2 546 549
2 546 552
2 548 560
2 548 562
2 548 561
2 549 547
2 556 560
2 556 567
2 556 569
2 556 570
2 556 579
2 556 566
2 557 561
2 564 573
2 570 566
2 580 573
2 581 582
2 582 583
2 582 584
2 583 584
2 583 585
2 584 586
2 586 585
2 586 587
2 583 586
2 587 588
2 587 585
2 546 582
2 589 582
2 582 588
2 583 588
2 584 588
2 586 588
2 590 591
2 592 593
2 592 594
2 593 580
2 594 574
2 595 591
2 596 591
2 597 598
2 597 599
2 597 600
2 597 601
2 597 602
2 597 603
2 597 604
2 599 601
2 599 605
2 599 604
2 599 606
2 599 607
2 601 604
2 601 598
2 601 606
2 601 607
2 601 608
2 601 605
2 604 607
2 604 600
2 604 609
2 604 610
2 604 598
2 607 606
2 607 610
2 607 611
2 607 600
2 610 606
2 610 612
2 613 614
2 613 615
2 616 617
2 616 618
2 616 619
2 618 619
2 618 617
2 613 618
2 603 605
2 620 621
2 622 623
2 622 624
2 622 625
2 623 626
2 623 624
2 623 627
2 623 628
2 623 629
2 624 628
2 624 629
2 624 626
2 624 630
2 624 631
2 628 630
2 628 621
2 628 631
2 628 626
2 628 632
2 630 632
2 630 633
2 630 621
2 630 634
2 635 636
2 636 637
2 636 638
2 637 625
2 637 639
2 635 637
2 636 625
2 625 639
2 625 627
2 639 638
2 627 626
2 627 621
2 624 627
2 626 633
2 626 629
2 633 629
2 621 629
2 629 631
2 629 632
2 631 632
2 631 634
2 632 634
2 632 614
2 613 634
2 634 617
2 614 617
2 617 615
2 602 605
2 618 602
2 615 602
2 605 598
2 605 600
2 619 605
2 598 606
2 607 598
2 600 606
2 606 609
2 609 612
2 611 612
2 612 640
2 613 619
2 613 630
2 618 614
2 619 614
2 603 614
2 623 630
2 630 614
2 625 626
2 641 640
2 642 643
2 642 644
2 643 644
2 644 645
2 640 646
2 647 636
2 635 639
2 635 636
2 636 648
2 635 637
2 649 650
2 649 651
2 650 652
2 650 651
2 650 653
2 650 654
2 651 652
2 651 655
2 656 655
2 655 648
2 657 658
2 657 659
2 657 660
2 657 661
2 657 662
2 657 663
2 658 659
2 658 660
2 658 662
2 658 663
2 659 660
2 659 662
2 659 663
2 659 664
2 660 662
2 660 663
2 660 665
2 665 662
2 666 667
2 666 668
2 666 669
2 666 670
2 671 667
2 671 668
2 671 670
2 671 672
2 667 668
2 667 670
2 667 672
2 667 673
2 668 672
2 668 673
2 668 674
2 672 673
2 673 670
2 671 673
2 674 670
2 667 674
2 657 674
2 661 670
2 668 661
2 658 661
2 675 676
2 675 677
2 675 678
2 675 679
2 675 680
2 681 676
2 681 677
2 681 678
2 681 682
2 681 679
2 676 677
2 676 678
2 676 682
2 676 683
2 676 684
2 678 682
2 678 683
2 678 684
2 678 685
2 682 677
2 682 669
2 683 669
2 683 677
2 685 677
2 666 685
2 677 684
2 678 669
2 677 669
2 657 673
2 671 669
2 676 669
2 686 687
2 686 688
2 665 688
2 664 688
2 688 687
2 663 688
2 665 687
2 687 689
2 664 687
2 662 688
2 690 691
2 690 692
2 690 693
2 690 694
2 691 692
2 691 695
2 692 696
2 692 697
2 692 680
2 695 680
2 695 679
2 690 695
2 698 699
2 698 700
2 698 701
2 699 701
2 699 702
2 699 703
2 704 705
2 706 705
2 706 707
2 705 707
2 705 708
2 707 709
2 709 710
2 711 700
2 709 711
2 712 713
2 712 714
2 714 715
2 714 716
2 714 717
2 714 718
2 716 717
2 716 719
2 716 720
2 717 721
2 722 723
2 724 723
2 723 725
2 723 726
2 725 727
2 728 729
2 730 729
2 724 731
2 713 718
2 718 732
2 733 718
2 715 719
2 719 721
2 716 721
2 719 734
2 700 702
2 702 735
2 701 702
2 735 703
2 736 714
2 705 734
2 707 734
2 709 737
2 714 720
2 714 719
2 720 718
2 723 731
2 727 713
2 727 718
2 738 731
2 729 731
2 739 740
2 739 741
2 740 742
2 740 703
2 739 742
2 743 741
2 703 741
2 744 745
2 745 728
2 728 746
2 747 748
2 748 746
2 730 729
2 745 749
2 746 750
2 751 752
2 751 753
2 752 753
2 752 754
2 754 755
2 754 756
2 757 758
2 757 759
2 760 761
2 762 763
2 762 764
2 763 765
2 763 766
2 765 767
2 765 768
2 765 769
2 770 769
2 770 771
2 772 773
2 774 775
2 776 777
2 776 775
2 778 779
2 779 780
2 781 782
2 783 784
2 784 780
2 785 784
2 780 782
2 778 780
2 782 773
2 773 775
2 766 768
2 768 786
2 787 758
2 758 788
2 788 759
2 759 789
2 789 761
2 761 790
2 755 753
2 790 755
2 751 789
2 751 761
2 757 787
2 757 789
2 763 764
2 763 791
2 765 771
2 765 791
2 765 792
2 772 784
2 774 777
2 775 777
2 777 764
2 791 787
2 788 789
2 761 755
2 752 753
2 752 754
2 752 793
2 754 793
2 754 755
2 754 794
2 793 795
2 793 753
2 793 796
2 795 796
2 795 797
2 754 795
2 795 753
2 797 798
2 797 794
2 793 797
2 755 753
2 753 794
2 794 796
2 796 798
2 799 753
2 799 796
2 753 796
2 800 801
2 801 785
2 801 783
2 802 803
2 804 805
2 804 803
2 804 806
2 804 807
2 804 808
2 806 809
2 806 805
2 806 810
2 809 810
2 809 811
2 809 803
2 809 812
2 809 813
2 810 813
2 810 808
2 813 811
2 814 815
2 814 816
2 815 817
2 815 818
2 815 819
2 818 819
2 818 820
2 818 816
2 818 821
2 820 822
2 820 823
2 822 823
2 822 819
2 818 822
2 824 825
2 824 826
2 825 827
2 827 828
2 827 829
2 828 830
2 828 831
2 828 826
2 828 832
2 830 832
2 830 833
2 834 835
2 834 836
2 834 837
2 838 837
2 838 839
2 838 840
2 838 841
2 837 835
2 837 841
2 837 842
2 837 843
2 837 839
2 841 840
2 841 842
2 841 844
2 841 835
2 841 845
2 842 845
2 842 840
2 842 846
2 824 845
2 847 848
2 848 836
2 848 849
2 836 839
2 848 850
2 849 839
2 839 835
2 835 840
2 840 843
2 840 844
2 839 840
2 846 829
2 829 826
2 826 851
2 831 833
2 852 816
2 816 819
2 819 821
2 821 823
2 853 823
2 823 807
2 802 823
2 807 805
2 805 803
2 803 808
2 808 811
2 813 808
2 815 853
2 818 832
2 818 854
2 818 817
2 828 846
2 832 816
2 854 816
2 842 836
2 842 855
2 845 840
2 836 850
2 836 835
2 836 840
2 855 826
2 846 826
2 833 856
2 833 817
2 833 816
2 816 853
2 813 857
2 813 858
2 859 860
2 859 861
2 860 862
2 860 847
2 863 861
2 864 863
2 861 862
2 847 862
2 865 866
2 865 867
2 866 868
2 869 870
2 869 871
2 870 872
2 870 873
2 870 871
2 873 874
2 873 875
2 873 876
2 873 877
2 877 875
2 878 879
2 878 880
2 879 881
2 879 882
2 881 883
2 884 885
2 884 886
2 885 887
2 885 888
2 887 889
2 887 890
2 887 891
2 884 887
2 890 888
2 890 891
2 890 892
2 890 889
2 890 893
2 885 890
2 892 893
2 892 894
2 892 888
2 887 892
2 893 891
2 893 895
2 896 897
2 898 899
2 898 900
2 899 901
2 901 902
2 901 903
2 901 904
2 902 886
2 900 903
2 903 886
2 886 905
2 889 888
2 905 889
2 888 891
2 891 894
2 894 895
2 890 894
2 895 897
2 895 880
2 871 872
2 867 868
2 868 906
2 865 875
2 870 907
2 870 875
2 879 883
2 879 897
2 879 907
2 883 897
2 883 872
2 908 872
2 909 902
2 884 902
2 884 894
2 887 894
2 893 897
2 899 902
2 902 910
2 894 897
2 897 882
2 907 872
2 875 867
2 875 906
2 867 906
2 865 866
2 865 911
2 866 911
2 866 912
2 866 913
2 912 913
2 912 906
2 912 914
2 912 915
2 865 912
2 912 916
2 913 911
2 913 916
2 913 917
2 916 914
2 906 911
2 913 906
2 915 911
2 911 914
2 916 911
2 914 917
2 918 914
2 906 917
2 911 917
2 919 898
2 898 899
2 898 900
2 920 921
2 922 904
2 899 922
2 923 924
2 924 925
2 924 926
2 926 927
2 928 927
2 928 929
2 929 930
2 929 931
2 931 932
2 933 934
2 932 930
2 935 925
2 935 936
2 937 938
2 939 938
2 939 940
2 924 935
2 924 938
2 935 929
2 929 932
2 929 927
2 941 942
2 942 933
2 943 944
2 944 945
2 944 946
2 946 947
2 948 947
2 948 949
2 950 951
2 950 952
2 952 953
2 954 955
2 951 956
2 957 947
2 947 945
2 943 946
2 944 947
2 946 957
2 949 947
2 950 953
2 950 956
2 954 953
2 956 957
2 958 959
2 959 960
2 961 962
2 350 959
2 963 962
2 964 965
2 966 967
2 968 969
2 934 968
2 377 970
2 970 474
2 971 680
2 972 973
2 974 975
2 975 976
2 975 977
2 977 976
2 978 783
2 979 974
2 979 980
2 977 978
2 981 982
2 982 983
2 984 985
2 986 985
2 985 987
2 985 988
2 989 990
2 991 990
2 693 981
2 693 992
2 988 993
2 993 989
2 993 990
2 636 994
2 995 544
2 996 997
2 969 998
2 999 1000
2 1001 1002
2 1003 1004
2 1001 1003
2 1001 1005
2 1006 1007
2 998 1008
2 999 1008
2 1000 1008
2 1009 1003
2 1005 1006
2 1010 1011
2 1011 1012
2 1013 1011
2 1014 1012
2 1015 544
2 544 1016
2 1016 1017
2 1018 1010
2 1019 1020
2 1019 1021
2 1021 1020
2 1021 1022
2 1023 1020
2 1024 1022
2 1025 1026
2 1027 1022
2 1028 480
2 1020 1028
2 1021 1024
2 1024 1029
2 1030 1029
2 1031 1032
2 1031 1025
2 1033 1034
2 1035 1036
2 1036 1037
2 1037 1038
2 436 1033
2 1035 1037
2 1037 1039
2 1040 1041
2 1041 1042
2 1043 1041
2 1042 1044
2 1042 1045
2 1041 1045
2 1046 1047
2 1046 1048
2 1049 1050
2 1051 1049
2 1048 1047
2 1047 1050
2 1048 1050
2 1052 1050
2 1053 1054
2 1055 1056
2 1057 1058
2 1057 1059
2 1057 1060
2 1061 1058
2 1062 1061
2 1063 1060
2 1064 1060
2 1065 1060
2 1060 1058
2 1064 1058
2 1062 1059
2 1058 1059
2 1066 1067
2 1067 1068
2 1067 1069
2 1067 1070
2 1068 1070
2 1066 1068
2 1071 1069
2 1069 1072
2 1070 1072
2 1073 1074
2 1075 1073
2 1076 1077
2 1076 1078
2 1079 1080
2 1079 1078
2 1079 1081
2 1080 1081
2 1077 1078
2 1080 1078
2 1081 1078
2 1082 1083
2 1082 1084
2 1082 1085
2 1082 1086
2 1087 1084
2 1088 1083
2 1088 1084
2 1089 917
2 1085 1087
2 1090 1091
2 1092 1093
2 1093 1094
2 1095 1096
2 1097 1098
2 725 1099
2 1100 1101
2 1100 1102
2 1100 1103
2 1100 1104
2 1105 1103
2 1105 1106
2 1105 1099
2 1102 1106
2 847 1107
2 1101 1106
2 1101 1108
2 1106 1108
2 1106 1103
2 1107 1106
2 1108 1103
2 1108 1099
2 1103 1099
2 1099 726
2 1109 1110
2 1111 1112
2 1111 1113
2 1111 1114
2 1113 1112
2 1115 1114
2 1114 1112
2 1114 1116
2 1112 1116
2 1115 1112
2 1117 1118
2 776 1119
2 1120 878
2 1121 788
2 1122 1123
2 1122 865
2 1123 865
2 1123 906
2 865 906
2 1122 1124
2 1123 1124
2 865 1124
2 1125 1126
2 1125 1127
2 1125 1128
2 1126 1128
2 1126 1129
2 1126 1130
2 1126 1131
2 1127 1131
2 1127 1132
2 1131 1133
2 1127 1129
2 757 1130
2 1134 1135
2 1134 1136
2 1137 832
2 1135 1137
2 1135 831
2 1137 1136
2 1138 1139
2 1140 1141
2 1142 1143
2 1142 1144
2 1143 1145
2 1143 1146
2 1143 1147
2 1043 1148
2 1043 1149
2 1043 1150
2 1151 1152
2 1152 1153
2 1153 1154
2 1155 1149
2 1149 1156
2 1144 1147
2 1146 1145
2 1043 1155
2 1040 1155
2 1153 1155
2 1157 1158
2 1159 1160
2 1161 1162
2 1163 1164
2 1165 1163
2 1164 1166
2 1166 1167
2 1167 1168
2 1169 1170
2 1170 1171
2 1171 1172
2 1171 1173
2 1174 1175
2 1176 1177
2 1178 1179
2 1178 1180
2 1179 1180
2 1180 1181
2 1182 1183
2 1183 1184
2 1184 1185
2 1186 1187
2 1188 1187
2 1189 1187
2 1190 1187
2 1187 1191
2 1192 1193
2 1192 1194
2 1192 1195
2 1192 1196
2 1075 1197
2 1075 1194
2 1075 1198
2 1075 1199
2 1198 1197
2 1198 1195
2 1196 1200
2 1200 1201
2 1193 1194
2 1196 1193
2 1194 1195
2 1194 1197
2 1195 1197
2 1197 1199
2 1197 1202
2 1195 1199
2 1192 1203
2 1075 1203
2 1204 1202
2 1203 1205
2 1203 1193
2 1203 1194
2 1203 1195
2 1194 1199
2 1206 1207
2 1206 1208
2 548 1209
2 1209 1210
2 1209 1211
2 1212 664
2 663 665
2 548 1213
2 1214 671
2 1214 666
2 1214 1213
2 1215 500
2 1216 1217
2 1217 1218
2 1218 640
2 1218 1219
2 1220 1221
2 1220 1222
2 1220 1223
2 1220 616
2 1221 1224
2 613 1222
2 617 1222
2 1225 1224
2 1226 1224
2 1220 1224
2 1227 666
2 1228 1229
2 1228 1230
2 1228 1231
2 1232 1233
2 1232 531
2 1234 1230
2 1234 1229
2 1234 1235
2 1234 1236
2 1230 1237
2 1230 1233
2 1230 1235
2 1232 1230
2 1236 1237
2 636 1235
2 639 1235
2 1235 1237
2 635 1235
2 1237 1229
2 1229 1233
2 1235 1229
2 1232 1229
2 1233 1231
2 1234 1233
2 517 1238
2 518 1238
2 1239 617
2 1239 613
2 1239 1240
2 1241 1240
2 1240 617
2 613 1240
2 1238 1241
2 666 1242
2 671 1242
2 1243 1244
2 1243 1245
2 1244 1242
2 1244 1246
2 1244 1247
2 613 1246
2 1242 1245
2 1242 1246
2 613 1245
2 1246 617
2 1243 1246
2 1248 1249
2 1023 1250
2 1251 1250
2 1250 1252
2 1253 1254
2 1255 1254
2 1256 1257
2 1256 1258
2 1259 1038
2 1258 1260
2 1260 1038
2 1261 1262
2 1262 1263
2 1264 1265
2 1264 1266
2 1264 1267
2 1263 1265
2 1265 1268
2 1261 1269
2 1268 1270
2 1268 1266
2 1268 1267
2 1270 1267
2 1271 1272
2 1273 1272
2 1273 1274
2 1272 1274
2 1272 1275
2 1271 1274
2 1276 1277
2 1278 1279
2 1279 1280
2 1279 1281
2 1279 1282
2 1279 1252
2 1283 1284
2 1285 1284
2 1285 1286
2 1258 1286
2 1258 1284
2 1287 1258
2 1286 1284
2 1288 1282
2 1030 1258
2 1289 1262
2 1289 1269
2 1262 1264
2 1289 1264
2 1290 1269
2 1290 1268
2 1289 1268
2 1264 1036
2 1291 1292
2 1293 1274
2 1294 1292
2 1293 1294
2 1274 1292
2 1295 526
2 1296 1297
2 1298 1299
2 1001 1300
2 1301 1302
2 1301 1303
2 1303 1300
2 1300 1302
2 1004 1304
2 1014 1305
2 1306 1307
2 1306 1308
2 1307 1309
2 1309 1308
2 1310 1309
2 1308 1011
2 1303 1302
2 1311 1302
2 1312 1313
2 1312 1314
2 1315 1314
2 1315 1313
2 1314 1313
2 1316 1314
2 1317 1318
2 1318 1319
2 1318 1320
2 1317 1012
2 1320 1321
2 1322 1323
2 1322 1324
2 1323 1325
2 1323 1324
2 1323 1326
2 1327 1324
2 1328 1329
2 1328 1324
2 1328 1017
2 1324 1329
2 1324 1330
2 1329 1331
2 1329 1326
2 1330 1325
2 1326 1330
2 1323 1321
2 1324 1325
2 1332 1333
2 1329 1334
2 1335 1336
2 1335 1337
2 1336 1337
2 1336 1338
2 1335 1338
2 541 1335
2 1339 1340
2 1339 1341
2 1014 1341
2 1014 1342
2 1343 1344
2 1343 1313
2 1343 1312
2 1341 1343
2 1312 1345
2 1313 1346
2 1346 1345
2 1343 1346
2 1345 1034
2 1342 1347
2 1342 1313
2 1348 1319
2 1348 1320
2 1348 1010
2 1348 1349
2 1317 1320
2 1317 1349
2 1317 1350
2 1010 1351
2 1351 1320
2 1351 1349
2 1319 1320
2 1319 1349
2 1319 1352
2 1319 1350
2 1010 1319
2 1320 1349
2 1320 1352
2 1320 1350
2 1349 1350
2 1353 1354
2 1355 1354
2 1354 1356
2 1354 1322
2 1354 1013
2 1357 1358
2 1357 1359
2 1360 1359
2 1360 1361
2 1360 1362
2 1363 1358
2 1363 1364
2 1332 1364
2 1360 1015
2 1361 1334
2 1363 1361
2 1360 1016
2 1362 1334
2 1359 1358
2 1359 1364
2 1358 1364
2 1358 1365
2 1364 1365
2 1332 1365
2 1332 1037
2 474 1366
2 1367 1366
2 1368 1369
2 1370 1371
2 1370 1369
2 1370 1372
2 1373 1372
2 1373 1371
2 1374 1372
2 1374 1371
2 1374 1375
2 1374 1008
2 1372 1371
2 1372 1376
2 1371 1369
2 1369 1366
2 1375 1377
2 1375 1378
2 1377 1378
2 1377 1379
2 1377 1380
2 1378 1379
2 1378 1381
2 1378 1008
2 1378 1382
2 1379 1381
2 1379 1382
2 1379 1383
2 1384 1385
2 1384 1386
2 1005 1386
2 1387 1388
2 1387 1389
2 1387 1390
2 1388 1391
2 1388 1392
2 1393 1394
2 1390 1393
2 1394 1032
2 1392 1394
2 1395 1394
2 1393 1032
2 1395 1032
2 1394 1391
2 969 1396
2 491 1396
2 491 1397
2 1396 1397
2 1396 1398
2 1397 1398
2 1397 1370
2 1399 1020
2 1381 1400
2 1381 1401
2 1381 1402
2 1381 1403
2 1404 1401
2 1404 1007
2 1404 1400
2 1401 1400
2 1401 1007
2 1400 1382
2 1007 1400
2 1382 1402
2 1401 1382
2 1403 1382
2 1402 1405
2 1402 1020
2 1381 1404
2 1381 1405
2 1406 1407
2 1406 1408
2 1407 1409
2 1409 1408
2 1409 1410
2 1409 1384
2 1406 1409
2 1410 1408
2 1407 1410
2 1007 1408
2 1411 1029
2 1412 1413
2 1412 1414
2 1415 1416
2 1415 1413
2 1395 1417
2 1414 1416
2 1414 1392
2 1414 1391
2 1418 1419
2 1420 1417
2 1419 1417
2 1003 1421
2 1418 1003
2 1421 1417
2 1417 1391
2 1413 1416
2 1392 1413
2 1413 1029
2 1416 1029
2 1395 1416
2 1395 1029
2 1002 1419
2 1002 1422
2 1419 1003
2 1419 1422
2 1422 1003
2 1422 1423
2 1424 1425
2 1426 1427
2 1427 1425
2 1427 1428
2 1429 1425
2 1430 1431
2 1430 1432
2 1431 1433
2 303 1434
2 1435 306
2 1435 1436
2 1437 1438
2 1437 1436
2 1437 427
2 1439 1438
2 1440 1441
2 1442 1441
2 1442 1443
2 1442 1444
2 1441 1443
2 1441 1444
2 1441 1445
2 1441 1446
2 1446 1443
2 1445 1443
2 354 1447
2 1447 381
2 1448 381
2 1447 1449
2 1450 328
2 427 1451
2 1452 1451
2 425 1452
2 1450 1452
2 1450 1451
2 1453 1454
2 1455 1456
2 1457 1456
2 1453 368
2 1455 1458
2 1459 1460
2 1459 1461
2 1459 1462
2 1460 1462
2 1460 451
2 1460 1461
2 371 1461
2 1462 1461
2 318 1438
2 1438 331
2 1463 1464
2 1464 331
2 1465 1449
2 1449 373
2 1466 1467
2 1466 1468
2 1468 1469
2 1468 1470
2 1471 1468
2 1472 1470
2 1472 1467
2 1472 1473
2 1466 1472
2 1473 1470
2 1473 427
2 1474 427
2 427 1475
2 1467 1470
2 1469 1476
2 1470 1475
2 1474 1470
2 1470 426
2 1477 1478
2 1479 1480
2 1480 1478
2 1479 1478
2 972 1481
2 972 1479
2 972 1482
2 1483 1484
2 1483 1485
2 1482 1485
2 1482 1484
2 1484 1486
2 1487 1485
2 1487 1488
2 1487 1489
2 1485 1490
2 1490 1488
2 1484 1489
2 1491 1492
2 1491 1489
2 1489 1492
2 1493 1492
2 1494 1493
2 1495 1496
2 1497 1496
2 1496 1498
2 1499 1481
2 1499 1479
2 1499 1477
2 1500 1493
2 1500 1491
2 1491 1501
2 1491 1502
2 1493 1501
2 1501 1503
2 1491 1503
2 1504 1505
2 728 1506
2 1507 750
2 1508 1509
2 1510 1511
2 1512 1513
2 1512 1514
2 1515 1516
2 1516 1514
2 1517 1518
2 1517 1519
2 1520 1521
2 1522 1521
2 1522 1518
2 1521 1518
2 1521 1519
2 1517 1523
2 1524 1525
2 1526 1527
2 1527 1525
2 636 1528
2 1529 1530
2 1529 1531
2 1532 1533
2 1532 1534
2 1532 1535
2 1532 1528
2 1536 1537
2 1536 1530
2 1536 997
2 1530 1537
2 1530 1534
2 997 1537
2 997 1538
2 1530 997
2 1537 1538
2 1531 1534
2 1534 1533
2 1536 1534
2 1533 639
2 1528 639
2 1532 1530
2 1532 1531
2 1539 1512
2 1540 1541
2 1542 1541
2 1542 1543
2 1544 1516
2 1544 1541
2 1516 1541
2 1516 1543
2 1541 1543
2 1542 1545
2 1517 1546
2 1546 1521
2 1546 1545
2 1517 1547
2 1517 1545
2 1548 1549
2 1548 1550
2 1548 1551
2 1527 1551
2 1527 1549
2 1527 1550
2 1550 1552
2 1550 1524
2 1550 1547
2 1547 1553
2 1547 1549
2 1547 1552
2 1553 1549
2 1553 1552
2 1549 1552
2 1549 1524
2 1524 1551
2 1529 1554
2 1534 1554
2 1555 1556
2 977 1556
2 988 1557
2 1558 1557
2 1558 987
2 1558 1559
2 1557 1560
2 1557 987
2 1558 1560
2 1561 977
2 1562 1563
2 973 1564
2 973 1565
2 1563 1564
2 1566 987
2 1566 988
2 1566 1567
2 988 1568
2 987 1568
2 1567 1564
2 1565 1564
2 981 1569
2 981 1570
2 1571 992
2 1569 1572
2 1569 1573
2 1569 1574
2 1574 1570
2 1569 992
2 1575 1576
2 1577 1576
2 1560 1578
2 1560 1579
2 983 1580
2 986 1580
2 986 1581
2 1580 1581
2 1580 1567
2 1580 1563
2 1563 974
2 1582 1574
2 1582 1573
2 1582 1572
2 1574 1583
2 1584 1583
2 984 1583
2 1583 1573
2 1584 1573
2 1582 1583
2 1585 1577
2 1575 1577
2 1575 1586
2 1575 1587
2 1577 1586
2 920 1588
2 1589 1590
2 1591 1590
2 1590 1592
2 1593 1594
2 1593 910
2 1594 1595
2 1594 904
2 1594 1596
2 1597 1598
2 1597 1599
2 1600 850
2 847 1599
2 847 1596
2 904 1598
2 1600 1595
2 1593 1595
2 1601 1602
2 1603 783
2 1604 1605
2 680 1495
2 1495 697
2 1495 1606
2 1497 1607
2 1497 1606
2 1497 1608
2 636 1606
2 697 1607
2 680 1607
2 1607 1606
2 1608 1498
2 1606 639
2 474 1609
2 1610 480
2 1611 1277
2 1276 1277
2 1612 1613
2 1612 1614
2 1613 1614
2 1615 1616
2 1615 1617
2 1618 1617
2 1619 1620
2 1619 1616
2 1619 1617
2 1620 1616
2 1620 1617
2 1616 1617
2 1617 1621
2 1622 1623
2 1623 1624
2 1623 1625
2 1623 1626
2 1624 1625
2 1616 1627
2 941 1628
2 1629 1630
2 1629 1631
2 1629 1632
2 1631 1630
2 1631 1633
2 1632 1630
2 1634 1630
2 1633 1630
2 1628 1633
2 1632 1633
2 946 1635
2 946 1636
2 1636 1635
2 1636 945
2 945 1635
2 946 1637
2 946 1638
2 1637 1638
2 1637 945
2 1638 1639
2 1638 1640
2 1638 1641
2 1642 1643
2 1640 1643
2 1640 1644
2 1645 1643
2 1645 1644
2 1645 1646
2 1645 1647
2 1644 1647
2 1644 1641
2 1647 1643
2 1638 945
2 1639 1643
2 1641 1643
2 1641 1646
2 1643 1646
2 1637 1639
2 953 1648
2 1649 1650
2 1651 1650
2 1651 1652
2 1650 1652
2 1652 1653
2 1652 1654
2 1653 1654
2 1650 1653
2 1655 1651
2 952 1656
2 1656 1657
2 1656 953
2 1657 1658
2 1657 1659
2 1657 953
2 1659 1660
2 1659 1661
2 1656 1659
2 1657 1660
2 1660 1662
2 1661 1662
2 1659 1662
2 1663 1664
2 1663 1665
2 1666 1665
2 1667 1668
2 1668 1669
2 1668 1670
2 1668 967
2 956 1671
2 956 1672
2 1671 1672
2 1641 1673
2 1673 1674
2 1674 967
2 1641 1674
2 1675 1676
2 1675 956
2 1677 1676
2 1677 1678
2 1677 1650
2 1677 1679
2 1680 1650
2 1680 1676
2 1676 1650
2 1680 1681
2 1680 1682
2 955 1683
2 955 1684
2 1685 1684
2 1686 1660
2 1681 1687
2 1683 1684
2 1660 1688
2 1660 1687
2 1684 1660
2 1660 1689
2 1661 1689
2 1688 1687
2 1688 1689
2 1688 1690
2 1687 1689
2 1687 1690
2 955 1691
2 1691 1692
2 1693 1694
2 1695 1696
2 1695 1697
2 1698 1699
2 1700 1699
2 1700 1701
2 1699 1701
2 1699 1702
2 1701 1702
2 1702 1696
2 1697 1696
2 1701 1697
2 1697 1703
2 1699 1697
2 1696 1704
2 1703 1704
2 1703 1705
2 1699 350
2 350 1701
2 1701 1703
2 1706 1707
2 1706 1708
2 1707 1709
2 1707 1708
2 1707 1710
2 1707 1711
2 1708 1711
2 1708 1709
2 1709 1710
2 1706 1710
2 1712 1713
2 1713 1714
2 1713 1715
2 1713 1716
2 1717 1718
2 1717 1719
2 1717 1715
2 1715 1718
2 1715 1720
2 1721 1719
2 1721 1722
2 1723 1724
2 1723 1719
2 1724 1719
2 1724 1722
2 1719 1718
2 1715 1725
2 1722 1718
2 1722 1716
2 1716 1720
2 1720 1714
2 1726 1714
2 1715 1726
2 1726 1727
2 1714 1728
2 1714 1727
2 1713 1728
2 1713 1727
2 1723 1722
2 1720 1727
2 1729 1730
2 1731 1732
2 1731 1733
2 1731 1734
2 1735 1732
2 1735 1736
2 1737 1738
2 1737 1739
2 1737 1734
2 1737 1733
2 1738 1740
2 1738 1734
2 1738 1733
2 1738 1739
2 1738 1732
2 1734 1733
2 1734 1732
2 1734 1740
2 1741 1739
2 1742 1740
2 1739 1740
2 1740 1733
2 1743 1732
2 1733 1732
2 1735 1733
2 1744 1697
2 1744 1745
2 1746 1709
2 1747 1748
2 960 1749
2 1750 1751
2 1750 1752
2 1709 1750
2 961 1753
2 961 1754
2 961 1755
2 1753 1754
2 1753 1755
2 1756 1754
2 1715 1754
2 1757 1758
2 1757 1759
2 1757 1760
2 1761 1762
2 1761 1763
2 1761 963
2 1761 1764
2 1761 1765
2 961 1762
2 963 1762
2 1766 1762
2 1766 1763
2 1762 1763
2 1762 1765
2 1763 1765
2 1763 1760
2 1760 1767
2 1768 1767
2 1767 1758
2 1767 1759
2 1758 1769
2 1758 1770
2 1768 1758
2 1769 1770
2 1767 1769
2 1759 1770
2 1759 1771
2 1772 1759
2 1733 1773
2 1734 1773
2 1774 1775
2 1774 1776
2 1777 1778
2 1777 1776
2 1777 1779
2 1780 1776
2 1780 1775
2 1780 1778
2 1776 1781
2 1778 1781
2 1781 1775
2 931 1782
2 931 1783
2 931 1784
2 1782 930
2 1782 1784
2 1782 1785
2 1783 1786
2 1783 930
2 1785 1784
2 1787 1788
2 1788 1789
2 1788 1790
2 1791 1789
2 1791 1774
2 1789 1774
2 1788 1774
2 930 1784
2 1784 1786
2 1782 1786
2 1787 1791
2 1787 1789
2 1792 1793
2 1792 1794
2 1792 951
2 1795 951
2 1795 1796
2 1795 1793
2 1797 1793
2 1798 1793
2 1798 1799
2 1793 1794
2 1800 1801
2 1799 1802
2 1803 1801
2 1803 930
2 1803 931
2 1801 1804
2 1799 1801
2 1799 1794
2 923 1805
2 1805 1806
2 1807 1806
2 1807 1808
2 1806 1808
2 1806 1809
2 1809 1810
2 1809 1811
2 1810 1811
2 1810 1812
2 1810 1808
2 1811 1808
2 1809 1812
2 1813 1814
2 1815 1814
2 1815 1816
2 1817 1814
2 1818 923
2 1813 1816
2 942 1819
2 942 1820
2 1821 1819
2 1821 1820
2 1819 1820
2 1819 1822
2 1819 1823
2 1824 1825
2 1826 1827
2 1828 1790
2 1825 1827
2 1829 1822
2 1829 942
2 1830 1831
2 1830 1832
2 1830 1790
2 942 1832
2 1822 1831
2 1831 1790
2 935 1833
2 935 1834
2 1833 1834
2 1835 927
2 935 1836
2 1837 1834
2 1837 1799
2 1799 1838
2 1839 1838
2 1838 1840
2 1841 1840
2 1839 1841
2 948 1842
2 948 1843
2 1844 1843
2 1844 1842
2 1844 1809
2 1844 1808
2 1843 1845
2 1846 1847
2 1846 1848
2 1846 1845
2 1809 1845
2 1849 935
2 1847 1848
2 1847 1850
2 1847 1808
2 1809 1847
2 935 1850
2 927 1850
2 1850 1848
2 1848 1808
2 1808 1845
2 1845 1842
2 1851 1852
2 1852 1853
2 1852 1854
2 1852 1855
2 1853 1856
2 1851 1853
2 1856 1854
2 1852 1856
2 1853 1857
2 1852 1857
2 1813 1858
2 1853 1813
2 1859 1860
2 1852 1861
2 1851 1854
2 1813 1859
2 1813 1860
2 1855 1854
2 1862 1863
2 1863 1864
2 1863 1865
2 1864 1866
2 1866 1865
2 1866 1867
2 1863 1868
2 1867 1869
2 1868 1870
2 1871 1872
2 1873 1874
2 1873 1872
2 1875 1876
2 1877 1878
2 1871 1879
2 1871 1880
2 1879 1880
2 1881 1882
2 1883 1882
2 1881 1883
2 1884 1885
2 1886 1887
2 1888 1889
2 1889 1890
2 1891 1892
2 1893 1894
2 1895 1896
2 1895 1885
2 1885 1896
2 1885 1894
2 1896 1894
2 1897 1898
2 1899 1898
2 1900 1901
2 1900 1902
2 1900 1903
2 1901 1902
2 1904 1905
2 1906 1904
2 1907 1908
2 640 1909
2 1910 1905
2 1911 1905
2 1912 1905
2 1905 1913
2 1914 1908
2 1914 1915
2 1916 1917
2 1915 1918
2 1917 1908
2 1918 1908
2 1919 1920
2 1919 1921
2 1922 1923
2 1924 798
2 1925 1926
2 1925 1927
2 1925 1928
2 1928 1929
2 1922 1927
2 1927 1929
2 1926 1927
2 1930 1931
2 1932 1933
2 1932 1934
2 1935 1933
2 1935 1936
2 1935 1937
2 1932 1935
2 1933 1936
2 1936 1937
2 1936 1934
2 1938 1932
2 663 665
2 663 1939
2 665 1939
2 1940 1938
2 1941 1923
2 1941 1942
2 1923 755
2 1923 753
2 1943 1928
2 1943 1927
2 1944 1928
2 1944 1927
2 1928 1945
2 1928 1946
2 1945 1927
2 1946 1927
2 1947 1948
2 1947 1949
2 1930 1950
2 1951 1950
2 1948 1950
2 1950 1949
2 1952 1932
2 1952 1953
2 1932 1954
2 1953 1955
2 1956 1957
2 1940 1957
2 1956 1958
2 1940 1959
2 1940 1960
2 1961 1957
2 1962 1963
2 1964 1965
2 1966 1967
2 1968 1967
2 1967 1963
2 1969 1970
2 1971 915
2 1972 813
2 915 1970
2 1972 1970
2 1973 812
2 1974 1975
2 1976 1977
2 1977 1975
2 1974 1978
2 1956 1979
2 1980 645
2 1981 1982
2 1982 1983
2 664 1982
2 665 1982
2 1983 640
2 1984 1985
2 1986 1987
2 1987 1985
2 1988 1985
2 1986 1985
2 1989 1990
2 1989 1991
2 1991 1992
2 1991 1990
2 1989 1992
2 1990 1993
2 1994 1995
2 1993 1994
2 1993 1996
2 1997 1998
2 1999 2000
2 2001 2000
2 1998 2000
2 1998 2002
2 2000 2002
2 2001 2002
2 2003 2004
2 2005 2006
2 2005 2007
2 2005 2008
2 2006 2008
2 2006 2009
2 2009 2010
2 2011 2012
2 2013 2012
2 2014 2015
2 2016 2017
2 2016 2015
2 2017 2015
2 2018 2019
2 2020 2004
2 2021 2004
2 2022 2023
2 2022 2024
2 2023 2025
2 2009 2025
2 2009 2026
2 2025 2026
2 2027 2013
2 2028 2015
2 2029 2030
2 2031 2032
2 2033 2034
2 2035 2032
2 2036 2037
2 2032 2038
2 2032 2039
2 2040 2041
2 2042 2043
2 2044 2045
2 2044 2046
2 2047 2043
2 2043 2046
2 2048 2046
2 2042 2049
2 2050 2051
2 2050 2029
2 2052 2053
2 2052 2054
2 2052 2055
2 2053 2055
2 2053 2056
2 2019 2053
2 2029 2051
2 2052 2029
2 2051 2057
2 2055 2056
2 2058 2036
2 2058 2059
2 2058 2060
2 2060 2061
2 2059 2062
2 2059 2061
2 2062 2063
2 2063 2036
2 2036 2061
2 2064 2065
2 2066 2067
2 2066 2065
2 2041 2068
2 2041 2069
2 2070 2071
2 2070 2046
2 2071 2072
2 2071 2073
2 2071 2046
2 2071 2042
2 2074 2046
2 2073 2072
2 2072 2046
2 2075 2076
2 2077 2076
2 2078 2079
2 2080 2079
2 2080 2081
2 2082 2081
2 2082 2079
2 2082 2083
2 2082 2084
2 2082 2085
2 2085 2086
2 2086 2087
2 2079 2088
2 2082 2087
2 2082 2089
2 2085 2089
2 2089 2087
2 2090 2091
2 2090 2092
2 2090 2093
2 2094 2092
2 2094 2095
2 2092 2095
2 2093 2095
2 2095 2091
2 2092 2093
2 2096 2097
2 2097 2098
2 2093 2091
2 2099 2097
2 2099 2100
2 2099 2101
2 2099 2102
2 2097 2103
2 2104 2105
2 2100 2103
2 2106 2105
2 2104 2107
2 2108 2105
2 2105 2102
2 2102 2103
2 2103 2109
2 2103 2101
2 2110 2103
2 2111 2112
2 2111 2113
2 2112 2113
2 2114 2115
2 2116 2117
2 2116 2118
2 2116 2119
2 2116 2120
2 2116 2121
2 2116 2122
2 2117 2119
2 2117 2120
2 2117 2123
2 2117 2124
2 2119 2118
2 2121 2123
2 2124 2118
2 2120 2118
2 2120 2123
2 2123 2118
2 2085 2125
2 2125 2126
2 2127 2128
2 2092 2129
2 2130 2091
2 2091 2131
2 2098 2128
2 2132 2098
2 2132 2092
2 2092 2130
2 2133 2134
2 2133 2135
2 2133 2136
2 2133 2104
2 2134 2104
2 2104 2135
2 2134 2136
2 2137 2138
2 2137 2139
2 2137 2113
2 2137 2140
2 2113 2141
2 589 578
2 2113 546
2 2113 589
2 2113 2142
2 546 2143
2 2144 2145
2 2146 2145
2 2143 2145
2 2147 2148
2 2148 2149
2 2019 2150
2 2150 2056
2 2151 2150
2 2152 2153
2 2153 2154
2 2153 2155
2 2153 2156
2 2157 2155
2 2158 2159
2 2160 2159
2 2160 2154
2 2159 2154
2 2157 2159
2 2154 2155
2 2161 2155
2 2155 2162
2 2163 2164
2 2164 2165
2 2164 2166
2 2166 2167
2 2168 2169
2 2170 2171
2 2172 2173
2 2174 2175
2 2174 2176
2 2175 2176
2 2177 2176
2 2152 2156
2 2152 2178
2 2179 2178
2 2179 2156
2 2152 2179
2 2178 2156
2 2180 2181
2 2181 2182
2 2183 2184
2 2185 2186
2 2187 2184
2 2188 2184
2 2184 2186
2 2188 2186
2 2181 2183
2 2189 2190
2 2190 2191
2 2192 2193
2 2194 2171
2 2195 2196
2 2197 2196
2 2198 2199
2 2200 2201
2 2202 2201
2 2200 2203
2 2204 2205
2 2206 2207
2 2207 2198
2 2208 2198
2 2206 2208
2 2209 2210
2 2202 2211
2 2212 2213
2 2205 2214
2 2205 2215
2 2216 2217
2 2216 2218
2 2217 2218
2 2217 2219
2 2218 2219
2 2218 2220
2 2221 2219
2 2222 2223
2 2222 2224
2 2225 2226
2 2227 2228
2 2227 2223
2 2227 2226
2 2229 2230
2 2229 2223
2 2229 2231
2 2229 2224
2 2230 2223
2 2230 2224
2 2227 2230
2 2232 2223
2 2227 2232
2 2223 2224
2 2223 2228
2 2224 2228
2 2224 2226
2 2228 2226
2 2233 2234
2 2235 2233
2 2225 2234
2 2235 2227
2 2236 2237
2 2237 2238
2 2237 2239
2 2237 2240
2 2238 2241
2 2238 2239
2 2240 2241
2 2240 2242
2 2243 2244
2 2241 2244
2 2245 2246
2 2245 2247
2 2245 2248
2 2245 2249
2 2250 2251
2 2247 2248
2 2247 2252
2 2247 2249
2 2246 2248
2 2246 2252
2 2246 2249
2 2253 2249
2 2254 2249
2 2254 2248
2 2255 2254
2 2247 2254
2 2249 2248
2 2256 2257
2 2256 2258
2 2257 2258
2 2257 2259
2 2258 2259
2 2259 2260
2 2261 2262
2 2259 2262
2 2250 2262
2 2263 2262
2 2264 2265
2 2264 2266
2 2267 2268
2 2267 2269
2 2266 2270
2 2218 2270
2 2267 2218
2 2271 2272
2 2243 2273
2 2243 2274
2 2275 2273
2 2274 2276
2 2277 2278
2 2277 2273
2 2278 2273
2 2278 2241
2 2243 2278
2 2279 2273
2 2273 2241
2 2280 2276
2 2273 2280
2 2276 2281
2 2279 2241
2 2282 2283
2 2282 2284
2 2285 2283
2 2285 2284
2 2283 2286
2 2283 2249
2 2287 2281
2 2286 2284
2 2284 2249
2 2288 2289
2 2259 2290
2 2259 2291
2 2259 2292
2 2259 2293
2 2294 2295
2 2294 2292
2 2294 2290
2 2290 2296
2 2295 2296
2 2297 2291
2 2259 2296
2 2298 2299
2 2300 2299
2 2301 2302
2 2301 2303
2 2301 2304
2 2302 2305
2 2302 2303
2 2302 2306
2 2306 2307
2 2306 2308
2 2306 2309
2 2307 2309
2 2307 2303
2 2309 2310
2 2305 2308
2 2305 2311
2 2305 2312
2 2305 2303
2 2305 2313
2 2305 2304
2 2308 2303
2 2304 2311
2 2302 2311
2 2302 2312
2 2303 2314
2 2306 2315
2 2314 2310
2 2301 2306
2 2316 2317
2 2318 2317
2 2319 2320
2 2321 2317
2 2317 2322
2 2322 2320
2 2323 2324
2 2325 2326
2 2327 2328
2 2325 2329
2 2330 2326
2 2330 2316
2 2330 2328
2 2326 2328
2 2327 2324
2 2331 2332
2 2333 2334
2 2333 2335
2 2299 2336
2 2333 2299
2 2299 2337
2 2337 2338
2 2339 2340
2 2341 2342
2 2341 2343
2 2341 2321
2 2341 2322
2 2321 2340
2 2344 2322
2 2321 2344
2 2340 2322
2 2321 2345
2 2322 2345
2 2346 2341
2 2346 2342
2 2341 2340
2 2347 2348
2 2348 2349
2 2350 2328
2 2350 2325
2 2349 2325
2 2348 2325
2 2325 2351
2 2325 2352
2 2325 2353
2 2354 2355
2 2354 2356
2 2357 2356
2 2357 2358
2 2359 2355
2 2360 2358
2 2360 2331
2 2360 2361
2 2360 2362
2 2363 2364
2 2355 2356
2 2355 2365
2 2361 2366
2 2362 2366
2 2354 2357
2 2357 2355
2 2367 2368
2 2367 2369
2 2367 2370
2 2369 2368
2 2369 2371
2 2369 2372
2 2368 2371
2 2338 2373
2 2338 2374
2 2375 2374
2 2376 2377
2 2376 2378
2 2378 2379
2 2378 2380
2 2377 2374
2 2380 2381
2 2382 2383
2 2382 2384
2 2383 2384
2 2384 2385
2 2384 2386
2 2385 2387
2 2387 126
2 2388 2389
2 2390 2389
2 2391 2392
2 2392 2393
2 2394 2395
2 2394 2396
2 2395 2396
2 2395 2397
2 2396 2397
2 2396 2398
2 2397 2399
2 2400 126
2 2401 2398
2 2398 2402
2 2403 2404
2 2403 2405
2 2405 2406
2 2404 2406
2 2407 2408
2 2398 2408
2 2409 2410
2 2411 2412
2 2411 2410
2 2411 2413
2 2410 2414
2 2414 2412
2 2398 2409
2 2398 2411
2 2406 2415
2 2416 2417
2 2416 2406
2 2418 2419
2 2418 2406
2 2419 2406
2 2420 2421
2 2422 2423
2 2422 2424
2 2423 2424
2 2424 2421
2 2425 2424
2 2426 2427
2 2426 2428
2 2426 2429
2 2427 2428
2 2427 2430
2 2427 2431
2 2426 2430
2 2432 2433
2 2433 2434
2 2426 2433
2 2432 2435
2 2432 2436
2 2437 2428
2 2438 2439
2 2440 2441
2 2440 2439
2 2440 2442
2 2440 2443
2 2441 2439
2 2441 2443
2 2441 2444
2 2439 2443
2 2439 2444
2 2439 2445
2 2444 2445
2 2444 2446
2 2444 2447
2 2445 2447
2 2445 2443
2 2445 2448
2 2447 2448
2 2447 2435
2 2447 2449
2 2448 2435
2 2448 2449
2 2448 2450
2 2443 2446
2 2447 2443
2 2446 2442
2 124 2451
2 2452 2453
2 2454 2451
2 2454 2455
2 2456 2457
2 2451 2456
2 2435 2458
2 2435 2459
2 2459 2449
2 2460 2461
2 2462 2460
2 2458 2449
2 2463 2464
2 2465 2463
2 2466 2467
2 2466 2468
2 2466 2469
2 2466 2470
2 2466 2471
2 2468 2470
2 2468 2471
2 2468 2472
2 2468 2469
2 2471 2467
2 2471 2473
2 2472 2473
2 2472 2470
2 2473 2474
2 2470 2467
2 2473 2470
2 2467 2469
2 2472 2467
2 2475 2466
2 2475 2470
2 2435 2476
2 2477 2478
2 2477 2479
2 2477 2480
2 2477 2481
2 2478 2480
2 2478 2482
2 2478 2483
2 2478 2479
2 2480 2476
2 2480 2482
2 2484 2481
2 2436 2476
2 2449 2476
2 2435 2483
2 2449 2483
2 2485 2482
2 2476 2485
2 2485 2479
2 2482 2479
2 2482 2481
2 2479 2481
2 2479 2486
2 2484 2479
2 2481 2486
2 2481 2487
2 2480 2479
2 2488 2489
2 2490 2489
2 2491 2489
2 2488 2492
2 2493 2494
2 2492 2495
2 2495 2496
2 2495 2497
2 2492 2496
2 2488 2495
2 2498 2499
2 2500 2501
2 2500 2499
2 2502 2503
2 2502 2504
2 2502 2505
2 2498 2499
2 2506 2507
2 2506 2508
2 2507 2509
2 2502 2498
2 2510 2511
2 2510 2512
2 2511 2512
2 2511 2513
2 2512 2513
2 2514 2515
2 2515 2516
2 2517 2516
2 2518 2519
2 2520 2521
2 2522 2523
2 2524 2525
2 2518 2526
2 2520 2525
2 2527 2528
2 2527 2529
2 2528 2530
2 2531 2529
2 2531 2532
2 2529 2530
2 2531 2533
2 2531 2530
2 2534 2535
2 2536 2537
2 2538 2539
2 2540 2541
2 2541 2537
2 2542 2537
2 2543 2537
2 2544 2537
2 2541 2542
2 2544 2526
2 2545 2546
2 2546 2547
2 2548 2549
2 2549 2550
2 2551 2552
2 2553 2547
2 2546 2553
2 2553 2554
2 2547 2554
2 2554 2555
2 2549 2555
2 2546 2555
2 2548 2556
2 2557 2558
2 2557 2559
2 2558 2560
2 2558 2559
2 2558 2561
2 2559 2561
2 2559 2560
2 2559 2562
2 2559 2392
2 2563 2564
2 2563 2565
2 2566 2565
2 2566 2567
2 2566 2564
2 2565 2568
2 2565 2569
2 2570 2571
2 2571 2572
2 2571 2573
2 2571 2574
2 2571 2569
2 2573 2574
2 2573 2575
2 2573 2572
2 2574 2575
2 2574 2576
2 2572 2576
2 2572 2569
2 2577 2572
2 2575 2576
2 2578 2576
2 2567 2568
2 2567 2569
2 2563 2567
2 2564 2568
2 2564 2579
2 2580 2564
2 2566 2579
2 192 2575
2 124 2575
2 2564 2562
2 2581 2582
2 2583 2584
2 2583 2585
2 2583 2582
2 2583 2586
2 2582 2584
2 2582 2587
2 2584 2588
2 2584 2589
2 2587 2589
2 2588 2586
2 2590 2591
2 2592 2593
2 2594 2595
2 2596 2597
2 2593 2598
2 2597 2599
2 2600 2601
2 2600 2602
2 2603 2604
2 2605 2606
2 2607 2608
2 2606 2609
2 2610 2604
2 2604 2611
2 2612 2613
2 2614 2615
2 2616 2617
2 2618 2619
2 2620 2621
2 2622 2621
2 2621 2623
2 2621 2624
2 2621 2625
2 2623 2624
2 2623 2625
2 2623 2626
2 2623 2627
2 2625 2626
2 2625 2627
2 2627 2624
2 2437 2626
2 2626 2624
2 2628 2629
2 2506 2630
2 2631 2632
2 2631 2633
2 2634 2635
2 2634 2636
2 2462 2637
2 2638 2462
2 2637 2636
2 2636 2635
2 2639 2640
2 2398 2640
2 2641 2642
2 2641 2643
2 2644 2643
2 2642 2399
2 2645 2646
2 2398 2642
2 2398 2646
2 2644 2642
2 2647 2522
2 2648 2649
2 2648 2650
2 2648 2651
2 2649 2650
2 2649 2652
2 2649 2653
2 2650 2653
2 2650 2654
2 2653 2654
2 2655 2656
2 2657 2656
2 2657 2658
2 2656 2658
2 2656 2659
2 2656 2660
2 2658 2659
2 2658 2661
2 2658 2662
2 2659 2661
2 2659 2662
2 2663 2659
2 2661 2662
2 2664 2522
2 2648 2652
2 2647 2648
2 2647 2649
2 2656 2526
2 2659 2526
2 2665 2666
2 2665 2628
2 2667 2665
2 2668 2669
2 2670 2671
2 2672 2669
2 2670 2672
2 2628 2669
2 2435 2450
2 2435 2673
2 2450 2449
2 2450 2673
2 2450 2674
2 2675 2676
2 2675 2677
2 2675 2673
2 2677 2678
2 2677 2673
2 2679 2680
2 2679 2681
2 2679 2643
2 2679 2682
2 2681 2682
2 2681 2680
2 2681 2643
2 2683 2684
2 2678 2676
2 2675 2678
2 2676 2673
2 2673 2449
2 2682 2680
2 2680 2643
2 2685 2686
2 2686 2687
2 2686 2688
2 2688 2689
2 2689 2687
2 2690 2691
2 2690 2692
2 2690 2693
2 2690 2694
2 2695 2690
2 2691 2694
2 2691 2692
2 2695 2696
2 2693 126
2 2697 2698
2 2698 2699
2 2698 2700
2 2698 2701
2 2699 2702
2 2699 2703
2 2697 2699
2 2699 2704
2 2702 2704
2 2698 2702
2 2702 2705
2 2702 2703
2 2704 2705
2 2704 2706
2 2705 2706
2 2707 2708
2 2707 2709
2 2707 2710
2 2708 2710
2 2708 2711
2 2710 2711
2 2710 2712
2 2710 2713
2 2711 2712
2 2711 2709
2 2711 2714
2 2711 2715
2 2712 2714
2 2712 2715
2 2712 2716
2 2712 2709
2 2714 2715
2 2714 147
2 2703 2700
2 2717 2705
2 2717 2706
2 2717 2718
2 127 2697
2 127 2698
2 127 2712
2 127 2714
2 127 2715
2 127 2700
2 2707 2719
2 2720 2721
2 175 2722
2 2723 2722
2 2724 2723
2 2721 2725
2 2725 2726
2 2727 2728
2 2727 2729
2 2727 2730
2 2728 2730
2 2728 2731
2 2728 2732
2 2730 2732
2 2730 2733
2 2730 2734
2 2730 2735
2 2734 2732
2 2734 2736
2 2734 2737
2 2734 2729
2 2734 2738
2 2736 2737
2 2736 2732
2 2736 2739
2 2740 2741
2 2742 2743
2 2742 2741
2 2742 2744
2 2742 2745
2 2742 2746
2 2742 2747
2 2743 2744
2 2743 2748
2 2743 2745
2 2743 2747
2 2743 2749
2 2743 2741
2 2745 2749
2 2745 2748
2 2745 2750
2 2749 2750
2 2749 2744
2 2749 2454
2 2751 2752
2 2735 2729
2 2732 2729
2 2732 2733
2 2729 2731
2 2744 2748
2 2748 2741
2 2748 2746
2 2747 2748
2 2741 2753
2 2746 2753
2 2746 2754
2 2754 2752
2 2755 2752
2 2732 2731
2 2747 2741
2 2753 2752
2 2756 2757
2 2758 2759
2 2758 2757
2 2760 2757
2 2760 2761
2 2762 2757
2 2761 2757
2 2763 2764
2 2763 2765
2 2766 2764
2 2766 2767
2 2768 2769
2 2768 2770
2 2771 2769
2 2771 2770
2 2771 2772
2 2769 2770
2 2769 2772
2 2769 2773
2 2769 2774
2 2770 2772
2 2770 2773
2 2770 2774
2 2772 2774
2 2763 2767
2 2775 2776
2 2777 2778
2 2777 2779
2 2777 2780
2 2778 2781
2 2778 2779
2 2778 2780
2 2778 2782
2 2778 2783
2 2780 2783
2 2780 2781
2 2761 2784
2 2761 2785
2 2761 2786
2 2784 2785
2 2784 2786
2 2787 2786
2 2788 2786
2 2783 2779
2 2779 2781
2 2789 2786
2 2790 2786
2 2488 2777
2 2791 2196
2 2792 2793
2 2793 2794
2 2793 2795
2 2793 2796
2 2794 2796
2 2792 2794
2 2794 2797
2 2796 2797
2 2796 2354
2 2792 2798
2 2799 2800
2 2801 2802
2 2801 2803
2 2288 2804
2 2805 2803
2 2806 2807
2 2808 2807
2 2808 2809
2 2809 2810
2 2809 2803
2 2810 2802
2 2810 2811
2 2810 2807
2 2802 2812
2 2802 2813
2 2813 2814
2 2813 2815
2 2814 2816
2 2814 2817
2 2814 2812
2 2814 2811
2 2813 2816
2 2818 2815
2 2807 2803
2 2819 2803
2 2817 2815
2 2815 2812
2 2810 2812
2 2801 2812
2 2816 2812
2 966 2820
2 2821 2822
2 2823 2824
2 2825 2826
2 943 2821
2 2822 2824
2 2827 2828
2 2829 2828
2 2829 2830
2 2829 2831
2 2828 2830
2 2828 2831
2 2828 2832
2 2831 2833
2 2831 2834
2 2833 2835
2 2833 2830
2 2835 2836
2 2835 2837
2 2831 2835
2 2833 2836
2 1861 2838
2 2838 2832
2 2834 2830
2 2839 2840
2 2841 2840
2 1861 2839
2 2842 2843
2 2844 2845
2 2845 2846
2 2845 2847
2 2848 2847
2 2847 2849
2 2842 2848
2 2843 2848
2 2850 2851
2 2852 2853
2 2851 2853
2 2851 2854
2 2851 2855
2 2851 2856
2 2855 2857
2 2858 2859
2 2858 2857
2 2858 2860
2 2860 2861
2 2860 2862
2 2861 2859
2 2859 2862
2 2862 2857
2 2863 2857
2 2864 2865
2 2866 2854
2 2854 2853
2 2855 2854
2 2853 2857
2 2859 2863
2 2867 2868
2 2869 2870
2 2871 2872
2 2871 2873
2 2874 2873
2 2872 2875
2 2876 2873
2 2877 2878
2 2877 2868
2 2879 2878
2 2879 2870
2 2868 2870
2 2868 2878
2 2870 2875
2 2880 2881
2 2880 2882
2 2882 2883
2 2882 2884
2 2885 2886
2 2884 2883
2 2884 2886
2 2884 2887
2 2884 2881
2 2886 2883
2 2886 2888
2 2881 2883
2 2861 2889
2 2861 2890
2 2891 2892
2 2893 2894
2 2893 2890
2 2891 2893
2 2893 2889
2 2890 2894
2 2890 2895
2 2890 2892
2 2896 2897
2 2896 2898
2 2896 2899
2 2896 2888
2 2897 2900
2 2897 2898
2 2897 2899
2 2897 2901
2 2897 2902
2 2898 2900
2 2898 2903
2 2895 2889
2 2888 2900
2 2897 2888
2 2901 2900
2 2901 2899
2 2900 2899
2 2902 2900
2 2899 2903
2 2889 2894
2 2889 2892
2 2892 2894
2 2904 2894
2 2898 2888
2 2905 2906
2 2907 2908
2 2907 2909
2 2907 2910
2 2909 2911
2 2909 2906
2 2909 48
2 2909 2912
2 2913 2914
2 2913 2915
2 2913 2916
2 2913 2917
2 2916 2917
2 2916 2914
2 2916 2918
2 2916 2919
2 2920 2916
2 2917 2915
2 2917 2918
2 2917 2921
2 2919 2921
2 2919 2922
2 2921 2922
2 2921 2918
2 2923 2924
2 2910 2908
2 2922 2918
2 2924 2908
2 2908 2906
2 2906 2911
2 0 2914
2 2914 2915
2 2915 2918
2 2919 2915
2 2920 2915
2 2925 2918
2 2926 2927
2 2928 2929
2 2928 2930
2 2928 2927
2 2929 2927
2 2929 2931
2 2929 2932
2 2929 2930
2 2927 2931
2 2927 2932
2 2927 2933
2 2927 2934
2 2932 2934
2 2932 2935
2 2934 2936
2 2937 2938
2 2939 2940
2 2941 2942
2 2941 2943
2 2941 2944
2 2941 2945
2 2942 2944
2 2942 2945
2 2942 2946
2 2945 2944
2 2945 25
2 2945 75
2 25 2947
2 25 2944
2 2942 25
2 2947 2948
2 2947 2946
2 2948 2949
2 2948 75
2 2950 2930
2 2951 2952
2 2952 2953
2 2952 2954
2 2952 2955
2 2956 2952
2 2953 2957
2 2953 2958
2 2951 2953
2 2957 2958
2 2957 2938
2 2957 2959
2 2952 2957
2 2958 2940
2 2960 2943
2 2933 2930
2 2933 2961
2 2930 2961
2 2930 2962
2 2930 2935
2 2930 2949
2 2935 2931
2 2961 2949
2 2949 2963
2 2963 75
2 2952 2964
2 2964 2940
2 2954 2938
2 2938 2940
2 2953 2938
2 2959 2938
2 2940 2943
2 2940 2965
2 2941 2940
2 2943 2965
2 2943 2966
2 2965 2944
2 2944 2946
2 25 2963
2 2967 2968
2 2969 2968
2 2969 2970
2 2968 2971
2 2968 2972
2 2971 2973
2 2971 2974
2 2971 2975
2 2969 2971
2 2973 2975
2 2973 2970
2 2973 2976
2 2973 2977
2 2968 2973
2 2975 2970
2 2968 2975
2 2977 2978
2 2971 2977
2 2979 2980
2 2979 2981
2 2979 2982
2 2980 2982
2 2980 2983
2 2980 2984
2 2980 2985
2 2980 2986
2 2982 2981
2 2982 2984
2 2982 2985
2 2982 2986
2 2982 2983
2 2984 2986
2 2984 2981
2 2984 2987
2 2986 2985
2 2986 2987
2 2987 2985
2 2972 2974
2 2970 2974
2 2968 2974
2 2978 2974
2 2978 2976
2 2970 2976
2 2983 2981
2 2981 2985
2 2986 2981
2 2969 2972
2 79 2983
2 2988 2989
2 2988 2990
2 2988 2991
2 2988 2992
2 2990 2993
2 2990 2994
2 2990 2989
2 2995 2996
2 2997 2998
2 2999 3000
2 3001 3002
2 3001 3003
2 3001 3004
2 3002 3005
2 3006 3007
2 3006 3008
2 3007 3009
2 3009 2996
2 3009 3010
2 3009 3011
2 3006 3009
2 2996 3010
2 2996 3008
2 3007 2996
2 2996 3000
2 3010 3000
2 2997 3010
2 2994 3012
2 2994 2991
2 2991 2993
2 2991 2989
2 2993 2989
2 2993 2992
2 3006 21
2 3013 3011
2 3006 3013
2 3012 3014
2 3000 3003
2 3003 2998
2 3002 3003
2 3015 3014
2 2998 3004
2 3005 2998
2 2990 3012
2 3015 3012
2 3000 2998
2 3000 3004
2 3003 3004
2 3016 3017
2 3016 3018
2 3019 3017
2 3020 3021
2 3020 3022
2 3020 3023
2 3024 3025
2 3024 3023
2 3024 3021
2 3020 3026
2 3021 3027
2 3021 3028
2 3027 3022
2 3021 3029
2 3028 3025
2 3030 3031
2 3030 3032
2 3030 3033
2 3030 3034
2 3031 3032
2 3027 3033
2 3033 3035
2 3036 3037
2 3038 3039
2 3037 3039
2 3037 3040
2 3039 3040
2 3039 3041
2 3040 3041
2 3042 3040
2 3043 3041
2 3037 3041
2 3044 3045
2 3044 3046
2 3047 3045
2 3047 3046
2 3045 3046
2 3048 3049
2 3046 3050
2 3051 3052
2 3051 3053
2 3051 3054
2 3052 3053
2 3052 3055
2 3052 3056
2 3054 3056
2 3054 3057
2 3054 3049
2 3056 3057
2 3056 3053
2 3056 3058
2 3056 3059
2 3057 3059
2 3057 3055
2 3057 3060
2 3057 3053
2 3059 3060
2 3059 3061
2 3059 3055
2 3060 3061
2 3060 3062
2 3060 3063
2 3056 3060
2 3057 3064
2 3065 3066
2 3067 3068
2 3067 3069
2 3070 3053
2 3053 3055
2 3053 3062
2 3049 3053
2 3055 3058
2 3058 3061
2 3061 3063
2 3057 3061
2 3061 3071
2 3063 3072
2 3068 3071
2 3072 3069
2 3060 3071
2 3058 3071
2 3073 3074
2 3073 3075
2 3073 3076
2 3073 3077
2 3075 3078
2 3079 3074
2 3079 3076
2 3078 3076
2 3078 3080
2 3078 3081
2 3076 3080
2 3076 3081
2 3076 3082
2 3080 3082
2 3080 3074
2 3082 3081
2 3083 3084
2 3083 3085
2 3083 3086
2 3086 3087
2 3086 3088
2 3087 3088
2 3087 3085
2 3074 3081
2 3082 3074
2 3089 3090
2 3089 3069
2 3090 3091
2 3090 3069
2 3090 3092
2 3091 3092
2 3093 3091
2 3091 3084
2 3083 3094
2 3088 3095
2 3095 3085
2 3092 3084
2 3083 3092
2 3091 3096
2 3094 3095
2 3094 3085
2 3085 3084
2 2882 3097
2 3098 3099
2 3060 3064
2 3060 3100
2 3064 3100
2 3064 3101
2 3100 3101
2 3100 3061
2 3100 3102
2 3101 3102
2 3101 3103
2 3101 3061
2 3102 3104
2 3064 3102
2 3103 3104
2 3103 3105
2 3100 3106
2 2880 3107
2 3108 3109
2 3108 3110
2 3109 3111
2 3109 3112
2 3111 3110
2 3111 3113
2 3114 3115
2 3116 3117
2 3118 3119
2 3118 3117
2 3115 3120
2 3120 3117
2 3115 3121
2 3117 3122
2 3122 3119
2 3115 3117
2 3123 3124
2 3124 3125
2 3124 79
2 3126 3127
2 3128 3127
2 3127 3129
2 3130 3131
2 3130 3132
2 3130 3061
2 3130 3133
2 3132 3131
2 3132 3133
2 3132 3134
2 3134 3131
2 3134 3135
2 3131 3133
2 3136 79
2 3137 3138
2 3137 3139
2 3140 3138
2 3140 3141
2 3142 3143
2 3144 3138
2 79 3144
2 3138 3139
2 3138 3145
2 3138 3146
2 3139 3146
2 3139 3141
2 3147 3148
2 3147 3149
2 3149 3148
2 3150 3151
2 3150 3152
2 3152 3153
2 3152 3154
2 3154 3153
2 3154 3155
2 3154 3156
2 3154 3157
2 3156 3158
2 3156 3159
2 3156 3153
2 3156 3160
2 3161 3158
2 3161 3162
2 3161 3163
2 3161 3164
2 3156 3161
2 3161 3155
2 3159 3155
2 3163 75
2 3163 25
2 3163 2946
2 3162 3160
2 3155 3158
2 3155 3153
2 3158 3160
2 3158 3165
2 3162 3158
2 3153 3157
2 3163 3160
2 3155 3160
2 3166 3148
2 3167 3148
2 3168 3147
2 3147 2598
2 3167 3150
2 3150 3154
2 3150 3153
2 3152 3155
2 3169 3170
2 3170 3171
2 3170 3172
2 3173 3174
2 3174 3175
2 3175 3172
2 3176 3177
2 3176 3178
2 3179 3180
2 3178 3180
2 3178 3181
2 3180 3177
2 3182 3183
2 3182 3184
2 3182 3181
2 3182 3185
2 3183 3186
2 3187 3183
2 3187 3185
2 3186 3188
2 3186 3184
2 3186 3189
2 3182 3186
2 3189 2946
2 3177 3181
2 3184 3190
2 3188 3184
2 3175 3176
2 3175 3178
2 3191 3192
2 3193 3192
2 3194 3195
2 3196 3197
2 3196 3198
2 3199 3200
2 3199 3197
2 3199 3201
2 3197 3202
2 3197 3200
2 3197 3203
2 3204 3205
2 3206 3200
2 3200 3198
2 3207 3195
2 3202 3198
2 3206 3202
2 3201 3203
2 3208 3201
2 3203 3195
2 3209 3192
2 3192 3210
2 3192 3211
2 3212 3213
2 3212 3214
2 3213 3192
2 3215 3197
2 3204 3201
2 3204 3203
2 3204 3211
2 3216 3206
2 21 3206
2 3214 3192
2 3217 3218
2 3217 3219
2 3217 3220
2 3219 3221
2 3220 3222
2 2945 3223
2 3224 3225
2 3223 3224
2 3226 3225
2 25 3223
2 3114 3227
2 3228 3227
2 3228 3229
2 3227 3229
2 3227 3230
2 3227 3231
2 3229 3232
2 3231 3233
2 3234 3230
2 3234 3235
2 3236 3237
2 3235 3237
2 3235 3233
2 3235 3238
2 3237 3238
2 3237 3239
2 3237 3233
2 3238 3239
2 3232 3230
2 3229 3233
2 3238 3050
2 3230 3233
2 3240 3241
2 3242 3241
2 3243 3244
2 3245 3246
2 3244 3247
2 3244 3248
2 3244 3246
2 3249 3250
2 3246 3251
2 3246 3247
2 3248 3251
2 3050 3250
2 3252 3247
2 3250 3251
2 3253 3251
2 3243 3247
2 3245 3251
2 3249 3247
2 25 2946
2 3254 3255
2 3255 3256
2 3255 3257
2 3256 3258
2 3258 3259
2 3258 3260
2 2947 3261
2 3261 3255
2 3254 3256
2 3262 3263
2 3264 3265
2 3264 3266
2 3267 3264
2 3268 3269
2 3268 3265
2 3263 3265
2 3263 3270
2 3264 3263
2 3268 3271
2 3272 3265
2 3262 3272
2 3265 3273
2 3273 3266
2 3267 3273
2 3274 3275
2 3276 3275
2 2871 3275
2 3277 3278
2 3279 3278
2 3280 3279
2 3278 2871
2 3281 3280
2 3282 3283
2 3282 3284
2 3283 3284
2 3283 3285
2 3286 3287
2 3286 3288
2 3284 3286
2 3287 3288
2 3287 3289
2 3287 3290
2 3288 3290
2 3283 3286
2 3291 3292
2 3293 3291
2 3293 3294
2 2874 3295
2 2871 3295
2 3296 3297
2 3298 3299
2 3300 3298
2 3298 3301
2 2843 3302
2 3302 3301
2 3301 3303
2 3303 3304
2 3298 3304
2 2843 3301
2 3305 3306
2 3307 3308
2 3308 3309
2 3309 3095
2 3086 3308
2 3087 3308
2 3308 3095
2 3310 3311
2 3312 3313
2 3312 3314
2 3312 3315
2 3315 3311
2 3316 3314
2 3314 3311
2 3311 2903
2 3311 3304
2 3317 3318
2 3317 3319
2 3318 3320
2 3321 3322
2 3321 3323
2 3321 3324
2 3323 3322
2 3323 3325
2 3323 3326
2 3323 3324
2 3325 3324
2 3325 3322
2 3325 3327
2 3320 3328
2 3325 3329
2 3322 3324
2 3304 3327
2 3327 3324
2 3323 3320
2 3300 3324
2 3304 3324
2 3317 3330
2 3330 3331
2 3330 3332
2 3087 3095
2 3087 3333
2 3333 3334
2 3333 3335
2 3335 3336
2 3335 3332
2 3336 3332
2 3336 3331
2 3336 3334
2 3333 3336
2 3335 3331
2 3337 3338
2 3337 3339
2 3337 3340
2 3337 3216
2 3337 3341
2 3342 3340
2 3342 3341
2 3342 3343
2 3342 3338
2 3342 3339
2 3339 21
2 3340 3344
2 3340 3343
2 3340 3345
2 3344 3341
2 3344 3338
2 3339 3344
2 3344 3343
2 3346 3347
2 3346 3343
2 3346 3348
2 3346 3341
2 3349 3348
2 3349 3350
2 3351 3347
2 3351 3352
2 3351 3350
2 3341 3343
2 3341 3345
2 3347 3348
2 3347 3353
2 3347 3345
2 3349 3347
2 3347 3352
2 3350 3353
2 3352 3353
2 3352 3348
2 3353 3348
2 3350 3348
2 3342 3346
2 3344 3346
2 3216 3206
2 3087 3095
2 3354 3355
2 3354 3356
2 3354 3357
2 3354 3358
2 3354 3359
2 3354 3360
2 3361 3362
2 3363 3364
2 3363 3365
2 3362 3364
2 3354 3366
2 3360 3087
2 3360 3095
2 3356 3088
2 3367 3355
2 3086 3088
2 3355 3358
2 3368 3355
2 3356 3355
2 3358 3365
2 3359 3095
2 3364 3369
2 3355 3359
2 3355 3364
2 3358 3364
2 3370 3371
2 3371 3372
2 3371 3373
2 3374 3371
2 3372 3375
2 3372 3376
2 3375 3373
2 3375 3376
2 3375 3377
2 3371 3375
2 3377 3378
2 3378 3379
2 3373 3376
2 3376 3379
2 3380 3379
2 3371 3376
2 3378 3381
2 3382 3383
2 3384 2857
2 3383 3384
2 3385 3386
2 3385 3387
2 3385 3388
2 3386 3389
2 3386 3387
2 3389 3387
2 3387 3390
2 3391 3385
2 3392 966
2 3392 3390
2 3393 3394
2 3395 3396
2 3396 3394
2 2855 3394
2 3397 3394
2 3020 3398
2 3399 3400
2 3401 3400
2 3401 3402
2 3399 3401
2 3027 3398
2 3398 3402
2 3403 3400
2 3400 3404
2 3020 3405
2 3405 3027
2 3405 3406
2 3406 3407
2 3406 3408
2 3406 3029
2 3406 3409
2 3406 3410
2 3408 3409
2 3408 3410
2 3408 3411
2 3408 3412
2 3410 3412
2 3410 3407
2 3412 3413
2 3412 3409
2 3412 3414
2 3413 3317
2 3413 3411
2 3317 3414
2 3407 3409
2 3405 3407
2 3407 3411
2 3411 3414
2 3029 3407
2 3415 3416
2 3417 3418
2 3419 3420
2 3421 3418
2 3422 3420
2 3423 2857
2 3241 3424
2 3425 3424
2 3424 3426
2 3427 3428
2 3427 3429
2 3430 3429
2 3426 3428
2 3426 3431
2 3426 3429
2 3431 3432
2 3428 3429
2 3428 3433
2 3429 3432
2 3432 3433
2 3432 3434
2 3434 3020
2 3434 3027
2 3434 3433
2 3425 3426
2 3435 3436
2 3435 3437
2 3435 3438
2 3439 3437
2 3438 3436
2 3436 3440
2 3436 3441
2 3436 3437
2 3438 3441
2 3437 3442
2 3443 48
2 0 3443
2 7 3444
2 3445 3446
2 3447 3448
2 3446 3448
2 3448 3449
2 3450 3362
2 3450 3451
2 3452 3450
2 3446 3453
2 3444 3454
2 0 3444
2 3020 3455
2 3456 3457
2 3458 3456
2 3455 3459
2 3459 3456
2 3168 3460
2 3461 3462
2 3463 3462
2 3463 3464
2 3465 3466
2 3465 3467
2 3465 3464
2 3465 3468
2 3467 3468
2 3469 3470
2 3471 3470
2 3471 3472
2 3473 3470
2 3473 3474
2 3473 3472
2 3473 3475
2 3475 3470
2 3475 3476
2 3477 3472
2 3470 3472
2 3477 3470
2 3476 3472
2 3466 3464
2 3478 3462
2 3460 3462
2 3465 3462
2 3479 3480
2 3479 3481
2 3479 3482
2 3481 3483
2 3481 3480
2 3483 3484
2 3479 3483
2 3483 3480
2 3485 3486
2 3486 3487
2 3487 3482
2 3487 3480
2 3482 3480
2 3482 3488
2 3489 3488
2 3490 3489
2 3480 3488
2 2392 3491
2 3485 3487
2 3492 3493
2 3493 3494
2 3493 3495
2 3493 3496
2 3494 3497
2 3494 3498
2 3494 3499
2 3498 3496
2 3498 3500
2 3498 864
2 3500 3499
2 3500 1589
2 1589 864
2 1063 3501
2 1064 3502
2 1064 3501
2 3502 3503
2 3502 3504
2 3502 1065
2 3502 3505
2 3503 3505
2 1064 3503
2 3505 3506
2 3507 3508
2 3508 3509
2 3508 3510
2 3508 3511
2 1052 3508
2 3510 3512
2 3507 3510
2 3512 3509
2 3512 3513
2 3514 3515
2 3515 3516
2 3515 3517
2 3516 3517
2 3516 3518
2 3514 3516
2 3516 3519
2 3517 3519
2 3517 3518
2 3519 3520
2 3519 1044
2 3521 3495
2 3495 3497
2 3497 3496
2 3498 3497
2 3496 3499
2 3500 3496
2 3499 864
2 864 863
2 3503 3501
2 3503 1065
2 3503 3506
2 3505 3522
2 3505 3521
2 3507 3519
2 3507 3511
2 3510 3523
2 3510 3513
2 3514 3517
2 3514 1152
2 3516 1152
2 3517 3520
2 3511 3513
2 3513 3501
2 3513 3524
2 3513 1065
2 3506 3521
2 3521 3497
2 3521 3496
2 3525 3526
2 3525 3527
2 3528 3527
2 3528 3529
2 3528 3530
2 3527 3526
2 3527 920
2 920 3529
2 3531 3532
2 3531 3533
2 3531 3534
2 3535 3534
2 3535 3536
2 3535 3537
2 3535 3538
2 3535 3539
2 3534 3537
2 3534 3538
2 3534 3540
2 3534 3541
2 3538 3537
2 3538 3532
2 3538 3530
2 3542 3543
2 3544 3545
2 3544 3546
2 3545 3547
2 3545 3533
2 3545 3548
2 3549 3550
2 3549 3551
2 3549 3552
2 3550 3553
2 3550 3543
2 3550 3554
2 3543 3552
2 3543 3555
2 3543 3556
2 3543 3553
2 3555 3556
2 3555 3552
2 3557 3558
2 3558 3559
2 3559 3560
2 3559 3551
2 3561 3562
2 3562 3563
2 3564 3565
2 3566 3567
2 3567 3568
2 3567 3569
2 3565 3570
2 3553 3552
2 3551 3553
2 3552 3554
2 3571 3552
2 3556 3548
2 3536 3532
2 3533 3536
2 3547 3536
2 3532 3537
2 3537 3540
2 3537 3541
2 3540 3530
2 3530 3526
2 3526 3529
2 3550 3572
2 3543 3573
2 3574 3564
2 3557 3564
2 3557 3565
2 3561 3564
2 3564 3575
2 3564 3572
2 3567 3576
2 3567 3577
2 3578 3579
2 3579 3577
2 3580 3577
2 3573 3546
2 3581 3582
2 3581 3583
2 3582 3584
2 3582 3585
2 3584 3586
2 3584 3587
2 3586 3585
2 3586 3588
2 3586 3583
2 3588 3589
2 3588 3590
2 3588 3585
2 3589 3587
2 3591 3592
2 3591 3593
2 3591 3594
2 3592 3594
2 3592 3595
2 3595 3596
2 3595 3597
2 3596 3598
2 3596 3594
2 3596 3599
2 3598 3600
2 3598 3601
2 3600 3599
2 3600 3602
2 3600 3597
2 3602 3603
2 3602 3599
2 1159 1140
2 1140 3604
2 3604 3605
2 3604 3606
2 3605 1051
2 3607 3606
2 3593 3608
2 3592 3608
2 3609 3594
2 3595 3609
2 3594 3597
2 3583 3585
2 3585 3587
2 3589 747
2 3610 3602
2 3582 3611
2 3584 3611
2 3584 3612
2 3586 3590
2 3613 3604
2 3613 3609
2 3592 3601
2 3598 3602
2 3604 1051
2 3604 3609
2 1051 3609
2 3614 3608
2 3585 3612
2 3587 3590
2 3615 3616
2 3615 3617
2 3618 3617
2 3617 3619
2 3617 3620
2 3616 1096
2 3621 3622
2 3621 3623
2 3621 3624
2 3623 3624
2 3623 3625
2 3623 3626
2 3624 3622
2 3624 3627
2 3624 3628
2 3629 3630
2 3630 3631
2 3630 3632
2 3633 3634
2 3635 3636
2 3635 1090
2 1162 3637
2 3637 3634
2 3634 3636
2 3636 3632
2 3638 3631
2 3632 3638
2 3631 3626
2 3626 3622
2 3622 3625
2 3625 3628
2 3628 3639
2 3640 3620
2 3620 3641
2 3619 3641
2 3623 3628
2 3642 1096
2 3630 3643
2 3630 3636
2 3633 3636
2 3637 3636
2 3628 1096
2 1096 3644
2 1096 3645
2 3646 3647
2 3648 3649
2 3648 3650
2 3650 3651
2 3652 3653
2 3650 3652
2 3654 3649
2 3649 3651
2 3655 3656
2 3655 3657
2 3655 3658
2 3658 3656
2 3659 3656
2 3659 3660
2 3661 3660
2 3661 3662
2 3663 3660
2 3664 3665
2 3665 3666
2 3666 3667
2 3666 3668
2 3666 3669
2 3667 3670
2 3667 3671
2 3667 3672
2 3667 3673
2 3666 3670
2 3672 3657
2 3674 3675
2 3674 3676
2 3674 3677
2 3678 3679
2 3680 3653
2 3681 3680
2 1177 3682
2 1963 3676
2 3676 3679
2 3679 3677
2 3677 3683
2 3668 3671
2 3671 3669
2 3651 3653
2 3669 3673
2 3684 3657
2 3657 3656
2 3660 3662
2 3662 3685
2 3662 3686
2 3687 1208
2 3688 1208
2 3689 3651
2 3661 3690
2 3663 3691
2 3692 3691
2 3693 3669
2 3691 3662
2 3690 3660
2 3694 3695
2 3694 3696
2 3694 3697
2 3696 3698
2 3699 3700
2 3699 3701
2 1073 3700
2 3702 3697
2 3703 3704
2 3703 3705
2 3703 3706
2 3703 3707
2 3704 3707
2 3704 3708
2 3704 3709
2 3707 3705
2 3707 3709
2 3707 3710
2 3709 3710
2 3709 3711
2 3711 3712
2 3711 3713
2 3712 3714
2 3712 3710
2 3715 3716
2 3717 3716
2 3718 3719
2 3706 3708
2 3708 3705
2 3705 3713
2 3709 3705
2 3713 3710
2 3714 3716
2 3720 3721
2 3694 1073
2 3694 3702
2 3699 1073
2 3722 1073
2 3722 3721
2 3722 3723
2 1073 3702
2 1073 3701
2 3702 3701
2 3703 3719
2 3703 3710
2 3707 3708
2 3711 3714
2 917 3719
2 3719 3706
2 3719 3708
2 3708 3713
2 3708 3710
2 3710 3714
2 3710 3716
2 3700 3701
2 3716 3720
2 3716 3721
2 3724 3721
2 3721 3701
2 3725 3726
2 3727 3726
2 3727 3728
2 3727 3729
2 3729 3730
2 3731 3732
2 3731 3733
2 3734 3735
2 3735 3736
2 3735 3732
2 3737 3738
2 3738 3739
2 3739 3740
2 3739 3741
2 3740 3742
2 3740 3733
2 3738 3740
2 3742 3733
2 3739 3742
2 3743 3744
2 3743 3745
2 3746 3743
2 3741 3733
2 3733 3747
2 3748 3736
2 3726 3748
2 3747 3732
2 1188 3730
2 3749 3725
2 3725 3727
2 3725 3736
2 3731 3734
2 3737 3739
2 3737 3744
2 3738 3750
2 3739 3750
2 3751 3752
2 1200 3753
2 1200 3754
2 1203 3753
2 3755 3756
2 3756 1088
2 3756 1077
2 3757 3758
2 3757 3759
2 3759 3760
2 3759 3761
2 3759 3762
2 3760 3758
2 3760 3763
2 3757 3760
2 3763 3764
2 3763 3765
2 3763 3761
2 3765 3766
2 3765 3767
2 3766 3764
2 3766 3768
2 3769 3770
2 3753 3771
2 3762 3758
2 3758 3761
2 3764 3767
2 3768 3770
2 3770 3752
2 3772 3770
2 3755 3773
2 3756 3762
2 3756 3758
2 3759 3763
2 3759 3774
2 3763 3767
2 1077 3758
2 3761 3764
2 3761 3767
2 3767 3770
2 3767 3752
2 3768 3752
2 3775 499
2 499 3776
2 3775 3777
2 3778 3779
2 3778 3780
2 3779 3781
2 3779 518
2 518 3781
2 3778 3782
2 3783 3784
2 3785 3786
2 3785 3784
2 3785 3787
2 3786 3784
2 3786 694
2 3784 694
2 3788 3789
2 3788 3790
2 3789 3790
2 3789 3787
2 3790 3787
2 3790 3791
2 3792 3790
2 3793 3794
2 3788 3787
2 3795 3784
2 3796 3797
2 3796 3798
2 3797 3799
2 3797 3800
2 3797 3801
2 3797 3798
2 3799 3801
2 3799 3802
2 3799 3803
2 3801 3802
2 3801 3803
2 3801 3804
2 3801 3805
2 3801 3806
2 3796 3801
2 3802 3804
2 3802 3800
2 3802 3805
2 3802 3806
2 3797 3802
2 3802 3807
2 3804 3803
2 3804 3806
2 3804 3807
2 3804 3808
2 3804 3800
2 3799 3804
2 3806 3807
2 3806 3808
2 3806 3803
2 3806 3809
2 3806 3810
2 3808 3809
2 3808 3810
2 3808 3805
2 3808 3811
2 3808 3812
2 3808 3803
2 3809 3811
2 3809 3807
2 3809 3812
2 3809 3813
2 3809 3805
2 3809 3814
2 3811 3810
2 3811 3813
2 3811 3814
2 3811 3807
2 3811 3815
2 3811 3816
2 3813 3814
2 3813 3815
2 3813 3816
2 3813 3810
2 3813 3817
2 3813 3818
2 3814 3816
2 3814 3817
2 3814 3812
2 3814 3818
2 3814 3819
2 3814 3810
2 3816 3815
2 3816 3818
2 3816 3819
2 3816 3820
2 3816 3821
2 3816 3812
2 3818 3820
2 3818 3821
2 3818 3822
2 3818 3815
2 3820 3822
2 3820 3817
2 3820 3823
2 3820 653
2 3822 3823
2 3822 3819
2 3822 653
2 3822 649
2 3823 649
2 3823 652
2 3823 3821
2 3823 3824
2 3823 650
2 649 650
2 650 652
2 650 653
2 3825 3826
2 3826 3827
2 3828 3829
2 3828 3830
2 3800 3803
2 3800 3805
2 3796 3800
2 3803 3805
2 3803 3807
2 3805 3807
2 3805 3810
2 3807 3810
2 3807 3812
2 3812 3815
2 3815 3817
2 3815 3819
2 3820 3815
2 3817 3819
2 3822 3817
2 3819 3821
2 3823 3819
2 3821 653
2 3811 3817
2 3831 3828
2 3832 3828
2 3833 3828
2 3828 3798
2 3829 3798
2 3798 3800
2 3810 3817
2 3812 3817
2 3819 653
2 3834 3835
2 3834 3836
2 3835 3837
2 3835 3838
2 3839 3837
2 3835 3840
2 3837 3838
2 3841 3842
2 3841 3843
2 3841 3844
2 3842 3845
2 3845 3846
2 3845 541
2 3847 3848
2 3848 3849
2 3848 3850
2 3848 3851
2 3850 3852
2 3850 3853
2 3852 3854
2 3854 3855
2 3854 3851
2 3855 3856
2 3855 3857
2 3855 3853
2 3856 3858
2 3856 3859
2 3860 3861
2 3861 3862
2 3862 3863
2 3863 3864
2 3863 3865
2 3866 3867
2 3868 3849
2 3869 3851
2 3851 3853
2 3853 3870
2 3870 3857
2 3858 3870
2 3857 3859
2 3871 3857
2 3859 3872
2 3872 3873
2 3873 3844
2 3846 3843
2 3846 544
2 3843 544
2 3874 3866
2 3874 3869
2 3874 3851
2 3847 3851
2 3855 3858
2 3855 3851
2 3858 3869
2 3858 3872
2 3860 3862
2 3860 3875
2 3862 3875
2 3863 3875
2 3863 3866
2 3864 3866
2 3865 3866
2 3876 3866
2 3866 3869
2 3877 3869
2 3868 3869
2 3869 3870
2 3851 3870
2 3857 3872
2 3872 3844
2 3844 3846
2 3844 544
2 3878 3879
2 3878 595
2 3879 595
2 3879 596
2 3879 3880
2 3881 3882
2 3883 3884
2 3883 3885
2 3884 3885
2 3884 3886
2 3884 3887
2 3884 3888
2 3885 3887
2 3885 3886
2 3889 3882
2 3889 3890
2 3882 3891
2 3882 3892
2 3893 3894
2 3895 3896
2 3896 3897
2 3898 3899
2 3900 3837
2 3900 3901
2 3901 3902
2 3899 3903
2 3903 3904
2 3905 3894
2 3894 3906
2 3891 3907
2 3907 3886
2 3887 3880
2 3889 3907
2 3908 3903
2 3898 3900
2 3898 3909
2 3898 3903
2 3910 3901
2 3902 3911
2 3912 3913
2 3912 3914
2 3912 3915
2 3912 3916
2 3913 3916
2 3913 3917
2 3913 3918
2 3913 3919
2 3914 3920
2 3914 3921
2 3914 3922
2 3914 3923
2 3914 3924
2 3916 3925
2 3916 3926
2 3916 3927
2 3916 3922
2 3928 3929
2 3928 3930
2 3928 3931
2 3928 3932
2 3928 3933
2 3928 3924
2 3928 3934
2 3925 3935
2 3936 3937
2 3938 3939
2 3938 3940
2 3938 3941
2 3940 3942
2 3943 3941
2 3943 3944
2 3943 3945
2 3944 3946
2 3944 3947
2 3946 3947
2 3946 3948
2 3926 3949
2 3949 3950
2 3951 3950
2 3951 3952
2 3950 3952
2 3950 3953
2 3952 3953
2 3952 3954
2 3952 3955
2 3953 3956
2 3956 3954
2 3956 3957
2 3958 3930
2 3958 3929
2 3958 3931
2 3958 3932
2 3958 3933
2 3958 3959
2 3929 3931
2 3929 3932
2 3929 3924
2 3929 3930
2 3929 3923
2 3929 3933
2 3932 3923
2 3932 3921
2 3932 3920
2 3932 3960
2 3923 3931
2 3923 3915
2 3928 3923
2 3920 3915
2 3920 3924
2 3920 3917
2 3920 3931
2 3915 3917
2 3915 3921
2 3915 3922
2 3915 3924
2 3917 3921
2 1956 1961
2 1956 3961
2 1961 3961
2 1961 3962
2 1961 3963
2 3962 3961
2 3962 3964
2 1956 3962
2 3963 3961
2 3963 3933
2 3965 3930
2 3921 3924
2 3921 3931
2 3952 3966
2 3939 3942
2 3939 3937
2 3942 3941
2 3954 3967
2 3968 3954
2 3967 3957
2 3931 3930
2 3957 3937
2 3964 3933
2 3964 3930
2 3933 3930
2 3947 3945
2 3947 3948
2 3945 3948
2 3948 3941
2 3912 3929
2 3912 3932
2 3912 3920
2 3912 3931
2 3928 3964
2 3925 3951
2 3936 3967
2 3936 3948
2 3938 3937
2 3938 3948
2 3940 3945
2 3926 3951
2 3951 3953
2 3953 3966
2 3953 3955
2 3953 3967
2 1956 3933
2 3966 3954
2 3966 3967
2 3939 3957
2 3939 3941
2 3967 3937
2 3957 3948
2 3957 3941
2 3961 3964
2 3961 3933
2 3937 3948
2 3937 3941
2 3969 3970
2 3971 3970
2 3972 3973
2 3946 3974
2 3946 3975
2 3975 3974
2 3975 3976
2 3975 3947
2 3975 3977
2 3976 3974
2 3977 3974
2 3946 3976
2 3946 3978
2 3976 3947
2 3978 3947
2 3979 3980
2 3981 3982
2 3980 3983
2 3984 3985
2 3986 3987
2 3987 3988
2 3987 3989
2 3989 3972
2 3972 3990
2 3991 3992
2 3991 3993
2 3994 3993
2 3995 3996
2 3995 3997
2 3996 3998
2 3996 3999
2 3999 4000
2 3999 4001
2 4000 4001
2 4000 3997
2 3996 4000
2 3985 4002
2 3985 4003
2 4002 4003
2 3983 3982
2 3982 4004
2 3982 4005
2 3983 4004
2 537 4006
2 537 4007
2 4008 3998
2 3998 3997
2 4007 4006
2 3972 3973
2 4009 3988
2 3979 3983
2 3981 3983
2 3992 4010
2 4011 4012
2 3996 4003
2 3996 4013
2 3999 4012
2 4000 4012
2 3983 4014
2 4015 4016
2 4017 4018
2 4017 4019
2 4018 4019
2 4018 4020
2 4018 4021
2 4019 4021
2 4019 4022
2 4021 4022
2 4021 4023
2 4022 4023
2 4022 4024
2 4023 4025
2 4026 4027
2 3940 3943
2 3943 3944
2 3944 3946
2 3944 4028
2 3944 3947
2 3946 3948
2 4019 4020
2 3947 3945
2 3947 3948
2 4015 4029
2 4016 4030
2 4031 4017
2 4032 4033
2 4032 4034
2 4035 4017
2 4030 4017
2 4017 4036
2 4018 4022
2 4019 4023
2 4019 4025
2 4021 4025
2 4023 4037
2 4023 4026
2 4023 4027
2 4023 4038
2 4027 3940
2 4027 4038
2 4027 3945
2 4027 4039
2 3940 3945
2 4040 4033
2 327 4041
2 4042 4043
2 4042 4041
2 4042 4044
2 4045 4043
2 4045 4046
2 436 4043
2 4045 437
2 4047 4043
2 4043 4046
2 4046 4048
2 4047 4046
2 4048 4041
2 4048 4044
2 4043 4048
2 4041 328
2 4049 380
2 4050 474
2 4051 4052
2 4051 4053
2 4052 4053
2 4052 4054
2 4052 4055
2 4052 404
2 4053 404
2 4053 4056
2 4053 4054
2 4057 4058
2 4059 4058
2 4059 4060
2 4058 4060
2 356 4057
2 356 4059
2 358 4057
2 4057 359
2 4061 4062
2 4061 4063
2 4061 969
2 4062 4063
2 4062 491
2 4064 4065
2 969 4063
2 4066 4067
2 4066 4068
2 4067 4068
2 4068 4069
2 4068 4070
2 4071 4072
2 4072 4073
2 4072 4074
2 4072 4075
2 4073 4076
2 4074 4076
2 4074 4077
2 4074 4078
2 4076 4078
2 4076 4079
2 4078 4079
2 4078 4075
2 4078 4080
2 4079 4081
2 4074 4079
2 4082 4083
2 4082 4084
2 4076 4082
2 4082 4081
2 4084 4085
2 4084 4086
2 4084 4087
2 4084 1347
2 4084 4080
2 4084 1339
2 4085 4087
2 4085 4083
2 4085 1347
2 4085 1339
2 4085 1014
2 4087 4086
2 4087 1339
2 4087 1014
2 4087 4083
2 4087 1340
2 1339 1347
2 1339 1014
2 1339 1340
2 1339 4086
2 1339 1341
2 1014 1347
2 4069 4088
2 4070 4089
2 4088 4070
2 4090 4077
2 4077 4075
2 4076 4077
2 4080 4083
2 4081 4080
2 4076 4080
2 4083 4086
2 4083 1347
2 1339 4083
2 4086 1347
2 1014 4086
2 1347 1340
2 4066 4070
2 4067 4070
2 4071 4074
2 4071 4070
2 4071 4089
2 4071 4077
2 4071 4081
2 4072 4081
2 4074 4080
2 4084 4081
2 4091 4092
2 4091 4093
2 4093 4092
2 4066 4092
2 4091 4066
2 4066 4069
2 4066 4067
2 4066 4068
2 4067 4068
2 4068 4069
2 4094 4088
2 4095 4096
2 4097 4098
2 4099 4096
2 4100 4098
2 4100 4101
2 4100 4102
2 4101 4098
2 4101 4103
2 4103 4102
2 4104 4105
2 4104 4106
2 4103 4104
2 4104 4107
2 4105 4106
2 4105 4107
2 4105 4108
2 4107 4108
2 4107 4109
2 4108 4110
2 4108 4111
2 4108 4106
2 4108 4112
2 4110 4112
2 4107 4110
2 4069 4088
2 4098 4113
2 4099 4113
2 4109 4106
2 4108 349
2 4110 350
2 4068 4095
2 4094 4095
2 4114 4095
2 4115 4095
2 4095 4116
2 4095 4102
2 4100 4096
2 4103 4109
2 4104 4102
2 4107 349
2 4096 4098
2 4096 4102
2 4116 4102
2 4098 4102
2 4102 4109
2 4109 349
2 4106 349
2 400 4117
2 400 401
2 934 402
2 4118 4117
2 4119 4117
2 4119 4120
2 4119 402
2 4117 402
2 4121 4122
2 4121 4120
2 4123 4124
2 4123 4122
2 4117 4120
2 4125 4126
2 4125 4122
2 4125 4124
2 4124 4126
2 4127 4128
2 4129 4130
2 4131 4132
2 4131 4092
2 4092 4132
2 4133 4134
2 4129 4134
2 4128 4135
2 4126 4122
2 402 403
2 4136 4134
2 4129 4137
2 4138 4128
2 4134 4128
2 4134 4135
2 4135 4126
2 4139 4140
2 4139 4141
2 4139 4142
2 4139 4143
2 4141 4143
2 4141 4144
2 4141 4145
2 4145 4140
2 4146 4147
2 4148 4149
2 4148 4150
2 4148 4151
2 4149 4152
2 4149 4153
2 4152 4150
2 4148 4152
2 2114 4154
2 4147 4155
2 4144 4140
2 4144 4143
2 4140 4143
2 4155 4156
2 4153 4150
2 4148 4153
2 4151 4156
2 4139 4154
2 4141 4147
2 4141 4155
2 4145 4147
2 4157 4150
2 4158 4150
2 4152 4151
2 4154 4144
2 4147 4143
2 4147 4156
2 4155 4151
2 4150 4151
2 4150 4156
2 4159 4160
2 4161 4162
2 4163 4164
2 4165 2055
2 2019 4166
2 2055 4167
2 4168 4169
2 4170 4169
2 4152 4171
2 4168 4172
2 4173 4174
2 4173 4175
2 4175 4176
2 4176 4174
2 4177 4178
2 4178 4179
2 4180 4181
2 4180 4182
2 4181 4183
2 4181 4184
2 4183 4185
2 4183 4186
2 4187 4188
2 4188 4182
2 4188 4189
2 4188 4184
2 4182 4186
2 4190 4191
2 4191 4192
2 4191 4193
2 4191 4194
2 4193 4192
2 4191 4195
2 342 4192
2 4191 4189
2 4170 4196
2 4197 4175
2 4197 4176
2 4173 4178
2 4175 4178
2 4177 4183
2 4180 4183
2 4188 4194
2 393 396
2 395 396
2 395 4198
2 396 4198
2 396 394
2 396 4199
2 4198 4199
2 4198 4200
2 4199 4200
2 4199 4201
2 4199 4202
2 4200 4201
2 4200 4202
2 4200 4203
2 4201 4203
2 4201 4204
2 4201 4205
2 4201 4206
2 4203 4205
2 4203 4207
2 4205 4207
2 4205 4202
2 4207 4208
2 4149 4152
2 4149 4153
2 4152 4150
2 4153 4150
2 4150 4209
2 396 4201
2 4207 4210
2 4207 4211
2 4207 4212
2 4158 4150
2 4150 4213
2 920 4214
2 4214 4215
2 4214 4216
2 4215 4217
2 4215 4218
2 4216 4217
2 4216 4218
2 4217 4218
2 4217 1599
2 4218 1599
2 847 4218
2 4218 850
2 4219 4220
2 899 4219
2 4215 4220
2 4219 4215
2 4216 4220
2 4219 4216
2 4219 910
2 4221 1589
2 1593 4222
2 4222 750
2 4223 4224
2 4224 860
2 4224 850
2 4225 4226
2 4227 4228
2 4226 4228
2 785 4227
2 4227 783
2 4229 4230
2 4230 4231
2 4232 697
2 594 580
2 4233 4234
2 4235 4236
2 4234 580
2 4237 995
2 4238 4239
2 4240 4241
2 680 4242
2 4243 4244
2 697 4242
2 4242 4245
2 4246 4247
2 4248 4249
2 4250 4251
2 4252 4251
2 4253 4254
2 4253 4255
2 4256 4257
2 4258 4255
2 4258 1014
2 4258 4259
2 4255 4257
2 4255 4260
2 4254 4257
2 4258 4257
2 1014 4254
2 4261 4262
2 4262 474
2 934 4263
2 375 383
2 4264 4265
2 4266 4265
2 4264 4267
2 4268 4269
2 4268 4270
2 4268 4271
2 4268 4272
2 4270 4273
2 4273 4269
2 4268 4273
2 4268 917
2 4269 917
2 4272 4274
2 4273 4274
2 4274 812
2 813 4274
2 866 4275
2 4272 4273
2 4275 4272
2 1966 4276
2 4277 4278
2 4278 1966
2 4279 4280
2 4277 4280
2 4280 4281
2 4282 917
2 4282 918
2 4282 755
2 4283 4284
2 4285 4286
2 587 4285
2 4283 4286
2 4284 663
2 4284 662
2 4287 4288
2 4289 4288
2 546 4287
2 546 4288
2 4287 578
2 4283 4290
2 4283 1956
2 4291 4292
2 4293 4294
2 2143 4293
2 4295 4296
2 4297 4298
2 4298 4299
2 1890 4300
2 4296 4297
2 4299 1890
2 739 4301
2 1872 4302
2 4303 4304
2 4305 4304
2 4306 4307
2 4307 798
2 1956 4308
2 1938 4309
2 1938 1949
2 1931 1949
2 4310 1946
2 4311 755
2 866 4311
2 906 4311
2 906 755
2 4312 752
2 1922 755
2 4312 755
2 4313 578
2 4056 2057
2 4060 2121
2 546 4314
2 4315 4316
2 4317 4318
2 4319 2075
2 4320 2075
2 4321 4320
2 4322 4321
2 2080 4323
2 4324 4325
2 2139 4326
2 4326 4327
2 2080 4324
2 4323 4324
2 4324 4328
2 4328 2101
2 2139 2101
2 395 4329
2 4330 4331
2 4332 4333
2 4334 4331
2 4335 4336
2 4337 4336
2 4337 4331
2 4336 4331
2 4336 4338
2 4331 4338
2 4338 4339
2 4339 2019
2 4335 4339
2 4340 395
2 4341 4342
2 4343 4341
2 4060 4342
2 4342 4344
2 4345 4346
2 4346 4341
2 4347 4346
2 4341 4348
2 4346 4348
2 2056 4349
2 4349 342
2 395 4350
2 4351 4352
2 4353 4354
2 4353 2281
2 4353 2185
2 2174 4355
2 2175 4356
2 2175 2250
2 2250 4357
2 2159 4358
2 4354 4358
2 4359 2169
2 4353 4360
2 4358 2281
2 4361 4362
2 4363 4364
2 2353 4365
2 4366 4367
2 2353 4368
2 4369 4370
2 4371 4372
2 4373 4374
2 4375 4376
2 4377 4378
2 4379 2767
2 4369 4375
2 4375 4380
2 4381 4377
2 2717 4382
2 2717 4377
2 2717 4378
2 2717 4383
2 4384 4371
2 4371 2614
2 4371 4383
2 2614 4373
2 4374 4385
2 4386 4385
2 4385 4387
2 4385 2509
2 4388 4389
2 4390 4389
2 4391 4392
2 4391 4393
2 4394 4395
2 4396 298
2 4397 4398
2 4397 4399
2 4400 4401
2 2462 4402
2 4403 4389
2 4389 4404
2 4392 4405
2 4404 4392
2 4390 4392
2 4405 4393
2 4393 4406
2 4395 4407
2 4407 4408
2 4409 4398
2 4398 4410
2 4398 4399
2 4399 4411
2 4411 2437
2 2437 4401
2 4401 4412
2 4413 2671
2 2671 4414
2 4414 4415
2 4416 4417
2 4397 4411
2 4418 4419
2 4393 4395
2 4420 4412
2 4401 4413
2 2671 4415
2 4402 4421
2 4419 4422
2 4423 2643
2 4424 4425
2 4426 2643
2 4427 4428
2 4427 4429
2 2761 4424
2 2643 4430
2 2557 4431
2 4432 4433
2 4434 4435
2 4434 4436
2 4437 4438
2 3317 4438
2 4439 4440
2 4440 4441
2 4440 4442
2 3362 4443
2 4438 4444
2 966 4445
2 4446 4447
2 4448 4449
2 4450 2888
2 2888 4451
2 3113 4452
2 4453 3069
2 3069 4454
2 4455 4456
2 4457 4458
2 4459 4460
2 4460 4461
2 4461 4462
2 4462 4463
2 4463 4464
2 4463 4465
2 4464 2923
2 4464 218
2 4466 4467
2 218 4466
2 4468 3016
2 3016 4469
2 4470 4471
2 3281 4472
2 4472 4473
2 4474 4475
2 3016 4476
2 4466 4477
2 4466 2923
2 4477 4478
2 3241 4479
2 4479 3016
2 3016 4470
2 4469 3281
2 4470 3281
2 4473 4480
2 4473 4481
2 4480 4474
2 4474 943
2 4474 4481
2 4475 4481
2 3169 4482
2 4483 4484
2 4484 3271
2 4485 2878
2 2878 4486
2 3051 4487
2 4488 4489
2 4490 2969
2 4490 4491
2 2967 4492
2 4493 4494
2 4494 3114
2 3114 4495
2 3114 4487
2 3051 4483
2 4483 3271
2 4483 3049
2 939 2878
2 3049 4487
