ply
format ascii 1.0
comment Saved by Easy3D (liangliang.nan@gmail.com)
element vertex 6439
property float x
property float y
property float z
element edge 45588
property list uchar int vertex_indices
end_header
315.133 10.7677 -1.07
315.358 10.6442 -1.13
313.966 10.7718 -1.12
314.188 10.6371 -1.22
312.55 10.8128 -1.37
0.306949 0.0275891 0.100002
312.815 10.7148 -1.31
0.724511 0.0128275 -0.0699997
311.52 10.7223 -1.45
311.783 10.6206 -1.43
310.332 10.6512 -1.67
308.982 10.6942 -1.71
306.311 10.772 -2.02
-0.292374 0.55511 7.14
2.47301 0.118526 -0.16
2.76362 -0.00283663 -0.209999
306.579 10.6853 -1.93
306.843 10.5836 -1.9
3.5283 0.0642641 -0.309998
305.383 10.6978 -2.13
305.654 10.6225 -2.01
304.095 10.7317 -2.28
304.33 10.6459 -2.23
1.79648 0.485066 6.84
4.55349 0.0183747 -0.439999
302.983 10.7002 -2.36
3.50026 9.06087 -0.34
303.287 10.6278 -2.2
4.96816 0.109835 -0.470001
301.89 10.619 -2.46
3.87435 9.12307 -0.399998
300.447 10.6796 -2.63
300.713 10.5855 -2.56
299.081 10.6662 -2.86
299.393 10.6202 -2.63
3.23634 0.530637 6.62
6.00381 0.10158 -0.73
307.197 10.3393 5.59
298.128 10.6193 -2.81
298.401 10.5514 -2.65
6.72793 0.139419 -0.73
296.905 10.6552 -2.94
295.588 10.7012 -3.18
4.36545 0.508554 6.53
7.08398 0.0201279 -0.689999
295.859 10.6258 -3.05
303.778 10.2927 5.34
4.72803 0.529355 6.47
7.48504 0.0626638 -0.779999
294.796 10.6537 -3.04
6.29358 9.07467 -0.559998
293.802 10.5775 -3.21
301.472 10.2812 5.06
292.82 10.5464 -3.26
5.37309 0.516198 6.59
8.19346 0.0440516 -0.860001
291.544 10.6217 -3.37
7.08314 9.11458 -0.779999
291.771 10.5058 -3.37
8.58405 0.0489532 -0.849998
289.317 10.6612 -3.65
289.579 10.5558 -3.61
288.426 10.6088 -3.7
7.8748 9.16202 -0.809998
5.25092 8.70781 6.55
288.689 10.5033 -3.64
287.202 10.6372 -3.82
6.66112 0.482358 6.33
9.45556 0.0336379 -1.1
287.459 10.5129 -3.82
286.185 10.5957 -3.86
284.747 10.6751 -4.01
8.59972 9.08611 -0.919998
285.038 10.5538 -3.96
10.1113 0.175628 -1.13
304.855 1.803 -2.35
305.146 1.68164 -2.32
283.988 10.5131 -4.01
291.489 10.1909 4.41
303.762 1.72178 -2.43
10.7428 0.113546 -1.23
304.023 1.60879 -2.42
9.5118 9.10006 -0.989998
282.762 10.534 -4.24
302.525 1.705 -2.6
9.91994 9.05142 -1.08
302.796 1.62965 -2.47
281.676 10.5966 -4.3
281.942 10.5024 -4.22
301.369 1.74675 -2.67
10.7605 9.15823 -1.11
9.51675 0.486941 6.12
12.3528 0.0712461 -1.36
301.634 1.65258 -2.59
280.632 10.5747 -4.42
9.9864 0.542839 5.96
12.7871 0.116699 -1.45
280.903 10.4994 -4.27
300.251 1.69272 -2.79
10.4019 0.520551 5.95
13.1673 0.0839668 -1.37
300.519 1.60607 -2.7
10.7404 0.454793 6.08
13.5796 0.0503881 -1.52
279.604 10.6093 -4.42
279.856 10.4662 -4.44
13.9191 -0.011606 -1.56
287.177 10.1981 4.03
12.6334 9.12798 -1.38
298.994 1.72195 -2.95
14.2225 0.0297046 -1.63
299.254 1.6052 -2.92
12.9358 9.16553 -1.43
10.2412 8.69043 6.07
299.487 1.51187 -2.88
278.424 10.5645 -4.71
11.6868 0.47542 5.87
14.4896 0.0568074 -1.51
278.73 10.4996 -4.5
298.025 1.61853 -2.98
277.512 10.5506 -4.58
12.0006 0.554365 5.82
14.7951 0.105645 -1.57
296.735 1.64484 -3.1
302.615 2.14617 4.92
13.5643 9.20967 -1.4
302.853 2.0679 4.99
276.355 10.5923 -4.72
15.1692 0.167844 -1.69
276.613 10.468 -4.68
11.2282 8.74032 6.05
295.329 1.72346 -3.25
301.495 2.08461 4.76
15.5637 0.0702868 -1.75
14.278 9.20987 -1.58
11.5803 8.72348 5.99
275.623 10.5244 -4.66
282.979 10.1492 3.76
294.491 1.62418 -3.34
300.486 2.0732 4.76
14.6414 9.11693 -1.56
274.82 10.4355 -4.74
16.2132 0.189696 -1.79
293.335 1.66593 -3.39
273.809 10.4166 -4.93
13.7664 0.489017 5.69
16.6046 0.0808489 -1.87
292.318 1.62441 -3.51
15.4121 9.08909 -1.58
292.548 1.5198 -3.5
272.672 10.5261 -4.94
272.919 10.3642 -5.02
17.4544 0.104014 -1.93
280.083 10.1153 3.6
291.126 1.65572 -3.64
16.2349 9.13192 -1.71
13.5403 8.65682 5.82
17.8397 0.0900984 -1.91
291.392 1.56154 -3.56
16.5684 9.16486 -1.74
271.778 10.4624 -5.01
15.3453 0.451326 5.58
18.2479 0.041466 -2.1
289.901 1.6841 -3.77
290.16 1.56358 -3.78
16.9899 9.04764 -1.77
15.761 0.54655 5.48
18.5856 0.0894573 -2.05
295.868 2.14526 4.42
17.3889 9.08265 -1.9
18.9597 0.151656 -2.1
296.087 1.99924 4.33
17.7132 9.19923 -1.88
15.0155 8.71284 5.66
270.682 10.4874 -5.12
19.3264 0.187511 -2.07
270.901 10.3414 -5.17
15.4093 8.72903 5.6
278.003 10.1017 3.43
19.7191 0.19994 -2.15
288.82 1.64428 -3.92
289.052 1.54719 -3.86
18.4298 9.09321 -1.96
269.712 10.4977 -5.18
276.77 10.2175 3.33
287.776 1.62243 -4
18.6803 9.17761 -1.97
293.767 2.05263 4.23
18.9858 9.22645 -2.08
268.816 10.4227 -5.36
275.887 10.1914 3.32
20.5925 0.0746392 -2.2
286.82 1.56793 -4.1
292.54 2.07349 4.02
292.775 1.98769 4.1
18.0371 0.566362 5.37
20.9001 0.131003 -2.25
267.887 10.4661 -5.29
285.872 1.53977 -4.11
19.6243 9.0732 -2.01
18.3975 0.579636 5.25
21.2689 0.174385 -2.36
291.586 2.02652 4.02
20.0338 9.14584 -2.13
266.969 10.4295 -5.4
21.6491 0.141653 -2.37
284.828 1.51792 -4.22
20.4244 9.15074 -2.17
283.529 1.63164 -4.3
19.2088 0.581067 5.11
22.0449 0.165371 -2.37
283.792 1.52618 -4.25
22.5329 0.0539862 -2.51
289.331 2.08197 3.88
264.943 10.4941 -5.56
282.485 1.60979 -4.43
282.753 1.52314 -4.3
21.9244 9.17957 -2.34
288.551 1.95842 3.87
23.5521 0.103029 -2.55
281.351 1.61305 -4.48
22.2765 9.16274 -2.37
19.5768 8.66882 5.18
281.617 1.51888 -4.4
287.37 1.91361 3.65
22.632 9.27471 -2.42
19.8959 8.76658 5.23
262.894 10.4721 -5.76
21.4286 0.515165 4.97
24.3031 0.121205 -2.65
263.159 10.378 -5.64
270.001 10.1376 2.95
23.0536 9.15749 -2.41
280.362 1.55564 -4.58
24.6825 0.202221 -2.64
286.076 2.04238 3.69
23.4991 9.12683 -2.5
261.896 10.5021 -5.75
22.3032 0.51114 4.85
262.157 10.3891 -5.68
279.343 1.5066 -4.68
22.7292 0.526486 4.78
25.5404 0.137981 -2.74
261.063 10.4217 -5.82
24.357 9.06258 -2.64
23.098 0.569868 4.82
25.9673 0.15709 -2.79
267.952 10.1156 2.77
24.6709 9.14153 -2.55
278.151 1.5379 -4.84
26.3166 0.246479 -2.84
283.951 1.98071 3.5
26.6912 0.0774172 -2.84
259.915 10.4935 -5.93
25.3325 9.07108 -2.66
24.112 0.600093 4.73
260.175 10.3768 -5.86
25.6029 9.22698 -2.63
277.146 1.53778 -4.82
259.172 10.3879 -6.01
275.896 1.59336 -5.05
25.9746 9.16414 -2.72
23.2385 8.65602 4.93
276.185 1.46447 -5.01
24.7727 0.643388 4.58
27.5818 0.247356 -2.9
281.779 1.9847 3.31
274.8 1.61836 -5.1
280.675 1.97959 3.21
257.259 10.3889 -6.17
23.9929 8.803 4.93
257.525 10.2948 -6.01
274.118 1.49603 -5.05
27.1577 9.10273 -2.81
28.8418 0.229415 -3.12
279.663 1.95689 3.14
256.297 10.4294 -6.14
27.5245 9.13859 -2.88
273.11 1.48838 -5.09
278.675 1.90324 3.02
255.459 10.3301 -6.27
27.8601 9.17905 -2.88
272.011 1.5021 -5.21
272.277 1.40792 -5.09
28.1852 9.18188 -2.91
277.581 1.93577 3
254.414 10.422 -6.32
28.5645 9.2629 -2.94
254.678 10.3203 -6.2
270.915 1.5271 -5.37
276.43 1.99633 2.89
29.0185 9.26234 -3.03
26.247 8.74378 4.7
276.655 1.8729 2.87
253.805 10.3318 -6.23
29.4369 9.13383 -3.03
270.002 1.50939 -5.45
31.127 0.165585 -3.31
29.7704 9.16677 -3.08
252.906 10.3668 -6.35
28.5496 0.578276 4.41
31.4626 0.20605 -3.37
268.983 1.57786 -5.49
269.251 1.49121 -5.34
31.7959 0.121475 -3.36
274.577 1.98058 2.77
30.4175 9.16114 -3.11
252.177 10.3102 -6.39
268.18 1.48902 -5.64
30.7555 9.32664 -3.24
27.9497 8.8014 4.57
268.453 1.42119 -5.44
32.4381 0.214541 -3.39
274.016 1.82852 2.78
31.0628 9.2655 -3.21
251.152 10.356 -6.49
257.901 10.0157 2.18
31.3516 9.25412 -3.2
272.771 1.90292 2.65
250.384 10.2777 -6.47
31.7409 9.13774 -3.27
266.024 1.54947 -5.79
33.4332 0.177024 -3.52
266.283 1.43271 -5.72
32.1616 9.13427 -3.31
271.67 1.9091 2.52
249.32 10.3018 -6.62
265.19 1.469 -5.77
265.439 1.31462 -5.79
270.555 1.98011 2.55
248.216 10.4142 -6.63
248.438 10.2795 -6.62
264.094 1.49401 -5.85
32.1843 0.585136 4
35.0589 0.191175 -3.63
30.9226 8.7612 4.33
269.415 1.96456 2.37
32.4846 0.615156 4.03
34.0358 9.2253 -3.51
269.681 1.87038 2.46
34.3701 9.14449 -3.49
247.504 10.3003 -6.74
33.1899 0.585254 3.84
36.0945 0.18292 -3.84
253.965 10.0926 2
36.4964 0.111707 -3.88
35.1348 9.21159 -3.55
263.124 1.50433 -5.92
36.8789 0.204014 -3.9
268.702 1.8506 2.35
34.3596 0.592432 3.87
35.9432 9.31924 -3.73
33.0677 8.77687 4.25
246.478 10.3462 -6.88
37.6776 0.160283 -3.97
37.9614 0.247601 -3.94
246.749 10.2708 -6.66
36.5807 9.16223 -3.72
35.3591 0.687481 3.75
38.2637 0.285148 -3.94
37.233 9.17541 -3.82
36.0217 0.62079 3.7
37.5645 9.20082 -3.8
36.4288 0.568395 3.62
262.234 1.45191 -6.03
245.697 10.3363 -6.85
38.5857 9.25739 -3.86
37.4178 0.62581 3.65
38.9514 9.28949 -3.89
39.3918 9.24001 -3.96
39.857 9.16334 -4.04
40.5044 9.27522 -4.05
40.8845 9.24249 -4.17
40.517 8.8541 3.69
4.22444 8.63242 6.6
5.42424 8.63123 6.46
3.41283 8.97977 -0.389999
0.146678 0.384356 6.92
3.86468 8.97169 -0.380001
4.40187 9.03718 -0.399998
7.26595 8.60559 6.33
1.14096 0.460588 6.92
4.72573 8.91874 -0.470001
7.77617 8.69075 6.31
1.44412 0.384387 6.88
5.18097 9.03946 -0.540001
1.7609 0.357109 6.8
5.43624 8.90765 -0.529999
5.8344 9.05641 -0.66
2.46642 0.444719 6.74
6.2386 9.11024 -0.610001
9.06629 8.66443 6.11
6.56584 9.12059 -0.720001
6.92713 9.02012 -0.709999
9.85142 8.57178 6.18
0.118734 -0.0660301 -0.0200005
3.67354 0.469868 6.61
7.38108 9.01956 -0.689999
0.672669 0.0596807 0
261.184 1.52498 -6.06
7.69053 8.96594 -0.84
1.09651 0.0674998 -0.079998
4.47437 0.433665 6.5
261.441 1.4007 -6.02
8.09762 8.91355 -0.899998
1.49837 -0.00371321 -0.149998
8.64109 9.00162 -0.880001
1.94081 -0.0456647 -0.200001
245.033 10.2818 -6.82
9.0919 8.98978 -0.98
5.93177 0.425702 6.47
251.531 9.97078 1.8
9.54271 8.97794 -1.05
2.92696 0.117973 -0.299999
6.32446 0.43813 6.34
260.389 1.46626 -6.12
10.1215 9.07646 -0.950001
3.29662 0.0476056 -0.360001
10.3414 8.93421 -1.16
10.5673 9.16331 -1.13
3.77963 0.0349154 -0.309998
265.822 1.87321 2.16
10.9286 9.06283 -1.15
4.14849 0.0782974 -0.509998
244.102 10.3138 -6.91
11.292 8.96989 -1.21
14.3705 8.726 5.69
259.594 1.40753 -6.17
8.10097 0.527929 6.16
264.988 1.79275 2.06
11.7836 9.10482 -1.34
243.282 10.2823 -6.89
5.04802 0.0470823 -0.52
8.45389 0.397347 6.15
258.564 1.4346 -6.21
12.3457 9.14312 -1.19
258.818 1.29903 -6.17
5.45222 0.100909 -0.540001
242.319 10.319 -6.99
257.53 1.45038 -6.34
15.6004 8.71643 5.58
257.821 1.32902 -6.24
5.56507 -0.0764393 -0.68
5.78573 0.133846 -0.610001
9.19893 0.510455 5.98
241.384 10.3397 -7.04
256.56 1.46071 -6.35
12.9502 9.1007 -1.35
240.625 10.2914 -7.05
6.10565 0.117859 -0.639999
9.50838 0.456834 5.98
255.585 1.45222 -6.49
255.842 1.32794 -6.44
16.2787 8.70619 5.58
260.963 1.8985 1.95
6.43812 0.147033 -0.75
9.8584 0.432474 6.04
261.18 1.74496 1.89
254.751 1.37176 -6.52
259.925 1.89546 1.83
13.5869 9.05744 -1.47
16.6766 8.73743 5.63
238.871 10.2844 -7.15
6.75046 -0.0128098 -0.68
10.3437 0.544823 6.01
253.88 1.38707 -6.48
259.245 1.78443 1.91
13.9474 9.07071 -1.52
237.848 10.3379 -7.29
7.31277 0.143008 -0.759998
10.7134 0.474456 5.91
238.098 10.1872 -7.28
252.849 1.41414 -6.57
14.5293 9.18052 -1.54
258.009 1.88893 1.74
7.67406 0.042534 -0.899998
258.305 1.78638 1.87
14.8935 8.97383 -1.57
17.9895 8.6764 5.47
237.149 10.2728 -7.31
8.27251 0.0950476 -0.829998
11.7137 0.455757 5.85
243.751 9.86814 1.51
252.025 1.36379 -6.67
15.4265 9.02427 -1.62
18.5683 8.77492 5.42
257.274 1.81345 1.68
12.203 0.465647 5.78
236.323 10.3362 -7.25
15.9242 9.06427 -1.71
251.12 1.37619 -6.73
9.10659 0.0617611 -1.07
235.509 10.3235 -7.42
250.393 1.32706 -6.81
16.3449 9.0608 -1.76
234.939 10.1413 -7.53
249.326 1.45743 -6.8
9.51578 0.0168922 -1.05
249.571 1.28799 -6.87
254.771 1.79204 1.61
16.8197 9.13551 -1.8
234.062 10.2516 -7.42
248.614 1.34724 -6.9
9.93672 0.130933 -1.15
253.741 1.81911 1.43
233.182 10.2368 -7.49
17.1802 9.14879 -1.89
20.1511 8.63478 5.23
247.704 1.34083 -6.9
10.1595 -0.11754 -1.07
10.3491 0.0973546 -1.06
252.882 1.76584 1.41
232.071 10.3266 -7.63
17.4842 8.95884 -1.78
232.332 10.2136 -7.5
231.309 10.267 -7.59
14.1455 0.452521 5.58
230.446 10.3125 -7.56
230.651 10.1175 -7.69
17.8478 8.9834 -1.87
20.9792 8.69642 5.18
244.705 1.40445 -7.11
249.934 1.77884 1.26
14.5777 0.490448 5.58
229.892 10.1868 -7.59
18.1834 9.02386 -2.03
235.987 9.94322 1.1
11.318 -0.0342477 -1.28
236.201 9.77839 1.08
244.091 1.29549 -7.08
18.7738 9.16378 -1.88
21.7146 8.65814 5.13
11.8439 0.107363 -1.3
249.133 1.81505 1.33
243.277 1.28276 -7.14
228.128 10.2596 -7.74
19.1123 9.09803 -1.99
234.421 9.91232 1.06
242.118 1.43073 -7.26
12.1918 0.0754762 -1.35
15.6516 0.386415 5.48
242.372 1.29516 -7.19
246.414 1.83342 1.16
19.3343 8.9633 -2.07
19.5301 9.20078 -2.12
226.39 10.3091 -7.79
226.599 10.1254 -7.88
12.4814 -0.0496502 -1.39
16.1244 0.453603 5.46
240.467 1.32626 -7.33
245.469 1.81656 1.07
19.8966 9.11912 -2.11
225.603 10.2767 -7.8
12.979 -0.00965232 -1.41
225.858 10.1449 -7.7
231.849 9.87755 0.920002
20.3016 9.0592 -2.17
23.462 8.76008 4.95
239.53 1.3395 -7.39
244.525 1.80722 0.990002
13.5246 0.085951 -1.5
16.948 0.382682 5.21
224.849 10.2472 -7.81
230.991 9.94179 0.959999
20.7503 9.03983 -2.26
231.233 9.76105 0.880001
14.0055 0.0657341 -1.52
17.608 0.539726 5.33
238.79 1.24521 -7.49
243.788 1.72046 0.950001
21.3781 9.19771 -2.27
224.229 10.1194 -7.89
237.781 1.34755 -7.49
14.3014 -0.0368118 -1.62
17.985 0.495703 5.26
242.861 1.77134 0.93
21.6655 9.06506 -2.32
223.494 10.1577 -7.9
236.975 1.36494 -7.57
14.7689 0.011559 -1.57
237.23 1.23313 -7.52
22.1155 9.16697 -2.39
222.835 10.122 -7.91
236.363 1.2635 -7.59
15.1045 0.0520235 -1.62
241.381 1.69651 0.799999
22.4219 9.10206 -2.4
222.098 10.1527 -7.91
228.204 9.83305 0.850002
15.4223 0.0285097 -1.75
240.64 1.71596 0.84
22.8593 9.1588 -2.39
234.69 1.31502 -7.74
239.881 1.66768 0.779999
220.633 10.1343 -8.1
19.4445 0.495267 5.09
234.125 1.26543 -7.64
239.075 1.68507 0.690002
23.0978 8.96678 -2.39
23.2957 9.21178 -2.44
219.695 10.2613 -8.1
219.904 10.0777 -8.15
16.2826 0.089309 -1.84
233.311 1.2527 -7.68
238.06 1.76859 0.600002
23.7112 9.18949 -2.49
219.026 10.1879 -8.04
232.228 1.32663 -7.85
16.7604 0.0578017 -1.85
20.4034 0.561055 5.04
237.273 1.73997 0.66
218.267 10.1396 -8.12
24.0672 9.0702 -2.58
27.2452 8.71755 4.67
231.451 1.33188 -7.73
236.261 1.83102 0.639999
17.1654 -0.00212095 -1.93
236.514 1.69169 0.690002
217.463 10.1645 -8.16
24.6439 9.16119 -2.6
230.63 1.29282 -7.87
235.694 1.66015 0.600002
17.6329 0.0462498 -1.96
21.3414 0.551574 5.03
216.799 10.11 -8.17
229.902 1.24369 -7.89
25.1084 9.19827 -2.54
234.902 1.60895 0.470001
215.935 10.1516 -8.25
18.1764 0.134326 -1.92
229.124 1.24517 -7.86
215.025 10.2627 -8.27
25.4312 9.07606 -2.6
215.277 10.1196 -8.17
228.164 1.29313 -8
18.5036 0.144683 -1.99
227.3 1.33479 -8
227.547 1.17288 -7.99
25.7074 9.01953 -2.72
28.9175 8.66603 4.59
232.291 1.66995 0.369999
213.705 10.0661 -8.34
22.4975 0.509828 4.88
226.454 1.32292 -8.03
226.67 1.16938 -8.06
26.2697 9.17534 -2.73
231.532 1.62166 0.400002
212.957 10.0593 -8.29
19.3105 0.0135477 -2.03
22.964 0.554435 4.82
218.924 9.70535 0.470001
26.7153 9.14468 -2.75
225.831 1.18385 -8.06
230.721 1.62023 0.41
19.7938 0.11837 -2.19
23.4585 0.583143 4.7
212.098 10.1197 -8.3
27.1035 9.02455 -2.82
30.2212 8.68864 4.26
224.816 1.26737 -8.14
225.063 1.10546 -8.14
20.1686 0.0668201 -2.31
229.866 1.57825 0.299999
27.5815 9.11055 -2.92
211.317 10.1099 -8.35
224.09 1.222 -8.12
24.2437 0.490487 4.6
228.969 1.62076 0.279999
210.568 10.0993 -8.36
27.9158 9.02974 -3.04
28.1656 9.22789 -2.87
31.1561 8.66787 4.31
223.106 1.29715 -8.24
223.331 1.17372 -8.15
21.059 0.119247 -2.34
24.757 0.586937 4.63
228.171 1.55074 0.139999
209.782 10.0707 -8.48
222.261 1.29281 -8.27
28.3876 9.09316 -3.02
31.5873 8.70203 4.31
222.519 1.17229 -8.16
21.5318 0.186434 -2.32
25.0248 0.500291 4.56
227.28 1.61206 0.18
208.908 10.196 -8.41
28.8572 9.14906 -2.98
209.153 10.0265 -8.42
221.71 1.17839 -8.23
21.7808 0.0320466 -2.36
25.4976 0.567478 4.54
226.479 1.64827 0.240002
208.349 10.0514 -8.52
29.2968 9.21333 -3.04
220.761 1.26398 -8.34
225.637 1.65144 0.119999
22.213 0.0699731 -2.45
25.9432 0.536817 4.57
207.444 10.1776 -8.56
219.983 1.26547 -8.36
29.6102 9.05725 -3.04
220.24 1.14119 -8.25
224.811 1.71484 0.150002
22.6036 0.0748747 -2.52
225.061 1.56421 0.209999
219.255 1.33009 -8.24
29.9414 8.96515 -3.09
30.106 9.20724 -3.11
219.486 1.11172 -8.37
224.123 1.69121 0.150002
206.283 10.0868 -8.5
23.019 0.0525863 -2.55
26.7192 0.527803 4.47
218.657 1.16383 -8.5
30.4351 9.10761 -3.2
33.6452 8.75411 4.1
223.336 1.65882 -0.0499992
205.394 10.1556 -8.7
23.4971 0.138591 -2.57
27.1783 0.546067 4.45
205.682 10.0267 -8.55
217.785 1.29289 -8.46
30.9589 9.24169 -3.24
218.002 1.13935 -8.45
23.8335 0.065307 -2.61
27.5668 0.543441 4.37
204.747 10.1612 -8.68
204.999 10.0181 -8.58
31.3202 9.14122 -3.21
217.154 1.24122 -8.46
222.027 1.61739 0.0800018
204.253 10.0188 -8.63
24.2325 0.100316 -2.75
27.9928 0.558787 4.38
209.991 9.77326 0.260002
31.7461 9.15656 -3.27
216.43 1.20338 -8.48
216.679 1.04899 -8.44
24.6343 0.0291031 -2.71
28.3645 0.495947 4.35
221.265 1.56158 -0.0599976
32.0668 9.02683 -3.23
203.55 10.0562 -8.63
209.384 9.69063 0.200001
25.1529 0.14437 -2.69
215.885 1.10778 -8.46
202.797 10.0305 -8.75
208.506 9.80088 0.200001
32.5501 9.13165 -3.35
35.7956 8.7886 4.03
214.919 1.25067 -8.47
25.4456 0.0305335 -2.76
29.1842 0.527485 4.21
219.719 1.59843 -0.0499992
202.115 10.0295 -8.71
33.0145 9.16873 -3.37
36.2548 8.80686 4
214.332 1.12204 -8.49
25.9244 0.00278969 -2.79
218.934 1.57734 -0.149998
201.345 10.0573 -8.7
33.4758 9.19452 -3.42
213.372 1.17 -8.67
218.276 1.54157 -0.0499992
26.492 0.177425 -2.84
212.835 1.10451 -8.54
211.809 1.26415 -8.64
33.758 9.04305 -3.56
212.058 1.10976 -8.59
216.726 1.56712 -0.0999985
199.205 10.0604 -8.8
216.027 1.50209 -0.169998
34.312 9.16876 -3.47
37.5522 8.80689 3.87
198.539 9.99832 -8.87
27.0059 0.0426132 -3.12
204.247 9.64742 -0.0599976
34.5913 9.12351 -3.54
37.8159 8.70519 3.83
210.339 1.22695 -8.68
27.4983 0.0637939 -2.96
31.2639 0.541082 4.12
210.591 1.08385 -8.61
215.251 1.51111 -0.18
35.0308 9.18778 -3.57
197.892 10.004 -8.77
209.702 1.1527 -8.71
214.301 1.5967 -0.27
28.0085 0.148953 -2.95
31.7139 0.642987 4.06
197.12 10.028 -8.83
202.773 9.71268 0.0200005
38.5512 8.66691 3.77
209.006 1.09896 -8.74
213.58 1.57015 -0.259998
28.3128 0.0765146 -3.06
32.043 0.543359 4.03
196.333 10.1131 -8.8
208.147 1.15944 -8.78
212.831 1.5595 -0.32
35.7879 9.11103 -3.64
195.762 10.0447 -8.72
207.459 1.13581 -8.72
28.7054 0.0889431 -3.07
195.088 9.95251 -8.83
206.62 1.15028 -8.8
211.269 1.5399 -0.380001
194.264 10.0234 -8.9
205.906 1.15007 -8.78
29.1782 0.156131 -3.14
210.577 1.50121 -0.360001
193.548 10.0157 -8.88
36.722 9.204 -3.67
205.21 1.09633 -8.8
29.5906 0.122552 -3.12
33.3135 0.563052 3.92
192.893 9.99122 -8.9
204.458 1.07439 -8.89
36.9917 9.00737 -3.71
37.1595 9.26075 -3.78
209.077 1.47239 -0.450001
203.775 1.06958 -8.87
29.9634 0.0634757 -3.23
33.7206 0.510657 3.85
208.425 1.4592 -0.369999
37.4333 9.07917 -3.86
202.988 1.15471 -8.85
30.5422 0.161996 -3.28
34.2941 0.59036 3.88
207.656 1.49456 -0.43
190.917 10.0014 -8.91
38.0422 9.16932 -3.86
196.392 9.74386 -0.0599976
34.6148 0.460624 3.83
202.296 1.11602 -8.95
206.976 1.49727 -0.399998
38.4765 9.21477 -3.93
201.818 1.03002 -8.86
189.597 10.0361 -8.89
31.4346 0.22195 -3.25
34.9785 0.485189 3.74
201.035 1.01269 -9.01
205.538 1.45923 -0.549999
38.8567 9.18204 -3.89
188.985 9.93468 -9
31.6951 0.10896 -3.34
35.4306 0.594621 3.7
200.159 1.13046 -9.02
204.855 1.45441 -0.5
39.0892 9.08495 -4.06
188.194 10.0085 -8.99
199.476 1.12188 -8.96
31.9985 0.15027 -3.5
35.8055 0.543071 3.79
204.164 1.41573 -0.5
187.498 10.0685 -9.01
39.5214 9.12287 -4.03
193.007 9.70013 -0.239998
198.769 1.14426 -9.01
32.3983 0.0715303 -3.47
36.1856 0.510338 3.7
186.842 10.0441 -9.04
39.9994 9.20888 -4.06
187.081 9.85203 -9.07
198.041 1.09513 -9.15
32.9407 0.155843 -3.49
36.6605 0.585053 3.59
198.302 0.982138 -8.98
202.691 1.48475 -0.559998
40.445 9.17822 -4.1
186.14 10.0852 -9.08
186.384 9.91204 -8.99
33.3135 0.0967667 -3.54
197.314 1.16351 -9.06
202 1.44983 -0.579998
40.8604 9.15593 -4.15
185.533 10.0026 -9.06
191.069 9.61456 -0.239998
196.593 1.13696 -9.12
201.056 1.55424 -0.68
201.308 1.41114 -0.579998
184.96 9.92292 -9.03
195.883 1.14805 -9.07
34.3266 0.240741 -3.58
184.164 9.97794 -9.06
195.298 1.02695 -9.04
199.756 1.42917 -0.649998
183.426 10.0087 -9.06
34.6953 0.16661 -3.62
38.4451 0.587447 3.52
194.582 1.01921 -9.06
199.04 1.42144 -0.649998
182.746 10.0114 -9.08
193.836 1.01985 -9.13
34.9859 0.0452474 -3.65
35.1536 0.298623 -3.7
198.275 1.46809 -0.639999
182.153 9.97771 -9.11
193.046 1.09369 -9.18
35.3932 0.110364 -3.76
197.479 1.52311 -0.73
181.593 9.94693 -9.1
187.083 9.51078 -0.34
192.514 1.04701 -9.12
180.873 10.0417 -9.15
181.123 9.89103 -9.01
36.2482 0.152346 -3.83
186.374 9.64314 -0.279999
191.864 1.04135 -9.17
196.294 1.45948 -0.75
36.5951 0.116696 -3.8
180.396 9.95941 -9.12
191.105 1.11435 -9.25
36.9752 0.0839633 -3.87
195.629 1.51864 -0.68
37.4886 0.180413 -3.89
179.726 9.99976 -9.09
190.535 1.04593 -9.23
179.071 9.97528 -9.2
37.7813 0.0665765 -4.03
189.988 0.946566 -9.23
194.233 1.51362 -0.73
178.447 9.94996 -9.15
38.3352 0.192287 -3.99
189.226 1.0045 -9.22
177.841 9.98485 -9.07
188.606 0.990471 -9.23
192.864 1.48894 -0.799999
177.13 9.99593 -9.17
187.865 1.00993 -9.29
192.29 1.40924 -0.77
176.624 9.92583 -9.1
187.16 1.03983 -9.29
175.842 10.0298 -9.13
186.534 1.00698 -9.28
175.389 9.91658 -9.11
180.69 9.61808 -0.200001
185.916 1.00047 -9.24
174.677 9.92014 -9.22
185.204 1.00403 -9.3
189.461 1.49874 -0.809998
174.168 9.84251 -9.15
179.286 9.58295 -0.419998
184.55 0.987082 -9.28
188.865 1.45752 -0.77
173.458 9.85359 -9.16
178.773 9.4865 -0.329998
183.805 0.987723 -9.34
183.019 1.08038 -9.37
187.543 1.36716 -0.849998
186.86 1.36235 -0.880001
171.471 9.93991 -9.17
181.826 0.986642 -9.33
186.29 1.29393 -0.84
170.853 9.93341 -9.14
181.197 0.942501 -9.35
185.439 1.38452 -0.959999
170.172 9.93612 -9.25
180.63 0.885378 -9.33
184.684 1.4688 -0.93
169.637 9.87815 -9.2
179.955 0.906908 -9.32
168.926 10.003 -9.21
38.969 0.255245 -4.07
169.17 9.82978 -9.11
174.268 9.50248 -0.48
39.3355 0.173588 -4.09
179.153 1.05686 -9.34
39.6662 0.312748 -4.11
183.511 1.45033 -0.809998
39.9934 0.323105 -4.09
178.672 0.959565 -9.36
167.866 9.92468 -9.16
40.3683 0.271555 -4.21
173.157 9.47103 -0.389999
177.835 1.09907 -9.43
40.7628 0.173998 -4.23
178.08 0.929632 -9.36
41.1699 0.121602 -4.2
167.295 9.8525 -9.21
177.371 0.948244 -9.41
166.648 9.85813 -9.21
41.5877 0.224353 -4.3
176.751 0.934211 -9.31
180.758 1.46203 -1.07
165.873 9.98842 -9.21
39.0279 0.58351 3.45
41.9398 0.20752 -4.32
175.989 0.992149 -9.36
165.306 9.9313 -9.19
175.405 0.874811 -9.47
39.3687 0.642791 3.37
42.287 0.289382 -4.34
179.498 1.47997 -0.889999
164.696 9.9549 -9.17
42.6648 0.13161 -4.41
174.043 0.993985 -9.43
41.2149 9.26414 -4.13
163.521 9.92891 -9.19
173.428 0.998769 -9.41
43.0079 0.315931 -4.47
177.736 1.32535 -0.989998
41.6325 9.24937 -4.16
172.81 0.992263 -9.41
40.4148 0.67217 3.41
43.3611 0.302862 -4.41
177.085 1.31969 -0.98
172.108 1.03346 -9.42
43.8012 0.135871 -4.53
176.315 1.34752 -1.15
161.778 9.84202 -9.15
42.3741 9.23368 -4.22
171.474 0.970497 -9.48
170.879 0.929274 -9.51
41.5657 0.611607 3.25
44.5088 0.231008 -4.54
160.518 9.85997 -9.27
43.0236 9.35309 -4.22
174.557 1.32546 -0.93
44.8332 0.347587 -4.54
160.114 9.80614 -9.17
169.741 0.92125 -9.47
173.86 1.38547 -1.04
42.2356 0.57126 3.24
45.2089 0.182288 -4.6
159.447 9.85778 -9.22
45.5528 0.25286 -4.69
169.209 0.874571 -9.46
44.0975 9.24906 -4.38
173.317 1.29739 -1.12
158.834 9.87009 -9.25
42.9514 0.578992 3.17
45.8893 0.179576 -4.55
163.952 9.49678 -0.399998
44.5161 9.23806 -4.49
168.564 0.887728 -9.49
43.3121 0.709779 3.13
158.267 9.81296 -9.2
44.8465 9.25971 -4.44
167.817 0.884606 -9.56
162.646 9.46665 -0.41
42.3658 8.73729 3.52
167.099 0.983096 -9.46
156.867 9.9104 -9.18
47.0401 0.119012 -4.77
166.6 0.821822 -9.44
42.7171 8.8342 3.51
156.411 9.78968 -9.15
47.4029 0.257326 -4.75
165.902 0.878069 -9.45
155.802 9.81328 -9.17
165.153 0.984932 -9.47
46.3827 9.18523 -4.6
169.28 1.36175 -1.14
155.219 9.81722 -9.21
46.7319 9.27462 -4.68
164.642 0.896009 -9.52
45.5287 0.632587 3.01
48.5124 0.281249 -4.92
154.731 9.81109 -9.16
47.0767 9.23144 -4.68
164.126 0.905782 -9.48
45.8808 0.615754 2.95
48.8541 0.226782 -4.9
168.261 1.3127 -1.02
47.3914 9.19663 -4.71
154.211 9.80958 -9.15
46.1934 0.573423 2.93
159.146 9.47522 -0.43
163.661 0.868702 -9.41
47.6511 9.19739 -4.63
167.751 1.22754 -1.1
46.5125 0.671185 2.89
153.604 9.8407 -9.21
162.956 0.898604 -9.55
49.8596 0.2269 -4.98
48.4315 9.32095 -4.75
167.069 1.34401 -1.06
50.2277 0.384031 -5.08
152.967 9.88397 -9.2
48.826 9.22339 -4.74
162.495 0.872814 -9.36
50.6348 0.331635 -5.08
166.556 1.24756 -1.06
152.38 9.87285 -9.24
161.864 0.821146 -9.5
165.969 1.23644 -1.04
161.146 0.9234 -9.44
165.211 1.30943 -1.12
51.3754 0.312177 -5.07
151.287 9.79163 -9.17
49.9551 9.20131 -4.84
156.181 9.42801 -0.529999
51.7751 0.233437 -5.12
50.3509 9.22502 -4.93
160.579 0.866277 -9.47
52.1772 0.279736 -5.24
155.562 9.53526 -0.34
50.6837 9.37171 -4.88
159.964 0.871061 -9.41
150.126 9.81456 -9.15
51.1125 9.28083 -4.98
155.022 9.45847 -0.41
52.9613 0.183317 -5.25
149.551 9.84861 -9.11
158.841 0.798212 -9.47
149.065 9.73249 -9.14
158.149 0.877039 -9.48
51.8314 9.29986 -5.03
148.302 9.90418 -9.16
50.6303 0.665355 2.69
53.6721 0.289744 -5.27
157.554 0.835816 -9.5
147.932 9.73952 -9.09
160.964 1.31865 -1.03
147.25 9.85598 -9.1
52.4141 9.29592 -5.1
152.191 9.4267 -0.369999
156.255 0.945771 -9.49
54.2755 0.243563 -5.42
146.731 9.85447 -9.08
151.56 9.48878 -0.399998
52.7257 9.24982 -5.15
155.753 0.890719 -9.5
159.871 1.23743 -1.07
53.0403 9.21502 -5.14
146.141 9.83206 -9.13
51.8497 0.618153 2.56
54.8407 0.293159 -5.36
151.136 9.36721 -0.369999
155.195 0.867467 -9.46
53.4226 9.18981 -5.21
145.588 9.82763 -9.05
55.2292 0.290534 -5.44
154.78 0.776007 -9.29
53.8132 9.19472 -5.24
158.661 1.20099 -1.07
55.6146 0.276618 -5.46
145.021 9.7705 -9.08
144.331 9.85686 -9.14
149.256 9.37112 -0.470001
153.325 0.909009 -9.4
54.6608 9.21035 -5.31
143.777 9.84489 -9.13
56.5193 0.26422 -5.6
152.76 0.859412 -9.42
55.0258 9.35619 -5.29
156.69 1.34376 -1.01
53.9045 0.65894 2.34
56.883 0.288785 -5.57
152.156 0.901831 -9.41
55.4172 9.24735 -5.29
156.218 1.16282 -1.18
57.2869 0.225099 -5.62
142.741 9.85315 -9.02
147.624 9.33438 -0.470001
55.6821 9.26692 -5.31
151.626 0.862679 -9.45
54.5608 0.569669 2.39
57.5529 0.248438 -5.56
142.186 9.84119 -9.11
55.9884 9.20201 -5.37
141.848 9.67568 -9.04
150.44 0.912798 -9.51
154.572 1.19468 -1.03
58.1315 0.229447 -5.54
56.617 9.24615 -5.34
150.154 0.704205 -9.32
154.062 1.10952 -1.02
56.9578 9.30543 -5.44
58.8391 0.324584 -5.72
140.52 9.79777 -9.08
54.3724 8.87296 2.73
57.3191 9.20496 -5.44
149.344 0.82405 -9.4
59.2462 0.272188 -5.84
153.283 1.22476 -1.06
139.962 9.77452 -9.04
58.0351 9.3302 -5.51
148.793 0.823379 -9.28
152.679 1.26718 -0.959999
59.9742 0.207569 -5.84
139.477 9.66217 -9.05
144.184 9.32621 -0.419998
58.3812 9.4083 -5.49
148.139 0.806428 -9.38
138.883 9.74223 -8.95
147.549 0.784022 -9.43
151.457 1.18934 -1.11
59.1993 9.20105 -5.59
61.0505 0.228575 -5.79
138.301 9.74993 -9.05
147.025 0.763687 -9.38
59.5922 9.33099 -5.71
150.911 1.20748 -1.01
137.809 9.72875 -8.96
146.495 0.724535 -9.39
150.433 1.12148 -1.01
137.397 9.64858 -8.94
145.956 0.769025 -9.32
136.91 9.64621 -8.91
149.178 1.27575 -1.08
60.7184 9.41513 -5.75
136.363 9.66436 -8.92
59.5474 0.772257 2.06
141.11 9.23638 -0.309998
144.827 0.791108 -9.35
60.0064 0.673008 1.93
148.755 1.15418 -1.04
135.847 9.67413 -8.89
144.333 0.766164 -9.35
135.268 9.68936 -9.04
139.976 9.35716 -0.32
143.764 0.819026 -9.33
62.2057 9.28128 -5.77
147.67 1.21682 -0.989998
64.0995 0.345594 -6.04
139.577 9.32215 -0.16
143.401 0.680713 -9.34
62.5361 9.30293 -5.81
134.311 9.74861 -8.86
61.4056 0.689318 1.93
64.4632 0.370159 -6.13
139.049 9.29053 -0.27
59.9122 8.84872 2.41
142.725 0.815991 -9.33
146.679 1.15187 -1
64.8328 0.299792 -6.22
63.2458 9.40559 -5.99
133.746 9.69901 -8.94
142.24 0.703642 -9.35
63.605 9.29759 -5.9
133.235 9.61009 -8.97
132.553 9.72655 -8.91
140.853 0.850006 -9.33
144.828 1.14741 -0.98
65.9051 0.423257 -6.29
132.128 9.59746 -8.83
64.3529 9.30448 -6
66.2486 0.258805 -6.22
140.43 0.728438 -9.24
144.109 1.24214 -1.04
64.676 9.29978 -5.98
131.579 9.60431 -8.91
62.0325 8.89158 2.29
136.092 9.38718 -0.23
66.9853 0.341805 -6.37
139.779 0.836526 -9.28
143.729 1.16112 -0.880001
131.051 9.6902 -8.84
67.3332 0.309918 -6.31
139.238 0.873489 -9.29
65.7417 9.28315 -6
67.6832 0.285559 -6.34
138.771 0.825118 -9.25
142.689 1.15056 -0.970001
66.1219 9.25042 -6
68.0458 0.30636 -6.35
134.636 9.28515 -0.329998
63.4972 8.90996 2.15
138.279 0.807701 -9.23
66.5072 9.23651 -6.07
129.491 9.67812 -8.91
137.716 0.765631 -9.27
66.8596 9.33719 -6.15
128.835 9.76739 -8.92
137.14 0.79215 -9.24
67.2772 9.32242 -6.22
136.495 0.805307 -9.31
67.6295 9.4231 -6.18
127.937 9.57111 -8.8
66.5685 0.709103 1.54
132.449 9.23646 -0.25
68.0479 9.29459 -6.22
135.945 0.812162 -9.22
69.9894 0.296997 -6.48
135.451 0.783454 -9.14
68.3296 9.37438 -6.24
126.773 9.70402 -8.74
67.2428 0.801323 1.46
68.6547 9.37721 -6.28
131.293 9.39196 -0.130001
67.546 0.725121 1.47
70.6087 0.424779 -6.63
68.9518 9.39594 -6.43
134.842 0.810819 -9.21
135.113 0.617951 -9.05
70.8766 0.338133 -6.61
134.451 0.688405 -9.14
138.146 1.1448 -0.880001
125.727 9.67465 -8.73
133.866 0.684816 -9.11
69.5471 9.43717 -6.38
71.5248 0.336267 -6.65
137.564 1.15251 -0.869999
69.9388 9.44583 -6.41
125.17 9.76891 -8.61
71.9101 0.322351 -6.65
133.26 0.719707 -9.18
137.015 1.15936 -0.899998
124.818 9.55448 -8.68
70.3435 9.2684 -6.44
132.768 0.70229 -9.11
72.3007 0.327253 -6.71
70.6959 9.36908 -6.43
136.542 1.09217 -0.860001
72.6499 0.416642 -6.73
132.296 0.635102 -9.17
71.1022 9.43043 -6.46
123.683 9.67149 -8.74
69.9623 0.782946 1.52
128.222 9.31342 -0.0699997
71.5954 9.33786 -6.56
70.4734 0.754356 1.31
73.5351 0.450251 -6.85
131.804 0.617684 -9.12
123.194 9.6616 -8.72
131.105 0.78768 -9.17
70.8776 0.808183 1.35
134.885 1.20014 -0.82
122.634 9.74833 -8.64
72.3798 9.35896 -6.51
74.3595 0.265582 -6.79
134.462 1.07858 -0.779999
122.296 9.58283 -8.67
72.7175 9.40695 -6.55
126.766 9.21139 -0.189999
71.6512 0.674129 1.28
74.7056 0.34368 -6.82
121.657 9.73608 -8.65
129.721 0.592797 -9.13
74.981 0.400891 -6.8
121.293 9.59024 -8.6
73.3376 9.42098 -6.55
120.842 9.60208 -8.53
128.669 0.658349 -9.05
73.6937 9.30169 -6.62
120.427 9.51062 -8.62
75.6624 0.401942 -6.87
71.018 8.89433 1.73
128.177 0.637169 -9.11
119.863 9.5823 -8.58
76.0093 0.366292 -6.92
131.3 1.1389 -0.82
71.307 9.00047 1.72
74.3306 9.37594 -6.66
118.801 9.61022 -8.53
76.3313 0.357832 -6.96
118.213 9.59534 -8.57
126.01 0.65998 -8.91
74.6775 9.34029 -6.68
129.675 1.011 -0.82
76.6627 0.383242 -6.98
117.688 9.57501 -8.51
125.48 0.620828 -8.89
74.9945 9.43052 -6.72
117.147 9.61197 -8.46
76.9816 0.363492 -6.94
124.772 0.756953 -8.93
72.3539 8.9161 1.59
128.555 1.06319 -0.649998
74.2149 0.6788 1.28
77.3182 0.40772 -7.01
116.556 9.70331 -8.5
124.23 0.790152 -8.91
127.948 1.09809 -0.77
77.6976 0.488736 -7.05
116.251 9.54073 -8.44
73.133 8.91837 1.67
76.1566 9.29384 -6.68
127.442 1.14549 -0.709999
78.1958 0.297473 -7.08
115.696 9.64251 -8.5
76.587 9.44176 -6.74
123.419 0.674973 -8.84
75.5186 0.701411 1.1
78.5908 0.43494 -7.06
126.526 1.11649 -0.689999
77.5468 9.3938 -6.82
122.414 0.674855 -8.84
79.5642 0.435904 -7.14
118.143 9.22944 0.16
121.235 0.751319 -8.86
124.989 1.0697 -0.599998
117.655 9.22332 0.190002
78.3122 9.34715 -6.82
120.902 0.604632 -8.7
80.316 0.340331 -7.14
112.939 9.52541 -8.26
120.334 0.661258 -8.85
78.6405 9.36127 -7.04
112.488 9.53725 -8.3
119.97 0.636693 -8.75
78.867 9.35911 -6.91
123.452 1.14418 -0.649998
112.015 9.58758 -8.32
119.586 0.53686 -8.79
79.1591 9.47653 -7.05
111.451 9.65926 -8.27
115.793 9.2912 0.190002
78.0483 0.816913 0.920002
111.031 9.54898 -8.25
115.258 9.23323 0.0900002
122.051 1.00283 -0.599998
81.5022 0.290212 -7.29
110.454 9.57173 -8.23
76.746 8.96371 1.44
117.913 0.588379 -8.75
81.8161 0.369157 -7.26
109.518 9.47123 -8.21
116.894 0.539337 -8.74
82.2295 0.339342 -7.32
80.5553 9.48155 -7.03
120.403 1.02716 -0.57
82.5622 0.486028 -7.28
109.009 9.50734 -8.23
77.8929 9.00561 1.41
80.982 9.38315 -7.18
79.8382 0.838125 0.880001
116.364 0.613934 -8.66
119.894 1.06327 -0.52
78.1641 9.04776 1.42
81.2574 9.44036 -7.12
108.563 9.538 -8.1
83.2434 0.369567 -7.28
115.718 0.740839 -8.71
81.5878 9.46201 -7.14
115.275 0.665278 -8.69
83.6392 0.393286 -7.38
107.552 9.51907 -8.1
81.9606 9.40293 -7.08
114.833 0.593481 -8.6
84.0463 0.34089 -7.48
106.929 9.61126 -8.2
82.3857 9.53203 -7.2
111.257 9.19428 0.310001
114.269 0.665161 -8.54
84.4702 0.348709 -7.52
117.79 1.07687 -0.439999
106.45 9.639 -8.04
113.683 0.654045 -8.68
105.97 9.65922 -8.09
110.297 9.24224 0.41
109.901 9.21852 0.34
112.893 0.614134 -8.6
116.443 1.01747 -0.459999
83.5719 9.48191 -7.34
109.481 9.222 0.400002
82.4538 0.795942 0.709999
112.574 0.516372 -8.48
104.94 9.45503 -7.98
112.018 0.618159 -8.52
85.8385 0.48714 -7.57
84.0641 9.38557 -7.21
114.997 1.06683 -0.43
82.9669 0.774879 0.75
103.821 9.63226 -7.99
84.4068 9.33487 -7.28
108.108 9.18602 0.380001
111.139 0.489618 -8.47
81.6834 8.98942 1.24
84.7455 9.38663 -7.26
86.8116 0.370592 -7.54
103.319 9.57721 -8.03
110.507 0.547936 -8.52
110.029 0.579443 -8.44
84.0193 0.826839 0.630001
109.46 0.632306 -8.48
112.983 1.0553 -0.279999
82.3887 8.95952 1.24
102.082 9.44292 -7.89
87.5276 0.495836 -7.62
106.163 9.18786 0.470001
109.089 0.581397 -8.38
101.45 9.61875 -7.92
108.583 0.628804 -8.35
112.142 0.944731 -0.259998
86.5956 9.39109 -7.35
105.223 9.18981 0.459999
88.6649 0.386348 -7.71
108.069 0.646103 -8.38
83.9272 9.01008 1.13
86.9862 9.39599 -7.34
111.636 0.992138 -0.209999
84.3833 9.01705 1.02
87.4454 9.41426 -7.45
86.3555 0.829905 0.48
100.086 9.61289 -7.84
87.8601 9.50572 -7.5
107.145 0.59076 -8.35
99.6659 9.50261 -7.86
106.635 0.505601 -8.48
99.1373 9.58473 -7.86
109.573 1.03876 -0.299999
109.19 0.94645 -0.220001
88.6586 9.34447 -7.54
98.2802 9.53522 -7.77
90.7362 0.369837 -7.84
105.331 0.482989 -8.18
88.9672 9.4046 -7.52
91.0336 0.50608 -7.89
97.7464 9.59853 -7.74
104.735 0.555515 -8.2
97.3349 9.51836 -7.71
104.199 0.611295 -8.17
88.5753 0.764003 0.380001
91.6838 0.51174 -7.84
96.5317 9.42952 -7.6
90.0052 9.52139 -7.61
103.199 0.629994 -8.22
106.75 0.919578 -0.130001
92.0836 0.433 -7.84
96.0746 9.41879 -7.64
89.397 0.803068 0.290001
92.4755 0.559178 -7.89
102.83 0.586612 -8.12
99.7741 9.07518 0.740002
87.723 9.01271 0.970001
90.8204 9.42036 -7.63
102.461 0.54323 -8.08
95.2966 9.42027 -7.56
91.2019 9.5089 -7.7
101.932 0.621591 -8.16
94.7266 9.58689 -7.55
101.445 0.619227 -8.18
91.4781 9.45236 -7.63
94.3099 9.4879 -7.6
93.5444 0.55384 -7.91
98.3646 9.13875 0.700001
101.117 0.491358 -8.08
90.6987 0.818152 0.330002
104.413 1.03026 -0.0400009
93.7596 9.6085 -7.53
92.1014 9.47768 -7.71
97.8577 9.18239 0.73
100.508 0.632471 -8.05
100.07 0.575727 -8.09
92.4121 9.54534 -7.76
92.9294 9.53933 -7.49
96.9778 9.1676 0.77
94.4937 0.468245 -7.93
99.6743 0.552009 -7.96
92.547 9.44702 -7.54
99.1934 0.572226 -8.02
94.8261 0.497419 -7.96
92.0019 9.58644 -7.44
98.6823 0.600815 -8.04
91.6535 9.38331 -7.49
92.0917 0.811881 0.279999
95.2251 0.532428 -8.01
91.1207 9.45038 -7.42
92.4885 0.839364 0.279999
97.8054 0.479801 -7.88
101.113 0.94259 0.0900002
93.8695 9.53738 -7.69
90.6668 9.45093 -7.34
97.1844 0.579517 -7.91
95.999 0.515887 -8.06
94.2269 9.53936 -7.7
90.1204 9.46908 -7.43
96.6898 0.550809 -7.94
94.641 9.3958 -7.76
96.7509 0.420315 -8.12
96.294 0.527091 -7.86
89.196 9.52748 -7.33
94.9602 9.49356 -7.81
92.7541 9.1421 0.850002
97.076 0.423145 -8.1
95.3984 0.455847 -7.85
98.7048 0.914872 0.100002
88.4334 9.46791 -7.26
95.0068 0.447182 -7.8
94.556 0.459026 -7.81
97.7784 0.499465 -8.12
97.8883 0.894625 0.200001
98.1658 0.493076 -8.14
87.62 9.45895 -7.23
98.5926 0.394673 -8.24
94.0855 0.516877 -7.79
96.7966 9.4491 -7.95
98.9065 0.473618 -8.25
97.4231 0.971293 0.260002
97.1239 9.45946 -7.98
99.2347 0.487738 -8.24
97.4605 9.50368 -7.95
87.1247 9.54399 -7.2
86.8116 9.3513 -7.11
96.41 0.827319 0.110001
93.1268 0.568602 -7.7
91.7328 0.571109 -7.58
88.8481 9.09308 1.12
94.5145 1.0098 0.32
88.4117 9.0401 1.08
98.165 9.58753 -7.97
90.9056 0.395715 -7.58
84.089 9.35839 -7.06
100.327 0.451447 -8.24
90.3335 0.554799 -7.64
98.5255 9.60081 -7.98
83.5824 9.51954 -6.98
100.671 0.522019 -8.29
90.0257 0.380923 -7.59
89.5387 0.496071 -7.58
100.973 0.555803 -8.31
92.9258 0.778595 0.32
89.1751 0.471507 -7.47
82.4768 9.39316 -7
92.0045 0.84829 0.260002
101.591 0.444797 -8.33
99.8125 9.5632 -8
82.0095 9.4623 -6.97
85.8752 9.13328 1.2
98.847 0.8429 -0.0900002
88.3533 0.432442 -7.47
81.6977 9.39088 -6.9
100.242 9.47609 -8.05
91.2037 0.884494 0.5
102.395 0.419883 -8.32
81.2304 9.46002 -6.86
102.847 0.415566 -8.37
90.7248 0.912238 0.48
87.0653 0.466282 -7.38
86.5896 0.505316 -7.41
79.9186 9.52482 -6.86
86.1959 0.489125 -7.29
103.676 0.477211 -8.43
85.804 0.362947 -7.31
101.797 9.5831 -8.05
88.9734 0.912761 0.66
79.1869 9.34312 -6.66
100.851 0.816792 -0.16
103.989 0.556156 -8.44
88.4986 0.838046 0.510002
102.199 9.39814 -8.2
101.091 0.863558 -0.0599976
78.7133 9.38968 -6.66
84.8796 0.421352 -7.21
102.426 9.51349 -8.19
88.0168 0.972012 0.66
104.586 0.48363 -8.49
104.921 0.524095 -8.48
103.112 9.5296 -8.14
78.2491 9.47011 -6.67
82.0554 9.04409 1.31
105.312 0.528997 -8.51
87.626 0.849598 0.600002
77.5311 9.33734 -6.67
83.5149 0.529236 -7.25
105.709 0.556479 -8.52
86.8749 0.831422 0.720001
103.951 9.51513 -8.2
77.0575 9.3839 -6.69
83.2403 0.358277 -7.12
106.107 0.473976 -8.45
76.6616 9.36019 -6.58
106.534 0.493085 -8.54
82.6795 0.441246 -7.16
106.897 0.513886 -8.57
82.3138 0.409155 -7.05
75.7726 9.42904 -6.6
107.267 0.443519 -8.63
81.8868 0.390045 -7.08
85.0706 0.875035 0.77
102.292 9.03177 0.240002
105.364 9.46285 -8.27
107.535 0.474385 -8.58
102.507 9.10573 0.389999
105.645 9.54264 -8.25
81.4174 0.45166 -7.11
107.815 0.550413 -8.6
74.9914 9.41923 -6.54
78.8382 9.02247 1.57
84.2292 0.881978 0.799999
105.433 0.848042 -0.27
80.5553 0.500846 -7.01
83.6965 0.949048 0.720001
74.0971 9.46926 -6.46
79.7147 0.39404 -6.92
105.826 0.977983 -0.279999
109.056 0.464731 -8.65
82.803 0.885331 0.830002
72.8078 9.38183 -6.44
78.8047 0.387621 -6.9
109.499 0.540291 -8.72
81.9365 0.801951 0.84
72.4172 9.37693 -6.38
78.3508 0.388175 -6.95
109.865 0.572383 -8.68
81.4744 0.88991 0.91
78.0421 0.328047 -6.86
71.3575 9.29862 -6.27
110.27 0.51246 -8.75
108.358 9.61543 -8.39
77.2609 0.318244 -6.8
80.3657 0.752237 0.869999
107.387 0.876314 -0.369999
70.8187 9.46062 -6.29
76.6391 0.531708 -6.85
108.739 9.46895 -8.41
110.922 0.525648 -8.77
108.984 9.65205 -8.44
70.5265 9.3432 -6.22
74.1762 9.05397 1.72
111.201 0.594148 -8.77
70.0893 9.40397 -6.16
69.7008 9.40659 -6.14
109.26 9.59551 -8.37
75.5532 0.359319 -6.74
69.305 9.38287 -6.14
75.1647 0.361944 -6.66
68.9445 9.3696 -6.08
109.707 9.4511 -8.48
68.5259 9.3806 -6.07
72.1434 9.09222 1.8
110.059 9.43427 -8.49
112.21 0.491807 -8.68
107.303 9.08966 0.190002
110.411 9.53494 -8.46
112.666 0.49878 -8.82
74.3037 0.414893 -6.6
110.832 9.53147 -8.53
73.855 0.434264 -6.6
76.9244 0.857814 1.05
73.5089 0.356166 -6.56
111.178 9.60957 -8.51
67.2711 9.41736 -6.06
72.6861 0.313337 -6.52
113.394 0.54791 -8.78
72.169 0.436859 -6.53
66.091 9.37254 -5.96
113.746 0.531077 -8.81
65.7936 9.2363 -5.87
71.3245 0.432511 -6.46
74.4437 0.801681 1.21
114.123 0.604566 -8.97
65.3886 9.29622 -5.82
112.245 9.47919 -8.58
114.388 0.624142 -8.79
64.5472 9.30317 -5.84
70.082 0.396918 -6.46
112.562 9.45568 -8.49
64.0799 9.37231 -5.82
111.555 0.933616 -0.470001
63.2811 9.41604 -5.77
68.8875 0.41693 -6.28
112.947 9.55551 -8.64
63.0335 9.22542 -5.74
68.5238 0.392365 -6.24
71.1498 0.854102 1.42
113.357 9.51441 -8.67
62.2214 9.33774 -5.66
112.352 0.886121 -0.57
67.7178 0.409752 -6.21
70.8058 0.783531 1.5
112.746 0.902313 -0.59
61.7376 9.46417 -5.68
61.4049 9.31749 -5.72
69.6309 0.757535 1.57
60.7153 9.40384 -5.53
66.1824 0.370482 -6.14
65.9174 0.350906 -6.04
60.065 9.39818 -5.52
65.559 0.345158 -6.07
116.916 0.500856 -8.95
114.959 9.442 -8.64
59.6849 9.43091 -5.49
117.164 0.691479 -8.97
65.1323 0.443561 -6.03
68.2649 0.744143 1.68
59.4124 9.26748 -5.41
117.484 0.561743 -8.98
58.9118 9.33371 -5.52
115.655 9.49574 -8.7
64.409 0.291973 -5.94
67.2886 0.849401 1.61
112.875 9.18209 0.0299988
116.046 9.61815 -8.69
58.5657 9.25561 -5.36
66.9478 0.79012 1.81
115.046 1.00868 -0.59
118.285 0.525539 -8.97
58.1149 9.26745 -5.32
118.755 0.581436 -9.06
115.949 0.988759 -0.599998
119.227 0.531112 -9.1
63.4244 0.367124 -5.9
57.6413 9.31401 -5.32
116.421 0.938435 -0.599998
62.9767 0.390258 -5.88
117.827 9.60926 -8.81
57.2455 9.29029 -5.37
56.9204 9.28746 -5.25
120.042 0.543833 -9.03
117.195 0.921894 -0.689999
62.1892 0.357875 -5.89
56.6222 9.26497 -5.2
115.327 9.13285 -0.079998
118.472 9.5961 -8.77
61.8497 0.419869 -5.74
56.2316 9.26007 -5.25
117.514 1.01966 -0.759998
64.5346 0.743585 1.85
118.754 9.55838 -8.77
55.896 9.2196 -5.23
121.004 0.620911 -9.11
115.873 9.1147 0.0100021
119.024 9.59677 -8.75
61.1701 0.308832 -5.74
55.4692 9.31801 -5.16
118.061 1.00151 -0.720001
121.302 0.525892 -9.09
60.6996 0.366684 -5.75
119.399 9.54522 -8.88
58.6003 8.91351 2.57
118.409 0.969624 -0.739998
63.368 0.747697 1.95
116.529 9.13918 -0.0999985
119.674 9.60243 -8.82
59.9268 0.386988 -5.63
54.0344 9.17374 -5
118.721 1.0448 -0.809998
121.917 0.521108 -9.04
120.036 9.61947 -8.82
59.2035 0.2354 -5.63
56.6599 8.93417 2.66
122.295 0.715873 -9.17
52.8649 9.28407 -4.96
58.0081 0.36916 -5.46
57.2455 0.309587 -5.45
56.8437 0.3808 -5.37
117.668 9.15473 -0.189999
120.812 9.61046 -8.86
51.3172 9.31716 -4.84
56.1484 0.213312 -5.35
119.842 0.992614 -0.739998
59.0642 0.667435 2.19
121.162 9.5861 -8.87
54.0151 8.87097 2.76
120.16 0.9691 -0.669998
55.7434 0.273234 -5.32
118.349 9.15202 -0.119999
121.494 9.61527 -8.86
50.1446 9.4162 -4.87
55.3415 0.344447 -5.31
49.9769 9.16282 -4.74
53.3585 8.84273 2.88
121.812 9.59176 -8.84
55.0515 0.234549 -5.25
124.045 0.707823 -9.16
57.9984 0.684063 2.35
121.221 0.933655 -0.860001
49.17 9.29396 -4.68
52.5411 8.93623 2.88
54.2093 0.35524 -5.16
56.7292 0.785645 2.29
48.4459 9.25612 -4.62
53.4891 0.214943 -5.15
123.145 9.71974 -8.97
47.3749 9.25393 -4.56
52.3953 0.24747 -5.05
55.2737 0.683623 2.36
46.6748 9.30265 -4.52
120.328 9.1531 -0.209999
123.446 9.63602 -8.88
51.6683 0.315853 -5.01
54.5789 0.751159 2.54
122.48 1.02946 -0.73
125.756 0.56429 -9.24
46.3031 9.36549 -4.47
120.609 9.11538 -0.18
123.788 9.58155 -8.91
49.6991 8.98058 3.19
51.201 0.384994 -5.06
54.155 0.74334 2.44
46.0274 9.19077 -4.46
126.362 0.643147 -9.21
50.5256 0.289012 -4.92
124.452 9.52239 -8.9
126.693 0.668558 -9.2
45.1604 9.33865 -4.47
50.0863 0.342254 -5
127.139 0.637897 -9.33
53.0466 0.72318 2.57
122.057 9.19106 -0.23
125.171 9.65516 -8.89
44.9564 9.18858 -4.29
48.9873 0.355964 -4.82
127.515 0.707623 -9.37
43.8297 9.3357 -4.19
48.775 0.175786 -4.77
125.602 9.57557 -8.96
124.655 1.03676 -0.84
127.871 0.588331 -9.21
43.5323 9.19946 -4.22
125.979 9.53155 -9.05
46.8576 8.79366 3.26
128.196 0.70491 -9.24
51.2266 0.710341 2.71
47.938 0.315295 -4.74
123.12 9.16314 -0.189999
126.274 9.6565 -9.01
47.6708 0.170679 -4.7
42.4945 9.20019 -4.08
128.595 0.626171 -9.28
50.1472 0.678045 2.8
49.7692 0.718304 2.83
126.665 9.54765 -8.96
128.906 0.693825 -9.22
41.756 9.22717 -4.14
41.3594 9.3172 -4.06
126.985 9.53166 -8.97
126.054 1.05307 -0.91
129.292 0.566161 -9.3
44.7615 8.83736 3.52
46.1534 0.3129 -4.57
49.0647 0.634458 2.86
129.554 0.691959 -9.23
45.3931 0.378366 -4.45
48.3294 0.672733 2.94
126.727 0.9065 -0.919998
129.912 0.693943 -9.3
44.6887 0.294519 -4.48
44.3313 0.292535 -4.45
124.85 9.20109 -0.329998
127.971 9.6953 -9
44.0661 0.155447 -4.33
43.6177 0.29233 -4.31
130.333 0.576723 -9.34
128.345 9.7575 -9.04
127.5 1.00371 -0.98
130.743 0.535617 -9.41
43.254 0.267765 -4.31
42.9433 0.200111 -4.26
131.084 0.712411 -9.39
42.5519 0.308958 -4.31
40.9657 8.83473 3.82
42.3118 0.262192 -4.2
128.196 1.05745 -0.869999
131.44 0.59312 -9.3
129.468 9.71284 -9.08
41.5236 0.343557 -4.16
131.809 0.636502 -9.39
41.1992 0.226978 -4.13
129.833 9.62365 -9.12
43.2631 0.65041 3.17
42.9642 0.741665 3.36
132.153 0.707074 -9.42
39.4334 0.292326 -4.01
130.196 9.64822 -9.15
39.191 0.120521 -4
41.2376 0.714998 3.41
132.511 0.709058 -9.42
39.5192 0.600927 3.54
42.471 8.88237 3.62
43.6138 8.90921 3.53
41.4851 9.30253 -3.94
47.5561 8.97243 3.32
42.7888 9.32514 -4.13
48.1056 8.96558 3.25
133.293 0.722624 -9.44
43.4142 9.35799 -4.2
43.9169 9.29929 -4.22
133.659 0.754716 -9.36
44.3603 9.26111 -4.3
49.6698 8.8752 3.15
131.814 9.51851 -9.14
130.892 0.952512 -1.05
45.019 9.29687 -4.28
134.394 0.716441 -9.41
45.5737 9.30884 -4.39
50.9725 8.89405 3.07
132.338 9.6526 -9.11
46.2261 9.32202 -4.41
46.9481 9.35233 -4.41
134.721 0.726798 -9.55
52.3199 8.95721 3.01
132.62 9.61487 -9.09
47.5133 9.40193 -4.53
52.7218 8.886 2.9
132.896 9.67585 -9.18
47.9859 9.35161 -4.56
39.0841 0.669222 3.57
131.982 1.02244 -0.989998
133.215 9.77361 -9.19
132.295 1.10139 -0.970001
135.565 0.60987 -9.45
130.463 9.20903 -0.470001
133.584 9.69948 -9.14
53.498 8.9945 2.85
48.5333 9.33722 -4.62
135.921 0.725603 -9.47
39.797 0.783176 3.52
54.1234 9.02735 2.81
133.999 9.67719 -9.17
49.06 9.36509 -4.72
49.5658 9.31768 -4.71
136.326 0.66568 -9.4
55.2462 8.98268 2.81
50.1996 9.38064 -4.82
134.391 9.68586 -9.17
41.3167 0.765994 3.46
50.8415 9.35619 -4.79
133.487 1.07009 -1.05
56.3296 8.91252 2.66
137.096 0.751598 -9.52
51.6395 9.42621 -4.76
51.3348 9.26362 -4.84
131.895 9.2245 -0.419998
135.057 9.74797 -9.17
42.2597 0.657819 3.33
57.3291 9.00757 2.71
134.234 1.07321 -1.17
137.472 0.586299 -9.55
52.0858 9.2818 -4.86
132.258 9.24906 -0.470001
135.417 9.76124 -9.26
53.0605 9.40404 -4.93
52.7278 9.25735 -5
137.749 0.768549 -9.51
58.8103 8.96865 2.63
135.773 9.64195 -9.22
53.5828 9.29933 -5.05
44.6773 0.83692 3.22
134.892 0.991463 -1.03
44.3674 0.655516 3.23
59.4365 8.88775 2.61
136.129 9.63641 -9.24
54.4545 9.40153 -5.1
54.1519 9.24647 -5.1
135.258 1.02355 -1.14
45.053 0.671621 3.17
138.796 0.684179 -9.54
39.1881 0.226743 -3.98
55.1454 9.43645 -5.14
135.876 1.03006 -1.1
137.145 9.56041 -9.32
54.8375 9.26258 -5.13
136.221 0.986884 -1.14
137.484 9.61217 -9.32
39.696 0.186862 -4.01
139.777 0.711487 -9.51
55.8009 9.46093 -5.23
140.114 0.755715 -9.46
55.4962 9.29834 -5.24
40.5128 0.324622 -4.03
134.95 9.24659 -0.48
138.11 9.76253 -9.22
56.2504 9.32781 -5.19
137.27 1.02755 -1.08
41.027 0.307323 -4.09
56.934 9.33639 -5.27
41.7262 0.372352 -4.16
41.3851 0.195558 -4.2
137.631 1.04083 -1.11
57.7662 9.41309 -5.32
57.4636 9.25803 -5.32
138.878 9.60966 -9.24
42.232 0.324945 -4.2
63.7613 9.04329 2.28
58.5974 9.48602 -5.43
58.2615 9.32804 -5.43
139.222 9.68023 -9.28
42.9998 0.403336 -4.31
42.692 0.229459 -4.31
138.33 1.10586 -1.08
59.2309 9.43147 -5.39
140.001 9.68251 -9.32
58.9315 9.2877 -5.43
49.5938 0.787359 2.83
139.1 1.07803 -1.07
137.126 9.25765 -0.5
43.3391 0.22383 -4.34
139.45 1.16742 -1.21
142.686 0.672981 -9.54
59.8687 9.39197 -5.43
140.583 9.67481 -9.26
50.2805 0.807227 2.81
44.0768 0.310593 -4.43
142.999 0.751925 -9.63
60.4857 9.39471 -5.57
140.881 9.6973 -9.31
44.8332 0.347587 -4.34
44.4818 0.250671 -4.54
61.2452 9.44299 -5.59
60.9674 9.26074 -5.56
143.592 0.66811 -9.57
51.4688 0.764634 2.71
141.564 9.70212 -9.3
45.4669 0.410545 -4.54
45.1591 0.236668 -4.53
143.89 0.804352 -9.48
62.2093 9.5276 -5.6
61.8745 9.37339 -5.63
141.99 9.60371 -9.29
52.1544 0.780739 2.68
45.9217 0.296242 -4.56
139.229 9.35404 -0.610001
141.607 0.993221 -1.19
68.2406 9.05449 2.09
142.834 9.72181 -9.34
62.7078 9.45385 -5.73
62.4301 9.2716 -5.64
140.055 9.29064 -0.540001
145.598 0.76704 -9.56
52.811 0.80898 2.56
46.6531 0.360425 -4.64
140.358 9.33195 -0.439999
142.712 1.1196 -1.1
146.006 0.714644 -9.66
46.3401 0.167732 -4.57
63.3767 9.40974 -5.71
63.0804 9.27726 -5.75
143.066 1.10653 -1.21
146.315 0.661023 -9.58
146.636 0.766312 -9.67
53.328 0.685458 2.57
47.0309 0.202653 -4.63
144.628 9.64056 -9.46
69.7001 9.05406 1.93
64.1662 9.44965 -5.77
54.022 0.73167 2.48
144.862 9.78226 -9.3
47.8694 0.301933 -4.7
64.6948 9.36752 -5.81
144.066 1.08783 -1.23
147.293 0.677041 -9.63
145.22 9.78801 -9.37
48.6404 0.391614 -4.72
48.3098 0.252455 -4.82
142.419 9.27781 -0.57
65.3752 9.36481 -5.86
147.997 0.760887 -9.67
55.3279 0.761809 2.43
49.1182 0.360107 -4.82
145.115 1.1285 -1.25
148.34 0.710183 -9.62
48.8082 0.178704 -4.78
148.708 0.749802 -9.64
71.7361 9.0271 1.87
66.2459 9.46325 -5.84
146.625 9.82313 -9.39
65.9195 9.33914 -5.96
49.8528 0.435581 -4.83
145.837 1.0413 -1.23
49.5284 0.319001 -5
72.4934 9.06786 1.81
147.658 9.68984 -9.41
66.9973 9.59893 -6.12
66.6894 9.42506 -6.06
56.5598 0.759768 2.36
147.969 9.75749 -9.4
50.4355 0.431643 -4.89
50.1277 0.257766 -4.87
150.413 0.7012 -9.64
73.2746 9.07766 1.81
67.6785 9.48247 -5.92
67.3562 9.37342 -6.04
148.716 9.76062 -9.41
50.9028 0.362501 -4.91
73.8406 9.01351 1.81
147.92 1.06619 -1.22
151.179 0.654552 -9.68
149.084 9.68649 -9.46
68.334 9.50695 -6.04
68.0366 9.37071 -6.06
151.474 0.783267 -9.72
51.5885 0.378606 -4.93
149.294 9.74162 -9.3
74.6686 9.07515 1.69
68.9623 9.43358 -6.06
151.76 0.878112 -9.7
68.638 9.317 -6.14
58.5492 0.798484 2.19
148.787 1.15333 -1.23
152.047 0.745459 -9.69
52.1327 0.352933 -5.02
149.891 9.78661 -9.34
51.8354 0.216691 -5.11
75.6566 9.12881 1.65
150.298 9.73422 -9.34
69.8257 9.50567 -6.17
69.5262 9.3619 -6.16
149.509 1.18365 -1.34
152.726 0.735219 -9.61
52.7341 0.299225 -5.1
70.5153 9.41931 -6.2
150.792 9.76292 -9.44
59.7831 0.686457 2.06
53.3823 0.297359 -5.19
153.22 0.763927 -9.69
77.1908 9.0468 1.57
71.4815 9.51145 -6.32
153.681 0.789717 -9.68
71.1873 9.38649 -6.33
60.8284 0.829585 2.03
151.662 9.74008 -9.41
54.1988 0.317606 -5.21
78.4199 9.15098 1.63
150.878 1.09082 -1.28
154.177 0.704676 -9.8
78.0903 9.01558 1.59
152.058 9.65005 -9.38
72.2834 9.47901 -6.34
71.9559 9.35114 -6.41
154.529 0.805355 -9.76
61.6043 0.820571 2
55.0975 0.40014 -5.25
152.427 9.69343 -9.41
54.7897 0.226263 -5.27
79.0296 9.12738 1.53
151.589 1.19724 -1.27
154.928 0.722852 -9.83
72.9586 9.45748 -6.36
152.705 9.87568 -9.27
72.658 9.30994 -6.37
151.946 1.19923 -1.24
155.236 0.78298 -9.69
55.6334 0.34436 -5.29
73.4829 9.3603 -6.39
56.1965 0.386429 -5.49
80.4422 9.0751 1.5
155.972 0.744704 -9.71
74.3141 9.43323 -6.45
63.5801 0.810363 1.94
150.642 9.3385 -0.689999
56.7625 0.322277 -5.45
75.2097 9.50448 -6.5
154.135 9.65236 -9.44
74.8822 9.37661 -6.55
57.3639 0.268568 -5.43
75.9804 9.47665 -6.51
75.6613 9.37889 -6.62
154.347 9.83254 -9.43
153.573 1.09963 -1.25
58.0548 0.30349 -5.54
151.508 9.30437 -0.689999
154.64 9.83621 -9.4
157.075 0.86356 -9.64
82.9188 9.11618 1.33
76.8543 9.58637 -6.71
154.967 9.84657 -9.37
154.253 1.09692 -1.32
155.447 9.70508 -9.49
65.7014 0.856985 1.71
58.992 0.407759 -5.54
83.572 9.01562 1.32
77.6041 9.48327 -6.62
77.2766 9.3554 -6.62
156.146 9.65259 -9.4
66.5127 0.858415 1.75
59.5632 0.362423 -5.64
84.61 9.1324 1.18
78.6743 9.59921 -6.7
153.549 9.29623 -0.59
156.292 1.195 -1.32
159.541 0.749493 -9.64
78.38 9.47426 -6.71
60.4784 0.387659 -5.58
157.75 9.70522 -9.45
85.4679 9.06816 1.17
79.3992 9.5233 -6.77
160.271 0.6924 -9.74
158.102 9.8059 -9.47
79.0717 9.39543 -6.78
61.2648 0.41628 -5.7
157.333 1.09182 -1.26
60.9083 0.300547 -5.84
158.508 9.63223 -9.4
161.006 0.767874 -9.76
80.3414 9.52887 -6.79
80.0419 9.3851 -6.76
155.695 9.3119 -0.66
158.894 9.85334 -9.47
68.7947 0.783295 1.57
158.178 1.09616 -1.4
161.471 0.691205 -9.85
159.303 9.69096 -9.44
62.1125 0.431918 -5.78
87.6787 9.20342 1.14
159.669 9.72305 -9.51
87.4114 9.0588 1.17
81.4613 9.59043 -6.74
162.111 0.894256 -9.75
81.1453 9.50396 -6.87
69.7817 0.833183 1.61
159.944 9.78026 -9.44
62.8199 0.409542 -5.84
81.8205 9.48243 -6.99
162.396 0.867825 -9.68
63.5013 0.410593 -5.88
63.1739 0.282724 -5.97
82.8012 9.50974 -6.91
162.826 0.780712 -9.81
82.5038 9.3735 -6.9
71.1393 0.816468 1.46
157.463 9.37159 -0.649998
64.2275 0.455959 -6.01
90.0511 9.10318 1.02
83.5771 9.50072 -7
160.642 1.20959 -1.32
163.9 0.794192 -9.76
83.2745 9.34566 -6.94
72.1315 0.885174 1.48
158.49 9.33323 -0.630001
160.935 1.21327 -1.28
164.225 0.797022 -9.8
64.9765 0.466609 -6.05
64.6708 0.300259 -6.03
158.769 9.40173 -0.639999
161.227 1.21318 -1.27
164.495 0.835415 -9.78
91.3893 9.24998 0.959999
84.5225 9.51759 -7.12
162.297 9.84354 -9.43
73.0135 0.907493 1.4
65.7389 0.40867 -6.08
161.607 1.18045 -1.38
164.875 0.802682 -9.81
92.1006 9.12515 0.93
85.5997 9.54236 -7.13
162.704 9.79115 -9.49
85.3024 9.40611 -7.12
73.8777 0.865833 1.41
165.194 0.900444 -9.74
66.6541 0.433907 -6.12
163.095 9.79605 -9.43
93.1748 9.13863 0.860001
86.6791 9.57465 -7.16
165.63 0.832149 -9.74
163.517 9.79634 -9.51
86.387 9.45723 -7.17
74.6869 0.859737 1.3
165.995 0.86424 -9.76
67.5319 0.441172 -6.17
67.2261 0.274822 -6.12
164.125 9.76898 -9.47
94.0162 9.13169 0.790001
87.3708 9.49583 -7.17
166.665 0.823894 -9.77
75.3642 0.845734 1.16
164.468 9.71827 -9.43
68.3568 0.491527 -6.23
68.0262 0.352367 -6.29
161.529 9.41261 -0.619999
88.2611 9.54825 -7.22
167.279 0.932859 -9.74
76.2118 0.861372 1.23
68.9581 0.437818 -6.24
165.066 9.88453 -9.41
89.1847 9.6036 -7.27
165.445 9.84804 -9.42
164.747 1.1586 -1.29
88.8926 9.48617 -7.27
165.806 9.86508 -9.43
76.9951 0.878702 1.22
69.5378 0.42259 -6.29
166.144 9.91307 -9.46
96.6153 9.1468 0.810001
168.695 0.891871 -9.74
89.8141 9.53399 -7.27
89.4971 9.44375 -7.39
166.565 9.79585 -9.48
77.6705 0.974685 0.93
169.066 0.94278 -9.77
97.6148 9.24185 0.709999
166.943 9.75559 -9.52
90.8947 9.68756 -7.39
90.6036 9.5739 -7.4
166.176 1.28029 -1.29
169.461 0.845223 -9.72
71.0161 0.489896 -6.35
98.4208 9.22446 0.670002
167.287 9.82616 -9.48
91.4471 9.57448 -7.38
91.1508 9.442 -7.36
169.805 0.915795 -9.76
79.0094 0.890228 1.02
71.3201 0.299945 -6.38
167.662 9.77461 -9.46
99.2654 9.22881 0.639999
92.4197 9.6892 -7.52
166.961 1.18763 -1.41
167.97 9.83097 -9.42
92.1587 9.56716 -7.51
79.6544 0.877071 0.970001
165.087 9.37977 -0.689999
165.398 9.44742 -0.689999
72.4528 0.524177 -6.43
72.1285 0.407598 -6.49
167.927 1.27977 -1.42
171.15 0.853918 -9.68
93.2069 9.60407 -7.46
92.8857 9.49878 -7.51
165.745 9.41177 -0.66
80.5374 0.903154 0.959999
73.024 0.478841 -6.52
168.592 1.2206 -1.25
171.887 0.82317 -9.73
100.996 9.15302 0.57
94.2313 9.67193 -7.58
169.662 9.85096 -9.47
93.9017 9.53653 -7.55
81.3082 0.875323 0.889999
170.02 9.85295 -9.49
73.8084 0.499935 -6.66
73.5338 0.328976 -6.54
102.222 9.24591 0.529999
170.315 9.86415 -9.42
101.925 9.11343 0.610001
169.641 1.26127 -1.29
172.876 0.880585 -9.66
95.0986 9.64156 -7.59
94.8033 9.51284 -7.61
170.673 9.8699 -9.49
82.2888 0.902631 0.940002
74.3639 0.398148 -6.7
171.006 9.90283 -9.51
95.8942 9.58654 -7.63
173.52 0.981177 -9.64
95.5772 9.4963 -7.71
82.9972 0.884018 0.860001
168.18 9.41983 -0.709999
96.85 9.64104 -7.67
96.5662 9.55372 -7.76
173.912 0.87233 -9.69
83.8543 0.933527 0.799999
76.1862 0.536025 -6.76
168.473 9.4235 -0.559998
75.919 0.39141 -6.73
172.086 9.81762 -9.42
104.792 9.15565 0.41
97.7933 9.65037 -7.72
171.391 1.25322 -1.3
174.686 0.855789 -9.75
97.4731 9.54885 -7.8
172.488 9.86392 -9.46
84.5897 0.895252 0.740002
171.796 1.1933 -1.29
175.091 0.795867 -9.72
76.8499 0.473098 -6.77
105.847 9.10139 0.549999
98.8716 9.6789 -7.76
98.5773 9.55395 -7.74
175.36 0.948009 -9.66
77.7766 0.539732 -6.9
77.4792 0.40349 -6.9
170.083 9.3812 -0.790001
173.189 9.93647 -9.44
172.513 1.20856 -1.21
175.785 0.842079 -9.65
107.066 9.16793 0.41
173.569 9.90374 -9.39
172.918 1.26238 -1.32
176.158 0.900514 -9.69
99.8117 9.67695 -7.89
173.974 9.84382 -9.43
99.5402 9.51728 -7.79
78.4953 0.441242 -6.86
176.508 0.993667 -9.64
101.042 9.66738 -7.81
174.319 9.80064 -9.39
100.753 9.56125 -7.82
87.6066 1.01312 0.57
176.893 0.862239 -9.66
79.5092 0.471467 -6.95
109.399 9.15971 0.34
174.044 1.22901 -1.38
177.303 0.821134 -9.76
102.078 9.66289 -7.9
101.756 9.55384 -7.96
171.843 9.41079 -0.599998
174.388 1.18583 -1.25
172.244 9.45332 -0.75
88.4208 0.908326 0.580002
110.857 9.27302 0.360001
174.749 1.19911 -1.27
110.571 9.17818 0.310001
103.04 9.62246 -7.93
175.721 9.94199 -9.36
178.339 0.930391 -9.71
102.746 9.49751 -7.92
176.122 9.87078 -9.4
89.5792 0.991619 0.580002
81.3323 0.495596 -7.07
178.731 0.821544 -9.64
111.76 9.2531 0.209999
173.324 9.37187 -0.619999
104.152 9.65391 -7.93
103.866 9.55906 -7.97
90.2282 0.876003 0.560001
81.8494 0.372074 -7.1
176.19 1.24844 -1.25
179.485 0.85101 -9.71
113.063 9.27194 0.32
179.859 0.795697 -9.67
105.272 9.71547 -8.04
104.95 9.61018 -8.05
174.758 9.51237 -0.689999
177.984 9.79913 -9.42
91.2599 0.970207 0.420002
83.0504 0.492155 -7.11
180.517 0.945213 -9.58
82.7313 0.394393 -7.18
175.105 9.47672 -0.809998
114.281 9.33849 0.27
113.998 9.25117 0.240002
177.571 1.31829 -1.3
180.826 0.891592 -9.59
106.314 9.72979 -8.11
106.019 9.60484 -8.04
178.434 9.90103 -9.35
92.2063 0.990834 0.400002
178.672 9.94027 -9.37
181.293 0.9362 -9.59
84.1133 0.581749 -7.16
83.7921 0.47646 -7.24
107.202 9.65718 -8.1
178.292 1.34483 -1.21
181.558 0.955776 -9.6
106.916 9.56234 -8.16
93.0393 0.953784 0.34
179.24 9.88365 -9.34
84.7749 0.511295 -7.25
108.242 9.66774 -8.13
181.845 0.940635 -9.54
107.932 9.60009 -8.22
94.1813 1.09437 0.220001
176.414 9.4044 -0.529999
93.9004 0.900834 0.420002
178.952 1.26685 -1.16
182.247 0.869422 -9.63
85.6414 0.594675 -7.45
85.3409 0.447142 -7.38
117.157 9.18332 0.200001
109.077 9.63445 -8.24
95.0777 1.05187 0.25
180.171 1.21965 -1.13
183.452 0.887044 -9.63
86.5815 0.592721 -7.38
86.2789 0.437662 -7.28
110.604 9.76113 -8.24
110.312 9.6437 -8.21
180.556 1.31949 -1.22
183.848 0.910763 -9.6
109.993 9.54594 -8.25
95.9002 0.977184 0.25
87.5538 0.589922 -7.4
87.2294 0.473343 -7.42
180.95 1.33568 -1.24
184.19 0.973808 -9.64
119.887 9.31633 0.0699997
119.626 9.19429 0.16
181.226 1.27914 -1.19
184.498 0.916423 -9.57
111.525 9.69143 -8.3
111.241 9.60412 -8.35
182.148 9.84514 -9.31
97.0971 1.08221 0.119999
96.7945 0.927152 0.209999
184.741 0.974479 -9.55
88.2703 0.483905 -7.42
182.435 9.82623 -9.3
112.621 9.66643 -8.31
112.334 9.56783 -8.31
182.697 9.95203 -9.37
98.0891 1.0334 0.23
97.7783 0.96575 0.0800018
89.3685 0.583943 -7.52
89.0743 0.458991 -7.47
113.727 9.67907 -8.34
180.604 9.42323 -0.540001
183.182 1.31494 -1.2
186.431 0.983175 -9.59
113.411 9.5926 -8.37
183.606 1.32276 -1.2
186.838 0.930779 -9.52
98.9689 1.0482 0.16
90.1746 0.566556 -7.53
184.637 9.93138 -9.31
89.8856 0.460421 -7.57
114.586 9.61859 -8.35
184.971 9.96432 -9.28
114.274 9.54717 -8.44
187.633 0.875758 -9.5
99.8436 1.04417 0.0699997
91.1314 0.624817 -7.6
188.054 0.872287 -9.69
90.8393 0.507392 -7.61
185.629 9.99632 -9.29
188.27 0.950006 -9.47
124.388 9.28905 -0.0299988
186.007 9.95606 -9.36
115.881 9.72484 -8.43
186.329 9.9476 -9.24
115.565 9.63837 -8.43
100.86 1.08192 0.0600014
91.9022 0.596986 -7.63
186.106 1.33288 -1.19
189.333 0.922088 -9.49
91.6153 0.498378 -7.66
116.871 9.66851 -8.45
187.023 9.88007 -9.21
116.554 9.57827 -8.48
186.44 1.25207 -1.1
101.798 1.07244 0.0200005
101.505 0.955018 0
184.224 9.49491 -0.529999
92.9815 0.629283 -7.63
92.6344 0.547421 -7.74
186.792 1.34899 -1.17
190.035 0.998408 -9.46
126.983 9.29288 -0.0900002
118.386 9.75379 -8.48
187.708 10.0099 -9.23
118.103 9.66647 -8.51
190.341 1.04725 -9.46
103.057 1.16825 -0.119999
102.79 1.02364 -0.00999832
187.437 1.33583 -1.06
190.74 0.968505 -9.52
102.495 0.898685 0.0499992
128.416 9.3121 -0.139999
119.51 9.71288 -8.55
119.221 9.60675 -8.53
191.376 1.03899 -9.37
103.962 1.0421 -0.0599976
94.8939 0.62453 -7.82
120.98 9.75008 -8.5
188.486 1.3765 -1.06
191.765 1.03636 -9.48
120.669 9.68243 -8.59
105.241 1.09191 -0.0499992
186.329 9.48132 -0.5
104.921 0.990381 -0.0999985
188.893 1.3241 -1.07
192.172 0.983969 -9.49
96.072 0.661815 -7.81
95.7799 0.54439 -7.86
122.42 9.79565 -8.57
122.142 9.72715 -8.63
189.257 1.34867 -1.12
192.517 0.940792 -9.41
121.853 9.62102 -8.59
106.353 1.12336 -0.220001
190.169 9.87704 -9.16
97.0286 0.602564 -7.83
96.7396 0.496429 -7.83
132.701 9.32462 -0.149998
190.417 10.0677 -9.31
123.751 9.7986 -8.53
123.442 9.73847 -8.62
193.352 1.02878 -9.4
123.162 9.66245 -8.69
107.274 1.05366 -0.200001
191.081 9.89098 -9.18
98.1433 0.645305 -7.88
97.8242 0.547543 -7.89
190.448 1.31737 -0.959999
193.697 0.985604 -9.37
124.568 9.7051 -8.69
124.282 9.61026 -8.68
191.453 9.94565 -9.17
108.239 1.02452 -0.239998
190.891 1.39293 -1.13
194.101 1.03943 -9.36
98.9742 0.600728 -7.93
191.898 10.0287 -9.2
98.6583 0.514257 -8
126.016 9.78078 -8.65
189.165 9.53191 -0.509998
192.341 9.87304 -9.13
125.702 9.70183 -8.71
125.392 9.63418 -8.78
191.719 1.45457 -1.01
194.986 1.07304 -9.38
192.684 10.0574 -9.17
109.424 1.08815 -0.220001
192.107 1.33443 -0.970001
195.386 0.9943 -9.39
99.9227 0.628882 -7.97
192.969 10.0309 -9.16
195.618 1.12847 -9.34
193.161 10.0221 -9.12
99.6088 0.549937 -8.07
136.633 9.35021 -0.279999
126.801 9.68812 -8.79
100.789 0.59475 -8.03
100.47 0.496988 -8.07
196.304 1.03083 -9.37
128.315 9.76587 -8.75
128.007 9.70575 -8.8
193.934 10.0018 -9.11
127.726 9.62972 -8.87
196.62 1.1173 -9.38
194.354 9.99832 -9.16
111.395 1.05912 -0.279999
193.765 1.46525 -1.03
197.011 1.1222 -9.35
111.079 0.97265 -0.329998
101.768 0.614531 -8.07
101.448 0.516769 -8.1
139.702 9.42123 -0.299999
195.052 10.0558 -9.13
129.727 9.82734 -8.87
194.545 1.35378 -1.02
197.763 1.02663 -9.33
129.411 9.74087 -8.89
129.094 9.65064 -8.89
195.408 9.93653 -9.1
112.573 1.09641 -0.349998
198.069 1.07923 -9.26
112.309 0.963082 -0.259998
102.98 0.658497 -8.03
102.666 0.579552 -8.15
102.377 0.473417 -8.18
192.862 9.64706 -0.259998
196.104 9.99026 -9.04
140.916 9.35521 -0.34
195.547 1.45636 -0.950001
198.787 1.09449 -9.24
196.478 10.0525 -9.05
131.08 9.79558 -8.86
199.176 1.09186 -9.3
130.794 9.69697 -8.82
130.483 9.62931 -8.87
199.55 1.15406 -9.29
197.263 9.95981 -9.11
199.895 1.11088 -9.24
197.563 9.98983 -9.02
113.579 0.982776 -0.259998
200.228 1.14382 -9.19
197.904 10.0491 -9.05
103.77 0.584659 -8.16
142.778 9.40483 -0.32
132.881 9.85442 -8.77
198.265 9.94864 -9.01
132.57 9.78677 -8.81
131.986 9.66943 -8.93
195.447 9.61325 -0.380001
198.619 9.93557 -9.04
115.188 1.16797 -0.41
114.896 1.05055 -0.360001
198.053 1.37155 -0.869999
201.305 1.05108 -9.19
105.022 0.654123 -8.25
144.315 9.44787 -0.41
195.727 9.568 -0.279999
133.977 9.82942 -8.9
201.605 1.19485 -9.25
199.224 10.0144 -8.94
133.693 9.7421 -8.9
198.657 1.44288 -0.790001
201.925 1.06511 -9.11
133.412 9.66608 -8.91
202.236 1.13277 -9.14
116.278 1.12416 -0.369999
106.006 0.575209 -8.18
146.112 9.49542 -0.369999
200.241 10.0559 -8.96
145.835 9.43069 -0.380001
203.036 0.975287 -9.21
135.349 9.86539 -9.03
135.087 9.7396 -8.9
200.673 10.0901 -9.06
134.778 9.67947 -8.94
203.431 0.999006 -9.21
117.314 1.1159 -0.450001
107.162 0.650975 -8.29
201.036 10.1147 -8.89
106.845 0.560739 -8.33
136.609 9.84745 -8.96
136.327 9.76766 -8.98
204.182 1.01718 -9.16
136.038 9.66153 -8.91
118.173 1.05542 -0.48
201.76 10.035 -8.92
108.138 0.659465 -8.34
204.469 1.11579 -9.09
107.82 0.56923 -8.39
202.055 10.0462 -8.92
149.039 9.52466 -0.439999
202.332 9.99342 -8.85
138.109 9.87628 -8.96
201.844 1.47287 -0.869999
205.051 1.10809 -9.12
202.613 10.0695 -8.91
202.979 9.98779 -8.85
137.797 9.80486 -9
205.729 1.09785 -9.09
137.517 9.72883 -9.01
203.365 9.97388 -8.89
119.427 1.13241 -0.559998
206.143 0.950522 -9.12
119.143 1.0451 -0.57
109.151 0.68969 -8.44
203.673 10.1478 -8.9
108.859 0.572265 -8.39
206.448 0.999359 -9.06
108.567 0.45484 -8.34
150.311 9.4306 -0.43
204.032 10.0398 -8.88
139.737 9.89796 -8.91
203.525 1.45146 -0.82
206.765 1.08959 -9.11
139.459 9.83322 -8.96
139.153 9.78062 -9.05
138.862 9.66696 -8.95
201.391 9.64284 -0.16
204.598 9.9756 -8.91
204.116 1.36012 -0.77
207.321 0.987807 -9.01
110.217 0.673062 -8.45
109.925 0.555637 -8.43
204.859 10.0976 -8.84
152.366 9.47139 -0.360001
204.402 1.45496 -0.799999
207.645 1.10439 -9.1
152.057 9.41126 -0.399998
141.298 9.9138 -8.99
141.02 9.8453 -9.01
140.736 9.75798 -8.97
204.658 1.44443 -0.66
207.932 1.08548 -9
140.424 9.68656 -8.99
205.527 10.0498 -8.83
140.129 9.67536 -9.2
121.706 1.046 -0.610001
111.209 0.624256 -8.49
110.917 0.50683 -8.48
205.363 1.41453 -0.73
208.598 1.03384 -8.93
154.087 9.47924 -0.439999
206.141 10.1587 -8.9
142.645 9.85945 -9.04
142.334 9.78803 -9.05
208.935 1.07807 -9.08
142.023 9.72038 -9.08
123.28 1.10701 -0.540001
123.001 1.03851 -0.619999
206.012 1.41266 -0.700001
209.197 1.08636 -8.92
112.668 0.737568 -8.58
112.404 0.604244 -8.49
206.32 1.47279 -0.73
209.585 1.08373 -9.01
112.07 0.571306 -8.69
155.765 9.4503 -0.41
155.487 9.3818 -0.41
144.41 9.90785 -9.02
209.905 1.06775 -8.93
144.137 9.85817 -9.08
143.856 9.78214 -9.08
143.553 9.74083 -9.17
124.733 1.2015 -0.689999
204.788 9.61046 -0.0999985
208.003 9.97333 -8.79
124.455 1.133 -0.739998
113.999 0.740516 -8.48
113.718 0.664489 -8.56
113.409 0.604361 -8.66
205.223 9.65591 -0.0499992
208.404 10.0159 -8.73
157.856 9.50153 -0.43
211.157 1.0197 -8.84
157.574 9.42174 -0.399998
146.167 9.92615 -9.04
205.674 9.53032 -0.0599976
145.892 9.86894 -9.08
145.586 9.8201 -9.13
208.323 1.44292 -0.59
211.569 1.10363 -8.92
145.302 9.73278 -9.09
209.144 10.1102 -8.74
114.888 0.671667 -8.6
208.642 1.54068 -0.57
211.894 1.22021 -8.9
114.601 0.573059 -8.65
209.465 9.98042 -8.73
159.531 9.4613 -0.41
209.006 1.4515 -0.68
212.165 1.14486 -8.82
159.233 9.43881 -0.529999
147.445 9.85467 -9.1
147.138 9.80207 -9.14
146.86 9.73357 -9.16
127.316 1.1564 -0.66
209.956 10.1153 -8.69
127.008 1.10004 -0.739998
116.299 0.733138 -8.61
115.989 0.665483 -8.68
210.218 10.1236 -8.61
213.063 1.22739 -8.92
115.7 0.559349 -8.67
210.201 1.43149 -0.579998
213.422 1.11562 -8.81
161.616 9.49372 -0.389999
210.997 10.1259 -8.6
213.806 1.21546 -8.86
149.217 9.92942 -9.16
148.961 9.8262 -9.06
148.691 9.78781 -9.14
128.579 1.14975 -0.66
210.974 1.52869 -0.579998
214.156 1.1911 -8.76
211.743 10.1253 -8.59
117.275 0.741629 -8.81
117.014 0.619594 -8.73
163.507 9.52744 -0.41
212.074 10.0332 -8.55
214.871 1.07755 -8.78
163.226 9.45142 -0.389999
150.641 9.91854 -9.26
212.35 10.0904 -8.55
211.916 1.53427 -0.52
215.162 1.19122 -8.83
150.352 9.8124 -9.14
150.084 9.78154 -9.25
213.025 10.0688 -8.59
129.858 1.19956 -0.799999
129.569 1.09342 -0.73
213.312 10.1675 -8.55
129.29 1.02492 -0.790001
118.399 0.700728 -8.76
118.11 0.594593 -8.74
213.678 10.0858 -8.58
216.465 1.21383 -8.71
214.005 10.0962 -8.59
165.409 9.48506 -0.389999
152.62 9.91962 -9.12
216.758 1.2175 -8.67
214.312 10.1488 -8.45
152.347 9.86993 -9.2
152.041 9.8211 -9.22
151.757 9.73378 -9.16
214.664 10.1319 -8.45
131.281 1.18491 -0.759998
214.231 1.57581 -0.360001
217.449 1.25242 -8.6
130.995 1.09007 -0.75
211.863 9.73924 0.200001
215.072 10.0833 -8.44
217.887 1.07791 -8.6
119.877 0.768034 -8.77
119.568 0.707906 -8.87
119.279 0.601771 -8.8
167.926 9.5554 -0.360001
215.026 1.52079 -0.439999
218.237 1.1673 -8.63
167.631 9.5442 -0.48
215.753 10.0806 -8.38
154.579 9.96671 -9.17
218.587 1.14294 -8.63
154.267 9.89529 -9.14
153.992 9.83808 -9.18
153.681 9.77042 -9.21
132.645 1.19078 -0.84
120.968 0.724216 -8.83
120.676 0.606791 -8.77
170 9.55018 -0.439999
216.046 1.56983 -0.419998
219.231 1.24353 -8.55
216.748 10.0431 -8.39
169.713 9.45157 -0.34
216.371 1.57267 -0.470001
219.515 1.2171 -8.53
156.285 9.9181 -9.2
156.006 9.8496 -9.19
216.636 1.47849 -0.34
219.88 1.12791 -8.62
155.728 9.7811 -9.18
214.222 9.70759 0.209999
217.428 10.0404 -8.46
122.47 0.760568 -8.84
122.162 0.704204 -8.92
121.867 0.575488 -8.86
172.405 9.56661 -0.43
158.629 9.95128 -9.09
158.334 9.94007 -9.22
158.047 9.84147 -9.12
214.978 9.74458 0.170002
218.149 10.0669 -8.37
157.749 9.81897 -9.24
123.807 0.786097 -8.96
123.52 0.687489 -8.93
218.483 10.0998 -8.39
123.239 0.611461 -8.98
160.238 9.90521 -9.2
159.961 9.84048 -9.19
159.693 9.80961 -9.28
159.406 9.711 -9.15
221.86 1.25027 -8.46
137.036 1.12088 -0.82
125.028 0.746421 -8.98
124.741 0.647813 -8.96
222.13 1.28866 -8.45
177.949 9.67493 -0.329998
219.613 10.199 -8.33
177.376 9.59523 -0.389999
162.581 9.93086 -9.03
162.286 9.91966 -9.14
162.013 9.86997 -9.18
219.966 10.186 -8.27
219.615 1.57462 -0.299999
222.822 1.20984 -8.48
161.718 9.85877 -9.29
138.922 1.2533 -0.889999
138.61 1.18189 -0.93
219.975 1.5879 -0.360001
138.302 1.12176 -0.959999
126.218 0.707592 -8.96
217.989 9.72612 0.260002
221.141 10.0944 -8.31
125.926 0.590167 -8.88
179.308 9.54447 -0.439999
221.408 10.2391 -8.18
164.22 9.99394 -9.3
224.273 1.17929 -8.31
163.931 9.8878 -9.17
221.783 10.1875 -8.2
163.631 9.85778 -9.26
221.412 1.62218 -0.189999
224.6 1.30716 -8.34
163.355 9.79681 -9.28
222.155 10.1247 -8.15
139.761 1.12132 -0.98
221.762 1.59782 -0.139999
225.041 1.25768 -8.45
127.698 0.782425 -9.02
127.411 0.683817 -8.97
306.18 10.2978 5.57
225.311 1.29608 -8.36
182.081 9.60428 -0.32
166.193 9.97244 -9.17
225.631 1.28009 -8.3
165.893 9.94242 -9.23
165.642 9.85802 -9.18
165.344 9.83552 -9.26
141.431 1.17602 -0.91
226.006 1.22854 -8.31
129.111 0.847659 -9.04
223.439 10.1933 -8.11
128.824 0.749051 -9.01
128.546 0.680551 -9.07
303.389 10.2953 5.27
184.89 9.67453 -0.329998
184.614 9.61356 -0.309998
168.519 10.0554 -9.18
168.235 9.96806 -9.09
167.937 9.94557 -9.21
167.662 9.88836 -9.21
167.385 9.82739 -9.2
227.254 1.28671 -8.19
143.005 1.23703 -0.98
142.724 1.161 -0.959999
224.43 1.51255 -0.0999985
227.613 1.17495 -8.21
129.92 0.72405 -9.1
129.628 0.606625 -9.01
227.889 1.11841 -8.14
315.466 10.6831 -1.11
225.364 10.1162 -8.1
315.188 10.7321 -1.14
314.93 10.7389 -1.06
314.654 10.7954 -1.11
314.411 10.8549 -1.18
228.465 1.32315 -8.11
314.132 10.9001 -1.19
300.093 10.3402 4.95
299.837 10.3507 5
225.678 1.56696 -0.0400009
228.886 1.20593 -8.17
187.743 9.66783 -0.27
226.388 10.184 -8.01
187.446 9.6491 -0.309998
170.188 9.99257 -9.22
226.858 10.1262 -8.1
229.667 1.21574 -8.14
169.907 9.91654 -9.17
227.147 10.2323 -7.94
169.609 9.89405 -9.26
226.842 1.66907 -0.0200005
230.02 1.31642 -8.08
169.337 9.84813 -9.25
144.459 1.21778 -1
227.552 10.1724 -7.91
131.395 0.780066 -9.15
230.447 1.21801 -8.07
312.966 10.673 -1.37
227.904 10.2693 -7.93
312.682 10.7032 -1.36
312.4 10.7371 -1.34
312.127 10.805 -1.43
311.875 10.8343 -1.4
296.867 10.2847 4.79
231.204 1.14126 -8.09
190.967 9.71579 -0.200001
190.695 9.66987 -0.169998
190.422 9.62019 -0.149998
231.457 1.23695 -8.03
189.854 9.5593 -0.239998
172.826 10.0294 -9.11
229.24 10.1773 -7.86
172.525 9.9994 -9.16
172.249 9.93843 -9.14
171.979 9.90003 -9.19
229.593 10.278 -7.88
171.703 9.84282 -9.18
229.346 1.57673 0.0400009
232.553 1.21195 -8.07
146.221 1.25489 -0.989998
226.89 9.77281 0.560001
230.009 10.142 -7.91
145.935 1.16004 -0.939999
229.698 1.5599 0.100002
232.832 1.28045 -7.98
133.029 0.824324 -9.1
132.749 0.748297 -9.12
310.734 10.58 -1.56
310.458 10.6365 -1.59
230.621 10.1259 -7.84
310.175 10.6705 -1.59
230.897 10.1869 -7.82
309.927 10.7111 -1.63
230.581 1.58598 0.190002
233.745 1.29816 -7.91
234.048 1.33947 -7.85
309.645 10.7451 -1.62
309.363 10.7828 -1.62
231.566 10.1428 -7.76
293.653 10.2743 4.39
231.245 1.64057 0.170002
234.427 1.30297 -7.94
293.388 10.2548 4.53
231.6 1.63503 0.260002
234.761 1.33591 -7.83
194.342 9.72189 -0.0900002
232.26 10.3065 -7.88
194.069 9.67221 -0.0900002
231.958 1.63701 0.209999
235.116 1.33037 -7.86
175.9 10.1193 -8.98
232.558 10.2115 -7.7
175.329 10.0508 -9.08
235.5 1.19518 -7.88
175.056 10.0012 -9.09
232.917 10.2172 -7.81
174.728 9.98703 -9.2
232.584 1.67362 0.25
174.452 9.92982 -9.18
174.147 9.88099 -9.18
233.154 10.2527 -7.67
147.691 1.17834 -0.950001
236.061 1.34723 -7.86
134.39 0.818899 -9.18
233.193 1.64626 0.299999
236.338 1.29069 -7.72
233.719 10.3023 -7.6
134.136 0.723209 -9.14
133.853 0.635891 -9.11
236.646 1.35082 -7.74
307.445 10.6512 -1.93
234.097 10.262 -7.7
307.167 10.7002 -1.96
306.888 10.7455 -1.98
237.38 1.19127 -7.77
306.633 10.7635 -1.94
306.377 10.7741 -1.91
197.808 9.70288 -0.0699997
178.234 10.1148 -9.11
235.111 10.1747 -7.64
177.927 10.0622 -9.09
238.013 1.25046 -7.7
177.657 10.0238 -9.15
177.357 9.99378 -9.18
177.081 9.93656 -9.19
176.803 9.86806 -9.11
150.072 1.33947 -0.970001
238.749 1.21219 -7.62
149.82 1.2513 -0.939999
236.146 10.284 -7.55
149.52 1.22128 -1.02
136.148 0.840957 -9.15
235.943 1.61951 0.369999
239.101 1.31287 -7.7
135.839 0.780829 -9.18
236.488 10.2295 -7.53
135.564 0.723619 -9.25
239.379 1.38137 -7.58
236.798 10.1759 -7.46
304.774 10.6077 -2.23
304.516 10.6144 -2.16
304.273 10.6739 -2.25
237.097 10.3197 -7.48
304.024 10.7108 -2.27
303.488 10.7666 -2.28
236.883 1.61756 0.450001
240.038 1.29962 -7.56
237.45 10.1891 -7.44
286.089 10.1357 3.89
285.034 10.1899 3.95
284.782 10.2193 3.93
240.758 1.2049 -7.57
284.523 10.2185 3.97
202.366 9.76508 0.0499992
201.536 9.69591 -0.0400009
238.519 10.1838 -7.38
180.781 10.0592 -9.02
180.513 10.0284 -9.06
180.243 9.98999 -9.08
238.903 10.2836 -7.4
179.974 9.95912 -9.14
238.676 1.65006 0.52
241.834 1.34342 -7.44
179.677 9.94039 -9.18
239.319 10.2613 -7.41
179.399 9.87189 -9.14
242.286 1.21782 -7.52
151.608 1.26499 -1.04
151.326 1.1852 -1.01
239.479 1.62138 0.5
151.023 1.14388 -1.07
239.992 10.2323 -7.37
137.528 0.789525 -9.18
242.946 1.26112 -7.48
137.25 0.721024 -9.21
136.946 0.679714 -9.28
243.231 1.23469 -7.52
301.437 10.6233 -2.54
301.183 10.6414 -2.5
300.898 10.6678 -2.51
240.241 1.68096 0.600002
243.366 1.37139 -7.37
300.624 10.7319 -2.59
240.685 10.2747 -7.28
300.337 10.7508 -2.55
280.927 10.1197 3.61
280.38 10.134 3.68
240.804 1.72302 0.639999
279.879 10.2003 3.57
241.404 10.2937 -7.29
205.689 9.70052 0.0400009
183.846 10.119 -9.01
183.549 10.1002 -9.09
241.808 10.3475 -7.31
241.627 1.64834 0.66
244.757 1.3576 -7.29
183.273 10.0393 -9.04
183.008 10.0197 -9.12
242.045 1.63734 0.670002
245.222 1.28093 -7.36
239.518 9.92628 1.08
242.568 10.2821 -7.18
182.735 9.97 -9.1
182.457 9.90527 -9.03
153.572 1.33089 -1.09
242.667 1.77265 0.720001
139.015 0.769426 -9.21
298.34 10.5682 -2.84
298.092 10.6088 -2.87
246.182 1.23297 -7.25
297.808 10.6353 -2.85
243.487 10.3186 -7.09
297.553 10.6533 -2.85
297.272 10.691 -2.85
243.353 1.67501 0.709999
243.883 10.2286 -7.07
296.99 10.7288 -2.9
243.712 1.68075 0.720001
246.865 1.35529 -7.24
296.713 10.7815 -2.96
275.558 10.056 3.33
244.181 10.3648 -7.06
244.035 1.67606 0.779999
247.13 1.37487 -7.1
275.004 10.1653 3.08
244.482 10.2811 -7.04
274.742 10.157 3.15
247.471 1.43415 -7.2
274.483 10.1563 3.18
273.687 10.2113 3.12
244.576 1.6391 0.959999
273.397 10.2189 3.14
212.507 9.83983 0.25
212.212 9.82863 0.23
248.059 1.33528 -7.09
211.371 9.72182 0.299999
186.795 10.1097 -9
245.24 1.69368 0.799999
248.365 1.38412 -7.11
186.5 10.0985 -9.08
185.916 9.98118 -9
245.755 10.1946 -7.02
185.651 9.96161 -9.07
248.698 1.29955 -7.01
185.375 9.90063 -9.03
155.712 1.32774 -1
249.057 1.30529 -7.03
140.884 0.841633 -9.27
140.57 0.762688 -9.27
246.281 1.70424 0.869999
249.439 1.3976 -7.11
140.264 0.713851 -9.33
246.796 10.2051 -6.92
294.422 10.5915 -3.16
294.138 10.618 -3.16
293.856 10.6557 -3.18
293.572 10.6821 -3.21
293.322 10.719 -3.25
267.973 10.0771 2.83
250.469 1.25301 -6.98
267.684 10.0847 2.82
247.796 10.3002 -6.87
267.118 10.1489 2.69
266.853 10.1293 2.77
248.107 10.3716 -6.76
218.94 9.87931 0.420002
218.392 9.77242 0.59
248.06 1.68782 0.91
190.211 10.1451 -8.93
189.938 10.0954 -8.94
248.525 10.3568 -6.8
189.632 10.0466 -8.9
189.332 10.0165 -8.94
251.565 1.34553 -6.91
188.774 9.99329 -9.11
248.976 10.2312 -6.87
157.354 1.2846 -1.08
157.079 1.22739 -1.07
248.836 1.67881 0.970001
251.926 1.3588 -6.89
142.845 0.896248 -9.2
246.265 9.92719 1.36
249.29 10.3102 -6.8
142.57 0.839038 -9.26
142.296 0.789355 -9.34
142.012 0.702037 -9.28
249.492 1.70328 1.04
252.615 1.3862 -6.87
290.973 10.5532 -3.5
290.686 10.5684 -3.46
249.878 10.3251 -6.71
249.833 1.64882 0.970001
290.429 10.5789 -3.46
250.195 10.2978 -6.72
290.148 10.6166 -3.49
250.043 1.82147 1.08
253.135 1.50899 -6.74
289.871 10.6732 -3.58
289.587 10.6996 -3.59
253.533 1.30521 -6.77
258.978 10.0367 2.25
250.774 10.3963 -6.65
257.622 10.061 2.21
257.34 10.0987 2.12
250.705 1.75101 1.15
253.767 1.44691 -6.61
257.051 10.1063 2.14
255.692 10.1192 2.1
254.122 1.44137 -6.69
255.14 10.1186 2.1
254.851 10.1262 2.1
248.508 9.94784 1.37
251.488 10.2828 -6.66
228.641 9.8898 0.91
228.354 9.90494 0.84
227.497 9.85543 0.830002
226.677 9.82389 0.77
252.133 10.3834 -6.6
225.534 9.79705 0.66
252.077 1.66947 1.21
255.162 1.33065 -6.57
193.343 10.0931 -8.81
193.041 10.0556 -8.81
249.878 9.97253 1.65
252.909 10.3743 -6.59
192.756 10.082 -8.99
255.932 1.30282 -6.58
192.483 10.0323 -8.96
192.188 10.0211 -9.01
253.137 1.74778 1.22
256.219 1.40143 -6.57
159.715 1.37422 -1.07
253.521 10.362 -6.5
159.401 1.29528 -1
159.126 1.23807 -1.05
144.373 0.909174 -9.34
253.858 10.2887 -6.54
144.089 0.821856 -9.33
256.831 1.38535 -6.53
143.781 0.761729 -9.34
286.973 10.5143 -3.81
286.693 10.5595 -3.85
286.407 10.5784 -3.86
254.407 10.3956 -6.47
286.124 10.6124 -3.9
285.838 10.6313 -3.86
285.592 10.6795 -3.97
257.788 1.3261 -6.4
197.753 10.2047 -8.73
252.108 9.94426 1.62
255.065 10.3139 -6.41
197.155 10.156 -8.78
255.387 10.4229 -6.41
196.614 10.0754 -8.78
196.347 10.0483 -8.8
255.262 1.80945 1.6
196.054 10.0446 -8.87
161.08 1.26634 -1.12
255.732 10.3798 -6.38
145.985 0.874401 -9.32
145.68 0.825563 -9.34
255.712 1.67633 1.38
145.401 0.757063 -9.35
282.978 10.4942 -4.22
256.043 10.4474 -6.32
282.713 10.4746 -4.11
282.182 10.5492 -4.23
281.899 10.5831 -4.26
256.376 10.4804 -6.32
281.618 10.6209 -4.32
281.353 10.6013 -4.23
256.715 10.4146 -6.3
280.817 10.6571 -4.28
259.733 1.55553 -6.38
201.716 10.2257 -8.7
201.451 10.2061 -8.73
257.09 10.2493 -6.31
200.907 10.1181 -8.67
200.615 10.1181 -8.75
256.955 1.82944 1.5
200.017 10.0656 -8.77
163.795 1.35042 -0.98
163.498 1.33169 -1.08
163.225 1.28201 -1.09
257.587 10.4031 -6.16
162.946 1.21351 -1.06
147.71 0.89354 -9.34
147.426 0.806223 -9.3
147.12 0.757385 -9.34
277.984 10.5003 -4.6
261.007 1.35525 -6.25
277.724 10.4995 -4.59
277.44 10.5259 -4.6
277.162 10.5749 -4.7
276.891 10.5365 -4.56
276.617 10.6006 -4.68
276.358 10.5999 -4.65
258.969 10.4729 -6.16
276.101 10.6104 -4.64
258.942 1.74312 1.65
262.04 1.45322 -6.2
206.353 10.2214 -8.47
206.063 10.229 -8.55
262.405 1.48531 -6.18
205.793 10.1906 -8.52
259.716 10.3585 -6.07
205.523 10.1522 -8.51
262.78 1.43376 -6.1
205.256 10.1251 -8.5
204.665 10.0989 -8.6
204.373 10.099 -8.69
259.961 1.79216 1.71
204.094 10.0305 -8.58
260.258 1.81089 1.71
203.808 10.0494 -8.71
165.744 1.35987 -1.03
260.568 10.5067 -6.02
165.474 1.32148 -1.09
263.69 1.44018 -6.07
165.192 1.24169 -0.989998
149.328 0.881348 -9.35
258.002 10.0282 1.94
260.987 10.382 -6.08
149.021 0.828747 -9.4
260.856 1.8634 1.83
263.981 1.55384 -6.01
148.738 0.741429 -9.34
148.465 0.695509 -9.4
258.294 10.0281 2.04
261.249 10.3903 -5.95
272.169 10.4673 -5.01
264.286 1.4814 -5.93
271.918 10.4966 -5.04
271.663 10.5147 -5.08
271.403 10.5139 -5.05
271.117 10.5328 -5.05
261.853 10.4616 -5.91
270.837 10.5781 -5.15
270.546 10.5782 -5.11
261.898 1.76021 1.81
264.966 1.47869 -5.93
270.291 10.5962 -5.13
262.203 10.4372 -5.87
212.144 10.2853 -8.3
262.21 1.83163 1.85
211.876 10.2545 -8.31
259.612 9.98593 2.16
262.578 10.3857 -5.9
211.586 10.2621 -8.41
265.688 1.39149 -5.97
211.286 10.232 -8.38
259.942 10.0076 2.25
262.93 10.3688 -5.84
211.018 10.2012 -8.36
262.904 1.87784 1.84
265.933 1.57459 -5.8
263.308 10.3286 -5.79
210.778 10.1544 -8.32
260.677 10.083 2.18
263.607 10.4723 -5.74
210.491 10.1733 -8.41
266.737 1.43216 -5.83
261.142 10.0064 2.04
264.029 10.3551 -5.72
210.223 10.1425 -8.43
263.975 1.88003 2.04
267.065 1.56003 -5.73
209.933 10.1501 -8.52
209.631 10.1125 -8.46
264.416 10.4663 -5.78
264.357 1.85483 2.06
168.162 1.42523 -1.1
167.884 1.35673 -1.08
167.578 1.30789 -1.08
262.177 10.1119 2.24
265.107 10.5012 -5.72
268.237 1.46099 -5.75
151.388 0.940952 -9.38
151.079 0.880824 -9.39
150.776 0.839514 -9.46
150.501 0.782304 -9.49
267.22 10.4002 -5.5
265.691 1.86907 2.05
266.985 10.3722 -5.42
266.701 10.3987 -5.45
265.984 10.5047 -5.68
266.447 10.4205 -5.48
266.152 10.4093 -5.43
265.875 10.4621 -5.57
265.583 10.4621 -5.5
266.663 10.3807 -5.61
265.332 10.4915 -5.58
265.067 10.4719 -5.51
264.033 10.0214 2.41
266.958 10.3919 -5.52
264.809 10.4787 -5.53
264.531 10.5277 -5.61
264.271 10.5269 -5.6
263.978 10.5233 -5.58
218.249 10.3107 -8.15
217.664 10.3071 -8.23
264.771 9.99066 2.3
267.699 10.3724 -5.62
217.386 10.2386 -8.12
270.755 1.41758 -5.51
217.123 10.2265 -8.16
216.831 10.2266 -8.21
216.568 10.2146 -8.22
216.303 10.195 -8.24
267.973 1.79395 2.26
271.044 1.52371 -5.5
216.014 10.2026 -8.31
215.741 10.1567 -8.24
215.443 10.1342 -8.26
271.341 1.54244 -5.51
215.175 10.1033 -8.25
170.324 1.3836 -1
170.024 1.35358 -1.03
169.754 1.31518 -1.06
268.626 1.8109 2.24
271.659 1.51893 -5.42
153 0.906178 -9.37
268.895 10.4737 -5.39
152.416 0.788841 -9.43
259.933 10.3225 -5.91
269.258 10.4983 -5.42
259.648 10.3489 -5.95
259.099 10.3558 -5.95
269.322 1.86464 2.3
272.33 1.59986 -5.37
258.844 10.3738 -5.99
258.554 10.3814 -6
258.298 10.392 -6
258.011 10.4109 -6.06
269.901 10.3601 -5.33
257.715 10.3959 -6.02
257.428 10.4148 -6.04
257.174 10.4329 -6.08
270.185 10.4474 -5.37
256.914 10.4321 -6.09
256.663 10.4615 -6.17
270.437 10.4218 -5.27
256.371 10.4615 -6.13
256.081 10.4692 -6.16
273.616 1.44098 -5.3
255.816 10.4496 -6.11
255.534 10.4835 -6.21
270.806 10.3477 -5.25
254.982 10.4829 -6.17
270.812 1.85583 2.45
273.9 1.5283 -5.25
254.728 10.5009 -6.22
268.129 10.0541 2.76
271.114 10.4078 -5.25
254.441 10.5198 -6.26
274.216 1.50102 -5.24
228.095 10.3742 -7.64
227.548 10.3886 -7.76
268.488 10.0598 2.71
271.413 10.4303 -5.2
227.247 10.3586 -7.71
226.395 10.3279 -7.76
226.127 10.297 -7.72
225.868 10.2963 -7.78
225.598 10.2579 -7.71
274.84 1.52634 -5.14
225.311 10.2768 -7.79
225.018 10.2731 -7.83
224.718 10.2431 -7.79
272.173 1.8504 2.45
275.192 1.50951 -5.1
224.431 10.262 -7.9
272.435 10.3731 -5.12
224.161 10.2236 -7.84
275.547 1.50397 -5.15
223.903 10.2304 -7.92
269.875 10.0347 2.71
272.795 10.3864 -5.13
272.825 1.9811 2.5
223.633 10.192 -7.87
223.346 10.2109 -7.96
273.109 10.4653 -5.06
223.081 10.1913 -7.95
273.197 1.91826 2.59
276.265 1.63674 -5.15
222.786 10.1801 -7.96
273.445 10.5058 -5.06
222.488 10.1576 -7.96
222.188 10.1276 -7.93
221.903 10.154 -8.06
273.782 10.4363 -5.03
172.206 1.38722 -1.07
273.837 1.88629 2.69
276.93 1.57757 -5.11
171.931 1.33001 -1.05
171.631 1.29999 -1.08
154.922 0.935296 -9.28
154.621 0.901512 -9.36
271.483 10.0986 2.83
274.349 10.4934 -4.97
154.318 0.863965 -9.42
274.461 1.79786 2.72
277.523 1.49376 -5
274.653 10.5347 -5
154.015 0.822655 -9.51
249.833 10.277 -6.6
272.114 10.0366 2.83
274.981 10.4313 -4.97
248.993 10.2915 -6.66
275.213 10.5655 -4.93
248.449 10.3171 -6.77
275.307 1.92349 2.78
248.176 10.2674 -6.63
275.511 10.588 -4.89
247.892 10.2976 -6.69
247.634 10.3044 -6.75
275.674 1.84183 2.77
278.709 1.56115 -4.86
247.05 10.3008 -6.74
275.825 10.4357 -4.85
246.765 10.3272 -6.82
275.972 1.86432 2.76
278.996 1.54225 -4.86
246.503 10.319 -6.82
246.242 10.3107 -6.8
245.952 10.3183 -6.81
279.247 1.5129 -4.76
245.689 10.3062 -6.8
273.492 10.0913 3.03
276.415 10.4581 -4.85
245.427 10.298 -6.79
279.553 1.67925 -4.84
245.139 10.3131 -6.84
273.828 10.0181 3.09
276.758 10.4074 -4.83
244.847 10.3132 -6.87
276.855 1.8904 2.81
279.879 1.56833 -4.75
244.555 10.3095 -6.87
277.11 10.3905 -4.8
244.293 10.3012 -6.86
244.008 10.3277 -6.94
243.743 10.3081 -6.89
277.422 10.4619 -4.68
243.484 10.3073 -6.91
280.611 1.51876 -4.73
243.194 10.3149 -6.94
242.902 10.315 -6.95
277.983 1.86456 2.85
280.942 1.54041 -4.6
242.609 10.3113 -6.96
242.347 10.3031 -6.96
278.253 2.02046 2.95
242.057 10.3107 -7
241.767 10.3183 -7.04
241.505 10.3062 -7.03
241.245 10.3055 -7.05
278.628 1.8514 3
281.687 1.53977 -4.64
240.956 10.3169 -7.08
278.813 10.4482 -4.6
278.983 1.84586 2.98
281.98 1.54345 -4.54
240.666 10.3245 -7.1
276.3 10.0441 3.19
240.398 10.2936 -7.08
279.275 1.96328 3.03
240.112 10.3125 -7.15
276.552 10.1323 3.25
279.449 10.5186 -4.61
239.824 10.3277 -7.19
282.672 1.46462 -4.55
276.827 10.1895 3.25
279.727 10.5871 -4.6
239.559 10.3081 -7.17
239.297 10.2998 -7.16
239.007 10.3074 -7.2
280.044 10.5599 -4.53
238.742 10.2878 -7.18
238.447 10.2766 -7.16
280.177 1.9396 3.13
238.16 10.2918 -7.23
237.876 10.322 -7.33
280.43 10.5459 -4.65
237.605 10.2798 -7.26
283.571 1.54715 -4.44
237.316 10.2912 -7.29
237.053 10.2791 -7.29
236.797 10.2897 -7.34
283.943 1.48431 -4.37
236.502 10.2785 -7.34
236.209 10.2748 -7.35
235.924 10.3012 -7.47
281.234 2.01037 3.09
235.624 10.2712 -7.4
281.34 10.5524 -4.38
235.359 10.2516 -7.39
235.099 10.2509 -7.41
234.553 10.269 -7.52
234.283 10.2306 -7.44
284.891 1.51247 -4.34
233.985 10.2081 -7.42
282.002 10.4857 -4.43
233.403 10.2158 -7.49
285.178 1.49356 -4.29
233.14 10.2038 -7.5
282.219 10.5672 -4.34
232.324 10.1835 -7.52
282.459 1.86447 3.24
174.43 1.45388 -1.08
282.534 10.5324 -4.27
173.904 1.31227 -0.959999
156.298 0.986323 -9.5
282.925 10.4235 -4.35
155.709 0.850168 -9.49
286.146 1.47571 -4.31
155.427 0.770377 -9.44
176.809 1.37622 -0.809998
176.525 1.40266 -1.03
283.374 2.00722 3.19
286.325 1.65297 -4.1
176.224 1.37264 -1.08
283.414 10.5471 -4.25
157.805 0.920216 -9.48
283.623 1.96658 3.31
157.524 0.844189 -9.43
178.995 1.42115 -1.03
286.951 1.57207 -4.13
178.721 1.37147 -1.03
281.266 10.1714 3.43
284.032 10.5536 -4.13
159.963 0.984809 -9.51
159.655 0.924682 -9.5
284.431 10.4711 -4.11
287.61 1.60784 -4.06
159.374 0.848654 -9.47
159.104 0.810261 -9.51
281.875 10.2616 3.56
158.795 0.750134 -9.5
301.487 2.0545 4.77
284.954 1.9733 3.43
301.232 2.07256 4.8
285.023 10.6186 -4.03
300.984 2.1132 4.75
285.276 1.96484 3.48
288.237 1.64822 -3.93
300.705 2.15845 4.73
300.161 2.18412 4.81
285.695 1.95384 3.32
288.612 1.59667 -3.97
182.194 1.49631 -1
181.916 1.42781 -0.93
161.969 0.966228 -9.49
161.719 0.881828 -9.4
285.976 1.91612 3.46
161.42 0.859334 -9.49
283.267 10.134 3.57
286.03 10.505 -3.97
286.26 2.00343 3.5
289.254 1.68973 -3.94
161.117 0.818024 -9.53
286.341 10.5764 -3.96
297.581 2.123 4.43
286.607 1.96778 3.49
297.325 2.13353 4.48
283.893 10.0531 3.71
185.305 1.48283 -0.860001
286.897 1.96017 3.6
289.834 1.6745 -3.75
184.736 1.42195 -0.950001
287.033 10.4976 -3.92
184.436 1.39193 -0.950001
287.249 2.06085 3.51
164.238 0.959695 -9.4
284.572 10.1641 3.68
287.342 10.5577 -3.91
163.934 0.918385 -9.46
287.536 2.04194 3.68
163.626 0.858257 -9.45
290.943 1.58091 -3.79
163.352 0.808574 -9.48
288.118 10.4349 -3.95
294.666 2.02141 4.2
288.266 1.98485 3.71
293.843 2.0961 4.21
285.515 10.1697 3.83
288.344 10.5465 -3.83
288.594 1.99897 3.66
291.591 1.6928 -3.78
293.03 2.20465 4.14
188.619 1.50568 -0.82
188.33 1.5133 -0.93
291.89 1.60154 -3.69
188.056 1.46361 -0.899998
187.784 1.41769 -0.899998
286.138 10.195 3.87
288.964 10.5605 -3.75
289.211 2.00172 3.75
166.645 0.98365 -9.37
286.444 10.1301 3.96
289.304 10.4985 -3.74
166.344 0.953629 -9.46
292.54 1.6072 -3.66
166.066 0.885129 -9.43
286.753 10.1903 3.97
289.584 10.5746 -3.7
165.776 0.892743 -9.61
290.681 2.03891 3.89
289.863 10.6431 -3.65
290.145 2.09469 3.89
289.889 2.10523 3.92
293.135 1.64842 -3.57
290.186 10.6384 -3.61
289.634 2.12328 3.93
293.505 1.57806 -3.55
191.689 1.46294 -0.720001
191.429 1.46219 -0.84
290.76 2.08991 3.93
190.591 1.36291 -0.869999
168.621 0.973441 -9.5
290.896 10.5098 -3.59
168.348 0.927521 -9.51
291.14 2.05718 3.88
294.096 1.72174 -3.46
168.1 0.850648 -9.45
287.061 1.96723 3.7
286.787 2.0313 3.58
286.536 2.06064 3.56
294.464 1.52633 -3.42
285.735 2.09685 3.65
291.484 10.5247 -3.52
196.523 1.58236 -0.529999
195.97 1.57792 -0.739998
195.668 1.54038 -0.709999
288.889 10.2896 4.15
291.691 10.686 -3.46
195.364 1.49907 -0.689999
195.101 1.48702 -0.790001
171.5 1.06458 -9.48
289.218 10.1899 4.19
292.058 10.6044 -3.53
171.25 0.980183 -9.4
292.376 2.06643 3.87
295.261 1.7101 -3.32
170.949 0.950163 -9.44
170.674 0.892953 -9.46
170.367 0.840352 -9.47
292.677 1.9827 4.02
292.694 10.6748 -3.38
305.907 1.73745 -2.24
305.631 1.79399 -2.3
293.076 2.01771 3.98
295.971 1.69902 -3.26
283.061 1.92828 3.35
293.105 10.52 -3.32
282.521 1.97277 3.35
293.403 2.02806 4.08
296.33 1.70476 -3.23
282.235 1.99167 3.35
281.953 2.02939 3.29
293.699 2.04303 4.16
281.674 2.07464 3.24
281.133 2.11161 3.25
200.258 1.60173 -0.630001
199.952 1.54913 -0.579998
296.983 1.6042 -3.17
174.053 1.03162 -9.42
291.227 10.1827 4.15
293.983 10.5273 -3.26
173.755 1.00913 -9.47
297.278 1.6154 -3.23
173.477 0.940626 -9.44
173.201 0.883415 -9.41
294.522 1.96835 4.27
297.464 1.7015 -3.12
303.515 1.64867 -2.5
291.745 10.1804 4.33
294.545 10.5656 -3.2
303.26 1.66673 -2.48
294.859 2.13385 4.07
303.011 1.7036 -2.51
302.73 1.74132 -2.5
294.777 10.6997 -3.08
302.483 1.78949 -2.56
302.207 1.84603 -2.62
298.186 1.6143 -3.16
277.841 1.93653 3.01
277.551 1.94414 3.03
295.212 10.6314 -3.14
277.271 1.98939 2.95
277.01 1.98111 3.02
295.573 2.01654 4.23
276.728 2.01883 2.94
295.599 10.625 -3.06
276.474 2.03689 2.93
276.192 2.07461 2.89
298.937 1.63247 -3.07
275.93 2.06256 2.96
299.29 1.6194 -2.97
205.095 1.61493 -0.48
293.585 10.1472 4.42
296.386 10.5399 -3.13
296.631 2.08732 4.4
204.803 1.61501 -0.549999
204.494 1.55489 -0.450001
203.906 1.54001 -0.579998
203.634 1.49409 -0.559998
299.965 1.59787 -2.92
176.975 1.03827 -9.31
176.664 0.97062 -9.25
296.965 10.6384 -2.99
176.344 0.986607 -9.44
176.071 0.936923 -9.44
297.303 2.0545 4.41
300.204 1.75839 -2.83
175.787 0.849606 -9.35
297.263 10.6609 -2.95
300.519 1.60607 -2.76
300.243 1.66261 -2.82
300.574 1.68802 -2.81
299.989 1.68443 -2.8
297.986 2.06308 4.42
300.91 1.72849 -2.78
299.74 1.72131 -2.84
297.924 10.7042 -2.86
299.483 1.73184 -2.8
298.923 1.81481 -2.84
301.246 1.6552 -2.73
272.826 1.86735 2.64
298.612 2.09593 4.52
301.513 1.79982 -2.7
272.255 1.91269 2.6
271.711 1.93836 2.59
298.951 2.03393 4.57
301.847 1.71524 -2.68
271.451 1.9376 2.63
271.205 1.98577 2.5
270.943 1.97748 2.58
299.21 2.14844 4.62
270.659 2.00391 2.54
299.22 10.583 -2.8
210.323 1.63678 -0.399998
299.555 2.10527 4.58
302.448 1.77905 -2.63
210.033 1.6444 -0.470001
209.787 1.57505 -0.369999
299.906 1.96716 4.6
302.798 1.63717 -2.6
209.227 1.54427 -0.43
208.935 1.54436 -0.470001
303.123 1.64 -2.63
300.117 10.5405 -2.65
208.637 1.52187 -0.5
303.443 1.62402 -2.56
300.404 10.6391 -2.63
180.033 1.07165 -9.25
179.74 1.06798 -9.37
303.741 1.64651 -2.5
179.464 1.01077 -9.35
301.111 1.98478 4.89
304.045 1.68782 -2.46
298.397 10.3051 4.7
301.092 10.6665 -2.64
179.164 0.980746 -9.37
178.869 0.969543 -9.49
304.395 1.66346 -2.39
298.739 10.2507 4.81
301.461 10.5924 -2.51
178.561 0.909415 -9.44
301.85 2.07907 4.84
296.947 1.59376 -3.05
299.019 10.3267 4.91
301.781 10.6939 -2.51
296.671 1.6503 -3.09
296.42 1.67964 -3.11
302.176 2.0819 4.85
305.096 1.73602 -2.31
299.383 10.3513 4.85
302.111 10.7155 -2.51
296.138 1.71737 -3.14
305.435 1.67402 -2.31
295.856 1.75132 -3.16
305.736 1.70404 -2.28
300.05 10.1859 4.88
265.724 1.87198 2.12
300.302 10.274 4.99
302.997 10.6354 -2.33
265.451 1.8223 2.25
265.182 1.90518 2.04
303.363 10.6675 -2.48
264.92 1.8969 2.09
264.381 1.94139 2.01
264.119 1.9331 2.07
263.86 1.93234 2.09
262.99 1.95518 2.11
304.185 10.7065 -2.3
262.739 1.98453 2.03
262.463 2.04107 1.91
301.797 10.284 5.07
304.519 10.6257 -2.26
217.859 1.67761 -0.0499992
302.105 10.2267 5.17
304.829 10.5721 -2.14
217.308 1.67693 -0.16
302.442 10.2709 5.16
305.145 10.6586 -2.21
217.007 1.64315 -0.149998
216.422 1.63956 -0.239998
305.509 10.5694 -2.18
305.829 10.5534 -2.1
215.887 1.58159 -0.18
306.165 10.5939 -2.13
215.065 1.54253 -0.27
183.358 1.13213 -9.24
183.053 1.0833 -9.22
182.754 1.0608 -9.29
307.773 10.7791 -1.93
182.459 1.0496 -9.39
182.159 1.01958 -9.42
293.961 1.58503 -3.41
305.754 10.2824 5.45
308.419 10.6522 -1.78
293.681 1.63028 -3.45
293.43 1.65963 -3.46
308.669 10.7366 -1.79
293.143 1.67853 -3.44
292.859 1.70496 -3.43
308.946 10.68 -1.74
292.618 1.77195 -3.56
258.075 1.77725 1.69
257.299 1.78626 1.7
256.46 1.80073 1.69
256.184 1.85727 1.56
255.919 1.83769 1.6
309.963 10.6078 -1.74
255.661 1.84446 1.57
255.38 1.88218 1.51
307.604 10.2869 5.57
310.272 10.6679 -1.65
255.115 1.86261 1.57
310.591 10.7657 -1.57
254.86 1.88067 1.52
254.576 1.9071 1.46
308.306 10.2457 5.54
310.961 10.5778 -1.56
311.151 10.7965 -1.56
254.024 1.90643 1.47
253.473 1.90575 1.49
312.103 10.7184 -1.45
253.213 1.905 1.49
252.945 1.87413 1.57
251.05 1.94286 1.38
310.134 10.2887 5.75
312.769 10.6668 -1.4
229.473 1.80085 0.420002
226.755 1.70548 0.279999
313.461 10.5879 -1.35
313.695 10.7296 -1.3
226.465 1.71309 0.23
226.195 1.6747 0.27
314.026 10.6375 -1.19
314.739 10.7515 -1.21
225.908 1.6936 0.190002
315.095 10.6322 -1.07
225.345 1.65153 0.200001
315.408 10.8249 -1.1
225.082 1.63948 0.190002
42.0948 8.81264 3.46
43.6716 8.76742 3.33
41.6861 9.09254 -4.21
42.2233 9.15803 -4.19
42.6411 9.26078 -4.3
39.2054 0.521982 3.5
43.0244 9.23934 -4.34
39.6368 0.673657 3.33
43.3629 9.17358 -4.35
40.0054 0.599527 3.32
43.8606 9.21358 -4.34
47.1527 8.80486 3.16
224.826 1.65001 0.130001
44.1127 9.07048 -4.32
44.3085 9.30796 -4.36
44.6282 9.17446 -4.43
41.279 0.630511 3.27
224.539 1.66892 0.0400009
45.1447 9.2822 -4.44
41.5665 0.497858 3.2
224.274 1.64934 0.0400009
45.429 9.13826 -4.49
42.1152 0.604751 3.24
45.9018 9.20544 -4.53
38.7591 0.200106 -4.03
42.5796 0.641832 3.17
223.981 1.64567 0.0200005
46.2735 9.1426 -4.64
39.1175 0.205854 -4.15
186.345 1.14086 -9.16
46.7848 9.23153 -4.57
39.5036 0.0781896 -4.09
186.083 1.13257 -9.25
47.1888 9.16784 -4.63
40.0929 0.214345 -4.11
185.776 1.07997 -9.22
185.479 1.06124 -9.3
47.6833 9.19655 -4.66
50.9597 8.73137 2.98
40.5927 0.261869 -4.17
185.181 1.03875 -9.34
184.914 1.01165 -9.4
48.1592 9.27503 -4.8
40.8312 0.0698473 -4.2
44.7716 0.709343 2.95
184.635 0.943147 -9.32
291.026 1.52945 -3.63
48.5278 9.2009 -4.72
51.8322 8.71982 2.89
41.3333 0.242411 -4.2
45.1216 0.684983 2.99
290.498 1.61158 -3.73
290.246 1.64092 -3.75
48.8778 9.17654 -4.77
41.522 0.104769 -4.21
45.3135 0.558631 2.95
289.992 1.65898 -3.74
289.705 1.67789 -3.72
49.2302 9.27722 -4.83
52.5804 8.84422 2.83
289.459 1.72605 -3.78
188.974 1.1476 -9.18
188.706 1.11674 -9.24
49.6478 9.26245 -4.76
52.9305 8.81986 2.77
188.409 1.09801 -9.27
42.299 0.0995187 -4.33
188.138 1.05961 -9.28
187.865 1.00993 -9.25
50.0258 9.22219 -4.88
187.602 0.99788 -9.31
42.8446 0.195122 -4.37
46.6214 0.596296 2.82
187.327 0.94067 -9.26
287.44 1.58196 -4.08
287.175 1.56238 -3.98
50.4496 9.23001 -4.96
286.924 1.59173 -3.99
50.8889 9.17677 -4.98
286.642 1.62569 -4.02
51.2992 9.13566 -5.02
54.8316 8.89122 2.72
286.355 1.6446 -4.01
48.0375 0.67282 2.8
286.106 1.68147 -4.08
285.568 1.72972 -4.09
51.6523 9.1226 -5.09
51.9 9.31322 -4.97
44.4764 0.114341 -4.52
192.16 1.17383 -9.18
191.884 1.11662 -9.15
52.0647 9.08902 -5.05
52.2636 9.33778 -5.12
44.9897 0.210791 -4.6
48.8351 0.625326 2.71
191.556 1.1025 -9.2
191.284 1.05658 -9.17
52.5707 9.15912 -5.12
190.986 1.03409 -9.23
45.3429 0.197721 -4.66
49.1831 0.59344 2.66
190.712 0.984405 -9.18
190.447 0.964829 -9.23
53.0893 9.27439 -5.13
190.175 0.918909 -9.22
283.983 1.51357 -4.31
45.8801 0.263217 -4.64
49.7046 0.602484 2.72
283.732 1.54292 -4.33
283.45 1.58064 -4.36
53.4474 9.16262 -5.17
56.9683 8.87678 2.54
283.201 1.61752 -4.41
282.909 1.61761 -4.36
46.2228 0.212513 -4.69
50.0868 0.577278 2.67
282.63 1.66285 -4.43
282.351 1.7081 -4.49
53.9202 9.22981 -5.17
46.5914 0.138383 -4.78
282.086 1.68853 -4.39
195.598 1.17448 -9.08
54.3899 9.28571 -5.24
195.328 1.13608 -9.08
195.03 1.11359 -9.1
47.1516 0.286674 -4.73
50.9428 0.623024 2.56
194.76 1.0752 -9.1
194.473 1.0941 -9.26
54.7158 9.17479 -5.3
194.186 0.995495 -9.08
193.888 0.973001 -9.12
47.5909 0.233432 -4.79
193.613 0.915791 -9.07
279.698 1.50105 -4.62
55.3653 9.2942 -5.2
58.6739 8.82818 2.44
279.408 1.50867 -4.6
279.132 1.56521 -4.7
47.9763 0.219517 -4.87
51.8144 0.607708 2.47
278.84 1.56529 -4.65
278.564 1.62183 -4.74
55.7174 9.27737 -5.32
59.0271 8.81511 2.31
278.304 1.62107 -4.69
48.4281 0.211436 -4.88
199.563 1.20299 -9.02
199.263 1.17296 -9.02
56.1203 9.20992 -5.36
198.97 1.16929 -9.12
198.692 1.10079 -9.02
48.8645 0.264416 -4.86
198.425 1.07369 -9.03
198.16 1.05411 -9.06
56.4423 9.20146 -5.48
197.865 1.04291 -9.12
274.672 1.50799 -5.06
49.2009 0.191132 -4.95
53.0639 0.552134 2.47
274.424 1.54863 -5.15
274.161 1.53658 -5.09
56.9015 9.21972 -5.49
273.905 1.54711 -5.08
49.4646 0.0894322 -5
49.6873 0.307245 -4.95
273.615 1.55473 -5.06
273.336 1.59997 -5.15
57.2974 9.24344 -5.52
60.8764 8.93333 2.34
272.759 1.62649 -5.14
272.485 1.69056 -5.27
50.0748 0.300856 -5.04
205.129 1.27283 -8.8
204.567 1.23453 -8.84
57.7919 9.27215 -5.48
204.272 1.22332 -8.88
203.999 1.17364 -8.86
50.4413 0.219199 -5.06
203.706 1.16996 -8.92
203.406 1.13994 -8.92
58.1335 9.21768 -5.56
202.837 1.07906 -8.95
202.542 1.06786 -8.97
50.8599 0.208201 -5.11
202.272 1.02946 -8.94
268.877 1.42901 -5.42
268.601 1.48555 -5.53
268.341 1.48479 -5.5
51.3733 0.30465 -5.16
55.1915 0.621336 2.27
268.054 1.5037 -5.51
267.772 1.53765 -5.58
58.9707 9.19568 -5.65
62.5435 8.86299 2.2
267.483 1.54903 -5.59
267.22 1.53698 -5.55
266.936 1.56341 -5.58
59.4975 9.22355 -5.53
62.8642 8.73325 2.21
266.657 1.61242 -5.67
266.143 1.62972 -5.66
52.0867 0.187343 -5.25
210.508 1.25283 -8.62
210.245 1.24078 -8.69
209.943 1.20323 -8.64
59.8423 9.18037 -5.69
60.0681 9.40947 -5.65
63.3985 8.90497 2.12
209.647 1.18826 -8.68
209.352 1.17706 -8.7
209.082 1.13867 -8.69
52.6718 0.308444 -5.16
56.4567 0.622213 2.16
208.795 1.15757 -8.78
208.522 1.10789 -8.71
60.2328 9.18527 -5.73
208.257 1.08831 -8.74
207.962 1.07711 -8.78
52.9501 0.259432 -5.33
263.431 1.32567 -5.96
262.286 1.40505 -6.05
60.6941 9.21106 -5.69
262.021 1.38548 -5.98
261.763 1.39224 -6
53.3655 0.237144 -5.28
261.222 1.42921 -6.04
260.938 1.45564 -6.1
61.1857 9.34599 -5.79
260.646 1.45573 -6.09
260.391 1.47378 -6.14
260.104 1.49269 -6.15
61.4274 9.16526 -5.81
259.842 1.48064 -6.11
259.588 1.50246 -6.14
54.1362 0.209313 -5.36
57.9929 0.547734 2.08
259.325 1.49041 -6.11
258.759 1.55456 -6.23
61.9054 9.25126 -5.83
219.064 1.34269 -8.34
218.799 1.32311 -8.36
54.5706 0.254766 -5.35
58.4605 0.596104 2.06
218.506 1.31944 -8.41
218.206 1.28942 -8.36
62.3636 9.26576 -5.82
217.946 1.28866 -8.4
54.9371 0.173109 -5.42
59.0123 0.714288 2.07
217.681 1.26908 -8.41
62.8395 9.34424 -5.85
217.416 1.24951 -8.39
217.121 1.2383 -8.42
55.4483 0.262031 -5.52
216.854 1.2112 -8.42
63.2851 9.31358 -5.94
216.556 1.18871 -8.42
55.9481 0.309556 -5.54
59.8318 0.628314 1.95
216.274 1.22643 -8.57
216.001 1.17675 -8.51
63.689 9.24989 -5.94
215.709 1.17683 -8.55
215.466 1.11878 -8.45
56.4374 0.319446 -5.55
215.171 1.10757 -8.47
214.884 1.12648 -8.58
251.232 1.31259 -6.73
64.2574 9.31078 -5.94
250.718 1.32989 -6.78
250.456 1.3216 -6.76
250.163 1.31793 -6.75
249.6 1.39337 -6.95
64.5584 9.22705 -6.06
68.1623 8.88975 1.87
248.786 1.38065 -6.92
57.1809 0.193766 -5.66
248.524 1.37236 -6.9
248.239 1.39879 -6.97
65.1051 9.32642 -6.07
68.6705 8.96738 1.91
247.98 1.39804 -6.95
247.706 1.34835 -6.84
57.6453 0.230847 -5.6
61.6758 0.727711 1.88
247.395 1.39445 -6.96
247.137 1.40121 -7
65.4323 9.33678 -6.18
69.0579 8.96099 1.82
246.845 1.4013 -6.99
246.586 1.40054 -6.98
246.326 1.39978 -7
246.074 1.42913 -7.09
65.7229 9.21541 -6.17
65.9737 9.41733 -6.05
245.774 1.39911 -7
245.515 1.39835 -7.02
58.4176 0.441804 -5.85
245.222 1.39468 -7.01
244.935 1.41358 -7.07
66.103 9.18268 -6.03
244.65 1.44001 -7.14
244.391 1.43925 -7.15
58.7705 0.311222 -5.75
244.124 1.41215 -7.1
66.4635 9.19596 -6.19
66.7111 9.38658 -6.05
243.841 1.44611 -7.19
243.576 1.42653 -7.14
59.1839 0.281407 -5.74
243.293 1.45673 -7.25
242.994 1.43423 -7.18
66.9769 9.2924 -6.21
242.735 1.43348 -7.22
242.445 1.44109 -7.22
63.5984 0.64308 1.77
242.183 1.4328 -7.23
241.931 1.45839 -7.33
241.666 1.43881 -7.3
67.4494 9.24208 -6.22
71.0761 8.87006 1.82
241.369 1.42008 -7.23
241.087 1.45781 -7.33
60.0886 0.269009 -5.82
240.816 1.41565 -7.26
240.524 1.41574 -7.28
67.868 9.23108 -6.28
239.978 1.43388 -7.33
60.5041 0.24672 -5.9
64.6602 0.72891 1.82
239.715 1.42183 -7.35
239.458 1.43236 -7.37
68.3188 9.21924 -6.36
68.5644 9.40233 -6.21
239.171 1.4475 -7.43
238.586 1.44392 -7.45
60.9549 0.234876 -5.92
238.319 1.41681 -7.4
238.056 1.40476 -7.41
237.51 1.42291 -7.49
61.4651 0.320035 -5.85
237.243 1.39581 -7.42
236.963 1.44105 -7.58
69.1613 9.21606 -6.37
236.698 1.42148 -7.55
236.403 1.41028 -7.53
65.8299 0.736089 1.66
236.105 1.38778 -7.5
235.851 1.40584 -7.57
69.6383 9.2983 -6.37
235.559 1.40593 -7.59
62.1141 0.20442 -6
66.2454 0.7138 1.59
235.302 1.41646 -7.64
70.187 9.40519 -6.33
235.036 1.39312 -7.61
234.771 1.37354 -7.6
62.6388 0.224755 -5.97
66.6994 0.713246 1.55
234.483 1.38492 -7.63
234.195 1.40006 -7.71
70.5462 9.29719 -6.45
74.1364 8.91096 1.61
233.895 1.37004 -7.65
233.638 1.38057 -7.71
63.2581 0.352537 -6.04
233.373 1.361 -7.68
233.113 1.36024 -7.72
71.0729 9.32505 -6.47
232.559 1.34828 -7.74
232.266 1.3446 -7.74
63.633 0.300987 -6.09
67.6968 0.800769 1.42
231.984 1.38232 -7.88
71.6059 9.3755 -6.46
75.2045 9.01937 1.48
231.679 1.33349 -7.78
231.419 1.33273 -7.83
64.0069 0.245674 -6.11
68.0706 0.745456 1.43
231.129 1.34034 -7.86
230.864 1.32076 -7.83
71.8913 9.23532 -6.48
72.1161 9.46066 -6.47
230.599 1.30119 -7.81
230.342 1.30796 -7.87
64.4059 0.280683 -6.09
230.05 1.30804 -7.91
229.76 1.31566 -7.96
72.3028 9.31549 -6.57
229.2 1.28488 -7.93
228.935 1.2653 -7.94
64.7017 0.178137 -6.18
228.679 1.27583 -7.99
228.386 1.27216 -8
228.124 1.26387 -8.03
227.823 1.23009 -7.96
65.2339 0.342328 -6.18
227.531 1.23018 -8.01
227.266 1.2106 -8.01
73.0361 9.26968 -6.62
226.714 1.20993 -8.06
226.451 1.19788 -8.09
65.5245 0.220965 -6.24
69.6537 0.722818 1.44
226.186 1.1783 -8.06
225.042 1.14394 -8.14
73.4288 9.28211 -6.71
40.4149 9.18659 -3.93
39.2941 9.23878 -3.87
65.9151 0.225867 -6.31
70.0464 0.735247 1.32
38.5805 9.23858 -3.85
37.9747 9.15972 -3.83
73.9722 9.37019 -6.58
36.9464 9.19432 -3.72
36.2691 9.20832 -3.58
35.8911 9.24858 -3.64
66.4473 0.390058 -6.33
34.9044 9.31621 -3.46
34.0667 9.10318 -3.39
74.3908 9.35919 -6.65
77.9811 8.97296 1.32
38.5274 0.183448 -3.86
36.9433 8.71674 3.91
66.8492 0.318845 -6.28
38.2261 0.149664 -3.91
33.3336 9.26649 -3.38
74.6835 9.24535 -6.75
78.334 8.84238 1.37
37.8347 0.258511 -3.85
67.1502 0.235116 -6.35
71.269 0.699335 1.28
37.4577 0.302534 -3.81
32.6147 9.24747 -3.3
75.1938 9.33051 -6.66
37.092 0.270443 -3.75
32.2679 9.28312 -3.21
67.6042 0.234563 -6.35
71.7166 0.676201 1.31
36.343 0.259793 -3.73
31.5987 9.20972 -3.2
36.0427 0.229773 -3.64
75.5718 9.29025 -6.8
35.7008 0.166728 -3.69
30.6411 9.2652 -3.09
72.181 0.713281 1.24
35.0175 0.275663 -3.57
34.8031 0.0879577 -3.48
34.4303 0.147034 -3.51
76.1964 9.43685 -6.7
29.7725 9.1743 -2.97
29.145 9.13392 -2.89
72.6245 0.675093 1.23
28.7753 9.20429 -2.87
33.0892 0.106452 -3.46
35.8138 0.573179 3.83
28.3816 9.1881 -2.92
73.0753 0.663249 1.21
32.0121 0.199195 -3.28
34.7232 0.616996 3.91
76.9679 9.29527 -6.82
80.5915 8.91196 1.25
27.4145 9.20971 -2.81
69.3692 0.282964 -6.56
30.5134 8.80607 4.41
31.632 0.231927 -3.34
77.3397 9.23243 -6.77
34.3816 0.671464 3.94
27.0645 9.23407 -2.82
69.8763 0.356833 -6.53
26.7964 9.20321 -2.71
29.9223 8.7799 4.54
30.6639 0.249781 -3.22
70.2438 0.278939 -6.56
26.144 9.19002 -2.68
30.3086 0.255323 -3.18
78.3633 9.41404 -6.89
25.7992 9.2332 -2.63
28.8866 8.78815 4.52
25.4356 9.20863 -2.69
82.3429 8.91144 1.21
29.6395 0.181921 -3.23
25.212 9.10457 -2.57
71.2185 0.401178 -6.58
29.3858 0.0862307 -3.08
79.1183 9.32976 -6.97
82.7366 8.92763 1.13
24.5649 9.1102 -2.47
23.4931 9.22176 -2.45
71.5392 0.271443 -6.67
27.6834 0.146123 -2.87
23.2881 9.06792 -2.31
79.5743 9.33673 -7
22.6627 9.03507 -2.32
22.3211 9.08954 -2.24
72.063 0.405526 -6.68
24.9736 8.8303 4.92
25.983 0.213542 -2.72
21.643 9.21729 -2.22
72.4806 0.390765 -6.7
25.4375 0.117938 -2.6
25.0814 0.23723 -2.62
80.4241 9.3599 -7.03
84.0508 8.98788 0.970001
27.7716 0.579763 4.46
24.7314 0.26159 -2.7
27.4838 0.594904 4.52
20.5998 9.08169 -2.06
84.5173 9.03248 1
20.2571 9.13239 -2.12
19.9207 9.20568 -2.12
73.2649 0.411858 -6.8
26.5904 0.531187 4.42
19.7461 9.16098 -1.98
23.6685 0.171996 -2.52
81.2011 9.35465 -7.13
23.3787 0.17961 -2.46
19.1921 9.03527 -2.01
73.6241 0.303857 -6.74
77.7365 0.745495 0.940002
22.3928 0.133485 -2.35
18.0653 9.18239 -1.85
81.6603 9.37291 -7.1
85.3346 8.93898 1.05
21.9493 0.171673 -2.43
74.15 0.445467 -6.78
17.7515 9.10345 -1.84
21.6719 0.106936 -2.27
82.1184 9.38741 -7.06
20.4318 8.7108 5.32
20.0569 8.76235 5.26
82.5174 9.42242 -7.17
20.6893 0.189613 -2.18
23.3389 0.502885 4.85
74.8043 0.348669 -6.95
19.5571 8.71483 5.33
22.7697 0.555748 4.89
82.8049 9.28977 -7.21
16.021 9.17924 -1.63
75.1302 0.237751 -6.9
79.3112 0.692751 0.830002
19.8676 0.150549 -2.09
15.7268 9.05429 -1.58
83.2693 9.32685 -7.16
86.9198 8.92387 0.950001
19.4935 0.0883497 -2.16
15.3747 9.07112 -1.6
75.7496 0.365533 -6.89
79.8756 0.856096 0.740002
21.7341 0.564003 4.93
15.032 9.12183 -1.55
87.486 8.97723 0.959999
17.6447 8.71958 5.47
18.195 0.0845557 -1.97
76.1651 0.343244 -6.93
80.371 0.771054 0.850002
17.8979 0.0658258 -1.94
17.5968 0.149554 -1.82
84.3458 9.46537 -7.26
87.9879 9.03228 0.950001
13.5869 9.05744 -1.41
76.7656 0.403285 -6.97
80.9008 0.810206 0.73
19.9369 0.516447 5.21
84.7725 9.36696 -7.36
77.2528 0.405648 -7.09
17.0276 0.202417 -1.81
85.422 9.48637 -7.37
19.3706 0.463088 5.15
19.0643 0.527999 5.25
12.4143 9.15648 -1.27
77.6306 0.247877 -7.03
15.8286 0.0898628 -1.69
15.2582 0.0214495 -1.67
85.7697 9.33697 -7.37
11.253 9.17941 -1.15
17.1957 0.573304 5.35
13.6629 8.63086 5.85
86.2582 9.46061 -7.38
89.8982 9.02 0.760002
16.9276 0.542438 5.39
16.7124 0.468482 5.41
82.5907 0.705153 0.709999
10.2451 9.05426 -1.02
13.0366 8.71176 5.83
16.3833 0.568111 5.52
8.5717 9.10201 -0.919998
87.0071 9.47126 -7.36
11.4277 8.75782 6.02
10.8758 8.63964 6.05
79.1307 0.276702 -7.13
83.2981 0.682777 0.690002
11.2321 0.123437 -1.27
10.9692 0.111388 -1.2
87.2572 9.32064 -7.42
7.1787 9.10828 -0.739998
10.7685 -0.0273924 -1.14
79.6055 0.351417 -7.1
13.2243 0.522217 5.72
80.1354 0.390569 -7.09
10.1195 0.0882229 -1.08
6.38914 9.06837 -0.610001
87.9978 9.30118 -7.65
91.9478 9.04197 0.709999
9.18383 8.73716 6.23
6.11897 9.02998 -0.559998
80.4582 0.26836 -7.18
5.75769 9.13045 -0.66
8.62072 8.69509 6.27
88.669 9.38211 -7.47
5.53099 9.0151 -0.610001
81.0237 0.435468 -7.23
8.96128 0.122443 -0.93
5.19981 9.1072 -0.529999
8.02541 8.65387 6.26
10.5576 0.497503 6
89.4761 9.36848 -7.55
3.78169 9.02315 -0.399998
6.56382 8.64678 6.35
81.7423 0.336978 -7.25
7.14339 0.117131 -0.799999
89.9021 9.38383 -7.56
6.29285 8.72214 6.46
6.56378 0.132359 -0.759998
82.1413 0.371987 -7.32
5.99045 0.170168 -0.619999
90.3063 9.43766 -7.64
94.0741 8.9899 0.709999
5.12707 0.0980783 -0.52
7.60251 0.60168 6.35
82.5952 0.371433 -7.37
86.7959 0.780426 0.510002
4.29693 0.0289062 -0.48
90.627 9.30792 -7.67
6.79201 0.486501 6.34
2.95264 -0.0229664 -0.27
83.0159 0.367962 -7.38
87.2113 0.758138 0.470001
1.9772 -0.031457 -0.209999
1.65334 0.0869885 -0.139999
4.14319 0.525766 6.67
91.1589 9.3546 -7.63
3.6539 0.515876 6.58
0.446218 0.0618393 -0.0499992
83.4751 0.386225 -7.41
2.93292 0.489327 6.74
-0.0920182 -0.00742 0
91.7265 9.52923 -7.69
95.4288 9.07941 0.580002
1.71663 0.547819 6.85
83.978 0.44504 -7.38
1.0611 0.523341 6.82
0.81581 0.457758 6.88
92.1336 9.47684 -7.69
95.8037 9.02786 0.490002
-0.196016 0.43506 7.04
3.97311 8.66177 6.82
84.2977 0.311541 -7.38
88.4276 0.699646 0.41
5.19988 8.64091 6.59
92.5854 9.46876 -7.63
6.14207 8.64649 6.57
6.5358 8.66268 6.45
6.86095 8.66551 6.39
92.9355 9.4444 -7.73
3.47852 9.09935 -0.349998
4.13171 8.99879 -0.389999
85.0082 0.300456 -7.53
89.2473 0.731183 0.34
8.14503 8.73413 6.29
8.53039 8.72021 6.2
93.3313 9.46812 -7.76
5.06577 9.09177 -0.470001
5.39092 9.0946 -0.599998
85.4809 0.367644 -7.51
5.79069 9.01586 -0.529999
-0.504417 0.492445 7.02
93.7187 9.46173 -7.8
97.4719 8.96128 0.630001
6.37996 9.15201 -0.599998
85.7904 0.314023 -7.59
-0.130568 0.437131 7
6.83391 9.15146 -0.630001
86.3828 0.461468 -7.57
7.28995 9.15843 -0.700001
94.4602 9.32852 -7.8
0.798262 0.511292 6.94
7.59103 9.0747 -0.809998
91.0126 0.897097 0.200001
1.16189 0.535857 6.75
11.6188 8.74522 6.02
95.0068 9.42789 -7.72
7.90048 9.02108 -0.790001
8.30468 9.07491 -0.91
91.3466 0.698773 0.240002
1.80984 0.416478 6.86
8.79526 9.20607 -0.959999
95.389 9.40268 -7.88
9.06622 9.13072 -0.989998
9.60237 9.19245 -0.970001
87.624 0.375786 -7.59
91.8194 0.765961 0.240002
10.0283 9.2078 -1.08
10.5799 9.20847 -1.05
95.8835 9.43139 -7.83
14.6707 8.75602 5.81
11.0202 9.15899 -1.1
88.0258 0.304573 -7.67
4.25629 0.465931 6.57
-0.00563809 0.06992 0.0900002
96.4186 9.48936 -7.86
11.5095 9.16888 -1.18
4.78092 0.486265 6.55
88.4976 0.367997 -7.73
0.367164 0.0108433 0.0400009
96.9215 9.54817 -7.86
11.8813 9.10604 -1.25
88.8704 0.30892 -7.83
5.31811 0.551761 6.53
16.2177 8.83668 5.65
97.3213 9.46943 -7.89
101.052 9.00371 0.420002
12.5339 9.23674 -1.29
5.70138 0.530319 6.41
89.5335 0.477254 -7.75
93.7559 0.847767 0.16
1.37714 0.143527 -0.119999
12.7559 9.10202 -1.36
97.7825 9.49522 -7.95
13.1714 9.07973 -1.37
6.58126 0.545111 6.42
89.8948 0.37678 -7.79
94.1224 0.76611 0.100002
13.6743 9.13854 -1.44
102.007 9.0582 0.330002
14.3269 9.26924 -1.34
13.9505 9.082 -1.54
90.3592 0.41386 -7.82
94.5515 0.792746 0.0699997
7.24806 0.493474 6.27
98.6135 9.45065 -8.01
2.88325 0.0774208 -0.169998
14.4044 9.08145 -1.45
90.6134 0.27829 -7.86
90.8092 0.515765 -7.83
94.991 0.857016 0.0400009
3.26257 0.158437 -0.34
18.5141 8.69674 5.37
14.8814 9.16369 -1.57
98.9146 9.36692 -8.03
3.57411 0.112343 -0.369999
19.1492 8.88097 5.25
91.1977 0.51314 -7.81
8.38764 0.509025 6.18
3.98459 0.188749 -0.470001
99.3436 9.39356 -8.04
15.6116 9.1066 -1.67
4.39378 0.14388 -0.439999
91.4467 0.358752 -7.89
16.2838 9.19129 -1.66
99.7779 9.43901 -8.07
4.80716 0.114065 -0.470001
91.9601 0.455202 -7.87
96.145 0.807743 0.0299988
20.7998 8.86793 5.3
16.7491 9.11462 -1.75
100.234 9.44598 -8.05
5.23913 0.0344794 -0.529999
21.2213 8.75071 5.19
92.4629 0.514017 -7.94
17.5378 9.26828 -1.81
17.2132 9.03419 -1.81
92.9687 0.46661 -7.88
6.02579 0.180612 -0.48
21.7407 8.75223 5.13
17.7795 9.08755 -1.85
101.09 9.37422 -8.16
6.1719 0.00618176 -0.68
93.379 0.425504 -7.92
97.5608 0.766755 0.0100021
18.5101 9.26548 -1.84
18.6646 9.12116 -1.98
11.8003 0.650609 5.77
105.519 9.08727 0.290001
19.3089 9.22175 -1.97
12.2428 0.608658 5.85
93.8923 0.521953 -7.9
98.1147 0.892466 0
19.823 9.20445 -1.99
12.6967 0.608104 5.8
8.01805 0.113106 -0.829998
94.1986 0.457042 -8.03
98.4053 0.771103 -0.0299988
24.2277 8.83094 4.88
102.469 9.43653 -8.18
20.2634 9.15497 -2.09
8.69032 0.197798 -0.77
94.4529 0.321471 -8.07
98.8886 0.875925 -0.0499992
20.9346 9.2359 -2.12
8.9071 0.0442566 -0.93
102.885 9.41424 -8.14
21.4207 9.2345 -2.22
9.40372 0.0804911 -1.09
95.0264 0.401175 -8.03
99.252 0.782978 -0.139999
21.9454 9.25484 -2.21
9.89301 0.0903815 -1.04
103.445 9.56254 -8.22
107.194 9.04704 0.209999
26.2606 8.7927 4.84
95.5 0.354614 -8.03
99.736 0.774051 -0.149998
22.3608 9.23255 -2.22
22.0124 9.02941 -2.25
103.912 9.49339 -8.24
15.0361 0.62246 5.55
10.1776 0.0639503 -1.1
95.9883 0.360741 -8.08
100.217 0.753834 -0.18
22.6506 9.22494 -2.32
15.383 0.58681 5.56
104.339 9.39499 -8.22
10.7035 0.205561 -1.17
23.1046 9.22438 -2.34
11.0046 0.121832 -1.18
96.4016 0.330926 -8.13
104.893 9.5207 -8.32
108.643 9.00897 0.139999
27.5538 8.77768 4.74
96.9307 0.483826 -8.1
101.184 0.84973 -0.130001
23.596 9.2418 -2.41
105.35 9.53144 -8.22
16.1786 0.531789 5.49
97.3545 0.491645 -8.1
105.569 9.38542 -8.27
11.3004 0.0192863 -1.22
24.0311 9.1735 -2.52
97.5548 0.395401 -8.15
101.777 0.765914 -0.23
16.592 0.501974 5.36
105.91 9.4447 -8.34
11.9394 0.101061 -1.29
28.6759 8.84676 4.47
98.035 0.488933 -8.09
102.222 0.849001 -0.239998
24.7408 9.27617 -2.53
17.231 0.583749 5.32
106.386 9.52318 -8.28
12.6274 0.242205 -1.31
98.357 0.480473 -8.21
102.6 0.808742 -0.25
25.2955 9.28813 -2.58
13.046 0.231207 -1.39
25.6351 9.22614 -2.59
106.648 9.41772 -8.39
110.556 9.12173 -0.00999832
18.0504 0.497774 5.31
13.4262 0.198474 -1.43
98.7703 0.450658 -8.24
26.0859 9.21429 -2.6
111.067 9.09314 0.139999
18.6708 0.62932 5.32
13.8115 0.184559 -1.42
99.2596 0.460548 -8.24
26.4171 9.12219 -2.63
111.553 9.09174 0.0800018
14.2977 0.183159 -1.42
31.1875 8.78077 4.47
99.7675 0.420668 -8.23
27.182 9.3068 -2.74
108.11 9.42481 -8.45
108.356 9.60791 -8.28
19.5756 0.616922 5.2
14.604 0.118248 -1.6
100.252 0.411741 -8.27
27.8074 9.33965 -2.78
27.4943 9.14696 -2.88
20.0128 0.556153 5.09
100.79 0.481001 -8.34
105.035 0.816796 -0.309998
15.0849 0.0980307 -1.69
32.5538 8.91168 4.36
109.162 9.47677 -8.48
28.3101 9.28096 -2.85
101.284 0.509708 -8.29
20.5644 0.556825 5.08
109.706 9.56485 -8.44
15.6886 0.169361 -1.77
101.683 0.544717 -8.35
105.934 0.89933 -0.329998
28.819 9.24484 -2.96
21.1472 0.552887 5.07
16.1944 0.121954 -1.79
33.4947 8.79597 4.22
29.2562 9.18407 -3.02
110.522 9.58509 -8.46
21.7613 0.661852 5.02
34.0494 8.80794 4.2
102.495 0.546148 -8.36
106.704 0.871499 -0.43
29.8547 9.23658 -3.04
22.2454 0.652925 4.94
110.859 9.51181 -8.5
17.1219 0.0748397 -1.84
30.3387 9.22766 -3.07
102.757 0.440685 -8.46
17.5832 0.10063 -1.87
111.16 9.42808 -8.57
35.1008 8.85613 4.13
30.8822 9.31573 -3.16
111.654 9.45679 -8.51
18.0392 0.107603 -1.85
31.3932 9.28714 -3.06
31.05 9.10282 -3.1
103.691 0.533663 -8.47
23.3899 0.569781 4.81
18.5413 0.280167 -2.08
112.043 9.45416 -8.62
116.002 9.11132 -0.130001
31.661 9.2005 -3.21
23.9936 0.641112 4.83
104.017 0.422744 -8.48
32.1419 9.18028 -3.25
112.504 9.47995 -8.57
116.474 9.17474 -0.130001
24.2541 0.528122 4.76
104.559 0.503294 -8.44
108.767 0.824882 -0.509998
19.3971 0.2084 -2.07
112.95 9.44929 -8.52
32.7299 9.19516 -3.31
25.0054 0.66381 4.71
104.838 0.340533 -8.5
19.9081 0.17981 -2.05
37.8412 8.91302 3.98
113.335 9.43538 -8.64
33.2441 9.17786 -3.31
105.499 0.50134 -8.47
25.3034 0.568791 4.61
20.4328 0.200145 -2.14
114.037 9.62545 -8.63
26.0078 0.652638 4.59
20.8836 0.188301 -2.23
34.5355 9.27282 -3.39
105.938 0.56561 -8.56
21.2834 0.109561 -2.26
35.1641 9.31696 -3.49
114.493 9.63242 -8.65
27.2474 0.794453 4.51
106.457 0.563365 -8.45
26.9074 0.621422 4.39
114.868 9.58087 -8.67
21.7289 0.0788998 -2.32
22.5365 0.300301 -2.39
22.2536 0.0992345 -2.43
115.229 9.48039 -8.69
36.1725 9.21086 -3.53
28.1509 0.660779 4.4
107.204 0.452738 -8.61
23.0507 0.283002 -2.44
115.683 9.47984 -8.7
22.7625 0.0631178 -2.42
36.7689 9.25585 -3.67
107.627 0.456794 -8.65
112.106 0.934287 -0.52
28.7784 0.701157 4.41
23.5533 0.224304 -2.45
116.208 9.50018 -8.66
120.106 9.17407 -0.299999
37.4951 9.30121 -3.7
108.269 0.549859 -8.54
29.3632 0.704746 4.35
38.0498 9.31317 -3.71
116.718 9.58533 -8.76
120.734 9.21445 -0.139999
29.7434 0.672013 4.21
24.7013 0.269963 -2.52
108.646 0.505836 -8.63
24.3602 0.0931686 -2.61
38.4902 9.2637 -3.8
30.2929 0.665158 4.23
117.112 9.48778 -8.75
25.1573 0.276936 -2.62
109.097 0.493992 -8.63
39.1677 9.36721 -3.83
38.8567 9.18204 -3.85
117.723 9.58545 -8.66
121.677 9.22379 -0.130001
25.4917 0.196124 -2.65
39.6839 9.35743 -3.83
109.534 0.550736 -8.7
113.88 0.899047 -0.599998
39.4062 9.17518 -3.83
121.945 9.13714 -0.279999
31.184 0.603835 4.2
25.8281 0.12284 -2.71
109.857 0.428527 -8.64
40.012 9.25404 -3.98
31.7877 0.675166 4.12
118.457 9.53965 -8.73
26.309 0.102623 -2.72
40.7444 9.32199 -3.98
110.307 0.530431 -8.71
32.3372 0.668311 4.08
26.9022 0.13632 -2.79
27.6826 0.259872 -2.84
118.728 9.46429 -8.81
27.3478 0.105658 -2.99
33.7305 0.779552 3.97
110.819 0.619354 -8.61
28.2923 0.236271 -2.85
34.0946 0.572856 3.98
111.016 0.511819 -8.79
28.7191 0.137868 -2.98
29.2769 0.16112 -3.07
119.509 9.4741 -8.86
123.498 9.12288 -0.34
29.7652 0.167247 -3.15
30.8092 0.189099 -3.2
111.515 0.559344 -8.75
36.9984 0.750557 3.71
31.5304 0.333161 -3.21
120.049 9.55088 -8.82
123.995 9.15911 -0.279999
31.2173 0.140467 -3.26
37.4615 0.666362 3.68
111.833 0.418318 -8.79
116.323 0.933446 -0.709999
32.0414 0.304571 -3.33
32.3538 0.144727 -3.31
38.6854 0.751726 3.62
112.415 0.528129 -8.76
32.9844 0.196395 -3.35
33.4051 0.192924 -3.45
33.8892 0.183997 -3.53
112.95 0.586098 -8.74
117.244 0.981263 -0.779999
34.9115 0.24433 -3.61
35.3487 0.183561 -3.64
121.44 9.53709 -8.83
125.498 9.19923 -0.16
36.6048 0.268079 -3.76
37.2914 0.287947 -3.79
117.695 0.969419 -0.75
37.9666 0.266418 -3.8
121.859 9.52609 -8.83
125.886 9.1966 -0.220001
38.4588 0.170086 -3.88
113.617 0.534461 -8.86
118.129 1.01487 -0.689999
40.04 0.257434 -3.96
122.371 9.73629 -8.97
39.9882 0.304288 -4.05
39.374 0.195322 -3.9
114.063 0.621312 -8.87
118.432 0.93867 -0.77
42.2642 9.30481 -4.08
38.9224 0.320915 -3.94
41.5235 9.32426 -4.19
114.456 0.519992 -8.86
41.1214 9.27796 -4.08
0.664296 0.0295733 -0.0299988
123.028 9.53327 -8.93
2.1832 0.12614 -0.0999985
114.94 0.511065 -8.89
2.35338 0.0382689 -0.23
123.667 9.61504 -8.86
-0.412001 0.474853 7.12
2.48822 -0.0600469 -0.220001
2.82094 0.0866397 -0.329998
115.377 0.450296 -8.96
119.906 0.87341 -0.689999
0.085661 0.514851 7.05
3.60422 0.10397 -0.34
0.877316 0.562288 6.99
124.211 9.70312 -9
4.30426 0.0552502 -0.329998
1.63234 0.478006 6.84
116.008 0.619476 -8.97
3.6644 9.06793 -0.34
124.681 9.64527 -8.91
3.89608 9.08459 -0.259998
116.424 0.597188 -8.97
4.02803 9.0925 -0.279999
4.36967 9.03803 -0.439999
125.127 9.6146 -8.94
4.48173 8.97443 -0.399998
116.839 0.574899 -8.95
4.83409 9.07511 -0.459999
4.94011 9.10644 -0.48
125.395 9.52796 -8.92
5.18017 9.15321 -0.48
117.202 0.595701 -9.01
121.598 0.889632 -0.790001
6.37034 0.0199229 -0.689999
125.949 9.65367 -8.89
6.71223 0.082968 -0.700001
122.037 0.953903 -0.849998
6.19803 9.08097 -0.649998
7.47772 0.0363198 -0.739998
126.334 9.63975 -8.98
4.76861 0.558617 6.58
3.9294 8.62122 6.66
118.112 0.60212 -9.05
6.66454 9.12558 -0.630001
7.95232 8.97423 -0.779999
126.779 9.60909 -8.99
9.23668 0.179653 -0.970001
6.6331 0.498258 6.36
118.515 0.534671 -8.96
8.84267 9.02666 -0.899998
127.301 9.73565 -9.04
8.97984 9.05338 -0.849998
118.862 0.49902 -9.05
123.404 0.971058 -0.82
9.69035 9.04229 -1.01
10.5352 0.183447 -1.07
127.696 9.63809 -8.98
10.0749 9.14213 -1.01
119.23 0.542402 -9.13
123.756 0.954225 -0.849998
10.2097 9.04381 -1.04
11.6091 0.079414 -1.2
127.977 9.60037 -9.11
11.53 9.00912 -1.19
119.725 0.57111 -9.08
12.035 9.07547 -1.24
12.7704 0.0564846 -1.35
128.507 9.63952 -8.95
132.306 9.06964 -0.369999
14.2849 0.0204857 -1.59
13.9453 9.06319 -1.42
14.0649 9.14344 -1.44
120.222 0.607344 -9.03
11.5292 8.65659 6
14.4118 9.10779 -1.56
125.057 0.965546 -0.939999
14.954 9.07459 -1.52
15.4943 0.170674 -1.65
129.346 9.62505 -9.12
12.9324 0.522304 5.73
15.1639 9.12973 -1.53
121.192 0.71453 -9.25
13.2274 0.533507 5.73
15.5184 9.23794 -1.63
121.641 0.577647 -9.17
15.6228 9.03048 -1.61
15.7404 9.10322 -1.58
130.504 9.70458 -9.07
15.9315 9.09061 -1.66
16.0956 9.09767 -1.67
130.895 9.59574 -9.08
16.5973 0.0545049 -1.83
122.592 0.499579 -9.13
127.131 0.960326 -0.880001
16.2598 9.10473 -1.66
17.2789 9.15378 -1.84
17.7609 0.156615 -1.87
123.19 0.665841 -9.19
17.5695 9.03241 -1.73
131.842 9.61636 -9.18
123.567 0.621818 -9.21
18.1182 9.13931 -1.83
132.412 9.68478 -9.07
15.6409 8.74569 5.78
123.92 0.608749 -9.26
15.7541 8.68585 5.71
19.3149 0.146114 -2.06
20.0367 9.03962 -2.09
20.2739 0.211902 -2.12
20.1895 9.1228 -2.21
20.3621 0.179256 -2.17
137.21 9.32746 -0.579998
20.2655 9.1625 -2.09
17.8908 8.67142 5.41
124.647 0.540366 -9.21
18.491 0.565808 5.33
18.707 0.526015 5.26
133.445 9.55148 -9.09
21.4299 9.15086 -2.2
21.6616 9.16752 -2.31
19.1984 0.543432 5.22
133.888 9.62704 -9.05
22.4273 9.23838 -2.21
19.857 0.5792 5.21
125.549 0.63419 -9.18
130.025 1.10039 -1.09
23.6445 0.0854368 -2.6
134.371 9.73186 -9.19
23.6489 0.218003 -2.49
23.9905 9.14424 -2.39
125.964 0.611902 -9.23
24.2698 9.09899 -2.48
24.1992 0.0973987 -2.47
134.694 9.60966 -9.22
22.6991 0.534859 4.87
25.7607 9.21146 -2.59
126.38 0.589613 -9.21
25.9165 9.18841 -2.66
26.1875 9.11306 -2.62
135.18 9.60826 -9.18
23.552 0.569314 4.84
126.77 0.594515 -9.26
23.6609 0.494425 4.72
26.631 9.07487 -2.65
135.533 9.59519 -9.22
27.1194 9.19851 -2.77
24.3062 0.598781 4.84
127.101 0.502413 -9.26
27.2378 0.176784 -2.78
24.7125 0.660134 4.73
136 9.63979 -9.21
28.2486 9.17643 -2.92
28.3606 9.11283 -2.87
28.4148 0.210306 -2.92
136.592 9.78724 -9.2
29.1711 9.22801 -2.92
29.3028 9.1184 -2.96
26.4513 0.614449 4.65
136.973 9.64076 -9.18
141.012 9.23516 -0.52
29.2581 0.0933781 -3.07
31.0741 9.18938 -3.12
133.04 0.979471 -1.11
27.8972 0.565089 4.48
31.7317 9.22139 -3.2
137.549 9.72799 -9.18
141.517 9.3015 -0.59
31.2828 0.142538 -3.18
32.3174 9.11123 -3.25
29.6147 8.72353 4.49
129.042 0.48176 -9.27
129.267 0.7071 -9.23
31.9404 0.174543 -3.3
29.2934 0.570108 4.45
137.949 9.64925 -9.27
32.9367 9.23901 -3.35
32.97 9.24193 -3.26
129.601 0.626288 -9.41
33.2619 9.24184 -3.36
34.3287 9.22897 -3.47
138.525 9.74024 -9.28
34.6423 9.19041 -3.46
129.962 0.525814 -9.3
31.4634 0.558587 4.17
34.2528 0.208562 -3.53
138.722 9.63271 -9.52
32.9805 8.81327 4.32
37.3409 9.09676 -3.67
130.456 0.66827 -9.37
38.491 9.14995 -3.75
38.8258 9.30416 -3.77
139.331 9.72285 -9.3
38.8431 9.13311 -3.77
40.1552 9.18583 -3.89
130.852 0.691989 -9.38
36.0125 0.704432 3.83
38.2742 0.322782 -3.85
139.752 9.71938 -9.25
143.796 9.3326 -0.59
35.3591 0.687481 3.74
37.9831 0.20912 -3.79
131.066 0.530921 -9.37
35.1243 0.659532 3.83
37.6475 0.168656 -3.79
139.982 9.61477 -9.32
34.718 0.598179 3.93
37.1469 0.23488 -3.76
131.566 0.578445 -9.36
136.136 1.03082 -1.13
40.3486 9.29827 -3.98
40.2936 9.33383 -3.95
140.395 9.58119 -9.31
36.644 0.176065 -3.68
131.966 0.499706 -9.4
40.2528 9.18706 -3.97
36.3223 8.81646 4
140.925 9.62034 -9.3
39.5423 9.19814 -3.86
32.9386 0.614602 3.98
132.542 0.586936 -9.38
137.057 0.961125 -1.12
35.4413 0.283482 -3.63
39.0698 9.24847 -3.87
141.514 9.75649 -9.39
39.0501 9.29447 -3.8
34.8534 0.268602 -3.54
132.996 0.586382 -9.36
137.602 1.05673 -1.08
34.7481 0.123521 -3.55
34.5562 0.249872 -3.53
34.5531 0.238582 -3.51
133.435 0.650653 -9.46
138.026 1.06455 -1.14
38.0145 9.30273 -3.74
37.921 9.31656 -3.79
142.496 9.78757 -9.26
37.8503 9.29567 -3.69
133.856 0.647181 -9.48
34.2 8.76607 4.2
142.797 9.70384 -9.36
146.879 9.22128 -0.559998
32.7797 0.160073 -3.39
32.5533 0.162232 -3.32
36.7749 9.16091 -3.63
36.0086 9.32131 -3.58
143.304 9.77771 -9.37
35.9107 9.20257 -3.52
35.7309 9.13906 -3.53
134.795 0.758977 -9.46
28.132 0.593038 4.48
143.643 9.71571 -9.28
31.093 0.276417 -3.26
135.145 0.734617 -9.48
28.0093 0.50149 4.45
30.8424 0.192017 -3.14
144.069 9.73106 -9.32
148.068 9.2962 -0.709999
27.4132 0.574015 4.5
30.3532 0.182126 -3.16
135.517 0.671777 -9.42
34.7515 9.23303 -3.5
34.601 9.27489 -3.52
144.365 9.62851 -9.33
34.5033 9.27367 -3.62
29.5906 0.122552 -3.03
135.846 0.572148 -9.44
140.415 1.02452 -1.24
26.2435 0.566837 4.6
29.0254 0.0729562 -3.1
144.792 9.64762 -9.39
28.8884 0.163745 -3
28.8499 0.142011 -3
141.024 1.11467 -1.18
33.4127 9.31749 -3.29
28.6444 0.219438 -3.04
25.4322 0.565407 4.67
28.3193 0.216607 -2.96
145.363 9.71603 -9.38
28.1635 0.239655 -2.95
28.0109 0.273992 -2.96
136.968 0.758746 -9.42
141.352 1.01128 -1.2
27.3907 0.259959 -2.8
145.837 9.79075 -9.5
149.931 9.34959 -0.709999
26.8878 0.201144 -2.82
23.5271 0.596504 4.82
26.4025 0.0887947 -2.72
26.142 0.201785 -2.76
146.273 9.72245 -9.39
31.1636 9.27801 -3.14
30.9589 9.24169 -3.16
137.712 0.633065 -9.59
25.3034 0.102505 -2.53
25.2236 0.165258 -2.63
146.787 9.70515 -9.35
25.1605 0.288226 -2.58
138.291 0.617837 -9.53
30.1309 9.18005 -3.05
30.0863 9.25324 -3.02
147.259 9.65483 -9.42
24.884 0.227252 -2.58
139.02 0.788243 -9.5
29.8555 9.12284 -2.97
29.7507 9.21278 -2.98
147.866 9.73745 -9.41
21.4985 0.649803 5.05
21.193 0.600965 5.03
23.8078 0.206246 -2.45
20.7068 0.602365 5.03
148.398 9.78413 -9.45
28.3297 9.23495 -2.82
19.9277 0.600089 5.21
139.728 0.652118 -9.64
24.7388 8.80235 4.98
148.838 9.73465 -9.38
28.1792 9.27681 -2.92
22.5125 0.213742 -2.26
140.234 0.722223 -9.53
24.4385 8.77233 4.98
22.3025 0.158603 -2.33
27.4912 9.13567 -2.75
140.472 0.64395 -9.6
27.4341 9.1637 -2.82
21.8132 0.148713 -2.22
27.1608 9.11402 -2.68
140.808 0.570666 -9.48
145.413 1.03349 -1.27
26.7642 9.20405 -2.74
21.1537 0.226694 -2.13
26.6686 9.21035 -2.66
150.357 9.83122 -9.49
21.187 0.229611 -2.31
20.9281 0.115104 -2.32
141.56 0.592605 -9.55
26.4503 9.12511 -2.72
20.7069 0.136079 -2.26
20.6571 0.190459 -2.26
17.4169 0.552329 5.27
142.087 0.620467 -9.55
151.045 9.61983 -9.48
25.4898 9.28682 -2.55
19.5859 0.070758 -2.08
25.2173 9.12338 -2.62
142.748 0.663762 -9.48
25.0502 9.22255 -2.56
151.831 9.76596 -9.44
16.2223 0.572341 5.53
143.235 0.666125 -9.6
15.9626 0.571582 5.58
18.8694 0.176775 -2.05
21.0904 8.74657 5.21
18.6293 0.130009 -1.94
143.827 0.696058 -9.54
18.457 0.210354 -1.93
17.9903 0.048234 -1.87
152.736 9.63605 -9.46
14.9872 0.563091 5.54
17.712 0.0972458 -1.79
144.207 0.663326 -9.57
148.865 1.08306 -1.17
23.7601 9.24886 -2.54
144.527 0.647339 -9.7
23.2227 9.06585 -2.3
23.2219 9.1796 -2.31
157.922 9.38986 -0.639999
16.8591 0.0627906 -1.76
16.591 0.0319243 -1.74
149.751 1.23794 -1.3
16.4685 0.0578889 -1.78
154.222 9.84721 -9.44
16.4106 0.199674 -1.79
145.502 0.769578 -9.65
150.192 1.18846 -1.22
13.2243 0.522217 5.73
154.479 9.72293 -9.48
18.5796 8.69881 5.53
22.2464 9.17111 -2.28
145.9 0.683312 -9.59
150.447 1.05665 -1.35
18.5403 8.79082 5.5
22.1614 9.21504 -2.35
155.14 9.88374 -9.42
15.5367 0.08995 -1.62
18.1602 8.82356 5.45
146.292 0.69574 -9.6
21.5888 9.1391 -2.26
12.3986 0.585611 5.84
155.517 9.83971 -9.44
159.603 9.36844 -0.66
21.3778 9.0802 -2.28
15.0443 0.0687692 -1.59
14.0636 0.0414615 -1.47
10.8912 0.530441 5.92
155.729 9.66735 -9.49
13.8717 0.167813 -1.41
13.6429 0.0449327 -1.44
147.201 0.815908 -9.7
151.807 1.16498 -1.26
13.6068 0.148237 -1.49
19.8885 9.20652 -2.04
156.2 9.73078 -9.47
13.4458 0.152467 -1.39
147.653 0.807828 -9.6
152.302 1.19369 -1.19
13.3366 0.109844 -1.42
10.2731 0.523935 6.01
156.663 9.76033 -9.45
13.2484 0.14249 -1.35
16.0242 8.72425 5.54
19.5225 9.05692 -2.01
157.152 9.77022 -9.48
19.4759 9.12259 -2
148.552 0.772849 -9.65
19.29 9.15401 -2.01
11.9643 0.0738714 -1.26
11.8523 0.13747 -1.26
157.692 9.84701 -9.47
18.2272 9.06442 -1.83
11.7318 0.170962 -1.3
153.655 1.16192 -1.25
11.3849 0.206612 -1.25
17.7795 9.08755 -1.87
158.048 9.72772 -9.48
10.8821 0.147797 -1.16
149.449 0.734107 -9.69
10.614 0.116931 -1.18
16.9289 9.17813 -1.76
149.976 0.761969 -9.7
16.743 9.20955 -1.7
9.86604 0.110045 -1.03
159.226 9.87875 -9.48
9.76735 0.105056 -0.959999
16.0302 9.0956 -1.6
150.544 0.822855 -9.62
9.26759 0.0575311 -0.989998
159.499 9.69717 -9.53
163.829 9.40524 -0.669998
6.16869 0.461177 6.36
9.11472 -0.0256438 -0.970001
15.8472 9.0208 -1.71
5.96711 0.436146 6.46
15.7194 9.02795 -1.67
151.293 0.715992 -9.68
15.5493 9.11582 -1.59
8.62776 0.089505 -0.959999
160.561 9.90052 -9.6
15.3634 9.14724 -1.57
156.402 1.12388 -1.29
8.49293 0.187821 -0.989998
11.2664 8.64454 6
161.108 9.88237 -9.42
8.02199 0.0106474 -0.91
11.04 8.6467 6.05
156.825 1.1317 -1.35
7.78636 0.0964474 -0.82
161.529 9.8789 -9.47
14.4586 9.15964 -1.56
14.2042 9.17769 -1.48
7.05621 0.15354 -0.799999
152.588 0.708496 -9.68
6.81092 0.0879568 -0.700001
161.738 9.69901 -9.48
9.82575 8.71272 6.17
6.27188 0.132446 -0.649998
162.21 9.76244 -9.48
13.1798 9.10983 -1.38
153.426 0.6865 -9.69
158.047 1.09202 -1.4
162.623 9.73262 -9.51
5.84281 0.10581 -0.579998
2.49258 0.538805 6.75
154.015 0.822655 -9.73
2.23682 0.435588 6.72
2.12895 0.51424 6.79
163.308 9.86248 -9.43
11.9936 9.15995 -1.23
4.71764 0.0254349 -0.489998
11.7347 9.04545 -1.17
163.702 9.76492 -9.5
4.56396 0.056009 -0.450001
155.029 0.85288 -9.76
7.81779 8.72377 6.44
1.27395 0.472258 6.9
164.354 9.89186 -9.42
1.01425 0.471499 6.82
155.431 0.781667 -9.71
160.254 1.32973 -1.33
7.40522 8.63984 6.41
11.2394 9.13049 -1.24
3.69454 0.0788512 -0.34
155.925 0.810375 -9.7
160.582 1.22634 -1.4
3.25524 0.132093 -0.299999
6.81145 8.8374 6.46
165.148 9.82931 -9.53
169.265 9.35719 -0.709999
10.4739 9.17714 -1.04
-0.14393 0.505719 7.02
156.164 0.618353 -9.73
6.36957 8.64809 6.47
165.536 9.70917 -9.43
10.0456 9.03675 -0.989998
-0.403628 0.50496 7.09
156.8 0.80635 -9.7
9.95762 9.18691 -0.98
9.6406 9.09667 -0.959999
165.96 9.71699 -9.45
1.84759 0.0856759 -0.209999
8.93847 9.13787 -0.919998
162.016 1.25309 -1.33
1.22427 0.0603523 -0.0900002
8.49498 9.17605 -0.91
166.484 9.73732 -9.47
0.768224 0.0533793 0.0400009
157.777 0.822367 -9.69
8.12483 9.0114 -0.790001
4.29826 8.6646 6.66
167.014 9.77648 -9.44
7.94499 8.94788 -0.84
0.486791 0.0911008 0.0900002
158.224 0.795469 -9.7
162.829 1.14078 -1.38
7.71983 9.07132 -0.739998
0.104326 -0.00120576 0.0499992
167.563 9.88337 -9.47
7.6316 9.10396 -0.77
7.36224 8.95182 -0.739998
158.549 0.680787 -9.72
158.805 0.901517 -9.68
3.2647 8.68038 6.82
167.963 9.80463 -9.49
6.98735 9.00337 -0.689999
159.062 0.777236 -9.81
163.731 1.12085 -1.4
6.91377 9.08871 -0.720001
5.73571 9.05142 -0.579998
168.459 9.84087 -9.47
4.44559 9.07773 -0.419998
159.435 0.71816 -9.75
4.24924 9.07152 -0.399998
3.48979 9.02324 -0.329998
168.964 9.90721 -9.45
305.567 1.56442 -2.3
305.305 1.66988 -2.27
160.092 0.863913 -9.63
304.768 1.60815 -2.33
315.445 10.6078 -1.05
169.293 9.80758 -9.43
303.314 1.74491 -2.56
314.896 10.6147 -1.15
160.475 0.842471 -9.76
165.146 1.19361 -1.31
302.743 1.67274 -2.58
169.828 9.86555 -9.44
160.85 0.790921 -9.77
165.717 1.26203 -1.26
314.477 10.7432 -1.2
314.226 10.5413 -1.23
302.123 1.6587 -2.69
170.239 9.82444 -9.46
313.84 10.6689 -1.28
313.393 10.6921 -1.25
161.396 0.886524 -9.77
166.059 1.21132 -1.37
301.08 1.64061 -2.81
312.854 10.7366 -1.31
170.772 9.87488 -9.44
300.601 1.66836 -2.74
312.081 10.6394 -1.49
166.591 1.258 -1.34
299.983 1.66185 -2.89
311.521 10.6086 -1.48
171.271 9.92241 -9.47
298.831 1.60114 -2.97
162.246 0.79594 -9.76
167.119 1.28963 -1.26
310.643 10.7188 -1.59
171.682 9.8813 -9.47
298.15 1.48634 -3.16
162.822 0.883171 -9.68
167.507 1.28324 -1.28
310.266 10.7629 -1.66
309.977 10.5392 -1.63
172.055 9.82599 -9.49
297.842 1.54372 -3.11
297.47 1.60656 -3.11
162.985 0.768955 -9.79
167.668 1.16526 -1.42
309.053 10.6014 -1.91
172.485 9.85263 -9.38
163.372 0.762567 -9.81
168.242 1.24496 -1.25
296.975 1.57786 -3.26
172.887 9.89893 -9.45
308.788 10.6955 -1.85
301.594 1.97209 4.76
308.132 10.5536 -1.85
173.116 9.79055 -9.47
301.262 2.06419 4.76
295.999 1.5656 -3.39
307.814 10.6946 -1.94
307.531 10.4935 -1.97
173.761 9.8949 -9.38
295.489 1.48044 -3.29
307.402 10.7282 -2.01
164.782 0.816511 -9.79
295.349 1.67746 -3.27
174.188 9.7965 -9.42
306.714 10.587 -2
165.252 0.758659 -9.88
165.528 0.933382 -9.69
170.191 1.25442 -1.27
294.764 1.67387 -3.39
310.587 10.4019 5.71
174.729 9.75954 -9.45
179.081 9.42912 -0.559998
306.385 10.6866 -1.99
170.705 1.23712 -1.34
294.119 1.56951 -3.47
175.419 9.90821 -9.48
305.752 10.6275 -2.07
293.761 1.68128 -3.42
166.436 0.814762 -9.69
305.017 10.5482 -2.22
293.053 1.58614 -3.67
175.735 9.75965 -9.54
175.986 9.96157 -9.42
304.874 10.7339 -2.12
171.484 1.12188 -1.39
304.539 10.5797 -2.33
297.79 2.05686 4.46
176.359 9.90625 -9.42
180.53 9.39105 -0.57
304.036 10.5209 -2.22
292.067 1.54001 -3.6
171.902 1.11088 -1.26
303.035 10.6534 -2.35
176.66 9.82252 -9.43
302.358 10.6674 -2.45
302.077 10.4738 -2.54
167.75 0.875007 -9.68
172.59 1.36578 -1.24
290.304 1.61665 -3.92
301.721 10.5931 -2.51
177.244 9.93986 -9.37
289.622 1.49432 -3.91
301.275 10.6238 -2.55
172.901 1.31968 -1.31
294.357 1.96129 4.18
289.287 1.57514 -3.93
177.401 9.80307 -9.55
177.712 9.98823 -9.36
181.814 9.45967 -0.59
300.969 10.6887 -2.53
293.98 2.00531 4.13
288.708 1.47662 -4
178.117 9.92831 -9.36
304.595 10.1992 5.31
300.311 10.5392 -2.68
169.059 0.916436 -9.72
300.018 10.653 -2.74
299.303 10.5315 -2.81
178.565 9.90518 -9.3
287.427 1.53304 -4.2
174.325 1.3088 -1.21
298.814 10.5216 -2.79
286.783 1.43244 -4.2
178.904 9.84318 -9.44
298.359 10.6359 -2.88
169.764 0.769021 -9.78
291.616 2.01814 3.96
179.254 9.81882 -9.45
183.667 9.47542 -0.5
286.307 1.47148 -4.22
297.813 10.6541 -2.86
285.76 1.48962 -4.23
179.831 9.7923 -9.33
297.149 10.5995 -3.01
170.855 0.842715 -9.71
175.563 1.21183 -1.34
290.376 1.99008 3.78
285.339 1.60684 -4.28
180.487 9.93429 -9.31
171.265 0.80161 -9.77
296.578 10.5311 -3.05
289.993 2.01152 3.87
284.893 1.6375 -4.34
171.846 0.907657 -9.73
284.609 1.43267 -4.43
296.018 10.5003 -3.17
181.355 9.90769 -9.36
289.412 1.90547 3.79
284.387 1.5674 -4.33
295.758 10.6133 -3.09
283.97 1.58216 -4.34
181.901 10.0071 -9.36
295.146 10.5119 -3.15
283.246 1.43057 -4.48
172.693 0.923295 -9.75
177.411 1.20877 -1.21
182.175 9.82548 -9.32
287.991 1.92764 3.72
282.789 1.41984 -4.45
173.256 0.961601 -9.71
177.897 1.20737 -1.22
294.146 10.5306 -3.23
293.624 10.5215 -3.28
182.838 9.99381 -9.31
293.113 10.5501 -3.38
281.382 1.49093 -4.54
173.627 0.898761 -9.7
178.351 1.20681 -1.2
285.957 1.96212 3.44
280.89 1.58726 -4.73
183.257 9.98281 -9.32
291.894 10.4836 -3.5
174.071 0.860573 -9.7
178.774 1.21087 -1.35
280.217 1.50257 -4.76
291.593 10.5673 -3.36
183.694 9.92204 -9.35
279.742 1.5416 -4.84
279.136 1.46275 -4.84
174.641 0.928986 -9.72
290.53 10.5914 -3.53
175.066 0.823057 -9.75
278.775 1.56322 -4.87
289.975 10.5795 -3.71
184.681 9.85442 -9.34
189.037 9.53905 -0.540001
283.307 1.88011 3.27
278.142 1.38651 -4.88
185.255 9.93412 -9.28
293.85 10.1668 4.45
176.098 0.91726 -9.65
289.041 10.4865 -3.79
277.567 1.53431 -4.89
185.616 9.83365 -9.26
282.023 1.81149 3.24
277.01 1.51482 -5
288.047 10.4103 -3.73
186.211 9.99238 -9.23
276.492 1.52083 -5.06
176.796 0.861014 -9.71
275.871 1.38552 -5.08
186.602 9.99729 -9.18
280.598 1.93612 3.11
275.362 1.42164 -5.2
177.203 0.808618 -9.63
290.809 10.0799 4.24
186.865 9.89182 -9.29
191.154 9.57062 -0.59
286.516 10.5036 -4.03
177.563 0.821892 -9.74
274.955 1.47403 -5.2
187.297 9.92975 -9.29
286.07 10.5342 -4
274.476 1.50178 -5.23
178.083 0.82341 -9.68
285.622 10.5574 -4.08
187.685 9.80961 -9.21
187.911 10.0387 -9.22
274.015 1.47599 -5.23
289.467 10.1531 4.15
178.612 0.862562 -9.65
285.163 10.5391 -4.12
188.234 9.9165 -9.34
273.526 1.4661 -5.3
289.106 10.2535 4.12
288.817 10.0299 4.11
188.802 9.97739 -9.21
272.987 1.39684 -5.33
283.929 10.4161 -4.22
179.455 0.859383 -9.67
272.476 1.42543 -5.38
189.056 9.84182 -9.28
283.605 10.5345 -4.19
179.9 0.828722 -9.67
271.957 1.42391 -5.39
189.551 9.87053 -9.27
287.311 10.096 3.99
180.279 0.792226 -9.7
180.527 0.982848 -9.58
185.26 1.32101 -1.17
282.972 10.4753 -4.3
190.171 10.0021 -9.23
180.799 0.793743 -9.62
185.712 1.31669 -1.16
271.497 1.51939 -5.5
282.46 10.5002 -4.34
190.57 9.91957 -9.22
194.914 9.56281 -0.32
276.116 1.91739 2.81
270.883 1.41043 -5.53
181.242 0.755555 -9.56
186.242 1.35584 -1.09
286.387 10.1582 4
191.059 9.92946 -9.16
281.819 10.4109 -4.4
181.808 0.805151 -9.6
186.762 1.35736 -1.12
275.657 1.89913 2.81
270.391 1.39301 -5.55
195.907 9.51777 -0.329998
285.906 10.1784 3.82
269.968 1.38519 -5.54
187.3 1.42662 -1.12
281.056 10.465 -4.43
274.673 1.86053 2.68
192.228 10.0504 -9.09
269.446 1.37615 -5.64
280.45 10.3862 -4.48
182.682 0.801126 -9.61
187.536 1.22707 -1.1
274.118 1.84857 2.53
269.117 1.47578 -5.65
284.373 10.1466 3.67
192.529 9.96666 -9.2
196.8 9.57772 -0.43
280.053 10.4762 -4.53
183.315 0.977833 -9.49
268.579 1.40652 -5.6
273.291 1.90443 2.66
267.989 1.38411 -5.76
192.869 9.90467 -9.16
197.24 9.52824 -0.27
278.976 10.4514 -4.61
267.467 1.37507 -5.82
183.576 0.864843 -9.6
278.379 10.4027 -4.63
197.745 9.59458 -0.279999
267.067 1.45381 -5.75
277.954 10.5086 -4.63
184.04 0.901923 -9.62
188.926 1.32702 -1.09
271.689 1.97684 2.42
184.7 1.05897 -9.6
189.421 1.35573 -1.13
266.513 1.44185 -5.81
281.663 10.0814 3.52
198.631 9.51444 -0.23
277.392 10.4703 -4.73
189.867 1.32507 -1.06
265.956 1.42236 -5.9
194.902 9.98393 -8.96
276.861 10.4274 -4.76
270.572 1.80906 2.36
265.51 1.45302 -5.93
195.203 9.9002 -9.16
276.394 10.4965 -4.91
185.928 0.92436 -9.55
265.065 1.48368 -6.01
275.889 10.4302 -4.85
195.634 9.93437 -9.17
200.011 9.57676 -0.32
264.562 1.42486 -5.98
186.434 0.994465 -9.55
264.135 1.52327 -6.14
275.132 10.507 -4.79
196.284 10.0538 -9.05
263.583 1.40508 -6.1
186.726 0.880629 -9.61
191.611 1.2982 -1.08
274.544 10.4921 -5.01
196.583 9.96252 -9.15
200.9 9.50791 -0.130001
263.1 1.41777 -6.15
273.817 10.3292 -5.12
187.27 0.968706 -9.59
262.636 1.38069 -6.13
273.456 10.4297 -5.13
197.207 10.1091 -9.05
267.23 1.80588 2.11
262.029 1.29807 -6.17
272.919 10.3642 -5.08
197.572 10.0199 -9.01
266.738 1.7847 2.1
261.136 1.35187 -6.22
188.147 0.972208 -9.49
265.79 1.76031 2.13
260.763 1.41094 -6.21
197.927 10.0144 -9.12
202.29 9.60786 -0.169998
271.461 10.3721 -5.17
188.481 0.891396 -9.47
265.308 1.77676 2.09
260.238 1.39061 -6.31
198.334 9.962 -9.02
264.98 1.88015 2.04
188.893 0.857818 -9.53
189.144 1.05973 -9.44
270.524 10.3854 -5.26
198.774 9.91252 -8.97
264.331 1.76074 1.95
189.462 0.918704 -9.56
259.361 1.50086 -6.43
259.108 1.29142 -6.45
274.42 10.048 3.1
270.119 10.4453 -5.22
189.899 0.857935 -9.61
194.925 1.32105 -0.93
258.812 1.39396 -6.33
273.721 9.98297 2.96
199.889 9.95526 -8.92
269.42 10.3803 -5.41
263.259 1.75479 1.87
190.617 0.990706 -9.51
195.501 1.40828 -1.01
258.257 1.382 -6.41
262.964 1.8611 1.88
200.365 9.91623 -8.98
200.618 10.1257 -8.97
268.641 10.4955 -5.43
257.187 1.26606 -6.54
191.055 0.933701 -9.46
196.031 1.44743 -1.01
268.157 10.5044 -5.45
267.901 10.2837 -5.45
200.856 9.93364 -9.02
205.231 9.56851 -0.16
261.906 1.79032 1.78
256.826 1.36654 -6.52
191.671 1.05019 -9.46
196.39 1.33943 -1
267.559 10.4519 -5.45
256.382 1.40473 -6.46
201.488 9.98907 -8.9
266.914 10.3513 -5.48
260.832 1.77684 1.72
192.014 0.999489 -9.44
255.82 1.36642 -6.53
202.042 10.1148 -8.86
206.139 9.5674 -0.18
266.284 10.2997 -5.62
255.186 1.30346 -6.62
192.435 0.996018 -9.4
197.139 1.23256 -0.889999
265.83 10.3002 -5.68
269.9 10.0075 2.74
202.315 10.047 -8.93
206.682 9.65548 -0.119999
254.581 1.45963 -6.66
192.869 1.04147 -9.43
197.652 1.32901 -0.939999
254.326 1.24266 -6.67
269.483 10.0223 2.74
202.76 10.0163 -8.88
207.146 9.69256 -0.0699997
265.11 10.395 -5.69
253.962 1.33185 -6.69
264.635 10.434 -5.77
253.491 1.3897 -6.77
203.133 9.95722 -8.93
207.508 9.59208 -0.0999985
264.118 10.4438 -5.72
252.719 1.17874 -6.8
193.816 1.06586 -9.46
252.178 1.2157 -6.9
194.287 1.00801 -9.37
262.856 10.3367 -5.91
257.02 1.83151 1.53
204.239 10.0836 -8.85
251.844 1.29651 -6.8
194.719 1.04594 -9.42
256.401 1.70373 1.37
204.663 10.0914 -8.92
209.024 9.67736 -0.0400009
251.396 1.31965 -6.99
266.618 10.1013 2.6
195.105 0.918273 -9.41
200.002 1.381 -0.970001
205.202 10.0469 -8.78
262.039 10.3164 -5.93
251.013 1.34109 -6.93
195.822 1.04728 -9.32
250.63 1.3663 -6.95
261.197 10.4371 -5.95
205.718 10.0372 -8.78
250.071 1.33552 -6.98
196.178 0.927989 -9.29
201.152 1.43419 -0.880001
260.378 10.2918 -6.14
249.501 1.38838 -7.1
206.324 10.116 -8.75
248.808 1.22842 -7
259.345 10.3076 -6.1
196.518 0.865995 -9.32
201.448 1.33164 -0.829998
253.46 1.74308 1.27
206.668 10.0728 -8.79
248.425 1.36737 -7.11
258.825 10.3061 -6.19
197.003 0.978344 -9.36
201.997 1.43854 -0.84
247.797 1.20948 -7.11
258.552 10.3739 -6.13
247.341 1.20251 -7.19
197.351 0.946457 -9.35
202.276 1.39329 -0.880001
262.304 9.8697 2.28
207.358 9.98648 -8.81
257.981 10.3017 -6.24
252.151 1.70165 1.3
197.769 0.931695 -9.34
202.639 1.30034 -0.809998
257.693 10.4344 -6.24
257.44 10.2249 -6.28
246.433 1.20362 -7.32
257.112 10.3283 -6.24
198.315 1.03106 -9.35
251.297 1.78095 1.27
246.095 1.26938 -7.22
256.588 10.308 -6.31
198.742 0.932659 -9.38
256.144 10.3462 -6.31
209.07 10.1955 -8.72
245.246 1.36749 -7.26
255.533 10.2485 -6.36
199.471 1.10306 -9.24
249.686 1.70197 1.01
244.745 1.31244 -7.29
209.453 10.0565 -8.67
255.213 10.3783 -6.41
199.748 0.932777 -9.3
204.815 1.42515 -0.709999
254.243 10.2748 -6.39
243.34 1.27731 -7.35
210.032 10.1551 -8.66
253.778 10.3515 -6.48
200.367 1.06056 -9.23
247.912 1.73721 0.970001
242.905 1.3456 -7.43
210.269 9.95551 -8.7
253.095 10.2292 -6.57
200.698 0.968458 -9.25
242.345 1.31483 -7.47
210.888 10.0833 -8.59
257.103 9.94569 2.02
252.813 10.3806 -6.52
252.565 10.19 -6.56
241.807 1.24557 -7.45
252.125 10.2395 -6.65
211.268 10.0506 -8.69
246.447 1.71883 0.880001
241.37 1.30633 -7.56
256.204 9.97691 1.99
211.863 10.0918 -8.6
216.23 9.69654 0.18
251.834 10.3609 -6.54
240.788 1.19652 -7.57
202.321 1.08883 -9.1
251.357 10.3924 -6.55
240.429 1.30829 -7.51
250.755 10.3286 -6.68
202.546 0.965396 -9.28
244.945 1.68248 0.830002
239.907 1.29548 -7.57
212.795 10.0597 -8.51
250.296 10.4278 -6.84
244.463 1.69893 0.810001
202.959 0.931818 -9.19
203.19 1.17974 -9.24
249.791 10.3615 -6.67
249.485 10.1951 -6.83
238.662 1.13485 -7.72
249.114 10.258 -6.8
203.633 1.14155 -9.11
208.327 1.34046 -0.639999
238.282 1.16758 -7.66
213.689 10.1234 -8.5
248.67 10.2962 -6.82
242.952 1.74622 0.66
203.896 1.03609 -9.22
237.934 1.31698 -7.7
214.218 10.1626 -8.45
252.553 9.9136 1.71
204.415 1.0376 -9.16
209.37 1.47606 -0.610001
248.258 10.3297 -6.84
242.452 1.6987 0.66
214.525 10.0977 -8.57
218.892 9.70619 0.200001
237.507 1.29787 -7.65
241.993 1.68043 0.670002
236.917 1.27546 -7.79
251.649 9.926 1.69
247.282 10.3212 -6.92
205.507 1.11506 -9.07
236.344 1.19576 -7.89
246.698 10.2039 -6.94
215.64 10.1404 -8.46
241.077 1.6552 0.650002
205.711 0.916359 -9.09
210.671 1.37363 -0.649998
246.201 10.1639 -6.95
240.527 1.54077 0.639999
216.093 10.1399 -8.4
235.53 1.1868 -7.86
206.278 1.08723 -9.07
245.758 10.2059 -7.09
240.203 1.65922 0.600002
235.171 1.2948 -7.89
245.306 10.2139 -7.11
206.612 1.00642 -9.05
211.611 1.48543 -0.52
239.703 1.6117 0.540001
234.705 1.2502 -7.88
216.913 10.1714 -8.38
249.413 9.93545 1.57
245.049 10.3382 -7.04
206.979 0.924762 -9.01
211.986 1.43388 -0.540001
239.208 1.58299 0.560001
234.199 1.18009 -7.89
217.244 10.0793 -8.42
233.593 1.10123 -7.95
248.435 9.91567 1.64
207.566 1.05339 -9.06
212.477 1.4513 -0.559998
244.082 10.3598 -7.02
217.856 10.1807 -8.39
233.188 1.16116 -7.92
243.408 10.2676 -7.12
207.899 0.968815 -9.08
212.958 1.43108 -0.489998
237.643 1.55209 0.440002
232.666 1.15211 -7.92
218.215 10.069 -8.38
237.194 1.57146 0.490002
208.602 1.04514 -8.97
213.592 1.49404 -0.459999
232.119 1.16649 -8.03
218.729 10.0517 -8.35
242.276 10.1647 -7.16
246.358 9.91336 1.36
209.037 0.976839 -9
214.162 1.56245 -0.489998
236.328 1.60559 0.48
219.454 10.2108 -8.4
223.767 9.74112 0.450001
231.33 1.2441 -8.04
209.607 1.04525 -8.97
214.567 1.50253 -0.529999
241.642 10.333 -7.17
241.314 10.2051 -7.43
219.876 10.0936 -8.32
230.761 1.18321 -8.14
210.093 1.04385 -8.9
215.095 1.53415 -0.489998
240.921 10.1889 -7.36
230.299 1.15366 -8.12
220.321 10.0629 -8.2
224.694 9.69024 0.540001
240.434 10.1903 -7.31
234.866 1.5985 0.310001
210.67 1.13485 -8.82
229.853 1.18432 -8.13
243.765 9.80331 1.25
220.745 10.0707 -8.27
239.469 10.2194 -7.26
211.066 1.15857 -8.9
233.893 1.59754 0.350002
221.218 10.1379 -8.31
225.655 9.76356 0.540001
243.358 9.85571 1.27
239.027 10.2614 -7.36
211.435 1.0882 -8.85
233.368 1.57721 0.25
228.386 1.15841 -8.16
221.707 10.1478 -8.19
238.54 10.259 -7.49
232.867 1.52215 0.25
211.78 1.04502 -8.93
227.821 1.10881 -8.27
238.136 10.2052 -7.51
222.079 10.085 -8.19
232.596 1.59751 0.220001
227.697 1.24476 -8.17
212.305 1.06536 -8.85
217.33 1.5247 -0.380001
232.158 1.54077 0.260002
227.157 1.16798 -8.25
222.575 10.1212 -8.23
241.699 9.83864 1.2
212.781 1.02632 -8.83
217.724 1.42338 -0.34
237.327 10.2151 -7.46
223.142 10.1746 -8.19
213.201 1.02285 -8.82
226.733 1.16016 -8.25
236.829 10.2888 -7.53
223.465 10.0523 -8.18
231.193 1.56991 0.220001
226.197 1.21594 -8.33
213.801 1.19664 -8.85
236.291 10.3371 -7.65
225.544 1.08524 -8.31
223.885 10.0489 -8.14
235.644 10.2252 -7.61
213.961 0.957386 -8.85
225.123 1.20246 -8.36
224.54 10.1871 -8.05
239.628 9.85515 1.24
235.065 10.1267 -7.58
214.556 1.11236 -8.82
219.533 1.51234 -0.32
224.637 1.20386 -8.37
225.007 10.2355 -8.1
234.749 10.2752 -7.55
229.166 1.62697 0.0699997
215.146 1.13476 -8.67
219.904 1.4495 -0.360001
224.186 1.2157 -8.37
234.261 10.2691 -7.61
223.593 1.06826 -8.36
225.284 10.0652 -8.09
225.567 10.2663 -8
233.682 10.1706 -7.61
237.529 9.77381 0.940002
215.571 1.02883 -8.77
233.188 10.1419 -7.68
227.726 1.5814 -0.079998
226.139 10.2209 -7.97
222.707 1.1484 -8.48
232.763 10.2478 -7.74
216.054 1.01614 -8.77
227.286 1.51713 0.139999
232.19 10.1681 -7.76
226.603 10.258 -8.09
221.722 1.10227 -8.46
216.603 1.00929 -8.66
231.902 10.3007 -7.71
227.114 10.2294 -8.03
231.624 10.1185 -7.82
217.032 1.03593 -8.74
217.31 1.21817 -8.61
221.301 1.10574 -8.44
231.228 10.2085 -7.82
227.552 10.1724 -7.96
231.885 9.77424 0.690002
220.838 1.18994 -8.5
217.557 1.05626 -8.63
234.988 9.73442 0.920002
230.678 10.2154 -7.92
227.959 10.12 -7.96
225.331 1.60261 -0.0599976
220.156 1.07137 -8.64
217.951 1.07245 -8.65
230.094 10.098 -7.86
224.766 1.55301 -0.0999985
228.434 10.1947 -7.93
219.82 1.14466 -8.55
229.233 10.151 -7.95
218.545 1.22742 -8.57
218.757 1.05507 -8.66
228.733 10.1035 -7.96
2 0 1
2 0 3061
2 0 3062
2 0 3063
2 0 4111
2 0 4113
2 0 4115
2 0 5729
2 0 5796
2 1 3059
2 1 3061
2 1 3899
2 1 3900
2 1 4000
2 1 4032
2 1 4106
2 1 4111
2 1 4113
2 1 4115
2 1 5729
2 1 5732
2 1 5740
2 2 3
2 2 4
2 2 3062
2 2 3063
2 2 3064
2 2 3066
2 2 4107
2 2 4110
2 2 4113
2 2 5740
2 2 5743
2 2 5744
2 2 5748
2 2 5796
2 3 3063
2 3 3064
2 3 3066
2 3 4110
2 3 5739
2 3 5740
2 3 5743
2 4 6
2 4 3066
2 4 3087
2 4 3089
2 4 3090
2 4 3091
2 4 3092
2 4 4098
2 4 4103
2 4 4107
2 4 5748
2 4 5751
2 4 5796
2 5 377
2 5 386
2 5 395
2 5 4762
2 5 4808
2 5 4828
2 5 4833
2 5 5667
2 5 5696
2 5 5702
2 5 5706
2 6 9
2 6 3087
2 6 3089
2 6 3090
2 6 4103
2 6 4106
2 6 5744
2 6 5748
2 6 5796
2 7 395
2 7 398
2 7 401
2 7 405
2 7 4762
2 7 4833
2 7 4845
2 7 5182
2 7 5690
2 7 5693
2 7 5696
2 8 9
2 8 3092
2 8 3117
2 8 4090
2 8 4094
2 8 4095
2 8 5751
2 8 5754
2 8 5796
2 9 3089
2 9 3090
2 9 3092
2 9 3899
2 9 4098
2 9 4102
2 9 4103
2 9 4106
2 9 5751
2 9 5754
2 9 5796
2 10 3117
2 10 3118
2 10 3120
2 10 4084
2 10 4088
2 10 4090
2 10 4094
2 10 4095
2 10 5751
2 10 5759
2 10 5764
2 10 5765
2 11 3127
2 11 4071
2 11 4074
2 11 4077
2 11 4093
2 11 5765
2 11 5771
2 11 5777
2 11 5779
2 12 19
2 12 20
2 12 21
2 12 3066
2 12 3163
2 12 3165
2 12 3166
2 12 3194
2 12 4039
2 12 4045
2 12 4055
2 12 4059
2 12 4061
2 12 4066
2 12 5787
2 12 5791
2 12 5799
2 12 5803
2 12 5810
2 13 54
2 13 102
2 13 126
2 13 384
2 13 936
2 13 1217
2 13 1935
2 13 2197
2 13 2440
2 13 3029
2 13 3202
2 13 3316
2 13 4009
2 13 4102
2 13 4759
2 13 4774
2 13 4775
2 13 4795
2 13 4814
2 13 5188
2 13 5193
2 13 5195
2 13 5285
2 13 5558
2 13 5680
2 13 5685
2 13 5712
2 14 15
2 14 35
2 14 376
2 14 413
2 14 4860
2 14 4865
2 14 5184
2 14 5186
2 14 5189
2 14 5190
2 14 5690
2 15 35
2 15 396
2 15 402
2 15 4754
2 15 4860
2 15 5189
2 15 5190
2 16 17
2 16 20
2 16 3165
2 16 3166
2 16 4059
2 16 5791
2 16 5799
2 17 20
2 17 37
2 17 3160
2 17 3162
2 17 3163
2 17 3165
2 17 3166
2 17 3899
2 17 3900
2 17 4059
2 17 4061
2 17 4066
2 17 4070
2 17 4087
2 17 5779
2 17 5784
2 17 5791
2 17 5799
2 17 5840
2 18 417
2 18 420
2 18 4754
2 18 4860
2 18 4865
2 18 4869
2 18 5194
2 18 5672
2 18 5675
2 19 20
2 19 3166
2 19 4045
2 19 4052
2 19 4055
2 19 4058
2 19 4061
2 19 5803
2 19 5806
2 19 5810
2 20 75
2 20 3166
2 20 3900
2 20 4052
2 20 4058
2 20 4059
2 20 4070
2 20 5803
2 20 5806
2 20 5810
2 20 5840
2 21 3190
2 21 3191
2 21 3193
2 21 3194
2 21 4039
2 21 4045
2 21 5810
2 21 5816
2 22 3190
2 22 3191
2 22 3193
2 22 4049
2 22 5812
2 22 5816
2 23 386
2 23 4768
2 23 4814
2 23 5198
2 23 5655
2 23 5656
2 24 28
2 24 402
2 24 410
2 24 414
2 24 420
2 24 432
2 24 442
2 24 4751
2 24 4754
2 24 4876
2 24 4880
2 24 4886
2 24 5197
2 24 5659
2 24 5662
2 25 27
2 25 3194
2 25 4028
2 25 4036
2 25 4039
2 25 4048
2 25 5819
2 25 5821
2 26 376
2 26 4784
2 26 5200
2 26 5202
2 26 5723
2 27 29
2 27 79
2 27 124
2 27 132
2 27 3043
2 27 3190
2 27 3193
2 27 3194
2 27 3931
2 27 3933
2 27 3934
2 27 4025
2 27 4036
2 27 4039
2 27 4048
2 27 4051
2 27 4054
2 27 5810
2 27 5816
2 27 5819
2 27 5821
2 27 5822
2 28 382
2 28 387
2 28 432
2 28 437
2 28 443
2 28 4744
2 28 4747
2 28 4842
2 28 4876
2 28 4880
2 28 4886
2 28 4892
2 28 5197
2 28 5620
2 28 5659
2 29 52
2 29 3228
2 29 4017
2 29 4022
2 29 4028
2 29 4048
2 29 5821
2 29 5822
2 29 5826
2 30 64
2 30 376
2 30 378
2 30 4726
2 30 4736
2 30 4784
2 30 4785
2 30 4792
2 30 4815
2 30 5200
2 30 5202
2 30 5204
2 30 5205
2 30 5210
2 30 5212
2 30 5676
2 30 5699
2 30 5712
2 30 5720
2 30 5722
2 31 32
2 31 3232
2 31 3234
2 31 4004
2 31 4012
2 31 5841
2 31 5843
2 32 89
2 32 3228
2 32 3229
2 32 3232
2 32 3234
2 32 3796
2 32 3964
2 32 3980
2 32 3992
2 32 4001
2 32 4004
2 32 4012
2 32 4017
2 32 4033
2 32 5822
2 32 5829
2 32 5841
2 33 34
2 33 39
2 33 42
2 33 3232
2 33 3234
2 33 3269
2 33 3935
2 33 3946
2 33 3951
2 33 3974
2 33 3990
2 33 4012
2 33 4028
2 33 4039
2 33 5782
2 33 5843
2 33 5844
2 33 5848
2 33 5851
2 33 5860
2 33 5872
2 34 39
2 34 3234
2 34 3974
2 34 3976
2 34 3979
2 34 3988
2 34 3990
2 34 4001
2 34 4011
2 34 4016
2 34 4027
2 34 4033
2 34 5843
2 34 5844
2 34 5848
2 35 376
2 35 389
2 35 396
2 35 4759
2 35 4761
2 35 4764
2 35 4775
2 35 4860
2 35 5184
2 35 5189
2 35 5223
2 35 5653
2 35 5655
2 35 5712
2 36 162
2 36 376
2 36 382
2 36 387
2 36 388
2 36 400
2 36 404
2 36 423
2 36 430
2 36 442
2 36 443
2 36 449
2 36 455
2 36 475
2 36 491
2 36 775
2 36 4726
2 36 4729
2 36 4742
2 36 4744
2 36 4747
2 36 4873
2 36 4896
2 36 5215
2 36 5631
2 36 5646
2 36 5652
2 37 46
2 37 126
2 37 3029
2 37 3043
2 37 3068
2 37 3127
2 37 3160
2 37 3165
2 37 3166
2 37 4066
2 37 4070
2 37 4074
2 37 4087
2 37 4093
2 37 4102
2 37 4775
2 37 5676
2 37 5796
2 38 39
2 38 3257
2 38 3258
2 38 3260
2 38 3974
2 38 5851
2 39 3093
2 39 3257
2 39 3258
2 39 3260
2 39 3262
2 39 3263
2 39 3812
2 39 3924
2 39 3952
2 39 3971
2 39 3974
2 39 3976
2 39 3979
2 39 4011
2 39 4023
2 39 5848
2 39 5851
2 39 5860
2 39 5867
2 40 455
2 40 463
2 40 469
2 40 4742
2 40 4892
2 40 5217
2 40 5641
2 40 5643
2 40 5646
2 40 5709
2 41 45
2 41 3093
2 41 3263
2 41 3266
2 41 3269
2 41 3960
2 41 5860
2 41 5867
2 42 45
2 42 3066
2 42 3269
2 42 3307
2 42 3396
2 42 3733
2 42 3831
2 42 3885
2 42 3890
2 42 3898
2 42 3918
2 42 3927
2 42 3932
2 42 3938
2 42 3943
2 42 3951
2 42 4039
2 42 4066
2 42 5860
2 42 5872
2 42 5876
2 42 5879
2 42 5891
2 43 47
2 43 374
2 43 402
2 43 420
2 43 4759
2 43 4761
2 43 4827
2 43 4860
2 43 5222
2 43 5223
2 43 5675
2 44 48
2 44 428
2 44 433
2 44 463
2 44 469
2 44 475
2 44 4739
2 44 4858
2 44 4892
2 44 5220
2 44 5634
2 44 5641
2 44 5643
2 45 3093
2 45 3129
2 45 3266
2 45 3269
2 45 3943
2 45 3951
2 45 5867
2 45 5872
2 45 5876
2 45 5879
2 45 5916
2 46 124
2 46 126
2 46 3029
2 46 3043
2 46 3068
2 46 3093
2 46 3166
2 46 3194
2 46 4009
2 46 4051
2 46 4070
2 46 5810
2 46 5840
2 47 374
2 47 375
2 47 378
2 47 382
2 47 402
2 47 420
2 47 4761
2 47 4831
2 47 4837
2 47 4842
2 47 4860
2 47 4873
2 47 4876
2 47 5194
2 47 5197
2 47 5207
2 47 5222
2 47 5675
2 48 469
2 48 475
2 48 4739
2 48 5220
2 48 5637
2 49 3129
2 49 3269
2 49 3303
2 49 3304
2 49 3305
2 49 3927
2 49 3929
2 49 3932
2 49 3938
2 49 3943
2 49 3950
2 49 5879
2 49 5888
2 49 5916
2 50 380
2 50 390
2 50 4720
2 50 4724
2 50 4737
2 50 4794
2 50 4798
2 50 4801
2 50 5212
2 50 5219
2 50 5225
2 50 5714
2 51 53
2 51 3129
2 51 3304
2 51 3305
2 51 3306
2 51 3918
2 51 3950
2 51 5888
2 51 5889
2 52 132
2 52 3067
2 52 3068
2 52 3194
2 52 3228
2 52 3796
2 52 3797
2 52 4017
2 52 4022
2 52 4028
2 52 4033
2 52 4035
2 52 4048
2 52 4051
2 52 4054
2 52 5822
2 52 5836
2 53 56
2 53 58
2 53 143
2 53 3129
2 53 3306
2 53 3307
2 53 3890
2 53 3892
2 53 3898
2 53 3904
2 53 3917
2 53 3926
2 53 3950
2 53 4076
2 53 4078
2 53 5889
2 53 5891
2 53 5898
2 53 5902
2 54 102
2 54 384
2 54 386
2 54 402
2 54 410
2 54 936
2 54 1217
2 54 1935
2 54 2197
2 54 2440
2 54 3767
2 54 4009
2 54 4748
2 54 4759
2 54 4775
2 54 4778
2 54 4780
2 54 4814
2 54 4827
2 54 4831
2 54 4837
2 54 4842
2 54 4849
2 54 5188
2 54 5195
2 54 5222
2 54 5285
2 54 5558
2 54 5623
2 54 5664
2 55 59
2 55 480
2 55 4909
2 55 5220
2 55 5627
2 55 5631
2 55 5634
2 55 5637
2 56 58
2 56 3307
2 56 3338
2 56 3339
2 56 3342
2 56 3344
2 56 3880
2 56 3885
2 56 3898
2 56 3917
2 56 5902
2 56 5951
2 57 63
2 57 388
2 57 392
2 57 393
2 57 400
2 57 404
2 57 4714
2 57 4726
2 57 4801
2 57 4803
2 57 4806
2 57 4812
2 57 4815
2 57 5694
2 57 5709
2 57 5714
2 57 5717
2 58 154
2 58 3338
2 58 3339
2 58 3838
2 58 3870
2 58 3872
2 58 3880
2 58 3885
2 58 3890
2 58 3892
2 58 3898
2 58 3917
2 58 4076
2 58 4078
2 58 5863
2 58 5898
2 58 5902
2 58 5932
2 59 433
2 59 444
2 59 450
2 59 480
2 59 4915
2 59 4919
2 59 5220
2 59 5621
2 59 5627
2 59 5631
2 59 5634
2 60 61
2 60 62
2 60 65
2 60 66
2 60 3348
2 60 3396
2 60 3825
2 60 3836
2 60 3846
2 60 3850
2 60 3855
2 60 3858
2 60 5910
2 60 5918
2 61 65
2 61 3342
2 61 3344
2 61 3347
2 61 3348
2 61 3837
2 61 3847
2 61 3850
2 61 3855
2 61 3858
2 61 4177
2 61 5910
2 61 5951
2 61 5952
2 62 65
2 62 66
2 62 69
2 62 107
2 62 3348
2 62 3825
2 62 3836
2 62 3846
2 62 3854
2 62 3884
2 62 5923
2 62 5963
2 63 391
2 63 392
2 63 400
2 63 404
2 63 4789
2 63 4803
2 63 4806
2 63 4811
2 63 4812
2 63 4815
2 63 5226
2 63 5233
2 63 5676
2 63 5694
2 63 5698
2 63 5701
2 63 5705
2 63 5708
2 64 374
2 64 375
2 64 4741
2 64 4775
2 64 4778
2 64 4780
2 64 5202
2 64 5204
2 64 5212
2 64 5676
2 64 5699
2 64 5712
2 65 3348
2 65 3822
2 65 3831
2 65 3836
2 65 3837
2 65 3846
2 65 3850
2 65 3884
2 65 4177
2 65 5918
2 65 5923
2 65 5951
2 65 5952
2 65 5963
2 66 69
2 66 70
2 66 107
2 66 3348
2 66 3390
2 66 3391
2 66 3392
2 66 3394
2 66 3395
2 66 3396
2 66 3811
2 66 3820
2 66 3825
2 66 3836
2 66 3845
2 66 3854
2 66 3884
2 66 5923
2 66 5935
2 66 5963
2 66 5987
2 67 414
2 67 4737
2 67 4753
2 67 4842
2 67 4849
2 67 4858
2 67 4892
2 67 5229
2 67 5620
2 68 80
2 68 110
2 68 442
2 68 475
2 68 491
2 68 497
2 68 503
2 68 509
2 68 527
2 68 573
2 68 4922
2 68 5612
2 68 5614
2 68 5617
2 68 5621
2 68 5634
2 69 3390
2 69 3820
2 69 3825
2 69 3831
2 69 3836
2 69 5923
2 70 3390
2 70 3392
2 70 3394
2 70 3395
2 70 3807
2 70 3811
2 70 3824
2 70 5939
2 70 5987
2 71 73
2 71 77
2 71 83
2 71 3200
2 71 3202
2 71 3269
2 71 3395
2 71 3396
2 71 3415
2 71 3416
2 71 3417
2 71 3419
2 71 3422
2 71 3723
2 71 3733
2 71 3756
2 71 3772
2 71 3780
2 71 3783
2 71 3787
2 71 3792
2 71 3806
2 71 3824
2 71 5948
2 71 5959
2 71 5999
2 72 404
2 72 406
2 72 409
2 72 4705
2 72 4812
2 72 4815
2 72 5231
2 72 5694
2 73 77
2 73 3395
2 73 3396
2 73 3769
2 73 3783
2 73 3790
2 73 3792
2 73 3798
2 73 3807
2 73 3815
2 73 3824
2 73 4202
2 73 5942
2 73 5948
2 73 5999
2 74 80
2 74 412
2 74 418
2 74 503
2 74 510
2 74 4719
2 74 4926
2 74 4936
2 74 4942
2 74 5228
2 74 5237
2 74 5608
2 74 5612
2 74 5614
2 75 76
2 75 79
2 75 124
2 75 126
2 75 3900
2 75 4000
2 75 4010
2 75 4015
2 75 4026
2 75 4030
2 75 4052
2 75 5728
2 75 5731
2 75 5806
2 75 5812
2 75 5816
2 75 5840
2 76 3900
2 76 4010
2 76 4015
2 76 4026
2 76 4030
2 76 5725
2 76 5726
2 76 5728
2 77 83
2 77 208
2 77 3413
2 77 3415
2 77 3769
2 77 3772
2 77 3780
2 77 3783
2 77 3787
2 77 3806
2 77 3815
2 77 4202
2 77 5955
2 77 5959
2 77 5999
2 78 168
2 78 187
2 78 202
2 78 218
2 78 3029
2 78 3093
2 78 3129
2 78 3132
2 78 3202
2 78 3797
2 78 3839
2 78 3860
2 78 3863
2 78 3867
2 78 3884
2 78 3889
2 78 3917
2 78 3926
2 78 4009
2 78 5932
2 78 5946
2 78 5951
2 79 81
2 79 124
2 79 126
2 79 3925
2 79 3928
2 79 3930
2 79 3931
2 79 4007
2 79 4010
2 79 4015
2 79 5731
2 79 5816
2 80 96
2 80 110
2 80 418
2 80 430
2 80 491
2 80 503
2 80 509
2 80 527
2 80 4711
2 80 4712
2 80 4715
2 80 4942
2 80 5603
2 80 5606
2 80 5608
2 81 86
2 81 114
2 81 124
2 81 126
2 81 3925
2 81 3928
2 81 4003
2 81 4007
2 81 4010
2 81 4015
2 81 5725
2 81 5728
2 81 5778
2 82 409
2 82 412
2 82 4817
2 82 4818
2 82 5233
2 82 5236
2 82 5688
2 83 3413
2 83 3415
2 83 3416
2 83 3417
2 83 3756
2 83 3760
2 83 3763
2 83 3772
2 83 5967
2 83 5972
2 84 86
2 84 3931
2 84 3933
2 84 3993
2 84 3997
2 84 5735
2 84 5741
2 85 412
2 85 418
2 85 4818
2 85 4821
2 85 5236
2 85 5239
2 85 5242
2 85 5684
2 85 5687
2 86 93
2 86 101
2 86 114
2 86 124
2 86 126
2 86 3925
2 86 3928
2 86 3930
2 86 3931
2 86 3933
2 86 3967
2 86 3997
2 86 4000
2 86 4003
2 86 4025
2 86 5735
2 86 5741
2 86 5747
2 86 5778
2 87 88
2 87 3417
2 87 3419
2 87 3420
2 87 3745
2 87 3752
2 87 5981
2 88 97
2 88 3415
2 88 3416
2 88 3417
2 88 3420
2 88 3743
2 88 3752
2 88 3779
2 88 4237
2 88 5972
2 88 5981
2 88 6022
2 89 93
2 89 101
2 89 3796
2 89 3934
2 89 3964
2 89 3972
2 89 3977
2 89 3980
2 89 3992
2 89 3996
2 89 5747
2 89 5750
2 90 418
2 90 419
2 90 422
2 90 4694
2 90 4822
2 90 4825
2 90 5671
2 90 5679
2 91 95
2 91 102
2 91 394
2 91 433
2 91 444
2 91 450
2 91 456
2 91 464
2 91 4748
2 91 4872
2 91 5588
2 92 96
2 92 539
2 92 547
2 92 4969
2 92 5597
2 93 101
2 93 132
2 93 3793
2 93 3796
2 93 3931
2 93 3933
2 93 3934
2 93 3967
2 93 3977
2 93 3980
2 93 3984
2 93 3996
2 93 5741
2 93 5747
2 93 5778
2 93 5781
2 94 97
2 94 105
2 94 3422
2 94 3727
2 94 3733
2 94 5990
2 94 5994
2 95 99
2 95 394
2 95 412
2 95 444
2 95 450
2 95 456
2 95 464
2 95 470
2 95 4708
2 95 4901
2 95 4915
2 95 5233
2 95 5237
2 95 5588
2 95 5614
2 95 5684
2 96 103
2 96 106
2 96 108
2 96 110
2 96 112
2 96 430
2 96 460
2 96 527
2 96 539
2 96 547
2 96 553
2 96 560
2 96 4711
2 96 4855
2 96 4969
2 96 4973
2 96 5248
2 96 5581
2 96 5587
2 96 5601
2 97 104
2 97 105
2 97 153
2 97 220
2 97 233
2 97 3238
2 97 3420
2 97 3422
2 97 3716
2 97 3730
2 97 3743
2 97 3779
2 97 4237
2 97 5929
2 97 5981
2 97 5990
2 97 5994
2 98 101
2 98 3964
2 98 3967
2 98 3968
2 98 3969
2 98 3970
2 98 5750
2 99 394
2 99 456
2 99 464
2 99 470
2 99 4708
2 99 4734
2 99 4901
2 99 5237
2 99 5575
2 99 5588
2 99 5614
2 100 103
2 100 516
2 100 553
2 100 4973
2 100 5248
2 100 5578
2 100 5587
2 100 5590
2 101 114
2 101 3957
2 101 3964
2 101 3967
2 101 3968
2 101 3969
2 101 3970
2 101 3972
2 101 3975
2 101 3977
2 101 3992
2 101 3996
2 101 5747
2 101 5750
2 101 5778
2 102 116
2 102 130
2 102 145
2 102 161
2 102 384
2 102 386
2 102 394
2 102 410
2 102 433
2 102 456
2 102 464
2 102 470
2 102 481
2 102 487
2 102 540
2 102 833
2 102 953
2 102 1168
2 102 1217
2 102 1361
2 102 1778
2 102 1849
2 102 1935
2 102 2025
2 102 2197
2 102 2440
2 102 3767
2 102 4009
2 102 4682
2 102 4696
2 102 4708
2 102 4734
2 102 4748
2 102 4809
2 102 4824
2 102 4901
2 102 4904
2 102 5188
2 102 5255
2 102 5285
2 102 5355
2 102 5531
2 102 5556
2 102 5558
2 102 5569
2 102 5575
2 102 5588
2 102 5635
2 102 5664
2 103 106
2 103 110
2 103 547
2 103 553
2 103 560
2 103 5578
2 103 5581
2 103 5587
2 104 105
2 104 115
2 104 118
2 104 120
2 104 178
2 104 184
2 104 3238
2 104 3422
2 104 3443
2 104 3445
2 104 3448
2 104 3719
2 104 3722
2 104 3723
2 104 3727
2 104 6009
2 105 118
2 105 153
2 105 178
2 105 233
2 105 3238
2 105 3422
2 105 3681
2 105 3702
2 105 3710
2 105 3716
2 105 3719
2 105 3723
2 105 3727
2 105 4254
2 105 4258
2 105 5994
2 105 6002
2 105 6009
2 106 110
2 106 516
2 106 547
2 106 553
2 106 566
2 106 573
2 106 4983
2 106 5574
2 106 5577
2 106 5578
2 106 5581
2 107 218
2 107 235
2 107 3200
2 107 3202
2 107 3845
2 107 3854
2 107 3884
2 107 3889
2 107 5952
2 107 5963
2 107 5979
2 108 112
2 108 430
2 108 435
2 108 460
2 108 4689
2 108 4841
2 108 4846
2 108 4969
2 108 4973
2 108 5247
2 109 111
2 109 3946
2 109 3948
2 109 3964
2 109 3973
2 109 3975
2 109 3976
2 109 5756
2 109 5844
2 110 128
2 110 134
2 110 162
2 110 430
2 110 442
2 110 491
2 110 503
2 110 525
2 110 527
2 110 547
2 110 566
2 110 573
2 110 589
2 110 4855
2 110 4983
2 110 4987
2 110 4994
2 110 5001
2 110 5008
2 110 5251
2 110 5574
2 110 5581
2 111 114
2 111 3946
2 111 3948
2 111 3975
2 111 3976
2 111 5756
2 112 125
2 112 134
2 112 430
2 112 447
2 112 460
2 112 4821
2 112 4841
2 112 4846
2 112 4848
2 112 4855
2 112 5648
2 113 130
2 113 391
2 113 394
2 113 416
2 113 4707
2 113 4708
2 113 4818
2 113 5233
2 113 5645
2 113 5684
2 113 5687
2 114 119
2 114 3946
2 114 3948
2 114 3957
2 114 3967
2 114 3970
2 114 3971
2 114 3973
2 114 3975
2 114 3976
2 114 3979
2 114 3983
2 114 3996
2 114 3997
2 114 4000
2 114 4003
2 114 5725
2 114 5747
2 114 5756
2 114 5761
2 114 5778
2 115 118
2 115 120
2 115 3439
2 115 3443
2 115 3445
2 115 3643
2 115 3663
2 115 3681
2 115 3689
2 115 3710
2 115 3719
2 115 3723
2 115 3733
2 115 6009
2 115 6012
2 115 6015
2 115 6024
2 115 6032
2 116 121
2 116 481
2 116 487
2 116 4901
2 116 4904
2 116 5569
2 116 5575
2 117 122
2 117 540
2 117 573
2 117 579
2 117 4987
2 117 4994
2 117 5251
2 117 5574
2 118 120
2 118 178
2 118 3439
2 118 3441
2 118 3702
2 118 3710
2 118 3719
2 118 3722
2 118 4258
2 118 4262
2 118 6009
2 118 6012
2 119 3812
2 119 3924
2 119 3935
2 119 3963
2 119 3971
2 119 3976
2 119 4020
2 119 5756
2 119 5761
2 119 5767
2 119 5768
2 120 184
2 120 3439
2 120 3441
2 120 3442
2 120 3443
2 120 3444
2 120 3445
2 120 3693
2 120 3714
2 120 3722
2 120 6015
2 120 6024
2 121 481
2 121 487
2 121 4901
2 121 4904
2 122 128
2 122 579
2 122 4987
2 122 4994
2 122 5001
2 122 5259
2 122 5573
2 123 3907
2 123 3915
2 123 3924
2 123 4020
2 123 4023
2 123 5775
2 124 126
2 124 132
2 124 3043
2 124 3928
2 124 3931
2 124 3933
2 124 3934
2 124 4009
2 124 4015
2 124 4019
2 124 4025
2 124 4048
2 124 4051
2 124 4052
2 124 4054
2 124 5816
2 124 5840
2 125 134
2 125 426
2 125 435
2 125 447
2 125 460
2 125 4679
2 125 4841
2 125 4848
2 125 4852
2 125 4854
2 125 4855
2 125 5252
2 125 5253
2 125 5648
2 126 3029
2 126 3043
2 126 3899
2 126 3900
2 126 3928
2 126 4009
2 126 4015
2 126 4019
2 126 4025
2 126 4026
2 126 4051
2 126 4070
2 126 4087
2 126 4093
2 126 4102
2 126 5188
2 126 5725
2 126 5726
2 126 5728
2 126 5729
2 126 5778
2 126 5796
2 126 5840
2 127 129
2 127 3445
2 127 3446
2 127 3448
2 127 3663
2 127 3679
2 127 6032
2 128 477
2 128 584
2 128 589
2 128 4692
2 128 4855
2 128 4987
2 128 4994
2 128 5001
2 128 5008
2 128 5259
2 128 5573
2 129 136
2 129 258
2 129 260
2 129 3444
2 129 3445
2 129 3446
2 129 3448
2 129 3634
2 129 3679
2 129 3684
2 129 3689
2 129 3714
2 129 3945
2 129 6028
2 129 6035
2 130 394
2 130 416
2 130 4707
2 130 4708
2 130 4723
2 130 4809
2 130 4822
2 130 5255
2 130 5632
2 130 5635
2 130 5645
2 130 5664
2 130 5687
2 131 138
2 131 3873
2 131 3893
2 131 3902
2 131 3929
2 131 4031
2 131 5786
2 131 5789
2 131 5795
2 131 5872
2 131 5879
2 131 5888
2 132 3789
2 132 3791
2 132 3793
2 132 3796
2 132 3931
2 132 3933
2 132 3934
2 132 4009
2 132 4019
2 132 4025
2 132 4048
2 132 4051
2 132 5778
2 132 5781
2 132 5822
2 133 589
2 133 602
2 133 4691
2 133 5008
2 133 5259
2 133 5565
2 134 140
2 134 162
2 134 188
2 134 225
2 134 430
2 134 473
2 134 477
2 134 506
2 134 525
2 134 589
2 134 4726
2 134 4815
2 134 4821
2 134 4841
2 134 4854
2 134 4855
2 134 4861
2 134 4867
2 134 4875
2 134 4889
2 134 5008
2 134 5253
2 134 5256
2 134 5265
2 134 5622
2 134 5639
2 134 5640
2 135 4694
2 135 4703
2 135 4707
2 135 4809
2 135 4822
2 135 4825
2 135 4830
2 135 5255
2 135 5632
2 135 5660
2 136 141
2 136 260
2 136 3274
2 136 3279
2 136 3444
2 136 3448
2 136 3661
2 136 3663
2 136 3669
2 136 3714
2 136 3945
2 136 6035
2 136 6041
2 136 6080
2 137 251
2 137 3202
2 137 3235
2 137 3236
2 137 3769
2 137 3787
2 137 3806
2 137 3815
2 137 3905
2 137 3908
2 137 3909
2 137 6022
2 138 143
2 138 3873
2 138 3878
2 138 3901
2 138 3929
2 138 4069
2 138 5786
2 138 5789
2 138 5795
2 138 5801
2 138 5804
2 138 5831
2 138 5837
2 139 3793
2 139 3796
2 139 3797
2 139 3996
2 139 4009
2 140 473
2 140 477
2 140 4854
2 140 4861
2 140 4867
2 140 5256
2 140 5258
2 140 5639
2 141 144
2 141 150
2 141 260
2 141 267
2 141 305
2 141 3274
2 141 3279
2 141 3628
2 141 3649
2 141 3653
2 141 3657
2 141 3661
2 141 3669
2 141 3678
2 141 4280
2 141 4283
2 141 5997
2 141 6035
2 141 6041
2 141 6046
2 141 6050
2 141 6080
2 141 6085
2 142 146
2 142 169
2 142 494
2 142 602
2 142 4691
2 142 5008
2 142 5013
2 142 5259
2 142 5267
2 142 5549
2 142 5551
2 142 5553
2 142 5622
2 143 149
2 143 3839
2 143 3861
2 143 3864
2 143 3892
2 143 3901
2 143 4069
2 143 4072
2 143 4073
2 143 4075
2 143 4076
2 143 4078
2 143 5804
2 143 5807
2 143 5889
2 144 150
2 144 151
2 144 3279
2 144 3628
2 144 3631
2 144 3636
2 144 3640
2 144 3649
2 144 3656
2 144 3678
2 144 4280
2 144 4283
2 144 4284
2 144 6050
2 144 6053
2 144 6085
2 145 161
2 145 481
2 145 487
2 145 516
2 145 523
2 145 540
2 145 4696
2 145 4717
2 145 4824
2 145 4908
2 145 4935
2 145 4940
2 145 5261
2 145 5264
2 145 5285
2 145 5531
2 145 5556
2 145 5569
2 146 152
2 146 162
2 146 169
2 146 525
2 146 602
2 146 608
2 146 616
2 146 4685
2 146 5037
2 146 5273
2 146 5548
2 146 5549
2 146 5551
2 146 5553
2 147 149
2 147 154
2 147 158
2 147 3838
2 147 3842
2 147 3852
2 147 3872
2 147 3892
2 147 4076
2 147 4078
2 147 5817
2 148 484
2 148 4661
2 148 4665
2 148 5262
2 148 5265
2 148 5267
2 148 5626
2 148 5629
2 149 158
2 149 3852
2 149 3864
2 149 3872
2 149 3878
2 149 3892
2 149 3897
2 149 3901
2 149 4069
2 149 4075
2 149 4076
2 149 4078
2 149 4163
2 149 5786
2 149 5807
2 149 5817
2 149 5828
2 149 5838
2 149 5853
2 149 5863
2 149 5874
2 150 151
2 150 160
2 150 3279
2 150 3281
2 150 3448
2 150 3480
2 150 3482
2 150 3483
2 150 3484
2 150 3485
2 150 3487
2 150 3491
2 150 3622
2 150 3627
2 150 3631
2 150 3636
2 150 3648
2 150 3649
2 150 3653
2 150 3656
2 150 3659
2 150 3663
2 150 3678
2 150 6041
2 150 6057
2 150 6085
2 151 160
2 151 3480
2 151 3622
2 151 3627
2 151 3628
2 151 3631
2 151 3636
2 151 3656
2 151 4283
2 151 4284
2 151 4287
2 151 4288
2 151 6018
2 151 6050
2 151 6053
2 151 6057
2 151 6085
2 152 162
2 152 616
2 152 622
2 152 4676
2 152 4685
2 152 5024
2 152 5027
2 152 5037
2 152 5278
2 152 5553
2 153 178
2 153 275
2 153 3235
2 153 3236
2 153 3238
2 153 3716
2 153 3730
2 153 3743
2 153 3779
2 153 3912
2 153 5929
2 153 5994
2 154 158
2 154 163
2 154 3339
2 154 3342
2 154 3829
2 154 3838
2 154 3870
2 154 3872
2 154 4078
2 154 4163
2 154 4168
2 154 4169
2 154 4173
2 154 4174
2 154 5825
2 154 5863
2 155 159
2 155 489
2 155 494
2 155 4657
2 155 4878
2 155 5265
2 155 5271
2 155 5276
2 156 426
2 156 435
2 156 516
2 156 4679
2 156 4696
2 156 4703
2 156 4824
2 156 4848
2 156 4908
2 156 4935
2 156 4969
2 156 5264
2 156 5660
2 157 622
2 157 4675
2 157 5032
2 157 5278
2 157 5537
2 157 5540
2 158 3829
2 158 3838
2 158 3842
2 158 3872
2 158 4078
2 158 4163
2 158 5817
2 158 5853
2 158 5863
2 159 494
2 159 500
2 159 506
2 159 4878
2 159 4884
2 159 5265
2 159 5276
2 159 5611
2 160 176
2 160 3480
2 160 3482
2 160 3483
2 160 3484
2 160 3485
2 160 3622
2 160 3626
2 160 3648
2 160 3656
2 160 4287
2 160 4288
2 160 6018
2 160 6066
2 161 195
2 161 516
2 161 523
2 161 540
2 161 4682
2 161 4700
2 161 4935
2 161 4940
2 161 4977
2 161 5531
2 161 5539
2 162 167
2 162 170
2 162 430
2 162 442
2 162 491
2 162 525
2 162 573
2 162 589
2 162 602
2 162 616
2 162 622
2 162 629
2 162 635
2 162 648
2 162 661
2 162 775
2 162 4664
2 162 4672
2 162 4675
2 162 5008
2 162 5037
2 162 5278
2 162 5536
2 162 5537
2 163 164
2 163 3339
2 163 3342
2 163 3809
2 163 3818
2 163 3850
2 163 3870
2 163 4169
2 163 4173
2 163 4174
2 163 4177
2 163 5825
2 163 5828
2 163 5910
2 164 3829
2 164 4163
2 164 4168
2 164 4169
2 164 4173
2 164 4174
2 164 5825
2 164 5828
2 164 5874
2 165 494
2 165 500
2 165 506
2 165 513
2 165 4884
2 165 4890
2 165 5276
2 165 5280
2 165 5609
2 165 5611
2 165 5615
2 166 440
2 166 477
2 166 540
2 166 548
2 166 561
2 166 4661
2 166 4935
2 166 4940
2 166 4953
2 166 4960
2 166 4987
2 166 5259
2 166 5287
2 166 5529
2 166 5531
2 166 5539
2 166 5565
2 166 5591
2 167 170
2 167 635
2 167 648
2 167 4672
2 167 5037
2 167 5532
2 167 5534
2 167 5537
2 168 171
2 168 187
2 168 218
2 168 3093
2 168 3132
2 168 3797
2 168 3814
2 168 3832
2 168 3834
2 168 3923
2 168 3929
2 168 3941
2 168 3952
2 168 4009
2 168 5916
2 169 172
2 169 494
2 169 506
2 169 513
2 169 519
2 169 525
2 169 602
2 169 4645
2 169 4685
2 169 4889
2 169 4890
2 169 5277
2 169 5280
2 169 5553
2 169 5604
2 170 175
2 170 179
2 170 648
2 170 661
2 170 4664
2 170 5037
2 170 5049
2 170 5288
2 170 5532
2 170 5534
2 171 3814
2 171 3923
2 171 3941
2 171 3952
2 171 3963
2 171 3983
2 171 3996
2 171 4009
2 171 4020
2 171 4023
2 171 5761
2 171 5767
2 171 5786
2 171 5813
2 171 5831
2 172 188
2 172 506
2 172 525
2 172 4640
2 172 4645
2 172 4889
2 172 4894
2 172 4899
2 172 5280
2 172 5604
2 173 177
2 173 426
2 173 440
2 173 477
2 173 4696
2 173 4824
2 173 4854
2 173 4861
2 173 4935
2 173 5252
2 173 5285
2 173 5287
2 174 176
2 174 183
2 174 3485
2 174 3487
2 174 3488
2 174 3491
2 174 3597
2 174 3626
2 174 6074
2 174 6081
2 175 4664
2 175 5049
2 175 5288
2 175 5532
2 175 5534
2 176 183
2 176 289
2 176 296
2 176 303
2 176 336
2 176 3484
2 176 3485
2 176 3487
2 176 3560
2 176 3564
2 176 3584
2 176 3597
2 176 3603
2 176 3626
2 176 3648
2 176 3986
2 176 3989
2 176 4288
2 176 6018
2 176 6066
2 176 6074
2 176 6081
2 176 6121
2 177 426
2 177 440
2 177 477
2 177 4824
2 177 4838
2 177 4854
2 177 4861
2 177 4935
2 177 5285
2 177 5287
2 177 5591
2 178 184
2 178 190
2 178 275
2 178 3236
2 178 3238
2 178 3270
2 178 3441
2 178 3702
2 178 3714
2 178 3716
2 178 3718
2 178 3722
2 178 3936
2 178 3937
2 178 3939
2 178 3940
2 178 6012
2 179 543
2 179 564
2 179 654
2 179 661
2 179 4660
2 179 4664
2 179 5037
2 179 5049
2 179 5054
2 179 5290
2 179 5519
2 179 5524
2 180 181
2 180 3795
2 180 3799
2 180 3809
2 180 3831
2 180 4177
2 180 5838
2 180 5923
2 181 224
2 181 3795
2 181 3799
2 181 3809
2 181 3822
2 181 3837
2 181 4174
2 181 4177
2 181 5828
2 181 5832
2 181 5838
2 181 5874
2 181 5884
2 182 186
2 182 525
2 182 530
2 182 543
2 182 4636
2 182 4640
2 182 4899
2 182 4900
2 182 5283
2 182 5600
2 183 189
2 183 197
2 183 247
2 183 303
2 183 336
2 183 3491
2 183 3572
2 183 3575
2 183 3584
2 183 3588
2 183 3608
2 183 3626
2 183 6081
2 183 6087
2 183 6095
2 183 6128
2 184 190
2 184 3202
2 184 3236
2 184 3238
2 184 3270
2 184 3274
2 184 3279
2 184 3281
2 184 3422
2 184 3445
2 184 3446
2 184 3448
2 184 3714
2 184 3718
2 184 3722
2 184 3787
2 185 3784
2 185 3795
2 185 3822
2 185 3831
2 185 4191
2 185 4192
2 185 4194
2 185 4196
2 185 5838
2 185 5846
2 185 5923
2 186 188
2 186 525
2 186 530
2 186 4899
2 186 4900
2 187 194
2 187 202
2 187 218
2 187 3132
2 187 3834
2 187 3839
2 187 3863
2 187 3906
2 187 3910
2 187 3923
2 187 4009
2 187 5831
2 187 5837
2 188 225
2 188 244
2 188 309
2 188 430
2 188 506
2 188 525
2 188 530
2 188 536
2 188 543
2 188 544
2 188 581
2 188 669
2 188 4629
2 188 4636
2 188 4889
2 188 4899
2 188 4900
2 188 4903
2 188 4918
2 188 4921
2 188 5265
2 188 5291
2 188 5596
2 189 197
2 189 302
2 189 303
2 189 336
2 189 3569
2 189 3572
2 189 3575
2 189 3584
2 189 3608
2 189 6087
2 189 6095
2 189 6099
2 189 6100
2 190 231
2 190 3202
2 190 3236
2 190 3238
2 190 3270
2 190 3274
2 190 3276
2 190 3278
2 190 3279
2 190 3281
2 190 3448
2 190 3714
2 190 3718
2 190 3722
2 191 196
2 191 228
2 191 238
2 191 648
2 191 661
2 191 689
2 191 4651
2 191 4660
2 191 5054
2 191 5060
2 191 5066
2 191 5290
2 191 5292
2 191 5511
2 191 5515
2 191 5518
2 191 5519
2 191 5524
2 192 3770
2 192 3777
2 192 4194
2 192 4196
2 192 5849
2 193 194
2 193 202
2 193 3839
2 193 3892
2 193 3897
2 193 3901
2 194 202
2 194 218
2 194 3839
2 194 3897
2 194 3901
2 194 3906
2 194 3923
2 194 5831
2 194 5837
2 194 5874
2 195 200
2 195 461
2 195 478
2 195 540
2 195 567
2 195 574
2 195 4682
2 195 4695
2 195 4699
2 195 4700
2 195 4704
2 195 4967
2 195 4977
2 195 4982
2 195 5295
2 195 5297
2 195 5520
2 195 5531
2 195 5558
2 196 674
2 196 4651
2 196 5063
2 196 5066
2 196 5511
2 196 5515
2 196 5518
2 197 204
2 197 247
2 197 3312
2 197 3491
2 197 3533
2 197 3535
2 197 3539
2 197 3552
2 197 3572
2 197 3602
2 197 3608
2 197 6095
2 197 6099
2 197 6100
2 197 6107
2 197 6151
2 198 206
2 198 3754
2 198 3765
2 198 3798
2 198 4194
2 198 4199
2 198 4201
2 198 4202
2 198 5849
2 198 5856
2 198 5858
2 199 222
2 199 507
2 199 543
2 199 544
2 199 551
2 199 4626
2 199 4632
2 199 5289
2 199 5592
2 199 5594
2 200 209
2 200 513
2 200 574
2 200 4676
2 200 4685
2 200 4866
2 200 4967
2 200 4977
2 200 4982
2 200 5295
2 200 5297
2 200 5298
2 200 5520
2 200 5536
2 200 5540
2 201 205
2 201 212
2 201 564
2 201 576
2 201 661
2 201 674
2 201 682
2 201 689
2 201 4643
2 201 5066
2 201 5514
2 201 5519
2 202 218
2 202 3839
2 202 3857
2 202 3860
2 202 3863
2 202 3867
2 202 3872
2 202 3892
2 202 3897
2 202 3926
2 202 5853
2 202 5863
2 202 5868
2 202 5874
2 202 5932
2 203 551
2 203 4628
2 203 4629
2 203 4914
2 203 5289
2 203 5291
2 203 5294
2 203 5582
2 204 3312
2 204 3531
2 204 3533
2 204 3534
2 204 3535
2 204 3536
2 204 3537
2 204 3539
2 204 3540
2 204 3544
2 204 6107
2 204 6110
2 204 6151
2 205 682
2 205 689
2 205 4643
2 205 4646
2 205 5066
2 205 5073
2 205 5506
2 206 211
2 206 3750
2 206 3754
2 206 3769
2 206 3790
2 206 3798
2 206 4202
2 206 4222
2 206 5858
2 206 5864
2 206 5869
2 206 5871
2 206 5875
2 206 5913
2 207 556
2 207 564
2 207 570
2 207 4626
2 207 4628
2 207 4629
2 207 4914
2 207 4918
2 207 5291
2 207 5294
2 208 211
2 208 216
2 208 3415
2 208 3735
2 208 3763
2 208 3769
2 208 4202
2 208 4225
2 208 4226
2 208 4229
2 208 4230
2 208 4233
2 208 5869
2 208 5875
2 208 5877
2 208 5955
2 209 222
2 209 513
2 209 543
2 209 574
2 209 595
2 209 4676
2 209 4687
2 209 4688
2 209 4866
2 209 4982
2 209 4993
2 209 4998
2 209 5032
2 209 5049
2 209 5298
2 209 5302
2 209 5534
2 209 5536
2 209 5540
2 209 5600
2 210 689
2 210 696
2 210 4643
2 210 5074
2 210 5075
2 210 5499
2 210 5502
2 210 5506
2 211 216
2 211 3739
2 211 3758
2 211 3769
2 211 4202
2 211 4222
2 211 4225
2 211 4226
2 211 5871
2 211 5875
2 211 5877
2 211 5880
2 211 5885
2 211 5913
2 212 616
2 212 661
2 212 674
2 212 689
2 212 696
2 212 703
2 212 711
2 212 732
2 212 738
2 212 775
2 212 4639
2 212 4643
2 212 5074
2 212 5075
2 212 5082
2 212 5499
2 213 218
2 213 3833
2 213 3837
2 213 3847
2 213 3863
2 213 5874
2 213 5952
2 214 3525
2 214 3541
2 214 3542
2 214 3545
2 214 3546
2 214 3551
2 214 6131
2 214 6133
2 214 6151
2 215 216
2 215 3712
2 215 3721
2 215 4233
2 215 4234
2 215 4237
2 215 5885
2 216 223
2 216 3712
2 216 3721
2 216 3743
2 216 3758
2 216 3769
2 216 4226
2 216 4229
2 216 4230
2 216 4233
2 216 4237
2 216 5880
2 216 5885
2 216 5913
2 216 5921
2 217 570
2 217 576
2 217 581
2 217 4617
2 217 4921
2 217 4925
2 217 4933
2 217 5301
2 217 5563
2 218 224
2 218 235
2 218 251
2 218 313
2 218 476
2 218 3202
2 218 3236
2 218 3797
2 218 3827
2 218 3833
2 218 3837
2 218 3847
2 218 3863
2 218 3875
2 218 3889
2 218 3923
2 218 3940
2 218 3947
2 218 4009
2 218 5868
2 218 5874
2 218 5884
2 218 5921
2 218 5952
2 218 5963
2 218 5979
2 219 711
2 219 718
2 219 724
2 219 4633
2 219 4635
2 219 5082
2 219 5087
2 219 5308
2 219 5310
2 219 5314
2 219 5490
2 220 223
2 220 233
2 220 3699
2 220 3708
2 220 3716
2 220 3743
2 220 4234
2 220 4237
2 220 5892
2 220 5896
2 220 5929
2 220 5981
2 220 5994
2 221 225
2 221 581
2 221 586
2 221 4613
2 221 4932
2 221 4933
2 221 5304
2 221 5559
2 221 5563
2 222 226
2 222 507
2 222 513
2 222 530
2 222 543
2 222 609
2 222 4632
2 222 4636
2 222 4654
2 222 4866
2 222 4870
2 222 4899
2 222 4903
2 222 4907
2 222 4982
2 222 4993
2 222 4998
2 222 5280
2 222 5491
2 222 5558
2 222 5592
2 222 5600
2 223 233
2 223 3699
2 223 3708
2 223 3711
2 223 3712
2 223 3743
2 223 4237
2 223 4251
2 223 5885
2 223 5892
2 223 5921
2 223 5929
2 224 251
2 224 3795
2 224 3804
2 224 3813
2 224 3817
2 224 3822
2 224 3827
2 224 3875
2 224 4192
2 224 5838
2 224 5849
2 224 5874
2 224 5884
2 224 5921
2 225 232
2 225 236
2 225 244
2 225 309
2 225 544
2 225 570
2 225 581
2 225 586
2 225 591
2 225 598
2 225 599
2 225 669
2 225 4612
2 225 4629
2 225 4815
2 225 4883
2 225 4889
2 225 4899
2 225 4912
2 225 4918
2 225 4921
2 225 4925
2 225 4932
2 225 4939
2 225 4943
2 225 4951
2 225 4966
2 225 4972
2 225 4996
2 225 5291
2 225 5304
2 225 5543
2 225 5563
2 226 507
2 226 520
2 226 4632
2 226 4649
2 226 4654
2 226 4870
2 226 4883
2 226 4903
2 226 4907
2 227 230
2 227 237
2 227 239
2 227 3486
2 227 3492
2 227 3497
2 227 3502
2 227 3506
2 227 3509
2 227 3524
2 227 3547
2 227 3548
2 227 6142
2 228 238
2 228 609
2 228 623
2 228 642
2 228 648
2 228 689
2 228 4668
2 228 4682
2 228 4687
2 228 5006
2 228 5012
2 228 5017
2 228 5054
2 228 5290
2 228 5488
2 228 5489
2 228 5491
2 228 5511
2 229 234
2 229 732
2 229 738
2 229 4624
2 229 5097
2 229 5099
2 229 5314
2 229 5490
2 230 237
2 230 239
2 230 332
2 230 347
2 230 3475
2 230 3502
2 230 3504
2 230 3506
2 230 3509
2 230 3513
2 230 3524
2 230 3543
2 230 3548
2 230 3551
2 230 4047
2 230 6142
2 230 6182
2 231 247
2 231 329
2 231 336
2 231 339
2 231 3236
2 231 3270
2 231 3281
2 231 3308
2 231 3310
2 231 3312
2 231 3313
2 231 3488
2 231 3491
2 231 3608
2 231 3626
2 231 3648
2 231 3947
2 231 3985
2 231 3987
2 231 3989
2 231 6121
2 231 6128
2 232 236
2 232 591
2 232 598
2 232 599
2 232 4943
2 232 5545
2 232 5546
2 233 3681
2 233 3687
2 233 3695
2 233 3699
2 233 3711
2 233 3716
2 233 3730
2 233 4251
2 233 4254
2 233 5892
2 233 5896
2 233 5901
2 233 5929
2 233 5994
2 234 738
2 234 4624
2 234 5097
2 234 5099
2 234 5483
2 235 251
2 235 476
2 235 3199
2 235 3202
2 235 3236
2 235 3360
2 235 3794
2 235 3804
2 235 3808
2 235 3813
2 235 3817
2 235 3827
2 235 3849
2 235 3875
2 235 3877
2 235 3879
2 235 3940
2 235 3947
2 235 4009
2 235 5895
2 235 5963
2 235 5979
2 236 244
2 236 586
2 236 598
2 236 599
2 236 605
2 236 612
2 236 4607
2 236 4610
2 236 4951
2 236 5311
2 236 5543
2 237 239
2 237 243
2 237 253
2 237 3356
2 237 3357
2 237 3466
2 237 3479
2 237 3486
2 237 3492
2 237 3508
2 237 3512
2 237 3524
2 237 3547
2 237 3548
2 237 6155
2 237 6159
2 238 241
2 238 642
2 238 648
2 238 689
2 238 4646
2 238 4668
2 238 4687
2 238 5017
2 238 5022
2 238 5066
2 238 5324
2 238 5506
2 238 5511
2 239 243
2 239 347
2 239 364
2 239 399
2 239 3479
2 239 3492
2 239 3497
2 239 3502
2 239 3512
2 239 3524
2 239 4047
2 239 6111
2 239 6142
2 239 6155
2 239 6182
2 240 3676
2 240 3681
2 240 4251
2 240 4254
2 240 4255
2 240 4258
2 240 5904
2 240 5905
2 241 245
2 241 262
2 241 642
2 241 649
2 241 655
2 241 689
2 241 4652
2 241 4655
2 241 4933
2 241 5022
2 241 5082
2 241 5316
2 241 5324
2 241 5499
2 241 5506
2 241 5511
2 242 246
2 242 250
2 242 744
2 242 751
2 242 758
2 242 775
2 242 4616
2 242 4619
2 242 4624
2 242 5103
2 242 5109
2 242 5116
2 242 5476
2 243 253
2 243 256
2 243 399
2 243 3463
2 243 3466
2 243 3472
2 243 3479
2 243 3508
2 243 3512
2 243 6111
2 243 6155
2 243 6159
2 243 6164
2 244 248
2 244 254
2 244 525
2 244 564
2 244 581
2 244 586
2 244 598
2 244 612
2 244 619
2 244 638
2 244 669
2 244 732
2 244 775
2 244 4598
2 244 4601
2 244 4606
2 244 4624
2 244 4957
2 244 4966
2 244 5080
2 244 5097
2 244 5291
2 244 5313
2 244 5478
2 244 5543
2 245 262
2 245 649
2 245 655
2 245 4652
2 245 4655
2 245 5022
2 245 5036
2 245 5322
2 245 5468
2 246 250
2 246 751
2 246 758
2 246 775
2 246 4616
2 246 5103
2 246 5116
2 246 5470
2 247 3308
2 247 3310
2 247 3312
2 247 3313
2 247 3491
2 247 3602
2 247 3608
2 248 254
2 248 619
2 248 626
2 248 4601
2 248 4606
2 248 4966
2 248 5525
2 248 5527
2 249 3643
2 249 3652
2 249 3667
2 249 4259
2 249 4262
2 249 5914
2 249 5919
2 250 265
2 250 638
2 250 657
2 250 669
2 250 758
2 250 764
2 250 775
2 250 4616
2 250 4624
2 250 5103
2 250 5121
2 250 5325
2 250 5464
2 250 5467
2 250 5469
2 250 5470
2 250 5478
2 251 266
2 251 313
2 251 3202
2 251 3236
2 251 3769
2 251 3774
2 251 3790
2 251 3794
2 251 3804
2 251 3815
2 251 3875
2 251 3879
2 251 3903
2 251 3905
2 251 3908
2 251 3937
2 251 3940
2 251 5913
2 251 5921
2 252 758
2 252 764
2 252 775
2 252 780
2 252 5125
2 252 5467
2 252 5469
2 253 256
2 253 259
2 253 3353
2 253 3356
2 253 3357
2 253 3418
2 253 3447
2 253 3455
2 253 3466
2 253 3471
2 253 3478
2 253 3496
2 253 3508
2 253 3524
2 253 3574
2 253 3576
2 253 3577
2 253 3580
2 253 3581
2 253 3582
2 253 3583
2 253 3586
2 253 3587
2 253 3590
2 253 3592
2 253 3593
2 253 3596
2 253 3604
2 253 6164
2 254 619
2 254 632
2 254 638
2 254 4598
2 254 4601
2 254 4606
2 254 4972
2 254 5478
2 254 5525
2 255 264
2 255 655
2 255 666
2 255 5041
2 255 5046
2 255 5324
2 255 5328
2 255 5331
2 256 399
2 256 3463
2 256 3466
2 256 3471
2 256 3496
2 256 3508
2 256 3512
2 256 3574
2 256 3576
2 256 3577
2 256 6164
2 257 261
2 257 632
2 257 638
2 257 4596
2 257 4598
2 257 4974
2 257 5317
2 257 5523
2 258 260
2 258 263
2 258 3444
2 258 3634
2 258 3643
2 258 3652
2 258 3671
2 258 3684
2 258 3686
2 258 3689
2 258 3698
2 258 3945
2 258 4262
2 258 5914
2 258 5919
2 258 5922
2 258 5925
2 258 5927
2 258 6028
2 259 3447
2 259 3455
2 259 3576
2 259 3577
2 259 6168
2 259 6174
2 260 263
2 260 267
2 260 305
2 260 3620
2 260 3624
2 260 3634
2 260 3657
2 260 3661
2 260 3666
2 260 3669
2 260 3671
2 260 3945
2 260 4274
2 260 5927
2 260 5991
2 260 5997
2 260 6035
2 261 638
2 261 645
2 261 669
2 261 4587
2 261 4593
2 261 4596
2 261 4598
2 261 4980
2 261 5319
2 261 5320
2 262 264
2 262 270
2 262 531
2 262 557
2 262 598
2 262 655
2 262 4610
2 262 4612
2 262 4613
2 262 4893
2 262 4912
2 262 4925
2 262 4933
2 262 5022
2 262 5041
2 262 5304
2 262 5331
2 262 5468
2 262 5501
2 262 5545
2 262 5546
2 263 3620
2 263 3634
2 263 3666
2 263 3671
2 263 5922
2 263 5925
2 263 5927
2 263 5991
2 263 5997
2 264 292
2 264 598
2 264 632
2 264 655
2 264 666
2 264 675
2 264 683
2 264 690
2 264 4606
2 264 4610
2 264 4615
2 264 4912
2 264 5041
2 264 5052
2 264 5059
2 264 5062
2 264 5080
2 264 5087
2 264 5097
2 264 5311
2 264 5313
2 264 5314
2 264 5331
2 264 5478
2 264 5490
2 264 5496
2 264 5501
2 265 657
2 265 669
2 265 775
2 265 780
2 265 788
2 265 4609
2 265 5126
2 265 5128
2 265 5461
2 265 5464
2 265 5467
2 266 268
2 266 275
2 266 3236
2 266 3743
2 266 3908
2 266 3909
2 266 3911
2 266 3912
2 266 3937
2 266 3940
2 266 5921
2 267 272
2 267 3600
2 267 3605
2 267 3615
2 267 3620
2 267 3624
2 267 3634
2 267 3657
2 267 3669
2 267 4274
2 267 4277
2 267 4278
2 267 4280
2 267 4283
2 267 4284
2 267 5937
2 267 5940
2 267 5997
2 267 6050
2 268 275
2 268 3730
2 268 3743
2 268 3912
2 268 5921
2 268 5929
2 269 271
2 269 3421
2 269 3426
2 269 3434
2 269 3586
2 269 3587
2 269 6188
2 269 6189
2 269 6191
2 270 557
2 270 4883
2 270 4912
2 270 5496
2 270 5501
2 271 276
2 271 439
2 271 446
2 271 474
2 271 3426
2 271 3429
2 271 3434
2 271 3471
2 271 3577
2 271 3581
2 271 3582
2 271 3583
2 271 3585
2 271 3586
2 271 3587
2 271 3589
2 271 3595
2 271 4086
2 271 4355
2 271 6147
2 271 6174
2 271 6184
2 271 6189
2 271 6191
2 271 6195
2 271 6200
2 271 6220
2 271 6228
2 272 278
2 272 283
2 272 3594
2 272 3605
2 272 3651
2 272 4274
2 272 4277
2 272 4278
2 272 4280
2 272 4283
2 272 5927
2 272 5930
2 272 5937
2 272 5940
2 272 5945
2 272 5954
2 272 5997
2 273 657
2 273 4581
2 273 4587
2 273 4990
2 273 4997
2 273 5327
2 273 5503
2 273 5505
2 273 5507
2 274 669
2 274 679
2 274 706
2 274 775
2 274 795
2 274 803
2 274 809
2 274 4594
2 274 4600
2 274 5131
2 274 5134
2 274 5135
2 274 5450
2 274 5452
2 274 5453
2 274 5456
2 274 5461
2 275 279
2 275 3236
2 275 3702
2 275 3707
2 275 3711
2 275 3716
2 275 3730
2 275 3912
2 275 3936
2 275 3937
2 275 3940
2 275 5921
2 276 446
2 276 3418
2 276 3589
2 276 3592
2 276 3593
2 276 3595
2 276 6195
2 276 6197
2 276 6200
2 276 6228
2 277 657
2 277 663
2 277 4581
2 277 4996
2 277 4997
2 277 5503
2 278 283
2 278 3594
2 278 3619
2 278 3628
2 278 4283
2 278 4284
2 278 4287
2 278 5950
2 278 5954
2 278 5997
2 279 3702
2 279 3707
2 279 3711
2 279 3716
2 279 3936
2 279 3937
2 280 288
2 280 3400
2 280 3402
2 280 3408
2 280 3595
2 280 3596
2 280 3598
2 280 6200
2 280 6205
2 281 284
2 281 663
2 281 669
2 281 670
2 281 4996
2 281 5334
2 281 5493
2 281 5498
2 281 5503
2 282 283
2 282 289
2 282 3570
2 282 3579
2 282 4287
2 282 4288
2 282 5961
2 282 5976
2 282 6018
2 282 6029
2 283 289
2 283 328
2 283 3554
2 283 3579
2 283 3619
2 283 3651
2 283 4287
2 283 4288
2 283 5927
2 283 5954
2 283 5957
2 283 5961
2 283 5976
2 283 5985
2 283 5988
2 283 5993
2 283 5997
2 283 6018
2 283 6029
2 284 669
2 284 670
2 284 679
2 284 5333
2 284 5334
2 284 5493
2 284 5498
2 285 293
2 285 3686
2 285 3698
2 285 3702
2 285 3936
2 285 3937
2 285 3939
2 286 288
2 286 294
2 286 3393
2 286 3601
2 286 3604
2 286 6208
2 287 291
2 287 679
2 287 686
2 287 4572
2 287 4575
2 287 4996
2 287 5004
2 287 5011
2 287 5334
2 287 5493
2 287 5498
2 288 294
2 288 344
2 288 451
2 288 458
2 288 465
2 288 3359
2 288 3360
2 288 3393
2 288 3400
2 288 3595
2 288 3598
2 288 3601
2 288 3604
2 288 4086
2 288 4092
2 288 4096
2 288 6124
2 288 6171
2 288 6200
2 288 6208
2 288 6228
2 288 6258
2 289 296
2 289 303
2 289 336
2 289 3554
2 289 3560
2 289 3564
2 289 3570
2 289 3578
2 289 3597
2 289 3986
2 289 3989
2 289 4288
2 289 5961
2 289 5971
2 289 5976
2 289 5985
2 289 5988
2 289 6018
2 289 6029
2 290 293
2 290 3686
2 290 3942
2 290 3944
2 290 3945
2 290 3947
2 290 5975
2 291 309
2 291 669
2 291 679
2 291 686
2 291 693
2 291 714
2 291 4570
2 291 4996
2 291 5004
2 291 5011
2 291 5015
2 291 5021
2 291 5337
2 291 5481
2 291 5498
2 292 310
2 292 613
2 292 626
2 292 632
2 292 690
2 292 4601
2 292 4606
2 292 4615
2 292 4912
2 292 4929
2 292 4966
2 292 4980
2 292 4985
2 292 5052
2 292 5062
2 292 5069
2 292 5071
2 292 5317
2 292 5320
2 292 5325
2 292 5496
2 292 5523
2 293 313
2 293 3651
2 293 3666
2 293 3671
2 293 3686
2 293 3698
2 293 3707
2 293 3937
2 293 3940
2 293 3942
2 293 3944
2 293 3947
2 293 5914
2 293 5975
2 294 299
2 294 344
2 294 465
2 294 472
2 294 3346
2 294 3355
2 294 3379
2 294 3382
2 294 3386
2 294 3399
2 294 3598
2 294 3601
2 294 3604
2 294 4096
2 294 6171
2 294 6208
2 294 6211
2 294 6216
2 294 6222
2 294 6258
2 295 298
2 295 679
2 295 686
2 295 693
2 295 700
2 295 4569
2 295 5015
2 295 5337
2 295 5338
2 295 5486
2 296 302
2 296 303
2 296 3560
2 296 3584
2 296 3597
2 296 5985
2 296 5988
2 296 5993
2 296 5998
2 297 301
2 297 822
2 297 827
2 297 845
2 297 852
2 297 4591
2 297 5139
2 297 5145
2 297 5433
2 297 5436
2 298 309
2 298 693
2 298 700
2 298 706
2 298 707
2 298 714
2 298 4569
2 298 5021
2 298 5485
2 298 5486
2 299 307
2 299 3367
2 299 3374
2 299 3379
2 299 3382
2 299 3399
2 299 3604
2 299 6216
2 299 6221
2 299 6222
2 299 6231
2 299 6234
2 300 739
2 300 752
2 300 5078
2 300 5086
2 300 5355
2 300 5431
2 300 5435
2 301 320
2 301 714
2 301 741
2 301 827
2 301 839
2 301 845
2 301 852
2 301 4584
2 301 5142
2 301 5145
2 301 5149
2 301 5349
2 301 5433
2 302 303
2 302 308
2 302 311
2 302 3526
2 302 3569
2 302 3584
2 302 4303
2 302 4304
2 302 4305
2 302 4308
2 302 4309
2 302 5998
2 302 6004
2 302 6055
2 302 6087
2 302 6100
2 303 311
2 303 336
2 303 3569
2 303 3578
2 303 3584
2 303 4303
2 303 4308
2 303 5988
2 303 5993
2 303 5998
2 303 6029
2 303 6055
2 303 6087
2 303 6100
2 304 845
2 304 852
2 304 859
2 304 4584
2 304 5149
2 304 5150
2 304 5354
2 305 313
2 305 3270
2 305 3628
2 305 3633
2 305 3642
2 305 3651
2 305 3661
2 305 3683
2 305 3947
2 305 5991
2 305 5997
2 305 6005
2 305 6080
2 305 6085
2 306 309
2 306 706
2 306 714
2 306 4563
2 306 5025
2 306 5034
2 306 5480
2 306 5485
2 307 315
2 307 319
2 307 472
2 307 483
2 307 490
2 307 3345
2 307 3354
2 307 3362
2 307 3367
2 307 3369
2 307 3379
2 307 3399
2 307 4101
2 307 6193
2 307 6221
2 307 6222
2 307 6224
2 307 6231
2 307 6234
2 307 6268
2 308 311
2 308 3526
2 308 4304
2 308 4305
2 308 4308
2 308 4309
2 308 6006
2 309 314
2 309 317
2 309 324
2 309 351
2 309 669
2 309 693
2 309 707
2 309 714
2 309 722
2 309 735
2 309 748
2 309 767
2 309 852
2 309 1842
2 309 2147
2 309 4545
2 309 4552
2 309 4555
2 309 4563
2 309 4598
2 309 4815
2 309 4889
2 309 4996
2 309 5002
2 309 5021
2 309 5025
2 309 5030
2 309 5033
2 309 5105
2 309 5357
2 309 5445
2 309 5455
2 309 5472
2 309 5473
2 309 5481
2 309 5498
2 309 5543
2 310 613
2 310 639
2 310 4929
2 310 4948
2 310 4963
2 310 4980
2 310 4990
2 310 4996
2 310 5069
2 310 5078
2 310 5325
2 310 5507
2 310 5512
2 310 5523
2 311 323
2 311 328
2 311 3526
2 311 3559
2 311 3569
2 311 4303
2 311 4304
2 311 4305
2 311 4308
2 311 4313
2 311 5993
2 311 6004
2 311 6006
2 311 6010
2 311 6055
2 311 6059
2 312 852
2 312 859
2 312 865
2 312 5149
2 312 5150
2 312 5153
2 312 5423
2 312 5424
2 313 318
2 313 339
2 313 457
2 313 466
2 313 476
2 313 3270
2 313 3281
2 313 3559
2 313 3619
2 313 3642
2 313 3651
2 313 3666
2 313 3683
2 313 3707
2 313 3937
2 313 3940
2 313 3947
2 313 3978
2 313 3985
2 313 4009
2 313 4037
2 313 5921
2 313 5984
2 313 5997
2 313 6005
2 313 6029
2 313 6062
2 314 317
2 314 722
2 314 728
2 314 5030
2 314 5034
2 314 5343
2 314 5472
2 314 5473
2 315 319
2 315 411
2 315 490
2 315 3351
2 315 3362
2 315 3373
2 315 3399
2 315 6231
2 315 6234
2 315 6236
2 315 6268
2 316 474
2 316 476
2 316 3350
2 316 3352
2 316 3471
2 316 3478
2 316 6220
2 317 320
2 317 722
2 317 728
2 317 735
2 317 4555
2 317 4559
2 317 5030
2 317 5033
2 317 5346
2 317 5472
2 318 3281
2 318 3619
2 318 3628
2 318 3633
2 318 3656
2 318 3683
2 318 3978
2 318 3981
2 318 3985
2 318 6005
2 318 6085
2 319 326
2 319 490
2 319 496
2 319 3328
2 319 3343
2 319 3345
2 319 3351
2 319 3361
2 319 3362
2 319 3373
2 319 3655
2 319 4101
2 319 4389
2 319 6158
2 319 6236
2 319 6241
2 319 6245
2 319 6246
2 319 6268
2 319 6291
2 320 324
2 320 714
2 320 722
2 320 728
2 320 735
2 320 741
2 320 767
2 320 852
2 320 4559
2 320 5040
2 320 5346
2 321 323
2 321 328
2 321 3505
2 321 4317
2 321 4318
2 321 6021
2 321 6026
2 322 767
2 322 852
2 322 865
2 322 872
2 322 883
2 322 895
2 322 5149
2 322 5154
2 322 5155
2 323 328
2 323 3511
2 323 3532
2 323 4313
2 323 4314
2 323 4317
2 323 4318
2 323 6010
2 323 6014
2 323 6021
2 323 6026
2 323 6059
2 323 6062
2 324 722
2 324 735
2 324 741
2 324 748
2 324 767
2 324 852
2 324 4552
2 324 4555
2 324 5043
2 324 5350
2 325 3599
2 325 3619
2 325 3982
2 325 3985
2 325 3986
2 325 6018
2 325 6029
2 326 330
2 326 331
2 326 496
2 326 3320
2 326 3328
2 326 3332
2 326 3361
2 326 3655
2 326 3658
2 326 6245
2 326 6246
2 326 6248
2 327 328
2 327 332
2 327 3475
2 327 3481
2 327 3490
2 327 3505
2 327 3513
2 327 3542
2 327 3545
2 327 4038
2 327 4041
2 327 4318
2 327 6030
2 327 6034
2 327 6038
2 327 6076
2 327 6131
2 328 332
2 328 429
2 328 457
2 328 3411
2 328 3490
2 328 3499
2 328 3505
2 328 3511
2 328 3532
2 328 3559
2 328 3651
2 328 4038
2 328 4318
2 328 4337
2 328 5914
2 328 5921
2 328 5927
2 328 5954
2 328 5993
2 328 6006
2 328 6010
2 328 6021
2 328 6026
2 328 6029
2 328 6030
2 328 6034
2 328 6038
2 328 6043
2 328 6056
2 328 6059
2 328 6062
2 328 6068
2 328 6076
2 328 6088
2 328 6138
2 329 336
2 329 339
2 329 3308
2 329 3310
2 329 3599
2 329 3985
2 329 3987
2 329 3989
2 329 4037
2 329 6029
2 329 6121
2 329 6128
2 330 331
2 330 341
2 330 344
2 330 353
2 330 356
2 330 365
2 330 445
2 330 468
2 330 488
2 330 526
2 330 3243
2 330 3250
2 330 3271
2 330 3314
2 330 3320
2 330 3331
2 330 3332
2 330 3351
2 330 3360
2 330 3361
2 330 3373
2 330 3604
2 330 3607
2 330 3658
2 330 3660
2 330 3662
2 330 3664
2 330 3665
2 330 3668
2 330 3670
2 330 6241
2 330 6245
2 330 6261
2 330 6269
2 330 6292
2 330 6317
2 330 6378
2 331 496
2 331 3317
2 331 3320
2 331 3325
2 331 3328
2 331 3361
2 331 3658
2 331 3660
2 331 3662
2 331 6246
2 331 6253
2 331 6261
2 332 347
2 332 3468
2 332 3475
2 332 3481
2 332 3490
2 332 3504
2 332 3506
2 332 3513
2 332 3545
2 332 4041
2 332 4047
2 332 4337
2 332 6038
2 332 6040
2 332 6076
2 332 6088
2 333 337
2 333 342
2 333 741
2 333 789
2 333 796
2 333 5119
2 333 5124
2 333 5142
2 333 5349
2 334 894
2 334 895
2 334 899
2 334 4565
2 334 4566
2 334 5158
2 334 5159
2 335 658
2 335 671
2 335 680
2 335 4563
2 335 4583
2 335 4988
2 335 5002
2 335 5033
2 335 5481
2 336 339
2 336 349
2 336 3308
2 336 3569
2 336 3578
2 336 3584
2 336 3602
2 336 3608
2 336 3626
2 336 3989
2 336 6029
2 336 6121
2 336 6128
2 337 342
2 337 796
2 337 815
2 337 5124
2 337 5132
2 337 5365
2 337 5400
2 338 340
2 338 761
2 338 767
2 338 772
2 338 4538
2 338 4545
2 338 5064
2 338 5361
2 338 5445
2 338 5455
2 339 349
2 339 3308
2 339 3310
2 339 3559
2 339 3569
2 339 3578
2 339 3599
2 339 3985
2 339 4037
2 339 6029
2 340 767
2 340 772
2 340 777
2 340 4538
2 340 5064
2 340 5361
2 340 5363
2 340 5443
2 340 5445
2 341 356
2 341 3302
2 341 3311
2 341 3662
2 341 3664
2 341 3665
2 341 3668
2 341 4403
2 341 6269
2 342 352
2 342 680
2 342 715
2 342 741
2 342 796
2 342 815
2 342 823
2 342 4577
2 342 5124
2 342 5129
2 342 5142
2 342 5149
2 342 5150
2 342 5153
2 342 5349
2 342 5400
2 342 5424
2 343 345
2 343 348
2 343 351
2 343 767
2 343 800
2 343 818
2 343 825
2 343 852
2 343 895
2 343 899
2 343 906
2 343 919
2 343 4558
2 343 4560
2 343 4562
2 343 5162
2 343 5403
2 343 5445
2 344 411
2 344 499
2 344 3331
2 344 3359
2 344 3360
2 344 3373
2 344 3399
2 344 3598
2 344 3601
2 344 3604
2 344 4092
2 344 4096
2 344 4097
2 344 4100
2 344 6228
2 344 6258
2 344 6299
2 345 348
2 345 852
2 345 894
2 345 899
2 345 906
2 345 910
2 345 913
2 345 919
2 345 4558
2 345 4562
2 345 5162
2 346 351
2 346 784
2 346 800
2 346 4537
2 346 5067
2 346 5363
2 346 5429
2 347 364
2 347 3453
2 347 3457
2 347 3468
2 347 3475
2 347 3504
2 347 3506
2 347 4047
2 347 4337
2 347 4338
2 347 4340
2 347 6043
2 347 6049
2 347 6052
2 347 6088
2 347 6103
2 347 6142
2 347 6155
2 348 354
2 348 355
2 348 818
2 348 825
2 348 910
2 348 913
2 348 915
2 348 919
2 348 4551
2 348 4554
2 348 5162
2 348 5163
2 348 5388
2 348 5394
2 349 3308
2 349 3310
2 349 3559
2 349 3569
2 349 3578
2 349 3602
2 349 3608
2 349 4037
2 350 823
2 350 828
2 350 833
2 350 840
2 350 4578
2 350 4586
2 350 5129
2 350 5132
2 350 5153
2 350 5154
2 350 5381
2 350 5384
2 350 5412
2 351 357
2 351 360
2 351 372
2 351 767
2 351 784
2 351 800
2 351 819
2 351 825
2 351 836
2 351 849
2 351 919
2 351 1055
2 351 1842
2 351 2147
2 351 4209
2 351 4534
2 351 4535
2 351 4537
2 351 5067
2 351 5077
2 351 5083
2 351 5090
2 351 5105
2 351 5179
2 351 5416
2 351 5426
2 351 5445
2 351 5455
2 352 680
2 352 715
2 352 741
2 352 4555
2 352 5002
2 352 5014
2 352 5033
2 352 5124
2 352 5129
2 352 5368
2 353 356
2 353 365
2 353 3271
2 353 3331
2 353 3670
2 353 3673
2 353 3674
2 353 3675
2 353 6241
2 353 6269
2 353 6272
2 353 6277
2 353 6282
2 353 6292
2 354 355
2 354 825
2 354 913
2 354 915
2 354 919
2 354 4145
2 354 4548
2 354 4551
2 354 5385
2 355 359
2 355 825
2 355 849
2 355 919
2 355 923
2 355 4145
2 355 4544
2 355 4548
2 355 4551
2 355 5165
2 355 5378
2 355 5382
2 356 3287
2 356 3299
2 356 3302
2 356 3331
2 356 3662
2 356 3664
2 356 3668
2 356 3670
2 356 3673
2 356 3674
2 356 3675
2 356 3677
2 356 3680
2 356 4400
2 356 4403
2 356 4404
2 356 4407
2 356 4408
2 356 4409
2 356 4413
2 356 6213
2 356 6226
2 356 6272
2 356 6277
2 356 6317
2 357 360
2 357 800
2 357 812
2 357 818
2 357 819
2 357 825
2 357 4533
2 357 4534
2 357 5083
2 357 5425
2 358 749
2 358 846
2 358 4574
2 358 4586
2 358 5029
2 358 5377
2 358 5381
2 358 5384
2 358 5420
2 359 825
2 359 849
2 359 919
2 359 923
2 359 963
2 359 4141
2 359 4145
2 359 4541
2 359 4544
2 359 4551
2 359 5165
2 359 5168
2 359 5178
2 359 5378
2 359 5382
2 360 362
2 360 818
2 360 819
2 360 825
2 360 836
2 360 849
2 360 4533
2 360 5090
2 360 5369
2 360 5416
2 361 363
2 361 846
2 361 853
2 361 860
2 361 866
2 361 4542
2 361 4565
2 361 4574
2 361 5141
2 361 5377
2 361 5381
2 361 5403
2 361 5429
2 362 819
2 362 825
2 362 831
2 362 4531
2 362 5090
2 362 5369
2 362 5416
2 362 5418
2 363 846
2 363 860
2 363 866
2 363 4560
2 363 4565
2 363 4566
2 363 5141
2 363 5377
2 363 5394
2 363 5403
2 364 399
2 364 3450
2 364 3453
2 364 3457
2 364 4047
2 364 4338
2 364 4340
2 364 4341
2 364 6052
2 364 6056
2 364 6155
2 365 3271
2 365 3291
2 365 3331
2 365 3675
2 365 3677
2 365 3680
2 365 3682
2 365 6282
2 365 6285
2 365 6292
2 365 6302
2 366 368
2 366 836
2 366 843
2 366 4530
2 366 5093
2 366 5100
2 366 5105
2 366 5106
2 366 5372
2 366 5416
2 367 860
2 367 866
2 367 889
2 367 4122
2 367 4554
2 367 4574
2 367 5141
2 367 5146
2 367 5394
2 368 369
2 368 372
2 368 836
2 368 843
2 368 849
2 368 862
2 368 5105
2 368 5106
2 368 5372
2 368 5404
2 368 5406
2 368 5416
2 369 370
2 369 849
2 369 856
2 369 862
2 369 4527
2 369 5105
2 369 5110
2 369 5113
2 369 5399
2 369 5404
2 370 849
2 370 856
2 370 862
2 370 869
2 370 970
2 370 2044
2 370 5110
2 370 5118
2 370 5375
2 370 5396
2 370 5399
2 371 372
2 371 862
2 371 869
2 371 875
2 371 4526
2 371 5122
2 371 5391
2 371 5392
2 372 836
2 372 849
2 372 862
2 372 869
2 372 875
2 372 973
2 372 997
2 372 1000
2 372 1034
2 372 1055
2 372 4119
2 372 4121
2 372 4123
2 372 5105
2 372 5122
2 372 5179
2 372 5181
2 372 5392
2 373 792
2 373 1004
2 373 1935
2 373 1953
2 373 1991
2 373 2000
2 373 4117
2 373 4124
2 373 4133
2 373 5055
2 373 5105
2 373 5110
2 373 5113
2 373 5122
2 373 5372
2 373 5374
2 373 5375
2 373 5392
2 373 5406
2 374 375
2 374 378
2 374 4759
2 374 4761
2 374 4775
2 374 4778
2 374 5202
2 374 5204
2 374 5207
2 374 5222
2 374 5223
2 374 5699
2 374 5712
2 374 5723
2 375 382
2 375 387
2 375 4737
2 375 4741
2 375 4778
2 375 4780
2 375 4791
2 375 4837
2 375 4842
2 375 5202
2 375 5204
2 375 5207
2 375 5212
2 375 5222
2 375 5682
2 376 378
2 376 382
2 376 413
2 376 423
2 376 442
2 376 4726
2 376 4729
2 376 4736
2 376 4761
2 376 4762
2 376 4765
2 376 4784
2 376 4792
2 376 4795
2 376 4828
2 376 4845
2 376 4860
2 376 4865
2 376 4873
2 376 5184
2 376 5190
2 376 5200
2 376 5223
2 376 5675
2 376 5690
2 376 5702
2 376 5712
2 376 5723
2 377 381
2 377 384
2 377 386
2 377 395
2 377 4009
2 377 4765
2 377 4771
2 377 4774
2 377 4795
2 377 4800
2 377 4805
2 377 4808
2 377 4828
2 377 5193
2 377 5195
2 377 5667
2 377 5680
2 377 5706
2 378 382
2 378 4736
2 378 4761
2 378 4785
2 378 4860
2 378 4865
2 378 4873
2 378 5200
2 378 5202
2 378 5204
2 378 5205
2 378 5207
2 378 5675
2 378 5723
2 379 4785
2 379 5204
2 379 5205
2 379 5207
2 379 5209
2 379 5720
2 379 5722
2 380 383
2 380 387
2 380 397
2 380 428
2 380 4724
2 380 4733
2 380 4737
2 380 4748
2 380 4780
2 380 4781
2 380 4782
2 380 4801
2 380 4849
2 380 4858
2 380 4892
2 380 5670
2 380 5676
2 380 5682
2 380 5709
2 380 5714
2 381 384
2 381 4770
2 381 4771
2 381 4805
2 381 4808
2 381 5193
2 381 5195
2 381 5665
2 381 5667
2 382 385
2 382 387
2 382 4729
2 382 4736
2 382 4747
2 382 4785
2 382 4791
2 382 4792
2 382 4842
2 382 4873
2 382 4876
2 382 4880
2 382 4892
2 382 5205
2 382 5207
2 382 5209
2 382 5210
2 382 5720
2 383 4733
2 383 4788
2 383 4801
2 383 5664
2 383 5670
2 383 5676
2 384 386
2 384 410
2 384 4009
2 384 4768
2 384 4771
2 384 4774
2 384 4808
2 384 4814
2 384 5188
2 384 5193
2 384 5195
2 384 5198
2 384 5665
2 384 5667
2 385 387
2 385 4729
2 385 4732
2 385 4791
2 385 4792
2 385 5210
2 385 5212
2 386 389
2 386 395
2 386 396
2 386 402
2 386 405
2 386 407
2 386 410
2 386 433
2 386 442
2 386 509
2 386 540
2 386 4009
2 386 4759
2 386 4764
2 386 4768
2 386 4808
2 386 4814
2 386 4827
2 386 5189
2 386 5198
2 386 5655
2 386 5656
2 386 5667
2 386 5696
2 386 5778
2 387 388
2 387 393
2 387 443
2 387 455
2 387 4724
2 387 4729
2 387 4732
2 387 4737
2 387 4744
2 387 4747
2 387 4791
2 387 4792
2 387 4794
2 387 4842
2 387 4873
2 387 4880
2 387 4892
2 387 5207
2 387 5212
2 387 5714
2 388 392
2 388 393
2 388 400
2 388 404
2 388 423
2 388 455
2 388 4724
2 388 4726
2 388 4729
2 388 4794
2 388 5219
2 388 5718
2 389 396
2 389 4764
2 389 4814
2 389 5189
2 389 5653
2 389 5655
2 389 5656
2 390 4720
2 390 4724
2 390 4726
2 390 4794
2 390 4798
2 390 5219
2 391 394
2 391 397
2 391 404
2 391 406
2 391 428
2 391 444
2 391 4723
2 391 4727
2 391 4733
2 391 4789
2 391 4815
2 391 4818
2 391 4872
2 391 5226
2 391 5233
2 391 5645
2 391 5694
2 391 5698
2 391 5705
2 392 393
2 392 400
2 392 4720
2 392 4726
2 392 4798
2 392 4801
2 392 4803
2 392 4815
2 392 5219
2 392 5225
2 392 5717
2 393 400
2 393 455
2 393 4720
2 393 4724
2 393 4801
2 393 5219
2 393 5225
2 393 5709
2 393 5714
2 393 5717
2 394 412
2 394 444
2 394 464
2 394 4708
2 394 4723
2 394 4727
2 394 4748
2 394 4809
2 394 4872
2 394 5233
2 394 5635
2 394 5645
2 394 5664
2 394 5684
2 395 405
2 395 407
2 395 423
2 395 442
2 395 509
2 395 4757
2 395 4762
2 395 4765
2 395 4774
2 395 4795
2 395 4828
2 395 4833
2 395 5188
2 395 5189
2 395 5190
2 395 5690
2 395 5696
2 395 5706
2 396 402
2 396 4759
2 396 4761
2 396 4764
2 396 4827
2 396 4860
2 396 5189
2 397 400
2 397 4714
2 397 4733
2 397 4789
2 397 4801
2 397 4803
2 397 4806
2 397 5226
2 397 5705
2 397 5708
2 397 5709
2 397 5714
2 398 401
2 398 4762
2 398 4845
2 398 5182
2 398 5696
2 398 5702
2 399 403
2 399 415
2 399 3423
2 399 3440
2 399 3450
2 399 3453
2 399 3463
2 399 3472
2 399 3479
2 399 3574
2 399 4047
2 399 4340
2 399 4341
2 399 4343
2 399 4344
2 399 4346
2 399 4347
2 399 4348
2 399 4350
2 399 6060
2 399 6063
2 399 6103
2 399 6111
2 399 6155
2 399 6164
2 400 404
2 400 455
2 400 4806
2 400 4811
2 400 4812
2 400 5226
2 400 5641
2 400 5701
2 400 5705
2 400 5708
2 400 5709
2 401 405
2 401 4762
2 401 4845
2 401 5693
2 401 5696
2 402 410
2 402 420
2 402 442
2 402 4754
2 402 4759
2 402 4761
2 402 4827
2 402 4831
2 402 4842
2 402 4860
2 402 5189
2 402 5197
2 402 5222
2 402 5620
2 403 436
2 403 3450
2 403 3461
2 403 4341
2 403 4343
2 403 4346
2 403 6056
2 403 6060
2 403 6111
2 404 406
2 404 409
2 404 412
2 404 418
2 404 444
2 404 455
2 404 469
2 404 475
2 404 491
2 404 4726
2 404 4812
2 404 4815
2 404 4817
2 404 4915
2 404 5226
2 404 5631
2 404 5641
2 404 5698
2 404 5701
2 404 5709
2 405 407
2 405 4757
2 405 4758
2 405 4845
2 405 5184
2 405 5655
2 405 5690
2 405 5693
2 405 5696
2 406 409
2 406 444
2 406 4705
2 406 4812
2 406 4815
2 406 4915
2 406 5226
2 406 5231
2 406 5233
2 406 5694
2 406 5698
2 407 423
2 407 442
2 407 4757
2 407 4758
2 407 5184
2 407 5189
2 407 5655
2 407 5690
2 407 5696
2 408 3265
2 408 3267
2 408 3275
2 408 3287
2 408 3291
2 408 3680
2 408 3682
2 408 3685
2 408 3688
2 408 3690
2 408 4416
2 408 4417
2 408 4419
2 408 4422
2 408 6242
2 408 6285
2 408 6292
2 408 6340
2 409 412
2 409 4812
2 409 4815
2 409 4817
2 409 4915
2 409 5228
2 409 5231
2 409 5233
2 409 5631
2 409 5691
2 410 414
2 410 433
2 410 442
2 410 4748
2 410 4753
2 410 4759
2 410 4814
2 410 4827
2 410 4831
2 410 4842
2 410 4849
2 410 5197
2 410 5229
2 410 5620
2 410 5623
2 411 533
2 411 3360
2 411 3373
2 411 3399
2 411 3604
2 411 4100
2 411 4101
2 411 6234
2 411 6258
2 411 6268
2 411 6299
2 412 418
2 412 503
2 412 4815
2 412 4817
2 412 4818
2 412 4821
2 412 4915
2 412 5228
2 412 5233
2 412 5236
2 412 5631
2 412 5684
2 412 5688
2 413 417
2 413 4754
2 413 4860
2 413 4865
2 413 5190
2 413 5675
2 414 433
2 414 442
2 414 463
2 414 4753
2 414 4849
2 414 4858
2 414 4886
2 414 4892
2 414 5197
2 414 5229
2 414 5620
2 414 5623
2 415 427
2 415 4346
2 415 4347
2 415 4348
2 415 4350
2 415 6063
2 415 6069
2 416 418
2 416 422
2 416 425
2 416 4702
2 416 4707
2 416 4708
2 416 4818
2 416 4822
2 416 4825
2 416 5233
2 416 5239
2 416 5242
2 416 5632
2 416 5679
2 416 5684
2 416 5687
2 416 5688
2 417 420
2 417 423
2 417 4751
2 417 4754
2 417 4757
2 417 4865
2 417 4869
2 417 4873
2 417 5189
2 417 5190
2 417 5672
2 417 5675
2 418 419
2 418 422
2 418 425
2 418 430
2 418 491
2 418 503
2 418 4702
2 418 4708
2 418 4711
2 418 4726
2 418 4815
2 418 4817
2 418 4821
2 418 4901
2 418 4942
2 418 5228
2 418 5237
2 418 5242
2 418 5603
2 418 5631
2 418 5632
2 418 5671
2 418 5679
2 418 5684
2 419 422
2 419 4821
2 419 4822
2 419 5671
2 419 5679
2 420 423
2 420 4751
2 420 4754
2 420 4860
2 420 4873
2 420 5194
2 420 5197
2 420 5672
2 420 5675
2 421 3310
2 421 3313
2 421 3532
2 421 3551
2 421 3559
2 421 4034
2 421 4037
2 421 4038
2 421 6055
2 421 6059
2 421 6062
2 421 6151
2 422 425
2 422 4702
2 422 4822
2 422 4825
2 422 5671
2 422 5679
2 423 432
2 423 442
2 423 4726
2 423 4729
2 423 4747
2 423 4751
2 423 4754
2 423 4757
2 423 4765
2 423 4869
2 423 4873
2 423 4876
2 423 4880
2 423 5189
2 423 5190
2 423 5197
2 423 5659
2 423 5672
2 423 5690
2 424 3265
2 424 3271
2 424 3275
2 424 3690
2 424 3691
2 424 3692
2 424 6302
2 425 430
2 425 4694
2 425 4702
2 425 4825
2 425 4830
2 425 4901
2 425 4942
2 425 4969
2 425 5237
2 425 5245
2 425 5247
2 425 5255
2 425 5601
2 425 5603
2 425 5632
2 425 5671
2 426 435
2 426 4679
2 426 4696
2 426 4703
2 426 4824
2 426 4841
2 426 4848
2 426 4854
2 426 4861
2 426 4935
2 426 5252
2 427 436
2 427 3423
2 427 3440
2 427 3449
2 427 3461
2 427 4346
2 427 4350
2 427 4351
2 427 4354
2 427 6060
2 427 6069
2 427 6078
2 427 6079
2 428 433
2 428 444
2 428 469
2 428 4733
2 428 4748
2 428 4858
2 428 4872
2 428 4892
2 428 4915
2 428 5220
2 428 5226
2 428 5709
2 429 3520
2 429 3532
2 429 4037
2 429 4038
2 429 4040
2 429 6068
2 429 6071
2 429 6076
2 430 491
2 430 503
2 430 525
2 430 775
2 430 4689
2 430 4694
2 430 4711
2 430 4726
2 430 4815
2 430 4821
2 430 4830
2 430 4835
2 430 4841
2 430 4846
2 430 4855
2 430 4969
2 430 4973
2 430 5245
2 430 5247
2 430 5601
2 430 5603
2 430 5658
2 430 5660
2 430 5671
2 431 3261
2 431 3265
2 431 3692
2 431 3694
2 431 3696
2 431 3697
2 431 3700
2 431 3701
2 431 4422
2 431 4426
2 431 4428
2 431 4429
2 431 4432
2 431 6254
2 431 6305
2 431 6316
2 431 6340
2 431 6347
2 431 6366
2 432 442
2 432 4747
2 432 4880
2 432 4886
2 432 5659
2 433 442
2 433 444
2 433 450
2 433 456
2 433 463
2 433 509
2 433 540
2 433 4748
2 433 4753
2 433 4858
2 433 4872
2 433 5220
2 433 5621
2 434 436
2 434 439
2 434 441
2 434 3429
2 434 3449
2 434 4079
2 434 4354
2 434 4355
2 434 6084
2 434 6091
2 435 447
2 435 4689
2 435 4703
2 435 4830
2 435 4841
2 435 4846
2 435 4848
2 435 4908
2 435 4969
2 435 5247
2 435 5658
2 435 5660
2 436 441
2 436 457
2 436 3397
2 436 3411
2 436 3429
2 436 3440
2 436 3449
2 436 3461
2 436 4079
2 436 4346
2 436 4350
2 436 4354
2 436 4355
2 436 6056
2 436 6060
2 436 6069
2 436 6079
2 436 6084
2 436 6091
2 436 6096
2 436 6111
2 436 6138
2 436 6147
2 437 442
2 437 443
2 437 4747
2 437 4886
2 437 4892
2 437 5652
2 438 445
2 438 3243
2 438 3251
2 438 3697
2 438 3700
2 438 3701
2 438 3703
2 438 3704
2 438 6302
2 438 6316
2 438 6347
2 438 6366
2 439 441
2 439 446
2 439 3388
2 439 3397
2 439 3429
2 439 4355
2 439 6091
2 439 6096
2 439 6104
2 439 6147
2 439 6189
2 440 477
2 440 4838
2 440 4854
2 440 4861
2 440 4935
2 440 4940
2 440 5258
2 440 5262
2 440 5285
2 440 5287
2 440 5591
2 441 446
2 441 452
2 441 3397
2 441 3429
2 441 4355
2 441 6091
2 441 6096
2 441 6147
2 442 443
2 442 463
2 442 475
2 442 491
2 442 509
2 442 527
2 442 573
2 442 775
2 442 4742
2 442 4747
2 442 4751
2 442 4754
2 442 4757
2 442 4765
2 442 4886
2 442 4892
2 442 4896
2 442 5189
2 442 5215
2 442 5634
2 442 5652
2 442 5659
2 443 4744
2 443 4747
2 443 4892
2 443 5652
2 444 450
2 444 480
2 444 4872
2 444 4915
2 444 5220
2 444 5226
2 444 5233
2 445 448
2 445 468
2 445 488
2 445 526
2 445 3239
2 445 3243
2 445 3250
2 445 3271
2 445 3703
2 445 3704
2 445 3705
2 445 3706
2 445 3709
2 445 3713
2 445 3720
2 445 6302
2 445 6326
2 445 6347
2 445 6366
2 446 451
2 446 452
2 446 3380
2 446 3388
2 446 3411
2 446 3426
2 446 3429
2 446 3595
2 446 4086
2 446 6096
2 446 6104
2 446 6108
2 446 6147
2 446 6189
2 446 6195
2 446 6200
2 447 4841
2 447 4846
2 447 4848
2 447 5247
2 447 5648
2 448 3219
2 448 3230
2 448 3233
2 448 3237
2 448 3250
2 448 3706
2 448 3709
2 448 3713
2 448 3715
2 448 4439
2 448 4440
2 448 4442
2 448 4443
2 448 4445
2 448 6332
2 448 6336
2 448 6366
2 449 4744
2 449 4892
2 449 4896
2 449 5646
2 449 5652
2 450 456
2 450 470
2 450 509
2 450 4915
2 450 5614
2 450 5621
2 451 452
2 451 458
2 451 3370
2 451 3376
2 451 3380
2 451 3411
2 451 4086
2 451 4092
2 451 6108
2 451 6113
2 451 6117
2 451 6124
2 451 6200
2 452 458
2 452 3370
2 452 3376
2 452 3380
2 452 3411
2 452 6096
2 452 6108
2 452 6113
2 452 6117
2 452 6127
2 452 6147
2 453 461
2 453 4661
2 453 4671
2 453 4704
2 453 4838
2 453 4960
2 453 4967
2 453 5287
2 453 5295
2 453 5529
2 453 5591
2 453 5615
2 454 457
2 454 459
2 454 466
2 454 3350
2 454 3463
2 454 3474
2 454 3489
2 454 3494
2 454 3501
2 454 3512
2 454 4044
2 454 4046
2 454 4047
2 454 6103
2 454 6111
2 454 6182
2 455 475
2 455 4742
2 455 4744
2 455 4892
2 455 4896
2 455 5215
2 455 5217
2 455 5641
2 455 5646
2 455 5709
2 455 5714
2 456 470
2 456 481
2 456 509
2 456 540
2 456 4734
2 456 5588
2 457 459
2 457 466
2 457 476
2 457 3411
2 457 3449
2 457 3461
2 457 3463
2 457 3474
2 457 3489
2 457 3494
2 457 3651
2 457 4037
2 457 4044
2 457 4046
2 457 5921
2 457 6056
2 457 6062
2 457 6076
2 457 6088
2 457 6103
2 457 6111
2 457 6278
2 458 465
2 458 3370
2 458 3411
2 458 4092
2 458 6117
2 458 6124
2 458 6127
2 458 6171
2 459 466
2 459 474
2 459 3350
2 459 3449
2 459 3461
2 459 3463
2 459 3474
2 459 3496
2 459 3501
2 459 3512
2 460 467
2 460 4679
2 460 4846
2 460 4848
2 460 4852
2 460 4855
2 460 4973
2 460 4978
2 460 4983
2 460 5252
2 460 5581
2 460 5648
2 461 478
2 461 4671
2 461 4695
2 461 4704
2 461 4838
2 461 4967
2 461 5285
2 461 5287
2 461 5295
2 461 5531
2 461 5558
2 461 5562
2 461 5566
2 461 5591
2 462 468
2 462 471
2 462 604
2 462 3205
2 462 3209
2 462 3211
2 462 3219
2 462 3250
2 462 3725
2 462 3726
2 462 3728
2 462 3729
2 462 4449
2 462 4452
2 462 4453
2 462 4455
2 462 6342
2 462 6348
2 462 6401
2 463 475
2 463 509
2 463 4739
2 463 4742
2 463 4858
2 463 4892
2 463 4896
2 463 5215
2 463 5217
2 463 5220
2 463 5621
2 463 5634
2 463 5641
2 463 5643
2 463 5646
2 464 4708
2 464 4734
2 464 5575
2 464 5588
2 465 472
2 465 3346
2 465 3349
2 465 3355
2 465 3358
2 465 3369
2 465 3379
2 465 4092
2 465 4096
2 465 6124
2 465 6127
2 465 6132
2 465 6134
2 465 6138
2 465 6171
2 465 6208
2 466 474
2 466 476
2 466 3313
2 466 3350
2 466 3352
2 466 3411
2 466 3449
2 466 3461
2 466 3501
2 466 4037
2 466 4044
2 466 5921
2 466 6062
2 466 6278
2 467 477
2 467 4852
2 467 4855
2 467 4861
2 467 4978
2 467 4983
2 467 5252
2 467 5253
2 467 5256
2 467 5640
2 468 471
2 468 488
2 468 526
2 468 3192
2 468 3197
2 468 3209
2 468 3243
2 468 3250
2 468 3271
2 468 3607
2 468 3720
2 468 3726
2 468 3728
2 468 3729
2 468 3731
2 468 3732
2 468 3734
2 468 3736
2 468 6353
2 468 6369
2 468 6378
2 468 6401
2 469 475
2 469 4739
2 469 4892
2 469 4909
2 469 4915
2 469 5220
2 469 5631
2 469 5637
2 469 5641
2 469 5643
2 469 5709
2 470 481
2 470 509
2 470 510
2 470 4715
2 470 4734
2 470 4901
2 470 5237
2 470 5575
2 470 5614
2 471 604
2 471 3195
2 471 3197
2 471 3205
2 471 3729
2 471 3731
2 471 3732
2 471 3734
2 471 3737
2 471 4453
2 471 4455
2 471 4456
2 471 4457
2 471 4459
2 471 6357
2 471 6401
2 472 483
2 472 3337
2 472 3346
2 472 3349
2 472 3355
2 472 3369
2 472 3379
2 472 4101
2 472 6134
2 472 6138
2 472 6193
2 472 6222
2 473 4854
2 473 4861
2 473 4867
2 473 5256
2 473 5639
2 474 476
2 474 486
2 474 3350
2 474 3352
2 474 3429
2 474 3449
2 474 3471
2 474 3478
2 474 3496
2 474 3577
2 474 4079
2 474 4080
2 474 4081
2 474 4355
2 474 6143
2 474 6220
2 475 491
2 475 4739
2 475 4742
2 475 4909
2 475 5215
2 475 5220
2 475 5631
2 475 5634
2 475 5637
2 475 5641
2 476 499
2 476 533
2 476 617
2 476 704
2 476 936
2 476 953
2 476 3236
2 476 3280
2 476 3310
2 476 3313
2 476 3316
2 476 3350
2 476 3352
2 476 3359
2 476 3360
2 476 3363
2 476 3369
2 476 3411
2 476 3449
2 476 3767
2 476 3881
2 476 3940
2 476 3947
2 476 4009
2 476 4037
2 476 4044
2 476 4079
2 476 4080
2 476 4081
2 476 4100
2 476 5921
2 476 6119
2 476 6147
2 476 6185
2 476 6278
2 477 484
2 477 4661
2 477 4665
2 477 4669
2 477 4855
2 477 4861
2 477 4867
2 477 4875
2 477 4935
2 477 4978
2 477 4983
2 477 4987
2 477 4994
2 477 5008
2 477 5252
2 477 5256
2 477 5258
2 477 5259
2 477 5262
2 477 5267
2 477 5581
2 477 5591
2 477 5622
2 478 4671
2 478 4695
2 478 4866
2 478 4967
2 478 4982
2 478 5295
2 478 5558
2 478 5566
2 479 3188
2 479 3192
2 479 3197
2 479 3734
2 479 3736
2 479 3737
2 479 6369
2 480 4909
2 480 4915
2 480 5220
2 480 5631
2 481 487
2 481 509
2 481 510
2 481 516
2 481 540
2 481 4715
2 481 4901
2 481 5237
2 481 5575
2 482 526
2 482 533
2 482 537
2 482 542
2 482 550
2 482 559
2 482 563
2 482 569
2 482 575
2 482 590
2 482 617
2 482 3250
2 482 3331
2 482 3360
2 482 3363
2 482 3373
2 482 4100
2 482 6299
2 482 6302
2 482 6317
2 482 6340
2 482 6347
2 482 6366
2 482 6385
2 483 490
2 483 3323
2 483 3329
2 483 3337
2 483 3346
2 483 3354
2 483 3369
2 483 4101
2 483 4385
2 483 6138
2 483 6140
2 483 6145
2 483 6193
2 483 6222
2 483 6224
2 484 4661
2 484 4665
2 484 4867
2 484 4875
2 484 5008
2 484 5258
2 484 5259
2 484 5262
2 484 5265
2 484 5267
2 484 5622
2 484 5624
2 484 5626
2 485 4866
2 485 4870
2 485 5558
2 485 5562
2 485 5566
2 486 3352
2 486 4079
2 486 4080
2 486 4081
2 486 6143
2 486 6220
2 487 509
2 487 516
2 487 527
2 487 547
2 487 4715
2 487 4717
2 487 4901
2 487 4904
2 487 4908
2 487 4956
2 487 5243
2 487 5261
2 487 5556
2 487 5569
2 487 5597
2 488 492
2 488 512
2 488 526
2 488 528
2 488 537
2 488 563
2 488 615
2 488 3179
2 488 3182
2 488 3188
2 488 3192
2 488 3604
2 488 3606
2 488 3607
2 488 3734
2 488 3736
2 488 3737
2 488 3738
2 488 3740
2 488 3741
2 488 3742
2 488 3744
2 488 3746
2 488 4459
2 488 4463
2 488 4465
2 488 6373
2 488 6378
2 488 6401
2 488 6425
2 489 494
2 489 506
2 489 4657
2 489 4875
2 489 5265
2 489 5268
2 489 5270
2 489 5271
2 489 5615
2 489 5622
2 490 496
2 490 3323
2 490 3329
2 490 3341
2 490 3345
2 490 3354
2 490 3362
2 490 4385
2 490 4387
2 490 4388
2 490 4389
2 490 6150
2 490 6156
2 490 6158
2 490 6224
2 491 503
2 491 4726
2 491 4731
2 491 4919
2 491 4922
2 491 5228
2 491 5617
2 491 5621
2 491 5627
2 491 5631
2 491 5634
2 492 501
2 492 512
2 492 537
2 492 3156
2 492 3161
2 492 3169
2 492 3742
2 492 3744
2 492 3746
2 492 3747
2 492 3748
2 492 6378
2 492 6381
2 492 6391
2 492 6425
2 493 496
2 493 3309
2 493 4388
2 493 4389
2 493 6158
2 493 6161
2 494 500
2 494 506
2 494 513
2 494 602
2 494 4878
2 494 4884
2 494 4890
2 494 5265
2 494 5271
2 494 5276
2 494 5553
2 494 5615
2 494 5622
2 495 3161
2 495 3169
2 495 3746
2 495 3747
2 495 3748
2 495 3749
2 495 3751
2 495 4468
2 495 4471
2 495 4473
2 495 4474
2 495 4477
2 495 4478
2 495 6337
2 495 6386
2 495 6391
2 495 6396
2 495 6400
2 495 6425
2 496 498
2 496 502
2 496 3288
2 496 3296
2 496 3300
2 496 3317
2 496 3325
2 496 3328
2 496 3341
2 496 3345
2 496 3655
2 496 3658
2 496 3662
2 496 4388
2 496 4389
2 496 4390
2 496 4393
2 496 4395
2 496 4396
2 496 4399
2 496 4400
2 496 6158
2 496 6161
2 496 6167
2 496 6202
2 496 6246
2 497 503
2 497 509
2 497 4922
2 497 4926
2 497 5228
2 497 5612
2 497 5614
2 497 5617
2 497 5621
2 498 502
2 498 3296
2 498 3300
2 498 3309
2 498 3328
2 498 3341
2 498 4389
2 498 4390
2 498 6161
2 498 6165
2 498 6167
2 499 504
2 499 511
2 499 533
2 499 3280
2 499 3359
2 499 3360
2 499 3369
2 499 3405
2 499 3411
2 499 4081
2 499 4089
2 499 4091
2 499 4092
2 499 4096
2 499 4097
2 499 4100
2 499 6171
2 499 6185
2 500 506
2 500 4884
2 500 5609
2 500 5611
2 501 505
2 501 537
2 501 555
2 501 3156
2 501 3161
2 501 3747
2 501 3748
2 501 3749
2 501 3751
2 501 3753
2 501 6396
2 501 6422
2 501 6425
2 502 3293
2 502 3317
2 502 3328
2 502 4393
2 502 4395
2 502 4400
2 502 6167
2 502 6173
2 502 6177
2 503 509
2 503 4719
2 503 4922
2 503 4926
2 503 4936
2 503 4942
2 503 5228
2 503 5608
2 503 5612
2 503 5614
2 503 5631
2 504 511
2 504 4092
2 504 4096
2 504 4097
2 504 4100
2 504 6171
2 505 512
2 505 514
2 505 555
2 505 3150
2 505 3156
2 505 3751
2 505 3753
2 505 3755
2 505 6403
2 505 6407
2 505 6422
2 506 525
2 506 602
2 506 4875
2 506 4889
2 506 4890
2 506 5008
2 506 5265
2 506 5277
2 506 5609
2 506 5611
2 506 5622
2 507 520
2 507 543
2 507 609
2 507 4626
2 507 4632
2 507 4648
2 507 4649
2 507 4654
2 507 4883
2 507 4907
2 507 4993
2 507 4998
2 507 5289
2 507 5488
2 507 5491
2 507 5494
2 507 5592
2 508 3277
2 508 4399
2 508 4400
2 508 4403
2 508 6177
2 508 6179
2 509 510
2 509 516
2 509 527
2 509 540
2 509 547
2 509 561
2 509 573
2 509 616
2 509 648
2 509 758
2 509 775
2 509 833
2 509 894
2 509 919
2 509 4281
2 509 4353
2 509 4715
2 509 4719
2 509 4813
2 509 4862
2 509 4926
2 509 4936
2 509 5053
2 509 5189
2 509 5608
2 509 5614
2 509 5621
2 509 5634
2 509 5725
2 509 5761
2 509 5778
2 509 5818
2 509 5921
2 509 5977
2 509 6119
2 509 6138
2 510 4715
2 510 4719
2 510 4936
2 510 5237
2 510 5608
2 510 5614
2 511 3369
2 511 3379
2 511 4099
2 511 4100
2 511 6171
2 511 6185
2 512 514
2 512 515
2 512 517
2 512 537
2 512 555
2 512 563
2 512 3128
2 512 3136
2 512 3141
2 512 3150
2 512 3156
2 512 3606
2 512 3607
2 512 3757
2 512 6378
2 512 6407
2 512 6410
2 512 6414
2 512 6422
2 513 519
2 513 525
2 513 4645
2 513 4661
2 513 4676
2 513 4685
2 513 4866
2 513 4890
2 513 4967
2 513 5037
2 513 5277
2 513 5280
2 513 5295
2 513 5520
2 513 5536
2 513 5553
2 513 5600
2 513 5604
2 513 5615
2 513 5622
2 514 515
2 514 3136
2 514 3141
2 514 3755
2 514 3757
2 514 6407
2 514 6410
2 514 6422
2 515 517
2 515 518
2 515 563
2 515 3121
2 515 3128
2 515 3757
2 515 6414
2 515 6420
2 515 6422
2 515 6426
2 516 523
2 516 540
2 516 547
2 516 553
2 516 573
2 516 4679
2 516 4696
2 516 4717
2 516 4935
2 516 4969
2 516 4973
2 516 4983
2 516 4987
2 516 5248
2 516 5261
2 516 5264
2 516 5539
2 516 5574
2 516 5577
2 516 5578
2 516 5590
2 517 518
2 517 524
2 517 563
2 517 565
2 517 3105
2 517 3111
2 517 3119
2 517 3121
2 517 3136
2 517 3363
2 517 3364
2 517 3606
2 517 6414
2 517 6422
2 517 6426
2 517 6431
2 518 524
2 518 614
2 518 3107
2 518 3113
2 518 3119
2 518 3121
2 518 3123
2 518 3128
2 518 3130
2 518 3757
2 518 4498
2 518 4499
2 518 4502
2 518 4503
2 518 6416
2 518 6420
2 518 6422
2 518 6426
2 518 6431
2 519 525
2 519 543
2 519 4640
2 519 4645
2 519 4894
2 519 5037
2 519 5280
2 519 5283
2 519 5536
2 519 5600
2 519 5604
2 520 531
2 520 4626
2 520 4632
2 520 4648
2 520 4649
2 520 4883
2 520 4887
2 520 4893
2 520 4907
2 520 4918
2 520 5488
2 520 5491
2 520 5533
2 521 529
2 521 3245
2 521 4417
2 521 4419
2 521 4420
2 521 4422
2 521 6203
2 522 533
2 522 3336
2 522 3341
2 522 3345
2 522 3354
2 522 3369
2 522 4100
2 522 4101
2 522 6185
2 522 6193
2 522 6202
2 522 6291
2 523 540
2 523 4935
2 523 4987
2 523 5539
2 523 5574
2 524 535
2 524 563
2 524 565
2 524 588
2 524 630
2 524 3101
2 524 3105
2 524 3107
2 524 3110
2 524 3111
2 524 3113
2 524 3123
2 524 3130
2 524 3363
2 524 3364
2 524 3606
2 524 4502
2 524 4503
2 524 4505
2 524 4506
2 524 4508
2 524 6392
2 524 6404
2 524 6422
2 524 6431
2 524 6435
2 524 6438
2 525 543
2 525 589
2 525 602
2 525 661
2 525 669
2 525 775
2 525 4640
2 525 4685
2 525 4899
2 525 4900
2 525 5008
2 525 5037
2 525 5283
2 525 5291
2 525 5553
2 525 5600
2 525 5604
2 526 528
2 526 537
2 526 563
2 526 617
2 526 3250
2 526 3360
2 526 3604
2 526 3607
2 526 6385
2 526 6401
2 526 6425
2 527 532
2 527 539
2 527 547
2 527 573
2 527 4711
2 527 4712
2 527 4715
2 527 4944
2 527 4956
2 527 5243
2 527 5597
2 527 5601
2 527 5603
2 528 537
2 528 610
2 528 615
2 528 617
2 528 3182
2 528 6385
2 528 6401
2 528 6425
2 529 534
2 529 3226
2 529 3249
2 529 3259
2 529 3264
2 529 3267
2 529 3272
2 529 3280
2 529 3287
2 529 4416
2 529 4417
2 529 4420
2 529 4422
2 529 4425
2 529 4426
2 529 6190
2 529 6203
2 529 6209
2 529 6238
2 529 6254
2 530 536
2 530 4632
2 530 4636
2 530 4899
2 530 4900
2 530 4903
2 530 5592
2 530 5600
2 531 557
2 531 4626
2 531 4648
2 531 4883
2 531 4887
2 531 4893
2 531 4918
2 531 4925
2 531 4933
2 531 5017
2 531 5022
2 531 5041
2 531 5300
2 531 5488
2 531 5491
2 531 5501
2 531 5533
2 532 539
2 532 547
2 532 4962
2 532 5243
2 532 5597
2 532 5598
2 532 5601
2 533 542
2 533 590
2 533 593
2 533 617
2 533 3280
2 533 3317
2 533 3328
2 533 3336
2 533 3341
2 533 3345
2 533 3360
2 533 3361
2 533 3363
2 533 3373
2 533 4100
2 533 4101
2 533 6185
2 533 6213
2 533 6291
2 533 6299
2 534 541
2 534 3216
2 534 3223
2 534 3226
2 534 3231
2 534 3248
2 534 3264
2 534 3280
2 534 4426
2 534 4428
2 534 4429
2 534 4431
2 534 6190
2 534 6209
2 534 6254
2 534 6262
2 534 6278
2 535 546
2 535 630
2 535 634
2 535 636
2 535 3080
2 535 3084
2 535 3088
2 535 3101
2 535 3110
2 535 3606
2 535 3607
2 535 3610
2 535 6404
2 535 6427
2 535 6433
2 535 6438
2 536 4636
2 536 4900
2 536 4903
2 536 5596
2 537 555
2 537 563
2 537 615
2 537 617
2 537 621
2 537 627
2 537 640
2 537 646
2 537 653
2 537 3154
2 537 3156
2 537 3363
2 537 3747
2 537 3751
2 537 6344
2 537 6422
2 537 6425
2 538 541
2 538 3212
2 538 3216
2 538 4432
2 538 4434
2 538 4435
2 538 4436
2 538 6218
2 538 6223
2 539 547
2 539 4962
2 539 4969
2 539 5597
2 539 5598
2 539 5601
2 540 547
2 540 548
2 540 561
2 540 573
2 540 579
2 540 833
2 540 953
2 540 1168
2 540 1361
2 540 1849
2 540 4009
2 540 4353
2 540 4652
2 540 4682
2 540 4687
2 540 4700
2 540 4935
2 540 4940
2 540 4977
2 540 4987
2 540 5355
2 540 5435
2 540 5531
2 540 5539
2 540 5565
2 540 5573
2 540 5574
2 540 5778
2 540 5921
2 540 6119
2 541 549
2 541 3216
2 541 3223
2 541 3244
2 541 3248
2 541 4429
2 541 4431
2 541 4432
2 541 4434
2 541 4436
2 541 4439
2 541 6214
2 541 6218
2 541 6223
2 541 6232
2 541 6262
2 541 6266
2 541 6278
2 542 550
2 542 569
2 542 575
2 542 590
2 542 617
2 542 3280
2 542 3299
2 542 3317
2 542 3331
2 542 6213
2 542 6226
2 542 6299
2 542 6317
2 543 544
2 543 551
2 543 556
2 543 564
2 543 609
2 543 661
2 543 4636
2 543 4900
2 543 4998
2 543 5037
2 543 5049
2 543 5054
2 543 5289
2 543 5290
2 543 5291
2 543 5491
2 543 5519
2 543 5536
2 543 5592
2 543 5594
2 543 5596
2 543 5600
2 544 551
2 544 570
2 544 4629
2 544 4632
2 544 4903
2 544 4907
2 544 5291
2 544 5582
2 544 5592
2 544 5594
2 544 5596
2 545 546
2 545 3072
2 545 3611
2 545 3612
2 545 6405
2 545 6411
2 546 554
2 546 636
2 546 643
2 546 3072
2 546 3075
2 546 3078
2 546 3080
2 546 3084
2 546 3110
2 546 3610
2 546 3611
2 546 3612
2 546 6398
2 546 6404
2 546 6405
2 546 6411
2 546 6427
2 547 553
2 547 573
2 547 4717
2 547 4969
2 547 5243
2 547 5248
2 547 5261
2 547 5597
2 548 561
2 548 4700
2 548 4704
2 548 4953
2 548 4960
2 548 5529
2 548 5531
2 549 558
2 549 568
2 549 3196
2 549 3201
2 549 3219
2 549 4439
2 549 4442
2 549 4443
2 549 4445
2 549 6232
2 549 6235
2 549 6239
2 549 6247
2 549 6278
2 549 6288
2 549 6295
2 550 559
2 550 569
2 550 575
2 550 3280
2 550 3287
2 550 3299
2 550 3331
2 550 6238
2 550 6317
2 550 6340
2 551 4629
2 551 4632
2 551 4907
2 551 5289
2 551 5291
2 551 5582
2 552 554
2 552 3060
2 552 3613
2 552 3614
2 552 3616
2 552 6399
2 553 560
2 553 573
2 553 4973
2 553 5248
2 553 5578
2 553 5587
2 554 562
2 554 571
2 554 636
2 554 643
2 554 659
2 554 3060
2 554 3072
2 554 3080
2 554 3110
2 554 3610
2 554 3611
2 554 3612
2 554 3613
2 554 3614
2 554 3616
2 554 3618
2 554 6335
2 554 6346
2 554 6398
2 554 6399
2 554 6405
2 554 6428
2 554 6432
2 555 563
2 555 565
2 555 640
2 555 646
2 555 3154
2 555 3156
2 555 6422
2 556 564
2 556 4626
2 556 4628
2 556 4914
2 556 5289
2 556 5291
2 557 4883
2 557 4893
2 557 4912
2 557 4925
2 557 5304
2 557 5501
2 557 5545
2 557 5546
2 558 568
2 558 3183
2 558 3187
2 558 3211
2 558 3219
2 558 4445
2 558 4448
2 558 4449
2 558 4452
2 558 4455
2 558 6232
2 558 6239
2 558 6247
2 558 6295
2 559 569
2 559 575
2 559 3267
2 559 3272
2 559 3280
2 559 3287
2 559 6238
2 559 6242
2 559 6340
2 560 4973
2 560 4978
2 560 5578
2 560 5581
2 560 5584
2 560 5587
2 561 567
2 561 573
2 561 574
2 561 579
2 561 616
2 561 648
2 561 666
2 561 689
2 561 739
2 561 758
2 561 833
2 561 4652
2 561 4685
2 561 4687
2 561 4691
2 561 4692
2 561 4695
2 561 4699
2 561 4700
2 561 4960
2 561 4967
2 561 4977
2 561 5259
2 561 5324
2 561 5435
2 561 5520
2 561 5537
2 561 5540
2 561 5548
2 561 5549
2 561 5553
2 561 5565
2 561 5573
2 562 3614
2 562 3616
2 562 3617
2 562 3618
2 562 3621
2 562 6384
2 562 6390
2 562 6398
2 563 565
2 563 617
2 563 646
2 563 653
2 563 747
2 563 832
2 563 936
2 563 3282
2 563 3315
2 563 3360
2 563 3363
2 563 3364
2 563 3606
2 563 3607
2 563 4104
2 563 6422
2 564 570
2 564 576
2 564 581
2 564 661
2 564 703
2 564 732
2 564 775
2 564 4626
2 564 4643
2 564 4918
2 564 4933
2 564 5289
2 564 5290
2 564 5291
2 564 5301
2 564 5511
2 564 5514
2 564 5519
2 564 5572
2 565 640
2 565 646
2 565 653
2 565 3107
2 565 3113
2 565 3123
2 565 3130
2 565 3133
2 565 3363
2 565 4104
2 565 6392
2 565 6422
2 566 4983
2 566 4987
2 566 5574
2 566 5577
2 566 5581
2 567 574
2 567 4695
2 567 4699
2 567 4700
2 567 4967
2 567 4977
2 567 5520
2 568 580
2 568 3177
2 568 3183
2 568 3211
2 568 3219
2 568 4449
2 568 4452
2 568 4453
2 568 4455
2 568 4456
2 568 6232
2 568 6247
2 568 6251
2 568 6295
2 568 6308
2 569 575
2 569 3248
2 569 3264
2 569 3267
2 569 3272
2 569 3280
2 569 6254
2 569 6278
2 569 6340
2 570 576
2 570 581
2 570 4629
2 570 4918
2 570 4921
2 570 5291
2 570 5300
2 570 5301
2 570 5563
2 570 5568
2 570 5572
2 571 577
2 571 659
2 571 665
2 571 672
2 571 716
2 571 3021
2 571 3618
2 571 3621
2 571 3623
2 571 3625
2 571 3629
2 571 4134
2 571 4143
2 571 6322
2 571 6335
2 571 6380
2 571 6384
2 571 6398
2 571 6432
2 572 580
2 572 3164
2 572 3171
2 572 4456
2 572 4457
2 572 4459
2 572 6251
2 572 6256
2 572 6265
2 573 579
2 573 589
2 573 616
2 573 648
2 573 758
2 573 775
2 573 4692
2 573 4994
2 573 5001
2 573 5251
2 573 5549
2 573 5574
2 574 595
2 574 4687
2 574 4977
2 574 5298
2 574 5520
2 574 5537
2 574 5540
2 575 585
2 575 590
2 575 3248
2 575 3255
2 575 3264
2 575 3280
2 575 6254
2 575 6262
2 575 6266
2 575 6278
2 575 6340
2 575 6347
2 575 6366
2 576 581
2 576 586
2 576 598
2 576 4617
2 576 4643
2 576 4925
2 576 4933
2 576 5074
2 576 5300
2 576 5301
2 576 5511
2 576 5514
2 576 5568
2 576 5572
2 577 582
2 577 665
2 577 672
2 577 716
2 577 3040
2 577 3629
2 577 3630
2 577 3632
2 577 6322
2 577 6374
2 577 6380
2 578 580
2 578 583
2 578 3164
2 578 4459
2 578 4460
2 578 4462
2 578 6267
2 579 584
2 579 4692
2 579 4987
2 579 4994
2 579 5001
2 579 5549
2 579 5565
2 579 5573
2 579 5574
2 580 583
2 580 3164
2 580 3182
2 580 3195
2 580 4456
2 580 4457
2 580 4459
2 580 4460
2 580 4462
2 580 4465
2 580 6251
2 580 6265
2 580 6267
2 580 6271
2 580 6280
2 580 6308
2 580 6311
2 580 6337
2 581 586
2 581 669
2 581 703
2 581 732
2 581 4613
2 581 4643
2 581 4925
2 581 4933
2 581 5291
2 581 5301
2 581 5559
2 581 5563
2 582 587
2 582 672
2 582 678
2 582 716
2 582 3020
2 582 3025
2 582 3629
2 582 3632
2 582 3635
2 582 3637
2 582 3638
2 582 6322
2 582 6358
2 582 6365
2 582 6370
2 582 6374
2 583 596
2 583 3152
2 583 3155
2 583 3159
2 583 3182
2 583 4459
2 583 4462
2 583 4463
2 583 4465
2 583 4466
2 583 4474
2 583 6267
2 583 6271
2 583 6280
2 583 6337
2 584 4692
2 584 5001
2 584 5259
2 584 5565
2 584 5573
2 585 590
2 585 3237
2 585 3244
2 585 3248
2 585 3255
2 585 3280
2 585 6266
2 585 6274
2 585 6278
2 585 6366
2 586 591
2 586 598
2 586 612
2 586 703
2 586 732
2 586 4612
2 586 4613
2 586 4643
2 586 4932
2 586 4933
2 586 4939
2 586 5074
2 586 5304
2 587 594
2 587 600
2 587 678
2 587 688
2 587 694
2 587 3007
2 587 3011
2 587 3014
2 587 3018
2 587 3020
2 587 3023
2 587 3315
2 587 3630
2 587 3632
2 587 3635
2 587 3637
2 587 3638
2 587 3639
2 587 6264
2 587 6322
2 587 6341
2 587 6358
2 588 684
2 588 3110
2 588 3363
2 588 3364
2 588 3365
2 588 3606
2 588 4104
2 588 4105
2 588 6392
2 588 6404
2 589 602
2 589 616
2 589 4691
2 589 4692
2 589 5001
2 589 5008
2 589 5259
2 589 5273
2 589 5549
2 589 5551
2 589 5565
2 590 593
2 590 617
2 590 3230
2 590 3237
2 590 3280
2 590 6274
2 590 6278
2 590 6283
2 590 6366
2 590 6385
2 591 598
2 591 4612
2 591 4939
2 591 4943
2 591 5545
2 592 596
2 592 3131
2 592 3134
2 592 4473
2 592 4474
2 592 4477
2 592 6289
2 592 6296
2 593 597
2 593 610
2 593 617
2 593 3219
2 593 3230
2 593 3280
2 593 6278
2 593 6283
2 593 6288
2 593 6295
2 593 6311
2 593 6385
2 594 600
2 594 601
2 594 694
2 594 705
2 594 3001
2 594 3007
2 594 3011
2 594 3014
2 594 3315
2 594 3639
2 594 6264
2 594 6334
2 594 6341
2 594 6345
2 595 609
2 595 648
2 595 4682
2 595 4687
2 595 4993
2 595 4998
2 595 5032
2 595 5049
2 595 5054
2 595 5298
2 595 5305
2 595 5534
2 595 5536
2 595 5537
2 595 5540
2 596 603
2 596 3124
2 596 3125
2 596 4474
2 596 4477
2 596 4478
2 596 4481
2 596 6280
2 596 6289
2 596 6296
2 596 6298
2 596 6337
2 596 6350
2 596 6354
2 597 604
2 597 610
2 597 617
2 597 3211
2 597 3219
2 597 3230
2 597 3250
2 597 6295
2 597 6308
2 597 6311
2 597 6385
2 598 599
2 598 612
2 598 655
2 598 703
2 598 732
2 598 4610
2 598 4612
2 598 4624
2 598 4933
2 598 4943
2 598 5074
2 598 5080
2 598 5087
2 598 5097
2 598 5310
2 598 5311
2 598 5313
2 598 5490
2 598 5499
2 598 5545
2 599 4607
2 599 4610
2 599 4943
2 599 4951
2 599 5543
2 599 5545
2 599 5546
2 600 601
2 600 606
2 600 2996
2 600 3001
2 600 3014
2 600 3315
2 600 3549
2 600 3621
2 600 6264
2 600 6321
2 600 6328
2 600 6334
2 601 606
2 601 705
2 601 2996
2 601 3001
2 601 3007
2 601 4357
2 601 6264
2 601 6315
2 601 6321
2 601 6328
2 601 6334
2 602 616
2 602 4691
2 602 5008
2 602 5013
2 602 5273
2 602 5551
2 602 5553
2 602 5622
2 603 4481
2 603 4482
2 603 4484
2 603 4485
2 603 4487
2 603 4488
2 603 6298
2 603 6304
2 603 6309
2 603 6350
2 603 6354
2 603 6359
2 603 6363
2 604 610
2 604 3195
2 604 3211
2 604 3250
2 604 3729
2 604 4455
2 604 4456
2 604 4459
2 604 6308
2 604 6385
2 604 6401
2 605 612
2 605 4607
2 605 4610
2 605 4951
2 605 4957
2 605 5311
2 605 5543
2 606 611
2 606 705
2 606 2984
2 606 2996
2 606 3002
2 606 3007
2 606 3010
2 606 3315
2 606 3549
2 606 6264
2 606 6315
2 606 6321
2 606 6362
2 607 3108
2 607 3114
2 607 4487
2 607 4488
2 607 4491
2 607 6309
2 607 6314
2 608 616
2 608 4685
2 608 5024
2 608 5273
2 608 5548
2 608 5549
2 608 5553
2 609 648
2 609 4682
2 609 4687
2 609 4998
2 609 5006
2 609 5049
2 609 5054
2 609 5491
2 609 5494
2 610 615
2 610 617
2 610 3195
2 610 6308
2 610 6311
2 610 6385
2 610 6401
2 611 618
2 611 705
2 611 2971
2 611 2980
2 611 2984
2 611 3002
2 611 3010
2 611 3549
2 611 3550
2 611 3553
2 611 4357
2 611 4358
2 611 4361
2 611 4362
2 611 4364
2 611 6264
2 611 6303
2 611 6310
2 611 6315
2 611 6362
2 612 732
2 612 4610
2 612 4624
2 612 4957
2 612 5080
2 612 5097
2 612 5311
2 612 5313
2 612 5543
2 613 639
2 613 4929
2 613 4948
2 613 4980
2 613 4985
2 613 5069
2 613 5325
2 613 5507
2 613 5512
2 614 3094
2 614 3098
2 614 3123
2 614 3128
2 614 3130
2 614 3138
2 614 3757
2 614 4488
2 614 4491
2 614 4494
2 614 4495
2 614 4498
2 614 4499
2 614 4502
2 614 6309
2 614 6314
2 614 6363
2 614 6375
2 614 6416
2 615 617
2 615 621
2 615 627
2 615 3182
2 615 3195
2 615 3737
2 615 6320
2 615 6337
2 615 6401
2 615 6425
2 616 622
2 616 648
2 616 661
2 616 689
2 616 738
2 616 758
2 616 775
2 616 4685
2 616 4692
2 616 5024
2 616 5027
2 616 5273
2 616 5537
2 616 5540
2 616 5548
2 616 5549
2 617 621
2 617 646
2 617 653
2 617 704
2 617 3195
2 617 3280
2 617 3363
2 617 4100
2 617 4104
2 617 6278
2 617 6311
2 617 6320
2 617 6385
2 618 624
2 618 2963
2 618 2971
2 618 2980
2 618 3010
2 618 3550
2 618 3553
2 618 3555
2 618 4362
2 618 4364
2 618 6230
2 618 6297
2 618 6303
2 618 6362
2 619 4598
2 619 4606
2 619 4966
2 619 5313
2 619 5525
2 619 5527
2 619 5543
2 620 3081
2 620 3086
2 620 4499
2 620 4502
2 620 4503
2 620 6329
2 621 627
2 621 640
2 621 646
2 621 653
2 621 3182
2 621 6278
2 621 6311
2 621 6320
2 621 6337
2 621 6354
2 621 6425
2 622 4675
2 622 5027
2 622 5037
2 622 5278
2 622 5537
2 622 5540
2 623 642
2 623 5012
2 623 5017
2 623 5488
2 623 5489
2 624 628
2 624 633
2 624 736
2 624 2949
2 624 2961
2 624 2963
2 624 2971
2 624 3010
2 624 3553
2 624 3555
2 624 3556
2 624 3557
2 624 3558
2 624 4364
2 624 4367
2 624 4369
2 624 4370
2 624 4372
2 624 4374
2 624 6230
2 624 6290
2 624 6297
2 624 6362
2 625 630
2 625 3076
2 625 3081
2 625 3094
2 625 3107
2 625 3113
2 625 4502
2 625 4503
2 625 4505
2 625 4506
2 625 6333
2 625 6339
2 626 4601
2 626 4606
2 626 4966
2 626 4972
2 626 5523
2 626 5525
2 626 5527
2 627 640
2 627 646
2 627 653
2 627 3182
2 627 6311
2 627 6320
2 627 6337
2 627 6344
2 627 6354
2 627 6425
2 628 633
2 628 2949
2 628 2961
2 628 3558
2 628 3561
2 628 3562
2 628 6279
2 629 4672
2 629 4675
2 629 5032
2 629 5037
2 629 5278
2 629 5534
2 629 5536
2 630 634
2 630 637
2 630 676
2 630 3058
2 630 3070
2 630 3076
2 630 3107
2 630 3113
2 630 4502
2 630 4505
2 630 4506
2 630 4508
2 630 4509
2 630 4511
2 630 4512
2 630 4514
2 630 6333
2 630 6339
2 630 6351
2 630 6392
2 630 6404
2 630 6438
2 631 633
2 631 641
2 631 647
2 631 2920
2 631 2930
2 631 2934
2 631 2940
2 631 2970
2 631 2979
2 631 3282
2 631 3493
2 631 3498
2 631 3550
2 631 3553
2 631 3556
2 631 3557
2 631 3558
2 631 3561
2 631 3562
2 631 3563
2 631 3565
2 631 6257
2 631 6263
2 631 6273
2 632 638
2 632 690
2 632 4598
2 632 4601
2 632 4606
2 632 4972
2 632 4974
2 632 5062
2 632 5071
2 632 5317
2 632 5320
2 632 5478
2 632 5523
2 633 641
2 633 736
2 633 750
2 633 2930
2 633 2949
2 633 2963
2 633 2970
2 633 2979
2 633 3558
2 633 3562
2 633 3563
2 633 3565
2 633 4374
2 633 4377
2 633 6230
2 633 6319
2 633 6325
2 633 6331
2 634 636
2 634 3065
2 634 4511
2 634 4512
2 634 4513
2 634 4514
2 634 6351
2 634 6360
2 634 6404
2 634 6427
2 634 6438
2 635 4672
2 635 5037
2 635 5534
2 635 5536
2 636 637
2 636 643
2 636 3051
2 636 3065
2 636 3075
2 636 3080
2 636 3084
2 636 4514
2 636 4516
2 636 4517
2 636 4519
2 636 6360
2 636 6404
2 636 6427
2 637 644
2 637 3055
2 637 3058
2 637 4514
2 637 4516
2 637 4517
2 637 6356
2 637 6360
2 637 6364
2 637 6404
2 637 6409
2 638 645
2 638 657
2 638 669
2 638 775
2 638 4596
2 638 4598
2 638 4616
2 638 4624
2 638 4974
2 638 5103
2 638 5317
2 638 5319
2 638 5320
2 638 5325
2 638 5478
2 638 5517
2 639 658
2 639 4590
2 639 4597
2 639 4948
2 639 4963
2 639 5069
2 639 5078
2 639 5086
2 639 5092
2 639 5096
2 639 5334
2 639 5351
2 639 5355
2 639 5503
2 639 5507
2 640 646
2 640 3133
2 640 3138
2 640 3147
2 640 3154
2 640 6344
2 640 6354
2 640 6359
2 640 6363
2 640 6422
2 641 647
2 641 750
2 641 757
2 641 762
2 641 2891
2 641 2897
2 641 2917
2 641 2920
2 641 2924
2 641 2926
2 641 2930
2 641 2934
2 641 2940
2 641 2970
2 641 3493
2 641 3565
2 641 6252
2 641 6257
2 641 6263
2 641 6319
2 642 648
2 642 689
2 642 4652
2 642 4655
2 642 4668
2 642 4682
2 642 4687
2 642 5012
2 642 5017
2 642 5022
2 642 5316
2 642 5324
2 643 644
2 643 652
2 643 659
2 643 3030
2 643 3033
2 643 3038
2 643 3051
2 643 3069
2 643 3075
2 643 3080
2 643 4517
2 643 4519
2 643 4520
2 643 4523
2 643 6372
2 643 6376
2 643 6398
2 643 6428
2 644 660
2 644 3058
2 644 3069
2 644 3080
2 644 4517
2 644 4519
2 644 4520
2 644 4523
2 644 6356
2 644 6364
2 644 6372
2 644 6379
2 644 6404
2 644 6409
2 645 651
2 645 657
2 645 669
2 645 4587
2 645 4593
2 645 4596
2 645 4598
2 645 4980
2 645 4985
2 645 4990
2 645 5320
2 645 5510
2 645 5512
2 645 5517
2 646 653
2 646 3130
2 646 3133
2 646 3138
2 646 6344
2 646 6354
2 646 6363
2 646 6375
2 646 6422
2 647 656
2 647 750
2 647 757
2 647 762
2 647 765
2 647 766
2 647 2891
2 647 2908
2 647 2912
2 647 2913
2 647 2917
2 647 2920
2 647 2939
2 647 2970
2 647 3282
2 647 3283
2 647 3493
2 647 6240
2 647 6301
2 647 6319
2 648 661
2 648 689
2 648 758
2 648 4664
2 648 4687
2 648 5049
2 648 5054
2 648 5288
2 648 5324
2 648 5524
2 648 5532
2 648 5534
2 648 5537
2 649 655
2 649 4652
2 649 4655
2 649 5022
2 649 5316
2 650 730
2 650 740
2 650 753
2 650 759
2 650 3007
2 650 3010
2 650 3020
2 650 3315
2 650 3316
2 650 4050
2 650 6264
2 650 6322
2 651 657
2 651 4587
2 651 4589
2 651 5325
2 651 5510
2 651 5512
2 651 5517
2 652 659
2 652 660
2 652 3030
2 652 3033
2 652 3038
2 652 3069
2 652 4523
2 652 4524
2 652 6379
2 652 6428
2 652 6432
2 653 662
2 653 667
2 653 704
2 653 3123
2 653 3130
2 653 4104
2 653 4109
2 653 6278
2 653 6354
2 653 6363
2 653 6375
2 653 6409
2 654 661
2 654 4660
2 654 4664
2 654 5054
2 654 5524
2 655 666
2 655 4612
2 655 4652
2 655 4933
2 655 5022
2 655 5036
2 655 5041
2 655 5080
2 655 5322
2 655 5324
2 655 5468
2 655 5499
2 656 664
2 656 766
2 656 2902
2 656 2904
2 656 2908
2 656 2912
2 656 2913
2 656 2939
2 656 3283
2 656 3493
2 656 3495
2 656 6229
2 657 663
2 657 669
2 657 775
2 657 4587
2 657 4589
2 657 4997
2 657 5126
2 657 5325
2 657 5327
2 657 5334
2 657 5464
2 657 5503
2 657 5505
2 657 5507
2 657 5510
2 657 5517
2 658 671
2 658 706
2 658 789
2 658 4563
2 658 4569
2 658 4570
2 658 4572
2 658 4583
2 658 4590
2 658 4597
2 658 4963
2 658 5033
2 658 5034
2 658 5092
2 658 5096
2 658 5101
2 658 5334
2 658 5337
2 658 5351
2 658 5481
2 658 5485
2 658 5486
2 659 660
2 659 665
2 659 3016
2 659 3021
2 659 3026
2 659 3030
2 659 3033
2 659 3054
2 659 4524
2 659 6383
2 659 6389
2 659 6398
2 659 6428
2 659 6432
2 660 665
2 660 673
2 660 3016
2 660 3026
2 660 3030
2 660 3033
2 660 3054
2 660 3069
2 660 4523
2 660 4524
2 660 6379
2 660 6383
2 660 6389
2 660 6397
2 660 6409
2 660 6432
2 661 674
2 661 689
2 661 703
2 661 732
2 661 775
2 661 4643
2 661 4660
2 661 4664
2 661 5037
2 661 5054
2 661 5290
2 661 5291
2 661 5292
2 661 5514
2 661 5515
2 661 5518
2 661 5519
2 661 5524
2 662 667
2 662 676
2 662 3107
2 662 3113
2 662 3123
2 662 4104
2 662 6354
2 662 6363
2 662 6375
2 662 6409
2 663 669
2 663 4587
2 663 4996
2 663 4997
2 663 5498
2 663 5503
2 664 668
2 664 766
2 664 2896
2 664 2902
2 664 2904
2 664 2908
2 664 2939
2 664 3495
2 664 3498
2 664 3500
2 664 3503
2 664 3507
2 664 4320
2 664 6215
2 664 6219
2 664 6225
2 664 6229
2 665 672
2 665 673
2 665 716
2 665 3016
2 665 3021
2 665 3054
2 665 6380
2 665 6395
2 665 6397
2 665 6432
2 666 675
2 666 683
2 666 689
2 666 738
2 666 758
2 666 4652
2 666 5046
2 666 5080
2 666 5082
2 666 5087
2 666 5314
2 666 5324
2 666 5328
2 666 5331
2 666 5435
2 666 5490
2 666 5499
2 667 676
2 667 684
2 667 3107
2 667 3113
2 667 4104
2 667 4105
2 667 4109
2 667 6392
2 667 6409
2 668 677
2 668 687
2 668 2902
2 668 2939
2 668 3507
2 668 3510
2 668 3514
2 668 3518
2 668 3994
2 668 4320
2 668 6149
2 668 6215
2 668 6219
2 669 679
2 669 706
2 669 714
2 669 767
2 669 775
2 669 849
2 669 852
2 669 4587
2 669 4598
2 669 4600
2 669 4996
2 669 5126
2 669 5131
2 669 5291
2 669 5334
2 669 5445
2 669 5461
2 669 5464
2 669 5498
2 669 5503
2 669 5543
2 670 4996
2 670 5004
2 670 5333
2 670 5334
2 670 5493
2 670 5498
2 671 680
2 671 706
2 671 789
2 671 4583
2 671 4590
2 671 4988
2 671 5033
2 671 5034
2 671 5101
2 671 5115
2 671 5119
2 672 673
2 672 678
2 672 681
2 672 716
2 672 2994
2 672 3003
2 672 3021
2 672 3025
2 672 6358
2 672 6365
2 672 6374
2 672 6380
2 672 6395
2 672 6397
2 672 6406
2 673 681
2 673 716
2 673 3003
2 673 3025
2 673 3054
2 673 6397
2 673 6406
2 674 689
2 674 696
2 674 4643
2 674 5063
2 674 5066
2 674 5511
2 674 5514
2 674 5515
2 674 5519
2 675 683
2 675 5046
2 675 5052
2 675 5328
2 675 5331
2 676 684
2 676 3058
2 676 3107
2 676 3113
2 676 4104
2 676 6392
2 676 6404
2 676 6409
2 677 687
2 677 2877
2 677 2886
2 677 3514
2 677 3517
2 677 3518
2 677 4320
2 677 6204
2 677 6215
2 678 681
2 678 688
2 678 694
2 678 2990
2 678 2994
2 678 3003
2 678 3011
2 678 3020
2 678 3025
2 678 3638
2 678 6358
2 678 6365
2 678 6406
2 678 6412
2 679 686
2 679 693
2 679 700
2 679 706
2 679 714
2 679 4570
2 679 4572
2 679 4575
2 679 5011
2 679 5015
2 679 5131
2 679 5333
2 679 5334
2 679 5338
2 679 5498
2 680 715
2 680 741
2 680 789
2 680 4988
2 680 5002
2 680 5033
2 680 5034
2 680 5119
2 680 5124
2 680 5368
2 681 688
2 681 716
2 681 2994
2 681 3003
2 681 3020
2 681 3025
2 681 3054
2 681 6394
2 681 6397
2 681 6406
2 681 6412
2 681 6419
2 682 4643
2 682 4646
2 682 5066
2 682 5074
2 682 5506
2 682 5511
2 682 5514
2 683 690
2 683 697
2 683 712
2 683 738
2 683 758
2 683 4631
2 683 4652
2 683 5046
2 683 5052
2 683 5059
2 683 5097
2 683 5314
2 683 5328
2 683 5331
2 683 5435
2 683 5457
2 683 5475
2 684 3080
2 684 3110
2 684 4104
2 684 4105
2 684 6404
2 684 6409
2 685 687
2 685 692
2 685 698
2 685 734
2 685 747
2 685 2861
2 685 2872
2 685 3451
2 685 3493
2 685 3498
2 685 3500
2 685 3503
2 685 3507
2 685 3510
2 685 3514
2 685 3517
2 685 3518
2 685 6130
2 685 6136
2 685 6149
2 685 6198
2 686 693
2 686 700
2 686 4570
2 686 4572
2 686 5011
2 686 5015
2 686 5334
2 686 5338
2 687 692
2 687 798
2 687 2861
2 687 2872
2 687 2874
2 687 2877
2 687 2879
2 687 3518
2 687 3994
2 687 4320
2 687 4322
2 687 4326
2 687 4327
2 687 4328
2 687 4331
2 687 4332
2 687 6136
2 687 6149
2 687 6198
2 687 6204
2 687 6215
2 688 694
2 688 701
2 688 2990
2 688 2994
2 688 3007
2 688 3020
2 688 6394
2 688 6412
2 688 6419
2 689 696
2 689 711
2 689 738
2 689 758
2 689 4639
2 689 4643
2 689 4646
2 689 5066
2 689 5073
2 689 5082
2 689 5324
2 689 5502
2 689 5506
2 689 5515
2 690 697
2 690 4631
2 690 5052
2 690 5059
2 690 5062
2 690 5097
2 690 5457
2 690 5475
2 690 5478
2 691 704
2 691 3069
2 691 3080
2 691 4105
2 691 4108
2 691 4109
2 691 6409
2 692 698
2 692 710
2 692 798
2 692 802
2 692 2843
2 692 2855
2 692 2861
2 692 2874
2 692 4331
2 692 6136
2 692 6183
2 692 6198
2 693 700
2 693 706
2 693 707
2 693 714
2 693 5015
2 693 5021
2 693 5337
2 693 5338
2 693 5486
2 694 699
2 694 701
2 694 705
2 694 2990
2 694 2994
2 694 3007
2 694 3011
2 694 3020
2 694 3638
2 694 6334
2 694 6341
2 694 6419
2 694 6423
2 694 6429
2 695 702
2 695 704
2 695 3069
2 695 4109
2 695 4112
2 695 4114
2 695 6428
2 696 4639
2 696 4643
2 696 5074
2 696 5075
2 696 5082
2 696 5502
2 696 5506
2 697 712
2 697 4631
2 697 5046
2 697 5062
2 697 5435
2 697 5449
2 697 5457
2 698 710
2 698 2832
2 698 2855
2 698 2861
2 698 3451
2 698 3452
2 698 6123
2 698 6130
2 698 6136
2 698 6172
2 698 6183
2 698 6198
2 699 701
2 699 705
2 699 708
2 699 2960
2 699 2964
2 699 2968
2 699 4357
2 699 6328
2 699 6334
2 699 6341
2 699 6423
2 699 6429
2 699 6434
2 700 706
2 700 4569
2 700 4570
2 700 5338
2 700 5485
2 700 5486
2 701 705
2 701 708
2 701 3007
2 701 6394
2 701 6419
2 701 6423
2 701 6429
2 701 6434
2 702 704
2 702 709
2 702 3368
2 702 4112
2 702 4114
2 702 4116
2 702 4129
2 702 4134
2 702 6335
2 702 6346
2 702 6428
2 702 6432
2 703 711
2 703 718
2 703 732
2 703 4643
2 703 5074
2 703 5080
2 703 5082
2 703 5499
2 704 709
2 704 730
2 704 740
2 704 763
2 704 771
2 704 824
2 704 854
2 704 953
2 704 3054
2 704 3069
2 704 3280
2 704 3316
2 704 3365
2 704 3366
2 704 3368
2 704 3767
2 704 3881
2 704 4050
2 704 4100
2 704 4104
2 704 4109
2 704 4114
2 704 4116
2 704 4129
2 704 6119
2 704 6250
2 704 6278
2 704 6368
2 704 6394
2 704 6409
2 704 6428
2 704 6432
2 705 708
2 705 713
2 705 723
2 705 2960
2 705 2964
2 705 3002
2 705 3007
2 705 4357
2 705 4358
2 705 4362
2 705 6315
2 705 6328
2 705 6334
2 705 6362
2 705 6368
2 705 6388
2 705 6394
2 706 707
2 706 714
2 706 741
2 706 789
2 706 827
2 706 4570
2 706 4591
2 706 4594
2 706 4600
2 706 5021
2 706 5034
2 706 5096
2 706 5101
2 706 5131
2 706 5135
2 706 5142
2 706 5334
2 706 5433
2 706 5446
2 706 5480
2 706 5485
2 707 714
2 707 5021
2 707 5025
2 707 5480
2 707 5481
2 707 5485
2 708 713
2 708 723
2 708 2941
2 708 2960
2 708 2964
2 708 2968
2 708 4357
2 708 6368
2 708 6394
2 708 6429
2 708 6434
2 708 6437
2 709 716
2 709 730
2 709 3054
2 709 3316
2 709 3366
2 709 3368
2 709 4116
2 709 4129
2 709 4134
2 709 4137
2 709 4143
2 709 6322
2 709 6335
2 710 720
2 710 802
2 710 805
2 710 808
2 710 2832
2 710 2843
2 710 3451
2 710 3452
2 710 3454
2 710 3456
2 710 6115
2 710 6123
2 710 6136
2 710 6160
2 710 6166
2 710 6172
2 710 6183
2 711 718
2 711 724
2 711 732
2 711 738
2 711 4635
2 711 5080
2 711 5082
2 711 5308
2 712 719
2 712 725
2 712 758
2 712 4631
2 712 5069
2 712 5071
2 712 5339
2 712 5435
2 712 5439
2 712 5449
2 713 723
2 713 2947
2 713 2951
2 713 4357
2 713 4358
2 713 4361
2 713 4362
2 713 6436
2 713 6437
2 714 722
2 714 728
2 714 741
2 714 767
2 714 827
2 714 852
2 714 4563
2 714 4600
2 714 5025
2 714 5034
2 714 5142
2 714 5433
2 714 5480
2 715 741
2 715 749
2 715 4538
2 715 4555
2 715 5002
2 715 5014
2 715 5018
2 715 5029
2 715 5033
2 715 5057
2 715 5064
2 715 5129
2 715 5350
2 715 5358
2 715 5381
2 715 5420
2 715 5455
2 716 730
2 716 3025
2 716 3054
2 716 4143
2 716 6322
2 716 6432
2 717 720
2 717 726
2 717 2813
2 717 2824
2 717 2832
2 717 3452
2 717 3454
2 717 3456
2 717 3458
2 717 6148
2 717 6154
2 717 6160
2 718 732
2 718 4633
2 718 4635
2 718 5080
2 718 5087
2 718 5308
2 718 5310
2 719 725
2 719 4631
2 719 5069
2 719 5071
2 719 5339
2 719 5435
2 719 5439
2 720 727
2 720 805
2 720 808
2 720 2815
2 720 2824
2 720 2829
2 720 2843
2 720 3452
2 720 3454
2 720 3456
2 720 3458
2 720 3953
2 720 4290
2 720 6102
2 720 6115
2 720 6154
2 720 6160
2 720 6172
2 721 723
2 721 729
2 721 2937
2 721 2941
2 721 2947
2 721 2971
2 721 2980
2 721 4361
2 721 4364
2 721 4367
2 721 4369
2 721 6424
2 721 6430
2 721 6436
2 722 728
2 722 735
2 722 767
2 722 4563
2 722 5030
2 722 5034
2 722 5343
2 722 5473
2 723 737
2 723 2941
2 723 2947
2 723 2951
2 723 4362
2 723 4364
2 723 4367
2 723 4369
2 723 6368
2 723 6424
2 723 6430
2 723 6437
2 724 732
2 724 738
2 724 4633
2 724 5082
2 724 5099
2 724 5308
2 724 5310
2 724 5314
2 724 5490
2 725 733
2 725 739
2 725 758
2 725 4623
2 725 4625
2 725 4631
2 725 5069
2 725 5071
2 725 5078
2 725 5330
2 725 5435
2 725 5439
2 725 5464
2 725 5469
2 726 727
2 726 742
2 726 776
2 726 791
2 726 2795
2 726 2808
2 726 2813
2 726 2832
2 726 3203
2 726 3424
2 726 3452
2 726 3454
2 726 3456
2 726 3458
2 726 3459
2 726 3460
2 726 3462
2 726 6144
2 726 6148
2 727 731
2 727 2808
2 727 2813
2 727 2815
2 727 2824
2 727 3458
2 727 3459
2 727 3462
2 727 4290
2 727 6102
2 727 6154
2 727 6160
2 728 735
2 728 741
2 728 4559
2 728 5033
2 728 5034
2 728 5343
2 728 5472
2 729 2929
2 729 2937
2 729 2961
2 729 2971
2 729 4369
2 729 4370
2 729 4372
2 729 6417
2 729 6418
2 729 6424
2 730 740
2 730 753
2 730 763
2 730 3020
2 730 3025
2 730 3054
2 730 3316
2 730 3368
2 730 4050
2 730 4143
2 730 6322
2 730 6335
2 731 2790
2 731 2800
2 731 2808
2 731 3459
2 731 3460
2 731 3462
2 731 4290
2 731 4291
2 731 4293
2 731 6144
2 732 738
2 732 751
2 732 775
2 732 4624
2 732 5080
2 732 5099
2 732 5291
2 732 5308
2 732 5310
2 732 5314
2 732 5490
2 733 739
2 733 4623
2 733 5078
2 733 5126
2 733 5345
2 733 5431
2 733 5435
2 733 5464
2 734 743
2 734 747
2 734 824
2 734 835
2 734 2939
2 734 3203
2 734 3282
2 734 3283
2 734 3285
2 734 3316
2 734 3493
2 734 3495
2 734 3498
2 734 3500
2 734 3503
2 734 3507
2 734 3881
2 734 3954
2 734 3991
2 734 3994
2 734 3995
2 734 6149
2 735 741
2 735 4552
2 735 4555
2 735 4559
2 735 5040
2 735 5043
2 735 5346
2 736 737
2 736 745
2 736 750
2 736 2925
2 736 2929
2 736 2949
2 736 2961
2 736 4372
2 736 4374
2 736 4377
2 736 4378
2 736 6408
2 736 6413
2 737 745
2 737 2929
2 737 2941
2 737 2963
2 737 2967
2 737 4369
2 737 4370
2 737 4372
2 737 4374
2 737 4381
2 737 4383
2 737 6325
2 737 6331
2 737 6362
2 737 6368
2 737 6382
2 737 6402
2 737 6408
2 737 6413
2 737 6417
2 737 6424
2 737 6437
2 738 744
2 738 751
2 738 758
2 738 775
2 738 4624
2 738 5082
2 738 5097
2 738 5099
2 738 5314
2 738 5475
2 738 5483
2 739 752
2 739 758
2 739 780
2 739 781
2 739 795
2 739 822
2 739 833
2 739 4609
2 739 5078
2 739 5086
2 739 5126
2 739 5131
2 739 5330
2 739 5355
2 739 5431
2 739 5435
2 739 5450
2 739 5464
2 739 5469
2 740 753
2 740 763
2 740 3007
2 740 3020
2 740 3025
2 740 3054
2 740 6394
2 741 748
2 741 755
2 741 767
2 741 789
2 741 852
2 741 4555
2 741 4559
2 741 5033
2 741 5034
2 741 5040
2 741 5043
2 741 5057
2 741 5124
2 741 5129
2 741 5142
2 741 5149
2 741 5153
2 741 5346
2 741 5350
2 741 5358
2 741 5433
2 742 746
2 742 754
2 742 776
2 742 791
2 742 826
2 742 2783
2 742 2786
2 742 2790
2 742 2795
2 742 2802
2 742 3203
2 742 3424
2 742 3459
2 742 3460
2 742 3462
2 742 3464
2 742 4293
2 742 4294
2 742 4296
2 742 6065
2 742 6135
2 742 6181
2 743 747
2 743 824
2 743 3991
2 743 3994
2 743 3995
2 743 3998
2 743 3999
2 743 6136
2 743 6149
2 744 751
2 744 4620
2 744 4624
2 744 5103
2 744 5109
2 744 5475
2 744 5476
2 744 5483
2 745 2963
2 745 4374
2 745 4378
2 745 4380
2 745 4381
2 745 4383
2 745 6325
2 745 6331
2 745 6402
2 745 6408
2 746 754
2 746 826
2 746 2781
2 746 2783
2 746 2785
2 746 2786
2 746 2795
2 746 3424
2 746 6129
2 746 6181
2 747 824
2 747 829
2 747 832
2 747 835
2 747 2866
2 747 3203
2 747 3240
2 747 3282
2 747 3283
2 747 3316
2 747 3363
2 747 3424
2 747 3451
2 747 3452
2 747 3493
2 747 3498
2 747 3500
2 747 3954
2 747 3999
2 747 6130
2 747 6136
2 747 6149
2 748 755
2 748 767
2 748 852
2 748 4552
2 748 4555
2 748 5051
2 748 5057
2 748 5350
2 748 5357
2 749 756
2 749 4537
2 749 4538
2 749 4542
2 749 5029
2 749 5064
2 749 5067
2 749 5363
2 749 5377
2 749 5381
2 749 5384
2 749 5397
2 749 5420
2 749 5428
2 749 5429
2 750 757
2 750 762
2 750 2897
2 750 2903
2 750 2909
2 750 2914
2 750 2926
2 750 2940
2 750 2949
2 750 2963
2 750 3565
2 750 4374
2 750 4377
2 750 4378
2 750 4380
2 750 4381
2 750 4383
2 750 4384
2 750 6263
2 750 6319
2 750 6325
2 750 6331
2 750 6387
2 750 6393
2 751 758
2 751 775
2 751 4619
2 751 4624
2 751 5109
2 751 5116
2 751 5475
2 751 5476
2 752 780
2 752 781
2 752 795
2 752 803
2 752 822
2 752 4603
2 752 4609
2 752 5078
2 752 5086
2 752 5092
2 752 5096
2 752 5101
2 752 5131
2 752 5134
2 752 5342
2 752 5355
2 752 5446
2 752 5450
2 753 759
2 753 763
2 753 3002
2 753 3007
2 753 3020
2 753 3316
2 753 4050
2 753 6264
2 753 6388
2 753 6394
2 754 760
2 754 826
2 754 834
2 754 837
2 754 2748
2 754 2775
2 754 2779
2 754 2781
2 754 2783
2 754 2785
2 754 2807
2 754 3424
2 754 6048
2 754 6065
2 754 6109
2 754 6114
2 754 6122
2 755 761
2 755 767
2 755 4545
2 755 5051
2 755 5057
2 755 5350
2 755 5357
2 755 5358
2 755 5360
2 756 4542
2 756 5067
2 756 5077
2 756 5377
2 756 5397
2 756 5428
2 756 5429
2 757 762
2 757 765
2 757 2897
2 757 2903
2 757 2909
2 757 4383
2 757 4384
2 757 6307
2 757 6313
2 757 6319
2 757 6325
2 757 6377
2 757 6382
2 757 6387
2 758 764
2 758 775
2 758 780
2 758 822
2 758 833
2 758 894
2 758 919
2 758 4616
2 758 4619
2 758 4631
2 758 5116
2 758 5121
2 758 5324
2 758 5435
2 758 5450
2 758 5469
2 758 5470
2 758 5475
2 759 763
2 759 3002
2 759 4050
2 759 6264
2 759 6362
2 759 6368
2 759 6388
2 759 6394
2 760 837
2 760 847
2 760 2748
2 760 2768
2 760 2775
2 760 2783
2 760 2807
2 760 3424
2 760 3425
2 760 3427
2 760 6037
2 760 6048
2 760 6093
2 760 6101
2 760 6109
2 760 6163
2 761 767
2 761 4538
2 761 4545
2 761 5057
2 761 5360
2 761 5455
2 762 765
2 762 766
2 762 2891
2 762 2894
2 762 2897
2 762 6371
2 762 6377
2 762 6382
2 763 769
2 763 771
2 763 783
2 763 824
2 763 3316
2 763 3881
2 763 4050
2 763 4109
2 763 6368
2 763 6388
2 763 6394
2 764 775
2 764 5121
2 764 5467
2 764 5469
2 765 766
2 765 768
2 765 2880
2 765 2891
2 765 6276
2 765 6294
2 765 6301
2 765 6307
2 765 6313
2 765 6319
2 765 6361
2 765 6367
2 765 6371
2 765 6382
2 766 768
2 766 782
2 766 2863
2 766 2870
2 766 2875
2 766 2880
2 766 2891
2 766 2902
2 766 2908
2 766 2913
2 766 4320
2 766 6215
2 766 6225
2 766 6240
2 766 6276
2 766 6294
2 766 6301
2 766 6343
2 766 6349
2 766 6355
2 767 775
2 767 777
2 767 800
2 767 849
2 767 852
2 767 865
2 767 872
2 767 883
2 767 895
2 767 899
2 767 919
2 767 4538
2 767 4545
2 767 5057
2 767 5149
2 767 5153
2 767 5154
2 767 5357
2 767 5407
2 767 5411
2 767 5445
2 768 782
2 768 2863
2 768 2875
2 768 2880
2 768 2902
2 768 2913
2 768 6276
2 768 6294
2 768 6301
2 768 6349
2 768 6355
2 768 6361
2 768 6367
2 769 771
2 769 783
2 769 824
2 769 835
2 769 2967
2 769 2970
2 769 3285
2 769 3316
2 769 3881
2 769 4050
2 769 4053
2 769 4056
2 769 4057
2 769 4060
2 769 6230
2 769 6362
2 769 6368
2 770 774
2 770 785
2 770 2731
2 770 2739
2 770 2749
2 770 2751
2 770 2758
2 770 3398
2 770 3428
2 770 3430
2 770 4264
2 770 6023
2 770 6037
2 770 6075
2 770 6086
2 770 6094
2 770 6153
2 771 783
2 771 824
2 771 2946
2 771 2959
2 771 2963
2 771 2967
2 771 4057
2 771 4060
2 771 6250
2 771 6307
2 771 6325
2 771 6331
2 771 6368
2 772 4538
2 772 5064
2 772 5361
2 772 5445
2 773 778
2 773 792
2 773 4542
2 773 5055
2 773 5077
2 773 5090
2 773 5369
2 773 5397
2 773 5418
2 773 5425
2 773 5426
2 774 785
2 774 2731
2 774 2735
2 774 2739
2 774 2749
2 774 2751
2 774 3398
2 774 6023
2 774 6070
2 774 6075
2 775 780
2 775 795
2 775 822
2 775 849
2 775 852
2 775 859
2 775 894
2 775 919
2 775 4145
2 775 4415
2 775 4600
2 775 4624
2 775 4726
2 775 5125
2 775 5128
2 775 5291
2 775 5330
2 775 5450
2 775 5461
2 775 5464
2 775 5467
2 776 791
2 776 2802
2 776 2815
2 776 2854
2 776 2860
2 776 2866
2 776 3203
2 776 3240
2 776 3452
2 776 3454
2 776 3458
2 776 3459
2 776 3462
2 776 3953
2 776 3954
2 776 3955
2 776 6065
2 777 784
2 777 800
2 777 895
2 777 4538
2 777 4565
2 777 5064
2 777 5363
2 777 5407
2 777 5429
2 777 5442
2 777 5443
2 777 5445
2 778 792
2 778 818
2 778 4542
2 778 5055
2 778 5077
2 778 5090
2 778 5141
2 778 5151
2 778 5369
2 778 5418
2 778 5425
2 779 782
2 779 4320
2 779 4321
2 779 4322
2 779 6330
2 779 6338
2 780 788
2 780 795
2 780 4609
2 780 5125
2 780 5128
2 780 5330
2 780 5450
2 780 5461
2 780 5464
2 780 5469
2 781 789
2 781 796
2 781 822
2 781 833
2 781 4603
2 781 5096
2 781 5101
2 781 5115
2 781 5349
2 781 5355
2 781 5365
2 781 5435
2 781 5436
2 781 5446
2 782 786
2 782 793
2 782 2863
2 782 2879
2 782 4320
2 782 4321
2 782 4322
2 782 4328
2 782 6250
2 782 6276
2 782 6318
2 782 6330
2 782 6338
2 782 6343
2 783 787
2 783 794
2 783 810
2 783 824
2 783 2946
2 783 2959
2 783 2967
2 783 2970
2 783 2979
2 783 3282
2 783 3285
2 783 3316
2 783 4060
2 783 4062
2 783 6250
2 783 6307
2 783 6313
2 783 6325
2 783 6331
2 784 800
2 784 4537
2 784 5067
2 784 5363
2 784 5429
2 784 5442
2 784 5445
2 785 790
2 785 858
2 785 873
2 785 900
2 785 2726
2 785 2728
2 785 2731
2 785 2735
2 785 2742
2 785 2751
2 785 3398
2 785 3401
2 785 6001
2 785 6013
2 785 6023
2 785 6058
2 785 6064
2 785 6075
2 785 6098
2 785 6126
2 786 793
2 786 2844
2 786 2849
2 786 4322
2 786 4326
2 786 4327
2 786 4328
2 786 6318
2 786 6324
2 786 6330
2 787 794
2 787 2936
2 787 2946
2 787 2970
2 787 2979
2 787 4062
2 787 6313
2 787 6319
2 787 6325
2 787 6331
2 788 795
2 788 4609
2 788 5126
2 788 5131
2 788 5460
2 788 5461
2 789 796
2 789 4594
2 789 5034
2 789 5101
2 789 5115
2 789 5119
2 789 5124
2 789 5142
2 789 5349
2 789 5365
2 789 5436
2 790 873
2 790 878
2 790 2726
2 790 2728
2 790 3398
2 790 3401
2 790 3403
2 790 3404
2 790 6001
2 790 6047
2 790 6054
2 790 6058
2 790 6098
2 791 868
2 791 3203
2 791 3240
2 791 3954
2 791 3955
2 791 3956
2 791 6065
2 792 818
2 792 991
2 792 1935
2 792 1991
2 792 4124
2 792 5055
2 792 5093
2 792 5105
2 792 5151
2 792 5369
2 792 5371
2 792 5372
2 792 5374
2 792 5418
2 793 2830
2 793 2835
2 793 2840
2 793 4328
2 793 4331
2 793 4332
2 793 6250
2 793 6318
2 793 6324
2 794 799
2 794 810
2 794 824
2 794 2936
2 794 2970
2 794 3282
2 794 3285
2 794 6307
2 794 6313
2 794 6319
2 795 803
2 795 809
2 795 4600
2 795 4609
2 795 5128
2 795 5131
2 795 5134
2 795 5335
2 795 5450
2 795 5456
2 795 5458
2 795 5460
2 795 5461
2 796 815
2 796 822
2 796 823
2 796 833
2 796 845
2 796 859
2 796 5119
2 796 5124
2 796 5132
2 796 5150
2 796 5349
2 796 5365
2 796 5400
2 796 5436
2 797 801
2 797 832
2 797 2702
2 797 2720
2 797 2738
2 797 3135
2 797 3371
2 797 3398
2 797 3401
2 797 3403
2 797 3404
2 797 3406
2 797 6001
2 797 6042
2 797 6054
2 798 802
2 798 2816
2 798 2822
2 798 2835
2 798 2855
2 798 2874
2 798 4328
2 798 4331
2 798 4332
2 798 4334
2 798 4335
2 798 6312
2 799 806
2 799 810
2 799 2913
2 799 2939
2 799 2970
2 799 3282
2 799 3285
2 799 6294
2 799 6301
2 799 6307
2 799 6313
2 800 818
2 800 825
2 800 895
2 800 4534
2 800 4535
2 800 4558
2 800 5067
2 800 5077
2 800 5403
2 800 5428
2 800 5429
2 800 5445
2 801 804
2 801 807
2 801 873
2 801 882
2 801 2702
2 801 2708
2 801 2716
2 801 2738
2 801 3135
2 801 3371
2 801 3403
2 801 3404
2 801 3406
2 801 4238
2 801 5974
2 801 5986
2 801 6001
2 801 6036
2 801 6090
2 801 6098
2 802 805
2 802 2803
2 802 2810
2 802 2816
2 802 2822
2 802 2839
2 802 2843
2 802 2855
2 802 2869
2 802 2874
2 802 4332
2 802 4334
2 802 4335
2 802 6183
2 802 6250
2 802 6293
2 802 6300
2 802 6306
2 803 5134
2 803 5335
2 803 5450
2 803 5453
2 803 5456
2 804 807
2 804 811
2 804 890
2 804 2694
2 804 2696
2 804 2702
2 804 2704
2 804 2708
2 804 2738
2 804 4238
2 804 4240
2 804 4241
2 804 4244
2 804 4245
2 804 5974
2 804 6027
2 804 6031
2 804 6036
2 804 6090
2 805 808
2 805 2792
2 805 2797
2 805 2803
2 805 2816
2 805 2839
2 805 2843
2 805 6160
2 805 6172
2 805 6183
2 805 6281
2 805 6286
2 805 6293
2 806 810
2 806 2902
2 806 2913
2 806 2939
2 806 3285
2 806 3991
2 806 6276
2 806 6287
2 806 6294
2 807 811
2 807 2691
2 807 2694
2 807 2702
2 807 2738
2 807 3371
2 807 4244
2 807 4245
2 807 5974
2 807 6027
2 807 6031
2 808 813
2 808 2788
2 808 2792
2 808 2797
2 808 2829
2 808 2839
2 808 2843
2 808 4290
2 808 6160
2 808 6270
2 808 6275
2 808 6281
2 808 6293
2 809 4600
2 809 4603
2 809 5135
2 809 5342
2 809 5450
2 809 5452
2 810 820
2 810 824
2 810 2893
2 810 2902
2 810 3285
2 810 3991
2 810 3995
2 810 6276
2 810 6294
2 810 6307
2 811 816
2 811 890
2 811 893
2 811 898
2 811 2682
2 811 2691
2 811 2696
2 811 2715
2 811 3371
2 811 3372
2 811 4244
2 811 4245
2 811 4247
2 811 5974
2 811 6007
2 812 818
2 812 4533
2 812 4534
2 812 5083
2 812 5425
2 813 817
2 813 2784
2 813 2809
2 813 2815
2 813 2829
2 813 2839
2 813 4290
2 813 4291
2 813 6259
2 813 6270
2 813 6275
2 814 822
2 814 4600
2 814 4603
2 814 5135
2 814 5138
2 814 5446
2 815 823
2 815 5129
2 815 5132
2 815 5400
2 816 830
2 816 898
2 816 2670
2 816 2673
2 816 2680
2 816 2682
2 816 2696
2 816 3372
2 816 3375
2 816 3377
2 816 3378
2 816 4206
2 816 5934
2 816 6007
2 817 821
2 817 2772
2 817 2777
2 817 2784
2 817 2809
2 817 2815
2 817 4291
2 817 4293
2 817 4294
2 817 6259
2 817 6275
2 818 819
2 818 825
2 818 4533
2 818 4534
2 818 4542
2 818 4551
2 818 4554
2 818 4558
2 818 4560
2 818 5077
2 818 5141
2 818 5151
2 818 5162
2 818 5163
2 818 5369
2 818 5371
2 818 5378
2 818 5403
2 818 5425
2 818 5429
2 819 836
2 819 4533
2 819 5083
2 819 5090
2 819 5369
2 819 5416
2 820 824
2 820 2879
2 820 2893
2 820 3995
2 820 3998
2 820 3999
2 820 4002
2 820 6250
2 820 6260
2 820 6276
2 821 826
2 821 2765
2 821 2772
2 821 2802
2 821 2809
2 821 4294
2 821 4296
2 821 4297
2 821 4299
2 821 4302
2 821 6187
2 821 6243
2 821 6249
2 821 6255
2 821 6275
2 822 827
2 822 833
2 822 845
2 822 852
2 822 859
2 822 894
2 822 4594
2 822 4600
2 822 4603
2 822 5138
2 822 5145
2 822 5349
2 822 5436
2 822 5440
2 822 5446
2 822 5450
2 823 828
2 823 833
2 823 840
2 823 859
2 823 4573
2 823 5129
2 823 5132
2 823 5150
2 823 5153
2 823 5154
2 823 5424
2 824 829
2 824 835
2 824 854
2 824 953
2 824 2869
2 824 2874
2 824 3285
2 824 3316
2 824 3767
2 824 3881
2 824 3995
2 824 3998
2 824 3999
2 824 4002
2 824 6119
2 824 6136
2 824 6250
2 824 6276
2 824 6307
2 825 831
2 825 836
2 825 849
2 825 919
2 825 4145
2 825 4531
2 825 4551
2 825 5090
2 825 5369
2 825 5371
2 825 5378
2 825 5416
2 826 834
2 826 837
2 826 2754
2 826 2760
2 826 2781
2 826 2783
2 826 2786
2 826 2790
2 826 2802
2 826 3462
2 826 4294
2 826 4296
2 826 4297
2 826 4299
2 826 4300
2 826 4302
2 826 6135
2 826 6181
2 826 6187
2 826 6243
2 826 6244
2 827 852
2 827 4591
2 827 4594
2 827 4600
2 827 5139
2 827 5145
2 827 5433
2 827 5436
2 827 5440
2 828 833
2 828 4586
2 828 5129
2 828 5132
2 829 835
2 829 2843
2 829 2869
2 829 2874
2 829 4002
2 829 6136
2 829 6250
2 830 838
2 830 912
2 830 917
2 830 2644
2 830 2648
2 830 2654
2 830 2661
2 830 2663
2 830 2666
2 830 2670
2 830 2673
2 830 3318
2 830 3319
2 830 3372
2 830 3377
2 830 3378
2 830 4206
2 830 4207
2 830 4212
2 830 4213
2 830 5934
2 830 5973
2 830 5980
2 830 5992
2 831 836
2 831 849
2 831 4531
2 831 5093
2 831 5100
2 831 5371
2 831 5415
2 831 5416
2 832 936
2 832 2738
2 832 2746
2 832 2995
2 832 3095
2 832 3135
2 832 3137
2 832 3167
2 832 3203
2 832 3282
2 832 3316
2 832 3360
2 832 3363
2 832 3398
2 832 3401
2 832 3424
2 832 3493
2 832 3881
2 832 5986
2 832 6001
2 832 6008
2 833 840
2 833 853
2 833 859
2 833 860
2 833 894
2 833 919
2 833 1361
2 833 1849
2 833 4122
2 833 4136
2 833 4160
2 833 4276
2 833 4281
2 833 4353
2 833 4566
2 833 4573
2 833 4574
2 833 4578
2 833 4586
2 833 4710
2 833 5132
2 833 5153
2 833 5154
2 833 5355
2 833 5365
2 833 5387
2 833 5435
2 833 6119
2 834 837
2 834 2748
2 834 2752
2 834 2754
2 834 2781
2 834 4300
2 834 4302
2 834 6233
2 835 842
2 835 848
2 835 854
2 835 2839
2 835 2843
2 835 2866
2 835 3240
2 835 3285
2 835 3316
2 835 3881
2 835 3949
2 835 3954
2 835 6115
2 835 6136
2 835 6250
2 836 843
2 836 849
2 836 862
2 836 4530
2 836 5093
2 836 5100
2 836 5105
2 836 5179
2 836 5371
2 836 5374
2 836 5415
2 836 5416
2 837 841
2 837 847
2 837 2743
2 837 2748
2 837 2752
2 837 2783
2 837 4302
2 837 6153
2 837 6163
2 837 6170
2 837 6181
2 837 6187
2 837 6217
2 837 6237
2 837 6243
2 838 844
2 838 850
2 838 855
2 838 917
2 838 2644
2 838 2663
2 838 2669
2 838 3071
2 838 3318
2 838 3319
2 838 3321
2 838 3322
2 838 4178
2 838 5912
2 838 5934
2 838 5962
2 838 6020
2 839 845
2 839 4584
2 839 5142
2 839 5145
2 839 5349
2 839 5433
2 840 846
2 840 853
2 840 860
2 840 894
2 840 4566
2 840 4567
2 840 4574
2 840 4578
2 840 5153
2 840 5154
2 840 5381
2 840 5384
2 840 5387
2 840 5412
2 841 847
2 841 851
2 841 2730
2 841 2743
2 841 2748
2 841 6153
2 841 6170
2 841 6206
2 841 6212
2 841 6217
2 842 848
2 842 2829
2 842 2839
2 842 2843
2 842 3949
2 843 849
2 843 4530
2 843 5106
2 843 5372
2 843 5374
2 843 5404
2 844 850
2 844 2628
2 844 2640
2 844 2644
2 844 3322
2 844 3324
2 844 3841
2 844 4178
2 844 5912
2 844 5943
2 844 5949
2 844 5953
2 844 5958
2 844 5962
2 844 5989
2 844 6020
2 845 852
2 845 859
2 845 4584
2 845 5142
2 845 5145
2 845 5150
2 845 5349
2 845 5354
2 846 853
2 846 860
2 846 4565
2 846 4566
2 846 4574
2 846 5377
2 846 5381
2 846 5384
2 846 5407
2 846 5412
2 847 851
2 847 2727
2 847 2730
2 847 2748
2 847 3427
2 847 4264
2 847 6093
2 847 6101
2 847 6153
2 847 6163
2 847 6206
2 847 6212
2 847 6217
2 848 854
2 848 2809
2 848 2821
2 848 2829
2 848 2839
2 848 3949
2 848 3953
2 848 3954
2 848 6207
2 849 856
2 849 862
2 849 869
2 849 875
2 849 919
2 849 963
2 849 968
2 849 970
2 849 973
2 849 1000
2 849 1026
2 849 1034
2 849 1055
2 849 1947
2 849 4145
2 849 4159
2 849 4236
2 849 4415
2 849 4527
2 849 4531
2 849 5105
2 849 5106
2 849 5113
2 849 5178
2 849 5371
2 849 5374
2 849 5378
2 849 5404
2 849 5445
2 850 855
2 850 863
2 850 2632
2 850 3071
2 850 3318
2 850 3319
2 850 3321
2 850 3322
2 850 3324
2 850 3841
2 850 4178
2 850 5912
2 850 5943
2 850 5944
2 850 5949
2 850 5953
2 850 5989
2 851 858
2 851 867
2 851 2722
2 851 2727
2 851 4264
2 851 4265
2 851 4268
2 851 6153
2 851 6196
2 851 6201
2 851 6206
2 852 859
2 852 865
2 852 872
2 852 895
2 852 899
2 852 919
2 852 4577
2 852 4584
2 852 4600
2 852 5149
2 852 5150
2 852 5354
2 853 860
2 853 4122
2 853 4574
2 854 868
2 854 874
2 854 880
2 854 953
2 854 2809
2 854 2815
2 854 2821
2 854 2829
2 854 2839
2 854 3767
2 854 3881
2 854 3954
2 854 3955
2 854 3956
2 854 6119
2 854 6187
2 854 6207
2 854 6250
2 855 861
2 855 863
2 855 871
2 855 902
2 855 2613
2 855 2632
2 855 3071
2 855 3073
2 855 3286
2 855 3318
2 855 3321
2 855 5912
2 855 5938
2 855 5943
2 855 5944
2 856 862
2 856 869
2 856 968
2 856 970
2 856 973
2 856 1947
2 856 2044
2 856 5110
2 856 5113
2 856 5178
2 856 5375
2 856 5399
2 857 2715
2 857 3095
2 857 3135
2 857 3137
2 857 3318
2 857 3371
2 857 3372
2 857 5934
2 857 5974
2 858 864
2 858 867
2 858 873
2 858 2710
2 858 2719
2 858 2735
2 858 2742
2 858 2751
2 858 4265
2 858 4267
2 858 4268
2 858 4270
2 858 6075
2 858 6126
2 858 6153
2 858 6192
2 859 865
2 859 872
2 859 894
2 859 899
2 859 919
2 859 4566
2 859 4573
2 859 5150
2 859 5354
2 859 5423
2 859 5424
2 860 866
2 860 889
2 860 894
2 860 910
2 860 913
2 860 919
2 860 4122
2 860 4566
2 860 4574
2 860 5141
2 860 5146
2 860 5377
2 860 5394
2 861 863
2 861 871
2 861 2601
2 861 3286
2 861 5928
2 861 5933
2 861 5938
2 862 869
2 862 5105
2 862 5110
2 862 5118
2 862 5375
2 862 5391
2 862 5392
2 862 5396
2 863 871
2 863 2601
2 863 2609
2 863 2632
2 863 3286
2 863 4146
2 863 4178
2 863 4182
2 863 5912
2 863 5920
2 863 5928
2 863 5933
2 863 5938
2 863 5943
2 863 5989
2 864 873
2 864 2705
2 864 2710
2 864 2735
2 864 4267
2 864 4270
2 864 4271
2 864 4273
2 865 872
2 865 4573
2 865 5149
2 865 5153
2 865 5154
2 865 5423
2 866 889
2 866 913
2 866 4542
2 866 4554
2 866 4560
2 866 5141
2 866 5377
2 866 5394
2 866 5403
2 866 5429
2 867 873
2 867 2710
2 867 2742
2 867 4268
2 867 4270
2 867 4271
2 867 4273
2 867 6119
2 867 6126
2 867 6153
2 867 6169
2 867 6180
2 867 6186
2 867 6192
2 867 6196
2 867 6206
2 868 874
2 868 880
2 868 2783
2 868 2802
2 868 3203
2 868 3954
2 868 3955
2 868 3956
2 868 6065
2 868 6176
2 868 6181
2 868 6187
2 869 875
2 869 970
2 869 973
2 869 2044
2 869 4526
2 869 5122
2 869 5375
2 869 5391
2 869 5396
2 870 871
2 870 876
2 870 2588
2 870 2591
2 870 2593
2 870 2632
2 870 3044
2 870 3241
2 870 3286
2 870 3289
2 870 3290
2 870 5924
2 871 2591
2 871 2593
2 871 2597
2 871 2609
2 871 2632
2 871 3286
2 871 3289
2 871 3290
2 871 3294
2 871 4146
2 871 5920
2 871 5924
2 871 5928
2 871 5933
2 871 5989
2 872 883
2 872 888
2 872 894
2 872 895
2 872 899
2 872 4566
2 872 4567
2 872 4573
2 872 5154
2 872 5155
2 873 878
2 873 882
2 873 2697
2 873 2705
2 873 2710
2 873 2726
2 873 2735
2 873 3403
2 873 3404
2 873 4270
2 873 4271
2 873 4273
2 873 6047
2 873 6098
2 873 6106
2 873 6119
2 873 6126
2 873 6169
2 873 6175
2 873 6180
2 874 879
2 874 880
2 874 2783
2 874 3203
2 874 3204
2 874 6048
2 874 6065
2 874 6170
2 874 6176
2 874 6181
2 874 6187
2 875 970
2 875 973
2 875 997
2 875 1940
2 875 1955
2 875 2044
2 875 2049
2 875 4119
2 875 4526
2 875 5122
2 875 5181
2 876 881
2 876 2581
2 876 2588
2 876 3044
2 876 3241
2 876 3290
2 876 3292
2 876 3294
2 876 5915
2 876 5920
2 877 2715
2 877 3095
2 877 3096
2 877 3097
2 877 3137
2 877 3865
2 877 3866
2 877 5934
2 878 882
2 878 2688
2 878 2693
2 878 2697
2 878 3404
2 878 6047
2 878 6098
2 878 6106
2 878 6162
2 878 6169
2 878 6175
2 879 880
2 879 2783
2 879 3913
2 879 6037
2 879 6048
2 879 6065
2 879 6163
2 879 6170
2 880 886
2 880 891
2 880 953
2 880 2783
2 880 3203
2 880 3204
2 880 3881
2 880 3913
2 880 3914
2 880 3954
2 880 6048
2 880 6119
2 880 6153
2 880 6163
2 880 6170
2 880 6187
2 881 884
2 881 943
2 881 2574
2 881 2578
2 881 2581
2 881 2606
2 881 3044
2 881 3241
2 881 3290
2 881 3294
2 881 4063
2 881 4152
2 881 4153
2 881 4157
2 881 5911
2 881 5915
2 881 5966
2 882 885
2 882 2681
2 882 2688
2 882 2693
2 882 2716
2 882 3404
2 882 4238
2 882 6036
2 882 6047
2 882 6090
2 882 6098
2 882 6106
2 882 6157
2 882 6162
2 882 6169
2 883 888
2 883 895
2 883 899
2 883 4538
2 883 4567
2 883 5154
2 883 5155
2 883 5158
2 883 5366
2 883 5411
2 883 5412
2 884 887
2 884 2574
2 884 2578
2 884 2581
2 884 2606
2 884 3241
2 884 4063
2 884 5855
2 884 5903
2 884 5911
2 885 890
2 885 2678
2 885 2704
2 885 4238
2 885 4240
2 885 4241
2 885 4244
2 885 4250
2 885 6083
2 885 6090
2 885 6098
2 885 6106
2 885 6152
2 885 6157
2 885 6162
2 885 6169
2 886 891
2 886 3913
2 886 3914
2 886 6119
2 886 6153
2 886 6170
2 887 2561
2 887 2574
2 887 3241
2 887 3242
2 887 3246
2 887 3247
2 887 3252
2 887 3253
2 887 4063
2 887 5855
2 887 5897
2 887 5903
2 888 894
2 888 895
2 888 899
2 888 4567
2 888 5155
2 888 5158
2 888 5407
2 888 5410
2 888 5411
2 888 5412
2 889 913
2 889 986
2 889 991
2 889 4122
2 889 4551
2 889 4554
2 889 5141
2 889 5146
2 889 5151
2 889 5165
2 889 5378
2 889 5382
2 889 5385
2 889 5388
2 889 5394
2 890 2696
2 890 2704
2 890 4240
2 890 4241
2 890 4244
2 890 4245
2 890 4247
2 890 4250
2 890 6083
2 890 6141
2 890 6146
2 890 6152
2 891 896
2 891 2742
2 891 2751
2 891 3881
2 891 3914
2 891 6023
2 891 6119
2 891 6153
2 892 897
2 892 2564
2 892 3031
2 892 3206
2 892 3241
2 892 3242
2 892 3246
2 892 3247
2 892 3252
2 892 3253
2 892 5835
2 892 5878
2 892 5890
2 893 898
2 893 2651
2 893 2658
2 893 2664
2 893 2696
2 893 4244
2 893 4245
2 893 4247
2 893 4248
2 893 4250
2 893 6139
2 894 895
2 894 899
2 894 910
2 894 913
2 894 919
2 894 4122
2 894 4136
2 894 4160
2 894 4281
2 894 4562
2 894 4566
2 894 4567
2 894 5155
2 894 5158
2 894 5159
2 894 5394
2 894 5410
2 895 899
2 895 4558
2 895 4565
2 895 5158
2 895 5159
2 895 5403
2 895 5407
2 895 5411
2 895 5429
2 896 900
2 896 2742
2 896 2751
2 896 3167
2 896 3881
2 896 3914
2 896 6008
2 896 6023
2 896 6119
2 896 6126
2 897 901
2 897 2556
2 897 2561
2 897 2564
2 897 3206
2 897 3253
2 897 5835
2 897 5878
2 897 5883
2 898 903
2 898 2641
2 898 2651
2 898 2691
2 898 2696
2 898 3372
2 898 4206
2 898 4245
2 898 4250
2 898 6007
2 898 6125
2 898 6139
2 899 906
2 899 910
2 899 919
2 899 4562
2 899 5159
2 899 5403
2 900 2742
2 900 2751
2 900 3881
2 900 3882
2 900 6001
2 900 6008
2 900 6013
2 900 6023
2 900 6098
2 900 6106
2 900 6119
2 900 6126
2 901 904
2 901 905
2 901 2556
2 901 3206
2 901 3253
2 901 5873
2 901 5878
2 901 5883
2 902 907
2 902 944
2 902 949
2 902 950
2 902 953
2 902 2632
2 902 3071
2 902 3073
2 902 3816
2 902 3840
2 902 3841
2 902 3843
2 902 3844
2 902 5912
2 902 5989
2 903 908
2 903 2635
2 903 2641
2 903 2673
2 903 2677
2 903 2696
2 903 4206
2 903 4207
2 903 4250
2 903 6045
2 903 6118
2 903 6125
2 904 905
2 904 916
2 904 2512
2 904 3168
2 904 3206
2 904 3207
2 904 3242
2 904 5865
2 904 5873
2 904 5878
2 905 911
2 905 952
2 905 955
2 905 2542
2 905 2548
2 905 3206
2 905 3207
2 905 3208
2 905 3215
2 905 3253
2 905 3800
2 905 4005
2 905 4064
2 905 4065
2 905 5815
2 905 5835
2 905 5859
2 905 5865
2 905 5873
2 905 5883
2 905 5965
2 906 910
2 906 4558
2 906 4560
2 906 4562
2 906 5394
2 907 936
2 907 944
2 907 949
2 907 953
2 907 969
2 907 2632
2 907 3044
2 907 3045
2 907 3071
2 907 3073
2 907 3097
2 907 3286
2 907 3816
2 908 2624
2 908 2629
2 908 2635
2 908 2641
2 908 4206
2 908 4207
2 908 4212
2 908 4213
2 908 4218
2 908 4250
2 908 6045
2 908 6097
2 908 6105
2 908 6112
2 909 914
2 909 3881
2 909 3882
2 909 3886
2 909 6083
2 909 6098
2 909 6106
2 909 6119
2 910 913
2 910 4558
2 910 4560
2 910 4562
2 910 4566
2 910 5162
2 910 5394
2 911 3206
2 911 3207
2 911 3208
2 911 5859
2 911 5865
2 912 917
2 912 2615
2 912 2619
2 912 2624
2 912 2644
2 912 2654
2 912 2663
2 912 4206
2 912 4207
2 912 4212
2 912 4213
2 912 4215
2 912 4218
2 912 5973
2 912 6089
2 912 6097
2 912 6105
2 913 915
2 913 919
2 913 4122
2 913 4554
2 913 5163
2 913 5385
2 913 5388
2 913 5394
2 914 2718
2 914 2746
2 914 3135
2 914 3881
2 914 3882
2 914 3883
2 914 3886
2 914 5974
2 914 5986
2 914 6083
2 914 6090
2 914 6098
2 914 6106
2 914 6119
2 915 919
2 915 4551
2 915 5163
2 915 5385
2 915 5388
2 916 918
2 916 942
2 916 2521
2 916 3168
2 916 3206
2 916 3207
2 916 3208
2 916 3210
2 916 3213
2 916 3215
2 916 5798
2 916 5815
2 916 5854
2 916 5859
2 916 5865
2 917 920
2 917 2615
2 917 2619
2 917 2644
2 917 2663
2 917 4178
2 917 4213
2 917 4215
2 917 4218
2 917 4219
2 917 4221
2 917 6020
2 917 6089
2 918 922
2 918 2512
2 918 2521
2 918 3168
2 918 3213
2 918 3215
2 918 5845
2 918 5850
2 918 5865
2 919 923
2 919 995
2 919 1008
2 919 1949
2 919 4122
2 919 4136
2 919 4141
2 919 4145
2 919 4148
2 919 4160
2 919 4236
2 919 4281
2 919 4319
2 919 4415
2 919 4544
2 919 4548
2 919 5168
2 919 5382
2 919 5385
2 919 5445
2 920 924
2 920 2598
2 920 2610
2 920 2615
2 920 4178
2 920 4218
2 920 4221
2 920 6020
2 920 6072
2 920 6077
2 920 6082
2 921 927
2 921 930
2 921 2696
2 921 2704
2 921 2715
2 921 3137
2 921 3865
2 921 3881
2 921 3886
2 921 3887
2 921 5974
2 921 6083
2 922 925
2 922 967
2 922 975
2 922 2498
2 922 2510
2 922 2512
2 922 2517
2 922 3168
2 922 3170
2 922 3215
2 922 5798
2 922 5839
2 922 5845
2 922 5900
2 923 963
2 923 4141
2 923 4145
2 923 4541
2 923 4544
2 923 5168
2 923 5378
2 924 926
2 924 2598
2 924 2610
2 924 2640
2 924 4178
2 924 4221
2 924 6017
2 924 6020
2 924 6072
2 924 6073
2 924 6077
2 925 928
2 925 931
2 925 975
2 925 2498
2 925 2506
2 925 2517
2 925 2527
2 925 2995
2 925 2997
2 925 3140
2 925 3168
2 925 3170
2 925 3172
2 925 3173
2 925 3174
2 925 3175
2 925 5798
2 925 5833
2 925 5834
2 925 5839
2 926 2589
2 926 2628
2 926 2640
2 926 4178
2 926 4179
2 926 4182
2 926 4184
2 926 4185
2 926 4190
2 926 4221
2 926 5996
2 926 6017
2 926 6067
2 926 6072
2 927 930
2 927 2673
2 927 2677
2 927 2696
2 927 2704
2 927 2715
2 927 3137
2 927 3865
2 927 5934
2 928 931
2 928 3140
2 928 3168
2 928 3170
2 928 3172
2 928 3173
2 928 3174
2 928 3175
2 928 5809
2 928 5814
2 928 5820
2 928 5827
2 928 5834
2 929 2583
2 929 2586
2 929 4184
2 929 4185
2 929 4187
2 929 6051
2 929 6061
2 930 953
2 930 2657
2 930 2673
2 930 2677
2 930 2704
2 930 3865
2 930 3868
2 930 3881
2 930 3886
2 930 6045
2 930 6083
2 930 6119
2 931 933
2 931 935
2 931 2481
2 931 2527
2 931 3140
2 931 3174
2 931 3175
2 931 5808
2 931 5814
2 931 5820
2 932 934
2 932 2575
2 932 4146
2 932 4184
2 932 4185
2 932 4187
2 932 4190
2 932 5943
2 932 6039
2 932 6051
2 933 935
2 933 2478
2 933 2481
2 933 3140
2 933 3142
2 933 5808
2 933 5809
2 934 937
2 934 2572
2 934 2575
2 934 2603
2 934 4146
2 934 4149
2 934 4190
2 934 6033
2 934 6039
2 934 6044
2 935 938
2 935 941
2 935 988
2 935 2466
2 935 2478
2 935 2481
2 935 2503
2 935 3140
2 935 3142
2 935 3144
2 935 3175
2 935 3759
2 935 3916
2 935 3959
2 935 5797
2 935 5802
2 935 5808
2 935 5862
2 936 942
2 936 944
2 936 946
2 936 969
2 936 974
2 936 984
2 936 993
2 936 1097
2 936 1217
2 936 2197
2 936 2570
2 936 2945
2 936 2962
2 936 2995
2 936 3013
2 936 3031
2 936 3044
2 936 3045
2 936 3071
2 936 3095
2 936 3096
2 936 3097
2 936 3135
2 936 3137
2 936 3202
2 936 3206
2 936 3241
2 936 3316
2 936 3360
2 936 3363
2 936 3767
2 936 3801
2 936 3881
2 936 4009
2 936 4775
2 936 5815
2 936 5835
2 937 939
2 937 2597
2 937 2603
2 937 4146
2 937 4149
2 937 4152
2 937 4153
2 937 4162
2 937 4190
2 937 5966
2 937 5970
2 937 6033
2 937 6039
2 937 6044
2 938 941
2 938 2460
2 938 3144
2 938 3146
2 938 3148
2 938 5797
2 939 943
2 939 2553
2 939 2559
2 939 4152
2 939 4153
2 939 4157
2 939 4158
2 939 4162
2 939 5966
2 939 6033
2 940 944
2 940 2640
2 940 2657
2 940 2663
2 940 2669
2 940 3097
2 940 3099
2 940 3840
2 940 3841
2 940 3865
2 940 3866
2 940 3868
2 940 5912
2 940 5934
2 940 6020
2 940 6025
2 941 945
2 941 2455
2 941 2460
2 941 2466
2 941 2486
2 941 2503
2 941 3100
2 941 3144
2 941 3148
2 941 3149
2 941 3759
2 941 3916
2 941 5785
2 941 5790
2 941 5797
2 942 946
2 942 2570
2 942 2995
2 942 3013
2 942 3168
2 942 3206
2 942 5798
2 942 5815
2 943 947
2 943 2549
2 943 2553
2 943 2574
2 943 4063
2 943 4152
2 943 4153
2 943 4157
2 943 4158
2 943 4162
2 943 5911
2 943 5966
2 943 6016
2 943 6019
2 944 949
2 944 953
2 944 969
2 944 2628
2 944 2634
2 944 2640
2 944 2657
2 944 3071
2 944 3097
2 944 3099
2 944 3840
2 944 3843
2 944 3865
2 944 3868
2 944 3881
2 944 5996
2 944 6017
2 944 6025
2 945 999
2 945 1003
2 945 1007
2 945 2447
2 945 2451
2 945 2455
2 945 2466
2 945 2472
2 945 2486
2 945 2503
2 945 3100
2 945 3103
2 945 3106
2 945 3149
2 945 3916
2 945 5772
2 945 5780
2 945 5785
2 945 5790
2 945 5830
2 946 993
2 946 1001
2 946 2995
2 946 2997
2 946 3013
2 946 3767
2 946 3776
2 946 3778
2 946 5798
2 946 5815
2 947 2543
2 947 2549
2 947 2571
2 947 2574
2 947 4063
2 947 4064
2 947 4162
2 947 5995
2 947 6003
2 947 6011
2 947 6016
2 947 6019
2 948 2530
2 948 2537
2 948 2549
2 948 2561
2 948 4063
2 948 4064
2 948 4065
2 948 4067
2 948 5903
2 948 5995
2 948 6003
2 949 950
2 949 953
2 949 2618
2 949 2628
2 949 2657
2 949 3071
2 949 3840
2 949 3843
2 949 3844
2 949 3868
2 949 5989
2 949 5996
2 950 953
2 950 2603
2 950 2609
2 950 2618
2 950 2632
2 950 3816
2 950 3844
2 950 5978
2 950 5983
2 950 5989
2 950 5996
2 951 954
2 951 2472
2 951 3074
2 951 3100
2 951 3102
2 951 3103
2 951 3104
2 951 3106
2 951 5755
2 951 5760
2 952 955
2 952 2518
2 952 2524
2 952 2530
2 952 2548
2 952 2552
2 952 2571
2 952 3253
2 952 4005
2 952 4064
2 952 4065
2 952 4067
2 952 4068
2 952 5873
2 952 5883
2 952 5977
2 952 5982
2 952 5995
2 953 956
2 953 969
2 953 1168
2 953 2536
2 953 2571
2 953 2574
2 953 2597
2 953 2603
2 953 2657
2 953 3469
2 953 3767
2 953 3816
2 953 3821
2 953 3865
2 953 3868
2 953 3881
2 953 4009
2 953 5818
2 953 5966
2 953 5970
2 953 5978
2 953 5983
2 953 5996
2 953 6119
2 954 957
2 954 964
2 954 2407
2 954 2413
2 954 2416
2 954 2446
2 954 2472
2 954 2958
2 954 2975
2 954 3074
2 954 3077
2 954 3100
2 954 3106
2 954 3888
2 954 3891
2 954 5742
2 954 5749
2 954 5755
2 954 5800
2 955 958
2 955 2507
2 955 2513
2 955 2518
2 955 2548
2 955 2552
2 955 4005
2 955 5873
2 955 5965
2 955 5969
2 955 5977
2 956 3816
2 956 3819
2 956 3821
2 956 5966
2 956 5970
2 956 5978
2 957 2403
2 957 2407
2 957 3074
2 957 3077
2 957 5742
2 958 961
2 958 2494
2 958 2501
2 958 2507
2 958 2536
2 958 2542
2 958 2548
2 958 2552
2 958 4005
2 958 5900
2 958 5964
2 958 5965
2 958 5969
2 958 5977
2 959 969
2 959 2574
2 959 2606
2 959 3045
2 959 3816
2 959 3819
2 959 3821
2 959 5855
2 959 5966
2 960 962
2 960 964
2 960 1021
2 960 2400
2 960 3077
2 960 3079
2 960 3082
2 960 3894
2 960 5730
2 960 5736
2 960 5742
2 961 967
2 961 971
2 961 2484
2 961 2494
2 961 2501
2 961 2536
2 961 2542
2 961 4005
2 961 4006
2 961 4008
2 961 4013
2 961 4018
2 961 5900
2 961 5956
2 961 5960
2 961 5964
2 961 5977
2 962 964
2 962 2400
2 962 2446
2 962 3046
2 962 3074
2 962 3077
2 962 3079
2 962 3082
2 962 5719
2 962 5724
2 963 968
2 963 1947
2 963 1949
2 963 2032
2 963 4141
2 963 4145
2 963 5178
2 964 972
2 964 1021
2 964 2378
2 964 2382
2 964 2389
2 964 2409
2 964 2421
2 964 2446
2 964 3046
2 964 3047
2 964 3050
2 964 3077
2 964 3082
2 964 3869
2 964 3891
2 964 3894
2 964 5678
2 964 5713
2 964 5719
2 964 5724
2 964 5730
2 964 5742
2 964 5800
2 965 974
2 965 1018
2 965 2486
2 965 2497
2 965 2503
2 965 2527
2 965 2975
2 965 2995
2 965 2997
2 965 3759
2 965 3767
2 966 968
2 966 1947
2 966 1949
2 966 2032
2 966 4145
2 966 4148
2 966 5174
2 967 971
2 967 975
2 967 2479
2 967 2492
2 967 2498
2 967 2517
2 967 3215
2 967 4005
2 967 4006
2 967 4008
2 967 4013
2 967 4014
2 967 5850
2 967 5854
2 967 5859
2 967 5900
2 967 5956
2 968 970
2 968 973
2 968 1947
2 968 2039
2 968 4145
2 968 4148
2 968 4151
2 968 5171
2 968 5173
2 968 5178
2 969 993
2 969 2536
2 969 2552
2 969 2571
2 969 2574
2 969 2606
2 969 3031
2 969 3045
2 969 3097
2 969 3767
2 969 3800
2 969 3801
2 969 3816
2 969 3821
2 969 3881
2 969 5855
2 970 973
2 970 1947
2 970 2039
2 970 2044
2 970 4151
2 970 5113
2 970 5171
2 970 5173
2 970 5375
2 971 975
2 971 977
2 971 2479
2 971 2484
2 971 4013
2 971 4014
2 971 4018
2 971 5900
2 971 5947
2 972 979
2 972 2378
2 972 2382
2 972 2421
2 972 3032
2 972 3046
2 972 3047
2 972 3048
2 972 3049
2 972 3050
2 973 976
2 973 982
2 973 1000
2 973 1940
2 973 2044
2 973 2049
2 973 4119
2 973 4145
2 973 4148
2 973 4151
2 973 4156
2 973 4160
2 973 5171
2 974 1018
2 974 1022
2 974 2470
2 974 2472
2 974 2486
2 974 2962
2 974 2975
2 974 2995
2 974 2997
2 974 3566
2 974 3641
2 974 3644
2 974 3759
2 974 3761
2 974 3767
2 975 977
2 975 980
2 975 2458
2 975 2467
2 975 2479
2 975 2498
2 975 2506
2 975 2517
2 975 3175
2 975 3958
2 975 4014
2 975 4018
2 975 5833
2 975 5850
2 975 5854
2 975 5900
2 975 5936
2 975 5941
2 976 978
2 976 982
2 976 995
2 976 1000
2 976 2044
2 976 2049
2 976 4145
2 976 4148
2 976 4156
2 976 4160
2 976 4166
2 977 980
2 977 983
2 977 2479
2 977 2484
2 977 2506
2 977 3958
2 977 3959
2 977 4018
2 977 5882
2 977 5887
2 977 5900
2 977 5931
2 977 5936
2 977 5941
2 978 982
2 978 1942
2 978 2049
2 978 2052
2 978 4160
2 978 4166
2 978 4171
2 979 981
2 979 2372
2 979 2421
2 979 3032
2 979 3048
2 979 3049
2 979 3050
2 979 5700
2 979 5707
2 980 983
2 980 2467
2 980 3958
2 980 3959
2 980 5931
2 980 5936
2 981 2356
2 981 2361
2 981 2365
2 981 2372
2 981 2393
2 981 2421
2 981 3032
2 981 3035
2 981 3050
2 981 3848
2 981 5689
2 981 5695
2 981 5700
2 981 5707
2 981 5752
2 982 987
2 982 992
2 982 995
2 982 1000
2 982 1940
2 982 2051
2 982 2052
2 982 4119
2 982 4156
2 982 4160
2 982 4166
2 982 4171
2 982 4183
2 983 2453
2 983 2458
2 983 2463
2 983 3958
2 983 3959
2 983 3961
2 983 3962
2 983 3965
2 983 5862
2 983 5882
2 983 5926
2 983 5931
2 984 993
2 984 2536
2 984 2542
2 984 2548
2 984 2552
2 984 3800
2 984 3801
2 984 5815
2 984 5835
2 985 989
2 985 994
2 985 2348
2 985 2350
2 985 2353
2 985 2356
2 985 2386
2 985 2907
2 985 2927
2 985 2945
2 985 2948
2 985 3015
2 985 3032
2 985 3034
2 985 3035
2 985 3046
2 985 5677
2 986 991
2 986 1981
2 986 4122
2 986 4541
2 986 5151
2 986 5382
2 986 5385
2 987 992
2 987 995
2 987 1000
2 987 1936
2 987 2051
2 987 2057
2 987 4171
2 987 4183
2 988 990
2 988 2443
2 988 2449
2 988 2458
2 988 3175
2 988 3916
2 988 3958
2 988 3959
2 988 3961
2 988 3962
2 988 3965
2 988 5797
2 988 5808
2 988 5862
2 988 5917
2 989 994
2 989 2348
2 989 2350
2 989 2385
2 989 2386
2 989 3032
2 989 3035
2 989 3036
2 990 996
2 990 2433
2 990 2438
2 990 2443
2 990 2449
2 990 3916
2 990 3922
2 990 3965
2 990 5906
2 990 5908
2 991 1952
2 991 1981
2 991 1991
2 991 4122
2 991 4124
2 991 4126
2 991 4541
2 991 5151
2 991 5165
2 991 5174
2 991 5369
2 991 5371
2 991 5378
2 991 5382
2 992 995
2 992 1000
2 992 1934
2 992 1936
2 992 2051
2 992 2057
2 992 2062
2 992 4119
2 992 4183
2 993 1001
2 993 2529
2 993 2536
2 993 2542
2 993 3767
2 993 3776
2 993 3778
2 993 3801
2 993 5798
2 993 5815
2 993 5894
2 993 5900
2 994 998
2 994 2340
2 994 2348
2 994 2385
2 994 2386
2 994 2907
2 994 2998
2 994 3015
2 994 3017
2 994 3035
2 994 3036
2 994 5619
2 994 5666
2 994 5734
2 995 1000
2 995 1008
2 995 1925
2 995 1932
2 995 1934
2 995 2063
2 995 2071
2 995 4145
2 995 4160
2 995 4183
2 995 4188
2 996 999
2 996 2424
2 996 2433
2 996 2438
2 996 2466
2 996 3916
2 996 3919
2 996 3921
2 996 3922
2 996 3965
2 996 5899
2 996 5906
2 997 1909
2 997 1955
2 997 4119
2 997 5179
2 997 5181
2 998 2325
2 998 2329
2 998 2998
2 998 2999
2 998 3015
2 998 3017
2 998 3019
2 998 3022
2 998 5619
2 998 5657
2 999 1003
2 999 2418
2 999 2452
2 999 2466
2 999 3916
2 999 3919
2 999 3921
2 999 3922
2 999 5780
2 999 5830
2 999 5886
2 1000 1005
2 1000 1008
2 1000 1019
2 1000 1026
2 1000 1034
2 1000 1931
2 1000 1932
2 1000 1934
2 1000 2062
2 1000 2063
2 1000 2071
2 1000 2077
2 1000 2082
2 1000 4119
2 1000 4123
2 1000 4125
2 1000 4130
2 1000 4145
2 1000 4188
2 1000 4236
2 1001 1006
2 1001 2506
2 1001 2517
2 1001 2527
2 1001 2536
2 1001 2997
2 1001 3767
2 1001 3778
2 1001 5798
2 1001 5882
2 1001 5887
2 1001 5894
2 1002 1908
2 1002 1909
2 1002 1955
2 1002 4119
2 1002 5179
2 1003 1007
2 1003 2397
2 1003 2410
2 1003 2452
2 1003 3922
2 1003 5780
2 1003 5811
2 1003 5830
2 1003 5881
2 1003 5886
2 1004 1950
2 1004 1952
2 1004 1991
2 1004 2000
2 1004 4124
2 1004 4126
2 1004 4133
2 1004 4136
2 1004 5375
2 1005 1008
2 1005 1926
2 1005 1931
2 1005 2062
2 1005 2071
2 1005 2077
2 1006 1009
2 1006 2491
2 1006 2506
2 1006 3767
2 1006 3768
2 1006 5882
2 1007 1012
2 1007 2397
2 1007 2410
2 1007 2429
2 1007 2432
2 1007 2452
2 1007 3103
2 1007 3106
2 1007 3888
2 1007 3891
2 1007 3922
2 1007 5766
2 1007 5772
2 1007 5780
2 1007 5811
2 1007 5824
2 1007 5830
2 1007 5870
2 1007 5881
2 1007 5886
2 1008 1015
2 1008 1026
2 1008 1925
2 1008 1926
2 1008 1932
2 1008 2071
2 1008 2077
2 1008 2082
2 1008 4145
2 1008 4160
2 1008 4183
2 1008 4188
2 1008 4205
2 1008 4210
2 1008 4216
2 1008 4236
2 1008 4281
2 1009 2491
2 1009 2503
2 1009 2506
2 1009 2527
2 1009 3175
2 1009 3768
2 1009 3771
2 1009 3959
2 1009 5862
2 1009 5882
2 1010 1016
2 1010 1020
2 1010 1081
2 1010 1087
2 1010 2316
2 1010 2343
2 1010 2986
2 1010 2998
2 1010 2999
2 1010 3000
2 1010 3004
2 1010 3802
2 1010 3803
2 1010 5633
2 1010 5644
2 1010 5647
2 1010 5651
2 1010 5669
2 1010 5674
2 1010 5692
2 1011 1902
2 1011 1908
2 1011 4119
2 1011 4120
2 1011 4121
2 1011 5177
2 1011 5179
2 1012 2390
2 1012 2397
2 1012 3888
2 1012 3891
2 1012 5866
2 1012 5870
2 1013 2375
2 1013 2390
2 1013 3888
2 1013 3894
2 1013 3895
2 1013 5861
2 1014 1041
2 1014 1955
2 1014 2000
2 1014 2009
2 1014 2049
2 1014 2051
2 1014 4117
2 1014 4119
2 1014 4133
2 1014 4136
2 1014 4139
2 1014 4142
2 1014 4526
2 1015 1019
2 1015 1921
2 1015 1922
2 1015 2082
2 1015 4205
2 1015 4210
2 1016 1020
2 1016 2285
2 1016 2986
2 1016 5628
2 1016 5633
2 1016 5644
2 1017 1028
2 1017 1034
2 1017 1842
2 1017 1879
2 1017 1893
2 1017 1909
2 1017 1954
2 1017 1955
2 1017 1957
2 1017 1960
2 1017 1977
2 1017 4121
2 1017 4123
2 1017 4125
2 1017 4131
2 1017 5105
2 1017 5110
2 1017 5177
2 1017 5179
2 1018 1064
2 1018 2471
2 1018 2475
2 1018 2527
2 1018 2962
2 1018 3469
2 1018 3566
2 1018 3759
2 1018 3761
2 1018 3767
2 1018 3771
2 1018 5818
2 1018 5847
2 1018 5862
2 1019 1026
2 1019 1034
2 1019 1917
2 1019 1921
2 1019 1922
2 1019 2077
2 1019 2081
2 1019 2082
2 1019 2088
2 1019 2089
2 1019 4130
2 1019 4132
2 1019 4138
2 1019 4210
2 1019 4216
2 1020 1087
2 1020 2279
2 1020 2285
2 1020 2343
2 1020 2986
2 1020 2987
2 1020 2988
2 1020 2989
2 1020 3781
2 1020 5571
2 1020 5644
2 1020 5669
2 1020 5674
2 1021 1027
2 1021 2363
2 1021 2369
2 1021 2375
2 1021 2409
2 1021 3869
2 1021 3894
2 1021 3895
2 1021 3896
2 1021 5730
2 1021 5742
2 1021 5800
2 1021 5852
2 1022 1029
2 1022 2466
2 1022 2486
2 1022 3641
2 1022 3759
2 1022 3761
2 1022 5824
2 1022 5830
2 1022 5847
2 1023 1031
2 1023 1945
2 1023 1952
2 1023 2009
2 1023 2024
2 1023 4122
2 1023 4136
2 1023 4139
2 1023 4142
2 1024 1032
2 1024 1917
2 1024 2089
2 1024 4205
2 1024 4210
2 1024 4216
2 1024 4236
2 1025 1030
2 1025 2276
2 1025 2279
2 1025 2976
2 1025 2986
2 1025 2987
2 1025 2988
2 1025 2989
2 1025 5613
2 1025 5618
2 1026 1032
2 1026 1034
2 1026 1055
2 1026 1917
2 1026 2082
2 1026 2088
2 1026 2095
2 1026 2105
2 1026 4138
2 1026 4144
2 1026 4145
2 1026 4210
2 1026 4216
2 1026 4223
2 1026 4231
2 1026 4236
2 1026 4415
2 1027 1035
2 1027 2358
2 1027 2363
2 1027 2369
2 1027 2389
2 1027 2396
2 1027 2409
2 1027 3869
2 1027 3874
2 1027 3896
2 1027 5770
2 1027 5811
2 1027 5842
2 1027 5852
2 1028 1034
2 1028 1888
2 1028 1960
2 1028 1961
2 1028 1963
2 1028 4123
2 1028 4125
2 1028 4127
2 1028 4130
2 1028 4131
2 1029 2448
2 1029 2452
2 1029 2466
2 1029 2471
2 1029 3641
2 1029 3644
2 1029 3761
2 1029 5824
2 1029 5830
2 1030 2267
2 1030 2272
2 1030 2276
2 1030 2976
2 1030 2977
2 1030 2989
2 1030 5613
2 1031 1036
2 1031 1925
2 1031 1932
2 1031 1936
2 1031 1944
2 1031 1945
2 1031 2009
2 1031 2024
2 1031 4136
2 1031 4142
2 1031 4161
2 1031 4171
2 1031 4172
2 1031 4183
2 1032 1067
2 1032 1914
2 1032 1917
2 1032 1925
2 1032 2081
2 1032 2088
2 1032 2089
2 1032 2095
2 1032 2109
2 1032 4172
2 1032 4189
2 1032 4205
2 1032 4216
2 1032 4223
2 1032 4231
2 1032 4236
2 1033 2385
2 1033 2386
2 1033 2895
2 1033 2907
2 1033 2910
2 1033 2927
2 1033 2945
2 1033 3431
2 1033 5619
2 1034 1038
2 1034 1055
2 1034 1879
2 1034 1963
2 1034 2082
2 1034 4121
2 1034 4123
2 1034 4125
2 1034 4127
2 1034 4130
2 1034 4131
2 1034 4132
2 1034 4138
2 1034 4144
2 1034 5179
2 1035 2358
2 1035 2389
2 1035 3869
2 1035 3871
2 1035 3874
2 1035 5842
2 1035 5852
2 1036 1041
2 1036 1893
2 1036 1902
2 1036 1926
2 1036 1932
2 1036 1936
2 1036 1944
2 1036 1945
2 1036 2022
2 1036 2024
2 1036 2051
2 1036 2057
2 1036 2062
2 1036 4118
2 1036 4130
2 1036 4142
2 1036 4161
2 1037 2262
2 1037 2267
2 1037 2976
2 1037 2977
2 1037 2978
2 1037 2989
2 1037 5605
2 1038 1879
2 1038 1885
2 1038 1963
2 1038 1967
2 1038 4131
2 1038 4132
2 1038 4135
2 1038 4138
2 1039 1042
2 1039 1045
2 1039 2345
2 1039 3871
2 1039 3874
2 1039 5823
2 1040 1114
2 1040 2343
2 1040 2895
2 1040 2907
2 1040 2910
2 1040 2998
2 1040 3431
2 1040 3432
2 1040 3433
2 1040 3435
2 1040 5619
2 1040 5692
2 1041 1046
2 1041 1902
2 1041 1935
2 1041 1945
2 1041 1953
2 1041 1954
2 1041 2000
2 1041 2009
2 1041 4117
2 1041 4118
2 1041 4119
2 1041 4142
2 1042 1045
2 1042 2338
2 1042 2345
2 1042 2365
2 1042 2378
2 1042 2389
2 1042 3050
2 1042 3848
2 1042 3869
2 1042 3871
2 1042 3874
2 1042 5695
2 1042 5700
2 1042 5823
2 1043 1047
2 1043 1092
2 1043 1097
2 1043 2271
2 1043 2295
2 1043 2862
2 1043 2965
2 1043 2976
2 1043 2977
2 1043 2978
2 1043 2981
2 1043 5589
2 1043 5593
2 1043 5599
2 1044 1048
2 1044 1067
2 1044 1901
2 1044 2105
2 1044 2109
2 1044 2116
2 1044 4172
2 1044 4189
2 1044 4205
2 1044 4217
2 1044 4236
2 1044 4242
2 1044 4249
2 1044 4256
2 1044 4281
2 1045 1049
2 1045 2338
2 1045 2345
2 1045 2351
2 1045 2381
2 1045 3848
2 1045 3851
2 1045 3853
2 1045 3874
2 1045 5716
2 1045 5734
2 1045 5746
2 1045 5770
2 1045 5792
2 1045 5805
2 1045 5823
2 1045 5852
2 1046 1953
2 1046 1954
2 1046 1955
2 1046 1957
2 1046 4117
2 1046 4118
2 1046 5177
2 1047 1050
2 1047 2248
2 1047 2254
2 1047 2258
2 1047 2271
2 1047 2295
2 1047 2965
2 1047 2966
2 1047 2969
2 1047 2978
2 1047 2981
2 1047 3646
2 1047 3762
2 1047 3773
2 1047 5583
2 1047 5589
2 1047 5593
2 1047 5636
2 1048 1898
2 1048 1901
2 1048 2116
2 1048 2122
2 1048 4242
2 1048 4249
2 1049 1051
2 1049 1056
2 1049 1069
2 1049 2328
2 1049 2332
2 1049 2351
2 1049 3823
2 1049 3830
2 1049 3851
2 1049 3853
2 1049 3856
2 1049 5716
2 1049 5734
2 1049 5746
2 1049 5792
2 1049 5793
2 1049 5805
2 1050 1054
2 1050 1059
2 1050 2248
2 1050 2271
2 1050 2950
2 1050 2965
2 1050 2966
2 1050 2969
2 1050 5564
2 1050 5570
2 1050 5576
2 1051 1056
2 1051 2310
2 1051 2317
2 1051 2323
2 1051 2328
2 1051 2340
2 1051 3035
2 1051 3036
2 1051 3823
2 1051 3848
2 1051 3851
2 1051 3853
2 1051 5683
2 1051 5689
2 1051 5734
2 1051 5746
2 1051 5788
2 1051 5792
2 1051 5793
2 1052 1055
2 1052 1861
2 1052 1868
2 1052 1874
2 1052 1972
2 1052 4144
2 1052 4147
2 1053 1064
2 1053 2389
2 1053 2396
2 1053 2409
2 1053 2446
2 1053 2962
2 1053 3521
2 1053 3566
2 1053 3567
2 1053 3568
2 1053 5678
2 1054 1059
2 1054 2240
2 1054 2242
2 1054 2950
2 1054 2969
2 1054 5564
2 1054 5570
2 1054 5576
2 1055 1060
2 1055 1065
2 1055 1842
2 1055 1861
2 1055 1868
2 1055 1879
2 1055 1973
2 1055 1977
2 1055 4140
2 1055 4144
2 1055 4147
2 1055 4150
2 1055 4159
2 1055 4209
2 1055 4236
2 1055 4415
2 1055 5179
2 1055 5445
2 1056 1061
2 1056 1069
2 1056 2305
2 1056 2310
2 1056 2317
2 1056 2351
2 1056 3823
2 1056 5716
2 1056 5788
2 1056 5792
2 1057 1062
2 1057 1067
2 1057 1072
2 1057 2022
2 1057 2030
2 1057 4167
2 1057 4172
2 1058 1063
2 1058 1065
2 1058 1078
2 1058 1886
2 1058 1889
2 1058 1898
2 1058 2127
2 1058 2128
2 1058 2144
2 1058 4144
2 1058 4154
2 1058 4159
2 1058 4164
2 1058 4170
2 1058 4236
2 1058 4256
2 1058 4263
2 1058 4269
2 1058 4275
2 1058 4281
2 1059 1066
2 1059 2227
2 1059 2236
2 1059 2240
2 1059 2241
2 1059 2242
2 1059 2254
2 1059 2271
2 1059 2950
2 1059 2952
2 1059 2969
2 1059 3646
2 1059 5557
2 1059 5576
2 1060 1065
2 1060 1858
2 1060 1973
2 1060 1977
2 1060 4144
2 1060 4147
2 1060 4150
2 1060 4159
2 1061 1069
2 1061 2300
2 1061 2305
2 1061 2310
2 1061 3823
2 1061 3826
2 1062 1067
2 1062 1072
2 1062 2022
2 1062 2030
2 1062 2081
2 1062 4161
2 1062 4167
2 1062 4172
2 1062 4189
2 1063 1886
2 1063 1889
2 1063 2136
2 1063 2144
2 1063 4263
2 1063 4269
2 1063 4275
2 1063 4281
2 1064 1071
2 1064 1077
2 1064 1083
2 1064 1086
2 1064 2396
2 1064 2945
2 1064 2962
2 1064 3465
2 1064 3469
2 1064 3521
2 1064 3522
2 1064 3523
2 1064 3566
2 1064 3567
2 1064 3568
2 1064 3761
2 1064 3767
2 1064 5774
2 1064 5818
2 1065 1070
2 1065 1858
2 1065 1898
2 1065 1977
2 1065 2105
2 1065 2127
2 1065 4144
2 1065 4150
2 1065 4154
2 1065 4159
2 1065 4242
2 1065 4256
2 1066 2227
2 1066 2232
2 1066 2241
2 1066 2253
2 1066 2271
2 1066 2952
2 1066 2953
2 1066 2954
2 1066 3254
2 1066 3646
2 1066 5552
2 1066 5557
2 1066 5602
2 1067 1072
2 1067 1915
2 1067 1918
2 1067 2024
2 1067 2030
2 1067 2109
2 1067 4136
2 1067 4172
2 1067 4189
2 1067 4205
2 1067 4217
2 1067 4232
2 1067 4281
2 1068 2303
2 1068 2308
2 1068 2862
2 1068 2864
2 1068 2878
2 1068 2881
2 1068 2895
2 1068 2976
2 1068 3383
2 1069 1074
2 1069 1081
2 1069 2300
2 1069 2305
2 1069 3022
2 1069 3823
2 1069 3826
2 1069 3828
2 1069 3830
2 1069 5704
2 1069 5716
2 1069 5792
2 1070 1855
2 1070 1858
2 1070 1898
2 1070 1977
2 1070 1980
2 1070 2122
2 1070 2127
2 1070 4128
2 1070 4150
2 1070 4154
2 1070 4164
2 1070 4200
2 1070 4211
2 1071 1077
2 1071 1083
2 1071 1086
2 1071 2351
2 1071 2381
2 1071 2389
2 1071 2396
2 1071 3469
2 1071 3522
2 1071 3523
2 1071 3568
2 1071 3761
2 1071 5758
2 1071 5763
2 1071 5770
2 1071 5774
2 1071 5818
2 1072 1874
2 1072 1885
2 1072 1895
2 1072 1917
2 1072 1918
2 1072 2022
2 1072 2030
2 1072 2081
2 1072 2105
2 1072 4128
2 1072 4161
2 1072 4167
2 1072 4189
2 1072 4200
2 1073 1079
2 1073 2227
2 1073 2928
2 1073 2950
2 1073 2952
2 1073 2953
2 1073 2954
2 1073 5538
2 1073 5552
2 1074 1081
2 1074 2292
2 1074 3022
2 1074 3802
2 1074 3826
2 1074 3828
2 1074 3830
2 1074 5651
2 1074 5661
2 1074 5762
2 1074 5769
2 1074 5773
2 1075 1880
2 1075 2142
2 1075 2144
2 1075 2152
2 1075 4281
2 1075 4282
2 1075 4289
2 1075 4295
2 1076 1080
2 1076 1842
2 1076 1855
2 1076 1977
2 1076 1980
2 1076 1989
2 1076 1994
2 1076 4159
2 1076 4164
2 1076 4170
2 1076 4175
2 1077 1083
2 1077 1086
2 1077 2368
2 1077 2381
2 1077 2393
2 1077 2421
2 1077 2927
2 1077 2945
2 1077 2948
2 1077 3465
2 1077 3469
2 1077 3521
2 1077 3522
2 1077 3523
2 1077 5752
2 1077 5758
2 1077 5763
2 1078 1082
2 1078 1091
2 1078 1094
2 1078 1844
2 1078 1872
2 1078 1880
2 1078 2142
2 1078 2144
2 1078 2151
2 1078 2152
2 1078 4159
2 1078 4170
2 1078 4175
2 1078 4186
2 1078 4193
2 1078 4195
2 1078 4197
2 1078 4203
2 1078 4236
2 1078 4281
2 1078 4289
2 1078 4295
2 1078 4301
2 1078 4306
2 1078 4319
2 1078 4336
2 1079 2213
2 1079 2928
2 1079 2950
2 1079 2952
2 1079 2954
2 1079 5538
2 1079 5552
2 1080 1851
2 1080 1855
2 1080 1989
2 1080 1994
2 1080 4164
2 1080 4170
2 1080 4175
2 1081 1085
2 1081 2275
2 1081 2288
2 1081 2292
2 1081 2316
2 1081 2998
2 1081 3022
2 1081 3802
2 1081 3803
2 1081 3823
2 1081 3830
2 1081 5651
2 1081 5692
2 1081 5704
2 1081 5716
2 1081 5757
2 1081 5762
2 1081 5769
2 1082 1872
2 1082 1876
2 1082 2151
2 1082 2158
2 1082 4295
2 1082 4301
2 1082 4306
2 1083 1086
2 1083 2368
2 1083 2381
2 1083 3465
2 1083 5746
2 1083 5752
2 1083 5770
2 1084 2201
2 1084 2207
2 1084 2213
2 1084 2911
2 1084 2928
2 1084 2931
2 1084 2932
2 1084 5528
2 1085 2275
2 1085 2282
2 1085 2316
2 1085 3802
2 1085 3803
2 1085 3805
2 1085 3810
2 1085 3830
2 1085 5704
2 1085 5745
2 1085 5757
2 1086 2351
2 1086 2368
2 1086 2381
2 1086 3465
2 1086 3467
2 1086 3469
2 1086 5734
2 1086 5738
2 1086 5746
2 1086 5770
2 1086 5818
2 1087 1095
2 1087 1099
2 1087 2268
2 1087 2316
2 1087 3781
2 1087 3802
2 1087 3803
2 1087 3805
2 1087 3810
2 1087 5644
2 1087 5669
2 1087 5674
2 1087 5733
2 1087 5737
2 1087 5745
2 1088 2351
2 1088 2385
2 1088 3431
2 1088 3465
2 1088 3467
2 1088 3469
2 1088 5734
2 1088 5738
2 1089 1093
2 1089 1864
2 1089 1872
2 1089 2158
2 1089 2166
2 1089 2177
2 1089 4301
2 1089 4306
2 1090 2186
2 1090 2195
2 1090 2210
2 1090 2224
2 1090 2235
2 1090 2911
2 1090 2915
2 1090 2928
2 1090 2931
2 1090 2932
2 1090 2933
2 1090 3527
2 1090 5522
2 1090 5528
2 1091 1094
2 1091 1842
2 1091 1844
2 1091 2142
2 1091 4170
2 1091 4175
2 1091 4180
2 1091 4186
2 1092 1097
2 1092 1147
2 1092 2271
2 1092 2295
2 1092 2846
2 1092 2847
2 1092 2862
2 1092 2864
2 1092 2950
2 1092 2965
2 1093 1096
2 1093 1864
2 1093 2175
2 1093 2177
2 1093 4301
2 1093 4306
2 1093 4319
2 1094 1098
2 1094 1842
2 1094 1844
2 1094 1998
2 1094 2001
2 1094 4186
2 1094 4193
2 1094 4195
2 1095 1099
2 1095 2261
2 1095 2268
2 1095 3781
2 1095 3803
2 1095 3810
2 1095 5674
2 1095 5727
2 1095 5733
2 1095 5737
2 1096 1859
2 1096 1864
2 1096 1872
2 1096 2166
2 1096 2175
2 1096 2177
2 1096 4203
2 1096 4208
2 1096 4306
2 1096 4319
2 1096 4329
2 1096 4336
2 1097 1102
2 1097 1121
2 1097 1147
2 1097 1164
2 1097 1180
2 1097 1217
2 1097 1281
2 1097 2197
2 1097 2271
2 1097 2504
2 1097 2757
2 1097 2780
2 1097 2814
2 1097 2831
2 1097 2846
2 1097 2847
2 1097 2862
2 1097 2864
2 1097 2878
2 1097 2895
2 1097 2907
2 1097 2910
2 1097 2945
2 1097 2950
2 1097 2962
2 1097 2965
2 1097 2976
2 1097 2995
2 1097 3015
2 1097 3046
2 1097 3140
2 1097 3178
2 1097 3295
2 1097 3360
2 1097 3383
2 1097 3431
2 1097 3767
2 1098 1101
2 1098 1108
2 1098 1842
2 1098 1998
2 1098 2001
2 1098 2005
2 1098 4193
2 1098 4195
2 1098 4209
2 1099 1105
2 1099 2255
2 1099 2261
2 1099 2274
2 1099 3781
2 1099 3782
2 1099 3785
2 1099 3788
2 1099 5669
2 1099 5674
2 1099 5727
2 1100 1104
2 1100 1106
2 1100 1163
2 1100 2176
2 1100 2179
2 1100 2911
2 1100 2915
2 1100 2916
2 1100 3470
2 1100 5466
2 1100 5513
2 1100 5550
2 1101 1108
2 1101 1832
2 1101 1842
2 1101 2001
2 1101 2005
2 1101 2006
2 1101 4193
2 1101 4195
2 1101 4197
2 1101 4203
2 1101 4209
2 1102 1164
2 1102 1180
2 1102 2253
2 1102 2271
2 1102 2814
2 1102 2831
2 1102 2847
2 1102 2950
2 1102 3254
2 1103 1119
2 1103 1158
2 1103 1856
2 1103 1859
2 1103 2177
2 1103 2184
2 1103 2188
2 1103 4276
2 1103 4281
2 1103 4319
2 1103 4329
2 1103 4336
2 1103 4342
2 1103 4352
2 1103 4365
2 1104 1106
2 1104 2167
2 1104 2176
2 1104 2898
2 1104 2899
2 1104 2911
2 1104 2915
2 1104 2916
2 1104 5466
2 1104 5513
2 1105 1107
2 1105 2274
2 1105 3775
2 1105 3785
2 1105 3786
2 1105 3788
2 1105 5711
2 1105 5715
2 1106 1113
2 1106 1179
2 1106 2162
2 1106 2167
2 1106 2179
2 1106 2182
2 1106 2898
2 1106 2899
2 1106 2900
2 1106 2916
2 1106 3436
2 1106 3470
2 1106 5438
2 1106 5466
2 1106 5497
2 1106 5550
2 1107 1112
2 1107 2267
2 1107 2274
2 1107 2989
2 1107 3773
2 1107 3775
2 1107 3782
2 1107 3785
2 1107 3788
2 1107 5697
2 1107 5703
2 1107 5710
2 1107 5711
2 1108 1832
2 1108 2005
2 1108 4203
2 1108 4204
2 1108 4208
2 1108 4209
2 1109 1113
2 1109 1115
2 1109 2140
2 1109 2150
2 1109 2157
2 1109 2780
2 1109 2865
2 1109 2882
2 1109 2898
2 1109 2899
2 1109 2900
2 1109 5438
2 1109 5492
2 1110 1897
2 1110 1904
2 1110 2076
2 1110 4232
2 1110 4243
2 1111 1119
2 1111 1131
2 1111 1135
2 1111 1853
2 1111 1856
2 1111 2188
2 1111 2196
2 1111 4227
2 1111 4336
2 1111 4342
2 1111 4352
2 1112 2237
2 1112 3773
2 1112 3775
2 1112 5681
2 1112 5686
2 1112 5697
2 1112 5703
2 1112 5710
2 1113 1115
2 1113 1120
2 1113 1179
2 1113 2146
2 1113 2150
2 1113 2160
2 1113 2162
2 1113 2173
2 1113 2182
2 1113 2882
2 1113 2883
2 1113 2884
2 1113 2899
2 1113 2900
2 1113 3436
2 1113 5438
2 1113 5482
2 1113 5487
2 1113 5492
2 1113 5497
2 1114 1124
2 1114 2299
2 1114 2304
2 1114 2309
2 1114 2343
2 1114 2878
2 1114 2895
2 1114 3381
2 1114 3383
2 1114 3407
2 1114 3431
2 1114 3435
2 1114 5571
2 1114 5669
2 1114 5674
2 1114 5692
2 1115 1120
2 1115 2140
2 1115 2146
2 1115 2865
2 1115 2882
2 1115 2883
2 1115 2884
2 1115 5438
2 1115 5482
2 1115 5487
2 1116 1122
2 1116 2013
2 1116 2016
2 1116 2017
2 1116 4208
2 1116 4209
2 1116 4214
2 1117 1121
2 1117 1129
2 1117 1180
2 1117 2235
2 1117 2253
2 1117 2814
2 1117 2817
2 1118 1123
2 1118 2221
2 1118 2237
2 1118 2254
2 1118 3646
2 1118 3762
2 1118 3764
2 1118 3766
2 1118 3775
2 1118 5636
2 1118 5673
2 1118 5681
2 1118 5686
2 1119 1128
2 1119 1133
2 1119 1135
2 1119 1142
2 1119 1853
2 1119 2196
2 1119 2206
2 1119 4246
2 1119 4319
2 1119 4336
2 1119 4342
2 1119 4352
2 1119 4359
2 1119 4365
2 1119 4371
2 1119 4394
2 1120 1126
2 1120 1132
2 1120 2140
2 1120 2865
2 1120 2883
2 1120 2884
2 1120 5422
2 1120 5438
2 1120 5471
2 1120 5477
2 1121 1129
2 1121 2224
2 1121 2235
2 1121 2780
2 1121 2799
2 1121 2814
2 1121 2817
2 1121 2831
2 1121 2911
2 1121 2928
2 1121 2950
2 1121 5466
2 1122 1125
2 1122 1131
2 1122 1826
2 1122 2016
2 1122 2017
2 1122 4203
2 1122 4209
2 1122 4214
2 1122 4220
2 1123 1130
2 1123 2221
2 1123 3646
2 1123 3762
2 1123 3764
2 1123 3766
2 1123 5663
2 1123 5668
2 1123 5673
2 1124 1136
2 1124 2274
2 1124 2299
2 1124 2304
2 1124 2309
2 1124 2316
2 1124 3381
2 1124 3383
2 1124 3384
2 1124 3407
2 1124 3435
2 1124 5669
2 1124 5674
2 1124 5704
2 1125 1131
2 1125 1826
2 1125 2016
2 1125 2017
2 1125 4214
2 1125 4220
2 1125 4227
2 1126 1132
2 1126 2140
2 1126 2865
2 1126 2867
2 1126 2868
2 1126 2871
2 1126 2884
2 1126 5465
2 1126 5471
2 1127 1897
2 1127 1904
2 1127 2086
2 1127 2094
2 1127 4232
2 1127 4243
2 1127 4257
2 1127 4276
2 1128 1133
2 1128 1847
2 1128 1853
2 1128 2206
2 1128 2208
2 1128 4359
2 1128 4365
2 1129 1140
2 1129 1180
2 1129 1217
2 1129 1248
2 1129 2224
2 1129 2235
2 1129 2757
2 1129 2780
2 1129 2799
2 1129 2814
2 1129 2817
2 1129 3151
2 1129 3176
2 1129 3178
2 1129 3217
2 1129 3218
2 1130 1134
2 1130 2211
2 1130 2216
2 1130 3646
2 1130 3764
2 1130 3766
2 1130 5663
2 1130 5668
2 1131 1135
2 1131 1142
2 1131 2021
2 1131 4203
2 1131 4209
2 1131 4214
2 1131 4220
2 1131 4227
2 1131 4272
2 1131 4336
2 1131 4415
2 1132 1138
2 1132 2126
2 1132 2759
2 1132 2848
2 1132 2865
2 1132 2867
2 1132 2868
2 1132 2871
2 1132 2884
2 1132 5380
2 1132 5422
2 1132 5471
2 1133 1843
2 1133 1847
2 1133 2206
2 1133 4246
2 1133 4365
2 1133 4371
2 1134 1141
2 1134 2199
2 1134 2204
2 1134 2211
2 1134 2216
2 1134 2233
2 1134 2241
2 1134 2254
2 1134 3571
2 1134 3573
2 1134 3646
2 1134 3647
2 1134 3650
2 1134 3654
2 1134 3766
2 1134 5630
2 1134 5649
2 1134 5663
2 1134 5681
2 1135 1142
2 1135 1146
2 1135 1819
2 1135 1853
2 1135 2021
2 1135 2027
2 1135 2028
2 1135 4209
2 1135 4220
2 1135 4227
2 1135 4235
2 1135 4239
2 1135 4246
2 1135 4272
2 1135 4336
2 1135 4415
2 1136 1147
2 1136 1168
2 1136 2265
2 1136 2274
2 1136 2303
2 1136 2864
2 1136 3326
2 1136 3327
2 1136 3381
2 1136 3383
2 1136 3384
2 1136 3435
2 1136 3469
2 1136 5650
2 1137 1833
2 1137 1839
2 1137 1843
2 1137 2217
2 1137 4371
2 1137 4375
2 1138 2121
2 1138 2126
2 1138 2134
2 1138 2848
2 1138 2851
2 1138 2871
2 1138 3385
2 1138 5380
2 1138 5444
2 1138 5451
2 1139 1143
2 1139 2117
2 1139 2121
2 1139 2126
2 1139 2848
2 1139 2850
2 1139 5427
2 1139 5437
2 1139 5444
2 1139 5465
2 1140 1155
2 1140 1201
2 1140 2780
2 1140 2799
2 1140 3151
2 1140 3176
2 1140 3178
2 1140 5438
2 1140 5466
2 1141 2189
2 1141 2192
2 1141 2227
2 1141 2241
2 1141 2954
2 1141 3254
2 1141 3571
2 1141 3646
2 1141 3647
2 1141 3650
2 1141 3654
2 1141 5538
2 1141 5602
2 1141 5649
2 1141 5654
2 1142 1146
2 1142 1151
2 1142 1161
2 1142 2027
2 1142 2036
2 1142 4209
2 1142 4239
2 1142 4246
2 1142 4272
2 1142 4336
2 1142 4371
2 1142 4415
2 1143 1154
2 1143 2833
2 1143 2848
2 1143 2850
2 1143 2851
2 1143 2852
2 1143 5427
2 1143 5432
2 1143 5437
2 1144 1149
2 1144 1833
2 1144 2219
2 1144 2225
2 1144 4272
2 1144 4365
2 1144 4371
2 1144 4375
2 1144 4382
2 1144 4394
2 1144 4415
2 1145 1150
2 1145 2170
2 1145 2183
2 1145 2189
2 1145 3571
2 1145 3573
2 1145 5642
2 1146 1151
2 1146 1161
2 1146 1169
2 1146 1184
2 1146 1193
2 1146 1202
2 1146 2027
2 1146 2033
2 1146 2036
2 1146 2041
2 1146 2043
2 1146 4209
2 1146 4239
2 1146 4246
2 1146 4252
2 1146 4260
2 1146 4272
2 1146 4285
2 1147 1152
2 1147 1168
2 1147 2254
2 1147 2271
2 1147 2295
2 1147 2847
2 1147 2864
2 1147 3295
2 1147 3326
2 1147 3327
2 1147 3383
2 1147 5630
2 1147 5636
2 1148 1158
2 1148 1172
2 1148 1819
2 1148 1826
2 1148 1837
2 1148 1853
2 1148 1856
2 1148 1859
2 1148 1873
2 1148 1882
2 1148 2104
2 1148 2115
2 1148 2120
2 1148 2175
2 1148 2184
2 1148 4181
2 1148 4208
2 1148 4276
2 1148 4307
2 1149 1153
2 1149 1828
2 1149 1829
2 1149 2219
2 1149 2225
2 1149 4382
2 1149 4394
2 1149 4415
2 1150 1157
2 1150 2170
2 1150 2174
2 1150 2201
2 1150 2210
2 1150 2215
2 1150 2933
2 1150 3527
2 1150 3571
2 1150 3573
2 1150 5538
2 1150 5580
2 1150 5642
2 1151 1156
2 1151 1161
2 1151 1803
2 1151 1808
2 1151 2033
2 1151 2036
2 1151 2041
2 1151 2043
2 1151 4246
2 1151 4252
2 1151 4260
2 1152 1164
2 1152 1168
2 1152 2241
2 1152 2254
2 1152 2265
2 1152 3295
2 1152 3327
2 1152 5630
2 1153 1159
2 1153 1828
2 1153 2229
2 1153 4394
2 1153 4401
2 1153 4415
2 1154 1162
2 1154 2099
2 1154 2112
2 1154 2129
2 1154 2733
2 1154 2745
2 1154 2818
2 1154 2833
2 1154 2834
2 1154 2848
2 1154 2851
2 1154 2852
2 1154 3330
2 1154 5380
2 1154 5421
2 1154 5427
2 1155 1201
2 1155 1215
2 1155 2757
2 1155 2780
2 1155 3151
2 1155 3178
2 1155 5422
2 1155 5438
2 1156 1161
2 1156 1803
2 1156 1808
2 1156 2041
2 1156 2043
2 1156 4260
2 1157 1167
2 1157 2161
2 1157 2165
2 1157 2170
2 1157 2174
2 1157 3527
2 1157 3528
2 1157 3573
2 1157 5625
2 1158 1361
2 1158 1847
2 1158 1849
2 1158 1853
2 1158 1856
2 1158 1860
2 1158 1865
2 1158 1873
2 1158 2115
2 1158 2120
2 1158 2132
2 1158 2149
2 1158 2208
2 1158 4276
2 1158 4307
2 1158 4330
2 1158 4353
2 1158 4365
2 1159 1827
2 1159 1828
2 1159 2229
2 1159 4394
2 1159 4401
2 1159 4415
2 1160 1162
2 1160 2093
2 1160 2818
2 1160 2833
2 1160 2834
2 1160 2836
2 1160 5405
2 1160 5417
2 1160 5427
2 1161 1803
2 1161 2041
2 1161 2206
2 1161 2219
2 1161 4246
2 1161 4260
2 1161 4266
2 1161 4272
2 1161 4375
2 1162 2087
2 1162 2093
2 1162 2112
2 1162 2129
2 1162 2818
2 1162 2819
2 1162 2820
2 1162 2823
2 1162 2834
2 1162 2836
2 1162 2852
2 1162 3297
2 1162 3330
2 1162 5348
2 1162 5398
2 1162 5405
2 1162 5454
2 1163 1167
2 1163 2153
2 1163 2162
2 1163 2165
2 1163 2170
2 1163 2179
2 1163 2915
2 1163 3470
2 1163 3527
2 1163 3528
2 1163 3529
2 1163 3530
2 1163 5522
2 1163 5610
2 1163 5616
2 1164 1168
2 1164 1180
2 1164 2241
2 1164 2253
2 1164 2271
2 1164 2831
2 1164 2847
2 1164 3254
2 1164 3295
2 1165 1170
2 1165 1175
2 1165 1181
2 1165 1823
2 1165 1827
2 1165 1833
2 1165 2229
2 1165 2234
2 1165 2244
2 1165 4353
2 1165 4360
2 1165 4376
2 1165 4394
2 1165 4401
2 1165 4415
2 1165 4421
2 1166 1169
2 1166 1791
2 1166 1795
2 1166 1799
2 1166 2047
2 1166 2050
2 1166 4272
2 1166 4279
2 1167 1174
2 1167 1179
2 1167 2153
2 1167 2161
2 1167 2182
2 1167 2198
2 1167 3470
2 1167 3476
2 1167 3477
2 1167 3528
2 1167 3529
2 1167 3530
2 1167 3573
2 1167 5550
2 1167 5561
2 1167 5607
2 1167 5610
2 1168 1176
2 1168 1180
2 1168 1197
2 1168 1248
2 1168 1323
2 1168 1360
2 1168 1361
2 1168 1476
2 1168 1849
2 1168 2097
2 1168 2143
2 1168 2160
2 1168 2198
2 1168 2233
2 1168 2241
2 1168 2265
2 1168 2729
2 1168 3151
2 1168 3178
2 1168 3218
2 1168 3220
2 1168 3254
2 1168 3295
2 1168 3327
2 1168 3383
2 1168 3435
2 1168 3469
2 1168 3767
2 1168 4710
2 1168 4813
2 1168 5192
2 1168 5402
2 1168 5542
2 1168 5561
2 1168 5602
2 1168 5630
2 1168 5818
2 1168 6119
2 1169 1173
2 1169 1178
2 1169 1184
2 1169 1193
2 1169 1790
2 1169 1791
2 1169 2041
2 1169 2047
2 1169 2050
2 1169 2054
2 1169 2059
2 1169 4272
2 1169 4279
2 1169 4285
2 1170 1175
2 1170 1823
2 1170 2244
2 1170 4415
2 1170 4421
2 1170 4427
2 1171 1177
2 1171 2066
2 1171 2075
2 1171 2080
2 1171 2801
2 1171 2818
2 1171 2819
2 1171 2820
2 1171 2823
2 1171 2825
2 1171 5393
2 1171 5405
2 1172 1819
2 1172 1837
2 1172 1845
2 1172 1865
2 1172 1873
2 1172 1992
2 1172 1997
2 1172 2016
2 1172 2027
2 1172 2132
2 1172 4198
2 1172 4307
2 1173 1781
2 1173 1790
2 1173 1791
2 1173 1795
2 1173 1827
2 1173 1829
2 1173 2055
2 1173 4272
2 1173 4279
2 1173 4285
2 1173 4292
2 1173 4298
2 1173 4415
2 1174 1179
2 1174 3470
2 1174 3473
2 1174 3476
2 1174 5607
2 1174 5610
2 1175 1181
2 1175 1818
2 1175 1823
2 1175 2244
2 1175 2250
2 1175 4394
2 1175 4401
2 1175 4415
2 1175 4421
2 1175 4427
2 1175 4441
2 1175 4446
2 1175 4469
2 1175 4528
2 1176 1180
2 1176 2233
2 1176 3254
2 1176 5586
2 1176 5602
2 1177 1182
2 1177 2066
2 1177 2801
2 1177 2823
2 1177 2825
2 1177 5379
2 1177 5386
2 1178 1184
2 1178 1193
2 1178 1781
2 1178 2054
2 1178 2060
2 1178 4285
2 1178 4292
2 1178 4298
2 1178 4310
2 1179 1185
2 1179 2137
2 1179 2160
2 1179 2162
2 1179 2173
2 1179 2182
2 1179 3436
2 1179 3437
2 1179 3470
2 1179 3473
2 1179 3476
2 1179 3477
2 1179 5595
2 1180 1197
2 1180 1217
2 1180 1248
2 1180 2215
2 1180 2233
2 1180 2235
2 1180 2253
2 1180 2814
2 1180 2817
2 1180 2831
2 1180 3176
2 1180 3178
2 1180 3217
2 1180 3218
2 1180 3254
2 1180 3295
2 1180 3383
2 1180 3431
2 1180 3469
2 1180 3767
2 1180 5586
2 1181 1190
2 1181 1818
2 1181 1823
2 1181 2250
2 1181 2257
2 1181 4353
2 1181 4376
2 1181 4394
2 1181 4441
2 1181 4446
2 1181 4454
2 1181 4469
2 1181 4510
2 1182 1247
2 1182 1251
2 1182 2056
2 1182 2061
2 1182 2072
2 1182 2102
2 1182 2801
2 1182 2804
2 1182 2805
2 1182 2806
2 1182 2823
2 1182 2825
2 1182 5373
2 1182 5379
2 1182 5386
2 1182 5393
2 1183 1235
2 1183 1241
2 1183 1248
2 1183 2134
2 1183 2733
2 1183 2745
2 1183 2759
2 1183 3052
2 1183 3083
2 1183 3109
2 1183 3112
2 1183 5380
2 1183 5422
2 1184 1193
2 1184 1771
2 1184 1777
2 1184 1781
2 1184 2041
2 1184 2054
2 1184 2059
2 1184 2060
2 1184 4285
2 1184 4298
2 1184 4310
2 1185 1187
2 1185 2131
2 1185 2135
2 1185 3436
2 1185 3437
2 1185 3477
2 1185 5595
2 1186 1191
2 1186 2056
2 1186 2096
2 1186 2782
2 1186 2801
2 1186 2804
2 1186 2805
2 1186 2806
2 1186 5362
2 1187 2125
2 1187 2131
2 1187 3436
2 1187 3437
2 1187 3477
2 1187 5579
2 1187 5585
2 1188 1194
2 1188 2198
2 1188 2210
2 1188 3217
2 1188 3218
2 1188 3220
2 1188 5580
2 1189 1193
2 1189 1769
2 1189 1771
2 1189 1777
2 1189 2065
2 1189 2067
2 1189 2244
2 1189 4310
2 1189 4315
2 1189 4323
2 1190 1221
2 1190 1798
2 1190 1807
2 1190 1811
2 1190 1823
2 1190 2257
2 1190 2266
2 1190 4353
2 1190 4376
2 1190 4402
2 1190 4433
2 1190 4446
2 1190 4454
2 1190 4458
2 1190 4469
2 1191 1195
2 1191 2046
2 1191 2056
2 1191 2782
2 1191 2806
2 1191 5356
2 1191 5362
2 1192 1196
2 1192 2114
2 1192 2125
2 1192 3409
2 1192 3436
2 1192 3437
2 1192 3438
2 1192 5579
2 1193 1202
2 1193 1228
2 1193 1765
2 1193 1769
2 1193 1771
2 1193 2041
2 1193 2059
2 1193 2065
2 1193 4209
2 1193 4272
2 1193 4285
2 1193 4298
2 1193 4310
2 1193 4315
2 1193 4323
2 1193 4324
2 1193 4333
2 1193 4345
2 1193 4349
2 1193 4405
2 1193 4415
2 1194 1197
2 1194 2198
2 1194 2210
2 1194 3176
2 1194 3178
2 1194 3217
2 1194 3218
2 1194 3220
2 1194 5555
2 1194 5561
2 1195 1198
2 1195 2038
2 1195 2046
2 1195 2096
2 1195 2782
2 1195 2787
2 1195 2789
2 1195 2806
2 1195 5293
2 1195 5347
2 1195 5356
2 1196 1199
2 1196 2113
2 1196 2114
2 1196 2125
2 1196 2143
2 1196 2160
2 1196 3409
2 1196 3438
2 1196 3477
2 1196 5509
2 1196 5567
2 1197 1208
2 1197 1248
2 1197 1323
2 1197 2097
2 1197 2143
2 1197 2160
2 1197 2198
2 1197 3112
2 1197 3151
2 1197 3176
2 1197 3178
2 1197 3180
2 1197 3218
2 1197 3220
2 1197 5402
2 1197 5542
2 1197 5555
2 1197 5561
2 1198 1200
2 1198 1260
2 1198 2035
2 1198 2038
2 1198 2096
2 1198 2770
2 1198 2782
2 1198 2787
2 1198 2789
2 1198 2806
2 1198 3222
2 1198 5293
2 1198 5340
2 1198 5347
2 1198 5356
2 1198 5414
2 1199 2108
2 1199 2113
2 1199 2143
2 1199 3409
2 1199 3410
2 1199 3412
2 1199 3438
2 1199 5509
2 1199 5560
2 1199 5567
2 1200 1203
2 1200 1266
2 1200 2035
2 1200 2048
2 1200 2053
2 1200 2770
2 1200 2782
2 1200 2789
2 1200 3181
2 1200 3222
2 1200 5293
2 1200 5336
2 1200 5340
2 1200 5390
2 1200 5414
2 1201 1208
2 1201 1215
2 1201 2173
2 1201 2182
2 1201 3151
2 1201 3176
2 1201 3178
2 1201 3180
2 1201 5438
2 1201 5466
2 1201 5542
2 1201 5550
2 1202 1228
2 1202 1755
2 1202 1758
2 1202 1765
2 1202 1842
2 1202 2041
2 1202 2059
2 1202 2079
2 1202 2083
2 1202 2084
2 1202 2091
2 1202 2147
2 1202 4209
2 1202 4324
2 1202 4333
2 1202 4339
2 1202 4345
2 1203 1209
2 1203 2026
2 1203 2035
2 1203 2770
2 1203 2771
2 1203 2773
2 1203 3181
2 1203 5293
2 1203 5336
2 1203 5340
2 1203 5390
2 1204 1207
2 1204 1224
2 1204 1769
2 1204 1777
2 1204 1835
2 1204 2025
2 1204 2172
2 1204 2187
2 1204 2194
2 1204 2244
2 1204 4261
2 1204 4366
2 1204 4376
2 1205 1212
2 1205 1217
2 1205 1248
2 1205 2102
2 1205 2106
2 1205 2129
2 1205 2717
2 1205 2733
2 1205 3024
2 1205 3037
2 1205 3052
2 1205 3053
2 1205 5341
2 1205 5348
2 1206 1210
2 1206 2134
2 1206 3385
2 1206 3410
2 1206 3412
2 1206 5509
2 1206 5541
2 1206 5544
2 1206 5554
2 1207 1221
2 1207 1769
2 1207 1818
2 1207 2187
2 1207 2194
2 1207 2244
2 1207 2257
2 1207 4261
2 1207 4376
2 1208 1215
2 1208 2160
2 1208 2173
2 1208 3151
2 1208 3178
2 1208 3180
2 1208 5542
2 1209 1211
2 1209 1276
2 1209 2020
2 1209 2029
2 1209 2045
2 1209 2070
2 1209 2761
2 1209 2762
2 1209 2764
2 1209 2770
2 1209 2771
2 1209 2773
2 1209 3181
2 1209 5293
2 1209 5321
2 1209 5326
2 1209 5332
2 1209 5390
2 1210 1218
2 1210 2124
2 1210 2134
2 1210 3385
2 1210 3387
2 1210 3389
2 1210 3412
2 1210 5509
2 1210 5541
2 1210 5544
2 1211 2008
2 1211 2015
2 1211 2761
2 1211 2762
2 1211 5321
2 1211 5326
2 1212 1217
2 1212 2102
2 1212 2106
2 1212 2701
2 1212 2717
2 1213 1218
2 1213 2078
2 1213 2085
2 1213 2090
2 1213 2124
2 1213 3330
2 1213 3385
2 1213 3387
2 1213 3389
2 1213 5530
2 1213 5535
2 1214 1750
2 1214 2091
2 1214 2092
2 1214 2101
2 1214 4356
2 1214 4363
2 1215 1226
2 1215 2160
2 1215 2173
2 1215 3109
2 1215 3151
2 1215 5422
2 1215 5438
2 1216 1222
2 1216 1773
2 1216 2289
2 1216 2296
2 1216 4489
2 1216 4496
2 1216 4504
2 1217 1223
2 1217 1245
2 1217 1248
2 1217 1281
2 1217 1289
2 1217 1294
2 1217 1311
2 1217 1323
2 1217 1360
2 1217 1442
2 1217 1628
2 1217 1778
2 1217 1849
2 1217 2096
2 1217 2102
2 1217 2106
2 1217 2197
2 1217 2440
2 1217 2493
2 1217 2504
2 1217 2551
2 1217 2647
2 1217 2684
2 1217 2701
2 1217 2717
2 1217 2729
2 1217 2733
2 1217 2757
2 1217 2814
2 1217 2991
2 1217 3005
2 1217 3024
2 1217 3037
2 1217 3178
2 1217 3767
2 1217 4775
2 1217 5355
2 1218 1230
2 1218 2078
2 1218 2085
2 1218 2097
2 1218 2112
2 1218 2124
2 1218 3330
2 1218 3333
2 1218 3335
2 1218 3389
2 1218 3412
2 1218 5509
2 1218 5516
2 1218 5521
2 1218 5526
2 1218 5530
2 1218 5535
2 1218 5541
2 1218 5544
2 1219 1228
2 1219 1746
2 1219 2091
2 1219 2100
2 1219 2101
2 1219 4363
2 1219 4368
2 1220 1229
2 1220 1993
2 1220 1999
2 1220 2008
2 1220 2011
2 1220 2045
2 1220 2734
2 1220 2747
2 1220 2750
2 1220 2753
2 1220 2761
2 1220 2762
2 1220 2764
2 1220 3153
2 1220 5299
2 1220 5303
2 1220 5309
2 1220 5315
2 1221 1815
2 1221 1835
2 1221 2187
2 1221 2194
2 1221 2205
2 1221 2257
2 1221 4376
2 1221 4402
2 1221 4433
2 1222 1227
2 1222 1773
2 1222 2296
2 1222 2306
2 1222 2307
2 1222 4391
2 1222 4489
2 1222 4496
2 1222 4504
2 1222 4510
2 1223 1289
2 1223 1294
2 1223 2070
2 1223 2096
2 1223 2102
2 1223 2684
2 1223 2701
2 1223 2991
2 1223 3005
2 1223 5293
2 1224 1769
2 1224 2019
2 1224 2025
2 1224 2065
2 1224 2074
2 1224 2194
2 1224 4261
2 1224 4286
2 1225 2073
2 1225 2078
2 1225 3330
2 1225 3333
2 1225 3334
2 1225 5526
2 1226 2143
2 1226 2160
2 1226 3109
2 1226 3112
2 1226 3151
2 1227 1228
2 1227 1236
2 1227 1767
2 1227 2306
2 1227 2307
2 1227 4391
2 1227 4405
2 1227 4411
2 1227 4415
2 1227 4469
2 1227 4489
2 1227 4496
2 1227 4510
2 1227 4515
2 1227 4521
2 1227 4528
2 1228 1231
2 1228 1238
2 1228 1284
2 1228 1741
2 1228 1743
2 1228 1755
2 1228 1842
2 1228 2091
2 1228 2100
2 1228 2110
2 1228 2111
2 1228 2119
2 1228 2147
2 1228 4209
2 1228 4345
2 1228 4349
2 1228 4356
2 1228 4363
2 1228 4368
2 1228 4373
2 1228 4379
2 1228 4391
2 1228 4405
2 1228 4415
2 1228 4446
2 1228 4469
2 1228 4483
2 1228 4489
2 1229 1987
2 1229 1993
2 1229 2747
2 1229 2750
2 1229 2753
2 1229 5299
2 1229 5303
2 1230 2073
2 1230 3333
2 1230 3334
2 1230 3335
2 1230 5521
2 1230 5526
2 1231 1741
2 1231 1746
2 1231 2110
2 1231 2119
2 1231 4373
2 1231 4379
2 1232 1233
2 1232 1237
2 1232 1976
2 1232 1979
2 1232 1983
2 1232 2011
2 1232 2734
2 1232 2736
2 1232 2753
2 1232 3115
2 1232 5250
2 1232 5299
2 1233 1237
2 1233 1976
2 1233 1979
2 1233 2734
2 1233 2736
2 1233 5284
2 1234 1247
2 1234 2042
2 1234 2078
2 1234 2093
2 1234 3297
2 1234 3298
2 1234 3333
2 1234 3334
2 1234 3335
2 1234 5393
2 1234 5398
2 1234 5500
2 1234 5504
2 1234 5508
2 1234 5516
2 1234 5521
2 1235 1248
2 1235 2124
2 1235 2134
2 1235 2143
2 1235 2759
2 1235 3083
2 1235 3109
2 1235 3112
2 1235 5509
2 1236 1239
2 1236 1759
2 1236 1760
2 1236 1762
2 1236 1767
2 1236 2306
2 1236 2315
2 1236 2324
2 1236 4391
2 1236 4405
2 1236 4411
2 1236 4418
2 1236 4423
2 1236 4515
2 1236 4521
2 1236 4528
2 1236 4536
2 1237 1243
2 1237 1249
2 1237 1343
2 1237 1965
2 1237 1966
2 1237 1971
2 1237 1976
2 1237 1984
2 1237 1986
2 1237 2002
2 1237 2007
2 1237 2011
2 1237 2014
2 1237 2721
2 1237 2734
2 1237 2736
2 1237 2737
2 1237 2753
2 1237 3085
2 1237 3115
2 1237 5250
2 1237 5284
2 1237 5299
2 1237 5307
2 1237 5344
2 1238 1242
2 1238 1738
2 1238 1741
2 1238 2119
2 1238 2123
2 1238 4379
2 1238 4386
2 1238 4391
2 1238 4397
2 1238 4405
2 1239 1271
2 1239 1759
2 1239 1760
2 1239 2324
2 1239 2334
2 1239 4521
2 1239 4528
2 1239 4536
2 1239 4543
2 1239 4549
2 1240 1247
2 1240 2042
2 1240 3256
2 1240 3297
2 1240 3298
2 1240 3301
2 1240 3335
2 1240 5448
2 1240 5463
2 1240 5500
2 1240 5504
2 1240 5508
2 1241 1248
2 1241 2112
2 1241 2124
2 1241 2134
2 1241 3052
2 1241 3083
2 1241 5380
2 1242 1735
2 1242 1738
2 1242 2119
2 1242 2123
2 1242 4391
2 1242 4397
2 1243 1249
2 1243 1317
2 1243 1965
2 1243 1986
2 1243 2721
2 1243 2723
2 1243 2724
2 1243 2737
2 1243 3085
2 1243 5272
2 1243 5281
2 1243 5307
2 1244 1758
2 1244 1815
2 1244 2025
2 1244 2058
2 1244 2083
2 1244 2084
2 1244 2091
2 1244 2205
2 1244 2223
2 1244 4286
2 1244 4311
2 1244 4316
2 1244 4402
2 1245 1258
2 1245 1281
2 1245 1305
2 1245 1319
2 1245 1323
2 1245 2045
2 1245 2070
2 1245 2647
2 1245 2684
2 1245 2701
2 1245 2734
2 1245 2747
2 1245 2761
2 1245 2770
2 1245 2782
2 1245 2801
2 1245 2991
2 1245 5293
2 1246 1250
2 1246 1253
2 1246 1257
2 1246 1284
2 1246 1752
2 1246 2324
2 1246 2333
2 1246 2334
2 1246 2341
2 1246 4405
2 1246 4423
2 1246 4437
2 1246 4444
2 1246 4450
2 1246 4528
2 1246 4536
2 1246 4543
2 1246 4549
2 1246 4556
2 1246 4582
2 1247 1251
2 1247 2040
2 1247 2042
2 1247 2072
2 1247 2823
2 1247 3256
2 1247 3297
2 1247 3298
2 1247 3301
2 1247 5386
2 1247 5393
2 1247 5448
2 1247 5495
2 1248 1255
2 1248 1323
2 1248 1360
2 1248 2097
2 1248 2107
2 1248 2112
2 1248 2124
2 1248 2143
2 1248 2729
2 1248 2733
2 1248 2757
2 1248 2759
2 1248 2991
2 1248 3037
2 1248 3052
2 1248 3053
2 1248 3083
2 1248 3112
2 1248 3151
2 1248 3178
2 1248 3767
2 1248 5402
2 1248 5509
2 1249 1986
2 1249 2007
2 1249 2014
2 1249 2721
2 1249 2723
2 1249 2724
2 1249 5272
2 1249 5307
2 1250 1253
2 1250 2333
2 1250 2334
2 1250 4549
2 1250 4556
2 1251 1254
2 1251 2040
2 1251 2042
2 1251 2056
2 1251 2072
2 1251 2806
2 1251 3256
2 1251 5367
2 1251 5386
2 1251 5484
2 1251 5495
2 1252 1731
2 1252 1735
2 1252 2130
2 1252 2141
2 1252 4405
2 1252 4411
2 1252 4412
2 1252 4418
2 1253 1257
2 1253 1752
2 1253 2333
2 1253 2341
2 1253 2342
2 1253 4556
2 1254 1260
2 1254 2018
2 1254 2031
2 1254 2056
2 1254 2072
2 1254 2806
2 1254 3256
2 1254 5367
2 1254 5479
2 1254 5484
2 1255 2097
2 1255 2107
2 1255 2112
2 1255 3037
2 1255 3052
2 1255 3053
2 1256 1261
2 1256 1729
2 1256 1731
2 1256 2139
2 1256 2141
2 1256 4412
2 1256 4418
2 1256 4423
2 1257 1747
2 1257 1752
2 1257 2334
2 1257 2341
2 1257 2342
2 1257 4450
2 1257 4556
2 1257 4582
2 1258 1319
2 1258 1323
2 1258 2011
2 1258 2014
2 1258 2045
2 1258 2647
2 1258 2734
2 1258 2747
2 1258 5250
2 1259 1731
2 1259 1735
2 1259 1738
2 1259 1801
2 1259 2058
2 1259 2119
2 1259 2123
2 1259 2223
2 1259 2243
2 1259 4316
2 1259 4325
2 1259 4392
2 1260 1263
2 1260 2018
2 1260 2031
2 1260 2035
2 1260 2038
2 1260 2056
2 1260 2072
2 1260 2806
2 1260 3222
2 1260 3224
2 1260 3256
2 1260 5356
2 1260 5367
2 1260 5414
2 1260 5479
2 1260 5484
2 1261 1264
2 1261 1729
2 1261 1731
2 1261 2139
2 1261 2148
2 1261 2155
2 1261 2156
2 1261 2324
2 1261 2333
2 1261 4392
2 1261 4418
2 1261 4423
2 1261 4424
2 1261 4430
2 1261 4437
2 1261 4490
2 1262 1939
2 1262 1943
2 1262 1986
2 1262 2703
2 1262 2706
2 1262 2707
2 1262 2724
2 1262 3039
2 1262 5260
2 1263 2012
2 1263 2018
2 1263 3222
2 1263 3224
2 1263 5474
2 1263 5479
2 1264 1725
2 1264 2147
2 1264 2148
2 1264 2156
2 1264 4423
2 1264 4424
2 1264 4430
2 1265 1928
2 1265 1939
2 1265 2689
2 1265 2703
2 1265 2706
2 1265 2707
2 1265 5249
2 1265 5260
2 1266 1268
2 1266 2004
2 1266 2018
2 1266 2035
2 1266 3181
2 1266 3222
2 1266 3224
2 1266 3225
2 1266 5462
2 1267 1269
2 1267 1284
2 1267 1725
2 1267 2147
2 1267 2156
2 1267 4430
2 1267 4437
2 1267 4444
2 1267 4450
2 1268 1274
2 1268 1990
2 1268 1996
2 1268 2004
2 1268 2026
2 1268 2035
2 1268 3181
2 1268 3225
2 1268 5326
2 1268 5462
2 1269 1273
2 1269 1277
2 1269 1284
2 1269 1725
2 1269 2147
2 1269 2155
2 1269 2156
2 1269 2163
2 1269 2164
2 1269 4437
2 1269 4444
2 1269 4450
2 1270 1278
2 1270 1326
2 1270 1910
2 1270 1924
2 1270 1928
2 1270 1929
2 1270 1937
2 1270 1986
2 1270 2621
2 1270 2689
2 1270 2690
2 1270 2692
2 1270 2707
2 1270 3027
2 1270 3039
2 1270 5238
2 1270 5244
2 1270 5249
2 1270 5307
2 1271 1279
2 1271 1282
2 1271 1327
2 1271 1760
2 1271 1767
2 1271 1768
2 1271 1778
2 1271 2243
2 1271 2249
2 1271 2315
2 1271 2334
2 1271 4433
2 1271 4470
2 1271 4476
2 1271 4510
2 1271 4521
2 1271 4522
2 1271 4549
2 1271 4556
2 1272 1281
2 1272 2007
2 1272 2014
2 1272 2647
2 1272 5250
2 1273 1277
2 1273 2163
2 1273 2164
2 1273 4444
2 1273 4450
2 1274 1276
2 1274 1285
2 1274 1990
2 1274 1996
2 1274 3181
2 1274 3184
2 1274 3186
2 1274 5326
2 1274 5434
2 1274 5447
2 1275 1327
2 1275 1739
2 1275 1747
2 1275 2355
2 1275 2370
2 1275 2377
2 1275 4522
2 1275 4529
2 1275 4550
2 1275 4556
2 1275 4582
2 1275 4588
2 1275 4592
2 1276 1285
2 1276 1286
2 1276 1990
2 1276 2011
2 1276 2029
2 1276 2764
2 1276 3153
2 1276 3181
2 1276 3184
2 1276 3186
2 1276 5321
2 1276 5326
2 1276 5390
2 1276 5434
2 1276 5441
2 1277 1280
2 1277 1284
2 1277 1712
2 1277 2163
2 1277 2164
2 1277 2171
2 1277 4444
2 1277 4450
2 1277 4451
2 1278 1290
2 1278 1326
2 1278 1900
2 1278 1906
2 1278 1910
2 1278 1911
2 1278 1929
2 1278 2611
2 1278 2668
2 1278 2685
2 1278 2689
2 1278 2690
2 1278 2692
2 1278 3009
2 1278 3027
2 1278 5167
2 1278 5221
2 1278 5232
2 1279 1282
2 1279 1731
2 1279 1760
2 1279 1767
2 1279 1774
2 1279 1778
2 1279 2243
2 1279 2249
2 1279 2315
2 1279 2324
2 1279 2334
2 1279 4392
2 1279 4418
2 1279 4476
2 1279 4490
2 1280 1284
2 1280 1710
2 1280 2169
2 1280 2171
2 1280 4450
2 1280 4451
2 1280 4461
2 1281 1311
2 1281 1360
2 1281 1986
2 1281 2007
2 1281 2014
2 1281 2504
2 1281 2550
2 1281 2551
2 1281 2590
2 1281 2621
2 1281 2647
2 1281 2649
2 1281 2668
2 1281 2701
2 1281 2703
2 1281 2721
2 1281 2734
2 1281 2757
2 1281 2780
2 1281 2801
2 1281 2818
2 1281 2901
2 1281 2918
2 1281 2919
2 1281 2935
2 1281 2938
2 1281 5250
2 1282 1768
2 1282 1774
2 1282 1778
2 1282 2334
2 1282 4476
2 1282 4490
2 1282 4497
2 1282 4522
2 1282 4556
2 1283 1284
2 1283 1287
2 1283 1293
2 1283 1301
2 1283 1312
2 1283 1314
2 1283 1739
2 1283 2370
2 1283 4461
2 1283 4479
2 1283 4486
2 1283 4500
2 1283 4525
2 1283 4582
2 1283 4588
2 1283 4592
2 1283 4602
2 1283 4608
2 1283 4614
2 1284 1292
2 1284 1295
2 1284 1301
2 1284 1312
2 1284 1314
2 1284 1355
2 1284 1390
2 1284 1397
2 1284 1446
2 1284 1708
2 1284 1710
2 1284 2147
2 1284 2163
2 1284 2169
2 1284 2171
2 1284 2239
2 1284 4405
2 1284 4415
2 1284 4430
2 1284 4450
2 1284 4451
2 1284 4461
2 1284 4467
2 1284 4479
2 1284 4525
2 1284 4528
2 1284 4582
2 1284 4653
2 1284 4721
2 1285 1286
2 1285 1288
2 1285 2764
2 1285 3153
2 1285 5315
2 1285 5321
2 1285 5326
2 1285 5430
2 1285 5434
2 1286 1288
2 1286 1291
2 1286 1968
2 1286 1974
2 1286 1985
2 1286 2011
2 1286 2023
2 1286 2029
2 1286 2037
2 1286 3153
2 1286 3157
2 1286 3158
2 1286 3181
2 1286 3184
2 1286 3186
2 1286 3224
2 1286 3225
2 1286 5344
2 1286 5390
2 1286 5395
2 1286 5402
2 1286 5408
2 1286 5419
2 1286 5430
2 1286 5434
2 1286 5441
2 1286 5447
2 1287 1293
2 1287 2370
2 1287 2377
2 1287 4592
2 1287 4602
2 1287 4608
2 1288 1291
2 1288 1968
2 1288 1974
2 1288 3153
2 1288 3157
2 1288 3158
2 1288 5419
2 1288 5430
2 1289 1294
2 1289 2053
2 1289 2064
2 1289 2069
2 1289 2070
2 1289 2991
2 1289 3005
2 1289 3006
2 1289 3008
2 1289 3024
2 1289 3037
2 1289 5402
2 1289 5414
2 1290 1296
2 1290 1300
2 1290 1890
2 1290 1894
2 1290 1906
2 1290 1911
2 1290 2668
2 1290 2671
2 1290 2672
2 1290 3009
2 1290 5167
2 1290 5211
2 1290 5216
2 1291 1298
2 1291 1962
2 1291 2011
2 1291 3115
2 1291 3153
2 1291 3157
2 1291 3158
2 1291 5419
2 1292 1295
2 1292 1705
2 1292 1708
2 1292 2147
2 1292 2163
2 1292 2169
2 1292 2180
2 1292 2181
2 1292 4461
2 1292 4467
2 1293 1297
2 1293 1732
2 1293 2377
2 1293 4602
2 1293 4608
2 1293 4614
2 1294 1299
2 1294 2048
2 1294 2053
2 1294 2064
2 1294 2070
2 1294 2684
2 1294 2991
2 1294 5402
2 1294 5409
2 1294 5414
2 1295 1301
2 1295 1304
2 1295 1308
2 1295 1312
2 1295 1355
2 1295 1696
2 1295 1704
2 1295 1705
2 1295 2147
2 1295 2180
2 1295 2185
2 1295 2191
2 1295 2239
2 1295 4467
2 1295 4472
2 1295 4479
2 1295 4501
2 1296 1300
2 1296 1884
2 1296 1923
2 1296 2590
2 1296 2611
2 1296 2649
2 1296 2659
2 1296 2668
2 1296 2671
2 1296 2672
2 1296 5167
2 1296 5196
2 1296 5201
2 1297 1303
2 1297 1726
2 1297 1732
2 1297 2377
2 1297 2388
2 1297 4608
2 1297 4614
2 1298 1302
2 1298 1959
2 1298 1962
2 1298 3115
2 1298 3158
2 1298 5408
2 1298 5413
2 1299 1305
2 1299 2037
2 1299 2048
2 1299 2053
2 1299 2070
2 1299 2684
2 1299 2991
2 1299 5293
2 1299 5390
2 1299 5402
2 1299 5409
2 1300 1349
2 1300 1358
2 1300 1364
2 1300 1877
2 1300 1884
2 1300 1891
2 1300 1911
2 1300 1923
2 1300 2649
2 1300 2659
2 1300 2660
2 1300 2668
2 1300 2671
2 1300 2672
2 1300 2853
2 1300 2856
2 1300 2992
2 1300 3009
2 1300 5137
2 1300 5167
2 1300 5201
2 1300 5206
2 1300 5211
2 1300 5257
2 1301 1312
2 1301 1690
2 1301 1701
2 1301 1704
2 1301 1739
2 1301 2181
2 1301 2185
2 1301 2355
2 1301 2370
2 1301 4461
2 1301 4467
2 1301 4472
2 1301 4479
2 1301 4486
2 1301 4500
2 1302 1307
2 1302 1315
2 1302 3115
2 1302 3116
2 1302 3158
2 1302 5344
2 1302 5401
2 1302 5408
2 1303 1306
2 1303 1314
2 1303 1322
2 1303 1726
2 1303 1728
2 1303 2387
2 1303 2388
2 1303 4608
2 1303 4614
2 1303 4618
2 1303 4630
2 1303 4637
2 1303 4653
2 1303 4658
2 1304 1308
2 1304 1696
2 1304 1701
2 1304 2185
2 1304 4472
2 1304 4479
2 1304 4486
2 1305 1319
2 1305 1323
2 1305 2023
2 1305 2034
2 1305 2037
2 1305 2045
2 1305 2070
2 1305 2684
2 1305 2991
2 1305 5390
2 1305 5402
2 1306 1312
2 1306 1314
2 1306 1726
2 1306 2387
2 1306 2395
2 1306 4500
2 1306 4507
2 1306 4518
2 1306 4525
2 1306 4614
2 1306 4618
2 1306 4630
2 1307 1315
2 1307 1946
2 1307 1951
2 1307 3085
2 1307 3116
2 1307 3158
2 1307 5344
2 1307 5395
2 1307 5401
2 1307 5408
2 1308 1312
2 1308 1355
2 1308 1696
2 1308 2191
2 1308 2193
2 1308 4479
2 1308 4486
2 1308 4501
2 1309 1316
2 1309 1857
2 1309 1863
2 1309 1870
2 1309 2649
2 1309 2650
2 1309 2652
2 1309 2660
2 1309 5187
2 1309 5196
2 1310 1313
2 1310 1753
2 1310 1757
2 1310 2284
2 1310 4522
2 1310 4529
2 1311 1326
2 1311 1360
2 1311 1370
2 1311 1383
2 1311 2504
2 1311 2550
2 1311 2551
2 1311 2590
2 1311 2611
2 1311 2621
2 1311 2647
2 1311 2649
2 1311 2668
2 1311 2689
2 1311 2703
2 1311 2837
2 1311 2885
2 1311 2901
2 1311 2918
2 1311 2919
2 1312 1314
2 1312 1325
2 1312 1355
2 1312 1690
2 1312 2191
2 1312 2193
2 1312 2203
2 1312 4479
2 1312 4486
2 1312 4492
2 1312 4500
2 1312 4501
2 1312 4507
2 1312 4525
2 1312 4614
2 1313 1318
2 1313 1339
2 1313 1701
2 1313 1704
2 1313 1753
2 1313 2181
2 1313 2284
2 1313 2355
2 1313 2370
2 1313 2377
2 1313 4529
2 1313 4550
2 1314 1322
2 1314 1723
2 1314 2387
2 1314 2395
2 1314 2404
2 1314 4518
2 1314 4525
2 1314 4546
2 1314 4582
2 1314 4608
2 1314 4614
2 1314 4630
2 1314 4637
2 1314 4644
2 1314 4653
2 1315 1317
2 1315 1938
2 1315 1941
2 1315 1946
2 1315 1966
2 1315 1982
2 1315 3057
2 1315 3085
2 1315 3116
2 1315 5344
2 1315 5383
2 1315 5389
2 1315 5395
2 1316 1857
2 1316 1863
2 1316 2650
2 1316 2652
2 1316 5183
2 1316 5187
2 1317 1920
2 1317 1927
2 1317 1930
2 1317 1933
2 1317 1938
2 1317 1943
2 1317 1948
2 1317 1965
2 1317 1966
2 1317 2723
2 1317 2724
2 1317 3056
2 1317 3057
2 1317 3085
2 1317 5272
2 1317 5307
2 1317 5370
2 1317 5376
2 1317 5383
2 1318 1339
2 1318 1690
2 1318 1701
2 1318 1748
2 1318 1753
2 1318 2284
2 1318 2294
2 1318 2370
2 1318 4438
2 1318 4550
2 1319 1323
2 1319 2002
2 1319 2011
2 1319 2023
2 1319 2029
2 1319 2034
2 1319 2045
2 1319 2955
2 1319 2991
2 1319 5250
2 1319 5390
2 1320 1324
2 1320 1857
2 1320 2638
2 1320 2650
2 1320 2652
2 1320 5172
2 1320 5183
2 1321 1325
2 1321 1685
2 1321 2202
2 1321 2214
2 1321 4501
2 1321 4507
2 1322 1328
2 1322 1361
2 1322 1375
2 1322 1709
2 1322 1719
2 1322 1721
2 1322 1726
2 1322 2405
2 1322 2415
2 1322 4576
2 1322 4608
2 1322 4637
2 1322 4644
2 1322 4653
2 1322 4658
2 1323 1351
2 1323 1360
2 1323 1919
2 1323 1966
2 1323 1982
2 1323 2002
2 1323 2011
2 1323 2023
2 1323 2647
2 1323 2935
2 1323 2938
2 1323 2955
2 1323 2991
2 1323 5192
2 1323 5250
2 1323 5344
2 1323 5402
2 1324 1394
2 1324 1866
2 1324 2638
2 1324 2639
2 1324 2642
2 1324 2649
2 1324 2650
2 1324 2652
2 1324 2972
2 1324 5114
2 1324 5137
2 1324 5166
2 1324 5172
2 1324 5183
2 1324 5218
2 1324 5235
2 1325 1333
2 1325 1355
2 1325 1681
2 1325 1685
2 1325 2202
2 1325 2212
2 1325 2214
2 1325 4501
2 1325 4507
2 1325 4518
2 1325 4525
2 1326 1365
2 1326 1370
2 1326 1377
2 1326 1911
2 1326 1929
2 1326 1937
2 1326 2611
2 1326 2621
2 1326 2668
2 1326 2689
2 1326 2885
2 1326 2887
2 1326 5161
2 1326 5167
2 1327 1748
2 1327 1768
2 1327 2294
2 1327 2302
2 1327 2370
2 1327 2377
2 1327 4433
2 1327 4510
2 1327 4522
2 1327 4529
2 1327 4550
2 1327 4556
2 1327 4557
2 1327 4564
2 1327 4571
2 1327 4576
2 1327 4592
2 1327 4608
2 1328 1331
2 1328 1709
2 1328 1719
2 1328 2415
2 1328 4653
2 1328 4658
2 1329 1332
2 1329 1831
2 1329 1836
2 1329 1841
2 1329 1846
2 1329 2627
2 1329 2638
2 1329 2639
2 1329 2642
2 1329 5160
2 1329 5172
2 1330 1912
2 1330 1916
2 1330 1920
2 1330 3056
2 1330 3057
2 1330 5352
2 1330 5359
2 1330 5364
2 1331 1338
2 1331 1707
2 1331 1709
2 1331 1719
2 1331 2415
2 1331 2426
2 1331 4546
2 1331 4644
2 1331 4653
2 1331 4658
2 1332 1334
2 1332 1337
2 1332 1382
2 1332 1836
2 1332 1841
2 1332 1850
2 1332 2627
2 1332 2642
2 1332 2972
2 1332 5114
2 1332 5160
2 1332 5166
2 1332 5218
2 1333 1336
2 1333 1345
2 1333 1355
2 1333 1676
2 1333 2212
2 1333 2218
2 1333 4501
2 1333 4518
2 1333 4525
2 1333 4532
2 1334 1337
2 1334 1341
2 1334 1382
2 1334 1831
2 1334 1836
2 1334 1850
2 1334 1869
2 1334 2627
2 1334 2630
2 1334 2642
2 1334 2956
2 1334 5089
2 1334 5114
2 1334 5160
2 1335 1340
2 1335 1903
2 1335 1907
2 1335 1929
2 1335 1937
2 1335 3027
2 1335 3028
2 1335 3041
2 1335 3042
2 1335 3057
2 1335 5307
2 1335 5352
2 1336 1345
2 1336 2218
2 1336 2222
2 1336 2404
2 1336 4518
2 1336 4525
2 1336 4532
2 1336 4546
2 1337 1341
2 1337 1382
2 1337 1822
2 1337 1831
2 1337 1834
2 1337 1836
2 1337 1850
2 1337 2630
2 1337 2942
2 1337 2956
2 1337 5089
2 1337 5136
2 1337 5143
2 1337 5160
2 1337 5263
2 1338 1342
2 1338 1697
2 1338 1707
2 1338 1709
2 1338 2426
2 1338 2428
2 1338 4546
2 1338 4561
2 1338 4653
2 1338 4658
2 1338 4666
2 1339 1344
2 1339 1359
2 1339 1690
2 1339 1701
2 1339 1704
2 1339 1705
2 1339 1748
2 1339 2118
2 1339 2180
2 1339 2181
2 1339 2185
2 1339 2284
2 1339 2302
2 1339 4406
2 1339 4438
2 1339 4529
2 1340 1892
2 1340 1896
2 1340 1903
2 1340 1929
2 1340 3027
2 1340 3028
2 1340 3042
2 1340 5329
2 1340 5352
2 1341 1817
2 1341 1820
2 1341 1822
2 1341 1834
2 1341 2622
2 1341 2623
2 1341 2627
2 1341 2630
2 1341 2942
2 1341 5089
2 1341 5136
2 1341 5143
2 1342 1347
2 1342 1697
2 1342 2426
2 1342 2428
2 1342 4561
2 1342 4653
2 1342 4658
2 1342 4666
2 1342 4673
2 1343 1966
2 1343 1982
2 1343 1984
2 1343 1986
2 1343 2935
2 1343 2938
2 1343 5250
2 1343 5307
2 1344 1359
2 1344 1690
2 1344 1704
2 1344 1713
2 1344 2118
2 1344 2138
2 1344 2180
2 1344 2185
2 1344 2191
2 1344 4438
2 1345 1350
2 1345 1355
2 1345 1676
2 1345 2222
2 1345 4525
2 1345 4532
2 1345 4539
2 1345 4546
2 1346 1348
2 1346 1353
2 1346 1797
2 1346 1802
2 1346 1806
2 1346 1820
2 1346 1830
2 1346 1840
2 1346 2612
2 1346 2614
2 1346 2622
2 1346 2623
2 1346 2922
2 1346 2942
2 1346 5089
2 1346 5120
2 1346 5127
2 1347 1352
2 1347 1357
2 1347 1693
2 1347 1697
2 1347 2426
2 1347 2428
2 1347 2439
2 1347 4561
2 1347 4653
2 1347 4658
2 1347 4673
2 1347 4684
2 1347 4690
2 1348 1353
2 1348 1789
2 1348 1797
2 1348 2612
2 1348 2614
2 1348 2922
2 1348 5107
2 1348 5120
2 1348 5127
2 1349 1354
2 1349 1358
2 1349 1867
2 1349 1911
2 1349 1919
2 1349 1929
2 1349 2992
2 1349 3009
2 1349 3012
2 1349 3028
2 1349 5306
2 1349 5312
2 1349 5318
2 1350 1355
2 1350 2222
2 1350 2228
2 1350 4539
2 1350 4546
2 1351 1360
2 1351 1919
2 1351 1929
2 1351 1966
2 1351 2023
2 1351 2918
2 1351 2919
2 1351 2921
2 1351 2938
2 1351 3057
2 1351 5307
2 1351 5352
2 1352 1357
2 1352 1693
2 1352 1697
2 1352 2439
2 1352 4680
2 1352 4684
2 1352 4690
2 1353 1356
2 1353 1800
2 1353 1820
2 1353 1830
2 1353 1840
2 1353 2612
2 1353 2614
2 1353 2888
2 1353 2905
2 1353 2922
2 1353 5102
2 1353 5107
2 1353 5120
2 1353 5127
2 1354 1358
2 1354 1867
2 1354 1911
2 1354 2992
2 1354 2993
2 1354 3012
2 1354 5257
2 1354 5296
2 1354 5306
2 1355 1390
2 1355 1397
2 1355 1659
2 1355 1670
2 1355 1676
2 1355 2222
2 1355 2226
2 1355 2228
2 1355 2239
2 1355 4501
2 1355 4525
2 1355 4546
2 1355 4553
2 1355 4561
2 1355 4568
2 1356 1367
2 1356 1789
2 1356 1800
2 1356 1830
2 1356 2600
2 1356 2602
2 1356 2612
2 1356 2614
2 1356 2888
2 1356 2905
2 1356 5094
2 1356 5102
2 1356 5107
2 1357 1362
2 1357 1693
2 1357 2439
2 1357 4680
2 1357 4684
2 1357 4690
2 1358 1364
2 1358 1848
2 1358 1877
2 1358 1911
2 1358 2992
2 1358 2993
2 1358 5211
2 1358 5257
2 1358 5296
2 1359 1368
2 1359 1690
2 1359 1713
2 1359 1748
2 1359 2138
2 1359 2145
2 1359 2154
2 1359 2191
2 1359 2202
2 1359 2212
2 1359 2214
2 1359 2302
2 1359 2314
2 1359 4438
2 1359 4564
2 1360 1365
2 1360 1377
2 1360 1383
2 1360 1403
2 1360 1476
2 1360 1919
2 1360 1929
2 1360 1937
2 1360 2551
2 1360 2647
2 1360 2729
2 1360 2837
2 1360 2885
2 1360 2901
2 1360 2919
2 1360 2921
2 1360 2938
2 1360 3767
2 1360 5192
2 1360 5275
2 1361 1375
2 1361 1476
2 1361 1604
2 1361 1649
2 1361 1694
2 1361 1733
2 1361 1753
2 1361 1757
2 1361 1768
2 1361 1778
2 1361 1849
2 1361 2284
2 1361 2302
2 1361 2322
2 1361 2331
2 1361 2346
2 1361 2354
2 1361 2405
2 1361 2414
2 1361 2620
2 1361 2729
2 1361 4276
2 1361 4353
2 1361 4433
2 1361 4557
2 1361 4576
2 1361 4658
2 1361 4659
2 1361 4690
2 1361 4710
2 1361 5192
2 1361 6119
2 1362 1366
2 1362 1693
2 1362 2439
2 1362 2444
2 1362 2445
2 1362 4684
2 1362 4690
2 1363 1367
2 1363 1776
2 1363 1789
2 1363 1830
2 1363 2592
2 1363 2600
2 1363 2602
2 1363 2612
2 1363 5045
2 1363 5088
2 1363 5094
2 1364 1374
2 1364 1848
2 1364 1877
2 1364 1891
2 1364 2660
2 1364 2853
2 1364 2856
2 1364 2982
2 1364 2983
2 1364 2993
2 1364 5241
2 1364 5257
2 1364 5286
2 1364 5296
2 1365 1370
2 1365 1929
2 1365 1937
2 1365 2621
2 1365 2885
2 1365 2901
2 1365 5275
2 1366 1371
2 1366 1376
2 1366 1380
2 1366 1390
2 1366 1689
2 1366 1697
2 1366 2444
2 1366 2445
2 1366 4579
2 1366 4585
2 1366 4684
2 1366 4690
2 1366 4709
2 1367 1372
2 1367 1425
2 1367 1764
2 1367 1776
2 1367 1779
2 1367 1783
2 1367 1800
2 1367 1816
2 1367 1830
2 1367 2580
2 1367 2592
2 1367 2594
2 1367 2600
2 1367 2602
2 1367 2740
2 1367 2873
2 1367 2888
2 1367 5039
2 1367 5045
2 1367 5081
2 1367 5088
2 1367 5102
2 1367 5148
2 1367 5157
2 1368 1702
2 1368 2138
2 1368 2145
2 1368 2154
2 1368 2159
2 1368 2212
2 1368 2214
2 1368 2218
2 1368 2302
2 1368 2314
2 1368 2322
2 1368 4480
2 1369 1373
2 1369 1406
2 1369 1654
2 1369 1659
2 1369 1697
2 1369 1722
2 1369 2228
2 1369 2230
2 1369 2231
2 1369 2339
2 1369 2362
2 1369 2426
2 1369 4493
2 1369 4553
2 1369 4561
2 1369 4568
2 1369 4579
2 1369 4585
2 1370 1929
2 1370 2621
2 1370 2885
2 1370 2887
2 1370 2901
2 1370 5275
2 1371 1376
2 1371 1682
2 1371 1686
2 1371 1689
2 1371 2444
2 1371 4684
2 1371 4690
2 1371 4709
2 1372 1772
2 1372 1776
2 1372 2592
2 1372 2594
2 1372 5072
2 1372 5076
2 1372 5081
2 1373 1654
2 1373 2230
2 1373 2239
2 1373 4561
2 1373 4568
2 1373 4579
2 1374 1379
2 1374 2652
2 1374 2660
2 1374 2972
2 1374 2974
2 1374 2982
2 1374 2983
2 1374 2985
2 1374 2993
2 1374 5235
2 1374 5241
2 1374 5257
2 1374 5274
2 1374 5279
2 1374 5282
2 1374 5286
2 1374 5296
2 1375 1693
2 1375 1707
2 1375 1709
2 1375 1719
2 1375 1722
2 1375 1733
2 1375 2331
2 1375 2339
2 1375 2346
2 1375 2354
2 1375 2405
2 1375 2426
2 1375 2428
2 1375 4638
2 1375 4658
2 1375 4659
2 1375 4690
2 1376 1380
2 1376 1390
2 1376 1682
2 1376 1686
2 1376 2444
2 1376 2457
2 1376 2464
2 1376 4604
2 1376 4709
2 1377 1383
2 1377 1911
2 1377 1919
2 1377 2611
2 1377 2853
2 1377 2885
2 1377 2887
2 1377 5161
2 1377 5167
2 1378 1385
2 1378 1390
2 1378 1642
2 1378 1646
2 1378 1651
2 1378 2239
2 1378 2246
2 1378 2247
2 1378 2252
2 1378 4579
2 1378 4585
2 1378 4595
2 1379 1386
2 1379 1821
2 1379 1825
2 1379 2972
2 1379 2973
2 1379 2974
2 1379 2985
2 1379 5218
2 1379 5235
2 1379 5274
2 1380 1387
2 1380 1390
2 1380 1404
2 1380 1417
2 1380 1674
2 1380 1677
2 1380 2464
2 1380 4604
2 1380 4611
2 1380 4621
2 1380 4684
2 1380 4709
2 1380 4716
2 1380 4718
2 1380 4725
2 1380 4730
2 1381 1384
2 1381 1399
2 1381 1438
2 1381 1830
2 1381 1840
2 1381 2550
2 1381 2551
2 1381 2612
2 1381 2774
2 1381 2791
2 1382 1386
2 1382 1804
2 1382 1810
2 1382 1825
2 1382 1850
2 1382 2956
2 1382 2972
2 1382 2973
2 1382 2974
2 1382 5160
2 1382 5166
2 1382 5218
2 1382 5263
2 1382 5266
2 1383 1403
2 1383 1891
2 1383 1911
2 1383 1919
2 1383 2590
2 1383 2611
2 1383 2729
2 1383 2837
2 1383 2838
2 1383 2853
2 1383 2856
2 1383 2885
2 1383 5161
2 1383 5192
2 1383 5214
2 1383 5241
2 1383 5257
2 1384 1399
2 1384 1438
2 1384 1830
2 1384 1840
2 1384 2493
2 1384 2504
2 1384 2533
2 1384 2550
2 1384 2551
2 1384 2612
2 1384 2755
2 1384 2766
2 1384 5045
2 1385 1390
2 1385 1393
2 1385 1629
2 1385 1635
2 1385 1642
2 1385 1646
2 1385 2256
2 1385 2444
2 1385 4585
2 1385 4595
2 1385 4604
2 1386 1392
2 1386 1396
2 1386 1792
2 1386 1804
2 1386 1810
2 1386 1821
2 1386 1850
2 1386 2942
2 1386 2956
2 1386 2957
2 1386 2972
2 1386 2974
2 1386 5192
2 1386 5214
2 1386 5218
2 1387 1674
2 1387 1677
2 1387 4716
2 1387 4718
2 1387 4725
2 1387 4730
2 1388 1391
2 1388 1740
2 1388 1745
2 1388 1754
2 1388 1775
2 1388 1779
2 1388 1796
2 1388 2562
2 1388 2569
2 1388 2573
2 1388 2580
2 1388 2582
2 1388 2841
2 1388 2857
2 1388 4986
2 1388 5050
2 1388 5056
2 1388 5112
2 1389 1392
2 1389 1792
2 1389 1804
2 1389 2942
2 1389 2956
2 1389 2957
2 1389 5254
2 1389 5263
2 1390 1393
2 1390 1397
2 1390 1417
2 1390 1446
2 1390 1635
2 1390 2239
2 1390 2252
2 1390 2444
2 1390 4525
2 1390 4561
2 1390 4579
2 1390 4585
2 1390 4595
2 1390 4604
2 1390 4611
2 1390 4653
2 1390 4684
2 1390 4721
2 1391 1395
2 1391 1398
2 1391 1401
2 1391 1451
2 1391 1736
2 1391 1740
2 1391 1754
2 1391 1775
2 1391 2562
2 1391 2563
2 1391 2841
2 1391 4986
2 1391 5031
2 1391 5038
2 1391 5044
2 1391 5085
2 1392 1396
2 1392 1792
2 1392 1820
2 1392 1834
2 1392 1850
2 1392 2942
2 1392 2944
2 1392 2957
2 1392 5192
2 1392 5246
2 1392 5254
2 1393 1397
2 1393 1629
2 1393 1635
2 1393 2252
2 1393 2263
2 1393 4604
2 1394 1866
2 1394 1899
2 1394 2649
2 1394 2652
2 1394 2660
2 1394 2837
2 1394 2838
2 1394 2853
2 1394 2856
2 1394 5114
2 1394 5137
2 1394 5144
2 1394 5235
2 1394 5241
2 1395 1398
2 1395 1401
2 1395 1736
2 1395 2554
2 1395 2562
2 1395 2563
2 1395 4986
2 1395 5031
2 1395 5038
2 1396 1780
2 1396 1784
2 1396 1792
2 1396 1810
2 1396 1820
2 1396 1821
2 1396 1834
2 1396 2923
2 1396 2942
2 1396 2943
2 1396 2944
2 1396 2957
2 1396 5176
2 1396 5192
2 1396 5214
2 1396 5230
2 1396 5234
2 1396 5246
2 1396 5274
2 1397 1412
2 1397 1417
2 1397 1434
2 1397 1446
2 1397 1623
2 1397 2147
2 1397 2239
2 1397 2252
2 1397 2260
2 1397 2263
2 1397 4525
2 1397 4604
2 1397 4611
2 1397 4621
2 1398 1401
2 1398 1775
2 1398 2485
2 1398 2540
2 1398 2554
2 1398 2555
2 1398 2562
2 1398 2563
2 1398 4976
2 1398 4986
2 1398 5031
2 1399 1402
2 1399 1796
2 1399 1805
2 1399 1816
2 1399 1830
2 1399 2504
2 1399 2533
2 1399 2550
2 1399 2592
2 1399 2612
2 1399 2740
2 1399 2741
2 1399 2755
2 1399 5039
2 1399 5045
2 1400 1689
2 1400 1693
2 1400 2354
2 1400 2362
2 1400 2376
2 1400 2444
2 1400 2457
2 1400 4638
2 1400 4659
2 1400 4667
2 1401 1405
2 1401 1451
2 1401 1714
2 1401 1720
2 1401 1724
2 1401 1742
2 1401 2540
2 1401 2541
2 1401 2555
2 1401 2811
2 1401 2827
2 1401 2841
2 1401 4976
2 1401 4986
2 1401 5023
2 1401 5028
2 1401 5031
2 1401 5085
2 1402 1796
2 1402 1805
2 1402 2504
2 1402 2505
2 1402 2580
2 1402 2592
2 1402 2740
2 1402 5045
2 1403 1413
2 1403 1420
2 1403 1866
2 1403 1919
2 1403 2729
2 1403 2826
2 1403 2837
2 1403 2838
2 1403 5192
2 1403 5214
2 1403 5218
2 1403 5241
2 1404 1408
2 1404 1411
2 1404 1417
2 1404 1432
2 1404 1437
2 1404 1652
2 1404 1668
2 1404 2483
2 1404 2490
2 1404 4653
2 1404 4658
2 1404 4684
2 1404 4690
2 1404 4701
2 1404 4709
2 1404 4710
2 1404 4725
2 1404 4730
2 1404 4738
2 1404 4743
2 1404 4749
2 1404 4776
2 1404 4786
2 1404 4836
2 1405 1409
2 1405 1714
2 1405 1717
2 1405 1742
2 1405 2540
2 1405 2541
2 1405 2544
2 1405 2811
2 1405 4976
2 1405 5016
2 1405 5023
2 1405 5028
2 1406 1654
2 1406 1722
2 1406 2178
2 1406 2190
2 1406 2230
2 1406 2239
2 1406 2339
2 1406 2346
2 1406 2354
2 1406 2362
2 1406 4493
2 1406 4540
2 1406 4547
2 1407 1410
2 1407 1763
2 1407 1770
2 1407 1780
2 1407 1800
2 1407 2905
2 1407 2906
2 1407 2922
2 1407 2923
2 1407 5157
2 1407 5164
2 1407 5176
2 1407 5224
2 1408 1414
2 1408 1661
2 1408 1668
2 1408 2483
2 1408 2490
2 1408 4730
2 1408 4738
2 1408 4743
2 1409 1415
2 1409 1423
2 1409 1493
2 1409 1698
2 1409 1706
2 1409 1711
2 1409 1714
2 1409 1742
2 1409 2534
2 1409 2541
2 1409 2544
2 1409 2698
2 1409 2794
2 1409 2811
2 1409 4947
2 1409 4976
2 1409 5003
2 1409 5007
2 1409 5048
2 1410 1419
2 1410 1763
2 1410 1770
2 1410 1780
2 1410 1793
2 1410 2888
2 1410 2892
2 1410 2906
2 1410 5148
2 1410 5157
2 1410 5164
2 1410 5176
2 1410 5191
2 1410 5192
2 1410 5203
2 1410 5208
2 1410 5213
2 1410 5234
2 1411 1414
2 1411 1432
2 1411 1652
2 1411 1658
2 1411 1661
2 1411 2490
2 1411 2502
2 1411 4738
2 1411 4743
2 1411 4749
2 1411 4755
2 1411 4776
2 1412 1417
2 1412 1422
2 1412 1426
2 1412 1434
2 1412 1623
2 1412 2252
2 1412 2269
2 1412 2281
2 1412 2283
2 1412 4611
2 1412 4621
2 1413 1420
2 1413 1834
2 1413 1838
2 1413 1850
2 1413 1869
2 1413 2551
2 1413 2791
2 1413 2826
2 1413 5089
2 1413 5192
2 1413 5214
2 1414 1417
2 1414 1647
2 1414 1656
2 1414 1658
2 1414 1661
2 1414 2293
2 1414 2483
2 1414 2500
2 1414 2502
2 1414 4634
2 1414 4641
2 1414 4656
2 1414 4730
2 1414 4743
2 1414 4749
2 1414 4755
2 1414 4763
2 1415 1423
2 1415 1698
2 1415 1700
2 1415 1706
2 1415 2534
2 1415 2794
2 1415 5003
2 1416 1421
2 1416 2190
2 1416 2197
2 1416 2200
2 1416 4540
2 1416 4547
2 1417 1422
2 1417 1426
2 1417 1434
2 1417 1437
2 1417 1446
2 1417 1618
2 1417 1674
2 1417 2283
2 1417 4611
2 1417 4621
2 1417 4634
2 1417 4641
2 1417 4656
2 1417 4684
2 1417 4721
2 1417 4730
2 1417 4743
2 1417 4749
2 1418 1694
2 1418 2384
2 1418 2394
2 1418 4659
2 1418 4667
2 1418 4674
2 1419 1763
2 1419 2888
2 1419 2889
2 1419 2892
2 1419 5148
2 1419 5157
2 1419 5199
2 1419 5203
2 1419 5208
2 1420 1438
2 1420 1834
2 1420 1838
2 1420 1869
2 1420 2551
2 1420 2729
2 1420 2774
2 1420 2791
2 1420 2793
2 1420 2826
2 1420 2837
2 1420 5192
2 1421 1671
2 1421 2190
2 1421 2197
2 1421 2200
2 1421 2209
2 1421 2239
2 1421 2246
2 1421 2252
2 1421 4540
2 1421 4547
2 1422 1426
2 1422 1618
2 1422 2281
2 1422 2283
2 1422 4634
2 1422 4641
2 1423 1429
2 1423 1475
2 1423 1493
2 1423 1692
2 1423 1698
2 1423 1700
2 1423 2523
2 1423 2525
2 1423 2534
2 1423 2541
2 1423 2662
2 1423 2776
2 1423 2794
2 1423 4947
2 1423 4976
2 1423 4991
2 1423 4992
2 1423 5048
2 1424 1432
2 1424 1647
2 1424 1652
2 1424 2500
2 1424 4755
2 1424 4763
2 1425 1427
2 1425 1734
2 1425 1737
2 1425 1764
2 1425 1766
2 1425 2873
2 1425 2888
2 1425 2889
2 1425 2892
2 1425 5076
2 1425 5081
2 1425 5088
2 1425 5185
2 1425 5191
2 1425 5199
2 1426 1430
2 1426 1434
2 1426 1614
2 1426 1618
2 1426 2281
2 1426 2287
2 1426 4634
2 1426 4641
2 1426 4656
2 1427 1431
2 1427 1734
2 1427 1737
2 1427 2873
2 1427 2892
2 1427 5185
2 1427 5191
2 1428 1432
2 1428 1647
2 1428 1652
2 1428 2515
2 1428 4763
2 1428 4769
2 1428 4776
2 1429 1433
2 1429 1439
2 1429 1695
2 1429 1716
2 1429 2516
2 1429 2519
2 1429 2523
2 1429 2525
2 1429 2643
2 1429 2653
2 1429 2662
2 1429 2767
2 1429 2776
2 1429 4928
2 1429 4947
2 1429 4975
2 1429 4991
2 1429 5020
2 1429 5048
2 1430 1434
2 1430 1610
2 1430 1614
2 1430 2287
2 1430 4641
2 1430 4647
2 1430 4650
2 1430 4656
2 1431 1436
2 1431 1779
2 1431 2873
2 1431 2876
2 1431 2892
2 1431 5112
2 1431 5148
2 1431 5185
2 1431 5191
2 1432 1437
2 1432 1446
2 1432 1457
2 1432 1652
2 1432 2515
2 1432 4749
2 1432 4755
2 1432 4763
2 1432 4769
2 1432 4776
2 1432 4786
2 1433 1439
2 1433 1692
2 1433 2508
2 1433 2516
2 1433 2519
2 1433 2525
2 1433 4968
2 1433 4975
2 1433 4991
2 1434 1446
2 1434 1537
2 1434 1599
2 1434 1606
2 1434 1610
2 1434 1623
2 1434 2147
2 1434 2239
2 1434 2252
2 1434 2281
2 1434 2287
2 1434 2291
2 1434 2293
2 1434 2312
2 1434 2319
2 1434 2327
2 1434 2366
2 1434 2380
2 1434 4641
2 1434 4647
2 1434 4650
2 1434 4656
2 1434 4686
2 1435 1442
2 1435 1483
2 1435 2474
2 1435 2476
2 1435 2485
2 1435 2493
2 1435 2695
2 1435 2709
2 1435 4981
2 1435 4986
2 1436 1449
2 1436 1730
2 1436 1737
2 1436 1779
2 1436 2857
2 1436 2858
2 1436 2873
2 1436 2876
2 1436 5112
2 1436 5175
2 1436 5180
2 1437 1446
2 1437 1452
2 1437 1457
2 1437 1636
2 1437 2514
2 1437 2522
2 1437 2531
2 1437 4653
2 1437 4683
2 1437 4684
2 1437 4721
2 1437 4749
2 1437 4769
2 1437 4776
2 1437 4786
2 1437 4799
2 1437 4836
2 1438 1445
2 1438 1793
2 1438 1800
2 1438 1809
2 1438 1820
2 1438 1830
2 1438 1840
2 1438 2533
2 1438 2551
2 1438 2729
2 1438 2755
2 1438 2766
2 1438 2774
2 1438 2837
2 1438 5164
2 1438 5170
2 1438 5192
2 1439 1716
2 1439 2495
2 1439 2508
2 1439 2509
2 1439 2516
2 1439 2519
2 1439 2643
2 1439 2756
2 1439 2767
2 1439 4902
2 1439 4928
2 1439 4968
2 1439 4975
2 1440 1727
2 1440 1730
2 1440 1734
2 1440 2841
2 1440 2857
2 1440 2858
2 1440 2859
2 1440 5056
2 1440 5156
2 1440 5169
2 1440 5175
2 1441 1667
2 1441 2495
2 1441 2508
2 1441 2509
2 1441 4961
2 1441 4968
2 1442 1443
2 1442 1447
2 1442 1472
2 1442 1483
2 1442 1516
2 1442 2197
2 1442 2278
2 1442 2311
2 1442 2357
2 1442 2364
2 1442 2406
2 1442 2440
2 1442 2465
2 1442 2474
2 1442 2476
2 1442 2493
2 1442 2504
2 1442 2551
2 1442 2676
2 1442 2695
2 1442 2729
2 1442 4976
2 1443 1447
2 1443 2465
2 1443 2474
2 1443 2476
2 1443 2523
2 1443 2540
2 1443 4976
2 1444 1449
2 1444 1718
2 1444 1727
2 1444 2841
2 1444 2858
2 1444 2859
2 1444 5156
2 1445 1783
2 1445 1787
2 1445 1793
2 1445 2729
2 1445 2741
2 1445 2755
2 1445 2766
2 1445 2774
2 1445 5148
2 1445 5157
2 1445 5192
2 1446 1453
2 1446 1457
2 1446 1488
2 1446 1521
2 1446 1537
2 1446 1599
2 1446 2147
2 1446 2291
2 1446 2298
2 1446 2312
2 1446 2319
2 1446 2327
2 1446 2366
2 1446 2380
2 1446 4656
2 1446 4662
2 1446 4677
2 1446 4683
2 1446 4686
2 1446 4721
2 1446 4749
2 1446 4763
2 1446 4769
2 1447 1458
2 1447 1472
2 1447 2440
2 1447 2465
2 1447 2474
2 1447 2508
2 1447 2523
2 1447 2540
2 1447 2676
2 1447 4947
2 1447 4976
2 1448 1455
2 1448 1614
2 1448 1658
2 1448 1661
2 1448 1675
2 1448 1680
2 1448 1684
2 1448 1688
2 1448 2293
2 1448 2414
2 1448 2483
2 1448 2500
2 1448 4599
2 1448 4605
2 1448 4681
2 1448 4701
2 1448 4710
2 1449 1451
2 1449 1459
2 1449 1715
2 1449 1718
2 1449 1727
2 1449 1730
2 1449 1751
2 1449 1754
2 1449 2841
2 1449 2842
2 1449 2857
2 1449 2858
2 1449 2859
2 1449 2876
2 1449 5112
2 1449 5147
2 1449 5152
2 1449 5156
2 1449 5180
2 1449 5191
2 1450 1504
2 1450 1664
2 1450 1678
2 1450 2430
2 1450 2487
2 1450 2488
2 1450 2495
2 1450 2496
2 1450 2509
2 1450 2616
2 1450 2625
2 1450 2631
2 1450 2643
2 1450 2712
2 1450 2744
2 1450 2756
2 1450 4902
2 1450 4928
2 1450 4941
2 1450 4946
2 1450 4952
2 1450 4955
2 1450 5000
2 1451 1459
2 1451 1703
2 1451 1715
2 1451 1751
2 1451 2827
2 1451 2841
2 1451 2842
2 1451 2845
2 1451 5031
2 1451 5085
2 1451 5140
2 1451 5147
2 1452 1471
2 1452 1624
2 1452 1626
2 1452 2531
2 1452 2538
2 1452 4683
2 1452 4693
2 1452 4721
2 1452 4786
2 1452 4793
2 1452 4799
2 1452 4802
2 1452 4836
2 1453 1457
2 1453 1595
2 1453 1599
2 1453 2298
2 1453 4662
2 1453 4677
2 1454 1779
2 1454 1783
2 1454 2740
2 1454 2741
2 1454 5112
2 1455 1675
2 1455 1680
2 1455 2420
2 1455 4701
2 1455 4710
2 1456 1463
2 1456 1650
2 1456 2468
2 1456 2477
2 1456 2487
2 1456 2488
2 1456 2495
2 1456 4927
2 1456 4934
2 1457 1461
2 1457 1595
2 1457 1647
2 1457 2312
2 1457 2321
2 1457 2514
2 1457 2531
2 1457 4656
2 1457 4662
2 1457 4677
2 1457 4683
2 1457 4769
2 1458 1472
2 1458 1510
2 1458 1716
2 1458 2440
2 1458 2450
2 1458 2465
2 1458 2508
2 1458 2516
2 1458 2523
2 1458 2653
2 1458 2662
2 1458 2676
2 1458 4928
2 1458 4947
2 1459 1703
2 1459 1742
2 1459 1751
2 1459 2812
2 1459 2827
2 1459 2828
2 1459 2842
2 1459 5048
2 1459 5117
2 1459 5133
2 1459 5140
2 1459 5147
2 1460 1614
2 1460 1618
2 1460 1643
2 1460 1688
2 1460 2220
2 1460 2281
2 1460 2414
2 1460 4580
2 1460 4599
2 1460 4605
2 1460 4681
2 1461 1595
2 1461 2312
2 1461 2321
2 1461 4677
2 1461 4683
2 1461 4686
2 1462 1471
2 1462 1621
2 1462 1622
2 1462 1626
2 1462 2538
2 1462 2539
2 1462 2547
2 1462 4799
2 1462 4802
2 1462 4819
2 1462 4826
2 1463 1641
2 1463 2477
2 1463 2480
2 1463 2488
2 1463 4920
2 1463 4927
2 1463 4934
2 1464 1465
2 1464 1691
2 1464 1699
2 1464 2811
2 1464 2812
2 1464 2828
2 1464 5117
2 1464 5123
2 1464 5130
2 1465 1687
2 1465 1691
2 1465 1742
2 1465 2811
2 1465 2812
2 1465 2828
2 1465 5117
2 1465 5123
2 1466 1486
2 1466 1595
2 1466 1636
2 1466 1652
2 1466 1662
2 1466 1672
2 1466 1675
2 1466 2301
2 1466 2425
2 1466 2436
2 1466 2500
2 1466 2514
2 1466 4622
2 1466 4710
2 1467 1473
2 1467 1683
2 1467 1687
2 1467 2794
2 1467 2811
2 1467 2812
2 1467 5104
2 1467 5111
2 1467 5117
2 1468 1483
2 1468 1754
2 1468 1775
2 1468 2493
2 1468 2505
2 1468 2709
2 1468 2711
2 1468 2729
2 1468 2740
2 1468 5112
2 1469 1643
2 1469 2238
2 1469 2245
2 1469 2414
2 1469 4599
2 1469 4605
2 1470 1474
2 1470 1522
2 1470 1627
2 1470 1633
2 1470 1637
2 1470 1663
2 1470 2459
2 1470 2461
2 1470 2468
2 1470 2469
2 1470 2480
2 1470 2604
2 1470 2616
2 1470 2686
2 1470 2699
2 1470 2712
2 1470 4895
2 1470 4913
2 1470 4920
2 1470 4965
2 1471 1479
2 1471 2538
2 1471 2546
2 1471 2547
2 1471 2560
2 1471 2567
2 1471 4721
2 1471 4799
2 1471 4802
2 1471 4819
2 1471 4826
2 1471 4832
2 1471 4836
2 1472 1478
2 1472 1716
2 1472 2406
2 1472 2440
2 1472 2450
2 1472 2474
2 1472 2495
2 1472 2508
2 1472 4902
2 1472 4928
2 1473 1475
2 1473 1679
2 1473 2794
2 1473 2796
2 1473 2798
2 1473 2811
2 1473 2812
2 1473 5048
2 1473 5104
2 1473 5117
2 1474 1627
2 1474 2459
2 1474 2461
2 1474 2468
2 1474 2469
2 1474 4895
2 1475 2776
2 1475 2794
2 1475 2796
2 1475 2798
2 1475 5048
2 1475 5091
2 1475 5098
2 1476 1483
2 1476 1494
2 1476 1510
2 1476 1604
2 1476 1649
2 1476 1742
2 1476 1751
2 1476 1754
2 1476 2620
2 1476 2698
2 1476 2709
2 1476 2711
2 1476 2729
2 1476 4813
2 1476 4898
2 1476 4959
2 1476 5000
2 1476 5048
2 1476 5085
2 1476 5112
2 1476 5192
2 1477 1482
2 1477 1586
2 1477 2327
2 1477 2330
2 1477 4693
2 1477 4697
2 1477 4706
2 1477 4713
2 1478 2406
2 1478 2408
2 1478 2430
2 1478 2440
2 1478 2487
2 1478 2495
2 1478 2508
2 1478 4902
2 1479 1613
2 1479 2546
2 1479 2560
2 1479 2567
2 1479 2568
2 1479 4721
2 1479 4832
2 1479 4836
2 1479 4843
2 1480 1669
2 1480 2767
2 1480 2776
2 1480 2778
2 1480 2794
2 1480 2798
2 1480 4991
2 1480 5091
2 1481 1484
2 1481 2238
2 1481 2245
2 1481 2251
2 1481 2425
2 1481 4622
2 1481 4642
2 1482 1585
2 1482 1586
2 1482 2327
2 1482 4706
2 1482 4713
2 1483 1494
2 1483 1510
2 1483 1581
2 1483 1628
2 1483 1742
2 1483 2440
2 1483 2493
2 1483 2528
2 1483 2620
2 1483 2631
2 1483 2676
2 1483 2695
2 1483 2698
2 1483 2709
2 1483 2711
2 1483 2729
2 1483 4986
2 1483 5085
2 1484 2251
2 1484 2425
2 1484 2436
2 1484 4622
2 1484 4627
2 1484 4642
2 1485 1488
2 1485 1576
2 1485 1585
2 1485 2337
2 1485 4697
2 1485 4706
2 1485 4713
2 1485 4721
2 1486 1586
2 1486 1595
2 1486 1624
2 1486 1626
2 1486 1636
2 1486 1649
2 1486 1662
2 1486 2321
2 1486 2436
2 1486 2462
2 1486 2514
2 1486 2522
2 1486 2538
2 1486 2539
2 1486 4642
2 1486 4663
2 1486 4710
2 1486 4750
2 1486 4756
2 1486 4776
2 1487 1490
2 1487 1609
2 1487 1615
2 1487 2379
2 1487 2398
2 1487 2441
2 1487 2454
2 1487 2456
2 1487 2459
2 1487 2461
2 1487 4840
2 1487 4879
2 1487 4885
2 1488 1495
2 1488 1499
2 1488 1508
2 1488 1521
2 1488 1537
2 1488 1576
2 1488 1585
2 1488 2327
2 1488 2337
2 1488 2344
2 1488 2349
2 1488 2366
2 1488 2380
2 1488 4686
2 1488 4697
2 1488 4706
2 1488 4721
2 1488 4728
2 1489 1657
2 1489 1660
2 1489 1665
2 1489 2767
2 1489 2769
2 1489 2778
2 1489 2798
2 1489 5079
2 1490 1609
2 1490 2454
2 1490 2456
2 1490 2461
2 1490 2679
2 1490 4874
2 1490 4879
2 1490 4885
2 1491 1653
2 1491 1655
2 1491 1657
2 1491 2756
2 1491 2769
2 1491 5070
2 1491 5079
2 1492 1598
2 1492 1609
2 1492 2441
2 1492 2442
2 1492 2454
2 1492 2456
2 1492 4868
2 1492 4874
2 1493 1494
2 1493 1742
2 1493 2676
2 1493 2695
2 1493 2698
2 1493 2794
2 1493 2811
2 1493 2812
2 1493 4947
2 1493 4976
2 1493 5048
2 1494 1510
2 1494 1695
2 1494 2662
2 1494 2676
2 1494 2698
2 1494 5048
2 1495 1499
2 1495 1570
2 1495 2344
2 1495 2352
2 1495 2546
2 1495 2567
2 1495 4721
2 1495 4728
2 1495 4735
2 1495 4843
2 1496 1501
2 1496 1503
2 1496 1593
2 1496 1598
2 1496 1612
2 1496 2431
2 1496 2441
2 1496 2442
2 1496 2655
2 1496 4797
2 1496 4839
2 1496 4847
2 1496 4859
2 1496 4868
2 1496 4906
2 1497 1500
2 1497 1594
2 1497 1597
2 1497 2587
2 1497 4856
2 1497 4862
2 1497 4863
2 1497 4877
2 1498 1502
2 1498 1640
2 1498 1644
2 1498 1648
2 1498 1653
2 1498 1660
2 1498 2732
2 1498 2744
2 1498 2756
2 1498 2769
2 1498 2798
2 1498 5000
2 1498 5010
2 1498 5020
2 1498 5053
2 1498 5058
2 1499 1508
2 1499 1564
2 1499 2344
2 1499 2349
2 1499 2352
2 1499 2360
2 1499 4721
2 1499 4728
2 1499 4735
2 1500 1506
2 1500 1514
2 1500 1521
2 1500 1537
2 1500 1594
2 1500 2585
2 1500 2587
2 1500 4721
2 1500 4752
2 1500 4760
2 1500 4836
2 1500 4843
2 1500 4856
2 1500 4862
2 1500 4863
2 1500 4871
2 1500 4877
2 1500 4888
2 1500 4916
2 1501 1503
2 1501 1584
2 1501 2431
2 1501 2434
2 1501 4847
2 1502 1504
2 1502 1639
2 1502 1640
2 1502 2732
2 1502 2744
2 1502 5000
2 1502 5047
2 1502 5053
2 1503 1507
2 1503 1579
2 1503 1582
2 1503 2422
2 1503 2431
2 1503 2434
2 1503 2557
2 1503 2566
2 1503 2655
2 1503 4797
2 1503 4834
2 1503 4839
2 1503 4847
2 1503 4868
2 1503 4906
2 1504 1509
2 1504 1631
2 1504 2616
2 1504 2625
2 1504 2712
2 1504 2732
2 1504 2744
2 1504 4941
2 1504 5000
2 1504 5042
2 1504 5047
2 1504 5053
2 1505 1513
2 1505 1570
2 1505 1628
2 1505 1632
2 1505 1638
2 1505 2462
2 1505 2473
2 1505 2546
2 1505 2560
2 1505 4756
2 1505 4777
2 1505 4787
2 1506 1514
2 1506 1589
2 1506 2585
2 1506 2596
2 1506 2599
2 1506 4760
2 1506 4871
2 1506 4877
2 1506 4881
2 1506 4888
2 1507 1512
2 1507 1520
2 1507 1579
2 1507 1582
2 1507 2417
2 1507 2422
2 1507 2423
2 1507 2557
2 1507 2566
2 1507 2636
2 1507 2645
2 1507 2655
2 1507 4773
2 1507 4797
2 1507 4829
2 1507 4834
2 1507 4839
2 1507 4906
2 1508 1521
2 1508 1537
2 1508 1559
2 1508 2349
2 1508 2359
2 1508 2360
2 1508 2366
2 1508 2367
2 1508 2380
2 1508 4721
2 1508 4735
2 1508 4740
2 1508 4745
2 1509 1515
2 1509 1619
2 1509 1625
2 1509 1631
2 1509 1633
2 1509 2712
2 1509 2732
2 1509 4920
2 1509 4941
2 1509 5019
2 1509 5026
2 1509 5035
2 1510 1531
2 1510 1673
2 1510 1678
2 1510 1695
2 1510 2440
2 1510 2620
2 1510 2631
2 1510 2633
2 1510 2643
2 1510 2653
2 1510 2662
2 1510 2676
2 1510 4959
2 1510 5000
2 1510 5010
2 1510 5020
2 1510 5048
2 1511 1514
2 1511 1588
2 1511 1589
2 1511 1594
2 1511 1604
2 1511 2596
2 1511 2599
2 1511 2608
2 1511 4813
2 1511 4820
2 1511 4851
2 1511 4877
2 1511 4881
2 1511 4888
2 1511 4891
2 1511 4897
2 1512 1520
2 1512 1579
2 1512 2417
2 1512 2419
2 1512 2423
2 1512 2557
2 1512 2636
2 1512 4816
2 1512 4823
2 1512 4829
2 1513 1530
2 1513 1570
2 1513 1601
2 1513 1605
2 1513 1628
2 1513 2352
2 1513 2359
2 1513 2462
2 1513 2473
2 1513 2482
2 1513 2489
2 1513 2546
2 1513 2560
2 1513 2567
2 1513 2568
2 1513 2577
2 1513 4678
2 1513 4698
2 1513 4787
2 1513 4807
2 1513 4813
2 1514 1527
2 1514 1533
2 1514 1542
2 1514 1547
2 1514 2596
2 1514 2607
2 1514 2608
2 1514 4760
2 1514 4783
2 1514 4881
2 1514 4888
2 1514 4891
2 1515 1519
2 1515 1619
2 1515 2712
2 1515 2713
2 1515 5019
2 1515 5026
2 1516 1528
2 1516 1534
2 1516 1553
2 1516 1581
2 1516 1590
2 1516 1628
2 1516 1778
2 1516 1849
2 1516 2197
2 1516 2278
2 1516 2311
2 1516 2322
2 1516 2357
2 1516 2364
2 1516 2371
2 1516 2379
2 1516 2398
2 1516 2406
2 1516 2408
2 1516 2440
2 1516 2528
2 1516 2565
2 1516 2576
2 1516 2584
2 1516 2595
2 1516 2620
2 1516 4840
2 1517 1592
2 1517 2278
2 1517 2280
2 1517 2327
2 1517 2337
2 1517 4670
2 1517 4678
2 1518 1521
2 1518 1550
2 1518 1555
2 1518 2366
2 1518 2367
2 1518 4745
2 1518 4752
2 1518 4760
2 1519 1522
2 1519 1619
2 1519 2699
2 1519 2700
2 1519 2712
2 1519 2713
2 1519 2714
2 1519 2732
2 1519 4959
2 1519 4965
2 1519 4971
2 1519 5019
2 1520 1523
2 1520 1526
2 1520 1561
2 1520 2411
2 1520 2412
2 1520 2417
2 1520 2419
2 1520 2526
2 1520 2535
2 1520 2557
2 1520 2626
2 1520 2636
2 1520 4746
2 1520 4773
2 1520 4804
2 1520 4810
2 1520 4816
2 1520 4823
2 1520 4864
2 1520 4882
2 1521 1525
2 1521 1533
2 1521 1537
2 1521 1550
2 1521 2366
2 1521 2373
2 1521 2380
2 1521 4721
2 1521 4745
2 1521 4752
2 1521 4760
2 1521 4766
2 1522 1524
2 1522 1608
2 1522 1617
2 1522 1633
2 1522 2699
2 1522 2712
2 1522 2713
2 1522 2714
2 1522 4895
2 1522 5009
2 1522 5019
2 1523 1526
2 1523 1532
2 1523 1558
2 1523 1561
2 1523 1565
2 1523 2399
2 1523 2401
2 1523 2411
2 1523 2412
2 1523 4746
2 1523 4767
2 1523 4773
2 1524 1529
2 1524 1535
2 1524 1603
2 1524 1608
2 1524 1633
2 1524 2686
2 1524 2699
2 1524 2700
2 1524 4895
2 1524 5005
2 1524 5009
2 1525 1533
2 1525 1547
2 1525 1550
2 1525 2373
2 1525 2374
2 1525 4760
2 1525 4766
2 1526 1554
2 1526 1558
2 1526 1561
2 1526 2399
2 1526 2401
2 1526 2412
2 1526 2526
2 1526 2607
2 1526 2626
2 1526 4746
2 1526 4767
2 1526 4773
2 1526 4804
2 1527 1578
2 1527 1588
2 1527 2607
2 1527 2626
2 1527 4783
2 1527 4790
2 1527 4796
2 1527 4804
2 1527 4888
2 1527 4891
2 1527 4897
2 1527 4905
2 1527 4910
2 1528 1534
2 1528 2371
2 1528 2379
2 1528 2442
2 1528 2565
2 1528 2576
2 1528 4797
2 1529 1603
2 1529 1608
2 1529 1617
2 1529 1630
2 1529 2686
2 1529 2687
2 1529 2699
2 1529 2700
2 1529 2714
2 1529 4938
2 1529 4959
2 1529 4995
2 1529 4999
2 1529 5005
2 1530 1616
2 1530 1620
2 1530 2482
2 1530 2489
2 1530 4787
2 1530 4807
2 1530 4813
2 1531 2408
2 1531 2430
2 1531 2440
2 1531 2617
2 1531 2620
2 1531 2625
2 1531 2631
2 1531 2633
2 1531 4902
2 1531 5000
2 1532 1554
2 1532 2336
2 1532 2380
2 1532 2391
2 1532 2399
2 1532 2401
2 1532 4746
2 1532 4767
2 1532 4790
2 1532 4796
2 1533 1537
2 1533 1542
2 1533 1545
2 1533 1547
2 1533 2380
2 1533 2383
2 1533 4752
2 1533 4760
2 1533 4766
2 1533 4772
2 1533 4779
2 1533 4783
2 1533 4888
2 1534 1539
2 1534 2357
2 1534 2364
2 1534 2371
2 1534 2565
2 1534 4797
2 1535 1536
2 1535 1596
2 1535 1600
2 1535 1603
2 1535 1630
2 1535 2461
2 1535 2595
2 1535 2679
2 1535 2686
2 1535 2687
2 1535 4879
2 1535 4885
2 1535 4895
2 1536 1541
2 1536 1583
2 1536 1596
2 1536 1600
2 1536 2679
2 1536 2683
2 1536 2687
2 1536 4874
2 1536 4879
2 1536 4989
2 1536 4995
2 1537 1542
2 1537 1565
2 1537 1582
2 1537 1593
2 1537 1598
2 1537 1700
2 1537 2366
2 1537 2380
2 1537 2383
2 1537 2399
2 1537 4721
2 1537 4752
2 1537 4766
2 1537 4772
2 1537 4779
2 1537 4783
2 1537 4790
2 1537 4796
2 1537 4816
2 1537 4888
2 1537 4910
2 1537 4916
2 1537 4946
2 1538 1542
2 1538 1545
2 1538 2380
2 1538 2391
2 1538 2392
2 1538 4722
2 1538 4746
2 1538 4779
2 1538 4783
2 1539 2357
2 1539 2364
2 1539 4767
2 1539 4773
2 1539 4797
2 1540 1544
2 1540 1572
2 1540 1578
2 1540 2626
2 1540 4910
2 1540 4916
2 1541 1543
2 1541 1577
2 1541 2665
2 1541 2667
2 1541 2679
2 1541 2683
2 1541 2687
2 1541 4924
2 1541 4931
2 1541 4938
2 1541 4984
2 1541 4989
2 1541 4995
2 1542 1545
2 1542 1547
2 1542 2380
2 1542 2383
2 1542 2392
2 1542 2520
2 1542 2526
2 1542 2607
2 1542 4722
2 1542 4746
2 1542 4772
2 1542 4779
2 1542 4783
2 1543 1546
2 1543 1580
2 1543 1583
2 1543 2665
2 1543 2667
2 1543 2679
2 1543 2683
2 1543 4868
2 1543 4984
2 1544 1549
2 1544 1571
2 1544 1572
2 1544 2626
2 1544 4910
2 1544 4916
2 1544 4923
2 1545 1547
2 1545 2373
2 1545 2374
2 1545 2380
2 1545 2383
2 1545 2391
2 1545 4722
2 1545 4766
2 1545 4772
2 1546 1577
2 1546 1580
2 1546 1583
2 1546 2655
2 1546 2665
2 1546 2667
2 1546 4868
2 1546 4970
2 1546 4979
2 1547 1589
2 1547 1607
2 1547 2373
2 1547 2374
2 1547 2383
2 1547 2511
2 1547 2520
2 1547 2585
2 1547 2596
2 1547 2607
2 1547 4722
2 1547 4760
2 1547 4766
2 1547 4772
2 1547 4783
2 1547 4807
2 1548 1551
2 1548 1604
2 1548 1607
2 1548 1616
2 1548 2511
2 1548 4813
2 1548 4820
2 1549 1557
2 1549 1568
2 1549 1571
2 1549 2626
2 1549 2636
2 1549 2637
2 1549 4804
2 1549 4816
2 1549 4910
2 1549 4916
2 1549 4923
2 1549 4930
2 1549 4937
2 1550 1555
2 1550 2366
2 1550 2373
2 1550 2374
2 1550 4752
2 1550 4760
2 1551 1589
2 1551 1604
2 1551 1607
2 1551 2511
2 1551 2520
2 1551 2607
2 1551 4820
2 1551 4844
2 1552 1556
2 1552 1567
2 1552 1573
2 1552 1577
2 1552 1612
2 1552 2645
2 1552 2646
2 1552 2655
2 1552 2656
2 1552 2665
2 1552 2667
2 1552 4898
2 1552 4906
2 1552 4911
2 1552 4924
2 1552 4945
2 1552 4954
2 1552 4958
2 1552 4964
2 1553 1569
2 1553 1574
2 1553 1581
2 1553 1630
2 1553 1634
2 1553 2408
2 1553 2565
2 1553 2576
2 1553 2584
2 1553 2595
2 1553 2604
2 1553 2605
2 1553 2620
2 1553 4911
2 1553 4931
2 1553 4938
2 1553 4950
2 1553 4959
2 1554 1558
2 1554 2399
2 1554 2401
2 1554 4790
2 1554 4796
2 1554 4804
2 1555 1559
2 1555 2359
2 1555 2360
2 1555 2366
2 1555 2367
2 1555 2374
2 1555 2577
2 1555 2585
2 1555 4698
2 1555 4722
2 1555 4740
2 1555 4745
2 1555 4752
2 1555 4807
2 1556 1560
2 1556 1567
2 1556 1573
2 1556 1579
2 1556 1582
2 1556 2645
2 1556 2646
2 1556 2655
2 1556 2656
2 1556 4949
2 1556 4954
2 1556 4958
2 1557 1560
2 1557 1562
2 1557 1563
2 1557 1579
2 1557 1582
2 1557 2636
2 1557 2637
2 1557 4816
2 1557 4916
2 1557 4923
2 1557 4930
2 1557 4937
2 1557 4945
2 1557 4949
2 1558 1561
2 1558 1565
2 1558 2399
2 1558 2401
2 1558 4796
2 1558 4804
2 1559 2359
2 1559 2367
2 1559 4740
2 1559 4745
2 1559 4752
2 1560 1562
2 1560 1563
2 1560 1579
2 1560 2636
2 1560 2645
2 1560 2646
2 1560 4945
2 1560 4949
2 1561 1565
2 1561 2399
2 1561 2412
2 1561 4804
2 1561 4810
2 1561 4816
2 1562 1567
2 1562 1579
2 1562 1582
2 1562 2646
2 1562 4945
2 1562 4949
2 1562 4958
2 1562 4970
2 1563 1568
2 1563 2636
2 1563 2637
2 1563 2646
2 1563 4882
2 1563 4937
2 1563 4945
2 1564 2349
2 1564 2352
2 1564 2360
2 1564 4735
2 1565 1579
2 1565 1582
2 1565 1593
2 1565 2399
2 1565 2411
2 1565 2412
2 1565 4796
2 1565 4804
2 1565 4810
2 1565 4816
2 1565 4829
2 1565 4834
2 1566 2311
2 1566 2318
2 1566 2326
2 1566 2380
2 1566 2391
2 1566 2511
2 1566 2520
2 1566 4722
2 1566 4746
2 1567 2645
2 1567 2646
2 1567 4945
2 1567 4949
2 1567 4954
2 1567 4958
2 1568 1571
2 1568 2626
2 1568 2636
2 1568 2637
2 1568 2646
2 1568 4882
2 1568 4923
2 1568 4930
2 1568 4937
2 1569 1574
2 1569 1612
2 1569 2565
2 1569 2576
2 1569 2584
2 1569 4906
2 1569 4911
2 1569 4917
2 1569 4924
2 1569 4931
2 1570 1576
2 1570 1586
2 1570 2344
2 1570 2352
2 1570 2462
2 1570 2546
2 1570 2560
2 1570 2567
2 1570 4678
2 1570 4698
2 1570 4713
2 1570 4721
2 1570 4728
2 1571 1572
2 1571 2626
2 1571 2636
2 1571 4851
2 1571 4857
2 1571 4864
2 1571 4882
2 1571 4916
2 1571 4923
2 1571 4930
2 1572 1578
2 1572 2626
2 1572 4851
2 1572 4857
2 1572 4864
2 1572 4897
2 1572 4916
2 1573 1575
2 1573 1582
2 1573 2655
2 1573 2656
2 1573 4868
2 1573 4954
2 1573 4958
2 1573 4964
2 1573 4970
2 1574 1581
2 1574 1587
2 1574 1604
2 1574 2528
2 1574 2558
2 1574 2565
2 1574 2566
2 1574 2576
2 1574 2620
2 1574 4898
2 1574 4906
2 1574 4911
2 1575 1577
2 1575 2655
2 1575 2667
2 1575 4958
2 1575 4964
2 1575 4970
2 1576 1586
2 1576 2337
2 1576 2344
2 1576 2546
2 1576 4678
2 1576 4713
2 1576 4721
2 1577 1580
2 1577 1582
2 1577 2667
2 1577 4895
2 1577 4911
2 1577 4916
2 1577 4924
2 1577 4931
2 1577 4938
2 1577 4945
2 1577 4958
2 1577 4964
2 1577 4970
2 1577 4979
2 1577 4984
2 1577 4989
2 1577 4995
2 1577 4999
2 1577 5026
2 1577 5053
2 1578 1588
2 1578 2607
2 1578 2626
2 1578 4851
2 1578 4857
2 1578 4864
2 1578 4897
2 1578 4905
2 1578 4910
2 1578 4916
2 1579 1582
2 1579 2422
2 1579 2423
2 1579 2636
2 1579 2645
2 1579 4816
2 1579 4823
2 1579 4829
2 1579 4834
2 1579 4945
2 1579 4949
2 1580 1582
2 1580 1583
2 1580 2665
2 1580 2667
2 1580 4868
2 1580 4874
2 1580 4879
2 1580 4895
2 1580 4970
2 1580 4979
2 1580 4984
2 1580 4995
2 1580 4999
2 1580 5026
2 1581 2357
2 1581 2440
2 1581 2528
2 1581 2545
2 1581 2557
2 1581 2558
2 1581 2565
2 1581 2566
2 1581 2620
2 1581 4797
2 1581 4898
2 1582 1584
2 1582 1593
2 1582 1598
2 1582 1637
2 1582 2434
2 1582 2645
2 1582 2655
2 1582 4721
2 1582 4796
2 1582 4816
2 1582 4834
2 1582 4839
2 1582 4847
2 1582 4859
2 1582 4868
2 1582 4879
2 1582 4895
2 1582 4916
2 1582 4945
2 1582 4946
2 1582 4949
2 1582 4954
2 1582 4970
2 1582 5026
2 1583 1600
2 1583 2679
2 1583 2683
2 1583 4868
2 1583 4874
2 1583 4879
2 1583 4984
2 1583 4989
2 1583 4995
2 1583 4999
2 1584 1593
2 1584 2422
2 1584 2431
2 1584 2434
2 1584 4834
2 1584 4839
2 1584 4847
2 1585 1586
2 1585 2278
2 1585 2327
2 1585 2337
2 1585 2344
2 1585 4706
2 1585 4713
2 1586 1624
2 1586 2319
2 1586 2321
2 1586 2327
2 1586 2330
2 1586 2337
2 1586 2462
2 1586 2531
2 1586 2538
2 1586 2546
2 1586 4663
2 1586 4670
2 1586 4678
2 1586 4693
2 1586 4706
2 1586 4713
2 1587 1604
2 1587 2528
2 1587 2545
2 1587 2557
2 1587 2558
2 1587 4851
2 1587 4857
2 1587 4882
2 1587 4898
2 1588 1604
2 1588 2607
2 1588 2608
2 1588 4851
2 1588 4891
2 1588 4897
2 1589 1594
2 1589 1604
2 1589 1607
2 1589 2374
2 1589 2511
2 1589 2585
2 1589 2596
2 1589 2599
2 1589 2607
2 1589 2608
2 1589 4807
2 1589 4813
2 1589 4820
2 1589 4881
2 1590 1592
2 1590 1628
2 1590 1638
2 1590 2197
2 1590 2278
2 1590 2280
2 1590 2297
2 1590 2311
2 1590 2318
2 1590 2357
2 1590 2482
2 1590 2528
2 1590 4678
2 1590 4698
2 1591 2336
2 1591 2357
2 1591 2526
2 1591 2528
2 1591 2535
2 1591 2545
2 1591 4746
2 1591 4851
2 1591 4857
2 1591 4864
2 1592 1628
2 1592 1638
2 1592 2278
2 1592 2280
2 1592 2473
2 1592 2482
2 1592 4670
2 1592 4678
2 1592 4698
2 1593 1598
2 1593 2380
2 1593 2399
2 1593 2422
2 1593 2431
2 1593 2441
2 1593 4834
2 1593 4847
2 1593 4859
2 1593 4946
2 1594 1597
2 1594 1601
2 1594 2577
2 1594 2585
2 1594 2587
2 1594 2599
2 1594 4807
2 1594 4813
2 1594 4820
2 1594 4862
2 1594 4863
2 1594 4871
2 1594 4877
2 1595 1599
2 1595 1675
2 1595 2298
2 1595 2301
2 1595 2312
2 1595 2321
2 1595 2436
2 1595 2514
2 1595 4622
2 1595 4627
2 1595 4642
2 1595 4662
2 1595 4677
2 1596 1600
2 1596 2687
2 1596 4995
2 1596 4999
2 1597 1601
2 1597 2567
2 1597 2577
2 1597 2585
2 1597 2587
2 1597 4752
2 1597 4843
2 1597 4850
2 1597 4856
2 1597 4862
2 1597 4863
2 1598 1609
2 1598 1637
2 1598 1700
2 1598 2380
2 1598 2399
2 1598 2422
2 1598 2431
2 1598 2441
2 1598 2442
2 1598 2454
2 1598 4859
2 1598 4868
2 1598 4874
2 1598 4879
2 1598 4895
2 1598 4927
2 1598 4946
2 1599 2251
2 1599 2281
2 1599 2291
2 1599 2298
2 1599 2301
2 1599 2312
2 1599 2319
2 1599 4622
2 1599 4627
2 1599 4662
2 1599 4677
2 1600 1603
2 1600 2686
2 1600 2687
2 1600 4874
2 1600 4879
2 1600 4895
2 1600 4989
2 1600 4995
2 1600 4999
2 1601 1602
2 1601 1605
2 1601 2568
2 1601 2577
2 1601 2579
2 1601 4787
2 1601 4807
2 1601 4813
2 1601 4826
2 1601 4836
2 1601 4850
2 1601 4856
2 1601 4862
2 1602 1605
2 1602 2567
2 1602 2577
2 1602 2579
2 1602 4836
2 1602 4843
2 1602 4850
2 1603 1608
2 1603 2686
2 1603 4895
2 1603 4999
2 1603 5005
2 1603 5009
2 1604 1616
2 1604 1649
2 1604 2489
2 1604 2511
2 1604 2520
2 1604 2528
2 1604 2607
2 1604 2608
2 1604 2620
2 1604 4710
2 1604 4777
2 1604 4813
2 1604 4820
2 1604 4844
2 1604 4851
2 1604 4898
2 1604 5192
2 1605 2560
2 1605 2567
2 1605 2568
2 1605 2577
2 1605 2579
2 1605 4787
2 1605 4836
2 1605 4843
2 1605 4850
2 1606 1610
2 1606 2291
2 1606 2293
2 1606 4647
2 1606 4650
2 1606 4656
2 1607 2499
2 1607 2511
2 1607 2520
2 1607 2596
2 1607 2607
2 1607 4807
2 1607 4820
2 1608 1617
2 1608 2699
2 1608 2700
2 1608 2714
2 1608 4995
2 1608 4999
2 1608 5005
2 1608 5009
2 1608 5026
2 1609 1615
2 1609 1627
2 1609 1637
2 1609 2454
2 1609 4874
2 1609 4879
2 1609 4885
2 1609 4895
2 1610 1614
2 1610 2281
2 1610 2287
2 1610 2291
2 1610 2293
2 1610 4647
2 1611 1649
2 1611 1662
2 1611 2220
2 1611 2238
2 1611 2245
2 1611 2251
2 1611 2259
2 1611 2278
2 1611 2280
2 1611 2319
2 1611 2327
2 1611 4627
2 1611 4642
2 1611 4663
2 1612 2442
2 1612 2456
2 1612 2576
2 1612 2584
2 1612 2655
2 1612 2665
2 1612 4797
2 1612 4906
2 1612 4911
2 1612 4917
2 1612 4924
2 1613 1621
2 1613 2560
2 1613 2568
2 1613 4777
2 1613 4787
2 1613 4819
2 1613 4826
2 1613 4832
2 1613 4836
2 1614 1618
2 1614 1674
2 1614 2270
2 1614 2281
2 1614 2287
2 1614 2293
2 1614 2483
2 1614 4580
2 1614 4599
2 1614 4605
2 1614 4634
2 1614 4641
2 1614 4647
2 1614 4656
2 1614 4681
2 1615 1627
2 1615 2454
2 1615 2459
2 1615 2461
2 1615 4879
2 1615 4885
2 1615 4895
2 1616 1620
2 1616 2297
2 1616 2318
2 1616 2489
2 1616 2499
2 1616 2511
2 1616 2528
2 1616 4807
2 1616 4813
2 1616 4820
2 1617 1619
2 1617 2700
2 1617 2713
2 1617 2714
2 1617 4959
2 1617 4971
2 1617 4995
2 1617 5009
2 1617 5019
2 1617 5026
2 1617 5053
2 1618 2269
2 1618 2270
2 1618 2281
2 1618 2283
2 1618 4580
2 1618 4621
2 1618 4634
2 1618 4641
2 1619 1625
2 1619 2712
2 1619 2713
2 1619 2714
2 1619 2732
2 1619 4959
2 1619 4971
2 1619 4995
2 1619 5000
2 1619 5026
2 1619 5035
2 1619 5042
2 1619 5053
2 1620 2297
2 1620 2482
2 1620 2489
2 1620 2499
2 1620 4698
2 1620 4807
2 1621 1622
2 1621 2538
2 1621 2539
2 1621 2546
2 1621 2547
2 1621 2560
2 1621 4756
2 1621 4777
2 1621 4819
2 1621 4826
2 1622 2538
2 1622 2539
2 1622 4802
2 1623 2252
2 1623 2260
2 1623 2269
2 1623 2270
2 1623 2281
2 1623 4611
2 1623 4621
2 1624 1626
2 1624 1636
2 1624 2321
2 1624 2522
2 1624 2531
2 1624 2538
2 1624 2539
2 1624 4799
2 1624 4802
2 1625 1631
2 1625 2732
2 1625 5026
2 1625 5035
2 1625 5042
2 1626 1636
2 1626 2531
2 1626 2532
2 1626 2539
2 1626 4750
2 1626 4756
2 1626 4776
2 1626 4777
2 1626 4786
2 1626 4793
2 1626 4799
2 1626 4826
2 1627 1633
2 1627 1637
2 1627 2454
2 1627 2459
2 1627 2468
2 1627 2469
2 1627 4895
2 1627 4927
2 1628 1632
2 1628 1638
2 1628 1645
2 1628 1649
2 1628 1778
2 1628 1849
2 1628 2197
2 1628 2280
2 1628 2297
2 1628 2318
2 1628 2322
2 1628 2354
2 1628 2357
2 1628 2414
2 1628 2440
2 1628 2473
2 1628 2482
2 1628 2489
2 1628 2528
2 1628 2551
2 1628 2729
2 1628 3767
2 1628 4777
2 1628 4787
2 1629 1635
2 1629 1674
2 1629 2209
2 1629 2252
2 1629 2260
2 1629 2263
2 1629 2269
2 1629 2270
2 1629 2362
2 1629 2444
2 1629 2457
2 1629 2464
2 1629 4540
2 1629 4547
2 1629 4580
2 1629 4604
2 1629 4611
2 1629 4667
2 1630 1634
2 1630 2595
2 1630 2679
2 1630 2686
2 1630 4938
2 1630 4950
2 1630 4959
2 1631 1639
2 1631 1640
2 1631 2732
2 1631 2744
2 1631 4941
2 1631 4946
2 1631 5035
2 1631 5042
2 1631 5047
2 1632 2473
2 1632 4777
2 1633 1637
2 1633 2468
2 1633 2469
2 1633 2699
2 1633 2712
2 1633 4895
2 1633 4913
2 1633 4920
2 1633 4927
2 1633 4934
2 1633 4946
2 1633 5009
2 1633 5019
2 1633 5026
2 1633 5035
2 1634 2595
2 1634 2605
2 1634 4938
2 1634 4950
2 1634 4959
2 1635 1642
2 1635 1646
2 1635 2246
2 1635 2252
2 1635 2256
2 1635 2263
2 1635 2362
2 1635 2444
2 1635 4540
2 1635 4547
2 1635 4585
2 1635 4595
2 1636 1652
2 1636 2514
2 1636 2522
2 1636 2531
2 1636 2532
2 1636 4710
2 1636 4776
2 1636 4786
2 1637 1641
2 1637 2454
2 1637 2468
2 1637 2477
2 1637 2480
2 1637 4895
2 1637 4913
2 1637 4920
2 1637 4927
2 1637 4946
2 1638 1645
2 1638 1649
2 1638 2280
2 1638 2462
2 1638 2473
2 1638 2482
2 1638 4670
2 1638 4678
2 1638 4777
2 1639 1640
2 1639 1644
2 1639 2744
2 1639 4941
2 1639 4946
2 1639 5035
2 1639 5042
2 1639 5047
2 1639 5053
2 1639 5065
2 1640 1644
2 1640 2744
2 1640 4941
2 1640 4946
2 1640 4955
2 1640 5047
2 1640 5053
2 1641 2477
2 1641 4920
2 1641 4927
2 1642 1646
2 1642 2246
2 1642 2252
2 1642 2256
2 1642 4540
2 1642 4595
2 1643 2220
2 1643 2238
2 1643 2245
2 1643 2281
2 1643 2414
2 1643 4599
2 1643 4605
2 1644 1648
2 1644 2744
2 1644 4941
2 1644 4946
2 1644 4955
2 1644 5053
2 1644 5058
2 1644 5065
2 1645 1649
2 1645 2462
2 1645 4756
2 1645 4777
2 1646 2246
2 1646 2247
2 1646 2362
2 1646 2444
2 1646 4540
2 1646 4547
2 1646 4585
2 1647 1652
2 1647 2301
2 1647 2500
2 1647 2514
2 1647 2515
2 1647 4656
2 1647 4662
2 1647 4755
2 1647 4763
2 1647 4769
2 1648 1653
2 1648 2744
2 1648 2756
2 1648 4955
2 1648 5053
2 1648 5058
2 1648 5065
2 1649 1662
2 1649 1778
2 1649 1849
2 1649 2245
2 1649 2280
2 1649 2322
2 1649 2354
2 1649 2414
2 1649 2462
2 1649 2489
2 1649 2528
2 1649 2620
2 1649 2729
2 1649 4642
2 1649 4663
2 1649 4710
2 1649 4750
2 1649 4756
2 1649 4777
2 1650 2487
2 1650 2488
2 1650 4927
2 1650 4934
2 1650 4941
2 1650 4946
2 1651 1654
2 1651 2239
2 1651 2247
2 1651 4579
2 1651 4585
2 1652 1658
2 1652 2490
2 1652 2500
2 1652 2502
2 1652 2514
2 1652 2515
2 1652 4710
2 1652 4749
2 1652 4755
2 1652 4763
2 1652 4776
2 1653 1655
2 1653 1660
2 1653 2756
2 1653 2769
2 1653 2798
2 1653 5053
2 1653 5058
2 1653 5065
2 1653 5070
2 1653 5079
2 1654 2230
2 1654 2239
2 1654 2246
2 1654 2247
2 1654 2362
2 1654 2426
2 1654 2439
2 1654 4540
2 1654 4568
2 1654 4579
2 1654 4585
2 1655 1657
2 1655 1660
2 1655 5053
2 1655 5065
2 1655 5070
2 1655 5079
2 1656 1658
2 1656 2500
2 1656 2502
2 1656 4749
2 1656 4755
2 1657 1660
2 1657 1669
2 1657 2767
2 1657 2769
2 1657 4975
2 1657 5065
2 1657 5070
2 1657 5079
2 1657 5084
2 1658 1661
2 1658 2293
2 1658 2483
2 1658 2490
2 1658 2500
2 1658 2502
2 1658 4701
2 1658 4710
2 1658 4743
2 1658 4749
2 1659 2226
2 1659 2230
2 1659 2231
2 1659 4561
2 1659 4568
2 1660 1665
2 1660 1669
2 1660 2767
2 1660 2769
2 1660 2798
2 1660 4975
2 1660 5026
2 1660 5053
2 1660 5065
2 1660 5079
2 1660 5084
2 1660 5117
2 1660 5147
2 1661 1668
2 1661 1674
2 1661 2483
2 1661 2490
2 1661 4681
2 1661 4701
2 1661 4743
2 1662 1672
2 1662 2245
2 1662 2259
2 1662 2280
2 1662 2414
2 1662 2436
2 1662 4642
2 1662 4710
2 1662 4750
2 1663 1666
2 1663 2406
2 1663 2408
2 1663 2430
2 1663 2459
2 1663 2461
2 1663 2468
2 1663 2477
2 1663 2480
2 1663 2487
2 1663 2488
2 1663 2595
2 1663 2604
2 1663 2616
2 1663 4840
2 1663 4853
2 1664 1667
2 1664 4946
2 1664 4952
2 1664 4955
2 1664 4961
2 1665 1669
2 1665 2767
2 1665 2769
2 1665 2778
2 1665 2798
2 1665 5084
2 1666 2406
2 1666 2408
2 1666 2430
2 1666 2477
2 1666 2487
2 1666 2616
2 1667 2495
2 1667 2508
2 1667 2509
2 1667 4946
2 1667 4952
2 1667 4955
2 1667 4961
2 1668 2483
2 1668 2490
2 1668 4725
2 1668 4730
2 1668 4738
2 1669 1683
2 1669 2767
2 1669 2778
2 1669 2794
2 1669 4975
2 1669 4991
2 1669 5084
2 1669 5091
2 1669 5098
2 1670 2222
2 1670 2226
2 1670 2228
2 1670 2231
2 1670 4553
2 1671 2197
2 1671 2200
2 1671 2209
2 1671 2220
2 1671 2354
2 1671 2376
2 1671 2384
2 1671 2394
2 1671 4547
2 1671 4580
2 1672 1675
2 1672 2245
2 1672 2414
2 1672 2420
2 1672 2425
2 1672 2436
2 1672 4642
2 1672 4710
2 1673 1678
2 1673 1695
2 1673 2620
2 1673 2631
2 1673 2633
2 1673 5000
2 1673 5010
2 1673 5020
2 1674 1677
2 1674 2270
2 1674 2464
2 1674 2483
2 1674 2490
2 1674 4611
2 1674 4621
2 1674 4634
2 1674 4667
2 1674 4681
2 1674 4718
2 1674 4725
2 1674 4730
2 1675 1680
2 1675 2245
2 1675 2293
2 1675 2301
2 1675 2420
2 1675 2425
2 1675 2436
2 1675 2500
2 1675 2514
2 1675 4605
2 1675 4622
2 1675 4710
2 1676 1702
2 1676 2154
2 1676 2168
2 1676 2178
2 1676 2191
2 1676 2202
2 1676 2212
2 1676 2218
2 1676 2222
2 1676 2226
2 1676 2239
2 1676 4480
2 1676 4493
2 1676 4501
2 1676 4532
2 1677 1682
2 1677 1694
2 1677 2464
2 1677 4659
2 1677 4667
2 1677 4681
2 1677 4709
2 1677 4716
2 1677 4718
2 1677 4725
2 1678 2631
2 1678 2643
2 1678 2744
2 1678 2756
2 1678 4902
2 1678 5000
2 1678 5010
2 1679 1683
2 1679 1691
2 1679 2796
2 1679 2798
2 1679 5084
2 1679 5098
2 1679 5104
2 1679 5117
2 1680 2414
2 1680 2420
2 1680 4605
2 1680 4701
2 1681 1685
2 1681 2202
2 1681 2212
2 1681 2214
2 1681 4518
2 1682 1686
2 1682 1689
2 1682 2457
2 1682 2464
2 1682 4659
2 1682 4667
2 1682 4709
2 1683 1687
2 1683 1691
2 1683 1711
2 1683 1714
2 1683 1734
2 1683 2794
2 1683 4991
2 1683 5003
2 1683 5028
2 1683 5084
2 1683 5098
2 1683 5104
2 1683 5111
2 1683 5117
2 1683 5133
2 1684 1688
2 1684 1694
2 1684 2402
2 1684 2414
2 1684 4681
2 1684 4701
2 1684 4710
2 1685 1690
2 1685 2202
2 1685 2203
2 1685 2212
2 1685 2214
2 1685 4500
2 1685 4507
2 1686 1689
2 1686 2444
2 1686 2457
2 1687 1691
2 1687 1703
2 1687 1711
2 1687 1714
2 1687 2794
2 1687 2811
2 1687 2812
2 1687 5111
2 1687 5117
2 1687 5130
2 1688 1694
2 1688 2220
2 1688 2394
2 1688 2402
2 1688 2414
2 1688 4580
2 1688 4599
2 1688 4681
2 1689 1693
2 1689 2444
2 1689 2445
2 1689 2457
2 1689 4638
2 1689 4659
2 1689 4690
2 1689 4709
2 1690 1696
2 1690 1701
2 1690 1748
2 1690 2185
2 1690 2191
2 1690 2193
2 1690 2202
2 1690 2203
2 1690 2214
2 1690 2370
2 1690 2387
2 1690 4479
2 1690 4486
2 1690 4492
2 1690 4500
2 1690 4564
2 1691 1699
2 1691 1703
2 1691 1714
2 1691 2811
2 1691 2828
2 1691 5028
2 1691 5084
2 1691 5117
2 1691 5123
2 1691 5130
2 1691 5133
2 1691 5147
2 1692 1698
2 1692 1700
2 1692 2508
2 1692 2516
2 1692 2523
2 1692 2525
2 1692 4946
2 1692 4975
2 1692 4991
2 1692 4992
2 1693 1707
2 1693 2362
2 1693 2428
2 1693 2439
2 1693 2444
2 1693 2445
2 1693 4638
2 1693 4658
2 1693 4659
2 1693 4673
2 1693 4684
2 1693 4690
2 1694 2354
2 1694 2376
2 1694 2384
2 1694 2394
2 1694 2402
2 1694 2414
2 1694 4659
2 1694 4667
2 1694 4674
2 1694 4681
2 1694 4701
2 1694 4710
2 1694 4725
2 1695 2653
2 1695 2662
2 1695 2767
2 1695 2769
2 1695 2798
2 1695 5000
2 1695 5020
2 1695 5048
2 1696 1701
2 1696 2180
2 1696 2185
2 1696 2191
2 1696 2193
2 1696 4472
2 1696 4486
2 1697 2426
2 1697 2439
2 1697 2444
2 1697 4561
2 1697 4579
2 1697 4585
2 1697 4680
2 1697 4684
2 1698 1700
2 1698 2794
2 1698 4991
2 1698 4992
2 1698 5003
2 1699 1703
2 1699 2828
2 1699 5123
2 1699 5130
2 1699 5133
2 1700 1706
2 1700 1711
2 1700 1720
2 1700 1724
2 1700 1745
2 1700 1749
2 1700 2380
2 1700 2454
2 1700 2508
2 1700 2523
2 1700 2534
2 1700 2540
2 1700 4927
2 1700 4946
2 1700 4975
2 1700 4991
2 1700 4992
2 1700 5003
2 1700 5007
2 1700 5016
2 1700 5028
2 1700 5038
2 1700 5061
2 1700 5068
2 1700 5172
2 1701 1704
2 1701 2181
2 1701 2185
2 1701 2193
2 1701 2355
2 1701 2370
2 1701 4461
2 1701 4472
2 1701 4479
2 1701 4486
2 1702 2154
2 1702 2159
2 1702 2168
2 1702 2212
2 1702 4480
2 1702 4493
2 1703 1714
2 1703 1718
2 1703 1734
2 1703 2827
2 1703 2841
2 1703 5028
2 1703 5038
2 1703 5130
2 1703 5133
2 1703 5140
2 1703 5147
2 1703 5152
2 1704 1705
2 1704 2180
2 1704 2181
2 1704 2185
2 1704 2355
2 1704 4467
2 1704 4472
2 1705 1708
2 1705 1710
2 1705 2118
2 1705 2169
2 1705 2180
2 1705 2181
2 1705 4406
2 1705 4467
2 1706 1711
2 1706 2534
2 1706 2540
2 1706 5003
2 1706 5007
2 1707 1709
2 1707 2426
2 1707 2428
2 1707 4658
2 1707 4666
2 1707 4673
2 1708 1710
2 1708 2169
2 1708 2180
2 1708 2181
2 1708 4461
2 1709 1719
2 1709 2228
2 1709 2339
2 1709 2405
2 1709 2426
2 1709 2428
2 1709 4658
2 1710 1712
2 1710 2169
2 1710 2171
2 1710 2181
2 1710 2341
2 1710 2347
2 1710 4406
2 1710 4461
2 1710 4497
2 1710 4529
2 1711 1714
2 1711 1720
2 1711 2544
2 1711 2794
2 1711 5003
2 1711 5007
2 1711 5028
2 1711 5111
2 1712 2155
2 1712 2163
2 1712 2164
2 1712 2169
2 1712 2171
2 1712 4392
2 1712 4406
2 1712 4450
2 1712 4451
2 1712 4490
2 1713 2058
2 1713 2098
2 1713 2118
2 1713 2138
2 1713 2145
2 1713 2147
2 1713 2154
2 1713 2178
2 1713 2180
2 1713 2191
2 1713 2197
2 1713 2202
2 1714 1717
2 1714 1720
2 1714 2541
2 1714 2544
2 1714 2794
2 1714 2811
2 1714 5003
2 1714 5007
2 1714 5016
2 1714 5023
2 1714 5028
2 1714 5130
2 1715 1718
2 1715 2842
2 1715 2845
2 1715 5147
2 1715 5152
2 1716 2450
2 1716 2508
2 1716 2509
2 1716 2516
2 1716 2523
2 1716 4902
2 1716 4928
2 1716 4947
2 1717 1720
2 1717 2541
2 1717 5007
2 1717 5016
2 1717 5023
2 1718 1727
2 1718 1730
2 1718 1734
2 1718 2841
2 1718 5038
2 1718 5056
2 1718 5133
2 1718 5140
2 1718 5147
2 1718 5152
2 1718 5156
2 1718 5169
2 1718 5191
2 1719 1721
2 1719 1733
2 1719 2218
2 1719 2222
2 1719 2228
2 1719 2339
2 1719 2404
2 1719 2405
2 1719 2415
2 1719 2426
2 1719 4546
2 1719 4644
2 1720 1724
2 1720 1745
2 1720 2540
2 1720 5003
2 1720 5007
2 1720 5016
2 1720 5023
2 1720 5028
2 1720 5038
2 1721 1723
2 1721 1733
2 1721 2395
2 1721 2404
2 1721 2405
2 1721 4637
2 1721 4644
2 1722 2339
2 1722 2346
2 1722 2354
2 1722 2362
2 1722 2426
2 1722 2428
2 1722 2439
2 1722 4638
2 1723 2395
2 1723 2404
2 1723 2405
2 1723 4630
2 1723 4637
2 1724 1745
2 1724 2540
2 1724 2554
2 1724 2555
2 1724 5016
2 1724 5023
2 1724 5028
2 1724 5031
2 1724 5038
2 1724 5061
2 1725 2139
2 1725 2147
2 1725 2155
2 1725 2156
2 1725 4424
2 1725 4430
2 1726 2377
2 1726 2387
2 1726 2388
2 1726 2395
2 1726 2405
2 1726 4571
2 1726 4576
2 1726 4608
2 1726 4618
2 1726 4630
2 1726 4637
2 1727 1730
2 1727 2859
2 1727 5156
2 1727 5169
2 1728 1732
2 1728 2387
2 1728 2388
2 1728 4614
2 1728 4618
2 1729 1731
2 1729 2139
2 1729 2141
2 1729 4412
2 1729 4423
2 1730 1734
2 1730 2857
2 1730 2858
2 1730 2859
2 1730 2876
2 1730 5147
2 1730 5169
2 1730 5175
2 1730 5180
2 1730 5191
2 1731 1735
2 1731 1767
2 1731 2130
2 1731 2139
2 1731 2141
2 1731 2155
2 1731 2243
2 1731 2306
2 1731 2315
2 1731 2324
2 1731 4391
2 1731 4392
2 1731 4411
2 1731 4418
2 1731 4490
2 1732 2370
2 1732 2377
2 1732 2387
2 1732 2388
2 1732 4500
2 1732 4602
2 1732 4614
2 1733 2218
2 1733 2314
2 1733 2322
2 1733 2331
2 1733 2339
2 1733 2387
2 1733 2395
2 1733 2404
2 1733 2405
2 1733 4480
2 1733 4576
2 1734 1737
2 1734 1749
2 1734 1764
2 1734 1789
2 1734 2841
2 1734 2857
2 1734 2873
2 1734 4721
2 1734 4946
2 1734 4975
2 1734 4991
2 1734 5026
2 1734 5038
2 1734 5053
2 1734 5056
2 1734 5076
2 1734 5081
2 1734 5084
2 1734 5094
2 1734 5133
2 1734 5147
2 1734 5156
2 1734 5169
2 1734 5175
2 1734 5180
2 1734 5185
2 1734 5191
2 1734 5199
2 1734 5213
2 1734 5240
2 1734 5263
2 1735 1738
2 1735 1767
2 1735 2058
2 1735 2123
2 1735 2130
2 1735 2139
2 1735 2243
2 1735 2306
2 1735 4325
2 1735 4391
2 1735 4392
2 1735 4397
2 1735 4405
2 1735 4411
2 1736 1740
2 1736 1745
2 1736 2554
2 1736 2562
2 1736 2563
2 1736 5038
2 1736 5044
2 1737 1764
2 1737 2857
2 1737 2873
2 1737 2876
2 1737 5175
2 1737 5180
2 1737 5185
2 1738 1741
2 1738 1746
2 1738 2110
2 1738 2119
2 1738 2123
2 1738 2243
2 1738 2289
2 1738 2296
2 1738 2306
2 1738 4325
2 1738 4379
2 1738 4386
2 1738 4391
2 1738 4447
2 1739 2355
2 1739 2370
2 1739 4461
2 1739 4588
2 1739 4592
2 1740 1745
2 1740 2562
2 1740 2563
2 1740 2841
2 1740 5031
2 1740 5038
2 1740 5044
2 1740 5050
2 1741 1746
2 1741 2110
2 1741 2119
2 1741 4379
2 1741 4386
2 1742 1751
2 1742 2695
2 1742 2698
2 1742 2811
2 1742 2812
2 1742 2827
2 1742 2828
2 1742 4976
2 1742 4986
2 1742 5048
2 1742 5085
2 1743 2091
2 1743 2100
2 1743 2110
2 1743 2111
2 1743 2119
2 1743 4368
2 1743 4373
2 1744 1747
2 1744 2341
2 1744 2347
2 1744 4461
2 1744 4582
2 1745 1749
2 1745 1789
2 1745 2540
2 1745 2554
2 1745 2562
2 1745 2569
2 1745 2573
2 1745 4946
2 1745 5038
2 1745 5044
2 1745 5050
2 1745 5056
2 1745 5061
2 1745 5068
2 1745 5172
2 1746 1801
2 1746 2100
2 1746 2101
2 1746 2110
2 1746 2111
2 1746 2223
2 1746 2277
2 1746 2286
2 1746 2289
2 1746 2296
2 1746 4316
2 1746 4325
2 1746 4363
2 1746 4368
2 1746 4373
2 1746 4379
2 1746 4433
2 1746 4447
2 1746 4483
2 1747 1752
2 1747 2334
2 1747 2341
2 1747 2342
2 1747 2347
2 1747 2355
2 1747 4497
2 1747 4522
2 1747 4529
2 1747 4556
2 1747 4582
2 1748 1753
2 1748 2284
2 1748 2294
2 1748 2302
2 1748 2370
2 1748 4438
2 1748 4550
2 1748 4557
2 1748 4564
2 1749 1764
2 1749 1789
2 1749 1812
2 1749 2569
2 1749 2573
2 1749 4721
2 1749 4946
2 1749 5038
2 1749 5050
2 1749 5056
2 1749 5061
2 1749 5068
2 1749 5072
2 1749 5076
2 1749 5094
2 1749 5172
2 1749 5263
2 1750 2091
2 1750 2092
2 1750 2101
2 1750 4356
2 1750 4363
2 1751 1754
2 1751 2709
2 1751 2711
2 1751 2729
2 1751 2827
2 1751 2841
2 1751 2842
2 1751 5048
2 1751 5085
2 1751 5112
2 1751 5117
2 1751 5147
2 1751 5192
2 1752 2333
2 1752 2334
2 1752 2341
2 1752 2342
2 1752 4556
2 1753 1757
2 1753 2284
2 1753 2294
2 1753 2302
2 1753 2322
2 1753 4438
2 1753 4522
2 1753 4529
2 1753 4550
2 1753 4557
2 1754 1775
2 1754 2709
2 1754 2711
2 1754 2729
2 1754 2841
2 1754 2842
2 1754 2857
2 1754 4986
2 1754 5085
2 1754 5112
2 1755 1756
2 1755 2083
2 1755 2091
2 1755 2092
2 1755 2100
2 1755 4345
2 1755 4349
2 1755 4356
2 1755 4363
2 1756 2083
2 1756 2084
2 1756 2092
2 1756 4345
2 1756 4349
2 1757 1768
2 1757 2273
2 1757 2284
2 1757 4522
2 1757 4550
2 1757 4557
2 1758 1761
2 1758 1765
2 1758 2074
2 1758 2079
2 1758 2083
2 1758 2084
2 1758 4286
2 1758 4324
2 1758 4339
2 1759 1760
2 1759 2315
2 1759 2324
2 1759 4528
2 1759 4536
2 1760 1762
2 1760 1767
2 1760 1773
2 1760 2315
2 1760 2324
2 1760 2334
2 1760 4470
2 1760 4510
2 1760 4521
2 1760 4528
2 1761 1765
2 1761 2074
2 1761 2079
2 1761 4323
2 1761 4324
2 1761 4333
2 1762 1767
2 1762 1773
2 1762 2307
2 1762 2315
2 1762 4510
2 1762 4515
2 1762 4521
2 1763 1766
2 1763 1770
2 1763 1780
2 1763 1793
2 1763 2892
2 1763 2906
2 1763 5191
2 1763 5192
2 1763 5203
2 1763 5208
2 1763 5213
2 1763 5224
2 1763 5234
2 1763 5240
2 1764 2580
2 1764 2582
2 1764 2594
2 1764 2857
2 1764 2873
2 1764 5056
2 1764 5061
2 1764 5068
2 1764 5072
2 1764 5076
2 1764 5081
2 1764 5199
2 1765 1769
2 1765 2059
2 1765 2065
2 1765 2074
2 1765 2083
2 1765 2091
2 1765 4286
2 1765 4315
2 1765 4323
2 1765 4324
2 1766 1770
2 1766 2888
2 1766 2905
2 1766 2906
2 1766 5081
2 1766 5088
2 1766 5102
2 1766 5127
2 1766 5199
2 1766 5203
2 1766 5208
2 1766 5213
2 1766 5224
2 1767 1773
2 1767 2243
2 1767 2306
2 1767 2307
2 1767 2315
2 1767 4418
2 1767 4464
2 1767 4470
2 1767 4510
2 1767 4515
2 1768 1774
2 1768 1778
2 1768 1849
2 1768 2098
2 1768 2273
2 1768 2284
2 1768 2322
2 1768 4353
2 1768 4392
2 1768 4398
2 1768 4433
2 1768 4470
2 1768 4476
2 1768 4490
2 1768 4497
2 1768 4522
2 1768 4557
2 1769 1777
2 1769 1818
2 1769 2065
2 1769 2067
2 1769 2074
2 1769 2084
2 1769 2194
2 1769 2244
2 1769 2257
2 1769 4261
2 1769 4286
2 1769 4315
2 1769 4323
2 1769 4333
2 1770 1780
2 1770 2905
2 1770 2906
2 1770 5213
2 1770 5224
2 1770 5234
2 1771 1777
2 1771 2059
2 1771 2065
2 1771 2067
2 1771 4310
2 1772 1776
2 1772 2594
2 1772 5072
2 1772 5076
2 1772 5081
2 1772 5094
2 1773 1785
2 1773 2243
2 1773 2289
2 1773 2290
2 1773 2296
2 1773 2306
2 1773 2307
2 1773 4433
2 1773 4447
2 1773 4464
2 1773 4470
2 1773 4475
2 1773 4496
2 1773 4504
2 1773 4510
2 1774 1778
2 1774 2249
2 1774 4392
2 1774 4490
2 1775 1796
2 1775 2485
2 1775 2493
2 1775 2504
2 1775 2505
2 1775 2554
2 1775 2562
2 1775 2563
2 1775 2569
2 1775 2709
2 1775 2729
2 1775 2740
2 1775 4986
2 1775 5112
2 1776 1789
2 1776 2592
2 1776 5068
2 1776 5072
2 1776 5081
2 1776 5088
2 1776 5094
2 1777 1781
2 1777 1827
2 1777 2059
2 1777 2060
2 1777 2065
2 1777 2067
2 1777 2244
2 1777 4261
2 1777 4298
2 1777 4310
2 1777 4366
2 1777 4415
2 1778 1801
2 1778 1815
2 1778 1849
2 1778 2025
2 1778 2058
2 1778 2098
2 1778 2159
2 1778 2197
2 1778 2223
2 1778 2243
2 1778 2249
2 1778 2284
2 1778 2322
2 1778 2440
2 1778 2729
2 1778 3767
2 1778 4392
2 1778 4433
2 1778 4447
2 1778 4464
2 1778 4470
2 1778 4476
2 1778 5355
2 1779 1783
2 1779 1787
2 1779 1796
2 1779 2580
2 1779 2582
2 1779 2740
2 1779 2741
2 1779 2857
2 1779 2873
2 1779 2888
2 1779 5039
2 1779 5112
2 1779 5148
2 1780 1782
2 1780 2922
2 1780 2923
2 1780 5176
2 1780 5224
2 1780 5230
2 1780 5234
2 1781 1786
2 1781 1827
2 1781 2054
2 1781 2055
2 1781 2059
2 1781 2060
2 1781 2172
2 1781 4261
2 1781 4292
2 1781 4298
2 1781 4366
2 1782 1784
2 1782 2922
2 1782 2943
2 1782 2944
2 1782 5127
2 1782 5136
2 1782 5224
2 1782 5230
2 1782 5234
2 1782 5240
2 1783 1787
2 1783 2740
2 1783 2741
2 1783 2755
2 1783 5039
2 1783 5148
2 1784 1792
2 1784 1810
2 1784 2943
2 1784 2944
2 1784 5234
2 1784 5240
2 1784 5246
2 1785 1788
2 1785 2286
2 1785 2289
2 1785 2290
2 1785 4433
2 1785 4483
2 1785 4489
2 1785 4496
2 1786 1790
2 1786 1791
2 1786 2054
2 1786 2055
2 1786 4261
2 1786 4285
2 1786 4292
2 1787 1793
2 1787 2729
2 1787 2741
2 1787 2755
2 1787 5112
2 1787 5148
2 1787 5157
2 1787 5192
2 1788 2286
2 1788 2289
2 1788 2290
2 1788 4475
2 1788 4483
2 1789 1797
2 1789 1812
2 1789 1817
2 1789 1822
2 1789 2592
2 1789 2600
2 1789 2612
2 1789 2614
2 1789 5068
2 1789 5094
2 1789 5102
2 1789 5107
2 1789 5120
2 1789 5127
2 1789 5172
2 1789 5213
2 1789 5224
2 1789 5240
2 1789 5263
2 1790 1791
2 1790 2050
2 1790 2054
2 1790 2055
2 1790 4279
2 1790 4285
2 1791 1795
2 1791 2050
2 1791 2054
2 1791 2055
2 1791 4228
2 1791 4261
2 1791 4279
2 1792 1804
2 1792 1810
2 1792 2942
2 1792 2957
2 1792 5234
2 1792 5240
2 1792 5246
2 1792 5254
2 1792 5263
2 1793 1800
2 1793 2766
2 1793 2774
2 1793 5112
2 1793 5148
2 1793 5157
2 1793 5164
2 1793 5176
2 1793 5191
2 1793 5192
2 1794 1798
2 1794 2277
2 1794 2286
2 1794 4349
2 1794 4356
2 1794 4363
2 1794 4458
2 1794 4469
2 1794 4475
2 1794 4483
2 1795 1799
2 1795 1803
2 1795 1829
2 1795 1854
2 1795 2047
2 1795 2050
2 1795 2055
2 1795 2172
2 1795 4228
2 1795 4261
2 1795 4266
2 1795 4272
2 1795 4279
2 1796 1805
2 1796 2504
2 1796 2505
2 1796 2569
2 1796 2580
2 1796 2582
2 1796 2592
2 1796 2594
2 1796 2740
2 1796 5039
2 1796 5045
2 1796 5112
2 1797 1802
2 1797 1806
2 1797 1812
2 1797 1817
2 1797 2612
2 1797 2614
2 1797 5120
2 1797 5127
2 1798 1807
2 1798 2084
2 1798 2101
2 1798 2264
2 1798 2277
2 1798 4349
2 1798 4402
2 1798 4433
2 1798 4458
2 1798 4469
2 1798 4475
2 1799 1803
2 1799 2047
2 1799 4266
2 1799 4272
2 1800 1809
2 1800 1816
2 1800 1820
2 1800 1830
2 1800 2766
2 1800 2888
2 1800 2905
2 1800 2906
2 1800 2922
2 1800 2923
2 1800 5157
2 1800 5164
2 1800 5170
2 1801 1815
2 1801 2058
2 1801 2223
2 1801 2243
2 1801 2249
2 1801 2289
2 1801 4325
2 1801 4433
2 1801 4447
2 1802 1806
2 1802 1812
2 1802 2612
2 1802 5120
2 1802 5127
2 1803 1808
2 1803 1829
2 1803 1854
2 1803 2003
2 1803 2036
2 1803 2041
2 1803 2047
2 1803 2206
2 1803 2217
2 1803 2219
2 1803 4228
2 1803 4246
2 1803 4252
2 1803 4260
2 1803 4266
2 1803 4330
2 1804 1810
2 1804 2956
2 1804 2957
2 1804 5254
2 1804 5263
2 1805 1816
2 1805 2533
2 1805 2740
2 1805 2755
2 1805 5039
2 1805 5045
2 1806 1812
2 1806 1817
2 1806 2612
2 1806 2622
2 1806 2623
2 1806 5127
2 1806 5136
2 1807 1811
2 1807 2257
2 1807 2264
2 1807 2266
2 1807 4402
2 1807 4454
2 1807 4458
2 1807 4469
2 1808 2003
2 1808 2033
2 1808 2036
2 1808 2041
2 1808 2043
2 1808 2047
2 1808 4198
2 1808 4228
2 1808 4252
2 1809 1814
2 1809 1820
2 1809 2774
2 1809 5164
2 1809 5170
2 1809 5176
2 1810 1821
2 1810 2956
2 1810 2957
2 1810 2974
2 1810 5234
2 1810 5240
2 1810 5263
2 1810 5266
2 1810 5274
2 1811 1818
2 1811 2257
2 1811 2264
2 1811 2266
2 1811 4333
2 1811 4349
2 1811 4441
2 1811 4446
2 1812 1817
2 1812 1822
2 1812 1831
2 1812 1836
2 1812 2622
2 1812 2623
2 1812 5127
2 1812 5136
2 1812 5143
2 1812 5172
2 1812 5224
2 1812 5240
2 1812 5263
2 1812 5367
2 1813 1849
2 1813 2010
2 1813 2019
2 1813 2025
2 1813 2054
2 1813 2172
2 1813 4253
2 1813 4261
2 1814 1820
2 1814 2774
2 1814 2793
2 1814 5170
2 1814 5176
2 1815 1835
2 1815 1849
2 1815 2025
2 1815 2058
2 1815 2205
2 1815 2223
2 1815 4316
2 1815 4402
2 1815 4433
2 1815 4447
2 1816 1830
2 1816 2533
2 1816 2755
2 1816 2766
2 1816 5039
2 1816 5045
2 1816 5157
2 1817 1822
2 1817 2612
2 1817 2622
2 1817 5136
2 1817 5143
2 1818 1823
2 1818 2244
2 1818 2250
2 1818 2257
2 1818 4315
2 1818 4323
2 1818 4333
2 1818 4376
2 1818 4415
2 1818 4441
2 1819 1826
2 1819 1837
2 1819 1853
2 1819 1873
2 1819 1992
2 1819 2003
2 1819 2016
2 1819 2021
2 1819 2027
2 1819 2028
2 1819 2033
2 1819 2036
2 1819 2104
2 1819 2132
2 1819 2175
2 1819 2184
2 1819 2188
2 1819 2206
2 1819 4181
2 1819 4198
2 1819 4208
2 1819 4214
2 1819 4227
2 1819 4235
2 1819 4246
2 1819 4307
2 1820 1830
2 1820 1834
2 1820 1840
2 1820 2623
2 1820 2774
2 1820 2791
2 1820 2793
2 1820 2922
2 1820 2923
2 1820 2942
2 1820 2944
2 1820 5089
2 1820 5164
2 1820 5170
2 1820 5176
2 1820 5192
2 1821 1825
2 1821 2973
2 1821 2974
2 1821 5192
2 1821 5214
2 1821 5234
2 1821 5266
2 1821 5274
2 1822 1831
2 1822 2612
2 1822 2622
2 1822 2627
2 1822 2630
2 1822 5136
2 1822 5143
2 1822 5172
2 1823 2244
2 1823 2250
2 1823 2257
2 1823 4353
2 1823 4360
2 1823 4376
2 1823 4421
2 1823 4427
2 1824 1997
2 1824 2003
2 1824 2010
2 1824 2041
2 1824 2149
2 1824 4228
2 1825 2972
2 1825 2973
2 1825 2982
2 1825 5166
2 1825 5183
2 1825 5263
2 1825 5266
2 1825 5274
2 1825 5279
2 1825 5286
2 1826 2013
2 1826 2016
2 1826 2017
2 1826 2021
2 1826 2104
2 1826 4181
2 1826 4208
2 1826 4214
2 1826 4220
2 1826 4227
2 1827 1828
2 1827 1829
2 1827 2055
2 1827 2172
2 1827 2229
2 1827 2234
2 1827 2244
2 1827 4298
2 1827 4353
2 1827 4360
2 1827 4366
2 1827 4401
2 1827 4415
2 1828 1829
2 1828 2225
2 1828 2229
2 1828 4394
2 1828 4415
2 1829 1833
2 1829 1854
2 1829 2055
2 1829 2172
2 1829 2217
2 1829 2219
2 1829 2225
2 1829 2229
2 1829 4266
2 1829 4272
2 1829 4279
2 1829 4330
2 1829 4353
2 1829 4382
2 1829 4415
2 1830 1840
2 1830 2533
2 1830 2550
2 1830 2600
2 1830 2612
2 1830 2614
2 1830 2766
2 1830 5045
2 1830 5157
2 1830 5170
2 1831 1836
2 1831 1841
2 1831 2627
2 1831 2630
2 1831 5136
2 1831 5143
2 1831 5172
2 1832 2001
2 1832 2005
2 1832 2006
2 1832 4197
2 1832 4203
2 1833 1839
2 1833 1847
2 1833 2217
2 1833 2219
2 1833 2225
2 1833 2229
2 1833 4330
2 1833 4353
2 1833 4365
2 1833 4371
2 1833 4375
2 1833 4382
2 1833 4394
2 1834 1838
2 1834 1850
2 1834 1869
2 1834 2791
2 1834 2793
2 1834 2942
2 1834 5089
2 1834 5192
2 1835 1849
2 1835 2025
2 1835 2172
2 1835 2187
2 1835 2194
2 1835 2205
2 1835 4353
2 1835 4360
2 1835 4366
2 1835 4376
2 1835 4433
2 1836 1841
2 1836 2627
2 1836 5136
2 1836 5143
2 1836 5160
2 1836 5166
2 1836 5172
2 1836 5263
2 1837 1845
2 1837 1865
2 1837 1873
2 1837 1988
2 1837 1992
2 1837 2016
2 1837 2120
2 1837 4181
2 1838 1850
2 1838 5192
2 1839 1843
2 1839 1847
2 1839 2217
2 1839 2219
2 1839 4330
2 1839 4365
2 1839 4371
2 1839 4375
2 1840 2550
2 1840 2551
2 1840 2612
2 1840 2774
2 1840 2791
2 1840 5089
2 1841 1846
2 1841 2627
2 1841 5160
2 1841 5166
2 1841 5172
2 1842 1844
2 1842 1871
2 1842 1879
2 1842 1970
2 1842 1977
2 1842 1994
2 1842 1995
2 1842 1998
2 1842 2001
2 1842 2005
2 1842 2016
2 1842 2041
2 1842 2147
2 1842 4159
2 1842 4175
2 1842 4180
2 1842 4186
2 1842 4193
2 1842 4209
2 1842 5105
2 1842 5179
2 1843 1847
2 1843 2206
2 1843 2217
2 1843 2219
2 1843 4371
2 1843 4375
2 1844 1851
2 1844 1855
2 1844 1964
2 1844 1995
2 1844 1998
2 1844 2001
2 1844 2006
2 1844 2068
2 1844 2076
2 1844 2127
2 1844 2142
2 1844 2151
2 1844 4155
2 1844 4165
2 1844 4170
2 1844 4175
2 1844 4180
2 1844 4186
2 1844 4195
2 1844 4197
2 1844 4243
2 1844 4257
2 1845 1865
2 1845 1873
2 1845 1975
2 1845 1978
2 1845 1988
2 1845 1992
2 1845 1997
2 1845 2094
2 1845 2104
2 1845 2115
2 1845 2120
2 1845 4165
2 1845 4181
2 1846 2639
2 1846 2642
2 1846 5160
2 1846 5166
2 1846 5172
2 1847 1853
2 1847 2206
2 1847 2208
2 1847 2217
2 1847 4307
2 1847 4330
2 1847 4365
2 1847 4371
2 1848 1870
2 1848 1877
2 1848 1894
2 1848 2982
2 1848 2992
2 1848 5183
2 1848 5211
2 1848 5279
2 1848 5282
2 1848 5286
2 1848 5296
2 1848 5306
2 1849 1854
2 1849 1865
2 1849 1871
2 1849 1904
2 1849 1915
2 1849 1918
2 1849 1945
2 1849 2010
2 1849 2019
2 1849 2024
2 1849 2025
2 1849 2115
2 1849 2149
2 1849 2172
2 1849 2194
2 1849 2197
2 1849 2205
2 1849 2223
2 1849 2440
2 1849 2729
2 1849 3767
2 1849 4122
2 1849 4228
2 1849 4253
2 1849 4276
2 1849 4330
2 1849 4353
2 1849 4360
2 1849 4433
2 1849 5355
2 1850 1869
2 1850 2826
2 1850 2942
2 1850 2956
2 1850 5089
2 1850 5114
2 1850 5192
2 1850 5214
2 1850 5218
2 1851 1855
2 1851 1871
2 1851 1964
2 1851 1989
2 1851 1994
2 1851 1995
2 1851 4170
2 1851 4175
2 1851 4180
2 1852 1970
2 1852 1975
2 1852 1978
2 1852 1988
2 1852 2005
2 1852 4165
2 1852 4176
2 1852 4181
2 1853 1856
2 1853 1873
2 1853 2184
2 1853 2188
2 1853 2196
2 1853 2206
2 1853 2208
2 1853 4227
2 1853 4246
2 1853 4307
2 1853 4359
2 1854 2003
2 1854 2010
2 1854 2132
2 1854 2149
2 1854 2172
2 1854 2206
2 1854 2217
2 1854 4228
2 1854 4330
2 1854 4353
2 1855 1958
2 1855 1964
2 1855 1980
2 1855 1989
2 1855 2068
2 1855 2127
2 1855 4128
2 1855 4154
2 1855 4159
2 1855 4164
2 1855 4170
2 1855 4211
2 1855 4217
2 1856 1859
2 1856 2184
2 1856 2188
2 1856 2196
2 1856 2208
2 1856 4276
2 1856 4307
2 1856 4342
2 1856 4352
2 1856 4365
2 1857 1863
2 1857 1870
2 1857 2638
2 1857 2649
2 1857 2650
2 1857 2652
2 1857 5172
2 1857 5183
2 1857 5196
2 1857 5263
2 1857 5286
2 1858 1973
2 1858 1977
2 1858 1980
2 1858 4128
2 1858 4150
2 1859 2166
2 1859 2175
2 1859 2177
2 1859 2184
2 1859 4257
2 1859 4276
2 1859 4319
2 1859 4329
2 1860 1865
2 1860 2132
2 1860 2149
2 1860 4307
2 1860 4330
2 1861 1868
2 1861 1972
2 1861 1973
2 1861 4147
2 1862 1869
2 1862 2550
2 1862 2551
2 1862 2791
2 1862 5089
2 1862 5095
2 1863 1870
2 1863 2649
2 1863 2650
2 1863 5183
2 1863 5187
2 1863 5196
2 1864 2166
2 1864 2175
2 1864 2177
2 1864 4301
2 1864 4306
2 1865 1871
2 1865 1873
2 1865 1904
2 1865 1918
2 1865 1945
2 1865 1975
2 1865 1997
2 1865 2010
2 1865 2025
2 1865 2076
2 1865 2094
2 1865 2104
2 1865 2115
2 1865 2120
2 1865 2132
2 1865 2149
2 1865 4198
2 1865 4307
2 1866 2826
2 1866 2837
2 1866 2838
2 1866 2972
2 1866 5114
2 1866 5137
2 1866 5218
2 1866 5235
2 1867 1881
2 1867 1887
2 1867 1894
2 1867 3012
2 1867 5286
2 1867 5296
2 1867 5306
2 1867 5312
2 1867 5318
2 1867 5323
2 1867 5329
2 1868 1874
2 1868 1879
2 1868 1888
2 1868 1956
2 1868 1960
2 1868 1967
2 1868 1969
2 1868 1972
2 1868 1973
2 1868 1977
2 1868 4140
2 1868 4144
2 1869 2550
2 1869 2551
2 1869 2791
2 1869 2826
2 1869 5089
2 1869 5095
2 1869 5108
2 1869 5114
2 1870 1877
2 1870 2649
2 1870 2652
2 1870 2660
2 1870 2982
2 1870 5183
2 1870 5187
2 1870 5196
2 1870 5286
2 1871 1913
2 1871 1918
2 1871 1935
2 1871 1945
2 1871 1956
2 1871 1958
2 1871 1964
2 1871 1970
2 1871 1975
2 1871 1977
2 1871 1980
2 1871 1988
2 1871 1989
2 1871 1992
2 1871 1994
2 1871 1995
2 1871 1998
2 1871 2005
2 1871 2010
2 1871 2022
2 1871 2025
2 1871 2068
2 1871 2076
2 1871 2197
2 1871 4155
2 1871 4883
2 1871 5002
2 1872 2151
2 1872 2158
2 1872 2166
2 1872 2175
2 1872 4197
2 1872 4203
2 1872 4208
2 1872 4301
2 1872 4306
2 1873 2104
2 1873 2120
2 1873 2132
2 1873 4181
2 1873 4307
2 1874 1885
2 1874 1917
2 1874 1969
2 1874 1972
2 1874 1973
2 1874 2088
2 1874 2105
2 1874 4128
2 1874 4138
2 1874 4140
2 1874 4144
2 1874 4147
2 1874 4150
2 1874 4189
2 1874 4200
2 1875 1878
2 1875 1881
2 1875 1887
2 1875 1894
2 1875 3009
2 1875 5312
2 1875 5318
2 1875 5323
2 1876 2151
2 1876 2152
2 1876 2158
2 1876 2166
2 1876 2177
2 1876 4243
2 1876 4257
2 1876 4295
2 1876 4301
2 1877 1894
2 1877 2659
2 1877 2660
2 1877 2982
2 1877 2992
2 1877 5183
2 1877 5196
2 1877 5201
2 1877 5206
2 1877 5211
2 1877 5286
2 1878 1881
2 1878 1887
2 1878 1894
2 1878 1906
2 1878 1910
2 1878 3009
2 1878 3027
2 1878 3028
2 1878 5318
2 1878 5323
2 1878 5329
2 1879 1888
2 1879 1960
2 1879 1967
2 1879 1969
2 1879 1977
2 1879 4121
2 1879 4131
2 1879 4135
2 1879 4138
2 1879 4140
2 1879 4144
2 1879 5179
2 1880 2142
2 1880 2144
2 1880 2151
2 1880 2152
2 1880 4282
2 1880 4289
2 1881 1887
2 1881 3027
2 1881 3028
2 1881 5286
2 1881 5312
2 1881 5323
2 1881 5329
2 1881 5359
2 1882 2094
2 1882 2104
2 1882 2115
2 1882 4276
2 1883 1899
2 1883 2590
2 1883 2627
2 1883 2638
2 1883 2649
2 1883 5108
2 1883 5114
2 1883 5137
2 1884 1890
2 1884 1900
2 1884 2668
2 1884 2671
2 1884 2672
2 1884 5196
2 1884 5201
2 1884 5206
2 1884 5211
2 1884 5216
2 1885 1888
2 1885 1895
2 1885 1913
2 1885 1917
2 1885 1961
2 1885 1963
2 1885 1967
2 1885 1969
2 1885 1972
2 1885 2081
2 1885 2088
2 1885 4118
2 1885 4128
2 1885 4130
2 1885 4132
2 1885 4135
2 1885 4138
2 1885 4161
2 1886 2127
2 1886 2133
2 1886 2136
2 1886 2144
2 1886 4170
2 1886 4269
2 1886 4275
2 1887 1892
2 1887 1894
2 1887 1896
2 1887 1903
2 1887 1910
2 1887 1974
2 1887 3027
2 1887 3028
2 1887 5244
2 1887 5263
2 1887 5286
2 1887 5312
2 1887 5329
2 1887 5352
2 1887 5359
2 1887 5367
2 1888 1893
2 1888 1913
2 1888 1954
2 1888 1956
2 1888 1957
2 1888 1960
2 1888 1961
2 1888 1963
2 1888 1967
2 1888 4118
2 1888 4127
2 1888 4130
2 1888 4131
2 1889 1901
2 1889 2122
2 1889 2127
2 1889 2128
2 1889 2133
2 1889 2136
2 1889 2142
2 1889 2152
2 1889 4217
2 1889 4232
2 1889 4263
2 1889 4269
2 1889 4281
2 1890 1894
2 1890 1900
2 1890 2671
2 1890 2672
2 1890 5206
2 1890 5211
2 1890 5216
2 1891 2853
2 1891 2856
2 1891 5241
2 1891 5257
2 1892 1896
2 1892 1903
2 1892 3027
2 1892 3028
2 1892 5329
2 1892 5352
2 1893 1902
2 1893 1957
2 1893 1960
2 1893 1961
2 1893 4118
2 1893 4123
2 1893 4125
2 1893 4127
2 1893 4130
2 1894 1900
2 1894 1906
2 1894 1910
2 1894 2668
2 1894 2992
2 1894 3009
2 1894 5172
2 1894 5196
2 1894 5206
2 1894 5211
2 1894 5216
2 1894 5221
2 1894 5227
2 1894 5232
2 1894 5244
2 1894 5263
2 1894 5286
2 1894 5306
2 1894 5312
2 1895 1913
2 1895 1918
2 1895 1956
2 1895 1967
2 1895 2022
2 1895 4128
2 1895 4161
2 1895 4167
2 1895 4200
2 1896 1903
2 1896 1907
2 1896 3027
2 1896 3039
2 1896 3041
2 1896 3042
2 1896 5244
2 1896 5260
2 1896 5359
2 1897 1904
2 1897 2076
2 1897 2086
2 1897 2094
2 1897 2115
2 1897 4232
2 1897 4243
2 1897 4257
2 1897 4276
2 1898 2105
2 1898 2122
2 1898 2127
2 1898 2128
2 1898 4150
2 1898 4154
2 1898 4242
2 1898 4249
2 1898 4256
2 1899 2590
2 1899 2649
2 1899 2837
2 1899 5108
2 1899 5114
2 1899 5137
2 1899 5144
2 1900 1906
2 1900 2668
2 1900 2685
2 1900 5196
2 1900 5206
2 1900 5216
2 1900 5221
2 1900 5227
2 1900 5232
2 1901 2116
2 1901 2122
2 1901 2128
2 1901 4189
2 1901 4200
2 1901 4211
2 1901 4217
2 1901 4249
2 1901 4256
2 1901 4263
2 1901 4281
2 1902 1955
2 1902 1957
2 1902 2051
2 1902 2057
2 1902 2062
2 1902 4117
2 1902 4118
2 1902 4119
2 1902 4120
2 1902 4121
2 1902 4123
2 1902 4125
2 1902 4130
2 1902 4142
2 1902 5177
2 1903 1907
2 1903 1912
2 1903 3041
2 1903 3042
2 1903 5352
2 1903 5359
2 1904 1905
2 1904 1915
2 1904 1918
2 1904 2076
2 1904 2086
2 1904 2094
2 1904 2115
2 1904 4224
2 1904 4232
2 1904 4276
2 1905 1915
2 1905 1918
2 1905 2068
2 1905 2076
2 1905 4224
2 1905 4232
2 1906 1910
2 1906 2668
2 1906 2685
2 1906 3009
2 1906 5211
2 1906 5221
2 1906 5227
2 1907 1912
2 1907 3039
2 1907 3041
2 1907 5260
2 1907 5352
2 1907 5353
2 1907 5359
2 1908 1955
2 1908 4119
2 1908 4120
2 1908 5177
2 1908 5179
2 1909 1955
2 1909 4119
2 1909 5110
2 1909 5122
2 1909 5179
2 1909 5181
2 1910 2685
2 1910 2692
2 1910 3009
2 1910 3027
2 1910 5227
2 1910 5232
2 1910 5238
2 1910 5244
2 1911 1919
2 1911 1923
2 1911 1929
2 1911 2668
2 1911 2853
2 1911 2887
2 1911 3009
2 1911 3012
2 1911 5167
2 1911 5257
2 1912 1916
2 1912 3057
2 1912 5352
2 1912 5353
2 1912 5359
2 1912 5364
2 1913 1935
2 1913 1945
2 1913 1953
2 1913 1954
2 1913 1956
2 1913 1967
2 1913 2022
2 1913 4118
2 1913 4161
2 1913 4167
2 1914 1917
2 1914 2088
2 1914 2095
2 1914 2105
2 1914 2109
2 1914 4189
2 1914 4223
2 1914 4231
2 1915 1918
2 1915 2024
2 1915 2068
2 1915 2115
2 1915 4122
2 1915 4136
2 1915 4211
2 1915 4217
2 1915 4224
2 1915 4232
2 1915 4276
2 1916 1920
2 1916 3039
2 1916 3056
2 1916 3057
2 1916 5353
2 1916 5359
2 1917 2081
2 1917 2088
2 1917 2089
2 1917 2095
2 1917 2105
2 1917 2109
2 1917 4130
2 1917 4138
2 1917 4161
2 1917 4189
2 1917 4216
2 1918 1945
2 1918 1956
2 1918 1958
2 1918 1964
2 1918 2022
2 1918 2024
2 1918 2030
2 1918 2068
2 1918 2076
2 1918 4128
2 1918 4189
2 1918 4200
2 1918 4211
2 1918 4217
2 1919 1929
2 1919 1966
2 1919 2023
2 1919 2885
2 1919 2887
2 1919 2921
2 1919 3012
2 1919 3028
2 1919 4813
2 1919 5053
2 1919 5192
2 1919 5214
2 1919 5241
2 1919 5257
2 1919 5274
2 1919 5275
2 1919 5296
2 1919 5329
2 1919 5352
2 1919 5395
2 1919 5402
2 1919 5818
2 1920 1927
2 1920 1943
2 1920 1948
2 1920 3039
2 1920 3056
2 1920 5260
2 1920 5359
2 1920 5364
2 1920 5370
2 1921 1922
2 1921 2081
2 1921 2082
2 1921 4205
2 1921 4210
2 1922 1925
2 1922 2077
2 1922 2081
2 1922 2082
2 1922 4205
2 1923 2590
2 1923 2611
2 1923 2649
2 1923 2660
2 1923 2668
2 1923 2853
2 1923 5137
2 1923 5144
2 1923 5161
2 1923 5167
2 1923 5257
2 1924 1928
2 1924 2689
2 1924 2690
2 1924 2692
2 1924 5232
2 1924 5238
2 1924 5244
2 1925 1926
2 1925 1932
2 1925 2071
2 1925 2077
2 1925 2081
2 1925 4161
2 1925 4172
2 1925 4183
2 1925 4205
2 1926 1931
2 1926 1932
2 1926 2062
2 1926 2071
2 1926 2077
2 1926 2081
2 1926 4130
2 1926 4161
2 1927 1930
2 1927 3056
2 1927 3057
2 1927 5359
2 1927 5364
2 1927 5370
2 1927 5383
2 1928 1939
2 1928 1948
2 1928 1983
2 1928 2668
2 1928 2689
2 1928 2690
2 1928 2703
2 1928 2761
2 1928 5172
2 1928 5232
2 1928 5244
2 1928 5249
2 1928 5260
2 1929 1937
2 1929 2621
2 1929 2885
2 1929 2887
2 1929 2921
2 1929 3009
2 1929 3012
2 1929 3027
2 1929 3028
2 1929 3041
2 1929 3057
2 1929 5275
2 1929 5307
2 1929 5329
2 1929 5352
2 1930 1933
2 1930 1946
2 1930 1974
2 1930 3057
2 1930 5191
2 1930 5240
2 1930 5263
2 1930 5286
2 1930 5329
2 1930 5352
2 1930 5359
2 1930 5364
2 1930 5370
2 1930 5376
2 1930 5383
2 1930 5395
2 1930 5413
2 1930 5474
2 1930 5495
2 1931 1932
2 1931 2062
2 1931 2071
2 1932 1934
2 1932 1936
2 1932 2062
2 1932 2063
2 1932 2071
2 1932 4161
2 1932 4183
2 1932 4188
2 1933 1938
2 1933 1941
2 1933 1946
2 1933 1948
2 1933 1965
2 1933 3085
2 1933 5272
2 1933 5281
2 1933 5359
2 1933 5376
2 1933 5383
2 1933 5389
2 1933 5395
2 1934 1936
2 1934 2057
2 1934 2062
2 1934 2063
2 1934 4183
2 1935 1945
2 1935 1953
2 1935 1954
2 1935 1956
2 1935 1991
2 1935 2000
2 1935 2025
2 1935 2197
2 1935 4117
2 1935 4775
2 1935 4883
2 1935 4988
2 1935 5002
2 1935 5055
2 1935 5151
2 1935 5285
2 1935 5355
2 1935 5368
2 1935 5377
2 1935 5387
2 1935 5496
2 1935 5558
2 1936 2051
2 1936 2057
2 1936 2062
2 1936 2063
2 1936 4136
2 1936 4142
2 1936 4171
2 1936 4183
2 1937 1986
2 1937 2621
2 1937 2901
2 1937 2921
2 1937 3027
2 1937 3039
2 1937 3041
2 1937 5275
2 1937 5307
2 1938 3085
2 1938 5383
2 1938 5389
2 1938 5395
2 1939 1943
2 1939 1948
2 1939 1983
2 1939 2703
2 1939 2706
2 1939 2707
2 1939 5260
2 1939 5269
2 1940 1942
2 1940 2049
2 1940 2051
2 1940 2052
2 1940 4119
2 1940 4156
2 1940 4166
2 1940 4171
2 1941 1946
2 1941 3085
2 1941 5383
2 1941 5389
2 1941 5395
2 1942 2044
2 1942 2049
2 1942 2051
2 1942 2052
2 1942 4136
2 1942 4160
2 1942 4166
2 1942 4171
2 1943 1948
2 1943 2703
2 1943 2707
2 1943 2724
2 1943 3039
2 1943 3056
2 1943 5260
2 1943 5272
2 1943 5359
2 1943 5370
2 1944 1945
2 1944 2024
2 1944 4161
2 1945 1952
2 1945 1953
2 1945 1954
2 1945 2000
2 1945 2009
2 1945 2022
2 1945 2024
2 1945 2025
2 1945 2076
2 1945 4118
2 1945 4142
2 1945 4574
2 1945 5132
2 1945 5355
2 1945 5387
2 1946 1951
2 1946 1959
2 1946 1965
2 1946 1974
2 1946 3085
2 1946 3115
2 1946 3116
2 1946 5281
2 1946 5359
2 1946 5395
2 1946 5401
2 1946 5413
2 1947 2032
2 1947 2039
2 1947 4145
2 1947 4148
2 1947 5113
2 1947 5171
2 1947 5173
2 1947 5174
2 1947 5178
2 1948 1965
2 1948 1974
2 1948 1983
2 1948 2703
2 1948 2724
2 1948 5172
2 1948 5232
2 1948 5244
2 1948 5260
2 1948 5269
2 1948 5272
2 1948 5281
2 1948 5359
2 1948 5367
2 1948 5370
2 1948 5376
2 1949 2032
2 1949 4122
2 1949 4126
2 1949 4141
2 1949 4145
2 1949 4148
2 1949 4541
2 1949 4544
2 1949 5168
2 1949 5174
2 1949 5178
2 1950 1952
2 1950 2000
2 1950 4133
2 1950 4136
2 1951 1959
2 1951 1965
2 1951 3115
2 1951 3116
2 1951 5281
2 1951 5299
2 1951 5395
2 1951 5401
2 1951 5408
2 1951 5413
2 1952 1981
2 1952 1991
2 1952 2000
2 1952 2009
2 1952 2024
2 1952 4122
2 1952 4124
2 1952 4126
2 1952 4136
2 1952 4574
2 1952 5146
2 1952 5151
2 1953 1954
2 1953 1955
2 1953 4117
2 1953 5055
2 1953 5105
2 1953 5110
2 1954 1955
2 1954 1956
2 1954 1957
2 1954 1960
2 1954 2022
2 1954 4118
2 1954 5055
2 1954 5105
2 1954 5110
2 1954 5177
2 1955 1957
2 1955 2051
2 1955 4117
2 1955 4119
2 1955 4120
2 1955 4142
2 1955 4526
2 1955 5110
2 1955 5122
2 1955 5177
2 1955 5179
2 1955 5181
2 1956 1958
2 1956 1960
2 1956 1967
2 1956 1972
2 1956 1973
2 1956 1977
2 1956 1992
2 1956 2022
2 1956 2197
2 1956 4128
2 1956 4996
2 1956 5002
2 1956 5055
2 1956 5105
2 1956 5110
2 1957 1960
2 1957 4118
2 1957 4121
2 1957 4123
2 1957 4125
2 1957 5177
2 1958 1964
2 1958 1973
2 1958 1977
2 1958 1980
2 1958 1989
2 1958 2068
2 1958 4128
2 1958 4200
2 1958 4211
2 1959 1962
2 1959 1965
2 1959 1974
2 1959 1979
2 1959 3115
2 1959 5281
2 1959 5299
2 1959 5408
2 1959 5413
2 1959 5419
2 1960 1977
2 1960 4118
2 1960 4123
2 1960 4125
2 1960 4127
2 1960 4131
2 1960 5105
2 1960 5110
2 1961 1963
2 1961 4127
2 1961 4130
2 1961 4131
2 1962 1968
2 1962 1974
2 1962 3115
2 1962 3153
2 1962 3157
2 1962 3158
2 1962 5299
2 1962 5413
2 1962 5419
2 1963 1967
2 1963 4130
2 1963 4131
2 1963 4132
2 1964 1970
2 1964 1980
2 1964 1989
2 1964 1995
2 1964 2068
2 1964 2076
2 1964 4128
2 1964 4155
2 1964 4170
2 1964 4211
2 1965 1971
2 1965 1976
2 1965 1979
2 1965 2737
2 1965 3085
2 1965 3115
2 1965 5272
2 1965 5281
2 1965 5299
2 1966 1982
2 1966 1984
2 1966 2023
2 1966 2918
2 1966 2935
2 1966 2938
2 1966 3056
2 1966 3057
2 1966 3085
2 1966 5307
2 1966 5344
2 1966 5352
2 1966 5364
2 1966 5383
2 1966 5395
2 1966 5402
2 1967 1969
2 1967 1972
2 1967 4118
2 1967 4128
2 1967 4131
2 1967 4132
2 1967 4135
2 1967 4138
2 1968 1974
2 1968 3153
2 1968 3157
2 1968 3158
2 1968 5419
2 1968 5430
2 1969 1972
2 1969 4135
2 1969 4138
2 1969 4140
2 1970 1975
2 1970 1995
2 1970 1998
2 1970 2001
2 1970 2005
2 1970 2076
2 1970 2086
2 1970 2094
2 1970 4155
2 1970 4165
2 1971 1976
2 1971 1979
2 1971 1983
2 1971 2737
2 1971 5281
2 1971 5284
2 1972 1973
2 1972 4128
2 1972 4140
2 1972 4144
2 1972 4147
2 1973 1977
2 1973 1980
2 1973 4128
2 1973 4147
2 1973 4150
2 1974 1979
2 1974 1983
2 1974 1985
2 1974 1990
2 1974 2004
2 1974 2012
2 1974 2015
2 1974 2035
2 1974 3153
2 1974 5263
2 1974 5281
2 1974 5299
2 1974 5315
2 1974 5326
2 1974 5359
2 1974 5367
2 1974 5395
2 1974 5413
2 1974 5419
2 1974 5430
2 1974 5434
2 1974 5447
2 1974 5474
2 1974 5495
2 1975 1978
2 1975 1988
2 1975 1992
2 1975 1997
2 1975 2005
2 1975 2010
2 1975 2025
2 1975 2076
2 1975 2094
2 1975 4165
2 1975 4176
2 1976 1979
2 1976 2734
2 1976 5284
2 1976 5299
2 1977 1980
2 1977 1989
2 1977 1992
2 1977 1994
2 1977 2005
2 1977 2041
2 1977 2147
2 1977 4154
2 1977 4159
2 1977 5105
2 1978 1988
2 1978 4165
2 1978 4176
2 1978 4181
2 1979 1983
2 1979 1993
2 1979 2734
2 1979 2736
2 1979 5281
2 1979 5284
2 1979 5299
2 1979 5315
2 1980 1989
2 1980 4128
2 1980 4154
2 1980 4159
2 1981 1991
2 1981 4122
2 1981 5151
2 1982 1984
2 1982 2935
2 1982 2938
2 1982 2955
2 1982 3085
2 1982 3116
2 1982 5344
2 1983 1987
2 1983 1993
2 1983 2015
2 1983 2703
2 1983 2721
2 1983 2734
2 1983 2747
2 1983 2750
2 1983 2753
2 1983 2761
2 1983 5172
2 1983 5232
2 1983 5269
2 1983 5281
2 1983 5284
2 1983 5299
2 1983 5309
2 1983 5315
2 1983 5367
2 1983 5465
2 1984 2935
2 1984 2955
2 1984 3085
2 1984 3115
2 1984 3116
2 1984 5250
2 1984 5307
2 1984 5344
2 1985 1990
2 1985 3186
2 1985 5419
2 1985 5434
2 1985 5441
2 1985 5447
2 1986 2007
2 1986 2014
2 1986 2621
2 1986 2689
2 1986 2703
2 1986 2706
2 1986 2707
2 1986 2721
2 1986 2723
2 1986 2724
2 1986 2918
2 1986 2935
2 1986 5250
2 1986 5307
2 1987 1993
2 1987 2747
2 1987 2750
2 1987 2753
2 1987 5299
2 1987 5303
2 1988 1992
2 1988 2005
2 1988 2016
2 1988 4181
2 1989 1994
2 1989 4164
2 1990 1996
2 1990 2004
2 1990 2012
2 1990 2026
2 1990 2035
2 1990 3181
2 1990 3184
2 1990 3186
2 1990 5326
2 1990 5434
2 1990 5441
2 1990 5447
2 1990 5474
2 1991 2000
2 1991 4124
2 1991 4126
2 1991 5151
2 1992 1997
2 1992 2005
2 1992 2010
2 1992 2016
2 1992 2027
2 1992 2033
2 1992 2041
2 1992 2058
2 1992 2059
2 1992 2091
2 1992 2147
2 1992 2178
2 1992 2197
2 1992 2311
2 1992 4198
2 1992 4870
2 1992 4883
2 1992 4996
2 1992 5002
2 1992 5105
2 1992 5676
2 1993 1999
2 1993 2747
2 1993 5299
2 1993 5303
2 1993 5309
2 1993 5315
2 1994 1995
2 1994 4170
2 1994 4175
2 1995 1998
2 1995 2001
2 1995 4155
2 1995 4175
2 1995 4180
2 1996 2004
2 1996 2012
2 1996 3181
2 1996 3225
2 1996 5447
2 1996 5462
2 1997 2003
2 1997 2010
2 1997 2033
2 1997 2041
2 1997 2132
2 1997 2149
2 1997 4198
2 1998 2001
2 1998 2005
2 1998 4186
2 1998 4193
2 1999 2764
2 1999 5303
2 1999 5309
2 1999 5315
2 2000 2009
2 2000 4117
2 2000 4133
2 2000 4136
2 2000 4139
2 2000 4142
2 2000 4574
2 2000 5151
2 2000 5355
2 2000 5377
2 2000 5387
2 2001 2005
2 2001 2006
2 2001 4155
2 2001 4165
2 2001 4193
2 2001 4195
2 2002 2011
2 2002 2955
2 2002 3115
2 2002 5250
2 2002 5344
2 2003 2033
2 2003 2036
2 2003 2041
2 2003 2047
2 2003 2132
2 2003 2149
2 2003 4198
2 2003 4228
2 2003 4330
2 2004 2012
2 2004 2018
2 2004 2035
2 2004 3222
2 2004 3224
2 2004 3225
2 2004 5367
2 2004 5447
2 2004 5462
2 2004 5474
2 2005 2006
2 2005 2013
2 2005 2016
2 2005 2033
2 2005 2041
2 2005 2091
2 2005 2147
2 2005 4155
2 2005 4165
2 2005 4176
2 2005 4181
2 2005 4203
2 2005 4204
2 2005 4209
2 2005 5105
2 2006 2013
2 2006 2151
2 2006 2166
2 2006 4165
2 2006 4195
2 2006 4197
2 2006 4203
2 2006 4208
2 2006 4257
2 2007 2014
2 2007 2721
2 2007 5250
2 2008 2015
2 2008 2761
2 2008 2762
2 2008 2764
2 2008 5309
2 2008 5315
2 2008 5321
2 2009 2024
2 2009 4122
2 2009 4136
2 2009 4139
2 2009 4142
2 2010 2019
2 2010 2025
2 2010 2041
2 2010 2050
2 2010 2054
2 2010 2058
2 2010 2059
2 2010 2091
2 2010 2098
2 2010 2149
2 2010 2197
2 2010 4228
2 2010 4253
2 2010 4261
2 2011 2023
2 2011 2029
2 2011 2045
2 2011 2753
2 2011 2764
2 2011 3115
2 2011 3153
2 2011 3157
2 2011 3158
2 2011 5250
2 2011 5344
2 2012 2018
2 2012 3222
2 2012 3224
2 2012 3225
2 2012 5395
2 2012 5402
2 2012 5419
2 2012 5447
2 2012 5474
2 2012 5479
2 2012 5495
2 2012 5508
2 2012 5516
2 2012 5544
2 2013 2016
2 2013 2017
2 2013 4165
2 2013 4181
2 2013 4203
2 2013 4204
2 2013 4208
2 2013 4209
2 2013 4214
2 2014 2045
2 2014 2647
2 2014 2721
2 2014 2734
2 2014 2736
2 2014 2753
2 2014 5250
2 2015 2020
2 2015 2026
2 2015 2035
2 2015 2761
2 2015 2771
2 2015 5309
2 2015 5315
2 2015 5321
2 2015 5326
2 2015 5332
2 2015 5336
2 2015 5367
2 2015 5405
2 2015 5465
2 2016 2017
2 2016 2021
2 2016 2027
2 2016 2033
2 2016 2041
2 2016 4181
2 2016 4209
2 2016 4220
2 2016 4227
2 2017 4208
2 2017 4214
2 2018 2031
2 2018 2035
2 2018 2038
2 2018 3222
2 2018 5367
2 2018 5474
2 2018 5479
2 2018 5484
2 2019 2025
2 2019 2054
2 2019 2058
2 2019 2059
2 2019 2065
2 2019 2091
2 2019 2098
2 2019 2197
2 2019 4253
2 2019 4261
2 2019 4286
2 2020 2026
2 2020 2761
2 2020 2773
2 2020 5326
2 2020 5332
2 2021 2027
2 2021 2028
2 2021 4220
2 2021 4227
2 2021 4235
2 2022 2024
2 2022 2030
2 2022 4118
2 2022 4161
2 2022 4167
2 2023 2029
2 2023 2034
2 2023 2037
2 2023 5344
2 2023 5395
2 2023 5402
2 2024 2030
2 2024 4122
2 2024 4136
2 2024 4161
2 2024 4172
2 2024 4574
2 2024 5355
2 2025 2058
2 2025 2098
2 2025 2172
2 2025 2194
2 2025 2197
2 2025 2205
2 2025 2223
2 2025 4253
2 2025 4261
2 2025 4286
2 2025 5355
2 2026 2035
2 2026 2771
2 2026 2773
2 2026 3181
2 2026 5326
2 2026 5332
2 2026 5336
2 2026 5340
2 2027 2028
2 2027 2033
2 2027 2036
2 2027 4198
2 2027 4209
2 2027 4220
2 2027 4235
2 2027 4239
2 2027 4246
2 2028 2036
2 2028 4235
2 2028 4239
2 2028 4246
2 2029 2034
2 2029 2037
2 2029 2045
2 2029 2764
2 2029 3181
2 2029 5390
2 2030 4161
2 2030 4167
2 2030 4172
2 2031 3256
2 2031 5367
2 2031 5474
2 2031 5479
2 2031 5484
2 2031 5495
2 2032 4145
2 2032 5174
2 2032 5178
2 2033 2036
2 2033 2041
2 2033 2043
2 2033 4198
2 2033 4209
2 2033 4252
2 2034 2037
2 2034 2045
2 2034 5390
2 2035 2038
2 2035 3181
2 2035 3222
2 2035 5326
2 2035 5336
2 2035 5340
2 2035 5347
2 2035 5367
2 2036 2132
2 2036 2206
2 2036 4198
2 2036 4239
2 2036 4246
2 2036 4252
2 2036 4307
2 2036 4330
2 2037 3181
2 2037 3224
2 2037 5390
2 2037 5402
2 2038 2046
2 2038 2789
2 2038 5336
2 2038 5347
2 2038 5356
2 2038 5367
2 2039 4148
2 2039 4151
2 2039 5171
2 2039 5173
2 2039 5174
2 2040 2042
2 2040 3256
2 2040 3301
2 2040 5495
2 2041 2043
2 2041 2047
2 2041 2050
2 2041 2054
2 2041 2059
2 2041 2091
2 2041 2147
2 2041 4209
2 2041 4228
2 2041 4260
2 2041 4266
2 2041 4272
2 2042 3298
2 2042 3301
2 2042 5386
2 2042 5393
2 2042 5484
2 2042 5495
2 2042 5500
2 2043 4252
2 2043 4260
2 2044 2049
2 2044 2051
2 2044 4119
2 2044 4124
2 2044 4126
2 2044 4133
2 2044 4136
2 2044 4151
2 2044 4156
2 2044 4160
2 2044 4526
2 2044 5113
2 2044 5171
2 2044 5173
2 2044 5375
2 2045 2070
2 2045 2684
2 2045 2734
2 2045 2747
2 2045 2753
2 2045 2761
2 2045 2762
2 2045 2764
2 2045 5250
2 2045 5293
2 2045 5390
2 2046 2782
2 2046 2787
2 2046 5336
2 2046 5347
2 2046 5356
2 2046 5362
2 2046 5367
2 2047 2050
2 2047 4228
2 2047 4266
2 2047 4272
2 2048 2053
2 2048 2991
2 2048 3181
2 2048 5293
2 2048 5390
2 2048 5402
2 2048 5409
2 2049 2051
2 2049 4119
2 2049 4133
2 2049 4136
2 2049 4156
2 2049 4160
2 2049 4166
2 2049 4526
2 2050 2054
2 2050 2055
2 2050 4228
2 2051 2057
2 2051 2062
2 2051 4119
2 2051 4120
2 2051 4133
2 2051 4136
2 2051 4142
2 2051 4171
2 2051 4526
2 2052 4166
2 2052 4171
2 2053 2069
2 2053 2070
2 2053 3008
2 2053 3181
2 2053 3222
2 2053 5293
2 2053 5402
2 2053 5409
2 2053 5414
2 2054 2055
2 2054 2059
2 2054 2060
2 2054 4228
2 2054 4261
2 2054 4285
2 2054 4292
2 2055 2172
2 2055 4261
2 2055 4285
2 2055 4292
2 2055 4298
2 2056 2061
2 2056 2805
2 2056 2806
2 2056 5356
2 2056 5362
2 2056 5367
2 2056 5386
2 2057 2062
2 2057 4142
2 2057 4183
2 2058 2091
2 2058 2098
2 2058 2110
2 2058 2119
2 2058 2123
2 2058 2130
2 2058 2139
2 2058 2147
2 2058 2178
2 2058 2197
2 2058 2223
2 2058 2243
2 2058 2249
2 2058 4286
2 2058 4311
2 2058 4316
2 2058 4325
2 2058 4392
2 2059 2060
2 2059 2065
2 2059 2067
2 2059 2091
2 2059 2147
2 2059 4261
2 2059 4286
2 2059 4310
2 2059 4324
2 2060 4298
2 2061 2805
2 2061 2806
2 2061 5367
2 2061 5373
2 2061 5386
2 2062 2063
2 2062 2077
2 2062 2081
2 2062 4119
2 2062 4120
2 2062 4125
2 2062 4130
2 2062 4161
2 2062 4188
2 2063 4183
2 2063 4188
2 2064 2069
2 2064 2070
2 2064 2072
2 2064 2096
2 2064 3005
2 2064 3006
2 2064 3008
2 2064 5293
2 2064 5414
2 2065 2067
2 2065 2074
2 2065 2091
2 2065 4261
2 2065 4286
2 2065 4315
2 2066 2075
2 2066 2080
2 2066 2801
2 2066 2825
2 2066 5367
2 2066 5373
2 2066 5379
2 2066 5386
2 2066 5393
2 2066 5405
2 2067 4310
2 2068 2076
2 2068 2127
2 2068 2142
2 2068 4155
2 2068 4170
2 2068 4200
2 2068 4211
2 2068 4217
2 2068 4224
2 2068 4232
2 2069 2072
2 2069 2097
2 2069 3005
2 2069 3006
2 2069 3008
2 2069 3024
2 2069 3256
2 2069 5402
2 2069 5414
2 2069 5448
2 2070 2096
2 2070 2684
2 2070 2773
2 2070 2991
2 2070 3005
2 2070 3006
2 2070 5293
2 2070 5390
2 2070 5409
2 2070 5414
2 2071 4188
2 2072 2096
2 2072 2102
2 2072 2806
2 2072 2823
2 2072 3005
2 2072 3024
2 2072 3256
2 2072 3297
2 2072 5341
2 2072 5414
2 2072 5448
2 2072 5454
2 2073 2078
2 2073 3333
2 2073 3334
2 2073 5521
2 2073 5526
2 2073 5530
2 2074 2079
2 2074 2084
2 2074 4261
2 2074 4286
2 2074 4315
2 2074 4323
2 2074 4324
2 2074 4333
2 2074 4339
2 2075 2080
2 2075 2820
2 2075 2823
2 2075 2825
2 2075 5393
2 2075 5398
2 2076 2086
2 2076 2094
2 2076 2142
2 2076 4155
2 2076 4232
2 2076 4243
2 2077 2081
2 2077 2082
2 2077 4130
2 2077 4205
2 2078 2085
2 2078 2090
2 2078 2093
2 2078 2117
2 2078 3330
2 2078 3333
2 2078 3334
2 2078 5367
2 2078 5405
2 2078 5421
2 2078 5444
2 2078 5495
2 2078 5504
2 2078 5516
2 2078 5521
2 2078 5526
2 2078 5530
2 2078 5544
2 2079 2084
2 2079 4324
2 2079 4333
2 2079 4339
2 2080 2818
2 2080 2819
2 2080 2820
2 2080 5393
2 2080 5398
2 2080 5405
2 2081 2088
2 2081 2089
2 2081 4130
2 2081 4161
2 2081 4172
2 2081 4189
2 2081 4205
2 2081 4210
2 2082 4205
2 2082 4210
2 2082 4216
2 2083 2084
2 2083 2091
2 2083 2092
2 2083 4286
2 2083 4311
2 2083 4345
2 2084 2092
2 2084 2101
2 2084 2194
2 2084 2257
2 2084 2264
2 2084 4286
2 2084 4311
2 2084 4316
2 2084 4333
2 2084 4339
2 2084 4345
2 2084 4349
2 2084 4402
2 2085 2090
2 2085 3389
2 2085 5521
2 2085 5530
2 2085 5535
2 2085 5541
2 2085 5544
2 2086 2094
2 2086 4155
2 2086 4165
2 2086 4243
2 2086 4257
2 2087 2093
2 2087 2818
2 2087 2819
2 2087 2836
2 2087 5398
2 2087 5405
2 2088 2089
2 2088 2095
2 2088 2105
2 2088 4130
2 2088 4138
2 2088 4144
2 2088 4210
2 2088 4216
2 2088 4223
2 2089 4205
2 2089 4210
2 2089 4216
2 2090 2117
2 2090 3330
2 2090 3385
2 2090 3387
2 2090 3389
2 2090 5421
2 2090 5444
2 2090 5535
2 2090 5541
2 2090 5544
2 2091 2092
2 2091 2100
2 2091 2101
2 2091 2110
2 2091 2119
2 2091 2147
2 2091 4286
2 2091 4311
2 2091 4325
2 2091 4356
2 2091 4363
2 2092 2101
2 2092 4311
2 2092 4349
2 2092 4356
2 2093 2834
2 2093 2836
2 2093 2852
2 2093 3297
2 2093 3330
2 2093 3333
2 2093 3334
2 2093 5398
2 2093 5405
2 2093 5417
2 2093 5421
2 2093 5504
2 2093 5516
2 2094 2104
2 2094 2115
2 2094 4155
2 2094 4165
2 2094 4257
2 2094 4276
2 2095 4223
2 2096 2102
2 2096 2106
2 2096 2701
2 2096 2782
2 2096 2801
2 2096 2806
2 2096 2823
2 2096 3005
2 2096 5293
2 2096 5414
2 2097 2107
2 2097 2112
2 2097 2124
2 2097 2143
2 2097 2265
2 2097 2991
2 2097 3024
2 2097 3037
2 2097 3112
2 2097 3330
2 2097 3335
2 2097 5402
2 2097 5448
2 2097 5454
2 2097 5463
2 2097 5508
2 2097 5509
2 2097 5516
2 2097 5521
2 2097 5561
2 2097 5681
2 2097 5818
2 2098 2118
2 2098 2138
2 2098 2139
2 2098 2147
2 2098 2154
2 2098 2155
2 2098 2159
2 2098 2163
2 2098 2178
2 2098 2197
2 2098 2249
2 2098 2284
2 2098 4392
2 2098 4398
2 2098 4406
2 2099 2833
2 2099 2852
2 2099 5417
2 2099 5421
2 2099 5427
2 2100 2101
2 2100 2110
2 2100 2111
2 2100 2119
2 2100 4363
2 2100 4368
2 2101 2110
2 2101 2223
2 2101 2277
2 2101 2286
2 2101 4311
2 2101 4316
2 2101 4325
2 2101 4349
2 2101 4356
2 2101 4363
2 2101 4402
2 2102 2106
2 2102 2701
2 2102 2801
2 2102 2806
2 2102 2820
2 2102 2823
2 2102 3005
2 2102 3024
2 2102 5341
2 2102 5348
2 2103 2108
2 2103 3409
2 2103 3410
2 2103 3412
2 2103 5554
2 2103 5560
2 2104 2115
2 2104 2120
2 2104 2166
2 2104 2175
2 2104 4165
2 2104 4181
2 2104 4208
2 2104 4257
2 2104 4276
2 2105 2109
2 2105 2116
2 2105 2122
2 2105 4144
2 2105 4150
2 2105 4189
2 2105 4200
2 2105 4223
2 2105 4231
2 2105 4236
2 2105 4242
2 2106 2701
2 2106 2717
2 2106 2801
2 2106 2818
2 2106 5341
2 2106 5348
2 2107 2112
2 2107 2129
2 2107 3037
2 2107 3052
2 2107 3053
2 2107 5454
2 2108 2113
2 2108 2114
2 2108 2125
2 2108 3409
2 2108 5544
2 2108 5554
2 2108 5560
2 2108 5567
2 2108 5579
2 2109 2116
2 2109 4189
2 2109 4205
2 2109 4231
2 2109 4236
2 2110 2111
2 2110 2119
2 2110 4325
2 2110 4373
2 2110 4379
2 2111 4368
2 2111 4373
2 2112 2124
2 2112 2129
2 2112 2851
2 2112 3052
2 2112 3053
2 2112 3330
2 2112 3335
2 2112 5380
2 2112 5454
2 2113 2114
2 2113 2125
2 2113 2143
2 2113 2160
2 2113 2161
2 2113 3409
2 2113 3412
2 2113 3477
2 2113 5508
2 2113 5509
2 2113 5516
2 2113 5541
2 2113 5544
2 2113 5560
2 2113 5561
2 2113 5567
2 2114 2125
2 2114 3409
2 2114 5465
2 2114 5471
2 2114 5482
2 2114 5554
2 2114 5567
2 2114 5579
2 2115 2120
2 2115 4276
2 2116 2122
2 2116 4189
2 2116 4200
2 2116 4236
2 2116 4242
2 2117 2121
2 2117 2126
2 2117 3385
2 2117 5367
2 2117 5405
2 2117 5421
2 2117 5427
2 2117 5432
2 2117 5437
2 2117 5444
2 2117 5451
2 2117 5459
2 2117 5465
2 2117 5544
2 2117 5554
2 2118 2138
2 2118 2147
2 2118 2163
2 2118 2169
2 2118 2180
2 2118 2284
2 2118 4398
2 2118 4406
2 2118 4438
2 2119 2123
2 2119 2130
2 2119 2139
2 2119 2147
2 2119 4325
2 2119 4386
2 2119 4397
2 2119 4405
2 2119 4412
2 2121 2126
2 2121 2848
2 2121 5427
2 2121 5437
2 2121 5444
2 2121 5451
2 2122 2127
2 2122 2128
2 2122 4150
2 2122 4200
2 2122 4211
2 2122 4217
2 2122 4242
2 2122 4249
2 2122 4256
2 2123 2130
2 2123 2139
2 2123 4325
2 2123 4397
2 2124 2134
2 2124 2851
2 2124 3083
2 2124 3330
2 2124 3385
2 2124 3387
2 2124 3389
2 2124 5380
2 2124 5509
2 2125 2131
2 2125 2135
2 2125 2161
2 2125 3437
2 2125 3438
2 2125 3477
2 2125 5544
2 2125 5579
2 2125 5585
2 2125 5607
2 2126 2848
2 2126 2865
2 2126 2867
2 2126 2868
2 2126 2871
2 2126 5427
2 2126 5437
2 2126 5451
2 2126 5459
2 2126 5465
2 2127 2128
2 2127 2133
2 2127 2136
2 2127 2142
2 2127 4154
2 2127 4164
2 2127 4170
2 2127 4200
2 2127 4211
2 2127 4217
2 2127 4263
2 2127 4269
2 2128 4256
2 2128 4263
2 2129 2733
2 2129 2818
2 2129 2834
2 2129 3037
2 2129 3052
2 2129 5348
2 2129 5380
2 2129 5454
2 2130 2139
2 2130 2141
2 2130 4397
2 2130 4405
2 2130 4412
2 2131 2135
2 2131 2137
2 2131 2146
2 2131 2162
2 2131 3436
2 2131 3477
2 2131 5579
2 2131 5585
2 2131 5595
2 2131 5607
2 2132 2149
2 2132 4198
2 2132 4307
2 2132 4330
2 2133 2136
2 2133 2142
2 2133 2144
2 2133 4170
2 2133 4275
2 2133 4281
2 2133 4282
2 2134 2143
2 2134 2759
2 2134 2851
2 2134 2871
2 2134 3083
2 2134 3109
2 2134 3112
2 2134 3385
2 2134 3409
2 2134 3410
2 2134 3412
2 2134 5380
2 2134 5422
2 2134 5509
2 2135 2137
2 2135 2153
2 2135 2161
2 2135 3477
2 2135 5595
2 2135 5607
2 2136 2142
2 2136 2152
2 2136 4269
2 2136 4275
2 2136 4281
2 2137 3470
2 2137 3473
2 2137 3476
2 2137 3477
2 2137 5595
2 2137 5607
2 2138 2145
2 2138 2154
2 2138 2159
2 2138 2284
2 2138 2302
2 2138 4438
2 2139 2141
2 2139 2147
2 2139 2148
2 2139 2155
2 2139 2156
2 2139 4392
2 2139 4412
2 2139 4418
2 2139 4423
2 2139 4424
2 2140 2146
2 2140 2150
2 2140 2865
2 2140 2882
2 2140 2883
2 2140 2884
2 2140 2898
2 2140 5465
2 2140 5471
2 2140 5477
2 2140 5482
2 2140 5487
2 2140 5492
2 2140 5513
2 2141 4411
2 2141 4412
2 2141 4418
2 2142 2144
2 2142 2151
2 2142 2152
2 2142 4170
2 2142 4217
2 2142 4232
2 2142 4243
2 2142 4281
2 2142 4282
2 2142 4289
2 2143 2160
2 2143 2161
2 2143 2871
2 2143 2884
2 2143 3109
2 2143 3112
2 2143 3409
2 2143 3437
2 2143 3438
2 2143 5509
2 2143 5561
2 2144 4159
2 2144 4170
2 2144 4275
2 2144 4281
2 2144 4282
2 2144 4289
2 2145 2154
2 2145 2202
2 2145 2302
2 2146 2162
2 2146 2882
2 2146 3436
2 2146 5482
2 2146 5487
2 2146 5492
2 2146 5497
2 2146 5579
2 2146 5585
2 2146 5595
2 2147 2148
2 2147 2155
2 2147 2163
2 2147 2178
2 2147 2180
2 2147 2191
2 2147 2197
2 2147 2239
2 2147 2252
2 2147 2311
2 2147 2366
2 2147 2380
2 2147 2780
2 2147 2995
2 2147 3066
2 2147 3140
2 2147 3360
2 2147 4405
2 2147 4412
2 2147 4423
2 2147 4424
2 2147 4430
2 2147 4450
2 2147 4501
2 2147 4854
2 2147 4870
2 2147 4996
2 2147 5105
2 2147 5676
2 2148 4412
2 2148 4423
2 2148 4424
2 2149 4228
2 2149 4330
2 2150 2882
2 2150 5487
2 2150 5492
2 2151 2152
2 2151 2158
2 2151 2166
2 2151 4195
2 2151 4197
2 2151 4243
2 2151 4257
2 2151 4295
2 2152 2158
2 2152 4232
2 2152 4243
2 2152 4257
2 2152 4281
2 2152 4289
2 2152 4295
2 2152 4301
2 2153 2161
2 2153 3477
2 2153 3529
2 2153 3530
2 2153 5607
2 2153 5610
2 2153 5616
2 2154 2159
2 2154 2168
2 2154 2178
2 2154 2191
2 2154 2197
2 2154 2202
2 2154 2212
2 2154 2302
2 2154 2314
2 2154 4480
2 2155 2156
2 2155 2163
2 2155 2164
2 2155 2169
2 2155 4392
2 2155 4398
2 2155 4406
2 2155 4437
2 2155 4444
2 2155 4490
2 2156 2164
2 2156 2333
2 2156 4392
2 2156 4424
2 2156 4430
2 2156 4437
2 2156 4490
2 2157 2162
2 2157 2898
2 2157 2899
2 2157 2900
2 2157 5492
2 2157 5497
2 2157 5513
2 2158 2166
2 2158 2177
2 2158 4243
2 2158 4257
2 2158 4301
2 2159 2168
2 2159 2178
2 2159 2197
2 2159 2200
2 2159 2284
2 2159 2302
2 2159 2314
2 2159 2322
2 2159 2331
2 2159 2346
2 2159 2354
2 2159 4480
2 2160 2173
2 2160 2884
2 2160 3109
2 2160 3112
2 2160 3151
2 2160 3436
2 2160 3437
2 2160 3438
2 2160 3476
2 2160 3477
2 2160 5422
2 2160 5438
2 2160 5542
2 2160 5561
2 2161 2165
2 2161 2174
2 2161 2199
2 2161 2233
2 2161 3477
2 2161 3527
2 2161 3528
2 2161 3529
2 2161 3530
2 2161 3573
2 2161 5508
2 2161 5509
2 2161 5544
2 2161 5561
2 2161 5607
2 2161 5610
2 2161 5616
2 2161 5625
2 2161 5642
2 2161 5649
2 2161 5681
2 2162 2167
2 2162 2176
2 2162 2179
2 2162 2898
2 2162 3436
2 2162 3470
2 2162 5465
2 2162 5482
2 2162 5492
2 2162 5497
2 2162 5513
2 2162 5522
2 2162 5579
2 2162 5595
2 2162 5607
2 2162 5610
2 2163 2164
2 2163 2169
2 2163 2180
2 2163 4406
2 2163 4451
2 2164 2171
2 2164 2333
2 2164 2341
2 2164 4392
2 2164 4437
2 2164 4444
2 2164 4450
2 2164 4490
2 2165 2170
2 2165 2174
2 2165 2199
2 2165 2211
2 2165 3527
2 2165 3528
2 2165 5513
2 2165 5522
2 2165 5579
2 2165 5610
2 2165 5616
2 2165 5625
2 2165 5642
2 2166 2175
2 2166 2177
2 2166 4197
2 2166 4203
2 2166 4208
2 2166 4257
2 2166 4276
2 2166 4301
2 2166 4306
2 2167 2176
2 2167 2179
2 2167 2898
2 2167 2916
2 2167 3470
2 2168 2178
2 2168 2212
2 2168 2331
2 2168 4480
2 2168 4493
2 2169 2171
2 2169 2180
2 2169 2181
2 2169 4406
2 2169 4451
2 2170 2174
2 2170 2189
2 2170 2199
2 2170 2201
2 2170 3527
2 2170 3571
2 2170 5522
2 2170 5538
2 2170 5610
2 2170 5616
2 2170 5642
2 2170 5654
2 2171 2341
2 2171 2347
2 2171 4392
2 2171 4406
2 2171 4444
2 2171 4450
2 2171 4451
2 2171 4461
2 2171 4490
2 2171 4497
2 2172 4228
2 2172 4253
2 2172 4261
2 2172 4353
2 2172 4360
2 2172 4366
2 2173 2182
2 2173 3436
2 2173 3476
2 2173 5438
2 2173 5542
2 2174 2199
2 2174 3573
2 2174 5625
2 2174 5642
2 2175 2177
2 2175 2184
2 2175 4208
2 2175 4276
2 2175 4319
2 2175 4329
2 2176 2179
2 2176 2898
2 2176 2916
2 2176 5513
2 2177 4257
2 2177 4276
2 2177 4281
2 2177 4301
2 2177 4319
2 2178 2190
2 2178 2191
2 2178 2197
2 2178 2200
2 2178 2202
2 2178 2212
2 2178 2226
2 2178 2230
2 2178 2239
2 2178 2331
2 2178 2346
2 2178 2354
2 2178 4493
2 2179 2186
2 2179 2911
2 2179 2915
2 2179 2916
2 2179 3470
2 2179 5513
2 2179 5522
2 2180 2181
2 2180 2185
2 2180 2191
2 2180 4467
2 2180 4472
2 2181 2347
2 2181 2355
2 2181 4406
2 2181 4461
2 2181 4467
2 2181 4529
2 2182 3178
2 2182 3180
2 2182 3470
2 2182 3476
2 2182 5438
2 2182 5466
2 2182 5542
2 2182 5550
2 2182 5555
2 2182 5561
2 2183 2189
2 2183 3571
2 2183 3573
2 2183 5642
2 2183 5649
2 2184 2188
2 2184 4208
2 2184 4214
2 2184 4227
2 2184 4329
2 2184 4336
2 2185 2191
2 2185 4472
2 2185 4479
2 2186 2195
2 2186 2911
2 2186 2915
2 2186 5513
2 2186 5522
2 2186 5528
2 2187 2194
2 2187 4376
2 2188 4227
2 2188 4329
2 2188 4336
2 2188 4342
2 2189 2192
2 2189 2199
2 2189 3571
2 2189 5538
2 2189 5642
2 2189 5649
2 2189 5654
2 2190 2197
2 2190 2200
2 2190 2239
2 2190 2346
2 2190 2354
2 2190 4540
2 2190 4547
2 2191 2193
2 2191 2202
2 2191 2203
2 2191 2226
2 2191 2239
2 2191 4492
2 2191 4501
2 2192 2199
2 2192 3654
2 2192 5649
2 2192 5654
2 2193 4486
2 2193 4492
2 2194 2205
2 2194 2257
2 2194 4261
2 2194 4286
2 2194 4376
2 2194 4402
2 2195 2201
2 2195 2911
2 2195 2932
2 2195 2933
2 2195 5522
2 2195 5528
2 2196 2208
2 2196 4352
2 2196 4359
2 2197 2200
2 2197 2209
2 2197 2220
2 2197 2238
2 2197 2239
2 2197 2252
2 2197 2278
2 2197 2280
2 2197 2281
2 2197 2311
2 2197 2322
2 2197 2354
2 2197 2376
2 2197 2394
2 2197 2414
2 2197 2440
2 2197 2504
2 2197 3360
2 2197 4547
2 2197 4775
2 2197 4883
2 2197 5002
2 2197 5285
2 2197 5355
2 2197 5676
2 2198 2210
2 2198 2233
2 2198 3176
2 2198 3218
2 2198 3220
2 2198 3527
2 2198 3528
2 2198 3573
2 2198 5555
2 2198 5561
2 2198 5580
2 2199 2204
2 2199 2211
2 2199 2227
2 2199 3650
2 2199 3654
2 2199 5513
2 2199 5522
2 2199 5538
2 2199 5544
2 2199 5557
2 2199 5579
2 2199 5607
2 2199 5610
2 2199 5642
2 2199 5649
2 2199 5654
2 2199 5681
2 2200 2354
2 2200 2376
2 2200 4540
2 2200 4547
2 2201 2207
2 2201 2928
2 2201 2931
2 2201 2932
2 2201 2933
2 2201 3527
2 2201 3571
2 2201 5522
2 2201 5528
2 2201 5538
2 2202 2203
2 2202 2212
2 2202 2214
2 2202 2226
2 2202 4501
2 2202 4507
2 2203 2214
2 2203 4492
2 2203 4500
2 2203 4501
2 2203 4507
2 2204 2211
2 2204 2227
2 2204 3647
2 2204 3650
2 2204 5557
2 2204 5654
2 2204 5663
2 2205 2223
2 2205 4286
2 2205 4316
2 2205 4402
2 2206 2208
2 2206 2217
2 2206 2219
2 2206 4246
2 2206 4307
2 2206 4330
2 2206 4365
2 2206 4371
2 2206 4375
2 2207 2213
2 2207 2928
2 2207 2931
2 2207 5528
2 2207 5538
2 2208 4307
2 2208 4352
2 2208 4359
2 2208 4365
2 2209 2220
2 2209 2238
2 2209 2252
2 2209 2281
2 2209 4540
2 2209 4547
2 2209 4580
2 2210 2215
2 2210 2224
2 2210 2235
2 2210 2915
2 2210 2933
2 2210 3176
2 2210 3217
2 2210 3220
2 2210 3527
2 2210 5550
2 2210 5555
2 2210 5561
2 2210 5580
2 2211 2216
2 2211 2221
2 2211 2242
2 2211 2275
2 2211 3647
2 2211 3766
2 2211 5367
2 2211 5465
2 2211 5495
2 2211 5513
2 2211 5522
2 2211 5538
2 2211 5544
2 2211 5557
2 2211 5576
2 2211 5579
2 2211 5593
2 2211 5610
2 2211 5618
2 2211 5628
2 2211 5663
2 2211 5668
2 2211 5673
2 2211 5681
2 2211 5686
2 2211 5715
2 2211 5792
2 2212 2214
2 2212 2218
2 2212 4480
2 2212 4501
2 2212 4518
2 2213 2911
2 2213 2928
2 2213 2950
2 2213 5513
2 2213 5528
2 2213 5538
2 2213 5552
2 2214 2218
2 2214 2314
2 2214 2387
2 2214 2395
2 2214 4480
2 2214 4500
2 2214 4507
2 2214 4518
2 2214 4564
2 2215 2235
2 2215 2253
2 2215 2933
2 2215 3217
2 2215 3527
2 2215 3571
2 2215 5580
2 2215 5586
2 2216 3766
2 2216 5663
2 2216 5668
2 2217 2219
2 2217 4330
2 2217 4371
2 2217 4375
2 2218 2222
2 2218 2314
2 2218 2339
2 2218 2387
2 2218 2395
2 2218 2404
2 2218 4480
2 2218 4493
2 2218 4518
2 2218 4525
2 2218 4532
2 2218 4546
2 2219 4246
2 2219 4266
2 2219 4272
2 2219 4279
2 2219 4371
2 2219 4375
2 2219 4382
2 2219 4415
2 2220 2238
2 2220 2245
2 2220 2252
2 2220 2269
2 2220 2278
2 2220 2280
2 2220 2281
2 2220 2354
2 2220 2384
2 2220 2394
2 2220 2414
2 2220 4580
2 2221 3762
2 2221 3764
2 2221 3766
2 2221 5668
2 2221 5673
2 2221 5681
2 2222 2226
2 2222 2228
2 2222 2339
2 2222 4480
2 2222 4493
2 2222 4532
2 2222 4539
2 2222 4546
2 2223 2277
2 2223 2286
2 2223 4316
2 2223 4325
2 2223 4402
2 2223 4433
2 2224 2235
2 2224 2799
2 2224 2911
2 2224 2915
2 2224 2928
2 2224 2933
2 2224 3176
2 2224 5466
2 2224 5550
2 2225 2229
2 2225 4382
2 2225 4394
2 2226 2228
2 2226 2230
2 2226 2231
2 2226 2239
2 2226 4493
2 2226 4553
2 2226 4561
2 2226 4568
2 2227 2232
2 2227 2242
2 2227 2953
2 2227 2954
2 2227 3646
2 2227 3647
2 2227 3650
2 2227 5538
2 2227 5552
2 2227 5557
2 2227 5576
2 2227 5654
2 2227 5663
2 2228 2230
2 2228 2231
2 2228 2339
2 2228 2426
2 2228 4493
2 2228 4546
2 2228 4553
2 2229 4353
2 2229 4394
2 2229 4401
2 2230 2231
2 2230 2239
2 2230 2246
2 2230 4493
2 2230 4540
2 2230 4568
2 2231 2339
2 2231 4493
2 2231 4553
2 2231 4561
2 2232 2236
2 2232 2950
2 2232 2952
2 2232 5552
2 2232 5557
2 2232 5564
2 2233 2241
2 2233 3218
2 2233 3220
2 2233 3254
2 2233 3571
2 2233 3573
2 2233 5561
2 2233 5580
2 2233 5586
2 2233 5602
2 2233 5642
2 2233 5649
2 2233 5681
2 2234 4401
2 2234 4415
2 2235 2253
2 2235 2814
2 2235 2817
2 2235 2911
2 2235 2928
2 2235 2933
2 2235 3176
2 2235 3217
2 2235 3254
2 2235 5586
2 2236 2240
2 2236 2950
2 2236 5552
2 2236 5557
2 2236 5564
2 2237 2248
2 2237 2258
2 2237 3762
2 2237 3773
2 2237 3775
2 2237 5593
2 2237 5686
2 2237 5697
2 2238 2245
2 2238 2251
2 2238 2278
2 2238 2281
2 2238 2291
2 2238 2414
2 2238 4599
2 2238 4605
2 2238 4622
2 2239 2246
2 2239 2247
2 2239 2252
2 2239 2366
2 2239 2380
2 2239 4501
2 2239 4540
2 2239 4561
2 2239 4568
2 2239 4579
2 2239 4595
2 2240 2242
2 2240 2950
2 2240 5557
2 2240 5564
2 2241 2253
2 2241 2254
2 2241 2265
2 2241 2271
2 2241 3254
2 2241 3295
2 2241 3571
2 2241 3646
2 2241 5561
2 2241 5602
2 2241 5630
2 2241 5649
2 2241 5681
2 2242 2969
2 2242 3646
2 2242 5513
2 2242 5552
2 2242 5557
2 2242 5564
2 2242 5570
2 2242 5576
2 2242 5583
2 2242 5593
2 2242 5599
2 2242 5628
2 2242 5663
2 2243 2249
2 2243 2296
2 2243 2306
2 2243 4325
2 2243 4392
2 2243 4447
2 2243 4464
2 2243 4470
2 2244 2250
2 2244 2257
2 2244 4310
2 2244 4315
2 2244 4323
2 2244 4360
2 2244 4366
2 2244 4376
2 2244 4415
2 2244 4421
2 2244 4427
2 2245 2251
2 2245 2259
2 2245 2278
2 2245 2280
2 2245 2414
2 2245 2420
2 2245 2425
2 2245 4599
2 2245 4605
2 2245 4622
2 2245 4642
2 2246 2247
2 2246 2252
2 2246 4540
2 2246 4595
2 2247 2362
2 2247 4540
2 2247 4547
2 2247 4579
2 2247 4585
2 2248 2258
2 2248 2965
2 2248 2966
2 2248 2969
2 2248 3646
2 2248 3762
2 2248 5576
2 2248 5583
2 2248 5589
2 2248 5593
2 2248 5686
2 2249 4392
2 2249 4447
2 2249 4464
2 2249 4470
2 2249 4476
2 2250 4323
2 2250 4415
2 2250 4427
2 2250 4441
2 2251 2259
2 2251 2278
2 2251 2281
2 2251 2291
2 2251 2312
2 2251 2319
2 2251 2327
2 2251 4622
2 2251 4627
2 2251 4642
2 2252 2256
2 2252 2260
2 2252 2263
2 2252 2269
2 2252 2278
2 2252 2281
2 2252 2311
2 2252 2366
2 2252 4540
2 2252 4580
2 2252 4595
2 2253 2271
2 2253 2814
2 2253 2817
2 2253 2831
2 2253 2847
2 2253 2928
2 2253 2933
2 2253 2952
2 2253 2953
2 2253 2954
2 2253 3254
2 2253 3295
2 2253 5586
2 2254 2271
2 2254 2295
2 2254 2969
2 2254 3295
2 2254 3646
2 2254 3762
2 2254 3766
2 2254 5630
2 2254 5636
2 2255 2261
2 2255 3781
2 2255 3782
2 2255 3785
2 2255 3786
2 2255 3788
2 2255 5721
2 2255 5727
2 2256 4595
2 2257 2264
2 2257 4315
2 2257 4323
2 2257 4333
2 2257 4339
2 2257 4376
2 2257 4402
2 2257 4441
2 2257 4446
2 2258 2267
2 2258 2978
2 2258 2981
2 2258 3762
2 2258 3773
2 2258 5593
2 2258 5599
2 2258 5605
2 2258 5697
2 2259 4627
2 2259 4642
2 2260 2263
2 2260 2269
2 2260 2270
2 2260 4580
2 2260 4604
2 2260 4611
2 2261 2268
2 2261 2274
2 2261 2275
2 2261 2299
2 2261 2316
2 2261 3788
2 2261 3810
2 2261 5650
2 2261 5674
2 2261 5681
2 2261 5704
2 2261 5710
2 2261 5715
2 2261 5716
2 2261 5721
2 2261 5727
2 2261 5733
2 2261 5737
2 2262 2267
2 2262 2272
2 2262 2977
2 2262 2978
2 2262 2981
2 2262 5599
2 2262 5605
2 2262 5613
2 2262 5618
2 2262 5628
2 2263 4604
2 2264 2266
2 2264 4333
2 2264 4339
2 2264 4349
2 2264 4402
2 2264 4454
2 2264 4458
2 2265 2274
2 2265 3326
2 2265 3327
2 2265 3435
2 2265 3469
2 2265 5561
2 2265 5630
2 2265 5636
2 2265 5650
2 2265 5681
2 2265 5704
2 2265 5716
2 2265 5818
2 2266 4349
2 2266 4446
2 2266 4454
2 2266 4458
2 2267 2272
2 2267 2276
2 2267 2976
2 2267 2977
2 2267 2978
2 2267 2989
2 2267 3773
2 2267 3781
2 2267 3782
2 2267 5605
2 2267 5618
2 2267 5697
2 2267 5711
2 2267 5715
2 2268 2275
2 2268 3810
2 2268 5737
2 2268 5745
2 2269 2270
2 2269 2281
2 2269 2283
2 2269 4580
2 2269 4621
2 2270 2281
2 2270 2464
2 2270 4580
2 2270 4611
2 2270 4621
2 2270 4634
2 2270 4667
2 2270 4681
2 2271 2295
2 2271 2831
2 2271 2846
2 2271 2847
2 2271 2950
2 2271 2952
2 2271 2965
2 2271 2969
2 2271 3254
2 2271 3295
2 2272 2276
2 2272 2976
2 2272 2977
2 2272 5599
2 2272 5605
2 2272 5613
2 2272 5618
2 2273 2284
2 2273 4392
2 2273 4398
2 2273 4406
2 2273 4490
2 2273 4497
2 2273 4522
2 2273 4529
2 2274 2299
2 2274 2303
2 2274 2316
2 2274 2978
2 2274 2989
2 2274 3326
2 2274 3381
2 2274 3384
2 2274 3435
2 2274 3773
2 2274 3775
2 2274 3782
2 2274 3785
2 2274 3788
2 2274 5650
2 2274 5669
2 2274 5674
2 2274 5704
2 2274 5710
2 2274 5716
2 2275 2282
2 2275 2292
2 2275 2316
2 2275 2586
2 2275 3805
2 2275 3810
2 2275 3830
2 2275 5544
2 2275 5628
2 2275 5644
2 2275 5651
2 2275 5681
2 2275 5704
2 2275 5710
2 2275 5715
2 2275 5716
2 2275 5721
2 2275 5733
2 2275 5737
2 2275 5745
2 2275 5757
2 2275 5769
2 2275 5773
2 2275 5792
2 2275 5818
2 2275 5852
2 2275 5964
2 2275 5977
2 2276 2989
2 2276 3781
2 2276 5613
2 2276 5618
2 2277 2286
2 2277 4349
2 2277 4356
2 2277 4363
2 2277 4402
2 2277 4433
2 2277 4458
2 2277 4469
2 2277 4475
2 2278 2280
2 2278 2281
2 2278 2297
2 2278 2311
2 2278 2327
2 2278 2337
2 2278 2344
2 2278 2349
2 2278 2357
2 2278 2366
2 2278 4663
2 2278 4670
2 2278 4678
2 2278 4698
2 2279 2285
2 2279 2988
2 2279 2989
2 2279 3781
2 2279 5613
2 2279 5618
2 2279 5628
2 2279 5644
2 2279 5733
2 2279 5745
2 2280 2414
2 2280 2462
2 2280 4663
2 2280 4670
2 2280 4678
2 2281 2283
2 2281 2287
2 2281 2291
2 2281 2293
2 2281 2312
2 2281 2319
2 2281 2327
2 2281 2366
2 2281 4580
2 2281 4599
2 2281 4605
2 2281 4622
2 2282 2288
2 2282 2292
2 2282 3802
2 2282 5644
2 2282 5651
2 2282 5745
2 2282 5757
2 2282 5762
2 2283 4621
2 2283 4634
2 2284 2302
2 2284 2322
2 2284 4398
2 2284 4406
2 2284 4438
2 2284 4522
2 2284 4529
2 2285 2986
2 2285 2987
2 2285 2988
2 2285 5613
2 2285 5628
2 2285 5644
2 2286 2289
2 2286 2290
2 2286 4363
2 2286 4433
2 2286 4475
2 2286 4483
2 2287 4641
2 2288 2292
2 2288 3802
2 2288 5757
2 2288 5762
2 2289 2296
2 2289 4379
2 2289 4433
2 2289 4447
2 2289 4483
2 2289 4489
2 2289 4496
2 2290 4433
2 2290 4475
2 2290 4483
2 2290 4489
2 2290 4496
2 2291 2293
2 2291 2301
2 2291 4605
2 2291 4622
2 2291 4650
2 2291 4656
2 2291 4662
2 2292 5628
2 2292 5651
2 2292 5757
2 2292 5762
2 2292 5769
2 2292 5773
2 2292 5792
2 2293 2301
2 2293 2483
2 2293 2500
2 2293 4605
2 2293 4622
2 2293 4647
2 2293 4656
2 2294 2302
2 2294 4438
2 2294 4550
2 2294 4557
2 2295 2303
2 2295 2862
2 2295 2864
2 2295 2976
2 2295 2978
2 2295 3326
2 2295 5547
2 2295 5636
2 2295 5650
2 2296 2306
2 2296 2307
2 2296 4379
2 2296 4391
2 2296 4447
2 2296 4483
2 2296 4489
2 2296 4496
2 2296 4504
2 2297 2311
2 2297 2318
2 2297 2349
2 2297 2482
2 2297 2489
2 2297 2499
2 2297 4698
2 2297 4722
2 2298 2301
2 2298 4662
2 2299 2304
2 2299 2316
2 2299 3407
2 2299 5669
2 2299 5674
2 2300 2305
2 2300 3826
2 2300 3828
2 2300 3830
2 2300 5661
2 2300 5762
2 2300 5773
2 2300 5792
2 2301 2500
2 2301 2514
2 2301 4605
2 2301 4622
2 2301 4656
2 2301 4662
2 2302 2314
2 2302 2322
2 2302 4438
2 2302 4557
2 2302 4564
2 2302 4571
2 2302 4576
2 2303 2308
2 2303 2862
2 2303 2864
2 2303 2878
2 2303 2881
2 2303 2976
2 2303 2978
2 2303 2989
2 2303 3326
2 2303 3381
2 2303 3383
2 2303 5547
2 2303 5571
2 2303 5650
2 2303 5669
2 2304 2309
2 2304 2316
2 2304 3407
2 2304 5674
2 2305 2310
2 2305 2317
2 2305 3823
2 2305 3826
2 2305 3830
2 2305 5661
2 2305 5773
2 2305 5788
2 2305 5792
2 2306 2307
2 2306 4391
2 2306 4411
2 2306 4418
2 2306 4515
2 2307 4504
2 2307 4510
2 2308 2862
2 2308 2881
2 2308 2976
2 2308 2989
2 2308 5547
2 2308 5571
2 2309 2316
2 2309 3407
2 2309 3435
2 2309 5669
2 2309 5674
2 2309 5692
2 2310 2317
2 2310 2323
2 2310 2335
2 2310 2340
2 2310 3823
2 2310 3826
2 2310 5661
2 2310 5677
2 2310 5788
2 2310 5792
2 2311 2318
2 2311 2326
2 2311 2336
2 2311 2349
2 2311 2357
2 2311 2364
2 2311 2366
2 2311 2380
2 2311 2399
2 2311 2504
2 2311 2508
2 2311 2540
2 2311 2780
2 2311 2995
2 2311 3066
2 2311 3360
2 2311 4698
2 2311 4722
2 2311 5676
2 2312 2319
2 2312 2321
2 2312 4627
2 2312 4677
2 2312 4683
2 2312 4686
2 2313 2320
2 2313 2998
2 2313 2999
2 2313 3000
2 2313 3004
2 2313 3015
2 2313 5638
2 2313 5647
2 2313 5651
2 2313 5657
2 2314 2322
2 2314 2387
2 2314 4480
2 2314 4564
2 2314 4571
2 2314 4576
2 2315 2324
2 2315 4418
2 2315 4515
2 2315 4521
2 2315 4528
2 2316 2343
2 2316 3407
2 2316 3435
2 2316 3803
2 2316 3810
2 2316 5669
2 2316 5674
2 2316 5692
2 2316 5704
2 2317 2323
2 2317 2340
2 2317 5788
2 2317 5792
2 2318 2326
2 2318 2357
2 2318 2489
2 2318 2499
2 2318 2511
2 2318 2528
2 2318 4722
2 2319 2321
2 2319 2327
2 2319 2330
2 2319 4627
2 2319 4642
2 2319 4663
2 2319 4686
2 2319 4693
2 2319 4697
2 2320 2325
2 2320 2329
2 2320 2998
2 2320 5628
2 2320 5638
2 2320 5647
2 2320 5651
2 2320 5657
2 2321 2330
2 2321 2436
2 2321 2514
2 2321 2522
2 2321 2531
2 2321 4627
2 2321 4642
2 2321 4663
2 2321 4683
2 2321 4686
2 2321 4693
2 2322 2331
2 2322 2346
2 2322 2354
2 2322 2414
2 2322 2440
2 2322 4480
2 2322 4576
2 2323 2328
2 2323 2340
2 2323 5677
2 2323 5683
2 2323 5689
2 2323 5788
2 2323 5792
2 2323 5793
2 2324 2333
2 2324 2334
2 2324 4418
2 2324 4423
2 2324 4490
2 2324 4536
2 2324 4543
2 2325 2329
2 2325 2998
2 2325 3022
2 2325 5651
2 2325 5657
2 2325 5661
2 2326 2336
2 2326 2357
2 2326 2380
2 2326 2391
2 2326 2511
2 2326 2520
2 2326 2528
2 2326 4746
2 2327 2330
2 2327 2337
2 2327 2344
2 2327 2349
2 2327 2366
2 2327 4663
2 2327 4670
2 2327 4678
2 2327 4686
2 2327 4697
2 2327 4706
2 2328 2332
2 2328 3856
2 2328 5792
2 2328 5793
2 2328 5805
2 2329 3015
2 2329 3019
2 2329 3022
2 2329 5628
2 2329 5638
2 2329 5651
2 2329 5657
2 2329 5661
2 2329 5666
2 2329 5677
2 2329 5773
2 2329 5792
2 2330 4693
2 2330 4697
2 2331 2339
2 2331 2346
2 2331 4480
2 2331 4493
2 2332 2338
2 2332 2345
2 2332 2365
2 2332 3851
2 2332 3853
2 2332 3856
2 2332 5689
2 2332 5695
2 2332 5792
2 2332 5793
2 2332 5805
2 2333 2334
2 2333 2341
2 2333 4423
2 2333 4437
2 2333 4444
2 2333 4490
2 2333 4497
2 2333 4536
2 2333 4556
2 2334 2341
2 2334 2342
2 2334 4490
2 2334 4497
2 2334 4510
2 2334 4521
2 2334 4522
2 2334 4528
2 2334 4543
2 2334 4549
2 2334 4556
2 2335 2340
2 2335 3015
2 2335 3017
2 2335 3022
2 2335 5661
2 2335 5666
2 2335 5677
2 2335 5792
2 2336 2357
2 2336 2364
2 2336 2380
2 2336 2391
2 2336 2399
2 2336 2528
2 2336 4746
2 2336 4767
2 2337 2344
2 2337 4670
2 2337 4678
2 2337 4713
2 2338 2345
2 2338 2358
2 2338 2363
2 2338 2365
2 2338 3848
2 2338 3851
2 2338 3874
2 2338 5792
2 2338 5805
2 2338 5823
2 2338 5852
2 2339 2346
2 2339 2426
2 2339 4480
2 2339 4493
2 2340 2348
2 2340 3015
2 2340 3017
2 2340 3022
2 2340 3036
2 2340 3823
2 2340 5661
2 2340 5666
2 2340 5677
2 2340 5683
2 2340 5734
2 2340 5792
2 2341 2342
2 2341 2347
2 2341 4437
2 2341 4444
2 2341 4450
2 2341 4461
2 2341 4490
2 2341 4497
2 2341 4529
2 2341 4582
2 2342 4556
2 2343 2878
2 2343 2895
2 2343 2986
2 2343 2998
2 2343 5571
2 2343 5619
2 2343 5669
2 2343 5674
2 2343 5692
2 2344 2349
2 2344 2352
2 2344 4678
2 2344 4698
2 2344 4721
2 2344 4728
2 2345 2358
2 2345 2363
2 2345 2365
2 2345 2378
2 2345 3848
2 2345 3851
2 2345 3869
2 2345 3871
2 2345 5695
2 2345 5713
2 2345 5792
2 2345 5823
2 2346 2354
2 2346 4493
2 2347 2355
2 2347 4461
2 2347 4497
2 2347 4529
2 2347 4582
2 2347 4588
2 2348 2350
2 2348 2356
2 2348 3015
2 2348 3036
2 2348 5666
2 2348 5677
2 2349 2352
2 2349 2359
2 2349 2360
2 2349 2366
2 2349 4698
2 2349 4728
2 2349 4735
2 2350 2353
2 2350 3035
2 2350 3036
2 2350 5677
2 2350 5683
2 2351 2381
2 2351 2385
2 2351 3431
2 2351 3469
2 2351 3823
2 2351 5619
2 2351 5716
2 2351 5734
2 2351 5746
2 2351 5770
2 2351 5818
2 2352 2359
2 2352 2360
2 2352 2567
2 2352 4698
2 2352 4728
2 2352 4735
2 2353 2356
2 2353 3034
2 2353 3035
2 2353 5677
2 2353 5683
2 2353 5689
2 2354 2362
2 2354 2376
2 2354 2394
2 2354 2414
2 2354 4547
2 2354 4638
2 2354 4659
2 2355 2370
2 2355 2377
2 2355 4461
2 2355 4529
2 2355 4582
2 2355 4588
2 2356 2361
2 2356 2365
2 2356 2372
2 2356 2416
2 2356 3015
2 2356 3032
2 2356 3034
2 2356 3046
2 2356 5628
2 2356 5677
2 2356 5689
2 2356 5695
2 2356 5707
2 2356 5724
2 2357 2364
2 2357 2528
2 2357 2535
2 2357 2545
2 2357 2557
2 2357 2565
2 2357 4746
2 2357 4767
2 2357 4773
2 2357 4797
2 2358 2363
2 2358 2369
2 2358 3869
2 2358 3871
2 2358 3874
2 2358 5713
2 2358 5823
2 2358 5842
2 2358 5852
2 2359 2360
2 2359 2366
2 2359 2367
2 2359 2567
2 2359 2577
2 2359 4698
2 2359 4740
2 2359 4807
2 2360 2567
2 2360 2577
2 2360 4735
2 2360 4740
2 2361 2365
2 2361 2372
2 2361 3032
2 2361 5677
2 2361 5695
2 2361 5700
2 2362 2376
2 2362 2426
2 2362 2439
2 2362 2444
2 2362 2457
2 2362 4540
2 2362 4547
2 2362 4585
2 2362 4638
2 2362 4667
2 2363 2365
2 2363 2369
2 2363 2375
2 2363 2400
2 2363 2403
2 2363 2416
2 2363 3869
2 2363 5713
2 2363 5719
2 2363 5730
2 2363 5792
2 2363 5842
2 2363 5852
2 2364 2371
2 2364 2379
2 2364 2380
2 2364 2399
2 2364 2406
2 2364 2411
2 2364 2422
2 2364 2431
2 2364 2441
2 2364 2474
2 2364 2495
2 2364 2504
2 2364 2508
2 2364 4767
2 2364 4773
2 2364 4797
2 2365 2372
2 2365 2378
2 2365 2403
2 2365 2416
2 2365 3848
2 2365 5628
2 2365 5677
2 2365 5689
2 2365 5695
2 2365 5700
2 2365 5707
2 2365 5713
2 2365 5792
2 2366 2367
2 2366 2373
2 2366 2374
2 2366 2380
2 2366 2504
2 2366 2540
2 2366 2780
2 2366 2818
2 2366 3140
2 2366 4686
2 2366 4698
2 2366 4722
2 2366 4745
2 2366 4766
2 2367 4745
2 2367 4752
2 2368 2385
2 2368 2393
2 2368 3035
2 2368 3465
2 2368 5738
2 2368 5746
2 2368 5752
2 2369 2375
2 2369 5842
2 2369 5852
2 2370 2377
2 2370 2387
2 2370 4500
2 2370 4550
2 2370 4564
2 2370 4592
2 2370 4602
2 2370 4614
2 2371 2379
2 2371 2431
2 2371 2441
2 2371 2442
2 2371 4797
2 2372 2378
2 2372 3032
2 2372 3050
2 2372 5700
2 2372 5707
2 2372 5713
2 2373 2374
2 2373 2380
2 2373 4722
2 2373 4766
2 2374 2585
2 2374 4722
2 2374 4752
2 2374 4760
2 2374 4807
2 2375 2400
2 2375 2403
2 2375 2413
2 2375 2416
2 2375 3888
2 2375 3894
2 2375 3895
2 2375 3896
2 2375 5730
2 2375 5742
2 2375 5852
2 2375 5861
2 2375 5866
2 2376 2384
2 2376 2394
2 2376 4547
2 2376 4638
2 2376 4659
2 2376 4667
2 2377 2387
2 2377 2388
2 2377 4529
2 2377 4550
2 2377 4564
2 2377 4571
2 2377 4576
2 2377 4592
2 2377 4602
2 2377 4608
2 2378 2382
2 2378 3049
2 2378 3050
2 2378 3869
2 2378 5700
2 2378 5707
2 2378 5713
2 2379 2398
2 2379 2406
2 2379 2441
2 2379 2442
2 2379 2454
2 2379 2456
2 2379 2459
2 2379 2576
2 2379 2584
2 2379 4797
2 2379 4840
2 2379 4917
2 2380 2383
2 2380 2391
2 2380 2392
2 2380 2399
2 2380 2441
2 2380 2454
2 2380 2508
2 2380 2540
2 2380 2818
2 2380 4722
2 2380 4766
2 2380 4772
2 2380 4779
2 2380 4783
2 2380 4790
2 2380 5172
2 2381 2389
2 2381 2421
2 2381 3050
2 2381 3848
2 2381 5746
2 2381 5752
2 2381 5758
2 2381 5763
2 2381 5770
2 2382 3046
2 2382 3047
2 2382 3048
2 2382 3049
2 2382 5707
2 2382 5713
2 2382 5719
2 2383 4766
2 2383 4772
2 2384 2394
2 2384 4547
2 2384 4580
2 2384 4659
2 2384 4667
2 2385 2386
2 2385 2393
2 2385 2927
2 2385 3017
2 2385 3035
2 2385 3431
2 2385 3465
2 2385 3467
2 2385 5619
2 2385 5716
2 2385 5734
2 2385 5738
2 2385 5746
2 2386 2393
2 2386 2907
2 2386 2927
2 2386 2948
2 2386 3032
2 2386 3035
2 2386 5619
2 2387 2388
2 2387 2395
2 2387 2405
2 2387 4500
2 2387 4518
2 2387 4564
2 2387 4571
2 2387 4576
2 2387 4614
2 2387 4618
2 2388 4614
2 2389 2396
2 2389 2409
2 2389 2421
2 2389 3047
2 2389 3050
2 2389 3521
2 2389 3522
2 2389 3848
2 2389 3869
2 2389 3874
2 2389 5678
2 2389 5752
2 2389 5758
2 2389 5763
2 2389 5770
2 2389 5774
2 2390 3888
2 2390 3891
2 2390 3894
2 2390 3895
2 2390 5861
2 2390 5866
2 2391 2392
2 2391 2399
2 2391 2401
2 2391 4722
2 2391 4746
2 2391 4783
2 2391 4790
2 2392 2401
2 2392 2526
2 2392 2607
2 2392 4722
2 2392 4746
2 2392 4779
2 2392 4783
2 2392 4790
2 2392 4804
2 2393 2421
2 2393 2927
2 2393 2948
2 2393 3032
2 2393 3035
2 2393 3050
2 2393 3465
2 2393 5746
2 2393 5752
2 2393 5758
2 2394 2402
2 2394 2414
2 2394 4580
2 2394 4667
2 2394 4674
2 2394 4681
2 2395 2404
2 2395 2405
2 2395 4518
2 2395 4576
2 2395 4630
2 2396 2409
2 2396 3521
2 2396 3568
2 2396 5770
2 2396 5774
2 2396 5794
2 2396 5811
2 2396 5818
2 2397 2410
2 2397 2433
2 2397 2438
2 2397 3891
2 2397 3895
2 2397 3896
2 2397 3922
2 2397 5811
2 2397 5818
2 2397 5866
2 2397 5870
2 2397 5881
2 2397 5899
2 2397 5908
2 2398 2406
2 2398 2408
2 2398 2459
2 2398 4840
2 2398 4853
2 2399 2401
2 2399 2411
2 2399 2422
2 2399 2431
2 2399 2441
2 2399 2454
2 2399 4746
2 2399 4767
2 2399 4790
2 2399 4796
2 2399 4834
2 2400 2403
2 2400 3074
2 2400 3079
2 2400 3082
2 2400 5719
2 2400 5724
2 2400 5730
2 2400 5736
2 2400 5742
2 2401 2526
2 2401 2607
2 2401 4746
2 2401 4790
2 2401 4796
2 2401 4804
2 2402 4580
2 2402 4681
2 2403 2407
2 2403 2413
2 2403 2416
2 2403 3074
2 2403 3077
2 2403 5707
2 2403 5713
2 2403 5719
2 2403 5724
2 2403 5730
2 2403 5736
2 2403 5742
2 2404 2405
2 2404 4518
2 2404 4525
2 2404 4546
2 2404 4637
2 2404 4644
2 2405 4576
2 2405 4630
2 2405 4637
2 2406 2408
2 2406 2430
2 2406 2440
2 2406 2441
2 2406 2459
2 2406 2468
2 2406 2474
2 2406 2477
2 2406 2487
2 2406 2495
2 2406 2504
2 2406 2508
2 2406 4853
2 2407 2413
2 2407 3074
2 2407 5742
2 2407 5749
2 2408 2430
2 2408 2440
2 2408 2595
2 2408 2604
2 2408 2616
2 2408 2617
2 2408 2620
2 2408 2625
2 2408 4840
2 2408 4853
2 2409 2446
2 2409 3566
2 2409 3567
2 2409 3568
2 2409 3869
2 2409 3896
2 2409 5678
2 2409 5770
2 2409 5794
2 2409 5800
2 2409 5811
2 2410 2424
2 2410 3922
2 2410 5881
2 2410 5886
2 2410 5893
2 2410 5899
2 2411 2412
2 2411 2417
2 2411 2419
2 2411 2422
2 2411 4767
2 2411 4773
2 2411 4810
2 2411 4816
2 2411 4829
2 2411 4834
2 2412 4804
2 2412 4810
2 2413 2416
2 2413 3074
2 2413 3888
2 2413 5742
2 2413 5749
2 2413 5766
2 2413 5861
2 2413 5866
2 2413 5870
2 2414 2420
2 2414 2425
2 2414 4599
2 2414 4605
2 2414 4701
2 2414 4710
2 2415 4644
2 2415 4653
2 2416 2447
2 2416 2648
2 2416 3046
2 2416 3074
2 2416 3106
2 2416 3888
2 2416 5628
2 2416 5677
2 2416 5707
2 2416 5713
2 2416 5724
2 2416 5749
2 2416 5755
2 2416 5760
2 2416 5766
2 2416 5776
2 2416 5792
2 2416 5802
2 2416 5808
2 2416 5809
2 2416 5833
2 2416 5852
2 2416 5866
2 2416 5870
2 2416 5878
2 2416 5881
2 2417 2419
2 2417 2422
2 2417 2423
2 2417 4773
2 2417 4816
2 2417 4823
2 2417 4829
2 2418 2424
2 2418 3916
2 2418 3919
2 2418 3921
2 2418 5780
2 2418 5790
2 2418 5797
2 2418 5886
2 2418 5893
2 2418 5899
2 2418 5906
2 2419 4816
2 2419 4823
2 2420 2425
2 2420 4599
2 2420 4605
2 2420 4701
2 2420 4710
2 2421 2427
2 2421 2446
2 2421 2945
2 2421 2948
2 2421 2958
2 2421 3032
2 2421 3046
2 2421 3047
2 2421 3050
2 2421 3521
2 2421 5678
2 2421 5752
2 2421 5758
2 2421 5763
2 2422 2423
2 2422 2431
2 2422 2434
2 2422 2441
2 2422 4773
2 2422 4797
2 2422 4829
2 2422 4834
2 2423 4829
2 2423 4834
2 2424 3916
2 2424 3919
2 2424 3921
2 2424 3922
2 2424 5893
2 2424 5899
2 2425 2436
2 2425 4622
2 2425 4642
2 2425 4710
2 2426 2428
2 2426 2439
2 2426 4546
2 2426 4553
2 2426 4561
2 2426 4585
2 2426 4666
2 2426 4673
2 2427 2945
2 2427 2958
2 2427 2962
2 2427 3521
2 2427 5678
2 2428 2439
2 2428 4638
2 2428 4658
2 2428 4666
2 2428 4673
2 2429 2435
2 2429 3103
2 2429 3104
2 2429 3106
2 2429 3888
2 2429 5760
2 2429 5766
2 2429 5772
2 2429 5780
2 2430 2440
2 2430 2487
2 2430 2488
2 2430 2495
2 2430 2616
2 2430 2625
2 2430 2631
2 2430 4902
2 2431 2434
2 2431 2441
2 2431 2442
2 2431 4797
2 2431 4834
2 2431 4847
2 2432 2437
2 2432 2446
2 2432 2470
2 2432 2472
2 2432 3106
2 2432 3566
2 2432 3641
2 2432 3644
2 2432 3645
2 2432 3888
2 2432 3891
2 2432 5800
2 2432 5811
2 2432 5824
2 2433 2438
2 2433 2467
2 2433 5780
2 2433 5797
2 2433 5808
2 2433 5833
2 2433 5866
2 2433 5881
2 2433 5886
2 2433 5893
2 2433 5899
2 2433 5906
2 2433 5908
2 2434 4834
2 2434 4839
2 2434 4847
2 2435 3102
2 2435 3103
2 2435 5760
2 2435 5766
2 2435 5772
2 2435 5776
2 2435 5780
2 2436 2514
2 2436 4622
2 2436 4642
2 2437 2452
2 2437 3641
2 2437 3644
2 2437 3645
2 2437 5811
2 2437 5818
2 2437 5824
2 2437 5830
2 2438 2443
2 2438 2449
2 2438 2453
2 2438 2467
2 2438 2471
2 2438 3922
2 2438 3965
2 2438 5818
2 2438 5852
2 2438 5862
2 2438 5866
2 2438 5899
2 2438 5906
2 2438 5908
2 2438 5926
2 2438 5931
2 2438 5964
2 2438 5977
2 2439 2444
2 2439 2445
2 2439 4585
2 2439 4638
2 2439 4673
2 2439 4680
2 2439 4684
2 2440 2450
2 2440 2528
2 2440 2551
2 2440 2620
2 2440 2631
2 2440 2643
2 2440 2653
2 2440 2676
2 2440 2729
2 2440 4902
2 2440 4928
2 2440 5355
2 2441 2442
2 2441 2454
2 2441 2456
2 2441 2459
2 2441 2495
2 2441 2508
2 2441 4859
2 2441 4868
2 2442 2456
2 2442 2584
2 2442 2655
2 2442 2665
2 2442 4797
2 2442 4859
2 2442 4868
2 2442 4906
2 2442 4917
2 2443 2449
2 2443 2453
2 2443 2458
2 2443 3916
2 2443 3965
2 2443 5797
2 2443 5808
2 2443 5906
2 2443 5908
2 2443 5917
2 2444 2445
2 2444 2457
2 2444 4585
2 2444 4604
2 2444 4684
2 2444 4690
2 2445 4690
2 2446 2470
2 2446 2472
2 2446 2958
2 2446 2962
2 2446 3046
2 2446 3074
2 2446 3077
2 2446 3106
2 2446 3566
2 2446 3567
2 2446 5678
2 2446 5794
2 2446 5800
2 2447 2451
2 2447 2455
2 2447 3046
2 2447 3100
2 2447 3102
2 2447 3140
2 2447 3142
2 2447 3146
2 2447 3168
2 2447 5755
2 2447 5760
2 2447 5766
2 2447 5776
2 2447 5780
2 2447 5785
2 2447 5802
2 2447 5808
2 2447 5809
2 2448 2452
2 2448 2466
2 2448 2471
2 2448 3641
2 2448 3644
2 2448 3761
2 2448 5818
2 2448 5824
2 2448 5830
2 2449 2453
2 2449 2467
2 2449 3962
2 2449 3965
2 2449 5908
2 2449 5917
2 2449 5926
2 2449 5931
2 2450 2508
2 2450 2643
2 2450 2653
2 2450 4928
2 2451 2455
2 2451 3100
2 2451 3146
2 2451 5780
2 2451 5785
2 2452 2466
2 2452 3922
2 2452 5811
2 2452 5818
2 2452 5824
2 2452 5830
2 2453 2458
2 2453 2467
2 2453 3961
2 2453 3962
2 2453 3965
2 2453 5808
2 2453 5908
2 2453 5917
2 2453 5926
2 2454 2456
2 2454 2459
2 2454 2468
2 2454 2495
2 2454 2508
2 2454 4874
2 2454 4927
2 2455 2460
2 2455 3146
2 2455 3148
2 2455 3149
2 2455 5780
2 2455 5785
2 2455 5790
2 2455 5797
2 2455 5802
2 2455 5808
2 2456 2461
2 2456 2584
2 2456 2595
2 2456 2665
2 2456 2679
2 2456 4840
2 2456 4868
2 2456 4874
2 2456 4885
2 2456 4917
2 2456 4924
2 2457 2464
2 2457 4604
2 2457 4659
2 2457 4667
2 2458 2463
2 2458 2467
2 2458 3958
2 2458 3959
2 2458 3961
2 2458 5808
2 2458 5820
2 2458 5833
2 2458 5917
2 2458 5926
2 2459 2461
2 2459 2468
2 2459 2495
2 2459 4840
2 2459 4853
2 2459 4895
2 2460 3146
2 2460 3148
2 2460 3149
2 2460 3916
2 2460 5790
2 2460 5797
2 2461 2595
2 2461 2604
2 2461 2679
2 2461 2686
2 2461 4840
2 2461 4885
2 2461 4895
2 2462 2473
2 2462 2538
2 2462 2546
2 2462 4663
2 2462 4670
2 2462 4678
2 2462 4750
2 2462 4756
2 2462 4777
2 2463 2467
2 2463 3958
2 2463 5926
2 2463 5931
2 2464 4604
2 2464 4611
2 2464 4667
2 2464 4709
2 2464 4716
2 2464 4718
2 2465 2476
2 2465 2676
2 2465 4947
2 2465 4976
2 2466 2471
2 2466 2475
2 2466 2486
2 2466 2503
2 2466 3759
2 2466 3761
2 2466 3916
2 2466 3922
2 2466 3965
2 2466 5818
2 2466 5830
2 2466 5847
2 2466 5862
2 2467 2479
2 2467 2492
2 2467 2494
2 2467 2586
2 2467 3958
2 2467 5792
2 2467 5808
2 2467 5833
2 2467 5852
2 2467 5866
2 2467 5908
2 2467 5926
2 2467 5931
2 2467 5936
2 2467 5964
2 2467 5977
2 2468 2469
2 2468 2477
2 2468 2480
2 2468 2487
2 2468 2495
2 2468 4927
2 2469 4895
2 2470 2472
2 2470 2486
2 2470 2958
2 2470 2962
2 2470 2975
2 2470 3566
2 2470 3641
2 2470 3644
2 2470 3645
2 2471 2475
2 2471 3759
2 2471 3761
2 2471 3767
2 2471 3922
2 2471 3965
2 2471 5818
2 2471 5847
2 2471 5862
2 2471 5882
2 2471 5931
2 2472 2486
2 2472 2497
2 2472 2958
2 2472 2975
2 2472 3100
2 2472 3103
2 2472 3106
2 2472 3641
2 2472 5824
2 2472 5830
2 2473 2482
2 2473 4678
2 2473 4698
2 2473 4777
2 2474 2476
2 2474 2485
2 2474 2493
2 2474 2504
2 2474 2508
2 2474 2540
2 2474 4976
2 2474 4981
2 2475 3759
2 2475 3767
2 2475 3965
2 2475 5847
2 2475 5862
2 2475 5882
2 2476 2676
2 2476 2695
2 2476 4976
2 2476 4981
2 2477 2480
2 2477 2487
2 2477 2488
2 2477 4920
2 2477 4927
2 2478 2481
2 2478 3140
2 2478 3142
2 2478 5802
2 2478 5808
2 2478 5809
2 2479 2484
2 2479 2492
2 2479 2498
2 2479 4006
2 2479 4014
2 2479 4018
2 2479 5833
2 2479 5850
2 2479 5854
2 2479 5936
2 2479 5941
2 2479 5947
2 2480 2488
2 2480 2616
2 2480 2712
2 2480 4913
2 2480 4920
2 2481 3140
2 2481 3175
2 2481 5808
2 2481 5809
2 2481 5814
2 2481 5820
2 2482 2489
2 2482 4678
2 2482 4698
2 2482 4787
2 2482 4807
2 2483 2490
2 2483 4634
2 2483 4641
2 2483 4656
2 2483 4681
2 2483 4725
2 2483 4730
2 2483 4743
2 2484 2492
2 2484 2494
2 2484 4013
2 2484 4014
2 2484 4018
2 2484 5900
2 2484 5931
2 2484 5941
2 2484 5947
2 2484 5956
2 2485 2493
2 2485 2504
2 2485 2540
2 2485 2554
2 2485 2562
2 2485 4976
2 2485 4981
2 2485 4986
2 2486 2497
2 2486 2503
2 2486 2975
2 2486 3100
2 2486 3641
2 2486 3759
2 2486 5824
2 2486 5830
2 2487 2488
2 2487 2495
2 2487 2496
2 2487 4902
2 2487 4927
2 2487 4941
2 2487 4946
2 2488 2616
2 2488 2712
2 2488 4920
2 2488 4927
2 2488 4934
2 2488 4941
2 2489 2528
2 2489 4777
2 2489 4787
2 2489 4807
2 2489 4813
2 2490 4681
2 2490 4701
2 2490 4710
2 2490 4725
2 2490 4738
2 2490 4743
2 2491 2506
2 2491 3175
2 2491 3767
2 2491 3768
2 2491 3771
2 2491 3959
2 2491 5862
2 2491 5882
2 2492 2494
2 2492 4006
2 2492 4014
2 2492 5833
2 2492 5854
2 2492 5936
2 2492 5941
2 2492 5947
2 2492 5956
2 2492 5960
2 2492 5964
2 2492 5965
2 2493 2504
2 2493 2505
2 2493 2533
2 2493 2540
2 2493 2551
2 2493 2562
2 2493 2709
2 2493 2729
2 2493 4986
2 2494 4006
2 2494 4008
2 2494 5894
2 2494 5900
2 2494 5931
2 2494 5936
2 2494 5941
2 2494 5956
2 2494 5960
2 2494 5964
2 2494 5977
2 2495 2496
2 2495 2508
2 2495 2509
2 2495 4902
2 2495 4927
2 2495 4946
2 2495 4952
2 2495 4955
2 2496 4941
2 2496 4946
2 2496 4952
2 2497 2503
2 2497 2527
2 2497 2975
2 2497 2995
2 2497 2997
2 2497 3100
2 2497 3140
2 2497 3142
2 2497 3144
2 2497 3759
2 2498 2510
2 2498 2512
2 2498 3170
2 2498 3172
2 2498 3175
2 2498 3215
2 2498 5833
2 2498 5834
2 2498 5839
2 2498 5845
2 2498 5850
2 2499 2511
2 2499 4698
2 2499 4722
2 2499 4807
2 2499 4813
2 2499 4820
2 2500 2502
2 2500 2514
2 2500 4656
2 2500 4710
2 2500 4755
2 2501 2507
2 2501 4005
2 2501 5964
2 2501 5965
2 2501 5969
2 2502 4749
2 2502 4755
2 2503 2527
2 2503 2995
2 2503 2997
2 2503 3100
2 2503 3140
2 2503 3142
2 2503 3144
2 2503 3175
2 2503 3759
2 2503 3771
2 2503 5862
2 2504 2505
2 2504 2508
2 2504 2533
2 2504 2540
2 2504 2550
2 2504 2551
2 2504 2562
2 2504 2569
2 2504 2580
2 2504 2592
2 2504 2612
2 2504 2638
2 2504 2649
2 2504 2729
2 2504 2734
2 2504 2740
2 2504 2741
2 2504 2755
2 2504 2757
2 2504 2780
2 2504 2818
2 2504 2995
2 2504 3360
2 2504 5676
2 2505 2729
2 2505 2740
2 2505 2741
2 2506 2517
2 2506 2527
2 2506 3175
2 2506 3767
2 2506 3768
2 2506 3958
2 2506 3959
2 2506 5798
2 2506 5882
2 2506 5887
2 2506 5900
2 2507 2513
2 2507 5964
2 2507 5965
2 2507 5969
2 2507 5977
2 2508 2509
2 2508 2516
2 2508 2523
2 2508 2540
2 2508 4902
2 2508 4927
2 2508 4946
2 2508 4961
2 2508 4968
2 2508 4975
2 2508 5172
2 2509 2643
2 2509 2756
2 2509 2767
2 2509 4902
2 2509 4928
2 2509 4955
2 2509 4961
2 2509 4968
2 2509 4975
2 2510 2512
2 2510 3168
2 2510 5839
2 2510 5845
2 2510 5850
2 2511 2520
2 2511 2528
2 2511 2596
2 2511 2607
2 2511 4722
2 2511 4807
2 2511 4820
2 2512 2521
2 2512 3168
2 2512 5833
2 2512 5834
2 2512 5839
2 2512 5845
2 2512 5850
2 2512 5854
2 2512 5865
2 2512 5878
2 2513 2518
2 2513 5964
2 2513 5965
2 2513 5969
2 2513 5977
2 2514 2515
2 2514 2522
2 2514 2531
2 2514 4662
2 2514 4769
2 2514 4776
2 2515 4769
2 2515 4776
2 2516 2519
2 2516 2523
2 2516 2525
2 2516 4991
2 2517 3215
2 2517 3776
2 2517 3778
2 2517 5798
2 2517 5887
2 2517 5894
2 2517 5900
2 2518 2524
2 2518 2530
2 2518 4067
2 2518 4068
2 2518 5873
2 2518 5883
2 2518 5964
2 2518 5965
2 2518 5969
2 2518 5977
2 2518 5982
2 2519 2767
2 2519 4975
2 2520 2526
2 2520 2528
2 2520 2607
2 2520 4722
2 2520 4746
2 2520 4844
2 2521 3213
2 2521 3215
2 2521 5850
2 2521 5854
2 2521 5865
2 2522 2531
2 2522 2532
2 2522 4776
2 2522 4786
2 2523 2525
2 2523 2534
2 2523 2540
2 2523 4947
2 2523 4976
2 2523 4991
2 2523 4992
2 2524 2530
2 2524 4068
2 2524 5982
2 2525 4991
2 2525 4992
2 2526 2528
2 2526 2535
2 2526 2607
2 2526 2626
2 2526 4722
2 2526 4746
2 2526 4773
2 2526 4844
2 2526 4851
2 2526 4857
2 2526 4864
2 2527 2997
2 2527 3140
2 2527 3175
2 2527 3759
2 2527 3767
2 2527 3768
2 2527 3771
2 2527 5798
2 2528 2545
2 2528 2558
2 2528 2620
2 2528 2729
2 2528 4746
2 2528 4844
2 2528 4851
2 2528 4857
2 2528 4898
2 2529 2536
2 2529 3776
2 2529 3778
2 2529 5894
2 2529 5900
2 2530 2537
2 2530 2549
2 2530 2561
2 2530 2564
2 2530 4067
2 2530 4068
2 2530 5873
2 2530 5883
2 2530 5964
2 2530 5982
2 2530 5995
2 2531 2532
2 2531 2538
2 2531 4683
2 2531 4693
2 2531 4769
2 2531 4786
2 2531 4793
2 2531 4799
2 2531 4802
2 2532 4786
2 2532 4793
2 2533 2551
2 2533 2729
2 2533 2755
2 2533 2766
2 2533 5045
2 2534 2540
2 2534 2541
2 2534 2544
2 2534 4976
2 2534 5003
2 2534 5007
2 2535 2545
2 2535 2557
2 2535 4746
2 2535 4767
2 2535 4773
2 2535 4857
2 2535 4864
2 2535 4882
2 2536 2542
2 2536 2552
2 2536 2571
2 2536 2603
2 2536 3767
2 2536 3778
2 2536 3801
2 2536 5818
2 2536 5894
2 2536 5900
2 2536 5977
2 2536 5996
2 2537 2543
2 2537 2549
2 2537 2561
2 2537 2564
2 2537 2586
2 2537 5883
2 2537 5903
2 2537 5964
2 2537 5995
2 2537 6003
2 2537 6011
2 2537 6016
2 2538 2539
2 2538 2546
2 2538 2547
2 2538 4693
2 2538 4713
2 2538 4721
2 2538 4756
2 2538 4802
2 2539 4750
2 2539 4756
2 2539 4777
2 2539 4799
2 2539 4802
2 2539 4826
2 2540 2541
2 2540 2554
2 2540 2555
2 2540 2562
2 2540 2569
2 2540 2592
2 2540 2612
2 2540 2638
2 2540 2649
2 2540 2703
2 2540 2734
2 2540 2761
2 2540 2780
2 2540 2818
2 2540 4976
2 2540 4986
2 2540 5007
2 2540 5016
2 2540 5023
2 2540 5061
2 2540 5068
2 2540 5172
2 2541 2544
2 2541 4976
2 2541 5007
2 2541 5016
2 2542 2548
2 2542 2552
2 2542 3215
2 2542 3776
2 2542 4005
2 2542 5798
2 2542 5815
2 2542 5900
2 2543 2549
2 2543 4063
2 2543 6003
2 2543 6011
2 2543 6016
2 2544 5007
2 2545 2557
2 2545 2558
2 2545 4773
2 2545 4857
2 2545 4864
2 2545 4882
2 2546 2547
2 2546 2560
2 2546 2567
2 2546 4713
2 2546 4721
2 2546 4756
2 2546 4777
2 2546 4819
2 2546 4826
2 2546 4832
2 2547 2560
2 2547 4819
2 2548 2552
2 2548 2571
2 2548 3800
2 2548 3801
2 2548 4005
2 2548 4064
2 2548 5815
2 2548 5835
2 2549 2553
2 2549 2561
2 2549 2564
2 2549 2572
2 2549 2586
2 2549 2591
2 2549 4063
2 2549 5833
2 2549 5903
2 2549 5911
2 2549 5964
2 2549 6003
2 2549 6016
2 2549 6019
2 2549 6033
2 2549 6044
2 2550 2551
2 2550 2590
2 2550 2612
2 2550 2622
2 2550 2627
2 2550 2638
2 2550 2649
2 2550 5089
2 2550 5095
2 2550 5108
2 2551 2590
2 2551 2729
2 2551 2755
2 2551 2774
2 2551 2791
2 2551 2826
2 2551 2837
2 2551 5089
2 2551 5095
2 2551 5108
2 2552 2571
2 2552 3800
2 2552 3801
2 2552 4064
2 2552 5977
2 2553 2559
2 2553 4162
2 2553 6011
2 2553 6016
2 2553 6019
2 2553 6033
2 2553 6044
2 2554 2555
2 2554 2562
2 2554 5031
2 2554 5038
2 2554 5061
2 2555 5028
2 2555 5031
2 2556 2561
2 2556 2564
2 2556 5873
2 2556 5878
2 2556 5883
2 2557 2558
2 2557 2565
2 2557 2566
2 2557 2636
2 2557 2645
2 2557 2655
2 2557 4773
2 2557 4797
2 2557 4882
2 2557 4898
2 2557 4906
2 2558 4898
2 2559 4157
2 2559 4158
2 2559 4162
2 2559 6019
2 2559 6033
2 2560 2567
2 2560 2568
2 2560 4777
2 2560 4787
2 2560 4819
2 2560 4826
2 2560 4832
2 2561 2564
2 2561 3252
2 2561 3253
2 2561 4063
2 2561 4064
2 2561 4065
2 2561 4067
2 2561 5883
2 2561 5890
2 2561 5897
2 2561 5903
2 2562 2563
2 2562 2569
2 2562 2573
2 2562 5044
2 2562 5050
2 2562 5061
2 2563 4986
2 2563 5031
2 2563 5038
2 2563 5044
2 2564 2586
2 2564 2591
2 2564 3252
2 2564 3253
2 2564 5833
2 2564 5854
2 2564 5873
2 2564 5878
2 2564 5883
2 2564 5890
2 2564 5897
2 2564 5903
2 2564 5964
2 2565 2566
2 2565 2576
2 2565 2620
2 2565 4797
2 2565 4906
2 2565 4911
2 2566 2576
2 2566 4797
2 2566 4898
2 2566 4906
2 2567 2568
2 2567 2577
2 2567 2579
2 2567 4721
2 2567 4728
2 2567 4735
2 2567 4740
2 2567 4752
2 2567 4807
2 2567 4836
2 2567 4843
2 2568 4787
2 2568 4826
2 2568 4836
2 2569 2573
2 2569 2580
2 2569 2582
2 2569 2592
2 2569 5056
2 2569 5061
2 2569 5068
2 2570 3206
2 2570 3801
2 2570 5815
2 2570 5835
2 2571 2574
2 2571 2603
2 2571 3253
2 2571 3800
2 2571 3801
2 2571 3821
2 2571 4063
2 2571 4064
2 2571 5835
2 2571 5855
2 2571 5977
2 2571 5995
2 2572 2575
2 2572 2586
2 2572 2591
2 2572 4146
2 2572 4149
2 2572 5920
2 2572 5933
2 2572 6019
2 2572 6033
2 2572 6039
2 2572 6044
2 2572 6051
2 2573 2582
2 2573 5050
2 2573 5056
2 2574 2603
2 2574 2606
2 2574 3253
2 2574 3821
2 2574 4063
2 2574 4064
2 2574 4162
2 2574 5855
2 2574 5966
2 2574 5995
2 2575 4146
2 2575 4190
2 2575 6039
2 2575 6044
2 2575 6051
2 2576 2584
2 2576 2595
2 2576 4797
2 2576 4906
2 2576 4917
2 2576 4924
2 2576 4931
2 2577 2579
2 2577 2585
2 2577 2587
2 2577 4735
2 2577 4740
2 2577 4752
2 2577 4807
2 2577 4843
2 2577 4850
2 2578 2581
2 2578 2588
2 2578 2591
2 2578 3241
2 2578 3242
2 2578 5897
2 2578 5903
2 2578 5911
2 2579 4843
2 2579 4850
2 2580 2582
2 2580 2592
2 2580 2594
2 2580 2857
2 2580 2873
2 2580 5039
2 2580 5061
2 2580 5068
2 2580 5072
2 2581 2588
2 2581 2591
2 2581 3241
2 2581 3242
2 2581 5897
2 2581 5911
2 2581 5915
2 2582 2857
2 2582 5056
2 2582 5061
2 2582 5068
2 2583 2586
2 2583 2589
2 2583 2603
2 2583 4185
2 2583 4187
2 2583 4190
2 2583 5995
2 2583 5996
2 2583 6044
2 2583 6051
2 2583 6067
2 2583 6072
2 2584 2595
2 2584 2665
2 2584 2679
2 2584 4840
2 2584 4917
2 2584 4924
2 2584 4931
2 2584 4938
2 2585 2587
2 2585 2596
2 2585 2599
2 2585 4752
2 2585 4760
2 2585 4807
2 2585 4863
2 2585 4871
2 2586 2589
2 2586 2591
2 2586 2648
2 2586 2763
2 2586 4182
2 2586 4185
2 2586 4187
2 2586 5792
2 2586 5833
2 2586 5933
2 2586 5943
2 2586 5949
2 2586 5958
2 2586 5964
2 2586 5977
2 2586 5995
2 2586 6016
2 2586 6019
2 2586 6036
2 2586 6044
2 2586 6047
2 2586 6051
2 2586 6061
2 2586 6064
2 2586 6067
2 2586 6072
2 2586 6073
2 2586 6077
2 2586 6082
2 2586 6196
2 2586 6237
2 2587 4862
2 2587 4863
2 2588 2591
2 2588 2648
2 2588 3241
2 2588 3242
2 2588 3289
2 2588 3290
2 2588 3292
2 2588 5878
2 2588 5897
2 2588 5903
2 2588 5911
2 2588 5915
2 2588 5920
2 2588 5944
2 2589 4179
2 2589 4182
2 2589 4184
2 2589 4185
2 2589 6061
2 2589 6067
2 2589 6073
2 2590 2611
2 2590 2638
2 2590 2649
2 2590 2668
2 2590 2837
2 2590 2853
2 2590 5108
2 2590 5137
2 2590 5144
2 2590 5161
2 2590 5167
2 2591 2593
2 2591 2613
2 2591 2648
2 2591 3289
2 2591 3290
2 2591 3292
2 2591 5833
2 2591 5878
2 2591 5897
2 2591 5903
2 2591 5911
2 2591 5915
2 2591 5920
2 2591 5924
2 2591 5928
2 2591 5933
2 2591 5938
2 2591 5944
2 2591 5949
2 2591 6019
2 2591 6051
2 2592 2594
2 2592 2600
2 2592 2612
2 2592 5039
2 2592 5045
2 2592 5068
2 2592 5072
2 2592 5081
2 2592 5172
2 2593 3289
2 2593 5920
2 2593 5924
2 2593 5928
2 2593 5933
2 2594 5039
2 2594 5068
2 2594 5072
2 2594 5076
2 2594 5081
2 2595 2604
2 2595 2605
2 2595 2679
2 2595 2686
2 2595 4840
2 2595 4938
2 2595 4950
2 2596 2607
2 2596 2608
2 2596 4760
2 2596 4881
2 2597 2603
2 2597 2609
2 2597 2632
2 2597 3294
2 2597 3816
2 2597 4146
2 2597 4152
2 2597 5966
2 2597 5970
2 2597 5978
2 2598 6072
2 2598 6073
2 2598 6077
2 2598 6082
2 2599 4820
2 2599 4871
2 2599 4877
2 2599 4881
2 2600 2602
2 2600 2612
2 2600 2614
2 2600 5045
2 2600 5094
2 2600 5102
2 2601 5933
2 2601 5938
2 2601 5943
2 2602 5088
2 2602 5094
2 2602 5102
2 2603 2609
2 2603 4146
2 2603 4162
2 2603 4190
2 2603 5966
2 2603 5970
2 2603 5977
2 2603 5978
2 2603 5983
2 2603 5995
2 2603 5996
2 2603 6044
2 2604 2605
2 2604 2616
2 2604 2617
2 2604 2620
2 2604 2686
2 2604 2699
2 2604 4840
2 2604 4853
2 2604 4950
2 2604 4959
2 2604 4965
2 2605 2620
2 2605 4950
2 2605 4959
2 2606 2632
2 2606 3044
2 2606 3045
2 2606 3241
2 2606 3290
2 2606 3294
2 2606 3816
2 2606 5855
2 2606 5966
2 2607 2608
2 2607 2626
2 2607 4783
2 2607 4790
2 2607 4804
2 2607 4820
2 2607 4844
2 2607 4851
2 2607 4857
2 2607 4864
2 2607 4891
2 2608 4851
2 2608 4888
2 2608 4891
2 2609 2618
2 2609 2632
2 2609 4146
2 2609 4190
2 2609 5978
2 2609 5983
2 2609 5989
2 2609 5996
2 2610 2615
2 2610 4178
2 2610 4221
2 2610 6073
2 2610 6077
2 2610 6082
2 2611 2621
2 2611 2649
2 2611 2668
2 2611 2689
2 2611 2885
2 2611 5161
2 2611 5167
2 2612 2614
2 2612 2622
2 2612 2623
2 2612 2627
2 2612 2638
2 2612 5045
2 2612 5068
2 2612 5089
2 2612 5120
2 2612 5172
2 2613 3286
2 2613 3289
2 2613 5938
2 2613 5943
2 2613 5944
2 2613 5949
2 2614 5107
2 2615 2644
2 2615 2654
2 2615 4178
2 2615 4219
2 2615 4221
2 2615 5962
2 2615 5973
2 2615 6073
2 2615 6077
2 2615 6082
2 2615 6089
2 2616 2617
2 2616 2625
2 2616 2699
2 2616 2712
2 2616 4902
2 2616 4965
2 2616 4971
2 2616 5000
2 2617 2620
2 2617 2625
2 2617 4965
2 2617 4971
2 2618 3844
2 2618 5989
2 2618 5996
2 2619 2624
2 2619 2629
2 2619 2635
2 2619 2648
2 2619 2654
2 2619 4215
2 2619 4218
2 2619 4219
2 2619 4221
2 2619 5973
2 2619 6082
2 2619 6089
2 2619 6097
2 2619 6105
2 2620 2625
2 2620 2631
2 2620 2633
2 2620 2729
2 2620 4813
2 2620 4898
2 2620 4911
2 2620 4938
2 2620 4959
2 2620 4965
2 2620 4971
2 2620 5000
2 2621 2668
2 2621 2689
2 2621 2703
2 2621 2901
2 2621 2918
2 2621 5307
2 2622 2623
2 2622 2627
2 2622 2630
2 2622 5089
2 2622 5136
2 2622 5172
2 2623 2942
2 2623 5089
2 2623 5127
2 2623 5136
2 2624 2629
2 2624 4212
2 2624 4213
2 2624 6097
2 2624 6105
2 2625 2631
2 2625 4902
2 2625 4971
2 2625 5000
2 2626 2636
2 2626 2637
2 2626 4804
2 2626 4816
2 2626 4864
2 2626 4905
2 2626 4910
2 2626 4923
2 2627 2630
2 2627 2638
2 2627 2642
2 2627 5089
2 2627 5095
2 2627 5108
2 2627 5114
2 2627 5172
2 2628 2634
2 2628 2640
2 2628 3840
2 2628 3841
2 2628 3843
2 2628 4178
2 2628 5989
2 2628 5996
2 2628 6017
2 2629 2635
2 2629 2648
2 2629 2654
2 2629 2670
2 2629 4206
2 2629 4207
2 2629 6000
2 2629 6082
2 2629 6097
2 2629 6105
2 2629 6112
2 2629 6125
2 2631 2633
2 2631 2643
2 2631 4902
2 2631 5000
2 2632 3044
2 2632 3045
2 2632 3073
2 2632 3286
2 2632 3290
2 2632 3294
2 2632 3816
2 2632 5912
2 2632 5966
2 2632 5978
2 2632 5983
2 2632 5989
2 2633 5000
2 2634 2640
2 2634 2657
2 2634 3840
2 2634 5996
2 2634 6017
2 2634 6025
2 2635 2641
2 2635 2648
2 2635 2670
2 2635 4206
2 2635 6000
2 2635 6007
2 2635 6082
2 2635 6097
2 2635 6112
2 2635 6118
2 2635 6125
2 2635 6139
2 2635 6152
2 2636 2637
2 2636 2645
2 2636 2646
2 2636 4816
2 2636 4823
2 2636 4864
2 2636 4882
2 2636 4937
2 2636 4949
2 2637 4930
2 2637 4937
2 2638 2639
2 2638 2642
2 2638 2649
2 2638 2650
2 2638 2652
2 2638 2703
2 2638 2734
2 2638 2761
2 2638 5108
2 2638 5114
2 2638 5137
2 2638 5172
2 2639 2642
2 2639 5166
2 2639 5172
2 2640 3840
2 2640 3841
2 2640 4178
2 2640 4221
2 2640 5912
2 2640 6017
2 2640 6020
2 2640 6025
2 2641 2651
2 2641 2658
2 2641 4218
2 2641 4221
2 2641 4250
2 2641 6082
2 2641 6097
2 2641 6112
2 2641 6118
2 2641 6125
2 2641 6139
2 2641 6152
2 2642 2972
2 2642 5114
2 2642 5137
2 2642 5160
2 2642 5166
2 2642 5218
2 2643 2653
2 2643 2744
2 2643 2756
2 2643 2767
2 2643 4902
2 2643 4928
2 2643 5010
2 2643 5020
2 2644 2648
2 2644 2654
2 2644 3318
2 2644 3319
2 2644 3321
2 2644 4178
2 2644 5962
2 2644 5968
2 2644 5973
2 2645 2646
2 2645 2655
2 2645 2656
2 2645 4839
2 2645 4882
2 2645 4898
2 2645 4906
2 2645 4949
2 2646 4882
2 2646 4898
2 2646 4930
2 2646 4937
2 2646 4945
2 2646 4949
2 2646 4958
2 2647 2734
2 2647 2935
2 2647 2938
2 2647 2955
2 2647 5250
2 2648 2654
2 2648 2661
2 2648 2666
2 2648 2675
2 2648 2694
2 2648 2702
2 2648 2763
2 2648 2832
2 2648 3168
2 2648 3241
2 2648 3242
2 2648 3286
2 2648 3289
2 2648 3318
2 2648 3319
2 2648 3398
2 2648 3424
2 2648 5628
2 2648 5802
2 2648 5833
2 2648 5878
2 2648 5944
2 2648 5949
2 2648 5953
2 2648 5958
2 2648 5962
2 2648 5968
2 2648 5973
2 2648 5980
2 2648 6000
2 2648 6036
2 2648 6047
2 2648 6054
2 2648 6064
2 2648 6082
2 2648 6089
2 2648 6139
2 2649 2650
2 2649 2652
2 2649 2659
2 2649 2660
2 2649 2668
2 2649 2703
2 2649 2734
2 2649 5137
2 2649 5144
2 2649 5172
2 2649 5196
2 2649 5232
2 2650 2652
2 2650 2660
2 2650 5187
2 2651 2658
2 2651 4250
2 2651 6125
2 2651 6139
2 2652 2660
2 2652 2972
2 2652 2982
2 2652 5137
2 2652 5183
2 2652 5187
2 2652 5235
2 2652 5241
2 2653 2662
2 2653 2676
2 2653 2767
2 2653 4928
2 2653 4947
2 2653 5020
2 2654 2661
2 2654 2666
2 2654 2670
2 2654 4206
2 2654 4207
2 2654 4212
2 2654 5973
2 2654 5980
2 2654 6000
2 2654 6089
2 2654 6105
2 2655 2656
2 2655 2665
2 2655 2667
2 2655 4839
2 2655 4847
2 2655 4868
2 2655 4906
2 2655 4911
2 2655 4924
2 2655 4964
2 2655 4970
2 2656 4954
2 2656 4958
2 2656 4964
2 2657 2663
2 2657 2677
2 2657 3868
2 2657 4221
2 2657 5996
2 2657 6025
2 2657 6045
2 2657 6119
2 2658 2664
2 2658 4248
2 2658 4250
2 2658 6139
2 2658 6141
2 2658 6152
2 2659 2660
2 2659 5196
2 2659 5201
2 2660 2856
2 2660 2982
2 2660 5137
2 2660 5183
2 2660 5196
2 2660 5241
2 2661 2666
2 2661 2670
2 2661 3378
2 2661 5980
2 2661 6000
2 2662 2676
2 2662 2767
2 2662 2776
2 2662 4947
2 2662 5048
2 2663 2669
2 2663 2673
2 2663 3866
2 2663 3868
2 2663 4178
2 2663 4206
2 2663 4207
2 2663 4213
2 2663 4218
2 2663 4221
2 2663 5934
2 2663 6020
2 2663 6025
2 2663 6045
2 2664 4245
2 2664 4247
2 2664 4248
2 2664 6139
2 2664 6141
2 2664 6146
2 2665 2667
2 2665 2679
2 2665 4868
2 2665 4924
2 2665 4931
2 2665 4984
2 2666 2670
2 2666 2675
2 2666 3318
2 2666 3378
2 2666 5992
2 2666 6000
2 2667 4924
2 2667 4931
2 2667 4964
2 2667 4970
2 2667 4979
2 2667 4984
2 2667 4989
2 2668 2671
2 2668 2689
2 2668 2703
2 2668 5167
2 2668 5196
2 2668 5216
2 2668 5221
2 2668 5232
2 2669 3071
2 2669 3095
2 2669 3096
2 2669 3099
2 2669 3840
2 2669 5912
2 2669 5934
2 2669 6020
2 2670 2673
2 2670 3377
2 2670 3378
2 2670 4206
2 2670 5992
2 2670 6000
2 2670 6007
2 2670 6105
2 2670 6125
2 2671 2672
2 2671 5216
2 2672 5211
2 2673 2677
2 2673 2696
2 2673 3372
2 2673 3865
2 2673 3866
2 2673 4206
2 2673 4207
2 2673 5934
2 2673 6045
2 2674 2678
2 2674 2681
2 2674 4238
2 2674 4240
2 2674 4241
2 2674 4244
2 2674 4245
2 2674 6031
2 2674 6146
2 2674 6152
2 2675 2680
2 2675 2691
2 2675 2694
2 2675 2702
2 2675 3318
2 2675 3371
2 2675 3375
2 2675 3377
2 2675 3398
2 2675 5992
2 2675 6000
2 2675 6007
2 2675 6054
2 2676 2695
2 2676 2698
2 2676 4947
2 2676 4976
2 2676 4981
2 2676 5048
2 2677 2696
2 2677 2704
2 2677 3865
2 2677 4250
2 2677 6045
2 2677 6083
2 2677 6119
2 2678 2681
2 2678 2688
2 2678 2693
2 2678 4238
2 2678 4240
2 2678 6146
2 2678 6152
2 2678 6157
2 2678 6162
2 2678 6169
2 2679 2683
2 2679 2686
2 2679 2687
2 2679 4868
2 2679 4874
2 2679 4879
2 2679 4885
2 2679 4931
2 2679 4938
2 2679 4989
2 2680 2682
2 2680 2691
2 2680 2694
2 2680 3371
2 2680 3372
2 2680 3375
2 2680 6000
2 2680 6007
2 2681 2688
2 2681 2693
2 2681 4238
2 2681 4240
2 2681 6031
2 2681 6036
2 2681 6146
2 2681 6157
2 2682 2691
2 2682 3371
2 2682 3372
2 2682 6007
2 2683 4984
2 2683 4989
2 2684 2701
2 2684 2991
2 2684 5293
2 2685 2692
2 2685 5221
2 2685 5227
2 2685 5232
2 2686 2687
2 2686 2699
2 2686 2700
2 2686 4895
2 2686 4938
2 2686 4950
2 2686 4959
2 2686 4965
2 2686 4999
2 2687 4938
2 2687 4989
2 2687 4995
2 2687 4999
2 2688 2693
2 2688 6152
2 2688 6157
2 2688 6162
2 2688 6169
2 2688 6175
2 2689 2690
2 2689 2703
2 2689 2706
2 2689 2707
2 2689 5232
2 2689 5249
2 2690 2692
2 2690 5232
2 2690 5238
2 2691 2694
2 2691 2702
2 2691 3371
2 2691 4245
2 2691 6007
2 2691 6139
2 2692 5232
2 2692 5238
2 2692 5244
2 2693 2697
2 2693 2726
2 2693 4238
2 2693 6036
2 2693 6047
2 2693 6064
2 2693 6139
2 2693 6146
2 2693 6152
2 2693 6169
2 2693 6175
2 2693 6180
2 2693 6192
2 2693 6196
2 2694 2702
2 2694 3371
2 2694 4245
2 2694 6000
2 2694 6007
2 2694 6027
2 2694 6031
2 2694 6036
2 2694 6139
2 2695 2698
2 2695 2709
2 2695 4976
2 2695 4981
2 2695 4986
2 2695 5085
2 2696 2704
2 2696 2715
2 2696 2718
2 2696 3137
2 2696 3372
2 2696 3887
2 2696 4206
2 2696 4240
2 2696 4241
2 2696 4244
2 2696 4247
2 2696 4250
2 2696 5934
2 2696 5974
2 2696 6090
2 2697 2705
2 2697 2710
2 2697 2726
2 2697 6047
2 2697 6064
2 2697 6175
2 2697 6180
2 2697 6192
2 2698 2811
2 2698 4976
2 2698 5048
2 2699 2700
2 2699 2712
2 2699 2714
2 2699 4895
2 2699 4959
2 2699 4965
2 2699 5009
2 2700 2714
2 2700 4959
2 2700 5005
2 2700 5009
2 2701 2717
2 2701 2733
2 2701 2745
2 2701 2757
2 2701 2782
2 2701 2801
2 2701 2818
2 2701 5293
2 2701 5348
2 2702 2708
2 2702 3371
2 2702 3375
2 2702 3398
2 2702 3401
2 2702 3406
2 2702 6027
2 2702 6031
2 2702 6036
2 2702 6042
2 2702 6047
2 2702 6054
2 2702 6064
2 2703 2706
2 2703 2721
2 2703 2723
2 2703 2724
2 2703 2734
2 2703 2761
2 2703 5172
2 2703 5232
2 2703 5269
2 2704 2718
2 2704 3887
2 2704 4240
2 2704 4241
2 2704 4247
2 2704 4250
2 2704 6045
2 2704 6083
2 2704 6090
2 2705 2710
2 2705 4273
2 2705 6180
2 2705 6186
2 2705 6192
2 2706 2707
2 2706 5260
2 2707 2724
2 2707 3039
2 2707 5249
2 2707 5260
2 2707 5307
2 2708 4238
2 2708 6031
2 2708 6036
2 2709 2711
2 2709 4986
2 2709 5085
2 2709 5112
2 2710 2719
2 2710 2726
2 2710 2735
2 2710 2739
2 2710 4267
2 2710 4270
2 2710 4271
2 2710 4273
2 2710 6064
2 2710 6186
2 2710 6192
2 2711 2729
2 2711 5085
2 2712 2713
2 2712 2732
2 2712 4920
2 2712 4941
2 2712 4965
2 2712 4971
2 2712 5000
2 2712 5019
2 2713 2714
2 2713 5019
2 2713 5026
2 2714 4959
2 2714 4971
2 2714 5019
2 2715 3095
2 2715 3096
2 2715 3137
2 2715 3371
2 2715 3372
2 2715 3865
2 2715 5934
2 2715 5974
2 2716 3404
2 2716 3406
2 2716 4238
2 2716 6036
2 2716 6042
2 2716 6047
2 2717 2733
2 2717 2818
2 2717 5341
2 2717 5348
2 2718 2738
2 2718 3882
2 2718 3883
2 2718 3886
2 2718 3887
2 2718 5974
2 2718 5986
2 2718 6090
2 2718 6098
2 2719 2722
2 2719 2739
2 2719 4267
2 2719 4268
2 2719 4270
2 2719 6192
2 2719 6196
2 2720 3401
2 2720 3403
2 2720 3404
2 2720 6042
2 2720 6047
2 2720 6054
2 2721 2723
2 2721 2734
2 2721 2736
2 2721 2737
2 2721 5269
2 2721 5272
2 2721 5281
2 2721 5284
2 2722 2725
2 2722 2739
2 2722 4265
2 2722 4267
2 2722 6192
2 2722 6196
2 2722 6201
2 2722 6206
2 2723 2724
2 2723 5269
2 2723 5272
2 2723 5307
2 2724 3039
2 2724 3056
2 2724 5269
2 2724 5272
2 2724 5307
2 2725 2727
2 2725 2730
2 2725 2739
2 2725 2748
2 2725 2763
2 2725 4264
2 2725 4265
2 2725 4267
2 2725 6064
2 2725 6075
2 2725 6086
2 2725 6093
2 2725 6101
2 2725 6192
2 2725 6196
2 2725 6201
2 2725 6206
2 2725 6212
2 2725 6217
2 2726 2728
2 2726 2735
2 2726 6047
2 2726 6054
2 2726 6058
2 2726 6064
2 2727 2730
2 2727 4264
2 2727 6206
2 2727 6212
2 2728 2731
2 2728 2735
2 2728 3398
2 2728 6054
2 2728 6058
2 2728 6064
2 2729 2740
2 2729 2741
2 2729 2755
2 2729 2837
2 2729 3767
2 2729 5112
2 2729 5192
2 2730 2743
2 2730 2748
2 2730 4264
2 2730 6093
2 2730 6101
2 2730 6206
2 2730 6212
2 2730 6217
2 2731 2735
2 2731 2739
2 2731 2749
2 2731 2763
2 2731 3398
2 2731 6054
2 2731 6058
2 2731 6064
2 2731 6070
2 2731 6094
2 2732 4971
2 2732 5000
2 2732 5035
2 2732 5042
2 2732 5053
2 2733 2745
2 2733 2757
2 2733 2759
2 2733 2818
2 2733 3037
2 2733 3052
2 2733 3053
2 2733 5348
2 2733 5380
2 2734 2736
2 2734 2747
2 2734 2750
2 2734 2753
2 2734 2757
2 2734 2761
2 2734 2780
2 2734 2801
2 2734 2818
2 2734 5250
2 2734 5284
2 2735 2739
2 2735 3398
2 2735 4267
2 2735 6064
2 2735 6070
2 2735 6075
2 2736 2737
2 2736 5281
2 2736 5284
2 2737 5281
2 2737 5284
2 2738 2746
2 2738 3135
2 2738 3371
2 2738 5974
2 2738 5986
2 2738 6001
2 2738 6090
2 2739 2749
2 2739 2763
2 2739 4267
2 2739 6064
2 2739 6070
2 2739 6075
2 2739 6086
2 2739 6093
2 2739 6101
2 2739 6192
2 2740 2741
2 2740 2755
2 2740 5039
2 2740 5112
2 2741 2755
2 2741 5112
2 2742 2751
2 2742 6013
2 2742 6023
2 2742 6119
2 2742 6126
2 2742 6153
2 2743 2748
2 2743 2752
2 2743 6217
2 2743 6237
2 2744 2756
2 2744 4941
2 2744 4955
2 2744 5000
2 2744 5010
2 2744 5047
2 2744 5053
2 2744 5058
2 2744 5065
2 2745 2757
2 2745 2759
2 2745 2818
2 2745 2848
2 2745 5380
2 2746 3135
2 2746 3881
2 2746 5974
2 2746 5986
2 2747 2750
2 2747 2761
2 2747 5303
2 2747 5309
2 2748 2752
2 2748 2754
2 2748 2763
2 2748 2781
2 2748 6093
2 2748 6101
2 2748 6109
2 2748 6122
2 2748 6135
2 2748 6196
2 2748 6206
2 2748 6212
2 2748 6217
2 2748 6237
2 2748 6244
2 2749 2758
2 2749 2763
2 2749 3398
2 2749 3430
2 2749 6064
2 2749 6075
2 2749 6086
2 2749 6093
2 2749 6094
2 2750 2753
2 2750 5299
2 2751 3913
2 2751 3914
2 2751 4265
2 2751 6023
2 2751 6075
2 2751 6153
2 2752 2754
2 2752 4302
2 2752 6233
2 2752 6237
2 2753 3115
2 2753 3153
2 2753 5250
2 2753 5299
2 2753 5303
2 2754 2781
2 2754 4300
2 2754 4302
2 2754 6233
2 2754 6237
2 2754 6244
2 2755 2766
2 2755 2837
2 2755 5039
2 2755 5148
2 2755 5157
2 2756 2767
2 2756 2769
2 2756 4955
2 2756 4975
2 2756 5010
2 2756 5020
2 2756 5058
2 2756 5065
2 2756 5070
2 2757 2759
2 2757 2780
2 2757 2801
2 2757 2814
2 2757 2818
2 2757 2848
2 2757 2865
2 2757 3109
2 2757 3112
2 2757 3151
2 2757 5422
2 2757 5438
2 2758 2763
2 2758 3428
2 2758 3430
2 2758 6086
2 2758 6093
2 2758 6094
2 2759 2848
2 2759 2865
2 2759 2871
2 2759 3083
2 2759 3109
2 2759 3112
2 2759 5380
2 2759 5422
2 2760 2765
2 2760 4297
2 2760 4299
2 2760 6237
2 2760 6243
2 2760 6244
2 2761 2762
2 2761 2764
2 2761 2770
2 2761 2771
2 2761 2782
2 2761 2801
2 2761 2818
2 2761 2911
2 2761 2950
2 2761 5172
2 2761 5293
2 2761 5309
2 2761 5326
2 2761 5332
2 2761 5336
2 2761 5405
2 2761 5465
2 2761 5628
2 2762 2764
2 2762 5321
2 2763 2768
2 2763 2775
2 2763 2779
2 2763 2785
2 2763 2795
2 2763 2832
2 2763 3424
2 2763 3425
2 2763 6054
2 2763 6064
2 2763 6086
2 2763 6093
2 2763 6094
2 2763 6101
2 2763 6109
2 2763 6114
2 2763 6122
2 2763 6135
2 2763 6148
2 2763 6196
2 2763 6237
2 2763 6244
2 2764 3153
2 2764 5303
2 2764 5309
2 2764 5315
2 2764 5321
2 2765 2772
2 2765 4297
2 2765 6237
2 2765 6243
2 2765 6244
2 2765 6249
2 2765 6255
2 2766 5157
2 2766 5164
2 2767 2769
2 2767 2776
2 2767 2778
2 2767 2798
2 2767 4955
2 2767 4975
2 2767 4991
2 2767 5020
2 2767 5048
2 2767 5070
2 2767 5079
2 2768 2775
2 2768 3425
2 2768 3427
2 2768 6094
2 2768 6101
2 2768 6109
2 2769 2778
2 2769 2798
2 2769 5020
2 2769 5070
2 2769 5079
2 2770 2771
2 2770 2773
2 2770 2782
2 2770 2787
2 2770 2789
2 2770 5293
2 2770 5336
2 2770 5340
2 2770 5347
2 2771 2773
2 2771 5332
2 2771 5336
2 2772 2777
2 2772 4293
2 2772 4294
2 2772 6243
2 2772 6255
2 2772 6259
2 2772 6275
2 2773 3181
2 2773 5293
2 2773 5326
2 2773 5332
2 2773 5390
2 2774 2791
2 2774 2793
2 2774 5164
2 2774 5170
2 2774 5176
2 2774 5192
2 2775 2779
2 2775 2781
2 2775 3424
2 2775 3425
2 2775 6101
2 2775 6109
2 2775 6114
2 2776 2778
2 2776 2794
2 2776 2798
2 2776 4991
2 2776 5048
2 2776 5091
2 2777 2784
2 2777 2808
2 2777 4291
2 2777 4293
2 2777 6244
2 2777 6249
2 2777 6255
2 2777 6259
2 2778 2798
2 2778 5084
2 2778 5091
2 2779 2781
2 2779 6101
2 2779 6109
2 2779 6114
2 2779 6122
2 2780 2799
2 2780 2814
2 2780 2818
2 2780 2865
2 2780 2882
2 2780 2898
2 2780 2899
2 2780 2911
2 2780 2928
2 2780 2950
2 2780 2995
2 2780 3046
2 2780 3140
2 2780 3151
2 2780 3178
2 2780 5438
2 2780 5466
2 2781 2785
2 2781 2786
2 2781 6109
2 2781 6122
2 2781 6129
2 2781 6135
2 2781 6244
2 2782 2787
2 2782 2801
2 2782 2804
2 2782 2805
2 2782 2806
2 2782 2818
2 2782 5293
2 2782 5336
2 2782 5347
2 2782 5362
2 2782 5405
2 2783 2802
2 2783 6048
2 2783 6065
2 2783 6163
2 2783 6170
2 2783 6176
2 2783 6181
2 2784 2788
2 2784 2792
2 2784 2803
2 2784 2808
2 2784 2832
2 2784 4290
2 2784 4291
2 2784 6244
2 2784 6255
2 2784 6259
2 2784 6270
2 2784 6275
2 2785 2786
2 2785 2795
2 2785 3424
2 2785 6114
2 2785 6122
2 2785 6129
2 2785 6135
2 2786 2790
2 2786 2795
2 2786 6129
2 2786 6135
2 2787 2789
2 2787 5336
2 2787 5347
2 2787 5356
2 2788 2792
2 2788 2803
2 2788 2808
2 2788 2824
2 2788 2832
2 2788 4290
2 2788 6160
2 2788 6270
2 2788 6275
2 2788 6281
2 2789 5340
2 2789 5347
2 2790 2795
2 2790 2800
2 2790 2808
2 2790 3462
2 2790 3464
2 2790 4293
2 2790 4296
2 2790 6135
2 2790 6244
2 2791 2793
2 2791 5089
2 2791 5192
2 2792 2797
2 2792 2803
2 2792 2816
2 2792 2835
2 2792 6237
2 2792 6255
2 2792 6259
2 2792 6275
2 2792 6281
2 2792 6286
2 2792 6293
2 2792 6306
2 2793 5176
2 2793 5192
2 2794 2796
2 2794 2811
2 2794 2812
2 2794 4991
2 2794 5003
2 2794 5048
2 2794 5091
2 2794 5098
2 2794 5104
2 2794 5111
2 2795 2800
2 2795 2808
2 2795 2832
2 2795 3424
2 2795 3452
2 2795 3460
2 2795 3462
2 2795 3464
2 2795 6094
2 2795 6114
2 2795 6122
2 2795 6135
2 2795 6144
2 2795 6148
2 2796 2798
2 2796 5098
2 2796 5104
2 2797 2803
2 2797 6281
2 2797 6286
2 2797 6293
2 2798 2812
2 2798 5020
2 2798 5048
2 2798 5053
2 2798 5084
2 2798 5091
2 2798 5098
2 2798 5117
2 2799 2911
2 2799 3176
2 2799 3178
2 2799 5466
2 2800 2808
2 2800 3462
2 2800 3464
2 2800 6135
2 2800 6144
2 2800 6148
2 2801 2804
2 2801 2805
2 2801 2806
2 2801 2818
2 2801 2819
2 2801 2820
2 2801 2823
2 2801 5348
2 2801 5362
2 2801 5373
2 2801 5379
2 2801 5405
2 2802 2809
2 2802 2815
2 2802 2854
2 2802 3462
2 2802 3955
2 2802 3956
2 2802 4291
2 2802 4293
2 2802 4294
2 2802 6065
2 2802 6181
2 2802 6187
2 2803 2810
2 2803 2816
2 2803 2832
2 2803 6160
2 2803 6172
2 2803 6183
2 2803 6255
2 2803 6281
2 2803 6286
2 2803 6293
2 2803 6306
2 2804 2805
2 2804 2806
2 2804 5373
2 2804 5379
2 2805 2806
2 2805 5362
2 2805 5367
2 2805 5373
2 2806 2823
2 2806 5356
2 2806 5362
2 2806 5414
2 2807 3203
2 2807 3204
2 2807 3424
2 2807 3427
2 2807 6037
2 2807 6048
2 2807 6065
2 2808 2813
2 2808 2824
2 2808 2832
2 2808 3459
2 2808 3460
2 2808 4290
2 2808 4291
2 2808 4293
2 2808 6135
2 2808 6144
2 2808 6148
2 2808 6154
2 2808 6160
2 2808 6244
2 2808 6255
2 2808 6270
2 2809 2815
2 2809 2821
2 2809 2829
2 2809 2839
2 2809 3955
2 2809 3956
2 2809 4291
2 2809 4294
2 2809 6187
2 2809 6207
2 2809 6250
2 2809 6275
2 2810 2816
2 2810 4335
2 2810 6293
2 2810 6300
2 2810 6306
2 2811 2812
2 2811 2827
2 2811 2828
2 2811 5028
2 2811 5048
2 2811 5123
2 2811 5130
2 2812 2828
2 2812 5048
2 2812 5117
2 2813 2824
2 2813 2832
2 2813 3458
2 2813 3459
2 2813 6148
2 2813 6154
2 2814 2817
2 2814 2831
2 2814 2928
2 2814 2950
2 2814 3178
2 2815 2821
2 2815 2829
2 2815 2854
2 2815 3462
2 2815 3953
2 2815 3954
2 2815 3955
2 2815 4290
2 2815 4291
2 2815 4294
2 2815 6102
2 2815 6207
2 2816 2822
2 2816 2832
2 2816 2835
2 2816 2855
2 2816 4335
2 2816 6183
2 2816 6255
2 2816 6293
2 2816 6300
2 2816 6306
2 2817 3217
2 2818 2819
2 2818 2820
2 2818 2833
2 2818 2834
2 2818 2848
2 2818 2865
2 2818 2898
2 2818 2911
2 2818 2950
2 2818 3046
2 2818 3140
2 2818 5336
2 2818 5348
2 2818 5362
2 2818 5398
2 2818 5405
2 2818 5417
2 2818 5427
2 2818 5465
2 2819 2820
2 2819 5398
2 2820 2823
2 2820 5341
2 2820 5348
2 2820 5398
2 2821 3953
2 2821 3954
2 2821 6207
2 2822 2835
2 2822 4334
2 2822 4335
2 2822 6300
2 2822 6306
2 2822 6312
2 2823 2825
2 2823 3297
2 2823 5341
2 2823 5348
2 2823 5386
2 2823 5393
2 2823 5398
2 2823 5448
2 2823 5454
2 2824 2832
2 2824 3456
2 2824 3458
2 2824 4290
2 2824 6148
2 2824 6154
2 2824 6160
2 2824 6270
2 2824 6281
2 2825 5386
2 2825 5393
2 2826 2837
2 2826 5108
2 2826 5114
2 2826 5214
2 2826 5218
2 2827 2828
2 2827 2841
2 2827 5028
2 2827 5031
2 2827 5085
2 2827 5130
2 2827 5133
2 2827 5140
2 2828 5048
2 2828 5117
2 2828 5130
2 2828 5133
2 2829 2839
2 2829 2843
2 2829 3949
2 2829 3953
2 2829 4290
2 2829 6102
2 2829 6207
2 2829 6275
2 2830 2835
2 2830 4331
2 2830 4332
2 2830 4334
2 2830 6306
2 2830 6312
2 2830 6318
2 2831 2928
2 2831 2950
2 2831 2952
2 2831 3254
2 2832 2835
2 2832 2855
2 2832 2872
2 2832 2891
2 2832 2926
2 2832 3136
2 2832 3424
2 2832 3451
2 2832 3452
2 2832 3454
2 2832 3550
2 2832 6054
2 2832 6094
2 2832 6148
2 2832 6160
2 2832 6166
2 2832 6172
2 2832 6183
2 2832 6198
2 2832 6225
2 2832 6237
2 2832 6244
2 2832 6255
2 2832 6281
2 2832 6321
2 2833 2834
2 2833 2848
2 2833 5417
2 2833 5421
2 2833 5427
2 2834 2836
2 2834 2852
2 2834 5417
2 2834 5421
2 2835 2840
2 2835 2844
2 2835 2855
2 2835 2870
2 2835 2875
2 2835 2877
2 2835 2891
2 2835 4327
2 2835 4331
2 2835 6215
2 2835 6225
2 2835 6237
2 2835 6255
2 2835 6306
2 2835 6312
2 2835 6318
2 2835 6321
2 2835 6355
2 2835 6382
2 2835 6429
2 2836 5405
2 2837 2838
2 2837 2853
2 2837 2856
2 2837 5108
2 2837 5114
2 2837 5137
2 2837 5144
2 2837 5235
2 2837 5241
2 2838 5214
2 2838 5218
2 2838 5235
2 2838 5241
2 2839 2843
2 2839 3949
2 2839 6250
2 2839 6275
2 2839 6293
2 2840 2844
2 2840 4327
2 2840 4328
2 2840 4331
2 2840 6318
2 2840 6324
2 2841 2842
2 2841 2845
2 2841 2857
2 2841 2858
2 2841 2859
2 2841 5028
2 2841 5031
2 2841 5038
2 2841 5050
2 2841 5056
2 2841 5085
2 2841 5140
2 2841 5152
2 2841 5156
2 2842 2845
2 2842 2857
2 2842 5085
2 2842 5152
2 2843 2869
2 2843 2874
2 2843 3949
2 2843 3953
2 2843 4290
2 2843 6102
2 2843 6115
2 2843 6136
2 2843 6250
2 2843 6293
2 2844 2849
2 2844 2870
2 2844 2875
2 2844 2877
2 2844 4321
2 2844 4322
2 2844 4326
2 2844 4327
2 2844 6215
2 2844 6225
2 2844 6318
2 2844 6324
2 2844 6330
2 2844 6343
2 2844 6355
2 2845 5140
2 2845 5147
2 2845 5152
2 2846 2847
2 2846 2864
2 2847 2864
2 2847 3295
2 2848 2850
2 2848 2851
2 2848 2865
2 2848 2867
2 2848 2868
2 2848 5380
2 2848 5427
2 2848 5444
2 2848 5451
2 2848 5465
2 2849 4321
2 2849 4322
2 2849 4326
2 2849 6324
2 2849 6330
2 2849 6338
2 2849 6343
2 2850 2851
2 2850 5437
2 2850 5444
2 2851 2852
2 2851 3330
2 2851 3385
2 2851 5380
2 2851 5432
2 2851 5437
2 2851 5444
2 2852 3330
2 2852 5421
2 2852 5427
2 2852 5432
2 2852 5444
2 2853 2856
2 2853 5137
2 2853 5144
2 2853 5161
2 2853 5167
2 2853 5257
2 2854 2860
2 2854 2866
2 2854 3458
2 2854 3462
2 2854 3949
2 2854 3953
2 2854 3954
2 2854 3955
2 2854 6102
2 2855 2861
2 2855 2872
2 2855 2877
2 2855 4331
2 2855 6183
2 2855 6198
2 2855 6225
2 2856 5137
2 2856 5241
2 2857 2858
2 2857 2873
2 2857 5050
2 2857 5056
2 2857 5112
2 2857 5175
2 2858 2859
2 2858 5175
2 2859 5156
2 2859 5169
2 2860 2866
2 2860 3240
2 2860 3451
2 2860 3452
2 2860 3454
2 2860 3456
2 2860 3458
2 2860 6102
2 2860 6115
2 2861 2872
2 2861 2877
2 2861 4331
2 2861 6198
2 2862 2864
2 2862 2878
2 2862 2895
2 2862 2907
2 2862 2976
2 2862 5547
2 2863 2870
2 2863 6276
2 2863 6318
2 2863 6324
2 2863 6330
2 2863 6338
2 2863 6343
2 2863 6349
2 2863 6355
2 2863 6367
2 2863 6382
2 2864 2878
2 2864 3326
2 2864 3383
2 2864 5547
2 2865 2867
2 2865 2882
2 2865 2884
2 2865 2898
2 2865 2950
2 2865 5422
2 2865 5438
2 2865 5465
2 2865 5471
2 2866 3240
2 2866 3949
2 2866 3954
2 2866 6102
2 2866 6115
2 2866 6123
2 2866 6130
2 2866 6136
2 2867 2868
2 2867 5465
2 2867 5471
2 2868 2871
2 2868 5459
2 2868 5465
2 2868 5471
2 2869 2874
2 2869 2879
2 2869 4002
2 2869 4332
2 2869 6250
2 2870 2875
2 2870 6343
2 2870 6349
2 2870 6355
2 2871 2884
2 2871 3109
2 2871 3385
2 2871 3409
2 2871 5380
2 2871 5422
2 2871 5444
2 2871 5451
2 2871 5459
2 2871 5471
2 2872 2877
2 2872 2886
2 2872 6198
2 2872 6204
2 2872 6215
2 2872 6225
2 2873 2876
2 2873 2888
2 2873 2892
2 2873 5148
2 2873 5185
2 2874 2879
2 2874 3994
2 2874 3999
2 2874 4002
2 2874 4328
2 2874 4332
2 2874 6136
2 2874 6149
2 2874 6250
2 2875 2880
2 2875 2891
2 2875 2908
2 2875 6215
2 2875 6225
2 2875 6343
2 2875 6355
2 2875 6361
2 2876 5112
2 2876 5180
2 2876 5185
2 2876 5191
2 2877 2886
2 2877 3518
2 2877 4321
2 2877 4322
2 2877 4326
2 2877 4327
2 2877 4331
2 2877 6204
2 2877 6215
2 2877 6225
2 2878 2881
2 2878 2895
2 2878 2976
2 2878 2986
2 2878 3381
2 2878 3383
2 2878 5571
2 2879 2893
2 2879 3994
2 2879 3998
2 2879 3999
2 2879 4002
2 2879 4322
2 2879 4326
2 2879 4327
2 2879 4328
2 2879 4332
2 2879 6149
2 2879 6250
2 2879 6260
2 2879 6276
2 2880 2891
2 2880 6355
2 2880 6361
2 2881 2976
2 2881 2986
2 2881 5571
2 2882 2883
2 2882 5438
2 2882 5482
2 2882 5487
2 2883 2884
2 2883 5477
2 2883 5482
2 2884 3109
2 2884 3409
2 2884 3436
2 2884 5422
2 2884 5438
2 2884 5471
2 2884 5477
2 2884 5482
2 2885 2887
2 2885 2901
2 2885 5275
2 2886 3517
2 2886 3518
2 2886 6198
2 2886 6204
2 2886 6210
2 2886 6215
2 2886 6225
2 2887 5275
2 2888 2889
2 2888 2892
2 2888 2905
2 2888 2906
2 2888 5081
2 2888 5088
2 2888 5102
2 2888 5148
2 2888 5157
2 2888 5199
2 2888 5203
2 2888 5208
2 2889 2892
2 2889 5199
2 2890 2896
2 2890 3510
2 2890 3514
2 2890 3517
2 2890 6210
2 2890 6215
2 2890 6219
2 2891 2894
2 2891 2897
2 2891 2908
2 2891 2914
2 2891 2917
2 2891 2924
2 2891 2926
2 2891 3026
2 2891 6225
2 2891 6240
2 2891 6263
2 2891 6321
2 2891 6355
2 2891 6361
2 2891 6367
2 2891 6371
2 2891 6382
2 2891 6429
2 2892 5148
2 2892 5191
2 2892 5199
2 2892 5203
2 2893 3991
2 2893 3994
2 2893 3995
2 2893 4320
2 2893 6250
2 2893 6260
2 2893 6276
2 2894 2897
2 2894 6371
2 2894 6377
2 2894 6382
2 2895 2907
2 2895 2910
2 2895 2945
2 2895 2976
2 2895 2986
2 2895 2998
2 2895 3383
2 2895 3431
2 2896 3498
2 2896 3500
2 2896 3503
2 2896 3507
2 2896 3510
2 2896 6210
2 2896 6215
2 2896 6219
2 2896 6225
2 2897 2903
2 2897 2914
2 2897 2924
2 2897 2926
2 2897 6263
2 2897 6377
2 2897 6382
2 2897 6387
2 2898 2899
2 2898 2900
2 2898 2911
2 2898 2928
2 2898 2950
2 2898 5465
2 2898 5466
2 2898 5492
2 2898 5497
2 2898 5513
2 2899 2900
2 2899 5438
2 2899 5466
2 2899 5497
2 2900 5492
2 2900 5497
2 2901 2918
2 2901 2919
2 2901 2921
2 2901 2938
2 2901 5307
2 2902 2913
2 2902 2939
2 2902 3285
2 2902 3991
2 2902 3994
2 2902 4320
2 2902 6149
2 2902 6276
2 2902 6287
2 2902 6294
2 2903 2914
2 2903 6263
2 2903 6377
2 2903 6382
2 2903 6387
2 2904 2912
2 2904 2920
2 2904 3493
2 2904 3495
2 2904 3498
2 2904 6210
2 2904 6225
2 2904 6229
2 2905 2906
2 2905 2922
2 2905 5102
2 2905 5127
2 2905 5213
2 2905 5224
2 2906 5157
2 2906 5208
2 2906 5213
2 2907 2910
2 2907 2927
2 2907 2945
2 2907 2948
2 2907 2976
2 2907 2998
2 2907 3015
2 2907 3046
2 2907 5619
2 2908 2912
2 2908 2917
2 2908 3493
2 2908 3495
2 2908 6225
2 2908 6229
2 2908 6240
2 2909 2914
2 2909 4383
2 2909 4384
2 2909 6382
2 2909 6387
2 2909 6393
2 2909 6402
2 2910 2927
2 2910 2945
2 2910 2962
2 2910 3431
2 2910 3432
2 2910 5619
2 2911 2915
2 2911 2928
2 2911 2931
2 2911 2932
2 2911 2950
2 2911 5465
2 2911 5466
2 2911 5513
2 2911 5528
2 2911 5552
2 2911 5564
2 2911 5628
2 2912 2917
2 2912 2920
2 2912 3493
2 2912 6229
2 2912 6240
2 2913 2939
2 2913 6287
2 2913 6294
2 2913 6301
2 2914 2925
2 2914 2926
2 2914 2940
2 2914 2949
2 2914 2961
2 2914 2971
2 2914 4377
2 2914 4380
2 2914 4381
2 2914 4384
2 2914 6263
2 2914 6273
2 2914 6321
2 2914 6382
2 2914 6387
2 2914 6393
2 2914 6402
2 2914 6408
2 2914 6417
2 2914 6429
2 2915 3470
2 2915 3527
2 2915 5466
2 2915 5513
2 2915 5522
2 2915 5550
2 2916 5513
2 2917 2920
2 2917 2924
2 2917 2926
2 2917 3493
2 2917 6225
2 2917 6229
2 2917 6240
2 2918 2919
2 2918 2921
2 2918 2935
2 2918 2938
2 2918 5307
2 2919 2921
2 2919 2935
2 2919 2938
2 2919 5307
2 2920 2924
2 2920 2926
2 2920 3493
2 2920 3498
2 2920 3550
2 2920 6198
2 2920 6210
2 2920 6225
2 2920 6229
2 2920 6240
2 2920 6252
2 2920 6257
2 2920 6263
2 2920 6273
2 2920 6321
2 2921 3057
2 2921 5275
2 2921 5307
2 2921 5352
2 2922 2923
2 2922 2942
2 2922 2943
2 2922 2944
2 2922 5127
2 2922 5224
2 2922 5230
2 2922 5234
2 2923 2944
2 2923 5164
2 2923 5176
2 2923 5224
2 2923 5230
2 2923 5234
2 2924 2926
2 2924 6252
2 2925 2929
2 2925 2949
2 2925 2961
2 2925 2971
2 2925 4374
2 2925 4377
2 2925 4380
2 2925 6273
2 2925 6408
2 2925 6413
2 2925 6417
2 2926 2930
2 2926 6198
2 2926 6225
2 2926 6252
2 2926 6257
2 2926 6263
2 2926 6321
2 2927 2945
2 2927 2948
2 2927 3431
2 2927 3465
2 2927 3469
2 2928 2931
2 2928 2932
2 2928 2933
2 2928 2950
2 2928 2952
2 2928 2953
2 2928 2954
2 2928 5538
2 2929 2937
2 2929 2961
2 2929 2971
2 2929 4370
2 2929 4372
2 2929 4374
2 2929 4377
2 2929 6413
2 2929 6417
2 2929 6418
2 2930 2934
2 2930 3565
2 2930 6257
2 2930 6263
2 2931 2932
2 2931 2933
2 2932 2933
2 2932 5528
2 2933 2954
2 2933 3254
2 2933 3527
2 2933 3571
2 2933 5522
2 2933 5528
2 2933 5538
2 2933 5586
2 2934 2940
2 2934 3565
2 2934 6263
2 2935 2938
2 2935 2955
2 2935 5250
2 2935 5307
2 2936 6313
2 2936 6319
2 2936 6325
2 2937 2941
2 2937 2947
2 2937 2961
2 2937 2971
2 2937 4367
2 2937 4369
2 2937 6417
2 2937 6418
2 2937 6424
2 2937 6430
2 2937 6436
2 2938 2955
2 2938 5307
2 2939 2970
2 2939 3282
2 2939 3283
2 2939 3285
2 2939 3493
2 2939 3495
2 2939 3503
2 2939 3507
2 2939 6149
2 2939 6301
2 2940 2949
2 2940 3563
2 2940 3565
2 2940 6263
2 2940 6273
2 2941 4364
2 2941 4367
2 2941 6368
2 2941 6424
2 2941 6430
2 2941 6437
2 2942 2943
2 2942 2944
2 2942 2956
2 2942 2957
2 2942 5127
2 2942 5136
2 2942 5246
2 2942 5254
2 2942 5263
2 2943 2944
2 2943 5127
2 2943 5136
2 2943 5240
2 2943 5246
2 2943 5263
2 2944 5230
2 2944 5234
2 2944 5240
2 2945 2948
2 2945 2958
2 2945 2962
2 2945 2975
2 2945 2995
2 2945 3046
2 2945 3140
2 2945 3431
2 2945 3465
2 2945 3469
2 2945 3521
2 2945 3522
2 2946 2967
2 2946 4062
2 2946 6325
2 2946 6331
2 2947 2951
2 2947 2971
2 2947 2984
2 2947 4361
2 2947 4362
2 2947 4364
2 2947 6310
2 2947 6417
2 2947 6430
2 2947 6436
2 2947 6437
2 2948 2958
2 2948 3032
2 2948 3046
2 2948 3047
2 2948 3521
2 2949 2961
2 2949 3561
2 2949 3562
2 2949 3563
2 2949 3565
2 2949 4374
2 2949 4377
2 2949 6273
2 2949 6279
2 2950 2952
2 2950 2965
2 2950 2966
2 2950 2976
2 2950 2977
2 2950 3015
2 2950 3046
2 2950 3140
2 2950 5552
2 2950 5557
2 2950 5564
2 2950 5628
2 2951 2960
2 2951 2968
2 2951 2971
2 2951 2984
2 2951 6315
2 2951 6321
2 2951 6436
2 2951 6437
2 2952 2953
2 2952 5552
2 2952 5557
2 2953 2954
2 2953 5552
2 2954 3254
2 2954 3571
2 2954 3646
2 2954 5538
2 2954 5552
2 2954 5602
2 2955 5250
2 2955 5344
2 2956 2957
2 2956 5263
2 2957 5254
2 2958 2962
2 2958 2975
2 2958 3046
2 2958 3074
2 2958 3100
2 2958 5678
2 2959 2963
2 2959 2967
2 2959 2979
2 2959 4057
2 2959 4060
2 2959 6230
2 2959 6331
2 2960 2964
2 2960 2968
2 2960 2984
2 2960 4357
2 2960 4358
2 2960 4361
2 2960 6315
2 2960 6321
2 2960 6328
2 2960 6436
2 2960 6437
2 2961 2971
2 2961 3556
2 2961 3557
2 2961 3558
2 2961 4369
2 2961 4370
2 2961 4372
2 2961 4374
2 2961 4377
2 2961 6273
2 2961 6279
2 2961 6290
2 2961 6297
2 2962 2975
2 2962 2995
2 2962 3431
2 2962 3469
2 2962 3521
2 2962 3566
2 2962 3567
2 2962 3644
2 2962 3761
2 2962 3767
2 2962 5678
2 2963 2967
2 2963 3010
2 2963 4053
2 2963 4056
2 2963 4057
2 2963 4364
2 2963 4369
2 2963 4370
2 2963 4372
2 2963 4374
2 2963 4381
2 2963 6230
2 2963 6331
2 2963 6362
2 2963 6368
2 2964 2968
2 2964 4357
2 2964 6328
2 2964 6434
2 2964 6437
2 2965 2966
2 2965 2976
2 2965 2977
2 2965 5564
2 2965 5570
2 2965 5583
2 2965 5589
2 2965 5593
2 2965 5599
2 2966 5564
2 2966 5570
2 2966 5576
2 2966 5583
2 2967 4056
2 2967 4057
2 2967 6307
2 2967 6325
2 2967 6331
2 2967 6362
2 2967 6368
2 2967 6382
2 2967 6413
2 2968 6321
2 2968 6328
2 2968 6341
2 2968 6423
2 2968 6429
2 2968 6434
2 2968 6437
2 2969 3646
2 2969 3762
2 2969 5570
2 2969 5576
2 2970 2979
2 2970 3282
2 2970 3285
2 2970 3316
2 2970 4060
2 2970 6230
2 2970 6301
2 2970 6313
2 2970 6319
2 2971 2980
2 2971 2984
2 2971 3550
2 2971 3553
2 2971 4361
2 2971 4364
2 2971 4367
2 2971 4369
2 2971 6263
2 2971 6273
2 2971 6279
2 2971 6290
2 2971 6297
2 2971 6303
2 2971 6310
2 2971 6321
2 2971 6417
2 2971 6429
2 2971 6436
2 2971 6437
2 2972 2973
2 2972 2974
2 2972 2982
2 2972 2985
2 2972 5166
2 2972 5183
2 2972 5218
2 2972 5235
2 2972 5274
2 2972 5279
2 2973 2974
2 2973 5263
2 2973 5266
2 2973 5274
2 2974 5214
2 2974 5218
2 2974 5235
2 2974 5241
2 2974 5266
2 2974 5274
2 2975 2995
2 2975 3046
2 2975 3100
2 2975 3140
2 2975 3566
2 2975 3641
2 2975 3644
2 2976 2977
2 2976 2978
2 2976 2986
2 2976 2987
2 2976 2989
2 2976 2998
2 2976 3015
2 2976 3046
2 2976 5547
2 2976 5571
2 2976 5613
2 2976 5628
2 2977 2978
2 2977 2981
2 2977 3015
2 2977 5564
2 2977 5599
2 2977 5613
2 2977 5628
2 2978 2981
2 2978 2989
2 2978 3773
2 2978 5547
2 2978 5599
2 2978 5605
2 2978 5636
2 2978 5650
2 2979 3282
2 2979 3315
2 2979 3316
2 2979 3550
2 2979 3553
2 2979 3556
2 2979 3557
2 2979 3558
2 2979 4060
2 2979 4062
2 2979 6230
2 2979 6319
2 2979 6325
2 2979 6331
2 2980 3549
2 2980 4361
2 2980 4362
2 2980 4364
2 2980 6303
2 2980 6310
2 2980 6315
2 2981 3773
2 2981 5593
2 2981 5599
2 2981 5605
2 2982 2983
2 2982 5183
2 2982 5279
2 2982 5282
2 2982 5286
2 2983 2985
2 2983 5279
2 2983 5282
2 2983 5286
2 2984 3549
2 2984 6303
2 2984 6310
2 2984 6315
2 2984 6321
2 2984 6436
2 2984 6437
2 2985 5241
2 2985 5274
2 2985 5279
2 2985 5282
2 2985 5286
2 2985 5296
2 2986 2987
2 2986 2988
2 2986 2998
2 2986 2999
2 2986 5571
2 2986 5613
2 2986 5628
2 2986 5633
2 2987 2988
2 2987 2989
2 2987 5571
2 2988 2989
2 2988 5613
2 2988 5618
2 2989 3773
2 2989 3781
2 2989 3782
2 2989 5571
2 2989 5613
2 2989 5618
2 2989 5669
2 2990 2994
2 2990 3003
2 2990 3011
2 2990 6406
2 2990 6412
2 2990 6419
2 2990 6423
2 2990 6429
2 2991 3005
2 2991 3024
2 2991 3037
2 2991 5402
2 2992 2993
2 2992 3009
2 2992 5211
2 2992 5296
2 2992 5306
2 2993 5257
2 2993 5296
2 2994 3003
2 2994 3011
2 2994 6358
2 2994 6365
2 2994 6374
2 2994 6406
2 2994 6412
2 2994 6429
2 2995 2997
2 2995 3044
2 2995 3046
2 2995 3095
2 2995 3135
2 2995 3140
2 2995 3168
2 2995 3170
2 2995 3206
2 2995 3241
2 2995 3282
2 2995 3315
2 2995 3360
2 2995 3398
2 2995 3493
2 2995 3607
2 2995 3767
2 2995 5798
2 2996 3001
2 2996 6321
2 2996 6328
2 2997 3140
2 2997 3170
2 2997 3767
2 2997 5798
2 2998 2999
2 2998 3000
2 2998 3015
2 2998 3017
2 2998 3022
2 2998 3802
2 2998 3823
2 2998 5619
2 2998 5628
2 2998 5647
2 2998 5651
2 2998 5657
2 2998 5692
2 2998 5704
2 2998 5716
2 2999 3000
2 2999 3004
2 2999 3015
2 2999 5628
2 2999 5633
2 2999 5638
2 2999 5647
2 2999 5651
2 2999 5657
2 3000 3004
2 3000 5638
2 3000 5644
2 3000 5647
2 3000 5651
2 3001 3014
2 3001 6321
2 3001 6328
2 3001 6334
2 3001 6341
2 3001 6345
2 3002 3007
2 3002 6264
2 3002 6362
2 3002 6368
2 3002 6388
2 3002 6394
2 3003 3011
2 3003 3021
2 3003 3026
2 3003 6345
2 3003 6365
2 3003 6374
2 3003 6395
2 3003 6397
2 3003 6406
2 3003 6429
2 3004 5633
2 3004 5638
2 3004 5644
2 3004 5647
2 3005 3006
2 3005 3024
2 3005 3037
2 3005 5293
2 3006 3008
2 3006 3024
2 3007 3020
2 3007 6264
2 3007 6388
2 3007 6394
2 3008 5402
2 3008 5414
2 3009 3012
2 3009 3027
2 3009 3028
2 3009 5211
2 3009 5306
2 3009 5312
2 3009 5318
2 3009 5323
2 3009 5329
2 3010 3315
2 3010 3316
2 3010 3549
2 3010 3550
2 3010 3553
2 3010 4050
2 3010 4053
2 3010 6230
2 3010 6264
2 3010 6362
2 3011 3014
2 3011 3638
2 3011 3639
2 3011 6321
2 3011 6328
2 3011 6341
2 3011 6345
2 3011 6352
2 3011 6358
2 3011 6365
2 3011 6423
2 3011 6429
2 3012 3028
2 3012 5257
2 3012 5296
2 3012 5306
2 3012 5312
2 3012 5318
2 3012 5329
2 3013 5798
2 3013 5815
2 3014 3018
2 3014 3040
2 3014 3315
2 3014 3549
2 3014 3550
2 3014 3607
2 3014 3621
2 3014 3630
2 3014 3635
2 3014 3637
2 3014 3639
2 3014 6321
2 3014 6322
2 3014 6345
2 3014 6352
2 3014 6370
2 3014 6390
2 3014 6399
2 3014 6411
2 3015 3017
2 3015 3019
2 3015 3046
2 3015 5628
2 3015 5638
2 3015 5657
2 3015 5661
2 3015 5666
2 3015 5677
2 3016 3021
2 3016 6389
2 3016 6395
2 3016 6397
2 3017 3019
2 3017 3022
2 3017 3823
2 3017 5619
2 3017 5661
2 3017 5716
2 3017 5734
2 3018 3023
2 3018 3635
2 3018 3637
2 3018 3639
2 3018 6345
2 3018 6352
2 3018 6358
2 3018 6365
2 3018 6370
2 3019 3022
2 3019 5661
2 3020 3025
2 3020 3638
2 3020 6264
2 3020 6322
2 3020 6394
2 3021 3026
2 3021 3030
2 3021 6374
2 3021 6380
2 3021 6389
2 3021 6395
2 3021 6398
2 3022 3823
2 3022 3826
2 3022 5619
2 3022 5651
2 3022 5657
2 3022 5661
2 3022 5716
2 3023 3637
2 3023 3638
2 3023 3639
2 3023 6358
2 3023 6365
2 3024 3037
2 3024 5341
2 3024 5402
2 3024 5448
2 3024 5454
2 3024 5463
2 3025 3054
2 3025 6322
2 3025 6394
2 3025 6397
2 3026 3030
2 3026 3038
2 3026 3060
2 3026 3075
2 3026 3108
2 3026 3136
2 3026 4524
2 3026 6271
2 3026 6321
2 3026 6329
2 3026 6345
2 3026 6356
2 3026 6365
2 3026 6374
2 3026 6376
2 3026 6379
2 3026 6380
2 3026 6383
2 3026 6389
2 3026 6395
2 3026 6397
2 3026 6398
2 3026 6406
2 3026 6426
2 3026 6429
2 3027 3028
2 3027 3039
2 3027 3041
2 3027 3042
2 3027 5244
2 3028 3041
2 3028 5329
2 3028 5352
2 3029 3068
2 3029 3093
2 3029 3166
2 3029 3202
2 3029 4009
2 3029 4070
2 3029 4087
2 3029 4102
2 3029 4775
2 3029 5676
2 3029 5796
2 3029 5840
2 3030 3033
2 3030 3038
2 3030 3075
2 3030 4524
2 3030 6376
2 3030 6379
2 3030 6383
2 3030 6398
2 3031 3044
2 3031 3045
2 3031 3206
2 3031 3241
2 3031 3246
2 3031 3800
2 3031 3801
2 3031 5835
2 3031 5855
2 3032 3034
2 3032 3035
2 3032 3046
2 3032 3047
2 3032 3048
2 3032 5689
2 3032 5695
2 3032 5707
2 3033 3038
2 3033 3075
2 3033 4524
2 3033 6376
2 3033 6379
2 3033 6398
2 3034 3035
2 3034 5689
2 3035 3036
2 3035 3823
2 3035 3848
2 3035 5683
2 3035 5689
2 3035 5734
2 3035 5738
2 3035 5746
2 3035 5752
2 3036 3823
2 3036 5677
2 3036 5683
2 3036 5734
2 3037 3052
2 3037 3053
2 3037 5341
2 3037 5348
2 3037 5448
2 3037 5454
2 3037 5463
2 3038 4523
2 3038 6376
2 3038 6379
2 3039 3041
2 3039 3056
2 3039 3057
2 3039 5244
2 3039 5249
2 3039 5260
2 3039 5307
2 3039 5352
2 3039 5353
2 3039 5359
2 3040 3621
2 3040 3625
2 3040 3629
2 3040 3630
2 3040 6370
2 3040 6374
2 3040 6380
2 3040 6384
2 3040 6390
2 3041 3042
2 3041 3057
2 3041 5307
2 3041 5352
2 3043 3067
2 3043 3068
2 3043 3166
2 3043 3190
2 3043 3194
2 3043 4048
2 3043 4051
2 3043 4054
2 3043 5810
2 3043 5816
2 3043 5840
2 3044 3045
2 3044 3071
2 3044 3095
2 3044 3241
2 3044 3286
2 3044 3290
2 3044 3318
2 3044 5855
2 3045 3816
2 3045 5855
2 3046 3047
2 3046 3048
2 3046 3074
2 3046 3100
2 3046 3140
2 3046 3168
2 3046 5628
2 3046 5678
2 3046 5707
2 3046 5713
2 3046 5719
2 3046 5724
2 3046 5755
2 3046 5809
2 3047 3048
2 3047 3050
2 3047 5678
2 3047 5719
2 3048 3049
2 3048 5707
2 3048 5713
2 3049 3050
2 3049 5707
2 3050 3848
2 3050 3869
2 3050 5695
2 3050 5700
2 3050 5707
2 3050 5752
2 3051 3055
2 3051 3065
2 3051 3075
2 3051 4516
2 3051 4517
2 3051 4519
2 3051 6356
2 3051 6360
2 3051 6364
2 3051 6372
2 3051 6376
2 3051 6427
2 3052 3053
2 3052 5380
2 3054 3069
2 3054 4129
2 3054 4134
2 3054 4137
2 3054 4143
2 3054 6379
2 3054 6394
2 3054 6397
2 3054 6409
2 3054 6432
2 3055 3058
2 3055 4516
2 3055 4517
2 3055 6356
2 3055 6360
2 3055 6364
2 3056 3057
2 3056 5272
2 3056 5307
2 3056 5364
2 3056 5370
2 3057 5307
2 3057 5352
2 3057 5353
2 3057 5364
2 3057 5383
2 3058 3094
2 3058 3107
2 3058 3113
2 3058 4512
2 3058 4513
2 3058 4514
2 3058 6298
2 3058 6333
2 3058 6351
2 3058 6356
2 3058 6360
2 3058 6379
2 3058 6404
2 3058 6409
2 3059 3899
2 3059 4032
2 3059 4111
2 3059 4115
2 3059 5729
2 3059 5796
2 3060 3072
2 3060 3075
2 3060 3614
2 3060 3616
2 3060 6374
2 3060 6380
2 3060 6390
2 3060 6398
2 3060 6399
2 3060 6405
2 3060 6411
2 3061 3062
2 3061 4111
2 3061 4113
2 3061 4115
2 3061 5732
2 3062 3063
2 3062 4111
2 3062 4113
2 3062 5729
2 3062 5732
2 3062 5740
2 3062 5796
2 3063 3064
2 3063 3066
2 3063 4111
2 3063 4115
2 3063 5732
2 3063 5739
2 3063 5740
2 3063 5796
2 3064 3066
2 3064 4107
2 3064 4111
2 3064 4115
2 3064 5739
2 3064 5743
2 3065 3070
2 3065 3075
2 3065 3081
2 3065 4506
2 3065 4508
2 3065 4509
2 3065 4511
2 3065 4512
2 3065 4513
2 3065 6351
2 3065 6356
2 3065 6360
2 3065 6427
2 3065 6438
2 3066 3068
2 3066 3091
2 3066 3092
2 3066 3140
2 3066 3166
2 3066 3194
2 3066 3269
2 3066 3281
2 3066 3360
2 3066 3607
2 3066 3787
2 3066 3884
2 3066 4039
2 3066 4066
2 3066 4095
2 3066 4107
2 3066 4110
2 3066 4111
2 3066 4115
2 3066 4854
2 3066 5676
2 3066 5739
2 3066 5743
2 3066 5744
2 3066 5748
2 3066 5771
2 3066 5787
2 3066 5796
2 3067 3068
2 3067 3194
2 3067 3228
2 3067 3229
2 3067 3234
2 3067 4022
2 3067 4027
2 3067 4028
2 3067 4033
2 3067 4035
2 3067 4048
2 3067 5836
2 3068 3093
2 3068 3129
2 3068 3132
2 3068 3166
2 3068 3194
2 3068 3202
2 3068 3234
2 3068 3269
2 3068 3281
2 3068 3360
2 3068 3797
2 3068 3884
2 3068 4009
2 3068 4021
2 3068 4027
2 3068 4033
2 3068 4035
2 3068 4048
2 3068 4051
2 3068 4054
2 3068 5676
2 3068 5796
2 3069 3080
2 3069 4108
2 3069 4109
2 3069 4112
2 3069 4114
2 3069 4523
2 3069 6404
2 3069 6409
2 3069 6428
2 3069 6432
2 3070 3076
2 3070 3081
2 3070 4506
2 3070 4508
2 3070 4509
2 3070 4511
2 3070 6339
2 3070 6351
2 3070 6356
2 3070 6435
2 3070 6438
2 3071 3073
2 3071 3095
2 3071 3096
2 3071 3097
2 3071 3099
2 3071 3286
2 3071 3318
2 3071 3321
2 3071 3840
2 3071 5912
2 3072 3075
2 3072 3612
2 3072 6398
2 3072 6405
2 3072 6411
2 3073 3286
2 3073 5912
2 3074 3077
2 3074 3079
2 3074 3100
2 3074 3102
2 3074 5724
2 3074 5736
2 3074 5742
2 3074 5749
2 3074 5755
2 3075 3078
2 3075 3084
2 3075 3136
2 3075 6321
2 3075 6329
2 3075 6345
2 3075 6356
2 3075 6365
2 3075 6374
2 3075 6376
2 3075 6398
2 3075 6411
2 3075 6415
2 3075 6421
2 3075 6426
2 3075 6427
2 3075 6435
2 3075 6438
2 3076 3081
2 3076 3111
2 3076 4506
2 3076 4508
2 3076 6329
2 3076 6339
2 3076 6356
2 3076 6435
2 3076 6438
2 3077 3079
2 3077 3891
2 3077 3894
2 3077 5736
2 3077 5742
2 3078 3084
2 3078 3607
2 3078 3610
2 3078 6411
2 3078 6415
2 3078 6421
2 3079 3082
2 3079 5724
2 3079 5730
2 3079 5736
2 3080 3084
2 3080 3110
2 3080 4105
2 3080 4108
2 3080 4112
2 3080 4517
2 3080 6346
2 3080 6404
2 3080 6409
2 3080 6428
2 3081 3086
2 3081 3111
2 3081 3119
2 3081 4498
2 3081 4499
2 3081 4503
2 3081 4505
2 3081 4506
2 3081 6329
2 3081 6333
2 3081 6339
2 3081 6426
2 3081 6431
2 3081 6435
2 3081 6438
2 3082 5724
2 3082 5730
2 3083 3109
2 3083 3112
2 3083 5380
2 3084 3088
2 3084 3606
2 3084 3607
2 3084 3610
2 3084 6404
2 3084 6421
2 3084 6427
2 3085 3115
2 3085 3116
2 3085 5307
2 3085 5383
2 3085 5389
2 3086 4502
2 3086 4503
2 3086 6329
2 3086 6333
2 3087 4103
2 3087 4106
2 3087 4107
2 3087 5744
2 3087 5748
2 3088 3105
2 3088 3606
2 3088 3607
2 3088 6411
2 3088 6415
2 3088 6421
2 3088 6427
2 3088 6433
2 3088 6435
2 3088 6438
2 3089 3090
2 3089 4103
2 3089 5748
2 3090 3091
2 3090 3092
2 3090 4098
2 3090 4103
2 3090 5748
2 3090 5751
2 3090 5796
2 3091 3092
2 3091 4095
2 3091 4098
2 3091 4103
2 3091 4107
2 3091 4111
2 3091 5751
2 3092 3127
2 3092 3166
2 3092 4066
2 3092 4090
2 3092 4095
2 3092 4098
2 3092 5751
2 3092 5796
2 3093 3129
2 3093 3132
2 3093 3202
2 3093 3263
2 3093 3266
2 3093 3269
2 3093 3797
2 3093 3812
2 3093 3814
2 3093 3929
2 3093 3952
2 3093 3988
2 3093 4009
2 3093 4011
2 3093 4016
2 3093 4021
2 3093 4027
2 3093 5867
2 3093 5916
2 3094 3098
2 3094 3108
2 3094 3113
2 3094 3123
2 3094 4494
2 3094 4495
2 3094 4498
2 3094 4499
2 3094 4502
2 3094 6298
2 3094 6309
2 3094 6314
2 3094 6323
2 3094 6329
2 3094 6333
2 3094 6354
2 3094 6356
2 3094 6363
2 3094 6375
2 3094 6409
2 3095 3096
2 3095 3135
2 3095 3137
2 3095 3140
2 3095 3241
2 3095 3318
2 3095 3371
2 3095 3372
2 3095 3398
2 3095 5912
2 3095 5934
2 3096 3097
2 3096 3099
2 3096 3135
2 3096 3137
2 3096 5912
2 3096 5934
2 3097 3099
2 3097 3135
2 3097 3137
2 3097 3865
2 3097 3866
2 3097 3881
2 3097 5934
2 3098 3108
2 3098 4491
2 3098 4494
2 3098 4495
2 3098 6314
2 3098 6323
2 3099 3840
2 3099 3866
2 3099 5912
2 3099 5934
2 3100 3102
2 3100 3103
2 3100 3140
2 3100 3142
2 3100 3144
2 3100 3146
2 3100 3148
2 3100 3149
2 3100 5755
2 3100 5772
2 3100 5776
2 3100 5780
2 3100 5785
2 3101 3105
2 3101 3606
2 3101 6433
2 3101 6435
2 3101 6438
2 3102 3103
2 3102 5755
2 3102 5760
2 3102 5766
2 3102 5772
2 3102 5776
2 3103 3104
2 3103 3106
2 3103 5760
2 3103 5766
2 3103 5772
2 3103 5824
2 3103 5830
2 3104 3106
2 3104 5760
2 3104 5766
2 3105 3111
2 3105 3136
2 3105 3606
2 3105 3607
2 3105 6411
2 3105 6426
2 3105 6433
2 3105 6435
2 3106 3888
2 3106 3891
2 3106 5742
2 3106 5749
2 3106 5755
2 3106 5760
2 3106 5766
2 3106 5772
2 3106 5800
2 3106 5824
2 3106 5830
2 3107 3113
2 3107 4104
2 3107 4502
2 3107 4503
2 3107 4505
2 3107 6392
2 3107 6404
2 3108 3114
2 3108 3124
2 3108 3131
2 3108 3136
2 3108 3145
2 3108 4487
2 3108 4491
2 3108 6271
2 3108 6298
2 3108 6304
2 3108 6309
2 3108 6314
2 3108 6323
2 3108 6329
2 3108 6356
2 3108 6416
2 3109 3112
2 3109 3151
2 3109 3409
2 3109 3436
2 3109 3437
2 3109 5422
2 3110 3364
2 3110 3365
2 3110 3366
2 3110 3606
2 3110 3610
2 3110 3611
2 3110 3612
2 3110 4105
2 3110 4108
2 3110 6346
2 3110 6404
2 3111 6329
2 3111 6426
2 3111 6431
2 3111 6435
2 3112 3151
2 3112 5509
2 3113 3123
2 3113 4104
2 3113 4502
2 3113 6333
2 3113 6354
2 3113 6363
2 3113 6375
2 3113 6409
2 3113 6422
2 3114 3124
2 3114 3145
2 3114 4482
2 3114 4485
2 3114 4487
2 3114 4491
2 3114 6298
2 3114 6304
2 3114 6309
2 3114 6403
2 3114 6410
2 3114 6416
2 3115 3116
2 3115 3153
2 3115 3158
2 3115 5299
2 3115 5344
2 3115 5408
2 3116 5344
2 3116 5401
2 3116 5408
2 3117 3118
2 3117 3120
2 3117 3899
2 3117 4084
2 3117 4090
2 3117 4094
2 3117 4095
2 3117 4102
2 3117 5754
2 3117 5759
2 3117 5765
2 3117 5796
2 3118 3120
2 3118 4088
2 3118 4090
2 3118 5759
2 3118 5764
2 3118 5765
2 3119 3121
2 3119 4498
2 3119 4499
2 3119 6323
2 3119 6329
2 3119 6416
2 3119 6426
2 3119 6431
2 3120 3122
2 3120 3126
2 3120 4084
2 3120 4088
2 3120 4090
2 3120 4093
2 3120 4102
2 3120 5764
2 3120 5765
2 3120 5796
2 3121 3128
2 3121 6416
2 3121 6420
2 3121 6426
2 3122 3126
2 3122 4084
2 3122 4090
2 3122 5764
2 3122 5765
2 3123 3130
2 3123 4104
2 3123 4502
2 3123 6375
2 3123 6422
2 3124 3125
2 3124 3131
2 3124 3145
2 3124 4481
2 3124 4482
2 3124 4484
2 3124 4485
2 3124 6296
2 3124 6298
2 3124 6304
2 3124 6403
2 3125 3131
2 3125 4478
2 3125 4481
2 3125 4482
2 3125 6296
2 3125 6400
2 3125 6403
2 3126 3127
2 3126 4084
2 3126 4090
2 3126 4093
2 3126 4102
2 3126 5764
2 3126 5765
2 3126 5771
2 3126 5796
2 3127 3166
2 3127 4066
2 3127 4071
2 3127 4074
2 3127 4087
2 3127 4090
2 3127 4093
2 3127 4095
2 3127 4102
2 3127 5764
2 3127 5765
2 3127 5771
2 3127 5777
2 3127 5796
2 3128 3757
2 3128 6414
2 3128 6416
2 3128 6420
2 3129 3132
2 3129 3269
2 3129 3304
2 3129 3305
2 3129 3306
2 3129 3307
2 3129 3884
2 3129 3917
2 3129 3926
2 3129 3932
2 3129 3943
2 3129 3950
2 3129 4027
2 3129 5916
2 3130 3133
2 3130 3138
2 3130 3757
2 3130 4104
2 3130 4488
2 3130 4502
2 3130 6363
2 3130 6375
2 3130 6422
2 3131 3134
2 3131 3136
2 3131 3139
2 3131 3143
2 3131 3145
2 3131 3152
2 3131 3161
2 3131 3169
2 3131 4477
2 3131 4478
2 3131 6271
2 3131 6284
2 3131 6289
2 3131 6296
2 3131 6298
2 3131 6378
2 3131 6386
2 3131 6400
2 3131 6403
2 3132 3202
2 3132 3797
2 3132 3834
2 3132 3839
2 3132 3884
2 3132 3926
2 3132 3950
2 3132 5916
2 3133 3138
2 3133 6363
2 3133 6375
2 3133 6422
2 3134 3139
2 3134 4471
2 3134 4473
2 3134 4474
2 3134 4477
2 3134 4478
2 3134 6289
2 3134 6386
2 3135 3137
2 3135 3316
2 3135 3318
2 3135 3371
2 3135 3398
2 3135 3881
2 3135 3886
2 3135 5974
2 3136 3141
2 3136 3145
2 3136 3150
2 3136 3156
2 3136 3161
2 3136 3550
2 3136 3606
2 3136 3607
2 3136 3757
2 3136 6271
2 3136 6321
2 3136 6327
2 3136 6329
2 3136 6378
2 3136 6407
2 3136 6410
2 3136 6411
2 3136 6414
2 3136 6416
2 3136 6420
2 3136 6426
2 3137 3203
2 3137 3316
2 3137 3865
2 3137 3881
2 3137 3886
2 3137 5974
2 3138 3147
2 3138 3757
2 3138 4487
2 3138 4488
2 3138 6359
2 3138 6363
2 3138 6375
2 3138 6422
2 3139 3152
2 3139 3169
2 3139 4471
2 3139 4473
2 3139 6284
2 3139 6289
2 3139 6386
2 3140 3142
2 3140 3144
2 3140 3168
2 3140 3170
2 3140 3175
2 3140 3241
2 3140 3318
2 3140 3360
2 3140 3398
2 3140 3424
2 3140 3493
2 3140 3607
2 3140 5802
2 3140 5809
2 3140 5814
2 3140 5827
2 3140 5834
2 3141 3145
2 3141 3755
2 3141 3757
2 3141 6403
2 3141 6407
2 3141 6410
2 3142 3144
2 3142 3146
2 3142 5802
2 3143 3152
2 3143 4468
2 3143 4471
2 3143 6271
2 3143 6280
2 3143 6284
2 3143 6289
2 3143 6296
2 3143 6298
2 3144 3146
2 3144 3148
2 3144 5797
2 3144 5802
2 3145 3150
2 3145 3156
2 3145 3161
2 3145 3169
2 3145 3755
2 3145 4491
2 3145 6378
2 3145 6400
2 3145 6403
2 3145 6407
2 3145 6410
2 3145 6416
2 3146 3148
2 3146 5785
2 3146 5790
2 3146 5797
2 3146 5802
2 3147 3154
2 3147 3751
2 3147 3755
2 3147 3757
2 3147 4481
2 3147 4484
2 3147 4485
2 3147 4487
2 3147 4488
2 3147 6350
2 3147 6354
2 3147 6359
2 3147 6363
2 3147 6422
2 3148 3149
2 3148 5785
2 3148 5790
2 3148 5797
2 3149 5785
2 3149 5790
2 3150 3156
2 3150 3753
2 3150 3755
2 3150 6400
2 3150 6403
2 3150 6407
2 3151 3178
2 3151 5422
2 3151 5542
2 3152 3155
2 3152 3159
2 3152 3169
2 3152 3185
2 3152 3188
2 3152 4460
2 3152 4462
2 3152 4463
2 3152 4465
2 3152 4466
2 3152 4468
2 3152 4471
2 3152 6267
2 3152 6271
2 3152 6280
2 3152 6284
2 3152 6357
2 3152 6378
2 3152 6381
2 3152 6386
2 3153 3157
2 3153 5299
2 3153 5303
2 3153 5315
2 3153 5419
2 3153 5430
2 3154 3751
2 3154 4481
2 3154 6344
2 3154 6350
2 3154 6354
2 3154 6359
2 3154 6422
2 3154 6425
2 3155 3159
2 3155 4463
2 3155 4465
2 3155 6271
2 3156 3161
2 3156 3748
2 3156 3751
2 3156 3753
2 3156 6378
2 3156 6391
2 3156 6396
2 3156 6400
2 3156 6403
2 3157 3158
2 3157 5419
2 3158 5344
2 3158 5395
2 3158 5408
2 3158 5413
2 3158 5419
2 3159 3188
2 3159 3197
2 3159 4460
2 3159 4462
2 3159 4463
2 3159 6267
2 3159 6271
2 3160 3162
2 3160 4066
2 3160 4071
2 3160 4087
2 3160 5779
2 3160 5783
2 3160 5784
2 3160 5787
2 3161 3169
2 3161 3749
2 3161 3751
2 3161 6378
2 3161 6386
2 3161 6391
2 3161 6396
2 3161 6400
2 3161 6403
2 3162 3163
2 3162 3165
2 3162 4066
2 3162 5784
2 3162 5787
2 3162 5791
2 3163 3165
2 3163 4061
2 3163 4066
2 3163 5787
2 3163 5791
2 3164 3171
2 3164 3183
2 3164 4459
2 3164 4460
2 3164 6247
2 3164 6251
2 3164 6256
2 3164 6265
2 3164 6267
2 3164 6271
2 3164 6280
2 3165 3166
2 3165 4066
2 3165 5791
2 3165 5799
2 3166 3194
2 3166 4059
2 3166 4061
2 3166 4066
2 3166 4070
2 3166 5796
2 3166 5799
2 3166 5803
2 3166 5810
2 3166 5840
2 3167 3203
2 3167 3204
2 3167 3398
2 3167 3424
2 3167 3425
2 3167 3881
2 3167 3914
2 3167 6001
2 3167 6008
2 3167 6013
2 3167 6023
2 3167 6037
2 3167 6048
2 3168 3170
2 3168 3172
2 3168 3206
2 3168 3215
2 3168 3241
2 3168 3242
2 3168 3318
2 3168 3398
2 3168 3424
2 3168 5628
2 3168 5798
2 3168 5809
2 3168 5834
2 3168 5839
2 3168 5845
2 3168 5865
2 3168 5878
2 3169 3746
2 3169 3747
2 3169 6284
2 3169 6378
2 3169 6381
2 3169 6386
2 3169 6391
2 3169 6396
2 3170 3172
2 3170 5798
2 3170 5834
2 3170 5839
2 3171 4453
2 3171 4455
2 3171 4456
2 3171 6247
2 3171 6251
2 3171 6256
2 3171 6265
2 3172 3173
2 3172 5833
2 3172 5834
2 3173 3174
2 3173 3175
2 3173 5827
2 3173 5833
2 3173 5834
2 3174 3175
2 3174 5820
2 3174 5827
2 3174 5833
2 3175 3958
2 3175 3959
2 3175 5808
2 3175 5820
2 3175 5833
2 3175 5862
2 3176 3178
2 3176 3180
2 3176 3217
2 3176 3218
2 3176 5466
2 3176 5550
2 3176 5555
2 3177 3183
2 3177 4453
2 3177 6247
2 3177 6251
2 3178 3180
2 3178 3218
2 3178 3767
2 3178 5542
2 3178 5550
2 3178 5555
2 3178 5561
2 3179 3185
2 3179 3741
2 3179 3742
2 3179 6378
2 3179 6381
2 3180 5542
2 3180 5550
2 3180 5555
2 3180 5561
2 3181 3184
2 3181 3222
2 3181 3224
2 3181 3225
2 3181 5326
2 3181 5390
2 3181 5402
2 3181 5447
2 3182 3195
2 3182 3737
2 3182 3746
2 3182 4459
2 3182 4463
2 3182 4465
2 3182 6311
2 3182 6320
2 3182 6337
2 3182 6401
2 3182 6425
2 3183 3187
2 3183 3196
2 3183 3201
2 3183 3205
2 3183 3214
2 3183 3221
2 3183 3226
2 3183 4452
2 3183 4453
2 3183 6227
2 3183 6232
2 3183 6239
2 3183 6247
2 3183 6256
2 3183 6267
2 3183 6271
2 3183 6327
2 3183 6332
2 3183 6353
2 3183 6357
2 3184 3186
2 3184 5447
2 3185 3188
2 3185 3738
2 3185 3740
2 3185 3741
2 3185 6373
2 3185 6378
2 3185 6381
2 3186 5441
2 3186 5447
2 3187 3196
2 3187 3205
2 3187 3214
2 3187 3221
2 3187 4445
2 3187 4448
2 3187 4449
2 3187 4452
2 3187 6239
2 3187 6327
2 3187 6332
2 3187 6336
2 3188 3192
2 3188 3197
2 3188 3737
2 3188 3738
2 3188 3740
2 3188 3741
2 3188 4459
2 3188 4460
2 3188 4462
2 3188 4463
2 3188 4465
2 3188 4466
2 3188 6267
2 3188 6357
2 3188 6369
2 3188 6373
2 3188 6378
2 3188 6381
2 3188 6386
2 3189 3190
2 3189 4049
2 3189 4052
2 3189 4055
2 3189 5806
2 3189 5810
2 3189 5812
2 3190 3191
2 3190 3193
2 3190 3194
2 3190 4049
2 3190 4052
2 3190 5810
2 3190 5812
2 3190 5816
2 3190 5840
2 3191 3193
2 3191 4045
2 3191 4049
2 3191 5810
2 3191 5812
2 3191 5816
2 3192 3732
2 3192 3734
2 3192 3736
2 3192 3737
2 3192 3738
2 3192 6353
2 3192 6357
2 3192 6369
2 3192 6373
2 3192 6378
2 3193 3194
2 3193 4039
2 3193 4045
2 3193 5810
2 3193 5816
2 3194 3232
2 3194 3234
2 3194 3269
2 3194 4028
2 3194 4039
2 3194 4048
2 3194 4054
2 3194 4066
2 3194 5810
2 3194 5816
2 3194 5819
2 3195 3734
2 3195 3737
2 3195 4459
2 3195 6308
2 3195 6311
2 3195 6320
2 3195 6401
2 3196 3201
2 3196 4440
2 3196 4445
2 3196 6227
2 3196 6232
2 3196 6235
2 3196 6239
2 3196 6327
2 3196 6332
2 3196 6336
2 3197 3732
2 3197 3734
2 3197 3736
2 3197 3737
2 3197 4457
2 3197 4459
2 3197 4460
2 3197 6267
2 3197 6357
2 3197 6369
2 3198 3199
2 3198 3390
2 3198 3798
2 3198 3822
2 3198 3835
2 3198 3845
2 3198 3849
2 3198 3877
2 3198 3879
2 3198 5923
2 3198 5963
2 3198 5979
2 3198 5987
2 3199 3200
2 3199 3202
2 3199 3815
2 3199 3824
2 3199 3835
2 3199 3845
2 3199 3879
2 3199 5979
2 3199 5999
2 3200 3202
2 3200 3396
2 3200 3824
2 3200 3835
2 3200 3845
2 3200 3854
2 3200 3884
2 3200 5979
2 3200 5987
2 3201 4440
2 3201 4442
2 3201 4443
2 3201 6227
2 3201 6232
2 3201 6235
2 3201 6239
2 3201 6247
2 3202 3236
2 3202 3238
2 3202 3281
2 3202 3313
2 3202 3316
2 3202 3360
2 3202 3396
2 3202 3787
2 3202 3797
2 3202 3806
2 3202 3815
2 3202 3824
2 3202 3879
2 3202 3884
2 3202 3889
2 3202 3908
2 3202 4009
2 3202 4775
2 3202 5676
2 3202 5979
2 3202 5999
2 3203 3204
2 3203 3240
2 3203 3282
2 3203 3316
2 3203 3398
2 3203 3424
2 3203 3452
2 3203 3454
2 3203 3881
2 3203 3914
2 3203 3954
2 3203 6048
2 3203 6065
2 3204 3424
2 3204 3914
2 3204 6037
2 3204 6048
2 3204 6065
2 3205 3209
2 3205 3214
2 3205 3728
2 3205 3729
2 3205 3731
2 3205 4452
2 3205 4453
2 3205 6342
2 3205 6348
2 3205 6353
2 3205 6357
2 3206 3207
2 3206 3208
2 3206 3241
2 3206 3242
2 3206 3253
2 3206 5798
2 3206 5815
2 3206 5835
2 3206 5865
2 3206 5878
2 3207 3208
2 3207 5865
2 3208 3210
2 3208 3215
2 3208 5815
2 3208 5859
2 3208 5865
2 3209 3214
2 3209 3243
2 3209 3720
2 3209 3724
2 3209 3726
2 3209 3728
2 3209 6348
2 3209 6353
2 3209 6378
2 3210 3213
2 3210 3215
2 3210 5859
2 3210 5865
2 3211 3219
2 3211 3250
2 3211 3729
2 3211 4449
2 3211 4452
2 3211 4455
2 3211 6295
2 3211 6308
2 3211 6401
2 3212 3216
2 3212 4435
2 3212 4436
2 3212 6218
2 3212 6223
2 3212 6227
2 3213 3215
2 3213 5854
2 3213 5859
2 3213 5865
2 3214 3221
2 3214 3233
2 3214 3243
2 3214 3720
2 3214 3724
2 3214 3725
2 3214 3726
2 3214 4452
2 3214 6327
2 3214 6342
2 3214 6348
2 3214 6353
2 3215 4005
2 3215 5798
2 3215 5815
2 3215 5845
2 3215 5850
2 3215 5854
2 3215 5859
2 3215 5900
2 3216 3223
2 3216 3226
2 3216 4434
2 3216 4435
2 3216 6190
2 3216 6218
2 3216 6223
2 3216 6227
2 3216 6232
2 3216 6247
2 3216 6278
2 3217 3218
2 3217 5580
2 3217 5586
2 3218 3220
2 3218 5580
2 3218 5586
2 3219 3230
2 3219 3250
2 3219 3715
2 3219 3725
2 3219 4443
2 3219 4445
2 3219 4448
2 3219 4449
2 3219 6278
2 3219 6288
2 3219 6295
2 3219 6342
2 3219 6385
2 3220 5580
2 3221 3233
2 3221 3243
2 3221 3717
2 3221 3720
2 3221 4445
2 3221 4449
2 3221 4452
2 3221 6327
2 3221 6332
2 3221 6336
2 3221 6342
2 3222 3224
2 3222 3256
2 3222 5402
2 3222 5414
2 3222 5479
2 3223 3226
2 3223 4429
2 3223 4431
2 3223 6209
2 3223 6214
2 3223 6218
2 3224 3225
2 3224 3256
2 3224 5402
2 3224 5414
2 3224 5479
2 3225 5402
2 3225 5447
2 3225 5462
2 3226 3231
2 3226 3245
2 3226 3249
2 3226 3265
2 3226 4425
2 3226 4428
2 3226 6190
2 3226 6203
2 3226 6209
2 3226 6214
2 3226 6218
2 3226 6227
2 3226 6232
2 3226 6247
2 3226 6271
2 3226 6278
2 3226 6282
2 3226 6285
2 3226 6305
2 3226 6316
2 3226 6327
2 3227 3228
2 3227 4012
2 3227 4017
2 3227 4022
2 3227 5822
2 3227 5826
2 3227 5829
2 3228 3229
2 3228 4012
2 3228 4017
2 3228 4022
2 3228 4033
2 3228 5829
2 3228 5836
2 3229 3232
2 3229 3234
2 3229 4012
2 3229 4033
2 3229 5836
2 3230 3237
2 3230 3250
2 3230 4442
2 3230 4443
2 3230 6278
2 3230 6283
2 3230 6288
2 3230 6385
2 3231 3245
2 3231 3265
2 3231 4425
2 3231 4426
2 3231 4428
2 3231 6209
2 3231 6214
2 3231 6285
2 3231 6305
2 3231 6316
2 3232 3234
2 3232 3269
2 3232 4012
2 3232 4022
2 3232 4028
2 3232 5836
2 3232 5843
2 3233 3239
2 3233 3243
2 3233 3709
2 3233 3713
2 3233 3715
2 3233 3717
2 3233 3720
2 3233 6327
2 3233 6332
2 3233 6336
2 3234 3269
2 3234 3974
2 3234 4001
2 3234 4004
2 3234 4011
2 3234 4022
2 3234 4027
2 3234 4028
2 3234 4033
2 3234 5836
2 3234 5841
2 3234 5843
2 3235 3236
2 3235 3779
2 3235 3787
2 3235 3908
2 3235 3912
2 3235 6022
2 3236 3238
2 3236 3270
2 3236 3281
2 3236 3310
2 3236 3313
2 3236 3316
2 3236 3360
2 3236 3779
2 3236 3787
2 3236 3908
2 3236 3912
2 3236 3937
2 3236 3940
2 3236 3947
2 3236 4009
2 3237 3244
2 3237 3250
2 3237 3701
2 3237 3705
2 3237 3706
2 3237 4439
2 3237 4442
2 3237 6266
2 3237 6274
2 3237 6278
2 3237 6366
2 3237 6385
2 3238 3422
2 3238 3722
2 3238 3779
2 3238 3787
2 3239 3243
2 3239 3705
2 3239 3706
2 3239 3709
2 3239 3713
2 3239 6326
2 3239 6327
2 3239 6332
2 3240 3451
2 3240 3452
2 3240 3949
2 3240 3954
2 3240 6102
2 3240 6115
2 3240 6123
2 3240 6130
2 3240 6136
2 3241 3242
2 3241 3246
2 3241 3286
2 3241 3289
2 3241 3318
2 3241 5835
2 3241 5855
2 3241 5903
2 3242 3246
2 3242 3247
2 3242 3289
2 3242 5878
2 3242 5890
2 3242 5897
2 3242 5903
2 3243 3251
2 3243 3261
2 3243 3271
2 3243 3604
2 3243 3697
2 3243 3700
2 3243 3703
2 3243 3704
2 3243 3709
2 3243 3713
2 3243 3720
2 3243 6241
2 3243 6282
2 3243 6285
2 3243 6292
2 3243 6302
2 3243 6305
2 3243 6316
2 3243 6326
2 3243 6327
2 3243 6353
2 3243 6378
2 3244 3248
2 3244 4434
2 3244 4439
2 3244 6266
2 3244 6274
2 3244 6278
2 3245 3249
2 3245 3265
2 3245 4417
2 3245 4419
2 3245 4420
2 3245 4425
2 3245 6199
2 3245 6203
2 3245 6285
2 3246 3247
2 3246 3252
2 3246 3253
2 3246 5835
2 3246 5855
2 3246 5897
2 3247 3252
2 3247 5890
2 3247 5897
2 3248 3264
2 3248 3280
2 3248 6262
2 3248 6266
2 3248 6278
2 3249 3259
2 3249 3268
2 3249 4410
2 3249 4413
2 3249 4414
2 3249 4416
2 3249 4417
2 3249 6190
2 3249 6194
2 3249 6199
2 3249 6203
2 3249 6282
2 3249 6285
2 3250 3271
2 3250 3331
2 3250 3360
2 3250 3713
2 3250 3715
2 3250 3720
2 3250 3724
2 3250 3725
2 3250 3726
2 3250 3729
2 3250 6302
2 3250 6347
2 3250 6366
2 3250 6385
2 3250 6401
2 3251 3261
2 3251 3697
2 3251 3700
2 3251 3701
2 3251 6305
2 3251 6316
2 3251 6327
2 3252 3253
2 3252 5890
2 3252 5897
2 3253 3800
2 3253 4063
2 3253 4064
2 3253 4065
2 3253 5835
2 3253 5855
2 3253 5883
2 3254 3295
2 3254 3571
2 3254 5586
2 3254 5602
2 3255 3701
2 3255 6254
2 3255 6262
2 3255 6266
2 3255 6340
2 3255 6347
2 3255 6366
2 3256 3301
2 3256 5402
2 3256 5414
2 3256 5448
2 3256 5479
2 3256 5484
2 3256 5495
2 3256 5508
2 3257 3258
2 3257 3924
2 3257 3935
2 3257 3976
2 3257 5844
2 3257 5848
2 3257 5851
2 3257 5860
2 3258 3260
2 3258 3974
2 3258 5851
2 3258 5857
2 3258 5860
2 3259 3280
2 3259 3287
2 3259 3299
2 3259 4400
2 3259 4408
2 3259 4409
2 3259 4410
2 3259 4413
2 3259 4414
2 3259 4416
2 3259 6179
2 3259 6190
2 3259 6194
2 3259 6238
2 3260 3262
2 3260 3974
2 3260 5857
2 3260 5860
2 3261 3265
2 3261 3271
2 3261 3692
2 3261 3694
2 3261 3696
2 3261 3697
2 3261 6302
2 3261 6305
2 3262 3263
2 3262 3966
2 3262 3974
2 3262 5857
2 3262 5860
2 3262 5867
2 3263 3266
2 3263 3269
2 3263 3966
2 3263 3974
2 3263 4011
2 3263 5860
2 3263 5867
2 3264 3267
2 3264 3272
2 3264 3280
2 3264 6254
2 3264 6262
2 3265 3271
2 3265 3275
2 3265 3690
2 3265 3691
2 3265 3692
2 3265 3694
2 3265 4419
2 3265 4420
2 3265 4422
2 3265 4425
2 3265 4426
2 3265 4428
2 3265 6285
2 3265 6302
2 3265 6305
2 3266 3269
2 3266 3960
2 3266 3966
2 3266 3974
2 3266 4011
2 3266 5860
2 3267 3272
2 3267 3280
2 3267 3690
2 3267 4416
2 3267 4417
2 3267 4422
2 3267 6242
2 3267 6254
2 3267 6340
2 3268 3273
2 3268 3277
2 3268 4404
2 3268 4407
2 3268 4408
2 3268 4409
2 3268 4410
2 3268 6179
2 3268 6190
2 3268 6199
2 3268 6277
2 3268 6282
2 3269 3281
2 3269 3307
2 3269 3348
2 3269 3360
2 3269 3396
2 3269 3422
2 3269 3466
2 3269 3491
2 3269 3604
2 3269 3607
2 3269 3663
2 3269 3723
2 3269 3733
2 3269 3787
2 3269 3884
2 3269 3885
2 3269 3932
2 3269 3943
2 3269 3951
2 3269 3960
2 3269 3966
2 3269 3974
2 3269 4011
2 3269 4027
2 3269 4028
2 3269 4039
2 3269 4066
2 3269 5860
2 3269 5867
2 3269 5916
2 3270 3274
2 3270 3276
2 3270 3278
2 3270 3281
2 3270 3310
2 3270 3313
2 3270 3683
2 3270 3714
2 3270 3718
2 3270 3940
2 3270 3945
2 3270 3947
2 3270 3985
2 3270 6080
2 3271 3275
2 3271 3331
2 3271 3682
2 3271 3685
2 3271 3688
2 3271 3690
2 3271 6241
2 3271 6285
2 3271 6292
2 3271 6302
2 3271 6305
2 3272 3280
2 3272 4416
2 3272 6238
2 3272 6242
2 3273 3277
2 3273 4403
2 3273 4404
2 3273 4407
2 3273 6179
2 3274 3276
2 3274 3278
2 3274 3279
2 3274 3448
2 3274 3661
2 3274 3714
2 3274 3722
2 3274 3945
2 3274 6080
2 3274 6085
2 3275 3685
2 3275 3688
2 3275 3690
2 3275 4419
2 3275 6285
2 3275 6292
2 3276 3278
2 3276 3279
2 3276 6080
2 3277 3284
2 3277 3288
2 3277 3300
2 3277 3302
2 3277 3311
2 3277 3325
2 3277 3662
2 3277 4396
2 3277 4399
2 3277 4400
2 3277 4403
2 3277 4404
2 3277 4407
2 3277 4410
2 3277 6173
2 3277 6177
2 3277 6179
2 3277 6190
2 3277 6269
2 3277 6272
2 3277 6277
2 3277 6282
2 3278 3279
2 3278 3281
2 3278 3683
2 3278 6080
2 3279 3281
2 3279 3448
2 3279 3678
2 3279 3683
2 3279 6041
2 3279 6080
2 3279 6085
2 3280 3287
2 3280 3299
2 3280 3317
2 3280 3328
2 3280 3341
2 3280 3369
2 3280 3411
2 3280 6177
2 3280 6179
2 3280 6185
2 3280 6190
2 3280 6238
2 3280 6242
2 3280 6278
2 3281 3312
2 3281 3313
2 3281 3360
2 3281 3422
2 3281 3448
2 3281 3487
2 3281 3491
2 3281 3648
2 3281 3656
2 3281 3678
2 3281 3683
2 3281 3787
2 3281 3884
2 3281 3985
2 3282 3283
2 3282 3285
2 3282 3315
2 3282 3316
2 3282 3360
2 3282 3363
2 3282 3424
2 3282 3493
2 3282 3549
2 3282 3550
2 3282 3607
2 3283 3285
2 3283 3493
2 3283 3495
2 3284 3288
2 3284 4395
2 3284 4396
2 3284 4399
2 3284 6167
2 3284 6173
2 3284 6177
2 3285 3316
2 3285 3881
2 3285 3991
2 3285 3994
2 3285 3995
2 3285 6149
2 3286 3289
2 3286 3290
2 3286 3318
2 3286 5928
2 3286 5933
2 3286 5938
2 3286 5944
2 3287 3299
2 3287 3331
2 3287 3680
2 3287 4409
2 3287 4413
2 3287 4416
2 3287 6179
2 3287 6190
2 3287 6238
2 3287 6242
2 3287 6317
2 3287 6340
2 3288 3300
2 3288 3325
2 3288 4393
2 3288 4395
2 3288 4396
2 3288 4399
2 3288 6173
2 3288 6177
2 3289 3318
2 3289 5878
2 3289 5924
2 3289 5928
2 3289 5938
2 3289 5944
2 3290 3292
2 3290 3294
2 3290 5920
2 3290 5924
2 3291 3675
2 3291 3677
2 3291 3680
2 3291 4410
2 3291 4413
2 3291 4414
2 3291 4416
2 3291 4417
2 3291 6277
2 3291 6282
2 3291 6285
2 3292 3294
2 3292 5920
2 3293 3296
2 3293 4393
2 3293 4395
2 3293 6167
2 3293 6173
2 3294 4146
2 3294 4149
2 3294 4152
2 3294 4153
2 3294 5911
2 3294 5915
2 3294 5920
2 3294 5966
2 3295 3327
2 3295 3383
2 3296 3300
2 3296 4393
2 3296 6165
2 3296 6167
2 3296 6173
2 3297 3298
2 3297 3330
2 3297 3333
2 3297 3334
2 3297 3335
2 3297 5393
2 3297 5398
2 3297 5448
2 3297 5454
2 3297 5463
2 3297 5508
2 3297 5516
2 3298 3301
2 3298 5500
2 3298 5504
2 3298 5508
2 3299 3317
2 3299 4400
2 3299 4408
2 3299 4409
2 3299 4413
2 3299 6177
2 3299 6179
2 3299 6190
2 3299 6226
2 3299 6317
2 3300 3309
2 3300 3325
2 3300 4390
2 3300 4393
2 3300 6150
2 3300 6158
2 3300 6165
2 3300 6167
2 3300 6173
2 3300 6177
2 3300 6179
2 3300 6190
2 3300 6241
2 3300 6246
2 3301 5495
2 3301 5500
2 3301 5504
2 3301 5508
2 3302 3311
2 3302 3662
2 3302 3668
2 3302 3670
2 3302 4403
2 3302 4404
2 3302 4407
2 3302 4408
2 3302 6269
2 3302 6272
2 3302 6277
2 3303 3304
2 3303 3927
2 3303 3932
2 3303 5879
2 3303 5888
2 3304 3305
2 3304 3918
2 3304 3927
2 3304 3932
2 3304 3950
2 3304 5888
2 3305 3306
2 3305 3307
2 3305 3918
2 3305 3927
2 3305 3932
2 3305 5889
2 3306 3307
2 3306 3904
2 3306 3918
2 3306 3932
2 3306 3950
2 3306 5889
2 3307 3348
2 3307 3884
2 3307 3885
2 3307 3898
2 3307 3904
2 3307 3917
2 3307 3918
2 3307 3926
2 3307 3927
2 3307 3932
2 3307 5889
2 3307 5891
2 3308 3310
2 3308 3559
2 3308 3602
2 3308 3608
2 3308 3985
2 3308 6128
2 3309 3341
2 3309 4385
2 3309 4387
2 3309 4388
2 3309 4389
2 3309 6138
2 3309 6140
2 3309 6150
2 3309 6156
2 3309 6158
2 3309 6161
2 3309 6165
2 3309 6167
2 3309 6177
2 3309 6179
2 3309 6190
2 3310 3312
2 3310 3313
2 3310 3360
2 3310 3559
2 3310 3602
2 3310 3947
2 3310 3985
2 3310 4037
2 3310 6055
2 3310 6151
2 3311 3314
2 3311 3325
2 3311 3662
2 3311 3664
2 3311 3665
2 3311 6261
2 3311 6269
2 3311 6272
2 3312 3313
2 3312 3356
2 3312 3357
2 3312 3360
2 3312 3491
2 3312 3524
2 3312 3535
2 3312 3539
2 3312 3541
2 3312 3543
2 3312 3546
2 3312 3547
2 3312 3548
2 3312 3602
2 3312 3608
2 3312 6099
2 3312 6151
2 3313 3350
2 3313 3352
2 3313 3356
2 3313 3357
2 3313 3360
2 3313 3501
2 3313 3524
2 3313 3543
2 3313 3551
2 3313 4037
2 3313 4044
2 3313 6055
2 3313 6059
2 3313 6151
2 3313 6182
2 3314 3320
2 3314 3662
2 3314 3664
2 3314 3665
2 3314 6241
2 3314 6261
2 3314 6269
2 3315 3316
2 3315 3360
2 3315 3363
2 3315 3364
2 3315 3365
2 3315 3366
2 3315 3368
2 3315 3493
2 3315 3549
2 3315 3550
2 3315 3607
2 3315 3611
2 3315 3617
2 3315 3621
2 3315 3625
2 3315 3630
2 3315 6230
2 3315 6264
2 3315 6322
2 3316 3360
2 3316 3363
2 3316 3365
2 3316 3366
2 3316 3368
2 3316 3881
2 3316 4009
2 3316 4050
2 3316 4053
2 3316 4056
2 3316 4100
2 3316 4104
2 3316 4109
2 3316 6230
2 3316 6264
2 3316 6322
2 3316 6335
2 3317 3328
2 3317 3341
2 3317 3361
2 3317 3662
2 3317 4395
2 3317 4400
2 3317 6167
2 3317 6177
2 3317 6179
2 3317 6213
2 3317 6226
2 3318 3319
2 3318 3321
2 3318 3324
2 3318 3371
2 3318 3372
2 3318 3375
2 3318 3377
2 3318 3378
2 3318 3398
2 3318 5912
2 3318 5934
2 3318 5944
2 3318 5953
2 3318 5968
2 3318 5973
2 3318 5992
2 3319 3321
2 3319 3322
2 3319 3324
2 3319 5944
2 3319 5953
2 3319 5962
2 3319 5968
2 3320 3325
2 3320 3332
2 3320 3658
2 3320 3660
2 3320 6241
2 3320 6245
2 3320 6253
2 3320 6261
2 3320 6269
2 3321 3322
2 3321 5912
2 3321 5962
2 3322 3324
2 3322 5912
2 3322 5953
2 3322 5958
2 3322 5962
2 3323 3329
2 3323 3362
2 3323 4385
2 3323 6140
2 3323 6145
2 3323 6150
2 3323 6156
2 3323 6224
2 3324 5944
2 3324 5949
2 3324 5953
2 3324 5958
2 3325 3332
2 3325 3658
2 3325 3662
2 3325 4396
2 3325 6190
2 3325 6241
2 3325 6246
2 3325 6248
2 3325 6253
2 3325 6261
2 3325 6269
2 3325 6282
2 3326 3327
2 3326 3383
2 3326 5636
2 3326 5650
2 3327 3383
2 3327 5630
2 3327 5636
2 3328 3336
2 3328 3341
2 3328 3345
2 3328 3361
2 3328 3655
2 3328 4389
2 3328 6167
2 3328 6177
2 3328 6202
2 3328 6213
2 3329 3337
2 3329 3346
2 3329 6140
2 3329 6145
2 3329 6150
2 3329 6222
2 3329 6224
2 3330 3333
2 3330 3335
2 3330 3385
2 3330 3387
2 3330 3389
2 3330 5421
2 3330 5432
2 3330 5444
2 3330 5454
2 3330 5463
2 3330 5526
2 3330 5530
2 3331 3360
2 3331 3361
2 3331 3373
2 3331 3675
2 3331 3677
2 3331 3680
2 3331 3682
2 3331 3688
2 3331 6299
2 3331 6302
2 3331 6317
2 3331 6340
2 3331 6347
2 3332 3340
2 3332 3658
2 3332 6241
2 3332 6245
2 3332 6246
2 3332 6248
2 3332 6253
2 3333 3334
2 3333 3335
2 3333 5526
2 3334 3335
2 3334 5516
2 3334 5521
2 3335 5463
2 3335 5508
2 3335 5516
2 3335 5521
2 3335 5526
2 3336 3341
2 3336 3345
2 3336 6202
2 3337 3346
2 3337 3349
2 3337 3380
2 3337 3386
2 3337 6078
2 3337 6079
2 3337 6096
2 3337 6134
2 3337 6138
2 3337 6140
2 3337 6150
2 3337 6216
2 3337 6222
2 3337 6224
2 3338 3339
2 3338 3870
2 3338 3880
2 3338 3885
2 3338 5902
2 3338 5907
2 3339 3342
2 3339 3859
2 3339 3870
2 3339 3885
2 3339 3917
2 3339 5863
2 3339 5902
2 3339 5907
2 3339 5932
2 3340 3343
2 3340 3655
2 3340 6241
2 3340 6245
2 3340 6246
2 3341 3345
2 3341 3354
2 3341 3369
2 3341 3411
2 3341 4385
2 3341 4388
2 3341 4389
2 3341 6138
2 3341 6167
2 3341 6177
2 3341 6179
2 3341 6185
2 3341 6202
2 3341 6278
2 3342 3344
2 3342 3847
2 3342 3850
2 3342 3859
2 3342 3862
2 3342 3870
2 3342 3885
2 3342 3917
2 3342 4173
2 3342 4174
2 3342 4177
2 3342 5863
2 3342 5907
2 3342 5910
2 3342 5932
2 3342 5946
2 3342 5951
2 3342 5952
2 3343 3362
2 3343 3655
2 3343 6158
2 3343 6236
2 3343 6241
2 3343 6245
2 3343 6246
2 3344 3347
2 3344 3348
2 3344 3862
2 3344 3885
2 3344 3917
2 3344 5907
2 3344 5910
2 3344 5946
2 3344 5951
2 3344 5952
2 3345 3354
2 3345 3361
2 3345 3373
2 3345 4101
2 3345 4388
2 3345 4389
2 3345 6202
2 3345 6268
2 3345 6291
2 3346 3349
2 3346 3355
2 3346 3358
2 3346 3386
2 3346 6134
2 3346 6138
2 3346 6216
2 3346 6222
2 3346 6224
2 3347 3348
2 3347 3858
2 3347 3862
2 3347 3885
2 3347 5910
2 3347 5951
2 3348 3396
2 3348 3855
2 3348 3858
2 3348 3862
2 3348 3884
2 3348 3885
2 3348 5951
2 3348 5952
2 3349 3355
2 3349 3358
2 3349 3376
2 3349 3380
2 3349 6096
2 3349 6117
2 3349 6124
2 3349 6127
2 3349 6132
2 3349 6134
2 3349 6138
2 3349 6140
2 3350 3352
2 3350 3353
2 3350 3356
2 3350 3478
2 3350 3496
2 3350 3501
2 3350 3508
2 3350 3524
2 3350 4044
2 3351 3362
2 3351 3373
2 3351 6234
2 3351 6236
2 3351 6241
2 3351 6245
2 3352 3353
2 3352 3356
2 3352 3357
2 3352 3359
2 3352 3360
2 3352 3471
2 3352 3478
2 3352 4044
2 3352 4081
2 3352 6220
2 3353 3356
2 3353 3471
2 3353 3478
2 3353 3508
2 3353 3582
2 3353 3583
2 3353 3586
2 3353 3587
2 3353 6220
2 3354 3369
2 3354 4101
2 3354 4385
2 3354 6193
2 3355 3358
2 3355 3386
2 3355 6124
2 3355 6132
2 3355 6134
2 3355 6208
2 3355 6216
2 3356 3357
2 3356 3360
2 3356 3466
2 3356 3471
2 3356 3508
2 3356 3524
2 3356 3548
2 3356 3586
2 3356 3587
2 3356 3589
2 3356 3590
2 3356 3592
2 3356 3593
2 3356 4081
2 3356 6220
2 3356 6228
2 3357 3359
2 3357 3360
2 3357 3405
2 3357 3466
2 3357 3524
2 3357 3548
2 3357 3592
2 3357 3593
2 3357 3595
2 3357 3596
2 3357 3598
2 3357 3601
2 3357 3604
2 3357 4081
2 3357 4083
2 3357 4089
2 3357 6228
2 3358 3386
2 3358 6124
2 3358 6127
2 3358 6132
2 3358 6134
2 3358 6208
2 3359 3360
2 3359 3405
2 3359 3595
2 3359 3598
2 3359 4081
2 3359 4086
2 3359 4089
2 3359 4091
2 3359 4092
2 3359 6228
2 3360 3363
2 3360 3373
2 3360 3422
2 3360 3466
2 3360 3491
2 3360 3524
2 3360 3548
2 3360 3598
2 3360 3601
2 3360 3604
2 3360 3607
2 3360 4009
2 3360 4081
2 3360 4089
2 3360 4091
2 3360 4092
2 3360 4096
2 3360 4100
2 3360 4775
2 3360 5676
2 3360 6228
2 3360 6299
2 3361 3373
2 3361 3655
2 3361 3662
2 3361 6213
2 3361 6245
2 3361 6291
2 3361 6299
2 3361 6317
2 3362 3367
2 3362 6150
2 3362 6156
2 3362 6158
2 3362 6224
2 3362 6231
2 3362 6234
2 3362 6236
2 3362 6241
2 3362 6246
2 3363 3364
2 3363 3365
2 3363 4100
2 3363 4104
2 3363 4105
2 3363 4109
2 3363 6392
2 3364 3365
2 3364 3366
2 3364 3368
2 3364 3606
2 3364 3607
2 3365 3366
2 3365 3606
2 3365 3607
2 3365 3610
2 3365 4104
2 3365 4105
2 3365 4109
2 3366 3368
2 3366 3607
2 3366 3610
2 3366 4105
2 3366 4108
2 3366 4109
2 3366 6346
2 3367 3374
2 3367 3604
2 3367 6221
2 3367 6222
2 3367 6224
2 3367 6231
2 3367 6234
2 3367 6241
2 3368 3607
2 3368 3610
2 3368 3611
2 3368 3612
2 3368 3614
2 3368 3616
2 3368 3617
2 3368 4108
2 3368 4109
2 3368 4112
2 3368 4114
2 3368 4116
2 3368 6322
2 3368 6335
2 3368 6346
2 3369 3379
2 3369 3399
2 3369 3411
2 3369 4099
2 3369 4101
2 3369 4385
2 3369 6127
2 3369 6138
2 3369 6171
2 3369 6185
2 3369 6193
2 3369 6278
2 3370 6117
2 3370 6124
2 3370 6127
2 3371 3372
2 3371 3375
2 3371 3398
2 3371 5934
2 3371 5974
2 3372 3375
2 3372 3377
2 3372 4206
2 3372 5934
2 3373 3399
2 3373 3604
2 3373 4101
2 3373 6234
2 3373 6241
2 3373 6245
2 3373 6268
2 3373 6291
2 3373 6299
2 3374 3382
2 3374 3386
2 3374 3393
2 3374 3402
2 3374 3604
2 3374 6216
2 3374 6221
2 3374 6222
2 3374 6224
2 3374 6241
2 3375 3377
2 3375 3378
2 3375 3398
2 3375 5992
2 3375 6000
2 3375 6007
2 3376 3380
2 3376 6096
2 3376 6104
2 3376 6108
2 3376 6113
2 3376 6117
2 3376 6127
2 3377 3378
2 3377 5992
2 3377 6000
2 3377 6007
2 3378 5992
2 3379 3399
2 3379 4096
2 3379 4097
2 3379 4099
2 3379 4100
2 3379 6127
2 3379 6138
2 3379 6171
2 3379 6185
2 3379 6222
2 3379 6258
2 3380 3386
2 3380 3388
2 3380 3400
2 3380 3402
2 3380 3408
2 3380 3426
2 3380 6096
2 3380 6104
2 3380 6108
2 3380 6113
2 3380 6117
2 3380 6124
2 3380 6134
2 3380 6200
2 3381 3383
2 3381 3384
2 3381 5571
2 3381 5669
2 3382 3386
2 3382 3393
2 3382 3604
2 3382 6211
2 3382 6216
2 3382 6221
2 3383 3384
2 3383 3431
2 3383 3435
2 3383 3469
2 3384 5669
2 3385 3387
2 3385 3409
2 3385 3410
2 3385 5444
2 3385 5451
2 3385 5541
2 3385 5544
2 3385 5554
2 3386 3393
2 3386 3400
2 3386 3402
2 3386 3426
2 3386 6078
2 3386 6096
2 3386 6124
2 3386 6134
2 3386 6150
2 3386 6164
2 3386 6205
2 3386 6208
2 3386 6211
2 3386 6216
2 3386 6224
2 3386 6241
2 3387 3389
2 3387 5535
2 3387 5541
2 3388 3426
2 3388 6078
2 3388 6091
2 3388 6096
2 3388 6104
2 3388 6108
2 3388 6189
2 3389 5535
2 3389 5541
2 3390 3391
2 3390 3392
2 3390 3798
2 3390 3807
2 3390 3820
2 3390 3822
2 3390 3845
2 3390 3854
2 3390 3877
2 3390 4196
2 3390 4199
2 3390 4201
2 3390 4202
2 3390 5923
2 3390 5935
2 3390 5963
2 3390 5987
2 3391 3392
2 3391 3807
2 3391 3811
2 3391 3820
2 3391 5935
2 3391 5987
2 3392 3394
2 3392 3807
2 3392 3811
2 3392 5935
2 3392 5987
2 3393 3400
2 3393 3402
2 3393 3601
2 3393 3604
2 3393 6205
2 3393 6208
2 3393 6211
2 3393 6241
2 3394 3395
2 3394 3396
2 3394 3807
2 3394 3811
2 3394 5939
2 3395 3396
2 3395 3807
2 3395 3824
2 3395 3845
2 3395 5939
2 3395 5942
2 3395 5987
2 3396 3422
2 3396 3491
2 3396 3663
2 3396 3723
2 3396 3733
2 3396 3772
2 3396 3787
2 3396 3792
2 3396 3811
2 3396 3824
2 3396 3825
2 3396 3845
2 3396 3858
2 3396 3884
2 3396 3885
2 3396 5910
2 3396 5935
2 3396 5939
2 3396 5942
2 3396 5948
2 3396 5987
2 3397 6079
2 3397 6091
2 3397 6096
2 3398 3401
2 3398 3424
2 3398 3425
2 3398 3427
2 3398 3428
2 3398 3430
2 3398 3493
2 3398 6001
2 3398 6013
2 3398 6023
2 3398 6037
2 3398 6054
2 3398 6058
2 3398 6070
2 3398 6094
2 3399 3604
2 3399 4099
2 3399 4100
2 3399 4101
2 3399 6234
2 3399 6258
2 3399 6268
2 3400 3402
2 3400 3408
2 3400 3598
2 3400 3601
2 3400 6124
2 3400 6200
2 3400 6205
2 3400 6208
2 3401 3403
2 3401 6001
2 3401 6054
2 3401 6058
2 3402 3408
2 3402 3414
2 3402 3418
2 3402 3426
2 3402 3447
2 3402 3596
2 3402 3598
2 3402 3601
2 3402 3604
2 3402 6124
2 3402 6164
2 3402 6188
2 3402 6200
2 3402 6205
2 3402 6241
2 3403 3404
2 3403 6001
2 3403 6047
2 3403 6054
2 3403 6098
2 3404 3406
2 3404 6001
2 3404 6042
2 3404 6047
2 3404 6098
2 3405 3411
2 3405 4081
2 3405 4083
2 3405 4085
2 3405 4086
2 3405 4089
2 3405 4091
2 3406 6036
2 3406 6042
2 3407 3435
2 3407 5692
2 3408 3414
2 3408 3418
2 3408 3426
2 3408 3595
2 3408 3596
2 3408 6195
2 3408 6197
2 3408 6200
2 3409 3410
2 3409 3436
2 3409 3437
2 3409 3438
2 3409 5451
2 3409 5459
2 3409 5471
2 3409 5477
2 3409 5482
2 3409 5509
2 3409 5554
2 3409 5560
2 3409 5567
2 3409 5579
2 3410 3412
2 3410 5509
2 3410 5554
2 3410 5560
2 3411 3449
2 3411 3651
2 3411 4080
2 3411 4081
2 3411 4082
2 3411 4083
2 3411 4085
2 3411 4086
2 3411 4089
2 3411 4091
2 3411 4092
2 3411 5921
2 3411 6056
2 3411 6062
2 3411 6096
2 3411 6127
2 3411 6138
2 3411 6147
2 3411 6171
2 3411 6185
2 3411 6278
2 3412 5509
2 3412 5541
2 3412 5544
2 3412 5554
2 3412 5560
2 3413 3415
2 3413 3763
2 3413 3772
2 3413 5955
2 3413 5959
2 3413 5967
2 3414 3418
2 3414 3593
2 3414 3595
2 3414 3596
2 3414 6197
2 3415 3416
2 3415 3420
2 3415 3743
2 3415 3760
2 3415 3763
2 3415 3769
2 3415 3772
2 3415 3779
2 3415 3787
2 3415 3806
2 3415 3911
2 3415 4230
2 3415 4233
2 3415 4234
2 3415 4237
2 3415 5955
2 3415 5959
2 3415 5972
2 3415 5981
2 3415 6022
2 3416 3417
2 3416 3420
2 3416 3752
2 3416 3756
2 3416 3760
2 3416 3779
2 3416 3787
2 3416 5972
2 3416 5981
2 3417 3419
2 3417 3420
2 3417 3752
2 3417 3756
2 3417 3787
2 3417 5981
2 3418 3421
2 3418 3426
2 3418 3447
2 3418 3466
2 3418 3590
2 3418 3592
2 3418 3593
2 3418 3596
2 3418 3604
2 3418 6164
2 3418 6188
2 3418 6195
2 3418 6197
2 3418 6241
2 3419 3420
2 3419 3422
2 3419 3733
2 3419 3745
2 3419 3752
2 3419 3756
2 3419 3787
2 3419 5981
2 3420 3422
2 3420 3745
2 3420 3779
2 3420 3787
2 3420 5981
2 3420 5990
2 3421 3426
2 3421 3587
2 3421 3589
2 3421 3590
2 3421 6188
2 3421 6191
2 3421 6195
2 3422 3445
2 3422 3448
2 3422 3491
2 3422 3663
2 3422 3723
2 3422 3727
2 3422 3733
2 3422 3745
2 3422 3779
2 3422 3787
2 3422 5990
2 3422 5994
2 3423 3440
2 3423 3450
2 3423 3453
2 3423 3574
2 3423 4347
2 3423 4348
2 3423 4350
2 3423 4351
2 3423 4354
2 3423 4355
2 3423 6040
2 3423 6063
2 3423 6069
2 3423 6078
2 3423 6079
2 3423 6164
2 3423 6168
2 3423 6174
2 3424 3425
2 3424 3427
2 3424 3452
2 3424 3493
2 3424 3498
2 3424 3550
2 3424 3607
2 3424 6037
2 3424 6054
2 3424 6065
2 3424 6094
2 3424 6109
2 3424 6114
2 3424 6198
2 3425 3427
2 3425 3428
2 3425 6037
2 3425 6094
2 3425 6109
2 3425 6114
2 3426 3587
2 3426 3589
2 3426 6078
2 3426 6096
2 3426 6164
2 3426 6174
2 3426 6184
2 3426 6188
2 3426 6189
2 3426 6191
2 3426 6195
2 3426 6200
2 3427 3428
2 3427 3430
2 3427 4264
2 3427 6037
2 3427 6093
2 3427 6094
2 3427 6101
2 3427 6153
2 3427 6163
2 3428 3430
2 3428 6037
2 3428 6093
2 3428 6094
2 3428 6101
2 3429 3471
2 3429 4079
2 3429 4080
2 3429 4081
2 3429 4082
2 3429 4355
2 3429 6143
2 3429 6147
2 3429 6220
2 3429 6228
2 3430 4264
2 3430 6037
2 3430 6086
2 3430 6093
2 3430 6094
2 3430 6153
2 3431 3432
2 3431 3433
2 3431 3435
2 3431 3465
2 3431 3469
2 3431 3767
2 3431 5619
2 3431 5716
2 3432 3433
2 3432 5619
2 3432 5692
2 3432 5704
2 3432 5716
2 3433 3435
2 3433 5692
2 3433 5704
2 3433 5716
2 3434 3585
2 3434 3586
2 3434 6184
2 3434 6188
2 3434 6189
2 3435 3469
2 3435 5692
2 3435 5704
2 3435 5716
2 3435 5818
2 3436 3437
2 3436 3470
2 3436 3473
2 3436 5482
2 3436 5579
2 3436 5585
2 3436 5595
2 3437 3438
2 3437 3477
2 3437 5579
2 3438 3477
2 3438 5579
2 3439 3441
2 3439 6012
2 3439 6015
2 3440 3450
2 3440 4343
2 3440 4344
2 3440 4346
2 3440 6056
2 3440 6060
2 3440 6063
2 3440 6069
2 3440 6078
2 3440 6079
2 3441 3442
2 3441 3444
2 3441 3686
2 3441 3693
2 3441 3702
2 3441 3714
2 3441 3722
2 3441 3939
2 3441 4262
2 3441 6012
2 3441 6015
2 3441 6024
2 3442 3443
2 3442 3444
2 3442 3689
2 3442 3693
2 3442 6024
2 3443 3444
2 3443 3445
2 3443 3663
2 3443 3684
2 3443 3689
2 3443 3693
2 3443 6015
2 3443 6024
2 3443 6028
2 3443 6032
2 3444 3445
2 3444 3446
2 3444 3448
2 3444 3686
2 3444 3689
2 3444 3693
2 3444 3714
2 3444 3722
2 3444 3945
2 3444 4262
2 3444 6028
2 3445 3446
2 3445 3448
2 3445 3663
2 3445 3679
2 3445 3684
2 3445 3722
2 3445 3723
2 3445 6028
2 3445 6032
2 3446 3448
2 3446 3679
2 3446 3722
2 3447 3455
2 3447 3466
2 3447 3472
2 3447 3535
2 3447 3577
2 3447 3580
2 3447 3581
2 3447 3582
2 3447 3583
2 3447 3586
2 3447 3587
2 3447 3590
2 3447 6164
2 3447 6168
2 3447 6174
2 3447 6178
2 3447 6184
2 3447 6188
2 3447 6241
2 3448 3487
2 3448 3491
2 3448 3653
2 3448 3659
2 3448 3663
2 3448 3669
2 3448 3679
2 3448 3714
2 3448 3722
2 3448 6032
2 3448 6035
2 3448 6041
2 3449 3461
2 3449 3471
2 3449 3478
2 3449 3496
2 3449 3574
2 3449 3577
2 3449 4079
2 3449 4350
2 3449 4354
2 3449 4355
2 3449 6111
2 3449 6147
2 3450 3453
2 3450 3472
2 3450 4338
2 3450 4340
2 3450 4341
2 3450 6040
2 3450 6049
2 3450 6056
2 3450 6060
2 3450 6078
2 3450 6079
2 3450 6155
2 3450 6164
2 3451 3452
2 3451 3454
2 3451 3456
2 3451 3493
2 3451 3498
2 3451 6102
2 3451 6115
2 3451 6123
2 3451 6130
2 3451 6136
2 3451 6166
2 3451 6172
2 3451 6198
2 3452 3454
2 3452 3493
2 3452 3498
2 3452 6160
2 3452 6166
2 3452 6198
2 3453 3457
2 3453 3472
2 3453 3475
2 3453 4338
2 3453 6040
2 3453 6049
2 3453 6052
2 3453 6056
2 3453 6078
2 3453 6142
2 3453 6155
2 3453 6164
2 3454 3456
2 3454 3458
2 3454 6102
2 3454 6115
2 3454 6160
2 3455 3466
2 3455 3574
2 3455 3576
2 3455 6164
2 3455 6168
2 3456 3458
2 3456 6102
2 3456 6115
2 3456 6160
2 3457 4337
2 3457 4338
2 3457 6049
2 3457 6052
2 3458 3459
2 3458 3462
2 3458 6102
2 3458 6115
2 3458 6154
2 3459 3460
2 3459 3462
2 3459 6148
2 3460 3462
2 3460 6144
2 3460 6148
2 3461 3463
2 3461 3496
2 3461 3574
2 3461 4346
2 3461 4350
2 3461 4354
2 3461 6111
2 3462 3464
2 3462 4290
2 3462 4291
2 3462 4293
2 3462 4294
2 3462 6065
2 3462 6102
2 3462 6144
2 3463 3474
2 3463 3496
2 3463 3512
2 3463 3574
2 3463 4343
2 3463 4346
2 3463 4350
2 3463 6111
2 3464 6144
2 3465 3467
2 3465 3469
2 3465 5738
2 3466 3472
2 3466 3486
2 3466 3491
2 3466 3508
2 3466 3519
2 3466 3524
2 3466 3525
2 3466 3535
2 3466 3546
2 3466 3547
2 3466 3548
2 3466 3604
2 3466 3663
2 3466 6159
2 3466 6164
2 3466 6241
2 3467 3469
2 3467 5734
2 3467 5738
2 3468 3475
2 3468 3481
2 3468 4337
2 3468 6038
2 3468 6040
2 3468 6043
2 3468 6049
2 3469 3566
2 3469 3761
2 3469 3767
2 3469 5716
2 3469 5734
2 3469 5738
2 3469 5818
2 3470 3473
2 3470 3527
2 3470 3528
2 3470 5550
2 3470 5595
2 3470 5607
2 3470 5610
2 3471 3478
2 3471 3496
2 3471 3574
2 3471 3577
2 3471 3581
2 3471 3582
2 3471 3583
2 3471 3585
2 3471 3586
2 3471 6220
2 3472 3479
2 3472 3486
2 3472 3497
2 3472 3519
2 3472 3525
2 3472 3535
2 3472 3552
2 3472 6040
2 3472 6133
2 3472 6142
2 3472 6155
2 3472 6159
2 3472 6164
2 3472 6241
2 3473 3476
2 3473 5595
2 3473 5607
2 3474 3512
2 3474 4047
2 3474 6103
2 3474 6111
2 3475 3481
2 3475 3490
2 3475 3506
2 3475 3513
2 3475 6034
2 3475 6040
2 3475 6049
2 3475 6131
2 3475 6142
2 3476 3477
2 3476 5542
2 3476 5561
2 3476 5595
2 3476 5607
2 3477 5542
2 3477 5561
2 3477 5595
2 3477 5607
2 3478 3496
2 3478 3508
2 3479 3486
2 3479 6155
2 3479 6159
2 3479 6164
2 3480 3482
2 3480 3622
2 3480 3656
2 3481 3490
2 3481 4337
2 3481 6038
2 3481 6040
2 3482 3483
2 3482 3484
2 3482 3609
2 3482 3622
2 3482 3627
2 3482 6066
2 3483 3484
2 3483 3485
2 3483 3487
2 3483 3609
2 3483 3622
2 3483 3627
2 3483 3631
2 3483 3636
2 3483 6066
2 3484 3485
2 3484 3487
2 3484 3609
2 3484 3648
2 3484 6066
2 3485 3487
2 3485 3488
2 3485 3603
2 3485 3609
2 3485 3626
2 3485 3648
2 3485 6066
2 3486 3492
2 3486 3497
2 3486 3509
2 3486 3519
2 3486 3546
2 3486 3547
2 3486 6155
2 3486 6159
2 3487 3488
2 3487 3491
2 3487 3535
2 3487 3575
2 3487 3588
2 3487 3591
2 3487 3597
2 3487 3603
2 3487 3609
2 3487 3636
2 3487 3648
2 3487 3653
2 3487 3663
2 3487 6053
2 3487 6074
2 3488 3491
2 3488 3588
2 3488 3591
2 3488 3626
2 3488 3648
2 3488 6074
2 3489 3494
2 3489 4044
2 3489 4046
2 3489 4047
2 3489 4337
2 3489 4340
2 3489 6056
2 3489 6088
2 3489 6103
2 3489 6111
2 3490 3505
2 3490 4318
2 3490 6034
2 3490 6038
2 3490 6040
2 3490 6120
2 3490 6131
2 3491 3535
2 3491 3546
2 3491 3547
2 3491 3548
2 3491 3575
2 3491 3588
2 3491 3591
2 3491 3604
2 3491 3608
2 3491 3626
2 3491 3648
2 3491 3663
2 3491 6074
2 3491 6081
2 3491 6095
2 3491 6099
2 3491 6128
2 3492 3497
2 3492 6155
2 3493 3495
2 3493 3498
2 3493 3500
2 3493 3549
2 3493 3550
2 3493 3607
2 3493 6229
2 3493 6240
2 3493 6257
2 3494 3504
2 3494 4044
2 3494 4046
2 3494 4047
2 3494 6088
2 3494 6092
2 3494 6103
2 3495 3498
2 3495 3500
2 3495 3503
2 3495 3507
2 3495 6229
2 3496 3501
2 3496 3508
2 3496 3512
2 3496 3574
2 3497 3502
2 3497 3509
2 3497 3519
2 3497 6142
2 3497 6155
2 3498 3500
2 3498 3550
2 3498 6198
2 3498 6210
2 3498 6225
2 3499 3505
2 3499 3511
2 3499 3552
2 3499 4337
2 3499 5930
2 3499 6010
2 3499 6026
2 3499 6030
2 3499 6034
2 3499 6038
2 3499 6040
2 3499 6043
2 3499 6049
2 3499 6056
2 3499 6079
2 3499 6120
2 3500 3503
2 3500 3510
2 3500 6198
2 3500 6210
2 3500 6225
2 3501 3508
2 3501 3512
2 3501 3524
2 3501 3543
2 3501 4044
2 3501 6182
2 3502 3506
2 3502 3509
2 3502 6142
2 3503 3507
2 3503 3510
2 3503 6219
2 3504 3513
2 3504 3515
2 3504 3551
2 3504 4041
2 3504 4043
2 3504 4044
2 3504 4046
2 3504 4047
2 3504 6088
2 3504 6092
2 3504 6103
2 3504 6182
2 3505 3511
2 3505 3516
2 3505 4317
2 3505 4318
2 3505 6021
2 3505 6026
2 3505 6030
2 3505 6034
2 3505 6116
2 3505 6120
2 3506 3509
2 3506 3513
2 3506 3519
2 3506 6040
2 3506 6142
2 3507 3510
2 3507 3514
2 3507 3518
2 3507 6149
2 3507 6219
2 3508 3512
2 3508 3524
2 3508 6182
2 3509 3513
2 3509 3519
2 3509 3547
2 3509 3548
2 3509 6137
2 3509 6142
2 3510 3514
2 3510 3517
2 3510 6198
2 3510 6210
2 3510 6215
2 3510 6219
2 3511 3516
2 3511 3552
2 3511 4314
2 3511 4317
2 3511 6010
2 3511 6014
2 3511 6021
2 3511 6026
2 3511 6116
2 3511 6120
2 3512 3524
2 3512 3574
2 3512 4047
2 3512 6111
2 3512 6182
2 3513 3519
2 3513 3545
2 3513 3546
2 3513 3547
2 3513 3548
2 3513 3551
2 3513 4041
2 3513 6040
2 3513 6131
2 3513 6133
2 3513 6137
2 3513 6142
2 3514 3517
2 3514 3518
2 3514 6210
2 3514 6215
2 3515 3520
2 3515 4041
2 3515 4042
2 3515 4043
2 3515 4044
2 3515 6076
2 3515 6088
2 3516 3526
2 3516 3552
2 3516 4309
2 3516 4312
2 3516 4313
2 3516 4314
2 3516 4317
2 3516 6010
2 3516 6014
2 3516 6100
2 3516 6116
2 3517 3518
2 3517 6198
2 3517 6210
2 3517 6215
2 3518 6149
2 3518 6198
2 3518 6204
2 3518 6210
2 3519 3525
2 3519 3535
2 3519 3546
2 3519 3547
2 3519 3548
2 3519 6133
2 3519 6137
2 3519 6142
2 3520 4037
2 3520 4040
2 3520 4041
2 3520 4042
2 3520 4043
2 3520 4044
2 3520 6076
2 3521 3522
2 3521 5678
2 3521 5758
2 3521 5763
2 3521 5774
2 3522 3523
2 3522 5763
2 3522 5774
2 3523 5758
2 3523 5763
2 3524 3543
2 3524 3546
2 3524 3547
2 3524 3548
2 3524 6151
2 3524 6182
2 3525 3535
2 3525 3541
2 3525 3542
2 3525 3546
2 3525 6120
2 3525 6131
2 3525 6133
2 3526 3552
2 3526 3564
2 3526 4304
2 3526 4305
2 3526 4309
2 3526 5971
2 3526 5993
2 3526 5998
2 3526 6004
2 3526 6006
2 3526 6010
2 3526 6040
2 3526 6100
2 3527 3528
2 3527 3573
2 3527 5522
2 3527 5550
2 3527 5561
2 3527 5580
2 3527 5616
2 3527 5625
2 3528 3529
2 3528 3573
2 3528 5550
2 3528 5561
2 3528 5616
2 3528 5625
2 3529 3530
2 3529 5616
2 3529 5625
2 3530 5616
2 3531 3533
2 3531 3540
2 3531 3544
2 3531 3552
2 3531 6100
2 3531 6107
2 3531 6110
2 3532 3533
2 3532 3537
2 3532 3551
2 3532 4034
2 3532 4037
2 3532 4038
2 3532 4314
2 3532 4318
2 3532 6059
2 3532 6062
2 3532 6068
2 3532 6151
2 3533 3534
2 3533 3537
2 3533 3544
2 3533 3551
2 3533 4313
2 3533 4314
2 3533 4317
2 3533 4318
2 3533 6055
2 3533 6059
2 3533 6100
2 3533 6107
2 3533 6110
2 3533 6116
2 3533 6151
2 3534 3536
2 3534 3537
2 3534 3540
2 3534 3544
2 3534 6110
2 3534 6116
2 3535 3536
2 3535 3537
2 3535 3538
2 3535 3539
2 3535 3540
2 3535 3541
2 3535 3544
2 3535 3546
2 3535 3552
2 3535 3575
2 3535 3653
2 3535 3663
2 3535 3733
2 3535 6099
2 3535 6107
2 3535 6116
2 3535 6120
2 3535 6133
2 3535 6241
2 3536 3537
2 3536 3540
2 3536 6116
2 3537 3538
2 3537 3539
2 3537 3542
2 3537 3551
2 3537 4038
2 3537 4041
2 3537 4318
2 3537 6116
2 3537 6120
2 3537 6151
2 3538 3539
2 3538 6120
2 3539 3541
2 3539 3542
2 3539 3551
2 3539 6120
2 3539 6131
2 3539 6151
2 3540 3544
2 3540 3552
2 3540 6107
2 3540 6110
2 3540 6116
2 3540 6120
2 3541 3542
2 3541 3546
2 3541 6120
2 3541 6131
2 3541 6151
2 3542 3545
2 3542 3546
2 3542 3551
2 3542 4041
2 3542 4318
2 3542 6120
2 3542 6131
2 3542 6151
2 3543 3546
2 3543 3547
2 3543 3548
2 3543 3551
2 3543 4037
2 3543 4040
2 3543 4041
2 3543 4042
2 3543 4043
2 3543 4044
2 3543 4047
2 3543 6151
2 3543 6182
2 3544 3552
2 3544 6107
2 3544 6110
2 3545 3546
2 3545 3547
2 3545 3548
2 3545 3551
2 3545 4041
2 3545 4318
2 3545 6131
2 3545 6133
2 3546 3547
2 3546 3551
2 3546 6133
2 3546 6151
2 3547 3548
2 3547 3551
2 3547 3604
2 3547 6137
2 3548 3551
2 3548 3604
2 3548 6137
2 3548 6182
2 3549 3550
2 3549 3553
2 3549 3607
2 3549 3611
2 3549 3621
2 3549 6264
2 3549 6303
2 3549 6310
2 3549 6315
2 3549 6321
2 3550 3553
2 3550 3555
2 3550 3556
2 3550 3557
2 3550 3561
2 3550 3607
2 3550 6198
2 3550 6230
2 3550 6263
2 3550 6273
2 3550 6290
2 3550 6297
2 3550 6303
2 3550 6321
2 3551 4034
2 3551 4037
2 3551 4038
2 3551 4040
2 3551 4041
2 3551 4042
2 3551 4047
2 3551 6151
2 3551 6182
2 3552 3564
2 3552 3575
2 3552 3588
2 3552 3643
2 3552 3653
2 3552 3733
2 3552 4317
2 3552 5971
2 3552 5993
2 3552 5998
2 3552 6010
2 3552 6032
2 3552 6040
2 3552 6050
2 3552 6053
2 3552 6087
2 3552 6095
2 3552 6099
2 3552 6100
2 3552 6107
2 3552 6110
2 3552 6116
2 3552 6120
2 3552 6133
2 3552 6142
2 3552 6164
2 3552 6241
2 3553 3555
2 3553 3556
2 3553 6230
2 3553 6297
2 3554 3560
2 3554 5976
2 3554 5985
2 3555 3556
2 3555 3557
2 3555 6230
2 3555 6290
2 3555 6297
2 3556 3557
2 3556 3561
2 3556 6230
2 3556 6290
2 3557 3558
2 3557 3561
2 3557 6230
2 3557 6279
2 3557 6290
2 3558 3561
2 3558 3562
2 3558 6230
2 3558 6279
2 3559 3569
2 3559 3602
2 3559 3608
2 3559 3651
2 3559 4037
2 3559 5988
2 3559 5993
2 3559 6029
2 3559 6055
2 3559 6059
2 3559 6062
2 3560 3564
2 3560 3584
2 3560 3588
2 3560 3597
2 3560 5976
2 3560 5985
2 3560 5993
2 3560 5998
2 3560 6087
2 3561 3562
2 3561 6273
2 3561 6279
2 3561 6290
2 3562 3563
2 3562 6273
2 3563 3565
2 3563 6273
2 3564 3570
2 3564 3579
2 3564 3588
2 3564 3597
2 3564 3603
2 3564 3622
2 3564 3627
2 3564 4288
2 3564 5971
2 3564 5976
2 3564 5985
2 3564 5993
2 3564 5998
2 3564 6010
2 3564 6040
2 3564 6050
2 3564 6066
2 3564 6087
2 3565 6263
2 3566 3567
2 3566 3568
2 3566 3644
2 3566 3645
2 3566 3761
2 3566 3767
2 3566 5678
2 3566 5794
2 3566 5800
2 3566 5811
2 3566 5818
2 3567 3568
2 3567 5678
2 3567 5794
2 3567 5811
2 3567 5818
2 3568 3761
2 3568 5794
2 3568 5811
2 3568 5818
2 3569 3578
2 3569 3608
2 3569 4303
2 3569 5988
2 3569 5993
2 3569 6029
2 3569 6055
2 3569 6100
2 3570 3579
2 3570 4288
2 3570 5961
2 3570 5971
2 3570 5976
2 3571 3573
2 3571 5538
2 3571 5580
2 3571 5586
2 3571 5602
2 3571 5649
2 3572 3575
2 3572 6087
2 3572 6095
2 3573 5561
2 3573 5580
2 3573 5642
2 3573 5649
2 3574 3576
2 3574 3577
2 3574 4348
2 3574 4350
2 3574 4351
2 3574 4354
2 3574 6164
2 3574 6168
2 3575 3584
2 3575 3588
2 3575 3653
2 3575 3663
2 3575 3733
2 3575 6032
2 3575 6087
2 3575 6095
2 3575 6099
2 3576 3577
2 3576 6168
2 3577 3580
2 3577 3581
2 3577 4354
2 3577 4355
2 3577 6168
2 3577 6174
2 3578 6029
2 3579 3600
2 3579 3622
2 3579 3627
2 3579 4288
2 3579 5950
2 3579 5954
2 3579 5957
2 3579 5961
2 3579 5971
2 3579 6050
2 3579 6066
2 3580 3581
2 3580 6174
2 3580 6178
2 3581 3582
2 3581 4355
2 3581 6174
2 3581 6178
2 3581 6184
2 3582 3583
2 3582 3585
2 3582 3586
2 3582 6178
2 3582 6184
2 3583 3585
2 3583 3586
2 3583 3587
2 3583 6178
2 3583 6184
2 3583 6188
2 3584 3588
2 3584 3591
2 3584 3597
2 3584 3626
2 3584 5998
2 3584 6074
2 3584 6081
2 3584 6087
2 3585 3586
2 3585 6184
2 3585 6188
2 3586 3587
2 3586 3589
2 3586 6188
2 3586 6189
2 3586 6220
2 3586 6228
2 3587 3589
2 3587 3590
2 3587 3592
2 3587 6188
2 3587 6191
2 3588 3591
2 3588 3597
2 3588 3603
2 3588 3609
2 3588 3636
2 3588 3653
2 3588 5993
2 3588 5998
2 3588 6032
2 3588 6050
2 3588 6053
2 3588 6074
2 3588 6081
2 3588 6087
2 3589 3590
2 3589 3592
2 3589 6191
2 3589 6195
2 3589 6228
2 3590 3592
2 3590 6188
2 3590 6195
2 3591 3597
2 3591 6074
2 3591 6081
2 3592 3593
2 3592 3595
2 3592 6195
2 3592 6228
2 3593 3595
2 3593 3596
2 3593 3604
2 3593 6197
2 3594 3600
2 3594 3605
2 3594 3634
2 3594 4280
2 3594 4283
2 3594 5927
2 3594 5930
2 3594 5940
2 3594 5945
2 3594 5950
2 3594 5954
2 3594 5957
2 3594 5971
2 3594 5976
2 3594 6050
2 3595 3596
2 3595 3598
2 3595 4086
2 3595 6147
2 3595 6197
2 3595 6200
2 3595 6228
2 3596 3598
2 3596 3601
2 3596 3604
2 3596 6205
2 3597 3603
2 3597 6066
2 3597 6074
2 3598 3601
2 3598 6205
2 3599 3619
2 3599 3978
2 3599 3985
2 3599 3986
2 3599 3987
2 3599 3989
2 3599 6018
2 3599 6029
2 3600 3605
2 3600 4277
2 3600 4278
2 3600 4280
2 3600 4283
2 3600 4284
2 3600 4288
2 3600 5940
2 3600 5945
2 3600 5950
2 3600 6050
2 3601 3604
2 3601 6205
2 3602 3608
2 3602 6055
2 3602 6100
2 3602 6128
2 3602 6151
2 3603 3609
2 3603 3622
2 3603 3627
2 3603 6050
2 3603 6053
2 3603 6066
2 3604 3607
2 3604 6208
2 3604 6211
2 3604 6221
2 3604 6234
2 3604 6241
2 3604 6258
2 3604 6378
2 3605 4277
2 3605 4278
2 3605 5940
2 3605 5945
2 3606 3607
2 3606 3610
2 3606 6433
2 3606 6438
2 3607 3610
2 3607 3611
2 3607 3621
2 3607 6241
2 3607 6321
2 3607 6378
2 3607 6390
2 3607 6399
2 3607 6411
2 3607 6415
2 3607 6421
2 3608 3626
2 3608 6055
2 3608 6100
2 3608 6128
2 3609 3622
2 3609 3627
2 3609 3636
2 3609 6053
2 3609 6066
2 3610 3611
2 3610 3612
2 3610 6346
2 3610 6411
2 3610 6415
2 3611 3612
2 3611 3613
2 3611 3616
2 3611 3617
2 3611 3621
2 3611 6346
2 3611 6399
2 3611 6405
2 3611 6411
2 3612 3613
2 3612 3614
2 3612 3616
2 3612 6346
2 3612 6405
2 3613 3614
2 3613 3616
2 3613 3617
2 3613 6399
2 3613 6405
2 3614 3616
2 3614 3618
2 3614 6322
2 3614 6335
2 3614 6346
2 3614 6398
2 3615 3620
2 3615 4274
2 3615 5937
2 3615 5940
2 3616 3617
2 3616 3618
2 3616 6322
2 3616 6390
2 3616 6398
2 3616 6399
2 3617 3618
2 3617 3621
2 3617 6322
2 3617 6390
2 3617 6398
2 3617 6399
2 3618 3621
2 3618 3623
2 3618 6322
2 3618 6335
2 3618 6384
2 3618 6390
2 3618 6398
2 3619 3628
2 3619 3633
2 3619 3651
2 3619 3978
2 3619 3981
2 3619 3982
2 3619 3985
2 3619 4287
2 3619 5997
2 3619 6018
2 3619 6029
2 3620 3624
2 3620 4274
2 3620 5927
2 3620 5930
2 3620 5937
2 3620 5997
2 3621 3623
2 3621 3625
2 3621 3630
2 3621 6322
2 3621 6380
2 3621 6384
2 3621 6390
2 3621 6399
2 3622 3627
2 3622 4288
2 3622 5971
2 3622 6057
2 3622 6066
2 3623 3625
2 3623 3629
2 3623 6322
2 3623 6380
2 3623 6384
2 3624 3634
2 3624 5927
2 3624 5930
2 3624 5937
2 3625 3629
2 3625 3630
2 3625 6322
2 3625 6380
2 3625 6384
2 3626 3648
2 3626 3989
2 3626 6121
2 3626 6128
2 3627 3631
2 3627 3636
2 3627 4288
2 3627 5971
2 3627 6050
2 3627 6053
2 3627 6057
2 3628 3633
2 3628 3656
2 3628 3978
2 3628 3981
2 3628 4283
2 3628 4287
2 3628 5997
2 3628 6005
2 3628 6018
2 3628 6085
2 3629 3630
2 3629 3632
2 3629 6322
2 3629 6374
2 3629 6380
2 3630 3632
2 3630 3635
2 3630 6322
2 3630 6370
2 3630 6374
2 3631 3636
2 3631 6053
2 3631 6057
2 3632 3635
2 3632 6322
2 3632 6370
2 3632 6374
2 3633 3642
2 3633 3978
2 3633 5997
2 3633 6005
2 3633 6085
2 3634 3643
2 3634 3657
2 3634 3684
2 3634 3689
2 3634 5925
2 3634 5927
2 3634 5930
2 3634 5937
2 3634 5940
2 3634 5971
2 3634 6032
2 3634 6035
2 3634 6050
2 3635 3637
2 3635 6322
2 3635 6365
2 3635 6370
2 3636 3640
2 3636 3649
2 3636 3653
2 3636 3663
2 3636 6046
2 3636 6053
2 3637 3638
2 3637 6365
2 3638 6322
2 3638 6341
2 3638 6358
2 3638 6365
2 3639 6352
2 3639 6358
2 3640 3649
2 3640 6046
2 3640 6050
2 3640 6053
2 3641 3644
2 3641 3645
2 3641 3761
2 3641 5818
2 3641 5824
2 3642 5997
2 3642 6005
2 3643 3652
2 3643 3667
2 3643 3672
2 3643 3681
2 3643 3689
2 3643 3733
2 3643 3765
2 3643 4259
2 3643 4262
2 3643 5846
2 3643 5871
2 3643 5904
2 3643 5905
2 3643 5909
2 3643 5914
2 3643 5919
2 3643 5922
2 3643 5925
2 3643 5927
2 3643 5930
2 3643 5971
2 3643 6010
2 3643 6012
2 3643 6032
2 3643 6040
2 3643 6050
2 3644 3645
2 3644 3761
2 3644 5818
2 3645 3761
2 3645 5800
2 3645 5811
2 3645 5818
2 3646 3647
2 3646 3762
2 3646 3764
2 3646 3766
2 3646 5576
2 3646 5602
2 3646 5636
2 3646 5663
2 3647 3650
2 3647 5654
2 3647 5663
2 3648 3656
2 3648 3985
2 3648 3986
2 3648 3987
2 3648 3989
2 3648 6018
2 3648 6121
2 3649 3653
2 3649 6041
2 3649 6046
2 3649 6050
2 3649 6053
2 3650 3654
2 3650 5654
2 3651 3661
2 3651 3666
2 3651 3707
2 3651 3711
2 3651 3947
2 3651 5914
2 3651 5921
2 3651 5927
2 3651 5984
2 3651 5991
2 3651 5997
2 3651 6029
2 3651 6062
2 3651 6138
2 3651 6278
2 3652 3667
2 3652 3672
2 3652 4262
2 3652 5904
2 3652 5905
2 3652 5909
2 3652 5914
2 3652 5919
2 3652 5922
2 3652 5927
2 3652 5930
2 3653 3657
2 3653 3659
2 3653 3663
2 3653 3733
2 3653 6032
2 3653 6041
2 3653 6046
2 3653 6050
2 3653 6053
2 3654 5649
2 3654 5654
2 3655 6245
2 3655 6246
2 3656 3678
2 3656 3683
2 3656 3981
2 3656 3982
2 3656 3985
2 3656 3986
2 3656 6018
2 3656 6085
2 3657 3659
2 3657 3663
2 3657 3669
2 3657 6032
2 3657 6035
2 3657 6041
2 3657 6046
2 3657 6050
2 3658 6246
2 3658 6248
2 3658 6253
2 3659 3663
2 3659 3669
2 3659 6032
2 3659 6041
2 3660 3662
2 3660 6253
2 3660 6261
2 3661 3666
2 3661 3671
2 3661 3945
2 3661 3947
2 3661 5984
2 3661 5991
2 3661 5997
2 3661 6080
2 3662 3664
2 3662 4396
2 3662 4399
2 3662 4400
2 3662 4403
2 3662 6213
2 3662 6226
2 3662 6253
2 3662 6261
2 3662 6317
2 3663 3669
2 3663 3723
2 3663 3733
2 3663 6032
2 3663 6035
2 3663 6041
2 3664 3665
2 3664 6261
2 3665 6269
2 3666 3671
2 3666 3698
2 3666 3707
2 3666 3940
2 3666 3947
2 3666 5914
2 3666 5927
2 3666 5984
2 3666 5991
2 3666 5997
2 3667 4258
2 3667 4259
2 3667 5905
2 3667 5909
2 3667 5914
2 3668 3670
2 3668 6269
2 3669 6035
2 3669 6041
2 3670 3673
2 3670 6269
2 3670 6272
2 3671 3686
2 3671 3945
2 3671 3947
2 3671 5914
2 3671 5927
2 3671 5975
2 3671 5984
2 3672 3676
2 3672 3681
2 3672 4255
2 3672 4258
2 3672 5904
2 3672 5905
2 3672 5909
2 3672 5914
2 3673 3674
2 3673 6272
2 3673 6277
2 3674 3675
2 3674 6277
2 3674 6282
2 3675 3677
2 3675 6277
2 3675 6282
2 3676 3681
2 3676 4255
2 3676 5904
2 3676 5905
2 3677 3680
2 3677 6277
2 3678 3683
2 3678 6085
2 3679 3684
2 3679 6032
2 3679 6035
2 3680 3682
2 3680 4413
2 3680 4414
2 3680 4416
2 3680 6277
2 3680 6285
2 3680 6292
2 3680 6340
2 3681 3687
2 3681 3689
2 3681 3710
2 3681 3719
2 3681 3733
2 3681 4251
2 3681 4254
2 3681 4255
2 3681 4258
2 3681 4259
2 3681 5896
2 3681 5901
2 3681 5904
2 3681 5905
2 3681 5909
2 3681 5994
2 3681 6009
2 3681 6012
2 3682 3685
2 3682 3688
2 3682 6285
2 3682 6292
2 3682 6302
2 3682 6340
2 3682 6347
2 3683 6005
2 3683 6080
2 3683 6085
2 3684 3689
2 3684 6028
2 3684 6032
2 3684 6035
2 3685 3688
2 3685 6285
2 3685 6292
2 3685 6302
2 3686 3698
2 3686 3714
2 3686 3937
2 3686 3939
2 3686 3940
2 3686 3942
2 3686 3944
2 3686 3945
2 3686 4262
2 3686 5914
2 3686 5975
2 3687 4251
2 3687 5901
2 3687 5904
2 3688 3690
2 3688 6292
2 3688 6302
2 3688 6340
2 3688 6347
2 3689 3693
2 3689 4259
2 3689 4262
2 3689 6012
2 3689 6024
2 3689 6028
2 3689 6032
2 3690 3691
2 3690 3692
2 3690 4419
2 3690 4420
2 3690 4422
2 3690 6254
2 3690 6302
2 3690 6340
2 3690 6347
2 3691 3692
2 3691 6302
2 3691 6347
2 3692 3694
2 3692 3696
2 3692 4422
2 3692 4425
2 3692 4426
2 3692 6254
2 3692 6302
2 3692 6340
2 3692 6347
2 3693 4262
2 3693 6012
2 3693 6015
2 3693 6024
2 3694 3696
2 3694 6302
2 3694 6305
2 3694 6347
2 3695 3699
2 3695 3708
2 3695 3721
2 3695 5885
2 3695 5892
2 3695 5896
2 3695 5901
2 3695 5904
2 3696 3697
2 3696 6302
2 3696 6305
2 3696 6347
2 3697 3700
2 3697 6302
2 3697 6305
2 3697 6316
2 3697 6347
2 3697 6366
2 3698 3702
2 3698 3707
2 3698 3711
2 3698 3936
2 3698 3937
2 3698 3939
2 3698 4254
2 3698 4258
2 3698 4262
2 3698 5914
2 3699 5892
2 3699 5896
2 3700 3701
2 3700 6316
2 3700 6366
2 3701 3703
2 3701 3705
2 3701 4432
2 3701 4434
2 3701 4439
2 3701 6254
2 3701 6262
2 3701 6266
2 3701 6316
2 3701 6366
2 3702 3707
2 3702 3711
2 3702 3714
2 3702 3716
2 3702 3936
2 3702 3937
2 3702 3939
2 3702 4254
2 3702 4258
2 3702 4262
2 3702 6012
2 3703 3704
2 3703 3705
2 3703 6316
2 3703 6366
2 3704 3705
2 3704 6316
2 3704 6326
2 3704 6327
2 3705 3706
2 3705 4439
2 3705 6316
2 3705 6326
2 3705 6327
2 3705 6332
2 3705 6366
2 3706 3709
2 3706 4439
2 3706 4440
2 3706 6327
2 3706 6332
2 3706 6366
2 3707 3711
2 3707 3936
2 3707 3937
2 3707 5914
2 3707 5921
2 3708 3712
2 3708 3721
2 3708 3733
2 3708 3752
2 3708 3763
2 3708 4234
2 3708 4237
2 3708 5871
2 3708 5885
2 3708 5892
2 3708 5896
2 3708 5981
2 3709 3713
2 3709 6327
2 3709 6332
2 3710 4258
2 3710 4259
2 3710 6009
2 3710 6012
2 3711 3716
2 3711 3730
2 3711 4251
2 3711 4254
2 3711 5885
2 3711 5892
2 3711 5914
2 3711 5921
2 3711 5929
2 3712 3721
2 3712 4234
2 3712 4237
2 3712 5885
2 3712 5892
2 3713 3715
2 3713 3717
2 3713 3720
2 3713 6336
2 3714 3718
2 3714 3722
2 3714 3939
2 3714 3940
2 3714 3942
2 3714 3944
2 3714 3945
2 3714 3947
2 3714 6012
2 3715 3717
2 3715 3720
2 3715 3724
2 3715 3725
2 3715 4443
2 3715 4445
2 3715 6336
2 3715 6342
2 3716 3730
2 3716 4254
2 3716 5929
2 3716 5994
2 3717 3720
2 3717 3724
2 3717 6336
2 3717 6342
2 3718 3722
2 3719 3723
2 3719 3733
2 3719 5994
2 3719 6002
2 3719 6009
2 3720 3724
2 3720 3725
2 3720 3726
2 3720 6342
2 3721 3733
2 3721 3735
2 3721 3763
2 3721 4229
2 3721 4230
2 3721 4233
2 3721 4234
2 3721 5871
2 3721 5880
2 3721 5885
2 3721 5892
2 3721 5896
2 3721 5901
2 3721 5904
2 3721 5905
2 3721 5914
2 3722 6012
2 3723 3727
2 3723 3733
2 3723 6002
2 3724 3725
2 3724 3726
2 3724 6342
2 3725 3726
2 3725 4445
2 3725 4449
2 3725 6342
2 3725 6348
2 3726 3728
2 3726 6348
2 3727 3733
2 3727 5994
2 3727 6002
2 3728 3729
2 3728 3731
2 3728 6353
2 3729 3731
2 3729 3734
2 3729 4453
2 3729 4455
2 3729 6353
2 3729 6401
2 3730 3912
2 3730 5921
2 3730 5929
2 3731 3732
2 3731 3734
2 3731 6353
2 3731 6357
2 3732 3734
2 3732 6353
2 3732 6357
2 3732 6369
2 3733 3745
2 3733 3752
2 3733 3756
2 3733 3763
2 3733 3765
2 3733 3772
2 3733 3831
2 3733 3858
2 3733 3885
2 3733 3890
2 3733 4039
2 3733 5846
2 3733 5871
2 3733 5896
2 3733 5904
2 3733 5910
2 3733 5935
2 3733 5942
2 3733 5948
2 3733 5981
2 3733 5990
2 3733 5994
2 3733 6002
2 3733 6009
2 3733 6032
2 3733 6040
2 3733 6050
2 3733 6241
2 3734 3736
2 3734 3737
2 3734 4459
2 3734 6369
2 3734 6401
2 3735 3739
2 3735 3763
2 3735 4225
2 3735 4226
2 3735 4229
2 3735 4234
2 3735 5869
2 3735 5871
2 3735 5875
2 3735 5877
2 3735 5880
2 3735 5955
2 3736 3737
2 3736 6369
2 3736 6401
2 3737 3738
2 3737 3740
2 3737 4459
2 3737 6373
2 3737 6401
2 3738 3740
2 3738 6373
2 3739 4222
2 3739 4225
2 3739 5871
2 3739 5875
2 3739 5877
2 3739 5880
2 3740 3741
2 3740 6373
2 3740 6378
2 3741 3742
2 3741 3744
2 3741 3746
2 3741 4463
2 3741 4465
2 3741 6378
2 3741 6381
2 3741 6386
2 3742 3744
2 3742 6378
2 3742 6381
2 3743 3758
2 3743 3769
2 3743 3779
2 3743 3911
2 3743 3912
2 3743 4237
2 3743 5921
2 3743 5929
2 3743 6022
2 3744 3746
2 3744 6381
2 3744 6386
2 3745 3752
2 3745 5981
2 3745 5990
2 3746 3747
2 3746 4465
2 3746 4466
2 3746 4468
2 3746 6337
2 3746 6381
2 3746 6386
2 3746 6425
2 3747 3748
2 3747 3749
2 3747 3751
2 3747 6337
2 3747 6386
2 3747 6391
2 3747 6425
2 3748 3749
2 3748 6391
2 3748 6396
2 3749 3751
2 3749 6396
2 3749 6400
2 3749 6425
2 3750 3754
2 3750 5864
2 3750 5869
2 3750 5871
2 3751 3753
2 3751 3755
2 3751 4474
2 3751 4477
2 3751 4478
2 3751 4481
2 3751 4482
2 3751 4484
2 3751 6337
2 3751 6344
2 3751 6350
2 3751 6396
2 3751 6400
2 3751 6422
2 3751 6425
2 3752 3756
2 3752 3763
2 3752 3772
2 3752 4234
2 3752 5896
2 3752 5972
2 3752 5981
2 3752 5990
2 3753 3755
2 3753 4482
2 3753 4484
2 3753 6400
2 3753 6403
2 3753 6422
2 3754 3765
2 3754 4202
2 3754 5858
2 3754 5864
2 3754 5869
2 3754 5871
2 3755 3757
2 3755 4482
2 3755 4484
2 3755 4485
2 3755 6403
2 3755 6407
2 3755 6422
2 3756 3760
2 3756 3763
2 3756 3772
2 3756 5967
2 3756 5972
2 3757 4484
2 3757 4485
2 3757 4487
2 3757 4488
2 3757 4491
2 3757 6403
2 3757 6410
2 3757 6414
2 3757 6416
2 3757 6422
2 3758 3769
2 3758 3903
2 3758 3905
2 3758 3908
2 3758 3909
2 3758 3911
2 3758 5885
2 3758 5913
2 3758 5921
2 3759 3761
2 3759 3767
2 3759 3771
2 3759 5830
2 3759 5847
2 3759 5862
2 3760 3763
2 3760 5972
2 3761 5818
2 3761 5847
2 3762 3773
2 3762 3775
2 3762 5576
2 3762 5593
2 3762 5636
2 3762 5663
2 3762 5673
2 3762 5681
2 3762 5686
2 3763 3765
2 3763 3772
2 3763 3831
2 3763 4229
2 3763 4233
2 3763 4234
2 3763 5869
2 3763 5871
2 3763 5935
2 3763 5948
2 3763 5955
2 3763 5959
2 3763 5967
2 3763 5972
2 3763 5981
2 3764 3766
2 3764 5668
2 3764 5673
2 3764 5681
2 3765 3770
2 3765 3777
2 3765 3831
2 3765 4201
2 3765 4202
2 3765 5761
2 3765 5782
2 3765 5807
2 3765 5846
2 3765 5849
2 3765 5856
2 3765 5858
2 3765 5864
2 3765 5869
2 3765 5871
2 3765 5935
2 3765 5948
2 3766 3775
2 3766 5630
2 3766 5636
2 3766 5668
2 3766 5681
2 3767 3768
2 3767 3771
2 3767 3881
2 3767 4009
2 3767 5818
2 3767 5862
2 3767 5882
2 3767 5887
2 3767 5894
2 3768 3771
2 3768 5882
2 3769 3774
2 3769 3790
2 3769 3806
2 3769 3815
2 3769 3903
2 3769 3905
2 3769 3909
2 3769 3911
2 3769 4202
2 3769 4230
2 3769 4237
2 3769 5913
2 3769 5999
2 3769 6022
2 3770 3777
2 3770 3784
2 3770 3820
2 3770 4196
2 3770 4199
2 3770 4201
2 3770 5846
2 3770 5849
2 3770 5856
2 3770 5935
2 3771 5862
2 3772 3780
2 3772 5942
2 3772 5948
2 3772 5955
2 3772 5959
2 3772 5967
2 3773 3775
2 3773 5636
2 3773 5650
2 3773 5697
2 3773 5703
2 3773 5711
2 3774 3790
2 3774 3903
2 3774 5913
2 3775 3788
2 3775 5636
2 3775 5650
2 3775 5681
2 3775 5686
2 3775 5710
2 3776 3778
2 3776 5798
2 3776 5900
2 3777 3784
2 3777 3820
2 3777 3831
2 3777 4191
2 3777 4192
2 3777 4194
2 3777 4196
2 3777 5846
2 3777 5849
2 3777 5935
2 3778 5798
2 3778 5894
2 3778 5900
2 3779 3787
2 3779 3912
2 3779 5929
2 3779 6022
2 3780 3783
2 3780 5948
2 3780 5955
2 3780 5959
2 3781 3782
2 3781 5618
2 3781 5644
2 3781 5669
2 3781 5674
2 3781 5711
2 3781 5715
2 3781 5721
2 3781 5727
2 3781 5733
2 3781 5745
2 3782 3785
2 3782 5669
2 3782 5711
2 3782 5715
2 3782 5721
2 3782 5727
2 3783 3792
2 3783 4202
2 3783 5869
2 3783 5948
2 3783 5955
2 3784 3795
2 3784 3820
2 3784 3831
2 3784 4191
2 3784 4192
2 3784 4194
2 3784 4196
2 3784 5846
2 3784 5923
2 3785 3786
2 3785 3788
2 3785 5669
2 3785 5711
2 3785 5715
2 3785 5721
2 3786 3788
2 3786 5711
2 3786 5715
2 3786 5721
2 3787 3806
2 3787 3824
2 3787 3884
2 3787 6022
2 3788 5650
2 3788 5674
2 3788 5681
2 3788 5710
2 3788 5711
2 3788 5715
2 3788 5721
2 3789 3791
2 3789 4009
2 3789 4019
2 3789 5778
2 3789 5781
2 3790 3794
2 3790 3798
2 3790 3804
2 3790 3815
2 3790 3824
2 3790 3879
2 3790 4202
2 3790 5913
2 3790 5999
2 3791 3793
2 3791 3796
2 3791 3797
2 3791 4009
2 3791 4019
2 3791 4051
2 3791 5781
2 3792 5948
2 3793 3796
2 3793 3934
2 3793 3996
2 3793 4009
2 3793 4019
2 3793 4051
2 3793 5781
2 3794 3798
2 3794 3804
2 3794 3879
2 3794 5913
2 3795 3799
2 3795 3809
2 3795 3822
2 3795 3831
2 3795 3837
2 3795 4177
2 3795 4192
2 3795 5838
2 3795 5846
2 3795 5923
2 3796 3797
2 3796 3934
2 3796 3980
2 3796 3992
2 3796 3996
2 3796 4009
2 3796 4017
2 3796 4033
2 3796 4051
2 3796 5822
2 3797 3814
2 3797 3983
2 3797 3988
2 3797 3992
2 3797 3996
2 3797 4009
2 3797 4016
2 3797 4021
2 3797 4033
2 3797 4035
2 3797 4051
2 3798 3804
2 3798 3807
2 3798 3808
2 3798 3813
2 3798 3822
2 3798 3824
2 3798 3835
2 3798 3877
2 3798 3879
2 3798 4192
2 3798 4194
2 3798 4199
2 3798 4202
2 3798 5849
2 3798 5858
2 3798 5871
2 3798 5895
2 3798 5913
2 3798 5987
2 3798 5999
2 3799 3809
2 3799 5838
2 3799 5846
2 3800 3801
2 3800 4064
2 3800 5815
2 3800 5835
2 3800 5855
2 3801 5815
2 3801 5835
2 3802 3803
2 3802 3805
2 3802 5644
2 3802 5651
2 3802 5692
2 3802 5745
2 3802 5757
2 3802 5762
2 3803 3805
2 3803 3810
2 3803 5674
2 3803 5692
2 3803 5745
2 3804 3808
2 3804 3813
2 3804 3817
2 3804 3875
2 3804 3879
2 3804 4192
2 3804 5849
2 3804 5858
2 3804 5871
2 3804 5895
2 3804 5913
2 3804 5921
2 3805 3810
2 3805 5745
2 3806 3815
2 3806 3824
2 3806 3905
2 3806 3909
2 3806 3911
2 3806 5999
2 3806 6022
2 3807 3811
2 3807 3824
2 3807 4201
2 3807 4202
2 3807 5935
2 3807 5939
2 3807 5942
2 3807 5948
2 3807 5987
2 3808 3813
2 3808 3877
2 3808 3879
2 3808 5895
2 3809 3831
2 3809 3850
2 3809 4177
2 3809 5825
2 3809 5828
2 3809 5832
2 3809 5838
2 3809 5846
2 3809 5918
2 3809 5923
2 3810 5674
2 3810 5737
2 3810 5745
2 3811 5935
2 3811 5939
2 3811 5942
2 3812 3814
2 3812 3924
2 3812 3952
2 3812 3963
2 3812 3971
2 3812 3976
2 3812 3979
2 3812 4011
2 3812 4016
2 3812 5813
2 3813 3817
2 3813 3822
2 3813 3876
2 3813 3877
2 3813 4192
2 3813 4194
2 3813 5849
2 3813 5895
2 3814 3952
2 3814 3963
2 3814 3979
2 3814 3983
2 3814 3988
2 3814 4009
2 3814 4011
2 3814 4016
2 3814 4021
2 3814 5813
2 3815 3824
2 3815 3879
2 3815 3905
2 3815 5999
2 3816 3819
2 3816 3821
2 3816 5966
2 3816 5970
2 3816 5978
2 3817 3822
2 3817 3875
2 3817 3876
2 3817 3877
2 3818 4173
2 3818 4174
2 3818 4177
2 3818 5828
2 3819 3821
2 3819 5966
2 3820 3825
2 3820 3831
2 3820 4196
2 3820 4199
2 3820 4201
2 3820 5846
2 3820 5923
2 3820 5935
2 3821 5966
2 3822 3827
2 3822 3833
2 3822 3837
2 3822 3849
2 3822 3875
2 3822 3876
2 3822 3877
2 3822 4177
2 3822 4192
2 3822 4194
2 3822 4196
2 3822 4199
2 3822 5884
2 3822 5923
2 3822 5952
2 3822 5963
2 3823 3826
2 3823 5661
2 3823 5704
2 3823 5716
2 3823 5734
2 3824 3835
2 3824 3879
2 3824 5987
2 3824 5999
2 3825 3831
2 3825 3836
2 3825 3858
2 3825 5910
2 3825 5935
2 3825 5942
2 3826 3828
2 3826 5661
2 3826 5762
2 3826 5773
2 3827 3833
2 3827 3837
2 3827 3875
2 3827 3876
2 3827 3877
2 3827 5884
2 3827 5952
2 3827 5963
2 3828 3830
2 3828 5773
2 3829 3838
2 3829 3842
2 3829 4163
2 3829 4168
2 3829 5807
2 3829 5817
2 3829 5825
2 3829 5828
2 3830 5704
2 3830 5716
2 3830 5769
2 3830 5773
2 3830 5792
2 3831 3836
2 3831 3846
2 3831 3890
2 3831 3951
2 3831 4039
2 3831 4177
2 3831 5782
2 3831 5807
2 3831 5825
2 3831 5846
2 3831 5872
2 3831 5910
2 3831 5918
2 3831 5923
2 3831 5935
2 3831 5942
2 3832 3834
2 3832 3923
2 3832 3929
2 3832 3941
2 3832 5831
2 3833 3837
2 3833 5884
2 3833 5952
2 3834 3839
2 3834 3906
2 3834 3910
2 3834 3923
2 3834 3929
2 3834 3950
2 3834 5831
2 3834 5837
2 3834 5916
2 3835 3845
2 3835 3879
2 3835 5979
2 3835 5987
2 3836 3846
2 3836 3858
2 3836 5910
2 3836 5918
2 3836 5923
2 3837 3847
2 3837 4174
2 3837 4177
2 3837 5874
2 3837 5884
2 3837 5952
2 3838 3842
2 3838 3852
2 3838 3870
2 3838 3890
2 3838 4078
2 3838 5807
2 3838 5825
2 3838 5898
2 3839 3863
2 3839 3873
2 3839 3892
2 3839 3897
2 3839 3901
2 3839 3906
2 3839 3910
2 3839 3926
2 3839 3929
2 3839 3950
2 3839 5804
2 3839 5888
2 3839 5889
2 3839 5916
2 3840 3841
2 3840 3843
2 3840 5912
2 3840 6017
2 3841 3843
2 3841 4178
2 3841 5912
2 3841 5989
2 3841 6017
2 3841 6020
2 3842 3852
2 3842 4078
2 3842 4163
2 3842 5807
2 3842 5817
2 3843 3844
2 3843 5989
2 3843 5996
2 3844 5989
2 3844 5996
2 3845 3849
2 3845 3854
2 3845 3884
2 3845 5963
2 3845 5979
2 3845 5987
2 3846 3850
2 3846 3855
2 3846 5910
2 3846 5918
2 3847 3859
2 3847 3860
2 3847 3863
2 3847 4174
2 3847 4177
2 3847 5863
2 3847 5868
2 3847 5874
2 3847 5952
2 3848 3851
2 3848 3853
2 3848 3874
2 3848 5683
2 3848 5689
2 3848 5695
2 3848 5700
2 3848 5746
2 3848 5752
2 3848 5770
2 3848 5805
2 3849 3854
2 3849 3877
2 3849 3879
2 3849 5963
2 3849 5979
2 3850 3855
2 3850 3870
2 3850 4177
2 3850 5825
2 3850 5910
2 3850 5918
2 3851 3853
2 3851 3856
2 3851 5683
2 3851 5689
2 3851 5695
2 3851 5793
2 3851 5805
2 3852 4076
2 3852 4078
2 3852 5807
2 3852 5817
2 3853 3856
2 3853 5746
2 3853 5805
2 3854 5923
2 3854 5963
2 3854 5979
2 3855 3858
2 3855 5910
2 3855 5918
2 3856 5793
2 3857 3859
2 3857 3867
2 3857 3872
2 3857 5853
2 3857 5863
2 3857 5868
2 3857 5874
2 3858 3862
2 3858 3885
2 3858 3890
2 3858 5910
2 3859 3860
2 3859 3863
2 3859 3867
2 3859 4174
2 3859 5863
2 3859 5868
2 3859 5932
2 3859 5946
2 3859 5952
2 3860 3863
2 3860 3867
2 3860 5863
2 3860 5868
2 3860 5874
2 3860 5932
2 3860 5946
2 3860 5952
2 3861 3864
2 3861 3873
2 3861 4073
2 3861 4075
2 3861 4076
2 3861 4078
2 3861 5807
2 3862 3870
2 3862 3885
2 3862 5907
2 3862 5910
2 3863 3867
2 3863 3889
2 3863 5868
2 3863 5874
2 3863 5932
2 3863 5946
2 3863 5952
2 3864 3873
2 3864 3878
2 3864 4069
2 3864 4072
2 3864 4073
2 3864 5801
2 3864 5804
2 3864 5807
2 3865 3866
2 3865 3868
2 3865 3881
2 3865 5934
2 3865 6045
2 3866 3868
2 3866 5934
2 3866 6045
2 3867 3872
2 3867 5863
2 3867 5868
2 3867 5932
2 3868 5934
2 3868 6025
2 3868 6045
2 3869 3871
2 3869 3874
2 3869 5713
2 3869 5719
2 3869 5730
2 3869 5823
2 3869 5842
2 3870 3880
2 3870 3885
2 3870 3890
2 3870 4169
2 3870 5825
2 3870 5898
2 3870 5907
2 3870 5910
2 3871 3874
2 3871 5823
2 3872 3892
2 3872 3917
2 3872 4076
2 3872 4078
2 3872 5853
2 3872 5863
2 3872 5932
2 3873 3878
2 3873 3893
2 3873 3901
2 3873 3918
2 3873 3929
2 3873 4069
2 3873 4072
2 3873 4073
2 3873 4078
2 3873 5782
2 3873 5795
2 3873 5801
2 3873 5804
2 3873 5807
2 3873 5872
2 3873 5879
2 3873 5888
2 3873 5889
2 3873 5891
2 3874 5770
2 3874 5823
2 3874 5852
2 3875 3876
2 3875 3877
2 3875 5884
2 3875 5921
2 3875 5963
2 3876 3877
2 3877 3879
2 3877 5963
2 3877 5987
2 3878 3897
2 3878 3901
2 3878 4069
2 3878 5782
2 3878 5786
2 3878 5795
2 3878 5801
2 3878 5807
2 3878 5828
2 3878 5831
2 3878 5837
2 3879 5895
2 3879 5979
2 3879 5987
2 3879 5999
2 3880 3885
2 3880 3890
2 3880 5898
2 3880 5902
2 3881 3882
2 3881 3883
2 3881 3886
2 3881 3914
2 3881 3954
2 3881 4050
2 3881 4100
2 3881 4104
2 3881 4109
2 3881 5974
2 3881 5986
2 3881 6001
2 3881 6008
2 3881 6023
2 3881 6098
2 3881 6106
2 3881 6119
2 3882 3883
2 3882 3887
2 3882 5974
2 3882 5986
2 3882 6001
2 3882 6098
2 3883 3886
2 3883 3887
2 3883 5974
2 3883 5986
2 3883 6098
2 3884 3885
2 3884 3889
2 3884 3917
2 3884 4027
2 3884 5951
2 3884 5952
2 3884 5963
2 3884 5979
2 3885 3890
2 3885 3898
2 3885 3917
2 3885 5898
2 3885 5902
2 3885 5907
2 3885 5910
2 3885 5951
2 3886 3887
2 3886 5974
2 3886 6083
2 3886 6090
2 3886 6119
2 3887 5974
2 3887 6083
2 3887 6090
2 3888 3891
2 3888 3894
2 3888 5742
2 3888 5749
2 3888 5766
2 3888 5800
2 3888 5861
2 3888 5866
2 3888 5870
2 3888 5881
2 3889 5932
2 3889 5946
2 3889 5951
2 3889 5952
2 3889 5979
2 3890 3898
2 3890 5807
2 3890 5825
2 3890 5872
2 3890 5891
2 3890 5898
2 3890 5910
2 3891 3894
2 3891 3895
2 3891 3896
2 3891 3922
2 3891 5742
2 3891 5800
2 3891 5811
2 3891 5866
2 3892 3897
2 3892 3901
2 3892 3917
2 3892 3926
2 3892 3950
2 3892 4076
2 3892 4078
2 3892 5853
2 3892 5889
2 3892 5932
2 3893 3902
2 3893 4031
2 3893 5782
2 3893 5786
2 3893 5789
2 3893 5795
2 3893 5872
2 3893 5879
2 3894 3895
2 3894 5742
2 3894 5800
2 3894 5861
2 3894 5866
2 3895 3896
2 3895 5800
2 3895 5811
2 3895 5861
2 3895 5866
2 3896 5770
2 3896 5800
2 3896 5811
2 3896 5852
2 3896 5861
2 3896 5866
2 3897 3901
2 3897 5786
2 3897 5831
2 3897 5853
2 3897 5863
2 3897 5874
2 3898 5891
2 3899 3900
2 3899 4032
2 3899 4070
2 3899 4084
2 3899 4087
2 3899 4093
2 3899 4094
2 3899 4102
2 3899 4106
2 3899 5725
2 3899 5726
2 3899 5729
2 3899 5740
2 3899 5751
2 3899 5754
2 3899 5765
2 3899 5771
2 3899 5779
2 3899 5784
2 3899 5791
2 3899 5796
2 3899 5840
2 3900 4000
2 3900 4010
2 3900 4026
2 3900 4030
2 3900 4032
2 3900 4052
2 3900 4058
2 3900 4059
2 3900 4061
2 3900 4106
2 3900 4111
2 3900 5725
2 3900 5726
2 3900 5771
2 3900 5784
2 3900 5791
2 3900 5806
2 3900 5812
2 3900 5840
2 3901 3906
2 3901 3929
2 3901 4069
2 3901 5804
2 3901 5831
2 3901 5837
2 3902 3907
2 3902 4029
2 3902 4031
2 3902 5782
2 3902 5786
2 3902 5789
2 3902 5872
2 3903 3905
2 3903 5913
2 3903 5921
2 3904 4076
2 3904 4078
2 3904 5889
2 3904 5891
2 3904 5898
2 3905 3908
2 3905 3909
2 3905 5921
2 3906 3910
2 3906 3929
2 3906 5837
2 3907 3920
2 3907 3924
2 3907 3951
2 3907 4023
2 3907 4024
2 3907 4029
2 3907 4031
2 3907 5775
2 3907 5782
2 3907 5867
2 3907 5872
2 3908 3909
2 3908 3912
2 3908 3937
2 3908 3940
2 3908 5921
2 3908 6022
2 3909 3911
2 3909 3912
2 3909 5921
2 3909 6022
2 3910 5837
2 3911 3912
2 3911 4237
2 3911 5921
2 3911 6022
2 3912 5929
2 3912 6022
2 3913 3914
2 3913 6023
2 3913 6037
2 3913 6048
2 3913 6153
2 3913 6163
2 3914 3954
2 3914 6023
2 3914 6037
2 3914 6048
2 3914 6153
2 3915 3920
2 3915 3924
2 3915 4020
2 3915 5775
2 3916 3919
2 3916 3965
2 3916 5780
2 3916 5790
2 3916 5797
2 3916 5862
2 3916 5899
2 3916 5906
2 3917 3926
2 3917 3950
2 3917 5902
2 3917 5932
2 3917 5946
2 3917 5951
2 3918 3927
2 3918 5807
2 3918 5872
2 3918 5879
2 3918 5888
2 3918 5889
2 3918 5891
2 3919 3921
2 3919 5780
2 3919 5790
2 3919 5893
2 3920 3924
2 3920 3935
2 3920 3951
2 3920 4020
2 3920 5761
2 3920 5767
2 3920 5768
2 3920 5775
2 3920 5782
2 3920 5860
2 3920 5872
2 3921 3922
2 3921 5886
2 3921 5893
2 3921 5899
2 3922 3965
2 3922 5811
2 3922 5818
2 3922 5886
2 3922 5893
2 3922 5899
2 3923 3941
2 3923 3996
2 3923 4009
2 3923 5761
2 3923 5831
2 3923 5874
2 3924 3935
2 3924 3951
2 3924 3952
2 3924 3963
2 3924 3976
2 3924 4020
2 3924 4023
2 3924 4024
2 3924 5767
2 3924 5768
2 3924 5775
2 3924 5860
2 3924 5867
2 3925 3928
2 3925 4003
2 3925 4007
2 3925 5731
2 3926 3950
2 3926 5932
2 3927 3932
2 3927 3938
2 3927 5872
2 3927 5879
2 3927 5888
2 3928 3930
2 3928 3931
2 3928 4000
2 3928 4003
2 3928 4025
2 3928 5731
2 3929 3941
2 3929 3950
2 3929 3952
2 3929 4024
2 3929 4029
2 3929 4031
2 3929 5786
2 3929 5804
2 3929 5831
2 3929 5837
2 3929 5867
2 3929 5872
2 3929 5879
2 3929 5888
2 3929 5916
2 3930 3931
2 3930 3997
2 3930 4000
2 3930 5731
2 3930 5735
2 3931 3933
2 3931 3993
2 3931 3997
2 3931 4000
2 3931 4025
2 3931 5731
2 3931 5735
2 3931 5778
2 3931 5816
2 3932 3938
2 3932 3943
2 3932 5879
2 3933 3934
2 3933 3993
2 3933 4025
2 3933 5731
2 3933 5735
2 3933 5741
2 3933 5816
2 3933 5822
2 3934 3980
2 3934 3984
2 3934 3993
2 3934 4025
2 3934 5731
2 3934 5741
2 3934 5816
2 3934 5822
2 3935 3946
2 3935 3951
2 3935 3976
2 3935 4000
2 3935 4039
2 3935 5756
2 3935 5761
2 3935 5767
2 3935 5771
2 3935 5782
2 3935 5844
2 3935 5848
2 3935 5851
2 3935 5860
2 3936 3937
2 3936 3939
2 3937 3939
2 3937 3940
2 3937 5921
2 3938 3943
2 3938 5879
2 3939 3940
2 3939 3942
2 3939 4262
2 3939 6012
2 3940 3942
2 3940 3944
2 3940 3947
2 3940 4037
2 3941 3952
2 3941 4020
2 3941 4023
2 3941 4024
2 3941 5786
2 3941 5831
2 3942 3944
2 3942 3945
2 3943 5872
2 3943 5876
2 3943 5879
2 3943 5916
2 3944 3945
2 3944 3947
2 3945 3947
2 3945 4262
2 3945 5975
2 3945 5984
2 3945 6080
2 3946 3948
2 3946 3957
2 3946 3964
2 3946 3973
2 3946 3976
2 3946 4000
2 3946 4012
2 3946 4039
2 3946 5747
2 3946 5753
2 3946 5756
2 3946 5761
2 3946 5841
2 3946 5843
2 3946 5844
2 3946 5848
2 3947 3985
2 3947 4037
2 3947 5975
2 3947 5984
2 3947 6080
2 3948 3957
2 3948 3973
2 3948 3975
2 3948 5753
2 3949 3953
2 3949 3954
2 3949 6102
2 3949 6115
2 3949 6207
2 3950 5879
2 3950 5888
2 3950 5889
2 3950 5916
2 3951 3960
2 3951 4039
2 3951 5782
2 3951 5860
2 3951 5867
2 3951 5872
2 3952 3963
2 3952 4020
2 3952 4023
2 3952 4024
2 3952 5867
2 3953 3954
2 3953 3955
2 3953 6102
2 3953 6115
2 3953 6207
2 3954 3955
2 3954 3956
2 3955 3956
2 3955 6065
2 3956 6065
2 3956 6187
2 3957 3964
2 3957 3967
2 3957 3968
2 3957 3969
2 3957 3970
2 3957 3973
2 3957 5747
2 3957 5753
2 3957 5761
2 3957 5841
2 3957 5844
2 3958 3959
2 3958 3961
2 3958 5808
2 3958 5820
2 3958 5833
2 3958 5931
2 3959 3961
2 3959 3962
2 3959 3965
2 3959 5862
2 3959 5882
2 3959 5887
2 3960 5860
2 3960 5867
2 3961 3962
2 3961 5808
2 3961 5917
2 3961 5926
2 3962 3965
2 3962 5917
2 3963 3971
2 3963 4020
2 3963 5761
2 3963 5767
2 3963 5813
2 3964 3968
2 3964 3969
2 3964 3970
2 3964 3972
2 3964 3973
2 3964 3975
2 3964 3976
2 3964 3980
2 3964 3992
2 3964 4001
2 3964 5747
2 3964 5750
2 3964 5753
2 3964 5841
2 3964 5844
2 3965 5862
2 3965 5882
2 3965 5917
2 3965 5926
2 3965 5931
2 3966 3974
2 3966 5857
2 3966 5860
2 3967 3968
2 3967 3969
2 3967 3972
2 3967 5747
2 3967 5750
2 3968 3969
2 3968 3970
2 3968 5753
2 3969 3972
2 3969 5747
2 3969 5750
2 3970 3973
2 3970 3975
2 3970 5753
2 3971 3975
2 3971 3976
2 3971 3979
2 3971 3983
2 3971 3996
2 3971 4011
2 3971 5756
2 3971 5761
2 3971 5813
2 3972 3977
2 3972 3980
2 3972 5747
2 3972 5750
2 3972 5822
2 3972 5841
2 3973 3975
2 3973 3976
2 3973 5753
2 3974 4011
2 3974 5851
2 3974 5857
2 3974 5860
2 3975 3976
2 3975 3979
2 3975 3983
2 3975 3992
2 3975 3996
2 3975 4001
2 3976 3979
2 3976 3988
2 3976 3992
2 3976 4001
2 3976 5756
2 3976 5844
2 3976 5848
2 3977 3980
2 3977 3984
2 3977 5741
2 3977 5747
2 3978 3981
2 3978 3985
2 3978 5997
2 3978 6005
2 3978 6029
2 3979 3983
2 3979 3988
2 3979 3992
2 3979 4011
2 3979 4016
2 3979 5813
2 3980 3984
2 3980 3993
2 3980 4017
2 3980 5741
2 3980 5747
2 3980 5822
2 3980 5841
2 3981 3982
2 3981 3985
2 3981 6018
2 3982 3985
2 3982 6018
2 3983 3988
2 3983 3992
2 3983 3996
2 3983 4009
2 3983 5813
2 3984 5741
2 3984 5747
2 3985 3986
2 3985 3987
2 3985 4037
2 3985 6018
2 3985 6029
2 3986 3987
2 3986 3989
2 3986 6018
2 3986 6029
2 3986 6121
2 3987 3989
2 3988 3992
2 3988 3996
2 3988 4001
2 3988 4011
2 3988 4016
2 3988 4021
2 3988 4033
2 3989 6029
2 3989 6121
2 3990 5844
2 3990 5848
2 3991 3994
2 3991 3995
2 3991 6276
2 3992 3996
2 3992 4001
2 3992 4033
2 3992 5750
2 3993 3997
2 3993 4000
2 3993 5731
2 3993 5735
2 3993 5741
2 3993 5822
2 3994 3995
2 3994 3998
2 3994 3999
2 3994 4320
2 3994 4322
2 3994 6149
2 3994 6260
2 3994 6276
2 3995 3998
2 3995 6260
2 3996 4009
2 3996 5761
2 3996 5778
2 3996 5781
2 3996 5786
2 3996 5813
2 3996 5831
2 3996 5874
2 3996 5921
2 3997 4000
2 3997 4003
2 3997 5735
2 3997 5741
2 3997 5747
2 3998 3999
2 3998 6149
2 3998 6260
2 3999 4002
2 3999 6136
2 3999 6149
2 3999 6260
2 4000 4003
2 4000 4010
2 4000 4030
2 4000 4039
2 4000 4111
2 4000 5725
2 4000 5731
2 4000 5735
2 4000 5741
2 4000 5747
2 4000 5761
2 4000 5771
2 4000 5812
2 4000 5822
2 4001 4016
2 4001 4033
2 4001 5841
2 4001 5843
2 4001 5844
2 4002 6136
2 4002 6250
2 4003 4007
2 4003 4010
2 4003 5725
2 4003 5728
2 4003 5731
2 4003 5761
2 4004 5841
2 4004 5843
2 4005 4006
2 4005 4008
2 4005 5859
2 4005 5873
2 4005 5900
2 4005 5960
2 4005 5964
2 4005 5965
2 4006 4008
2 4006 5854
2 4006 5859
2 4006 5956
2 4006 5960
2 4006 5965
2 4007 4010
2 4007 5725
2 4007 5728
2 4007 5731
2 4008 4013
2 4008 5956
2 4009 4019
2 4009 4025
2 4009 4051
2 4009 4774
2 4009 5188
2 4009 5778
2 4009 5781
2 4009 5874
2 4009 5921
2 4009 6119
2 4010 4015
2 4010 4030
2 4010 5725
2 4010 5728
2 4010 5731
2 4011 4016
2 4011 4021
2 4011 4027
2 4012 4017
2 4012 4022
2 4012 4028
2 4012 4039
2 4012 5747
2 4012 5822
2 4012 5826
2 4012 5829
2 4012 5836
2 4012 5841
2 4012 5843
2 4013 4014
2 4013 5900
2 4013 5956
2 4014 4018
2 4014 5947
2 4014 5956
2 4015 5725
2 4015 5728
2 4016 4021
2 4016 4027
2 4016 4033
2 4017 4022
2 4017 4033
2 4017 5822
2 4017 5826
2 4017 5829
2 4018 5900
2 4018 5941
2 4018 5947
2 4019 4025
2 4019 4051
2 4019 5778
2 4020 4023
2 4020 4024
2 4020 5761
2 4020 5767
2 4020 5768
2 4020 5775
2 4020 5782
2 4020 5786
2 4021 4027
2 4021 4033
2 4022 4028
2 4022 4048
2 4022 5821
2 4022 5822
2 4022 5826
2 4022 5836
2 4023 4024
2 4023 5775
2 4023 5782
2 4023 5786
2 4023 5867
2 4024 4029
2 4024 5782
2 4024 5786
2 4024 5867
2 4025 4048
2 4025 4051
2 4025 5778
2 4026 4030
2 4026 5726
2 4026 5728
2 4027 4033
2 4028 4039
2 4028 4048
2 4028 4066
2 4028 5821
2 4028 5822
2 4029 4031
2 4029 5782
2 4029 5786
2 4029 5867
2 4029 5872
2 4030 5725
2 4030 5726
2 4031 5782
2 4031 5786
2 4031 5789
2 4031 5867
2 4031 5872
2 4031 5879
2 4032 4106
2 4032 4111
2 4032 5725
2 4032 5726
2 4033 4035
2 4033 5822
2 4034 4037
2 4034 4038
2 4034 6062
2 4035 4051
2 4036 4039
2 4036 5816
2 4036 5819
2 4036 5821
2 4036 5822
2 4037 4038
2 4037 4040
2 4037 4042
2 4037 4043
2 4037 4044
2 4037 6059
2 4037 6062
2 4037 6068
2 4037 6076
2 4037 6088
2 4037 6151
2 4038 4040
2 4038 4041
2 4038 4318
2 4038 6068
2 4038 6071
2 4038 6076
2 4039 4045
2 4039 4055
2 4039 4066
2 4039 4115
2 4039 5731
2 4039 5747
2 4039 5771
2 4039 5782
2 4039 5787
2 4039 5812
2 4039 5816
2 4039 5819
2 4039 5821
2 4039 5822
2 4039 5872
2 4040 4041
2 4040 4042
2 4040 6071
2 4040 6076
2 4041 4042
2 4041 4043
2 4041 4047
2 4041 4318
2 4041 6071
2 4041 6076
2 4041 6088
2 4042 4043
2 4042 6076
2 4043 4044
2 4043 4047
2 4043 6088
2 4043 6092
2 4043 6182
2 4044 4046
2 4044 4047
2 4044 6076
2 4044 6088
2 4044 6092
2 4044 6182
2 4045 4049
2 4045 4055
2 4045 5810
2 4045 5812
2 4045 5816
2 4046 4047
2 4046 6092
2 4046 6182
2 4047 4340
2 4047 6103
2 4047 6111
2 4047 6182
2 4048 4051
2 4048 4054
2 4048 5821
2 4048 5822
2 4049 5810
2 4049 5812
2 4050 4053
2 4050 4056
2 4050 4109
2 4050 6230
2 4050 6264
2 4050 6362
2 4050 6368
2 4051 4054
2 4052 4055
2 4052 4059
2 4052 5806
2 4052 5810
2 4052 5812
2 4052 5816
2 4052 5840
2 4053 4056
2 4053 4057
2 4053 6230
2 4053 6264
2 4053 6362
2 4053 6368
2 4054 5816
2 4055 4058
2 4055 4061
2 4055 5787
2 4055 5806
2 4055 5810
2 4055 5812
2 4056 4057
2 4056 6230
2 4056 6362
2 4056 6368
2 4057 4060
2 4057 6230
2 4058 4059
2 4058 4061
2 4058 5803
2 4058 5806
2 4058 5812
2 4059 4061
2 4059 5791
2 4059 5799
2 4059 5803
2 4059 5806
2 4060 4062
2 4060 6230
2 4060 6331
2 4061 5771
2 4061 5784
2 4061 5787
2 4061 5791
2 4061 5799
2 4061 5803
2 4061 5812
2 4062 6325
2 4062 6331
2 4063 4064
2 4063 4065
2 4063 5903
2 4063 5911
2 4063 5966
2 4063 6003
2 4063 6019
2 4064 4065
2 4064 5995
2 4064 6003
2 4064 6011
2 4065 4067
2 4065 5883
2 4065 5995
2 4066 4071
2 4066 4074
2 4066 4087
2 4066 4095
2 4066 5764
2 4066 5771
2 4066 5777
2 4066 5779
2 4066 5783
2 4066 5784
2 4066 5787
2 4067 4068
2 4067 5883
2 4067 5995
2 4068 5883
2 4068 5982
2 4068 5995
2 4069 4072
2 4069 5801
2 4069 5804
2 4070 4087
2 4070 5840
2 4071 4074
2 4071 4077
2 4071 4087
2 4071 4093
2 4071 5771
2 4071 5777
2 4071 5779
2 4071 5783
2 4072 4073
2 4072 5801
2 4072 5804
2 4073 4075
2 4073 4078
2 4073 5804
2 4074 4077
2 4074 4087
2 4074 4093
2 4074 5777
2 4074 5783
2 4075 4076
2 4075 4078
2 4075 5804
2 4075 5807
2 4076 4078
2 4076 5807
2 4076 5889
2 4077 5765
2 4077 5771
2 4077 5777
2 4077 5779
2 4078 5804
2 4078 5807
2 4078 5889
2 4078 5891
2 4078 5898
2 4079 4080
2 4079 4354
2 4079 4355
2 4079 6143
2 4079 6147
2 4080 4081
2 4080 6143
2 4080 6147
2 4081 4082
2 4081 4083
2 4081 6143
2 4081 6147
2 4081 6220
2 4081 6228
2 4082 4083
2 4082 4085
2 4082 4086
2 4082 6143
2 4082 6147
2 4082 6220
2 4082 6228
2 4083 4085
2 4083 4086
2 4083 4089
2 4083 6147
2 4083 6228
2 4084 4088
2 4084 4094
2 4084 4095
2 4084 5751
2 4084 5764
2 4084 5765
2 4084 5771
2 4085 4086
2 4085 4089
2 4085 6228
2 4086 4089
2 4086 4091
2 4086 4092
2 4086 6147
2 4086 6200
2 4086 6228
2 4087 4093
2 4087 4102
2 4087 5779
2 4087 5784
2 4088 5764
2 4088 5765
2 4089 4091
2 4089 6228
2 4090 4094
2 4090 4095
2 4090 5759
2 4090 5764
2 4090 5796
2 4091 4092
2 4091 4096
2 4091 6228
2 4092 4096
2 4092 6171
2 4092 6228
2 4092 6258
2 4093 4102
2 4093 5765
2 4093 5779
2 4093 5784
2 4093 5796
2 4094 4095
2 4094 4102
2 4094 5751
2 4094 5754
2 4094 5759
2 4094 5765
2 4094 5796
2 4095 4107
2 4095 4111
2 4095 5751
2 4095 5754
2 4095 5759
2 4095 5764
2 4095 5771
2 4095 5787
2 4096 4097
2 4096 6171
2 4096 6258
2 4097 4099
2 4097 4100
2 4097 6171
2 4097 6258
2 4098 5751
2 4099 4100
2 4099 4101
2 4099 6171
2 4099 6185
2 4099 6258
2 4100 4101
2 4100 4104
2 4100 6171
2 4100 6185
2 4100 6258
2 4100 6268
2 4100 6299
2 4101 6185
2 4101 6193
2 4101 6258
2 4101 6268
2 4101 6291
2 4102 4775
2 4102 5712
2 4102 5754
2 4102 5765
2 4102 5796
2 4103 4106
2 4103 4107
2 4103 5748
2 4103 5751
2 4104 4105
2 4104 4109
2 4104 6392
2 4104 6404
2 4105 4108
2 4105 4109
2 4105 6409
2 4106 4107
2 4106 4110
2 4106 4111
2 4106 5740
2 4106 5743
2 4106 5744
2 4106 5751
2 4106 5771
2 4106 5796
2 4107 4111
2 4107 5743
2 4107 5744
2 4107 5748
2 4107 5751
2 4108 4109
2 4108 4112
2 4108 6346
2 4109 4112
2 4109 4114
2 4109 6346
2 4109 6409
2 4110 5740
2 4110 5743
2 4110 5744
2 4110 5796
2 4111 4115
2 4111 5732
2 4111 5739
2 4111 5740
2 4111 5743
2 4111 5751
2 4111 5771
2 4112 4114
2 4112 6335
2 4112 6346
2 4112 6428
2 4113 5729
2 4113 5732
2 4113 5740
2 4113 5796
2 4114 4116
2 4114 6335
2 4114 6428
2 4115 5729
2 4115 5771
2 4115 5796
2 4116 4129
2 4116 6428
2 4116 6432
2 4117 4118
2 4117 4119
2 4117 4133
2 4117 4142
2 4117 4526
2 4117 5110
2 4117 5122
2 4117 5177
2 4117 5375
2 4118 4130
2 4118 4161
2 4118 5177
2 4119 4120
2 4119 4121
2 4119 4123
2 4119 4125
2 4119 4142
2 4119 4526
2 4119 5179
2 4120 4121
2 4120 4123
2 4120 4125
2 4120 5177
2 4120 5179
2 4121 4123
2 4121 5177
2 4121 5179
2 4122 4124
2 4122 4126
2 4122 4136
2 4122 4148
2 4122 4276
2 4122 4541
2 4122 4544
2 4122 4574
2 4122 5146
2 4122 5151
2 4122 5168
2 4122 5174
2 4122 5355
2 4122 5382
2 4122 5385
2 4123 4125
2 4123 4131
2 4124 4126
2 4124 4133
2 4124 4541
2 4124 5113
2 4124 5151
2 4124 5171
2 4124 5174
2 4124 5178
2 4124 5371
2 4124 5374
2 4124 5375
2 4124 5378
2 4125 4127
2 4125 4130
2 4126 4133
2 4126 4136
2 4126 4148
2 4126 4541
2 4126 5171
2 4126 5174
2 4127 4130
2 4128 4150
2 4128 4189
2 4128 4200
2 4128 4211
2 4129 4134
2 4129 4137
2 4129 6432
2 4130 4131
2 4130 4132
2 4130 4138
2 4130 4161
2 4132 4138
2 4133 4136
2 4133 4526
2 4133 5171
2 4133 5375
2 4134 4137
2 4134 4143
2 4134 6322
2 4134 6335
2 4134 6428
2 4134 6432
2 4135 4138
2 4136 4139
2 4136 4142
2 4136 4148
2 4136 4160
2 4136 4171
2 4136 4172
2 4136 4183
2 4136 4205
2 4136 4232
2 4136 4276
2 4136 4281
2 4136 4353
2 4136 5171
2 4136 5174
2 4137 4143
2 4138 4140
2 4138 4144
2 4139 4142
2 4140 4144
2 4141 4145
2 4141 4541
2 4141 4544
2 4141 5168
2 4141 5178
2 4141 5378
2 4143 6322
2 4143 6432
2 4144 4147
2 4144 4150
2 4144 4159
2 4144 4236
2 4144 4242
2 4144 4256
2 4145 4148
2 4145 4160
2 4145 4236
2 4145 4415
2 4146 4149
2 4146 4152
2 4146 4182
2 4146 4184
2 4146 4185
2 4146 4190
2 4146 5920
2 4146 5933
2 4146 5943
2 4146 5966
2 4146 5970
2 4146 5989
2 4146 6039
2 4146 6051
2 4147 4150
2 4148 4151
2 4148 4160
2 4148 5171
2 4148 5174
2 4149 4152
2 4149 4153
2 4149 5920
2 4149 5933
2 4149 6019
2 4149 6033
2 4149 6039
2 4150 4154
2 4150 4189
2 4150 4200
2 4150 4242
2 4151 4160
2 4151 5171
2 4151 5173
2 4152 4153
2 4152 5920
2 4152 5966
2 4152 5970
2 4152 6033
2 4153 4157
2 4153 5911
2 4153 5920
2 4153 6019
2 4153 6033
2 4154 4159
2 4154 4164
2 4155 4165
2 4155 4243
2 4156 4160
2 4156 4166
2 4157 4158
2 4157 5911
2 4157 6019
2 4157 6033
2 4158 4162
2 4158 6019
2 4159 4164
2 4159 4170
2 4159 4175
2 4159 4193
2 4159 4203
2 4159 4209
2 4159 4236
2 4159 4256
2 4159 4272
2 4159 4336
2 4159 4415
2 4160 4171
2 4160 4183
2 4160 4205
2 4160 4236
2 4160 4281
2 4160 5171
2 4160 5174
2 4161 4167
2 4161 4172
2 4162 5966
2 4162 5995
2 4162 6011
2 4162 6016
2 4162 6019
2 4162 6033
2 4162 6044
2 4163 4168
2 4163 4173
2 4163 4174
2 4163 5817
2 4163 5828
2 4163 5863
2 4163 5874
2 4164 4170
2 4165 4176
2 4165 4181
2 4165 4208
2 4165 4243
2 4165 4257
2 4167 4172
2 4168 4169
2 4168 4173
2 4168 5825
2 4169 4173
2 4169 5825
2 4170 4175
2 4170 4180
2 4170 4186
2 4170 4193
2 4171 4183
2 4172 4183
2 4172 4189
2 4172 4205
2 4172 4232
2 4172 4276
2 4172 4281
2 4173 4174
2 4173 5825
2 4173 5828
2 4173 5863
2 4174 4177
2 4174 5828
2 4174 5863
2 4174 5874
2 4175 4180
2 4175 4186
2 4175 4193
2 4176 4181
2 4177 5825
2 4177 5828
2 4177 5832
2 4177 5918
2 4177 5923
2 4178 4179
2 4178 4182
2 4178 4185
2 4178 5943
2 4178 5958
2 4178 5962
2 4178 5989
2 4178 5996
2 4178 6017
2 4178 6020
2 4178 6072
2 4178 6073
2 4179 4182
2 4179 5943
2 4179 5958
2 4179 6067
2 4179 6072
2 4179 6073
2 4180 4186
2 4181 4208
2 4182 4184
2 4182 4185
2 4182 5943
2 4182 5949
2 4182 5958
2 4182 5989
2 4182 6051
2 4182 6061
2 4182 6067
2 4182 6073
2 4183 4205
2 4184 4185
2 4184 4187
2 4184 5943
2 4184 6051
2 4184 6061
2 4184 6067
2 4185 4187
2 4185 4190
2 4185 5989
2 4185 5996
2 4185 6061
2 4185 6067
2 4186 4193
2 4187 4190
2 4187 6051
2 4189 4200
2 4189 4211
2 4189 4217
2 4190 5989
2 4190 5996
2 4190 6044
2 4190 6051
2 4190 6067
2 4191 4192
2 4191 4194
2 4191 5846
2 4192 4194
2 4192 5838
2 4192 5846
2 4192 5849
2 4193 4195
2 4193 4203
2 4193 4209
2 4194 4196
2 4194 4199
2 4194 5849
2 4194 5923
2 4195 4197
2 4195 4203
2 4196 4199
2 4196 4201
2 4196 5849
2 4196 5856
2 4196 5923
2 4197 4203
2 4197 4208
2 4198 4307
2 4199 4201
2 4199 4202
2 4199 5849
2 4199 5856
2 4199 5923
2 4200 4211
2 4201 4202
2 4201 5856
2 4201 5858
2 4201 5864
2 4201 5935
2 4202 5858
2 4202 5864
2 4202 5869
2 4202 5875
2 4202 5877
2 4202 5935
2 4202 5942
2 4202 5948
2 4202 5955
2 4203 4204
2 4203 4208
2 4203 4209
2 4203 4214
2 4203 4272
2 4203 4306
2 4203 4319
2 4203 4336
2 4203 4415
2 4204 4208
2 4204 4209
2 4205 4210
2 4205 4216
2 4205 4236
2 4205 4281
2 4206 4207
2 4206 4212
2 4206 6007
2 4206 6045
2 4206 6105
2 4206 6112
2 4206 6118
2 4206 6125
2 4207 4212
2 4207 4213
2 4207 6045
2 4207 6105
2 4207 6112
2 4208 4209
2 4208 4214
2 4208 4227
2 4208 4257
2 4208 4329
2 4208 4336
2 4209 4214
2 4209 4220
2 4209 4239
2 4209 4272
2 4209 4405
2 4210 4216
2 4211 4217
2 4212 4213
2 4212 6105
2 4213 4215
2 4213 4218
2 4213 6045
2 4213 6097
2 4214 4227
2 4214 4329
2 4214 4336
2 4215 4218
2 4215 6089
2 4215 6097
2 4216 4231
2 4216 4236
2 4217 4224
2 4217 4232
2 4217 4281
2 4218 4219
2 4218 4221
2 4218 4250
2 4218 6020
2 4218 6045
2 4218 6089
2 4218 6097
2 4219 4221
2 4219 6089
2 4219 6097
2 4220 4227
2 4220 4239
2 4221 4250
2 4221 5996
2 4221 6017
2 4221 6020
2 4221 6025
2 4221 6045
2 4221 6072
2 4221 6082
2 4221 6089
2 4221 6097
2 4222 5871
2 4222 5875
2 4222 5877
2 4223 4231
2 4224 4232
2 4225 4226
2 4225 5877
2 4225 5880
2 4226 4229
2 4226 4230
2 4226 5880
2 4227 4329
2 4227 4336
2 4228 4253
2 4228 4261
2 4228 4330
2 4229 4230
2 4229 4233
2 4229 4234
2 4229 5877
2 4229 5880
2 4229 5885
2 4229 5955
2 4230 4233
2 4230 4237
2 4230 5880
2 4230 5885
2 4231 4236
2 4232 4243
2 4232 4257
2 4232 4276
2 4232 4281
2 4233 4234
2 4233 4237
2 4233 5885
2 4234 4237
2 4234 5896
2 4234 5981
2 4235 4239
2 4236 4242
2 4236 4249
2 4236 4256
2 4236 4281
2 4236 4319
2 4236 4336
2 4236 4415
2 4237 5896
2 4237 5981
2 4237 5994
2 4238 4240
2 4238 4241
2 4238 6031
2 4238 6036
2 4238 6090
2 4238 6098
2 4238 6157
2 4239 4246
2 4240 4241
2 4240 6031
2 4240 6090
2 4240 6152
2 4241 4244
2 4241 4245
2 4241 6031
2 4241 6152
2 4242 4249
2 4242 4256
2 4243 4257
2 4243 4281
2 4244 4245
2 4244 4247
2 4244 6146
2 4244 6152
2 4245 4247
2 4245 6007
2 4245 6031
2 4245 6139
2 4245 6141
2 4245 6146
2 4246 4272
2 4246 4371
2 4246 4375
2 4247 4248
2 4247 4250
2 4247 6141
2 4247 6152
2 4248 4250
2 4248 6139
2 4248 6141
2 4249 4256
2 4250 6045
2 4250 6082
2 4250 6083
2 4250 6097
2 4250 6119
2 4250 6125
2 4250 6141
2 4250 6152
2 4250 6169
2 4251 4254
2 4251 5892
2 4251 5901
2 4251 5904
2 4251 5905
2 4251 5914
2 4253 4261
2 4254 4255
2 4254 4258
2 4254 5905
2 4254 5914
2 4255 4258
2 4255 4259
2 4255 5905
2 4255 5909
2 4256 4263
2 4256 4281
2 4257 4276
2 4257 4281
2 4257 4301
2 4258 4259
2 4258 4262
2 4258 5905
2 4258 5909
2 4258 5914
2 4258 6012
2 4259 4262
2 4259 5909
2 4259 5914
2 4259 6012
2 4260 4272
2 4261 4286
2 4261 4366
2 4262 5914
2 4262 5919
2 4262 6012
2 4263 4281
2 4264 4265
2 4264 4267
2 4264 6075
2 4264 6086
2 4264 6093
2 4264 6153
2 4264 6201
2 4264 6206
2 4265 4267
2 4265 4268
2 4265 6075
2 4265 6153
2 4265 6196
2 4265 6201
2 4266 4272
2 4267 4268
2 4267 6075
2 4267 6192
2 4267 6196
2 4268 4270
2 4268 6196
2 4269 4275
2 4270 4271
2 4270 6192
2 4270 6196
2 4271 4273
2 4271 6186
2 4271 6192
2 4272 4279
2 4272 4285
2 4272 4310
2 4272 4336
2 4272 4371
2 4272 4375
2 4272 4382
2 4272 4405
2 4272 4415
2 4273 6180
2 4273 6186
2 4274 4277
2 4274 4278
2 4274 5927
2 4274 5930
2 4274 5937
2 4274 5940
2 4274 5997
2 4275 4281
2 4276 4281
2 4276 4319
2 4276 4353
2 4276 4365
2 4277 4278
2 4277 4280
2 4277 5940
2 4278 4280
2 4278 5945
2 4279 4285
2 4279 4415
2 4280 4283
2 4280 4284
2 4280 5945
2 4280 5997
2 4280 6050
2 4281 4282
2 4281 4289
2 4281 4295
2 4281 4301
2 4281 4319
2 4281 4353
2 4281 4365
2 4281 4394
2 4281 4510
2 4281 4813
2 4281 4862
2 4282 4289
2 4283 4284
2 4283 4287
2 4283 5950
2 4283 5997
2 4283 6050
2 4284 4287
2 4284 4288
2 4284 5950
2 4284 5954
2 4284 6050
2 4285 4292
2 4285 4298
2 4285 4310
2 4285 4415
2 4286 4402
2 4287 4288
2 4287 5954
2 4287 5957
2 4287 6018
2 4288 5950
2 4288 5954
2 4288 5957
2 4288 5971
2 4288 6018
2 4288 6050
2 4288 6057
2 4288 6066
2 4289 4295
2 4290 4291
2 4290 6160
2 4290 6270
2 4290 6281
2 4291 4293
2 4291 4294
2 4292 4298
2 4293 4294
2 4293 4296
2 4293 6135
2 4293 6244
2 4293 6249
2 4293 6255
2 4293 6259
2 4294 4296
2 4294 6249
2 4294 6255
2 4295 4301
2 4296 4297
2 4296 6135
2 4296 6244
2 4296 6249
2 4296 6255
2 4297 6243
2 4297 6244
2 4297 6249
2 4298 4310
2 4298 4415
2 4299 4300
2 4299 4302
2 4299 6237
2 4299 6243
2 4299 6244
2 4300 4302
2 4300 6233
2 4300 6237
2 4300 6243
2 4300 6244
2 4301 4306
2 4301 4319
2 4302 6187
2 4302 6233
2 4302 6237
2 4302 6243
2 4303 4304
2 4303 5988
2 4303 5993
2 4303 5998
2 4303 6004
2 4304 4305
2 4304 5998
2 4304 6004
2 4305 4308
2 4305 6004
2 4306 4319
2 4307 4330
2 4307 4365
2 4308 4309
2 4308 4312
2 4308 4313
2 4308 6006
2 4308 6010
2 4308 6055
2 4308 6100
2 4309 4312
2 4309 4313
2 4309 6006
2 4309 6010
2 4309 6100
2 4310 4323
2 4310 4333
2 4310 4415
2 4311 4316
2 4311 4325
2 4312 4313
2 4312 4314
2 4312 4317
2 4312 6010
2 4312 6100
2 4313 4314
2 4313 6010
2 4313 6014
2 4313 6055
2 4313 6059
2 4313 6100
2 4314 4317
2 4314 4318
2 4314 6014
2 4314 6021
2 4314 6055
2 4314 6059
2 4314 6062
2 4314 6100
2 4314 6110
2 4315 4323
2 4316 4325
2 4316 4402
2 4317 4318
2 4317 6021
2 4317 6100
2 4317 6110
2 4317 6116
2 4318 6021
2 4318 6034
2 4318 6110
2 4318 6116
2 4318 6120
2 4318 6131
2 4319 4329
2 4319 4336
2 4319 4365
2 4319 4394
2 4319 4415
2 4320 4321
2 4320 4322
2 4320 6215
2 4320 6260
2 4320 6276
2 4320 6338
2 4320 6343
2 4321 4322
2 4321 4326
2 4321 6215
2 4321 6330
2 4321 6338
2 4321 6343
2 4322 4326
2 4322 4327
2 4322 4328
2 4322 6215
2 4322 6260
2 4322 6276
2 4322 6330
2 4323 4324
2 4323 4333
2 4323 4415
2 4323 4441
2 4324 4333
2 4325 4447
2 4326 4327
2 4326 4328
2 4326 6324
2 4327 4328
2 4327 4331
2 4327 6318
2 4327 6324
2 4328 4331
2 4328 4332
2 4328 6250
2 4328 6318
2 4328 6324
2 4329 4336
2 4330 4353
2 4330 4365
2 4331 4332
2 4331 6312
2 4331 6318
2 4332 4334
2 4332 6250
2 4332 6312
2 4332 6318
2 4333 4339
2 4333 4345
2 4333 4349
2 4333 4415
2 4333 4441
2 4333 4446
2 4334 4335
2 4334 6250
2 4334 6293
2 4334 6306
2 4334 6312
2 4334 6318
2 4335 6250
2 4335 6293
2 4335 6300
2 4335 6306
2 4336 4342
2 4336 4352
2 4336 4371
2 4336 4394
2 4336 4415
2 4337 4338
2 4337 4340
2 4337 6038
2 4337 6043
2 4337 6049
2 4337 6052
2 4337 6056
2 4337 6088
2 4337 6103
2 4338 4340
2 4338 6052
2 4338 6056
2 4339 4345
2 4339 4349
2 4340 4341
2 4340 6052
2 4340 6056
2 4340 6103
2 4340 6111
2 4341 6056
2 4341 6103
2 4341 6111
2 4342 4352
2 4343 4344
2 4343 4346
2 4343 6060
2 4343 6111
2 4344 4346
2 4344 6060
2 4344 6063
2 4345 4349
2 4345 4356
2 4346 4347
2 4346 4350
2 4346 6060
2 4346 6063
2 4346 6069
2 4346 6111
2 4347 4348
2 4347 6063
2 4347 6069
2 4348 4350
2 4348 4351
2 4348 6069
2 4348 6164
2 4349 4356
2 4349 4363
2 4349 4415
2 4349 4446
2 4349 4454
2 4349 4458
2 4349 4469
2 4349 4483
2 4350 4351
2 4350 4354
2 4350 6069
2 4351 4354
2 4351 4355
2 4351 6078
2 4351 6168
2 4352 4359
2 4352 4365
2 4353 4360
2 4353 4365
2 4353 4376
2 4353 4394
2 4353 4433
2 4353 4469
2 4353 4510
2 4353 4576
2 4353 4710
2 4353 4813
2 4353 6119
2 4354 4355
2 4354 6078
2 4354 6079
2 4354 6084
2 4354 6168
2 4355 6078
2 4355 6084
2 4355 6091
2 4355 6168
2 4355 6174
2 4355 6184
2 4355 6189
2 4356 4363
2 4356 4373
2 4356 4483
2 4357 4358
2 4357 4361
2 4357 6315
2 4357 6328
2 4357 6436
2 4357 6437
2 4358 4361
2 4358 4362
2 4358 6315
2 4358 6436
2 4358 6437
2 4359 4365
2 4360 4366
2 4360 4376
2 4361 4362
2 4361 4364
2 4361 6310
2 4361 6315
2 4361 6436
2 4362 4364
2 4362 4367
2 4362 4369
2 4362 6362
2 4362 6368
2 4362 6436
2 4363 4368
2 4363 4373
2 4363 4483
2 4364 4367
2 4364 4369
2 4364 6362
2 4364 6430
2 4365 4371
2 4365 4394
2 4365 4510
2 4366 4376
2 4367 4369
2 4367 6424
2 4368 4373
2 4369 4370
2 4369 4372
2 4369 6362
2 4369 6368
2 4369 6418
2 4369 6424
2 4370 4372
2 4370 4377
2 4370 6417
2 4370 6424
2 4371 4375
2 4371 4394
2 4371 4415
2 4372 4374
2 4372 4377
2 4372 6417
2 4373 4379
2 4373 4483
2 4374 4378
2 4374 4381
2 4374 6331
2 4374 6413
2 4375 4382
2 4375 4415
2 4376 4433
2 4376 4469
2 4377 4378
2 4377 4380
2 4377 6408
2 4377 6413
2 4378 4380
2 4378 4381
2 4378 6408
2 4379 4386
2 4379 4391
2 4379 4483
2 4380 4381
2 4380 6402
2 4380 6408
2 4381 4383
2 4381 6325
2 4381 6331
2 4381 6393
2 4381 6402
2 4382 4415
2 4383 4384
2 4383 6325
2 4383 6382
2 4383 6393
2 4383 6402
2 4384 6387
2 4384 6393
2 4385 4387
2 4385 4388
2 4385 4389
2 4385 6138
2 4385 6140
2 4385 6145
2 4385 6150
2 4385 6156
2 4386 4391
2 4387 4388
2 4387 6156
2 4387 6158
2 4388 4389
2 4388 6158
2 4389 4390
2 4389 6158
2 4389 6161
2 4390 6158
2 4390 6161
2 4390 6165
2 4390 6246
2 4391 4397
2 4391 4405
2 4391 4411
2 4391 4483
2 4391 4489
2 4392 4398
2 4392 4406
2 4392 4418
2 4392 4490
2 4392 4497
2 4393 4395
2 4393 4396
2 4393 6167
2 4393 6173
2 4394 4401
2 4394 4415
2 4394 4421
2 4394 4469
2 4394 4510
2 4394 4528
2 4395 4396
2 4395 4399
2 4395 4400
2 4395 6167
2 4395 6173
2 4395 6177
2 4396 4399
2 4396 4400
2 4396 6173
2 4396 6177
2 4397 4405
2 4397 4411
2 4398 4406
2 4399 4400
2 4399 4403
2 4399 6177
2 4400 4403
2 4400 4404
2 4400 4407
2 4400 4408
2 4400 6167
2 4400 6177
2 4400 6179
2 4400 6213
2 4400 6226
2 4401 4415
2 4401 4421
2 4402 4433
2 4403 4404
2 4403 4407
2 4403 6179
2 4404 4407
2 4404 6179
2 4405 4411
2 4405 4412
2 4405 4415
2 4405 4423
2 4405 4430
2 4405 4450
2 4405 4528
2 4405 4536
2 4405 4582
2 4406 4438
2 4406 4497
2 4406 4529
2 4407 4408
2 4407 4410
2 4407 6179
2 4407 6190
2 4407 6226
2 4407 6272
2 4407 6277
2 4408 4409
2 4408 4410
2 4408 6179
2 4408 6190
2 4408 6226
2 4408 6277
2 4409 4410
2 4409 4413
2 4409 6190
2 4409 6194
2 4409 6277
2 4410 4413
2 4410 4414
2 4410 6190
2 4410 6194
2 4410 6199
2 4410 6277
2 4410 6282
2 4410 6285
2 4411 4412
2 4411 4418
2 4411 4423
2 4411 4450
2 4411 4536
2 4412 4418
2 4412 4423
2 4413 4414
2 4413 4416
2 4413 6194
2 4413 6199
2 4413 6277
2 4414 4416
2 4414 4417
2 4414 6194
2 4414 6199
2 4414 6277
2 4414 6285
2 4415 4421
2 4415 4441
2 4415 4446
2 4415 4469
2 4415 4528
2 4415 4582
2 4415 4653
2 4416 4417
2 4416 4422
2 4416 6199
2 4416 6203
2 4416 6238
2 4416 6242
2 4417 4419
2 4417 4422
2 4417 6199
2 4417 6203
2 4417 6242
2 4417 6285
2 4418 4423
2 4418 4490
2 4419 4420
2 4419 4422
2 4419 6199
2 4419 6203
2 4419 6285
2 4420 4422
2 4420 4425
2 4420 6203
2 4420 6285
2 4421 4427
2 4422 4425
2 4422 4426
2 4422 6254
2 4423 4424
2 4423 4430
2 4423 4437
2 4423 4444
2 4423 4450
2 4423 4536
2 4425 4426
2 4425 4428
2 4425 6203
2 4425 6209
2 4426 4428
2 4426 4429
2 4426 6209
2 4426 6254
2 4428 4429
2 4428 4431
2 4428 4435
2 4428 6209
2 4428 6214
2 4428 6305
2 4428 6316
2 4429 4431
2 4429 4432
2 4429 6209
2 4429 6214
2 4429 6254
2 4429 6262
2 4429 6316
2 4430 4437
2 4430 4444
2 4430 4450
2 4431 4432
2 4431 4435
2 4431 6214
2 4431 6218
2 4431 6316
2 4432 4434
2 4432 4435
2 4432 6214
2 4432 6218
2 4432 6254
2 4432 6262
2 4432 6316
2 4433 4447
2 4433 4464
2 4433 4469
2 4433 4470
2 4433 4475
2 4433 4510
2 4433 4557
2 4433 4576
2 4434 4435
2 4434 4436
2 4434 4439
2 4434 6218
2 4434 6262
2 4434 6266
2 4434 6316
2 4435 4436
2 4435 4439
2 4435 4440
2 4435 6214
2 4435 6218
2 4435 6223
2 4435 6227
2 4435 6316
2 4435 6327
2 4436 4439
2 4436 4440
2 4436 6223
2 4436 6227
2 4436 6316
2 4436 6327
2 4437 4444
2 4439 4440
2 4439 4442
2 4439 6223
2 4439 6227
2 4439 6232
2 4439 6266
2 4439 6274
2 4439 6278
2 4439 6316
2 4439 6332
2 4440 4442
2 4440 4443
2 4440 4445
2 4440 6227
2 4440 6232
2 4440 6235
2 4440 6316
2 4440 6327
2 4440 6332
2 4440 6336
2 4441 4446
2 4442 4443
2 4442 6232
2 4442 6235
2 4442 6278
2 4442 6283
2 4442 6288
2 4442 6336
2 4443 4445
2 4443 6235
2 4443 6278
2 4443 6288
2 4443 6336
2 4444 4450
2 4445 4448
2 4445 4449
2 4445 4452
2 4445 6235
2 4445 6239
2 4445 6332
2 4445 6336
2 4445 6342
2 4446 4454
2 4446 4469
2 4447 4464
2 4447 4470
2 4448 4449
2 4448 6239
2 4449 4452
2 4449 4455
2 4449 6342
2 4450 4451
2 4450 4461
2 4450 4536
2 4450 4582
2 4452 4453
2 4452 4455
2 4452 6342
2 4453 4455
2 4453 4456
2 4453 4457
2 4453 6247
2 4453 6251
2 4453 6256
2 4453 6357
2 4454 4458
2 4454 4469
2 4455 4456
2 4455 6251
2 4455 6256
2 4455 6308
2 4456 4457
2 4456 4459
2 4456 6251
2 4456 6256
2 4456 6308
2 4457 4459
2 4457 4460
2 4457 6256
2 4457 6265
2 4457 6357
2 4458 4469
2 4459 4460
2 4459 4462
2 4459 4463
2 4459 4465
2 4459 6265
2 4459 6308
2 4460 4462
2 4460 6256
2 4460 6265
2 4460 6267
2 4460 6357
2 4461 4467
2 4461 4582
2 4461 4588
2 4462 4463
2 4462 6267
2 4463 4465
2 4463 4466
2 4464 4470
2 4464 4510
2 4465 4466
2 4465 4468
2 4465 4473
2 4465 4474
2 4465 6280
2 4465 6337
2 4465 6386
2 4466 4468
2 4466 4471
2 4466 6280
2 4466 6381
2 4466 6386
2 4467 4472
2 4468 4471
2 4468 4473
2 4468 6280
2 4468 6284
2 4468 6337
2 4468 6386
2 4469 4475
2 4469 4483
2 4469 4489
2 4469 4496
2 4469 4510
2 4469 4528
2 4470 4476
2 4470 4510
2 4471 4473
2 4471 4478
2 4471 6280
2 4471 6284
2 4471 6386
2 4472 4479
2 4473 4474
2 4473 4477
2 4473 4478
2 4473 6280
2 4473 6284
2 4473 6289
2 4473 6337
2 4473 6386
2 4474 4477
2 4474 6280
2 4474 6289
2 4474 6337
2 4474 6350
2 4475 4483
2 4475 4489
2 4475 4496
2 4475 4510
2 4477 4478
2 4477 4481
2 4477 6296
2 4477 6337
2 4477 6350
2 4477 6386
2 4478 4481
2 4478 4482
2 4478 6296
2 4478 6386
2 4478 6400
2 4478 6403
2 4479 4486
2 4480 4493
2 4481 4482
2 4481 4484
2 4481 6298
2 4481 6350
2 4481 6400
2 4482 4484
2 4482 4485
2 4482 6298
2 4482 6400
2 4482 6403
2 4483 4489
2 4484 4485
2 4484 4487
2 4484 6298
2 4484 6304
2 4484 6350
2 4484 6359
2 4484 6403
2 4485 4487
2 4485 4491
2 4485 6304
2 4485 6309
2 4485 6403
2 4486 4500
2 4487 4488
2 4487 4491
2 4487 6309
2 4487 6359
2 4487 6403
2 4487 6410
2 4488 4491
2 4488 4494
2 4488 6309
2 4488 6314
2 4488 6359
2 4488 6363
2 4489 4496
2 4489 4510
2 4490 4497
2 4491 4494
2 4491 4495
2 4491 4498
2 4491 6314
2 4491 6323
2 4491 6403
2 4491 6410
2 4491 6416
2 4492 4500
2 4492 4501
2 4494 4495
2 4494 6314
2 4495 4498
2 4495 6323
2 4496 4504
2 4496 4510
2 4497 4522
2 4497 4529
2 4497 4556
2 4498 4499
2 4498 6323
2 4498 6329
2 4498 6416
2 4498 6431
2 4499 4502
2 4499 4503
2 4499 6329
2 4499 6431
2 4500 4501
2 4500 4507
2 4500 4518
2 4500 4602
2 4500 4614
2 4501 4507
2 4502 4503
2 4502 4505
2 4502 6329
2 4502 6333
2 4502 6375
2 4503 4505
2 4503 6333
2 4503 6392
2 4503 6431
2 4504 4510
2 4505 4506
2 4505 6333
2 4505 6339
2 4505 6392
2 4505 6431
2 4506 4508
2 4506 6339
2 4506 6431
2 4506 6435
2 4506 6438
2 4507 4518
2 4507 4525
2 4507 4614
2 4508 4509
2 4508 4511
2 4508 6438
2 4509 4511
2 4509 6351
2 4509 6438
2 4510 4515
2 4510 4521
2 4510 4528
2 4510 4549
2 4510 4556
2 4510 4576
2 4510 4608
2 4510 4658
2 4510 4690
2 4510 4710
2 4510 4813
2 4510 4862
2 4511 4512
2 4511 6351
2 4511 6438
2 4512 4513
2 4512 4514
2 4512 6351
2 4513 4514
2 4513 6351
2 4513 6356
2 4513 6360
2 4514 4516
2 4514 6351
2 4514 6360
2 4514 6404
2 4515 4521
2 4516 4517
2 4516 6360
2 4517 4519
2 4517 6364
2 4517 6404
2 4518 4525
2 4519 4520
2 4519 6364
2 4519 6372
2 4520 4523
2 4520 6372
2 4520 6376
2 4521 4528
2 4521 4549
2 4522 4529
2 4522 4550
2 4522 4556
2 4522 4557
2 4523 6372
2 4523 6376
2 4523 6379
2 4524 6383
2 4524 6389
2 4524 6432
2 4525 4532
2 4525 4546
2 4525 4561
2 4525 4653
2 4526 5122
2 4526 5375
2 4526 5391
2 4526 5392
2 4526 5396
2 4527 5105
2 4527 5110
2 4527 5113
2 4527 5399
2 4527 5404
2 4527 5406
2 4528 4536
2 4528 4549
2 4528 4582
2 4528 4608
2 4528 4653
2 4528 4658
2 4528 4836
2 4529 4550
2 4529 4556
2 4529 4582
2 4530 5100
2 4530 5106
2 4530 5371
2 4530 5372
2 4530 5374
2 4531 5093
2 4531 5369
2 4531 5371
2 4531 5415
2 4531 5416
2 4531 5418
2 4532 4539
2 4532 4546
2 4533 5083
2 4533 5090
2 4533 5369
2 4533 5425
2 4534 4535
2 4534 5077
2 4534 5083
2 4534 5425
2 4534 5426
2 4535 5067
2 4535 5077
2 4535 5426
2 4535 5428
2 4535 5429
2 4536 4543
2 4536 4549
2 4537 5002
2 4537 5029
2 4537 5055
2 4537 5064
2 4537 5067
2 4537 5105
2 4537 5363
2 4537 5429
2 4537 5442
2 4537 5443
2 4537 5445
2 4537 5455
2 4538 5029
2 4538 5057
2 4538 5064
2 4538 5129
2 4538 5153
2 4538 5154
2 4538 5361
2 4538 5363
2 4538 5381
2 4538 5407
2 4538 5411
2 4538 5412
2 4538 5429
2 4538 5455
2 4539 4546
2 4540 4547
2 4541 5168
2 4541 5174
2 4541 5178
2 4541 5378
2 4541 5382
2 4541 5385
2 4542 5055
2 4542 5077
2 4542 5141
2 4542 5377
2 4542 5381
2 4542 5397
2 4542 5425
2 4542 5428
2 4542 5429
2 4543 4549
2 4544 5165
2 4544 5168
2 4544 5378
2 4544 5382
2 4544 5385
2 4545 4552
2 4545 4555
2 4545 5057
2 4545 5357
2 4545 5360
2 4545 5445
2 4545 5455
2 4546 4553
2 4546 4561
2 4546 4644
2 4546 4653
2 4547 4580
2 4547 4667
2 4548 4551
2 4548 5165
2 4548 5378
2 4548 5382
2 4548 5385
2 4549 4556
2 4549 4582
2 4549 4608
2 4550 4557
2 4550 4564
2 4551 4554
2 4551 5141
2 4551 5146
2 4551 5151
2 4551 5163
2 4551 5165
2 4551 5369
2 4551 5378
2 4551 5385
2 4552 4555
2 4552 5051
2 4552 5350
2 4552 5357
2 4552 5358
2 4552 5455
2 4553 4561
2 4554 4560
2 4554 5141
2 4554 5146
2 4554 5162
2 4554 5163
2 4554 5165
2 4554 5385
2 4554 5388
2 4554 5394
2 4555 5002
2 4555 5030
2 4555 5033
2 4555 5043
2 4555 5346
2 4555 5350
2 4555 5358
2 4555 5455
2 4556 4576
2 4556 4582
2 4556 4592
2 4556 4608
2 4556 4658
2 4557 4564
2 4557 4571
2 4557 4576
2 4558 4560
2 4558 5162
2 4558 5394
2 4558 5403
2 4559 5033
2 4559 5040
2 4559 5346
2 4560 4562
2 4560 4566
2 4560 5141
2 4560 5159
2 4560 5162
2 4560 5394
2 4560 5403
2 4560 5429
2 4561 4568
2 4561 4579
2 4561 4653
2 4561 4684
2 4562 4566
2 4562 5159
2 4562 5394
2 4562 5403
2 4563 5025
2 4563 5030
2 4563 5033
2 4563 5034
2 4563 5343
2 4563 5473
2 4563 5481
2 4563 5485
2 4564 4571
2 4565 4566
2 4565 5158
2 4565 5159
2 4565 5381
2 4565 5403
2 4565 5407
2 4565 5429
2 4566 4567
2 4566 4573
2 4566 5153
2 4566 5154
2 4566 5158
2 4566 5159
2 4566 5394
2 4566 5403
2 4566 5407
2 4566 5410
2 4566 5412
2 4567 4573
2 4567 5154
2 4567 5155
2 4567 5366
2 4567 5410
2 4567 5411
2 4567 5412
2 4569 4570
2 4569 5021
2 4569 5337
2 4569 5338
2 4569 5481
2 4569 5485
2 4569 5486
2 4570 4572
2 4570 5011
2 4570 5015
2 4570 5096
2 4570 5131
2 4570 5334
2 4570 5337
2 4570 5338
2 4570 5485
2 4570 5486
2 4571 4576
2 4572 4963
2 4572 5004
2 4572 5011
2 4572 5334
2 4572 5337
2 4572 5493
2 4573 5150
2 4573 5153
2 4573 5154
2 4573 5423
2 4573 5424
2 4574 5132
2 4574 5141
2 4574 5146
2 4574 5151
2 4574 5355
2 4574 5377
2 4574 5381
2 4574 5384
2 4574 5387
2 4575 5004
2 4575 5333
2 4575 5334
2 4575 5493
2 4575 5498
2 4576 4608
2 4576 4658
2 4576 4710
2 4577 5142
2 4577 5149
2 4577 5150
2 4577 5349
2 4577 5354
2 4577 5424
2 4578 4586
2 4578 5384
2 4578 5387
2 4579 4585
2 4579 4684
2 4580 4667
2 4580 4681
2 4581 4587
2 4581 4990
2 4581 4996
2 4581 4997
2 4581 5503
2 4581 5505
2 4581 5507
2 4582 4588
2 4582 4592
2 4582 4608
2 4582 4653
2 4582 4658
2 4583 4590
2 4583 4963
2 4583 4988
2 4583 4996
2 4583 5002
2 4583 5030
2 4583 5033
2 4583 5337
2 4583 5481
2 4584 5142
2 4584 5149
2 4584 5354
2 4585 4684
2 4586 5029
2 4586 5129
2 4586 5132
2 4586 5377
2 4586 5381
2 4586 5384
2 4586 5387
2 4586 5420
2 4587 4589
2 4587 4596
2 4587 4598
2 4587 4972
2 4587 4990
2 4587 4996
2 4587 4997
2 4587 5327
2 4587 5498
2 4587 5510
2 4588 4592
2 4589 4990
2 4589 5325
2 4589 5327
2 4589 5507
2 4589 5510
2 4589 5512
2 4590 4597
2 4590 4948
2 4590 4963
2 4590 4988
2 4590 5002
2 4590 5092
2 4590 5101
2 4590 5351
2 4590 5355
2 4591 4594
2 4591 5139
2 4591 5142
2 4591 5433
2 4591 5436
2 4591 5440
2 4592 4608
2 4593 4596
2 4593 4980
2 4593 4990
2 4593 5320
2 4594 4600
2 4594 5096
2 4594 5101
2 4594 5135
2 4594 5138
2 4594 5142
2 4594 5436
2 4594 5440
2 4594 5446
2 4596 4598
2 4596 4972
2 4596 4974
2 4596 4980
2 4596 4990
2 4596 5317
2 4596 5319
2 4596 5523
2 4597 4948
2 4597 4963
2 4597 5351
2 4598 4966
2 4598 4972
2 4598 4990
2 4598 5498
2 4598 5523
2 4598 5525
2 4598 5527
2 4598 5543
2 4599 4605
2 4599 4681
2 4600 4603
2 4600 5135
2 4600 5138
2 4600 5446
2 4600 5450
2 4601 4606
2 4601 4972
2 4601 5523
2 4601 5525
2 4601 5527
2 4602 4608
2 4602 4614
2 4603 5135
2 4603 5342
2 4603 5446
2 4603 5450
2 4604 4611
2 4605 4622
2 4606 4610
2 4606 4615
2 4606 4912
2 4606 4966
2 4606 5097
2 4606 5311
2 4606 5313
2 4606 5478
2 4607 4610
2 4607 4951
2 4607 5543
2 4607 5546
2 4608 4614
2 4608 4637
2 4608 4653
2 4608 4658
2 4609 5126
2 4609 5131
2 4609 5134
2 4609 5330
2 4609 5461
2 4609 5464
2 4610 4912
2 4610 4951
2 4610 5097
2 4610 5311
2 4610 5313
2 4610 5490
2 4610 5545
2 4610 5546
2 4611 4621
2 4612 4613
2 4612 4933
2 4612 4939
2 4612 4943
2 4612 5304
2 4612 5499
2 4612 5545
2 4613 4925
2 4613 4932
2 4613 4933
2 4613 5304
2 4613 5545
2 4613 5559
2 4614 4618
2 4615 4883
2 4615 4912
2 4615 4929
2 4615 4963
2 4615 4966
2 4615 4972
2 4615 4996
2 4615 5002
2 4615 5052
2 4615 5311
2 4615 5496
2 4615 5501
2 4615 5523
2 4616 4619
2 4616 5069
2 4616 5071
2 4616 5103
2 4616 5109
2 4616 5116
2 4616 5121
2 4616 5325
2 4616 5464
2 4616 5467
2 4616 5469
2 4616 5470
2 4616 5475
2 4616 5478
2 4617 4918
2 4617 4921
2 4617 4925
2 4617 4933
2 4617 5300
2 4617 5301
2 4617 5568
2 4619 5109
2 4619 5116
2 4619 5475
2 4619 5476
2 4620 4624
2 4620 5103
2 4620 5475
2 4620 5476
2 4620 5478
2 4620 5483
2 4621 4634
2 4621 4730
2 4622 4627
2 4622 4642
2 4623 4625
2 4623 5069
2 4623 5078
2 4623 5345
2 4623 5435
2 4624 5080
2 4624 5097
2 4624 5103
2 4624 5310
2 4624 5478
2 4624 5483
2 4624 5490
2 4625 5069
2 4625 5339
2 4625 5345
2 4625 5431
2 4625 5435
2 4625 5439
2 4626 4632
2 4626 4887
2 4626 4893
2 4626 4907
2 4626 4914
2 4626 4918
2 4626 4933
2 4626 5017
2 4626 5022
2 4626 5289
2 4626 5290
2 4626 5294
2 4626 5300
2 4626 5488
2 4626 5491
2 4626 5511
2 4626 5572
2 4627 4642
2 4628 4914
2 4628 5289
2 4628 5291
2 4628 5294
2 4629 4632
2 4629 4903
2 4629 4907
2 4629 4918
2 4629 4921
2 4629 5291
2 4629 5294
2 4629 5582
2 4630 4637
2 4630 4653
2 4631 5062
2 4631 5071
2 4631 5339
2 4631 5435
2 4631 5449
2 4631 5469
2 4631 5475
2 4631 5478
2 4632 4903
2 4632 4907
2 4632 5289
2 4632 5592
2 4632 5594
2 4633 5087
2 4633 5308
2 4633 5310
2 4633 5490
2 4634 4641
2 4634 4656
2 4634 4730
2 4634 4743
2 4635 5080
2 4635 5082
2 4635 5087
2 4635 5314
2 4635 5490
2 4635 5499
2 4636 4900
2 4636 4903
2 4636 5592
2 4636 5594
2 4636 5596
2 4636 5600
2 4637 4644
2 4637 4653
2 4638 4659
2 4638 4690
2 4639 5074
2 4639 5075
2 4639 5082
2 4639 5499
2 4639 5502
2 4639 5506
2 4640 4645
2 4640 4889
2 4640 4894
2 4640 4899
2 4640 5280
2 4640 5283
2 4640 5604
2 4641 4647
2 4641 4650
2 4641 4656
2 4642 4663
2 4643 5073
2 4643 5074
2 4643 5075
2 4643 5506
2 4643 5514
2 4644 4653
2 4645 4889
2 4645 4894
2 4645 5280
2 4645 5283
2 4645 5604
2 4646 5066
2 4646 5073
2 4646 5506
2 4646 5511
2 4647 4650
2 4647 4656
2 4648 4649
2 4648 4654
2 4648 4883
2 4648 5488
2 4648 5491
2 4648 5494
2 4648 5533
2 4648 5558
2 4649 4654
2 4649 4870
2 4649 4883
2 4650 4656
2 4651 5060
2 4651 5063
2 4651 5511
2 4651 5518
2 4651 5519
2 4652 4655
2 4652 4682
2 4652 4687
2 4652 5012
2 4652 5017
2 4652 5036
2 4652 5046
2 4652 5316
2 4652 5322
2 4652 5324
2 4652 5328
2 4652 5355
2 4652 5435
2 4652 5468
2 4652 5488
2 4653 4658
2 4653 4666
2 4653 4684
2 4653 4690
2 4653 4709
2 4653 4721
2 4653 4836
2 4654 4870
2 4654 4883
2 4654 4993
2 4654 5494
2 4654 5558
2 4654 5562
2 4655 5012
2 4655 5017
2 4655 5022
2 4655 5041
2 4655 5316
2 4655 5322
2 4655 5328
2 4655 5468
2 4656 4662
2 4656 4743
2 4656 4749
2 4656 4763
2 4656 4769
2 4657 4838
2 4657 4875
2 4657 4878
2 4657 5265
2 4657 5268
2 4657 5270
2 4657 5271
2 4657 5591
2 4657 5615
2 4658 4659
2 4658 4666
2 4658 4673
2 4658 4684
2 4658 4690
2 4658 4710
2 4658 4836
2 4658 4862
2 4659 4667
2 4659 4681
2 4659 4690
2 4659 4701
2 4659 4709
2 4659 4710
2 4659 4725
2 4660 5054
2 4660 5524
2 4661 4875
2 4661 4960
2 4661 4967
2 4661 5258
2 4661 5259
2 4661 5262
2 4661 5267
2 4661 5268
2 4661 5270
2 4661 5295
2 4661 5553
2 4661 5591
2 4661 5615
2 4661 5622
2 4661 5624
2 4661 5626
2 4661 5629
2 4663 4670
2 4664 5037
2 4664 5049
2 4664 5288
2 4664 5524
2 4665 4669
2 4665 4867
2 4665 5262
2 4665 5265
2 4665 5629
2 4666 4673
2 4667 4674
2 4667 4681
2 4668 5017
2 4668 5022
2 4668 5488
2 4668 5489
2 4668 5491
2 4668 5511
2 4669 4867
2 4669 5258
2 4669 5262
2 4669 5265
2 4669 5629
2 4670 4678
2 4671 4695
2 4671 4838
2 4671 4878
2 4671 4967
2 4671 5295
2 4671 5558
2 4671 5566
2 4671 5591
2 4671 5611
2 4671 5615
2 4672 4675
2 4672 5032
2 4672 5534
2 4672 5536
2 4672 5537
2 4673 4690
2 4674 4681
2 4675 5032
2 4675 5278
2 4675 5537
2 4675 5540
2 4676 4685
2 4676 5024
2 4676 5027
2 4676 5037
2 4676 5278
2 4676 5520
2 4676 5536
2 4676 5540
2 4676 5548
2 4677 4683
2 4677 4686
2 4678 4698
2 4679 4848
2 4679 4852
2 4679 4854
2 4679 4935
2 4679 4969
2 4679 4973
2 4679 4978
2 4679 4983
2 4679 5252
2 4679 5648
2 4680 4684
2 4681 4701
2 4681 4725
2 4682 4687
2 4682 4688
2 4682 4977
2 4682 4982
2 4682 4993
2 4682 4998
2 4682 5006
2 4682 5012
2 4682 5297
2 4682 5302
2 4682 5305
2 4682 5328
2 4682 5355
2 4682 5435
2 4682 5488
2 4682 5494
2 4682 5531
2 4682 5558
2 4683 4686
2 4683 4693
2 4683 4721
2 4684 4690
2 4684 4709
2 4684 4721
2 4684 4749
2 4684 4836
2 4685 4967
2 4685 5024
2 4685 5037
2 4685 5278
2 4685 5520
2 4685 5540
2 4685 5548
2 4685 5553
2 4686 4693
2 4686 4697
2 4686 4721
2 4687 4688
2 4687 4977
2 4687 4993
2 4687 5298
2 4687 5302
2 4687 5324
2 4687 5537
2 4687 5540
2 4688 4977
2 4688 4982
2 4688 4993
2 4688 5297
2 4688 5298
2 4688 5302
2 4688 5305
2 4689 4841
2 4689 4846
2 4689 5247
2 4689 5658
2 4690 4709
2 4690 4710
2 4690 4725
2 4690 4786
2 4690 4813
2 4690 4836
2 4690 4862
2 4691 4692
2 4691 5008
2 4691 5013
2 4691 5259
2 4691 5549
2 4691 5551
2 4691 5553
2 4691 5565
2 4692 5001
2 4692 5259
2 4692 5549
2 4692 5565
2 4692 5573
2 4693 4697
2 4693 4713
2 4693 4721
2 4693 4802
2 4694 4703
2 4694 4707
2 4694 4809
2 4694 4821
2 4694 4822
2 4694 4825
2 4694 4830
2 4694 4841
2 4694 5245
2 4694 5660
2 4694 5671
2 4695 4699
2 4695 4704
2 4695 4967
2 4695 5520
2 4696 4703
2 4696 4809
2 4696 4824
2 4696 4904
2 4696 4908
2 4696 4935
2 4696 5255
2 4696 5264
2 4696 5285
2 4696 5569
2 4697 4706
2 4697 4713
2 4697 4721
2 4698 4722
2 4698 4807
2 4699 4700
2 4699 4704
2 4699 4960
2 4699 4967
2 4700 4704
2 4700 4960
2 4700 4977
2 4700 5531
2 4701 4710
2 4701 4725
2 4702 4821
2 4702 4825
2 4702 5239
2 4702 5242
2 4702 5679
2 4702 5684
2 4703 4707
2 4703 4809
2 4703 4824
2 4703 4830
2 4703 4841
2 4703 4854
2 4703 4901
2 4703 4904
2 4703 4908
2 4703 5245
2 4703 5255
2 4703 5660
2 4704 4953
2 4704 4960
2 4704 4967
2 4704 5287
2 4704 5529
2 4704 5531
2 4704 5558
2 4705 4812
2 4705 4815
2 4705 5694
2 4706 4713
2 4707 4723
2 4707 4809
2 4707 4815
2 4707 4818
2 4707 4822
2 4707 4824
2 4707 4825
2 4707 4838
2 4707 4841
2 4707 4854
2 4707 5255
2 4707 5632
2 4707 5645
2 4707 5664
2 4707 5676
2 4707 5687
2 4708 4901
2 4708 5575
2 4708 5632
2 4708 5635
2 4708 5645
2 4708 5684
2 4709 4716
2 4709 4725
2 4710 4725
2 4710 4750
2 4710 4756
2 4710 4776
2 4710 4777
2 4710 4786
2 4710 4813
2 4710 4862
2 4710 5192
2 4710 6119
2 4711 4712
2 4711 4942
2 4711 4944
2 4711 4956
2 4711 5601
2 4711 5603
2 4711 5606
2 4712 4715
2 4712 4942
2 4712 4944
2 4712 5606
2 4713 4721
2 4713 4802
2 4714 4801
2 4714 4803
2 4714 4806
2 4714 5709
2 4714 5714
2 4714 5717
2 4715 4901
2 4715 4942
2 4715 4944
2 4715 4956
2 4715 5237
2 4715 5243
2 4715 5606
2 4715 5608
2 4716 4718
2 4716 4725
2 4717 4969
2 4717 5248
2 4717 5261
2 4717 5264
2 4717 5556
2 4717 5590
2 4718 4725
2 4718 4730
2 4719 4926
2 4719 4936
2 4719 5612
2 4719 5614
2 4720 4724
2 4720 4798
2 4720 5219
2 4720 5225
2 4720 5714
2 4721 4735
2 4721 4745
2 4721 4752
2 4721 4799
2 4721 4802
2 4721 4832
2 4721 4836
2 4721 4843
2 4721 4895
2 4721 4916
2 4721 4946
2 4721 5026
2 4721 5038
2 4722 4746
2 4722 4807
2 4723 4727
2 4723 4788
2 4723 4789
2 4723 4815
2 4723 4818
2 4723 5645
2 4723 5664
2 4723 5676
2 4724 4726
2 4724 4737
2 4724 4794
2 4724 4892
2 4724 5219
2 4724 5714
2 4725 4730
2 4725 4776
2 4725 4786
2 4725 4862
2 4726 4729
2 4726 4792
2 4726 4794
2 4726 4798
2 4726 4803
2 4726 4815
2 4726 5212
2 4726 5219
2 4726 5718
2 4727 4733
2 4727 4748
2 4727 4788
2 4727 4789
2 4727 4872
2 4727 5664
2 4729 4792
2 4729 4794
2 4729 4873
2 4729 5718
2 4730 4743
2 4730 4749
2 4731 4915
2 4731 4919
2 4731 5228
2 4731 5621
2 4731 5627
2 4731 5631
2 4732 4791
2 4732 4792
2 4732 5210
2 4732 5212
2 4733 4748
2 4733 4788
2 4733 4789
2 4733 4801
2 4733 4803
2 4733 4872
2 4733 5226
2 4733 5664
2 4733 5670
2 4733 5709
2 4734 5575
2 4734 5588
2 4735 4740
2 4735 4745
2 4735 4752
2 4735 4843
2 4736 4784
2 4736 4785
2 4736 4792
2 4736 5200
2 4736 5202
2 4736 5205
2 4736 5723
2 4737 4741
2 4737 4781
2 4737 4782
2 4737 4794
2 4737 4798
2 4737 4801
2 4737 4842
2 4737 4849
2 4737 4858
2 4737 4892
2 4737 5212
2 4737 5676
2 4737 5682
2 4738 4743
2 4739 4742
2 4739 5220
2 4739 5641
2 4740 4745
2 4740 4752
2 4741 4780
2 4741 4781
2 4741 5212
2 4741 5676
2 4741 5682
2 4742 4896
2 4742 5215
2 4742 5217
2 4742 5641
2 4743 4749
2 4744 4747
2 4744 4892
2 4744 5646
2 4744 5652
2 4745 4752
2 4746 4767
2 4746 4773
2 4747 4873
2 4747 4880
2 4747 4886
2 4748 4753
2 4748 4780
2 4748 4849
2 4748 4858
2 4748 4872
2 4748 4892
2 4748 5664
2 4748 5670
2 4749 4755
2 4749 4763
2 4750 4756
2 4750 4776
2 4750 4786
2 4751 4754
2 4751 4876
2 4751 5189
2 4751 5197
2 4751 5659
2 4751 5662
2 4752 4760
2 4752 4843
2 4752 4863
2 4752 4888
2 4753 4849
2 4753 4858
2 4753 5229
2 4754 4860
2 4754 5189
2 4754 5190
2 4754 5675
2 4755 4763
2 4755 4776
2 4756 4777
2 4756 4786
2 4757 5184
2 4757 5186
2 4757 5189
2 4757 5190
2 4757 5690
2 4758 4845
2 4758 5184
2 4758 5690
2 4758 5693
2 4759 4761
2 4759 4764
2 4759 4775
2 4759 4814
2 4759 4827
2 4759 4831
2 4759 5195
2 4759 5222
2 4759 5223
2 4760 4766
2 4760 4888
2 4761 4827
2 4761 4860
2 4761 5223
2 4761 5675
2 4761 5723
2 4762 4765
2 4762 4828
2 4762 4833
2 4762 4845
2 4762 5182
2 4762 5690
2 4762 5702
2 4762 5706
2 4763 4769
2 4764 4768
2 4764 4775
2 4764 4814
2 4764 4827
2 4764 5195
2 4764 5653
2 4764 5712
2 4765 4795
2 4765 4828
2 4765 5190
2 4765 5690
2 4765 5706
2 4767 4773
2 4768 4775
2 4768 4808
2 4768 4814
2 4768 5195
2 4768 5198
2 4768 5653
2 4768 5655
2 4768 5656
2 4768 5665
2 4768 5712
2 4769 4776
2 4770 4771
2 4770 4805
2 4770 4808
2 4770 5195
2 4770 5665
2 4770 5667
2 4771 4805
2 4771 4808
2 4771 5195
2 4771 5667
2 4772 4779
2 4773 4797
2 4773 4882
2 4774 4795
2 4774 4800
2 4774 5188
2 4774 5193
2 4774 5680
2 4774 5685
2 4775 4778
2 4775 4780
2 4775 4883
2 4775 5195
2 4775 5222
2 4775 5223
2 4775 5285
2 4775 5664
2 4775 5676
2 4775 5699
2 4775 5712
2 4775 5796
2 4776 4786
2 4777 4786
2 4777 4787
2 4777 4799
2 4777 4813
2 4777 4826
2 4777 4862
2 4778 4780
2 4778 4837
2 4778 5222
2 4778 5699
2 4779 4783
2 4780 4781
2 4780 4837
2 4780 4842
2 4780 4849
2 4780 5664
2 4780 5670
2 4780 5676
2 4780 5682
2 4781 4782
2 4781 5670
2 4781 5676
2 4781 5682
2 4782 5670
2 4782 5676
2 4783 4790
2 4783 4796
2 4783 4804
2 4783 4888
2 4784 5200
2 4784 5202
2 4784 5223
2 4784 5712
2 4784 5723
2 4785 5202
2 4785 5204
2 4785 5205
2 4785 5207
2 4785 5722
2 4786 4793
2 4786 4799
2 4786 4826
2 4786 4836
2 4786 4862
2 4787 4813
2 4787 4826
2 4787 4836
2 4787 4862
2 4788 4789
2 4788 4801
2 4788 4803
2 4788 5664
2 4788 5676
2 4789 4803
2 4789 4815
2 4789 5226
2 4789 5676
2 4789 5694
2 4789 5705
2 4790 4796
2 4790 4804
2 4791 5204
2 4791 5207
2 4791 5209
2 4791 5210
2 4791 5212
2 4792 4794
2 4792 5205
2 4792 5210
2 4792 5212
2 4792 5718
2 4793 4799
2 4794 4798
2 4794 5212
2 4794 5718
2 4795 4800
2 4795 4828
2 4795 5188
2 4795 5680
2 4795 5685
2 4795 5712
2 4796 4804
2 4796 4816
2 4796 4888
2 4796 4910
2 4796 4916
2 4797 4906
2 4797 4917
2 4798 4801
2 4798 4803
2 4798 4815
2 4798 5212
2 4798 5219
2 4798 5225
2 4798 5676
2 4799 4802
2 4799 4826
2 4799 4836
2 4800 5193
2 4800 5680
2 4801 4803
2 4801 5225
2 4801 5676
2 4801 5714
2 4801 5717
2 4802 4826
2 4802 4836
2 4803 4806
2 4803 4815
2 4803 5676
2 4803 5705
2 4803 5708
2 4803 5709
2 4803 5714
2 4804 4810
2 4804 4816
2 4804 4910
2 4805 4808
2 4805 5193
2 4805 5195
2 4806 4812
2 4806 5705
2 4806 5708
2 4806 5709
2 4807 4813
2 4807 4820
2 4808 4828
2 4808 4845
2 4808 5184
2 4808 5193
2 4808 5195
2 4808 5198
2 4808 5653
2 4808 5655
2 4808 5656
2 4808 5665
2 4808 5667
2 4808 5680
2 4808 5696
2 4808 5702
2 4808 5712
2 4809 4824
2 4809 4830
2 4809 4841
2 4809 4904
2 4809 5255
2 4809 5285
2 4809 5635
2 4809 5664
2 4809 5676
2 4810 4816
2 4811 5226
2 4811 5698
2 4811 5701
2 4811 5705
2 4812 4815
2 4812 5694
2 4812 5698
2 4813 4820
2 4813 4851
2 4813 4862
2 4813 4877
2 4813 4898
2 4813 4916
2 4813 4938
2 4813 4945
2 4813 4959
2 4813 5053
2 4813 5192
2 4813 5818
2 4813 6119
2 4814 5188
2 4814 5195
2 4814 5198
2 4814 5653
2 4814 5655
2 4814 5656
2 4814 5665
2 4815 4817
2 4815 4818
2 4815 4821
2 4815 4822
2 4815 4841
2 4815 4854
2 4815 4889
2 4815 5212
2 4815 5231
2 4815 5233
2 4815 5676
2 4815 5691
2 4815 5694
2 4816 4823
2 4816 4829
2 4816 4910
2 4816 4916
2 4816 4945
2 4817 4818
2 4817 4821
2 4817 5231
2 4817 5233
2 4817 5691
2 4818 4821
2 4818 4822
2 4818 5233
2 4818 5236
2 4818 5645
2 4818 5687
2 4818 5688
2 4818 5691
2 4819 4826
2 4821 4822
2 4821 4841
2 4821 5239
2 4821 5242
2 4821 5671
2 4821 5679
2 4821 5687
2 4822 4825
2 4822 4841
2 4822 4854
2 4822 5632
2 4822 5671
2 4822 5676
2 4822 5679
2 4822 5687
2 4823 4829
2 4824 4838
2 4824 4841
2 4824 4854
2 4824 4908
2 4824 4935
2 4824 4940
2 4824 5285
2 4824 5287
2 4824 5531
2 4824 5569
2 4824 5676
2 4825 4830
2 4825 5245
2 4825 5255
2 4825 5632
2 4825 5660
2 4825 5671
2 4825 5679
2 4826 4832
2 4826 4836
2 4826 4862
2 4827 4831
2 4828 5680
2 4828 5702
2 4828 5706
2 4828 5712
2 4829 4834
2 4830 4835
2 4830 4841
2 4830 5245
2 4830 5658
2 4830 5660
2 4830 5671
2 4831 4837
2 4831 4842
2 4831 5222
2 4832 4836
2 4832 4843
2 4833 5182
2 4833 5696
2 4833 5702
2 4833 5706
2 4834 4839
2 4835 5247
2 4835 5658
2 4835 5660
2 4836 4843
2 4836 4850
2 4836 4856
2 4836 4862
2 4836 4916
2 4836 5026
2 4837 4842
2 4837 4849
2 4837 5222
2 4838 4854
2 4838 4870
2 4838 4878
2 4838 4883
2 4838 4889
2 4838 5265
2 4838 5285
2 4838 5287
2 4838 5562
2 4838 5566
2 4838 5591
2 4838 5611
2 4838 5676
2 4839 4847
2 4839 4868
2 4840 4853
2 4841 4846
2 4841 4854
2 4841 4889
2 4841 5265
2 4841 5648
2 4841 5658
2 4841 5671
2 4841 5676
2 4842 4849
2 4842 4876
2 4842 4892
2 4842 5197
2 4842 5620
2 4842 5623
2 4842 5682
2 4843 4850
2 4843 4856
2 4843 4863
2 4844 4851
2 4845 5184
2 4845 5655
2 4845 5690
2 4845 5693
2 4845 5696
2 4845 5702
2 4845 5712
2 4846 4848
2 4846 4969
2 4846 4973
2 4846 5247
2 4847 4859
2 4847 4868
2 4848 4854
2 4848 4969
2 4848 4973
2 4848 5247
2 4848 5648
2 4849 4858
2 4849 5229
2 4849 5620
2 4849 5623
2 4849 5682
2 4850 4856
2 4850 4862
2 4851 4857
2 4851 4877
2 4851 4882
2 4851 4897
2 4851 4898
2 4851 4916
2 4851 4930
2 4851 4945
2 4852 4855
2 4852 5252
2 4852 5253
2 4854 4861
2 4854 4867
2 4854 4870
2 4854 4889
2 4854 4899
2 4854 4996
2 4854 5252
2 4854 5253
2 4854 5258
2 4854 5262
2 4854 5265
2 4854 5591
2 4854 5629
2 4854 5639
2 4854 5640
2 4854 5676
2 4855 4973
2 4855 4978
2 4855 4994
2 4855 5008
2 4855 5252
2 4855 5253
2 4855 5256
2 4855 5581
2 4855 5622
2 4855 5640
2 4856 4862
2 4856 4863
2 4857 4864
2 4857 4882
2 4857 4916
2 4857 4930
2 4858 4892
2 4859 4868
2 4859 4879
2 4860 4865
2 4860 5184
2 4860 5189
2 4860 5190
2 4860 5675
2 4860 5723
2 4861 5252
2 4861 5253
2 4861 5256
2 4861 5258
2 4861 5639
2 4861 5640
2 4862 4863
2 4862 4877
2 4862 4916
2 4862 4938
2 4862 4945
2 4862 5053
2 4864 4882
2 4865 4869
2 4865 4873
2 4865 5190
2 4865 5194
2 4865 5675
2 4866 4870
2 4866 4982
2 4866 5280
2 4866 5295
2 4866 5558
2 4866 5562
2 4866 5566
2 4867 4875
2 4867 5258
2 4867 5262
2 4867 5265
2 4867 5639
2 4868 4874
2 4868 4879
2 4868 4895
2 4868 4970
2 4869 4873
2 4869 5194
2 4869 5672
2 4870 4883
2 4870 4889
2 4870 4899
2 4870 4903
2 4870 4907
2 4870 4996
2 4870 5002
2 4870 5280
2 4870 5295
2 4870 5558
2 4870 5562
2 4870 5566
2 4870 5600
2 4870 5676
2 4871 4877
2 4873 4876
2 4873 4880
2 4873 5190
2 4873 5194
2 4873 5197
2 4873 5207
2 4873 5672
2 4873 5675
2 4874 4879
2 4874 4885
2 4875 5265
2 4875 5267
2 4875 5268
2 4875 5270
2 4875 5622
2 4875 5624
2 4875 5626
2 4876 4880
2 4876 5197
2 4876 5207
2 4876 5659
2 4876 5662
2 4877 4881
2 4877 4888
2 4877 4897
2 4877 4916
2 4878 5265
2 4878 5271
2 4878 5276
2 4878 5591
2 4878 5611
2 4878 5615
2 4879 4885
2 4879 4895
2 4879 4999
2 4880 5197
2 4880 5659
2 4880 5662
2 4881 4888
2 4882 4898
2 4882 4916
2 4882 4930
2 4882 4945
2 4883 4887
2 4883 4893
2 4883 4899
2 4883 4907
2 4883 4912
2 4883 4918
2 4883 4925
2 4883 4972
2 4883 4996
2 4883 5002
2 4883 5017
2 4883 5285
2 4883 5328
2 4883 5488
2 4883 5494
2 4883 5496
2 4883 5501
2 4883 5523
2 4883 5533
2 4883 5558
2 4883 5562
2 4883 5566
2 4883 5676
2 4884 5276
2 4884 5609
2 4884 5611
2 4885 4895
2 4886 4892
2 4886 5197
2 4886 5620
2 4886 5659
2 4887 4893
2 4887 4907
2 4887 4918
2 4887 5533
2 4888 4891
2 4888 4897
2 4888 4910
2 4888 4916
2 4889 4899
2 4889 4996
2 4889 5265
2 4889 5277
2 4889 5280
2 4889 5283
2 4889 5295
2 4889 5566
2 4889 5609
2 4889 5611
2 4890 5277
2 4890 5280
2 4890 5553
2 4890 5609
2 4891 4897
2 4892 4896
2 4892 5215
2 4892 5217
2 4892 5620
2 4892 5641
2 4892 5643
2 4892 5646
2 4892 5652
2 4892 5709
2 4892 5714
2 4893 4918
2 4893 4925
2 4893 5300
2 4893 5501
2 4894 5280
2 4894 5283
2 4894 5604
2 4895 4946
2 4895 4999
2 4895 5009
2 4895 5026
2 4896 5215
2 4896 5646
2 4896 5652
2 4897 4905
2 4897 4910
2 4897 4916
2 4898 4906
2 4898 4911
2 4898 4916
2 4898 4938
2 4898 4945
2 4898 4959
2 4899 4900
2 4899 4903
2 4899 4907
2 4899 4918
2 4899 4925
2 4899 4996
2 4899 5280
2 4899 5283
2 4899 5600
2 4900 5600
2 4901 4904
2 4901 4908
2 4901 4969
2 4901 5237
2 4901 5243
2 4901 5245
2 4901 5255
2 4901 5261
2 4901 5569
2 4901 5575
2 4901 5598
2 4901 5603
2 4901 5632
2 4901 5635
2 4901 5660
2 4901 5684
2 4902 4928
2 4903 4907
2 4903 4918
2 4903 5582
2 4903 5592
2 4903 5594
2 4903 5596
2 4904 4908
2 4904 5255
2 4904 5569
2 4904 5635
2 4905 4910
2 4905 4916
2 4906 4911
2 4907 4914
2 4907 4918
2 4907 5289
2 4907 5294
2 4907 5582
2 4908 4969
2 4908 5261
2 4908 5264
2 4908 5285
2 4908 5531
2 4908 5556
2 4908 5569
2 4908 5660
2 4909 4915
2 4909 5220
2 4909 5631
2 4909 5634
2 4909 5637
2 4910 4916
2 4911 4924
2 4911 4931
2 4911 4938
2 4911 4945
2 4911 4958
2 4911 4959
2 4912 4925
2 4912 4943
2 4912 4951
2 4912 4966
2 4912 4972
2 4912 5304
2 4912 5311
2 4912 5496
2 4912 5501
2 4912 5523
2 4912 5545
2 4912 5546
2 4913 4920
2 4913 4927
2 4914 5289
2 4914 5291
2 4914 5294
2 4914 5582
2 4915 4919
2 4915 5220
2 4915 5226
2 4915 5228
2 4915 5233
2 4915 5614
2 4915 5617
2 4915 5621
2 4915 5627
2 4915 5631
2 4915 5684
2 4915 5709
2 4916 4923
2 4916 4930
2 4916 4937
2 4916 4945
2 4916 5026
2 4916 5053
2 4917 4924
2 4918 4921
2 4918 4925
2 4918 5291
2 4918 5294
2 4918 5300
2 4918 5572
2 4918 5582
2 4919 5621
2 4919 5627
2 4920 4927
2 4920 4934
2 4920 4941
2 4920 5035
2 4921 4925
2 4921 5300
2 4921 5301
2 4921 5563
2 4921 5568
2 4922 5228
2 4922 5614
2 4922 5617
2 4922 5631
2 4923 4930
2 4923 4937
2 4924 4931
2 4924 4938
2 4925 4932
2 4925 4933
2 4925 5300
2 4925 5301
2 4925 5304
2 4925 5559
2 4925 5563
2 4926 5612
2 4926 5614
2 4927 4934
2 4927 4946
2 4928 4947
2 4929 4948
2 4929 4963
2 4929 4996
2 4929 5002
2 4929 5052
2 4929 5062
2 4929 5069
2 4929 5339
2 4929 5496
2 4929 5523
2 4930 4937
2 4930 4945
2 4931 4938
2 4931 4989
2 4932 5304
2 4932 5559
2 4932 5563
2 4933 5022
2 4933 5074
2 4933 5300
2 4933 5499
2 4933 5511
2 4933 5514
2 4933 5559
2 4933 5563
2 4933 5568
2 4933 5572
2 4934 4941
2 4934 4946
2 4934 5035
2 4935 4940
2 4935 4973
2 4935 4983
2 4935 4987
2 4935 5252
2 4935 5285
2 4935 5287
2 4935 5539
2 4935 5577
2 4936 5608
2 4937 4945
2 4938 4945
2 4938 4959
2 4938 4989
2 4938 4995
2 4938 5053
2 4938 5192
2 4939 4943
2 4939 5304
2 4939 5545
2 4940 5285
2 4940 5287
2 4940 5531
2 4940 5539
2 4940 5591
2 4941 4946
2 4941 4955
2 4941 5035
2 4942 5237
2 4942 5603
2 4942 5606
2 4942 5608
2 4943 4951
2 4943 5304
2 4943 5545
2 4943 5546
2 4944 4956
2 4944 5237
2 4944 5243
2 4944 5603
2 4944 5606
2 4945 4958
2 4945 4970
2 4945 4995
2 4945 5026
2 4945 5053
2 4946 4952
2 4946 4955
2 4946 4961
2 4946 4975
2 4946 4991
2 4946 5026
2 4946 5035
2 4946 5038
2 4946 5065
2 4946 5084
2 4946 5172
2 4947 4976
2 4947 5048
2 4948 4963
2 4948 4988
2 4948 5002
2 4948 5069
2 4948 5086
2 4948 5339
2 4948 5355
2 4948 5431
2 4948 5496
2 4949 4954
2 4949 4958
2 4949 4970
2 4950 4959
2 4950 4965
2 4951 4966
2 4951 5304
2 4951 5311
2 4951 5543
2 4951 5546
2 4952 4955
2 4953 4960
2 4953 5529
2 4953 5531
2 4954 4958
2 4954 4970
2 4955 4961
2 4955 4975
2 4955 5065
2 4956 5243
2 4956 5603
2 4957 4966
2 4957 5311
2 4957 5313
2 4957 5543
2 4958 4964
2 4958 4970
2 4959 4965
2 4959 4971
2 4959 4995
2 4959 5000
2 4959 5048
2 4959 5053
2 4959 5192
2 4960 4967
2 4960 5259
2 4960 5529
2 4960 5591
2 4961 4968
2 4961 4975
2 4961 5065
2 4962 5597
2 4962 5598
2 4962 5601
2 4963 4990
2 4963 4996
2 4963 5002
2 4963 5004
2 4963 5334
2 4963 5337
2 4963 5351
2 4963 5493
2 4963 5503
2 4963 5507
2 4963 5523
2 4965 4971
2 4966 4972
2 4966 5311
2 4966 5313
2 4966 5523
2 4966 5527
2 4966 5543
2 4967 5259
2 4967 5295
2 4967 5520
2 4967 5529
2 4967 5553
2 4967 5591
2 4967 5615
2 4968 4975
2 4969 4973
2 4969 5243
2 4969 5245
2 4969 5247
2 4969 5248
2 4969 5261
2 4969 5264
2 4969 5590
2 4969 5597
2 4969 5598
2 4969 5601
2 4969 5603
2 4969 5660
2 4970 4979
2 4971 5000
2 4971 5053
2 4972 4990
2 4972 4996
2 4972 5498
2 4972 5523
2 4972 5525
2 4972 5527
2 4972 5543
2 4973 4978
2 4973 4983
2 4973 5248
2 4973 5581
2 4973 5587
2 4973 5590
2 4974 5317
2 4974 5523
2 4975 4991
2 4975 5065
2 4975 5070
2 4975 5084
2 4976 4981
2 4976 4986
2 4977 5297
2 4977 5298
2 4978 4983
2 4978 5581
2 4978 5584
2 4978 5587
2 4978 5590
2 4979 4984
2 4980 4985
2 4980 4990
2 4980 5317
2 4980 5319
2 4980 5320
2 4980 5512
2 4980 5523
2 4981 4986
2 4982 4993
2 4982 5295
2 4982 5297
2 4982 5298
2 4982 5302
2 4982 5305
2 4982 5494
2 4982 5531
2 4982 5558
2 4983 4987
2 4983 4994
2 4983 5252
2 4983 5577
2 4983 5578
2 4983 5581
2 4983 5584
2 4983 5590
2 4984 4989
2 4984 4995
2 4984 4999
2 4985 5320
2 4985 5325
2 4985 5512
2 4985 5517
2 4986 5085
2 4987 4994
2 4987 5251
2 4987 5252
2 4987 5259
2 4987 5539
2 4987 5565
2 4987 5573
2 4987 5574
2 4987 5577
2 4988 5002
2 4988 5101
2 4988 5115
2 4988 5119
2 4988 5124
2 4988 5355
2 4988 5368
2 4988 5496
2 4988 5558
2 4989 4995
2 4990 4996
2 4990 4997
2 4990 5327
2 4990 5498
2 4990 5503
2 4990 5507
2 4990 5510
2 4990 5512
2 4990 5523
2 4991 4992
2 4991 5003
2 4991 5028
2 4991 5038
2 4991 5084
2 4991 5098
2 4991 5133
2 4993 4998
2 4993 5302
2 4993 5305
2 4993 5491
2 4993 5494
2 4993 5558
2 4994 5001
2 4994 5251
2 4994 5581
2 4995 4999
2 4995 5026
2 4995 5053
2 4996 4997
2 4996 5002
2 4996 5004
2 4996 5030
2 4996 5105
2 4996 5337
2 4996 5455
2 4996 5481
2 4996 5493
2 4996 5498
2 4996 5503
2 4996 5507
2 4996 5523
2 4996 5543
2 4996 5676
2 4997 5503
2 4997 5505
2 4998 5049
2 4998 5054
2 4998 5305
2 4998 5491
2 4998 5494
2 4999 5005
2 4999 5009
2 4999 5026
2 5000 5010
2 5000 5020
2 5000 5048
2 5000 5053
2 5001 5573
2 5002 5014
2 5002 5018
2 5002 5029
2 5002 5030
2 5002 5033
2 5002 5055
2 5002 5105
2 5002 5355
2 5002 5368
2 5002 5420
2 5002 5455
2 5002 5496
2 5002 5558
2 5003 5007
2 5003 5028
2 5003 5038
2 5004 5011
2 5004 5333
2 5004 5337
2 5004 5493
2 5004 5498
2 5005 5009
2 5006 5012
2 5006 5488
2 5006 5491
2 5006 5494
2 5007 5016
2 5008 5013
2 5008 5259
2 5008 5565
2 5008 5622
2 5009 5019
2 5009 5026
2 5010 5020
2 5011 5337
2 5012 5017
2 5012 5328
2 5012 5488
2 5012 5489
2 5012 5491
2 5012 5494
2 5013 5549
2 5013 5551
2 5013 5553
2 5014 5018
2 5014 5129
2 5014 5368
2 5014 5420
2 5015 5337
2 5015 5338
2 5016 5023
2 5017 5022
2 5017 5041
2 5017 5328
2 5017 5488
2 5017 5496
2 5017 5501
2 5017 5511
2 5018 5029
2 5018 5368
2 5018 5420
2 5018 5455
2 5019 5026
2 5019 5035
2 5020 5048
2 5020 5053
2 5021 5337
2 5021 5481
2 5021 5485
2 5021 5486
2 5022 5041
2 5022 5316
2 5022 5322
2 5022 5468
2 5022 5499
2 5022 5511
2 5023 5028
2 5024 5027
2 5024 5540
2 5024 5548
2 5025 5034
2 5025 5480
2 5025 5481
2 5025 5485
2 5026 5035
2 5026 5042
2 5026 5053
2 5026 5065
2 5026 5084
2 5026 5191
2 5027 5278
2 5027 5540
2 5028 5031
2 5028 5038
2 5028 5130
2 5028 5133
2 5029 5055
2 5029 5064
2 5029 5067
2 5029 5368
2 5029 5377
2 5029 5384
2 5029 5397
2 5029 5420
2 5029 5455
2 5030 5033
2 5030 5034
2 5030 5343
2 5030 5455
2 5030 5472
2 5030 5473
2 5030 5481
2 5031 5038
2 5032 5278
2 5032 5534
2 5032 5536
2 5032 5537
2 5032 5540
2 5033 5034
2 5033 5040
2 5033 5343
2 5033 5346
2 5033 5455
2 5033 5472
2 5033 5481
2 5034 5142
2 5034 5343
2 5034 5473
2 5034 5485
2 5035 5042
2 5035 5065
2 5036 5322
2 5036 5468
2 5037 5049
2 5037 5278
2 5037 5532
2 5037 5534
2 5037 5536
2 5037 5553
2 5037 5600
2 5038 5044
2 5038 5050
2 5038 5056
2 5038 5133
2 5038 5263
2 5039 5045
2 5039 5148
2 5039 5157
2 5040 5346
2 5041 5046
2 5041 5322
2 5041 5324
2 5041 5328
2 5041 5331
2 5041 5468
2 5041 5501
2 5042 5047
2 5042 5053
2 5042 5065
2 5043 5346
2 5043 5350
2 5044 5050
2 5044 5056
2 5046 5322
2 5046 5324
2 5046 5328
2 5046 5331
2 5046 5339
2 5046 5435
2 5046 5457
2 5047 5053
2 5048 5053
2 5048 5117
2 5048 5147
2 5048 5192
2 5049 5054
2 5049 5288
2 5049 5290
2 5049 5524
2 5049 5532
2 5049 5534
2 5049 5536
2 5050 5056
2 5051 5057
2 5051 5350
2 5051 5357
2 5051 5358
2 5052 5059
2 5052 5062
2 5052 5328
2 5052 5331
2 5052 5339
2 5052 5457
2 5052 5496
2 5052 5501
2 5053 5058
2 5053 5065
2 5053 5084
2 5053 5117
2 5053 5147
2 5053 5191
2 5053 5192
2 5053 5352
2 5053 5395
2 5053 5402
2 5053 5681
2 5053 5818
2 5053 5977
2 5053 6119
2 5054 5060
2 5054 5289
2 5054 5290
2 5054 5491
2 5054 5511
2 5054 5524
2 5054 5534
2 5055 5067
2 5055 5090
2 5055 5093
2 5055 5105
2 5055 5132
2 5055 5141
2 5055 5151
2 5055 5355
2 5055 5368
2 5055 5372
2 5055 5377
2 5055 5387
2 5055 5397
2 5055 5418
2 5055 5420
2 5055 5426
2 5055 5455
2 5056 5061
2 5056 5068
2 5056 5076
2 5057 5129
2 5057 5153
2 5057 5350
2 5057 5358
2 5057 5360
2 5057 5455
2 5058 5065
2 5059 5457
2 5060 5290
2 5060 5292
2 5060 5511
2 5060 5514
2 5060 5519
2 5061 5068
2 5062 5069
2 5062 5071
2 5062 5339
2 5062 5449
2 5062 5457
2 5062 5478
2 5063 5511
2 5063 5514
2 5063 5515
2 5063 5518
2 5063 5519
2 5064 5067
2 5064 5361
2 5064 5363
2 5064 5429
2 5064 5442
2 5064 5443
2 5064 5445
2 5064 5455
2 5065 5070
2 5065 5084
2 5066 5073
2 5066 5506
2 5066 5511
2 5066 5514
2 5066 5515
2 5067 5105
2 5067 5363
2 5067 5397
2 5067 5426
2 5067 5428
2 5067 5429
2 5067 5445
2 5068 5072
2 5068 5094
2 5068 5172
2 5069 5071
2 5069 5078
2 5069 5086
2 5069 5320
2 5069 5325
2 5069 5339
2 5069 5345
2 5069 5431
2 5069 5439
2 5069 5464
2 5069 5478
2 5069 5507
2 5071 5121
2 5071 5320
2 5071 5325
2 5071 5330
2 5071 5339
2 5071 5464
2 5071 5469
2 5071 5475
2 5071 5478
2 5072 5076
2 5072 5094
2 5073 5506
2 5074 5075
2 5074 5080
2 5074 5082
2 5074 5499
2 5074 5502
2 5074 5506
2 5074 5511
2 5074 5514
2 5075 5502
2 5076 5081
2 5076 5094
2 5076 5199
2 5077 5083
2 5077 5090
2 5077 5397
2 5077 5425
2 5077 5426
2 5077 5428
2 5077 5429
2 5078 5086
2 5078 5126
2 5078 5131
2 5078 5345
2 5078 5431
2 5078 5464
2 5078 5507
2 5080 5082
2 5080 5087
2 5080 5310
2 5080 5499
2 5081 5088
2 5081 5094
2 5081 5102
2 5081 5199
2 5082 5314
2 5082 5324
2 5082 5490
2 5082 5499
2 5082 5506
2 5083 5090
2 5083 5369
2 5083 5425
2 5083 5426
2 5084 5091
2 5084 5098
2 5084 5117
2 5084 5133
2 5084 5147
2 5084 5191
2 5086 5092
2 5086 5096
2 5086 5131
2 5086 5334
2 5086 5355
2 5086 5431
2 5086 5507
2 5087 5097
2 5087 5310
2 5087 5490
2 5087 5499
2 5088 5094
2 5088 5102
2 5088 5199
2 5089 5095
2 5089 5114
2 5090 5093
2 5090 5369
2 5090 5416
2 5090 5418
2 5090 5425
2 5090 5426
2 5091 5098
2 5092 5096
2 5092 5101
2 5092 5351
2 5092 5355
2 5093 5100
2 5093 5105
2 5093 5371
2 5093 5372
2 5093 5415
2 5093 5416
2 5093 5418
2 5093 5426
2 5094 5102
2 5094 5199
2 5094 5213
2 5095 5108
2 5095 5114
2 5096 5101
2 5096 5131
2 5096 5334
2 5096 5355
2 5096 5446
2 5097 5099
2 5097 5310
2 5097 5313
2 5097 5314
2 5097 5475
2 5097 5478
2 5097 5483
2 5097 5490
2 5098 5104
2 5099 5314
2 5100 5371
2 5100 5372
2 5100 5416
2 5101 5115
2 5101 5119
2 5101 5351
2 5101 5355
2 5101 5436
2 5101 5446
2 5102 5107
2 5102 5127
2 5102 5199
2 5102 5213
2 5102 5224
2 5103 5109
2 5103 5476
2 5103 5478
2 5103 5483
2 5104 5117
2 5105 5110
2 5105 5113
2 5105 5179
2 5105 5372
2 5105 5392
2 5105 5404
2 5105 5406
2 5105 5416
2 5105 5426
2 5105 5455
2 5106 5372
2 5106 5374
2 5106 5404
2 5106 5406
2 5107 5120
2 5107 5127
2 5108 5114
2 5109 5116
2 5109 5475
2 5109 5476
2 5109 5478
2 5110 5113
2 5110 5118
2 5110 5122
2 5110 5179
2 5110 5372
2 5110 5375
2 5110 5392
2 5110 5399
2 5110 5406
2 5111 5117
2 5112 5147
2 5112 5148
2 5112 5191
2 5112 5192
2 5113 5171
2 5113 5173
2 5113 5178
2 5113 5374
2 5113 5375
2 5113 5399
2 5113 5404
2 5113 5406
2 5114 5137
2 5114 5218
2 5115 5119
2 5115 5124
2 5115 5132
2 5115 5355
2 5115 5365
2 5115 5368
2 5116 5121
2 5116 5475
2 5117 5123
2 5117 5133
2 5117 5147
2 5118 5375
2 5118 5392
2 5118 5396
2 5119 5124
2 5119 5365
2 5120 5127
2 5121 5469
2 5121 5470
2 5121 5475
2 5122 5179
2 5122 5181
2 5122 5375
2 5122 5391
2 5122 5392
2 5123 5130
2 5124 5129
2 5124 5132
2 5124 5142
2 5124 5365
2 5124 5368
2 5124 5400
2 5125 5330
2 5125 5467
2 5125 5469
2 5126 5131
2 5126 5330
2 5126 5334
2 5126 5461
2 5126 5464
2 5126 5503
2 5126 5507
2 5127 5136
2 5127 5224
2 5127 5240
2 5128 5330
2 5128 5461
2 5128 5464
2 5128 5467
2 5129 5132
2 5129 5149
2 5129 5153
2 5129 5154
2 5129 5368
2 5129 5381
2 5129 5400
2 5129 5412
2 5129 5420
2 5130 5133
2 5131 5134
2 5131 5135
2 5131 5330
2 5131 5334
2 5131 5335
2 5131 5446
2 5131 5452
2 5131 5456
2 5131 5458
2 5131 5460
2 5131 5461
2 5131 5464
2 5131 5507
2 5132 5355
2 5132 5365
2 5132 5368
2 5132 5387
2 5132 5400
2 5132 5420
2 5133 5140
2 5133 5147
2 5134 5335
2 5134 5342
2 5134 5446
2 5134 5450
2 5134 5452
2 5134 5453
2 5134 5456
2 5135 5138
2 5135 5342
2 5135 5446
2 5135 5450
2 5135 5452
2 5136 5143
2 5136 5240
2 5136 5246
2 5136 5263
2 5137 5144
2 5137 5218
2 5137 5241
2 5138 5440
2 5138 5446
2 5139 5145
2 5139 5433
2 5139 5436
2 5140 5147
2 5140 5152
2 5141 5146
2 5141 5151
2 5141 5162
2 5141 5377
2 5141 5429
2 5142 5149
2 5142 5349
2 5142 5354
2 5142 5424
2 5142 5433
2 5142 5436
2 5143 5263
2 5145 5349
2 5145 5433
2 5145 5436
2 5146 5151
2 5146 5377
2 5147 5152
2 5147 5169
2 5147 5191
2 5147 5192
2 5147 5352
2 5148 5157
2 5148 5191
2 5149 5150
2 5149 5153
2 5149 5154
2 5149 5354
2 5149 5424
2 5150 5349
2 5150 5354
2 5150 5424
2 5151 5165
2 5151 5369
2 5151 5377
2 5151 5378
2 5153 5154
2 5153 5412
2 5153 5423
2 5153 5424
2 5154 5155
2 5154 5366
2 5154 5411
2 5154 5412
2 5155 5366
2 5156 5169
2 5157 5164
2 5158 5407
2 5158 5410
2 5158 5411
2 5159 5403
2 5160 5166
2 5160 5263
2 5161 5167
2 5162 5163
2 5162 5394
2 5163 5385
2 5163 5388
2 5164 5176
2 5165 5378
2 5165 5382
2 5165 5385
2 5166 5172
2 5166 5183
2 5166 5263
2 5168 5378
2 5168 5382
2 5168 5385
2 5169 5175
2 5169 5180
2 5169 5191
2 5170 5176
2 5171 5173
2 5171 5174
2 5171 5178
2 5171 5374
2 5171 5375
2 5172 5183
2 5172 5196
2 5172 5232
2 5172 5244
2 5172 5263
2 5172 5286
2 5172 5367
2 5172 5465
2 5173 5375
2 5174 5178
2 5175 5180
2 5176 5192
2 5176 5234
2 5177 5179
2 5178 5374
2 5178 5378
2 5179 5181
2 5179 5392
2 5179 5416
2 5180 5185
2 5180 5191
2 5182 5696
2 5182 5702
2 5183 5187
2 5183 5196
2 5183 5263
2 5183 5279
2 5183 5286
2 5184 5186
2 5184 5189
2 5184 5223
2 5184 5653
2 5184 5655
2 5184 5690
2 5184 5693
2 5184 5696
2 5184 5712
2 5185 5191
2 5185 5199
2 5186 5189
2 5186 5190
2 5186 5690
2 5187 5196
2 5188 5193
2 5188 5685
2 5188 5712
2 5189 5190
2 5189 5655
2 5190 5690
2 5191 5192
2 5191 5199
2 5191 5203
2 5191 5213
2 5191 5234
2 5191 5240
2 5191 5274
2 5191 5329
2 5191 5352
2 5191 5395
2 5192 5214
2 5192 5234
2 5192 5274
2 5192 5352
2 5192 5402
2 5192 5818
2 5193 5195
2 5193 5680
2 5193 5712
2 5194 5197
2 5194 5672
2 5194 5675
2 5195 5665
2 5195 5667
2 5195 5712
2 5196 5201
2 5196 5206
2 5196 5232
2 5196 5244
2 5196 5263
2 5196 5286
2 5197 5620
2 5197 5662
2 5198 5665
2 5199 5203
2 5199 5213
2 5200 5202
2 5200 5723
2 5201 5206
2 5202 5204
2 5202 5207
2 5202 5223
2 5202 5699
2 5202 5712
2 5202 5723
2 5203 5208
2 5203 5213
2 5204 5207
2 5204 5209
2 5204 5212
2 5204 5676
2 5204 5699
2 5204 5720
2 5204 5722
2 5205 5207
2 5205 5209
2 5205 5210
2 5205 5720
2 5205 5722
2 5206 5211
2 5207 5209
2 5207 5720
2 5208 5213
2 5209 5210
2 5209 5212
2 5209 5720
2 5210 5212
2 5210 5720
2 5212 5676
2 5212 5718
2 5212 5720
2 5213 5224
2 5213 5240
2 5214 5218
2 5214 5235
2 5214 5241
2 5214 5274
2 5214 5352
2 5215 5217
2 5215 5646
2 5216 5221
2 5217 5643
2 5217 5646
2 5218 5235
2 5218 5241
2 5218 5274
2 5220 5621
2 5220 5634
2 5220 5637
2 5221 5227
2 5222 5223
2 5223 5699
2 5223 5712
2 5223 5723
2 5224 5230
2 5224 5234
2 5224 5240
2 5225 5714
2 5225 5717
2 5226 5698
2 5226 5701
2 5226 5705
2 5226 5709
2 5227 5232
2 5227 5244
2 5228 5237
2 5228 5614
2 5228 5617
2 5228 5621
2 5228 5631
2 5228 5684
2 5230 5234
2 5231 5233
2 5231 5691
2 5232 5238
2 5232 5244
2 5232 5367
2 5233 5684
2 5233 5688
2 5233 5691
2 5233 5694
2 5233 5698
2 5234 5240
2 5234 5274
2 5235 5241
2 5236 5684
2 5236 5687
2 5236 5688
2 5237 5243
2 5237 5575
2 5237 5603
2 5237 5606
2 5237 5608
2 5237 5614
2 5237 5684
2 5238 5244
2 5239 5242
2 5239 5679
2 5239 5684
2 5239 5687
2 5240 5246
2 5240 5263
2 5240 5266
2 5240 5274
2 5240 5286
2 5240 5329
2 5241 5257
2 5241 5274
2 5241 5296
2 5242 5679
2 5242 5684
2 5243 5261
2 5243 5597
2 5243 5598
2 5243 5601
2 5243 5603
2 5243 5606
2 5244 5249
2 5244 5260
2 5244 5263
2 5244 5359
2 5244 5367
2 5245 5247
2 5245 5255
2 5245 5603
2 5245 5632
2 5245 5660
2 5245 5671
2 5246 5254
2 5246 5263
2 5247 5658
2 5247 5660
2 5248 5261
2 5248 5590
2 5248 5597
2 5249 5260
2 5250 5307
2 5250 5344
2 5251 5574
2 5252 5253
2 5253 5640
2 5254 5263
2 5255 5632
2 5255 5635
2 5255 5660
2 5256 5639
2 5256 5640
2 5257 5274
2 5257 5296
2 5258 5262
2 5258 5591
2 5259 5267
2 5259 5553
2 5259 5565
2 5259 5573
2 5259 5622
2 5260 5359
2 5261 5264
2 5261 5556
2 5261 5569
2 5261 5597
2 5261 5598
2 5262 5265
2 5262 5268
2 5262 5591
2 5262 5629
2 5263 5266
2 5263 5274
2 5263 5279
2 5263 5286
2 5263 5359
2 5263 5367
2 5263 5495
2 5264 5556
2 5265 5268
2 5265 5591
2 5265 5611
2 5265 5626
2 5265 5629
2 5266 5274
2 5266 5286
2 5267 5268
2 5267 5553
2 5267 5622
2 5267 5624
2 5267 5626
2 5268 5270
2 5268 5591
2 5268 5615
2 5268 5622
2 5268 5624
2 5268 5626
2 5268 5629
2 5269 5272
2 5269 5281
2 5270 5271
2 5270 5615
2 5270 5622
2 5271 5276
2 5271 5615
2 5271 5622
2 5272 5281
2 5272 5376
2 5273 5549
2 5273 5551
2 5273 5553
2 5274 5279
2 5274 5282
2 5274 5286
2 5274 5296
2 5274 5329
2 5274 5352
2 5276 5280
2 5276 5611
2 5276 5615
2 5277 5280
2 5277 5609
2 5278 5536
2 5278 5537
2 5278 5540
2 5279 5282
2 5279 5286
2 5280 5283
2 5280 5295
2 5280 5566
2 5280 5600
2 5280 5604
2 5280 5609
2 5280 5611
2 5280 5615
2 5281 5284
2 5281 5359
2 5281 5367
2 5282 5286
2 5283 5600
2 5285 5287
2 5285 5531
2 5285 5558
2 5285 5562
2 5285 5569
2 5285 5591
2 5285 5664
2 5285 5676
2 5286 5296
2 5286 5306
2 5286 5329
2 5286 5359
2 5287 5529
2 5287 5531
2 5287 5591
2 5288 5532
2 5288 5534
2 5289 5290
2 5289 5291
2 5289 5491
2 5289 5582
2 5290 5292
2 5290 5491
2 5290 5511
2 5290 5514
2 5290 5519
2 5291 5294
2 5292 5519
2 5293 5390
2 5293 5414
2 5294 5582
2 5295 5520
2 5295 5566
2 5295 5611
2 5295 5615
2 5296 5306
2 5296 5329
2 5297 5298
2 5297 5531
2 5299 5303
2 5299 5315
2 5300 5568
2 5300 5572
2 5301 5568
2 5301 5572
2 5303 5315
2 5304 5545
2 5304 5546
2 5305 5494
2 5306 5312
2 5308 5310
2 5308 5490
2 5309 5315
2 5310 5490
2 5311 5313
2 5311 5543
2 5311 5546
2 5312 5318
2 5312 5323
2 5314 5475
2 5314 5490
2 5314 5499
2 5315 5321
2 5315 5326
2 5315 5430
2 5317 5319
2 5317 5320
2 5317 5523
2 5318 5323
2 5318 5329
2 5319 5320
2 5320 5325
2 5320 5478
2 5320 5517
2 5321 5326
2 5321 5430
2 5322 5324
2 5322 5328
2 5322 5468
2 5323 5329
2 5324 5435
2 5324 5468
2 5324 5499
2 5325 5464
2 5325 5478
2 5325 5507
2 5325 5512
2 5325 5517
2 5326 5332
2 5326 5430
2 5326 5434
2 5327 5507
2 5328 5331
2 5328 5339
2 5328 5355
2 5328 5435
2 5328 5457
2 5328 5488
2 5328 5494
2 5328 5496
2 5328 5501
2 5328 5531
2 5328 5558
2 5329 5352
2 5329 5359
2 5329 5395
2 5330 5464
2 5330 5467
2 5330 5469
2 5331 5496
2 5331 5501
2 5332 5336
2 5333 5334
2 5333 5493
2 5333 5498
2 5334 5493
2 5334 5503
2 5334 5507
2 5335 5452
2 5335 5456
2 5335 5458
2 5336 5340
2 5336 5347
2 5336 5362
2 5336 5367
2 5336 5405
2 5337 5338
2 5337 5481
2 5337 5486
2 5338 5485
2 5338 5486
2 5339 5355
2 5339 5431
2 5339 5435
2 5339 5439
2 5339 5449
2 5339 5457
2 5339 5496
2 5340 5347
2 5341 5348
2 5341 5454
2 5342 5446
2 5342 5450
2 5342 5452
2 5342 5453
2 5343 5472
2 5343 5473
2 5344 5395
2 5344 5402
2 5345 5431
2 5345 5435
2 5347 5356
2 5348 5454
2 5349 5354
2 5349 5433
2 5349 5436
2 5349 5446
2 5350 5358
2 5352 5353
2 5352 5359
2 5352 5364
2 5352 5383
2 5352 5395
2 5352 5402
2 5352 5681
2 5352 5818
2 5353 5359
2 5355 5365
2 5355 5368
2 5355 5377
2 5355 5387
2 5355 5431
2 5355 5435
2 5355 5496
2 5355 5531
2 5355 5558
2 5356 5362
2 5356 5367
2 5357 5358
2 5357 5360
2 5357 5445
2 5357 5455
2 5358 5360
2 5358 5455
2 5359 5364
2 5359 5367
2 5359 5370
2 5359 5376
2 5359 5495
2 5360 5455
2 5361 5445
2 5362 5367
2 5362 5373
2 5362 5405
2 5363 5429
2 5363 5442
2 5363 5443
2 5364 5383
2 5364 5395
2 5365 5435
2 5366 5411
2 5366 5412
2 5367 5373
2 5367 5386
2 5367 5393
2 5367 5405
2 5367 5465
2 5367 5474
2 5367 5484
2 5367 5495
2 5367 5504
2 5367 5544
2 5367 5628
2 5367 5792
2 5368 5387
2 5368 5420
2 5369 5371
2 5369 5378
2 5369 5418
2 5369 5425
2 5370 5376
2 5371 5372
2 5371 5374
2 5371 5378
2 5371 5418
2 5372 5374
2 5372 5406
2 5372 5416
2 5373 5379
2 5373 5386
2 5373 5405
2 5374 5378
2 5374 5404
2 5374 5406
2 5375 5392
2 5375 5396
2 5375 5399
2 5376 5383
2 5377 5381
2 5377 5384
2 5377 5387
2 5377 5397
2 5377 5420
2 5378 5382
2 5379 5386
2 5380 5422
2 5381 5384
2 5381 5403
2 5381 5407
2 5381 5412
2 5381 5420
2 5381 5429
2 5382 5385
2 5383 5389
2 5383 5395
2 5384 5387
2 5384 5420
2 5385 5388
2 5385 5394
2 5386 5393
2 5386 5484
2 5386 5495
2 5387 5420
2 5388 5394
2 5389 5395
2 5390 5402
2 5391 5392
2 5391 5396
2 5392 5396
2 5393 5398
2 5393 5405
2 5393 5495
2 5393 5500
2 5393 5504
2 5395 5401
2 5395 5402
2 5395 5408
2 5395 5413
2 5395 5419
2 5395 5447
2 5395 5474
2 5395 5495
2 5395 5508
2 5395 5516
2 5395 5544
2 5395 5681
2 5397 5426
2 5397 5428
2 5398 5405
2 5398 5504
2 5401 5408
2 5401 5413
2 5402 5414
2 5402 5447
2 5402 5448
2 5402 5479
2 5402 5508
2 5402 5681
2 5402 5818
2 5403 5429
2 5404 5406
2 5405 5417
2 5405 5421
2 5405 5427
2 5405 5465
2 5405 5495
2 5405 5504
2 5405 5516
2 5407 5410
2 5407 5411
2 5407 5412
2 5407 5429
2 5408 5413
2 5408 5419
2 5408 5447
2 5409 5414
2 5410 5411
2 5410 5412
2 5411 5412
2 5413 5419
2 5414 5448
2 5414 5479
2 5415 5416
2 5415 5418
2 5416 5418
2 5416 5426
2 5417 5421
2 5417 5427
2 5419 5447
2 5421 5427
2 5421 5432
2 5421 5444
2 5422 5438
2 5423 5424
2 5426 5428
2 5426 5429
2 5427 5432
2 5427 5437
2 5427 5444
2 5427 5465
2 5428 5429
2 5430 5434
2 5431 5435
2 5432 5437
2 5432 5444
2 5433 5436
2 5434 5441
2 5435 5439
2 5435 5449
2 5435 5457
2 5436 5440
2 5436 5446
2 5437 5444
2 5438 5466
2 5438 5550
2 5440 5446
2 5442 5443
2 5442 5445
2 5443 5445
2 5444 5451
2 5445 5455
2 5446 5452
2 5446 5453
2 5447 5508
2 5448 5454
2 5448 5463
2 5448 5479
2 5448 5508
2 5449 5457
2 5450 5452
2 5450 5453
2 5451 5459
2 5451 5554
2 5452 5453
2 5452 5456
2 5453 5456
2 5454 5463
2 5456 5458
2 5456 5460
2 5456 5461
2 5458 5460
2 5458 5461
2 5459 5465
2 5459 5471
2 5459 5554
2 5460 5461
2 5461 5464
2 5463 5508
2 5464 5467
2 5464 5469
2 5464 5507
2 5465 5471
2 5465 5482
2 5465 5492
2 5465 5513
2 5465 5544
2 5465 5554
2 5465 5579
2 5465 5628
2 5466 5550
2 5467 5469
2 5467 5470
2 5469 5470
2 5469 5475
2 5471 5477
2 5471 5482
2 5471 5554
2 5471 5579
2 5472 5473
2 5474 5479
2 5474 5484
2 5474 5495
2 5475 5476
2 5475 5478
2 5475 5483
2 5476 5478
2 5477 5482
2 5478 5483
2 5479 5495
2 5479 5508
2 5480 5481
2 5480 5485
2 5481 5485
2 5481 5486
2 5482 5487
2 5482 5492
2 5482 5579
2 5482 5585
2 5484 5495
2 5487 5492
2 5487 5497
2 5488 5489
2 5488 5491
2 5488 5494
2 5488 5496
2 5488 5511
2 5489 5491
2 5489 5511
2 5490 5499
2 5491 5494
2 5491 5511
2 5492 5497
2 5492 5513
2 5492 5579
2 5493 5503
2 5494 5558
2 5495 5500
2 5495 5504
2 5495 5508
2 5495 5516
2 5495 5544
2 5496 5501
2 5496 5558
2 5498 5543
2 5499 5502
2 5499 5506
2 5499 5511
2 5500 5504
2 5502 5506
2 5503 5505
2 5503 5507
2 5504 5508
2 5504 5516
2 5504 5544
2 5505 5507
2 5506 5511
2 5507 5512
2 5508 5509
2 5508 5516
2 5508 5544
2 5508 5681
2 5509 5516
2 5509 5541
2 5509 5544
2 5509 5561
2 5509 5681
2 5510 5512
2 5510 5517
2 5511 5514
2 5511 5519
2 5512 5517
2 5513 5522
2 5513 5528
2 5513 5538
2 5513 5552
2 5513 5557
2 5513 5564
2 5513 5579
2 5513 5610
2 5513 5628
2 5514 5515
2 5514 5519
2 5515 5518
2 5515 5519
2 5516 5521
2 5516 5530
2 5516 5544
2 5516 5681
2 5518 5519
2 5520 5540
2 5520 5553
2 5521 5526
2 5521 5530
2 5521 5541
2 5521 5544
2 5522 5528
2 5522 5538
2 5522 5557
2 5522 5610
2 5522 5616
2 5525 5527
2 5526 5530
2 5528 5538
2 5528 5552
2 5529 5531
2 5529 5591
2 5530 5544
2 5531 5558
2 5531 5569
2 5531 5591
2 5532 5534
2 5532 5536
2 5534 5536
2 5534 5537
2 5535 5541
2 5535 5544
2 5536 5540
2 5536 5600
2 5537 5540
2 5537 5549
2 5538 5552
2 5538 5557
2 5538 5654
2 5540 5548
2 5540 5549
2 5541 5544
2 5542 5561
2 5544 5554
2 5544 5560
2 5544 5579
2 5544 5607
2 5544 5681
2 5545 5546
2 5548 5549
2 5548 5553
2 5549 5551
2 5549 5553
2 5549 5565
2 5550 5555
2 5550 5561
2 5551 5553
2 5552 5557
2 5552 5564
2 5552 5570
2 5552 5628
2 5553 5565
2 5553 5615
2 5553 5622
2 5554 5560
2 5554 5579
2 5555 5561
2 5556 5569
2 5557 5564
2 5557 5628
2 5557 5663
2 5558 5562
2 5558 5566
2 5559 5563
2 5561 5681
2 5562 5566
2 5564 5570
2 5564 5599
2 5564 5628
2 5565 5573
2 5566 5611
2 5568 5572
2 5570 5576
2 5570 5583
2 5570 5589
2 5570 5593
2 5570 5599
2 5570 5628
2 5571 5669
2 5574 5577
2 5574 5578
2 5575 5614
2 5575 5635
2 5576 5583
2 5576 5593
2 5576 5628
2 5576 5663
2 5576 5673
2 5576 5686
2 5577 5578
2 5577 5584
2 5577 5590
2 5578 5581
2 5578 5584
2 5578 5587
2 5578 5590
2 5579 5585
2 5579 5607
2 5579 5610
2 5580 5586
2 5581 5584
2 5583 5589
2 5583 5593
2 5583 5686
2 5584 5587
2 5584 5590
2 5586 5602
2 5587 5590
2 5589 5593
2 5591 5615
2 5591 5629
2 5592 5594
2 5593 5599
2 5593 5605
2 5593 5618
2 5593 5628
2 5593 5686
2 5593 5697
2 5593 5715
2 5594 5596
2 5595 5607
2 5597 5598
2 5598 5601
2 5598 5603
2 5599 5605
2 5599 5613
2 5599 5618
2 5599 5628
2 5601 5603
2 5603 5606
2 5605 5618
2 5605 5628
2 5605 5697
2 5605 5711
2 5605 5715
2 5607 5610
2 5609 5611
2 5610 5616
2 5611 5615
2 5612 5614
2 5613 5618
2 5613 5628
2 5614 5617
2 5614 5621
2 5614 5684
2 5615 5622
2 5616 5625
2 5617 5621
2 5618 5628
2 5618 5711
2 5618 5715
2 5618 5733
2 5619 5692
2 5619 5704
2 5619 5716
2 5620 5623
2 5621 5627
2 5621 5634
2 5622 5624
2 5626 5629
2 5627 5631
2 5627 5634
2 5628 5633
2 5628 5638
2 5628 5644
2 5628 5647
2 5628 5651
2 5628 5657
2 5628 5666
2 5628 5677
2 5628 5715
2 5628 5733
2 5628 5745
2 5628 5755
2 5628 5792
2 5628 5802
2 5628 5808
2 5628 5809
2 5628 5833
2 5628 5878
2 5630 5636
2 5630 5681
2 5631 5634
2 5631 5637
2 5631 5641
2 5632 5635
2 5632 5684
2 5633 5638
2 5633 5644
2 5634 5637
2 5636 5650
2 5636 5681
2 5638 5644
2 5638 5647
2 5638 5651
2 5638 5657
2 5641 5643
2 5641 5709
2 5642 5649
2 5644 5647
2 5644 5651
2 5644 5733
2 5644 5745
2 5645 5664
2 5647 5651
2 5649 5681
2 5650 5681
2 5650 5710
2 5650 5716
2 5651 5661
2 5651 5745
2 5651 5762
2 5651 5773
2 5651 5792
2 5653 5655
2 5653 5656
2 5653 5712
2 5654 5663
2 5655 5656
2 5655 5696
2 5658 5660
2 5659 5662
2 5661 5666
2 5661 5677
2 5661 5762
2 5661 5773
2 5661 5792
2 5663 5668
2 5663 5673
2 5663 5686
2 5664 5670
2 5664 5676
2 5666 5677
2 5668 5673
2 5668 5681
2 5669 5674
2 5669 5692
2 5670 5676
2 5673 5681
2 5673 5686
2 5674 5692
2 5675 5723
2 5676 5712
2 5676 5796
2 5677 5683
2 5677 5689
2 5677 5695
2 5677 5707
2 5677 5792
2 5679 5687
2 5680 5685
2 5680 5712
2 5681 5686
2 5681 5697
2 5681 5710
2 5681 5715
2 5681 5716
2 5681 5818
2 5681 5977
2 5681 6119
2 5683 5689
2 5683 5792
2 5683 5793
2 5684 5687
2 5684 5688
2 5686 5697
2 5686 5715
2 5687 5688
2 5689 5695
2 5689 5792
2 5689 5793
2 5692 5704
2 5693 5696
2 5694 5698
2 5695 5700
2 5696 5702
2 5697 5703
2 5697 5710
2 5697 5711
2 5697 5715
2 5698 5701
2 5698 5705
2 5699 5712
2 5701 5709
2 5702 5712
2 5703 5710
2 5703 5711
2 5703 5715
2 5704 5716
2 5705 5708
2 5705 5709
2 5707 5713
2 5707 5719
2 5707 5724
2 5709 5714
2 5710 5711
2 5710 5715
2 5710 5721
2 5711 5715
2 5712 5723
2 5712 5796
2 5713 5719
2 5713 5724
2 5714 5717
2 5715 5721
2 5715 5727
2 5715 5733
2 5716 5734
2 5716 5770
2 5716 5773
2 5716 5792
2 5716 5818
2 5719 5724
2 5719 5730
2 5720 5722
2 5721 5727
2 5721 5733
2 5724 5730
2 5725 5726
2 5725 5728
2 5725 5761
2 5725 5778
2 5726 5728
2 5727 5733
2 5728 5778
2 5729 5732
2 5729 5740
2 5729 5796
2 5730 5742
2 5731 5812
2 5731 5816
2 5731 5822
2 5732 5739
2 5732 5740
2 5733 5737
2 5733 5745
2 5734 5738
2 5734 5746
2 5736 5742
2 5737 5745
2 5738 5746
2 5739 5740
2 5739 5743
2 5740 5743
2 5740 5744
2 5740 5796
2 5741 5747
2 5741 5822
2 5742 5749
2 5743 5744
2 5744 5748
2 5744 5796
2 5746 5752
2 5747 5750
2 5747 5761
2 5747 5822
2 5747 5841
2 5747 5843
2 5747 5844
2 5748 5796
2 5749 5760
2 5749 5766
2 5751 5754
2 5751 5771
2 5752 5758
2 5754 5796
2 5755 5760
2 5755 5809
2 5756 5761
2 5757 5769
2 5758 5763
2 5758 5770
2 5759 5764
2 5760 5766
2 5760 5776
2 5761 5767
2 5761 5775
2 5761 5778
2 5761 5782
2 5761 5786
2 5761 5807
2 5761 5813
2 5761 5828
2 5761 5831
2 5761 5838
2 5761 5849
2 5761 5871
2 5761 5874
2 5761 5921
2 5761 6119
2 5761 6138
2 5761 6278
2 5762 5769
2 5762 5773
2 5763 5770
2 5764 5771
2 5764 5777
2 5765 5771
2 5765 5779
2 5766 5776
2 5766 5780
2 5766 5808
2 5766 5866
2 5766 5870
2 5766 5881
2 5767 5768
2 5767 5775
2 5768 5775
2 5769 5773
2 5770 5774
2 5770 5792
2 5770 5811
2 5770 5818
2 5770 5852
2 5771 5777
2 5771 5779
2 5771 5782
2 5771 5783
2 5771 5784
2 5771 5787
2 5771 5812
2 5772 5776
2 5772 5780
2 5773 5792
2 5775 5782
2 5775 5786
2 5776 5780
2 5777 5779
2 5777 5783
2 5778 5781
2 5778 5921
2 5779 5783
2 5779 5784
2 5780 5790
2 5780 5797
2 5780 5808
2 5780 5881
2 5780 5886
2 5780 5906
2 5782 5786
2 5782 5789
2 5782 5795
2 5782 5801
2 5782 5807
2 5782 5846
2 5782 5872
2 5783 5784
2 5783 5787
2 5784 5787
2 5784 5791
2 5785 5802
2 5786 5789
2 5786 5795
2 5786 5807
2 5786 5828
2 5786 5831
2 5786 5838
2 5786 5849
2 5786 5874
2 5786 5921
2 5786 6138
2 5787 5791
2 5787 5812
2 5789 5795
2 5790 5797
2 5790 5886
2 5791 5799
2 5792 5793
2 5792 5805
2 5792 5808
2 5792 5818
2 5792 5833
2 5792 5852
2 5792 5866
2 5792 5964
2 5794 5800
2 5794 5811
2 5795 5801
2 5795 5872
2 5795 5879
2 5797 5802
2 5797 5808
2 5797 5886
2 5797 5906
2 5798 5815
2 5798 5900
2 5800 5811
2 5801 5807
2 5802 5808
2 5802 5809
2 5802 5833
2 5802 5878
2 5804 5888
2 5804 5889
2 5805 5852
2 5806 5810
2 5806 5812
2 5806 5816
2 5807 5817
2 5807 5825
2 5807 5828
2 5807 5838
2 5807 5846
2 5807 5849
2 5807 5872
2 5807 5891
2 5807 5898
2 5808 5809
2 5808 5814
2 5808 5820
2 5808 5833
2 5808 5866
2 5808 5881
2 5808 5906
2 5808 5908
2 5808 5926
2 5809 5814
2 5809 5827
2 5809 5833
2 5809 5834
2 5809 5878
2 5810 5812
2 5810 5840
2 5811 5818
2 5811 5824
2 5811 5830
2 5811 5852
2 5811 5866
2 5812 5816
2 5814 5820
2 5814 5827
2 5814 5833
2 5815 5835
2 5816 5822
2 5816 5840
2 5817 5828
2 5818 5824
2 5818 5852
2 5818 5866
2 5818 5882
2 5818 5887
2 5818 5894
2 5818 5931
2 5818 5977
2 5818 5996
2 5818 6119
2 5819 5821
2 5819 5822
2 5820 5827
2 5820 5833
2 5821 5822
2 5822 5826
2 5822 5829
2 5822 5841
2 5823 5852
2 5824 5830
2 5825 5828
2 5825 5838
2 5825 5846
2 5825 5910
2 5825 5918
2 5827 5833
2 5827 5834
2 5828 5832
2 5828 5838
2 5828 5846
2 5828 5874
2 5829 5841
2 5831 5837
2 5831 5874
2 5832 5838
2 5833 5834
2 5833 5839
2 5833 5850
2 5833 5854
2 5833 5866
2 5833 5878
2 5833 5949
2 5833 5964
2 5834 5839
2 5834 5878
2 5835 5855
2 5838 5846
2 5838 5849
2 5838 5874
2 5838 5884
2 5841 5843
2 5841 5844
2 5843 5844
2 5844 5848
2 5844 5851
2 5845 5850
2 5846 5849
2 5846 5935
2 5848 5851
2 5849 5856
2 5849 5858
2 5849 5871
2 5849 5874
2 5849 5885
2 5849 5913
2 5849 5914
2 5849 5921
2 5849 6138
2 5850 5854
2 5850 5878
2 5851 5860
2 5852 5861
2 5852 5866
2 5852 5908
2 5852 5964
2 5852 5977
2 5853 5863
2 5853 5874
2 5854 5859
2 5854 5865
2 5854 5873
2 5854 5878
2 5854 5964
2 5854 5965
2 5856 5858
2 5857 5860
2 5858 5864
2 5858 5871
2 5859 5865
2 5859 5873
2 5859 5965
2 5860 5867
2 5861 5866
2 5861 5870
2 5862 5882
2 5862 5931
2 5863 5868
2 5863 5874
2 5863 5932
2 5864 5869
2 5864 5871
2 5864 5935
2 5864 5942
2 5864 5948
2 5865 5873
2 5865 5878
2 5866 5870
2 5866 5881
2 5866 5908
2 5867 5872
2 5867 5916
2 5868 5874
2 5869 5871
2 5869 5875
2 5869 5877
2 5869 5935
2 5869 5942
2 5869 5948
2 5869 5955
2 5870 5881
2 5871 5875
2 5871 5877
2 5871 5880
2 5871 5885
2 5871 5896
2 5871 5904
2 5871 5905
2 5871 5913
2 5871 5914
2 5871 5921
2 5871 5927
2 5871 5930
2 5871 5948
2 5871 5955
2 5871 6079
2 5871 6138
2 5872 5876
2 5872 5879
2 5872 5891
2 5872 5916
2 5873 5878
2 5873 5883
2 5873 5964
2 5873 5965
2 5874 5884
2 5874 5921
2 5875 5877
2 5876 5879
2 5877 5955
2 5878 5883
2 5878 5890
2 5878 5897
2 5879 5888
2 5879 5916
2 5880 5885
2 5880 5913
2 5880 5914
2 5881 5886
2 5881 5893
2 5881 5899
2 5882 5887
2 5882 5894
2 5882 5931
2 5882 5977
2 5885 5892
2 5885 5901
2 5885 5905
2 5885 5913
2 5885 5914
2 5885 5921
2 5886 5893
2 5886 5906
2 5887 5894
2 5887 5900
2 5887 5931
2 5887 5977
2 5888 5889
2 5889 5891
2 5890 5897
2 5891 5898
2 5892 5896
2 5892 5901
2 5892 5905
2 5892 5914
2 5892 5921
2 5893 5899
2 5893 5906
2 5894 5900
2 5894 5931
2 5894 5977
2 5896 5901
2 5896 5904
2 5896 5981
2 5896 5994
2 5897 5903
2 5899 5906
2 5900 5931
2 5900 5977
2 5901 5904
2 5901 5905
2 5901 5914
2 5902 5932
2 5903 5911
2 5903 6019
2 5904 5905
2 5904 5930
2 5905 5909
2 5905 5914
2 5905 5930
2 5906 5908
2 5907 5910
2 5908 5926
2 5909 5914
2 5909 6012
2 5910 5918
2 5910 5942
2 5911 5915
2 5911 5920
2 5911 6019
2 5912 5934
2 5912 5989
2 5912 6020
2 5913 5921
2 5914 5919
2 5914 5921
2 5914 5922
2 5914 5927
2 5914 5930
2 5914 6056
2 5914 6079
2 5914 6138
2 5915 5920
2 5918 5923
2 5920 5933
2 5920 6019
2 5921 5929
2 5921 6119
2 5921 6138
2 5921 6278
2 5922 5925
2 5922 5927
2 5923 5952
2 5923 5963
2 5924 5928
2 5925 5927
2 5926 5931
2 5927 5930
2 5927 5954
2 5927 5991
2 5927 5993
2 5927 5997
2 5927 6056
2 5927 6079
2 5928 5933
2 5928 5938
2 5930 5937
2 5930 5940
2 5930 5945
2 5930 5954
2 5930 5971
2 5930 5976
2 5930 5993
2 5930 6010
2 5930 6040
2 5930 6050
2 5930 6079
2 5931 5936
2 5931 5941
2 5931 5977
2 5932 5946
2 5932 5952
2 5933 5938
2 5933 5943
2 5933 5949
2 5933 6051
2 5935 5939
2 5935 5942
2 5935 5948
2 5936 5941
2 5936 5964
2 5937 5940
2 5937 5945
2 5938 5943
2 5938 5944
2 5938 5949
2 5939 5942
2 5940 5945
2 5940 6050
2 5941 5947
2 5942 5948
2 5943 5944
2 5943 5949
2 5943 5958
2 5943 5989
2 5943 6051
2 5943 6061
2 5944 5949
2 5944 5953
2 5946 5951
2 5946 5952
2 5948 5955
2 5949 5953
2 5949 5958
2 5949 6051
2 5949 6061
2 5949 6073
2 5950 5954
2 5950 5957
2 5950 5971
2 5950 6050
2 5951 5952
2 5952 5963
2 5953 5958
2 5953 5962
2 5954 5957
2 5954 5961
2 5954 5976
2 5954 5985
2 5954 5988
2 5954 5993
2 5955 5959
2 5957 5961
2 5957 5971
2 5957 5976
2 5958 5962
2 5958 6073
2 5958 6077
2 5958 6082
2 5960 5964
2 5960 5965
2 5961 5971
2 5961 5976
2 5962 5968
2 5962 5973
2 5962 6073
2 5962 6077
2 5962 6082
2 5962 6089
2 5963 5979
2 5963 5987
2 5964 5965
2 5964 5969
2 5964 5977
2 5964 5982
2 5964 5995
2 5964 6082
2 5965 5969
2 5966 5970
2 5966 5995
2 5967 5972
2 5969 5977
2 5969 5982
2 5970 5978
2 5971 5976
2 5971 5993
2 5971 6010
2 5971 6040
2 5971 6050
2 5972 5981
2 5973 5980
2 5973 6089
2 5974 5986
2 5974 6090
2 5976 5985
2 5976 5993
2 5976 6010
2 5977 5982
2 5977 5995
2 5977 5996
2 5977 6072
2 5977 6082
2 5977 6119
2 5977 6138
2 5977 6169
2 5977 6275
2 5977 6293
2 5977 6382
2 5978 5983
2 5981 5990
2 5981 5994
2 5982 5995
2 5983 5989
2 5985 5988
2 5985 5993
2 5985 5998
2 5985 6029
2 5986 6001
2 5986 6008
2 5986 6090
2 5986 6098
2 5988 5993
2 5988 6029
2 5989 5996
2 5990 5994
2 5991 5997
2 5992 6000
2 5993 5998
2 5993 6004
2 5993 6006
2 5993 6010
2 5993 6029
2 5993 6056
2 5993 6079
2 5994 6002
2 5994 6009
2 5995 5996
2 5995 6003
2 5995 6011
2 5995 6016
2 5995 6044
2 5995 6072
2 5996 6017
2 5996 6025
2 5996 6044
2 5996 6045
2 5996 6067
2 5996 6072
2 5996 6082
2 5996 6119
2 5997 6005
2 5997 6085
2 5998 6004
2 5998 6087
2 5998 6100
2 6000 6007
2 6000 6031
2 6000 6036
2 6000 6125
2 6000 6139
2 6001 6008
2 6001 6013
2 6001 6098
2 6001 6126
2 6002 6009
2 6003 6011
2 6004 6006
2 6005 6085
2 6006 6010
2 6007 6125
2 6007 6139
2 6008 6013
2 6008 6023
2 6009 6012
2 6010 6014
2 6010 6040
2 6010 6056
2 6010 6079
2 6011 6016
2 6011 6044
2 6012 6015
2 6012 6024
2 6013 6023
2 6013 6037
2 6013 6126
2 6015 6024
2 6016 6033
2 6016 6044
2 6017 6025
2 6018 6029
2 6018 6121
2 6019 6033
2 6019 6044
2 6020 6025
2 6021 6026
2 6023 6037
2 6023 6048
2 6023 6153
2 6024 6032
2 6025 6045
2 6027 6031
2 6029 6062
2 6030 6034
2 6031 6036
2 6031 6139
2 6031 6146
2 6032 6035
2 6032 6050
2 6032 6053
2 6033 6039
2 6033 6044
2 6034 6038
2 6034 6040
2 6034 6120
2 6034 6131
2 6036 6042
2 6036 6047
2 6036 6082
2 6036 6139
2 6036 6146
2 6036 6196
2 6037 6048
2 6037 6153
2 6037 6163
2 6038 6040
2 6038 6043
2 6039 6044
2 6039 6051
2 6040 6043
2 6040 6049
2 6040 6056
2 6040 6078
2 6040 6079
2 6040 6120
2 6040 6131
2 6040 6133
2 6040 6142
2 6040 6150
2 6040 6164
2 6040 6190
2 6040 6241
2 6042 6047
2 6042 6054
2 6043 6049
2 6043 6056
2 6044 6051
2 6045 6082
2 6045 6083
2 6045 6119
2 6046 6050
2 6046 6053
2 6047 6054
2 6047 6064
2 6047 6196
2 6048 6065
2 6048 6163
2 6049 6052
2 6049 6056
2 6049 6079
2 6050 6053
2 6050 6057
2 6051 6061
2 6052 6056
2 6053 6057
2 6054 6058
2 6054 6064
2 6054 6094
2 6055 6059
2 6055 6100
2 6055 6151
2 6056 6060
2 6056 6079
2 6056 6088
2 6056 6096
2 6056 6111
2 6056 6138
2 6058 6064
2 6059 6062
2 6059 6151
2 6060 6079
2 6060 6111
2 6061 6073
2 6062 6068
2 6062 6076
2 6062 6088
2 6062 6138
2 6062 6278
2 6063 6069
2 6064 6070
2 6064 6094
2 6064 6192
2 6064 6196
2 6065 6181
2 6067 6072
2 6067 6073
2 6068 6076
2 6069 6078
2 6069 6079
2 6071 6076
2 6072 6073
2 6072 6077
2 6072 6082
2 6073 6077
2 6074 6081
2 6075 6086
2 6075 6093
2 6075 6153
2 6076 6088
2 6077 6082
2 6078 6079
2 6078 6084
2 6078 6091
2 6078 6096
2 6078 6150
2 6078 6164
2 6078 6174
2 6078 6184
2 6078 6189
2 6078 6241
2 6079 6084
2 6079 6091
2 6079 6096
2 6079 6138
2 6079 6140
2 6079 6150
2 6079 6190
2 6080 6085
2 6082 6089
2 6082 6097
2 6082 6119
2 6082 6139
2 6082 6152
2 6082 6169
2 6082 6196
2 6082 6275
2 6082 6382
2 6083 6090
2 6083 6106
2 6083 6119
2 6083 6169
2 6084 6091
2 6086 6093
2 6087 6095
2 6087 6100
2 6088 6092
2 6088 6103
2 6089 6105
2 6090 6098
2 6090 6106
2 6091 6096
2 6091 6189
2 6093 6094
2 6093 6101
2 6094 6101
2 6095 6099
2 6095 6100
2 6096 6104
2 6096 6108
2 6096 6127
2 6096 6138
2 6096 6140
2 6096 6147
2 6096 6150
2 6096 6189
2 6097 6105
2 6097 6112
2 6098 6106
2 6098 6126
2 6099 6100
2 6099 6107
2 6100 6107
2 6100 6110
2 6100 6116
2 6100 6151
2 6101 6109
2 6101 6122
2 6101 6135
2 6101 6244
2 6102 6115
2 6103 6111
2 6104 6108
2 6106 6119
2 6106 6126
2 6106 6169
2 6109 6122
2 6110 6116
2 6113 6117
2 6114 6122
2 6115 6123
2 6115 6136
2 6116 6120
2 6117 6124
2 6117 6127
2 6118 6125
2 6119 6126
2 6119 6138
2 6119 6153
2 6119 6169
2 6119 6170
2 6119 6187
2 6119 6206
2 6119 6243
2 6119 6250
2 6119 6275
2 6119 6278
2 6119 6293
2 6119 6382
2 6119 6409
2 6120 6131
2 6120 6133
2 6121 6128
2 6122 6129
2 6122 6135
2 6123 6130
2 6123 6136
2 6124 6127
2 6124 6134
2 6124 6200
2 6124 6208
2 6125 6139
2 6126 6153
2 6127 6132
2 6127 6138
2 6127 6140
2 6127 6171
2 6129 6135
2 6130 6136
2 6130 6149
2 6131 6133
2 6132 6134
2 6133 6142
2 6134 6138
2 6134 6216
2 6135 6148
2 6135 6244
2 6136 6149
2 6138 6140
2 6138 6145
2 6138 6167
2 6138 6171
2 6138 6177
2 6138 6179
2 6138 6190
2 6138 6247
2 6138 6278
2 6138 6298
2 6138 6382
2 6139 6141
2 6139 6146
2 6139 6152
2 6139 6196
2 6140 6145
2 6140 6150
2 6140 6167
2 6140 6177
2 6140 6179
2 6140 6190
2 6141 6146
2 6141 6152
2 6142 6155
2 6143 6220
2 6144 6148
2 6145 6150
2 6146 6152
2 6147 6228
2 6148 6154
2 6148 6237
2 6148 6244
2 6148 6255
2 6150 6156
2 6150 6158
2 6150 6165
2 6150 6190
2 6150 6224
2 6150 6241
2 6150 6246
2 6152 6162
2 6152 6169
2 6152 6175
2 6152 6180
2 6152 6196
2 6153 6163
2 6153 6170
2 6153 6206
2 6155 6164
2 6156 6158
2 6157 6162
2 6158 6161
2 6158 6165
2 6158 6236
2 6158 6246
2 6160 6166
2 6160 6172
2 6160 6281
2 6161 6165
2 6162 6169
2 6163 6170
2 6164 6168
2 6164 6174
2 6164 6184
2 6164 6188
2 6164 6189
2 6164 6241
2 6165 6167
2 6165 6179
2 6165 6246
2 6166 6172
2 6167 6173
2 6167 6177
2 6167 6179
2 6168 6174
2 6169 6175
2 6169 6180
2 6169 6186
2 6169 6196
2 6169 6206
2 6169 6243
2 6169 6275
2 6170 6176
2 6170 6181
2 6170 6187
2 6170 6206
2 6170 6217
2 6170 6243
2 6172 6183
2 6172 6281
2 6173 6177
2 6173 6179
2 6174 6178
2 6174 6184
2 6174 6189
2 6175 6180
2 6175 6196
2 6176 6181
2 6177 6179
2 6178 6184
2 6178 6188
2 6179 6190
2 6179 6247
2 6179 6278
2 6180 6186
2 6180 6192
2 6180 6196
2 6181 6187
2 6183 6198
2 6183 6281
2 6184 6188
2 6184 6189
2 6185 6193
2 6186 6192
2 6186 6196
2 6187 6206
2 6187 6243
2 6187 6250
2 6187 6275
2 6187 6293
2 6188 6189
2 6188 6191
2 6189 6191
2 6190 6194
2 6190 6241
2 6190 6247
2 6190 6271
2 6190 6278
2 6190 6282
2 6190 6327
2 6192 6196
2 6194 6199
2 6195 6197
2 6195 6200
2 6196 6206
2 6196 6237
2 6196 6243
2 6196 6275
2 6196 6382
2 6197 6200
2 6198 6204
2 6198 6210
2 6198 6225
2 6198 6321
2 6199 6282
2 6199 6285
2 6200 6205
2 6200 6208
2 6201 6206
2 6206 6212
2 6206 6217
2 6206 6237
2 6206 6243
2 6208 6211
2 6208 6216
2 6209 6214
2 6210 6215
2 6210 6225
2 6212 6217
2 6213 6226
2 6213 6299
2 6213 6317
2 6214 6218
2 6214 6305
2 6214 6316
2 6214 6327
2 6215 6219
2 6215 6225
2 6215 6343
2 6216 6221
2 6216 6222
2 6216 6224
2 6217 6237
2 6217 6243
2 6218 6227
2 6218 6316
2 6218 6327
2 6219 6225
2 6220 6228
2 6221 6222
2 6222 6224
2 6223 6227
2 6223 6232
2 6224 6231
2 6224 6241
2 6225 6229
2 6226 6317
2 6227 6232
2 6227 6235
2 6227 6247
2 6227 6327
2 6230 6331
2 6231 6234
2 6232 6239
2 6232 6247
2 6232 6278
2 6232 6295
2 6233 6237
2 6234 6236
2 6234 6241
2 6235 6327
2 6235 6332
2 6236 6241
2 6236 6246
2 6237 6243
2 6237 6244
2 6237 6255
2 6237 6275
2 6237 6306
2 6237 6382
2 6238 6242
2 6239 6247
2 6241 6245
2 6241 6246
2 6241 6261
2 6241 6269
2 6241 6282
2 6241 6285
2 6241 6292
2 6241 6327
2 6241 6378
2 6242 6340
2 6243 6255
2 6243 6275
2 6244 6249
2 6244 6255
2 6245 6246
2 6246 6248
2 6247 6251
2 6247 6256
2 6247 6271
2 6247 6278
2 6247 6280
2 6247 6295
2 6247 6298
2 6247 6308
2 6247 6356
2 6247 6382
2 6247 6429
2 6248 6253
2 6249 6255
2 6250 6260
2 6250 6275
2 6250 6276
2 6250 6278
2 6250 6293
2 6250 6307
2 6250 6318
2 6250 6368
2 6250 6382
2 6250 6409
2 6251 6256
2 6251 6280
2 6251 6308
2 6252 6257
2 6253 6261
2 6254 6262
2 6254 6340
2 6254 6347
2 6254 6366
2 6255 6259
2 6255 6275
2 6255 6306
2 6256 6265
2 6256 6267
2 6256 6271
2 6256 6357
2 6257 6263
2 6258 6268
2 6259 6275
2 6260 6276
2 6261 6269
2 6262 6266
2 6262 6366
2 6263 6273
2 6263 6303
2 6263 6321
2 6264 6322
2 6264 6362
2 6265 6267
2 6266 6366
2 6267 6271
2 6267 6357
2 6267 6378
2 6269 6272
2 6269 6282
2 6269 6292
2 6270 6275
2 6271 6280
2 6271 6284
2 6271 6298
2 6271 6327
2 6271 6356
2 6271 6357
2 6271 6378
2 6271 6429
2 6272 6277
2 6272 6282
2 6273 6279
2 6273 6290
2 6273 6303
2 6274 6278
2 6275 6293
2 6275 6306
2 6275 6382
2 6276 6287
2 6276 6294
2 6276 6307
2 6276 6318
2 6276 6367
2 6276 6368
2 6276 6382
2 6277 6282
2 6278 6283
2 6278 6288
2 6278 6295
2 6278 6298
2 6278 6308
2 6278 6311
2 6278 6354
2 6278 6368
2 6278 6382
2 6278 6409
2 6279 6290
2 6280 6284
2 6280 6289
2 6280 6296
2 6280 6298
2 6280 6308
2 6280 6311
2 6280 6337
2 6281 6286
2 6282 6285
2 6282 6292
2 6282 6327
2 6283 6288
2 6284 6289
2 6285 6292
2 6285 6305
2 6285 6327
2 6286 6293
2 6287 6294
2 6288 6295
2 6289 6296
2 6290 6297
2 6290 6303
2 6291 6299
2 6293 6300
2 6293 6306
2 6293 6318
2 6293 6382
2 6294 6301
2 6294 6307
2 6294 6382
2 6295 6308
2 6295 6311
2 6296 6298
2 6297 6303
2 6298 6304
2 6298 6308
2 6298 6309
2 6298 6314
2 6298 6337
2 6298 6350
2 6298 6354
2 6298 6356
2 6298 6363
2 6298 6368
2 6298 6379
2 6298 6382
2 6298 6397
2 6298 6409
2 6299 6317
2 6300 6306
2 6301 6307
2 6301 6313
2 6301 6319
2 6302 6347
2 6303 6310
2 6303 6321
2 6304 6309
2 6305 6316
2 6305 6327
2 6306 6312
2 6306 6318
2 6306 6355
2 6306 6382
2 6307 6313
2 6307 6325
2 6307 6368
2 6307 6382
2 6308 6311
2 6308 6337
2 6308 6354
2 6309 6314
2 6309 6354
2 6309 6363
2 6309 6375
2 6310 6315
2 6310 6436
2 6311 6320
2 6311 6337
2 6311 6354
2 6312 6318
2 6313 6319
2 6313 6325
2 6315 6321
2 6315 6328
2 6315 6436
2 6316 6326
2 6316 6327
2 6316 6332
2 6318 6324
2 6318 6330
2 6318 6355
2 6318 6382
2 6319 6325
2 6319 6331
2 6320 6337
2 6321 6328
2 6321 6341
2 6321 6345
2 6321 6370
2 6321 6390
2 6321 6411
2 6321 6417
2 6321 6429
2 6321 6437
2 6322 6335
2 6322 6346
2 6323 6329
2 6323 6416
2 6324 6330
2 6324 6355
2 6325 6331
2 6325 6368
2 6325 6382
2 6325 6413
2 6326 6327
2 6327 6332
2 6327 6353
2 6327 6357
2 6327 6378
2 6328 6334
2 6328 6341
2 6328 6429
2 6329 6333
2 6329 6339
2 6329 6356
2 6329 6416
2 6329 6426
2 6329 6435
2 6330 6338
2 6330 6343
2 6330 6355
2 6332 6336
2 6333 6339
2 6333 6351
2 6333 6356
2 6334 6341
2 6335 6346
2 6335 6428
2 6335 6432
2 6336 6342
2 6337 6344
2 6337 6350
2 6337 6354
2 6337 6425
2 6338 6343
2 6339 6351
2 6339 6356
2 6340 6347
2 6341 6345
2 6341 6423
2 6341 6429
2 6342 6348
2 6343 6349
2 6343 6355
2 6344 6350
2 6344 6354
2 6344 6425
2 6345 6352
2 6345 6358
2 6345 6365
2 6345 6370
2 6345 6411
2 6345 6429
2 6346 6428
2 6347 6366
2 6348 6353
2 6349 6355
2 6350 6354
2 6350 6359
2 6350 6425
2 6351 6356
2 6352 6358
2 6353 6357
2 6353 6378
2 6354 6359
2 6354 6363
2 6354 6368
2 6354 6409
2 6355 6361
2 6355 6367
2 6355 6382
2 6356 6360
2 6356 6364
2 6356 6372
2 6356 6376
2 6356 6379
2 6356 6382
2 6356 6409
2 6356 6426
2 6356 6427
2 6356 6429
2 6356 6435
2 6356 6438
2 6357 6369
2 6357 6373
2 6357 6378
2 6358 6365
2 6359 6363
2 6361 6367
2 6362 6368
2 6362 6388
2 6363 6375
2 6363 6409
2 6364 6372
2 6364 6376
2 6365 6370
2 6365 6374
2 6365 6411
2 6366 6385
2 6367 6371
2 6367 6382
2 6368 6382
2 6368 6388
2 6368 6394
2 6368 6397
2 6368 6409
2 6368 6413
2 6368 6424
2 6368 6437
2 6369 6373
2 6369 6378
2 6370 6374
2 6370 6380
2 6370 6390
2 6370 6411
2 6371 6382
2 6372 6376
2 6372 6379
2 6373 6378
2 6374 6380
2 6374 6390
2 6374 6398
2 6374 6411
2 6376 6379
2 6377 6382
2 6378 6381
2 6378 6391
2 6379 6382
2 6379 6383
2 6379 6389
2 6379 6397
2 6379 6406
2 6379 6409
2 6379 6429
2 6380 6384
2 6380 6390
2 6380 6398
2 6381 6386
2 6381 6391
2 6382 6387
2 6382 6397
2 6382 6402
2 6382 6408
2 6382 6413
2 6382 6417
2 6382 6429
2 6382 6437
2 6383 6389
2 6384 6390
2 6384 6398
2 6385 6401
2 6386 6400
2 6388 6394
2 6389 6395
2 6389 6397
2 6390 6398
2 6390 6399
2 6390 6411
2 6391 6396
2 6392 6404
2 6393 6402
2 6394 6397
2 6394 6409
2 6394 6412
2 6394 6413
2 6394 6419
2 6394 6429
2 6394 6437
2 6395 6397
2 6397 6406
2 6397 6409
2 6397 6412
2 6397 6413
2 6397 6419
2 6397 6429
2 6397 6437
2 6398 6405
2 6399 6405
2 6399 6411
2 6400 6403
2 6402 6408
2 6403 6407
2 6403 6410
2 6404 6409
2 6405 6411
2 6406 6412
2 6406 6429
2 6408 6413
2 6408 6417
2 6410 6414
2 6410 6416
2 6411 6415
2 6411 6426
2 6411 6435
2 6412 6419
2 6412 6423
2 6412 6429
2 6413 6417
2 6413 6424
2 6413 6429
2 6413 6437
2 6414 6416
2 6414 6420
2 6414 6426
2 6415 6421
2 6415 6427
2 6415 6435
2 6415 6438
2 6416 6420
2 6416 6426
2 6417 6418
2 6417 6424
2 6417 6429
2 6417 6430
2 6417 6437
2 6418 6424
2 6419 6423
2 6419 6429
2 6420 6426
2 6421 6427
2 6422 6425
2 6423 6429
2 6424 6430
2 6424 6437
2 6426 6431
2 6426 6435
2 6427 6433
2 6427 6438
2 6428 6432
2 6429 6434
2 6429 6437
2 6430 6437
2 6431 6435
2 6431 6438
2 6433 6435
2 6433 6438
2 6435 6438
2 6436 6437
