ply
format ascii 1.0
comment Saved by Easy3D (liangliang.nan@gmail.com)
element vertex 6439
property float x
property float y
property float z
element edge 31892
property list uchar int vertex_indices
end_header
315.133 10.7677 -1.07
315.358 10.6442 -1.13
313.966 10.7718 -1.12
314.188 10.6371 -1.22
312.55 10.8128 -1.37
0.306949 0.0275891 0.100002
312.815 10.7148 -1.31
0.724511 0.0128275 -0.0699997
311.52 10.7223 -1.45
311.783 10.6206 -1.43
310.332 10.6512 -1.67
308.982 10.6942 -1.71
306.311 10.772 -2.02
-0.292374 0.55511 7.14
2.47301 0.118526 -0.16
2.76362 -0.00283663 -0.209999
306.579 10.6853 -1.93
306.843 10.5836 -1.9
3.5283 0.0642641 -0.309998
305.383 10.6978 -2.13
305.654 10.6225 -2.01
304.095 10.7317 -2.28
304.33 10.6459 -2.23
1.79648 0.485066 6.84
4.55349 0.0183747 -0.439999
302.983 10.7002 -2.36
3.50026 9.06087 -0.34
303.287 10.6278 -2.2
4.96816 0.109835 -0.470001
301.89 10.619 -2.46
3.87435 9.12307 -0.399998
300.447 10.6796 -2.63
300.713 10.5855 -2.56
299.081 10.6662 -2.86
299.393 10.6202 -2.63
3.23634 0.530637 6.62
6.00381 0.10158 -0.73
307.197 10.3393 5.59
298.128 10.6193 -2.81
298.401 10.5514 -2.65
6.72793 0.139419 -0.73
296.905 10.6552 -2.94
295.588 10.7012 -3.18
4.36545 0.508554 6.53
7.08398 0.0201279 -0.689999
295.859 10.6258 -3.05
303.778 10.2927 5.34
4.72803 0.529355 6.47
7.48504 0.0626638 -0.779999
294.796 10.6537 -3.04
6.29358 9.07467 -0.559998
293.802 10.5775 -3.21
301.472 10.2812 5.06
292.82 10.5464 -3.26
5.37309 0.516198 6.59
8.19346 0.0440516 -0.860001
291.544 10.6217 -3.37
7.08314 9.11458 -0.779999
291.771 10.5058 -3.37
8.58405 0.0489532 -0.849998
289.317 10.6612 -3.65
289.579 10.5558 -3.61
288.426 10.6088 -3.7
7.8748 9.16202 -0.809998
5.25092 8.70781 6.55
288.689 10.5033 -3.64
287.202 10.6372 -3.82
6.66112 0.482358 6.33
9.45556 0.0336379 -1.1
287.459 10.5129 -3.82
286.185 10.5957 -3.86
284.747 10.6751 -4.01
8.59972 9.08611 -0.919998
285.038 10.5538 -3.96
10.1113 0.175628 -1.13
304.855 1.803 -2.35
305.146 1.68164 -2.32
283.988 10.5131 -4.01
291.489 10.1909 4.41
303.762 1.72178 -2.43
10.7428 0.113546 -1.23
304.023 1.60879 -2.42
9.5118 9.10006 -0.989998
282.762 10.534 -4.24
302.525 1.705 -2.6
9.91994 9.05142 -1.08
302.796 1.62965 -2.47
281.676 10.5966 -4.3
281.942 10.5024 -4.22
301.369 1.74675 -2.67
10.7605 9.15823 -1.11
9.51675 0.486941 6.12
12.3528 0.0712461 -1.36
301.634 1.65258 -2.59
280.632 10.5747 -4.42
9.9864 0.542839 5.96
12.7871 0.116699 -1.45
280.903 10.4994 -4.27
300.251 1.69272 -2.79
10.4019 0.520551 5.95
13.1673 0.0839668 -1.37
300.519 1.60607 -2.7
10.7404 0.454793 6.08
13.5796 0.0503881 -1.52
279.604 10.6093 -4.42
279.856 10.4662 -4.44
13.9191 -0.011606 -1.56
287.177 10.1981 4.03
12.6334 9.12798 -1.38
298.994 1.72195 -2.95
14.2225 0.0297046 -1.63
299.254 1.6052 -2.92
12.9358 9.16553 -1.43
10.2412 8.69043 6.07
299.487 1.51187 -2.88
278.424 10.5645 -4.71
11.6868 0.47542 5.87
14.4896 0.0568074 -1.51
278.73 10.4996 -4.5
298.025 1.61853 -2.98
277.512 10.5506 -4.58
12.0006 0.554365 5.82
14.7951 0.105645 -1.57
296.735 1.64484 -3.1
302.615 2.14617 4.92
13.5643 9.20967 -1.4
302.853 2.0679 4.99
276.355 10.5923 -4.72
15.1692 0.167844 -1.69
276.613 10.468 -4.68
11.2282 8.74032 6.05
295.329 1.72346 -3.25
301.495 2.08461 4.76
15.5637 0.0702868 -1.75
14.278 9.20987 -1.58
11.5803 8.72348 5.99
275.623 10.5244 -4.66
282.979 10.1492 3.76
294.491 1.62418 -3.34
300.486 2.0732 4.76
14.6414 9.11693 -1.56
274.82 10.4355 -4.74
16.2132 0.189696 -1.79
293.335 1.66593 -3.39
273.809 10.4166 -4.93
13.7664 0.489017 5.69
16.6046 0.0808489 -1.87
292.318 1.62441 -3.51
15.4121 9.08909 -1.58
292.548 1.5198 -3.5
272.672 10.5261 -4.94
272.919 10.3642 -5.02
17.4544 0.104014 -1.93
280.083 10.1153 3.6
291.126 1.65572 -3.64
16.2349 9.13192 -1.71
13.5403 8.65682 5.82
17.8397 0.0900984 -1.91
291.392 1.56154 -3.56
16.5684 9.16486 -1.74
271.778 10.4624 -5.01
15.3453 0.451326 5.58
18.2479 0.041466 -2.1
289.901 1.6841 -3.77
290.16 1.56358 -3.78
16.9899 9.04764 -1.77
15.761 0.54655 5.48
18.5856 0.0894573 -2.05
295.868 2.14526 4.42
17.3889 9.08265 -1.9
18.9597 0.151656 -2.1
296.087 1.99924 4.33
17.7132 9.19923 -1.88
15.0155 8.71284 5.66
270.682 10.4874 -5.12
19.3264 0.187511 -2.07
270.901 10.3414 -5.17
15.4093 8.72903 5.6
278.003 10.1017 3.43
19.7191 0.19994 -2.15
288.82 1.64428 -3.92
289.052 1.54719 -3.86
18.4298 9.09321 -1.96
269.712 10.4977 -5.18
276.77 10.2175 3.33
287.776 1.62243 -4
18.6803 9.17761 -1.97
293.767 2.05263 4.23
18.9858 9.22645 -2.08
268.816 10.4227 -5.36
275.887 10.1914 3.32
20.5925 0.0746392 -2.2
286.82 1.56793 -4.1
292.54 2.07349 4.02
292.775 1.98769 4.1
18.0371 0.566362 5.37
20.9001 0.131003 -2.25
267.887 10.4661 -5.29
285.872 1.53977 -4.11
19.6243 9.0732 -2.01
18.3975 0.579636 5.25
21.2689 0.174385 -2.36
291.586 2.02652 4.02
20.0338 9.14584 -2.13
266.969 10.4295 -5.4
21.6491 0.141653 -2.37
284.828 1.51792 -4.22
20.4244 9.15074 -2.17
283.529 1.63164 -4.3
19.2088 0.581067 5.11
22.0449 0.165371 -2.37
283.792 1.52618 -4.25
22.5329 0.0539862 -2.51
289.331 2.08197 3.88
264.943 10.4941 -5.56
282.485 1.60979 -4.43
282.753 1.52314 -4.3
21.9244 9.17957 -2.34
288.551 1.95842 3.87
23.5521 0.103029 -2.55
281.351 1.61305 -4.48
22.2765 9.16274 -2.37
19.5768 8.66882 5.18
281.617 1.51888 -4.4
287.37 1.91361 3.65
22.632 9.27471 -2.42
19.8959 8.76658 5.23
262.894 10.4721 -5.76
21.4286 0.515165 4.97
24.3031 0.121205 -2.65
263.159 10.378 -5.64
270.001 10.1376 2.95
23.0536 9.15749 -2.41
280.362 1.55564 -4.58
24.6825 0.202221 -2.64
286.076 2.04238 3.69
23.4991 9.12683 -2.5
261.896 10.5021 -5.75
22.3032 0.51114 4.85
262.157 10.3891 -5.68
279.343 1.5066 -4.68
22.7292 0.526486 4.78
25.5404 0.137981 -2.74
261.063 10.4217 -5.82
24.357 9.06258 -2.64
23.098 0.569868 4.82
25.9673 0.15709 -2.79
267.952 10.1156 2.77
24.6709 9.14153 -2.55
278.151 1.5379 -4.84
26.3166 0.246479 -2.84
283.951 1.98071 3.5
26.6912 0.0774172 -2.84
259.915 10.4935 -5.93
25.3325 9.07108 -2.66
24.112 0.600093 4.73
260.175 10.3768 -5.86
25.6029 9.22698 -2.63
277.146 1.53778 -4.82
259.172 10.3879 -6.01
275.896 1.59336 -5.05
25.9746 9.16414 -2.72
23.2385 8.65602 4.93
276.185 1.46447 -5.01
24.7727 0.643388 4.58
27.5818 0.247356 -2.9
281.779 1.9847 3.31
274.8 1.61836 -5.1
280.675 1.97959 3.21
257.259 10.3889 -6.17
23.9929 8.803 4.93
257.525 10.2948 -6.01
274.118 1.49603 -5.05
27.1577 9.10273 -2.81
28.8418 0.229415 -3.12
279.663 1.95689 3.14
256.297 10.4294 -6.14
27.5245 9.13859 -2.88
273.11 1.48838 -5.09
278.675 1.90324 3.02
255.459 10.3301 -6.27
27.8601 9.17905 -2.88
272.011 1.5021 -5.21
272.277 1.40792 -5.09
28.1852 9.18188 -2.91
277.581 1.93577 3
254.414 10.422 -6.32
28.5645 9.2629 -2.94
254.678 10.3203 -6.2
270.915 1.5271 -5.37
276.43 1.99633 2.89
29.0185 9.26234 -3.03
26.247 8.74378 4.7
276.655 1.8729 2.87
253.805 10.3318 -6.23
29.4369 9.13383 -3.03
270.002 1.50939 -5.45
31.127 0.165585 -3.31
29.7704 9.16677 -3.08
252.906 10.3668 -6.35
28.5496 0.578276 4.41
31.4626 0.20605 -3.37
268.983 1.57786 -5.49
269.251 1.49121 -5.34
31.7959 0.121475 -3.36
274.577 1.98058 2.77
30.4175 9.16114 -3.11
252.177 10.3102 -6.39
268.18 1.48902 -5.64
30.7555 9.32664 -3.24
27.9497 8.8014 4.57
268.453 1.42119 -5.44
32.4381 0.214541 -3.39
274.016 1.82852 2.78
31.0628 9.2655 -3.21
251.152 10.356 -6.49
257.901 10.0157 2.18
31.3516 9.25412 -3.2
272.771 1.90292 2.65
250.384 10.2777 -6.47
31.7409 9.13774 -3.27
266.024 1.54947 -5.79
33.4332 0.177024 -3.52
266.283 1.43271 -5.72
32.1616 9.13427 -3.31
271.67 1.9091 2.52
249.32 10.3018 -6.62
265.19 1.469 -5.77
265.439 1.31462 -5.79
270.555 1.98011 2.55
248.216 10.4142 -6.63
248.438 10.2795 -6.62
264.094 1.49401 -5.85
32.1843 0.585136 4
35.0589 0.191175 -3.63
30.9226 8.7612 4.33
269.415 1.96456 2.37
32.4846 0.615156 4.03
34.0358 9.2253 -3.51
269.681 1.87038 2.46
34.3701 9.14449 -3.49
247.504 10.3003 -6.74
33.1899 0.585254 3.84
36.0945 0.18292 -3.84
253.965 10.0926 2
36.4964 0.111707 -3.88
35.1348 9.21159 -3.55
263.124 1.50433 -5.92
36.8789 0.204014 -3.9
268.702 1.8506 2.35
34.3596 0.592432 3.87
35.9432 9.31924 -3.73
33.0677 8.77687 4.25
246.478 10.3462 -6.88
37.6776 0.160283 -3.97
37.9614 0.247601 -3.94
246.749 10.2708 -6.66
36.5807 9.16223 -3.72
35.3591 0.687481 3.75
38.2637 0.285148 -3.94
37.233 9.17541 -3.82
36.0217 0.62079 3.7
37.5645 9.20082 -3.8
36.4288 0.568395 3.62
262.234 1.45191 -6.03
245.697 10.3363 -6.85
38.5857 9.25739 -3.86
37.4178 0.62581 3.65
38.9514 9.28949 -3.89
39.3918 9.24001 -3.96
39.857 9.16334 -4.04
40.5044 9.27522 -4.05
40.8845 9.24249 -4.17
40.517 8.8541 3.69
4.22444 8.63242 6.6
5.42424 8.63123 6.46
3.41283 8.97977 -0.389999
0.146678 0.384356 6.92
3.86468 8.97169 -0.380001
4.40187 9.03718 -0.399998
7.26595 8.60559 6.33
1.14096 0.460588 6.92
4.72573 8.91874 -0.470001
7.77617 8.69075 6.31
1.44412 0.384387 6.88
5.18097 9.03946 -0.540001
1.7609 0.357109 6.8
5.43624 8.90765 -0.529999
5.8344 9.05641 -0.66
2.46642 0.444719 6.74
6.2386 9.11024 -0.610001
9.06629 8.66443 6.11
6.56584 9.12059 -0.720001
6.92713 9.02012 -0.709999
9.85142 8.57178 6.18
0.118734 -0.0660301 -0.0200005
3.67354 0.469868 6.61
7.38108 9.01956 -0.689999
0.672669 0.0596807 0
261.184 1.52498 -6.06
7.69053 8.96594 -0.84
1.09651 0.0674998 -0.079998
4.47437 0.433665 6.5
261.441 1.4007 -6.02
8.09762 8.91355 -0.899998
1.49837 -0.00371321 -0.149998
8.64109 9.00162 -0.880001
1.94081 -0.0456647 -0.200001
245.033 10.2818 -6.82
9.0919 8.98978 -0.98
5.93177 0.425702 6.47
251.531 9.97078 1.8
9.54271 8.97794 -1.05
2.92696 0.117973 -0.299999
6.32446 0.43813 6.34
260.389 1.46626 -6.12
10.1215 9.07646 -0.950001
3.29662 0.0476056 -0.360001
10.3414 8.93421 -1.16
10.5673 9.16331 -1.13
3.77963 0.0349154 -0.309998
265.822 1.87321 2.16
10.9286 9.06283 -1.15
4.14849 0.0782974 -0.509998
244.102 10.3138 -6.91
11.292 8.96989 -1.21
14.3705 8.726 5.69
259.594 1.40753 -6.17
8.10097 0.527929 6.16
264.988 1.79275 2.06
11.7836 9.10482 -1.34
243.282 10.2823 -6.89
5.04802 0.0470823 -0.52
8.45389 0.397347 6.15
258.564 1.4346 -6.21
12.3457 9.14312 -1.19
258.818 1.29903 -6.17
5.45222 0.100909 -0.540001
242.319 10.319 -6.99
257.53 1.45038 -6.34
15.6004 8.71643 5.58
257.821 1.32902 -6.24
5.56507 -0.0764393 -0.68
5.78573 0.133846 -0.610001
9.19893 0.510455 5.98
241.384 10.3397 -7.04
256.56 1.46071 -6.35
12.9502 9.1007 -1.35
240.625 10.2914 -7.05
6.10565 0.117859 -0.639999
9.50838 0.456834 5.98
255.585 1.45222 -6.49
255.842 1.32794 -6.44
16.2787 8.70619 5.58
260.963 1.8985 1.95
6.43812 0.147033 -0.75
9.8584 0.432474 6.04
261.18 1.74496 1.89
254.751 1.37176 -6.52
259.925 1.89546 1.83
13.5869 9.05744 -1.47
16.6766 8.73743 5.63
238.871 10.2844 -7.15
6.75046 -0.0128098 -0.68
10.3437 0.544823 6.01
253.88 1.38707 -6.48
259.245 1.78443 1.91
13.9474 9.07071 -1.52
237.848 10.3379 -7.29
7.31277 0.143008 -0.759998
10.7134 0.474456 5.91
238.098 10.1872 -7.28
252.849 1.41414 -6.57
14.5293 9.18052 -1.54
258.009 1.88893 1.74
7.67406 0.042534 -0.899998
258.305 1.78638 1.87
14.8935 8.97383 -1.57
17.9895 8.6764 5.47
237.149 10.2728 -7.31
8.27251 0.0950476 -0.829998
11.7137 0.455757 5.85
243.751 9.86814 1.51
252.025 1.36379 -6.67
15.4265 9.02427 -1.62
18.5683 8.77492 5.42
257.274 1.81345 1.68
12.203 0.465647 5.78
236.323 10.3362 -7.25
15.9242 9.06427 -1.71
251.12 1.37619 -6.73
9.10659 0.0617611 -1.07
235.509 10.3235 -7.42
250.393 1.32706 -6.81
16.3449 9.0608 -1.76
234.939 10.1413 -7.53
249.326 1.45743 -6.8
9.51578 0.0168922 -1.05
249.571 1.28799 -6.87
254.771 1.79204 1.61
16.8197 9.13551 -1.8
234.062 10.2516 -7.42
248.614 1.34724 -6.9
9.93672 0.130933 -1.15
253.741 1.81911 1.43
233.182 10.2368 -7.49
17.1802 9.14879 -1.89
20.1511 8.63478 5.23
247.704 1.34083 -6.9
10.1595 -0.11754 -1.07
10.3491 0.0973546 -1.06
252.882 1.76584 1.41
232.071 10.3266 -7.63
17.4842 8.95884 -1.78
232.332 10.2136 -7.5
231.309 10.267 -7.59
14.1455 0.452521 5.58
230.446 10.3125 -7.56
230.651 10.1175 -7.69
17.8478 8.9834 -1.87
20.9792 8.69642 5.18
244.705 1.40445 -7.11
249.934 1.77884 1.26
14.5777 0.490448 5.58
229.892 10.1868 -7.59
18.1834 9.02386 -2.03
235.987 9.94322 1.1
11.318 -0.0342477 -1.28
236.201 9.77839 1.08
244.091 1.29549 -7.08
18.7738 9.16378 -1.88
21.7146 8.65814 5.13
11.8439 0.107363 -1.3
249.133 1.81505 1.33
243.277 1.28276 -7.14
228.128 10.2596 -7.74
19.1123 9.09803 -1.99
234.421 9.91232 1.06
242.118 1.43073 -7.26
12.1918 0.0754762 -1.35
15.6516 0.386415 5.48
242.372 1.29516 -7.19
246.414 1.83342 1.16
19.3343 8.9633 -2.07
19.5301 9.20078 -2.12
226.39 10.3091 -7.79
226.599 10.1254 -7.88
12.4814 -0.0496502 -1.39
16.1244 0.453603 5.46
240.467 1.32626 -7.33
245.469 1.81656 1.07
19.8966 9.11912 -2.11
225.603 10.2767 -7.8
12.979 -0.00965232 -1.41
225.858 10.1449 -7.7
231.849 9.87755 0.920002
20.3016 9.0592 -2.17
23.462 8.76008 4.95
239.53 1.3395 -7.39
244.525 1.80722 0.990002
13.5246 0.085951 -1.5
16.948 0.382682 5.21
224.849 10.2472 -7.81
230.991 9.94179 0.959999
20.7503 9.03983 -2.26
231.233 9.76105 0.880001
14.0055 0.0657341 -1.52
17.608 0.539726 5.33
238.79 1.24521 -7.49
243.788 1.72046 0.950001
21.3781 9.19771 -2.27
224.229 10.1194 -7.89
237.781 1.34755 -7.49
14.3014 -0.0368118 -1.62
17.985 0.495703 5.26
242.861 1.77134 0.93
21.6655 9.06506 -2.32
223.494 10.1577 -7.9
236.975 1.36494 -7.57
14.7689 0.011559 -1.57
237.23 1.23313 -7.52
22.1155 9.16697 -2.39
222.835 10.122 -7.91
236.363 1.2635 -7.59
15.1045 0.0520235 -1.62
241.381 1.69651 0.799999
22.4219 9.10206 -2.4
222.098 10.1527 -7.91
228.204 9.83305 0.850002
15.4223 0.0285097 -1.75
240.64 1.71596 0.84
22.8593 9.1588 -2.39
234.69 1.31502 -7.74
239.881 1.66768 0.779999
220.633 10.1343 -8.1
19.4445 0.495267 5.09
234.125 1.26543 -7.64
239.075 1.68507 0.690002
23.0978 8.96678 -2.39
23.2957 9.21178 -2.44
219.695 10.2613 -8.1
219.904 10.0777 -8.15
16.2826 0.089309 -1.84
233.311 1.2527 -7.68
238.06 1.76859 0.600002
23.7112 9.18949 -2.49
219.026 10.1879 -8.04
232.228 1.32663 -7.85
16.7604 0.0578017 -1.85
20.4034 0.561055 5.04
237.273 1.73997 0.66
218.267 10.1396 -8.12
24.0672 9.0702 -2.58
27.2452 8.71755 4.67
231.451 1.33188 -7.73
236.261 1.83102 0.639999
17.1654 -0.00212095 -1.93
236.514 1.69169 0.690002
217.463 10.1645 -8.16
24.6439 9.16119 -2.6
230.63 1.29282 -7.87
235.694 1.66015 0.600002
17.6329 0.0462498 -1.96
21.3414 0.551574 5.03
216.799 10.11 -8.17
229.902 1.24369 -7.89
25.1084 9.19827 -2.54
234.902 1.60895 0.470001
215.935 10.1516 -8.25
18.1764 0.134326 -1.92
229.124 1.24517 -7.86
215.025 10.2627 -8.27
25.4312 9.07606 -2.6
215.277 10.1196 -8.17
228.164 1.29313 -8
18.5036 0.144683 -1.99
227.3 1.33479 -8
227.547 1.17288 -7.99
25.7074 9.01953 -2.72
28.9175 8.66603 4.59
232.291 1.66995 0.369999
213.705 10.0661 -8.34
22.4975 0.509828 4.88
226.454 1.32292 -8.03
226.67 1.16938 -8.06
26.2697 9.17534 -2.73
231.532 1.62166 0.400002
212.957 10.0593 -8.29
19.3105 0.0135477 -2.03
22.964 0.554435 4.82
218.924 9.70535 0.470001
26.7153 9.14468 -2.75
225.831 1.18385 -8.06
230.721 1.62023 0.41
19.7938 0.11837 -2.19
23.4585 0.583143 4.7
212.098 10.1197 -8.3
27.1035 9.02455 -2.82
30.2212 8.68864 4.26
224.816 1.26737 -8.14
225.063 1.10546 -8.14
20.1686 0.0668201 -2.31
229.866 1.57825 0.299999
27.5815 9.11055 -2.92
211.317 10.1099 -8.35
224.09 1.222 -8.12
24.2437 0.490487 4.6
228.969 1.62076 0.279999
210.568 10.0993 -8.36
27.9158 9.02974 -3.04
28.1656 9.22789 -2.87
31.1561 8.66787 4.31
223.106 1.29715 -8.24
223.331 1.17372 -8.15
21.059 0.119247 -2.34
24.757 0.586937 4.63
228.171 1.55074 0.139999
209.782 10.0707 -8.48
222.261 1.29281 -8.27
28.3876 9.09316 -3.02
31.5873 8.70203 4.31
222.519 1.17229 -8.16
21.5318 0.186434 -2.32
25.0248 0.500291 4.56
227.28 1.61206 0.18
208.908 10.196 -8.41
28.8572 9.14906 -2.98
209.153 10.0265 -8.42
221.71 1.17839 -8.23
21.7808 0.0320466 -2.36
25.4976 0.567478 4.54
226.479 1.64827 0.240002
208.349 10.0514 -8.52
29.2968 9.21333 -3.04
220.761 1.26398 -8.34
225.637 1.65144 0.119999
22.213 0.0699731 -2.45
25.9432 0.536817 4.57
207.444 10.1776 -8.56
219.983 1.26547 -8.36
29.6102 9.05725 -3.04
220.24 1.14119 -8.25
224.811 1.71484 0.150002
22.6036 0.0748747 -2.52
225.061 1.56421 0.209999
219.255 1.33009 -8.24
29.9414 8.96515 -3.09
30.106 9.20724 -3.11
219.486 1.11172 -8.37
224.123 1.69121 0.150002
206.283 10.0868 -8.5
23.019 0.0525863 -2.55
26.7192 0.527803 4.47
218.657 1.16383 -8.5
30.4351 9.10761 -3.2
33.6452 8.75411 4.1
223.336 1.65882 -0.0499992
205.394 10.1556 -8.7
23.4971 0.138591 -2.57
27.1783 0.546067 4.45
205.682 10.0267 -8.55
217.785 1.29289 -8.46
30.9589 9.24169 -3.24
218.002 1.13935 -8.45
23.8335 0.065307 -2.61
27.5668 0.543441 4.37
204.747 10.1612 -8.68
204.999 10.0181 -8.58
31.3202 9.14122 -3.21
217.154 1.24122 -8.46
222.027 1.61739 0.0800018
204.253 10.0188 -8.63
24.2325 0.100316 -2.75
27.9928 0.558787 4.38
209.991 9.77326 0.260002
31.7461 9.15656 -3.27
216.43 1.20338 -8.48
216.679 1.04899 -8.44
24.6343 0.0291031 -2.71
28.3645 0.495947 4.35
221.265 1.56158 -0.0599976
32.0668 9.02683 -3.23
203.55 10.0562 -8.63
209.384 9.69063 0.200001
25.1529 0.14437 -2.69
215.885 1.10778 -8.46
202.797 10.0305 -8.75
208.506 9.80088 0.200001
32.5501 9.13165 -3.35
35.7956 8.7886 4.03
214.919 1.25067 -8.47
25.4456 0.0305335 -2.76
29.1842 0.527485 4.21
219.719 1.59843 -0.0499992
202.115 10.0295 -8.71
33.0145 9.16873 -3.37
36.2548 8.80686 4
214.332 1.12204 -8.49
25.9244 0.00278969 -2.79
218.934 1.57734 -0.149998
201.345 10.0573 -8.7
33.4758 9.19452 -3.42
213.372 1.17 -8.67
218.276 1.54157 -0.0499992
26.492 0.177425 -2.84
212.835 1.10451 -8.54
211.809 1.26415 -8.64
33.758 9.04305 -3.56
212.058 1.10976 -8.59
216.726 1.56712 -0.0999985
199.205 10.0604 -8.8
216.027 1.50209 -0.169998
34.312 9.16876 -3.47
37.5522 8.80689 3.87
198.539 9.99832 -8.87
27.0059 0.0426132 -3.12
204.247 9.64742 -0.0599976
34.5913 9.12351 -3.54
37.8159 8.70519 3.83
210.339 1.22695 -8.68
27.4983 0.0637939 -2.96
31.2639 0.541082 4.12
210.591 1.08385 -8.61
215.251 1.51111 -0.18
35.0308 9.18778 -3.57
197.892 10.004 -8.77
209.702 1.1527 -8.71
214.301 1.5967 -0.27
28.0085 0.148953 -2.95
31.7139 0.642987 4.06
197.12 10.028 -8.83
202.773 9.71268 0.0200005
38.5512 8.66691 3.77
209.006 1.09896 -8.74
213.58 1.57015 -0.259998
28.3128 0.0765146 -3.06
32.043 0.543359 4.03
196.333 10.1131 -8.8
208.147 1.15944 -8.78
212.831 1.5595 -0.32
35.7879 9.11103 -3.64
195.762 10.0447 -8.72
207.459 1.13581 -8.72
28.7054 0.0889431 -3.07
195.088 9.95251 -8.83
206.62 1.15028 -8.8
211.269 1.5399 -0.380001
194.264 10.0234 -8.9
205.906 1.15007 -8.78
29.1782 0.156131 -3.14
210.577 1.50121 -0.360001
193.548 10.0157 -8.88
36.722 9.204 -3.67
205.21 1.09633 -8.8
29.5906 0.122552 -3.12
33.3135 0.563052 3.92
192.893 9.99122 -8.9
204.458 1.07439 -8.89
36.9917 9.00737 -3.71
37.1595 9.26075 -3.78
209.077 1.47239 -0.450001
203.775 1.06958 -8.87
29.9634 0.0634757 -3.23
33.7206 0.510657 3.85
208.425 1.4592 -0.369999
37.4333 9.07917 -3.86
202.988 1.15471 -8.85
30.5422 0.161996 -3.28
34.2941 0.59036 3.88
207.656 1.49456 -0.43
190.917 10.0014 -8.91
38.0422 9.16932 -3.86
196.392 9.74386 -0.0599976
34.6148 0.460624 3.83
202.296 1.11602 -8.95
206.976 1.49727 -0.399998
38.4765 9.21477 -3.93
201.818 1.03002 -8.86
189.597 10.0361 -8.89
31.4346 0.22195 -3.25
34.9785 0.485189 3.74
201.035 1.01269 -9.01
205.538 1.45923 -0.549999
38.8567 9.18204 -3.89
188.985 9.93468 -9
31.6951 0.10896 -3.34
35.4306 0.594621 3.7
200.159 1.13046 -9.02
204.855 1.45441 -0.5
39.0892 9.08495 -4.06
188.194 10.0085 -8.99
199.476 1.12188 -8.96
31.9985 0.15027 -3.5
35.8055 0.543071 3.79
204.164 1.41573 -0.5
187.498 10.0685 -9.01
39.5214 9.12287 -4.03
193.007 9.70013 -0.239998
198.769 1.14426 -9.01
32.3983 0.0715303 -3.47
36.1856 0.510338 3.7
186.842 10.0441 -9.04
39.9994 9.20888 -4.06
187.081 9.85203 -9.07
198.041 1.09513 -9.15
32.9407 0.155843 -3.49
36.6605 0.585053 3.59
198.302 0.982138 -8.98
202.691 1.48475 -0.559998
40.445 9.17822 -4.1
186.14 10.0852 -9.08
186.384 9.91204 -8.99
33.3135 0.0967667 -3.54
197.314 1.16351 -9.06
202 1.44983 -0.579998
40.8604 9.15593 -4.15
185.533 10.0026 -9.06
191.069 9.61456 -0.239998
196.593 1.13696 -9.12
201.056 1.55424 -0.68
201.308 1.41114 -0.579998
184.96 9.92292 -9.03
195.883 1.14805 -9.07
34.3266 0.240741 -3.58
184.164 9.97794 -9.06
195.298 1.02695 -9.04
199.756 1.42917 -0.649998
183.426 10.0087 -9.06
34.6953 0.16661 -3.62
38.4451 0.587447 3.52
194.582 1.01921 -9.06
199.04 1.42144 -0.649998
182.746 10.0114 -9.08
193.836 1.01985 -9.13
34.9859 0.0452474 -3.65
35.1536 0.298623 -3.7
198.275 1.46809 -0.639999
182.153 9.97771 -9.11
193.046 1.09369 -9.18
35.3932 0.110364 -3.76
197.479 1.52311 -0.73
181.593 9.94693 -9.1
187.083 9.51078 -0.34
192.514 1.04701 -9.12
180.873 10.0417 -9.15
181.123 9.89103 -9.01
36.2482 0.152346 -3.83
186.374 9.64314 -0.279999
191.864 1.04135 -9.17
196.294 1.45948 -0.75
36.5951 0.116696 -3.8
180.396 9.95941 -9.12
191.105 1.11435 -9.25
36.9752 0.0839633 -3.87
195.629 1.51864 -0.68
37.4886 0.180413 -3.89
179.726 9.99976 -9.09
190.535 1.04593 -9.23
179.071 9.97528 -9.2
37.7813 0.0665765 -4.03
189.988 0.946566 -9.23
194.233 1.51362 -0.73
178.447 9.94996 -9.15
38.3352 0.192287 -3.99
189.226 1.0045 -9.22
177.841 9.98485 -9.07
188.606 0.990471 -9.23
192.864 1.48894 -0.799999
177.13 9.99593 -9.17
187.865 1.00993 -9.29
192.29 1.40924 -0.77
176.624 9.92583 -9.1
187.16 1.03983 -9.29
175.842 10.0298 -9.13
186.534 1.00698 -9.28
175.389 9.91658 -9.11
180.69 9.61808 -0.200001
185.916 1.00047 -9.24
174.677 9.92014 -9.22
185.204 1.00403 -9.3
189.461 1.49874 -0.809998
174.168 9.84251 -9.15
179.286 9.58295 -0.419998
184.55 0.987082 -9.28
188.865 1.45752 -0.77
173.458 9.85359 -9.16
178.773 9.4865 -0.329998
183.805 0.987723 -9.34
183.019 1.08038 -9.37
187.543 1.36716 -0.849998
186.86 1.36235 -0.880001
171.471 9.93991 -9.17
181.826 0.986642 -9.33
186.29 1.29393 -0.84
170.853 9.93341 -9.14
181.197 0.942501 -9.35
185.439 1.38452 -0.959999
170.172 9.93612 -9.25
180.63 0.885378 -9.33
184.684 1.4688 -0.93
169.637 9.87815 -9.2
179.955 0.906908 -9.32
168.926 10.003 -9.21
38.969 0.255245 -4.07
169.17 9.82978 -9.11
174.268 9.50248 -0.48
39.3355 0.173588 -4.09
179.153 1.05686 -9.34
39.6662 0.312748 -4.11
183.511 1.45033 -0.809998
39.9934 0.323105 -4.09
178.672 0.959565 -9.36
167.866 9.92468 -9.16
40.3683 0.271555 -4.21
173.157 9.47103 -0.389999
177.835 1.09907 -9.43
40.7628 0.173998 -4.23
178.08 0.929632 -9.36
41.1699 0.121602 -4.2
167.295 9.8525 -9.21
177.371 0.948244 -9.41
166.648 9.85813 -9.21
41.5877 0.224353 -4.3
176.751 0.934211 -9.31
180.758 1.46203 -1.07
165.873 9.98842 -9.21
39.0279 0.58351 3.45
41.9398 0.20752 -4.32
175.989 0.992149 -9.36
165.306 9.9313 -9.19
175.405 0.874811 -9.47
39.3687 0.642791 3.37
42.287 0.289382 -4.34
179.498 1.47997 -0.889999
164.696 9.9549 -9.17
42.6648 0.13161 -4.41
174.043 0.993985 -9.43
41.2149 9.26414 -4.13
163.521 9.92891 -9.19
173.428 0.998769 -9.41
43.0079 0.315931 -4.47
177.736 1.32535 -0.989998
41.6325 9.24937 -4.16
172.81 0.992263 -9.41
40.4148 0.67217 3.41
43.3611 0.302862 -4.41
177.085 1.31969 -0.98
172.108 1.03346 -9.42
43.8012 0.135871 -4.53
176.315 1.34752 -1.15
161.778 9.84202 -9.15
42.3741 9.23368 -4.22
171.474 0.970497 -9.48
170.879 0.929274 -9.51
41.5657 0.611607 3.25
44.5088 0.231008 -4.54
160.518 9.85997 -9.27
43.0236 9.35309 -4.22
174.557 1.32546 -0.93
44.8332 0.347587 -4.54
160.114 9.80614 -9.17
169.741 0.92125 -9.47
173.86 1.38547 -1.04
42.2356 0.57126 3.24
45.2089 0.182288 -4.6
159.447 9.85778 -9.22
45.5528 0.25286 -4.69
169.209 0.874571 -9.46
44.0975 9.24906 -4.38
173.317 1.29739 -1.12
158.834 9.87009 -9.25
42.9514 0.578992 3.17
45.8893 0.179576 -4.55
163.952 9.49678 -0.399998
44.5161 9.23806 -4.49
168.564 0.887728 -9.49
43.3121 0.709779 3.13
158.267 9.81296 -9.2
44.8465 9.25971 -4.44
167.817 0.884606 -9.56
162.646 9.46665 -0.41
42.3658 8.73729 3.52
167.099 0.983096 -9.46
156.867 9.9104 -9.18
47.0401 0.119012 -4.77
166.6 0.821822 -9.44
42.7171 8.8342 3.51
156.411 9.78968 -9.15
47.4029 0.257326 -4.75
165.902 0.878069 -9.45
155.802 9.81328 -9.17
165.153 0.984932 -9.47
46.3827 9.18523 -4.6
169.28 1.36175 -1.14
155.219 9.81722 -9.21
46.7319 9.27462 -4.68
164.642 0.896009 -9.52
45.5287 0.632587 3.01
48.5124 0.281249 -4.92
154.731 9.81109 -9.16
47.0767 9.23144 -4.68
164.126 0.905782 -9.48
45.8808 0.615754 2.95
48.8541 0.226782 -4.9
168.261 1.3127 -1.02
47.3914 9.19663 -4.71
154.211 9.80958 -9.15
46.1934 0.573423 2.93
159.146 9.47522 -0.43
163.661 0.868702 -9.41
47.6511 9.19739 -4.63
167.751 1.22754 -1.1
46.5125 0.671185 2.89
153.604 9.8407 -9.21
162.956 0.898604 -9.55
49.8596 0.2269 -4.98
48.4315 9.32095 -4.75
167.069 1.34401 -1.06
50.2277 0.384031 -5.08
152.967 9.88397 -9.2
48.826 9.22339 -4.74
162.495 0.872814 -9.36
50.6348 0.331635 -5.08
166.556 1.24756 -1.06
152.38 9.87285 -9.24
161.864 0.821146 -9.5
165.969 1.23644 -1.04
161.146 0.9234 -9.44
165.211 1.30943 -1.12
51.3754 0.312177 -5.07
151.287 9.79163 -9.17
49.9551 9.20131 -4.84
156.181 9.42801 -0.529999
51.7751 0.233437 -5.12
50.3509 9.22502 -4.93
160.579 0.866277 -9.47
52.1772 0.279736 -5.24
155.562 9.53526 -0.34
50.6837 9.37171 -4.88
159.964 0.871061 -9.41
150.126 9.81456 -9.15
51.1125 9.28083 -4.98
155.022 9.45847 -0.41
52.9613 0.183317 -5.25
149.551 9.84861 -9.11
158.841 0.798212 -9.47
149.065 9.73249 -9.14
158.149 0.877039 -9.48
51.8314 9.29986 -5.03
148.302 9.90418 -9.16
50.6303 0.665355 2.69
53.6721 0.289744 -5.27
157.554 0.835816 -9.5
147.932 9.73952 -9.09
160.964 1.31865 -1.03
147.25 9.85598 -9.1
52.4141 9.29592 -5.1
152.191 9.4267 -0.369999
156.255 0.945771 -9.49
54.2755 0.243563 -5.42
146.731 9.85447 -9.08
151.56 9.48878 -0.399998
52.7257 9.24982 -5.15
155.753 0.890719 -9.5
159.871 1.23743 -1.07
53.0403 9.21502 -5.14
146.141 9.83206 -9.13
51.8497 0.618153 2.56
54.8407 0.293159 -5.36
151.136 9.36721 -0.369999
155.195 0.867467 -9.46
53.4226 9.18981 -5.21
145.588 9.82763 -9.05
55.2292 0.290534 -5.44
154.78 0.776007 -9.29
53.8132 9.19472 -5.24
158.661 1.20099 -1.07
55.6146 0.276618 -5.46
145.021 9.7705 -9.08
144.331 9.85686 -9.14
149.256 9.37112 -0.470001
153.325 0.909009 -9.4
54.6608 9.21035 -5.31
143.777 9.84489 -9.13
56.5193 0.26422 -5.6
152.76 0.859412 -9.42
55.0258 9.35619 -5.29
156.69 1.34376 -1.01
53.9045 0.65894 2.34
56.883 0.288785 -5.57
152.156 0.901831 -9.41
55.4172 9.24735 -5.29
156.218 1.16282 -1.18
57.2869 0.225099 -5.62
142.741 9.85315 -9.02
147.624 9.33438 -0.470001
55.6821 9.26692 -5.31
151.626 0.862679 -9.45
54.5608 0.569669 2.39
57.5529 0.248438 -5.56
142.186 9.84119 -9.11
55.9884 9.20201 -5.37
141.848 9.67568 -9.04
150.44 0.912798 -9.51
154.572 1.19468 -1.03
58.1315 0.229447 -5.54
56.617 9.24615 -5.34
150.154 0.704205 -9.32
154.062 1.10952 -1.02
56.9578 9.30543 -5.44
58.8391 0.324584 -5.72
140.52 9.79777 -9.08
54.3724 8.87296 2.73
57.3191 9.20496 -5.44
149.344 0.82405 -9.4
59.2462 0.272188 -5.84
153.283 1.22476 -1.06
139.962 9.77452 -9.04
58.0351 9.3302 -5.51
148.793 0.823379 -9.28
152.679 1.26718 -0.959999
59.9742 0.207569 -5.84
139.477 9.66217 -9.05
144.184 9.32621 -0.419998
58.3812 9.4083 -5.49
148.139 0.806428 -9.38
138.883 9.74223 -8.95
147.549 0.784022 -9.43
151.457 1.18934 -1.11
59.1993 9.20105 -5.59
61.0505 0.228575 -5.79
138.301 9.74993 -9.05
147.025 0.763687 -9.38
59.5922 9.33099 -5.71
150.911 1.20748 -1.01
137.809 9.72875 -8.96
146.495 0.724535 -9.39
150.433 1.12148 -1.01
137.397 9.64858 -8.94
145.956 0.769025 -9.32
136.91 9.64621 -8.91
149.178 1.27575 -1.08
60.7184 9.41513 -5.75
136.363 9.66436 -8.92
59.5474 0.772257 2.06
141.11 9.23638 -0.309998
144.827 0.791108 -9.35
60.0064 0.673008 1.93
148.755 1.15418 -1.04
135.847 9.67413 -8.89
144.333 0.766164 -9.35
135.268 9.68936 -9.04
139.976 9.35716 -0.32
143.764 0.819026 -9.33
62.2057 9.28128 -5.77
147.67 1.21682 -0.989998
64.0995 0.345594 -6.04
139.577 9.32215 -0.16
143.401 0.680713 -9.34
62.5361 9.30293 -5.81
134.311 9.74861 -8.86
61.4056 0.689318 1.93
64.4632 0.370159 -6.13
139.049 9.29053 -0.27
59.9122 8.84872 2.41
142.725 0.815991 -9.33
146.679 1.15187 -1
64.8328 0.299792 -6.22
63.2458 9.40559 -5.99
133.746 9.69901 -8.94
142.24 0.703642 -9.35
63.605 9.29759 -5.9
133.235 9.61009 -8.97
132.553 9.72655 -8.91
140.853 0.850006 -9.33
144.828 1.14741 -0.98
65.9051 0.423257 -6.29
132.128 9.59746 -8.83
64.3529 9.30448 -6
66.2486 0.258805 -6.22
140.43 0.728438 -9.24
144.109 1.24214 -1.04
64.676 9.29978 -5.98
131.579 9.60431 -8.91
62.0325 8.89158 2.29
136.092 9.38718 -0.23
66.9853 0.341805 -6.37
139.779 0.836526 -9.28
143.729 1.16112 -0.880001
131.051 9.6902 -8.84
67.3332 0.309918 -6.31
139.238 0.873489 -9.29
65.7417 9.28315 -6
67.6832 0.285559 -6.34
138.771 0.825118 -9.25
142.689 1.15056 -0.970001
66.1219 9.25042 -6
68.0458 0.30636 -6.35
134.636 9.28515 -0.329998
63.4972 8.90996 2.15
138.279 0.807701 -9.23
66.5072 9.23651 -6.07
129.491 9.67812 -8.91
137.716 0.765631 -9.27
66.8596 9.33719 -6.15
128.835 9.76739 -8.92
137.14 0.79215 -9.24
67.2772 9.32242 -6.22
136.495 0.805307 -9.31
67.6295 9.4231 -6.18
127.937 9.57111 -8.8
66.5685 0.709103 1.54
132.449 9.23646 -0.25
68.0479 9.29459 -6.22
135.945 0.812162 -9.22
69.9894 0.296997 -6.48
135.451 0.783454 -9.14
68.3296 9.37438 -6.24
126.773 9.70402 -8.74
67.2428 0.801323 1.46
68.6547 9.37721 -6.28
131.293 9.39196 -0.130001
67.546 0.725121 1.47
70.6087 0.424779 -6.63
68.9518 9.39594 -6.43
134.842 0.810819 -9.21
135.113 0.617951 -9.05
70.8766 0.338133 -6.61
134.451 0.688405 -9.14
138.146 1.1448 -0.880001
125.727 9.67465 -8.73
133.866 0.684816 -9.11
69.5471 9.43717 -6.38
71.5248 0.336267 -6.65
137.564 1.15251 -0.869999
69.9388 9.44583 -6.41
125.17 9.76891 -8.61
71.9101 0.322351 -6.65
133.26 0.719707 -9.18
137.015 1.15936 -0.899998
124.818 9.55448 -8.68
70.3435 9.2684 -6.44
132.768 0.70229 -9.11
72.3007 0.327253 -6.71
70.6959 9.36908 -6.43
136.542 1.09217 -0.860001
72.6499 0.416642 -6.73
132.296 0.635102 -9.17
71.1022 9.43043 -6.46
123.683 9.67149 -8.74
69.9623 0.782946 1.52
128.222 9.31342 -0.0699997
71.5954 9.33786 -6.56
70.4734 0.754356 1.31
73.5351 0.450251 -6.85
131.804 0.617684 -9.12
123.194 9.6616 -8.72
131.105 0.78768 -9.17
70.8776 0.808183 1.35
134.885 1.20014 -0.82
122.634 9.74833 -8.64
72.3798 9.35896 -6.51
74.3595 0.265582 -6.79
134.462 1.07858 -0.779999
122.296 9.58283 -8.67
72.7175 9.40695 -6.55
126.766 9.21139 -0.189999
71.6512 0.674129 1.28
74.7056 0.34368 -6.82
121.657 9.73608 -8.65
129.721 0.592797 -9.13
74.981 0.400891 -6.8
121.293 9.59024 -8.6
73.3376 9.42098 -6.55
120.842 9.60208 -8.53
128.669 0.658349 -9.05
73.6937 9.30169 -6.62
120.427 9.51062 -8.62
75.6624 0.401942 -6.87
71.018 8.89433 1.73
128.177 0.637169 -9.11
119.863 9.5823 -8.58
76.0093 0.366292 -6.92
131.3 1.1389 -0.82
71.307 9.00047 1.72
74.3306 9.37594 -6.66
118.801 9.61022 -8.53
76.3313 0.357832 -6.96
118.213 9.59534 -8.57
126.01 0.65998 -8.91
74.6775 9.34029 -6.68
129.675 1.011 -0.82
76.6627 0.383242 -6.98
117.688 9.57501 -8.51
125.48 0.620828 -8.89
74.9945 9.43052 -6.72
117.147 9.61197 -8.46
76.9816 0.363492 -6.94
124.772 0.756953 -8.93
72.3539 8.9161 1.59
128.555 1.06319 -0.649998
74.2149 0.6788 1.28
77.3182 0.40772 -7.01
116.556 9.70331 -8.5
124.23 0.790152 -8.91
127.948 1.09809 -0.77
77.6976 0.488736 -7.05
116.251 9.54073 -8.44
73.133 8.91837 1.67
76.1566 9.29384 -6.68
127.442 1.14549 -0.709999
78.1958 0.297473 -7.08
115.696 9.64251 -8.5
76.587 9.44176 -6.74
123.419 0.674973 -8.84
75.5186 0.701411 1.1
78.5908 0.43494 -7.06
126.526 1.11649 -0.689999
77.5468 9.3938 -6.82
122.414 0.674855 -8.84
79.5642 0.435904 -7.14
118.143 9.22944 0.16
121.235 0.751319 -8.86
124.989 1.0697 -0.599998
117.655 9.22332 0.190002
78.3122 9.34715 -6.82
120.902 0.604632 -8.7
80.316 0.340331 -7.14
112.939 9.52541 -8.26
120.334 0.661258 -8.85
78.6405 9.36127 -7.04
112.488 9.53725 -8.3
119.97 0.636693 -8.75
78.867 9.35911 -6.91
123.452 1.14418 -0.649998
112.015 9.58758 -8.32
119.586 0.53686 -8.79
79.1591 9.47653 -7.05
111.451 9.65926 -8.27
115.793 9.2912 0.190002
78.0483 0.816913 0.920002
111.031 9.54898 -8.25
115.258 9.23323 0.0900002
122.051 1.00283 -0.599998
81.5022 0.290212 -7.29
110.454 9.57173 -8.23
76.746 8.96371 1.44
117.913 0.588379 -8.75
81.8161 0.369157 -7.26
109.518 9.47123 -8.21
116.894 0.539337 -8.74
82.2295 0.339342 -7.32
80.5553 9.48155 -7.03
120.403 1.02716 -0.57
82.5622 0.486028 -7.28
109.009 9.50734 -8.23
77.8929 9.00561 1.41
80.982 9.38315 -7.18
79.8382 0.838125 0.880001
116.364 0.613934 -8.66
119.894 1.06327 -0.52
78.1641 9.04776 1.42
81.2574 9.44036 -7.12
108.563 9.538 -8.1
83.2434 0.369567 -7.28
115.718 0.740839 -8.71
81.5878 9.46201 -7.14
115.275 0.665278 -8.69
83.6392 0.393286 -7.38
107.552 9.51907 -8.1
81.9606 9.40293 -7.08
114.833 0.593481 -8.6
84.0463 0.34089 -7.48
106.929 9.61126 -8.2
82.3857 9.53203 -7.2
111.257 9.19428 0.310001
114.269 0.665161 -8.54
84.4702 0.348709 -7.52
117.79 1.07687 -0.439999
106.45 9.639 -8.04
113.683 0.654045 -8.68
105.97 9.65922 -8.09
110.297 9.24224 0.41
109.901 9.21852 0.34
112.893 0.614134 -8.6
116.443 1.01747 -0.459999
83.5719 9.48191 -7.34
109.481 9.222 0.400002
82.4538 0.795942 0.709999
112.574 0.516372 -8.48
104.94 9.45503 -7.98
112.018 0.618159 -8.52
85.8385 0.48714 -7.57
84.0641 9.38557 -7.21
114.997 1.06683 -0.43
82.9669 0.774879 0.75
103.821 9.63226 -7.99
84.4068 9.33487 -7.28
108.108 9.18602 0.380001
111.139 0.489618 -8.47
81.6834 8.98942 1.24
84.7455 9.38663 -7.26
86.8116 0.370592 -7.54
103.319 9.57721 -8.03
110.507 0.547936 -8.52
110.029 0.579443 -8.44
84.0193 0.826839 0.630001
109.46 0.632306 -8.48
112.983 1.0553 -0.279999
82.3887 8.95952 1.24
102.082 9.44292 -7.89
87.5276 0.495836 -7.62
106.163 9.18786 0.470001
109.089 0.581397 -8.38
101.45 9.61875 -7.92
108.583 0.628804 -8.35
112.142 0.944731 -0.259998
86.5956 9.39109 -7.35
105.223 9.18981 0.459999
88.6649 0.386348 -7.71
108.069 0.646103 -8.38
83.9272 9.01008 1.13
86.9862 9.39599 -7.34
111.636 0.992138 -0.209999
84.3833 9.01705 1.02
87.4454 9.41426 -7.45
86.3555 0.829905 0.48
100.086 9.61289 -7.84
87.8601 9.50572 -7.5
107.145 0.59076 -8.35
99.6659 9.50261 -7.86
106.635 0.505601 -8.48
99.1373 9.58473 -7.86
109.573 1.03876 -0.299999
109.19 0.94645 -0.220001
88.6586 9.34447 -7.54
98.2802 9.53522 -7.77
90.7362 0.369837 -7.84
105.331 0.482989 -8.18
88.9672 9.4046 -7.52
91.0336 0.50608 -7.89
97.7464 9.59853 -7.74
104.735 0.555515 -8.2
97.3349 9.51836 -7.71
104.199 0.611295 -8.17
88.5753 0.764003 0.380001
91.6838 0.51174 -7.84
96.5317 9.42952 -7.6
90.0052 9.52139 -7.61
103.199 0.629994 -8.22
106.75 0.919578 -0.130001
92.0836 0.433 -7.84
96.0746 9.41879 -7.64
89.397 0.803068 0.290001
92.4755 0.559178 -7.89
102.83 0.586612 -8.12
99.7741 9.07518 0.740002
87.723 9.01271 0.970001
90.8204 9.42036 -7.63
102.461 0.54323 -8.08
95.2966 9.42027 -7.56
91.2019 9.5089 -7.7
101.932 0.621591 -8.16
94.7266 9.58689 -7.55
101.445 0.619227 -8.18
91.4781 9.45236 -7.63
94.3099 9.4879 -7.6
93.5444 0.55384 -7.91
98.3646 9.13875 0.700001
101.117 0.491358 -8.08
90.6987 0.818152 0.330002
104.413 1.03026 -0.0400009
93.7596 9.6085 -7.53
92.1014 9.47768 -7.71
97.8577 9.18239 0.73
100.508 0.632471 -8.05
100.07 0.575727 -8.09
92.4121 9.54534 -7.76
92.9294 9.53933 -7.49
96.9778 9.1676 0.77
94.4937 0.468245 -7.93
99.6743 0.552009 -7.96
92.547 9.44702 -7.54
99.1934 0.572226 -8.02
94.8261 0.497419 -7.96
92.0019 9.58644 -7.44
98.6823 0.600815 -8.04
91.6535 9.38331 -7.49
92.0917 0.811881 0.279999
95.2251 0.532428 -8.01
91.1207 9.45038 -7.42
92.4885 0.839364 0.279999
97.8054 0.479801 -7.88
101.113 0.94259 0.0900002
93.8695 9.53738 -7.69
90.6668 9.45093 -7.34
97.1844 0.579517 -7.91
95.999 0.515887 -8.06
94.2269 9.53936 -7.7
90.1204 9.46908 -7.43
96.6898 0.550809 -7.94
94.641 9.3958 -7.76
96.7509 0.420315 -8.12
96.294 0.527091 -7.86
89.196 9.52748 -7.33
94.9602 9.49356 -7.81
92.7541 9.1421 0.850002
97.076 0.423145 -8.1
95.3984 0.455847 -7.85
98.7048 0.914872 0.100002
88.4334 9.46791 -7.26
95.0068 0.447182 -7.8
94.556 0.459026 -7.81
97.7784 0.499465 -8.12
97.8883 0.894625 0.200001
98.1658 0.493076 -8.14
87.62 9.45895 -7.23
98.5926 0.394673 -8.24
94.0855 0.516877 -7.79
96.7966 9.4491 -7.95
98.9065 0.473618 -8.25
97.4231 0.971293 0.260002
97.1239 9.45946 -7.98
99.2347 0.487738 -8.24
97.4605 9.50368 -7.95
87.1247 9.54399 -7.2
86.8116 9.3513 -7.11
96.41 0.827319 0.110001
93.1268 0.568602 -7.7
91.7328 0.571109 -7.58
88.8481 9.09308 1.12
94.5145 1.0098 0.32
88.4117 9.0401 1.08
98.165 9.58753 -7.97
90.9056 0.395715 -7.58
84.089 9.35839 -7.06
100.327 0.451447 -8.24
90.3335 0.554799 -7.64
98.5255 9.60081 -7.98
83.5824 9.51954 -6.98
100.671 0.522019 -8.29
90.0257 0.380923 -7.59
89.5387 0.496071 -7.58
100.973 0.555803 -8.31
92.9258 0.778595 0.32
89.1751 0.471507 -7.47
82.4768 9.39316 -7
92.0045 0.84829 0.260002
101.591 0.444797 -8.33
99.8125 9.5632 -8
82.0095 9.4623 -6.97
85.8752 9.13328 1.2
98.847 0.8429 -0.0900002
88.3533 0.432442 -7.47
81.6977 9.39088 -6.9
100.242 9.47609 -8.05
91.2037 0.884494 0.5
102.395 0.419883 -8.32
81.2304 9.46002 -6.86
102.847 0.415566 -8.37
90.7248 0.912238 0.48
87.0653 0.466282 -7.38
86.5896 0.505316 -7.41
79.9186 9.52482 -6.86
86.1959 0.489125 -7.29
103.676 0.477211 -8.43
85.804 0.362947 -7.31
101.797 9.5831 -8.05
88.9734 0.912761 0.66
79.1869 9.34312 -6.66
100.851 0.816792 -0.16
103.989 0.556156 -8.44
88.4986 0.838046 0.510002
102.199 9.39814 -8.2
101.091 0.863558 -0.0599976
78.7133 9.38968 -6.66
84.8796 0.421352 -7.21
102.426 9.51349 -8.19
88.0168 0.972012 0.66
104.586 0.48363 -8.49
104.921 0.524095 -8.48
103.112 9.5296 -8.14
78.2491 9.47011 -6.67
82.0554 9.04409 1.31
105.312 0.528997 -8.51
87.626 0.849598 0.600002
77.5311 9.33734 -6.67
83.5149 0.529236 -7.25
105.709 0.556479 -8.52
86.8749 0.831422 0.720001
103.951 9.51513 -8.2
77.0575 9.3839 -6.69
83.2403 0.358277 -7.12
106.107 0.473976 -8.45
76.6616 9.36019 -6.58
106.534 0.493085 -8.54
82.6795 0.441246 -7.16
106.897 0.513886 -8.57
82.3138 0.409155 -7.05
75.7726 9.42904 -6.6
107.267 0.443519 -8.63
81.8868 0.390045 -7.08
85.0706 0.875035 0.77
102.292 9.03177 0.240002
105.364 9.46285 -8.27
107.535 0.474385 -8.58
102.507 9.10573 0.389999
105.645 9.54264 -8.25
81.4174 0.45166 -7.11
107.815 0.550413 -8.6
74.9914 9.41923 -6.54
78.8382 9.02247 1.57
84.2292 0.881978 0.799999
105.433 0.848042 -0.27
80.5553 0.500846 -7.01
83.6965 0.949048 0.720001
74.0971 9.46926 -6.46
79.7147 0.39404 -6.92
105.826 0.977983 -0.279999
109.056 0.464731 -8.65
82.803 0.885331 0.830002
72.8078 9.38183 -6.44
78.8047 0.387621 -6.9
109.499 0.540291 -8.72
81.9365 0.801951 0.84
72.4172 9.37693 -6.38
78.3508 0.388175 -6.95
109.865 0.572383 -8.68
81.4744 0.88991 0.91
78.0421 0.328047 -6.86
71.3575 9.29862 -6.27
110.27 0.51246 -8.75
108.358 9.61543 -8.39
77.2609 0.318244 -6.8
80.3657 0.752237 0.869999
107.387 0.876314 -0.369999
70.8187 9.46062 -6.29
76.6391 0.531708 -6.85
108.739 9.46895 -8.41
110.922 0.525648 -8.77
108.984 9.65205 -8.44
70.5265 9.3432 -6.22
74.1762 9.05397 1.72
111.201 0.594148 -8.77
70.0893 9.40397 -6.16
69.7008 9.40659 -6.14
109.26 9.59551 -8.37
75.5532 0.359319 -6.74
69.305 9.38287 -6.14
75.1647 0.361944 -6.66
68.9445 9.3696 -6.08
109.707 9.4511 -8.48
68.5259 9.3806 -6.07
72.1434 9.09222 1.8
110.059 9.43427 -8.49
112.21 0.491807 -8.68
107.303 9.08966 0.190002
110.411 9.53494 -8.46
112.666 0.49878 -8.82
74.3037 0.414893 -6.6
110.832 9.53147 -8.53
73.855 0.434264 -6.6
76.9244 0.857814 1.05
73.5089 0.356166 -6.56
111.178 9.60957 -8.51
67.2711 9.41736 -6.06
72.6861 0.313337 -6.52
113.394 0.54791 -8.78
72.169 0.436859 -6.53
66.091 9.37254 -5.96
113.746 0.531077 -8.81
65.7936 9.2363 -5.87
71.3245 0.432511 -6.46
74.4437 0.801681 1.21
114.123 0.604566 -8.97
65.3886 9.29622 -5.82
112.245 9.47919 -8.58
114.388 0.624142 -8.79
64.5472 9.30317 -5.84
70.082 0.396918 -6.46
112.562 9.45568 -8.49
64.0799 9.37231 -5.82
111.555 0.933616 -0.470001
63.2811 9.41604 -5.77
68.8875 0.41693 -6.28
112.947 9.55551 -8.64
63.0335 9.22542 -5.74
68.5238 0.392365 -6.24
71.1498 0.854102 1.42
113.357 9.51441 -8.67
62.2214 9.33774 -5.66
112.352 0.886121 -0.57
67.7178 0.409752 -6.21
70.8058 0.783531 1.5
112.746 0.902313 -0.59
61.7376 9.46417 -5.68
61.4049 9.31749 -5.72
69.6309 0.757535 1.57
60.7153 9.40384 -5.53
66.1824 0.370482 -6.14
65.9174 0.350906 -6.04
60.065 9.39818 -5.52
65.559 0.345158 -6.07
116.916 0.500856 -8.95
114.959 9.442 -8.64
59.6849 9.43091 -5.49
117.164 0.691479 -8.97
65.1323 0.443561 -6.03
68.2649 0.744143 1.68
59.4124 9.26748 -5.41
117.484 0.561743 -8.98
58.9118 9.33371 -5.52
115.655 9.49574 -8.7
64.409 0.291973 -5.94
67.2886 0.849401 1.61
112.875 9.18209 0.0299988
116.046 9.61815 -8.69
58.5657 9.25561 -5.36
66.9478 0.79012 1.81
115.046 1.00868 -0.59
118.285 0.525539 -8.97
58.1149 9.26745 -5.32
118.755 0.581436 -9.06
115.949 0.988759 -0.599998
119.227 0.531112 -9.1
63.4244 0.367124 -5.9
57.6413 9.31401 -5.32
116.421 0.938435 -0.599998
62.9767 0.390258 -5.88
117.827 9.60926 -8.81
57.2455 9.29029 -5.37
56.9204 9.28746 -5.25
120.042 0.543833 -9.03
117.195 0.921894 -0.689999
62.1892 0.357875 -5.89
56.6222 9.26497 -5.2
115.327 9.13285 -0.079998
118.472 9.5961 -8.77
61.8497 0.419869 -5.74
56.2316 9.26007 -5.25
117.514 1.01966 -0.759998
64.5346 0.743585 1.85
118.754 9.55838 -8.77
55.896 9.2196 -5.23
121.004 0.620911 -9.11
115.873 9.1147 0.0100021
119.024 9.59677 -8.75
61.1701 0.308832 -5.74
55.4692 9.31801 -5.16
118.061 1.00151 -0.720001
121.302 0.525892 -9.09
60.6996 0.366684 -5.75
119.399 9.54522 -8.88
58.6003 8.91351 2.57
118.409 0.969624 -0.739998
63.368 0.747697 1.95
116.529 9.13918 -0.0999985
119.674 9.60243 -8.82
59.9268 0.386988 -5.63
54.0344 9.17374 -5
118.721 1.0448 -0.809998
121.917 0.521108 -9.04
120.036 9.61947 -8.82
59.2035 0.2354 -5.63
56.6599 8.93417 2.66
122.295 0.715873 -9.17
52.8649 9.28407 -4.96
58.0081 0.36916 -5.46
57.2455 0.309587 -5.45
56.8437 0.3808 -5.37
117.668 9.15473 -0.189999
120.812 9.61046 -8.86
51.3172 9.31716 -4.84
56.1484 0.213312 -5.35
119.842 0.992614 -0.739998
59.0642 0.667435 2.19
121.162 9.5861 -8.87
54.0151 8.87097 2.76
120.16 0.9691 -0.669998
55.7434 0.273234 -5.32
118.349 9.15202 -0.119999
121.494 9.61527 -8.86
50.1446 9.4162 -4.87
55.3415 0.344447 -5.31
49.9769 9.16282 -4.74
53.3585 8.84273 2.88
121.812 9.59176 -8.84
55.0515 0.234549 -5.25
124.045 0.707823 -9.16
57.9984 0.684063 2.35
121.221 0.933655 -0.860001
49.17 9.29396 -4.68
52.5411 8.93623 2.88
54.2093 0.35524 -5.16
56.7292 0.785645 2.29
48.4459 9.25612 -4.62
53.4891 0.214943 -5.15
123.145 9.71974 -8.97
47.3749 9.25393 -4.56
52.3953 0.24747 -5.05
55.2737 0.683623 2.36
46.6748 9.30265 -4.52
120.328 9.1531 -0.209999
123.446 9.63602 -8.88
51.6683 0.315853 -5.01
54.5789 0.751159 2.54
122.48 1.02946 -0.73
125.756 0.56429 -9.24
46.3031 9.36549 -4.47
120.609 9.11538 -0.18
123.788 9.58155 -8.91
49.6991 8.98058 3.19
51.201 0.384994 -5.06
54.155 0.74334 2.44
46.0274 9.19077 -4.46
126.362 0.643147 -9.21
50.5256 0.289012 -4.92
124.452 9.52239 -8.9
126.693 0.668558 -9.2
45.1604 9.33865 -4.47
50.0863 0.342254 -5
127.139 0.637897 -9.33
53.0466 0.72318 2.57
122.057 9.19106 -0.23
125.171 9.65516 -8.89
44.9564 9.18858 -4.29
48.9873 0.355964 -4.82
127.515 0.707623 -9.37
43.8297 9.3357 -4.19
48.775 0.175786 -4.77
125.602 9.57557 -8.96
124.655 1.03676 -0.84
127.871 0.588331 -9.21
43.5323 9.19946 -4.22
125.979 9.53155 -9.05
46.8576 8.79366 3.26
128.196 0.70491 -9.24
51.2266 0.710341 2.71
47.938 0.315295 -4.74
123.12 9.16314 -0.189999
126.274 9.6565 -9.01
47.6708 0.170679 -4.7
42.4945 9.20019 -4.08
128.595 0.626171 -9.28
50.1472 0.678045 2.8
49.7692 0.718304 2.83
126.665 9.54765 -8.96
128.906 0.693825 -9.22
41.756 9.22717 -4.14
41.3594 9.3172 -4.06
126.985 9.53166 -8.97
126.054 1.05307 -0.91
129.292 0.566161 -9.3
44.7615 8.83736 3.52
46.1534 0.3129 -4.57
49.0647 0.634458 2.86
129.554 0.691959 -9.23
45.3931 0.378366 -4.45
48.3294 0.672733 2.94
126.727 0.9065 -0.919998
129.912 0.693943 -9.3
44.6887 0.294519 -4.48
44.3313 0.292535 -4.45
124.85 9.20109 -0.329998
127.971 9.6953 -9
44.0661 0.155447 -4.33
43.6177 0.29233 -4.31
130.333 0.576723 -9.34
128.345 9.7575 -9.04
127.5 1.00371 -0.98
130.743 0.535617 -9.41
43.254 0.267765 -4.31
42.9433 0.200111 -4.26
131.084 0.712411 -9.39
42.5519 0.308958 -4.31
40.9657 8.83473 3.82
42.3118 0.262192 -4.2
128.196 1.05745 -0.869999
131.44 0.59312 -9.3
129.468 9.71284 -9.08
41.5236 0.343557 -4.16
131.809 0.636502 -9.39
41.1992 0.226978 -4.13
129.833 9.62365 -9.12
43.2631 0.65041 3.17
42.9642 0.741665 3.36
132.153 0.707074 -9.42
39.4334 0.292326 -4.01
130.196 9.64822 -9.15
39.191 0.120521 -4
41.2376 0.714998 3.41
132.511 0.709058 -9.42
39.5192 0.600927 3.54
42.471 8.88237 3.62
43.6138 8.90921 3.53
41.4851 9.30253 -3.94
47.5561 8.97243 3.32
42.7888 9.32514 -4.13
48.1056 8.96558 3.25
133.293 0.722624 -9.44
43.4142 9.35799 -4.2
43.9169 9.29929 -4.22
133.659 0.754716 -9.36
44.3603 9.26111 -4.3
49.6698 8.8752 3.15
131.814 9.51851 -9.14
130.892 0.952512 -1.05
45.019 9.29687 -4.28
134.394 0.716441 -9.41
45.5737 9.30884 -4.39
50.9725 8.89405 3.07
132.338 9.6526 -9.11
46.2261 9.32202 -4.41
46.9481 9.35233 -4.41
134.721 0.726798 -9.55
52.3199 8.95721 3.01
132.62 9.61487 -9.09
47.5133 9.40193 -4.53
52.7218 8.886 2.9
132.896 9.67585 -9.18
47.9859 9.35161 -4.56
39.0841 0.669222 3.57
131.982 1.02244 -0.989998
133.215 9.77361 -9.19
132.295 1.10139 -0.970001
135.565 0.60987 -9.45
130.463 9.20903 -0.470001
133.584 9.69948 -9.14
53.498 8.9945 2.85
48.5333 9.33722 -4.62
135.921 0.725603 -9.47
39.797 0.783176 3.52
54.1234 9.02735 2.81
133.999 9.67719 -9.17
49.06 9.36509 -4.72
49.5658 9.31768 -4.71
136.326 0.66568 -9.4
55.2462 8.98268 2.81
50.1996 9.38064 -4.82
134.391 9.68586 -9.17
41.3167 0.765994 3.46
50.8415 9.35619 -4.79
133.487 1.07009 -1.05
56.3296 8.91252 2.66
137.096 0.751598 -9.52
51.6395 9.42621 -4.76
51.3348 9.26362 -4.84
131.895 9.2245 -0.419998
135.057 9.74797 -9.17
42.2597 0.657819 3.33
57.3291 9.00757 2.71
134.234 1.07321 -1.17
137.472 0.586299 -9.55
52.0858 9.2818 -4.86
132.258 9.24906 -0.470001
135.417 9.76124 -9.26
53.0605 9.40404 -4.93
52.7278 9.25735 -5
137.749 0.768549 -9.51
58.8103 8.96865 2.63
135.773 9.64195 -9.22
53.5828 9.29933 -5.05
44.6773 0.83692 3.22
134.892 0.991463 -1.03
44.3674 0.655516 3.23
59.4365 8.88775 2.61
136.129 9.63641 -9.24
54.4545 9.40153 -5.1
54.1519 9.24647 -5.1
135.258 1.02355 -1.14
45.053 0.671621 3.17
138.796 0.684179 -9.54
39.1881 0.226743 -3.98
55.1454 9.43645 -5.14
135.876 1.03006 -1.1
137.145 9.56041 -9.32
54.8375 9.26258 -5.13
136.221 0.986884 -1.14
137.484 9.61217 -9.32
39.696 0.186862 -4.01
139.777 0.711487 -9.51
55.8009 9.46093 -5.23
140.114 0.755715 -9.46
55.4962 9.29834 -5.24
40.5128 0.324622 -4.03
134.95 9.24659 -0.48
138.11 9.76253 -9.22
56.2504 9.32781 -5.19
137.27 1.02755 -1.08
41.027 0.307323 -4.09
56.934 9.33639 -5.27
41.7262 0.372352 -4.16
41.3851 0.195558 -4.2
137.631 1.04083 -1.11
57.7662 9.41309 -5.32
57.4636 9.25803 -5.32
138.878 9.60966 -9.24
42.232 0.324945 -4.2
63.7613 9.04329 2.28
58.5974 9.48602 -5.43
58.2615 9.32804 -5.43
139.222 9.68023 -9.28
42.9998 0.403336 -4.31
42.692 0.229459 -4.31
138.33 1.10586 -1.08
59.2309 9.43147 -5.39
140.001 9.68251 -9.32
58.9315 9.2877 -5.43
49.5938 0.787359 2.83
139.1 1.07803 -1.07
137.126 9.25765 -0.5
43.3391 0.22383 -4.34
139.45 1.16742 -1.21
142.686 0.672981 -9.54
59.8687 9.39197 -5.43
140.583 9.67481 -9.26
50.2805 0.807227 2.81
44.0768 0.310593 -4.43
142.999 0.751925 -9.63
60.4857 9.39471 -5.57
140.881 9.6973 -9.31
44.8332 0.347587 -4.34
44.4818 0.250671 -4.54
61.2452 9.44299 -5.59
60.9674 9.26074 -5.56
143.592 0.66811 -9.57
51.4688 0.764634 2.71
141.564 9.70212 -9.3
45.4669 0.410545 -4.54
45.1591 0.236668 -4.53
143.89 0.804352 -9.48
62.2093 9.5276 -5.6
61.8745 9.37339 -5.63
141.99 9.60371 -9.29
52.1544 0.780739 2.68
45.9217 0.296242 -4.56
139.229 9.35404 -0.610001
141.607 0.993221 -1.19
68.2406 9.05449 2.09
142.834 9.72181 -9.34
62.7078 9.45385 -5.73
62.4301 9.2716 -5.64
140.055 9.29064 -0.540001
145.598 0.76704 -9.56
52.811 0.80898 2.56
46.6531 0.360425 -4.64
140.358 9.33195 -0.439999
142.712 1.1196 -1.1
146.006 0.714644 -9.66
46.3401 0.167732 -4.57
63.3767 9.40974 -5.71
63.0804 9.27726 -5.75
143.066 1.10653 -1.21
146.315 0.661023 -9.58
146.636 0.766312 -9.67
53.328 0.685458 2.57
47.0309 0.202653 -4.63
144.628 9.64056 -9.46
69.7001 9.05406 1.93
64.1662 9.44965 -5.77
54.022 0.73167 2.48
144.862 9.78226 -9.3
47.8694 0.301933 -4.7
64.6948 9.36752 -5.81
144.066 1.08783 -1.23
147.293 0.677041 -9.63
145.22 9.78801 -9.37
48.6404 0.391614 -4.72
48.3098 0.252455 -4.82
142.419 9.27781 -0.57
65.3752 9.36481 -5.86
147.997 0.760887 -9.67
55.3279 0.761809 2.43
49.1182 0.360107 -4.82
145.115 1.1285 -1.25
148.34 0.710183 -9.62
48.8082 0.178704 -4.78
148.708 0.749802 -9.64
71.7361 9.0271 1.87
66.2459 9.46325 -5.84
146.625 9.82313 -9.39
65.9195 9.33914 -5.96
49.8528 0.435581 -4.83
145.837 1.0413 -1.23
49.5284 0.319001 -5
72.4934 9.06786 1.81
147.658 9.68984 -9.41
66.9973 9.59893 -6.12
66.6894 9.42506 -6.06
56.5598 0.759768 2.36
147.969 9.75749 -9.4
50.4355 0.431643 -4.89
50.1277 0.257766 -4.87
150.413 0.7012 -9.64
73.2746 9.07766 1.81
67.6785 9.48247 -5.92
67.3562 9.37342 -6.04
148.716 9.76062 -9.41
50.9028 0.362501 -4.91
73.8406 9.01351 1.81
147.92 1.06619 -1.22
151.179 0.654552 -9.68
149.084 9.68649 -9.46
68.334 9.50695 -6.04
68.0366 9.37071 -6.06
151.474 0.783267 -9.72
51.5885 0.378606 -4.93
149.294 9.74162 -9.3
74.6686 9.07515 1.69
68.9623 9.43358 -6.06
151.76 0.878112 -9.7
68.638 9.317 -6.14
58.5492 0.798484 2.19
148.787 1.15333 -1.23
152.047 0.745459 -9.69
52.1327 0.352933 -5.02
149.891 9.78661 -9.34
51.8354 0.216691 -5.11
75.6566 9.12881 1.65
150.298 9.73422 -9.34
69.8257 9.50567 -6.17
69.5262 9.3619 -6.16
149.509 1.18365 -1.34
152.726 0.735219 -9.61
52.7341 0.299225 -5.1
70.5153 9.41931 -6.2
150.792 9.76292 -9.44
59.7831 0.686457 2.06
53.3823 0.297359 -5.19
153.22 0.763927 -9.69
77.1908 9.0468 1.57
71.4815 9.51145 -6.32
153.681 0.789717 -9.68
71.1873 9.38649 -6.33
60.8284 0.829585 2.03
151.662 9.74008 -9.41
54.1988 0.317606 -5.21
78.4199 9.15098 1.63
150.878 1.09082 -1.28
154.177 0.704676 -9.8
78.0903 9.01558 1.59
152.058 9.65005 -9.38
72.2834 9.47901 -6.34
71.9559 9.35114 -6.41
154.529 0.805355 -9.76
61.6043 0.820571 2
55.0975 0.40014 -5.25
152.427 9.69343 -9.41
54.7897 0.226263 -5.27
79.0296 9.12738 1.53
151.589 1.19724 -1.27
154.928 0.722852 -9.83
72.9586 9.45748 -6.36
152.705 9.87568 -9.27
72.658 9.30994 -6.37
151.946 1.19923 -1.24
155.236 0.78298 -9.69
55.6334 0.34436 -5.29
73.4829 9.3603 -6.39
56.1965 0.386429 -5.49
80.4422 9.0751 1.5
155.972 0.744704 -9.71
74.3141 9.43323 -6.45
63.5801 0.810363 1.94
150.642 9.3385 -0.689999
56.7625 0.322277 -5.45
75.2097 9.50448 -6.5
154.135 9.65236 -9.44
74.8822 9.37661 -6.55
57.3639 0.268568 -5.43
75.9804 9.47665 -6.51
75.6613 9.37889 -6.62
154.347 9.83254 -9.43
153.573 1.09963 -1.25
58.0548 0.30349 -5.54
151.508 9.30437 -0.689999
154.64 9.83621 -9.4
157.075 0.86356 -9.64
82.9188 9.11618 1.33
76.8543 9.58637 -6.71
154.967 9.84657 -9.37
154.253 1.09692 -1.32
155.447 9.70508 -9.49
65.7014 0.856985 1.71
58.992 0.407759 -5.54
83.572 9.01562 1.32
77.6041 9.48327 -6.62
77.2766 9.3554 -6.62
156.146 9.65259 -9.4
66.5127 0.858415 1.75
59.5632 0.362423 -5.64
84.61 9.1324 1.18
78.6743 9.59921 -6.7
153.549 9.29623 -0.59
156.292 1.195 -1.32
159.541 0.749493 -9.64
78.38 9.47426 -6.71
60.4784 0.387659 -5.58
157.75 9.70522 -9.45
85.4679 9.06816 1.17
79.3992 9.5233 -6.77
160.271 0.6924 -9.74
158.102 9.8059 -9.47
79.0717 9.39543 -6.78
61.2648 0.41628 -5.7
157.333 1.09182 -1.26
60.9083 0.300547 -5.84
158.508 9.63223 -9.4
161.006 0.767874 -9.76
80.3414 9.52887 -6.79
80.0419 9.3851 -6.76
155.695 9.3119 -0.66
158.894 9.85334 -9.47
68.7947 0.783295 1.57
158.178 1.09616 -1.4
161.471 0.691205 -9.85
159.303 9.69096 -9.44
62.1125 0.431918 -5.78
87.6787 9.20342 1.14
159.669 9.72305 -9.51
87.4114 9.0588 1.17
81.4613 9.59043 -6.74
162.111 0.894256 -9.75
81.1453 9.50396 -6.87
69.7817 0.833183 1.61
159.944 9.78026 -9.44
62.8199 0.409542 -5.84
81.8205 9.48243 -6.99
162.396 0.867825 -9.68
63.5013 0.410593 -5.88
63.1739 0.282724 -5.97
82.8012 9.50974 -6.91
162.826 0.780712 -9.81
82.5038 9.3735 -6.9
71.1393 0.816468 1.46
157.463 9.37159 -0.649998
64.2275 0.455959 -6.01
90.0511 9.10318 1.02
83.5771 9.50072 -7
160.642 1.20959 -1.32
163.9 0.794192 -9.76
83.2745 9.34566 -6.94
72.1315 0.885174 1.48
158.49 9.33323 -0.630001
160.935 1.21327 -1.28
164.225 0.797022 -9.8
64.9765 0.466609 -6.05
64.6708 0.300259 -6.03
158.769 9.40173 -0.639999
161.227 1.21318 -1.27
164.495 0.835415 -9.78
91.3893 9.24998 0.959999
84.5225 9.51759 -7.12
162.297 9.84354 -9.43
73.0135 0.907493 1.4
65.7389 0.40867 -6.08
161.607 1.18045 -1.38
164.875 0.802682 -9.81
92.1006 9.12515 0.93
85.5997 9.54236 -7.13
162.704 9.79115 -9.49
85.3024 9.40611 -7.12
73.8777 0.865833 1.41
165.194 0.900444 -9.74
66.6541 0.433907 -6.12
163.095 9.79605 -9.43
93.1748 9.13863 0.860001
86.6791 9.57465 -7.16
165.63 0.832149 -9.74
163.517 9.79634 -9.51
86.387 9.45723 -7.17
74.6869 0.859737 1.3
165.995 0.86424 -9.76
67.5319 0.441172 -6.17
67.2261 0.274822 -6.12
164.125 9.76898 -9.47
94.0162 9.13169 0.790001
87.3708 9.49583 -7.17
166.665 0.823894 -9.77
75.3642 0.845734 1.16
164.468 9.71827 -9.43
68.3568 0.491527 -6.23
68.0262 0.352367 -6.29
161.529 9.41261 -0.619999
88.2611 9.54825 -7.22
167.279 0.932859 -9.74
76.2118 0.861372 1.23
68.9581 0.437818 -6.24
165.066 9.88453 -9.41
89.1847 9.6036 -7.27
165.445 9.84804 -9.42
164.747 1.1586 -1.29
88.8926 9.48617 -7.27
165.806 9.86508 -9.43
76.9951 0.878702 1.22
69.5378 0.42259 -6.29
166.144 9.91307 -9.46
96.6153 9.1468 0.810001
168.695 0.891871 -9.74
89.8141 9.53399 -7.27
89.4971 9.44375 -7.39
166.565 9.79585 -9.48
77.6705 0.974685 0.93
169.066 0.94278 -9.77
97.6148 9.24185 0.709999
166.943 9.75559 -9.52
90.8947 9.68756 -7.39
90.6036 9.5739 -7.4
166.176 1.28029 -1.29
169.461 0.845223 -9.72
71.0161 0.489896 -6.35
98.4208 9.22446 0.670002
167.287 9.82616 -9.48
91.4471 9.57448 -7.38
91.1508 9.442 -7.36
169.805 0.915795 -9.76
79.0094 0.890228 1.02
71.3201 0.299945 -6.38
167.662 9.77461 -9.46
99.2654 9.22881 0.639999
92.4197 9.6892 -7.52
166.961 1.18763 -1.41
167.97 9.83097 -9.42
92.1587 9.56716 -7.51
79.6544 0.877071 0.970001
165.087 9.37977 -0.689999
165.398 9.44742 -0.689999
72.4528 0.524177 -6.43
72.1285 0.407598 -6.49
167.927 1.27977 -1.42
171.15 0.853918 -9.68
93.2069 9.60407 -7.46
92.8857 9.49878 -7.51
165.745 9.41177 -0.66
80.5374 0.903154 0.959999
73.024 0.478841 -6.52
168.592 1.2206 -1.25
171.887 0.82317 -9.73
100.996 9.15302 0.57
94.2313 9.67193 -7.58
169.662 9.85096 -9.47
93.9017 9.53653 -7.55
81.3082 0.875323 0.889999
170.02 9.85295 -9.49
73.8084 0.499935 -6.66
73.5338 0.328976 -6.54
102.222 9.24591 0.529999
170.315 9.86415 -9.42
101.925 9.11343 0.610001
169.641 1.26127 -1.29
172.876 0.880585 -9.66
95.0986 9.64156 -7.59
94.8033 9.51284 -7.61
170.673 9.8699 -9.49
82.2888 0.902631 0.940002
74.3639 0.398148 -6.7
171.006 9.90283 -9.51
95.8942 9.58654 -7.63
173.52 0.981177 -9.64
95.5772 9.4963 -7.71
82.9972 0.884018 0.860001
168.18 9.41983 -0.709999
96.85 9.64104 -7.67
96.5662 9.55372 -7.76
173.912 0.87233 -9.69
83.8543 0.933527 0.799999
76.1862 0.536025 -6.76
168.473 9.4235 -0.559998
75.919 0.39141 -6.73
172.086 9.81762 -9.42
104.792 9.15565 0.41
97.7933 9.65037 -7.72
171.391 1.25322 -1.3
174.686 0.855789 -9.75
97.4731 9.54885 -7.8
172.488 9.86392 -9.46
84.5897 0.895252 0.740002
171.796 1.1933 -1.29
175.091 0.795867 -9.72
76.8499 0.473098 -6.77
105.847 9.10139 0.549999
98.8716 9.6789 -7.76
98.5773 9.55395 -7.74
175.36 0.948009 -9.66
77.7766 0.539732 -6.9
77.4792 0.40349 -6.9
170.083 9.3812 -0.790001
173.189 9.93647 -9.44
172.513 1.20856 -1.21
175.785 0.842079 -9.65
107.066 9.16793 0.41
173.569 9.90374 -9.39
172.918 1.26238 -1.32
176.158 0.900514 -9.69
99.8117 9.67695 -7.89
173.974 9.84382 -9.43
99.5402 9.51728 -7.79
78.4953 0.441242 -6.86
176.508 0.993667 -9.64
101.042 9.66738 -7.81
174.319 9.80064 -9.39
100.753 9.56125 -7.82
87.6066 1.01312 0.57
176.893 0.862239 -9.66
79.5092 0.471467 -6.95
109.399 9.15971 0.34
174.044 1.22901 -1.38
177.303 0.821134 -9.76
102.078 9.66289 -7.9
101.756 9.55384 -7.96
171.843 9.41079 -0.599998
174.388 1.18583 -1.25
172.244 9.45332 -0.75
88.4208 0.908326 0.580002
110.857 9.27302 0.360001
174.749 1.19911 -1.27
110.571 9.17818 0.310001
103.04 9.62246 -7.93
175.721 9.94199 -9.36
178.339 0.930391 -9.71
102.746 9.49751 -7.92
176.122 9.87078 -9.4
89.5792 0.991619 0.580002
81.3323 0.495596 -7.07
178.731 0.821544 -9.64
111.76 9.2531 0.209999
173.324 9.37187 -0.619999
104.152 9.65391 -7.93
103.866 9.55906 -7.97
90.2282 0.876003 0.560001
81.8494 0.372074 -7.1
176.19 1.24844 -1.25
179.485 0.85101 -9.71
113.063 9.27194 0.32
179.859 0.795697 -9.67
105.272 9.71547 -8.04
104.95 9.61018 -8.05
174.758 9.51237 -0.689999
177.984 9.79913 -9.42
91.2599 0.970207 0.420002
83.0504 0.492155 -7.11
180.517 0.945213 -9.58
82.7313 0.394393 -7.18
175.105 9.47672 -0.809998
114.281 9.33849 0.27
113.998 9.25117 0.240002
177.571 1.31829 -1.3
180.826 0.891592 -9.59
106.314 9.72979 -8.11
106.019 9.60484 -8.04
178.434 9.90103 -9.35
92.2063 0.990834 0.400002
178.672 9.94027 -9.37
181.293 0.9362 -9.59
84.1133 0.581749 -7.16
83.7921 0.47646 -7.24
107.202 9.65718 -8.1
178.292 1.34483 -1.21
181.558 0.955776 -9.6
106.916 9.56234 -8.16
93.0393 0.953784 0.34
179.24 9.88365 -9.34
84.7749 0.511295 -7.25
108.242 9.66774 -8.13
181.845 0.940635 -9.54
107.932 9.60009 -8.22
94.1813 1.09437 0.220001
176.414 9.4044 -0.529999
93.9004 0.900834 0.420002
178.952 1.26685 -1.16
182.247 0.869422 -9.63
85.6414 0.594675 -7.45
85.3409 0.447142 -7.38
117.157 9.18332 0.200001
109.077 9.63445 -8.24
95.0777 1.05187 0.25
180.171 1.21965 -1.13
183.452 0.887044 -9.63
86.5815 0.592721 -7.38
86.2789 0.437662 -7.28
110.604 9.76113 -8.24
110.312 9.6437 -8.21
180.556 1.31949 -1.22
183.848 0.910763 -9.6
109.993 9.54594 -8.25
95.9002 0.977184 0.25
87.5538 0.589922 -7.4
87.2294 0.473343 -7.42
180.95 1.33568 -1.24
184.19 0.973808 -9.64
119.887 9.31633 0.0699997
119.626 9.19429 0.16
181.226 1.27914 -1.19
184.498 0.916423 -9.57
111.525 9.69143 -8.3
111.241 9.60412 -8.35
182.148 9.84514 -9.31
97.0971 1.08221 0.119999
96.7945 0.927152 0.209999
184.741 0.974479 -9.55
88.2703 0.483905 -7.42
182.435 9.82623 -9.3
112.621 9.66643 -8.31
112.334 9.56783 -8.31
182.697 9.95203 -9.37
98.0891 1.0334 0.23
97.7783 0.96575 0.0800018
89.3685 0.583943 -7.52
89.0743 0.458991 -7.47
113.727 9.67907 -8.34
180.604 9.42323 -0.540001
183.182 1.31494 -1.2
186.431 0.983175 -9.59
113.411 9.5926 -8.37
183.606 1.32276 -1.2
186.838 0.930779 -9.52
98.9689 1.0482 0.16
90.1746 0.566556 -7.53
184.637 9.93138 -9.31
89.8856 0.460421 -7.57
114.586 9.61859 -8.35
184.971 9.96432 -9.28
114.274 9.54717 -8.44
187.633 0.875758 -9.5
99.8436 1.04417 0.0699997
91.1314 0.624817 -7.6
188.054 0.872287 -9.69
90.8393 0.507392 -7.61
185.629 9.99632 -9.29
188.27 0.950006 -9.47
124.388 9.28905 -0.0299988
186.007 9.95606 -9.36
115.881 9.72484 -8.43
186.329 9.9476 -9.24
115.565 9.63837 -8.43
100.86 1.08192 0.0600014
91.9022 0.596986 -7.63
186.106 1.33288 -1.19
189.333 0.922088 -9.49
91.6153 0.498378 -7.66
116.871 9.66851 -8.45
187.023 9.88007 -9.21
116.554 9.57827 -8.48
186.44 1.25207 -1.1
101.798 1.07244 0.0200005
101.505 0.955018 0
184.224 9.49491 -0.529999
92.9815 0.629283 -7.63
92.6344 0.547421 -7.74
186.792 1.34899 -1.17
190.035 0.998408 -9.46
126.983 9.29288 -0.0900002
118.386 9.75379 -8.48
187.708 10.0099 -9.23
118.103 9.66647 -8.51
190.341 1.04725 -9.46
103.057 1.16825 -0.119999
102.79 1.02364 -0.00999832
187.437 1.33583 -1.06
190.74 0.968505 -9.52
102.495 0.898685 0.0499992
128.416 9.3121 -0.139999
119.51 9.71288 -8.55
119.221 9.60675 -8.53
191.376 1.03899 -9.37
103.962 1.0421 -0.0599976
94.8939 0.62453 -7.82
120.98 9.75008 -8.5
188.486 1.3765 -1.06
191.765 1.03636 -9.48
120.669 9.68243 -8.59
105.241 1.09191 -0.0499992
186.329 9.48132 -0.5
104.921 0.990381 -0.0999985
188.893 1.3241 -1.07
192.172 0.983969 -9.49
96.072 0.661815 -7.81
95.7799 0.54439 -7.86
122.42 9.79565 -8.57
122.142 9.72715 -8.63
189.257 1.34867 -1.12
192.517 0.940792 -9.41
121.853 9.62102 -8.59
106.353 1.12336 -0.220001
190.169 9.87704 -9.16
97.0286 0.602564 -7.83
96.7396 0.496429 -7.83
132.701 9.32462 -0.149998
190.417 10.0677 -9.31
123.751 9.7986 -8.53
123.442 9.73847 -8.62
193.352 1.02878 -9.4
123.162 9.66245 -8.69
107.274 1.05366 -0.200001
191.081 9.89098 -9.18
98.1433 0.645305 -7.88
97.8242 0.547543 -7.89
190.448 1.31737 -0.959999
193.697 0.985604 -9.37
124.568 9.7051 -8.69
124.282 9.61026 -8.68
191.453 9.94565 -9.17
108.239 1.02452 -0.239998
190.891 1.39293 -1.13
194.101 1.03943 -9.36
98.9742 0.600728 -7.93
191.898 10.0287 -9.2
98.6583 0.514257 -8
126.016 9.78078 -8.65
189.165 9.53191 -0.509998
192.341 9.87304 -9.13
125.702 9.70183 -8.71
125.392 9.63418 -8.78
191.719 1.45457 -1.01
194.986 1.07304 -9.38
192.684 10.0574 -9.17
109.424 1.08815 -0.220001
192.107 1.33443 -0.970001
195.386 0.9943 -9.39
99.9227 0.628882 -7.97
192.969 10.0309 -9.16
195.618 1.12847 -9.34
193.161 10.0221 -9.12
99.6088 0.549937 -8.07
136.633 9.35021 -0.279999
126.801 9.68812 -8.79
100.789 0.59475 -8.03
100.47 0.496988 -8.07
196.304 1.03083 -9.37
128.315 9.76587 -8.75
128.007 9.70575 -8.8
193.934 10.0018 -9.11
127.726 9.62972 -8.87
196.62 1.1173 -9.38
194.354 9.99832 -9.16
111.395 1.05912 -0.279999
193.765 1.46525 -1.03
197.011 1.1222 -9.35
111.079 0.97265 -0.329998
101.768 0.614531 -8.07
101.448 0.516769 -8.1
139.702 9.42123 -0.299999
195.052 10.0558 -9.13
129.727 9.82734 -8.87
194.545 1.35378 -1.02
197.763 1.02663 -9.33
129.411 9.74087 -8.89
129.094 9.65064 -8.89
195.408 9.93653 -9.1
112.573 1.09641 -0.349998
198.069 1.07923 -9.26
112.309 0.963082 -0.259998
102.98 0.658497 -8.03
102.666 0.579552 -8.15
102.377 0.473417 -8.18
192.862 9.64706 -0.259998
196.104 9.99026 -9.04
140.916 9.35521 -0.34
195.547 1.45636 -0.950001
198.787 1.09449 -9.24
196.478 10.0525 -9.05
131.08 9.79558 -8.86
199.176 1.09186 -9.3
130.794 9.69697 -8.82
130.483 9.62931 -8.87
199.55 1.15406 -9.29
197.263 9.95981 -9.11
199.895 1.11088 -9.24
197.563 9.98983 -9.02
113.579 0.982776 -0.259998
200.228 1.14382 -9.19
197.904 10.0491 -9.05
103.77 0.584659 -8.16
142.778 9.40483 -0.32
132.881 9.85442 -8.77
198.265 9.94864 -9.01
132.57 9.78677 -8.81
131.986 9.66943 -8.93
195.447 9.61325 -0.380001
198.619 9.93557 -9.04
115.188 1.16797 -0.41
114.896 1.05055 -0.360001
198.053 1.37155 -0.869999
201.305 1.05108 -9.19
105.022 0.654123 -8.25
144.315 9.44787 -0.41
195.727 9.568 -0.279999
133.977 9.82942 -8.9
201.605 1.19485 -9.25
199.224 10.0144 -8.94
133.693 9.7421 -8.9
198.657 1.44288 -0.790001
201.925 1.06511 -9.11
133.412 9.66608 -8.91
202.236 1.13277 -9.14
116.278 1.12416 -0.369999
106.006 0.575209 -8.18
146.112 9.49542 -0.369999
200.241 10.0559 -8.96
145.835 9.43069 -0.380001
203.036 0.975287 -9.21
135.349 9.86539 -9.03
135.087 9.7396 -8.9
200.673 10.0901 -9.06
134.778 9.67947 -8.94
203.431 0.999006 -9.21
117.314 1.1159 -0.450001
107.162 0.650975 -8.29
201.036 10.1147 -8.89
106.845 0.560739 -8.33
136.609 9.84745 -8.96
136.327 9.76766 -8.98
204.182 1.01718 -9.16
136.038 9.66153 -8.91
118.173 1.05542 -0.48
201.76 10.035 -8.92
108.138 0.659465 -8.34
204.469 1.11579 -9.09
107.82 0.56923 -8.39
202.055 10.0462 -8.92
149.039 9.52466 -0.439999
202.332 9.99342 -8.85
138.109 9.87628 -8.96
201.844 1.47287 -0.869999
205.051 1.10809 -9.12
202.613 10.0695 -8.91
202.979 9.98779 -8.85
137.797 9.80486 -9
205.729 1.09785 -9.09
137.517 9.72883 -9.01
203.365 9.97388 -8.89
119.427 1.13241 -0.559998
206.143 0.950522 -9.12
119.143 1.0451 -0.57
109.151 0.68969 -8.44
203.673 10.1478 -8.9
108.859 0.572265 -8.39
206.448 0.999359 -9.06
108.567 0.45484 -8.34
150.311 9.4306 -0.43
204.032 10.0398 -8.88
139.737 9.89796 -8.91
203.525 1.45146 -0.82
206.765 1.08959 -9.11
139.459 9.83322 -8.96
139.153 9.78062 -9.05
138.862 9.66696 -8.95
201.391 9.64284 -0.16
204.598 9.9756 -8.91
204.116 1.36012 -0.77
207.321 0.987807 -9.01
110.217 0.673062 -8.45
109.925 0.555637 -8.43
204.859 10.0976 -8.84
152.366 9.47139 -0.360001
204.402 1.45496 -0.799999
207.645 1.10439 -9.1
152.057 9.41126 -0.399998
141.298 9.9138 -8.99
141.02 9.8453 -9.01
140.736 9.75798 -8.97
204.658 1.44443 -0.66
207.932 1.08548 -9
140.424 9.68656 -8.99
205.527 10.0498 -8.83
140.129 9.67536 -9.2
121.706 1.046 -0.610001
111.209 0.624256 -8.49
110.917 0.50683 -8.48
205.363 1.41453 -0.73
208.598 1.03384 -8.93
154.087 9.47924 -0.439999
206.141 10.1587 -8.9
142.645 9.85945 -9.04
142.334 9.78803 -9.05
208.935 1.07807 -9.08
142.023 9.72038 -9.08
123.28 1.10701 -0.540001
123.001 1.03851 -0.619999
206.012 1.41266 -0.700001
209.197 1.08636 -8.92
112.668 0.737568 -8.58
112.404 0.604244 -8.49
206.32 1.47279 -0.73
209.585 1.08373 -9.01
112.07 0.571306 -8.69
155.765 9.4503 -0.41
155.487 9.3818 -0.41
144.41 9.90785 -9.02
209.905 1.06775 -8.93
144.137 9.85817 -9.08
143.856 9.78214 -9.08
143.553 9.74083 -9.17
124.733 1.2015 -0.689999
204.788 9.61046 -0.0999985
208.003 9.97333 -8.79
124.455 1.133 -0.739998
113.999 0.740516 -8.48
113.718 0.664489 -8.56
113.409 0.604361 -8.66
205.223 9.65591 -0.0499992
208.404 10.0159 -8.73
157.856 9.50153 -0.43
211.157 1.0197 -8.84
157.574 9.42174 -0.399998
146.167 9.92615 -9.04
205.674 9.53032 -0.0599976
145.892 9.86894 -9.08
145.586 9.8201 -9.13
208.323 1.44292 -0.59
211.569 1.10363 -8.92
145.302 9.73278 -9.09
209.144 10.1102 -8.74
114.888 0.671667 -8.6
208.642 1.54068 -0.57
211.894 1.22021 -8.9
114.601 0.573059 -8.65
209.465 9.98042 -8.73
159.531 9.4613 -0.41
209.006 1.4515 -0.68
212.165 1.14486 -8.82
159.233 9.43881 -0.529999
147.445 9.85467 -9.1
147.138 9.80207 -9.14
146.86 9.73357 -9.16
127.316 1.1564 -0.66
209.956 10.1153 -8.69
127.008 1.10004 -0.739998
116.299 0.733138 -8.61
115.989 0.665483 -8.68
210.218 10.1236 -8.61
213.063 1.22739 -8.92
115.7 0.559349 -8.67
210.201 1.43149 -0.579998
213.422 1.11562 -8.81
161.616 9.49372 -0.389999
210.997 10.1259 -8.6
213.806 1.21546 -8.86
149.217 9.92942 -9.16
148.961 9.8262 -9.06
148.691 9.78781 -9.14
128.579 1.14975 -0.66
210.974 1.52869 -0.579998
214.156 1.1911 -8.76
211.743 10.1253 -8.59
117.275 0.741629 -8.81
117.014 0.619594 -8.73
163.507 9.52744 -0.41
212.074 10.0332 -8.55
214.871 1.07755 -8.78
163.226 9.45142 -0.389999
150.641 9.91854 -9.26
212.35 10.0904 -8.55
211.916 1.53427 -0.52
215.162 1.19122 -8.83
150.352 9.8124 -9.14
150.084 9.78154 -9.25
213.025 10.0688 -8.59
129.858 1.19956 -0.799999
129.569 1.09342 -0.73
213.312 10.1675 -8.55
129.29 1.02492 -0.790001
118.399 0.700728 -8.76
118.11 0.594593 -8.74
213.678 10.0858 -8.58
216.465 1.21383 -8.71
214.005 10.0962 -8.59
165.409 9.48506 -0.389999
152.62 9.91962 -9.12
216.758 1.2175 -8.67
214.312 10.1488 -8.45
152.347 9.86993 -9.2
152.041 9.8211 -9.22
151.757 9.73378 -9.16
214.664 10.1319 -8.45
131.281 1.18491 -0.759998
214.231 1.57581 -0.360001
217.449 1.25242 -8.6
130.995 1.09007 -0.75
211.863 9.73924 0.200001
215.072 10.0833 -8.44
217.887 1.07791 -8.6
119.877 0.768034 -8.77
119.568 0.707906 -8.87
119.279 0.601771 -8.8
167.926 9.5554 -0.360001
215.026 1.52079 -0.439999
218.237 1.1673 -8.63
167.631 9.5442 -0.48
215.753 10.0806 -8.38
154.579 9.96671 -9.17
218.587 1.14294 -8.63
154.267 9.89529 -9.14
153.992 9.83808 -9.18
153.681 9.77042 -9.21
132.645 1.19078 -0.84
120.968 0.724216 -8.83
120.676 0.606791 -8.77
170 9.55018 -0.439999
216.046 1.56983 -0.419998
219.231 1.24353 -8.55
216.748 10.0431 -8.39
169.713 9.45157 -0.34
216.371 1.57267 -0.470001
219.515 1.2171 -8.53
156.285 9.9181 -9.2
156.006 9.8496 -9.19
216.636 1.47849 -0.34
219.88 1.12791 -8.62
155.728 9.7811 -9.18
214.222 9.70759 0.209999
217.428 10.0404 -8.46
122.47 0.760568 -8.84
122.162 0.704204 -8.92
121.867 0.575488 -8.86
172.405 9.56661 -0.43
158.629 9.95128 -9.09
158.334 9.94007 -9.22
158.047 9.84147 -9.12
214.978 9.74458 0.170002
218.149 10.0669 -8.37
157.749 9.81897 -9.24
123.807 0.786097 -8.96
123.52 0.687489 -8.93
218.483 10.0998 -8.39
123.239 0.611461 -8.98
160.238 9.90521 -9.2
159.961 9.84048 -9.19
159.693 9.80961 -9.28
159.406 9.711 -9.15
221.86 1.25027 -8.46
137.036 1.12088 -0.82
125.028 0.746421 -8.98
124.741 0.647813 -8.96
222.13 1.28866 -8.45
177.949 9.67493 -0.329998
219.613 10.199 -8.33
177.376 9.59523 -0.389999
162.581 9.93086 -9.03
162.286 9.91966 -9.14
162.013 9.86997 -9.18
219.966 10.186 -8.27
219.615 1.57462 -0.299999
222.822 1.20984 -8.48
161.718 9.85877 -9.29
138.922 1.2533 -0.889999
138.61 1.18189 -0.93
219.975 1.5879 -0.360001
138.302 1.12176 -0.959999
126.218 0.707592 -8.96
217.989 9.72612 0.260002
221.141 10.0944 -8.31
125.926 0.590167 -8.88
179.308 9.54447 -0.439999
221.408 10.2391 -8.18
164.22 9.99394 -9.3
224.273 1.17929 -8.31
163.931 9.8878 -9.17
221.783 10.1875 -8.2
163.631 9.85778 -9.26
221.412 1.62218 -0.189999
224.6 1.30716 -8.34
163.355 9.79681 -9.28
222.155 10.1247 -8.15
139.761 1.12132 -0.98
221.762 1.59782 -0.139999
225.041 1.25768 -8.45
127.698 0.782425 -9.02
127.411 0.683817 -8.97
306.18 10.2978 5.57
225.311 1.29608 -8.36
182.081 9.60428 -0.32
166.193 9.97244 -9.17
225.631 1.28009 -8.3
165.893 9.94242 -9.23
165.642 9.85802 -9.18
165.344 9.83552 -9.26
141.431 1.17602 -0.91
226.006 1.22854 -8.31
129.111 0.847659 -9.04
223.439 10.1933 -8.11
128.824 0.749051 -9.01
128.546 0.680551 -9.07
303.389 10.2953 5.27
184.89 9.67453 -0.329998
184.614 9.61356 -0.309998
168.519 10.0554 -9.18
168.235 9.96806 -9.09
167.937 9.94557 -9.21
167.662 9.88836 -9.21
167.385 9.82739 -9.2
227.254 1.28671 -8.19
143.005 1.23703 -0.98
142.724 1.161 -0.959999
224.43 1.51255 -0.0999985
227.613 1.17495 -8.21
129.92 0.72405 -9.1
129.628 0.606625 -9.01
227.889 1.11841 -8.14
315.466 10.6831 -1.11
225.364 10.1162 -8.1
315.188 10.7321 -1.14
314.93 10.7389 -1.06
314.654 10.7954 -1.11
314.411 10.8549 -1.18
228.465 1.32315 -8.11
314.132 10.9001 -1.19
300.093 10.3402 4.95
299.837 10.3507 5
225.678 1.56696 -0.0400009
228.886 1.20593 -8.17
187.743 9.66783 -0.27
226.388 10.184 -8.01
187.446 9.6491 -0.309998
170.188 9.99257 -9.22
226.858 10.1262 -8.1
229.667 1.21574 -8.14
169.907 9.91654 -9.17
227.147 10.2323 -7.94
169.609 9.89405 -9.26
226.842 1.66907 -0.0200005
230.02 1.31642 -8.08
169.337 9.84813 -9.25
144.459 1.21778 -1
227.552 10.1724 -7.91
131.395 0.780066 -9.15
230.447 1.21801 -8.07
312.966 10.673 -1.37
227.904 10.2693 -7.93
312.682 10.7032 -1.36
312.4 10.7371 -1.34
312.127 10.805 -1.43
311.875 10.8343 -1.4
296.867 10.2847 4.79
231.204 1.14126 -8.09
190.967 9.71579 -0.200001
190.695 9.66987 -0.169998
190.422 9.62019 -0.149998
231.457 1.23695 -8.03
189.854 9.5593 -0.239998
172.826 10.0294 -9.11
229.24 10.1773 -7.86
172.525 9.9994 -9.16
172.249 9.93843 -9.14
171.979 9.90003 -9.19
229.593 10.278 -7.88
171.703 9.84282 -9.18
229.346 1.57673 0.0400009
232.553 1.21195 -8.07
146.221 1.25489 -0.989998
226.89 9.77281 0.560001
230.009 10.142 -7.91
145.935 1.16004 -0.939999
229.698 1.5599 0.100002
232.832 1.28045 -7.98
133.029 0.824324 -9.1
132.749 0.748297 -9.12
310.734 10.58 -1.56
310.458 10.6365 -1.59
230.621 10.1259 -7.84
310.175 10.6705 -1.59
230.897 10.1869 -7.82
309.927 10.7111 -1.63
230.581 1.58598 0.190002
233.745 1.29816 -7.91
234.048 1.33947 -7.85
309.645 10.7451 -1.62
309.363 10.7828 -1.62
231.566 10.1428 -7.76
293.653 10.2743 4.39
231.245 1.64057 0.170002
234.427 1.30297 -7.94
293.388 10.2548 4.53
231.6 1.63503 0.260002
234.761 1.33591 -7.83
194.342 9.72189 -0.0900002
232.26 10.3065 -7.88
194.069 9.67221 -0.0900002
231.958 1.63701 0.209999
235.116 1.33037 -7.86
175.9 10.1193 -8.98
232.558 10.2115 -7.7
175.329 10.0508 -9.08
235.5 1.19518 -7.88
175.056 10.0012 -9.09
232.917 10.2172 -7.81
174.728 9.98703 -9.2
232.584 1.67362 0.25
174.452 9.92982 -9.18
174.147 9.88099 -9.18
233.154 10.2527 -7.67
147.691 1.17834 -0.950001
236.061 1.34723 -7.86
134.39 0.818899 -9.18
233.193 1.64626 0.299999
236.338 1.29069 -7.72
233.719 10.3023 -7.6
134.136 0.723209 -9.14
133.853 0.635891 -9.11
236.646 1.35082 -7.74
307.445 10.6512 -1.93
234.097 10.262 -7.7
307.167 10.7002 -1.96
306.888 10.7455 -1.98
237.38 1.19127 -7.77
306.633 10.7635 -1.94
306.377 10.7741 -1.91
197.808 9.70288 -0.0699997
178.234 10.1148 -9.11
235.111 10.1747 -7.64
177.927 10.0622 -9.09
238.013 1.25046 -7.7
177.657 10.0238 -9.15
177.357 9.99378 -9.18
177.081 9.93656 -9.19
176.803 9.86806 -9.11
150.072 1.33947 -0.970001
238.749 1.21219 -7.62
149.82 1.2513 -0.939999
236.146 10.284 -7.55
149.52 1.22128 -1.02
136.148 0.840957 -9.15
235.943 1.61951 0.369999
239.101 1.31287 -7.7
135.839 0.780829 -9.18
236.488 10.2295 -7.53
135.564 0.723619 -9.25
239.379 1.38137 -7.58
236.798 10.1759 -7.46
304.774 10.6077 -2.23
304.516 10.6144 -2.16
304.273 10.6739 -2.25
237.097 10.3197 -7.48
304.024 10.7108 -2.27
303.488 10.7666 -2.28
236.883 1.61756 0.450001
240.038 1.29962 -7.56
237.45 10.1891 -7.44
286.089 10.1357 3.89
285.034 10.1899 3.95
284.782 10.2193 3.93
240.758 1.2049 -7.57
284.523 10.2185 3.97
202.366 9.76508 0.0499992
201.536 9.69591 -0.0400009
238.519 10.1838 -7.38
180.781 10.0592 -9.02
180.513 10.0284 -9.06
180.243 9.98999 -9.08
238.903 10.2836 -7.4
179.974 9.95912 -9.14
238.676 1.65006 0.52
241.834 1.34342 -7.44
179.677 9.94039 -9.18
239.319 10.2613 -7.41
179.399 9.87189 -9.14
242.286 1.21782 -7.52
151.608 1.26499 -1.04
151.326 1.1852 -1.01
239.479 1.62138 0.5
151.023 1.14388 -1.07
239.992 10.2323 -7.37
137.528 0.789525 -9.18
242.946 1.26112 -7.48
137.25 0.721024 -9.21
136.946 0.679714 -9.28
243.231 1.23469 -7.52
301.437 10.6233 -2.54
301.183 10.6414 -2.5
300.898 10.6678 -2.51
240.241 1.68096 0.600002
243.366 1.37139 -7.37
300.624 10.7319 -2.59
240.685 10.2747 -7.28
300.337 10.7508 -2.55
280.927 10.1197 3.61
280.38 10.134 3.68
240.804 1.72302 0.639999
279.879 10.2003 3.57
241.404 10.2937 -7.29
205.689 9.70052 0.0400009
183.846 10.119 -9.01
183.549 10.1002 -9.09
241.808 10.3475 -7.31
241.627 1.64834 0.66
244.757 1.3576 -7.29
183.273 10.0393 -9.04
183.008 10.0197 -9.12
242.045 1.63734 0.670002
245.222 1.28093 -7.36
239.518 9.92628 1.08
242.568 10.2821 -7.18
182.735 9.97 -9.1
182.457 9.90527 -9.03
153.572 1.33089 -1.09
242.667 1.77265 0.720001
139.015 0.769426 -9.21
298.34 10.5682 -2.84
298.092 10.6088 -2.87
246.182 1.23297 -7.25
297.808 10.6353 -2.85
243.487 10.3186 -7.09
297.553 10.6533 -2.85
297.272 10.691 -2.85
243.353 1.67501 0.709999
243.883 10.2286 -7.07
296.99 10.7288 -2.9
243.712 1.68075 0.720001
246.865 1.35529 -7.24
296.713 10.7815 -2.96
275.558 10.056 3.33
244.181 10.3648 -7.06
244.035 1.67606 0.779999
247.13 1.37487 -7.1
275.004 10.1653 3.08
244.482 10.2811 -7.04
274.742 10.157 3.15
247.471 1.43415 -7.2
274.483 10.1563 3.18
273.687 10.2113 3.12
244.576 1.6391 0.959999
273.397 10.2189 3.14
212.507 9.83983 0.25
212.212 9.82863 0.23
248.059 1.33528 -7.09
211.371 9.72182 0.299999
186.795 10.1097 -9
245.24 1.69368 0.799999
248.365 1.38412 -7.11
186.5 10.0985 -9.08
185.916 9.98118 -9
245.755 10.1946 -7.02
185.651 9.96161 -9.07
248.698 1.29955 -7.01
185.375 9.90063 -9.03
155.712 1.32774 -1
249.057 1.30529 -7.03
140.884 0.841633 -9.27
140.57 0.762688 -9.27
246.281 1.70424 0.869999
249.439 1.3976 -7.11
140.264 0.713851 -9.33
246.796 10.2051 -6.92
294.422 10.5915 -3.16
294.138 10.618 -3.16
293.856 10.6557 -3.18
293.572 10.6821 -3.21
293.322 10.719 -3.25
267.973 10.0771 2.83
250.469 1.25301 -6.98
267.684 10.0847 2.82
247.796 10.3002 -6.87
267.118 10.1489 2.69
266.853 10.1293 2.77
248.107 10.3716 -6.76
218.94 9.87931 0.420002
218.392 9.77242 0.59
248.06 1.68782 0.91
190.211 10.1451 -8.93
189.938 10.0954 -8.94
248.525 10.3568 -6.8
189.632 10.0466 -8.9
189.332 10.0165 -8.94
251.565 1.34553 -6.91
188.774 9.99329 -9.11
248.976 10.2312 -6.87
157.354 1.2846 -1.08
157.079 1.22739 -1.07
248.836 1.67881 0.970001
251.926 1.3588 -6.89
142.845 0.896248 -9.2
246.265 9.92719 1.36
249.29 10.3102 -6.8
142.57 0.839038 -9.26
142.296 0.789355 -9.34
142.012 0.702037 -9.28
249.492 1.70328 1.04
252.615 1.3862 -6.87
290.973 10.5532 -3.5
290.686 10.5684 -3.46
249.878 10.3251 -6.71
249.833 1.64882 0.970001
290.429 10.5789 -3.46
250.195 10.2978 -6.72
290.148 10.6166 -3.49
250.043 1.82147 1.08
253.135 1.50899 -6.74
289.871 10.6732 -3.58
289.587 10.6996 -3.59
253.533 1.30521 -6.77
258.978 10.0367 2.25
250.774 10.3963 -6.65
257.622 10.061 2.21
257.34 10.0987 2.12
250.705 1.75101 1.15
253.767 1.44691 -6.61
257.051 10.1063 2.14
255.692 10.1192 2.1
254.122 1.44137 -6.69
255.14 10.1186 2.1
254.851 10.1262 2.1
248.508 9.94784 1.37
251.488 10.2828 -6.66
228.641 9.8898 0.91
228.354 9.90494 0.84
227.497 9.85543 0.830002
226.677 9.82389 0.77
252.133 10.3834 -6.6
225.534 9.79705 0.66
252.077 1.66947 1.21
255.162 1.33065 -6.57
193.343 10.0931 -8.81
193.041 10.0556 -8.81
249.878 9.97253 1.65
252.909 10.3743 -6.59
192.756 10.082 -8.99
255.932 1.30282 -6.58
192.483 10.0323 -8.96
192.188 10.0211 -9.01
253.137 1.74778 1.22
256.219 1.40143 -6.57
159.715 1.37422 -1.07
253.521 10.362 -6.5
159.401 1.29528 -1
159.126 1.23807 -1.05
144.373 0.909174 -9.34
253.858 10.2887 -6.54
144.089 0.821856 -9.33
256.831 1.38535 -6.53
143.781 0.761729 -9.34
286.973 10.5143 -3.81
286.693 10.5595 -3.85
286.407 10.5784 -3.86
254.407 10.3956 -6.47
286.124 10.6124 -3.9
285.838 10.6313 -3.86
285.592 10.6795 -3.97
257.788 1.3261 -6.4
197.753 10.2047 -8.73
252.108 9.94426 1.62
255.065 10.3139 -6.41
197.155 10.156 -8.78
255.387 10.4229 -6.41
196.614 10.0754 -8.78
196.347 10.0483 -8.8
255.262 1.80945 1.6
196.054 10.0446 -8.87
161.08 1.26634 -1.12
255.732 10.3798 -6.38
145.985 0.874401 -9.32
145.68 0.825563 -9.34
255.712 1.67633 1.38
145.401 0.757063 -9.35
282.978 10.4942 -4.22
256.043 10.4474 -6.32
282.713 10.4746 -4.11
282.182 10.5492 -4.23
281.899 10.5831 -4.26
256.376 10.4804 -6.32
281.618 10.6209 -4.32
281.353 10.6013 -4.23
256.715 10.4146 -6.3
280.817 10.6571 -4.28
259.733 1.55553 -6.38
201.716 10.2257 -8.7
201.451 10.2061 -8.73
257.09 10.2493 -6.31
200.907 10.1181 -8.67
200.615 10.1181 -8.75
256.955 1.82944 1.5
200.017 10.0656 -8.77
163.795 1.35042 -0.98
163.498 1.33169 -1.08
163.225 1.28201 -1.09
257.587 10.4031 -6.16
162.946 1.21351 -1.06
147.71 0.89354 -9.34
147.426 0.806223 -9.3
147.12 0.757385 -9.34
277.984 10.5003 -4.6
261.007 1.35525 -6.25
277.724 10.4995 -4.59
277.44 10.5259 -4.6
277.162 10.5749 -4.7
276.891 10.5365 -4.56
276.617 10.6006 -4.68
276.358 10.5999 -4.65
258.969 10.4729 -6.16
276.101 10.6104 -4.64
258.942 1.74312 1.65
262.04 1.45322 -6.2
206.353 10.2214 -8.47
206.063 10.229 -8.55
262.405 1.48531 -6.18
205.793 10.1906 -8.52
259.716 10.3585 -6.07
205.523 10.1522 -8.51
262.78 1.43376 -6.1
205.256 10.1251 -8.5
204.665 10.0989 -8.6
204.373 10.099 -8.69
259.961 1.79216 1.71
204.094 10.0305 -8.58
260.258 1.81089 1.71
203.808 10.0494 -8.71
165.744 1.35987 -1.03
260.568 10.5067 -6.02
165.474 1.32148 -1.09
263.69 1.44018 -6.07
165.192 1.24169 -0.989998
149.328 0.881348 -9.35
258.002 10.0282 1.94
260.987 10.382 -6.08
149.021 0.828747 -9.4
260.856 1.8634 1.83
263.981 1.55384 -6.01
148.738 0.741429 -9.34
148.465 0.695509 -9.4
258.294 10.0281 2.04
261.249 10.3903 -5.95
272.169 10.4673 -5.01
264.286 1.4814 -5.93
271.918 10.4966 -5.04
271.663 10.5147 -5.08
271.403 10.5139 -5.05
271.117 10.5328 -5.05
261.853 10.4616 -5.91
270.837 10.5781 -5.15
270.546 10.5782 -5.11
261.898 1.76021 1.81
264.966 1.47869 -5.93
270.291 10.5962 -5.13
262.203 10.4372 -5.87
212.144 10.2853 -8.3
262.21 1.83163 1.85
211.876 10.2545 -8.31
259.612 9.98593 2.16
262.578 10.3857 -5.9
211.586 10.2621 -8.41
265.688 1.39149 -5.97
211.286 10.232 -8.38
259.942 10.0076 2.25
262.93 10.3688 -5.84
211.018 10.2012 -8.36
262.904 1.87784 1.84
265.933 1.57459 -5.8
263.308 10.3286 -5.79
210.778 10.1544 -8.32
260.677 10.083 2.18
263.607 10.4723 -5.74
210.491 10.1733 -8.41
266.737 1.43216 -5.83
261.142 10.0064 2.04
264.029 10.3551 -5.72
210.223 10.1425 -8.43
263.975 1.88003 2.04
267.065 1.56003 -5.73
209.933 10.1501 -8.52
209.631 10.1125 -8.46
264.416 10.4663 -5.78
264.357 1.85483 2.06
168.162 1.42523 -1.1
167.884 1.35673 -1.08
167.578 1.30789 -1.08
262.177 10.1119 2.24
265.107 10.5012 -5.72
268.237 1.46099 -5.75
151.388 0.940952 -9.38
151.079 0.880824 -9.39
150.776 0.839514 -9.46
150.501 0.782304 -9.49
267.22 10.4002 -5.5
265.691 1.86907 2.05
266.985 10.3722 -5.42
266.701 10.3987 -5.45
265.984 10.5047 -5.68
266.447 10.4205 -5.48
266.152 10.4093 -5.43
265.875 10.4621 -5.57
265.583 10.4621 -5.5
266.663 10.3807 -5.61
265.332 10.4915 -5.58
265.067 10.4719 -5.51
264.033 10.0214 2.41
266.958 10.3919 -5.52
264.809 10.4787 -5.53
264.531 10.5277 -5.61
264.271 10.5269 -5.6
263.978 10.5233 -5.58
218.249 10.3107 -8.15
217.664 10.3071 -8.23
264.771 9.99066 2.3
267.699 10.3724 -5.62
217.386 10.2386 -8.12
270.755 1.41758 -5.51
217.123 10.2265 -8.16
216.831 10.2266 -8.21
216.568 10.2146 -8.22
216.303 10.195 -8.24
267.973 1.79395 2.26
271.044 1.52371 -5.5
216.014 10.2026 -8.31
215.741 10.1567 -8.24
215.443 10.1342 -8.26
271.341 1.54244 -5.51
215.175 10.1033 -8.25
170.324 1.3836 -1
170.024 1.35358 -1.03
169.754 1.31518 -1.06
268.626 1.8109 2.24
271.659 1.51893 -5.42
153 0.906178 -9.37
268.895 10.4737 -5.39
152.416 0.788841 -9.43
259.933 10.3225 -5.91
269.258 10.4983 -5.42
259.648 10.3489 -5.95
259.099 10.3558 -5.95
269.322 1.86464 2.3
272.33 1.59986 -5.37
258.844 10.3738 -5.99
258.554 10.3814 -6
258.298 10.392 -6
258.011 10.4109 -6.06
269.901 10.3601 -5.33
257.715 10.3959 -6.02
257.428 10.4148 -6.04
257.174 10.4329 -6.08
270.185 10.4474 -5.37
256.914 10.4321 -6.09
256.663 10.4615 -6.17
270.437 10.4218 -5.27
256.371 10.4615 -6.13
256.081 10.4692 -6.16
273.616 1.44098 -5.3
255.816 10.4496 -6.11
255.534 10.4835 -6.21
270.806 10.3477 -5.25
254.982 10.4829 -6.17
270.812 1.85583 2.45
273.9 1.5283 -5.25
254.728 10.5009 -6.22
268.129 10.0541 2.76
271.114 10.4078 -5.25
254.441 10.5198 -6.26
274.216 1.50102 -5.24
228.095 10.3742 -7.64
227.548 10.3886 -7.76
268.488 10.0598 2.71
271.413 10.4303 -5.2
227.247 10.3586 -7.71
226.395 10.3279 -7.76
226.127 10.297 -7.72
225.868 10.2963 -7.78
225.598 10.2579 -7.71
274.84 1.52634 -5.14
225.311 10.2768 -7.79
225.018 10.2731 -7.83
224.718 10.2431 -7.79
272.173 1.8504 2.45
275.192 1.50951 -5.1
224.431 10.262 -7.9
272.435 10.3731 -5.12
224.161 10.2236 -7.84
275.547 1.50397 -5.15
223.903 10.2304 -7.92
269.875 10.0347 2.71
272.795 10.3864 -5.13
272.825 1.9811 2.5
223.633 10.192 -7.87
223.346 10.2109 -7.96
273.109 10.4653 -5.06
223.081 10.1913 -7.95
273.197 1.91826 2.59
276.265 1.63674 -5.15
222.786 10.1801 -7.96
273.445 10.5058 -5.06
222.488 10.1576 -7.96
222.188 10.1276 -7.93
221.903 10.154 -8.06
273.782 10.4363 -5.03
172.206 1.38722 -1.07
273.837 1.88629 2.69
276.93 1.57757 -5.11
171.931 1.33001 -1.05
171.631 1.29999 -1.08
154.922 0.935296 -9.28
154.621 0.901512 -9.36
271.483 10.0986 2.83
274.349 10.4934 -4.97
154.318 0.863965 -9.42
274.461 1.79786 2.72
277.523 1.49376 -5
274.653 10.5347 -5
154.015 0.822655 -9.51
249.833 10.277 -6.6
272.114 10.0366 2.83
274.981 10.4313 -4.97
248.993 10.2915 -6.66
275.213 10.5655 -4.93
248.449 10.3171 -6.77
275.307 1.92349 2.78
248.176 10.2674 -6.63
275.511 10.588 -4.89
247.892 10.2976 -6.69
247.634 10.3044 -6.75
275.674 1.84183 2.77
278.709 1.56115 -4.86
247.05 10.3008 -6.74
275.825 10.4357 -4.85
246.765 10.3272 -6.82
275.972 1.86432 2.76
278.996 1.54225 -4.86
246.503 10.319 -6.82
246.242 10.3107 -6.8
245.952 10.3183 -6.81
279.247 1.5129 -4.76
245.689 10.3062 -6.8
273.492 10.0913 3.03
276.415 10.4581 -4.85
245.427 10.298 -6.79
279.553 1.67925 -4.84
245.139 10.3131 -6.84
273.828 10.0181 3.09
276.758 10.4074 -4.83
244.847 10.3132 -6.87
276.855 1.8904 2.81
279.879 1.56833 -4.75
244.555 10.3095 -6.87
277.11 10.3905 -4.8
244.293 10.3012 -6.86
244.008 10.3277 -6.94
243.743 10.3081 -6.89
277.422 10.4619 -4.68
243.484 10.3073 -6.91
280.611 1.51876 -4.73
243.194 10.3149 -6.94
242.902 10.315 -6.95
277.983 1.86456 2.85
280.942 1.54041 -4.6
242.609 10.3113 -6.96
242.347 10.3031 -6.96
278.253 2.02046 2.95
242.057 10.3107 -7
241.767 10.3183 -7.04
241.505 10.3062 -7.03
241.245 10.3055 -7.05
278.628 1.8514 3
281.687 1.53977 -4.64
240.956 10.3169 -7.08
278.813 10.4482 -4.6
278.983 1.84586 2.98
281.98 1.54345 -4.54
240.666 10.3245 -7.1
276.3 10.0441 3.19
240.398 10.2936 -7.08
279.275 1.96328 3.03
240.112 10.3125 -7.15
276.552 10.1323 3.25
279.449 10.5186 -4.61
239.824 10.3277 -7.19
282.672 1.46462 -4.55
276.827 10.1895 3.25
279.727 10.5871 -4.6
239.559 10.3081 -7.17
239.297 10.2998 -7.16
239.007 10.3074 -7.2
280.044 10.5599 -4.53
238.742 10.2878 -7.18
238.447 10.2766 -7.16
280.177 1.9396 3.13
238.16 10.2918 -7.23
237.876 10.322 -7.33
280.43 10.5459 -4.65
237.605 10.2798 -7.26
283.571 1.54715 -4.44
237.316 10.2912 -7.29
237.053 10.2791 -7.29
236.797 10.2897 -7.34
283.943 1.48431 -4.37
236.502 10.2785 -7.34
236.209 10.2748 -7.35
235.924 10.3012 -7.47
281.234 2.01037 3.09
235.624 10.2712 -7.4
281.34 10.5524 -4.38
235.359 10.2516 -7.39
235.099 10.2509 -7.41
234.553 10.269 -7.52
234.283 10.2306 -7.44
284.891 1.51247 -4.34
233.985 10.2081 -7.42
282.002 10.4857 -4.43
233.403 10.2158 -7.49
285.178 1.49356 -4.29
233.14 10.2038 -7.5
282.219 10.5672 -4.34
232.324 10.1835 -7.52
282.459 1.86447 3.24
174.43 1.45388 -1.08
282.534 10.5324 -4.27
173.904 1.31227 -0.959999
156.298 0.986323 -9.5
282.925 10.4235 -4.35
155.709 0.850168 -9.49
286.146 1.47571 -4.31
155.427 0.770377 -9.44
176.809 1.37622 -0.809998
176.525 1.40266 -1.03
283.374 2.00722 3.19
286.325 1.65297 -4.1
176.224 1.37264 -1.08
283.414 10.5471 -4.25
157.805 0.920216 -9.48
283.623 1.96658 3.31
157.524 0.844189 -9.43
178.995 1.42115 -1.03
286.951 1.57207 -4.13
178.721 1.37147 -1.03
281.266 10.1714 3.43
284.032 10.5536 -4.13
159.963 0.984809 -9.51
159.655 0.924682 -9.5
284.431 10.4711 -4.11
287.61 1.60784 -4.06
159.374 0.848654 -9.47
159.104 0.810261 -9.51
281.875 10.2616 3.56
158.795 0.750134 -9.5
301.487 2.0545 4.77
284.954 1.9733 3.43
301.232 2.07256 4.8
285.023 10.6186 -4.03
300.984 2.1132 4.75
285.276 1.96484 3.48
288.237 1.64822 -3.93
300.705 2.15845 4.73
300.161 2.18412 4.81
285.695 1.95384 3.32
288.612 1.59667 -3.97
182.194 1.49631 -1
181.916 1.42781 -0.93
161.969 0.966228 -9.49
161.719 0.881828 -9.4
285.976 1.91612 3.46
161.42 0.859334 -9.49
283.267 10.134 3.57
286.03 10.505 -3.97
286.26 2.00343 3.5
289.254 1.68973 -3.94
161.117 0.818024 -9.53
286.341 10.5764 -3.96
297.581 2.123 4.43
286.607 1.96778 3.49
297.325 2.13353 4.48
283.893 10.0531 3.71
185.305 1.48283 -0.860001
286.897 1.96017 3.6
289.834 1.6745 -3.75
184.736 1.42195 -0.950001
287.033 10.4976 -3.92
184.436 1.39193 -0.950001
287.249 2.06085 3.51
164.238 0.959695 -9.4
284.572 10.1641 3.68
287.342 10.5577 -3.91
163.934 0.918385 -9.46
287.536 2.04194 3.68
163.626 0.858257 -9.45
290.943 1.58091 -3.79
163.352 0.808574 -9.48
288.118 10.4349 -3.95
294.666 2.02141 4.2
288.266 1.98485 3.71
293.843 2.0961 4.21
285.515 10.1697 3.83
288.344 10.5465 -3.83
288.594 1.99897 3.66
291.591 1.6928 -3.78
293.03 2.20465 4.14
188.619 1.50568 -0.82
188.33 1.5133 -0.93
291.89 1.60154 -3.69
188.056 1.46361 -0.899998
187.784 1.41769 -0.899998
286.138 10.195 3.87
288.964 10.5605 -3.75
289.211 2.00172 3.75
166.645 0.98365 -9.37
286.444 10.1301 3.96
289.304 10.4985 -3.74
166.344 0.953629 -9.46
292.54 1.6072 -3.66
166.066 0.885129 -9.43
286.753 10.1903 3.97
289.584 10.5746 -3.7
165.776 0.892743 -9.61
290.681 2.03891 3.89
289.863 10.6431 -3.65
290.145 2.09469 3.89
289.889 2.10523 3.92
293.135 1.64842 -3.57
290.186 10.6384 -3.61
289.634 2.12328 3.93
293.505 1.57806 -3.55
191.689 1.46294 -0.720001
191.429 1.46219 -0.84
290.76 2.08991 3.93
190.591 1.36291 -0.869999
168.621 0.973441 -9.5
290.896 10.5098 -3.59
168.348 0.927521 -9.51
291.14 2.05718 3.88
294.096 1.72174 -3.46
168.1 0.850648 -9.45
287.061 1.96723 3.7
286.787 2.0313 3.58
286.536 2.06064 3.56
294.464 1.52633 -3.42
285.735 2.09685 3.65
291.484 10.5247 -3.52
196.523 1.58236 -0.529999
195.97 1.57792 -0.739998
195.668 1.54038 -0.709999
288.889 10.2896 4.15
291.691 10.686 -3.46
195.364 1.49907 -0.689999
195.101 1.48702 -0.790001
171.5 1.06458 -9.48
289.218 10.1899 4.19
292.058 10.6044 -3.53
171.25 0.980183 -9.4
292.376 2.06643 3.87
295.261 1.7101 -3.32
170.949 0.950163 -9.44
170.674 0.892953 -9.46
170.367 0.840352 -9.47
292.677 1.9827 4.02
292.694 10.6748 -3.38
305.907 1.73745 -2.24
305.631 1.79399 -2.3
293.076 2.01771 3.98
295.971 1.69902 -3.26
283.061 1.92828 3.35
293.105 10.52 -3.32
282.521 1.97277 3.35
293.403 2.02806 4.08
296.33 1.70476 -3.23
282.235 1.99167 3.35
281.953 2.02939 3.29
293.699 2.04303 4.16
281.674 2.07464 3.24
281.133 2.11161 3.25
200.258 1.60173 -0.630001
199.952 1.54913 -0.579998
296.983 1.6042 -3.17
174.053 1.03162 -9.42
291.227 10.1827 4.15
293.983 10.5273 -3.26
173.755 1.00913 -9.47
297.278 1.6154 -3.23
173.477 0.940626 -9.44
173.201 0.883415 -9.41
294.522 1.96835 4.27
297.464 1.7015 -3.12
303.515 1.64867 -2.5
291.745 10.1804 4.33
294.545 10.5656 -3.2
303.26 1.66673 -2.48
294.859 2.13385 4.07
303.011 1.7036 -2.51
302.73 1.74132 -2.5
294.777 10.6997 -3.08
302.483 1.78949 -2.56
302.207 1.84603 -2.62
298.186 1.6143 -3.16
277.841 1.93653 3.01
277.551 1.94414 3.03
295.212 10.6314 -3.14
277.271 1.98939 2.95
277.01 1.98111 3.02
295.573 2.01654 4.23
276.728 2.01883 2.94
295.599 10.625 -3.06
276.474 2.03689 2.93
276.192 2.07461 2.89
298.937 1.63247 -3.07
275.93 2.06256 2.96
299.29 1.6194 -2.97
205.095 1.61493 -0.48
293.585 10.1472 4.42
296.386 10.5399 -3.13
296.631 2.08732 4.4
204.803 1.61501 -0.549999
204.494 1.55489 -0.450001
203.906 1.54001 -0.579998
203.634 1.49409 -0.559998
299.965 1.59787 -2.92
176.975 1.03827 -9.31
176.664 0.97062 -9.25
296.965 10.6384 -2.99
176.344 0.986607 -9.44
176.071 0.936923 -9.44
297.303 2.0545 4.41
300.204 1.75839 -2.83
175.787 0.849606 -9.35
297.263 10.6609 -2.95
300.519 1.60607 -2.76
300.243 1.66261 -2.82
300.574 1.68802 -2.81
299.989 1.68443 -2.8
297.986 2.06308 4.42
300.91 1.72849 -2.78
299.74 1.72131 -2.84
297.924 10.7042 -2.86
299.483 1.73184 -2.8
298.923 1.81481 -2.84
301.246 1.6552 -2.73
272.826 1.86735 2.64
298.612 2.09593 4.52
301.513 1.79982 -2.7
272.255 1.91269 2.6
271.711 1.93836 2.59
298.951 2.03393 4.57
301.847 1.71524 -2.68
271.451 1.9376 2.63
271.205 1.98577 2.5
270.943 1.97748 2.58
299.21 2.14844 4.62
270.659 2.00391 2.54
299.22 10.583 -2.8
210.323 1.63678 -0.399998
299.555 2.10527 4.58
302.448 1.77905 -2.63
210.033 1.6444 -0.470001
209.787 1.57505 -0.369999
299.906 1.96716 4.6
302.798 1.63717 -2.6
209.227 1.54427 -0.43
208.935 1.54436 -0.470001
303.123 1.64 -2.63
300.117 10.5405 -2.65
208.637 1.52187 -0.5
303.443 1.62402 -2.56
300.404 10.6391 -2.63
180.033 1.07165 -9.25
179.74 1.06798 -9.37
303.741 1.64651 -2.5
179.464 1.01077 -9.35
301.111 1.98478 4.89
304.045 1.68782 -2.46
298.397 10.3051 4.7
301.092 10.6665 -2.64
179.164 0.980746 -9.37
178.869 0.969543 -9.49
304.395 1.66346 -2.39
298.739 10.2507 4.81
301.461 10.5924 -2.51
178.561 0.909415 -9.44
301.85 2.07907 4.84
296.947 1.59376 -3.05
299.019 10.3267 4.91
301.781 10.6939 -2.51
296.671 1.6503 -3.09
296.42 1.67964 -3.11
302.176 2.0819 4.85
305.096 1.73602 -2.31
299.383 10.3513 4.85
302.111 10.7155 -2.51
296.138 1.71737 -3.14
305.435 1.67402 -2.31
295.856 1.75132 -3.16
305.736 1.70404 -2.28
300.05 10.1859 4.88
265.724 1.87198 2.12
300.302 10.274 4.99
302.997 10.6354 -2.33
265.451 1.8223 2.25
265.182 1.90518 2.04
303.363 10.6675 -2.48
264.92 1.8969 2.09
264.381 1.94139 2.01
264.119 1.9331 2.07
263.86 1.93234 2.09
262.99 1.95518 2.11
304.185 10.7065 -2.3
262.739 1.98453 2.03
262.463 2.04107 1.91
301.797 10.284 5.07
304.519 10.6257 -2.26
217.859 1.67761 -0.0499992
302.105 10.2267 5.17
304.829 10.5721 -2.14
217.308 1.67693 -0.16
302.442 10.2709 5.16
305.145 10.6586 -2.21
217.007 1.64315 -0.149998
216.422 1.63956 -0.239998
305.509 10.5694 -2.18
305.829 10.5534 -2.1
215.887 1.58159 -0.18
306.165 10.5939 -2.13
215.065 1.54253 -0.27
183.358 1.13213 -9.24
183.053 1.0833 -9.22
182.754 1.0608 -9.29
307.773 10.7791 -1.93
182.459 1.0496 -9.39
182.159 1.01958 -9.42
293.961 1.58503 -3.41
305.754 10.2824 5.45
308.419 10.6522 -1.78
293.681 1.63028 -3.45
293.43 1.65963 -3.46
308.669 10.7366 -1.79
293.143 1.67853 -3.44
292.859 1.70496 -3.43
308.946 10.68 -1.74
292.618 1.77195 -3.56
258.075 1.77725 1.69
257.299 1.78626 1.7
256.46 1.80073 1.69
256.184 1.85727 1.56
255.919 1.83769 1.6
309.963 10.6078 -1.74
255.661 1.84446 1.57
255.38 1.88218 1.51
307.604 10.2869 5.57
310.272 10.6679 -1.65
255.115 1.86261 1.57
310.591 10.7657 -1.57
254.86 1.88067 1.52
254.576 1.9071 1.46
308.306 10.2457 5.54
310.961 10.5778 -1.56
311.151 10.7965 -1.56
254.024 1.90643 1.47
253.473 1.90575 1.49
312.103 10.7184 -1.45
253.213 1.905 1.49
252.945 1.87413 1.57
251.05 1.94286 1.38
310.134 10.2887 5.75
312.769 10.6668 -1.4
229.473 1.80085 0.420002
226.755 1.70548 0.279999
313.461 10.5879 -1.35
313.695 10.7296 -1.3
226.465 1.71309 0.23
226.195 1.6747 0.27
314.026 10.6375 -1.19
314.739 10.7515 -1.21
225.908 1.6936 0.190002
315.095 10.6322 -1.07
225.345 1.65153 0.200001
315.408 10.8249 -1.1
225.082 1.63948 0.190002
42.0948 8.81264 3.46
43.6716 8.76742 3.33
41.6861 9.09254 -4.21
42.2233 9.15803 -4.19
42.6411 9.26078 -4.3
39.2054 0.521982 3.5
43.0244 9.23934 -4.34
39.6368 0.673657 3.33
43.3629 9.17358 -4.35
40.0054 0.599527 3.32
43.8606 9.21358 -4.34
47.1527 8.80486 3.16
224.826 1.65001 0.130001
44.1127 9.07048 -4.32
44.3085 9.30796 -4.36
44.6282 9.17446 -4.43
41.279 0.630511 3.27
224.539 1.66892 0.0400009
45.1447 9.2822 -4.44
41.5665 0.497858 3.2
224.274 1.64934 0.0400009
45.429 9.13826 -4.49
42.1152 0.604751 3.24
45.9018 9.20544 -4.53
38.7591 0.200106 -4.03
42.5796 0.641832 3.17
223.981 1.64567 0.0200005
46.2735 9.1426 -4.64
39.1175 0.205854 -4.15
186.345 1.14086 -9.16
46.7848 9.23153 -4.57
39.5036 0.0781896 -4.09
186.083 1.13257 -9.25
47.1888 9.16784 -4.63
40.0929 0.214345 -4.11
185.776 1.07997 -9.22
185.479 1.06124 -9.3
47.6833 9.19655 -4.66
50.9597 8.73137 2.98
40.5927 0.261869 -4.17
185.181 1.03875 -9.34
184.914 1.01165 -9.4
48.1592 9.27503 -4.8
40.8312 0.0698473 -4.2
44.7716 0.709343 2.95
184.635 0.943147 -9.32
291.026 1.52945 -3.63
48.5278 9.2009 -4.72
51.8322 8.71982 2.89
41.3333 0.242411 -4.2
45.1216 0.684983 2.99
290.498 1.61158 -3.73
290.246 1.64092 -3.75
48.8778 9.17654 -4.77
41.522 0.104769 -4.21
45.3135 0.558631 2.95
289.992 1.65898 -3.74
289.705 1.67789 -3.72
49.2302 9.27722 -4.83
52.5804 8.84422 2.83
289.459 1.72605 -3.78
188.974 1.1476 -9.18
188.706 1.11674 -9.24
49.6478 9.26245 -4.76
52.9305 8.81986 2.77
188.409 1.09801 -9.27
42.299 0.0995187 -4.33
188.138 1.05961 -9.28
187.865 1.00993 -9.25
50.0258 9.22219 -4.88
187.602 0.99788 -9.31
42.8446 0.195122 -4.37
46.6214 0.596296 2.82
187.327 0.94067 -9.26
287.44 1.58196 -4.08
287.175 1.56238 -3.98
50.4496 9.23001 -4.96
286.924 1.59173 -3.99
50.8889 9.17677 -4.98
286.642 1.62569 -4.02
51.2992 9.13566 -5.02
54.8316 8.89122 2.72
286.355 1.6446 -4.01
48.0375 0.67282 2.8
286.106 1.68147 -4.08
285.568 1.72972 -4.09
51.6523 9.1226 -5.09
51.9 9.31322 -4.97
44.4764 0.114341 -4.52
192.16 1.17383 -9.18
191.884 1.11662 -9.15
52.0647 9.08902 -5.05
52.2636 9.33778 -5.12
44.9897 0.210791 -4.6
48.8351 0.625326 2.71
191.556 1.1025 -9.2
191.284 1.05658 -9.17
52.5707 9.15912 -5.12
190.986 1.03409 -9.23
45.3429 0.197721 -4.66
49.1831 0.59344 2.66
190.712 0.984405 -9.18
190.447 0.964829 -9.23
53.0893 9.27439 -5.13
190.175 0.918909 -9.22
283.983 1.51357 -4.31
45.8801 0.263217 -4.64
49.7046 0.602484 2.72
283.732 1.54292 -4.33
283.45 1.58064 -4.36
53.4474 9.16262 -5.17
56.9683 8.87678 2.54
283.201 1.61752 -4.41
282.909 1.61761 -4.36
46.2228 0.212513 -4.69
50.0868 0.577278 2.67
282.63 1.66285 -4.43
282.351 1.7081 -4.49
53.9202 9.22981 -5.17
46.5914 0.138383 -4.78
282.086 1.68853 -4.39
195.598 1.17448 -9.08
54.3899 9.28571 -5.24
195.328 1.13608 -9.08
195.03 1.11359 -9.1
47.1516 0.286674 -4.73
50.9428 0.623024 2.56
194.76 1.0752 -9.1
194.473 1.0941 -9.26
54.7158 9.17479 -5.3
194.186 0.995495 -9.08
193.888 0.973001 -9.12
47.5909 0.233432 -4.79
193.613 0.915791 -9.07
279.698 1.50105 -4.62
55.3653 9.2942 -5.2
58.6739 8.82818 2.44
279.408 1.50867 -4.6
279.132 1.56521 -4.7
47.9763 0.219517 -4.87
51.8144 0.607708 2.47
278.84 1.56529 -4.65
278.564 1.62183 -4.74
55.7174 9.27737 -5.32
59.0271 8.81511 2.31
278.304 1.62107 -4.69
48.4281 0.211436 -4.88
199.563 1.20299 -9.02
199.263 1.17296 -9.02
56.1203 9.20992 -5.36
198.97 1.16929 -9.12
198.692 1.10079 -9.02
48.8645 0.264416 -4.86
198.425 1.07369 -9.03
198.16 1.05411 -9.06
56.4423 9.20146 -5.48
197.865 1.04291 -9.12
274.672 1.50799 -5.06
49.2009 0.191132 -4.95
53.0639 0.552134 2.47
274.424 1.54863 -5.15
274.161 1.53658 -5.09
56.9015 9.21972 -5.49
273.905 1.54711 -5.08
49.4646 0.0894322 -5
49.6873 0.307245 -4.95
273.615 1.55473 -5.06
273.336 1.59997 -5.15
57.2974 9.24344 -5.52
60.8764 8.93333 2.34
272.759 1.62649 -5.14
272.485 1.69056 -5.27
50.0748 0.300856 -5.04
205.129 1.27283 -8.8
204.567 1.23453 -8.84
57.7919 9.27215 -5.48
204.272 1.22332 -8.88
203.999 1.17364 -8.86
50.4413 0.219199 -5.06
203.706 1.16996 -8.92
203.406 1.13994 -8.92
58.1335 9.21768 -5.56
202.837 1.07906 -8.95
202.542 1.06786 -8.97
50.8599 0.208201 -5.11
202.272 1.02946 -8.94
268.877 1.42901 -5.42
268.601 1.48555 -5.53
268.341 1.48479 -5.5
51.3733 0.30465 -5.16
55.1915 0.621336 2.27
268.054 1.5037 -5.51
267.772 1.53765 -5.58
58.9707 9.19568 -5.65
62.5435 8.86299 2.2
267.483 1.54903 -5.59
267.22 1.53698 -5.55
266.936 1.56341 -5.58
59.4975 9.22355 -5.53
62.8642 8.73325 2.21
266.657 1.61242 -5.67
266.143 1.62972 -5.66
52.0867 0.187343 -5.25
210.508 1.25283 -8.62
210.245 1.24078 -8.69
209.943 1.20323 -8.64
59.8423 9.18037 -5.69
60.0681 9.40947 -5.65
63.3985 8.90497 2.12
209.647 1.18826 -8.68
209.352 1.17706 -8.7
209.082 1.13867 -8.69
52.6718 0.308444 -5.16
56.4567 0.622213 2.16
208.795 1.15757 -8.78
208.522 1.10789 -8.71
60.2328 9.18527 -5.73
208.257 1.08831 -8.74
207.962 1.07711 -8.78
52.9501 0.259432 -5.33
263.431 1.32567 -5.96
262.286 1.40505 -6.05
60.6941 9.21106 -5.69
262.021 1.38548 -5.98
261.763 1.39224 -6
53.3655 0.237144 -5.28
261.222 1.42921 -6.04
260.938 1.45564 -6.1
61.1857 9.34599 -5.79
260.646 1.45573 -6.09
260.391 1.47378 -6.14
260.104 1.49269 -6.15
61.4274 9.16526 -5.81
259.842 1.48064 -6.11
259.588 1.50246 -6.14
54.1362 0.209313 -5.36
57.9929 0.547734 2.08
259.325 1.49041 -6.11
258.759 1.55456 -6.23
61.9054 9.25126 -5.83
219.064 1.34269 -8.34
218.799 1.32311 -8.36
54.5706 0.254766 -5.35
58.4605 0.596104 2.06
218.506 1.31944 -8.41
218.206 1.28942 -8.36
62.3636 9.26576 -5.82
217.946 1.28866 -8.4
54.9371 0.173109 -5.42
59.0123 0.714288 2.07
217.681 1.26908 -8.41
62.8395 9.34424 -5.85
217.416 1.24951 -8.39
217.121 1.2383 -8.42
55.4483 0.262031 -5.52
216.854 1.2112 -8.42
63.2851 9.31358 -5.94
216.556 1.18871 -8.42
55.9481 0.309556 -5.54
59.8318 0.628314 1.95
216.274 1.22643 -8.57
216.001 1.17675 -8.51
63.689 9.24989 -5.94
215.709 1.17683 -8.55
215.466 1.11878 -8.45
56.4374 0.319446 -5.55
215.171 1.10757 -8.47
214.884 1.12648 -8.58
251.232 1.31259 -6.73
64.2574 9.31078 -5.94
250.718 1.32989 -6.78
250.456 1.3216 -6.76
250.163 1.31793 -6.75
249.6 1.39337 -6.95
64.5584 9.22705 -6.06
68.1623 8.88975 1.87
248.786 1.38065 -6.92
57.1809 0.193766 -5.66
248.524 1.37236 -6.9
248.239 1.39879 -6.97
65.1051 9.32642 -6.07
68.6705 8.96738 1.91
247.98 1.39804 -6.95
247.706 1.34835 -6.84
57.6453 0.230847 -5.6
61.6758 0.727711 1.88
247.395 1.39445 -6.96
247.137 1.40121 -7
65.4323 9.33678 -6.18
69.0579 8.96099 1.82
246.845 1.4013 -6.99
246.586 1.40054 -6.98
246.326 1.39978 -7
246.074 1.42913 -7.09
65.7229 9.21541 -6.17
65.9737 9.41733 -6.05
245.774 1.39911 -7
245.515 1.39835 -7.02
58.4176 0.441804 -5.85
245.222 1.39468 -7.01
244.935 1.41358 -7.07
66.103 9.18268 -6.03
244.65 1.44001 -7.14
244.391 1.43925 -7.15
58.7705 0.311222 -5.75
244.124 1.41215 -7.1
66.4635 9.19596 -6.19
66.7111 9.38658 -6.05
243.841 1.44611 -7.19
243.576 1.42653 -7.14
59.1839 0.281407 -5.74
243.293 1.45673 -7.25
242.994 1.43423 -7.18
66.9769 9.2924 -6.21
242.735 1.43348 -7.22
242.445 1.44109 -7.22
63.5984 0.64308 1.77
242.183 1.4328 -7.23
241.931 1.45839 -7.33
241.666 1.43881 -7.3
67.4494 9.24208 -6.22
71.0761 8.87006 1.82
241.369 1.42008 -7.23
241.087 1.45781 -7.33
60.0886 0.269009 -5.82
240.816 1.41565 -7.26
240.524 1.41574 -7.28
67.868 9.23108 -6.28
239.978 1.43388 -7.33
60.5041 0.24672 -5.9
64.6602 0.72891 1.82
239.715 1.42183 -7.35
239.458 1.43236 -7.37
68.3188 9.21924 -6.36
68.5644 9.40233 -6.21
239.171 1.4475 -7.43
238.586 1.44392 -7.45
60.9549 0.234876 -5.92
238.319 1.41681 -7.4
238.056 1.40476 -7.41
237.51 1.42291 -7.49
61.4651 0.320035 -5.85
237.243 1.39581 -7.42
236.963 1.44105 -7.58
69.1613 9.21606 -6.37
236.698 1.42148 -7.55
236.403 1.41028 -7.53
65.8299 0.736089 1.66
236.105 1.38778 -7.5
235.851 1.40584 -7.57
69.6383 9.2983 -6.37
235.559 1.40593 -7.59
62.1141 0.20442 -6
66.2454 0.7138 1.59
235.302 1.41646 -7.64
70.187 9.40519 -6.33
235.036 1.39312 -7.61
234.771 1.37354 -7.6
62.6388 0.224755 -5.97
66.6994 0.713246 1.55
234.483 1.38492 -7.63
234.195 1.40006 -7.71
70.5462 9.29719 -6.45
74.1364 8.91096 1.61
233.895 1.37004 -7.65
233.638 1.38057 -7.71
63.2581 0.352537 -6.04
233.373 1.361 -7.68
233.113 1.36024 -7.72
71.0729 9.32505 -6.47
232.559 1.34828 -7.74
232.266 1.3446 -7.74
63.633 0.300987 -6.09
67.6968 0.800769 1.42
231.984 1.38232 -7.88
71.6059 9.3755 -6.46
75.2045 9.01937 1.48
231.679 1.33349 -7.78
231.419 1.33273 -7.83
64.0069 0.245674 -6.11
68.0706 0.745456 1.43
231.129 1.34034 -7.86
230.864 1.32076 -7.83
71.8913 9.23532 -6.48
72.1161 9.46066 -6.47
230.599 1.30119 -7.81
230.342 1.30796 -7.87
64.4059 0.280683 -6.09
230.05 1.30804 -7.91
229.76 1.31566 -7.96
72.3028 9.31549 -6.57
229.2 1.28488 -7.93
228.935 1.2653 -7.94
64.7017 0.178137 -6.18
228.679 1.27583 -7.99
228.386 1.27216 -8
228.124 1.26387 -8.03
227.823 1.23009 -7.96
65.2339 0.342328 -6.18
227.531 1.23018 -8.01
227.266 1.2106 -8.01
73.0361 9.26968 -6.62
226.714 1.20993 -8.06
226.451 1.19788 -8.09
65.5245 0.220965 -6.24
69.6537 0.722818 1.44
226.186 1.1783 -8.06
225.042 1.14394 -8.14
73.4288 9.28211 -6.71
40.4149 9.18659 -3.93
39.2941 9.23878 -3.87
65.9151 0.225867 -6.31
70.0464 0.735247 1.32
38.5805 9.23858 -3.85
37.9747 9.15972 -3.83
73.9722 9.37019 -6.58
36.9464 9.19432 -3.72
36.2691 9.20832 -3.58
35.8911 9.24858 -3.64
66.4473 0.390058 -6.33
34.9044 9.31621 -3.46
34.0667 9.10318 -3.39
74.3908 9.35919 -6.65
77.9811 8.97296 1.32
38.5274 0.183448 -3.86
36.9433 8.71674 3.91
66.8492 0.318845 -6.28
38.2261 0.149664 -3.91
33.3336 9.26649 -3.38
74.6835 9.24535 -6.75
78.334 8.84238 1.37
37.8347 0.258511 -3.85
67.1502 0.235116 -6.35
71.269 0.699335 1.28
37.4577 0.302534 -3.81
32.6147 9.24747 -3.3
75.1938 9.33051 -6.66
37.092 0.270443 -3.75
32.2679 9.28312 -3.21
67.6042 0.234563 -6.35
71.7166 0.676201 1.31
36.343 0.259793 -3.73
31.5987 9.20972 -3.2
36.0427 0.229773 -3.64
75.5718 9.29025 -6.8
35.7008 0.166728 -3.69
30.6411 9.2652 -3.09
72.181 0.713281 1.24
35.0175 0.275663 -3.57
34.8031 0.0879577 -3.48
34.4303 0.147034 -3.51
76.1964 9.43685 -6.7
29.7725 9.1743 -2.97
29.145 9.13392 -2.89
72.6245 0.675093 1.23
28.7753 9.20429 -2.87
33.0892 0.106452 -3.46
35.8138 0.573179 3.83
28.3816 9.1881 -2.92
73.0753 0.663249 1.21
32.0121 0.199195 -3.28
34.7232 0.616996 3.91
76.9679 9.29527 -6.82
80.5915 8.91196 1.25
27.4145 9.20971 -2.81
69.3692 0.282964 -6.56
30.5134 8.80607 4.41
31.632 0.231927 -3.34
77.3397 9.23243 -6.77
34.3816 0.671464 3.94
27.0645 9.23407 -2.82
69.8763 0.356833 -6.53
26.7964 9.20321 -2.71
29.9223 8.7799 4.54
30.6639 0.249781 -3.22
70.2438 0.278939 -6.56
26.144 9.19002 -2.68
30.3086 0.255323 -3.18
78.3633 9.41404 -6.89
25.7992 9.2332 -2.63
28.8866 8.78815 4.52
25.4356 9.20863 -2.69
82.3429 8.91144 1.21
29.6395 0.181921 -3.23
25.212 9.10457 -2.57
71.2185 0.401178 -6.58
29.3858 0.0862307 -3.08
79.1183 9.32976 -6.97
82.7366 8.92763 1.13
24.5649 9.1102 -2.47
23.4931 9.22176 -2.45
71.5392 0.271443 -6.67
27.6834 0.146123 -2.87
23.2881 9.06792 -2.31
79.5743 9.33673 -7
22.6627 9.03507 -2.32
22.3211 9.08954 -2.24
72.063 0.405526 -6.68
24.9736 8.8303 4.92
25.983 0.213542 -2.72
21.643 9.21729 -2.22
72.4806 0.390765 -6.7
25.4375 0.117938 -2.6
25.0814 0.23723 -2.62
80.4241 9.3599 -7.03
84.0508 8.98788 0.970001
27.7716 0.579763 4.46
24.7314 0.26159 -2.7
27.4838 0.594904 4.52
20.5998 9.08169 -2.06
84.5173 9.03248 1
20.2571 9.13239 -2.12
19.9207 9.20568 -2.12
73.2649 0.411858 -6.8
26.5904 0.531187 4.42
19.7461 9.16098 -1.98
23.6685 0.171996 -2.52
81.2011 9.35465 -7.13
23.3787 0.17961 -2.46
19.1921 9.03527 -2.01
73.6241 0.303857 -6.74
77.7365 0.745495 0.940002
22.3928 0.133485 -2.35
18.0653 9.18239 -1.85
81.6603 9.37291 -7.1
85.3346 8.93898 1.05
21.9493 0.171673 -2.43
74.15 0.445467 -6.78
17.7515 9.10345 -1.84
21.6719 0.106936 -2.27
82.1184 9.38741 -7.06
20.4318 8.7108 5.32
20.0569 8.76235 5.26
82.5174 9.42242 -7.17
20.6893 0.189613 -2.18
23.3389 0.502885 4.85
74.8043 0.348669 -6.95
19.5571 8.71483 5.33
22.7697 0.555748 4.89
82.8049 9.28977 -7.21
16.021 9.17924 -1.63
75.1302 0.237751 -6.9
79.3112 0.692751 0.830002
19.8676 0.150549 -2.09
15.7268 9.05429 -1.58
83.2693 9.32685 -7.16
86.9198 8.92387 0.950001
19.4935 0.0883497 -2.16
15.3747 9.07112 -1.6
75.7496 0.365533 -6.89
79.8756 0.856096 0.740002
21.7341 0.564003 4.93
15.032 9.12183 -1.55
87.486 8.97723 0.959999
17.6447 8.71958 5.47
18.195 0.0845557 -1.97
76.1651 0.343244 -6.93
80.371 0.771054 0.850002
17.8979 0.0658258 -1.94
17.5968 0.149554 -1.82
84.3458 9.46537 -7.26
87.9879 9.03228 0.950001
13.5869 9.05744 -1.41
76.7656 0.403285 -6.97
80.9008 0.810206 0.73
19.9369 0.516447 5.21
84.7725 9.36696 -7.36
77.2528 0.405648 -7.09
17.0276 0.202417 -1.81
85.422 9.48637 -7.37
19.3706 0.463088 5.15
19.0643 0.527999 5.25
12.4143 9.15648 -1.27
77.6306 0.247877 -7.03
15.8286 0.0898628 -1.69
15.2582 0.0214495 -1.67
85.7697 9.33697 -7.37
11.253 9.17941 -1.15
17.1957 0.573304 5.35
13.6629 8.63086 5.85
86.2582 9.46061 -7.38
89.8982 9.02 0.760002
16.9276 0.542438 5.39
16.7124 0.468482 5.41
82.5907 0.705153 0.709999
10.2451 9.05426 -1.02
13.0366 8.71176 5.83
16.3833 0.568111 5.52
8.5717 9.10201 -0.919998
87.0071 9.47126 -7.36
11.4277 8.75782 6.02
10.8758 8.63964 6.05
79.1307 0.276702 -7.13
83.2981 0.682777 0.690002
11.2321 0.123437 -1.27
10.9692 0.111388 -1.2
87.2572 9.32064 -7.42
7.1787 9.10828 -0.739998
10.7685 -0.0273924 -1.14
79.6055 0.351417 -7.1
13.2243 0.522217 5.72
80.1354 0.390569 -7.09
10.1195 0.0882229 -1.08
6.38914 9.06837 -0.610001
87.9978 9.30118 -7.65
91.9478 9.04197 0.709999
9.18383 8.73716 6.23
6.11897 9.02998 -0.559998
80.4582 0.26836 -7.18
5.75769 9.13045 -0.66
8.62072 8.69509 6.27
88.669 9.38211 -7.47
5.53099 9.0151 -0.610001
81.0237 0.435468 -7.23
8.96128 0.122443 -0.93
5.19981 9.1072 -0.529999
8.02541 8.65387 6.26
10.5576 0.497503 6
89.4761 9.36848 -7.55
3.78169 9.02315 -0.399998
6.56382 8.64678 6.35
81.7423 0.336978 -7.25
7.14339 0.117131 -0.799999
89.9021 9.38383 -7.56
6.29285 8.72214 6.46
6.56378 0.132359 -0.759998
82.1413 0.371987 -7.32
5.99045 0.170168 -0.619999
90.3063 9.43766 -7.64
94.0741 8.9899 0.709999
5.12707 0.0980783 -0.52
7.60251 0.60168 6.35
82.5952 0.371433 -7.37
86.7959 0.780426 0.510002
4.29693 0.0289062 -0.48
90.627 9.30792 -7.67
6.79201 0.486501 6.34
2.95264 -0.0229664 -0.27
83.0159 0.367962 -7.38
87.2113 0.758138 0.470001
1.9772 -0.031457 -0.209999
1.65334 0.0869885 -0.139999
4.14319 0.525766 6.67
91.1589 9.3546 -7.63
3.6539 0.515876 6.58
0.446218 0.0618393 -0.0499992
83.4751 0.386225 -7.41
2.93292 0.489327 6.74
-0.0920182 -0.00742 0
91.7265 9.52923 -7.69
95.4288 9.07941 0.580002
1.71663 0.547819 6.85
83.978 0.44504 -7.38
1.0611 0.523341 6.82
0.81581 0.457758 6.88
92.1336 9.47684 -7.69
95.8037 9.02786 0.490002
-0.196016 0.43506 7.04
3.97311 8.66177 6.82
84.2977 0.311541 -7.38
88.4276 0.699646 0.41
5.19988 8.64091 6.59
92.5854 9.46876 -7.63
6.14207 8.64649 6.57
6.5358 8.66268 6.45
6.86095 8.66551 6.39
92.9355 9.4444 -7.73
3.47852 9.09935 -0.349998
4.13171 8.99879 -0.389999
85.0082 0.300456 -7.53
89.2473 0.731183 0.34
8.14503 8.73413 6.29
8.53039 8.72021 6.2
93.3313 9.46812 -7.76
5.06577 9.09177 -0.470001
5.39092 9.0946 -0.599998
85.4809 0.367644 -7.51
5.79069 9.01586 -0.529999
-0.504417 0.492445 7.02
93.7187 9.46173 -7.8
97.4719 8.96128 0.630001
6.37996 9.15201 -0.599998
85.7904 0.314023 -7.59
-0.130568 0.437131 7
6.83391 9.15146 -0.630001
86.3828 0.461468 -7.57
7.28995 9.15843 -0.700001
94.4602 9.32852 -7.8
0.798262 0.511292 6.94
7.59103 9.0747 -0.809998
91.0126 0.897097 0.200001
1.16189 0.535857 6.75
11.6188 8.74522 6.02
95.0068 9.42789 -7.72
7.90048 9.02108 -0.790001
8.30468 9.07491 -0.91
91.3466 0.698773 0.240002
1.80984 0.416478 6.86
8.79526 9.20607 -0.959999
95.389 9.40268 -7.88
9.06622 9.13072 -0.989998
9.60237 9.19245 -0.970001
87.624 0.375786 -7.59
91.8194 0.765961 0.240002
10.0283 9.2078 -1.08
10.5799 9.20847 -1.05
95.8835 9.43139 -7.83
14.6707 8.75602 5.81
11.0202 9.15899 -1.1
88.0258 0.304573 -7.67
4.25629 0.465931 6.57
-0.00563809 0.06992 0.0900002
96.4186 9.48936 -7.86
11.5095 9.16888 -1.18
4.78092 0.486265 6.55
88.4976 0.367997 -7.73
0.367164 0.0108433 0.0400009
96.9215 9.54817 -7.86
11.8813 9.10604 -1.25
88.8704 0.30892 -7.83
5.31811 0.551761 6.53
16.2177 8.83668 5.65
97.3213 9.46943 -7.89
101.052 9.00371 0.420002
12.5339 9.23674 -1.29
5.70138 0.530319 6.41
89.5335 0.477254 -7.75
93.7559 0.847767 0.16
1.37714 0.143527 -0.119999
12.7559 9.10202 -1.36
97.7825 9.49522 -7.95
13.1714 9.07973 -1.37
6.58126 0.545111 6.42
89.8948 0.37678 -7.79
94.1224 0.76611 0.100002
13.6743 9.13854 -1.44
102.007 9.0582 0.330002
14.3269 9.26924 -1.34
13.9505 9.082 -1.54
90.3592 0.41386 -7.82
94.5515 0.792746 0.0699997
7.24806 0.493474 6.27
98.6135 9.45065 -8.01
2.88325 0.0774208 -0.169998
14.4044 9.08145 -1.45
90.6134 0.27829 -7.86
90.8092 0.515765 -7.83
94.991 0.857016 0.0400009
3.26257 0.158437 -0.34
18.5141 8.69674 5.37
14.8814 9.16369 -1.57
98.9146 9.36692 -8.03
3.57411 0.112343 -0.369999
19.1492 8.88097 5.25
91.1977 0.51314 -7.81
8.38764 0.509025 6.18
3.98459 0.188749 -0.470001
99.3436 9.39356 -8.04
15.6116 9.1066 -1.67
4.39378 0.14388 -0.439999
91.4467 0.358752 -7.89
16.2838 9.19129 -1.66
99.7779 9.43901 -8.07
4.80716 0.114065 -0.470001
91.9601 0.455202 -7.87
96.145 0.807743 0.0299988
20.7998 8.86793 5.3
16.7491 9.11462 -1.75
100.234 9.44598 -8.05
5.23913 0.0344794 -0.529999
21.2213 8.75071 5.19
92.4629 0.514017 -7.94
17.5378 9.26828 -1.81
17.2132 9.03419 -1.81
92.9687 0.46661 -7.88
6.02579 0.180612 -0.48
21.7407 8.75223 5.13
17.7795 9.08755 -1.85
101.09 9.37422 -8.16
6.1719 0.00618176 -0.68
93.379 0.425504 -7.92
97.5608 0.766755 0.0100021
18.5101 9.26548 -1.84
18.6646 9.12116 -1.98
11.8003 0.650609 5.77
105.519 9.08727 0.290001
19.3089 9.22175 -1.97
12.2428 0.608658 5.85
93.8923 0.521953 -7.9
98.1147 0.892466 0
19.823 9.20445 -1.99
12.6967 0.608104 5.8
8.01805 0.113106 -0.829998
94.1986 0.457042 -8.03
98.4053 0.771103 -0.0299988
24.2277 8.83094 4.88
102.469 9.43653 -8.18
20.2634 9.15497 -2.09
8.69032 0.197798 -0.77
94.4529 0.321471 -8.07
98.8886 0.875925 -0.0499992
20.9346 9.2359 -2.12
8.9071 0.0442566 -0.93
102.885 9.41424 -8.14
21.4207 9.2345 -2.22
9.40372 0.0804911 -1.09
95.0264 0.401175 -8.03
99.252 0.782978 -0.139999
21.9454 9.25484 -2.21
9.89301 0.0903815 -1.04
103.445 9.56254 -8.22
107.194 9.04704 0.209999
26.2606 8.7927 4.84
95.5 0.354614 -8.03
99.736 0.774051 -0.149998
22.3608 9.23255 -2.22
22.0124 9.02941 -2.25
103.912 9.49339 -8.24
15.0361 0.62246 5.55
10.1776 0.0639503 -1.1
95.9883 0.360741 -8.08
100.217 0.753834 -0.18
22.6506 9.22494 -2.32
15.383 0.58681 5.56
104.339 9.39499 -8.22
10.7035 0.205561 -1.17
23.1046 9.22438 -2.34
11.0046 0.121832 -1.18
96.4016 0.330926 -8.13
104.893 9.5207 -8.32
108.643 9.00897 0.139999
27.5538 8.77768 4.74
96.9307 0.483826 -8.1
101.184 0.84973 -0.130001
23.596 9.2418 -2.41
105.35 9.53144 -8.22
16.1786 0.531789 5.49
97.3545 0.491645 -8.1
105.569 9.38542 -8.27
11.3004 0.0192863 -1.22
24.0311 9.1735 -2.52
97.5548 0.395401 -8.15
101.777 0.765914 -0.23
16.592 0.501974 5.36
105.91 9.4447 -8.34
11.9394 0.101061 -1.29
28.6759 8.84676 4.47
98.035 0.488933 -8.09
102.222 0.849001 -0.239998
24.7408 9.27617 -2.53
17.231 0.583749 5.32
106.386 9.52318 -8.28
12.6274 0.242205 -1.31
98.357 0.480473 -8.21
102.6 0.808742 -0.25
25.2955 9.28813 -2.58
13.046 0.231207 -1.39
25.6351 9.22614 -2.59
106.648 9.41772 -8.39
110.556 9.12173 -0.00999832
18.0504 0.497774 5.31
13.4262 0.198474 -1.43
98.7703 0.450658 -8.24
26.0859 9.21429 -2.6
111.067 9.09314 0.139999
18.6708 0.62932 5.32
13.8115 0.184559 -1.42
99.2596 0.460548 -8.24
26.4171 9.12219 -2.63
111.553 9.09174 0.0800018
14.2977 0.183159 -1.42
31.1875 8.78077 4.47
99.7675 0.420668 -8.23
27.182 9.3068 -2.74
108.11 9.42481 -8.45
108.356 9.60791 -8.28
19.5756 0.616922 5.2
14.604 0.118248 -1.6
100.252 0.411741 -8.27
27.8074 9.33965 -2.78
27.4943 9.14696 -2.88
20.0128 0.556153 5.09
100.79 0.481001 -8.34
105.035 0.816796 -0.309998
15.0849 0.0980307 -1.69
32.5538 8.91168 4.36
109.162 9.47677 -8.48
28.3101 9.28096 -2.85
101.284 0.509708 -8.29
20.5644 0.556825 5.08
109.706 9.56485 -8.44
15.6886 0.169361 -1.77
101.683 0.544717 -8.35
105.934 0.89933 -0.329998
28.819 9.24484 -2.96
21.1472 0.552887 5.07
16.1944 0.121954 -1.79
33.4947 8.79597 4.22
29.2562 9.18407 -3.02
110.522 9.58509 -8.46
21.7613 0.661852 5.02
34.0494 8.80794 4.2
102.495 0.546148 -8.36
106.704 0.871499 -0.43
29.8547 9.23658 -3.04
22.2454 0.652925 4.94
110.859 9.51181 -8.5
17.1219 0.0748397 -1.84
30.3387 9.22766 -3.07
102.757 0.440685 -8.46
17.5832 0.10063 -1.87
111.16 9.42808 -8.57
35.1008 8.85613 4.13
30.8822 9.31573 -3.16
111.654 9.45679 -8.51
18.0392 0.107603 -1.85
31.3932 9.28714 -3.06
31.05 9.10282 -3.1
103.691 0.533663 -8.47
23.3899 0.569781 4.81
18.5413 0.280167 -2.08
112.043 9.45416 -8.62
116.002 9.11132 -0.130001
31.661 9.2005 -3.21
23.9936 0.641112 4.83
104.017 0.422744 -8.48
32.1419 9.18028 -3.25
112.504 9.47995 -8.57
116.474 9.17474 -0.130001
24.2541 0.528122 4.76
104.559 0.503294 -8.44
108.767 0.824882 -0.509998
19.3971 0.2084 -2.07
112.95 9.44929 -8.52
32.7299 9.19516 -3.31
25.0054 0.66381 4.71
104.838 0.340533 -8.5
19.9081 0.17981 -2.05
37.8412 8.91302 3.98
113.335 9.43538 -8.64
33.2441 9.17786 -3.31
105.499 0.50134 -8.47
25.3034 0.568791 4.61
20.4328 0.200145 -2.14
114.037 9.62545 -8.63
26.0078 0.652638 4.59
20.8836 0.188301 -2.23
34.5355 9.27282 -3.39
105.938 0.56561 -8.56
21.2834 0.109561 -2.26
35.1641 9.31696 -3.49
114.493 9.63242 -8.65
27.2474 0.794453 4.51
106.457 0.563365 -8.45
26.9074 0.621422 4.39
114.868 9.58087 -8.67
21.7289 0.0788998 -2.32
22.5365 0.300301 -2.39
22.2536 0.0992345 -2.43
115.229 9.48039 -8.69
36.1725 9.21086 -3.53
28.1509 0.660779 4.4
107.204 0.452738 -8.61
23.0507 0.283002 -2.44
115.683 9.47984 -8.7
22.7625 0.0631178 -2.42
36.7689 9.25585 -3.67
107.627 0.456794 -8.65
112.106 0.934287 -0.52
28.7784 0.701157 4.41
23.5533 0.224304 -2.45
116.208 9.50018 -8.66
120.106 9.17407 -0.299999
37.4951 9.30121 -3.7
108.269 0.549859 -8.54
29.3632 0.704746 4.35
38.0498 9.31317 -3.71
116.718 9.58533 -8.76
120.734 9.21445 -0.139999
29.7434 0.672013 4.21
24.7013 0.269963 -2.52
108.646 0.505836 -8.63
24.3602 0.0931686 -2.61
38.4902 9.2637 -3.8
30.2929 0.665158 4.23
117.112 9.48778 -8.75
25.1573 0.276936 -2.62
109.097 0.493992 -8.63
39.1677 9.36721 -3.83
38.8567 9.18204 -3.85
117.723 9.58545 -8.66
121.677 9.22379 -0.130001
25.4917 0.196124 -2.65
39.6839 9.35743 -3.83
109.534 0.550736 -8.7
113.88 0.899047 -0.599998
39.4062 9.17518 -3.83
121.945 9.13714 -0.279999
31.184 0.603835 4.2
25.8281 0.12284 -2.71
109.857 0.428527 -8.64
40.012 9.25404 -3.98
31.7877 0.675166 4.12
118.457 9.53965 -8.73
26.309 0.102623 -2.72
40.7444 9.32199 -3.98
110.307 0.530431 -8.71
32.3372 0.668311 4.08
26.9022 0.13632 -2.79
27.6826 0.259872 -2.84
118.728 9.46429 -8.81
27.3478 0.105658 -2.99
33.7305 0.779552 3.97
110.819 0.619354 -8.61
28.2923 0.236271 -2.85
34.0946 0.572856 3.98
111.016 0.511819 -8.79
28.7191 0.137868 -2.98
29.2769 0.16112 -3.07
119.509 9.4741 -8.86
123.498 9.12288 -0.34
29.7652 0.167247 -3.15
30.8092 0.189099 -3.2
111.515 0.559344 -8.75
36.9984 0.750557 3.71
31.5304 0.333161 -3.21
120.049 9.55088 -8.82
123.995 9.15911 -0.279999
31.2173 0.140467 -3.26
37.4615 0.666362 3.68
111.833 0.418318 -8.79
116.323 0.933446 -0.709999
32.0414 0.304571 -3.33
32.3538 0.144727 -3.31
38.6854 0.751726 3.62
112.415 0.528129 -8.76
32.9844 0.196395 -3.35
33.4051 0.192924 -3.45
33.8892 0.183997 -3.53
112.95 0.586098 -8.74
117.244 0.981263 -0.779999
34.9115 0.24433 -3.61
35.3487 0.183561 -3.64
121.44 9.53709 -8.83
125.498 9.19923 -0.16
36.6048 0.268079 -3.76
37.2914 0.287947 -3.79
117.695 0.969419 -0.75
37.9666 0.266418 -3.8
121.859 9.52609 -8.83
125.886 9.1966 -0.220001
38.4588 0.170086 -3.88
113.617 0.534461 -8.86
118.129 1.01487 -0.689999
40.04 0.257434 -3.96
122.371 9.73629 -8.97
39.9882 0.304288 -4.05
39.374 0.195322 -3.9
114.063 0.621312 -8.87
118.432 0.93867 -0.77
42.2642 9.30481 -4.08
38.9224 0.320915 -3.94
41.5235 9.32426 -4.19
114.456 0.519992 -8.86
41.1214 9.27796 -4.08
0.664296 0.0295733 -0.0299988
123.028 9.53327 -8.93
2.1832 0.12614 -0.0999985
114.94 0.511065 -8.89
2.35338 0.0382689 -0.23
123.667 9.61504 -8.86
-0.412001 0.474853 7.12
2.48822 -0.0600469 -0.220001
2.82094 0.0866397 -0.329998
115.377 0.450296 -8.96
119.906 0.87341 -0.689999
0.085661 0.514851 7.05
3.60422 0.10397 -0.34
0.877316 0.562288 6.99
124.211 9.70312 -9
4.30426 0.0552502 -0.329998
1.63234 0.478006 6.84
116.008 0.619476 -8.97
3.6644 9.06793 -0.34
124.681 9.64527 -8.91
3.89608 9.08459 -0.259998
116.424 0.597188 -8.97
4.02803 9.0925 -0.279999
4.36967 9.03803 -0.439999
125.127 9.6146 -8.94
4.48173 8.97443 -0.399998
116.839 0.574899 -8.95
4.83409 9.07511 -0.459999
4.94011 9.10644 -0.48
125.395 9.52796 -8.92
5.18017 9.15321 -0.48
117.202 0.595701 -9.01
121.598 0.889632 -0.790001
6.37034 0.0199229 -0.689999
125.949 9.65367 -8.89
6.71223 0.082968 -0.700001
122.037 0.953903 -0.849998
6.19803 9.08097 -0.649998
7.47772 0.0363198 -0.739998
126.334 9.63975 -8.98
4.76861 0.558617 6.58
3.9294 8.62122 6.66
118.112 0.60212 -9.05
6.66454 9.12558 -0.630001
7.95232 8.97423 -0.779999
126.779 9.60909 -8.99
9.23668 0.179653 -0.970001
6.6331 0.498258 6.36
118.515 0.534671 -8.96
8.84267 9.02666 -0.899998
127.301 9.73565 -9.04
8.97984 9.05338 -0.849998
118.862 0.49902 -9.05
123.404 0.971058 -0.82
9.69035 9.04229 -1.01
10.5352 0.183447 -1.07
127.696 9.63809 -8.98
10.0749 9.14213 -1.01
119.23 0.542402 -9.13
123.756 0.954225 -0.849998
10.2097 9.04381 -1.04
11.6091 0.079414 -1.2
127.977 9.60037 -9.11
11.53 9.00912 -1.19
119.725 0.57111 -9.08
12.035 9.07547 -1.24
12.7704 0.0564846 -1.35
128.507 9.63952 -8.95
132.306 9.06964 -0.369999
14.2849 0.0204857 -1.59
13.9453 9.06319 -1.42
14.0649 9.14344 -1.44
120.222 0.607344 -9.03
11.5292 8.65659 6
14.4118 9.10779 -1.56
125.057 0.965546 -0.939999
14.954 9.07459 -1.52
15.4943 0.170674 -1.65
129.346 9.62505 -9.12
12.9324 0.522304 5.73
15.1639 9.12973 -1.53
121.192 0.71453 -9.25
13.2274 0.533507 5.73
15.5184 9.23794 -1.63
121.641 0.577647 -9.17
15.6228 9.03048 -1.61
15.7404 9.10322 -1.58
130.504 9.70458 -9.07
15.9315 9.09061 -1.66
16.0956 9.09767 -1.67
130.895 9.59574 -9.08
16.5973 0.0545049 -1.83
122.592 0.499579 -9.13
127.131 0.960326 -0.880001
16.2598 9.10473 -1.66
17.2789 9.15378 -1.84
17.7609 0.156615 -1.87
123.19 0.665841 -9.19
17.5695 9.03241 -1.73
131.842 9.61636 -9.18
123.567 0.621818 -9.21
18.1182 9.13931 -1.83
132.412 9.68478 -9.07
15.6409 8.74569 5.78
123.92 0.608749 -9.26
15.7541 8.68585 5.71
19.3149 0.146114 -2.06
20.0367 9.03962 -2.09
20.2739 0.211902 -2.12
20.1895 9.1228 -2.21
20.3621 0.179256 -2.17
137.21 9.32746 -0.579998
20.2655 9.1625 -2.09
17.8908 8.67142 5.41
124.647 0.540366 -9.21
18.491 0.565808 5.33
18.707 0.526015 5.26
133.445 9.55148 -9.09
21.4299 9.15086 -2.2
21.6616 9.16752 -2.31
19.1984 0.543432 5.22
133.888 9.62704 -9.05
22.4273 9.23838 -2.21
19.857 0.5792 5.21
125.549 0.63419 -9.18
130.025 1.10039 -1.09
23.6445 0.0854368 -2.6
134.371 9.73186 -9.19
23.6489 0.218003 -2.49
23.9905 9.14424 -2.39
125.964 0.611902 -9.23
24.2698 9.09899 -2.48
24.1992 0.0973987 -2.47
134.694 9.60966 -9.22
22.6991 0.534859 4.87
25.7607 9.21146 -2.59
126.38 0.589613 -9.21
25.9165 9.18841 -2.66
26.1875 9.11306 -2.62
135.18 9.60826 -9.18
23.552 0.569314 4.84
126.77 0.594515 -9.26
23.6609 0.494425 4.72
26.631 9.07487 -2.65
135.533 9.59519 -9.22
27.1194 9.19851 -2.77
24.3062 0.598781 4.84
127.101 0.502413 -9.26
27.2378 0.176784 -2.78
24.7125 0.660134 4.73
136 9.63979 -9.21
28.2486 9.17643 -2.92
28.3606 9.11283 -2.87
28.4148 0.210306 -2.92
136.592 9.78724 -9.2
29.1711 9.22801 -2.92
29.3028 9.1184 -2.96
26.4513 0.614449 4.65
136.973 9.64076 -9.18
141.012 9.23516 -0.52
29.2581 0.0933781 -3.07
31.0741 9.18938 -3.12
133.04 0.979471 -1.11
27.8972 0.565089 4.48
31.7317 9.22139 -3.2
137.549 9.72799 -9.18
141.517 9.3015 -0.59
31.2828 0.142538 -3.18
32.3174 9.11123 -3.25
29.6147 8.72353 4.49
129.042 0.48176 -9.27
129.267 0.7071 -9.23
31.9404 0.174543 -3.3
29.2934 0.570108 4.45
137.949 9.64925 -9.27
32.9367 9.23901 -3.35
32.97 9.24193 -3.26
129.601 0.626288 -9.41
33.2619 9.24184 -3.36
34.3287 9.22897 -3.47
138.525 9.74024 -9.28
34.6423 9.19041 -3.46
129.962 0.525814 -9.3
31.4634 0.558587 4.17
34.2528 0.208562 -3.53
138.722 9.63271 -9.52
32.9805 8.81327 4.32
37.3409 9.09676 -3.67
130.456 0.66827 -9.37
38.491 9.14995 -3.75
38.8258 9.30416 -3.77
139.331 9.72285 -9.3
38.8431 9.13311 -3.77
40.1552 9.18583 -3.89
130.852 0.691989 -9.38
36.0125 0.704432 3.83
38.2742 0.322782 -3.85
139.752 9.71938 -9.25
143.796 9.3326 -0.59
35.3591 0.687481 3.74
37.9831 0.20912 -3.79
131.066 0.530921 -9.37
35.1243 0.659532 3.83
37.6475 0.168656 -3.79
139.982 9.61477 -9.32
34.718 0.598179 3.93
37.1469 0.23488 -3.76
131.566 0.578445 -9.36
136.136 1.03082 -1.13
40.3486 9.29827 -3.98
40.2936 9.33383 -3.95
140.395 9.58119 -9.31
36.644 0.176065 -3.68
131.966 0.499706 -9.4
40.2528 9.18706 -3.97
36.3223 8.81646 4
140.925 9.62034 -9.3
39.5423 9.19814 -3.86
32.9386 0.614602 3.98
132.542 0.586936 -9.38
137.057 0.961125 -1.12
35.4413 0.283482 -3.63
39.0698 9.24847 -3.87
141.514 9.75649 -9.39
39.0501 9.29447 -3.8
34.8534 0.268602 -3.54
132.996 0.586382 -9.36
137.602 1.05673 -1.08
34.7481 0.123521 -3.55
34.5562 0.249872 -3.53
34.5531 0.238582 -3.51
133.435 0.650653 -9.46
138.026 1.06455 -1.14
38.0145 9.30273 -3.74
37.921 9.31656 -3.79
142.496 9.78757 -9.26
37.8503 9.29567 -3.69
133.856 0.647181 -9.48
34.2 8.76607 4.2
142.797 9.70384 -9.36
146.879 9.22128 -0.559998
32.7797 0.160073 -3.39
32.5533 0.162232 -3.32
36.7749 9.16091 -3.63
36.0086 9.32131 -3.58
143.304 9.77771 -9.37
35.9107 9.20257 -3.52
35.7309 9.13906 -3.53
134.795 0.758977 -9.46
28.132 0.593038 4.48
143.643 9.71571 -9.28
31.093 0.276417 -3.26
135.145 0.734617 -9.48
28.0093 0.50149 4.45
30.8424 0.192017 -3.14
144.069 9.73106 -9.32
148.068 9.2962 -0.709999
27.4132 0.574015 4.5
30.3532 0.182126 -3.16
135.517 0.671777 -9.42
34.7515 9.23303 -3.5
34.601 9.27489 -3.52
144.365 9.62851 -9.33
34.5033 9.27367 -3.62
29.5906 0.122552 -3.03
135.846 0.572148 -9.44
140.415 1.02452 -1.24
26.2435 0.566837 4.6
29.0254 0.0729562 -3.1
144.792 9.64762 -9.39
28.8884 0.163745 -3
28.8499 0.142011 -3
141.024 1.11467 -1.18
33.4127 9.31749 -3.29
28.6444 0.219438 -3.04
25.4322 0.565407 4.67
28.3193 0.216607 -2.96
145.363 9.71603 -9.38
28.1635 0.239655 -2.95
28.0109 0.273992 -2.96
136.968 0.758746 -9.42
141.352 1.01128 -1.2
27.3907 0.259959 -2.8
145.837 9.79075 -9.5
149.931 9.34959 -0.709999
26.8878 0.201144 -2.82
23.5271 0.596504 4.82
26.4025 0.0887947 -2.72
26.142 0.201785 -2.76
146.273 9.72245 -9.39
31.1636 9.27801 -3.14
30.9589 9.24169 -3.16
137.712 0.633065 -9.59
25.3034 0.102505 -2.53
25.2236 0.165258 -2.63
146.787 9.70515 -9.35
25.1605 0.288226 -2.58
138.291 0.617837 -9.53
30.1309 9.18005 -3.05
30.0863 9.25324 -3.02
147.259 9.65483 -9.42
24.884 0.227252 -2.58
139.02 0.788243 -9.5
29.8555 9.12284 -2.97
29.7507 9.21278 -2.98
147.866 9.73745 -9.41
21.4985 0.649803 5.05
21.193 0.600965 5.03
23.8078 0.206246 -2.45
20.7068 0.602365 5.03
148.398 9.78413 -9.45
28.3297 9.23495 -2.82
19.9277 0.600089 5.21
139.728 0.652118 -9.64
24.7388 8.80235 4.98
148.838 9.73465 -9.38
28.1792 9.27681 -2.92
22.5125 0.213742 -2.26
140.234 0.722223 -9.53
24.4385 8.77233 4.98
22.3025 0.158603 -2.33
27.4912 9.13567 -2.75
140.472 0.64395 -9.6
27.4341 9.1637 -2.82
21.8132 0.148713 -2.22
27.1608 9.11402 -2.68
140.808 0.570666 -9.48
145.413 1.03349 -1.27
26.7642 9.20405 -2.74
21.1537 0.226694 -2.13
26.6686 9.21035 -2.66
150.357 9.83122 -9.49
21.187 0.229611 -2.31
20.9281 0.115104 -2.32
141.56 0.592605 -9.55
26.4503 9.12511 -2.72
20.7069 0.136079 -2.26
20.6571 0.190459 -2.26
17.4169 0.552329 5.27
142.087 0.620467 -9.55
151.045 9.61983 -9.48
25.4898 9.28682 -2.55
19.5859 0.070758 -2.08
25.2173 9.12338 -2.62
142.748 0.663762 -9.48
25.0502 9.22255 -2.56
151.831 9.76596 -9.44
16.2223 0.572341 5.53
143.235 0.666125 -9.6
15.9626 0.571582 5.58
18.8694 0.176775 -2.05
21.0904 8.74657 5.21
18.6293 0.130009 -1.94
143.827 0.696058 -9.54
18.457 0.210354 -1.93
17.9903 0.048234 -1.87
152.736 9.63605 -9.46
14.9872 0.563091 5.54
17.712 0.0972458 -1.79
144.207 0.663326 -9.57
148.865 1.08306 -1.17
23.7601 9.24886 -2.54
144.527 0.647339 -9.7
23.2227 9.06585 -2.3
23.2219 9.1796 -2.31
157.922 9.38986 -0.639999
16.8591 0.0627906 -1.76
16.591 0.0319243 -1.74
149.751 1.23794 -1.3
16.4685 0.0578889 -1.78
154.222 9.84721 -9.44
16.4106 0.199674 -1.79
145.502 0.769578 -9.65
150.192 1.18846 -1.22
13.2243 0.522217 5.73
154.479 9.72293 -9.48
18.5796 8.69881 5.53
22.2464 9.17111 -2.28
145.9 0.683312 -9.59
150.447 1.05665 -1.35
18.5403 8.79082 5.5
22.1614 9.21504 -2.35
155.14 9.88374 -9.42
15.5367 0.08995 -1.62
18.1602 8.82356 5.45
146.292 0.69574 -9.6
21.5888 9.1391 -2.26
12.3986 0.585611 5.84
155.517 9.83971 -9.44
159.603 9.36844 -0.66
21.3778 9.0802 -2.28
15.0443 0.0687692 -1.59
14.0636 0.0414615 -1.47
10.8912 0.530441 5.92
155.729 9.66735 -9.49
13.8717 0.167813 -1.41
13.6429 0.0449327 -1.44
147.201 0.815908 -9.7
151.807 1.16498 -1.26
13.6068 0.148237 -1.49
19.8885 9.20652 -2.04
156.2 9.73078 -9.47
13.4458 0.152467 -1.39
147.653 0.807828 -9.6
152.302 1.19369 -1.19
13.3366 0.109844 -1.42
10.2731 0.523935 6.01
156.663 9.76033 -9.45
13.2484 0.14249 -1.35
16.0242 8.72425 5.54
19.5225 9.05692 -2.01
157.152 9.77022 -9.48
19.4759 9.12259 -2
148.552 0.772849 -9.65
19.29 9.15401 -2.01
11.9643 0.0738714 -1.26
11.8523 0.13747 -1.26
157.692 9.84701 -9.47
18.2272 9.06442 -1.83
11.7318 0.170962 -1.3
153.655 1.16192 -1.25
11.3849 0.206612 -1.25
17.7795 9.08755 -1.87
158.048 9.72772 -9.48
10.8821 0.147797 -1.16
149.449 0.734107 -9.69
10.614 0.116931 -1.18
16.9289 9.17813 -1.76
149.976 0.761969 -9.7
16.743 9.20955 -1.7
9.86604 0.110045 -1.03
159.226 9.87875 -9.48
9.76735 0.105056 -0.959999
16.0302 9.0956 -1.6
150.544 0.822855 -9.62
9.26759 0.0575311 -0.989998
159.499 9.69717 -9.53
163.829 9.40524 -0.669998
6.16869 0.461177 6.36
9.11472 -0.0256438 -0.970001
15.8472 9.0208 -1.71
5.96711 0.436146 6.46
15.7194 9.02795 -1.67
151.293 0.715992 -9.68
15.5493 9.11582 -1.59
8.62776 0.089505 -0.959999
160.561 9.90052 -9.6
15.3634 9.14724 -1.57
156.402 1.12388 -1.29
8.49293 0.187821 -0.989998
11.2664 8.64454 6
161.108 9.88237 -9.42
8.02199 0.0106474 -0.91
11.04 8.6467 6.05
156.825 1.1317 -1.35
7.78636 0.0964474 -0.82
161.529 9.8789 -9.47
14.4586 9.15964 -1.56
14.2042 9.17769 -1.48
7.05621 0.15354 -0.799999
152.588 0.708496 -9.68
6.81092 0.0879568 -0.700001
161.738 9.69901 -9.48
9.82575 8.71272 6.17
6.27188 0.132446 -0.649998
162.21 9.76244 -9.48
13.1798 9.10983 -1.38
153.426 0.6865 -9.69
158.047 1.09202 -1.4
162.623 9.73262 -9.51
5.84281 0.10581 -0.579998
2.49258 0.538805 6.75
154.015 0.822655 -9.73
2.23682 0.435588 6.72
2.12895 0.51424 6.79
163.308 9.86248 -9.43
11.9936 9.15995 -1.23
4.71764 0.0254349 -0.489998
11.7347 9.04545 -1.17
163.702 9.76492 -9.5
4.56396 0.056009 -0.450001
155.029 0.85288 -9.76
7.81779 8.72377 6.44
1.27395 0.472258 6.9
164.354 9.89186 -9.42
1.01425 0.471499 6.82
155.431 0.781667 -9.71
160.254 1.32973 -1.33
7.40522 8.63984 6.41
11.2394 9.13049 -1.24
3.69454 0.0788512 -0.34
155.925 0.810375 -9.7
160.582 1.22634 -1.4
3.25524 0.132093 -0.299999
6.81145 8.8374 6.46
165.148 9.82931 -9.53
169.265 9.35719 -0.709999
10.4739 9.17714 -1.04
-0.14393 0.505719 7.02
156.164 0.618353 -9.73
6.36957 8.64809 6.47
165.536 9.70917 -9.43
10.0456 9.03675 -0.989998
-0.403628 0.50496 7.09
156.8 0.80635 -9.7
9.95762 9.18691 -0.98
9.6406 9.09667 -0.959999
165.96 9.71699 -9.45
1.84759 0.0856759 -0.209999
8.93847 9.13787 -0.919998
162.016 1.25309 -1.33
1.22427 0.0603523 -0.0900002
8.49498 9.17605 -0.91
166.484 9.73732 -9.47
0.768224 0.0533793 0.0400009
157.777 0.822367 -9.69
8.12483 9.0114 -0.790001
4.29826 8.6646 6.66
167.014 9.77648 -9.44
7.94499 8.94788 -0.84
0.486791 0.0911008 0.0900002
158.224 0.795469 -9.7
162.829 1.14078 -1.38
7.71983 9.07132 -0.739998
0.104326 -0.00120576 0.0499992
167.563 9.88337 -9.47
7.6316 9.10396 -0.77
7.36224 8.95182 -0.739998
158.549 0.680787 -9.72
158.805 0.901517 -9.68
3.2647 8.68038 6.82
167.963 9.80463 -9.49
6.98735 9.00337 -0.689999
159.062 0.777236 -9.81
163.731 1.12085 -1.4
6.91377 9.08871 -0.720001
5.73571 9.05142 -0.579998
168.459 9.84087 -9.47
4.44559 9.07773 -0.419998
159.435 0.71816 -9.75
4.24924 9.07152 -0.399998
3.48979 9.02324 -0.329998
168.964 9.90721 -9.45
305.567 1.56442 -2.3
305.305 1.66988 -2.27
160.092 0.863913 -9.63
304.768 1.60815 -2.33
315.445 10.6078 -1.05
169.293 9.80758 -9.43
303.314 1.74491 -2.56
314.896 10.6147 -1.15
160.475 0.842471 -9.76
165.146 1.19361 -1.31
302.743 1.67274 -2.58
169.828 9.86555 -9.44
160.85 0.790921 -9.77
165.717 1.26203 -1.26
314.477 10.7432 -1.2
314.226 10.5413 -1.23
302.123 1.6587 -2.69
170.239 9.82444 -9.46
313.84 10.6689 -1.28
313.393 10.6921 -1.25
161.396 0.886524 -9.77
166.059 1.21132 -1.37
301.08 1.64061 -2.81
312.854 10.7366 -1.31
170.772 9.87488 -9.44
300.601 1.66836 -2.74
312.081 10.6394 -1.49
166.591 1.258 -1.34
299.983 1.66185 -2.89
311.521 10.6086 -1.48
171.271 9.92241 -9.47
298.831 1.60114 -2.97
162.246 0.79594 -9.76
167.119 1.28963 -1.26
310.643 10.7188 -1.59
171.682 9.8813 -9.47
298.15 1.48634 -3.16
162.822 0.883171 -9.68
167.507 1.28324 -1.28
310.266 10.7629 -1.66
309.977 10.5392 -1.63
172.055 9.82599 -9.49
297.842 1.54372 -3.11
297.47 1.60656 -3.11
162.985 0.768955 -9.79
167.668 1.16526 -1.42
309.053 10.6014 -1.91
172.485 9.85263 -9.38
163.372 0.762567 -9.81
168.242 1.24496 -1.25
296.975 1.57786 -3.26
172.887 9.89893 -9.45
308.788 10.6955 -1.85
301.594 1.97209 4.76
308.132 10.5536 -1.85
173.116 9.79055 -9.47
301.262 2.06419 4.76
295.999 1.5656 -3.39
307.814 10.6946 -1.94
307.531 10.4935 -1.97
173.761 9.8949 -9.38
295.489 1.48044 -3.29
307.402 10.7282 -2.01
164.782 0.816511 -9.79
295.349 1.67746 -3.27
174.188 9.7965 -9.42
306.714 10.587 -2
165.252 0.758659 -9.88
165.528 0.933382 -9.69
170.191 1.25442 -1.27
294.764 1.67387 -3.39
310.587 10.4019 5.71
174.729 9.75954 -9.45
179.081 9.42912 -0.559998
306.385 10.6866 -1.99
170.705 1.23712 -1.34
294.119 1.56951 -3.47
175.419 9.90821 -9.48
305.752 10.6275 -2.07
293.761 1.68128 -3.42
166.436 0.814762 -9.69
305.017 10.5482 -2.22
293.053 1.58614 -3.67
175.735 9.75965 -9.54
175.986 9.96157 -9.42
304.874 10.7339 -2.12
171.484 1.12188 -1.39
304.539 10.5797 -2.33
297.79 2.05686 4.46
176.359 9.90625 -9.42
180.53 9.39105 -0.57
304.036 10.5209 -2.22
292.067 1.54001 -3.6
171.902 1.11088 -1.26
303.035 10.6534 -2.35
176.66 9.82252 -9.43
302.358 10.6674 -2.45
302.077 10.4738 -2.54
167.75 0.875007 -9.68
172.59 1.36578 -1.24
290.304 1.61665 -3.92
301.721 10.5931 -2.51
177.244 9.93986 -9.37
289.622 1.49432 -3.91
301.275 10.6238 -2.55
172.901 1.31968 -1.31
294.357 1.96129 4.18
289.287 1.57514 -3.93
177.401 9.80307 -9.55
177.712 9.98823 -9.36
181.814 9.45967 -0.59
300.969 10.6887 -2.53
293.98 2.00531 4.13
288.708 1.47662 -4
178.117 9.92831 -9.36
304.595 10.1992 5.31
300.311 10.5392 -2.68
169.059 0.916436 -9.72
300.018 10.653 -2.74
299.303 10.5315 -2.81
178.565 9.90518 -9.3
287.427 1.53304 -4.2
174.325 1.3088 -1.21
298.814 10.5216 -2.79
286.783 1.43244 -4.2
178.904 9.84318 -9.44
298.359 10.6359 -2.88
169.764 0.769021 -9.78
291.616 2.01814 3.96
179.254 9.81882 -9.45
183.667 9.47542 -0.5
286.307 1.47148 -4.22
297.813 10.6541 -2.86
285.76 1.48962 -4.23
179.831 9.7923 -9.33
297.149 10.5995 -3.01
170.855 0.842715 -9.71
175.563 1.21183 -1.34
290.376 1.99008 3.78
285.339 1.60684 -4.28
180.487 9.93429 -9.31
171.265 0.80161 -9.77
296.578 10.5311 -3.05
289.993 2.01152 3.87
284.893 1.6375 -4.34
171.846 0.907657 -9.73
284.609 1.43267 -4.43
296.018 10.5003 -3.17
181.355 9.90769 -9.36
289.412 1.90547 3.79
284.387 1.5674 -4.33
295.758 10.6133 -3.09
283.97 1.58216 -4.34
181.901 10.0071 -9.36
295.146 10.5119 -3.15
283.246 1.43057 -4.48
172.693 0.923295 -9.75
177.411 1.20877 -1.21
182.175 9.82548 -9.32
287.991 1.92764 3.72
282.789 1.41984 -4.45
173.256 0.961601 -9.71
177.897 1.20737 -1.22
294.146 10.5306 -3.23
293.624 10.5215 -3.28
182.838 9.99381 -9.31
293.113 10.5501 -3.38
281.382 1.49093 -4.54
173.627 0.898761 -9.7
178.351 1.20681 -1.2
285.957 1.96212 3.44
280.89 1.58726 -4.73
183.257 9.98281 -9.32
291.894 10.4836 -3.5
174.071 0.860573 -9.7
178.774 1.21087 -1.35
280.217 1.50257 -4.76
291.593 10.5673 -3.36
183.694 9.92204 -9.35
279.742 1.5416 -4.84
279.136 1.46275 -4.84
174.641 0.928986 -9.72
290.53 10.5914 -3.53
175.066 0.823057 -9.75
278.775 1.56322 -4.87
289.975 10.5795 -3.71
184.681 9.85442 -9.34
189.037 9.53905 -0.540001
283.307 1.88011 3.27
278.142 1.38651 -4.88
185.255 9.93412 -9.28
293.85 10.1668 4.45
176.098 0.91726 -9.65
289.041 10.4865 -3.79
277.567 1.53431 -4.89
185.616 9.83365 -9.26
282.023 1.81149 3.24
277.01 1.51482 -5
288.047 10.4103 -3.73
186.211 9.99238 -9.23
276.492 1.52083 -5.06
176.796 0.861014 -9.71
275.871 1.38552 -5.08
186.602 9.99729 -9.18
280.598 1.93612 3.11
275.362 1.42164 -5.2
177.203 0.808618 -9.63
290.809 10.0799 4.24
186.865 9.89182 -9.29
191.154 9.57062 -0.59
286.516 10.5036 -4.03
177.563 0.821892 -9.74
274.955 1.47403 -5.2
187.297 9.92975 -9.29
286.07 10.5342 -4
274.476 1.50178 -5.23
178.083 0.82341 -9.68
285.622 10.5574 -4.08
187.685 9.80961 -9.21
187.911 10.0387 -9.22
274.015 1.47599 -5.23
289.467 10.1531 4.15
178.612 0.862562 -9.65
285.163 10.5391 -4.12
188.234 9.9165 -9.34
273.526 1.4661 -5.3
289.106 10.2535 4.12
288.817 10.0299 4.11
188.802 9.97739 -9.21
272.987 1.39684 -5.33
283.929 10.4161 -4.22
179.455 0.859383 -9.67
272.476 1.42543 -5.38
189.056 9.84182 -9.28
283.605 10.5345 -4.19
179.9 0.828722 -9.67
271.957 1.42391 -5.39
189.551 9.87053 -9.27
287.311 10.096 3.99
180.279 0.792226 -9.7
180.527 0.982848 -9.58
185.26 1.32101 -1.17
282.972 10.4753 -4.3
190.171 10.0021 -9.23
180.799 0.793743 -9.62
185.712 1.31669 -1.16
271.497 1.51939 -5.5
282.46 10.5002 -4.34
190.57 9.91957 -9.22
194.914 9.56281 -0.32
276.116 1.91739 2.81
270.883 1.41043 -5.53
181.242 0.755555 -9.56
186.242 1.35584 -1.09
286.387 10.1582 4
191.059 9.92946 -9.16
281.819 10.4109 -4.4
181.808 0.805151 -9.6
186.762 1.35736 -1.12
275.657 1.89913 2.81
270.391 1.39301 -5.55
195.907 9.51777 -0.329998
285.906 10.1784 3.82
269.968 1.38519 -5.54
187.3 1.42662 -1.12
281.056 10.465 -4.43
274.673 1.86053 2.68
192.228 10.0504 -9.09
269.446 1.37615 -5.64
280.45 10.3862 -4.48
182.682 0.801126 -9.61
187.536 1.22707 -1.1
274.118 1.84857 2.53
269.117 1.47578 -5.65
284.373 10.1466 3.67
192.529 9.96666 -9.2
196.8 9.57772 -0.43
280.053 10.4762 -4.53
183.315 0.977833 -9.49
268.579 1.40652 -5.6
273.291 1.90443 2.66
267.989 1.38411 -5.76
192.869 9.90467 -9.16
197.24 9.52824 -0.27
278.976 10.4514 -4.61
267.467 1.37507 -5.82
183.576 0.864843 -9.6
278.379 10.4027 -4.63
197.745 9.59458 -0.279999
267.067 1.45381 -5.75
277.954 10.5086 -4.63
184.04 0.901923 -9.62
188.926 1.32702 -1.09
271.689 1.97684 2.42
184.7 1.05897 -9.6
189.421 1.35573 -1.13
266.513 1.44185 -5.81
281.663 10.0814 3.52
198.631 9.51444 -0.23
277.392 10.4703 -4.73
189.867 1.32507 -1.06
265.956 1.42236 -5.9
194.902 9.98393 -8.96
276.861 10.4274 -4.76
270.572 1.80906 2.36
265.51 1.45302 -5.93
195.203 9.9002 -9.16
276.394 10.4965 -4.91
185.928 0.92436 -9.55
265.065 1.48368 -6.01
275.889 10.4302 -4.85
195.634 9.93437 -9.17
200.011 9.57676 -0.32
264.562 1.42486 -5.98
186.434 0.994465 -9.55
264.135 1.52327 -6.14
275.132 10.507 -4.79
196.284 10.0538 -9.05
263.583 1.40508 -6.1
186.726 0.880629 -9.61
191.611 1.2982 -1.08
274.544 10.4921 -5.01
196.583 9.96252 -9.15
200.9 9.50791 -0.130001
263.1 1.41777 -6.15
273.817 10.3292 -5.12
187.27 0.968706 -9.59
262.636 1.38069 -6.13
273.456 10.4297 -5.13
197.207 10.1091 -9.05
267.23 1.80588 2.11
262.029 1.29807 -6.17
272.919 10.3642 -5.08
197.572 10.0199 -9.01
266.738 1.7847 2.1
261.136 1.35187 -6.22
188.147 0.972208 -9.49
265.79 1.76031 2.13
260.763 1.41094 -6.21
197.927 10.0144 -9.12
202.29 9.60786 -0.169998
271.461 10.3721 -5.17
188.481 0.891396 -9.47
265.308 1.77676 2.09
260.238 1.39061 -6.31
198.334 9.962 -9.02
264.98 1.88015 2.04
188.893 0.857818 -9.53
189.144 1.05973 -9.44
270.524 10.3854 -5.26
198.774 9.91252 -8.97
264.331 1.76074 1.95
189.462 0.918704 -9.56
259.361 1.50086 -6.43
259.108 1.29142 -6.45
274.42 10.048 3.1
270.119 10.4453 -5.22
189.899 0.857935 -9.61
194.925 1.32105 -0.93
258.812 1.39396 -6.33
273.721 9.98297 2.96
199.889 9.95526 -8.92
269.42 10.3803 -5.41
263.259 1.75479 1.87
190.617 0.990706 -9.51
195.501 1.40828 -1.01
258.257 1.382 -6.41
262.964 1.8611 1.88
200.365 9.91623 -8.98
200.618 10.1257 -8.97
268.641 10.4955 -5.43
257.187 1.26606 -6.54
191.055 0.933701 -9.46
196.031 1.44743 -1.01
268.157 10.5044 -5.45
267.901 10.2837 -5.45
200.856 9.93364 -9.02
205.231 9.56851 -0.16
261.906 1.79032 1.78
256.826 1.36654 -6.52
191.671 1.05019 -9.46
196.39 1.33943 -1
267.559 10.4519 -5.45
256.382 1.40473 -6.46
201.488 9.98907 -8.9
266.914 10.3513 -5.48
260.832 1.77684 1.72
192.014 0.999489 -9.44
255.82 1.36642 -6.53
202.042 10.1148 -8.86
206.139 9.5674 -0.18
266.284 10.2997 -5.62
255.186 1.30346 -6.62
192.435 0.996018 -9.4
197.139 1.23256 -0.889999
265.83 10.3002 -5.68
269.9 10.0075 2.74
202.315 10.047 -8.93
206.682 9.65548 -0.119999
254.581 1.45963 -6.66
192.869 1.04147 -9.43
197.652 1.32901 -0.939999
254.326 1.24266 -6.67
269.483 10.0223 2.74
202.76 10.0163 -8.88
207.146 9.69256 -0.0699997
265.11 10.395 -5.69
253.962 1.33185 -6.69
264.635 10.434 -5.77
253.491 1.3897 -6.77
203.133 9.95722 -8.93
207.508 9.59208 -0.0999985
264.118 10.4438 -5.72
252.719 1.17874 -6.8
193.816 1.06586 -9.46
252.178 1.2157 -6.9
194.287 1.00801 -9.37
262.856 10.3367 -5.91
257.02 1.83151 1.53
204.239 10.0836 -8.85
251.844 1.29651 -6.8
194.719 1.04594 -9.42
256.401 1.70373 1.37
204.663 10.0914 -8.92
209.024 9.67736 -0.0400009
251.396 1.31965 -6.99
266.618 10.1013 2.6
195.105 0.918273 -9.41
200.002 1.381 -0.970001
205.202 10.0469 -8.78
262.039 10.3164 -5.93
251.013 1.34109 -6.93
195.822 1.04728 -9.32
250.63 1.3663 -6.95
261.197 10.4371 -5.95
205.718 10.0372 -8.78
250.071 1.33552 -6.98
196.178 0.927989 -9.29
201.152 1.43419 -0.880001
260.378 10.2918 -6.14
249.501 1.38838 -7.1
206.324 10.116 -8.75
248.808 1.22842 -7
259.345 10.3076 -6.1
196.518 0.865995 -9.32
201.448 1.33164 -0.829998
253.46 1.74308 1.27
206.668 10.0728 -8.79
248.425 1.36737 -7.11
258.825 10.3061 -6.19
197.003 0.978344 -9.36
201.997 1.43854 -0.84
247.797 1.20948 -7.11
258.552 10.3739 -6.13
247.341 1.20251 -7.19
197.351 0.946457 -9.35
202.276 1.39329 -0.880001
262.304 9.8697 2.28
207.358 9.98648 -8.81
257.981 10.3017 -6.24
252.151 1.70165 1.3
197.769 0.931695 -9.34
202.639 1.30034 -0.809998
257.693 10.4344 -6.24
257.44 10.2249 -6.28
246.433 1.20362 -7.32
257.112 10.3283 -6.24
198.315 1.03106 -9.35
251.297 1.78095 1.27
246.095 1.26938 -7.22
256.588 10.308 -6.31
198.742 0.932659 -9.38
256.144 10.3462 -6.31
209.07 10.1955 -8.72
245.246 1.36749 -7.26
255.533 10.2485 -6.36
199.471 1.10306 -9.24
249.686 1.70197 1.01
244.745 1.31244 -7.29
209.453 10.0565 -8.67
255.213 10.3783 -6.41
199.748 0.932777 -9.3
204.815 1.42515 -0.709999
254.243 10.2748 -6.39
243.34 1.27731 -7.35
210.032 10.1551 -8.66
253.778 10.3515 -6.48
200.367 1.06056 -9.23
247.912 1.73721 0.970001
242.905 1.3456 -7.43
210.269 9.95551 -8.7
253.095 10.2292 -6.57
200.698 0.968458 -9.25
242.345 1.31483 -7.47
210.888 10.0833 -8.59
257.103 9.94569 2.02
252.813 10.3806 -6.52
252.565 10.19 -6.56
241.807 1.24557 -7.45
252.125 10.2395 -6.65
211.268 10.0506 -8.69
246.447 1.71883 0.880001
241.37 1.30633 -7.56
256.204 9.97691 1.99
211.863 10.0918 -8.6
216.23 9.69654 0.18
251.834 10.3609 -6.54
240.788 1.19652 -7.57
202.321 1.08883 -9.1
251.357 10.3924 -6.55
240.429 1.30829 -7.51
250.755 10.3286 -6.68
202.546 0.965396 -9.28
244.945 1.68248 0.830002
239.907 1.29548 -7.57
212.795 10.0597 -8.51
250.296 10.4278 -6.84
244.463 1.69893 0.810001
202.959 0.931818 -9.19
203.19 1.17974 -9.24
249.791 10.3615 -6.67
249.485 10.1951 -6.83
238.662 1.13485 -7.72
249.114 10.258 -6.8
203.633 1.14155 -9.11
208.327 1.34046 -0.639999
238.282 1.16758 -7.66
213.689 10.1234 -8.5
248.67 10.2962 -6.82
242.952 1.74622 0.66
203.896 1.03609 -9.22
237.934 1.31698 -7.7
214.218 10.1626 -8.45
252.553 9.9136 1.71
204.415 1.0376 -9.16
209.37 1.47606 -0.610001
248.258 10.3297 -6.84
242.452 1.6987 0.66
214.525 10.0977 -8.57
218.892 9.70619 0.200001
237.507 1.29787 -7.65
241.993 1.68043 0.670002
236.917 1.27546 -7.79
251.649 9.926 1.69
247.282 10.3212 -6.92
205.507 1.11506 -9.07
236.344 1.19576 -7.89
246.698 10.2039 -6.94
215.64 10.1404 -8.46
241.077 1.6552 0.650002
205.711 0.916359 -9.09
210.671 1.37363 -0.649998
246.201 10.1639 -6.95
240.527 1.54077 0.639999
216.093 10.1399 -8.4
235.53 1.1868 -7.86
206.278 1.08723 -9.07
245.758 10.2059 -7.09
240.203 1.65922 0.600002
235.171 1.2948 -7.89
245.306 10.2139 -7.11
206.612 1.00642 -9.05
211.611 1.48543 -0.52
239.703 1.6117 0.540001
234.705 1.2502 -7.88
216.913 10.1714 -8.38
249.413 9.93545 1.57
245.049 10.3382 -7.04
206.979 0.924762 -9.01
211.986 1.43388 -0.540001
239.208 1.58299 0.560001
234.199 1.18009 -7.89
217.244 10.0793 -8.42
233.593 1.10123 -7.95
248.435 9.91567 1.64
207.566 1.05339 -9.06
212.477 1.4513 -0.559998
244.082 10.3598 -7.02
217.856 10.1807 -8.39
233.188 1.16116 -7.92
243.408 10.2676 -7.12
207.899 0.968815 -9.08
212.958 1.43108 -0.489998
237.643 1.55209 0.440002
232.666 1.15211 -7.92
218.215 10.069 -8.38
237.194 1.57146 0.490002
208.602 1.04514 -8.97
213.592 1.49404 -0.459999
232.119 1.16649 -8.03
218.729 10.0517 -8.35
242.276 10.1647 -7.16
246.358 9.91336 1.36
209.037 0.976839 -9
214.162 1.56245 -0.489998
236.328 1.60559 0.48
219.454 10.2108 -8.4
223.767 9.74112 0.450001
231.33 1.2441 -8.04
209.607 1.04525 -8.97
214.567 1.50253 -0.529999
241.642 10.333 -7.17
241.314 10.2051 -7.43
219.876 10.0936 -8.32
230.761 1.18321 -8.14
210.093 1.04385 -8.9
215.095 1.53415 -0.489998
240.921 10.1889 -7.36
230.299 1.15366 -8.12
220.321 10.0629 -8.2
224.694 9.69024 0.540001
240.434 10.1903 -7.31
234.866 1.5985 0.310001
210.67 1.13485 -8.82
229.853 1.18432 -8.13
243.765 9.80331 1.25
220.745 10.0707 -8.27
239.469 10.2194 -7.26
211.066 1.15857 -8.9
233.893 1.59754 0.350002
221.218 10.1379 -8.31
225.655 9.76356 0.540001
243.358 9.85571 1.27
239.027 10.2614 -7.36
211.435 1.0882 -8.85
233.368 1.57721 0.25
228.386 1.15841 -8.16
221.707 10.1478 -8.19
238.54 10.259 -7.49
232.867 1.52215 0.25
211.78 1.04502 -8.93
227.821 1.10881 -8.27
238.136 10.2052 -7.51
222.079 10.085 -8.19
232.596 1.59751 0.220001
227.697 1.24476 -8.17
212.305 1.06536 -8.85
217.33 1.5247 -0.380001
232.158 1.54077 0.260002
227.157 1.16798 -8.25
222.575 10.1212 -8.23
241.699 9.83864 1.2
212.781 1.02632 -8.83
217.724 1.42338 -0.34
237.327 10.2151 -7.46
223.142 10.1746 -8.19
213.201 1.02285 -8.82
226.733 1.16016 -8.25
236.829 10.2888 -7.53
223.465 10.0523 -8.18
231.193 1.56991 0.220001
226.197 1.21594 -8.33
213.801 1.19664 -8.85
236.291 10.3371 -7.65
225.544 1.08524 -8.31
223.885 10.0489 -8.14
235.644 10.2252 -7.61
213.961 0.957386 -8.85
225.123 1.20246 -8.36
224.54 10.1871 -8.05
239.628 9.85515 1.24
235.065 10.1267 -7.58
214.556 1.11236 -8.82
219.533 1.51234 -0.32
224.637 1.20386 -8.37
225.007 10.2355 -8.1
234.749 10.2752 -7.55
229.166 1.62697 0.0699997
215.146 1.13476 -8.67
219.904 1.4495 -0.360001
224.186 1.2157 -8.37
234.261 10.2691 -7.61
223.593 1.06826 -8.36
225.284 10.0652 -8.09
225.567 10.2663 -8
233.682 10.1706 -7.61
237.529 9.77381 0.940002
215.571 1.02883 -8.77
233.188 10.1419 -7.68
227.726 1.5814 -0.079998
226.139 10.2209 -7.97
222.707 1.1484 -8.48
232.763 10.2478 -7.74
216.054 1.01614 -8.77
227.286 1.51713 0.139999
232.19 10.1681 -7.76
226.603 10.258 -8.09
221.722 1.10227 -8.46
216.603 1.00929 -8.66
231.902 10.3007 -7.71
227.114 10.2294 -8.03
231.624 10.1185 -7.82
217.032 1.03593 -8.74
217.31 1.21817 -8.61
221.301 1.10574 -8.44
231.228 10.2085 -7.82
227.552 10.1724 -7.96
231.885 9.77424 0.690002
220.838 1.18994 -8.5
217.557 1.05626 -8.63
234.988 9.73442 0.920002
230.678 10.2154 -7.92
227.959 10.12 -7.96
225.331 1.60261 -0.0599976
220.156 1.07137 -8.64
217.951 1.07245 -8.65
230.094 10.098 -7.86
224.766 1.55301 -0.0999985
228.434 10.1947 -7.93
219.82 1.14466 -8.55
229.233 10.151 -7.95
218.545 1.22742 -8.57
218.757 1.05507 -8.66
228.733 10.1035 -7.96
2 0 3061
2 0 4113
2 0 3062
2 0 1
2 0 4115
2 0 5732
2 0 3059
2 0 5729
2 0 4111
2 1 3059
2 1 5729
2 1 4115
2 1 3061
2 1 4113
2 1 3062
2 1 5732
2 1 4111
2 2 4110
2 2 3066
2 2 5743
2 2 3
2 2 4107
2 2 5740
2 2 3064
2 2 5739
2 2 4106
2 3 5740
2 3 4110
2 3 3066
2 3 5739
2 3 3064
2 3 5743
2 3 3063
2 3 4107
2 4 3090
2 4 3089
2 4 4103
2 4 6
2 4 5748
2 4 3091
2 4 3087
2 4 4098
2 4 5751
2 5 4833
2 5 5702
2 5 4762
2 5 5706
2 5 395
2 5 4828
2 5 5182
2 5 398
2 5 4765
2 6 5748
2 6 4103
2 6 3089
2 6 3087
2 6 3090
2 6 5744
2 6 4106
2 6 3091
2 7 5182
2 7 398
2 7 5696
2 7 4762
2 7 5702
2 7 4833
2 7 401
2 5 7
2 7 5693
2 8 5754
2 8 9
2 8 3092
2 8 4095
2 8 5751
2 8 4098
2 8 4094
2 8 3091
2 8 3117
2 9 3092
2 9 5754
2 9 5751
2 9 4098
2 9 3091
2 9 3090
2 9 4095
2 4 9
2 10 4088
2 10 5764
2 10 3118
2 10 3120
2 10 4090
2 10 5759
2 10 5765
2 10 4084
2 10 3122
2 11 4077
2 11 5771
2 11 5777
2 11 4074
2 11 3127
2 11 4071
2 11 3126
2 11 5779
2 11 3122
2 12 5799
2 12 3166
2 12 4061
2 12 16
2 12 3165
2 12 5791
2 12 4059
2 12 17
2 12 3163
2 13 5685
2 13 5188
2 13 4774
2 13 5680
2 13 4800
2 13 4795
2 13 5193
2 13 377
2 13 4805
2 14 5186
2 14 5189
2 14 5184
2 14 15
2 14 5190
2 14 4860
2 14 413
2 14 4754
2 14 4757
2 15 4860
2 15 5190
2 15 4754
2 15 413
2 15 5189
2 15 5186
2 15 5675
2 15 4865
2 16 3165
2 16 5791
2 16 5799
2 16 3166
2 16 17
2 16 3163
2 16 4061
2 16 3162
2 17 5791
2 17 3163
2 17 3165
2 17 3162
2 17 5799
2 17 3166
2 17 5787
2 18 4869
2 18 5194
2 18 5672
2 18 417
2 18 420
2 18 5675
2 18 4865
2 18 4873
2 18 4754
2 19 4058
2 19 4055
2 19 20
2 19 5803
2 19 5806
2 19 4059
2 19 5810
2 19 4052
2 19 3189
2 20 5803
2 20 4059
2 20 4058
2 20 4061
2 20 4055
2 12 20
2 20 5806
2 20 5799
2 21 3193
2 21 4045
2 21 3191
2 21 5816
2 21 22
2 21 4049
2 21 3190
2 21 5812
2 21 3194
2 22 3191
2 22 4045
2 22 4049
2 22 3190
2 22 5812
2 22 3193
2 22 5816
2 22 3189
2 23 4814
2 23 4768
2 23 386
2 23 5198
2 23 5656
2 23 384
2 23 5655
2 23 5665
2 23 4808
2 24 5662
2 24 5659
2 24 4876
2 24 4751
2 24 4880
2 24 5197
2 24 423
2 24 28
2 24 432
2 25 5819
2 25 4036
2 25 27
2 25 4039
2 25 3194
2 25 5821
2 25 4028
2 25 5822
2 25 3193
2 26 5723
2 26 4784
2 26 376
2 26 5200
2 26 4736
2 26 378
2 26 30
2 26 5202
2 26 5204
2 27 3194
2 27 4039
2 27 5819
2 27 4036
2 27 3193
2 27 5816
2 21 27
2 27 4045
2 28 432
2 28 4880
2 28 4747
2 28 5659
2 28 4886
2 28 5662
2 28 437
2 28 4876
2 29 4022
2 29 5826
2 29 4028
2 29 5822
2 29 4017
2 29 3227
2 29 5821
2 29 5829
2 29 3228
2 30 4736
2 30 5202
2 30 378
2 30 5204
2 30 5200
2 30 4785
2 30 5722
2 30 4784
2 31 4004
2 31 3234
2 31 3232
2 31 5841
2 31 32
2 31 4001
2 31 5843
2 31 3229
2 31 5836
2 32 3232
2 32 3229
2 32 5836
2 32 4004
2 32 4012
2 32 3234
2 32 5841
2 32 3228
2 33 3990
2 33 5844
2 33 5848
2 33 34
2 33 39
2 33 5851
2 33 3257
2 33 5843
2 33 38
2 34 5844
2 34 3990
2 34 5848
2 34 5843
2 34 4001
2 34 5841
2 34 3234
2 34 39
2 35 4764
2 35 4761
2 35 396
2 35 5653
2 35 389
2 35 4759
2 35 5655
2 35 4827
2 35 5656
2 36 4744
2 36 449
2 36 4896
2 36 5652
2 36 443
2 36 4892
2 36 5646
2 36 5215
2 36 455
2 37 4087
2 37 3029
2 37 4093
2 37 4070
2 37 5840
2 37 4102
2 37 5796
2 37 46
2 37 3043
2 38 3258
2 38 3257
2 38 3974
2 38 5851
2 38 5857
2 38 3260
2 38 39
2 38 3262
2 38 5848
2 39 3257
2 39 5851
2 39 3258
2 39 5848
2 39 3974
2 39 3260
2 39 5857
2 40 5217
2 40 5643
2 40 463
2 40 4742
2 40 455
2 40 5641
2 40 44
2 40 5215
2 40 4739
2 41 3960
2 41 3266
2 41 3269
2 41 5860
2 41 3966
2 41 5867
2 41 3263
2 41 3951
2 41 3262
2 42 3943
2 42 5876
2 42 45
2 42 3938
2 42 5872
2 42 5879
2 42 49
2 42 3951
2 42 3932
2 43 4827
2 43 402
2 43 4759
2 43 47
2 43 5222
2 43 4831
2 43 396
2 43 4761
2 43 4837
2 44 4739
2 44 5641
2 44 469
2 44 5643
2 44 463
2 44 5217
2 44 5220
2 44 48
2 45 5876
2 45 5872
2 45 3943
2 45 3951
2 45 3938
2 45 5867
2 45 5879
2 45 3269
2 46 3043
2 46 5840
2 46 4054
2 46 4051
2 46 4070
2 46 4048
2 46 52
2 46 3029
2 47 4831
2 47 5222
2 47 402
2 47 4827
2 47 4837
2 47 4759
2 47 54
2 47 4842
2 48 5220
2 48 469
2 48 475
2 48 5637
2 48 4739
2 48 5641
2 48 4909
2 48 5634
2 49 3932
2 49 3927
2 49 5879
2 49 3303
2 49 3938
2 49 3304
2 49 5888
2 49 3943
2 50 390
2 50 4720
2 50 4798
2 50 5219
2 50 4724
2 50 392
2 50 5225
2 50 388
2 50 4794
2 51 3305
2 51 3918
2 51 5889
2 51 3306
2 51 3304
2 51 5888
2 51 3307
2 51 3303
2 51 3904
2 52 4048
2 52 4051
2 52 4054
2 52 4035
2 52 3067
2 52 4033
2 52 3068
2 52 3043
2 52 4027
2 53 3898
2 53 3904
2 53 5891
2 53 3307
2 53 3306
2 53 5889
2 53 3890
2 53 5898
2 51 53
2 54 4837
2 54 4842
2 54 410
2 54 4831
2 54 5222
2 54 5623
2 54 5620
2 54 402
2 55 480
2 55 5634
2 55 4909
2 55 5631
2 55 59
2 55 5637
2 55 5627
2 55 475
2 55 4915
2 56 5902
2 56 3885
2 56 3880
2 56 58
2 56 5898
2 56 3890
2 56 3338
2 56 3870
2 56 3339
2 57 4714
2 57 5714
2 57 5717
2 57 393
2 57 4803
2 57 4801
2 57 397
2 57 5709
2 57 5225
2 58 5898
2 58 5902
2 58 3885
2 58 3880
2 58 3890
2 58 3338
2 58 3870
2 58 3898
2 59 5627
2 59 4915
2 59 5631
2 59 480
2 59 4919
2 59 4731
2 59 5621
2 59 5634
2 60 3850
2 60 3348
2 60 61
2 60 3855
2 60 5918
2 60 3846
2 60 3858
2 60 3347
2 60 65
2 61 3855
2 61 3348
2 61 3858
2 61 3850
2 61 3347
2 61 5910
2 61 5918
2 61 3344
2 62 3836
2 62 65
2 62 5923
2 62 3831
2 62 3846
2 62 5918
2 62 3850
2 60 62
2 62 69
2 63 4811
2 63 5705
2 63 5226
2 63 5701
2 63 5708
2 63 400
2 63 5698
2 63 4806
2 63 404
2 64 4778
2 64 375
2 64 4780
2 64 5699
2 64 374
2 64 4741
2 64 5682
2 64 4781
2 64 4775
2 65 3846
2 65 5918
2 65 3836
2 65 3850
2 65 3831
2 65 5923
2 61 65
2 66 3825
2 66 3820
2 66 3390
2 66 69
2 66 3391
2 66 5935
2 66 3392
2 66 3811
2 66 5923
2 67 5229
2 67 4753
2 67 4849
2 67 414
2 67 5620
2 67 4858
2 67 5623
2 67 410
2 67 4748
2 68 4922
2 68 497
2 68 5617
2 68 5228
2 68 5614
2 68 491
2 68 5621
2 68 5612
2 68 4926
2 69 3825
2 69 3820
2 69 3390
2 69 5923
2 69 3831
2 69 3391
2 69 3836
2 69 5935
2 70 3394
2 70 3811
2 70 5939
2 70 3807
2 70 3392
2 70 3395
2 70 5935
2 70 3391
2 70 5942
2 71 3792
2 71 73
2 71 3783
2 71 5948
2 71 3780
2 71 77
2 71 3396
2 71 5955
2 71 5942
2 72 4705
2 72 406
2 72 5694
2 72 4815
2 72 5231
2 72 4812
2 72 5691
2 72 5233
2 72 4817
2 73 3792
2 73 5948
2 73 3396
2 73 5942
2 73 3783
2 73 3395
2 73 3807
2 73 3780
2 74 4719
2 74 4936
2 74 503
2 74 4926
2 74 510
2 74 5612
2 74 509
2 74 5614
2 74 5237
2 75 5728
2 75 4026
2 75 76
2 75 5726
2 75 4015
2 75 4030
2 75 5725
2 75 3900
2 75 4010
2 76 4026
2 76 5726
2 76 4030
2 76 5728
2 76 5725
2 76 3900
2 76 4032
2 76 4015
2 77 3780
2 77 5955
2 77 5959
2 77 3783
2 77 3772
2 77 3413
2 77 3792
2 73 77
2 78 3926
2 78 3917
2 78 5932
2 78 3132
2 78 5946
2 78 3950
2 78 3129
2 78 3889
2 78 5916
2 79 4007
2 79 3925
2 79 81
2 79 4010
2 79 4003
2 79 5731
2 79 3928
2 79 4015
2 79 4000
2 80 4942
2 80 5608
2 80 5606
2 80 4715
2 80 4712
2 80 4944
2 80 5237
2 80 510
2 80 4711
2 81 4010
2 81 4007
2 81 4015
2 81 3925
2 81 4003
2 81 5731
2 81 5728
2 81 3928
2 82 4818
2 82 5688
2 82 412
2 82 5236
2 82 85
2 82 409
2 82 4817
2 82 5687
2 82 4821
2 83 3415
2 83 3413
2 83 3763
2 83 5967
2 83 3760
2 83 5972
2 83 3756
2 83 3416
2 83 3772
2 84 3933
2 84 3993
2 84 5735
2 84 3931
2 84 3997
2 84 86
2 84 3934
2 84 5741
2 84 3930
2 85 5684
2 85 5687
2 85 4821
2 85 5239
2 85 5236
2 85 416
2 85 5242
2 85 5688
2 85 4702
2 86 5735
2 86 3997
2 86 3931
2 86 3930
2 86 3933
2 86 4000
2 86 3993
2 86 3928
2 87 3419
2 87 3417
2 87 5981
2 87 88
2 87 3420
2 87 3745
2 87 3752
2 87 3416
2 87 3756
2 88 3417
2 88 3752
2 88 5981
2 88 3416
2 88 3756
2 88 3419
2 88 5972
2 88 3760
2 89 3980
2 89 3977
2 89 93
2 89 5747
2 89 3972
2 89 3984
2 89 5741
2 89 5750
2 89 3969
2 90 419
2 90 4822
2 90 422
2 90 4825
2 90 5679
2 90 418
2 90 4694
2 90 5671
2 90 4702
2 91 450
2 91 444
2 91 456
2 91 95
2 91 5588
2 91 464
2 91 99
2 91 4734
2 91 433
2 92 539
2 92 547
2 92 4969
2 92 5597
2 92 5248
2 92 4962
2 92 96
2 92 532
2 92 5598
2 93 3980
2 93 3984
2 93 3977
2 93 5741
2 93 5747
2 93 3934
2 93 3972
2 93 3993
2 94 3422
2 94 5994
2 94 3733
2 94 97
2 94 5990
2 94 6002
2 94 3727
2 94 3745
2 94 3420
2 95 456
2 95 5588
2 95 464
2 95 99
2 95 450
2 95 4734
2 95 470
2 95 102
2 96 5248
2 96 553
2 96 4969
2 96 4973
2 96 547
2 96 100
2 96 5590
2 96 5587
2 97 3422
2 97 5990
2 97 3745
2 97 3420
2 97 5994
2 97 3733
2 97 3419
2 87 97
2 98 3968
2 98 3964
2 98 3970
2 98 3967
2 98 5753
2 98 101
2 98 3969
2 98 3957
2 98 5750
2 99 464
2 99 5588
2 99 4734
2 99 470
2 99 102
2 99 5575
2 99 456
2 99 450
2 100 5590
2 100 5587
2 100 4973
2 100 553
2 100 5584
2 100 4978
2 100 560
2 100 5248
2 101 3967
2 101 5750
2 101 3969
2 101 3968
2 101 3964
2 101 3972
2 101 3970
2 101 5753
2 102 470
2 102 4734
2 102 5575
2 102 464
2 102 5588
2 102 456
2 102 116
2 103 560
2 103 5578
2 103 5581
2 103 5584
2 103 4978
2 103 5587
2 103 4983
2 103 5577
2 103 106
2 104 3723
2 104 3719
2 104 105
2 104 3727
2 104 6002
2 104 6009
2 104 3710
2 104 3733
2 104 5994
2 105 6002
2 105 3727
2 105 3723
2 105 3719
2 105 5994
2 105 3733
2 94 105
2 105 6009
2 106 566
2 106 5574
2 106 5577
2 106 4983
2 106 5578
2 106 110
2 106 5581
2 106 5251
2 107 5963
2 107 3854
2 107 3849
2 107 5979
2 107 3845
2 107 3198
2 107 5987
2 107 5952
2 107 3835
2 108 4846
2 108 4841
2 108 4689
2 108 112
2 108 447
2 108 435
2 108 4848
2 108 5648
2 108 5247
2 109 3946
2 109 3976
2 109 5756
2 109 111
2 109 3948
2 109 3975
2 109 114
2 109 3973
2 109 3935
2 110 5251
2 110 573
2 110 5574
2 110 566
2 110 4987
2 110 117
2 110 4994
2 110 5577
2 111 3948
2 111 114
2 111 3975
2 111 3946
2 111 3976
2 111 5756
2 111 3973
2 111 3957
2 112 447
2 112 4846
2 112 5648
2 112 4848
2 112 4841
2 112 4689
2 112 125
2 112 435
2 113 394
2 113 5645
2 113 4708
2 113 5635
2 113 130
2 113 5632
2 113 4723
2 113 391
2 113 4707
2 114 3975
2 114 3948
2 114 3973
2 114 3957
2 114 5753
2 114 3970
2 114 3946
2 115 6012
2 115 118
2 115 3710
2 115 3439
2 115 6015
2 115 6009
2 115 3441
2 115 120
2 115 3442
2 116 481
2 116 4901
2 116 121
2 116 487
2 116 4904
2 116 5569
2 116 5575
2 116 470
2 117 4994
2 117 5251
2 117 573
2 117 4987
2 117 579
2 117 122
2 117 5574
2 117 566
2 118 3710
2 118 6009
2 118 6012
2 118 3719
2 118 3439
2 118 6015
2 104 118
2 118 3723
2 119 5767
2 119 3935
2 119 5761
2 119 5768
2 119 3924
2 119 3920
2 119 5756
2 119 3946
2 119 3976
2 120 3442
2 120 3693
2 120 6024
2 120 3441
2 120 3443
2 120 6015
2 120 3439
2 120 3689
2 120 3444
2 121 487
2 121 4901
2 121 4904
2 121 481
2 121 5569
2 121 4908
2 121 5261
2 121 5575
2 122 579
2 122 4994
2 122 5573
2 122 5001
2 122 584
2 122 128
2 122 4692
2 122 573
2 123 4023
2 123 4020
2 123 3915
2 123 5775
2 123 4024
2 123 3907
2 123 3920
2 123 4029
2 123 3924
2 124 126
2 124 4025
2 124 4019
2 124 5778
2 124 132
2 124 3789
2 124 5781
2 124 3791
2 124 4009
2 125 4852
2 125 4679
2 125 460
2 125 5648
2 125 5252
2 125 4848
2 125 467
2 125 4855
2 125 5253
2 126 4025
2 126 4019
2 126 5778
2 126 132
2 126 3789
2 126 5781
2 126 3791
2 126 4009
2 127 3446
2 127 3679
2 127 6032
2 127 3445
2 127 3448
2 127 129
2 127 3684
2 127 6035
2 127 6028
2 128 5001
2 128 584
2 128 4692
2 128 5573
2 128 589
2 128 5259
2 128 5565
2 128 133
2 129 3445
2 129 3684
2 129 3679
2 129 6028
2 129 3446
2 129 3444
2 129 6032
2 129 3689
2 130 5632
2 130 4707
2 130 5635
2 130 5255
2 130 135
2 130 4708
2 130 4809
2 130 394
2 131 5789
2 131 3893
2 131 5786
2 131 4031
2 131 5795
2 131 3902
2 131 5782
2 131 4029
2 131 138
2 132 3789
2 132 5778
2 132 5781
2 132 3791
2 132 4019
2 132 4009
2 132 3793
2 132 4025
2 132 3796
2 133 5565
2 133 589
2 133 5259
2 133 5008
2 133 4691
2 133 4692
2 133 584
2 133 5001
2 134 5640
2 134 5256
2 134 5639
2 134 4861
2 134 4854
2 134 473
2 134 5253
2 134 4855
2 134 467
2 135 4809
2 135 5255
2 135 4707
2 135 5632
2 135 5635
2 135 4708
2 113 135
2 135 4703
2 136 3663
2 136 3669
2 136 6035
2 136 3448
2 136 3659
2 136 6041
2 136 3657
2 127 136
2 136 3446
2 137 3806
2 137 3815
2 137 3787
2 137 6022
2 137 5999
2 137 3202
2 137 3824
2 137 3779
2 137 3200
2 138 3878
2 138 5795
2 138 5801
2 138 3873
2 138 4069
2 138 5804
2 138 3893
2 138 4072
2 139 3796
2 139 3797
2 139 3793
2 139 3996
2 139 4009
2 139 3791
2 139 5781
2 139 3992
2 139 3789
2 140 473
2 140 5639
2 140 5256
2 140 4867
2 140 4861
2 140 477
2 140 5258
2 134 140
2 140 4669
2 141 3657
2 141 6041
2 141 3653
2 141 6046
2 141 3659
2 141 3649
2 141 3663
2 136 141
2 141 3669
2 142 5013
2 142 602
2 142 5553
2 142 5551
2 142 5273
2 142 4691
2 142 5549
2 142 146
2 142 5008
2 143 4073
2 143 4075
2 143 3864
2 143 3861
2 143 4072
2 143 5807
2 143 5804
2 143 4076
2 143 4069
2 144 3640
2 144 6050
2 144 3636
2 144 6053
2 144 3649
2 144 3631
2 144 6046
2 144 3653
2 144 151
2 145 516
2 145 5264
2 145 4717
2 145 5556
2 145 523
2 145 5261
2 145 4908
2 145 5539
2 145 4935
2 146 5273
2 146 5549
2 146 608
2 146 5551
2 146 5553
2 146 5548
2 146 602
2 146 5013
2 147 149
2 147 3852
2 147 5817
2 147 4078
2 147 3842
2 147 4076
2 147 5807
2 147 3838
2 147 3861
2 148 4665
2 148 5629
2 148 484
2 148 5626
2 148 5265
2 148 4875
2 148 5267
2 148 5262
2 148 4661
2 149 3852
2 149 4078
2 149 4076
2 149 5817
2 149 5807
2 149 3861
2 149 4075
2 149 3842
2 150 3627
2 150 151
2 150 6057
2 150 3622
2 150 3631
2 150 3480
2 150 3482
2 150 3636
2 150 6053
2 151 6057
2 151 3627
2 151 3631
2 151 3622
2 151 3636
2 151 6053
2 151 3480
2 151 3640
2 152 5027
2 152 4676
2 152 622
2 152 5540
2 152 616
2 152 5278
2 152 5024
2 152 157
2 152 4675
2 153 3238
2 153 3236
2 153 3235
2 153 3779
2 153 6022
2 153 3787
2 153 178
2 137 153
2 153 3806
2 154 4163
2 154 3829
2 154 158
2 154 3838
2 154 4168
2 154 3842
2 154 5825
2 154 4169
2 154 5817
2 155 5276
2 155 4878
2 155 494
2 155 5271
2 155 4657
2 155 5615
2 155 5270
2 155 489
2 155 159
2 156 4696
2 156 4703
2 156 426
2 156 4824
2 156 173
2 156 177
2 156 4809
2 135 156
2 156 5255
2 157 4675
2 157 5278
2 157 5537
2 157 5540
2 157 5032
2 157 622
2 157 5027
2 157 4676
2 157 629
2 158 3838
2 158 4163
2 158 3829
2 158 3842
2 158 5817
2 158 4168
2 147 158
2 158 5825
2 159 5611
2 159 4884
2 159 494
2 159 500
2 159 4878
2 159 5276
2 159 5609
2 159 165
2 160 3483
2 160 3482
2 160 6066
2 160 3484
2 160 3480
2 160 3609
2 160 3485
2 160 3622
2 160 3603
2 161 4940
2 161 540
2 161 4935
2 161 5539
2 161 166
2 161 5531
2 161 523
2 161 548
2 161 4953
2 162 4672
2 162 629
2 162 635
2 162 5536
2 162 5032
2 162 167
2 162 5537
2 162 5037
2 162 4675
2 163 3818
2 163 4173
2 163 4174
2 163 164
2 163 4169
2 163 5828
2 163 5825
2 163 4177
2 163 4168
2 164 4169
2 164 4173
2 164 5825
2 164 4168
2 164 3818
2 164 4174
2 164 5828
2 164 4177
2 165 5609
2 165 500
2 165 4890
2 165 506
2 165 4884
2 165 5611
2 165 5277
2 165 169
2 166 540
2 166 5531
2 166 548
2 166 4940
2 166 4953
2 166 5529
2 166 4704
2 166 4935
2 167 635
2 167 5534
2 167 5037
2 167 5536
2 167 5532
2 167 170
2 167 4672
2 167 629
2 168 171
2 168 3941
2 168 3952
2 168 3929
2 168 3832
2 168 3923
2 168 3963
2 168 3814
2 168 5831
2 169 5277
2 169 513
2 169 4890
2 169 506
2 169 5280
2 169 4889
2 169 172
2 169 4645
2 169 5604
2 170 5532
2 170 5288
2 170 5534
2 170 175
2 170 648
2 170 5037
2 170 5049
2 170 635
2 171 3941
2 171 3952
2 171 3963
2 171 3814
2 171 3929
2 171 3832
2 171 3812
2 171 3923
2 172 4645
2 172 5604
2 172 4894
2 172 4889
2 172 519
2 172 5280
2 172 513
2 172 4640
2 173 4824
2 173 177
2 173 440
2 173 5285
2 173 426
2 173 5287
2 173 5591
2 173 4838
2 173 453
2 174 3488
2 174 3487
2 174 3597
2 174 6074
2 174 176
2 174 3591
2 174 3491
2 174 3485
2 174 3603
2 175 5288
2 175 5049
2 175 648
2 175 4664
2 175 5524
2 175 179
2 175 5532
2 175 654
2 176 3597
2 176 3603
2 176 3487
2 176 3485
2 176 6074
2 176 3488
2 176 3591
2 176 3609
2 177 440
2 177 5285
2 177 5287
2 177 5591
2 177 4824
2 177 4838
2 177 453
2 177 426
2 178 3722
2 178 184
2 178 3718
2 178 3714
2 178 3238
2 178 190
2 178 3236
2 178 3270
2 179 654
2 179 4660
2 179 5524
2 179 5054
2 179 4664
2 179 5049
2 179 5288
2 179 648
2 180 5838
2 180 3799
2 180 181
2 180 3809
2 180 5832
2 180 3795
2 180 4177
2 180 5828
2 180 4174
2 181 5832
2 181 3809
2 181 5838
2 181 4177
2 181 3799
2 181 5828
2 181 4174
2 181 3818
2 182 4899
2 182 4900
2 182 5600
2 182 186
2 182 525
2 182 5283
2 182 530
2 182 4640
2 182 188
2 183 3584
2 183 6087
2 183 6081
2 183 3588
2 183 3575
2 183 3491
2 183 3591
2 183 6074
2 183 3488
2 184 3722
2 184 3718
2 184 3714
2 184 190
2 184 3270
2 184 3274
2 184 3276
2 184 3278
2 185 3784
2 185 4191
2 185 5846
2 185 3795
2 185 4192
2 185 3777
2 185 3799
2 185 4194
2 185 5838
2 186 4900
2 186 530
2 186 4899
2 186 188
2 186 536
2 186 5600
2 186 525
2 186 4636
2 187 3834
2 187 3910
2 187 5837
2 187 3906
2 187 5831
2 187 3901
2 187 3839
2 187 3923
2 187 3832
2 188 536
2 188 4636
2 188 530
2 188 5596
2 188 4903
2 188 4900
2 188 543
2 188 5594
2 189 3572
2 189 6095
2 189 3575
2 189 6087
2 189 6099
2 183 189
2 189 6100
2 189 197
2 189 3584
2 190 3270
2 190 3714
2 190 3718
2 190 3274
2 190 3722
2 190 3276
2 190 3278
2 190 6080
2 191 5518
2 191 5519
2 191 4651
2 191 5060
2 191 5292
2 191 5063
2 191 196
2 191 5290
2 191 5515
2 192 3777
2 192 4194
2 192 5849
2 192 4196
2 192 4192
2 192 4199
2 192 3770
2 192 5856
2 192 5846
2 193 3897
2 193 3892
2 193 194
2 193 3839
2 193 3901
2 193 3906
2 193 5853
2 193 202
2 193 3910
2 194 3897
2 194 3901
2 194 3839
2 194 3892
2 194 3906
2 194 3910
2 187 194
2 194 3834
2 195 4977
2 195 574
2 195 200
2 195 567
2 195 5297
2 195 5520
2 195 4982
2 195 5298
2 195 4967
2 196 5063
2 196 5515
2 196 674
2 196 5518
2 196 4651
2 196 5519
2 196 5511
2 196 5514
2 197 6100
2 197 6099
2 197 6107
2 197 3552
2 197 3531
2 197 6095
2 197 3533
2 197 204
2 198 5858
2 198 4201
2 198 3765
2 198 4202
2 198 5856
2 198 3770
2 198 4199
2 198 5864
2 198 3754
2 199 5592
2 199 4632
2 199 5594
2 199 544
2 199 4907
2 199 551
2 199 5582
2 199 543
2 199 4629
2 200 5297
2 200 4982
2 200 5298
2 200 4977
2 200 574
2 200 4688
2 200 567
2 200 5302
2 201 5514
2 201 5066
2 201 674
2 201 5511
2 201 682
2 201 5515
2 201 205
2 196 201
2 201 5063
2 202 5853
2 202 3872
2 202 3892
2 202 3867
2 202 3857
2 202 3897
2 194 202
2 202 5863
2 203 5289
2 203 4629
2 203 551
2 203 5291
2 203 5582
2 203 4628
2 203 4914
2 203 5294
2 203 4907
2 204 3533
2 204 6110
2 204 3544
2 204 3531
2 204 3534
2 204 3540
2 204 3536
2 204 6107
2 204 6116
2 205 4646
2 205 5073
2 205 682
2 205 689
2 205 5506
2 205 4643
2 205 5066
2 205 210
2 206 3750
2 206 5869
2 206 5871
2 206 3754
2 206 5875
2 206 5864
2 206 4202
2 206 4222
2 206 5877
2 207 556
2 207 4628
2 207 5294
2 207 4914
2 207 4626
2 207 5291
2 207 564
2 203 207
2 207 5289
2 208 4226
2 208 3735
2 208 4225
2 208 211
2 208 4229
2 208 5880
2 208 3739
2 208 5877
2 208 4222
2 209 5302
2 209 4687
2 209 4688
2 209 595
2 209 4993
2 209 5298
2 209 4982
2 209 5305
2 209 5494
2 210 4643
2 210 696
2 210 5075
2 210 5502
2 210 5506
2 210 689
2 210 5073
2 210 4639
2 210 4646
2 211 4225
2 211 3739
2 211 4222
2 211 5877
2 211 3735
2 211 4226
2 211 5880
2 211 5875
2 212 703
2 212 4639
2 212 5082
2 212 5074
2 212 5075
2 212 5499
2 212 5502
2 212 696
2 212 711
2 213 3847
2 213 5874
2 213 3863
2 213 3860
2 213 5868
2 213 3837
2 213 218
2 213 3859
2 213 5863
2 214 3542
2 214 3545
2 214 3525
2 214 6131
2 214 6133
2 214 3541
2 214 3546
2 214 3519
2 214 3539
2 215 4233
2 215 4234
2 215 3721
2 215 216
2 215 5885
2 215 4237
2 215 4230
2 215 3712
2 215 4229
2 216 5885
2 216 4230
2 216 4233
2 216 3721
2 216 4229
2 216 4234
2 216 5880
2 216 4237
2 217 4925
2 217 4933
2 217 581
2 217 5563
2 217 5301
2 217 576
2 217 4617
2 217 5559
2 217 5568
2 218 3837
2 218 3833
2 218 5884
2 218 3847
2 218 5874
2 218 3827
2 218 3863
2 218 224
2 219 718
2 219 5308
2 219 4633
2 219 5087
2 219 5310
2 219 4635
2 219 724
2 219 5490
2 219 711
2 220 5892
2 220 223
2 220 3708
2 220 3699
2 220 5896
2 220 3712
2 220 4237
2 220 3695
2 220 233
2 221 5559
2 221 5563
2 221 4613
2 221 586
2 221 581
2 221 4932
2 221 5304
2 221 4933
2 217 221
2 222 4654
2 222 226
2 222 4870
2 222 4649
2 222 507
2 222 4648
2 222 485
2 222 5558
2 222 4866
2 223 3708
2 223 5892
2 223 3712
2 223 4237
2 223 3699
2 223 4234
2 223 5896
2 215 223
2 224 3827
2 224 3822
2 224 3875
2 224 3817
2 224 3876
2 224 5884
2 224 3813
2 224 3877
2 224 3833
2 225 4939
2 225 591
2 225 4612
2 225 586
2 225 5304
2 225 4932
2 221 225
2 225 4613
2 225 5559
2 226 4649
2 226 507
2 226 4654
2 226 4648
2 226 4870
2 226 4883
2 226 520
2 226 5533
2 227 3502
2 227 6142
2 227 230
2 227 3497
2 227 3506
2 227 3492
2 227 3509
2 227 239
2 227 6155
2 228 623
2 228 5488
2 228 5489
2 228 5012
2 228 4668
2 228 5017
2 228 5491
2 228 5022
2 228 5006
2 229 5099
2 229 732
2 229 5314
2 229 738
2 229 234
2 229 5097
2 229 4624
2 229 724
2 229 5490
2 230 3506
2 230 3502
2 230 6142
2 230 3509
2 230 3497
2 230 3548
2 230 3513
2 230 6137
2 231 6121
2 231 3626
2 231 6128
2 231 3648
2 231 3608
2 231 3602
2 231 3308
2 231 247
2 231 3656
2 232 4943
2 232 591
2 232 598
2 232 5546
2 232 5545
2 232 599
2 232 4610
2 232 4939
2 232 4612
2 233 5901
2 233 3695
2 233 3687
2 233 5896
2 233 3699
2 233 4251
2 233 5904
2 233 3681
2 233 4254
2 234 4624
2 234 5097
2 234 738
2 234 5483
2 234 5099
2 234 4620
2 234 732
2 234 744
2 235 3808
2 235 3804
2 235 5895
2 235 3879
2 235 3877
2 235 3798
2 235 3813
2 235 3876
2 235 3817
2 236 4607
2 236 4951
2 236 605
2 236 599
2 236 4610
2 236 5543
2 236 5546
2 236 5545
2 236 4943
2 237 3486
2 237 239
2 237 6155
2 237 3492
2 237 3479
2 237 3497
2 237 6159
2 237 243
2 237 3472
2 238 5022
2 238 642
2 238 5316
2 238 241
2 238 4655
2 238 4668
2 238 5017
2 238 649
2 238 245
2 239 3492
2 239 6155
2 239 3486
2 239 3497
2 239 6142
2 239 3502
2 239 3479
2 240 4254
2 240 3676
2 240 4255
2 240 5905
2 240 3681
2 240 4251
2 240 3672
2 240 5904
2 240 4258
2 241 5316
2 241 4655
2 241 649
2 241 642
2 241 245
2 241 5022
2 241 4652
2 241 5036
2 242 5109
2 242 751
2 242 4619
2 242 5116
2 242 5475
2 242 5476
2 242 744
2 242 758
2 242 5103
2 243 6159
2 243 3479
2 243 3472
2 243 3466
2 243 6164
2 243 3486
2 243 256
2 243 6155
2 244 5313
2 244 4606
2 244 612
2 244 619
2 244 248
2 244 4957
2 244 5311
2 244 4966
2 244 5543
2 245 649
2 245 4652
2 245 5036
2 245 4655
2 245 655
2 245 5316
2 245 5468
2 245 5322
2 246 4616
2 246 758
2 246 5116
2 246 5470
2 246 5121
2 246 250
2 242 246
2 246 5469
2 246 5109
2 247 3308
2 247 3602
2 247 3310
2 247 3608
2 247 3312
2 247 3313
2 247 6151
2 247 6128
2 247 3626
2 248 619
2 248 4606
2 248 4966
2 248 5527
2 248 5313
2 248 626
2 248 4601
2 248 5525
2 249 5914
2 249 4262
2 249 4259
2 249 3667
2 249 5919
2 249 5909
2 249 3652
2 249 4258
2 249 3672
2 250 5121
2 250 764
2 250 5470
2 250 5469
2 250 4616
2 250 252
2 250 758
2 250 5116
2 251 3774
2 251 3769
2 251 5913
2 251 3903
2 251 3790
2 251 3794
2 251 3905
2 251 3758
2 251 3908
2 252 764
2 252 5125
2 252 5467
2 252 5469
2 252 5121
2 252 775
2 252 5330
2 252 5470
2 253 3574
2 253 3455
2 253 256
2 253 3576
2 253 6164
2 253 6168
2 253 3466
2 253 259
2 253 3577
2 254 632
2 254 5525
2 254 4601
2 254 4598
2 254 4972
2 254 626
2 254 5523
2 254 257
2 254 5527
2 255 5041
2 255 5046
2 255 666
2 255 5328
2 255 5324
2 255 5322
2 255 5468
2 255 5331
2 255 675
2 256 3574
2 256 6164
2 256 3466
2 256 3455
2 256 3576
2 256 3472
2 256 6168
2 257 4974
2 257 5523
2 257 5317
2 257 4598
2 257 4596
2 257 632
2 257 638
2 257 4972
2 258 5922
2 258 3643
2 258 3652
2 258 5919
2 258 5925
2 258 3634
2 258 263
2 249 258
2 258 5914
2 259 3577
2 259 6168
2 259 3447
2 259 3580
2 259 6174
2 259 3576
2 259 3455
2 259 3581
2 259 6178
2 260 5927
2 260 263
2 260 3624
2 260 3634
2 260 5930
2 260 5925
2 260 3620
2 260 5937
2 260 3643
2 261 5319
2 261 4980
2 261 4593
2 261 4596
2 261 5320
2 261 5317
2 261 645
2 261 638
2 261 4974
2 262 557
2 262 270
2 262 4912
2 262 5501
2 262 5496
2 262 4893
2 262 531
2 262 4615
2 262 4887
2 263 3634
2 263 5925
2 263 5927
2 263 3624
2 263 3643
2 263 5922
2 263 5930
2 264 675
2 264 5331
2 264 5052
2 264 683
2 264 5328
2 264 5059
2 264 666
2 264 5046
2 264 5457
2 265 5126
2 265 4609
2 265 780
2 265 5464
2 265 5128
2 265 5330
2 265 5461
2 265 788
2 265 5460
2 266 3911
2 266 3909
2 266 5921
2 266 3908
2 266 3743
2 266 3912
2 266 3758
2 266 3905
2 266 268
2 267 3615
2 267 4274
2 267 5937
2 267 5940
2 267 4277
2 267 3620
2 267 5930
2 267 3605
2 267 4278
2 268 5929
2 268 3912
2 268 3730
2 268 3743
2 268 3911
2 268 275
2 268 3909
2 268 5921
2 269 3587
2 269 6191
2 269 3586
2 269 3426
2 269 6189
2 269 271
2 269 3434
2 269 3589
2 269 6188
2 270 4912
2 270 5501
2 270 557
2 270 5496
2 270 4615
2 270 4893
2 270 292
2 270 4929
2 271 3586
2 271 3434
2 271 3585
2 271 6189
2 271 6188
2 271 3587
2 271 6191
2 271 3583
2 272 4278
2 272 5945
2 272 3605
2 272 4280
2 272 3600
2 272 4277
2 272 5940
2 272 4283
2 272 4274
2 273 657
2 273 5327
2 273 5507
2 273 4587
2 273 4990
2 273 4581
2 273 5505
2 273 5503
2 273 4997
2 274 5452
2 274 5453
2 274 803
2 274 5134
2 274 5456
2 274 5450
2 274 809
2 274 5342
2 274 5135
2 275 3716
2 275 3730
2 275 3711
2 275 5929
2 275 279
2 275 3707
2 275 3702
2 275 3912
2 276 3592
2 276 3418
2 276 3593
2 276 6197
2 276 3414
2 276 6195
2 276 3590
2 276 3421
2 276 3595
2 277 4997
2 277 663
2 277 5505
2 277 5503
2 277 4581
2 277 281
2 277 4996
2 273 277
2 277 4990
2 278 4284
2 278 5954
2 278 4287
2 278 5950
2 278 4283
2 278 3594
2 278 4288
2 278 5957
2 278 4280
2 279 3707
2 279 3711
2 279 3702
2 279 3716
2 279 3698
2 279 3936
2 279 285
2 279 3937
2 280 6200
2 280 3596
2 280 3402
2 280 6205
2 280 3408
2 280 3595
2 280 3400
2 280 3598
2 280 3414
2 281 4996
2 281 669
2 281 663
2 281 670
2 281 284
2 281 5498
2 281 4997
2 281 5333
2 282 5961
2 282 283
2 282 3579
2 282 3570
2 282 5957
2 282 4288
2 282 5971
2 282 3564
2 282 4287
2 283 3579
2 283 5957
2 283 4288
2 283 5961
2 283 4287
2 283 3570
2 283 5954
2 278 283
2 284 670
2 284 5333
2 284 5498
2 284 5004
2 284 5493
2 284 5334
2 284 4575
2 284 679
2 285 3937
2 285 3936
2 285 3939
2 285 3698
2 285 3940
2 285 3702
2 285 3686
2 285 3942
2 285 293
2 286 3604
2 286 3393
2 286 6208
2 286 288
2 286 3601
2 286 3598
2 286 3386
2 286 294
2 286 6211
2 287 4575
2 287 4572
2 287 5011
2 287 679
2 287 5334
2 287 5493
2 287 5004
2 287 686
2 287 5333
2 288 3601
2 288 3604
2 288 3598
2 288 3393
2 288 3400
2 288 6208
2 288 6205
2 288 3402
2 289 3560
2 289 5976
2 289 3554
2 289 3564
2 289 5985
2 289 5971
2 289 3570
2 289 296
2 289 5988
2 290 3944
2 290 3945
2 290 293
2 290 3942
2 290 5975
2 290 3686
2 290 3671
2 290 3947
2 290 3940
2 291 5337
2 291 686
2 291 5011
2 291 4570
2 291 5015
2 291 693
2 291 4572
2 291 5338
2 291 295
2 292 4929
2 292 613
2 292 4615
2 292 4948
2 292 5496
2 292 310
2 292 5501
2 292 4912
2 293 3942
2 293 3686
2 293 3944
2 293 3940
2 293 3945
2 293 5975
2 293 3939
2 293 3671
2 294 6211
2 294 3386
2 294 3382
2 294 6208
2 294 3393
2 294 3604
2 294 6216
2 288 294
2 295 5338
2 295 693
2 295 5015
2 295 700
2 295 5337
2 295 4570
2 295 5486
2 295 298
2 295 4569
2 296 5988
2 296 5985
2 296 5993
2 296 303
2 296 3554
2 296 5976
2 296 5998
2 296 302
2 297 5145
2 297 5433
2 297 5349
2 297 839
2 297 5436
2 297 5139
2 297 301
2 297 5142
2 297 4591
2 298 4569
2 298 5486
2 298 5021
2 298 5485
2 298 700
2 298 706
2 298 5481
2 298 707
2 299 6221
2 299 3374
2 299 6216
2 299 6222
2 299 3382
2 299 307
2 299 3367
2 299 6224
2 299 6211
2 300 739
2 300 5086
2 300 5078
2 300 5431
2 300 5435
2 300 733
2 300 5345
2 300 752
2 300 5355
2 301 839
2 301 4584
2 301 5142
2 301 845
2 301 5349
2 301 5145
2 301 304
2 301 5433
2 302 4303
2 302 5998
2 302 303
2 302 4304
2 302 6004
2 302 5993
2 302 311
2 302 4305
2 302 3526
2 303 5998
2 303 5993
2 303 4303
2 303 4304
2 303 6004
2 303 5988
2 303 311
2 304 845
2 304 5354
2 304 4584
2 304 4577
2 304 852
2 304 5149
2 304 5142
2 304 839
2 305 5991
2 305 3651
2 305 5997
2 305 313
2 305 3661
2 305 3642
2 305 5984
2 305 3666
2 305 6005
2 306 714
2 306 5025
2 306 4563
2 306 5480
2 306 707
2 306 5481
2 306 309
2 306 5030
2 306 706
2 307 3367
2 307 6224
2 307 6231
2 307 6222
2 307 6221
2 307 3362
2 307 3374
2 307 6234
2 308 3526
2 308 4308
2 308 4305
2 308 6006
2 308 311
2 308 6004
2 308 4309
2 308 4304
2 308 4312
2 309 5030
2 309 4563
2 309 722
2 309 5473
2 309 314
2 309 5343
2 309 714
2 309 5034
2 310 4948
2 310 613
2 310 4963
2 310 4597
2 310 639
2 310 5351
2 310 4929
2 310 4590
2 311 4305
2 311 4304
2 311 6004
2 311 3526
2 311 4308
2 311 4303
2 311 6006
2 312 5150
2 312 5424
2 312 859
2 312 5423
2 312 5149
2 312 4577
2 312 852
2 312 5354
2 312 865
2 313 3642
2 313 5997
2 313 3651
2 313 5991
2 313 6005
2 313 3633
2 313 3978
2 313 3628
2 314 722
2 314 5473
2 314 5343
2 314 5472
2 314 5030
2 314 5034
2 314 728
2 314 317
2 315 6234
2 315 3362
2 315 3351
2 315 6236
2 315 6231
2 315 319
2 315 6241
2 315 3343
2 315 3367
2 316 3471
2 316 3352
2 316 3478
2 316 3353
2 316 6220
2 316 3356
2 316 3350
2 316 6228
2 316 3496
2 317 728
2 317 5033
2 317 5472
2 317 4559
2 317 5343
2 317 5040
2 317 5034
2 317 5346
2 318 3978
2 318 3628
2 318 3633
2 318 3981
2 318 6005
2 318 3619
2 318 3982
2 318 3642
2 318 325
2 319 3343
2 319 6241
2 319 6236
2 319 3351
2 319 3340
2 319 3655
2 319 6245
2 319 6246
2 320 735
2 320 5346
2 320 5040
2 320 4559
2 320 741
2 320 5043
2 317 320
2 320 324
2 320 728
2 321 3505
2 321 6026
2 321 4318
2 321 323
2 321 3499
2 321 6021
2 321 6030
2 321 328
2 321 4317
2 322 5154
2 322 872
2 322 4573
2 322 5155
2 322 5153
2 322 865
2 322 5423
2 322 5366
2 322 883
2 323 6021
2 323 4318
2 323 6026
2 323 3505
2 323 4317
2 323 3511
2 323 3499
2 323 4314
2 324 5043
2 324 741
2 324 5350
2 324 4555
2 324 748
2 324 735
2 324 5346
2 324 4552
2 325 3982
2 325 6018
2 325 3985
2 325 3986
2 325 3619
2 325 3981
2 325 3987
2 325 3599
2 325 3989
2 326 3332
2 326 6248
2 326 6246
2 326 3658
2 326 3325
2 326 6245
2 326 3655
2 326 3340
2 326 6253
2 327 6034
2 327 3490
2 327 328
2 327 6030
2 327 3499
2 327 6038
2 327 3505
2 327 6026
2 321 327
2 328 6030
2 328 3499
2 328 6034
2 328 3490
2 328 6026
2 328 3505
2 328 4318
2 329 3989
2 329 6029
2 329 3599
2 329 3987
2 329 3986
2 329 339
2 329 3985
2 325 329
2 329 6018
2 330 3662
2 330 3314
2 330 6261
2 330 331
2 330 3660
2 330 3664
2 330 3320
2 330 3311
2 330 6253
2 331 3660
2 331 3320
2 331 3662
2 331 6261
2 331 6253
2 331 3314
2 331 3664
2 331 3658
2 332 3475
2 332 3481
2 332 6040
2 332 3468
2 332 6038
2 332 6043
2 332 4337
2 332 3490
2 332 347
2 333 796
2 333 5124
2 333 337
2 333 5119
2 333 789
2 333 5365
2 333 5400
2 333 781
2 333 342
2 334 4565
2 334 5158
2 334 895
2 334 894
2 334 5407
2 334 5159
2 334 4566
2 334 5410
2 334 888
2 335 671
2 335 4988
2 335 4583
2 335 680
2 335 658
2 335 4590
2 335 5351
2 335 5002
2 335 639
2 336 3578
2 336 339
2 336 349
2 336 3569
2 329 336
2 336 6029
2 336 3989
2 336 3599
2 336 3559
2 337 5124
2 337 796
2 337 5400
2 337 5119
2 337 342
2 337 789
2 337 815
2 337 5365
2 338 4538
2 338 772
2 338 5361
2 338 767
2 338 340
2 338 5445
2 338 5064
2 338 777
2 338 5443
2 339 3578
2 339 6029
2 339 349
2 339 3989
2 339 3569
2 339 3599
2 339 3987
2 340 772
2 340 5361
2 340 5445
2 340 777
2 340 5064
2 340 5443
2 340 5363
2 340 4538
2 341 3665
2 341 6269
2 341 3311
2 341 3664
2 341 3668
2 341 3314
2 341 3662
2 330 341
2 341 3302
2 342 815
2 342 5400
2 342 823
2 342 5129
2 342 5124
2 342 5132
2 342 828
2 343 906
2 343 4560
2 343 4558
2 343 345
2 343 4562
2 343 910
2 343 5162
2 343 5394
2 343 5403
2 344 3360
2 344 3359
2 344 6258
2 344 3357
2 344 3399
2 344 6228
2 344 6268
2 344 411
2 344 3356
2 345 910
2 345 5162
2 345 906
2 345 5394
2 345 4558
2 345 348
2 345 913
2 345 4560
2 346 784
2 346 5067
2 346 4537
2 346 5442
2 346 5363
2 346 5443
2 346 777
2 346 5429
2 346 5064
2 347 6049
2 347 4337
2 347 3457
2 347 6043
2 347 6052
2 347 3468
2 347 3453
2 347 4338
2 347 3475
2 348 913
2 348 4554
2 348 5388
2 348 910
2 348 5162
2 348 5394
2 348 5163
2 348 4558
2 349 3569
2 349 3578
2 349 3559
2 349 6055
2 329 349
2 349 6029
2 349 3989
2 350 828
2 350 4586
2 350 5132
2 350 833
2 350 5387
2 350 4578
2 350 840
2 350 823
2 350 5129
2 351 4535
2 351 5426
2 351 5428
2 351 800
2 351 5077
2 351 5429
2 351 4534
2 351 357
2 351 812
2 352 5368
2 352 5014
2 352 5002
2 352 715
2 352 5018
2 352 5420
2 352 680
2 352 4988
2 352 671
2 353 3673
2 353 3674
2 353 6272
2 353 3670
2 353 6277
2 353 3302
2 353 356
2 353 3675
2 353 3668
2 354 919
2 354 5385
2 354 915
2 354 4548
2 354 355
2 354 4551
2 354 5165
2 354 5382
2 354 5163
2 355 5165
2 355 4548
2 355 5382
2 355 919
2 355 4544
2 355 359
2 355 5378
2 355 5385
2 356 3670
2 356 3302
2 356 6272
2 356 3673
2 356 3668
2 356 3674
2 356 6269
2 356 6277
2 357 812
2 357 5425
2 357 5083
2 357 4534
2 357 4533
2 357 818
2 357 5077
2 357 819
2 357 5426
2 358 5381
2 358 846
2 358 5384
2 358 840
2 358 853
2 358 4574
2 358 5377
2 358 4578
2 358 361
2 359 5378
2 359 923
2 359 4544
2 359 5168
2 359 4541
2 359 5382
2 359 5165
2 359 4548
2 360 819
2 360 5369
2 360 825
2 360 4533
2 360 818
2 360 5090
2 360 362
2 360 5083
2 360 5425
2 361 5377
2 361 860
2 361 853
2 361 4574
2 361 363
2 361 846
2 361 866
2 361 5381
2 362 5090
2 362 825
2 362 5369
2 362 5418
2 362 5416
2 362 819
2 362 4531
2 362 5415
2 363 866
2 363 860
2 363 5377
2 363 5141
2 363 853
2 363 4574
2 363 367
2 363 846
2 364 4338
2 364 4340
2 364 3453
2 364 3450
2 364 6056
2 364 6052
2 364 4341
2 364 3457
2 364 403
2 365 3677
2 365 3291
2 365 3675
2 365 3680
2 365 6282
2 365 6285
2 365 6277
2 365 3674
2 365 3682
2 366 4530
2 366 5100
2 366 836
2 366 5371
2 366 5372
2 366 5106
2 366 843
2 366 5374
2 366 368
2 367 5146
2 367 5141
2 367 866
2 367 889
2 367 860
2 367 5151
2 361 367
2 367 5377
2 368 5404
2 368 5406
2 368 843
2 368 5106
2 368 5372
2 368 5374
2 368 5105
2 368 849
2 368 4527
2 369 4527
2 369 5113
2 369 5399
2 369 856
2 369 5105
2 369 5404
2 369 5110
2 369 849
2 369 5406
2 370 862
2 370 5118
2 370 5110
2 370 5375
2 370 856
2 370 5399
2 370 5396
2 370 5392
2 369 370
2 371 869
2 371 5391
2 371 4526
2 371 5392
2 371 5122
2 371 5396
2 371 875
2 371 5375
2 371 372
2 372 875
2 372 5122
2 372 5181
2 372 997
2 372 869
2 372 1909
2 372 4526
2 372 5391
2 373 1935
2 373 4117
2 373 1041
2 373 1953
2 373 792
2 373 1046
2 373 5055
2 373 778
2 373 773
2 374 5699
2 374 5223
2 374 4775
2 374 4778
2 374 5712
2 374 375
2 374 4780
2 374 4741
2 375 4778
2 375 4780
2 375 4741
2 375 5682
2 375 4781
2 375 5699
2 375 4737
2 376 5723
2 376 4784
2 376 5200
2 376 4736
2 376 378
2 30 376
2 376 5202
2 376 5204
2 377 5193
2 377 4800
2 377 5680
2 377 4774
2 377 5685
2 377 5188
2 377 4805
2 377 4795
2 378 4736
2 378 5202
2 378 5200
2 378 5204
2 378 4785
2 378 5723
2 378 5722
2 379 5205
2 379 5720
2 379 5207
2 379 5722
2 379 4785
2 379 382
2 379 5204
2 379 5209
2 379 5202
2 380 5670
2 380 4782
2 380 383
2 380 5676
2 380 5664
2 380 4737
2 380 4781
2 380 4733
2 380 4788
2 381 5665
2 381 4770
2 381 5667
2 381 4808
2 381 5195
2 381 384
2 381 4771
2 381 4805
2 381 5198
2 382 5209
2 382 5207
2 382 5210
2 382 5720
2 382 5205
2 382 4791
2 382 385
2 382 5722
2 383 5664
2 383 4733
2 383 4788
2 383 5670
2 383 4789
2 383 4727
2 383 4782
2 383 5676
2 384 5665
2 384 5198
2 384 4768
2 384 386
2 384 4808
2 384 4814
2 384 4770
2 385 4732
2 385 5212
2 385 4791
2 385 4792
2 385 5210
2 385 387
2 385 5209
2 385 4729
2 386 4814
2 386 5198
2 386 4768
2 386 5656
2 386 5655
2 386 5665
2 386 4808
2 387 4729
2 387 4792
2 387 4732
2 387 5718
2 387 5212
2 387 4794
2 387 4726
2 387 4791
2 388 4726
2 388 5718
2 388 4794
2 388 4724
2 388 4729
2 388 5219
2 388 390
2 387 388
2 388 4792
2 389 5653
2 389 5655
2 389 5656
2 389 4764
2 389 4814
2 23 389
2 386 389
2 389 4768
2 390 5219
2 390 4798
2 390 4724
2 390 4720
2 390 392
2 390 5225
2 390 4794
2 391 4723
2 391 4727
2 391 4789
2 391 5645
2 391 394
2 391 4788
2 391 4733
2 391 5664
2 392 5225
2 392 4720
2 392 4798
2 392 4801
2 392 5717
2 392 393
2 392 5219
2 393 5714
2 393 5717
2 393 4801
2 393 4714
2 393 5225
2 393 4803
2 393 5709
2 394 5645
2 394 4723
2 394 4708
2 394 5635
2 394 4727
2 394 4789
2 395 5706
2 395 4828
2 395 4765
2 395 4833
2 395 4762
2 395 5702
2 395 5182
2 395 398
2 396 4761
2 396 4759
2 396 4827
2 396 4764
2 396 402
2 47 396
2 396 5222
2 397 5709
2 397 4803
2 397 4714
2 397 4806
2 397 5708
2 397 5705
2 397 400
2 397 5714
2 398 5182
2 398 5696
2 398 5702
2 398 4762
2 398 4833
2 398 401
2 398 5693
2 399 4343
2 399 6060
2 399 4344
2 399 403
2 399 3440
2 399 6063
2 399 4346
2 399 4341
2 399 4347
2 400 5705
2 400 4806
2 400 5708
2 400 4811
2 400 5701
2 400 5226
2 400 5709
2 401 5693
2 401 4845
2 401 5696
2 401 405
2 401 5182
2 401 4758
2 401 5702
2 402 4827
2 402 4831
2 402 5222
2 402 4759
2 402 4761
2 402 4837
2 403 4343
2 403 4341
2 403 6060
2 403 3440
2 403 4344
2 403 4340
2 403 6056
2 403 3450
2 404 5698
2 404 5701
2 404 5226
2 404 4811
2 404 4812
2 400 404
2 404 5705
2 404 5694
2 405 4758
2 405 4845
2 405 5693
2 405 5690
2 405 407
2 405 4757
2 405 5184
2 405 5696
2 406 4705
2 406 5231
2 406 5694
2 406 4815
2 406 5691
2 406 5233
2 406 4812
2 406 4817
2 407 4757
2 407 5690
2 407 5184
2 407 4758
2 407 5186
2 407 5189
2 14 407
2 407 4845
2 408 3682
2 408 3685
2 408 6292
2 408 3680
2 408 6285
2 408 3688
2 408 3275
2 408 3677
2 365 408
2 409 4817
2 409 5233
2 409 5691
2 409 5231
2 409 4815
2 409 412
2 406 409
2 72 409
2 410 5623
2 410 4842
2 410 5620
2 410 414
2 410 4837
2 410 4849
2 410 5229
2 411 6268
2 411 3399
2 411 6258
2 411 3373
2 411 6291
2 411 3361
2 411 6299
2 411 3360
2 412 5236
2 412 5688
2 412 4818
2 85 412
2 412 5687
2 412 4817
2 412 5684
2 413 5190
2 413 4860
2 413 4754
2 413 5675
2 413 4865
2 413 417
2 413 5189
2 414 5620
2 414 4849
2 414 5229
2 414 5623
2 414 4753
2 414 4842
2 414 4858
2 415 4347
2 415 6069
2 415 4346
2 415 4348
2 415 6063
2 415 4350
2 415 4344
2 415 3440
2 415 3423
2 416 5684
2 416 5239
2 416 5242
2 416 4702
2 416 5687
2 416 4821
2 416 418
2 416 5679
2 417 5675
2 417 4865
2 417 4869
2 417 5194
2 417 4754
2 417 5672
2 417 4860
2 418 4702
2 418 5242
2 418 5679
2 418 419
2 418 5684
2 418 5239
2 418 4822
2 418 4821
2 419 4822
2 419 5679
2 419 4702
2 419 422
2 419 5242
2 419 4825
2 416 419
2 420 5672
2 420 5194
2 420 4869
2 420 4873
2 420 423
2 417 420
2 420 5197
2 420 4865
2 421 4034
2 421 6062
2 421 3532
2 421 4037
2 421 6068
2 421 4038
2 421 429
2 421 6071
2 421 4040
2 422 4825
2 422 5671
2 422 4694
2 422 425
2 422 4822
2 422 5679
2 422 4830
2 423 4751
2 423 4873
2 423 5197
2 423 4876
2 423 5662
2 423 5672
2 423 5194
2 424 3691
2 424 6302
2 424 3271
2 424 3690
2 424 3265
2 424 3692
2 424 3275
2 424 3688
2 424 3694
2 425 5671
2 425 4694
2 425 5245
2 425 4830
2 425 4825
2 425 5660
2 425 430
2 90 425
2 426 4824
2 426 4696
2 426 440
2 426 5285
2 426 4703
2 426 5287
2 427 4351
2 427 4350
2 427 4354
2 427 3423
2 427 6078
2 427 4348
2 427 6079
2 427 6069
2 427 436
2 428 4872
2 428 433
2 428 4748
2 428 4858
2 428 444
2 428 4753
2 91 428
2 428 450
2 67 428
2 429 6071
2 429 4040
2 429 4038
2 429 6068
2 429 4037
2 429 4041
2 429 3520
2 429 6076
2 429 3532
2 430 4835
2 430 5660
2 430 5658
2 430 5247
2 430 5245
2 430 4830
2 430 5671
2 430 4694
2 431 3696
2 431 3694
2 431 6305
2 431 3261
2 431 3697
2 431 3692
2 431 3265
2 431 3700
2 431 3691
2 432 4747
2 432 4886
2 432 4880
2 432 5659
2 432 437
2 432 5662
2 432 442
2 433 4872
2 433 444
2 433 4748
2 433 450
2 433 4858
2 433 456
2 95 433
2 434 4355
2 434 6084
2 434 436
2 434 6091
2 434 6079
2 434 441
2 434 4354
2 434 3397
2 434 6078
2 435 4689
2 435 4841
2 435 5247
2 435 5658
2 435 4846
2 435 4835
2 430 435
2 435 5660
2 436 6084
2 436 4355
2 436 6079
2 436 4354
2 436 6091
2 436 6078
2 436 4351
2 437 4886
2 437 442
2 437 4747
2 437 443
2 437 5652
2 437 4744
2 437 4892
2 438 3701
2 438 6316
2 438 3703
2 438 3700
2 438 3251
2 438 3704
2 438 3697
2 438 3243
2 438 6326
2 439 3397
2 439 441
2 439 6096
2 439 3388
2 439 6104
2 439 6091
2 439 446
2 434 439
2 439 6108
2 440 5287
2 440 5285
2 440 5591
2 440 4838
2 440 453
2 440 4824
2 440 461
2 441 3397
2 441 6091
2 441 6096
2 441 4355
2 441 6084
2 436 441
2 441 3388
2 442 443
2 442 5652
2 442 4886
2 36 442
2 442 4744
2 442 4747
2 442 4892
2 443 5652
2 443 4744
2 443 4892
2 443 449
2 443 4896
2 443 5646
2 444 450
2 444 456
2 95 444
2 444 4872
2 444 5588
2 444 464
2 445 3705
2 445 3706
2 445 3239
2 445 6326
2 445 3704
2 445 6327
2 445 3709
2 445 3243
2 445 6332
2 446 6108
2 446 6104
2 446 3388
2 446 3380
2 446 6096
2 446 3376
2 446 452
2 446 6113
2 447 4846
2 447 4848
2 447 5648
2 447 4841
2 447 4689
2 125 447
2 435 447
2 448 3713
2 448 3715
2 448 3233
2 448 3709
2 448 6336
2 448 6332
2 448 3717
2 448 3706
2 448 3221
2 449 4744
2 449 4896
2 449 5646
2 449 4892
2 449 5652
2 449 5215
2 449 455
2 450 456
2 450 5588
2 450 464
2 450 4734
2 451 6113
2 451 452
2 451 3376
2 451 6117
2 451 3370
2 451 3380
2 451 6108
2 451 458
2 446 451
2 452 6113
2 452 3376
2 452 3380
2 452 6108
2 452 6117
2 452 3370
2 452 6104
2 453 4838
2 453 5591
2 453 461
2 453 5287
2 453 5285
2 453 4671
2 454 3474
2 454 457
2 454 6111
2 454 3463
2 454 3489
2 454 6103
2 454 3461
2 454 459
2 454 3494
2 455 4742
2 455 5215
2 455 5646
2 455 5217
2 455 4896
2 455 463
2 455 5643
2 456 5588
2 456 464
2 456 4734
2 456 470
2 457 3474
2 457 6111
2 457 3489
2 457 6103
2 457 3463
2 457 3494
2 457 3461
2 457 459
2 458 6124
2 458 3370
2 458 6117
2 458 6127
2 458 3358
2 458 6132
2 458 465
2 458 3355
2 459 3461
2 459 3463
2 459 466
2 459 6111
2 459 3474
2 459 3449
2 459 476
2 460 4679
2 460 4852
2 460 5252
2 460 467
2 460 4855
2 460 5648
2 460 4848
2 460 5253
2 461 4838
2 461 5591
2 461 5287
2 461 4671
2 461 5285
2 461 5295
2 177 461
2 462 3728
2 462 3726
2 462 3209
2 462 6348
2 462 3729
2 462 3725
2 462 3205
2 462 6353
2 462 3214
2 463 5217
2 463 5643
2 463 4742
2 463 5641
2 463 5215
2 463 4739
2 464 5588
2 464 4734
2 464 470
2 464 5575
2 465 3355
2 465 6132
2 465 3358
2 465 3349
2 465 6134
2 465 6127
2 465 6124
2 465 3346
2 466 3449
2 466 3461
2 466 476
2 466 3463
2 466 4079
2 466 474
2 466 6111
2 466 3474
2 467 4855
2 467 5252
2 467 5253
2 467 5640
2 467 4852
2 467 4679
2 468 3732
2 468 3734
2 468 471
2 468 3731
2 468 6357
2 468 3197
2 468 3736
2 468 6369
2 468 3729
2 469 4739
2 469 5220
2 469 5641
2 469 475
2 469 5637
2 469 5643
2 40 469
2 470 4734
2 470 5575
2 470 5588
2 471 3731
2 471 6357
2 471 3732
2 471 3729
2 471 3205
2 471 6353
2 471 3734
2 471 3728
2 472 3346
2 472 6138
2 472 3337
2 472 6134
2 472 3349
2 472 6140
2 472 483
2 472 3355
2 472 3329
2 473 5639
2 473 5256
2 473 4861
2 473 4854
2 473 5640
2 473 4867
2 473 477
2 474 4079
2 474 476
2 474 4080
2 474 486
2 474 3449
2 474 6143
2 474 3429
2 474 4081
2 475 5637
2 475 5220
2 475 5634
2 475 4909
2 475 4739
2 475 480
2 476 4079
2 476 3449
2 476 4080
2 476 486
2 476 6143
2 476 3429
2 477 5258
2 477 4867
2 477 4669
2 477 5262
2 477 5639
2 477 4665
2 477 5256
2 478 5295
2 478 5566
2 478 4671
2 478 4866
2 478 5562
2 478 485
2 478 5558
2 478 4870
2 461 478
2 479 3737
2 479 3736
2 479 3192
2 479 6369
2 479 3197
2 479 3738
2 479 6373
2 479 3188
2 479 3734
2 480 4909
2 480 5634
2 480 5631
2 480 5627
2 480 4915
2 480 5637
2 481 4901
2 481 487
2 481 4904
2 481 5569
2 481 5575
2 481 4908
2 102 481
2 482 6340
2 482 6347
2 482 6366
2 482 3331
2 482 6317
2 482 6385
2 482 3250
2 482 6299
2 482 3361
2 483 6145
2 483 3329
2 483 6140
2 483 3323
2 483 3337
2 483 6150
2 483 6138
2 483 4385
2 484 4665
2 484 5629
2 484 5626
2 484 5267
2 484 4875
2 484 5265
2 484 5262
2 484 5624
2 485 5562
2 485 4866
2 485 5558
2 485 5566
2 485 4870
2 485 5295
2 485 4671
2 485 4654
2 486 4080
2 486 6143
2 486 3429
2 486 4079
2 486 4081
2 486 6147
2 486 4082
2 487 4904
2 487 5569
2 487 4901
2 487 4908
2 487 5261
2 487 5556
2 488 3741
2 488 3740
2 488 3185
2 488 3179
2 488 6378
2 488 3742
2 488 3738
2 488 3188
2 488 6373
2 489 5270
2 489 5622
2 489 5615
2 489 4657
2 489 5271
2 489 5624
2 489 5268
2 489 4661
2 489 4875
2 490 4385
2 490 6156
2 490 6150
2 490 4387
2 490 3323
2 490 6158
2 490 4388
2 490 3309
2 490 6145
2 491 5621
2 491 5617
2 491 5228
2 491 4731
2 491 4919
2 491 4922
2 491 497
2 491 5627
2 492 3744
2 492 3746
2 492 6381
2 492 3747
2 492 3742
2 492 3169
2 492 6386
2 492 495
2 492 3179
2 493 4388
2 493 3309
2 493 4389
2 493 6158
2 493 4387
2 493 6161
2 493 6156
2 490 493
2 493 4390
2 494 5276
2 494 4878
2 494 5271
2 494 5615
2 494 4657
2 494 4884
2 489 494
2 495 6386
2 495 3169
2 495 3747
2 495 6391
2 495 3748
2 495 3746
2 495 3749
2 495 6396
2 496 498
2 496 4390
2 496 3300
2 496 6165
2 496 3296
2 496 4393
2 496 6167
2 496 3293
2 496 502
2 497 4922
2 497 5617
2 497 5614
2 497 5228
2 497 5612
2 497 4926
2 497 5621
2 498 4390
2 498 6165
2 498 3300
2 498 6161
2 498 3296
2 498 4389
2 498 6167
2 498 4393
2 499 4091
2 499 4092
2 499 4089
2 499 3405
2 499 4086
2 499 4096
2 499 4085
2 499 3411
2 499 504
2 500 4884
2 500 5609
2 500 5611
2 500 506
2 500 4890
2 500 5277
2 494 500
2 501 3751
2 501 3749
2 501 6396
2 501 3161
2 501 3156
2 501 6400
2 501 3748
2 501 3753
2 501 6391
2 502 4395
2 502 3293
2 502 4393
2 502 6167
2 502 6173
2 502 3288
2 502 4396
2 502 3296
2 502 3284
2 503 4926
2 503 5612
2 503 4719
2 503 4936
2 503 5614
2 503 509
2 503 510
2 497 503
2 504 4097
2 504 4096
2 504 6171
2 504 4099
2 504 3379
2 504 4100
2 504 4092
2 504 511
2 505 3755
2 505 3150
2 505 6403
2 505 3753
2 505 3145
2 505 6407
2 505 6400
2 505 3156
2 505 3141
2 506 5277
2 506 4890
2 506 5609
2 506 513
2 506 4889
2 506 5280
2 507 4649
2 507 4648
2 507 4654
2 507 4883
2 507 520
2 507 5533
2 507 4870
2 508 4400
2 508 6177
2 508 4399
2 508 4403
2 508 3277
2 508 3284
2 508 6179
2 508 4396
2 508 4404
2 509 4936
2 509 4719
2 509 510
2 509 4926
2 509 5612
2 509 5614
2 509 5237
2 510 4936
2 510 5237
2 510 4719
2 510 5608
2 510 4942
2 511 4100
2 511 3379
2 511 4099
2 511 6171
2 511 4097
2 511 6185
2 511 3369
2 511 4096
2 512 6414
2 512 6410
2 512 3757
2 512 514
2 512 3136
2 512 3141
2 512 6416
2 512 3128
2 512 6407
2 513 5280
2 513 4890
2 513 5277
2 513 4645
2 513 4889
2 513 4894
2 513 5604
2 514 3757
2 514 6410
2 514 3141
2 514 3136
2 514 6414
2 514 6407
2 514 3145
2 514 6416
2 515 6420
2 515 3128
2 515 6416
2 515 3121
2 515 6414
2 515 518
2 515 6426
2 515 3119
2 512 515
2 516 523
2 516 5539
2 516 4935
2 516 5264
2 516 4717
2 516 5556
2 161 516
2 516 5261
2 517 518
2 517 3119
2 517 6426
2 517 6431
2 517 3121
2 517 524
2 517 3111
2 517 6420
2 515 517
2 518 3119
2 518 6426
2 518 3121
2 518 6431
2 518 6420
2 518 3111
2 518 524
2 519 5604
2 519 4894
2 519 4645
2 519 4640
2 519 5283
2 519 5280
2 519 525
2 513 519
2 520 5533
2 520 4887
2 520 4883
2 520 4648
2 520 531
2 520 4893
2 520 4649
2 521 4419
2 521 3245
2 521 6203
2 521 4417
2 521 4420
2 521 4416
2 521 6199
2 521 4422
2 521 3249
2 522 3345
2 522 3341
2 522 6202
2 522 3336
2 522 3354
2 522 533
2 522 4101
2 522 3328
2 522 6193
2 523 5539
2 523 4935
2 523 4940
2 523 540
2 166 523
2 523 5264
2 524 3111
2 524 6431
2 524 3105
2 524 3101
2 524 6435
2 524 3119
2 524 6426
2 525 5600
2 525 5283
2 525 4640
2 525 5604
2 525 4894
2 525 4899
2 525 4645
2 526 528
2 526 6425
2 526 6401
2 526 537
2 526 3250
2 526 6385
2 526 6422
2 526 555
2 526 565
2 527 4956
2 527 4711
2 527 5603
2 527 5243
2 527 4944
2 527 4712
2 527 5601
2 527 5606
2 527 532
2 528 6425
2 528 6401
2 528 537
2 528 3250
2 528 6385
2 528 6422
2 528 555
2 528 565
2 529 4422
2 529 4425
2 529 4420
2 529 4426
2 529 4419
2 521 529
2 529 6203
2 529 3245
2 529 3231
2 530 4900
2 530 4899
2 530 536
2 530 4636
2 530 5596
2 530 4903
2 531 4893
2 531 4887
2 531 5533
2 531 4883
2 531 4648
2 507 531
2 531 4649
2 532 5598
2 532 4962
2 532 5601
2 532 5597
2 532 5243
2 532 539
2 532 5603
2 533 3336
2 533 3328
2 533 6202
2 533 3341
2 533 3345
2 533 3317
2 533 6213
2 533 3354
2 534 4428
2 534 6209
2 534 3231
2 534 4429
2 534 4426
2 534 3226
2 534 3223
2 534 6214
2 534 4431
2 535 3606
2 535 3088
2 535 6427
2 535 6433
2 535 3607
2 535 3084
2 535 6421
2 535 6438
2 535 3610
2 536 4636
2 536 5596
2 536 4903
2 536 543
2 536 5594
2 536 5592
2 537 6425
2 537 6422
2 537 555
2 537 6401
2 537 565
2 537 563
2 537 3250
2 538 4434
2 538 4435
2 538 541
2 538 4432
2 538 6218
2 538 3212
2 538 3216
2 538 6223
2 538 4436
2 539 5597
2 539 4962
2 539 547
2 539 5598
2 539 4969
2 539 5601
2 539 5248
2 540 4940
2 540 5531
2 540 548
2 540 4953
2 540 5529
2 540 4935
2 540 5539
2 541 4432
2 541 4434
2 541 6218
2 541 3216
2 541 4431
2 541 4435
2 541 6214
2 541 3212
2 542 6226
2 542 3299
2 542 550
2 542 3287
2 542 6213
2 542 6238
2 542 3317
2 542 3280
2 542 559
2 543 4636
2 543 5596
2 543 5592
2 543 5594
2 543 4903
2 543 544
2 544 5594
2 544 5592
2 544 4632
2 544 4903
2 544 5596
2 544 4907
2 544 5582
2 545 3611
2 545 3072
2 545 3612
2 545 546
2 545 6405
2 545 6411
2 545 3613
2 545 554
2 545 3075
2 546 6411
2 546 3072
2 546 3611
2 546 3075
2 546 6405
2 546 3612
2 546 6415
2 546 3078
2 547 5248
2 547 4969
2 547 553
2 547 5597
2 547 4962
2 547 4973
2 548 4953
2 548 5529
2 548 5531
2 548 4704
2 548 4960
2 548 4700
2 548 4940
2 549 4443
2 549 6235
2 549 4442
2 549 3201
2 549 6232
2 549 3196
2 549 4445
2 549 6239
2 549 4440
2 550 3287
2 550 6238
2 550 3299
2 550 3280
2 550 559
2 550 6226
2 550 6242
2 550 3272
2 551 4629
2 551 5582
2 551 5289
2 551 4907
2 551 4632
2 551 5291
2 551 4628
2 552 3614
2 552 6399
2 552 3613
2 552 3616
2 552 554
2 552 3060
2 552 6398
2 552 3612
2 552 6405
2 553 5248
2 553 4973
2 553 5590
2 553 5587
2 553 4969
2 553 4978
2 553 5584
2 554 3613
2 554 3614
2 554 3612
2 554 6405
2 554 6399
2 554 3616
2 554 3611
2 555 6422
2 555 565
2 555 563
2 555 6425
2 555 3363
2 555 3364
2 555 588
2 556 4628
2 556 4914
2 556 5291
2 556 5294
2 556 5289
2 203 556
2 556 4626
2 556 4629
2 557 4912
2 557 5501
2 557 5496
2 557 4615
2 557 4893
2 531 557
2 557 4887
2 558 4449
2 558 4448
2 558 3187
2 558 4452
2 558 6239
2 558 4445
2 558 3183
2 558 3196
2 558 568
2 559 3280
2 559 6242
2 559 6238
2 559 3272
2 559 569
2 559 3287
2 559 3267
2 559 3264
2 560 5581
2 560 5578
2 560 5584
2 560 4978
2 560 5587
2 560 4983
2 560 5590
2 560 5577
2 561 4699
2 561 4700
2 561 4695
2 561 4967
2 561 4960
2 561 5520
2 561 4704
2 561 567
2 561 5529
2 562 3618
2 562 3617
2 562 6390
2 562 6384
2 562 3621
2 562 3616
2 562 6398
2 562 3060
2 562 571
2 563 565
2 563 6422
2 563 3363
2 563 3364
2 563 588
2 563 3365
2 563 6425
2 564 4626
2 564 4918
2 556 564
2 564 4628
2 564 5294
2 564 4914
2 564 5291
2 564 5572
2 565 6422
2 565 3363
2 565 3364
2 565 588
2 565 3365
2 565 6425
2 566 5574
2 566 5577
2 566 4983
2 566 5251
2 566 573
2 566 4987
2 566 5578
2 567 5520
2 567 4967
2 567 574
2 567 4695
2 567 4977
2 567 4699
2 568 3177
2 568 6247
2 568 4453
2 568 3183
2 568 4452
2 568 4455
2 568 6251
2 568 3187
2 568 4449
2 569 3267
2 569 3272
2 569 3264
2 569 6242
2 569 3280
2 569 6254
2 569 575
2 569 3255
2 570 4921
2 570 5300
2 570 5572
2 570 5568
2 570 4617
2 570 5301
2 570 576
2 570 4918
2 217 570
2 571 3623
2 571 3621
2 571 3625
2 571 6384
2 571 6380
2 571 3618
2 571 3629
2 571 577
2 572 6256
2 572 4457
2 572 4456
2 572 6265
2 572 3171
2 572 3164
2 572 4459
2 572 4455
2 572 6251
2 573 5251
2 573 5574
2 573 4987
2 573 4994
2 106 573
2 573 579
2 574 4977
2 574 5297
2 574 5520
2 574 4982
2 574 5298
2 574 4967
2 575 6254
2 575 3255
2 575 6262
2 575 3264
2 575 3248
2 575 3267
2 575 6266
2 575 3272
2 576 5301
2 576 5568
2 576 4617
2 576 5300
2 576 5572
2 576 4921
2 576 4925
2 577 3629
2 577 3630
2 577 3040
2 577 6374
2 577 3625
2 577 3632
2 577 6370
2 577 6380
2 577 582
2 578 4460
2 578 6267
2 578 4462
2 578 580
2 578 4459
2 578 3159
2 578 3164
2 578 6265
2 578 4457
2 579 4994
2 579 5573
2 579 584
2 579 5001
2 128 579
2 579 5251
2 580 4459
2 580 3164
2 580 6265
2 580 4457
2 580 4460
2 580 6267
2 572 580
2 580 4462
2 581 5563
2 581 5559
2 581 4933
2 581 4925
2 581 4613
2 581 4932
2 581 586
2 582 3635
2 582 3632
2 582 3637
2 582 6365
2 582 6370
2 582 3630
2 582 3040
2 582 3638
2 583 3155
2 583 4463
2 583 4465
2 583 6271
2 583 3159
2 583 4462
2 583 3152
2 583 4466
2 583 6267
2 584 5573
2 584 5001
2 584 4692
2 584 589
2 584 5259
2 584 5565
2 585 3244
2 585 6274
2 585 3237
2 585 6266
2 585 3248
2 585 590
2 585 6278
2 585 6262
2 585 3230
2 586 4613
2 586 5559
2 586 4932
2 586 5304
2 586 4612
2 586 4939
2 586 5563
2 587 3638
2 587 3639
2 587 3023
2 587 6358
2 587 3637
2 587 3018
2 587 6352
2 587 6365
2 587 3635
2 588 3364
2 588 3363
2 588 3365
2 588 3110
2 588 3366
2 588 6346
2 588 3368
2 589 4692
2 589 5565
2 589 5259
2 589 5008
2 589 5001
2 589 5573
2 590 3237
2 590 6278
2 590 3230
2 590 6274
2 590 6283
2 590 593
2 590 6288
2 590 3244
2 591 4939
2 591 4612
2 591 4943
2 591 598
2 591 5546
2 591 5545
2 586 591
2 592 3134
2 592 6289
2 592 4474
2 592 4477
2 592 3131
2 592 4473
2 592 3139
2 592 4478
2 592 6284
2 593 6288
2 593 6283
2 593 3230
2 593 3219
2 593 6278
2 593 6295
2 593 597
2 593 3237
2 594 6341
2 594 6334
2 594 3011
2 594 6345
2 594 3001
2 594 601
2 594 3014
2 594 6328
2 594 600
2 595 4687
2 595 4993
2 595 5302
2 595 4688
2 595 5305
2 595 4682
2 595 5494
2 595 4998
2 596 4478
2 596 3125
2 596 4481
2 596 6296
2 596 4477
2 596 3131
2 596 3124
2 596 4482
2 592 596
2 597 6295
2 597 3211
2 597 3219
2 597 6288
2 597 604
2 597 6283
2 597 3230
2 597 6308
2 598 5545
2 598 4610
2 598 5546
2 598 4943
2 598 599
2 236 598
2 598 4612
2 599 5546
2 599 4610
2 599 4607
2 599 5545
2 599 4943
2 599 4951
2 600 2996
2 600 601
2 600 3001
2 600 6328
2 600 6321
2 600 6334
2 600 606
2 600 6315
2 601 6328
2 601 3001
2 601 2996
2 601 6334
2 601 6321
2 601 6341
2 601 606
2 602 5013
2 602 5553
2 602 5551
2 602 5273
2 602 5549
2 602 4691
2 602 608
2 603 4484
2 603 4485
2 603 6304
2 603 4482
2 603 6298
2 603 3124
2 603 3114
2 603 4481
2 603 6309
2 604 6308
2 604 3211
2 604 610
2 604 6311
2 604 6295
2 604 3195
2 604 3219
2 604 617
2 605 5543
2 605 4951
2 605 4607
2 605 5311
2 605 4957
2 605 612
2 599 605
2 605 4610
2 606 6315
2 606 6321
2 606 2984
2 606 2996
2 606 611
2 606 3549
2 606 6310
2 607 4488
2 607 4491
2 607 6314
2 607 4487
2 607 3108
2 607 6309
2 607 4494
2 607 3114
2 607 614
2 608 5548
2 608 5273
2 608 5549
2 608 5551
2 608 4685
2 608 5024
2 608 5553
2 608 616
2 609 5006
2 609 5491
2 609 4998
2 609 4682
2 609 5494
2 609 5305
2 609 5012
2 609 5489
2 609 4993
2 610 6311
2 610 3195
2 610 6308
2 610 617
2 610 6320
2 610 615
2 610 3182
2 610 3211
2 611 3549
2 611 6310
2 611 2980
2 611 2984
2 611 6303
2 611 6315
2 611 3550
2 611 618
2 612 4957
2 612 5311
2 612 5313
2 612 5543
2 612 4606
2 612 4951
2 236 612
2 613 4948
2 613 4929
2 613 4963
2 613 4597
2 613 639
2 613 4615
2 613 5351
2 614 4495
2 614 4494
2 614 3098
2 614 6323
2 614 4498
2 614 3094
2 614 4491
2 614 4499
2 614 6314
2 615 6320
2 615 617
2 615 3182
2 615 621
2 615 3195
2 615 6311
2 615 627
2 615 6308
2 616 5024
2 616 4685
2 616 5548
2 616 5027
2 616 4676
2 616 622
2 146 616
2 617 6320
2 617 3195
2 617 3182
2 617 6311
2 617 621
2 617 6308
2 618 3553
2 618 3550
2 618 2971
2 618 3555
2 618 6297
2 618 6303
2 618 6290
2 618 3556
2 618 624
2 619 4606
2 619 4966
2 619 5313
2 619 5527
2 619 626
2 619 4601
2 619 5525
2 620 4502
2 620 4499
2 620 3086
2 620 4503
2 620 6329
2 620 6333
2 620 4498
2 620 4505
2 620 3094
2 621 3182
2 621 6320
2 621 627
2 621 6337
2 621 3195
2 621 6311
2 610 621
2 622 5027
2 622 4676
2 622 5278
2 622 5540
2 622 4675
2 622 5537
2 622 5032
2 623 5489
2 623 5488
2 623 5012
2 623 4668
2 623 5017
2 623 5491
2 623 5006
2 623 5022
2 624 3556
2 624 2961
2 624 6290
2 624 3557
2 624 3555
2 624 3558
2 624 6297
2 624 3553
2 625 4505
2 625 4506
2 625 3081
2 625 6339
2 625 3076
2 625 4503
2 625 6333
2 625 3086
2 625 4502
2 626 5527
2 626 4601
2 626 5525
2 626 4972
2 626 632
2 626 4598
2 626 4966
2 626 5523
2 627 6337
2 627 6344
2 627 3182
2 627 6320
2 627 6350
2 617 627
2 627 3154
2 628 3561
2 628 3562
2 628 6279
2 628 2949
2 628 6273
2 628 3558
2 628 3563
2 628 3557
2 628 633
2 629 4672
2 629 5032
2 629 5537
2 629 4675
2 629 5536
2 629 635
2 629 5278
2 630 4508
2 630 4509
2 630 3070
2 630 4511
2 630 3076
2 630 4506
2 630 3065
2 630 4512
2 625 630
2 631 3565
2 631 2940
2 631 633
2 631 2934
2 631 3563
2 631 6263
2 631 6273
2 631 3562
2 631 2930
2 632 4598
2 632 5525
2 632 4601
2 632 5523
2 632 4972
2 632 4974
2 632 638
2 633 3565
2 633 3563
2 633 2940
2 633 6273
2 633 3562
2 633 2949
2 633 2934
2 634 4513
2 634 4512
2 634 6351
2 634 3065
2 634 4514
2 634 3058
2 634 6356
2 634 6360
2 634 4511
2 635 5536
2 635 5534
2 635 5037
2 635 4672
2 635 5532
2 636 4517
2 636 3051
2 636 4516
2 636 637
2 636 6364
2 636 3055
2 636 6360
2 636 4514
2 636 4519
2 637 4516
2 637 3055
2 637 6360
2 637 4514
2 637 4517
2 637 3051
2 637 3058
2 637 6356
2 638 5317
2 638 4596
2 638 4974
2 638 5319
2 638 4598
2 254 638
2 639 4597
2 639 4963
2 639 5351
2 639 4590
2 639 658
2 639 4948
2 639 4583
2 640 6363
2 640 3147
2 640 6359
2 640 3138
2 640 6354
2 640 3133
2 640 646
2 640 3154
2 640 3130
2 641 6252
2 641 2924
2 641 2926
2 641 2920
2 641 6257
2 641 2930
2 641 2917
2 641 647
2 641 6263
2 642 5316
2 642 4655
2 642 5022
2 642 649
2 245 642
2 642 5017
2 642 4668
2 643 4520
2 643 644
2 643 4519
2 643 4523
2 643 6372
2 643 6376
2 643 3038
2 643 652
2 643 6364
2 644 4519
2 644 6372
2 644 4520
2 644 4523
2 644 6364
2 644 6376
2 644 4517
2 644 3051
2 645 4593
2 645 5320
2 645 4985
2 645 5517
2 645 4980
2 645 5319
2 645 5325
2 645 5512
2 646 3133
2 646 3130
2 646 6375
2 646 3138
2 646 6363
2 646 653
2 646 3123
2 646 3147
2 647 6240
2 647 2917
2 647 2920
2 647 2912
2 647 6252
2 647 2924
2 647 3493
2 647 656
2 648 5288
2 648 5049
2 648 4664
2 648 5524
2 648 5532
2 648 654
2 649 4655
2 649 5316
2 649 4652
2 649 5036
2 649 655
2 649 5468
2 650 3315
2 650 6264
2 650 3316
2 650 3010
2 650 6230
2 650 2979
2 650 2970
2 650 6322
2 650 6335
2 651 5510
2 651 4589
2 651 5512
2 651 5325
2 651 5517
2 651 4985
2 651 4587
2 651 5327
2 651 657
2 652 3038
2 652 3033
2 652 4523
2 652 6379
2 652 6376
2 652 3030
2 652 4520
2 652 6383
2 653 3123
2 653 6375
2 653 3130
2 653 662
2 653 3133
2 653 3113
2 653 3138
2 653 4104
2 654 4660
2 654 5054
2 654 5524
2 654 4664
2 654 661
2 654 5049
2 654 5290
2 655 5036
2 655 5468
2 655 5322
2 655 4652
2 655 5324
2 655 5041
2 255 655
2 656 3493
2 656 3495
2 656 2908
2 656 2912
2 656 6229
2 656 2904
2 656 3498
2 656 6240
2 656 664
2 657 5507
2 657 5327
2 657 4587
2 657 4990
2 657 5505
2 657 4581
2 657 4589
2 657 5510
2 658 4583
2 658 4590
2 658 5351
2 658 671
2 658 4988
2 658 4597
2 658 680
2 659 4524
2 659 660
2 659 3021
2 659 6389
2 659 6383
2 659 3026
2 659 3030
2 659 3016
2 659 6395
2 660 4524
2 660 6383
2 660 3026
2 660 3030
2 660 6389
2 660 6379
2 660 3021
2 660 3033
2 661 5290
2 661 5292
2 661 5060
2 661 4660
2 661 5054
2 191 661
2 179 661
2 661 5519
2 662 3113
2 662 4104
2 662 3107
2 662 3123
2 662 6392
2 662 667
2 662 6375
2 662 3130
2 663 4997
2 663 5505
2 663 5503
2 663 4581
2 663 4996
2 663 669
2 273 663
2 664 3500
2 664 3503
2 664 3498
2 664 6225
2 664 2896
2 664 2904
2 664 6219
2 664 3507
2 664 3495
2 665 3016
2 665 6395
2 665 3021
2 665 6397
2 665 6389
2 659 665
2 665 673
2 665 4524
2 660 665
2 666 5046
2 666 5328
2 666 5041
2 666 5331
2 666 675
2 666 5324
2 666 5322
2 667 6392
2 667 3107
2 667 4104
2 667 3113
2 667 676
2 667 6404
2 667 3123
2 667 6409
2 668 3510
2 668 3507
2 668 3514
2 668 6219
2 668 2890
2 668 3503
2 668 6215
2 668 2896
2 668 6210
2 284 669
2 669 670
2 669 5498
2 669 5333
2 669 4996
2 277 669
2 669 4997
2 670 5498
2 670 5333
2 670 5004
2 670 5493
2 670 4575
2 670 5334
2 670 679
2 671 4988
2 671 680
2 671 4583
2 671 4590
2 671 5002
2 671 5351
2 671 5368
2 672 673
2 672 3003
2 672 6406
2 672 6397
2 672 681
2 672 678
2 665 672
2 672 2994
2 672 6395
2 673 6397
2 673 3003
2 673 6406
2 673 681
2 673 6395
2 673 3016
2 673 678
2 674 5515
2 674 5514
2 674 5063
2 674 5066
2 674 5511
2 674 5518
2 674 4651
2 675 5331
2 675 5052
2 675 683
2 675 5328
2 675 5046
2 675 5059
2 676 6404
2 676 6409
2 676 684
2 676 6392
2 676 3107
2 676 3080
2 676 4104
2 676 4105
2 677 3518
2 677 3517
2 677 2886
2 677 6210
2 677 6204
2 677 2877
2 677 3514
2 677 2890
2 677 6215
2 678 2994
2 678 681
2 678 2990
2 678 6406
2 678 688
2 678 6412
2 678 3003
2 678 6419
2 679 4575
2 679 5334
2 679 5333
2 679 5493
2 679 5004
2 679 5498
2 680 4988
2 680 5002
2 680 4583
2 680 5368
2 680 4590
2 681 6406
2 681 3003
2 681 2994
2 681 2990
2 681 688
2 681 6412
2 682 4646
2 682 5073
2 682 5066
2 682 689
2 682 5506
2 682 5514
2 682 5511
2 683 5052
2 683 5059
2 683 5331
2 683 5457
2 683 690
2 683 5328
2 666 683
2 684 6409
2 684 3080
2 684 6404
2 684 4105
2 684 691
2 684 4108
2 684 4109
2 684 4112
2 685 687
2 685 6198
2 685 2872
2 685 692
2 685 6204
2 685 2861
2 685 2877
2 685 3518
2 677 685
2 686 5011
2 686 4572
2 686 4570
2 686 5337
2 686 5015
2 686 5338
2 686 693
2 687 2872
2 687 6198
2 687 6204
2 687 2877
2 687 3518
2 677 687
2 687 3517
2 687 692
2 688 6412
2 688 2990
2 688 6419
2 688 2994
2 688 6423
2 688 694
2 688 6406
2 689 5073
2 689 4646
2 689 5506
2 689 4643
2 689 696
2 689 5075
2 690 5457
2 690 5059
2 690 697
2 690 5062
2 690 5052
2 264 690
2 675 690
2 690 5449
2 691 4108
2 691 4105
2 691 4109
2 691 3080
2 691 4112
2 691 6409
2 691 695
2 691 3069
2 692 2861
2 692 2855
2 692 6198
2 692 2872
2 692 698
2 692 6183
2 692 6204
2 693 5015
2 693 5338
2 693 5337
2 693 4570
2 693 700
2 693 5486
2 694 6423
2 694 701
2 694 6419
2 694 6429
2 694 699
2 694 2968
2 694 6434
2 694 6412
2 695 3069
2 695 4112
2 695 4114
2 695 6428
2 695 4116
2 695 4109
2 695 704
2 695 4129
2 695 702
2 696 5075
2 696 5502
2 696 4639
2 696 4643
2 696 5499
2 696 703
2 696 5074
2 697 5062
2 697 5449
2 697 5339
2 697 5457
2 697 5059
2 697 4631
2 697 712
2 683 697
2 698 6183
2 698 2855
2 698 6172
2 698 2861
2 698 3451
2 698 6166
2 698 710
2 698 2832
2 699 6434
2 699 701
2 699 2968
2 699 6429
2 699 2964
2 699 708
2 699 705
2 699 2960
2 700 4569
2 700 5486
2 700 5485
2 700 5021
2 700 5338
2 700 706
2 701 6429
2 701 6434
2 701 2968
2 701 6423
2 701 708
2 701 2964
2 701 705
2 702 4129
2 702 4116
2 702 4134
2 702 704
2 702 6432
2 702 3054
2 702 4114
2 702 4137
2 702 6428
2 703 5082
2 703 5074
2 703 4639
2 703 5499
2 703 5075
2 703 5502
2 703 711
2 704 4116
2 704 4129
2 704 4114
2 704 6428
2 704 6432
2 704 4134
2 704 3069
2 705 4357
2 705 2960
2 705 708
2 705 2964
2 705 4358
2 705 6434
2 705 713
2 705 6437
2 706 5485
2 706 5021
2 706 5480
2 706 707
2 706 4569
2 706 5481
2 706 5486
2 707 5480
2 707 5481
2 707 5025
2 707 5021
2 707 5485
2 707 714
2 708 2964
2 708 2960
2 708 6434
2 708 2968
2 708 4357
2 708 4358
2 708 6429
2 709 4137
2 709 4143
2 709 4134
2 709 3054
2 702 709
2 709 6432
2 709 4129
2 709 716
2 704 709
2 710 3451
2 710 6166
2 710 3452
2 710 2832
2 710 6172
2 710 3454
2 710 720
2 710 6160
2 710 3456
2 711 5080
2 711 5082
2 711 4635
2 711 718
2 711 5074
2 711 5087
2 712 4631
2 712 5071
2 712 5339
2 712 719
2 712 5449
2 712 5069
2 712 5439
2 712 5062
2 712 4625
2 713 6436
2 713 2951
2 713 6437
2 713 4361
2 713 4358
2 713 2947
2 713 4357
2 713 4362
2 713 2960
2 714 5025
2 714 4563
2 714 5480
2 714 5481
2 714 5030
2 706 714
2 715 5014
2 715 5018
2 715 5420
2 715 5368
2 715 5002
2 715 5029
2 680 715
2 715 749
2 716 4143
2 716 4137
2 716 3054
2 716 4134
2 716 730
2 716 6432
2 702 716
2 716 4129
2 717 2824
2 717 3456
2 717 6154
2 717 3458
2 717 720
2 717 6160
2 717 727
2 717 3454
2 717 2813
2 718 5087
2 718 5308
2 718 4635
2 718 4633
2 718 5310
2 718 5490
2 718 724
2 719 5439
2 719 5069
2 719 5071
2 719 4625
2 719 725
2 719 4631
2 719 4623
2 719 5345
2 720 3454
2 720 3456
2 720 6160
2 720 2824
2 720 3452
2 720 3458
2 720 6154
2 720 2832
2 721 4367
2 721 4364
2 721 723
2 721 2941
2 721 6430
2 721 2937
2 721 6424
2 721 4369
2 721 4362
2 722 5473
2 722 5030
2 722 5343
2 722 5034
2 722 5472
2 722 4563
2 722 728
2 723 4364
2 723 2941
2 723 6430
2 723 4362
2 723 2947
2 723 4367
2 723 6424
2 723 4361
2 724 5308
2 724 5490
2 724 4633
2 724 5310
2 724 5087
2 724 5314
2 724 732
2 725 4625
2 725 5439
2 725 4623
2 725 5345
2 725 733
2 725 5069
2 725 5435
2 725 5431
2 726 3459
2 726 2813
2 726 6148
2 726 727
2 726 2808
2 726 3460
2 726 6154
2 726 731
2 726 3458
2 727 6154
2 727 3458
2 727 2813
2 727 3459
2 727 6148
2 727 2808
2 727 3456
2 728 5472
2 728 5033
2 728 5343
2 728 4559
2 728 5034
2 728 5040
2 729 4370
2 729 6418
2 729 4369
2 729 4372
2 729 2937
2 729 6417
2 729 2929
2 729 6424
2 729 737
2 730 3025
2 730 3020
2 730 740
2 730 4143
2 730 3007
2 709 730
2 730 6394
2 730 4137
2 731 3460
2 731 3462
2 731 6144
2 731 2800
2 731 3459
2 731 2808
2 731 3464
2 731 6148
2 732 5099
2 732 5314
2 732 738
2 732 4624
2 732 5490
2 732 5097
2 733 5435
2 733 5345
2 733 5431
2 733 5078
2 733 4623
2 733 739
2 733 4625
2 734 743
2 734 6149
2 734 3285
2 734 747
2 734 2939
2 734 3283
2 734 6136
2 734 3282
2 734 6130
2 735 5346
2 735 5040
2 735 4559
2 735 741
2 735 5043
2 317 735
2 728 735
2 736 4374
2 736 4377
2 736 2925
2 736 737
2 736 6413
2 736 2929
2 736 4372
2 736 4378
2 736 6408
2 737 4374
2 737 6413
2 737 4372
2 737 2929
2 737 2925
2 737 4377
2 737 6417
2 737 4370
2 738 4624
2 738 5099
2 738 5097
2 738 5483
2 738 4620
2 738 5314
2 739 5078
2 739 5431
2 739 5435
2 739 5086
2 739 5345
2 739 4623
2 725 739
2 740 3020
2 740 3025
2 740 3007
2 740 6394
2 740 753
2 740 3002
2 740 6388
2 716 740
2 741 5043
2 741 5350
2 741 4555
2 741 5346
2 741 5040
2 741 4559
2 742 3464
2 742 2795
2 742 2790
2 742 6135
2 742 2800
2 742 3462
2 742 2786
2 731 742
2 742 6144
2 743 6149
2 743 747
2 743 6136
2 743 3285
2 743 6130
2 743 2939
2 743 6123
2 743 3283
2 744 5476
2 744 4620
2 744 5103
2 744 5478
2 744 5475
2 744 4619
2 744 5483
2 744 751
2 744 5109
2 745 4378
2 745 4380
2 745 6408
2 745 4381
2 745 4377
2 745 6402
2 736 745
2 745 2925
2 745 4374
2 746 6129
2 746 2786
2 746 2785
2 746 6135
2 746 2781
2 746 6122
2 746 2790
2 746 754
2 746 2779
2 747 6149
2 747 6136
2 747 6130
2 747 6123
2 747 6115
2 747 3240
2 747 2866
2 748 4552
2 748 5051
2 748 5350
2 748 4555
2 748 5357
2 748 5043
2 748 5358
2 748 755
2 749 756
2 749 5397
2 749 5029
2 749 4542
2 749 5420
2 749 5018
2 749 773
2 749 778
2 749 5055
2 750 4384
2 750 4383
2 750 6393
2 750 2909
2 750 2914
2 750 6387
2 750 4381
2 750 757
2 750 6402
2 751 4619
2 751 5109
2 751 5475
2 751 5476
2 751 5116
2 751 5103
2 751 5478
2 752 5355
2 752 5092
2 752 5086
2 752 5096
2 739 752
2 752 5078
2 752 5431
2 752 5101
2 753 3002
2 753 6388
2 753 6394
2 753 3007
2 753 759
2 753 763
2 753 3020
2 753 4050
2 754 6114
2 754 2779
2 754 2781
2 754 6122
2 754 2775
2 754 3424
2 754 2785
2 754 6109
2 754 6129
2 755 5357
2 755 5358
2 755 5057
2 755 5360
2 755 5051
2 755 4545
2 755 4552
2 755 5455
2 755 761
2 756 5397
2 756 4542
2 756 5029
2 756 773
2 756 778
2 756 5055
2 756 5420
2 756 5018
2 757 2903
2 757 6387
2 757 6382
2 757 4384
2 757 2909
2 757 6377
2 757 2897
2 757 6393
2 758 5116
2 758 4616
2 758 5470
2 758 5121
2 751 758
2 758 5469
2 759 6388
2 759 763
2 759 3002
2 759 6394
2 759 3007
2 759 4050
2 759 6368
2 759 6362
2 760 3425
2 760 6109
2 760 2768
2 760 3424
2 760 3427
2 760 2775
2 760 6101
2 760 6114
2 760 3428
2 761 4545
2 761 5455
2 761 5360
2 761 5057
2 761 767
2 761 5358
2 761 5357
2 338 761
2 762 2894
2 762 6371
2 762 2891
2 762 6377
2 762 2897
2 762 765
2 762 6367
2 762 6382
2 762 2903
2 763 4050
2 763 6368
2 763 4053
2 763 6362
2 763 4056
2 763 6388
2 763 3002
2 764 5469
2 764 5121
2 764 5470
2 764 5467
2 764 5125
2 764 4616
2 246 764
2 765 6367
2 765 2891
2 765 6371
2 765 6361
2 765 2894
2 765 2880
2 765 768
2 765 2875
2 766 2875
2 766 768
2 766 6355
2 766 2870
2 766 2880
2 766 6349
2 766 6361
2 766 2863
2 766 6343
2 767 4538
2 767 4545
2 767 5455
2 767 5360
2 767 772
2 767 5057
2 767 5361
2 768 2880
2 768 6361
2 768 2875
2 768 6355
2 768 2870
2 768 6349
2 768 6367
2 769 2967
2 769 4056
2 769 4057
2 769 2963
2 769 4053
2 769 6362
2 769 771
2 769 2959
2 769 4060
2 770 2749
2 770 6075
2 770 2739
2 770 774
2 770 6086
2 770 3430
2 770 6070
2 770 2735
2 770 2758
2 771 4060
2 771 2959
2 771 4057
2 771 2963
2 771 2967
2 771 783
2 771 4062
2 771 6331
2 772 5361
2 772 5064
2 772 5445
2 772 4538
2 772 777
2 772 5443
2 772 5363
2 773 778
2 773 5055
2 773 4542
2 773 792
2 773 5397
2 773 5029
2 774 2739
2 774 6070
2 774 6075
2 774 2735
2 774 785
2 774 6064
2 774 2731
2 774 2749
2 775 5125
2 775 5467
2 775 5128
2 775 5330
2 775 780
2 775 5464
2 764 775
2 265 775
2 776 2854
2 776 2860
2 776 6102
2 776 2866
2 776 3240
2 776 791
2 776 3203
2 776 6115
2 776 6065
2 777 5363
2 777 5443
2 777 5445
2 777 5442
2 777 5064
2 777 5361
2 777 4537
2 778 5055
2 778 792
2 778 4542
2 778 5397
2 778 5029
2 779 4321
2 779 4320
2 779 782
2 779 6338
2 779 6330
2 779 4322
2 779 2849
2 779 786
2 779 4326
2 780 5128
2 780 4609
2 780 5464
2 780 5126
2 780 5330
2 780 788
2 780 5461
2 781 5115
2 781 5365
2 781 789
2 781 5119
2 781 796
2 781 5101
2 781 5124
2 337 781
2 782 4320
2 782 6338
2 782 4321
2 782 6343
2 782 6330
2 782 2863
2 782 4322
2 782 2849
2 783 4062
2 783 2946
2 783 6331
2 783 4060
2 783 6325
2 783 2959
2 783 787
2 783 2936
2 784 5067
2 784 4537
2 784 5442
2 784 5363
2 784 5443
2 777 784
2 784 5064
2 784 5445
2 785 3398
2 785 2731
2 785 6064
2 785 6058
2 785 2728
2 785 2735
2 785 6070
2 785 2726
2 786 4326
2 786 4322
2 786 6324
2 786 2849
2 786 2844
2 786 4327
2 786 6330
2 786 2840
2 786 4321
2 787 2936
2 787 6319
2 787 6325
2 787 794
2 787 6313
2 787 2946
2 787 4062
2 787 6331
2 788 5461
2 788 5460
2 788 5131
2 788 5458
2 788 795
2 788 4609
2 788 5126
2 788 5335
2 789 5119
2 789 5365
2 789 796
2 789 5115
2 789 5124
2 789 5400
2 790 3401
2 790 6054
2 790 2726
2 790 2728
2 790 6058
2 790 3403
2 790 6047
2 790 3398
2 790 2720
2 791 3203
2 791 6065
2 791 3204
2 791 2807
2 791 6048
2 791 2854
2 791 2860
2 791 6102
2 792 5055
2 792 4542
2 792 5397
2 756 792
2 792 1935
2 749 792
2 793 4328
2 793 4331
2 793 2840
2 793 6318
2 793 2835
2 793 4327
2 793 2830
2 793 6312
2 793 4332
2 794 6313
2 794 6319
2 794 2936
2 794 6307
2 794 799
2 794 6325
2 794 6301
2 794 2946
2 795 5458
2 795 5335
2 795 5460
2 795 5131
2 795 5456
2 795 5461
2 795 803
2 795 5134
2 796 5119
2 796 5124
2 796 5365
2 796 5115
2 796 5400
2 797 3404
2 797 6042
2 797 3403
2 797 3406
2 797 2720
2 797 2716
2 797 6047
2 797 801
2 790 797
2 798 4334
2 798 4335
2 798 2822
2 798 4332
2 798 6306
2 798 2830
2 798 6312
2 798 2816
2 798 4331
2 799 6307
2 799 6301
2 799 6313
2 799 6294
2 799 2913
2 799 6287
2 799 6319
2 799 2936
2 800 5429
2 800 4535
2 800 5428
2 800 5426
2 800 5077
2 800 4534
2 346 800
2 800 5067
2 801 3406
2 801 2716
2 801 6036
2 801 2708
2 801 3404
2 801 6042
2 801 804
2 801 6031
2 802 2810
2 802 6300
2 802 2816
2 802 4335
2 802 2822
2 802 6306
2 802 6293
2 798 802
2 802 2803
2 803 5134
2 803 5456
2 803 5453
2 803 5452
2 803 5450
2 803 5335
2 803 5458
2 804 6027
2 804 2702
2 804 6031
2 804 2708
2 804 6036
2 804 2694
2 804 807
2 804 3406
2 805 6286
2 805 2797
2 805 2803
2 805 6281
2 805 6293
2 805 2792
2 805 808
2 805 2810
2 802 805
2 806 2902
2 806 6287
2 806 2913
2 806 6276
2 806 810
2 806 6294
2 806 3991
2 806 2893
2 806 6301
2 807 2694
2 807 2691
2 807 6027
2 807 811
2 807 2702
2 807 3371
2 807 6031
2 807 2682
2 808 2788
2 808 6275
2 808 2792
2 808 6281
2 808 6270
2 808 2797
2 808 813
2 808 6286
2 809 5135
2 809 5342
2 809 5450
2 809 4603
2 809 5452
2 809 5453
2 809 814
2 809 5446
2 810 3991
2 810 6276
2 810 2893
2 810 2902
2 810 3994
2 810 3995
2 810 6287
2 810 6260
2 811 3371
2 811 2691
2 811 2682
2 811 3372
2 811 2680
2 811 816
2 811 6007
2 811 3375
2 812 5083
2 812 5425
2 812 4533
2 812 818
2 812 819
2 812 4534
2 360 812
2 812 5077
2 813 4290
2 813 2784
2 813 6270
2 813 2788
2 813 6275
2 813 4291
2 813 817
2 813 2777
2 814 5446
2 814 4600
2 814 5138
2 814 4603
2 814 5135
2 814 5342
2 814 822
2 814 5450
2 815 5400
2 815 823
2 815 5129
2 815 5132
2 815 828
2 815 5124
2 350 815
2 816 3372
2 816 3375
2 816 2680
2 816 6007
2 816 2675
2 816 2682
2 816 3377
2 816 3371
2 816 6000
2 817 4291
2 817 2777
2 817 4293
2 817 6259
2 817 2772
2 817 4294
2 817 2784
2 817 6255
2 817 821
2 818 4533
2 818 5425
2 818 819
2 818 5083
2 818 5369
2 818 825
2 819 4533
2 819 5369
2 819 825
2 819 5090
2 819 5083
2 819 5425
2 820 3999
2 820 3998
2 820 2879
2 820 6260
2 820 4002
2 820 2874
2 820 824
2 820 3995
2 820 2869
2 821 4296
2 821 4294
2 821 6249
2 821 6255
2 821 4297
2 821 2765
2 821 2772
2 821 4293
2 822 5138
2 822 4600
2 822 4594
2 822 5440
2 822 5446
2 822 827
2 822 4603
2 822 5135
2 823 5129
2 823 5132
2 823 828
2 823 4586
2 823 5400
2 823 833
2 824 2869
2 824 4002
2 824 2874
2 824 6250
2 824 3999
2 824 2879
2 824 829
2 824 3998
2 825 5369
2 825 5090
2 825 5418
2 825 4533
2 825 5416
2 826 4299
2 826 2760
2 826 6243
2 826 4297
2 826 6244
2 826 4300
2 826 2765
2 826 6237
2 826 6249
2 827 4591
2 827 5440
2 827 4594
2 827 5139
2 827 5436
2 827 5433
2 297 827
2 827 5145
2 828 4586
2 828 5132
2 828 833
2 828 5387
2 828 4578
2 828 5129
2 828 840
2 829 835
2 829 2869
2 829 6250
2 829 4002
2 829 2874
2 829 3999
2 829 2843
2 829 2879
2 830 5980
2 830 2654
2 830 5973
2 830 2661
2 830 2648
2 830 3318
2 830 2644
2 830 5968
2 830 3319
2 831 4531
2 831 5415
2 831 5416
2 831 5093
2 831 5418
2 831 836
2 831 5100
2 831 5371
2 362 831
2 832 6001
2 832 5986
2 832 2746
2 832 6008
2 832 2738
2 832 6013
2 832 3167
2 832 5974
2 832 3135
2 833 5387
2 833 4578
2 833 4586
2 833 840
2 833 5384
2 833 5132
2 358 833
2 834 4302
2 834 6233
2 834 2754
2 834 4300
2 834 2752
2 834 6237
2 834 837
2 834 4299
2 826 834
2 835 2843
2 835 2839
2 835 2869
2 835 6250
2 835 842
2 824 835
2 835 2829
2 835 4002
2 836 4530
2 836 5100
2 836 5371
2 836 843
2 836 5106
2 836 5372
2 836 5374
2 837 2752
2 837 4302
2 837 2748
2 837 2754
2 837 6233
2 837 2743
2 837 4300
2 837 841
2 838 3321
2 838 3322
2 838 3319
2 838 5962
2 838 3318
2 838 844
2 838 2644
2 838 5968
2 838 5958
2 839 5142
2 839 5349
2 839 4584
2 839 5145
2 839 845
2 839 5433
2 840 5384
2 840 4578
2 840 5387
2 840 5381
2 840 846
2 840 4586
2 841 2743
2 841 6217
2 841 2748
2 841 6212
2 841 2730
2 841 847
2 841 2752
2 841 2727
2 842 2829
2 842 3949
2 842 2839
2 842 848
2 842 6207
2 842 3953
2 842 2843
2 842 2821
2 842 3954
2 843 5106
2 843 5374
2 843 5372
2 843 5404
2 843 5406
2 843 4530
2 843 849
2 844 3324
2 844 5953
2 844 5958
2 844 3322
2 844 5962
2 844 3321
2 844 850
2 844 5949
2 845 4584
2 845 5354
2 845 5142
2 845 4577
2 845 852
2 845 5149
2 846 5381
2 846 5384
2 846 853
2 846 4574
2 846 5377
2 846 4578
2 847 2730
2 847 6212
2 847 2727
2 847 6206
2 847 4264
2 847 6217
2 847 2725
2 847 851
2 847 6201
2 848 3953
2 848 6207
2 848 2821
2 848 3949
2 848 3954
2 848 2815
2 848 2829
2 848 854
2 849 5404
2 849 4527
2 849 5106
2 849 5406
2 849 5105
2 849 5374
2 850 5949
2 850 5944
2 850 2613
2 850 5943
2 850 3324
2 850 5953
2 850 855
2 850 5958
2 851 4264
2 851 4265
2 851 6201
2 851 2725
2 851 2722
2 851 6206
2 851 2727
2 851 4267
2 852 5354
2 852 4577
2 852 5149
2 852 5150
2 852 4584
2 852 859
2 853 4574
2 853 5377
2 853 860
2 853 5381
2 853 5384
2 854 2809
2 854 3955
2 854 3954
2 854 2815
2 854 2821
2 854 3956
2 854 3953
2 854 6207
2 855 2613
2 855 5938
2 855 5943
2 855 5944
2 855 863
2 855 2601
2 855 861
2 855 3286
2 856 5399
2 856 5113
2 856 4527
2 856 5110
2 849 856
2 856 5105
2 856 862
2 857 2715
2 857 3137
2 857 3135
2 857 5934
2 857 5974
2 857 877
2 857 3095
2 857 3096
2 857 2738
2 858 4268
2 858 4267
2 858 2719
2 858 4270
2 858 6196
2 858 867
2 858 4265
2 858 2722
2 858 6192
2 859 5150
2 859 5424
2 859 5423
2 859 5149
2 859 4577
2 859 5354
2 859 865
2 860 5377
2 860 4574
2 860 866
2 846 860
2 860 5381
2 358 860
2 861 3286
2 861 5928
2 861 5933
2 861 2601
2 861 863
2 861 3289
2 861 871
2 861 5938
2 861 2593
2 862 5118
2 862 5375
2 862 5396
2 862 5392
2 862 5391
2 862 5110
2 862 4526
2 862 869
2 863 2601
2 863 5933
2 863 5938
2 863 3286
2 863 5928
2 863 5943
2 863 3289
2 864 2710
2 864 4271
2 864 4273
2 864 867
2 864 2705
2 864 6192
2 864 6186
2 864 4270
2 864 4268
2 865 5153
2 865 4573
2 865 5423
2 865 872
2 865 5424
2 865 5154
2 866 5141
2 866 5377
2 866 5146
2 853 866
2 866 4574
2 867 4270
2 867 4271
2 867 6192
2 867 2710
2 867 4268
2 867 4273
2 867 2719
2 868 6187
2 868 6181
2 868 874
2 868 6176
2 868 2802
2 868 2783
2 868 3956
2 868 3955
2 868 6170
2 869 4526
2 869 5391
2 869 5396
2 869 5392
2 869 5122
2 869 5375
2 869 875
2 870 5924
2 870 3290
2 870 2593
2 870 871
2 870 2591
2 870 3289
2 870 5928
2 870 3292
2 870 2588
2 871 3289
2 871 2593
2 871 5928
2 871 5924
2 871 3286
2 871 3290
2 871 2591
2 872 5154
2 872 4573
2 872 5153
2 872 5423
2 872 5155
2 872 5424
2 312 872
2 873 6180
2 873 2697
2 873 6175
2 873 2705
2 873 4273
2 873 6186
2 873 878
2 864 873
2 873 2693
2 874 6176
2 874 2783
2 874 6181
2 874 6170
2 874 880
2 874 6187
2 874 6163
2 874 879
2 875 5122
2 875 5181
2 875 997
2 875 4526
2 875 1909
2 875 5391
2 876 3292
2 876 3294
2 876 2588
2 876 5920
2 876 5915
2 876 3290
2 876 2591
2 876 881
2 876 2581
2 877 3095
2 877 5934
2 877 3096
2 877 3097
2 877 3099
2 877 2715
2 877 2669
2 877 5912
2 878 2693
2 878 6169
2 878 2688
2 878 2697
2 878 6162
2 878 6175
2 878 882
2 878 6157
2 879 6163
2 879 880
2 879 6170
2 879 3913
2 879 2783
2 879 6176
2 879 6153
2 879 3914
2 880 6170
2 880 6163
2 880 2783
2 880 6176
2 880 6181
2 880 3913
2 880 6187
2 881 2581
2 881 5915
2 881 3294
2 881 5911
2 881 2578
2 881 3292
2 881 5920
2 881 2588
2 882 6157
2 882 4238
2 882 2681
2 882 6162
2 882 2688
2 882 4240
2 882 885
2 882 2678
2 883 5366
2 883 4567
2 883 5411
2 883 5412
2 883 888
2 883 5410
2 883 5155
2 883 4566
2 883 5407
2 884 3241
2 884 2578
2 884 5903
2 884 5911
2 884 3242
2 884 887
2 881 884
2 884 2581
2 884 3246
2 885 4240
2 885 4241
2 885 4238
2 885 2678
2 885 6152
2 885 2681
2 885 2674
2 885 4244
2 885 6157
2 886 3914
2 886 6153
2 886 3913
2 886 891
2 886 2751
2 879 886
2 886 6163
2 886 896
2 880 886
2 887 3242
2 887 3246
2 887 5897
2 887 5903
2 887 3247
2 887 3241
2 887 5890
2 887 892
2 887 3252
2 888 5410
2 888 5411
2 888 4566
2 888 5412
2 888 5407
2 888 5158
2 888 4567
2 888 894
2 888 4565
2 889 5151
2 889 986
2 889 1981
2 889 4122
2 889 991
2 889 5146
2 889 1952
2 889 4124
2 890 4244
2 890 4245
2 890 6146
2 890 4247
2 890 6141
2 890 4241
2 890 2674
2 890 2664
2 890 6152
2 891 2751
2 891 896
2 891 3914
2 891 2742
2 891 6153
2 891 3913
2 891 6126
2 891 900
2 892 3252
2 892 5890
2 892 3247
2 892 2564
2 892 3253
2 892 2561
2 892 3246
2 892 5897
2 892 897
2 893 4248
2 893 4250
2 893 2658
2 893 6139
2 893 2664
2 893 4247
2 893 6141
2 893 2651
2 893 4245
2 894 5158
2 894 4565
2 894 4566
2 894 5410
2 894 5407
2 894 895
2 894 5159
2 895 4565
2 895 5159
2 895 5158
2 895 5403
2 895 899
2 895 5407
2 895 4566
2 896 2742
2 896 2751
2 896 6126
2 896 900
2 896 6119
2 896 3914
2 896 3881
2 897 2556
2 897 5883
2 897 3253
2 897 5878
2 897 2561
2 897 901
2 897 3252
2 897 2564
2 898 6125
2 898 2651
2 898 903
2 898 2641
2 898 4250
2 898 6118
2 898 2658
2 893 898
2 898 6139
2 899 5159
2 899 5403
2 899 4562
2 334 899
2 894 899
2 899 4565
2 899 5158
2 899 5407
2 900 6126
2 900 6119
2 900 2742
2 900 3881
2 900 6106
2 900 2751
2 900 909
2 900 6098
2 901 5873
2 901 5878
2 901 905
2 901 2556
2 901 5883
2 901 904
2 901 3206
2 901 3253
2 902 3073
2 902 3071
2 902 907
2 902 2632
2 902 5912
2 902 2669
2 902 3044
2 902 3045
2 902 3099
2 903 6118
2 903 2641
2 903 4206
2 903 6125
2 903 2635
2 903 6112
2 903 4207
2 903 908
2 904 3206
2 904 905
2 904 3207
2 904 5865
2 904 911
2 904 5873
2 904 3208
2 904 3210
2 905 3206
2 905 5873
2 905 3207
2 905 5865
2 905 911
2 905 5878
2 905 3208
2 906 4558
2 906 4560
2 906 910
2 906 5162
2 906 5394
2 906 4562
2 348 906
2 907 2632
2 907 3073
2 907 3071
2 907 3044
2 907 3045
2 907 2606
2 907 5912
2 907 5855
2 908 4207
2 908 6112
2 908 4212
2 908 4206
2 908 2629
2 908 6105
2 908 2635
2 908 2624
2 908 4213
2 909 6106
2 909 3881
2 909 3882
2 909 6098
2 909 3883
2 909 914
2 909 2718
2 909 6090
2 909 6119
2 910 5394
2 910 5162
2 910 4558
2 910 913
2 910 4554
2 911 3207
2 911 3208
2 911 5865
2 911 3206
2 911 3210
2 911 5859
2 911 916
2 911 3213
2 912 4215
2 912 4213
2 912 6097
2 912 2624
2 912 4218
2 912 4212
2 912 2619
2 912 6089
2 912 917
2 913 4554
2 913 5388
2 913 5163
2 913 5394
2 913 5162
2 913 915
2 914 3883
2 914 3886
2 914 2718
2 914 3882
2 914 6090
2 914 6098
2 914 3887
2 914 6083
2 915 4551
2 915 5385
2 915 5163
2 915 919
2 915 4548
2 915 5388
2 915 4554
2 355 915
2 916 3213
2 916 3210
2 916 5859
2 916 3215
2 916 3208
2 916 2521
2 916 5854
2 916 918
2 917 4219
2 917 4218
2 917 6089
2 917 2615
2 917 2619
2 917 4221
2 917 4215
2 917 2610
2 917 920
2 918 2521
2 918 5850
2 918 5854
2 918 3215
2 918 2512
2 918 5845
2 918 3213
2 918 922
2 918 2510
2 919 4548
2 919 5385
2 919 5382
2 919 5165
2 919 4551
2 919 4544
2 920 4221
2 920 2610
2 920 6082
2 920 2615
2 920 4219
2 920 6077
2 920 6089
2 920 2598
2 921 2704
2 921 2696
2 921 6083
2 921 3887
2 921 3886
2 921 6090
2 921 2718
2 921 927
2 914 921
2 922 5845
2 922 2510
2 922 3168
2 922 2512
2 922 5839
2 922 3170
2 922 5850
2 922 2498
2 922 925
2 923 4544
2 923 5168
2 923 5378
2 923 4541
2 355 923
2 923 5382
2 923 5165
2 923 4141
2 924 6073
2 924 4178
2 924 2598
2 924 6077
2 924 6072
2 924 4179
2 924 926
2 920 924
2 924 6082
2 925 3170
2 925 3172
2 925 5834
2 925 5839
2 925 3168
2 925 2498
2 925 3173
2 925 2510
2 926 4179
2 926 4182
2 926 6067
2 926 4178
2 926 2589
2 926 6072
2 926 4184
2 926 6061
2 926 6073
2 927 930
2 927 2677
2 927 2696
2 927 2673
2 927 3865
2 927 6045
2 927 3866
2 927 2704
2 928 3174
2 928 3173
2 928 5827
2 928 3175
2 928 5833
2 928 931
2 928 3172
2 928 5820
2 928 5834
2 929 4185
2 929 4187
2 929 4184
2 929 2583
2 929 6061
2 929 2589
2 929 2586
2 929 4190
2 929 4182
2 930 2677
2 930 3865
2 930 2673
2 930 6045
2 930 3866
2 930 2663
2 930 2696
2 930 3868
2 931 3175
2 931 5820
2 931 5814
2 931 3174
2 931 2481
2 931 5827
2 931 5809
2 931 3173
2 932 4190
2 932 6051
2 932 2575
2 932 4187
2 932 2583
2 932 6044
2 932 934
2 929 932
2 932 4185
2 933 3140
2 933 2478
2 933 5809
2 933 2481
2 933 935
2 933 5808
2 933 3142
2 933 5802
2 933 5814
2 934 4146
2 934 6039
2 934 2572
2 934 2575
2 934 6044
2 934 4149
2 934 937
2 934 6033
2 935 3142
2 935 3144
2 935 5802
2 935 2478
2 935 3140
2 935 5808
2 935 3146
2 935 5809
2 936 2570
2 936 5815
2 936 5835
2 936 3031
2 936 3013
2 936 942
2 936 5798
2 936 946
2 936 2995
2 937 4152
2 937 4149
2 937 6033
2 937 4153
2 937 4146
2 937 6039
2 937 2572
2 937 939
2 938 3146
2 938 3148
2 938 5797
2 938 3144
2 938 2460
2 938 941
2 938 3149
2 938 5790
2 938 3142
2 939 4157
2 939 4153
2 939 4158
2 939 2559
2 939 4162
2 939 4152
2 939 6019
2 939 943
2 940 6020
2 940 2640
2 940 6025
2 940 944
2 940 6017
2 940 2634
2 940 3840
2 940 2628
2 940 2657
2 941 3149
2 941 5790
2 941 2460
2 941 3148
2 941 2455
2 941 5785
2 941 3146
2 941 5797
2 942 3013
2 942 5798
2 942 946
2 942 5815
2 942 2570
2 942 2995
2 942 2997
2 942 5835
2 943 4162
2 943 2553
2 943 2559
2 943 6019
2 943 4158
2 943 2549
2 943 6016
2 943 4157
2 944 3840
2 944 2634
2 944 6017
2 944 2628
2 944 2640
2 944 3841
2 944 6020
2 944 3843
2 945 2451
2 945 5785
2 945 2447
2 945 5780
2 945 2455
2 945 5776
2 945 3100
2 945 3149
2 941 945
2 946 5798
2 946 3013
2 946 2995
2 946 2997
2 946 5815
2 946 2570
2 946 2527
2 947 2543
2 947 6011
2 947 6016
2 947 2537
2 947 4063
2 947 2549
2 947 6003
2 947 2553
2 943 947
2 948 4064
2 948 4065
2 948 6003
2 948 4063
2 948 5995
2 948 2537
2 948 4067
2 948 6011
2 947 948
2 949 2618
2 949 3844
2 949 5996
2 949 5989
2 949 3843
2 949 950
2 949 3841
2 949 2609
2 949 5983
2 950 5983
2 950 2609
2 950 2603
2 950 5989
2 950 953
2 950 2618
2 950 5978
2 950 5996
2 951 3106
2 951 5755
2 951 5760
2 951 3104
2 951 2416
2 951 954
2 951 2429
2 951 5766
2 951 5749
2 952 2524
2 952 5982
2 952 4068
2 952 2518
2 952 2530
2 952 2513
2 952 955
2 952 4067
2 952 5977
2 953 5978
2 953 2603
2 953 2597
2 953 5983
2 953 2609
2 953 5970
2 953 956
2 953 3816
2 954 5749
2 954 2413
2 954 2416
2 954 5755
2 954 2407
2 954 3074
2 954 957
2 954 5742
2 955 2513
2 955 5977
2 955 2518
2 955 2507
2 955 5969
2 955 958
2 955 5982
2 955 2524
2 956 3816
2 956 5966
2 956 5970
2 956 3819
2 956 2597
2 956 959
2 956 5978
2 956 3821
2 957 3074
2 957 2407
2 957 5742
2 957 3077
2 957 2403
2 957 5736
2 957 960
2 957 2413
2 957 2400
2 958 2501
2 958 5965
2 958 2507
2 958 5969
2 958 5964
2 958 4005
2 958 5977
2 958 961
2 959 3819
2 959 3821
2 959 3816
2 959 5966
2 959 5970
2 959 2574
2 959 969
2 959 2597
2 960 3079
2 960 2400
2 960 3077
2 960 3082
2 960 5736
2 960 5730
2 960 964
2 960 2403
2 961 4005
2 961 4006
2 961 5960
2 961 2494
2 961 4008
2 961 5964
2 961 5956
2 961 2492
2 961 2501
2 962 5724
2 962 964
2 962 3046
2 962 3082
2 962 5730
2 962 5719
2 962 3079
2 962 3047
2 960 962
2 963 5178
2 963 4145
2 963 4141
2 963 2032
2 963 1949
2 963 966
2 963 5174
2 963 1947
2 963 4541
2 964 3082
2 964 5730
2 964 5724
2 964 3079
2 964 2400
2 964 3046
2 964 5736
2 965 2497
2 965 2503
2 965 2486
2 965 974
2 965 2975
2 965 2472
2 965 2527
2 965 2470
2 965 2997
2 966 1947
2 966 1949
2 966 2032
2 966 4148
2 966 5174
2 966 4145
2 966 968
2 966 2039
2 967 4013
2 967 4008
2 967 4014
2 967 5956
2 967 971
2 967 2492
2 967 2484
2 967 4006
2 967 4018
2 968 2039
2 968 1947
2 968 4148
2 968 5173
2 968 970
2 968 5174
2 968 5171
2 968 4151
2 969 2574
2 969 2571
2 969 3821
2 969 3819
2 969 3800
2 969 3801
2 969 5966
2 969 3816
2 970 5173
2 970 4151
2 970 5171
2 970 2039
2 970 973
2 970 2044
2 970 4148
2 970 1947
2 971 4018
2 971 4014
2 971 5947
2 971 2484
2 971 2479
2 971 4013
2 971 977
2 971 5941
2 972 3048
2 972 3049
2 972 2382
2 972 5713
2 972 3047
2 972 2378
2 972 5707
2 972 3050
2 972 979
2 973 4156
2 973 2044
2 973 4151
2 973 976
2 973 5171
2 973 5173
2 973 4160
2 973 2049
2 974 2486
2 974 2975
2 974 2472
2 974 2470
2 974 2497
2 974 2503
2 974 2446
2 974 2958
2 975 977
2 975 5941
2 975 980
2 975 5936
2 975 2479
2 975 2467
2 975 5931
2 975 4018
2 975 5947
2 976 4160
2 976 4156
2 976 2049
2 976 2044
2 976 978
2 976 1942
2 976 4166
2 976 2052
2 977 5941
2 977 2479
2 977 4018
2 977 5947
2 977 5936
2 977 980
2 977 2484
2 978 1942
2 978 4166
2 978 2052
2 978 2049
2 978 4160
2 978 4171
2 978 1940
2 978 982
2 979 3050
2 979 2372
2 979 3049
2 979 5700
2 979 5707
2 979 2378
2 979 2365
2 979 981
2 980 5931
2 980 2467
2 980 5936
2 980 3958
2 980 2463
2 980 983
2 980 5926
2 981 2361
2 981 5695
2 981 5700
2 981 2365
2 981 3032
2 981 2356
2 981 2372
2 981 3050
2 982 4171
2 982 1940
2 982 2052
2 982 2051
2 982 4166
2 982 987
2 982 1942
2 982 2049
2 983 3959
2 983 3958
2 983 2463
2 983 5926
2 983 2458
2 983 3961
2 983 5931
2 983 3962
2 984 2548
2 984 2542
2 984 2552
2 984 2536
2 984 3801
2 984 993
2 984 3800
2 984 3776
2 984 2529
2 985 3034
2 985 2353
2 985 3035
2 985 3032
2 985 5689
2 985 2356
2 985 5683
2 985 2350
2 985 3036
2 986 1981
2 986 4122
2 986 991
2 986 5151
2 986 1952
2 986 4124
2 986 1991
2 986 4126
2 987 2051
2 987 2057
2 987 992
2 987 4183
2 987 1936
2 987 4171
2 987 1940
2 987 2052
2 988 3962
2 988 3965
2 988 5917
2 988 3961
2 988 2453
2 988 2449
2 988 2458
2 988 990
2 988 3959
2 989 3036
2 989 2350
2 989 2348
2 989 3035
2 989 5677
2 989 5683
2 989 2353
2 985 989
2 989 3034
2 990 2443
2 990 3965
2 990 2438
2 990 2449
2 990 5908
2 990 3962
2 990 5917
2 990 2433
2 991 1952
2 991 4122
2 991 4124
2 991 1981
2 991 1991
2 991 4126
2 991 5151
2 992 1936
2 992 2057
2 992 4183
2 992 1934
2 992 2063
2 992 995
2 992 4188
2 992 2051
2 993 3776
2 993 2529
2 993 2536
2 993 3778
2 993 5900
2 993 2542
2 993 5894
2 993 2517
2 994 2340
2 994 5666
2 994 2348
2 994 3015
2 994 5677
2 989 994
2 994 3036
2 994 2335
2 994 3017
2 995 2063
2 995 4188
2 995 1934
2 995 1932
2 995 4183
2 995 1000
2 995 1936
2 995 2062
2 996 3916
2 996 3919
2 996 5899
2 996 2424
2 996 5893
2 996 2418
2 996 3921
2 996 999
2 996 5906
2 997 5181
2 997 1909
2 997 5179
2 997 1955
2 997 1002
2 997 5122
2 997 4119
2 998 3019
2 998 3022
2 998 5657
2 998 2329
2 998 5661
2 998 3017
2 998 2325
2 998 2335
2 998 3015
2 999 3921
2 999 2418
2 999 3922
2 999 3919
2 999 5886
2 999 5893
2 999 2424
2 999 2410
2 1000 2062
2 1000 4188
2 1000 1932
2 1000 1931
2 1000 1005
2 1000 2063
2 1000 2071
2 1000 1934
2 1001 5887
2 1001 2506
2 1001 5882
2 1001 2517
2 1001 1006
2 1001 5894
2 1001 3767
2 1001 3778
2 1001 5900
2 1002 1908
2 1002 5179
2 1002 4119
2 1002 1955
2 1002 1909
2 1002 5181
2 1002 4120
2 1002 5177
2 1003 2410
2 1003 5881
2 1003 3922
2 1003 5886
2 999 1003
2 1003 3921
2 1003 1007
2 1003 2418
2 1003 5893
2 1004 4126
2 1004 1991
2 1004 4124
2 1004 1950
2 1004 4133
2 1004 1952
2 1004 2000
2 991 1004
2 1004 1014
2 1005 2071
2 1005 1931
2 1005 1926
2 1005 2062
2 1005 1932
2 1005 1008
2 1005 4188
2 1005 2063
2 1006 3767
2 1006 5882
2 1006 3768
2 1006 2506
2 1006 1009
2 1006 5887
2 1006 3771
2 1006 2491
2 1007 5870
2 1007 2397
2 1007 3888
2 1007 1012
2 1007 5881
2 1007 2410
2 1007 3891
2 1007 5866
2 1008 1926
2 1008 1925
2 1008 2077
2 1008 2071
2 1008 1922
2 1008 1931
2 1008 4205
2 1008 2082
2 1009 3771
2 1009 2491
2 1009 3768
2 1009 3767
2 1009 5862
2 1009 5882
2 1009 2506
2 1001 1009
2 1010 3004
2 1010 3000
2 1010 5644
2 1010 5638
2 1010 2999
2 1010 5647
2 1010 2313
2 1010 5633
2 1010 2998
2 1011 4120
2 1011 1902
2 1011 5177
2 1011 4121
2 1011 1957
2 1011 1908
2 1011 1017
2 1011 4123
2 1011 4119
2 1012 3888
2 1012 3891
2 1012 5866
2 1012 2390
2 1012 5870
2 1012 2397
2 1012 3894
2 1012 1013
2 1013 3894
2 1013 3895
2 1013 5861
2 1013 2390
2 1013 3891
2 1013 5866
2 1013 3896
2 1013 3888
2 1014 4136
2 1014 4133
2 1014 2000
2 1014 1950
2 1014 4139
2 1014 1023
2 1014 2009
2 1014 4142
2 1015 2082
2 1015 4205
2 1015 1921
2 1015 1922
2 1015 1019
2 1015 2081
2 1015 2077
2 1015 4210
2 1015 1925
2 1016 2986
2 1016 5628
2 1016 1020
2 1016 2987
2 1016 2285
2 1016 5633
2 1016 2988
2 1016 2279
2 1016 5638
2 1017 4123
2 1017 1957
2 1017 1960
2 1017 4121
2 1017 4125
2 1017 1893
2 1017 1902
2 1017 5177
2 1018 3759
2 1018 5847
2 1018 2471
2 1018 2475
2 1018 3761
2 1018 2466
2 1018 1022
2 1018 5862
2 1018 1029
2 1019 1921
2 1019 2081
2 1019 4210
2 1019 2089
2 1019 2082
2 1019 1024
2 1019 4205
2 1019 1922
2 1020 2987
2 1020 2986
2 1020 2285
2 1020 2988
2 1020 2279
2 1020 5628
2 1020 1025
2 1020 2989
2 1021 2375
2 1021 5852
2 1021 2369
2 1021 1027
2 1021 3896
2 1021 5842
2 1021 2363
2 1021 3895
2 1021 2358
2 1022 3761
2 1022 2466
2 1022 5847
2 1022 1029
2 1022 3759
2 1022 2471
2 1022 2475
2 1022 2452
2 1023 4139
2 1023 2009
2 1023 4142
2 1023 4136
2 1023 1031
2 1023 1945
2 1023 4133
2 1023 2000
2 1024 2089
2 1024 4216
2 1024 4210
2 1024 1917
2 1024 2088
2 1024 1026
2 1024 2081
2 1024 1921
2 1025 2989
2 1025 2988
2 1025 2276
2 1025 5613
2 1025 5618
2 1025 2279
2 1025 2987
2 1025 2285
2 1025 2272
2 1026 4216
2 1026 2088
2 1026 1917
2 1026 4223
2 1026 1032
2 1026 2095
2 1026 2089
2 1026 4210
2 1027 5842
2 1027 2363
2 1027 2369
2 1027 2358
2 1027 3869
2 1027 1035
2 1027 5852
2 1027 2375
2 1028 4130
2 1028 4131
2 1028 4127
2 1028 1961
2 1028 1963
2 1028 1888
2 1028 1034
2 1028 4132
2 1028 1893
2 1029 2452
2 1029 5830
2 1029 3761
2 1029 5824
2 1029 2466
2 1029 2448
2 1029 5847
2 1029 2471
2 1030 2272
2 1030 2976
2 1030 2267
2 1030 5613
2 1030 2977
2 1030 2276
2 1030 1037
2 1030 2989
2 1025 1030
2 1031 1945
2 1031 1944
2 1031 4142
2 1031 1036
2 1031 2009
2 1031 4139
2 1031 4136
2 1014 1031
2 1032 2095
2 1032 4223
2 1032 1914
2 1032 4231
2 1032 2109
2 1032 2088
2 1032 1917
2 1032 4216
2 1033 5619
2 1033 2907
2 1033 2910
2 1033 2385
2 1033 1040
2 1033 2927
2 1033 2386
2 1033 2393
2 1033 2895
2 1034 4132
2 1034 1963
2 1034 4131
2 1034 1038
2 1034 4130
2 1034 1885
2 1034 1967
2 1034 4135
2 1035 3869
2 1035 3871
2 1035 2358
2 1035 3874
2 1035 5842
2 1035 2363
2 1035 1039
2 1035 5823
2 1036 1944
2 1036 1945
2 1036 4142
2 1036 2024
2 1036 2009
2 1023 1036
2 1036 4139
2 1036 2022
2 1037 2977
2 1037 2978
2 1037 2262
2 1037 2267
2 1037 5605
2 1037 2976
2 1037 2981
2 1037 2258
2 1038 1885
2 1038 4132
2 1038 1967
2 1038 4135
2 1038 1879
2 1038 1963
2 1038 4131
2 1038 4138
2 1039 5823
2 1039 3874
2 1039 3871
2 1039 2345
2 1039 1042
2 1039 3869
2 1039 2358
2 1039 2338
2 1040 2910
2 1040 2907
2 1040 2895
2 1040 2343
2 1040 5619
2 1040 2385
2 1040 2927
2 1040 2386
2 1041 1953
2 1041 4117
2 1041 1046
2 1041 1954
2 1041 4118
2 1041 1935
2 1041 1913
2 792 1041
2 1042 2345
2 1042 3848
2 1042 1045
2 1042 2338
2 1042 5823
2 1042 5805
2 1042 3851
2 1042 3874
2 1043 5589
2 1043 5593
2 1043 1047
2 1043 2965
2 1043 5583
2 1043 2248
2 1043 2966
2 1043 5599
2 1043 2981
2 1044 2116
2 1044 4242
2 1044 1048
2 1044 4236
2 1044 2105
2 1044 4249
2 1044 1901
2 1044 2109
2 1044 4231
2 1045 3848
2 1045 3851
2 1045 5805
2 1045 2338
2 1045 3853
2 1045 2332
2 1045 1049
2 1045 2345
2 1046 1953
2 1046 4117
2 1046 1954
2 1046 4118
2 1046 1935
2 1046 1913
2 1046 1895
2 1047 2965
2 1047 5583
2 1047 2248
2 1047 5589
2 1047 2966
2 1047 1050
2 1047 2969
2 1047 5576
2 1048 4249
2 1048 4242
2 1048 1901
2 1048 2116
2 1048 2122
2 1048 1898
2 1048 4256
2 1048 2105
2 1049 3853
2 1049 3856
2 1049 2332
2 1049 2328
2 1049 5793
2 1049 3851
2 1049 5805
2 1049 3848
2 1050 2969
2 1050 2966
2 1050 5576
2 1050 5570
2 1050 2248
2 1050 2242
2 1050 2965
2 1050 5583
2 1050 1054
2 1051 2323
2 1051 5793
2 1051 2317
2 1051 5792
2 1051 5788
2 1051 1056
2 1051 2328
2 1051 3856
2 1051 2310
2 1052 4144
2 1052 1868
2 1052 1972
2 1052 1861
2 1052 1055
2 1052 1874
2 1052 4147
2 1052 4140
2 1052 1973
2 1053 2409
2 1053 3568
2 1053 2396
2 1053 3567
2 1053 5794
2 1053 1064
2 1053 5774
2 1053 3566
2 1053 3521
2 1054 5564
2 1054 2240
2 1054 5570
2 1054 2242
2 1054 1059
2 1054 2969
2 1054 5576
2 1054 2236
2 1055 4147
2 1055 1861
2 1055 1060
2 1055 1973
2 1055 4150
2 1055 4144
2 1055 1868
2 1055 1972
2 1056 2310
2 1056 5788
2 1056 2317
2 1056 3823
2 1056 2305
2 1056 1061
2 1056 2323
2 1056 3826
2 1057 4172
2 1057 1062
2 1057 4167
2 1057 2030
2 1057 1067
2 1057 4161
2 1057 2022
2 1057 1072
2 1057 4189
2 1058 4263
2 1058 2128
2 1058 2127
2 1058 1889
2 1058 2136
2 1058 1063
2 1058 4269
2 1058 1886
2 1058 4256
2 1059 2950
2 1059 2236
2 1059 2240
2 1059 5557
2 1059 2232
2 1059 2952
2 1059 5564
2 1059 1066
2 1060 4150
2 1060 4147
2 1060 1065
2 1060 1858
2 1060 1973
2 1060 1861
2 1060 1977
2 1060 1070
2 1061 3823
2 1061 3826
2 1061 2305
2 1061 2300
2 1061 1069
2 1061 2310
2 1061 3828
2 1061 5788
2 1062 1067
2 1062 4172
2 1062 1072
2 1062 4189
2 1062 4167
2 1062 2030
2 1062 4161
2 1062 2022
2 1063 4269
2 1063 2136
2 1063 1889
2 1063 1886
2 1063 2133
2 1063 2127
2 1063 4275
2 1063 4263
2 1064 3521
2 1064 5774
2 1064 3522
2 1064 2396
2 1064 2389
2 1064 1071
2 1064 3523
2 1064 5770
2 1064 5763
2 1065 1858
2 1065 4150
2 1065 1070
2 1065 4154
2 1065 1977
2 1065 1973
2 1065 4147
2 1065 1980
2 1066 2952
2 1066 2953
2 1066 5552
2 1066 2232
2 1066 2227
2 1066 2950
2 1066 5557
2 1066 2236
2 1067 1072
2 1067 4189
2 1067 4172
2 1067 4167
2 1067 2030
2 1067 4161
2 1067 2022
2 1068 2881
2 1068 2878
2 1068 2308
2 1068 5571
2 1068 2303
2 1068 5547
2 1068 2862
2 1068 2864
2 1068 2295
2 1069 3828
2 1069 3826
2 1069 3830
2 1069 2300
2 1069 5773
2 1069 3823
2 1069 2305
2 1069 1074
2 1070 4154
2 1070 1977
2 1070 1858
2 1070 1980
2 1070 4150
2 1070 4159
2 1070 1973
2 1071 3522
2 1071 3523
2 1071 5763
2 1071 5770
2 1071 2389
2 1071 3521
2 1071 5774
2 1071 5758
2 1072 4189
2 1072 4172
2 1072 4167
2 1072 2030
2 1072 4200
2 1072 4161
2 1073 2954
2 1073 2953
2 1073 2227
2 1066 1073
2 1073 1079
2 1073 5552
2 1073 2952
2 1073 2232
2 1073 2213
2 1074 5762
2 1074 5769
2 1074 2292
2 1074 3830
2 1074 1081
2 1074 5773
2 1074 2288
2 1074 3828
2 1075 4282
2 1075 4289
2 1075 1880
2 1075 2142
2 1075 2152
2 1075 2144
2 1075 1078
2 1075 4281
2 1075 4295
2 1076 1855
2 1076 4164
2 1076 1989
2 1076 4159
2 1076 1080
2 1076 4170
2 1076 1980
2 1076 1994
2 1076 1851
2 1077 5758
2 1077 2381
2 1077 5763
2 1077 3523
2 1077 1083
2 1077 5752
2 1071 1077
2 1077 5770
2 1077 3522
2 1078 1880
2 1078 4289
2 1078 2152
2 1078 4295
2 1078 2151
2 1078 1876
2 1078 1082
2 1078 2142
2 1079 2213
2 1079 2928
2 1079 5538
2 1079 1084
2 1079 2207
2 1079 2931
2 1079 2954
2 1079 2932
2 1080 4170
2 1080 1994
2 1080 4164
2 1080 1989
2 1080 1851
2 1080 1855
2 1080 4175
2 1080 4159
2 1081 2288
2 1081 5762
2 1081 5757
2 1081 2282
2 1081 3802
2 1081 2292
2 1081 1085
2 1081 5769
2 1082 1876
2 1082 4295
2 1082 4301
2 1082 2151
2 1082 2158
2 1082 2152
2 1082 1880
2 1082 4289
2 1083 5752
2 1083 2368
2 1083 2381
2 1083 5746
2 1083 1086
2 1083 5758
2 1083 3465
2 1083 5738
2 1084 2931
2 1084 2207
2 1084 2928
2 1084 2213
2 1084 2932
2 1084 2201
2 1084 5538
2 1084 5528
2 1085 3802
2 1085 3803
2 1085 2282
2 1085 3805
2 1085 5757
2 1085 2275
2 1085 5745
2 1085 2288
2 1086 3465
2 1086 2368
2 1086 5738
2 1086 5746
2 1086 3467
2 1086 5752
2 1086 1088
2 1086 3469
2 1087 3810
2 1087 3805
2 1087 2268
2 1087 5745
2 1087 5737
2 1087 1095
2 1087 2275
2 1087 3803
2 1085 1087
2 1088 3469
2 1088 5734
2 1088 3467
2 1088 2351
2 1088 5738
2 1088 3465
2 1088 5746
2 1088 2368
2 1089 4306
2 1089 1872
2 1089 2166
2 1089 1864
2 1089 1093
2 1089 2177
2 1089 2158
2 1089 4301
2 1082 1089
2 1090 5522
2 1090 2195
2 1090 2933
2 1090 2186
2 1090 5528
2 1090 2911
2 1090 2932
2 1090 2201
2 1090 2915
2 1091 4186
2 1091 1844
2 1091 1842
2 1091 1998
2 1091 4180
2 1091 1094
2 1091 1995
2 1091 4193
2 1091 4175
2 1092 2846
2 1092 2271
2 1092 1097
2 1092 2847
2 1092 1102
2 1092 2295
2 1092 2864
2 1092 2862
2 1092 5547
2 1093 2177
2 1093 1864
2 1093 2166
2 1093 4319
2 1093 2175
2 1093 4306
2 1093 1096
2 1093 1872
2 1094 4193
2 1094 1998
2 1094 1842
2 1094 4186
2 1094 1098
2 1094 1844
2 1094 2001
2 1094 4195
2 1095 5733
2 1095 5737
2 1095 2261
2 1095 5727
2 1095 2268
2 1095 3810
2 1095 1099
2 1095 3781
2 1096 4319
2 1096 2175
2 1096 1859
2 1096 2177
2 1096 4329
2 1096 1864
2 1096 2184
2 1096 2166
2 1097 2847
2 1097 2846
2 1097 2271
2 1097 1102
2 1097 2831
2 1097 2295
2 1097 2864
2 1097 2253
2 1098 2001
2 1098 4193
2 1098 4195
2 1098 1101
2 1098 1998
2 1098 1842
2 1098 1832
2 1098 2006
2 1099 3781
2 1099 5727
2 1099 3782
2 1099 2261
2 1099 2255
2 1099 3785
2 1099 5733
2 1099 5721
2 1100 2916
2 1100 2915
2 1100 2179
2 1100 2176
2 1100 5513
2 1100 2911
2 1100 1104
2 1100 2186
2 1100 2167
2 1101 4197
2 1101 4195
2 1101 1832
2 1101 2006
2 1101 2001
2 1101 4203
2 1101 2005
2 1101 4193
2 1102 2847
2 1102 2271
2 1102 2846
2 1102 2831
2 1102 2253
2 1102 2295
2 1102 2864
2 1103 4336
2 1103 2184
2 1103 4329
2 1103 4342
2 1103 2188
2 1103 1856
2 1103 1859
2 1103 1111
2 1096 1103
2 1104 2167
2 1104 2898
2 1104 2176
2 1104 1106
2 1104 2916
2 1104 2899
2 1104 2162
2 1104 5497
2 1105 3788
2 1105 5711
2 1105 3786
2 1105 5710
2 1105 5715
2 1105 3785
2 1105 5703
2 1105 5721
2 1105 1107
2 1106 2899
2 1106 2898
2 1106 2167
2 1106 2162
2 1106 5497
2 1106 2900
2 1106 2157
2 1106 5492
2 1107 5703
2 1107 3773
2 1107 5697
2 1107 5710
2 1107 1112
2 1107 3775
2 1107 3788
2 1107 5711
2 1108 4204
2 1108 4203
2 1108 2013
2 1108 4208
2 1108 2005
2 1108 4209
2 1108 2006
2 1108 1832
2 1108 4197
2 1109 5492
2 1109 2900
2 1109 1113
2 1109 2150
2 1109 2157
2 1109 5487
2 1109 5497
2 1109 2899
2 1109 2146
2 1110 4243
2 1110 2076
2 1110 1904
2 1110 4232
2 1110 1897
2 1110 2086
2 1110 1905
2 1110 4224
2 1110 2068
2 1111 1856
2 1111 2188
2 1111 4342
2 1111 4352
2 1111 2196
2 1111 1853
2 1111 1119
2 1111 4336
2 1112 3775
2 1112 3773
2 1112 5697
2 1112 2237
2 1112 5703
2 1112 5686
2 1112 5710
2 1112 3788
2 1113 2150
2 1113 5487
2 1113 2146
2 1113 2882
2 1113 5492
2 1113 1115
2 1113 5482
2 1113 2900
2 1114 3407
2 1114 2304
2 1114 2309
2 1114 2299
2 1114 5674
2 1114 2316
2 1114 5669
2 1114 5692
2 1114 1124
2 1115 2883
2 1115 2882
2 1115 5482
2 1115 2884
2 1115 1120
2 1115 2146
2 1115 5477
2 1115 2140
2 1116 4209
2 1116 4214
2 1116 1122
2 1116 2017
2 1116 2013
2 1116 4208
2 1116 1826
2 1116 4204
2 1108 1116
2 1117 2817
2 1117 2814
2 1117 1121
2 1117 2235
2 1117 1129
2 1117 2253
2 1117 2224
2 1117 2799
2 1117 2831
2 1118 3762
2 1118 2221
2 1118 5673
2 1118 5681
2 1118 1123
2 1118 3764
2 1118 5686
2 1118 2237
2 1118 3766
2 1119 4352
2 1119 2196
2 1119 1853
2 1119 4359
2 1119 2208
2 1119 1128
2 1119 4365
2 1119 1847
2 1120 2884
2 1120 5477
2 1120 2140
2 1120 2883
2 1120 5471
2 1120 2865
2 1120 1126
2 1120 5482
2 1121 2235
2 1121 1129
2 1121 2817
2 1121 2814
2 1121 2224
2 1121 2799
2 1121 5466
2 1121 2253
2 1122 2017
2 1122 4214
2 1122 1826
2 1122 1125
2 1122 4220
2 1122 2016
2 1122 4209
2 1122 4208
2 1123 3764
2 1123 5673
2 1123 2221
2 1123 3766
2 1123 5668
2 1123 5681
2 1123 3762
2 1123 1130
2 1124 3381
2 1124 5669
2 1124 3383
2 1124 3384
2 1124 5674
2 1124 2299
2 1124 2304
2 1124 3407
2 1125 4220
2 1125 1826
2 1125 2016
2 1125 2017
2 1125 1131
2 1125 4227
2 1125 4214
2 1125 2021
2 1126 2865
2 1126 2867
2 1126 5471
2 1126 5465
2 1126 2140
2 1126 2868
2 1126 1132
2 1126 5477
2 1127 4257
2 1127 2094
2 1127 2086
2 1127 1897
2 1127 4243
2 1127 2104
2 1127 1882
2 1127 4276
2 1110 1127
2 1128 2208
2 1128 4365
2 1128 1847
2 1128 4359
2 1128 2206
2 1128 1133
2 1128 1843
2 1128 4371
2 1129 2235
2 1129 2224
2 1129 2799
2 1129 2817
2 1129 2814
2 1129 5466
2 1129 1140
2 1130 2216
2 1130 3766
2 1130 3646
2 1130 5663
2 1130 5668
2 1130 1134
2 1130 2211
2 1130 3764
2 1131 4227
2 1131 2021
2 1131 4220
2 1131 1135
2 1131 4235
2 1131 2016
2 1131 1826
2 1131 1819
2 1132 2868
2 1132 2871
2 1132 2867
2 1132 5459
2 1132 2126
2 1132 5465
2 1132 1138
2 1132 2865
2 1133 1843
2 1133 4371
2 1133 2206
2 1133 1847
2 1133 4365
2 1133 1137
2 1133 2217
2 1133 2208
2 1134 3646
2 1134 3647
2 1134 3650
2 1134 2204
2 1134 5663
2 1134 2211
2 1134 2216
2 1134 3766
2 1135 4235
2 1135 2021
2 1135 1819
2 1135 2028
2 1135 4227
2 1135 4239
2 1135 2027
2 1135 4220
2 1136 3384
2 1136 2274
2 1136 5650
2 1136 3383
2 1136 3381
2 1124 1136
2 1136 3326
2 1136 2265
2 1136 3327
2 1137 4371
2 1137 2217
2 1137 1839
2 1137 1843
2 1137 4375
2 1137 1833
2 1137 2206
2 1137 2219
2 1138 2121
2 1138 2871
2 1138 2126
2 1138 5451
2 1138 5459
2 1138 2117
2 1138 2868
2 1138 2848
2 1139 2848
2 1139 2850
2 1139 5444
2 1139 5437
2 1139 2851
2 1139 2117
2 1139 1143
2 1139 2121
2 1139 5451
2 1140 2780
2 1140 5466
2 1140 2799
2 1140 5438
2 1140 2224
2 1140 1155
2 1140 2235
2 1121 1140
2 1141 3571
2 1141 2189
2 1141 5649
2 1141 2192
2 1141 1145
2 1141 2183
2 1141 3654
2 1141 5654
2 1141 5642
2 1142 4246
2 1142 2036
2 1142 4239
2 1142 2027
2 1142 1146
2 1142 2028
2 1142 2033
2 1142 1819
2 1142 4252
2 1143 2851
2 1143 5432
2 1143 2852
2 1143 2850
2 1143 5437
2 1143 5427
2 1143 2848
2 1143 5444
2 1144 4382
2 1144 2225
2 1144 2219
2 1144 1149
2 1144 1829
2 1144 1833
2 1144 4375
2 1144 4394
2 1144 1828
2 1145 2183
2 1145 3571
2 1145 5642
2 1145 3573
2 1145 2189
2 1145 1150
2 1145 5649
2 1145 2174
2 1146 2033
2 1146 2036
2 1146 4252
2 1146 4246
2 1146 1151
2 1146 1808
2 1146 2043
2 1146 2027
2 1147 3327
2 1147 5636
2 1147 5630
2 1147 2254
2 1147 1152
2 1147 3326
2 1147 2265
2 1147 3295
2 1147 5650
2 1148 2120
2 1148 1873
2 1148 2115
2 1148 1158
2 1148 1865
2 1148 4276
2 1148 1882
2 1148 2104
2 1148 4307
2 1149 2225
2 1149 1829
2 1149 4394
2 1149 1828
2 1149 1153
2 1149 4382
2 1149 2229
2 1149 1159
2 1150 3573
2 1150 2174
2 1150 2170
2 1150 1157
2 1150 5642
2 1150 2183
2 1150 2165
2 1150 3527
2 1151 2043
2 1151 4252
2 1151 1808
2 1151 1156
2 1151 4260
2 1151 2033
2 1151 2041
2 1151 1803
2 1152 2254
2 1152 5630
2 1152 3295
2 1152 5636
2 1152 3327
2 1152 2265
2 1152 3326
2 1152 1164
2 1153 4394
2 1153 1828
2 1153 2229
2 1153 1159
2 1153 4401
2 1153 1829
2 1153 2225
2 1153 1827
2 1154 2833
2 1154 5417
2 1154 2099
2 1154 5421
2 1154 2834
2 1154 1160
2 1154 5427
2 1154 2836
2 1154 2852
2 1155 5438
2 1155 5422
2 1155 2780
2 1155 2757
2 1155 2759
2 1155 5466
2 1155 2799
2 1155 2224
2 1156 4260
2 1156 2043
2 1156 1803
2 1156 2041
2 1156 1808
2 1156 1161
2 1156 4252
2 1156 4266
2 1157 3527
2 1157 2170
2 1157 2165
2 1157 5625
2 1157 2174
2 1157 2161
2 1157 3528
2 1157 3573
2 1158 1865
2 1158 1873
2 1158 2120
2 1158 4307
2 1158 1860
2 1158 2132
2 1158 2115
2 1158 4276
2 1159 4401
2 1159 2229
2 1159 1828
2 1159 4394
2 1159 1827
2 1159 2234
2 1159 1165
2 1160 2834
2 1160 2836
2 1160 5417
2 1160 2093
2 1160 1162
2 1160 2833
2 1160 2087
2 1160 5421
2 1161 4266
2 1161 1803
2 1161 1799
2 1161 4260
2 1161 2047
2 1161 2041
2 1161 4272
2 1161 2043
2 1162 2836
2 1162 2093
2 1162 2087
2 1162 5405
2 1162 2834
2 1162 2818
2 1162 5417
2 1162 2833
2 1163 3530
2 1163 5616
2 1163 2153
2 1163 3529
2 1163 1167
2 1163 5610
2 1163 3528
2 1163 2161
2 1163 5625
2 1164 2241
2 1164 1168
2 1164 5602
2 1164 3254
2 1164 2233
2 1164 3295
2 1164 1176
2 1164 2254
2 1165 2234
2 1165 1827
2 1165 4415
2 1165 4401
2 1165 4421
2 1165 1170
2 1165 2229
2 1153 1165
2 1166 1795
2 1166 4272
2 1166 1791
2 1166 4279
2 1166 2050
2 1166 1169
2 1166 1799
2 1166 2047
2 1166 4266
2 1167 3530
2 1167 2153
2 1167 5610
2 1167 5616
2 1167 3529
2 1167 5607
2 1167 1174
2 1167 3470
2 1168 2241
2 1168 5602
2 1168 2233
2 1168 3254
2 1168 1176
2 1168 1180
2 1168 3295
2 1168 5586
2 1169 4279
2 1169 2050
2 1169 1791
2 1169 1790
2 1169 4285
2 1169 1173
2 1169 1795
2 1169 2055
2 1170 4421
2 1170 2244
2 1170 4427
2 1170 1823
2 1170 1175
2 1170 4415
2 1170 2250
2 1170 2234
2 1171 2823
2 1171 2075
2 1171 2820
2 1171 5393
2 1171 2825
2 1171 2080
2 1171 5398
2 1171 2819
2 1171 1177
2 1172 1992
2 1172 1837
2 1172 4198
2 1172 1997
2 1172 1988
2 1172 1845
2 1172 4181
2 1172 1978
2 1172 4176
2 1173 4285
2 1173 1790
2 1173 2055
2 1173 1786
2 1173 4279
2 1173 2050
2 1173 1791
2 1173 4292
2 1174 3470
2 1174 5607
2 1174 3473
2 1174 1179
2 1174 3476
2 1174 2137
2 1174 5610
2 1174 5595
2 1175 4427
2 1175 1823
2 1175 2250
2 1175 2244
2 1175 4421
2 1175 1818
2 1175 1181
2 1175 4441
2 1176 3254
2 1176 2233
2 1176 5602
2 1176 1180
2 1176 5586
2 1176 2241
2 1176 2215
2 1177 2825
2 1177 2801
2 1177 2066
2 1177 5379
2 1177 5386
2 1177 2823
2 1177 1182
2 1177 2804
2 1177 5393
2 1178 4298
2 1178 1781
2 1178 2060
2 1178 4292
2 1178 2054
2 1178 1184
2 1178 1786
2 1178 1777
2 1178 2059
2 1179 3476
2 1179 3473
2 1179 3477
2 1179 2137
2 1179 5595
2 1179 3470
2 1179 2135
2 1179 1185
2 1180 5586
2 1180 2215
2 1180 3254
2 1180 5580
2 1180 2233
2 1180 5602
2 1180 3217
2 1180 2210
2 1181 4441
2 1181 1818
2 1181 2250
2 1181 4446
2 1181 2257
2 1181 1811
2 1181 1823
2 1181 4427
2 1182 2804
2 1182 5373
2 1182 2061
2 1182 2805
2 1182 5379
2 1182 2801
2 1182 5386
2 1182 2066
2 1183 2745
2 1183 5380
2 1183 2733
2 1183 2759
2 1183 2129
2 1183 2757
2 1183 5348
2 1183 5422
2 1183 1205
2 1184 2060
2 1184 2059
2 1184 1777
2 1184 4298
2 1184 1781
2 1184 1771
2 1184 2067
2 1184 4292
2 1185 2131
2 1185 2135
2 1185 3477
2 1185 3436
2 1185 5595
2 1185 5585
2 1185 1187
2 1185 3476
2 1185 2137
2 1186 2806
2 1186 2805
2 1186 2056
2 1186 2061
2 1186 5362
2 1186 5373
2 1186 2804
2 1186 1191
2 1186 5367
2 1187 3437
2 1187 5585
2 1187 3436
2 1187 2125
2 1187 3438
2 1187 5579
2 1187 2131
2 1187 1192
2 1188 3218
2 1188 3217
2 1188 2210
2 1188 5580
2 1188 3220
2 1188 2215
2 1188 1194
2 1188 2198
2 1188 5586
2 1189 4310
2 1189 1769
2 1189 4315
2 1189 2065
2 1189 2067
2 1189 1771
2 1189 1193
2 1189 1765
2 1189 4323
2 1190 1807
2 1190 4454
2 1190 2266
2 1190 2264
2 1190 1811
2 1190 4458
2 1190 4446
2 1190 2257
2 1190 1798
2 1191 2782
2 1191 2046
2 1191 5362
2 1191 5356
2 1191 1195
2 1191 2787
2 1191 2806
2 1191 2056
2 1192 3438
2 1192 5579
2 1192 2125
2 1192 3437
2 1192 2114
2 1192 1196
2 1192 5585
2 1192 3436
2 1193 4315
2 1193 1765
2 1193 4323
2 1193 1769
2 1193 2074
2 1193 4324
2 1193 2065
2 1193 1761
2 1194 3220
2 1194 2198
2 1194 3218
2 1194 1197
2 1194 5561
2 1194 3217
2 1194 2210
2 1194 5555
2 1195 2787
2 1195 2789
2 1195 2782
2 1195 5347
2 1195 5356
2 1195 2046
2 1195 1198
2 1195 2038
2 1196 2113
2 1196 5567
2 1196 2114
2 1196 3409
2 1196 1199
2 1196 2108
2 1196 3438
2 1196 5560
2 1197 5555
2 1197 5561
2 1197 3176
2 1197 2198
2 1197 3220
2 1197 3178
2 1197 5550
2 1197 3218
2 1198 2789
2 1198 5347
2 1198 2038
2 1198 2787
2 1198 2035
2 1198 5340
2 1198 1200
2 1198 5356
2 1199 3409
2 1199 3410
2 1199 5560
2 1199 2108
2 1199 2103
2 1199 5567
2 1199 2113
2 1199 3412
2 1200 5340
2 1200 2770
2 1200 5336
2 1200 2035
2 1200 1203
2 1200 2771
2 1200 2789
2 1200 5347
2 1201 3180
2 1201 5542
2 1201 2182
2 1201 2173
2 1201 1208
2 1201 5550
2 1201 3178
2 1201 3176
2 1201 5555
2 1202 4339
2 1202 1758
2 1202 2079
2 1202 2084
2 1202 4345
2 1202 4333
2 1202 2083
2 1202 4324
2 1202 1761
2 1203 2771
2 1203 2770
2 1203 2773
2 1203 5336
2 1203 2026
2 1203 5332
2 1203 1209
2 1203 2020
2 1204 2187
2 1204 4376
2 1204 1207
2 1204 1835
2 1204 4366
2 1204 2172
2 1204 4360
2 1204 2194
2 1204 4353
2 1205 2717
2 1205 5341
2 1205 5348
2 1205 2106
2 1205 2102
2 1205 1212
2 1205 2129
2 1205 2701
2 1205 1217
2 1206 3385
2 1206 5544
2 1206 1210
2 1206 3412
2 1206 5541
2 1206 3387
2 1206 5554
2 1206 2103
2 1206 3410
2 1207 4376
2 1207 2187
2 1207 2194
2 1207 1835
2 1207 4366
2 1207 1221
2 1207 2172
2 1207 4360
2 1208 5542
2 1208 2173
2 1208 3180
2 1208 2182
2 1208 2160
2 1208 5550
2 1208 3151
2 1208 3178
2 1209 2773
2 1209 2020
2 1209 5332
2 1209 2026
2 1209 5326
2 1209 2771
2 1209 2761
2 1209 2015
2 1210 3385
2 1210 3387
2 1210 5541
2 1210 5544
2 1210 2090
2 1210 5535
2 1210 3389
2 1210 1213
2 1211 5321
2 1211 2761
2 1211 2762
2 1211 2008
2 1211 2015
2 1211 5326
2 1211 2764
2 1211 2020
2 1209 1211
2 1212 2102
2 1212 2701
2 1212 2106
2 1212 1217
2 1212 2096
2 1212 1223
2 1212 2717
2 1212 5341
2 1213 3389
2 1213 2090
2 1213 5535
2 1213 3387
2 1213 2085
2 1213 1218
2 1213 5541
2 1213 5530
2 1214 1750
2 1214 4363
2 1214 2101
2 1214 2091
2 1214 4356
2 1214 1219
2 1214 2092
2 1214 1755
2 1214 2100
2 1215 3151
2 1215 2160
2 1215 1226
2 1208 1215
2 1215 2173
2 1215 5542
2 1215 3109
2 1201 1215
2 1215 3112
2 1216 4496
2 1216 2296
2 1216 4504
2 1216 1773
2 1216 1222
2 1216 4489
2 1216 2307
2 1216 2289
2 1216 4510
2 1217 2701
2 1217 1223
2 1217 2096
2 1217 2102
2 1217 2106
2 1217 2717
2 1217 5341
2 1218 2085
2 1218 5530
2 1218 3389
2 1218 5535
2 1218 2078
2 1218 2090
2 1218 3330
2 1218 5526
2 1219 4363
2 1219 2101
2 1219 2100
2 1219 4368
2 1219 1750
2 1219 2091
2 1219 1746
2 1219 2111
2 1220 1999
2 1220 5309
2 1220 2747
2 1220 1993
2 1220 2764
2 1220 5303
2 1220 5315
2 1220 1229
2 1220 2750
2 1221 2205
2 1221 4402
2 1221 2194
2 1221 4376
2 1221 2187
2 1204 1221
2 1221 1815
2 1221 2223
2 1222 4504
2 1222 1773
2 1222 2307
2 1222 2296
2 1222 4510
2 1222 1227
2 1222 4496
2 1222 2306
2 1223 2096
2 1223 2701
2 1223 2102
2 1223 2106
2 1223 5293
2 1223 2717
2 1223 2070
2 1224 2025
2 1224 4261
2 1224 4286
2 1224 2019
2 1224 4253
2 1224 1813
2 1224 1244
2 1224 2010
2 1224 4311
2 1225 3333
2 1225 3330
2 1225 5526
2 1225 2073
2 1225 2078
2 1225 3334
2 1225 1230
2 1225 5530
2 1218 1225
2 1226 3109
2 1226 3112
2 1226 2143
2 1226 3151
2 1226 2160
2 1226 5509
2 1226 2134
2 1226 1235
2 1227 4510
2 1227 2307
2 1227 2306
2 1227 1767
2 1227 4515
2 1227 4504
2 1227 1773
2 1227 2296
2 1228 4373
2 1228 1743
2 1228 2110
2 1228 2111
2 1228 1746
2 1228 1231
2 1228 4368
2 1228 4379
2 1228 2100
2 1229 2750
2 1229 5303
2 1229 1987
2 1229 2747
2 1229 2753
2 1229 1993
2 1229 5299
2 1229 1232
2 1230 3334
2 1230 3335
2 1230 5521
2 1230 3333
2 1230 2073
2 1230 5526
2 1230 3330
2 1230 5516
2 1231 4379
2 1231 2110
2 1231 4373
2 1231 1743
2 1231 1741
2 1231 2111
2 1231 2119
2 1231 1746
2 1232 2753
2 1232 5299
2 1232 1983
2 1232 1987
2 1232 1979
2 1232 2734
2 1232 2750
2 1232 1976
2 1233 2736
2 1233 5284
2 1233 1976
2 1233 1971
2 1233 2734
2 1233 1979
2 1233 1237
2 1233 2737
2 1232 1233
2 1234 3297
2 1234 3298
2 1234 5508
2 1234 1240
2 1234 5504
2 1234 3301
2 1234 5500
2 1234 2042
2 1234 5516
2 1235 3083
2 1235 2134
2 1235 5509
2 1235 1241
2 1235 2124
2 1235 2143
2 1235 1248
2 1235 3112
2 1235 3109
2 1236 4528
2 1236 1760
2 1236 2315
2 1236 1759
2 1236 1239
2 1236 1762
2 1236 4521
2 1236 4536
2 1236 4515
2 1237 2737
2 1237 1971
2 1237 5284
2 1237 1965
2 1237 5281
2 1237 2736
2 1237 1243
2 1237 1976
2 1238 4386
2 1238 4391
2 1238 1738
2 1238 1242
2 1238 2119
2 1238 1741
2 1238 2123
2 1238 4379
2 1231 1238
2 1239 1759
2 1239 4536
2 1239 4528
2 1239 1760
2 1239 2324
2 1239 2315
2 1239 4543
2 1239 1762
2 1240 3298
2 1240 3301
2 1240 5500
2 1240 5504
2 1240 2042
2 1240 3297
2 1240 5508
2 1240 1247
2 1241 2124
2 1241 3083
2 1241 1248
2 1241 2134
2 1241 2112
2 1241 3052
2 1241 5509
2 1241 3053
2 1242 4391
2 1242 2123
2 1242 1738
2 1242 4386
2 1242 4397
2 1242 2119
2 1242 1741
2 1242 2130
2 1243 1965
2 1243 5281
2 1243 2737
2 1243 2721
2 1243 1249
2 1243 5272
2 1243 1971
2 1243 2723
2 1244 4311
2 1244 4316
2 1244 4286
2 1244 4325
2 1244 1259
2 1244 2058
2 1244 2025
2 1244 4261
2 1245 2684
2 1245 2070
2 1245 5293
2 1245 2045
2 1245 1258
2 1223 1245
2 1245 2096
2 1245 2647
2 1217 1245
2 1246 4543
2 1246 4549
2 1246 2334
2 1246 1250
2 1246 2324
2 1246 4536
2 1246 2333
2 1246 4556
2 1246 1253
2 1247 2040
2 1247 2042
2 1247 5495
2 1247 3301
2 1247 5500
2 1247 1251
2 1247 3256
2 1247 5504
2 1248 2124
2 1248 3052
2 1248 3083
2 1248 2112
2 1248 3053
2 1248 2107
2 1248 1255
2 1249 2721
2 1249 2723
2 1249 5272
2 1249 2724
2 1249 5269
2 1249 1965
2 1249 5281
2 1249 1948
2 1250 4549
2 1250 2334
2 1250 2333
2 1250 4556
2 1250 1253
2 1250 1752
2 1250 4543
2 1250 2342
2 1251 3256
2 1251 5484
2 1251 1254
2 1251 2031
2 1251 2040
2 1251 5495
2 1251 2042
2 1251 1260
2 1252 1731
2 1252 4411
2 1252 2141
2 1252 4412
2 1252 4405
2 1252 1729
2 1252 4418
2 1252 1256
2 1252 1735
2 1253 4556
2 1253 1752
2 1253 2333
2 1253 2342
2 1253 1257
2 1253 2334
2 1253 4549
2 1254 3256
2 1254 2031
2 1254 5484
2 1254 1260
2 1254 5479
2 1247 1254
2 1254 2040
2 1254 5495
2 1255 3053
2 1255 2107
2 1255 3052
2 1255 2112
2 1255 2097
2 1255 3037
2 1255 5463
2 1255 2124
2 1256 4418
2 1256 1729
2 1256 2141
2 1256 4412
2 1256 2139
2 1256 1731
2 1256 1261
2 1256 4423
2 1257 2342
2 1257 1752
2 1257 2341
2 1257 4556
2 1257 1747
2 1257 2333
2 1250 1257
2 1257 1744
2 1258 2045
2 1258 2647
2 1258 2684
2 1258 1272
2 1258 5250
2 1258 2014
2 1258 2070
2 1258 5293
2 1259 4325
2 1259 2058
2 1259 4316
2 1259 4311
2 1259 4286
2 1224 1259
2 1259 2025
2 1259 4261
2 1260 5479
2 1260 1263
2 1260 2018
2 1260 2031
2 1260 5474
2 1260 3256
2 1260 3222
2 1260 5484
2 1261 4423
2 1261 4424
2 1261 2148
2 1261 1264
2 1261 4418
2 1261 2139
2 1261 1729
2 1261 4430
2 1262 2706
2 1262 1939
2 1262 5260
2 1262 2703
2 1262 2707
2 1262 1943
2 1262 1265
2 1262 1948
2 1262 5249
2 1263 3222
2 1263 2018
2 1263 5474
2 1263 2012
2 1263 3224
2 1263 1266
2 1263 5479
2 1263 2004
2 1264 4430
2 1264 4424
2 1264 2148
2 1264 2147
2 1264 4423
2 1264 1267
2 1264 1725
2 1264 2156
2 1265 2707
2 1265 5249
2 1265 1928
2 1265 2689
2 1265 5260
2 1265 2706
2 1265 1939
2 1265 2690
2 1266 3224
2 1266 3225
2 1266 5462
2 1266 2004
2 1266 3222
2 1266 2012
2 1266 1268
2 1266 2018
2 1267 1725
2 1267 4437
2 1267 2156
2 1267 4430
2 1267 1269
2 1267 2147
2 1267 2155
2 1267 4424
2 1268 1996
2 1268 3181
2 1268 3225
2 1268 5462
2 1268 1274
2 1268 1990
2 1268 2004
2 1268 3184
2 1269 4437
2 1269 2155
2 1269 2156
2 1269 4444
2 1269 1725
2 1269 2164
2 1269 1273
2 1269 2147
2 1270 2690
2 1270 2692
2 1270 1924
2 1270 5238
2 1270 5244
2 1270 2689
2 1270 1928
2 1270 5249
2 1270 5232
2 1271 4476
2 1271 2249
2 1271 4470
2 1271 1778
2 1271 1279
2 1271 1774
2 1271 4464
2 1271 2243
2 1271 1282
2 1272 5250
2 1272 2647
2 1272 2014
2 1272 2007
2 1272 1281
2 1272 1986
2 1272 2045
2 1245 1272
2 1273 2164
2 1273 4444
2 1273 1277
2 1273 4450
2 1273 2163
2 1273 1712
2 1273 2155
2 1273 4451
2 1274 3184
2 1274 3181
2 1274 1990
2 1274 5447
2 1274 3186
2 1274 1996
2 1274 1985
2 1274 5441
2 1274 1276
2 1275 4588
2 1275 1739
2 1275 4592
2 1275 2355
2 1275 4582
2 1275 1283
2 1275 1287
2 1275 2370
2 1275 2347
2 1276 3186
2 1276 5441
2 1276 1985
2 1276 1286
2 1276 3184
2 1276 5434
2 1276 5447
2 1276 1990
2 1277 4450
2 1277 4451
2 1277 2163
2 1277 1712
2 1277 1280
2 1277 2171
2 1277 2164
2 1277 4444
2 1278 2685
2 1278 5227
2 1278 1906
2 1278 1910
2 1278 5221
2 1278 1900
2 1278 5232
2 1278 2668
2 1278 5216
2 1279 1774
2 1279 1282
2 1279 4490
2 1279 1778
2 1279 4476
2 1279 2249
2 1279 4497
2 1279 4470
2 1280 4451
2 1280 2171
2 1280 1712
2 1280 1284
2 1280 1710
2 1280 4450
2 1280 2169
2 1280 2163
2 1281 2007
2 1281 1986
2 1281 2014
2 1281 5250
2 1281 2647
2 1281 2621
2 1281 1311
2 1258 1281
2 1282 4490
2 1282 1774
2 1282 4497
2 1282 1778
2 1282 1768
2 1282 4476
2 1282 2249
2 1283 1287
2 1283 4592
2 1283 2370
2 1283 1739
2 1283 4602
2 1283 1732
2 1283 4588
2 1283 2377
2 1284 4461
2 1284 1710
2 1284 2169
2 1284 2171
2 1284 4451
2 1284 1708
2 1284 1712
2 1284 1292
2 1285 5430
2 1285 1286
2 1285 1974
2 1285 5434
2 1285 1288
2 1285 3153
2 1285 1968
2 1276 1285
2 1285 3157
2 1286 5434
2 1286 3186
2 1286 5430
2 1286 5441
2 1286 1985
2 1286 1974
2 1286 1288
2 1287 2370
2 1287 4602
2 1287 1732
2 1287 2377
2 1287 4592
2 1287 1293
2 1287 4608
2 1287 1739
2 1288 3153
2 1288 1968
2 1288 3157
2 1288 5430
2 1288 1974
2 1288 1291
2 1288 3158
2 1289 3008
2 1289 2064
2 1289 5414
2 1289 3006
2 1289 2053
2 1289 1294
2 1289 5409
2 1289 3005
2 1289 2048
2 1290 2671
2 1290 5216
2 1290 1890
2 1290 2668
2 1290 2672
2 1290 5211
2 1290 1894
2 1290 1296
2 1290 1884
2 1291 3158
2 1291 3157
2 1291 1962
2 1291 5419
2 1291 3153
2 1291 5413
2 1291 1968
2 1291 1298
2 1292 4467
2 1292 2181
2 1292 1705
2 1292 1708
2 1292 2180
2 1292 1295
2 1292 4461
2 1292 1704
2 1293 4608
2 1293 1732
2 1293 4602
2 1293 2377
2 1293 1297
2 1293 4614
2 1293 2370
2 1293 2388
2 1294 5409
2 1294 2053
2 1294 2048
2 1294 2991
2 1294 5414
2 1294 1299
2 1294 5402
2 1294 3008
2 1295 4472
2 1295 2180
2 1295 1704
2 1295 4467
2 1295 1705
2 1295 1301
2 1295 2181
2 1295 2185
2 1296 1884
2 1296 2672
2 1296 5206
2 1296 1300
2 1296 5211
2 1296 2671
2 1296 5201
2 1296 1890
2 1297 4614
2 1297 2388
2 1297 1728
2 1297 4608
2 1297 1303
2 1297 4618
2 1297 2387
2 1297 1732
2 1298 1959
2 1298 3115
2 1298 5413
2 1298 5408
2 1298 1962
2 1298 1302
2 1298 3116
2 1298 3158
2 1299 2991
2 1299 5402
2 1299 2048
2 1299 1305
2 1299 5409
2 1299 2053
2 1299 2037
2 1299 5390
2 1300 5201
2 1300 2659
2 1300 5206
2 1300 1884
2 1300 1877
2 1300 2660
2 1300 2672
2 1300 5211
2 1301 4479
2 1301 4472
2 1301 1701
2 1301 2185
2 1301 1304
2 1301 1704
2 1301 1696
2 1301 2180
2 1302 3116
2 1302 3115
2 1302 5408
2 1302 5401
2 1302 1951
2 1302 1307
2 1302 1959
2 1302 1946
2 1303 4618
2 1303 1728
2 1303 4614
2 1303 2388
2 1303 1306
2 1303 2387
2 1303 1726
2 1303 2395
2 1304 4479
2 1304 1696
2 1304 1701
2 1304 2185
2 1304 4486
2 1304 1308
2 1304 2193
2 1304 4472
2 1305 2037
2 1305 5390
2 1305 2991
2 1305 5402
2 1305 2034
2 1305 2048
2 1294 1305
2 1305 5409
2 1306 4618
2 1306 1726
2 1306 2387
2 1306 2395
2 1306 1728
2 1306 2388
2 1306 4614
2 1306 4630
2 1307 1946
2 1307 5401
2 1307 1951
2 1307 5395
2 1307 3116
2 1307 1315
2 1307 1941
2 1307 5408
2 1308 4486
2 1308 2193
2 1308 1696
2 1308 1690
2 1308 2191
2 1308 4492
2 1308 1312
2 1308 4479
2 1309 5187
2 1309 1870
2 1309 2649
2 1309 2650
2 1309 1863
2 1309 1316
2 1309 2652
2 1309 1857
2 1309 5196
2 1310 2284
2 1310 4529
2 1310 4522
2 1310 1757
2 1310 1313
2 1310 1753
2 1310 1318
2 1310 2273
2 1310 2294
2 1311 2621
2 1311 2611
2 1311 1326
2 1311 1986
2 1311 5167
2 1311 5161
2 1311 1923
2 1311 2007
2 1312 4492
2 1312 2191
2 1312 4500
2 1312 1690
2 1312 2203
2 1312 2193
2 1312 4486
2 1312 4501
2 1313 1753
2 1313 1318
2 1313 4529
2 1313 2294
2 1313 1748
2 1313 2284
2 1313 4550
2 1313 4522
2 1314 4637
2 1314 4630
2 1314 1723
2 1314 2405
2 1314 2404
2 1314 1721
2 1314 2395
2 1314 4644
2 1314 1719
2 1315 1941
2 1315 5389
2 1315 5395
2 1315 1938
2 1315 3085
2 1315 1946
2 1315 1317
2 1315 1951
2 1316 2652
2 1316 1857
2 1316 2650
2 1316 5183
2 1316 1863
2 1316 5187
2 1316 1320
2 1316 2649
2 1317 1933
2 1317 3085
2 1317 5383
2 1317 5376
2 1317 1938
2 1317 1930
2 1317 5389
2 1317 5370
2 1318 1753
2 1318 2294
2 1318 1748
2 1318 4550
2 1318 1327
2 1318 4529
2 1318 4557
2 1319 2023
2 1319 1323
2 1319 2029
2 1319 2011
2 1319 2034
2 1319 5390
2 1319 2037
2 1319 2002
2 1305 1319
2 1320 2638
2 1320 1324
2 1320 5172
2 1320 2639
2 1320 5183
2 1320 2652
2 1320 1857
2 1320 2642
2 1321 4507
2 1321 1685
2 1321 2202
2 1321 4501
2 1321 2214
2 1321 1325
2 1321 1681
2 1321 2203
2 1321 4500
2 1322 2415
2 1322 1719
2 1322 4644
2 1322 1328
2 1322 4653
2 1322 1721
2 1322 2404
2 1322 1331
2 1322 4637
2 1323 2011
2 1323 2023
2 1323 2029
2 1323 2002
2 1323 2034
2 1323 5344
2 1323 5390
2 1323 2037
2 1324 2639
2 1324 2638
2 1324 5172
2 1324 2642
2 1324 5166
2 1324 1846
2 1324 1329
2 1324 5183
2 1325 1681
2 1325 2214
2 1325 2212
2 1325 1685
2 1325 4518
2 1325 4507
2 1325 2202
2 1325 4501
2 1326 2611
2 1326 5167
2 1326 5161
2 1326 2621
2 1326 1923
2 1326 2590
2 1326 5144
2 1326 5137
2 1327 4557
2 1327 4550
2 1327 4564
2 1327 1748
2 1327 2294
2 1327 2302
2 1327 1753
2 1327 4571
2 1328 4653
2 1328 1331
2 1328 2415
2 1328 4658
2 1328 1719
2 1328 1709
2 1328 4644
2 1328 1707
2 1329 2642
2 1329 1846
2 1329 1841
2 1329 5166
2 1329 5160
2 1329 1332
2 1329 2639
2 1329 1836
2 1330 3057
2 1330 1916
2 1330 3056
2 1330 1920
2 1330 5364
2 1330 5359
2 1330 1912
2 1330 5353
2 1330 1927
2 1331 1709
2 1331 4653
2 1331 4658
2 1331 1707
2 1331 2415
2 1331 1338
2 1331 1719
2 1332 5160
2 1332 1836
2 1332 1841
2 1332 2627
2 1332 1334
2 1332 1831
2 1332 2642
2 1332 1846
2 1333 2218
2 1333 4525
2 1333 4518
2 1333 1336
2 1333 2212
2 1333 1681
2 1325 1333
2 1333 4532
2 1333 2214
2 1334 2630
2 1334 2627
2 1334 1831
2 1334 1337
2 1334 1836
2 1334 5160
2 1334 1841
2 1329 1334
2 1335 3042
2 1335 3041
2 1335 1903
2 1335 1907
2 1335 5352
2 1335 3039
2 1335 1340
2 1335 1896
2 1335 5353
2 1336 4525
2 1336 4532
2 1336 2218
2 1336 1676
2 1336 1345
2 1336 2222
2 1336 4518
2 1336 4539
2 1337 2630
2 1337 5143
2 1337 1822
2 1337 1831
2 1337 1341
2 1337 2627
2 1337 1836
2 1337 1817
2 1338 4666
2 1338 1707
2 1338 2428
2 1338 1342
2 1338 4673
2 1338 1709
2 1338 2426
2 1338 4658
2 1338 1347
2 1339 4438
2 1339 1344
2 1339 2138
2 1339 1713
2 1339 2118
2 1339 1359
2 1339 2145
2 1339 4406
2 1339 1368
2 1340 1896
2 1340 1892
2 1340 3042
2 1340 1903
2 1340 3027
2 1340 3041
2 1340 1887
2 1340 1907
2 1341 1822
2 1341 5143
2 1341 1817
2 1341 2622
2 1341 5136
2 1341 1812
2 1341 2623
2 1341 2630
2 1342 4673
2 1342 2428
2 1342 4666
2 1342 2426
2 1342 1347
2 1342 1707
2 1342 1697
2 1342 1352
2 1343 2935
2 1343 2938
2 1343 1966
2 1343 1982
2 1343 1984
2 1343 5307
2 1343 2955
2 1343 2918
2 1343 1351
2 1344 4438
2 1344 2138
2 1344 1713
2 1344 1359
2 1344 2145
2 1344 2118
2 1344 1368
2 1344 2154
2 1345 4539
2 1345 2222
2 1345 1676
2 1345 1350
2 1345 4532
2 1345 4546
2 1345 2228
2 1345 1355
2 1346 1802
2 1346 1806
2 1346 5127
2 1346 5120
2 1346 1797
2 1346 2623
2 1346 2612
2 1346 1348
2 1346 1812
2 1347 4673
2 1347 2426
2 1347 1352
2 1347 1697
2 1347 4680
2 1347 2428
2 1347 2439
2 1347 4666
2 1348 2614
2 1348 2612
2 1348 5120
2 1348 1797
2 1348 1789
2 1348 5107
2 1348 1353
2 1348 1802
2 1348 5127
2 1349 3012
2 1349 3009
2 1349 5312
2 1349 1867
2 1349 1875
2 1349 5318
2 1349 1354
2 1349 5306
2 1349 1878
2 1350 4546
2 1350 2228
2 1350 4539
2 1350 1355
2 1350 1670
2 1350 2222
2 1350 4553
2 1350 2226
2 1351 2919
2 1351 2918
2 1351 2921
2 1351 5307
2 1351 2901
2 1351 1360
2 1351 1966
2 1351 2938
2 1351 1937
2 1352 4680
2 1352 1697
2 1352 2439
2 1352 1357
2 1352 4673
2 1352 2426
2 1352 4684
2 1352 1693
2 1353 5107
2 1353 1789
2 1353 2614
2 1353 1356
2 1353 5102
2 1353 2612
2 1353 5120
2 1353 2600
2 1354 5306
2 1354 3012
2 1354 1867
2 1354 2992
2 1354 5312
2 1354 1358
2 1354 2993
2 1354 3009
2 1355 1670
2 1355 2228
2 1355 4553
2 1355 2226
2 1355 4546
2 1355 4561
2 1355 4539
2 1356 2600
2 1356 5102
2 1356 5094
2 1356 2602
2 1356 1363
2 1356 5107
2 1356 1789
2 1356 1367
2 1357 4680
2 1357 2439
2 1357 4684
2 1357 1693
2 1357 1362
2 1357 1697
2 1357 2445
2 1347 1357
2 1358 2993
2 1358 2992
2 1358 5296
2 1358 1364
2 1358 1848
2 1358 5306
2 1358 5286
2 1358 2982
2 1359 2145
2 1359 1713
2 1359 2138
2 1359 1368
2 1359 2154
2 1359 4438
2 1359 2159
2 1360 2901
2 1360 1937
2 1360 1365
2 1360 2921
2 1360 2919
2 1360 1929
2 1360 1370
2 1360 2885
2 1361 1733
2 1361 2322
2 1361 2331
2 1361 4576
2 1361 2339
2 1361 2314
2 1361 1375
2 1361 4571
2 1361 2346
2 1362 4684
2 1362 2445
2 1362 1693
2 1362 4690
2 1362 1366
2 1362 2444
2 1362 2439
2 1362 4680
2 1363 2602
2 1363 2600
2 1363 5094
2 1363 1367
2 1363 5088
2 1363 1776
2 1363 5102
2 1363 2592
2 1364 1848
2 1364 2982
2 1364 5286
2 1364 2993
2 1364 5296
2 1364 2983
2 1364 5282
2 1364 2992
2 1365 1937
2 1365 1929
2 1365 1370
2 1365 2901
2 1365 2885
2 1365 5275
2 1365 2887
2 1365 1919
2 1366 2444
2 1366 4690
2 1366 2445
2 1366 1689
2 1366 4684
2 1366 1693
2 1366 1371
2 1366 1686
2 1367 5088
2 1367 2602
2 1367 1776
2 1367 2592
2 1367 5094
2 1367 1372
2 1367 5081
2 1367 2600
2 1368 2154
2 1368 2145
2 1368 2159
2 1368 4480
2 1368 1713
2 1368 1702
2 1368 2138
2 1368 2168
2 1369 4568
2 1369 2230
2 1369 1659
2 1369 1373
2 1369 2231
2 1369 1654
2 1369 4561
2 1369 2239
2 1369 4579
2 1370 2885
2 1370 1929
2 1370 5275
2 1370 2887
2 1370 1937
2 1370 1919
2 1370 1377
2 1371 1686
2 1371 1689
2 1371 2457
2 1371 1376
2 1371 2444
2 1371 4690
2 1371 1682
2 1371 2445
2 1372 2594
2 1372 2592
2 1372 1772
2 1372 5081
2 1372 1776
2 1372 5076
2 1372 5088
2 1372 1764
2 1373 1654
2 1373 2239
2 1373 4568
2 1373 4579
2 1373 1651
2 1373 2230
2 1373 2247
2 1373 4585
2 1374 2983
2 1374 2985
2 1374 5282
2 1374 5279
2 1374 2982
2 1374 5286
2 1374 1848
2 1364 1374
2 1374 5274
2 1375 2339
2 1375 2346
2 1375 2331
2 1375 1733
2 1375 1722
2 1375 2354
2 1375 2322
2 1375 2362
2 1376 2457
2 1376 1686
2 1376 1682
2 1376 4709
2 1376 1689
2 1376 2444
2 1366 1376
2 1376 2464
2 1377 1919
2 1377 2887
2 1377 1911
2 1377 5275
2 1377 2885
2 1377 1929
2 1365 1377
2 1377 5257
2 1378 1646
2 1378 2246
2 1378 4585
2 1378 2247
2 1378 1651
2 1378 4579
2 1378 1642
2 1378 2239
2 1378 1385
2 1379 2972
2 1379 2973
2 1379 1825
2 1379 5274
2 1379 2974
2 1379 1821
2 1379 2985
2 1379 5266
2 1379 5279
2 1380 4716
2 1380 2464
2 1380 1677
2 1380 4709
2 1380 4718
2 1380 1387
2 1380 1682
2 1380 4725
2 1376 1380
2 1381 1840
2 1381 1384
2 1381 1830
2 1381 2533
2 1381 2551
2 1381 1816
2 1381 5045
2 1381 2550
2 1381 5089
2 1382 2956
2 1382 1810
2 1382 1804
2 1382 5263
2 1382 1386
2 1382 5266
2 1382 2957
2 1382 2974
2 1382 1821
2 1383 2853
2 1383 5257
2 1383 1891
2 1383 2856
2 1383 1911
2 1383 5241
2 1383 1394
2 1377 1383
2 1383 5235
2 1384 1830
2 1384 2533
2 1384 1840
2 1384 1816
2 1384 5045
2 1384 5039
2 1384 1805
2 1384 1399
2 1385 4595
2 1385 2256
2 1385 1642
2 1385 1390
2 1385 1635
2 1385 2252
2 1385 1393
2 1385 2246
2 1385 2263
2 1386 2956
2 1386 2957
2 1386 1804
2 1386 1810
2 1386 1389
2 1386 5263
2 1386 5254
2 1386 5266
2 1387 4725
2 1387 4718
2 1387 1674
2 1387 1677
2 1387 4716
2 1387 4730
2 1387 2464
2 1387 2483
2 1388 5050
2 1388 2562
2 1388 1745
2 1388 1740
2 1388 1391
2 1388 2573
2 1388 5044
2 1388 5056
2 1388 1749
2 1389 5254
2 1389 2957
2 1389 1792
2 1389 1392
2 1389 2942
2 1389 2956
2 1389 5246
2 1389 1804
2 1390 1393
2 1390 4595
2 1390 1635
2 1390 2252
2 1390 2256
2 1390 4604
2 1390 2263
2 1390 1397
2 1391 2563
2 1391 2562
2 1391 1740
2 1391 5044
2 1391 1736
2 1391 1395
2 1391 5050
2 1391 5038
2 1392 2942
2 1392 1792
2 1392 5254
2 1392 1396
2 1392 5246
2 1392 2943
2 1392 2944
2 1392 2957
2 1393 2263
2 1393 4604
2 1393 1635
2 1393 1397
2 1393 2252
2 1393 1629
2 1393 4595
2 1393 2256
2 1394 2837
2 1394 5235
2 1394 5241
2 1394 2838
2 1394 1866
2 1394 2856
2 1394 1891
2 1394 2853
2 1394 1403
2 1395 2563
2 1395 5038
2 1395 1736
2 1395 5031
2 1395 2554
2 1395 5044
2 1395 1398
2 1395 1740
2 1396 2943
2 1396 2944
2 1396 5246
2 1396 2942
2 1396 1784
2 1396 5240
2 1396 1792
2 1396 5254
2 1397 4604
2 1397 2263
2 1397 2260
2 1397 1629
2 1397 4611
2 1397 1635
2 1397 2252
2 1398 2554
2 1398 2555
2 1398 1724
2 1398 5031
2 1398 1401
2 1398 5028
2 1398 5023
2 1398 1720
2 1399 1805
2 1399 5039
2 1399 1402
2 1399 1796
2 1399 5045
2 1399 1816
2 1399 2533
2 1399 2504
2 1399 2505
2 1400 4638
2 1400 2362
2 1400 2376
2 1400 2354
2 1400 1722
2 1400 4659
2 1400 2384
2 1400 1418
2 1400 4667
2 1401 2555
2 1401 1724
2 1401 5023
2 1401 1720
2 1401 5028
2 1401 2540
2 1401 2554
2 1401 5016
2 1402 1796
2 1402 1805
2 1402 5039
2 1402 2504
2 1402 5045
2 1402 2505
2 1402 1816
2 1402 2533
2 1403 5218
2 1403 2826
2 1403 1866
2 1403 5214
2 1403 1850
2 1403 2838
2 1403 2837
2 1403 5235
2 1404 4738
2 1404 1668
2 1404 1408
2 1404 2483
2 1404 2490
2 1404 1661
2 1404 4730
2 1404 4743
2 1404 1411
2 1405 2541
2 1405 1717
2 1405 5016
2 1405 2540
2 1405 2544
2 1405 1720
2 1405 5023
2 1405 1714
2 1401 1405
2 1406 2190
2 1406 2178
2 1406 1416
2 1406 4540
2 1406 2200
2 1406 1421
2 1406 4493
2 1406 4547
2 1406 2197
2 1407 2923
2 1407 5224
2 1407 1780
2 1407 1770
2 1407 2922
2 1407 5230
2 1407 2905
2 1407 5213
2 1407 1766
2 1408 4738
2 1408 2490
2 1408 1661
2 1408 4743
2 1408 1411
2 1408 1668
2 1408 2483
2 1408 1658
2 1409 5007
2 1409 1706
2 1409 1711
2 1409 5003
2 1409 2534
2 1409 2544
2 1409 1415
2 1409 1700
2 1409 1714
2 1410 2906
2 1410 1763
2 1410 5208
2 1410 1766
2 1410 5213
2 1410 2905
2 1410 5203
2 1410 1419
2 1410 1770
2 1411 4743
2 1411 1658
2 1411 1414
2 1411 4749
2 1411 1661
2 1411 2490
2 1411 1656
2 1411 4738
2 1412 4621
2 1412 2269
2 1412 1417
2 1412 2270
2 1412 2283
2 1412 1623
2 1412 4634
2 1412 1618
2 1412 1422
2 1413 1838
2 1413 1420
2 1413 5192
2 1413 1834
2 1413 1850
2 1413 2791
2 1413 5214
2 1413 2793
2 1413 2826
2 1414 4749
2 1414 1656
2 1414 2502
2 1414 1658
2 1414 4743
2 1414 4755
2 1414 2500
2 1414 1424
2 1415 2534
2 1415 1700
2 1415 5003
2 1415 1706
2 1415 1698
2 1415 1423
2 1415 4992
2 1415 1692
2 1416 4540
2 1416 2200
2 1416 1421
2 1416 4547
2 1416 2197
2 1416 2190
2 1416 1671
2 1416 2209
2 1417 4634
2 1417 1422
2 1417 2283
2 1417 1618
2 1417 4621
2 1417 1426
2 1417 2281
2 1417 4641
2 1418 4667
2 1418 2384
2 1418 1694
2 1418 4674
2 1418 4659
2 1418 2394
2 1418 2376
2 1418 4681
2 1418 2402
2 1419 2888
2 1419 5203
2 1419 2889
2 1419 5199
2 1419 5208
2 1419 1763
2 1419 2906
2 1419 1425
2 1420 1834
2 1420 5192
2 1420 1838
2 1420 2791
2 1420 2793
2 1420 1820
2 1420 1850
2 1420 5176
2 1421 2200
2 1421 4540
2 1421 4547
2 1421 2197
2 1421 1671
2 1421 2209
2 1421 2190
2 1422 4634
2 1422 1618
2 1422 2283
2 1422 1426
2 1422 4641
2 1422 2281
2 1422 1614
2 1422 2287
2 1423 4992
2 1423 2523
2 1423 1698
2 1423 1692
2 1423 2534
2 1423 1700
2 1423 4991
2 1423 2525
2 1424 1652
2 1424 4755
2 1424 4763
2 1424 2500
2 1424 1647
2 1424 1428
2 1424 2502
2 1424 2515
2 1424 1656
2 1425 2892
2 1425 2889
2 1425 5199
2 1425 1427
2 1425 5191
2 1425 2888
2 1425 5203
2 1425 5185
2 1426 4641
2 1426 1614
2 1426 2287
2 1426 1430
2 1426 4634
2 1426 2281
2 1426 1618
2 1426 1610
2 1427 5191
2 1427 2873
2 1427 5185
2 1427 2892
2 1427 1431
2 1427 2876
2 1427 2889
2 1427 5199
2 1428 4763
2 1428 2515
2 1428 1647
2 1428 4769
2 1428 1432
2 1428 1652
2 1428 2514
2 1428 4755
2 1429 2516
2 1429 2525
2 1429 1433
2 1429 2519
2 1429 4991
2 1429 2523
2 1429 4992
2 1429 1692
2 1429 4975
2 1430 1610
2 1430 4647
2 1430 2287
2 1430 4641
2 1430 1614
2 1430 1434
2 1430 1606
2 1430 4650
2 1431 2873
2 1431 2876
2 1431 5185
2 1431 5180
2 1431 1737
2 1431 1436
2 1431 5191
2 1431 1734
2 1432 4769
2 1432 4776
2 1432 2515
2 1432 2514
2 1432 1437
2 1432 4763
2 1432 1647
2 1432 2522
2 1433 2519
2 1433 2516
2 1433 4975
2 1433 1439
2 1433 4968
2 1433 2508
2 1433 2509
2 1433 1441
2 1434 4650
2 1434 1606
2 1434 4647
2 1434 2293
2 1434 1610
2 1434 4656
2 1434 2291
2 1434 2287
2 1435 4981
2 1435 4986
2 1435 2474
2 1435 2485
2 1435 2476
2 1435 4976
2 1435 1442
2 1435 1443
2 1435 1775
2 1436 1737
2 1436 2857
2 1436 2876
2 1436 5175
2 1436 5180
2 1436 1734
2 1436 2858
2 1436 1440
2 1437 4776
2 1437 2522
2 1437 1636
2 1437 4769
2 1437 4786
2 1437 2514
2 1437 2515
2 1428 1437
2 1438 5164
2 1438 2774
2 1438 1809
2 1438 1800
2 1438 5170
2 1438 2766
2 1438 5157
2 1438 1793
2 1438 1814
2 1439 2508
2 1439 4968
2 1439 2509
2 1439 4975
2 1439 1441
2 1439 2519
2 1439 4961
2 1439 2516
2 1440 2858
2 1440 1730
2 1440 5169
2 1440 2859
2 1440 1727
2 1440 2857
2 1440 5175
2 1440 1734
2 1441 2509
2 1441 4961
2 1441 2508
2 1441 1667
2 1441 4968
2 1441 4955
2 1441 4952
2 1441 1664
2 1442 2476
2 1442 1443
2 1442 4976
2 1442 2474
2 1442 1447
2 1442 4981
2 1442 2465
2 1442 4986
2 1443 1447
2 1443 2465
2 1443 2476
2 1443 4976
2 1443 2474
2 1443 4981
2 1443 4947
2 1444 5156
2 1444 2841
2 1444 1718
2 1444 1449
2 1444 2842
2 1444 5152
2 1444 2859
2 1444 1727
2 1444 1715
2 1445 1787
2 1445 2755
2 1445 5148
2 1445 1783
2 1445 1793
2 1445 5157
2 1445 2766
2 1445 1800
2 1445 2740
2 1446 2298
2 1446 1599
2 1446 4662
2 1446 2301
2 1446 1453
2 1446 1595
2 1446 4677
2 1446 4656
2 1446 1457
2 1447 2465
2 1447 4947
2 1447 2476
2 1447 4976
2 1447 1458
2 1447 2474
2 1447 4981
2 1448 4701
2 1448 2414
2 1448 1680
2 1448 1455
2 1448 1684
2 1448 2420
2 1448 4710
2 1448 1688
2 1448 2402
2 1449 2842
2 1449 2841
2 1449 5152
2 1449 1718
2 1449 1715
2 1449 5156
2 1449 2845
2 1449 1451
2 1450 2496
2 1450 4946
2 1450 2495
2 1450 4952
2 1450 1664
2 1450 4941
2 1450 4955
2 1450 1667
2 1450 2487
2 1451 2845
2 1451 1715
2 1451 5147
2 1451 2842
2 1451 5152
2 1451 5140
2 1451 2841
2 1451 1718
2 1452 4799
2 1452 2531
2 1452 1626
2 1452 4793
2 1452 1624
2 1452 2539
2 1452 2532
2 1452 4802
2 1452 1622
2 1453 1595
2 1453 4677
2 1453 1457
2 1453 2312
2 1453 2298
2 1453 1599
2 1453 1461
2 1453 4683
2 1454 2741
2 1454 1779
2 1454 2740
2 1454 1783
2 1454 5112
2 1454 2755
2 1454 5148
2 1454 2729
2 1454 1787
2 1455 2420
2 1455 1680
2 1455 4710
2 1455 4701
2 1455 2414
2 1455 1675
2 1455 2425
2 1455 1684
2 1456 2488
2 1456 1650
2 1456 4934
2 1456 2487
2 1456 4927
2 1456 1463
2 1456 4941
2 1456 1641
2 1456 2477
2 1457 4677
2 1457 2312
2 1457 1461
2 1457 4683
2 1457 1595
2 1457 2298
2 1457 1599
2 1458 4947
2 1458 1716
2 1458 4928
2 1458 2450
2 1458 2465
2 1443 1458
2 1458 1472
2 1442 1458
2 1459 2827
2 1459 2828
2 1459 1703
2 1459 5133
2 1459 1699
2 1459 5130
2 1459 5140
2 1459 1464
2 1459 5147
2 1460 1643
2 1460 4599
2 1460 1469
2 1460 4605
2 1460 4580
2 1460 2238
2 1460 2220
2 1460 2245
2 1460 1481
2 1461 4683
2 1461 2312
2 1461 4677
2 1461 2321
2 1461 1595
2 1461 4686
2 1461 2319
2 1462 1622
2 1462 1621
2 1462 2538
2 1462 4802
2 1462 2547
2 1462 2539
2 1462 1624
2 1462 1471
2 1462 2546
2 1463 4927
2 1463 1641
2 1463 2477
2 1463 4920
2 1463 2488
2 1463 2480
2 1463 4934
2 1463 1650
2 1464 5123
2 1464 2811
2 1464 1691
2 1464 5130
2 1464 2828
2 1464 1699
2 1464 1465
2 1464 5133
2 1464 2812
2 1465 2812
2 1465 2811
2 1465 1687
2 1465 5117
2 1465 5123
2 1465 1691
2 1465 5111
2 1465 1467
2 1466 2425
2 1466 1672
2 1466 1675
2 1466 2436
2 1466 4710
2 1466 2420
2 1455 1466
2 1466 1662
2 1466 1680
2 1467 5111
2 1467 1683
2 1467 2794
2 1467 1473
2 1467 5104
2 1467 1687
2 1467 1679
2 1467 2812
2 1467 5117
2 1468 2709
2 1468 1754
2 1468 2729
2 1468 2711
2 1468 1751
2 1468 1476
2 1468 5085
2 1468 5112
2 1468 1483
2 1469 4599
2 1469 1643
2 1469 4605
2 1469 2238
2 1469 2245
2 1469 1481
2 1469 4622
2 1469 4580
2 1470 2468
2 1470 1633
2 1470 2469
2 1470 1627
2 1470 1637
2 1470 4913
2 1470 1474
2 1470 2480
2 1470 4920
2 1471 4819
2 1471 2546
2 1471 2547
2 1471 1621
2 1471 4826
2 1471 2560
2 1471 1613
2 1471 1622
2 1472 2440
2 1472 4902
2 1472 2450
2 1472 1478
2 1472 4928
2 1472 1716
2 1472 2430
2 1472 4947
2 1473 2794
2 1473 2796
2 1473 5104
2 1473 1679
2 1473 1475
2 1473 5098
2 1473 1683
2 1473 2798
2 1474 2469
2 1474 1627
2 1474 2459
2 1474 4895
2 1474 2468
2 1474 2461
2 1474 1633
2 1474 1637
2 1475 2798
2 1475 2796
2 1475 5098
2 1475 5091
2 1475 2776
2 1475 1480
2 1475 2794
2 1475 1679
2 1476 2711
2 1476 5085
2 1476 1751
2 1476 2709
2 1476 1483
2 1476 1742
2 1476 1754
2 1476 2695
2 1477 2327
2 1477 2330
2 1477 1586
2 1477 4697
2 1477 1482
2 1477 4706
2 1477 1585
2 1477 4713
2 1477 2337
2 1478 4902
2 1478 2430
2 1478 2440
2 1478 2450
2 1478 4928
2 1478 1716
2 1478 1666
2 1458 1478
2 1479 4832
2 1479 4836
2 1479 1613
2 1479 2568
2 1479 2560
2 1479 1605
2 1479 4826
2 1479 2567
2 1479 4843
2 1480 2776
2 1480 2778
2 1480 5091
2 1480 1669
2 1480 2798
2 1480 5084
2 1480 1665
2 1480 5098
2 1481 4622
2 1481 2245
2 1481 1484
2 1481 4627
2 1481 2251
2 1481 2238
2 1481 4605
2 1481 4642
2 1481 2259
2 1482 4706
2 1482 1585
2 1482 1586
2 1482 4713
2 1482 2327
2 1482 2337
2 1482 1485
2 1482 2330
2 1483 2695
2 1483 1742
2 1483 5085
2 1483 2698
2 1483 2711
2 1483 1751
2 1483 2709
2 1483 1754
2 1484 4627
2 1484 2251
2 1484 4622
2 1484 2245
2 1484 4642
2 1484 2259
2 1484 2238
2 1484 1611
2 1485 4713
2 1485 1576
2 1485 2337
2 1485 1585
2 1485 1488
2 1485 4706
2 1485 4721
2 1485 1586
2 1486 4750
2 1486 1649
2 1486 4756
2 1486 2462
2 1486 1645
2 1486 1662
2 1486 1638
2 1486 2436
2 1486 2473
2 1487 2454
2 1487 1615
2 1487 4885
2 1487 1609
2 1487 4879
2 1487 1490
2 1487 2456
2 1487 2461
2 1487 4874
2 1488 4721
2 1488 1576
2 1488 2344
2 1488 2337
2 1488 1570
2 1488 4713
2 1488 1585
2 1488 1495
2 1489 2767
2 1489 5079
2 1489 2769
2 1489 1660
2 1489 1657
2 1489 1665
2 1489 1491
2 1489 5084
2 1489 1655
2 1490 2456
2 1490 1609
2 1490 2454
2 1490 4879
2 1490 4874
2 1490 1492
2 1490 4885
2 1490 1615
2 1491 1655
2 1491 5070
2 1491 2769
2 1491 1657
2 1491 1653
2 1491 2767
2 1491 5079
2 1491 1660
2 1492 2441
2 1492 4874
2 1492 4868
2 1492 2456
2 1492 4859
2 1492 2442
2 1492 1598
2 1492 2454
2 1493 2676
2 1493 1494
2 1493 5048
2 1493 2662
2 1493 2698
2 1493 2695
2 1493 1742
2 1483 1493
2 1493 1695
2 1494 2676
2 1494 5048
2 1494 2662
2 1494 1695
2 1494 2698
2 1494 2653
2 1494 2695
2 1494 1742
2 1495 4728
2 1495 1499
2 1495 1570
2 1495 2352
2 1495 2344
2 1495 1564
2 1495 2349
2 1495 4721
2 1496 1593
2 1496 2442
2 1496 1598
2 1496 4859
2 1496 2431
2 1496 4847
2 1496 1501
2 1496 2441
2 1496 4868
2 1497 4862
2 1497 4863
2 1497 2587
2 1497 1594
2 1497 1500
2 1497 4856
2 1497 4871
2 1497 1597
2 1497 2585
2 1498 1644
2 1498 5058
2 1498 2744
2 1498 1640
2 1498 1648
2 1498 1502
2 1498 5053
2 1498 2756
2 1498 5065
2 1499 2352
2 1499 4728
2 1499 1564
2 1499 2349
2 1499 4735
2 1499 2360
2 1499 1570
2 1499 2344
2 1500 4871
2 1500 4863
2 1500 2585
2 1500 2587
2 1500 1594
2 1500 4877
2 1500 4862
2 1500 2599
2 1501 2431
2 1501 4847
2 1501 2434
2 1501 1584
2 1501 1503
2 1501 4839
2 1501 1593
2 1501 1582
2 1502 5047
2 1502 2744
2 1502 1639
2 1502 1640
2 1502 5053
2 1502 1504
2 1502 1644
2 1502 5042
2 1503 2434
2 1503 4839
2 1503 1584
2 1503 1582
2 1503 4834
2 1503 2431
2 1503 2422
2 1503 4847
2 1504 1631
2 1504 5042
2 1504 2732
2 1504 5047
2 1504 1639
2 1504 5035
2 1504 1625
2 1504 5053
2 1505 4777
2 1505 1632
2 1505 2473
2 1505 1628
2 1505 1638
2 1505 4787
2 1505 1513
2 1505 1645
2 1505 2462
2 1506 2599
2 1506 1589
2 1506 4881
2 1506 4877
2 1506 2596
2 1506 1511
2 1506 4871
2 1506 2585
2 1500 1506
2 1507 2423
2 1507 4829
2 1507 2422
2 1507 1579
2 1507 1512
2 1507 4834
2 1507 2417
2 1507 4823
2 1507 1582
2 1508 4740
2 1508 1559
2 1508 4745
2 1508 2359
2 1508 4735
2 1508 2360
2 1508 2367
2 1508 4752
2 1508 1555
2 1509 2712
2 1509 1515
2 1509 1619
2 1509 5026
2 1509 2713
2 1509 1625
2 1509 5035
2 1509 2732
2 1509 5019
2 1510 5020
2 1510 2643
2 1510 2653
2 1510 1695
2 1510 5010
2 1510 1678
2 1510 1673
2 1510 2662
2 1510 2631
2 1511 4881
2 1511 2596
2 1511 4888
2 1511 1514
2 1511 1589
2 1511 2599
2 1511 2608
2 1511 4877
2 1512 2417
2 1512 4823
2 1512 4829
2 1512 2419
2 1512 2423
2 1512 4816
2 1512 1520
2 1512 1579
2 1513 4787
2 1513 2482
2 1513 1628
2 1513 2489
2 1513 1632
2 1513 4777
2 1513 2473
2 1513 1530
2 1514 4888
2 1514 2608
2 1514 4891
2 1514 4881
2 1514 2607
2 1514 2596
2 1514 1588
2 1506 1514
2 1515 2713
2 1515 2712
2 1515 1619
2 1515 1519
2 1515 5026
2 1515 5019
2 1515 2714
2 1515 1617
2 1516 2379
2 1516 2398
2 1516 4840
2 1516 2371
2 1516 1528
2 1516 1534
2 1516 2408
2 1516 2364
2 1516 4853
2 1517 4670
2 1517 2278
2 1517 4678
2 1517 2280
2 1517 1592
2 1517 4663
2 1517 1590
2 1517 1611
2 1517 4698
2 1518 4752
2 1518 1555
2 1518 4760
2 1518 2367
2 1518 2366
2 1518 1550
2 1518 1521
2 1518 2374
2 1518 4745
2 1519 2714
2 1519 2713
2 1519 1617
2 1519 5019
2 1519 5026
2 1519 1619
2 1519 2712
2 1519 1522
2 1520 2411
2 1520 2419
2 1520 4810
2 1520 4816
2 1520 1565
2 1520 2412
2 1520 1523
2 1520 2417
2 1520 4823
2 1521 4760
2 1521 1525
2 1521 1550
2 1521 2374
2 1521 2373
2 1521 2366
2 1521 1547
2 1521 4766
2 1522 2699
2 1522 5009
2 1522 1608
2 1522 2714
2 1522 1524
2 1522 2700
2 1522 1617
2 1522 5019
2 1523 2412
2 1523 1561
2 1523 1565
2 1523 4810
2 1523 2411
2 1523 1526
2 1523 4804
2 1523 2399
2 1523 1558
2 1524 2700
2 1524 5005
2 1524 1608
2 1524 5009
2 1524 2699
2 1524 1529
2 1524 1603
2 1524 2686
2 1525 1547
2 1525 4766
2 1525 2373
2 1525 4760
2 1525 1550
2 1525 2374
2 1525 1545
2 1525 1533
2 1526 1558
2 1526 2399
2 1526 4804
2 1526 1561
2 1526 2401
2 1526 1554
2 1526 2412
2 1526 1532
2 1527 4897
2 1527 4905
2 1527 1588
2 1527 1578
2 1527 4891
2 1527 2607
2 1527 4910
2 1527 2608
2 1527 4916
2 1528 2371
2 1528 1534
2 1528 2364
2 1528 2379
2 1528 4797
2 1528 1539
2 1528 2357
2 1528 4773
2 1529 5005
2 1529 1603
2 1529 2700
2 1529 2686
2 1529 4999
2 1529 1600
2 1529 1608
2 1529 1535
2 1530 1620
2 1530 4807
2 1530 2489
2 1530 1616
2 1530 2499
2 1530 4813
2 1530 4820
2 1530 2482
2 1531 2625
2 1531 2633
2 1531 5000
2 1531 2631
2 1531 1673
2 1531 2616
2 1531 1678
2 1531 5010
2 1531 2617
2 1532 2401
2 1532 1554
2 1532 4796
2 1532 2399
2 1532 1558
2 1532 4790
2 1532 2391
2 1532 4804
2 1533 4772
2 1533 2383
2 1533 1545
2 1533 1537
2 1533 4766
2 1533 2380
2 1533 1542
2 1533 4779
2 1533 1547
2 1534 2364
2 1534 4797
2 1534 2371
2 1534 1539
2 1534 2357
2 1534 2379
2 1534 4773
2 1535 2687
2 1535 2686
2 1535 1600
2 1535 1596
2 1535 4995
2 1535 4999
2 1535 1536
2 1535 1603
2 1535 2679
2 1536 2679
2 1536 4995
2 1536 1596
2 1536 4989
2 1536 2687
2 1536 1541
2 1536 2683
2 1536 1600
2 1537 4779
2 1537 1542
2 1537 2380
2 1537 4772
2 1537 2383
2 1537 1545
2 1537 4783
2 1537 2392
2 1538 2392
2 1538 4783
2 1538 2391
2 1538 4779
2 1538 1542
2 1538 4790
2 1538 2380
2 1537 1538
2 1538 2383
2 1539 2357
2 1539 4797
2 1539 2364
2 1539 4773
2 1539 2371
2 1539 4767
2 1539 2379
2 1540 1572
2 1540 4916
2 1540 4910
2 1540 1544
2 1540 1578
2 1540 2626
2 1540 1571
2 1540 4923
2 1540 4905
2 1541 2683
2 1541 2679
2 1541 4989
2 1541 1543
2 1541 4984
2 1541 1583
2 1541 4995
2 1541 2665
2 1542 4779
2 1542 2380
2 1542 2392
2 1542 2383
2 1542 4783
2 1542 4772
2 1543 2665
2 1543 1583
2 1543 4984
2 1543 1580
2 1543 2683
2 1543 4979
2 1543 1546
2 1543 2667
2 1544 2626
2 1544 4923
2 1544 1571
2 1544 1572
2 1544 1549
2 1544 4916
2 1544 1568
2 1544 4910
2 1545 2383
2 1545 4772
2 1545 4766
2 1545 1547
2 1545 2380
2 1545 2373
2 1542 1545
2 1546 2667
2 1546 4979
2 1546 1577
2 1546 2665
2 1546 1580
2 1546 4970
2 1546 1575
2 1546 2655
2 1547 4766
2 1547 2373
2 1547 4760
2 1547 2374
2 1547 4772
2 1548 1607
2 1548 2511
2 1548 4820
2 1548 1551
2 1548 4813
2 1548 1604
2 1548 2499
2 1548 1616
2 1548 2520
2 1549 4923
2 1549 1568
2 1549 1571
2 1549 4930
2 1549 2626
2 1549 2637
2 1549 1572
2 1540 1549
2 1550 2374
2 1550 4760
2 1550 2366
2 1550 2373
2 1550 1555
2 1550 2367
2 1551 2511
2 1551 1604
2 1551 1607
2 1551 2520
2 1551 4820
2 1551 4813
2 1551 2499
2 1551 4844
2 1552 2656
2 1552 1573
2 1552 4964
2 1552 2655
2 1552 4958
2 1552 1575
2 1552 4954
2 1552 1556
2 1552 4970
2 1553 1634
2 1553 4950
2 1553 2595
2 1553 1630
2 1553 2605
2 1553 2604
2 1553 4959
2 1553 4938
2 1553 4965
2 1554 2401
2 1554 4796
2 1554 1558
2 1554 2399
2 1554 4790
2 1554 4804
2 1554 2391
2 1555 2367
2 1555 2366
2 1555 4752
2 1555 4745
2 1555 2374
2 1555 1559
2 1555 4760
2 1556 2645
2 1556 1567
2 1556 4954
2 1556 4949
2 1556 2646
2 1556 4958
2 1556 1560
2 1556 1562
2 1557 4937
2 1557 2637
2 1557 2636
2 1557 1563
2 1557 4945
2 1557 4930
2 1557 1568
2 1557 1560
2 1557 1562
2 1558 2399
2 1558 4804
2 1558 2401
2 1558 1561
2 1558 4796
2 1559 4740
2 1559 4745
2 1559 2359
2 1559 2367
2 1559 4752
2 1559 2360
2 1559 4735
2 1560 2646
2 1560 1562
2 1560 4949
2 1560 2645
2 1560 1563
2 1560 4945
2 1560 1567
2 1560 2636
2 1561 4804
2 1561 2412
2 1561 1565
2 1561 4810
2 1561 2399
2 1561 2411
2 1562 4949
2 1562 2646
2 1562 1567
2 1562 4945
2 1562 2645
2 1562 1563
2 1562 4954
2 1563 2636
2 1563 4945
2 1563 4937
2 1563 2646
2 1563 2637
2 1563 4949
2 1564 2349
2 1564 2352
2 1564 2360
2 1564 4735
2 1564 4728
2 1564 2359
2 1564 4740
2 1565 4810
2 1565 2412
2 1565 2411
2 1565 4816
2 1565 4804
2 1565 2419
2 1566 2326
2 1566 2318
2 1566 4722
2 1566 2336
2 1566 4746
2 1566 2311
2 1566 4767
2 1566 2297
2 1566 4698
2 1567 4949
2 1567 4954
2 1567 2645
2 1567 2646
2 1567 4958
2 1567 4945
2 1568 4930
2 1568 2637
2 1568 1571
2 1568 4923
2 1568 2626
2 1568 4937
2 1569 4917
2 1569 1612
2 1569 2576
2 1569 4911
2 1569 4906
2 1569 4924
2 1569 2565
2 1569 1574
2 1569 2566
2 1570 2344
2 1570 4728
2 1570 2352
2 1570 4721
2 1570 2349
2 1564 1570
2 1571 2626
2 1571 4923
2 1571 1572
2 1571 4930
2 1571 4916
2 1572 4916
2 1572 2626
2 1572 4910
2 1572 1578
2 1572 4923
2 1572 4905
2 1573 2656
2 1573 4958
2 1573 4964
2 1573 1575
2 1573 4954
2 1573 2655
2 1573 4970
2 1556 1573
2 1574 2566
2 1574 2565
2 1574 4906
2 1574 4898
2 1574 1581
2 1574 4911
2 1574 2557
2 1574 1612
2 1575 4964
2 1575 4970
2 1575 2655
2 1575 2656
2 1575 1577
2 1575 2667
2 1576 2337
2 1576 4713
2 1576 1585
2 1576 4721
2 1576 4706
2 1482 1576
2 1576 2344
2 1577 4979
2 1577 4970
2 1577 2667
2 1577 1580
2 1577 2665
2 1577 4964
2 1577 2655
2 1578 4905
2 1578 4910
2 1578 4916
2 1578 4897
2 1544 1578
2 1578 2626
2 1579 4834
2 1579 2423
2 1579 1582
2 1579 2422
2 1579 4829
2 1579 4839
2 1503 1579
2 1579 1584
2 1580 4979
2 1580 1583
2 1580 2665
2 1580 4984
2 1580 2667
2 1580 4970
2 1581 4898
2 1581 2557
2 1581 2566
2 1581 2558
2 1581 2565
2 1581 4906
2 1581 1587
2 1581 4911
2 1582 4839
2 1582 4834
2 1582 1584
2 1582 2434
2 1582 2422
2 1582 2423
2 1582 4847
2 1583 4984
2 1583 2683
2 1583 2665
2 1583 4979
2 1583 4989
2 1546 1583
2 1584 4839
2 1584 2434
2 1584 4847
2 1584 2431
2 1584 4834
2 1585 4706
2 1585 2337
2 1585 4713
2 1585 1586
2 1585 2327
2 1586 2327
2 1586 4706
2 1586 2330
2 1586 4713
2 1586 2337
2 1586 4697
2 1587 4882
2 1587 2558
2 1587 2545
2 1587 2557
2 1587 4898
2 1587 2535
2 1587 2566
2 1587 4864
2 1588 2607
2 1588 4891
2 1588 4897
2 1588 2608
2 1588 4888
2 1588 4905
2 1578 1588
2 1589 2599
2 1589 2596
2 1589 4881
2 1589 4877
2 1589 4871
2 1589 2585
2 1500 1589
2 1590 1592
2 1590 4678
2 1590 4698
2 1590 2278
2 1590 2297
2 1590 4670
2 1590 2280
2 1590 4663
2 1591 4857
2 1591 2526
2 1591 4851
2 1591 2535
2 1591 4864
2 1591 2528
2 1591 4844
2 1591 2545
2 1591 2520
2 1592 4678
2 1592 2278
2 1592 4670
2 1592 2280
2 1592 4663
2 1592 4698
2 1592 2297
2 1593 1598
2 1593 4847
2 1593 2431
2 1593 4859
2 1593 2442
2 1584 1593
2 1593 2434
2 1594 2587
2 1594 4863
2 1594 2585
2 1594 4871
2 1594 4862
2 1594 1597
2 1594 4856
2 1595 4677
2 1595 2312
2 1595 2298
2 1595 1599
2 1595 4683
2 1596 4995
2 1596 2687
2 1596 1600
2 1596 4999
2 1596 2679
2 1596 2686
2 1596 4989
2 1597 2577
2 1597 4856
2 1597 1601
2 1597 4862
2 1597 2579
2 1597 4850
2 1597 2587
2 1597 4863
2 1598 4859
2 1598 2442
2 1598 2441
2 1598 4868
2 1598 4847
2 1598 2431
2 1599 2298
2 1599 2301
2 1599 4662
2 1599 2291
2 1599 4677
2 1599 4656
2 1600 4999
2 1600 2686
2 1600 2687
2 1600 1603
2 1600 4995
2 1600 5005
2 1601 2579
2 1601 4850
2 1601 2577
2 1601 4856
2 1601 1602
2 1601 4843
2 1601 4862
2 1601 2567
2 1602 4843
2 1602 2567
2 1602 2579
2 1602 1605
2 1602 4850
2 1602 2568
2 1602 2577
2 1602 4836
2 1603 4999
2 1603 5005
2 1603 2686
2 1603 2700
2 1603 2687
2 1604 2520
2 1604 2511
2 1604 4844
2 1604 1607
2 1604 2528
2 1604 4820
2 1604 4851
2 1605 2568
2 1605 2567
2 1605 4843
2 1605 4836
2 1605 2579
2 1605 4832
2 1605 4850
2 1606 2293
2 1606 4650
2 1606 2291
2 1606 4647
2 1606 4656
2 1606 1610
2 1606 2287
2 1607 4820
2 1607 2511
2 1607 4813
2 1607 2499
2 1607 1616
2 1607 4807
2 1608 5009
2 1608 2700
2 1608 5005
2 1608 2699
2 1603 1608
2 1608 2714
2 1609 4879
2 1609 2454
2 1609 2456
2 1609 4885
2 1609 1615
2 1609 4874
2 1492 1609
2 1610 4647
2 1610 2287
2 1610 1614
2 1610 4641
2 1610 2293
2 1611 2259
2 1611 4642
2 1611 4663
2 1611 2251
2 1611 4627
2 1611 2280
2 1611 4670
2 1611 2278
2 1612 4917
2 1612 2576
2 1612 4924
2 1612 4911
2 1612 4906
2 1612 2565
2 1612 4931
2 1613 2560
2 1613 4832
2 1613 4826
2 1613 4836
2 1613 2568
2 1613 4819
2 1613 2546
2 1605 1613
2 1614 2287
2 1614 4641
2 1614 2281
2 1614 4647
2 1614 1618
2 1615 4885
2 1615 4879
2 1615 2454
2 1615 2461
2 1615 2456
2 1615 2459
2 1616 2499
2 1616 4813
2 1616 4807
2 1616 1620
2 1616 4820
2 1616 2489
2 1617 2714
2 1617 5019
2 1617 2713
2 1617 5026
2 1617 1619
2 1617 2712
2 1618 2283
2 1618 2281
2 1618 4634
2 1618 4641
2 1618 2287
2 1619 5026
2 1619 2713
2 1619 5019
2 1619 2712
2 1619 2714
2 1620 4807
2 1620 2489
2 1620 2499
2 1620 4813
2 1620 4820
2 1620 2482
2 1607 1620
2 1621 2547
2 1621 1622
2 1621 2538
2 1621 2546
2 1621 4819
2 1621 4802
2 1621 2539
2 1622 2538
2 1622 4802
2 1622 2539
2 1622 1624
2 1622 2547
2 1622 1626
2 1623 2270
2 1623 4611
2 1623 2269
2 1623 2260
2 1623 4621
2 1623 1629
2 1397 1623
2 1623 4604
2 1624 2539
2 1624 4802
2 1624 2538
2 1624 1626
2 1624 4799
2 1624 2531
2 1625 5035
2 1625 2732
2 1625 1631
2 1625 5042
2 1625 2712
2 1619 1625
2 1625 5047
2 1626 4799
2 1626 2531
2 1626 4793
2 1626 2532
2 1626 2539
2 1626 4802
2 1627 2469
2 1627 2468
2 1627 1633
2 1627 1637
2 1627 4913
2 1627 4895
2 1627 2459
2 1628 4787
2 1628 1632
2 1628 2473
2 1628 2482
2 1628 4777
2 1628 1638
2 1628 2489
2 1629 2263
2 1629 2260
2 1629 4604
2 1629 1635
2 1629 4611
2 1629 2252
2 1390 1629
2 1630 1634
2 1630 4950
2 1630 2595
2 1630 4938
2 1630 2605
2 1630 4959
2 1630 2604
2 1630 2584
2 1631 5042
2 1631 5035
2 1631 2732
2 1631 5047
2 1631 1639
2 1502 1631
2 1509 1631
2 1632 2473
2 1632 4777
2 1632 1638
2 1632 4787
2 1632 1645
2 1632 2462
2 1633 1637
2 1633 4913
2 1633 2468
2 1633 2469
2 1633 2480
2 1633 4920
2 1634 4950
2 1634 2595
2 1634 2605
2 1634 4959
2 1634 2604
2 1634 4938
2 1634 4965
2 1635 2252
2 1635 2256
2 1635 2263
2 1635 4595
2 1635 1642
2 1636 2522
2 1636 4786
2 1636 2532
2 1636 4776
2 1636 4793
2 1636 2514
2 1636 2531
2 1432 1636
2 1637 4913
2 1637 2480
2 1637 4920
2 1637 2468
2 1637 2477
2 1637 1641
2 1638 1645
2 1638 2473
2 1638 2462
2 1638 4777
2 1638 4756
2 1638 1649
2 1639 5047
2 1639 5053
2 1639 1640
2 1639 2744
2 1639 5042
2 1639 1644
2 1640 5053
2 1640 2744
2 1640 5047
2 1640 1644
2 1640 5058
2 1640 1648
2 1641 2477
2 1641 4920
2 1641 4927
2 1641 2480
2 1641 4913
2 1641 2488
2 1642 2256
2 1642 4595
2 1642 2252
2 1390 1642
2 1642 2246
2 1393 1642
2 1643 4599
2 1643 4605
2 1643 2238
2 1643 4580
2 1643 2245
2 1643 2220
2 1481 1643
2 1644 5058
2 1644 1648
2 1644 2744
2 1644 5053
2 1644 5065
2 1645 2462
2 1645 4756
2 1645 1649
2 1645 2473
2 1645 4777
2 1645 4750
2 1646 2246
2 1646 4585
2 1646 2247
2 1646 1651
2 1646 4579
2 1646 2239
2 1642 1646
2 1385 1646
2 1647 4763
2 1647 2515
2 1647 1652
2 1647 2500
2 1647 4769
2 1647 4755
2 1647 2514
2 1648 5058
2 1648 5065
2 1648 1653
2 1648 2756
2 1648 2744
2 1648 5070
2 1649 4750
2 1649 4756
2 1649 2462
2 1649 2473
2 1649 4777
2 1632 1649
2 1650 4934
2 1650 2488
2 1650 2487
2 1650 4941
2 1650 4927
2 1641 1650
2 1650 4946
2 1651 4579
2 1651 2247
2 1651 2239
2 1651 4585
2 1651 1654
2 1651 2246
2 1652 2500
2 1652 4755
2 1652 4763
2 1652 2502
2 1652 1656
2 1652 2515
2 1653 5065
2 1653 2756
2 1653 5070
2 1653 1655
2 1653 5058
2 1653 2769
2 1653 1657
2 1654 2239
2 1654 4579
2 1654 4568
2 1654 2247
2 1654 2230
2 1654 4585
2 1655 5070
2 1655 1657
2 1655 2769
2 1655 5065
2 1655 2756
2 1655 5079
2 1656 2502
2 1656 4749
2 1656 2500
2 1656 1658
2 1656 4755
2 1656 4743
2 1657 2769
2 1657 5079
2 1657 1660
2 1657 2767
2 1657 5070
2 1657 1665
2 1658 4743
2 1658 4749
2 1658 1661
2 1658 2502
2 1658 2490
2 1659 2231
2 1659 2230
2 1659 4561
2 1659 4568
2 1659 2226
2 1659 4553
2 1659 1670
2 1355 1659
2 1660 5079
2 1660 1665
2 1660 5084
2 1660 2767
2 1660 2769
2 1660 1669
2 1660 2778
2 1661 2490
2 1661 4738
2 1661 4743
2 1661 1668
2 1661 2483
2 1662 2436
2 1662 1672
2 1662 2425
2 1662 1675
2 1662 4750
2 1662 4710
2 1649 1662
2 1663 1666
2 1663 4853
2 1663 2406
2 1663 2408
2 1663 4840
2 1663 2398
2 1663 2430
2 1516 1663
2 1478 1663
2 1664 4952
2 1664 4955
2 1664 1667
2 1664 2495
2 1664 4946
2 1664 2496
2 1664 4961
2 1665 5084
2 1665 1669
2 1665 5079
2 1665 2778
2 1665 2767
2 1666 2406
2 1666 4853
2 1666 2408
2 1666 4840
2 1666 2398
2 1666 2430
2 1516 1666
2 1667 4955
2 1667 4961
2 1667 4952
2 1667 2509
2 1667 2495
2 1667 2508
2 1667 2496
2 1668 2483
2 1668 4738
2 1668 4730
2 1668 2490
2 1668 4743
2 1411 1668
2 1669 2778
2 1669 5084
2 1669 2776
2 1669 5091
2 1669 5079
2 1489 1669
2 1670 2228
2 1670 2226
2 1670 4553
2 1670 4546
2 1670 4539
2 1670 4561
2 1345 1670
2 1671 2209
2 1671 2197
2 1671 4547
2 1671 2200
2 1671 4540
2 1671 2220
2 1671 2190
2 1672 2436
2 1672 2425
2 1672 1675
2 1672 4710
2 1672 2420
2 1455 1672
2 1672 1680
2 1673 2631
2 1673 5000
2 1673 1678
2 1673 5010
2 1673 2633
2 1673 2643
2 1673 5020
2 1674 4725
2 1674 4718
2 1674 4730
2 1674 2483
2 1674 1677
2 1668 1674
2 1674 4716
2 1380 1674
2 1675 2425
2 1675 4710
2 1675 2420
2 1675 2436
2 1675 1680
2 1675 4701
2 1676 4532
2 1676 2222
2 1676 4539
2 1676 2218
2 1350 1676
2 1676 4546
2 1676 4525
2 1677 4716
2 1677 2464
2 1677 4718
2 1677 4709
2 1677 4725
2 1677 1682
2 1678 5010
2 1678 2643
2 1678 2631
2 1678 5000
2 1678 5020
2 1678 2633
2 1679 5104
2 1679 2794
2 1679 2796
2 1679 5098
2 1679 1683
2 1679 5111
2 1679 2798
2 1680 2420
2 1680 4701
2 1680 2414
2 1680 4710
2 1680 1684
2 1680 2425
2 1681 2214
2 1681 2212
2 1681 4518
2 1681 1685
2 1681 4507
2 1681 2202
2 1682 2457
2 1682 4709
2 1682 1686
2 1682 2464
2 1682 1689
2 1682 4716
2 1683 5111
2 1683 1687
2 1683 5117
2 1683 5104
2 1683 2794
2 1683 2812
2 1684 2414
2 1684 1688
2 1684 2402
2 1684 4701
2 1684 4681
2 1684 2420
2 1685 2202
2 1685 4507
2 1685 2214
2 1685 4501
2 1685 2203
2 1685 2212
2 1686 2457
2 1686 1689
2 1686 2444
2 1686 4690
2 1686 4709
2 1687 5117
2 1687 2812
2 1687 5111
2 1687 1691
2 1687 2811
2 1687 5123
2 1688 2402
2 1688 4681
2 1688 2414
2 1688 2394
2 1688 4674
2 1688 1694
2 1688 4701
2 1689 2444
2 1689 4690
2 1689 2457
2 1689 2445
2 1362 1689
2 1690 2193
2 1690 2191
2 1690 4492
2 1690 4486
2 1690 1696
2 1690 4500
2 1690 2203
2 1691 5123
2 1691 2811
2 1691 5117
2 1691 2812
2 1691 5130
2 1691 1699
2 1692 4992
2 1692 2523
2 1692 4991
2 1692 1698
2 1692 2525
2 1692 1700
2 1692 2534
2 1693 2445
2 1693 4684
2 1693 2439
2 1693 4690
2 1693 4680
2 1693 2444
2 1694 4674
2 1694 2394
2 1694 4667
2 1694 4681
2 1694 2384
2 1694 2402
2 1694 4659
2 1695 2653
2 1695 5020
2 1695 2662
2 1695 2643
2 1695 5048
2 1695 5010
2 1678 1695
2 1696 2185
2 1696 1701
2 1696 4486
2 1696 4479
2 1696 2193
2 1697 4680
2 1697 2439
2 1697 2426
2 1697 4673
2 1693 1697
2 1698 1700
2 1698 2534
2 1698 4992
2 1698 5003
2 1698 1706
2 1698 2523
2 1699 5133
2 1699 5130
2 1699 1703
2 1699 2828
2 1699 2827
2 1699 5140
2 1699 5123
2 1700 2534
2 1700 5003
2 1700 1706
2 1700 4992
2 1701 2185
2 1701 4479
2 1701 4472
2 1701 1704
2 1701 4486
2 1295 1701
2 1702 4480
2 1702 2159
2 1702 2168
2 1702 2154
2 1702 4493
2 1702 2178
2 1702 2145
2 1359 1702
2 1703 5133
2 1703 2827
2 1703 5140
2 1703 2828
2 1703 5130
2 1703 5147
2 1464 1703
2 1704 4472
2 1704 2180
2 1704 1705
2 1704 2185
2 1704 4467
2 1704 4479
2 1705 2180
2 1705 2181
2 1705 4467
2 1705 1708
2 1705 4472
2 1705 4461
2 1706 5003
2 1706 2534
2 1706 5007
2 1706 1711
2 1706 2544
2 1707 4666
2 1707 2428
2 1707 1709
2 1707 4658
2 1707 4673
2 1707 2426
2 1708 2181
2 1708 4461
2 1708 2169
2 1708 1710
2 1708 4467
2 1708 2180
2 1709 4658
2 1709 4653
2 1709 4666
2 1709 2428
2 1709 2415
2 1710 2169
2 1710 2171
2 1710 4461
2 1710 4451
2 1710 1712
2 1710 2181
2 1711 5007
2 1711 1714
2 1711 2544
2 1711 5003
2 1711 2541
2 1711 2534
2 1711 1717
2 1712 2171
2 1712 4451
2 1712 2163
2 1712 4450
2 1712 2169
2 1712 2164
2 1713 2145
2 1713 2138
2 1713 4438
2 1713 2154
2 1713 2159
2 1714 2544
2 1714 1717
2 1714 5007
2 1714 2541
2 1714 5016
2 1714 2540
2 1715 2845
2 1715 5152
2 1715 2842
2 1715 5147
2 1715 1718
2 1715 2841
2 1716 4928
2 1716 2450
2 1716 4947
2 1716 2440
2 1716 4902
2 1716 2465
2 1717 5016
2 1717 2541
2 1717 2540
2 1717 1720
2 1717 5023
2 1717 2544
2 1401 1717
2 1718 5152
2 1718 5156
2 1718 2841
2 1718 2842
2 1718 2845
2 1719 2415
2 1719 4644
2 1719 1721
2 1719 2404
2 1719 4653
2 1719 4637
2 1720 5023
2 1720 5016
2 1720 5028
2 1720 1724
2 1720 2540
2 1720 2555
2 1721 2404
2 1721 4637
2 1721 2405
2 1721 4644
2 1721 1723
2 1721 2415
2 1722 2354
2 1722 2346
2 1722 2362
2 1722 4638
2 1722 2339
2 1722 2376
2 1722 2331
2 1723 2405
2 1723 4637
2 1723 4630
2 1723 2404
2 1723 2395
2 1723 4644
2 1719 1723
2 1724 2555
2 1724 5028
2 1724 5023
2 1724 2554
2 1724 5031
2 1724 2540
2 1725 2156
2 1725 4437
2 1725 2147
2 1725 4430
2 1725 2155
2 1725 4424
2 1726 4618
2 1726 2387
2 1726 2395
2 1726 1728
2 1726 2388
2 1726 4614
2 1726 4630
2 1727 2859
2 1727 5169
2 1727 1730
2 1727 2858
2 1727 5156
2 1727 5175
2 1727 2857
2 1728 2388
2 1728 4614
2 1728 2387
2 1728 4618
2 1293 1728
2 1729 4412
2 1729 2141
2 1729 4418
2 1729 2139
2 1729 1731
2 1729 4411
2 1730 5169
2 1730 2858
2 1730 5175
2 1730 2859
2 1730 1734
2 1730 2857
2 1436 1730
2 1731 2141
2 1731 4411
2 1731 4412
2 1731 4418
2 1731 1735
2 1731 2130
2 1732 2377
2 1732 4602
2 1732 2370
2 1732 4608
2 1732 4614
2 1733 2331
2 1733 2322
2 1733 2339
2 1733 4576
2 1733 2314
2 1733 2346
2 1733 4571
2 1734 5175
2 1734 1737
2 1734 5180
2 1734 5169
2 1734 2857
2 1734 2876
2 1735 2130
2 1735 4405
2 1735 4397
2 1735 4411
2 1735 2141
2 1735 4412
2 1735 2123
2 1736 5038
2 1736 5044
2 1736 2563
2 1736 1740
2 1736 2562
2 1736 5031
2 1736 5050
2 1737 5180
2 1737 2876
2 1737 5175
2 1737 2857
2 1737 2873
2 1737 5185
2 1738 2123
2 1738 4391
2 1738 4386
2 1738 2119
2 1738 1741
2 1738 4397
2 1738 2130
2 1739 4588
2 1739 4592
2 1739 2355
2 1739 4582
2 1739 2370
2 1739 4602
2 1740 5044
2 1740 2562
2 1740 2563
2 1740 5050
2 1740 1745
2 1740 5038
2 1741 2119
2 1741 4386
2 1741 4379
2 1741 4391
2 1741 2123
2 1742 2695
2 1742 2698
2 1742 5085
2 1742 2711
2 1742 1751
2 1742 2709
2 1742 1754
2 1743 2110
2 1743 4373
2 1743 2111
2 1743 1746
2 1743 4368
2 1743 4379
2 1743 2100
2 1744 2347
2 1744 1747
2 1744 2341
2 1744 4582
2 1744 2355
2 1744 2342
2 1744 4588
2 1275 1744
2 1745 5050
2 1745 5056
2 1745 1749
2 1745 5044
2 1745 2562
2 1745 2573
2 1391 1745
2 1746 2111
2 1746 4368
2 1746 4373
2 1746 2110
2 1746 2100
2 1747 2341
2 1747 2347
2 1747 2342
2 1747 1752
2 1253 1747
2 1747 4582
2 1747 4556
2 1748 2294
2 1748 4550
2 1748 1753
2 1748 4557
2 1748 2302
2 1748 4564
2 1749 5056
2 1749 2573
2 1749 5050
2 1749 2569
2 1749 5061
2 1740 1749
2 1749 2562
2 1750 2091
2 1750 2101
2 1750 4363
2 1750 2092
2 1750 4356
2 1750 1755
2 1750 2100
2 1751 5085
2 1751 2711
2 1751 2709
2 1751 1754
2 1751 2695
2 1752 2333
2 1752 4556
2 1752 2342
2 1752 2334
2 1752 4549
2 1752 2341
2 1753 2294
2 1753 4550
2 1753 4529
2 1753 4557
2 1754 2709
2 1754 2711
2 1754 5085
2 1754 2729
2 1754 5112
2 1755 2092
2 1755 4356
2 1755 1756
2 1755 4349
2 1755 2091
2 1755 2083
2 1755 4345
2 1756 4349
2 1756 4345
2 1756 2083
2 1756 2084
2 1756 2092
2 1756 4356
2 1202 1756
2 1756 4339
2 1757 4522
2 1757 2284
2 1757 4529
2 1757 2273
2 1313 1757
2 1753 1757
2 1318 1757
2 1757 1768
2 1758 2079
2 1758 4339
2 1758 2084
2 1758 2083
2 1758 4345
2 1758 4333
2 1758 1761
2 1758 4324
2 1759 1760
2 1759 4536
2 1759 4528
2 1759 2315
2 1759 2324
2 1759 1762
2 1759 4521
2 1760 2315
2 1760 4528
2 1760 1762
2 1760 4521
2 1760 4536
2 1760 4515
2 1761 4324
2 1761 2074
2 1761 4333
2 1761 4323
2 1761 1765
2 1761 2079
2 1761 4315
2 1762 2315
2 1762 4521
2 1762 4515
2 1762 1767
2 1762 4528
2 1762 2306
2 1763 5208
2 1763 2906
2 1763 5213
2 1763 1766
2 1763 2905
2 1763 5203
2 1763 1770
2 1764 5072
2 1764 5076
2 1764 5068
2 1764 2580
2 1764 2594
2 1764 1772
2 1764 2582
2 1764 5081
2 1765 2074
2 1765 4315
2 1765 1769
2 1765 4323
2 1765 4324
2 1765 2065
2 1766 5213
2 1766 2905
2 1766 2906
2 1766 5208
2 1766 1770
2 1766 5203
2 1767 2306
2 1767 4515
2 1767 2307
2 1767 4521
2 1767 4510
2 1767 2315
2 1222 1767
2 1768 4497
2 1768 2273
2 1768 4490
2 1768 1774
2 1279 1768
2 1768 1778
2 1768 4522
2 1769 4315
2 1769 2065
2 1769 2074
2 1769 2067
2 1769 4310
2 1769 1771
2 1770 5213
2 1770 2905
2 1770 2906
2 1770 5224
2 1770 5208
2 1771 2067
2 1771 4310
2 1771 2065
2 1771 2059
2 1771 1777
2 1771 4315
2 1772 5081
2 1772 2594
2 1772 1776
2 1772 2592
2 1772 5076
2 1772 5088
2 1367 1772
2 1773 4504
2 1773 2296
2 1773 2307
2 1773 4510
2 1773 4496
2 1773 2306
2 1774 1778
2 1774 4490
2 1774 4476
2 1774 2249
2 1774 4497
2 1775 2493
2 1775 2485
2 1775 2505
2 1775 4986
2 1775 2504
2 1775 4981
2 1775 2474
2 1775 4976
2 1776 5088
2 1776 2592
2 1776 5081
2 1776 2594
2 1776 2602
2 1777 2059
2 1777 2060
2 1777 2067
2 1777 1781
2 1777 4298
2 1777 4310
2 1778 4476
2 1778 2249
2 1778 4470
2 1778 4490
2 1778 4464
2 1779 2741
2 1779 2740
2 1779 1783
2 1779 5112
2 1779 2755
2 1779 5148
2 1779 1787
2 1445 1779
2 1780 5224
2 1780 5230
2 1780 2922
2 1780 2923
2 1780 1782
2 1780 5234
2 1770 1780
2 1780 1784
2 1781 2060
2 1781 4298
2 1781 4292
2 1781 2054
2 1781 1786
2 1781 2059
2 1782 5234
2 1782 5230
2 1782 1784
2 1782 2922
2 1782 5240
2 1782 2944
2 1782 5224
2 1782 2923
2 1783 5148
2 1783 2755
2 1783 1787
2 1783 2740
2 1783 2741
2 1783 1793
2 1784 5240
2 1784 2944
2 1784 5234
2 1784 2943
2 1784 5246
2 1784 5230
2 1784 2942
2 1785 2289
2 1785 4483
2 1785 2290
2 1785 4489
2 1785 1788
2 1785 2286
2 1785 4496
2 1216 1785
2 1785 4475
2 1786 2054
2 1786 2055
2 1786 4292
2 1786 1790
2 1786 4285
2 1786 4298
2 1787 5148
2 1787 2755
2 1787 1793
2 1787 5157
2 1787 2766
2 1787 1800
2 1787 2740
2 1788 2286
2 1788 2290
2 1788 4483
2 1788 4475
2 1788 2289
2 1788 4489
2 1788 1794
2 1788 2277
2 1789 5107
2 1789 2614
2 1789 5120
2 1789 1797
2 1789 2612
2 1789 5102
2 1790 4285
2 1790 2055
2 1790 2050
2 1790 1791
2 1790 4279
2 1790 2054
2 1791 2050
2 1791 4279
2 1791 1795
2 1791 4285
2 1791 4272
2 1792 5254
2 1792 5246
2 1792 2942
2 1792 2943
2 1792 2957
2 1792 2944
2 1793 5157
2 1793 2766
2 1793 1800
2 1793 5164
2 1793 1809
2 1793 5148
2 1794 2277
2 1794 4469
2 1794 1798
2 1794 4475
2 1794 2286
2 1794 4458
2 1794 2264
2 1794 2290
2 1795 2050
2 1795 4272
2 1795 2047
2 1795 1799
2 1795 4279
2 1795 4266
2 1796 1805
2 1796 5039
2 1796 2504
2 1796 5045
2 1796 1816
2 1796 2505
2 1796 2533
2 1797 5120
2 1797 1802
2 1797 5127
2 1797 2612
2 1797 2614
2 1797 1806
2 1798 2277
2 1798 4458
2 1798 4469
2 1798 2264
2 1798 1807
2 1798 4475
2 1798 4454
2 1799 2047
2 1799 4266
2 1799 4272
2 1799 1803
2 1799 2041
2 1799 4260
2 1800 5164
2 1800 5157
2 1800 2766
2 1800 1809
2 1800 5170
2 1800 2774
2 1800 1814
2 1801 4447
2 1801 4433
2 1801 2223
2 1801 1815
2 1801 2243
2 1801 4464
2 1801 4470
2 1801 2249
2 1271 1801
2 1802 5127
2 1802 1806
2 1802 5120
2 1802 2612
2 1802 2623
2 1802 1812
2 1803 4260
2 1803 2041
2 1803 4266
2 1803 2047
2 1803 2043
2 1803 1808
2 1804 5263
2 1804 2956
2 1804 1810
2 1804 2957
2 1804 5266
2 1804 5254
2 1805 5039
2 1805 5045
2 1805 1816
2 1805 2533
2 1805 2504
2 1806 2623
2 1806 5127
2 1806 1812
2 1806 5136
2 1806 2622
2 1806 5120
2 1807 2264
2 1807 2266
2 1807 4454
2 1807 4458
2 1807 1811
2 1807 4446
2 1807 2257
2 1808 2043
2 1808 4252
2 1808 4260
2 1808 2033
2 1808 2041
2 1809 5170
2 1809 2774
2 1809 1814
2 1809 5164
2 1809 5176
2 1809 1820
2 1809 2766
2 1810 5263
2 1810 5266
2 1810 2956
2 1810 2974
2 1810 1821
2 1810 2957
2 1811 2266
2 1811 4446
2 1811 2257
2 1811 4454
2 1811 2264
2 1811 4441
2 1812 5136
2 1812 1817
2 1812 2622
2 1812 2623
2 1812 1822
2 1812 5143
2 1813 4253
2 1813 2019
2 1813 4261
2 1813 2025
2 1813 2010
2 1813 4228
2 1813 1824
2 1813 2003
2 1814 5176
2 1814 5170
2 1814 1820
2 1814 2774
2 1814 5164
2 1814 2793
2 1815 2223
2 1815 4433
2 1815 4447
2 1815 4402
2 1815 2205
2 1815 2243
2 1815 4464
2 1816 5045
2 1816 5039
2 1816 2533
2 1816 1830
2 1817 5136
2 1817 2622
2 1817 1822
2 1817 5143
2 1817 2623
2 1806 1817
2 1818 4441
2 1818 2250
2 1818 2257
2 1818 4446
2 1818 1823
2 1818 4427
2 1811 1818
2 1819 2028
2 1819 4235
2 1819 4239
2 1819 2021
2 1819 2027
2 1819 4227
2 1820 5176
2 1820 2793
2 1820 5170
2 1820 2774
2 1820 2791
2 1438 1820
2 1820 5164
2 1821 2974
2 1821 5266
2 1821 2973
2 1821 1825
2 1821 2972
2 1821 5274
2 1822 5143
2 1822 5136
2 1822 2622
2 1822 2630
2 1822 1831
2 1823 4427
2 1823 2244
2 1823 2250
2 1823 4421
2 1823 4415
2 1824 2003
2 1824 4228
2 1824 2010
2 1824 1997
2 1824 4198
2 1824 4253
2 1824 2019
2 1172 1824
2 1825 2973
2 1825 5274
2 1825 2972
2 1825 2974
2 1825 5266
2 1825 5279
2 1825 2985
2 1826 2017
2 1826 2016
2 1826 4220
2 1826 4214
2 1826 4209
2 1827 2234
2 1827 4401
2 1827 4415
2 1827 2229
2 1827 1828
2 1827 4421
2 1828 2229
2 1828 4394
2 1828 1829
2 1828 4401
2 1828 2225
2 1829 2225
2 1829 4382
2 1829 4394
2 1829 2229
2 1829 2219
2 1830 2533
2 1830 1840
2 1830 5045
2 1830 5039
2 1805 1830
2 1399 1830
2 1831 2630
2 1831 1836
2 1831 2627
2 1831 5160
2 1831 1841
2 1831 5143
2 1832 2006
2 1832 4197
2 1832 2005
2 1832 4203
2 1832 4195
2 1832 2001
2 1832 4204
2 1833 2219
2 1833 4375
2 1833 4382
2 1833 1839
2 1833 2217
2 1833 2225
2 1829 1833
2 1834 5192
2 1834 1838
2 1834 2791
2 1834 2793
2 1820 1834
2 1834 1850
2 1834 5176
2 1835 4366
2 1835 2172
2 1835 4360
2 1835 2187
2 1835 4376
2 1835 1849
2 1835 4353
2 1836 5160
2 1836 1841
2 1836 2627
2 1836 2630
2 1836 1846
2 1837 1992
2 1837 1988
2 1837 1845
2 1837 4198
2 1837 4181
2 1837 1997
2 1837 1978
2 1837 4176
2 1838 5192
2 1838 2791
2 1838 2793
2 1838 1850
2 1838 5214
2 1820 1838
2 1839 2217
2 1839 4375
2 1839 4371
2 1839 1843
2 1839 2219
2 1133 1839
2 1839 2206
2 1840 2533
2 1840 2551
2 1840 2550
2 1840 5089
2 1816 1840
2 1840 5045
2 1841 5160
2 1841 1846
2 1841 5166
2 1841 2642
2 1841 2627
2 1842 1998
2 1842 4186
2 1842 1844
2 1842 4193
2 1842 4180
2 1842 1995
2 1843 4371
2 1843 2206
2 1843 2217
2 1843 1847
2 1843 4365
2 1844 4186
2 1844 1998
2 1844 4180
2 1844 1995
2 1844 4193
2 1098 1844
2 1845 1988
2 1845 4181
2 1845 1978
2 1845 4176
2 1845 1992
2 1845 1852
2 1845 1975
2 1846 5166
2 1846 2642
2 1846 5160
2 1846 2639
2 1846 5172
2 1847 2206
2 1847 4365
2 1847 2208
2 1847 4371
2 1847 4359
2 1847 2217
2 1848 5286
2 1848 2982
2 1848 5282
2 1848 2983
2 1848 5296
2 1848 2993
2 1849 4353
2 1849 4360
2 1849 2172
2 1849 4366
2 1849 1854
2 1849 2149
2 1849 4330
2 1204 1849
2 1850 5214
2 1850 2826
2 1850 5218
2 1850 1866
2 1850 5192
2 1851 1994
2 1851 4175
2 1851 4170
2 1851 1995
2 1851 4180
2 1851 1989
2 1851 4164
2 1851 1855
2 1852 4176
2 1852 1978
2 1852 1975
2 1852 4181
2 1852 4165
2 1852 1988
2 1837 1852
2 1852 1970
2 1853 2196
2 1853 4352
2 1853 4359
2 1853 2208
2 1128 1853
2 1853 1856
2 1853 4365
2 1854 2149
2 1854 4330
2 1854 4353
2 1854 2132
2 1854 1860
2 1854 4307
2 1854 4360
2 1854 2172
2 1855 1989
2 1855 4164
2 1855 4159
2 1855 4170
2 1855 1980
2 1855 1994
2 1856 2188
2 1856 4342
2 1856 4336
2 1856 4352
2 1856 2196
2 1856 2184
2 1857 5183
2 1857 2652
2 1857 1863
2 1857 2650
2 1857 5187
2 1857 1870
2 1858 1977
2 1858 4150
2 1858 4154
2 1858 1973
2 1858 4147
2 1858 1980
2 1859 2175
2 1859 4329
2 1859 2184
2 1859 4319
2 1859 2177
2 1859 4336
2 1093 1859
2 1860 2132
2 1860 4307
2 1860 1865
2 1860 1873
2 1860 4330
2 1860 2120
2 1860 2149
2 1148 1860
2 1861 4147
2 1861 1973
2 1861 1868
2 1861 4144
2 1861 1972
2 1861 4150
2 1862 5089
2 1862 1869
2 1862 5095
2 1862 2550
2 1862 2551
2 1862 5108
2 1862 5114
2 1862 1883
2 1840 1862
2 1863 5187
2 1863 2650
2 1863 2652
2 1863 1870
2 1863 5183
2 1863 2649
2 1864 2166
2 1864 2177
2 1864 4306
2 1864 2175
2 1864 1872
2 1864 4319
2 1865 1873
2 1865 2120
2 1865 4307
2 1865 2132
2 1865 2115
2 1865 4276
2 1866 5218
2 1866 2838
2 1866 2826
2 1866 2837
2 1866 5214
2 1866 5235
2 1867 5312
2 1867 5306
2 1867 3012
2 1867 3009
2 1867 1875
2 1867 5318
2 1867 2992
2 1868 1972
2 1868 4144
2 1868 1874
2 1868 4140
2 1868 4147
2 1868 1973
2 1869 5095
2 1869 5089
2 1869 2550
2 1869 2551
2 1869 5108
2 1869 5114
2 1869 1883
2 1840 1869
2 1870 5187
2 1870 2649
2 1870 5196
2 1870 2650
2 1870 2660
2 1316 1870
2 1871 1964
2 1871 1970
2 1871 4155
2 1871 1958
2 1871 1956
2 1871 4165
2 1871 4128
2 1871 1975
2 1871 1895
2 1872 4306
2 1872 2158
2 1872 4301
2 1872 2166
2 1082 1872
2 1872 2177
2 1873 2120
2 1873 2115
2 1873 4307
2 1873 4276
2 1873 1882
2 1874 4140
2 1874 1972
2 1874 4144
2 1874 1969
2 1874 4138
2 1861 1874
2 1055 1874
2 1875 5318
2 1875 3009
2 1875 1878
2 1875 5312
2 1875 5323
2 1875 3012
2 1875 5329
2 1876 2151
2 1876 4295
2 1876 2158
2 1876 4301
2 1876 2152
2 1876 1880
2 1876 4289
2 1877 5201
2 1877 2660
2 1877 2659
2 1877 5196
2 1870 1877
2 1877 5206
2 1877 1884
2 1877 5187
2 1878 5323
2 1878 5318
2 1878 5329
2 1878 1881
2 1878 3009
2 1878 5312
2 1878 3028
2 1879 4135
2 1879 1967
2 1879 1885
2 1879 4138
2 1879 1969
2 1879 4132
2 1034 1879
2 1879 4140
2 1880 4289
2 1880 2152
2 1880 2142
2 1880 2151
2 1880 4295
2 1880 4282
2 1881 5329
2 1881 5323
2 1881 1887
2 1881 3028
2 1881 3027
2 1881 1892
2 1881 5318
2 1875 1881
2 1882 4276
2 1882 2104
2 1882 2115
2 1882 2094
2 1882 2120
2 1882 4257
2 1883 5114
2 1883 5108
2 1883 1899
2 1883 5095
2 1883 5137
2 1883 5144
2 1883 5089
2 1884 5206
2 1884 2672
2 1884 5211
2 1884 1890
2 1884 5201
2 1884 2671
2 1885 1967
2 1885 4135
2 1885 4132
2 1885 4138
2 1885 1963
2 1885 1969
2 1886 2133
2 1886 4269
2 1886 2136
2 1886 1889
2 1886 4275
2 1886 2127
2 1886 2144
2 1887 3027
2 1887 1892
2 1887 3028
2 1887 5329
2 1887 1896
2 1887 5323
2 1878 1887
2 1888 1961
2 1888 4127
2 1888 1893
2 1888 4130
2 1888 1960
2 1888 4131
2 1888 4125
2 1888 1963
2 1889 2136
2 1889 4269
2 1889 2127
2 1889 4263
2 1889 2133
2 1889 4275
2 1890 5211
2 1890 2672
2 1890 2671
2 1890 5216
2 1890 1894
2 1890 5206
2 1890 2668
2 1891 2853
2 1891 2856
2 1891 5257
2 1891 5241
2 1891 5235
2 1891 1911
2 1891 2837
2 1892 3027
2 1892 1896
2 1892 3028
2 1892 3042
2 1892 1903
2 1892 5329
2 1893 1960
2 1893 4125
2 1893 4127
2 1893 1961
2 1893 4123
2 1893 4130
2 1894 5216
2 1894 1900
2 1894 5221
2 1894 2671
2 1894 2668
2 1894 5211
2 1894 2672
2 1895 4128
2 1895 1956
2 1895 1958
2 1895 1913
2 1895 1964
2 1895 4118
2 1895 1954
2 1895 4155
2 1896 3042
2 1896 1903
2 1896 3027
2 1896 3041
2 1896 1907
2 1897 2086
2 1897 4243
2 1897 4257
2 1897 2094
2 1897 2076
2 1897 1904
2 1897 4232
2 1898 2122
2 1898 4256
2 1898 1901
2 1898 4249
2 1898 2128
2 1898 4263
2 1058 1898
2 1898 2127
2 1899 5137
2 1899 5144
2 1899 5114
2 1899 2590
2 1899 5108
2 1899 1923
2 1899 5161
2 1899 5095
2 1900 5221
2 1900 5216
2 1900 1906
2 1900 2668
2 1900 5227
2 1900 2685
2 1290 1900
2 1901 4249
2 1901 2122
2 1901 4256
2 1901 4242
2 1901 2116
2 1901 2128
2 1902 5177
2 1902 4121
2 1902 4120
2 1902 1957
2 1902 4123
2 1902 1908
2 1902 4119
2 1903 3042
2 1903 1907
2 1903 3041
2 1903 5352
2 1903 3039
2 1903 5353
2 1904 4232
2 1904 2076
2 1904 1905
2 1904 4224
2 1904 2068
2 1904 4243
2 1904 4217
2 1905 4224
2 1905 2068
2 1905 4232
2 1905 2076
2 1905 4217
2 1905 1915
2 1905 4211
2 1906 5227
2 1906 2685
2 1906 1910
2 1906 5221
2 1906 5232
2 1894 1906
2 1906 5216
2 1907 3041
2 1907 5352
2 1907 3039
2 1907 5353
2 1907 3042
2 1907 1912
2 1907 1916
2 1908 4119
2 1908 5179
2 1908 1955
2 1908 1909
2 1908 4120
2 1908 5177
2 997 1908
2 1909 1955
2 1909 5179
2 1909 5181
2 1909 4119
2 1910 5227
2 1910 2685
2 1910 5232
2 1910 5221
2 1910 5238
2 1900 1910
2 1910 2692
2 1911 1919
2 1911 2887
2 1911 5257
2 1911 5275
2 1911 2885
2 1911 2853
2 1912 5353
2 1912 5352
2 1912 1916
2 1912 5359
2 1912 3039
2 1912 3057
2 1912 3041
2 1913 4118
2 1913 1954
2 1913 1953
2 1913 4128
2 1913 4117
2 1913 1956
2 1914 4231
2 1914 2095
2 1914 2109
2 1914 4223
2 1914 2105
2 1914 4236
2 1026 1914
2 1914 2088
2 1915 4217
2 1915 4211
2 1915 2068
2 1915 4224
2 1915 1918
2 1915 4200
2 1915 4232
2 1904 1915
2 1916 5359
2 1916 3057
2 1916 5353
2 1916 1920
2 1916 3056
2 1916 5364
2 1916 3039
2 1917 2088
2 1917 4216
2 1917 2089
2 1917 4210
2 1917 4223
2 1917 2095
2 1918 4200
2 1918 4211
2 1918 4217
2 1918 2068
2 1918 4224
2 1905 1918
2 1918 4189
2 1918 4232
2 1919 2887
2 1919 5275
2 1919 2885
2 1919 1929
2 1919 1937
2 1920 5364
2 1920 3056
2 1920 5359
2 1920 3057
2 1920 1927
2 1920 5370
2 1912 1920
2 1921 2081
2 1921 2082
2 1921 4205
2 1921 4210
2 1921 1922
2 1921 2089
2 1922 2082
2 1922 4205
2 1922 2077
2 1922 1925
2 1922 2081
2 1923 2590
2 1923 5161
2 1923 5144
2 1923 5167
2 1923 5137
2 1923 2611
2 1883 1923
2 1924 5244
2 1924 2690
2 1924 5238
2 1924 2692
2 1924 1928
2 1924 2689
2 1924 5249
2 1924 5232
2 1925 2077
2 1925 4205
2 1925 1926
2 1925 2082
2 1921 1925
2 1005 1925
2 1926 2071
2 1926 1931
2 1926 2077
2 1926 2062
2 1000 1926
2 1926 1932
2 1927 5370
2 1927 5364
2 1927 1930
2 1927 3056
2 1927 5376
2 1927 5383
2 1927 5359
2 1928 5249
2 1928 2689
2 1928 5244
2 1928 2690
2 1928 2692
2 1928 5238
2 1929 5275
2 1929 2885
2 1929 2887
2 1929 1937
2 1930 5376
2 1930 5370
2 1930 5383
2 1930 1933
2 1930 1938
2 1930 3085
2 1930 5364
2 1931 2071
2 1931 2062
2 1931 1932
2 1931 4188
2 1931 2063
2 1932 4188
2 1932 2062
2 1932 2063
2 1932 2071
2 1932 1934
2 1933 5383
2 1933 5376
2 1933 1938
2 1933 3085
2 1933 5389
2 1933 5370
2 1933 1941
2 1934 2063
2 1934 1936
2 1934 4188
2 1934 4183
2 1934 2057
2 1934 2062
2 1935 4117
2 1935 1953
2 1935 1954
2 1935 4118
2 1935 5055
2 1936 2057
2 1936 4183
2 1936 2063
2 1936 4188
2 1936 2051
2 1937 2901
2 1937 2885
2 1937 5275
2 1937 2921
2 1937 2887
2 1938 5389
2 1938 3085
2 1938 1941
2 1938 5383
2 1938 5395
2 1938 5376
2 1939 5260
2 1939 2706
2 1939 2703
2 1939 1943
2 1939 2707
2 1939 1948
2 1939 5249
2 1940 2051
2 1940 2052
2 1940 4166
2 1940 4171
2 1940 1942
2 1940 2049
2 1941 5395
2 1941 5389
2 1941 1946
2 1941 3085
2 1941 1951
2 1942 4166
2 1942 2049
2 1942 2052
2 1942 4171
2 1942 4160
2 1943 2703
2 1943 1948
2 1943 5260
2 1943 2706
2 1943 5269
2 1943 2724
2 1943 2707
2 1944 1945
2 1944 4142
2 1944 2009
2 1023 1944
2 1944 2024
2 1944 4139
2 1944 2022
2 1945 4142
2 1945 2009
2 1945 4139
2 1014 1945
2 1945 2024
2 1946 5395
2 1946 1951
2 1946 5401
2 1946 5389
2 1946 3116
2 1947 5174
2 1947 4148
2 1947 2032
2 1947 2039
2 1947 1949
2 1947 4145
2 1948 5269
2 1948 2724
2 1948 2703
2 1948 2723
2 1948 5272
2 1948 2706
2 1949 2032
2 1949 4145
2 1949 5174
2 1949 4148
2 1949 5178
2 1949 4141
2 1950 2000
2 1950 4133
2 1950 4136
2 1950 4139
2 1023 1950
2 1950 2009
2 1950 4126
2 1951 5401
2 1951 3116
2 1951 5408
2 1951 5395
2 1951 3115
2 1952 4124
2 1952 4122
2 1952 1991
2 1952 1981
2 1952 4126
2 1952 5151
2 1953 4117
2 1953 1954
2 1953 4118
2 792 1953
2 1954 4118
2 1954 4117
2 373 1954
2 1955 5179
2 1955 5181
2 1955 4119
2 372 1955
2 875 1955
2 1956 4128
2 1956 1958
2 1956 1964
2 1956 1970
2 1956 4155
2 1956 4118
2 1957 4121
2 1957 4123
2 1957 5177
2 1957 4120
2 1957 1960
2 1957 4125
2 1958 4128
2 1958 1964
2 1958 1970
2 1958 4155
2 1913 1958
2 1958 4165
2 1959 5413
2 1959 5408
2 1959 1962
2 1959 3115
2 1959 5419
2 1959 3116
2 1959 3158
2 1960 4125
2 1960 4123
2 1960 4127
2 1960 1961
2 1028 1960
2 1961 4127
2 1961 4130
2 1961 4131
2 1961 1963
2 1961 4125
2 1962 5419
2 1962 5413
2 1962 3158
2 1962 3157
2 1962 5408
2 1962 3115
2 1963 4131
2 1963 4132
2 1963 4130
2 1963 4127
2 1964 1970
2 1964 4155
2 1964 4165
2 1964 4128
2 1964 1975
2 1965 5281
2 1965 2737
2 1965 1971
2 1965 5284
2 1233 1965
2 1965 1976
2 1965 2721
2 1966 2938
2 1966 2935
2 1966 5307
2 1966 2918
2 1966 1982
2 1966 2919
2 1966 1984
2 1967 4135
2 1967 4132
2 1967 4138
2 1967 1969
2 1963 1967
2 1968 3153
2 1968 1974
2 1968 3157
2 1968 5430
2 1968 5419
2 1968 3158
2 1969 4138
2 1969 4140
2 1969 4135
2 1969 1972
2 1038 1969
2 1970 4155
2 1970 4165
2 1970 1975
2 1970 4176
2 1970 1978
2 1970 4181
2 1971 5284
2 1971 1976
2 1971 2737
2 1971 2736
2 1971 5281
2 1971 1979
2 1972 4144
2 1972 4140
2 1972 4147
2 1973 4147
2 1973 4150
2 1973 1977
2 1974 5430
2 1974 5434
2 1974 3153
2 1974 3157
2 1974 5441
2 1975 4176
2 1975 1978
2 1975 4165
2 1975 4181
2 1975 1988
2 1975 4155
2 1976 5284
2 1976 1979
2 1976 2736
2 1976 2734
2 1976 1983
2 1977 4154
2 1977 4150
2 1977 1980
2 1977 4159
2 1978 4176
2 1978 4181
2 1978 1988
2 1978 4165
2 1978 1992
2 1979 1983
2 1979 2734
2 1979 5284
2 1979 2736
2 1979 5299
2 1980 4159
2 1980 4154
2 1980 1989
2 1980 4164
2 1981 4122
2 1981 5151
2 1981 4124
2 1981 1991
2 1981 4126
2 1982 1984
2 1982 2955
2 1982 2935
2 1982 2938
2 1982 5344
2 1982 2002
2 1982 5307
2 1983 5299
2 1983 2753
2 1983 1987
2 1983 2734
2 1983 2750
2 1229 1983
2 1984 2955
2 1984 5344
2 1984 2935
2 1984 2002
2 1984 2938
2 1984 2011
2 1985 5441
2 1985 3186
2 1985 5447
2 1985 1990
2 1985 3184
2 1985 5434
2 1986 2007
2 1986 2014
2 1986 5250
2 1986 2621
2 1986 2647
2 1986 2611
2 1987 5299
2 1987 2750
2 1987 2753
2 1987 5303
2 1987 1993
2 1987 2747
2 1988 4181
2 1988 1992
2 1988 4176
2 1989 4164
2 1989 4170
2 1989 4159
2 1989 1994
2 1990 5447
2 1990 3184
2 1990 3181
2 1990 5441
2 1990 1996
2 1990 3186
2 1991 4124
2 1991 4126
2 1991 4122
2 1991 5151
2 1992 4198
2 1992 1997
2 1992 4181
2 1992 4176
2 1993 5303
2 1993 2747
2 1993 5309
2 1993 1999
2 1993 2750
2 1993 5299
2 1994 4175
2 1994 4170
2 1994 1995
2 1994 4164
2 1994 4180
2 1995 4180
2 1995 4175
2 1995 4186
2 1995 1998
2 1996 3181
2 1996 5447
2 1996 3184
2 1996 3225
2 1996 5462
2 1985 1996
2 1997 4198
2 1997 2003
2 1997 4228
2 1988 1997
2 1845 1997
2 1998 4186
2 1998 4193
2 1998 4180
2 1998 2001
2 1999 5309
2 1999 5315
2 1999 2764
2 1999 2747
2 1999 5303
2 1999 2008
2 1229 1999
2 2000 4133
2 2000 4136
2 2000 4139
2 2000 2009
2 2000 4142
2 2001 4195
2 2001 4193
2 2001 2006
2 2001 4197
2 2002 5344
2 2002 2011
2 2002 2955
2 2002 2023
2 2002 2029
2 2003 4228
2 2003 2010
2 2003 4198
2 1172 2003
2 1992 2003
2 1837 2003
2 2004 5462
2 2004 3225
2 2004 3224
2 2004 2012
2 2004 3222
2 2004 5474
2 2004 2018
2 2005 4204
2 2005 2006
2 2005 4203
2 2005 2013
2 2005 4197
2 2005 4208
2 2006 4197
2 2006 4203
2 2006 4195
2 2006 4204
2 2007 2014
2 2007 5250
2 2007 2647
2 1258 2007
2 2007 2045
2 2007 2621
2 2008 5321
2 2008 2762
2 2008 2761
2 2008 2764
2 2008 2015
2 2008 5315
2 2008 5326
2 2009 4139
2 2009 4142
2 2009 4136
2 2009 4133
2 2010 4228
2 2010 4253
2 2010 2019
2 2010 4261
2 1997 2010
2 2010 2025
2 2011 2023
2 2011 2029
2 2011 5344
2 2011 2955
2 2011 2034
2 2011 5390
2 2012 5474
2 2012 2018
2 2012 3222
2 2012 3224
2 2012 5462
2 2012 3225
2 2013 4204
2 2013 4208
2 2013 4209
2 2013 4203
2 2013 4214
2 2013 2017
2 2014 5250
2 2014 2647
2 2014 2045
2 1245 2014
2 2015 5326
2 2015 2761
2 2015 5321
2 2015 2020
2 2015 2762
2 2015 5332
2 2016 4220
2 2016 2017
2 2016 4227
2 2016 2021
2 2016 4214
2 2017 4214
2 2017 4220
2 2017 4209
2 2018 5474
2 2018 3222
2 2018 5479
2 2018 3224
2 2019 4253
2 2019 4261
2 2019 2025
2 2019 4228
2 2019 4286
2 2020 5332
2 2020 5326
2 2020 2026
2 2020 2773
2 2020 2761
2 2020 5321
2 2021 4227
2 2021 4235
2 2021 4220
2 2021 2028
2 2022 4161
2 2022 2024
2 2022 2030
2 2022 4167
2 2022 4172
2 2023 2029
2 2023 2034
2 2023 5390
2 2023 2037
2 1305 2023
2 2024 4161
2 2024 2030
2 2024 4167
2 2024 4172
2 1057 2024
2 2025 4261
2 2025 4253
2 2025 4286
2 2025 4228
2 2026 5332
2 2026 2773
2 2026 2771
2 2026 5336
2 2026 2770
2 2026 5326
2 2027 4239
2 2027 2028
2 2027 4246
2 2027 2036
2 2027 4235
2 2028 4235
2 2028 4239
2 2028 4246
2 2028 2036
2 2029 2034
2 2029 5390
2 2029 2037
2 1305 2029
2 2030 4167
2 2030 4172
2 2030 4161
2 2031 5484
2 2031 3256
2 2031 5479
2 2031 5495
2 2031 2040
2 1247 2031
2 2032 4145
2 2032 5174
2 2032 5178
2 2032 4148
2 2032 4141
2 2033 4252
2 2033 2036
2 2033 2043
2 2033 4246
2 1156 2033
2 2034 5390
2 2034 2037
2 1299 2034
2 2034 5402
2 2034 2991
2 2035 5340
2 2035 2038
2 2035 5347
2 2035 2789
2 2035 5336
2 2035 2770
2 2035 2787
2 2036 4246
2 2036 4239
2 2036 4252
2 1151 2036
2 1808 2036
2 2037 5390
2 2037 5402
2 2037 2991
2 2037 2048
2 2038 5347
2 2038 2789
2 2038 5356
2 2038 2787
2 2038 5340
2 2038 2046
2 2039 4148
2 2039 5173
2 2039 5174
2 2039 5171
2 2039 4151
2 2040 5495
2 2040 2042
2 2040 5500
2 2040 3301
2 2040 5504
2 1240 2040
2 2040 5484
2 2041 4260
2 2041 2043
2 2041 4266
2 2041 4252
2 2042 5500
2 2042 3301
2 2042 5504
2 2042 5495
2 2042 3298
2 2042 5508
2 2043 4252
2 2043 4260
2 2044 4156
2 2044 4151
2 2044 4160
2 2044 5171
2 2044 2049
2 2044 5173
2 2045 2684
2 2045 2070
2 2045 5293
2 2045 2647
2 2045 5250
2 2046 5356
2 2046 2782
2 2046 2787
2 2046 5362
2 2046 5347
2 2046 2789
2 2047 4266
2 2047 4272
2 2041 2047
2 2047 4260
2 2048 5402
2 2048 5409
2 2048 2991
2 2048 2053
2 2048 5414
2 2049 4160
2 2049 4166
2 2049 2052
2 2049 4156
2 2050 4279
2 2050 4285
2 2050 2055
2 2051 4171
2 2051 2052
2 2051 4166
2 2051 2057
2 1942 2051
2 2052 4166
2 2052 4171
2 2053 5409
2 2053 5414
2 2053 5402
2 2053 2991
2 2053 3008
2 2054 4292
2 2054 2055
2 2054 4298
2 1173 2054
2 2054 2060
2 2054 4285
2 2055 4285
2 2055 4292
2 1791 2055
2 2056 2806
2 2056 5367
2 2056 2061
2 2056 2805
2 2056 5362
2 2056 5373
2 1182 2056
2 2057 4183
2 2057 2063
2 995 2057
2 2057 4188
2 2058 4325
2 2058 4316
2 2058 4311
2 2058 4286
2 1224 2058
2 2025 2058
2 2058 4392
2 2059 2060
2 2059 2067
2 2059 4310
2 2059 4298
2 2060 4298
2 2060 4292
2 1786 2060
2 2061 5373
2 2061 2805
2 2061 2804
2 2061 2806
2 2061 5379
2 2061 5367
2 2062 4188
2 2062 2063
2 2062 2071
2 2063 4188
2 2063 4183
2 2064 3008
2 2064 5414
2 2064 3006
2 2064 3005
2 2053 2064
2 2064 5409
2 2064 2069
2 1294 2064
2 2065 2067
2 2065 4315
2 2065 4310
2 2059 2065
2 2066 5386
2 2066 2825
2 2066 5379
2 2066 5393
2 2066 2801
2 2066 2823
2 1171 2066
2 2066 2075
2 2067 4310
2 2067 4315
2 2068 4224
2 2068 4217
2 2068 4232
2 2068 2076
2 2068 4211
2 2069 3005
2 2069 2072
2 2069 3006
2 2069 3024
2 2069 3008
2 1289 2069
2 2069 5414
2 2069 5448
2 2070 5293
2 2070 2684
2 2070 2096
2 1217 2070
2 2070 2701
2 2071 4188
2 2063 2071
2 2072 3024
2 2072 3005
2 2072 3006
2 2072 5448
2 2064 2072
2 2072 3008
2 1289 2072
2 2072 5414
2 2073 5526
2 2073 2078
2 2073 3333
2 2073 3330
2 2073 3334
2 2073 5530
2 2073 5521
2 2074 4324
2 2074 4323
2 2074 4315
2 2074 4333
2 2074 2079
2 2075 5393
2 2075 2080
2 2075 2823
2 2075 2820
2 2075 5398
2 2075 2825
2 2075 2819
2 2076 4232
2 2076 4224
2 2076 4243
2 2076 4217
2 2077 2082
2 2077 4205
2 1921 2077
2 1005 2077
2 2078 5530
2 2078 5526
2 2078 3330
2 2078 3333
2 2078 2085
2 2078 3334
2 2079 4339
2 2079 4333
2 2079 4324
2 2079 2084
2 2079 4323
2 2080 5398
2 2080 2819
2 2080 2820
2 2080 5393
2 2080 2823
2 2080 2818
2 2080 5405
2 2081 4210
2 2081 2089
2 2081 2082
2 2081 4205
2 2082 4205
2 2082 4210
2 2083 4345
2 2083 2084
2 2083 4349
2 2083 4339
2 2083 2092
2 2084 4339
2 2084 4345
2 2084 4349
2 2084 4333
2 2085 5535
2 2085 3389
2 2085 2090
2 2085 5530
2 2085 3387
2 2085 5541
2 2086 4257
2 2086 4243
2 2086 2094
2 2076 2086
2 1904 2086
2 2086 2104
2 2087 5405
2 2087 2093
2 2087 2818
2 2087 2836
2 2087 2819
2 2087 5398
2 2080 2087
2 2088 4216
2 2088 2089
2 2088 4223
2 2088 2095
2 2088 4210
2 2089 4210
2 2089 4216
2 2090 5535
2 2090 3389
2 2090 3387
2 2090 5541
2 2090 3385
2 2091 2101
2 2091 2092
2 2091 4363
2 2091 4356
2 2091 2100
2 2092 4356
2 2092 4349
2 2092 4363
2 2092 2101
2 2093 2836
2 2093 2834
2 2093 5405
2 2093 5417
2 2093 2833
2 2093 5421
2 2094 4257
2 2094 2104
2 2094 4276
2 2094 2115
2 2094 4243
2 2095 4223
2 2095 4231
2 2095 2109
2 2095 4216
2 2096 2701
2 2096 2102
2 2096 2106
2 2096 2717
2 2096 5341
2 1205 2096
2 2097 5463
2 2097 3037
2 2097 5454
2 2097 2107
2 2097 3053
2 2097 5448
2 2097 3052
2 2097 2112
2 2098 4392
2 2098 4398
2 2098 4406
2 2098 2118
2 1339 2098
2 2098 4438
2 1344 2098
2 2098 2138
2 1713 2098
2 2099 5421
2 2099 5417
2 2099 2833
2 2099 5427
2 2099 2834
2 1160 2099
2 2099 2852
2 2099 5432
2 2100 4368
2 2100 2101
2 2100 4363
2 2100 2111
2 2101 4363
2 2101 4368
2 2101 4356
2 2102 2106
2 2102 2701
2 2102 2717
2 2102 5341
2 2103 5554
2 2103 3410
2 2103 3412
2 2103 5560
2 2103 2108
2 2103 3409
2 2103 5567
2 2103 2113
2 2104 4276
2 2104 2115
2 2104 4257
2 2104 2120
2 1873 2104
2 2105 4236
2 2105 2109
2 2105 2116
2 2105 4231
2 2105 4242
2 2095 2105
2 2106 2717
2 2106 5341
2 2106 2701
2 2106 5348
2 2107 3053
2 2107 3052
2 2107 2112
2 2107 3037
2 2107 2124
2 2107 5463
2 2108 5560
2 2108 5567
2 2108 2113
2 2108 3409
2 2108 3410
2 2108 5554
2 2109 4231
2 2109 4236
2 2109 4223
2 2109 2116
2 2110 4373
2 2110 2111
2 2110 4379
2 2110 4368
2 2100 2110
2 2111 4368
2 2111 4373
2 2112 3052
2 2112 3053
2 2112 2124
2 2112 3083
2 2113 5567
2 2113 2114
2 2113 5560
2 2113 3409
2 2113 3410
2 2114 5567
2 2114 5579
2 2114 3438
2 2108 2114
2 2114 2125
2 2114 5560
2 2115 4276
2 2115 2120
2 2116 4242
2 2116 4236
2 2116 4249
2 2116 4231
2 2117 5451
2 2117 5444
2 2117 2121
2 2117 2848
2 2117 5437
2 2117 2126
2 2117 2850
2 2118 4406
2 2118 4398
2 2118 4438
2 2118 4392
2 2118 2138
2 1713 2118
2 2119 4386
2 2119 4391
2 2119 2123
2 2119 4379
2 2120 4276
2 2120 4307
2 2121 5451
2 2121 2126
2 2121 2871
2 2121 5459
2 2121 5444
2 2121 2848
2 2122 4256
2 2122 4249
2 2122 2128
2 2122 4263
2 1058 2122
2 2122 4242
2 2123 4391
2 2123 4386
2 2123 4397
2 2123 2130
2 2124 3083
2 2124 2134
2 2124 3052
2 2124 5509
2 2125 5579
2 2125 3438
2 2125 3437
2 2125 5585
2 2125 3436
2 2125 2131
2 2126 5459
2 2126 2871
2 2126 2868
2 2126 5451
2 2126 5465
2 2127 2136
2 2127 4269
2 2127 4263
2 2127 2128
2 2127 2133
2 2128 4263
2 2128 4256
2 1889 2128
2 2128 2136
2 1063 2128
2 2129 2733
2 2129 5348
2 2129 5380
2 2129 5341
2 2129 2717
2 2129 2745
2 2106 2129
2 2130 4405
2 2130 4397
2 1252 2130
2 2130 4411
2 2130 2141
2 2130 4412
2 2131 2135
2 2131 5585
2 2131 3436
2 2131 3477
2 2131 5595
2 2131 3437
2 2132 4307
2 2132 4330
2 1873 2132
2 2132 2149
2 2120 2132
2 2133 4275
2 2133 4269
2 2133 2136
2 2133 2144
2 2133 4281
2 2134 5509
2 2134 3083
2 2134 2143
2 2134 3112
2 2134 3109
2 1248 2134
2 2135 5595
2 2135 3477
2 2135 2137
2 2135 3476
2 2135 5585
2 2135 3436
2 2136 4269
2 2136 4263
2 2136 4275
2 2137 5595
2 2137 3476
2 2137 3477
2 2137 3473
2 2137 3470
2 2138 4438
2 2138 2145
2 2138 2154
2 2139 4412
2 2139 4418
2 2139 2141
2 2139 4423
2 2139 2148
2 1731 2139
2 2140 5477
2 2140 2884
2 2140 5471
2 2140 2883
2 2140 2865
2 2140 5482
2 2141 4412
2 2141 4418
2 2141 4411
2 2141 4405
2 2142 4282
2 2142 2152
2 2142 4289
2 2142 2144
2 2142 4281
2 2142 2151
2 2143 3112
2 2143 5509
2 2143 3109
2 2143 3083
2 1241 2143
2 2124 2143
2 2144 4282
2 2144 4281
2 2144 4275
2 2144 4289
2 1880 2144
2 2145 2154
2 2145 2159
2 2145 4438
2 2146 5487
2 2146 2150
2 2146 5482
2 2146 2882
2 2146 2883
2 2146 5492
2 2147 4430
2 2147 2148
2 2147 4424
2 2147 2156
2 2147 4437
2 1261 2147
2 2148 4424
2 2148 4423
2 2148 4430
2 1725 2148
2 1256 2148
2 2149 4330
2 2149 4307
2 2149 4353
2 2149 4360
2 1865 2149
2 2150 5487
2 2150 5492
2 2150 2882
2 2150 5482
2 2150 2157
2 2150 2900
2 2151 4295
2 2151 2152
2 2151 4289
2 2151 2158
2 2151 4301
2 2152 4289
2 2152 4295
2 2152 4282
2 2153 5616
2 2153 3530
2 2153 3529
2 2153 5610
2 2153 3528
2 2153 2161
2 2153 5625
2 2154 2159
2 2154 4480
2 2154 2168
2 2155 2156
2 2155 2164
2 2155 4437
2 2155 4444
2 2155 2163
2 2156 4437
2 2156 4430
2 2156 4444
2 2157 5497
2 2157 2900
2 2157 5492
2 2157 2162
2 2157 2899
2 2157 2898
2 2157 2167
2 2158 4301
2 2158 4295
2 2158 4306
2 2158 2166
2 2159 4480
2 2159 2168
2 2159 4493
2 2160 3151
2 2160 2173
2 2160 5542
2 1201 2160
2 2160 2182
2 2160 3180
2 2161 5625
2 2161 2165
2 2161 3528
2 2161 3527
2 2161 3529
2 2161 2170
2 2161 5616
2 2161 3530
2 2162 5497
2 2162 2167
2 2162 2898
2 2162 2899
2 2162 2900
2 2162 5492
2 2163 4451
2 2163 2164
2 2163 2171
2 2163 4450
2 2163 4444
2 2164 4444
2 2164 4450
2 2164 4451
2 2165 5625
2 2165 2170
2 2165 3527
2 2165 3528
2 2165 2174
2 2165 3529
2 2166 4306
2 2166 2177
2 2166 2175
2 2166 4319
2 2167 2898
2 2167 2899
2 2167 5497
2 2167 2176
2 2167 2900
2 2168 4480
2 2168 4493
2 2168 2178
2 1406 2168
2 2145 2168
2 2169 2171
2 2169 4451
2 2169 4461
2 2169 2181
2 2170 2174
2 2170 5625
2 2170 3527
2 2170 3573
2 2170 3528
2 2171 4451
2 2171 4450
2 2172 4360
2 2172 4366
2 2172 4353
2 2172 2187
2 2172 4376
2 2173 5542
2 2173 2182
2 2173 3180
2 2173 5550
2 2173 3178
2 2173 3151
2 2174 3573
2 2174 5642
2 2174 2183
2 2174 3527
2 2174 5625
2 2175 4319
2 2175 2177
2 2175 4329
2 2175 2184
2 2176 2916
2 2176 2179
2 2176 5513
2 2176 2915
2 2176 2898
2 2176 2911
2 2177 4319
2 2177 4306
2 2178 4493
2 2178 4480
2 2178 2190
2 2159 2178
2 1416 2178
2 2178 4540
2 2179 5513
2 2179 2915
2 2179 2916
2 2179 2911
2 2179 2186
2 2179 5522
2 1104 2179
2 2180 2181
2 2180 4467
2 2180 4472
2 2181 4467
2 2181 4461
2 1704 2181
2 2182 5550
2 2182 3180
2 2182 3178
2 2182 5542
2 2182 3176
2 2182 5555
2 2183 5642
2 2183 3573
2 2183 3571
2 2183 2189
2 2183 5649
2 2184 4329
2 2184 4336
2 2184 2188
2 2184 4342
2 2184 4319
2 2185 4479
2 2185 4472
2 2185 4486
2 2186 2911
2 2186 5522
2 2186 5513
2 2186 2915
2 2186 2916
2 2186 2195
2 2187 4376
2 2187 4366
2 2187 2194
2 2187 4360
2 2188 4342
2 2188 4336
2 2188 4329
2 2188 4352
2 2188 2196
2 2189 5649
2 2189 3571
2 2189 2192
2 2189 5642
2 2189 5654
2 2189 3654
2 2190 4540
2 2190 2200
2 2190 4547
2 2190 2197
2 2191 4492
2 2191 2193
2 2191 4486
2 2191 2203
2 2191 4500
2 2191 4501
2 2192 5649
2 2192 5654
2 2192 3654
2 2192 2199
2 2192 3650
2 2192 3571
2 2192 2204
2 2193 4486
2 2193 4492
2 2193 4479
2 2194 2205
2 2194 4402
2 2194 4376
2 1835 2194
2 2194 4366
2 2195 5528
2 2195 2933
2 2195 2201
2 2195 2932
2 2195 5522
2 2195 2931
2 1084 2195
2 2195 2207
2 2196 4352
2 2196 4359
2 2196 2208
2 1128 2196
2 2196 4365
2 2197 2200
2 2197 4547
2 2197 4540
2 2197 2209
2 2198 3220
2 2198 5561
2 2198 3218
2 2198 5555
2 2198 2210
2 2198 3217
2 2199 5654
2 2199 3654
2 2199 2204
2 2199 3650
2 2199 3647
2 2199 2211
2 2199 5649
2 1134 2199
2 2200 4540
2 2200 4547
2 2200 2209
2 2201 2932
2 2201 5528
2 2201 2207
2 2201 2933
2 2201 2931
2 2201 2928
2 2201 5538
2 2202 4501
2 2202 4507
2 2202 2203
2 2202 2214
2 2202 4500
2 2203 4500
2 2203 4501
2 2203 4492
2 2203 4507
2 2204 3650
2 2204 2211
2 2204 3647
2 2204 5663
2 2204 5654
2 2204 3654
2 2204 3646
2 2205 4402
2 1207 2205
2 2205 4376
2 2187 2205
2 2205 2223
2 2205 4433
2 2206 4365
2 2206 2208
2 2206 4371
2 2206 2217
2 2206 4359
2 2207 2931
2 2207 5538
2 2207 2213
2 2207 2928
2 2207 2932
2 2207 5528
2 2208 4365
2 2208 4359
2 1843 2208
2 2209 4547
2 2209 4540
2 2209 2220
2 2209 4580
2 2210 5580
2 2210 3217
2 2210 2215
2 2210 3218
2 2210 3220
2 2210 5586
2 2211 5663
2 2211 2216
2 2211 5668
2 2211 3647
2 2211 3646
2 2211 3766
2 2212 4518
2 2212 2214
2 2212 2218
2 1321 2212
2 2212 4525
2 2213 2928
2 2213 5538
2 2213 2931
2 2213 2932
2 2201 2213
2 2213 5528
2 2214 4507
2 2214 4518
2 2214 4501
2 2215 5580
2 2215 5586
2 2215 3217
2 2215 3218
2 2215 3220
2 1194 2215
2 2216 5668
2 2216 5663
2 2216 3766
2 2216 3764
2 2216 3646
2 1123 2216
2 2217 4371
2 2217 4375
2 2218 4525
2 2218 4518
2 2218 4532
2 1681 2218
2 1325 2218
2 2219 4382
2 2219 4375
2 2219 2225
2 2217 2219
2 2220 4580
2 2220 4599
2 1469 2220
2 2197 2220
2 2220 4547
2 2221 5673
2 2221 5681
2 2221 3764
2 2221 3762
2 2221 5668
2 2221 3766
2 2216 2221
2 2222 4539
2 2222 4532
2 2222 4546
2 2222 2228
2 1670 2222
2 2223 4433
2 2223 4447
2 2223 4402
2 2223 2243
2 2223 4464
2 2224 2799
2 2224 5466
2 2224 2235
2 2224 2817
2 2224 2780
2 2225 4382
2 2225 4394
2 2225 2229
2 2226 4553
2 2226 2228
2 2226 2231
2 2226 4561
2 2226 4546
2 2227 5552
2 2227 2232
2 2227 2953
2 2227 5557
2 2227 2952
2 2227 2954
2 2227 2236
2 2227 2950
2 2228 4546
2 2228 4553
2 2228 4539
2 2229 4394
2 2229 4401
2 2230 4568
2 2230 2231
2 2230 4561
2 2226 2230
2 2230 4553
2 2231 4561
2 2231 4553
2 2231 4568
2 1670 2231
2 1355 2231
2 2232 5552
2 2232 5557
2 2232 2236
2 2232 2952
2 2232 2950
2 2232 2953
2 2233 5602
2 2233 3254
2 2233 2241
2 2233 5586
2 2215 2233
2 2234 4401
2 2234 4415
2 2229 2234
2 2234 4421
2 1153 2234
2 2235 2817
2 2235 2814
2 2235 2799
2 2235 5466
2 2235 2253
2 2236 5557
2 2236 2950
2 2236 2240
2 2236 5552
2 2236 2952
2 2236 5564
2 2237 5686
2 2237 3775
2 2237 5697
2 2237 3773
2 2237 3762
2 2237 5681
2 1107 2237
2 2238 4605
2 2238 4599
2 2238 2245
2 2238 4622
2 2239 4579
2 2239 2247
2 2239 4585
2 2239 4568
2 2240 5564
2 2240 2950
2 2240 2242
2 2240 5557
2 2240 5570
2 2232 2240
2 2241 5602
2 2241 3254
2 2241 3295
2 1180 2241
2 2241 5586
2 2242 5570
2 2242 5576
2 2242 5564
2 2242 2969
2 2242 2966
2 2242 2248
2 2243 4464
2 2243 4470
2 2243 2249
2 2243 4476
2 2243 4447
2 1778 2243
2 1279 2243
2 2244 4427
2 2244 4421
2 2244 2250
2 2244 4415
2 1165 2244
2 1818 2244
2 2245 4622
2 2245 4605
2 2245 4627
2 2245 2251
2 2245 4599
2 2246 2247
2 2246 4585
2 2246 4579
2 2239 2246
2 2247 4585
2 2247 4579
2 2248 5583
2 2248 2966
2 2248 2965
2 2248 5576
2 2248 2969
2 2248 5589
2 2248 5570
2 2249 4476
2 2249 4470
2 2249 4464
2 2250 4427
2 2250 4441
2 2250 4421
2 2251 4627
2 2251 4622
2 2251 4642
2 2251 2259
2 2238 2251
2 2252 2256
2 2252 4595
2 2252 2263
2 2253 2831
2 2253 2814
2 2253 2817
2 2253 2847
2 2254 5630
2 2254 5636
2 2254 3295
2 2254 3327
2 2254 2265
2 2254 3326
2 2255 5721
2 2255 3782
2 2255 3785
2 2255 3786
2 2255 3781
2 2255 5715
2 2255 5727
2 1105 2255
2 2256 4595
2 2256 2263
2 2246 2256
2 2257 4446
2 2257 4441
2 2257 2266
2 2257 4454
2 2258 5599
2 2258 2981
2 2258 5605
2 2258 2262
2 2258 2978
2 2258 5593
2 2258 2977
2 2258 2267
2 2259 4642
2 2259 4627
2 2259 4622
2 2259 4663
2 2245 2259
2 2260 4611
2 2260 2263
2 2260 4604
2 1393 2260
2 2260 2270
2 1635 2260
2 2261 5733
2 2261 5727
2 2261 3781
2 2261 5737
2 2261 3782
2 2261 2268
2 2255 2261
2 2262 5605
2 2262 2978
2 2262 2977
2 2262 5599
2 2262 2981
2 2262 2267
2 2262 2976
2 2263 4604
2 2263 4611
2 2264 4458
2 2264 2266
2 2264 4454
2 2257 2264
2 2264 4446
2 2265 3326
2 2265 3327
2 2265 5636
2 2265 5650
2 2265 2274
2 2265 5630
2 2266 4454
2 2266 4446
2 2266 4458
2 2266 4441
2 2267 2977
2 2267 2272
2 2267 2976
2 2267 5605
2 2267 2978
2 2267 5613
2 2268 5737
2 2268 3810
2 2268 5745
2 2268 2275
2 2268 3805
2 2268 5733
2 2269 4621
2 2269 2270
2 1417 2269
2 2269 2283
2 2269 4611
2 1618 2269
2 2269 4634
2 2270 4621
2 2270 4611
2 1629 2270
2 1397 2270
2 2270 4604
2 2271 2846
2 2271 2847
2 2271 2831
2 2271 2295
2 2271 2864
2 2253 2271
2 2272 5613
2 2272 2276
2 2272 2976
2 2272 2977
2 2272 2989
2 2272 5618
2 2273 4497
2 2273 4522
2 2273 2284
2 2273 4490
2 1282 2273
2 2273 4529
2 2274 5650
2 2274 3326
2 2274 3384
2 2274 3327
2 2274 3383
2 2274 5636
2 1147 2274
2 2275 5745
2 2275 3805
2 2275 3810
2 2275 3803
2 2275 5737
2 2275 3802
2 2276 5613
2 2276 5618
2 2276 2989
2 2276 2279
2 2276 2988
2 2276 2285
2 2277 4469
2 2277 4475
2 2277 4458
2 2277 2286
2 2264 2277
2 1807 2277
2 2278 2280
2 2278 4670
2 2278 4678
2 2278 4663
2 2259 2278
2 2279 5618
2 2279 2988
2 2279 2285
2 2279 2989
2 2279 2987
2 2279 5613
2 2280 4670
2 2280 4663
2 2280 4678
2 2259 2280
2 2281 2283
2 2281 2287
2 2281 4641
2 2281 4634
2 1610 2281
2 2282 5757
2 2282 2288
2 2282 3802
2 2282 3803
2 2275 2282
2 2282 5762
2 2282 5745
2 2283 4634
2 1426 2283
2 1614 2283
2 2283 4641
2 2284 4522
2 2284 4529
2 1753 2284
2 1318 2284
2 2284 2294
2 2285 2987
2 2285 2988
2 2285 2986
2 2285 5618
2 2285 2989
2 2286 4475
2 2286 2290
2 2286 4483
2 2286 2289
2 2286 4469
2 2287 4641
2 2287 4647
2 2288 5757
2 2288 5762
2 2288 2292
2 2288 3802
2 2288 5769
2 2289 4489
2 2289 4483
2 2289 2290
2 2289 4496
2 2289 2296
2 2290 4483
2 2290 4489
2 2290 4475
2 2290 4496
2 1216 2290
2 2291 2293
2 2291 4656
2 2291 4650
2 2291 2301
2 2291 4662
2 2291 4647
2 2291 2298
2 2292 5769
2 2292 5762
2 2292 5773
2 2292 5757
2 2292 3830
2 2282 2292
2 2293 4650
2 2293 4647
2 2293 4656
2 1430 2293
2 2287 2293
2 2294 4550
2 2294 4557
2 2294 2302
2 2294 4564
2 2295 2864
2 2295 5547
2 2295 2862
2 2295 2303
2 2295 2308
2 2295 2846
2 2296 4504
2 2296 4496
2 2296 2307
2 2296 4510
2 2296 4489
2 2297 4698
2 2297 2311
2 2297 4722
2 2297 2318
2 2297 4678
2 1517 2297
2 2278 2297
2 2298 2301
2 2298 4662
2 2298 4677
2 2298 4656
2 2299 5674
2 2299 2304
2 2299 5669
2 2299 3407
2 2299 2309
2 2299 2316
2 2299 3381
2 2300 3826
2 2300 2305
2 2300 3828
2 2300 3823
2 2300 5773
2 2300 2310
2 2300 3830
2 2301 4662
2 2301 4656
2 2293 2301
2 2301 4650
2 1606 2301
2 2302 4564
2 2302 4557
2 2302 4571
2 2302 2314
2 2302 4550
2 2302 4576
2 2303 2308
2 2303 5547
2 2303 2862
2 2303 2881
2 2303 2864
2 2303 2878
2 2303 5571
2 2304 3407
2 2304 2309
2 2304 5674
2 2304 2316
2 2304 5669
2 2304 5692
2 2305 2310
2 2305 3823
2 2305 3826
2 2305 5788
2 2305 2317
2 2306 4515
2 2306 2307
2 2306 4510
2 2306 4504
2 2307 4510
2 2307 4504
2 2308 2881
2 2308 2878
2 2308 5571
2 2308 5547
2 2308 2862
2 2308 2864
2 2309 3407
2 2309 2316
2 2309 5674
2 2309 5692
2 2309 5669
2 1124 2309
2 2310 5788
2 2310 2317
2 2310 3823
2 2310 3826
2 2310 2323
2 2311 4722
2 2311 2318
2 2311 4698
2 2311 2326
2 1590 2311
2 2311 2336
2 2311 4746
2 2312 4677
2 2312 4683
2 2312 2321
2 2312 4686
2 1599 2312
2 2313 5647
2 2313 2999
2 2313 5651
2 2313 3000
2 2313 2320
2 2313 2998
2 2313 5644
2 2313 3004
2 2314 4576
2 2314 4571
2 2314 2322
2 2314 4564
2 2314 4557
2 1327 2314
2 2315 4521
2 2315 4528
2 2315 4515
2 2316 5692
2 2316 3407
2 2316 5674
2 2316 5704
2 2316 5669
2 2317 5788
2 2317 2323
2 2317 5792
2 2317 5793
2 2317 2328
2 2318 4722
2 2318 2326
2 2318 2336
2 2318 4746
2 2318 4698
2 1590 2318
2 2319 4686
2 2319 2321
2 2319 4693
2 2319 4697
2 2319 2330
2 2319 4683
2 1477 2319
2 2312 2319
2 2320 5651
2 2320 2325
2 2320 5647
2 2320 2998
2 2320 2999
2 2320 5657
2 2320 3022
2 2320 3000
2 2321 4686
2 2321 4693
2 2321 4683
2 1457 2321
2 2321 4677
2 2321 4697
2 2322 2331
2 2322 4576
2 2322 4571
2 2322 2339
2 2322 4564
2 2323 5792
2 2323 5793
2 2323 5788
2 2323 2328
2 2323 3856
2 2324 4543
2 2324 4536
2 2324 4549
2 2324 2334
2 1250 2324
2 1760 2324
2 2325 5657
2 2325 3022
2 2325 2329
2 2325 5651
2 2325 3019
2 2325 5661
2 2325 2998
2 2326 2336
2 2326 4746
2 2326 4722
2 2326 4767
2 2326 4773
2 2297 2326
2 2327 2330
2 2327 4706
2 2327 4697
2 2327 4713
2 2327 2337
2 2328 5793
2 2328 3856
2 2328 2332
2 2328 5792
2 2328 3853
2 2329 5661
2 2329 5657
2 2329 3022
2 2329 3019
2 2329 3017
2 2329 2335
2 2329 3015
2 2330 4697
2 2330 4706
2 2330 4693
2 1585 2330
2 2331 2339
2 2331 2346
2 2331 4576
2 2314 2331
2 2331 4571
2 2332 3856
2 2332 3853
2 2332 5805
2 2332 3851
2 2332 5793
2 2332 2338
2 2333 4556
2 2333 2334
2 2333 4549
2 2333 2342
2 2334 4549
2 2334 4543
2 2334 4556
2 2335 5666
2 2335 3015
2 2335 2340
2 2335 3017
2 2335 5661
2 2335 3019
2 2336 4746
2 2336 4767
2 2336 4773
2 2336 4722
2 2336 2357
2 2337 4713
2 2337 4706
2 2338 5805
2 2338 3848
2 2338 3851
2 2338 2345
2 2338 3853
2 1049 2338
2 2339 2346
2 2339 2354
2 2339 4576
2 2340 5666
2 2340 3015
2 2340 3017
2 2340 2348
2 2340 5677
2 2340 5661
2 2340 3019
2 2341 2342
2 2341 2347
2 1253 2341
2 2341 4556
2 2333 2341
2 2342 4556
2 2334 2342
2 2343 2895
2 2343 2910
2 2343 5571
2 2343 2907
2 2343 2878
2 2343 2881
2 2343 5619
2 1068 2343
2 2344 4728
2 2344 4721
2 2344 2352
2 1485 2344
2 2345 5823
2 2345 3848
2 2345 5805
2 2345 3874
2 2345 3851
2 2346 2354
2 2346 2362
2 2346 4638
2 1400 2346
2 2347 4582
2 2347 2355
2 1257 2347
2 2342 2347
2 2347 4588
2 2348 5677
2 2348 3036
2 2348 2350
2 2348 5683
2 2348 3035
2 2348 5666
2 2349 2352
2 2349 2360
2 2349 4735
2 2349 4728
2 2349 2359
2 2350 5683
2 2350 3036
2 2350 3035
2 2350 5677
2 2350 2353
2 2350 3034
2 2351 5734
2 2351 3469
2 2351 3467
2 2351 5738
2 2351 3431
2 2351 5716
2 2351 3465
2 1086 2351
2 2352 4728
2 2352 2360
2 2352 4735
2 2353 5689
2 2353 3034
2 2353 3035
2 2353 5683
2 2353 2356
2 2353 3032
2 2353 3036
2 2354 2362
2 2354 4638
2 2354 2376
2 2331 2354
2 2355 4582
2 2355 4588
2 2355 4592
2 1747 2355
2 1283 2355
2 2356 5689
2 2356 3032
2 2356 3034
2 2356 5695
2 2356 2361
2 2356 3035
2 2357 4773
2 2357 4797
2 2357 2364
2 2357 4767
2 2357 2371
2 2357 4746
2 2358 3869
2 2358 5842
2 2358 2363
2 2358 3871
2 2358 3874
2 2358 2369
2 2359 4740
2 2359 2360
2 2359 4735
2 2359 4745
2 2359 2367
2 2360 4735
2 2360 4740
2 2361 5695
2 2361 2365
2 2361 5700
2 2361 3032
2 2361 5689
2 2361 2372
2 2361 3034
2 2362 4638
2 2362 2376
2 2362 4659
2 2362 2384
2 1418 2362
2 2363 5842
2 2363 2369
2 2363 3869
2 2363 5852
2 2363 2375
2 2364 4797
2 2364 2371
2 2364 2379
2 2364 4773
2 2365 5700
2 2365 2372
2 2365 5695
2 2365 3050
2 2365 5707
2 2365 2378
2 2366 2367
2 2366 2374
2 2366 4760
2 2366 4752
2 2366 2373
2 2367 4752
2 2367 4745
2 2367 2374
2 2368 5746
2 2368 5752
2 2368 5738
2 2368 3465
2 2368 3467
2 2368 2381
2 1077 2368
2 2369 5852
2 2369 2375
2 2369 5842
2 2369 3869
2 1035 2369
2 2370 4602
2 2370 2377
2 2370 4608
2 2370 4592
2 2371 2379
2 2371 4797
2 2371 2398
2 2372 5700
2 2372 5707
2 2372 3050
2 2372 2378
2 2372 3049
2 972 2372
2 2372 5713
2 2373 2374
2 2373 4766
2 2373 4760
2 2374 4760
2 2375 5852
2 2375 3896
2 2375 5842
2 2375 3895
2 2375 5861
2 2376 4659
2 2376 2384
2 2376 4667
2 2376 4638
2 1694 2376
2 2376 4674
2 2377 4602
2 2377 4608
2 1297 2377
2 2377 4614
2 2378 5707
2 2378 3049
2 2378 5713
2 2378 2382
2 2378 3050
2 2378 3048
2 2379 2398
2 2379 4797
2 2379 4840
2 2380 2383
2 2380 4779
2 2380 4772
2 2380 2392
2 2381 5758
2 2381 5752
2 2381 5763
2 2381 5770
2 2381 3523
2 1071 2381
2 2382 5713
2 2382 3048
2 2382 3049
2 2382 5707
2 2382 3047
2 2382 5719
2 2382 3050
2 2383 4772
2 2383 4779
2 2383 4766
2 1547 2383
2 2384 4667
2 2384 4659
2 2384 4674
2 2384 2394
2 2384 4681
2 2385 2386
2 2385 2927
2 2385 2393
2 2385 5619
2 2385 2907
2 2385 2910
2 2385 2948
2 2386 2927
2 2386 2393
2 2386 5619
2 2386 2907
2 2386 2910
2 2386 2948
2 2386 2945
2 2387 4618
2 2387 2388
2 2387 4614
2 2387 2395
2 2388 4614
2 2388 4618
2 2389 5770
2 2389 3522
2 2389 5774
2 2389 3521
2 2389 5763
2 2389 3523
2 2389 2396
2 2390 5866
2 2390 5861
2 2390 3891
2 2390 3894
2 2390 3888
2 2390 3895
2 2390 5870
2 2391 2392
2 2391 4790
2 2391 4783
2 2391 4796
2 2391 4779
2 1542 2391
2 2391 2401
2 2392 4783
2 2392 4779
2 2392 4790
2 2383 2392
2 2393 2927
2 2393 2948
2 2393 5619
2 2393 2945
2 2393 2907
2 2393 2421
2 2394 4674
2 2394 4681
2 2394 4667
2 2394 2402
2 2394 4659
2 2395 4630
2 2395 2405
2 2395 4618
2 2395 4637
2 2396 5774
2 2396 3521
2 2396 3522
2 1071 2396
2 2396 5770
2 2396 3523
2 2397 5870
2 2397 3888
2 2397 5866
2 2397 3891
2 2390 2397
2 2397 5881
2 2397 3894
2 2398 4840
2 2398 2408
2 2398 4853
2 2398 2406
2 2399 2401
2 2399 4804
2 2399 2412
2 2400 5736
2 2400 3079
2 2400 2403
2 2400 5730
2 2400 3082
2 2400 3077
2 2400 5742
2 2401 4796
2 2401 4790
2 2401 4804
2 2402 4681
2 2402 4674
2 2402 2414
2 2402 4701
2 2403 5736
2 2403 5742
2 2403 2407
2 2403 3077
2 2403 3074
2 2403 3079
2 2404 4637
2 2404 2405
2 2404 4644
2 2404 2415
2 2404 4630
2 2405 4637
2 2405 4630
2 2405 4644
2 1719 2405
2 2406 2408
2 2406 4853
2 2406 4840
2 1516 2406
2 2406 2430
2 2379 2406
2 2407 5742
2 2407 3074
2 2407 2413
2 2407 5749
2 2407 3077
2 2407 5736
2 2408 4853
2 2408 4840
2 2379 2408
2 2408 2430
2 2409 3568
2 2409 3567
2 2409 5794
2 2409 3566
2 2396 2409
2 2409 5800
2 2409 5774
2 1064 2409
2 2410 5881
2 2410 5886
2 2410 3922
2 2410 3921
2 2410 2418
2 2410 5893
2 2411 4810
2 2411 2412
2 2411 4816
2 2411 2419
2 2411 4804
2 2412 4810
2 2412 4804
2 1558 2412
2 2413 5749
2 2413 2416
2 2413 5742
2 2413 3074
2 2413 5755
2 2403 2413
2 2414 4701
2 2414 2420
2 2414 4710
2 2415 4644
2 2415 4653
2 2415 4637
2 2416 5749
2 2416 5755
2 2416 5760
2 2407 2416
2 2416 3106
2 2416 5742
2 2417 4823
2 2417 2419
2 2417 4829
2 2417 4816
2 2417 2423
2 2411 2417
2 2418 5893
2 2418 3921
2 2418 5886
2 2418 3919
2 2418 3922
2 2418 2424
2 2418 5899
2 2419 4816
2 2419 4823
2 2419 4810
2 2412 2419
2 2420 4710
2 2420 4701
2 2420 2425
2 2421 2427
2 2421 2945
2 2421 2948
2 2421 5678
2 2421 2962
2 2421 2958
2 2421 2446
2 2386 2421
2 2422 4834
2 2422 2423
2 2422 4829
2 2422 4839
2 2422 2434
2 2423 4829
2 2423 4834
2 2423 4823
2 2424 5899
2 2424 5893
2 2424 3919
2 2424 3916
2 2424 3921
2 2424 5886
2 2425 4710
2 2425 2436
2 2426 4673
2 2426 2428
2 2426 4666
2 2426 4680
2 2427 2945
2 2427 5678
2 2427 2948
2 2427 2962
2 2427 2958
2 2427 2446
2 2393 2427
2 2427 2927
2 2428 4666
2 2428 4673
2 1697 2428
2 2429 5766
2 2429 3104
2 2429 3103
2 2429 5772
2 2429 2435
2 2429 5760
2 2429 3106
2 2429 3102
2 2430 4902
2 2430 2440
2 2430 2450
2 2430 4928
2 1716 2430
2 2431 4847
2 2431 2434
2 2431 4839
2 1582 2431
2 2432 5811
2 2432 3645
2 2432 2437
2 2432 5818
2 2432 3644
2 2432 5800
2 2432 3641
2 2432 3566
2 2432 2448
2 2433 5906
2 2433 5908
2 2433 2438
2 2433 5899
2 2433 2443
2 996 2433
2 2433 3916
2 2424 2433
2 2434 4839
2 2434 4847
2 2434 4834
2 2435 5772
2 2435 3102
2 2435 5776
2 2435 3103
2 2435 5766
2 2435 3100
2 2435 3104
2 2435 5780
2 2436 4710
2 2420 2436
2 1455 2436
2 2437 5818
2 2437 3645
2 2437 3644
2 2437 5811
2 2437 3641
2 2437 2448
2 2437 5824
2 2437 5800
2 2438 5908
2 2438 2443
2 2438 5906
2 2438 2449
2 2438 3965
2 988 2438
2 2438 5917
2 2439 4680
2 2439 4684
2 2439 2445
2 2440 4902
2 2440 2450
2 2440 4928
2 1458 2440
2 2440 4947
2 2441 2442
2 2441 4868
2 2441 4859
2 2441 4874
2 2441 2456
2 1593 2441
2 2442 4859
2 2442 4868
2 2431 2442
2 2442 4847
2 2443 5908
2 2443 2449
2 2443 3965
2 988 2443
2 2443 5906
2 2443 5917
2 2444 2445
2 2444 4690
2 2444 4684
2 2445 4690
2 2445 4684
2 2446 2958
2 2446 2962
2 2446 5678
2 2446 2470
2 2446 2472
2 2446 2945
2 2446 2975
2 2447 5780
2 2447 5776
2 2447 2451
2 2447 3100
2 2447 5785
2 2435 2447
2 2447 5772
2 2447 3102
2 2448 5824
2 2448 3641
2 2448 5830
2 2448 2452
2 2448 3644
2 2448 5818
2 2448 3645
2 2449 3965
2 2449 5917
2 2449 3962
2 2449 2453
2 2449 3961
2 2450 4928
2 2450 4902
2 2450 4947
2 2451 5785
2 2451 2455
2 2451 5780
2 2451 3149
2 2451 5790
2 941 2451
2 2451 5776
2 2452 5830
2 2452 5824
2 2452 3641
2 2452 3644
2 2452 5818
2 2452 3761
2 2453 5917
2 2453 3962
2 2453 3961
2 2453 2458
2 2453 3965
2 2453 5926
2 2453 3959
2 2454 4879
2 2454 2456
2 2454 4885
2 2454 4874
2 2455 5790
2 2455 5785
2 2455 3149
2 2455 2460
2 2455 3148
2 938 2455
2 2456 4874
2 2456 4879
2 2456 4868
2 2457 4709
2 2444 2457
2 1366 2457
2 2457 4690
2 2458 3961
2 2458 5926
2 2458 2463
2 2458 5917
2 2458 3959
2 2458 3962
2 2458 3958
2 2459 2461
2 2459 4895
2 2459 2469
2 2459 4885
2 1487 2459
2 2459 2468
2 2460 5790
2 2460 3148
2 2460 3149
2 2460 5797
2 2460 3146
2 2460 5785
2 2461 4895
2 2461 4885
2 2454 2461
2 1609 2461
2 2461 2469
2 2462 4756
2 2462 2473
2 2462 4750
2 2462 4777
2 2463 5926
2 2463 5931
2 2463 3958
2 2463 2467
2 2463 3959
2 2463 3961
2 2464 4716
2 2464 4709
2 2464 4718
2 2464 4725
2 2465 4947
2 2465 2476
2 2465 4976
2 2465 2474
2 2465 4981
2 2466 5847
2 2466 2471
2 2466 3761
2 2466 3759
2 2466 2475
2 2452 2466
2 2467 5931
2 2467 5936
2 2467 5926
2 2467 3958
2 983 2467
2 2467 5941
2 2468 2469
2 2468 4913
2 2468 2480
2 2468 4920
2 1637 2469
2 2469 4895
2 2469 4913
2 2470 2472
2 2470 2975
2 2470 2486
2 2470 2958
2 2470 2962
2 2470 5678
2 2471 5847
2 2471 3759
2 2471 2475
2 2471 3761
2 2471 5862
2 2472 2975
2 2472 2486
2 2472 2958
2 2472 2497
2 2472 2962
2 2473 4777
2 2473 4787
2 2474 2476
2 2474 4981
2 2474 4976
2 2474 4986
2 2474 2485
2 2475 5847
2 2475 3759
2 2475 5862
2 2475 3761
2 2475 2491
2 2476 4976
2 2476 4981
2 2476 4986
2 2477 2480
2 2477 4920
2 2477 4927
2 2477 4913
2 2477 2488
2 2478 5808
2 2478 5809
2 2478 5802
2 2478 2481
2 2478 3140
2 2478 3142
2 2478 5814
2 2479 5941
2 2479 5947
2 2479 4018
2 2479 2484
2 2479 4014
2 2479 5936
2 2480 4920
2 2480 4913
2 2481 5809
2 2481 5814
2 2481 5808
2 2481 3140
2 2481 5820
2 2481 5802
2 2482 4787
2 2482 2489
2 1505 2482
2 1632 2482
2 2473 2482
2 2483 4730
2 2483 4738
2 2483 2490
2 2483 4743
2 2484 5947
2 2484 4014
2 2484 4018
2 2484 4013
2 2484 5941
2 2485 4986
2 2485 4981
2 2476 2485
2 2485 4976
2 2485 2493
2 1442 2485
2 2486 2975
2 2486 2497
2 2486 2503
2 2486 2527
2 2446 2486
2 2487 2488
2 2487 4934
2 2487 4941
2 2487 4927
2 2487 2496
2 1463 2487
2 2488 4934
2 2488 4927
2 2488 4941
2 2489 4807
2 2489 4787
2 2489 2499
2 2489 4813
2 2490 4738
2 2490 4743
2 2491 3771
2 2491 3768
2 2491 5862
2 2491 3767
2 2491 5882
2 2491 2506
2 2492 5956
2 2492 2494
2 2492 4008
2 2492 5960
2 2492 4006
2 2492 4013
2 2492 4014
2 2493 2505
2 2493 2504
2 2493 4986
2 1435 2493
2 2493 4981
2 2474 2493
2 1402 2493
2 2494 5960
2 2494 5956
2 2494 5964
2 2494 4006
2 2494 4005
2 2494 4008
2 2494 2501
2 2495 4952
2 2495 2496
2 2495 4955
2 2495 4946
2 1441 2495
2 2495 4961
2 2496 4946
2 2496 4952
2 2496 4941
2 2496 4955
2 2497 2503
2 2497 2527
2 2497 2975
2 2497 2997
2 2470 2497
2 2498 5839
2 2498 5834
2 2498 3170
2 2498 2510
2 2498 3172
2 2498 3168
2 2498 5833
2 2499 4813
2 2499 4807
2 2499 4820
2 2499 2511
2 2500 4755
2 2500 2502
2 2500 4763
2 2500 4749
2 2501 5965
2 2501 5964
2 2501 2507
2 2501 5969
2 2501 4005
2 2501 5960
2 2502 4749
2 2502 4755
2 1411 2502
2 2503 2527
2 2503 2997
2 2503 2975
2 2472 2503
2 2503 2995
2 2504 2505
2 2504 5039
2 2504 5045
2 1805 2505
2 2505 5039
2 2485 2505
2 2506 5882
2 2506 5887
2 2506 2517
2 2506 5894
2 2506 3767
2 2506 3768
2 2506 3778
2 2507 5969
2 2507 5965
2 2507 5977
2 2507 2513
2 2507 5964
2 2507 2518
2 2508 4968
2 2508 2509
2 2508 4975
2 2508 4961
2 2508 2519
2 2509 4961
2 2509 4968
2 2509 4955
2 2509 4952
2 1664 2509
2 2510 5845
2 2510 2512
2 2510 5839
2 2510 3168
2 2510 5850
2 2510 3170
2 2511 4820
2 2511 2520
2 2511 4813
2 1616 2511
2 2512 5845
2 2512 5850
2 2512 3168
2 2512 5839
2 2512 2521
2 2512 5854
2 2513 5977
2 2513 2518
2 2513 5969
2 2513 5982
2 2513 2524
2 958 2513
2 2514 4769
2 2514 2515
2 2514 4776
2 2514 2522
2 2514 4763
2 2515 4769
2 2515 4763
2 2515 4776
2 2516 2519
2 2516 4975
2 2516 2525
2 2516 4968
2 2508 2516
2 2516 4991
2 2517 5894
2 2517 5887
2 2517 3778
2 2517 5900
2 2517 2529
2 2517 3776
2 2517 5882
2 2518 5982
2 2518 2524
2 2518 5977
2 2518 4068
2 2518 2530
2 2519 4975
2 2519 4968
2 2509 2519
2 1441 2519
2 2520 4844
2 2520 2528
2 1607 2520
2 2520 4851
2 2520 2526
2 2521 5854
2 2521 3215
2 2521 5850
2 2521 3213
2 2521 5859
2 2521 5845
2 2522 4786
2 2522 4776
2 2522 2532
2 2522 4793
2 2522 4769
2 2523 4992
2 2523 2525
2 2523 4991
2 1415 2523
2 1700 2523
2 2524 5982
2 2524 4068
2 2524 2530
2 2524 5977
2 2524 4067
2 2525 4991
2 2525 4992
2 1698 2525
2 1433 2525
2 2526 4851
2 2526 2528
2 2526 4844
2 2526 4857
2 2526 4864
2 2526 2535
2 1604 2526
2 2527 2997
2 2527 2995
2 2527 5798
2 942 2527
2 2527 3013
2 2528 4844
2 2528 4851
2 2528 4857
2 2528 4864
2 2528 2535
2 2529 3776
2 2529 5900
2 2529 3778
2 2529 5894
2 2529 5887
2 2529 2536
2 1001 2529
2 2530 4068
2 2530 4067
2 2530 5995
2 2530 5982
2 2530 4065
2 948 2530
2 2531 4793
2 2531 2532
2 2531 4799
2 2531 2539
2 2531 4786
2 2531 4802
2 2532 4793
2 2532 4786
2 2532 4799
2 1624 2532
2 2533 5045
2 2533 5039
2 2534 5003
2 2534 5007
2 2535 4864
2 2535 4857
2 2535 2545
2 2535 4851
2 2535 4882
2 2535 4844
2 2536 2542
2 2536 2548
2 2536 2552
2 2536 3776
2 2536 5900
2 2536 3778
2 2537 6011
2 2537 6003
2 2537 2543
2 2537 4063
2 2537 6016
2 2537 4064
2 2537 2549
2 2538 4802
2 2538 2539
2 2538 2547
2 1452 2538
2 1626 2538
2 2539 4802
2 2539 4799
2 2540 5016
2 2540 2541
2 2540 5023
2 2540 2544
2 2541 5016
2 2541 2544
2 1720 2541
2 2541 5023
2 2541 5007
2 2542 2548
2 2542 2552
2 2542 3801
2 2542 3776
2 2529 2542
2 2542 3800
2 2543 6016
2 2543 6011
2 2543 2549
2 2543 6003
2 2543 4063
2 2543 2553
2 943 2543
2 2544 5007
2 2544 5016
2 2545 4882
2 2545 2558
2 2545 4864
2 2545 2557
2 2545 4857
2 1581 2545
2 2546 4819
2 2546 2547
2 2546 4826
2 2546 2560
2 1622 2546
2 2547 4819
2 2547 4826
2 2547 4802
2 2548 2552
2 2548 3801
2 2548 3800
2 993 2548
2 2548 3776
2 2529 2548
2 2549 6016
2 2549 2553
2 2549 6019
2 2549 4162
2 2549 2559
2 2549 6011
2 2550 2551
2 2550 5089
2 2550 5095
2 2550 5108
2 2550 5114
2 2551 5089
2 2551 5095
2 1384 2551
2 1830 2551
2 2552 3801
2 2552 3800
2 993 2552
2 2552 2571
2 2552 3776
2 2553 6019
2 2553 2559
2 2553 4162
2 2553 4158
2 2553 6016
2 2553 4157
2 2554 2555
2 2554 5031
2 2554 5028
2 2554 5038
2 2554 5023
2 2555 5028
2 2555 5023
2 2555 5031
2 2540 2555
2 2556 5883
2 2556 2561
2 2556 5878
2 2556 3253
2 2556 2564
2 2556 3252
2 892 2556
2 2557 2558
2 2557 4898
2 2557 2566
2 2557 4882
2 2557 2565
2 2557 4906
2 2558 4882
2 2558 4898
2 2558 2566
2 1574 2558
2 2558 2565
2 2559 6019
2 2559 4158
2 2559 4162
2 2559 4157
2 2559 6016
2 2560 4826
2 2560 4832
2 2560 4819
2 2560 4836
2 2560 2568
2 2561 5883
2 2561 3253
2 2561 2564
2 2561 3252
2 2561 5890
2 2561 5878
2 2562 2563
2 2562 5044
2 2562 5050
2 1395 2562
2 2563 5044
2 2563 5038
2 1388 2563
2 2563 5050
2 2564 5890
2 2564 3252
2 2564 3247
2 2564 3253
2 2564 5883
2 2564 5897
2 2565 4906
2 2565 2566
2 2565 4911
2 2565 4898
2 2565 4917
2 2566 4898
2 2566 4906
2 2566 4911
2 2567 4843
2 2567 2568
2 2567 2579
2 2567 4850
2 2567 4836
2 2568 4836
2 2568 4843
2 2568 4832
2 2569 2573
2 2569 5061
2 2569 5056
2 2569 2582
2 1388 2569
2 2569 5068
2 2569 5050
2 1745 2569
2 2570 5815
2 2570 5835
2 2570 3013
2 2570 3031
2 2570 5798
2 2570 2995
2 2571 2574
2 2571 3800
2 2571 3821
2 2571 3801
2 959 2571
2 2571 3819
2 2571 5966
2 2572 6039
2 2572 6044
2 2572 2575
2 2572 4146
2 2572 6033
2 2572 4149
2 2572 4152
2 2573 5056
2 2573 5050
2 2573 5061
2 2562 2573
2 2573 2582
2 2574 3821
2 2574 3819
2 2574 3800
2 2574 5966
2 2574 3801
2 2574 3816
2 2575 6044
2 2575 6039
2 2575 6051
2 2575 4190
2 2575 4146
2 2575 4187
2 2576 4917
2 2576 4924
2 2576 4911
2 2576 4931
2 2576 2584
2 2565 2576
2 2576 4906
2 2577 2579
2 2577 4856
2 2577 4850
2 2577 4862
2 1497 2577
2 2577 2587
2 2578 5911
2 2578 2581
2 2578 5915
2 2578 3294
2 2578 3241
2 876 2578
2 2578 5903
2 2579 4850
2 2579 4843
2 2579 4856
2 2580 5068
2 2580 2582
2 2580 5072
2 2580 5061
2 2580 5076
2 2569 2580
2 2580 2594
2 1372 2580
2 2581 5915
2 2581 5911
2 2581 3294
2 2581 5920
2 2581 2588
2 2581 3292
2 2582 5061
2 2582 5068
2 2582 5072
2 1749 2582
2 2582 5056
2 2583 4187
2 2583 4185
2 2583 6051
2 2583 4190
2 2583 2586
2 2583 6061
2 2583 4184
2 2584 4931
2 2584 4938
2 2584 4924
2 2584 4917
2 2584 2595
2 1612 2584
2 1569 2584
2 2585 4871
2 2585 2587
2 2585 4863
2 2585 2599
2 2585 4877
2 2586 6061
2 2586 2589
2 2586 4184
2 2586 6067
2 2586 4185
2 2586 4182
2 2586 4187
2 2587 4863
2 2587 4862
2 2587 4871
2 2587 4856
2 2588 5920
2 2588 3292
2 2588 3294
2 2588 5915
2 2588 2591
2 2588 3290
2 2588 5924
2 2589 6061
2 2589 6067
2 2589 4184
2 2589 4182
2 2589 4185
2 2589 4179
2 2590 5144
2 2590 5137
2 2590 5161
2 2590 5167
2 1883 2590
2 2590 5114
2 2591 5924
2 2591 2593
2 2591 3290
2 2591 5920
2 2591 3292
2 2592 2594
2 2592 5081
2 2592 5088
2 2592 2602
2 2593 5924
2 2593 3289
2 2593 5928
2 2593 3290
2 2593 5933
2 2593 3286
2 2594 5081
2 2594 5076
2 1367 2594
2 2594 5088
2 2595 4950
2 2595 2605
2 2595 4938
2 2595 2604
2 2595 4959
2 2596 4881
2 2596 2599
2 2596 4877
2 2596 4888
2 2596 4871
2 2597 5978
2 2597 2603
2 2597 5970
2 2597 5983
2 2597 2609
2 950 2597
2 2597 5966
2 2598 6077
2 2598 6073
2 2598 6072
2 2598 4178
2 2598 6082
2 2598 4179
2 2598 2610
2 2599 4877
2 2599 4881
2 2599 4871
2 2600 2602
2 2600 5094
2 2600 5102
2 2600 5088
2 1776 2600
2 2601 5933
2 2601 5938
2 2601 3286
2 2601 5928
2 2601 3289
2 2601 5943
2 2602 5094
2 2602 5088
2 2602 5102
2 2603 5978
2 2603 5983
2 2603 2609
2 2603 5970
2 2603 5989
2 2603 2618
2 2604 2605
2 2604 4959
2 2604 4965
2 2604 4950
2 2604 2620
2 2604 4971
2 2605 4950
2 2605 4959
2 2605 4965
2 2605 2620
2 2606 3045
2 2606 5855
2 2606 3044
2 2606 2632
2 2606 3031
2 2606 5835
2 902 2606
2 2606 3073
2 2607 4891
2 2607 2608
2 2607 4897
2 2607 4888
2 1511 2607
2 2607 4905
2 2608 4888
2 2608 4891
2 2608 4881
2 2596 2608
2 2608 4897
2 2609 5983
2 2609 5989
2 2609 5978
2 2609 2618
2 2609 5996
2 2610 6082
2 2610 4221
2 2610 2615
2 2610 4219
2 2610 6089
2 2610 6077
2 2611 5167
2 2611 2621
2 2611 5161
2 2590 2611
2 2611 5144
2 2611 5137
2 2612 2614
2 2612 5120
2 2612 5127
2 2612 5107
2 2613 5943
2 2613 5944
2 2613 5938
2 2613 5949
2 863 2613
2 2601 2613
2 2613 5933
2 2614 5107
2 2614 5120
2 1346 2614
2 1802 2614
2 2615 4219
2 2615 6089
2 2615 4221
2 2615 2619
2 2615 4218
2 2615 6082
2 2616 2617
2 2616 4971
2 2616 2620
2 2616 4965
2 2616 2625
2 2604 2616
2 2616 4959
2 2605 2616
2 2617 2620
2 2617 4971
2 2617 4965
2 2604 2617
2 2617 4959
2 2617 2625
2 2605 2617
2 2617 4950
2 2618 5996
2 2618 5989
2 2618 3844
2 2618 3843
2 2618 5983
2 2618 3841
2 2619 6089
2 2619 6097
2 2619 4218
2 2619 4215
2 2619 4219
2 2619 4221
2 2620 4971
2 2620 4965
2 2620 4959
2 2620 4950
2 1553 2620
2 2621 5167
2 2621 5161
2 1923 2621
2 2622 2623
2 2622 5136
2 2622 5143
2 1346 2622
2 2623 5136
2 2623 5127
2 2624 4213
2 2624 4212
2 2624 6105
2 2624 6097
2 2624 2629
2 2624 4215
2 2624 4207
2 2625 2633
2 2625 5000
2 2625 2631
2 2625 4971
2 2620 2625
2 1673 2625
2 2626 4923
2 2626 4916
2 2626 4930
2 2627 2630
2 2627 5160
2 1329 2627
2 2628 3841
2 2628 3840
2 2628 2634
2 2628 6017
2 2628 3843
2 2628 3844
2 2628 2640
2 2628 6020
2 2629 6105
2 2629 6112
2 2629 4212
2 2629 4207
2 2629 2635
2 2629 4206
2 2629 4213
2 1332 2630
2 2630 5143
2 2631 2633
2 2631 5000
2 2631 5010
2 2631 2643
2 2632 3073
2 2632 3071
2 2632 3044
2 2632 3045
2 2632 5855
2 2632 5912
2 2633 5000
2 2633 5010
2 2633 2643
2 2633 5020
2 2634 6017
2 2634 2640
2 2634 3840
2 2634 6020
2 2634 3841
2 2634 3843
2 2635 6112
2 2635 6118
2 2635 2641
2 2635 4206
2 2635 4207
2 2635 6105
2 2636 2637
2 2636 4937
2 2636 4945
2 2636 4930
2 2636 2646
2 1568 2636
2 2637 4937
2 2637 4930
2 2637 4945
2 1571 2637
2 2638 2639
2 2638 5172
2 2638 2642
2 2638 5166
2 1846 2638
2 2638 5183
2 2638 2652
2 2639 2642
2 2639 5166
2 2639 5172
2 1841 2639
2 2640 6020
2 2640 6017
2 2640 6025
2 2640 3840
2 2640 3841
2 2641 6118
2 2641 6125
2 2641 4206
2 2641 6112
2 908 2641
2 2641 4207
2 2642 5166
2 2642 5160
2 2643 5020
2 2643 5010
2 2643 2653
2 2643 5000
2 2644 5968
2 2644 2648
2 2644 3318
2 2644 3319
2 2644 5973
2 2644 3321
2 2644 5962
2 2645 2646
2 2645 4949
2 2645 4954
2 2645 4958
2 1563 2645
2 2646 4949
2 2646 4945
2 2646 4954
2 2647 5250
2 2648 5973
2 2648 5968
2 2648 3318
2 2648 3319
2 2648 5980
2 2648 2654
2 2648 3321
2 2649 2650
2 2649 5187
2 2649 2660
2 2649 2652
2 2649 5196
2 2650 2652
2 2650 5187
2 2650 5183
2 2651 2658
2 2651 4250
2 2651 6139
2 2651 6125
2 2651 4248
2 2651 2664
2 2641 2651
2 2652 5183
2 2652 5187
2 2653 5020
2 2653 2662
2 2653 5010
2 1678 2653
2 2653 5048
2 1673 2653
2 2654 5980
2 2654 2661
2 2654 5973
2 2654 2666
2 2644 2654
2 2654 5968
2 2654 3318
2 2655 4964
2 2655 2656
2 2655 4970
2 2655 2667
2 2656 4964
2 2656 4958
2 2656 4954
2 2656 4970
2 1556 2656
2 2657 3868
2 2657 2663
2 2657 6025
2 2657 3866
2 2657 6020
2 2657 6045
2 2640 2657
2 2657 3865
2 2658 6139
2 2658 4248
2 2658 4250
2 2658 2664
2 2658 4247
2 2658 6141
2 2659 5201
2 2659 2660
2 2659 5196
2 1296 2659
2 2659 5206
2 1884 2659
2 1870 2659
2 2660 5196
2 2660 5201
2 1309 2660
2 2660 5187
2 2661 5980
2 2661 2666
2 2661 3378
2 2661 5992
2 2661 5973
2 2661 2670
2 2648 2661
2 2662 5048
2 2662 2676
2 2662 5020
2 2643 2662
2 2663 3868
2 2663 3866
2 2663 6045
2 2663 2673
2 2663 3865
2 2663 6025
2 2663 2677
2 2664 6141
2 2664 4247
2 2664 6139
2 2664 4248
2 2664 4245
2 2664 4250
2 2665 2667
2 2665 4979
2 2665 4984
2 2665 2683
2 2666 3378
2 2666 5992
2 2666 2670
2 2666 3377
2 2666 6000
2 2666 2675
2 2666 5980
2 2667 4979
2 2667 4970
2 2668 5216
2 2668 2671
2 2668 5221
2 2668 2672
2 2668 5211
2 2669 5912
2 2669 3099
2 2669 3097
2 2669 3071
2 2669 3096
2 2669 3073
2 2669 3095
2 2669 5934
2 2670 5992
2 2670 6000
2 2670 3378
2 2670 3377
2 2670 2675
2 2670 3375
2 2670 6007
2 816 2670
2 2671 5216
2 2671 2672
2 2671 5211
2 2672 5211
2 2672 5206
2 2672 5216
2 2673 6045
2 2673 3865
2 2673 3866
2 2673 2677
2 2673 3868
2 2657 2673
2 2674 6152
2 2674 6146
2 2674 4241
2 2674 4244
2 2674 2678
2 2674 4240
2 2674 4245
2 2675 6000
2 2675 3375
2 2675 6007
2 2675 2680
2 2675 3377
2 2675 5992
2 2675 2682
2 2676 5048
2 2676 2698
2 2676 2695
2 1695 2676
2 1742 2676
2 2653 2676
2 2677 3865
2 2677 6045
2 2677 3866
2 2677 3868
2 2657 2677
2 2678 2681
2 2678 6152
2 2678 4240
2 2678 4238
2 2678 6157
2 2678 4241
2 2679 2683
2 2679 4989
2 2679 4995
2 2679 2687
2 1543 2679
2 2680 6007
2 2680 2682
2 2680 3375
2 2680 3372
2 2680 6000
2 2680 3371
2 2680 3377
2 2681 6157
2 2681 4238
2 2681 4240
2 2681 6152
2 2681 6162
2 2681 4241
2 2682 6007
2 2682 3372
2 2682 3371
2 2682 3375
2 2682 6000
2 2683 4989
2 2683 4984
2 2683 4995
2 2684 5293
2 1223 2684
2 2096 2684
2 1217 2684
2 2684 2701
2 2685 5227
2 2685 5221
2 2685 5232
2 2668 2685
2 2685 5216
2 2686 4999
2 2686 2687
2 2686 5005
2 2686 4995
2 2687 4995
2 2687 4999
2 2688 6162
2 2688 6169
2 2688 2693
2 2688 6157
2 2681 2688
2 2688 6175
2 2688 2697
2 2689 5249
2 2689 2690
2 2689 5244
2 2689 2692
2 2689 5238
2 2690 2692
2 2690 5244
2 2690 5238
2 2690 5249
2 2690 5232
2 2691 2694
2 2691 3371
2 2682 2691
2 2691 3372
2 2680 2691
2 2691 6027
2 816 2691
2 2692 5238
2 2692 5244
2 2692 5232
2 2693 6169
2 2693 2697
2 2693 6175
2 2693 6162
2 2693 6180
2 882 2693
2 2694 6027
2 2694 2702
2 811 2694
2 2694 6031
2 2694 2708
2 2694 3371
2 2695 2698
2 2695 5085
2 2695 2711
2 2695 2709
2 1754 2695
2 2696 2704
2 2696 6083
2 2696 3887
2 2696 3886
2 2677 2696
2 2696 6090
2 2697 6175
2 2697 6180
2 2697 6169
2 2697 2705
2 2697 6186
2 2698 5085
2 1476 2698
2 2698 2711
2 1751 2698
2 2698 2709
2 2699 5009
2 2699 2700
2 2699 5005
2 2699 2714
2 1529 2699
2 1519 2699
2 2700 5005
2 2700 5009
2 2686 2700
2 2701 2717
2 2701 5341
2 2702 6031
2 2702 6027
2 2702 2708
2 2702 6036
2 801 2702
2 2702 3406
2 2703 2706
2 2703 5260
2 2703 2707
2 2703 2724
2 2703 5269
2 2704 6083
2 2704 3887
2 2704 3886
2 2704 6090
2 2704 2718
2 914 2704
2 2704 3883
2 2705 6186
2 2705 4273
2 2705 2710
2 2705 6180
2 2705 4271
2 2705 6192
2 867 2705
2 2706 5260
2 2706 2707
2 2706 5249
2 2707 5260
2 2707 5249
2 1928 2707
2 2708 6031
2 2708 6036
2 2708 6027
2 2708 3406
2 2708 2716
2 2708 6042
2 2709 2711
2 2709 5085
2 2709 2729
2 2710 4271
2 2710 4273
2 2710 6192
2 2710 6186
2 2710 4270
2 2710 4268
2 2711 5085
2 2712 2713
2 2712 5026
2 2712 5019
2 2712 2714
2 2713 5019
2 2713 2714
2 2713 5026
2 2714 5019
2 2714 5026
2 2715 3137
2 2715 3135
2 2715 5934
2 2715 3095
2 2715 5974
2 2715 3096
2 2715 3097
2 2716 3406
2 2716 6042
2 2716 3404
2 2716 2720
2 2716 6036
2 2716 6047
2 2716 3403
2 2717 5341
2 2717 5348
2 2718 6090
2 2718 3883
2 2718 3886
2 2718 3887
2 2718 3882
2 2718 6098
2 2718 6083
2 2719 6196
2 2719 4267
2 2719 4268
2 2719 2722
2 2719 4270
2 2719 6192
2 2719 4265
2 2720 6047
2 2720 6042
2 2720 3404
2 2720 3403
2 2720 3406
2 2720 6054
2 2721 2723
2 2721 5272
2 2721 2724
2 2721 5269
2 2721 5281
2 2721 2737
2 2722 4267
2 2722 6201
2 2722 4265
2 2722 2725
2 2722 6196
2 2722 4264
2 2723 5272
2 2723 2724
2 2723 5269
2 1943 2723
2 2703 2723
2 2724 5269
2 2724 5272
2 1262 2724
2 2725 6201
2 2725 4264
2 2725 6206
2 2725 2727
2 2725 4265
2 2725 4267
2 2726 6054
2 2726 2728
2 2726 6058
2 2726 3401
2 2726 2731
2 2726 6064
2 2726 3398
2 2726 6047
2 2727 6206
2 2727 2730
2 2727 4264
2 2727 6201
2 2727 6212
2 2727 4265
2 2728 6058
2 2728 2731
2 2728 6054
2 2728 6064
2 2728 3398
2 2728 3401
2 2729 5112
2 1751 2729
2 2711 2729
2 2729 2741
2 1476 2729
2 2730 6212
2 2730 6217
2 2730 6206
2 2725 2730
2 2730 4264
2 2730 6201
2 851 2730
2 2731 6064
2 2731 6058
2 2731 2735
2 2731 3398
2 2731 6070
2 2732 5035
2 2732 5042
2 2712 2732
2 2732 5047
2 1639 2732
2 2733 5380
2 2733 5348
2 2733 2745
2 1205 2733
2 2733 5341
2 2717 2733
2 2106 2733
2 2734 2736
2 2734 2753
2 2734 5284
2 1971 2734
2 2735 6070
2 2735 2739
2 2735 6064
2 2735 6075
2 2735 3398
2 2735 6058
2 2736 5284
2 2736 2737
2 1232 2736
2 2737 5281
2 2737 5284
2 1976 2737
2 2738 2746
2 2738 5986
2 2738 5974
2 2738 3135
2 2738 6001
2 2738 3137
2 2738 6008
2 2738 6013
2 2739 6075
2 2739 6070
2 2739 2749
2 2739 6064
2 2731 2739
2 785 2739
2 2740 2741
2 2740 2755
2 2740 5148
2 2740 5112
2 2741 5112
2 2741 2755
2 2741 5148
2 1787 2741
2 2742 6126
2 2742 2751
2 2742 6119
2 2742 3881
2 2742 6106
2 886 2742
2 2743 2748
2 2743 6217
2 2743 2752
2 2743 2754
2 2743 6212
2 2743 4302
2 2743 6233
2 2744 5053
2 2744 5047
2 2744 5058
2 2745 5380
2 2745 2759
2 2745 2757
2 2745 5422
2 2745 5348
2 1205 2745
2 2746 5986
2 2746 5974
2 2746 6001
2 2746 3135
2 2746 6008
2 2746 3137
2 2746 6013
2 2747 5303
2 2747 2750
2 2747 5309
2 2747 2753
2 2748 2752
2 2748 2754
2 2748 6233
2 2748 4302
2 834 2748
2 2748 6217
2 2749 6075
2 2749 6086
2 2749 3430
2 2749 6070
2 2735 2749
2 2749 2758
2 2750 5303
2 2750 2753
2 2750 5299
2 2751 6126
2 2751 3914
2 2751 6153
2 2751 6119
2 2752 2754
2 2752 4302
2 2752 6233
2 2752 4300
2 2752 6237
2 2753 5299
2 2753 5303
2 1979 2753
2 2754 6233
2 2754 4302
2 2754 4300
2 2754 6237
2 2754 4299
2 2755 5148
2 1793 2755
2 2755 2766
2 2755 5157
2 2756 5065
2 2756 5070
2 2756 5058
2 1491 2756
2 1644 2756
2 2757 2759
2 2757 5422
2 2757 5438
2 2757 5380
2 2757 2780
2 1140 2757
2 2758 6093
2 2758 3430
2 2758 6086
2 2758 6094
2 2758 3428
2 2758 2763
2 2758 6101
2 2758 3427
2 2758 2768
2 2759 5422
2 2759 5380
2 2759 5438
2 2733 2759
2 2759 2780
2 2760 6243
2 2760 6244
2 2760 4299
2 2760 2765
2 2760 6237
2 2760 4297
2 2760 4300
2 2760 6249
2 2761 2762
2 2761 5321
2 2761 5326
2 2761 2764
2 2762 2764
2 2762 5321
2 2762 5315
2 2762 5326
2 1999 2762
2 2763 6094
2 2763 6101
2 2763 3428
2 2763 6093
2 2763 2768
2 2763 3427
2 2763 3430
2 760 2763
2 2764 5315
2 2764 5321
2 2764 5309
2 2765 6249
2 2765 6244
2 2765 4297
2 2765 4296
2 2765 6255
2 2765 6243
2 2766 5157
2 2766 5164
2 2766 5170
2 2766 2774
2 2767 2769
2 2767 5079
2 2767 5084
2 2767 2778
2 2768 3427
2 2768 6101
2 2768 6094
2 2768 3428
2 2768 3425
2 2768 6109
2 2768 6093
2 2769 5070
2 2769 5079
2 1665 2769
2 2770 5336
2 2770 2771
2 2770 5340
2 2770 2773
2 2770 5332
2 2771 2773
2 2771 5336
2 2771 5332
2 2020 2771
2 2772 6259
2 2772 6255
2 2772 2777
2 2772 4293
2 2772 4294
2 2772 4291
2 2772 4296
2 2773 5332
2 2773 5326
2 2773 5336
2 2774 5170
2 2774 5176
2 2774 5164
2 2775 6109
2 2775 3424
2 2775 2779
2 2775 6114
2 2775 3425
2 2775 6122
2 2775 2781
2 2776 5091
2 2776 2778
2 2776 2798
2 2776 5098
2 2776 5084
2 1665 2776
2 2777 6259
2 2777 4291
2 2777 4293
2 2777 4294
2 2777 2784
2 2777 6255
2 821 2777
2 2778 5084
2 2778 5091
2 2778 5079
2 2779 6114
2 2779 6122
2 2779 2781
2 2779 3424
2 2779 2785
2 2779 6109
2 2779 3425
2 2780 5466
2 2780 5438
2 2780 2799
2 1129 2780
2 2780 5422
2 2235 2780
2 2781 6122
2 2781 2785
2 2781 6114
2 2781 6129
2 2781 2786
2 2782 2787
2 2782 5356
2 2782 5362
2 2782 2789
2 2782 5347
2 1198 2782
2 2783 6176
2 2783 6170
2 2783 6181
2 2783 6163
2 2783 6187
2 2784 4290
2 2784 6270
2 2784 4291
2 2784 6259
2 2784 2788
2 2784 6275
2 2785 6129
2 2785 6122
2 2785 2786
2 2785 6135
2 2785 6114
2 2786 6135
2 2786 6129
2 2786 2790
2 2786 6122
2 2786 2795
2 2787 2789
2 2787 5347
2 2787 5356
2 2788 6275
2 2788 6270
2 2788 2792
2 2788 6281
2 2788 4290
2 2788 2797
2 2789 5347
2 2789 5356
2 2789 5340
2 2790 6135
2 2790 2795
2 2790 3464
2 2790 6129
2 2790 2800
2 2785 2790
2 2791 2793
2 2791 5192
2 2791 5176
2 1814 2791
2 2792 6281
2 2792 2797
2 2792 6275
2 2792 6286
2 2792 2803
2 2792 6270
2 2793 5176
2 2793 5192
2 2774 2793
2 2793 5170
2 2794 5104
2 2794 2796
2 2794 5111
2 2794 5098
2 2795 3464
2 2795 2800
2 2795 3462
2 2795 6144
2 2795 6135
2 731 2795
2 2796 2798
2 2796 5098
2 2796 5104
2 2796 5091
2 1467 2796
2 2797 6286
2 2797 6281
2 2797 2803
2 2797 6293
2 2797 6275
2 2798 5098
2 2798 5091
2 2798 5104
2 2799 5466
2 2799 2817
2 2800 6144
2 2800 3464
2 2800 3462
2 2800 3460
2 2800 2808
2 2800 6148
2 2801 2804
2 2801 5379
2 2801 2825
2 2801 5386
2 2801 5373
2 2801 2805
2 2802 3956
2 2802 3955
2 2802 2809
2 854 2802
2 2802 2815
2 2802 6187
2 2802 3954
2 2802 2821
2 2803 6286
2 2803 6293
2 2803 6281
2 2803 2810
2 2803 6300
2 2804 2805
2 2804 5373
2 2804 5379
2 2804 2806
2 2805 5373
2 2805 2806
2 2805 5379
2 2806 5362
2 2806 5367
2 2806 5373
2 2807 3204
2 2807 6048
2 2807 6065
2 2807 3203
2 2807 6037
2 2807 6023
2 776 2807
2 2807 2854
2 2808 6148
2 2808 2813
2 2808 3460
2 2808 3459
2 2808 6144
2 2809 2815
2 2809 3955
2 2809 3954
2 2809 3956
2 2809 2821
2 2809 6207
2 2809 3953
2 2810 6300
2 2810 6293
2 2810 2816
2 2810 6306
2 2810 2822
2 2810 4335
2 2810 6286
2 2811 5123
2 2811 2812
2 2811 5117
2 2811 5130
2 2811 2828
2 2812 5117
2 2812 5123
2 2812 5111
2 2813 6148
2 2813 3459
2 2813 6154
2 2813 3460
2 2813 3458
2 2814 2817
2 2814 2831
2 2224 2814
2 2799 2814
2 2815 2821
2 2815 3954
2 2815 6207
2 2815 3953
2 2815 3955
2 2815 3949
2 2816 6300
2 2816 6306
2 2816 2822
2 2816 4335
2 2816 6293
2 2816 4334
2 2817 2831
2 2818 2819
2 2818 5405
2 2818 5398
2 2818 2820
2 2818 2836
2 1171 2818
2 2819 2820
2 2819 5398
2 2819 2823
2 2819 5405
2 2820 2823
2 2820 5398
2 2820 5393
2 2820 2825
2 2821 6207
2 2821 3953
2 2821 3954
2 2821 3949
2 2821 2829
2 2822 6306
2 2822 4335
2 2822 6300
2 2822 4334
2 2822 4332
2 2823 5393
2 2823 2825
2 2823 5386
2 2824 6160
2 2824 6154
2 2824 3456
2 2824 3454
2 2824 3458
2 727 2824
2 2824 2832
2 2825 5386
2 2825 5393
2 2825 5379
2 2826 5214
2 2826 5218
2 2826 2838
2 1838 2826
2 2826 2837
2 2827 2828
2 2827 5133
2 2827 5140
2 2827 5130
2 1464 2827
2 2827 5147
2 2828 5130
2 2828 5133
2 2828 5123
2 2828 5140
2 2829 3949
2 2829 6207
2 2829 3953
2 2829 2839
2 2829 3954
2 2829 2843
2 2830 6312
2 2830 4332
2 2830 4331
2 2830 2835
2 2830 4334
2 2830 6318
2 2830 4328
2 2831 2847
2 2831 2846
2 2832 6166
2 2832 3452
2 2832 6160
2 2832 3451
2 2832 3454
2 2832 6172
2 2833 5417
2 2833 2834
2 2833 5421
2 2833 2836
2 2833 5427
2 2834 5417
2 2834 2836
2 2834 5421
2 2835 6318
2 2835 2840
2 2835 4331
2 2835 6312
2 2835 4328
2 2835 4332
2 2835 4327
2 2836 5417
2 2836 5405
2 2837 2838
2 2837 5235
2 2837 5241
2 2837 2856
2 2837 5218
2 2838 5235
2 2838 5241
2 2838 5218
2 2838 5214
2 2839 2843
2 2839 3949
2 848 2839
2 2839 6207
2 2839 3953
2 2821 2839
2 2840 6318
2 2840 4328
2 2840 4327
2 2840 2844
2 2840 6324
2 2840 4331
2 2840 4326
2 2841 2842
2 2841 5156
2 2841 5152
2 2841 2845
2 2842 5152
2 2842 2845
2 2842 5156
2 2843 3949
2 848 2843
2 2843 6207
2 2843 3953
2 2844 6324
2 2844 2849
2 2844 4326
2 2844 4327
2 2844 6330
2 2844 4322
2 2844 6318
2 2845 5147
2 2845 5152
2 2845 5140
2 2846 2847
2 2846 2864
2 2846 2862
2 2295 2847
2 2847 2864
2 2848 2850
2 2848 5444
2 2848 5437
2 2848 2851
2 2848 5451
2 2849 6330
2 2849 6324
2 2849 4322
2 2849 4326
2 2849 4321
2 2849 4327
2 2850 5437
2 2850 2851
2 2850 5444
2 2850 5432
2 2850 2852
2 2851 5432
2 2851 2852
2 2851 5437
2 2851 5444
2 2851 5427
2 2852 5432
2 2852 5427
2 2852 5437
2 2852 5421
2 1139 2852
2 2853 2856
2 2853 5257
2 2853 5241
2 2853 5235
2 2837 2853
2 2854 2860
2 2854 6102
2 2854 2866
2 2854 3240
2 2854 6115
2 2854 6123
2 2854 6130
2 2855 2861
2 2855 6183
2 685 2855
2 2855 6198
2 2855 2872
2 687 2855
2 2855 6172
2 2856 5257
2 2856 5241
2 2856 5235
2 2838 2856
2 2857 2858
2 2857 5175
2 2857 5169
2 2857 2859
2 2858 2859
2 2858 5169
2 2858 5175
2 1734 2858
2 2859 5169
2 2859 5156
2 2859 5175
2 2860 6102
2 2860 2866
2 2860 3240
2 2860 6115
2 2860 6123
2 2860 6130
2 2860 6136
2 2861 6198
2 2861 2872
2 687 2861
2 2861 6183
2 2861 6204
2 2862 5547
2 2862 2864
2 2862 2881
2 2862 2878
2 2863 6343
2 2863 6349
2 2863 2870
2 2863 6338
2 2863 6355
2 2863 4320
2 2863 2875
2 2864 5547
2 2864 2881
2 2865 2867
2 2865 5471
2 2865 5465
2 2865 2868
2 2865 5477
2 2866 3240
2 2866 6102
2 2866 6115
2 2866 6123
2 2866 6130
2 2866 6136
2 2867 2868
2 2867 5465
2 2867 5471
2 2867 2871
2 2867 5459
2 2126 2867
2 2868 2871
2 2868 5459
2 2868 5465
2 2869 6250
2 2869 2874
2 2869 4002
2 2869 3999
2 2869 2879
2 2869 3998
2 2870 6349
2 2870 6355
2 2870 2875
2 2870 6343
2 2870 2880
2 2870 6361
2 2871 5459
2 2871 5451
2 2871 5465
2 2872 6198
2 2872 6204
2 2872 2877
2 2872 3518
2 677 2872
2 2872 2886
2 2873 2876
2 2873 5185
2 2873 5180
2 1436 2873
2 2873 5191
2 2873 2892
2 2874 4002
2 2874 3999
2 2874 6250
2 2874 2879
2 2874 3998
2 2874 6260
2 2875 6355
2 2875 2880
2 2875 6361
2 2875 6349
2 2875 6343
2 2876 5180
2 2876 5185
2 2876 5175
2 2857 2876
2 2877 6204
2 2877 3518
2 2877 6198
2 2877 2886
2 2877 3517
2 2877 6210
2 2878 5571
2 2878 2881
2 2878 5547
2 2864 2878
2 2879 3999
2 2879 3998
2 2879 6260
2 2879 4002
2 2879 6250
2 2880 6361
2 2880 6355
2 2880 6367
2 2880 6349
2 2881 5571
2 2881 5547
2 2295 2881
2 2882 2883
2 2882 5482
2 2882 5487
2 2882 2884
2 1120 2882
2 2883 2884
2 2883 5482
2 2883 5477
2 2883 5487
2 2884 5477
2 2884 5482
2 2884 5471
2 1126 2884
2 2885 2887
2 2885 5275
2 2886 6210
2 2886 3517
2 2886 2890
2 2886 6215
2 2886 3514
2 2886 3518
2 2886 6204
2 2887 5275
2 2888 2889
2 2888 5203
2 2888 5199
2 2888 2892
2 1410 2888
2 2888 5208
2 2888 2906
2 2889 5199
2 2889 2892
2 2889 5203
2 2889 5191
2 2889 5208
2 2890 3514
2 2890 6210
2 2890 6215
2 2890 3517
2 2890 3510
2 2890 3518
2 2891 6371
2 2891 6367
2 2891 2894
2 2891 6377
2 2891 2897
2 2891 6361
2 2880 2891
2 2892 5199
2 2892 5191
2 1419 2892
2 2892 5203
2 2892 5185
2 2893 3994
2 2893 3991
2 2893 6276
2 2893 3995
2 2893 2902
2 2893 6260
2 2893 3998
2 2894 6371
2 2894 6377
2 2894 2897
2 2894 6382
2 2894 6367
2 2894 2903
2 2895 2910
2 2895 2907
2 2895 5571
2 2878 2895
2 2895 5619
2 2881 2895
2 2896 6219
2 2896 3503
2 2896 6225
2 2896 3507
2 2896 3500
2 2896 3510
2 2896 3498
2 2897 6377
2 2897 6382
2 2897 2903
2 2897 6371
2 2897 6387
2 2898 2899
2 2898 5497
2 2898 2900
2 2899 2900
2 2899 5497
2 2900 5497
2 2900 5492
2 2901 2921
2 2901 2919
2 1929 2901
2 1370 2901
2 2885 2901
2 2902 6276
2 2902 6287
2 2902 3991
2 2902 2913
2 2902 3994
2 2902 6294
2 2903 6382
2 2903 6377
2 2903 6387
2 2903 2909
2 2903 4384
2 2904 6229
2 2904 3498
2 2904 3495
2 2904 2908
2 2904 6225
2 2904 3500
2 2904 3493
2 2905 5213
2 2905 2906
2 2905 5208
2 2905 2923
2 2906 5208
2 2906 5213
2 2906 5203
2 2907 2910
2 2907 5619
2 2907 2927
2 2908 6229
2 2908 2912
2 2908 3493
2 2908 3495
2 2908 3498
2 2908 6240
2 664 2908
2 2909 4384
2 2909 6393
2 2909 2914
2 2909 6387
2 2909 4383
2 2909 4381
2 2909 6402
2 2910 5619
2 2910 2927
2 2911 2915
2 2911 5513
2 2911 5522
2 2911 2916
2 2912 3493
2 2912 6240
2 2912 6229
2 2912 3495
2 2904 2912
2 2912 2917
2 2913 6294
2 2913 6287
2 2913 6301
2 2913 6307
2 2913 6276
2 810 2913
2 2914 6393
2 2914 4383
2 2914 4384
2 2914 6402
2 2914 4381
2 2914 6387
2 2914 4380
2 2915 2916
2 2915 5513
2 2915 5522
2 1104 2915
2 2916 5513
2 2167 2916
2 2917 6240
2 2917 2920
2 2917 2924
2 2917 6252
2 2917 3493
2 2908 2917
2 2918 2919
2 2918 5307
2 2918 2921
2 2918 2938
2 2901 2918
2 1360 2918
2 2918 2935
2 2919 2921
2 2919 5307
2 1937 2919
2 2919 2938
2 2920 2924
2 2920 6252
2 2920 6240
2 2920 2926
2 2920 6257
2 2912 2920
2 2921 5307
2 1365 2921
2 1966 2921
2 2922 5230
2 2922 2923
2 2922 5224
2 2922 5234
2 2922 2944
2 1784 2922
2 2923 5224
2 2923 5230
2 1770 2923
2 2923 5234
2 2924 6252
2 2924 2926
2 2924 6257
2 2924 2930
2 2924 6263
2 2925 4377
2 2925 6413
2 2925 2929
2 2925 4374
2 2925 6408
2 2925 4372
2 2925 4378
2 2926 6257
2 2926 6252
2 2926 2930
2 2926 6263
2 2926 2934
2 2917 2926
2 2927 5619
2 2927 2948
2 2927 2945
2 2928 2931
2 2928 5538
2 2928 2932
2 2928 5528
2 2929 6413
2 2929 4372
2 2929 4374
2 2929 6417
2 2929 4370
2 2930 6257
2 2930 6263
2 2930 2934
2 2930 6252
2 2930 2940
2 2931 2932
2 2931 5538
2 2931 5528
2 2931 2933
2 2932 2933
2 2932 5528
2 2933 5528
2 1084 2933
2 2207 2933
2 2933 5522
2 2934 6263
2 2934 2940
2 2934 6257
2 2934 3565
2 2934 3563
2 2935 2938
2 2935 5307
2 2935 2955
2 1351 2935
2 2936 6319
2 2936 6325
2 2936 6313
2 2936 2946
2 2936 4062
2 2936 6331
2 2937 6418
2 2937 4369
2 2937 6424
2 2937 4367
2 2937 4370
2 2937 2941
2 2937 6417
2 2938 5307
2 2939 3283
2 2939 3285
2 2939 3282
2 2939 2970
2 2939 6149
2 2939 2979
2 747 2939
2 2940 3565
2 2940 3563
2 2940 6263
2 2940 6273
2 2940 2949
2 2940 3562
2 2941 6430
2 2941 4364
2 2941 6424
2 2941 4367
2 2941 2947
2 2941 4362
2 2942 2943
2 2942 5246
2 2942 5254
2 2942 2944
2 2943 5246
2 2943 2944
2 2943 5240
2 2943 5254
2 2944 5240
2 2944 5234
2 2944 5246
2 2945 2948
2 2945 5678
2 2945 2962
2 2945 2958
2 2946 6331
2 2946 4062
2 2946 6325
2 2946 6319
2 2946 4060
2 2946 2959
2 2947 4362
2 2947 6430
2 2947 6436
2 2947 2951
2 2947 4361
2 2947 4364
2 2948 5678
2 2948 2962
2 2948 2958
2 2949 6273
2 2949 3562
2 2949 3561
2 2949 3563
2 2949 6279
2 2949 3558
2 2949 3565
2 2950 2952
2 2950 5557
2 2950 5552
2 2950 2953
2 2951 6436
2 2951 6437
2 2951 4361
2 2951 4358
2 2951 4362
2 2951 4357
2 723 2951
2 2952 2953
2 2952 5552
2 2952 5557
2 2953 2954
2 2953 5552
2 2953 5557
2 1066 2954
2 2954 5552
2 2952 2954
2 2232 2954
2 2954 5557
2 2955 5344
2 2938 2955
2 1966 2955
2 2956 2957
2 2956 5263
2 2956 5266
2 2956 5254
2 2957 5254
2 2958 2962
2 2958 5678
2 2959 4060
2 2959 2963
2 2959 4057
2 2959 2967
2 2959 6331
2 2959 4062
2 2960 4357
2 2960 2964
2 2960 4358
2 2960 6437
2 2960 6434
2 2951 2960
2 2961 6290
2 2961 3556
2 2961 3557
2 2961 3555
2 2961 3558
2 2961 6297
2 2961 6279
2 2961 2971
2 2962 5678
2 2963 4057
2 2963 2967
2 2963 4060
2 2963 4056
2 2963 6362
2 2963 4053
2 2964 6434
2 2964 2968
2 2964 4357
2 2964 6429
2 2964 4358
2 2965 2966
2 2965 5583
2 2965 5589
2 2965 2969
2 2965 5576
2 2966 2969
2 2966 5583
2 2966 5576
2 2966 5570
2 2967 4057
2 2967 4056
2 2967 6362
2 2967 4053
2 2967 4060
2 2968 6434
2 2968 6429
2 2960 2968
2 705 2968
2 2968 4357
2 2969 5576
2 2969 5570
2 2969 5583
2 2970 2979
2 2970 3282
2 2970 6230
2 2970 3283
2 2970 3285
2 2970 3010
2 2970 3316
2 734 2970
2 2971 6297
2 2971 3553
2 2971 3550
2 2971 6303
2 2971 3555
2 2971 6290
2 2971 3556
2 2972 2973
2 2972 5274
2 2972 2974
2 2972 2985
2 2972 5279
2 2972 5266
2 2973 2974
2 2973 5274
2 2973 5266
2 1810 2973
2 1382 2973
2 2974 5266
2 2974 5274
2 2958 2975
2 2962 2975
2 2976 2977
2 2976 2978
2 2976 5613
2 2976 5605
2 2977 2978
2 2977 5605
2 2977 2981
2 2978 2981
2 2978 5605
2 2978 5599
2 2979 6230
2 2979 3282
2 2979 3283
2 2979 3010
2 2979 3316
2 2979 3285
2 2979 6264
2 2980 6310
2 2980 6303
2 2980 2984
2 2980 3549
2 2980 3550
2 2980 6315
2 618 2980
2 2971 2980
2 2981 5599
2 2981 5605
2 2981 5593
2 2267 2981
2 2982 2983
2 2982 5286
2 2982 5282
2 2982 2985
2 2982 5279
2 2982 5296
2 2983 5282
2 2983 2985
2 2983 5279
2 2983 5286
2 2983 5274
2 2984 6315
2 2984 6310
2 2984 3549
2 2984 6303
2 2984 3550
2 2984 6321
2 2985 5279
2 2985 5282
2 2985 5274
2 2985 5286
2 1848 2985
2 2986 2987
2 2986 5628
2 2986 2988
2 2279 2986
2 1025 2986
2 2986 5618
2 2987 2988
2 2987 2989
2 2987 5618
2 2988 2989
2 2988 5618
2 2988 5613
2 2989 5618
2 2989 5613
2 2990 6412
2 2990 2994
2 2990 6419
2 2990 6406
2 2990 3003
2 2990 6423
2 2991 5402
2 2991 5409
2 2991 5390
2 2992 2993
2 2992 5296
2 2992 5306
2 2992 3012
2 2992 5312
2 2993 5296
2 2993 5306
2 2993 5286
2 2982 2993
2 2994 6412
2 2994 6406
2 2994 3003
2 2994 6419
2 2995 2997
2 2995 5798
2 2995 3013
2 2995 5815
2 2996 6321
2 2996 6328
2 2996 3001
2 2996 6334
2 2996 6315
2 594 2996
2 2997 5798
2 2997 3013
2 2998 2999
2 2998 5651
2 2998 3000
2 2998 5647
2 2998 3022
2 2999 3000
2 2999 5647
2 2999 5651
2 2999 3004
2 2999 5644
2 3000 3004
2 3000 5647
2 3000 5644
2 3000 5638
2 3000 5651
2 3001 6328
2 3001 6334
2 3001 6321
2 3001 6341
2 606 3001
2 3002 6388
2 3002 6394
2 3002 3007
2 3002 4050
2 3002 3020
2 3003 6406
2 3003 6397
2 3003 6412
2 3004 5644
2 3004 5638
2 3004 5647
2 3004 5633
2 2998 3004
2 3005 3006
2 3005 3008
2 3005 3024
2 3005 5414
2 2053 3005
2 3006 3008
2 3006 5414
2 2053 3006
2 3006 5409
2 3007 6394
2 3007 6388
2 3007 3020
2 763 3007
2 3007 3025
2 3008 5414
2 3008 5409
2 3009 5318
2 3009 3012
2 3009 5312
2 3009 5323
2 3009 5306
2 3010 3316
2 3010 6264
2 3010 3315
2 3010 6230
2 3010 3282
2 3010 3283
2 3011 6345
2 3011 3014
2 3011 6341
2 3011 6352
2 3011 3018
2 3011 3639
2 3011 6334
2 3011 6358
2 3012 5312
2 3012 5306
2 3012 5318
2 1878 3012
2 3013 5798
2 3013 5815
2 3013 5835
2 3014 6345
2 3014 6352
2 3014 3018
2 3014 3639
2 3014 6358
2 3014 6341
2 587 3014
2 3014 3023
2 3015 5666
2 3015 3017
2 3015 5661
2 3015 3019
2 3016 6395
2 3016 3021
2 3016 6389
2 3016 6397
2 3016 3026
2 3016 4524
2 660 3016
2 3017 3019
2 3017 5661
2 3017 5666
2 3017 3022
2 3018 6352
2 3018 3639
2 3018 6358
2 3018 3023
2 3018 3638
2 3018 6345
2 3019 5661
2 3019 3022
2 3019 5657
2 3020 3025
2 3020 6394
2 3020 6388
2 716 3020
2 3021 6389
2 3021 6395
2 3021 3026
2 3021 4524
2 3021 6383
2 3022 5657
2 3022 5661
2 3022 5651
2 3023 6358
2 3023 3638
2 3023 3639
2 3023 3637
2 3023 6365
2 3023 6352
2 3023 3635
2 3024 5448
2 3006 3024
2 3024 5454
2 2064 3024
2 3008 3024
2 3024 5463
2 716 3025
2 3025 6394
2 753 3025
2 3002 3025
2 3025 4143
2 3026 6383
2 3026 3030
2 3026 4524
2 3026 6389
2 3026 6379
2 3026 3033
2 3027 3028
2 3027 5329
2 3027 3042
2 1903 3027
2 3028 5329
2 3028 5323
2 1340 3028
2 1896 3028
2 3029 4070
2 3029 4087
2 3029 5840
2 3029 4093
2 3029 3043
2 3029 4054
2 3029 4102
2 3030 6383
2 3030 6379
2 3030 3033
2 3030 4524
2 3030 6389
2 3031 5835
2 3031 5815
2 3031 5855
2 3031 3045
2 3013 3031
2 942 3031
2 3032 3034
2 3032 5689
2 3032 5695
2 3032 3035
2 3033 6379
2 3033 3038
2 3033 6383
2 3033 6376
2 3033 4523
2 3034 3035
2 3034 5689
2 3034 5683
2 3034 3036
2 3035 3036
2 3035 5683
2 3035 5689
2 3036 5683
2 3036 5677
2 3037 5463
2 3037 5454
2 3037 5448
2 3037 3053
2 3037 3052
2 2112 3037
2 3038 6376
2 3038 4523
2 3038 6379
2 3038 4520
2 3030 3038
2 644 3038
2 3039 5353
2 3039 3041
2 3039 5352
2 3039 3057
2 3039 3042
2 3040 6374
2 3040 3630
2 3040 6370
2 3040 3629
2 3040 3632
2 3040 6380
2 3040 3625
2 3041 3042
2 3041 5352
2 3041 5353
2 3042 5352
2 3043 4054
2 3043 5840
2 3043 4051
2 3043 4048
2 3043 4070
2 3043 4035
2 3044 3045
2 3044 5855
2 3044 3073
2 3031 3044
2 3044 3071
2 3045 5855
2 3045 5835
2 3045 3073
2 3046 3047
2 3046 5719
2 3046 5724
2 3046 3048
2 2382 3046
2 972 3046
2 3046 5713
2 3047 3048
2 3047 5719
2 3047 5713
2 3047 3049
2 2378 3047
2 3048 3049
2 3048 5713
2 3048 5707
2 3048 3050
2 3048 5719
2 3049 5707
2 3049 3050
2 3049 5713
2 3050 5707
2 3050 5700
2 3051 6364
2 3051 4517
2 3051 4516
2 3051 3055
2 3051 6360
2 3051 6372
2 3051 4519
2 3052 3053
2 3052 3083
2 2124 3053
2 3054 4134
2 3054 4137
2 3054 6432
2 3054 4129
2 3054 4143
2 704 3054
2 3054 4116
2 3055 6360
2 3055 4516
2 3055 6356
2 3055 3058
2 3055 4514
2 3055 4517
2 3056 5364
2 3056 3057
2 3056 5359
2 3056 5370
2 3056 5353
2 3057 5359
2 3057 5353
2 3057 5364
2 3058 6356
2 3058 4514
2 3058 6360
2 3058 4513
2 3058 4516
2 3058 6351
2 3059 5729
2 3059 4115
2 3059 3061
2 3059 4113
2 3059 3062
2 3059 5732
2 3059 4111
2 3060 6398
2 3060 6399
2 3060 3616
2 3060 6390
2 3060 3617
2 3060 3614
2 3060 3613
2 3061 4113
2 3061 4115
2 3061 3062
2 3061 5729
2 3061 5732
2 3061 4111
2 3062 5732
2 3062 4113
2 3062 4111
2 3062 3063
2 3062 5739
2 3062 4115
2 3063 4111
2 3063 5739
2 3063 3064
2 3063 5732
2 3063 4113
2 0 3063
2 3063 5740
2 3064 5739
2 3064 3066
2 3064 4111
2 3064 5740
2 3064 4110
2 3064 5732
2 3065 4512
2 3065 6351
2 3065 4511
2 3065 4513
2 3065 3070
2 3065 4509
2 3058 3065
2 3065 4514
2 3066 4110
2 3066 5740
2 3066 5739
2 3066 5743
2 3066 4107
2 3063 3066
2 3067 4033
2 3067 4035
2 3067 3068
2 3067 4027
2 3067 4021
2 3067 4016
2 3067 4048
2 3067 4011
2 3068 4033
2 3068 4035
2 3068 4027
2 3068 4021
2 3068 4016
2 3068 4011
2 3068 4048
2 3069 4112
2 3069 6428
2 3069 4114
2 3069 4109
2 3069 4116
2 3069 4108
2 3070 4509
2 3070 4511
2 3070 4508
2 3070 6351
2 3070 4512
2 634 3070
2 3070 4513
2 3071 3073
2 3071 5912
2 3071 3099
2 3071 3097
2 3072 6411
2 3072 6405
2 3072 3611
2 3072 3612
2 3072 3075
2 3072 3613
2 554 3072
2 3073 5912
2 3073 3099
2 3074 3077
2 3074 5742
2 3074 5736
2 960 3074
2 3074 3079
2 3075 6415
2 3075 6411
2 3075 3078
2 3075 3610
2 3075 3611
2 3075 6421
2 3076 6339
2 3076 4506
2 3076 3081
2 3076 4505
2 3076 4508
2 3076 6333
2 3076 4503
2 3077 5736
2 3077 3079
2 3077 5742
2 3078 6415
2 3078 3610
2 3078 6421
2 3078 3084
2 3078 3607
2 3078 6411
2 3078 3088
2 3079 3082
2 3079 5736
2 3079 5730
2 957 3079
2 3080 4105
2 3080 4108
2 3080 6409
2 3080 4109
2 3080 6404
2 3080 4112
2 3069 3080
2 3081 4505
2 3081 6339
2 3081 4506
2 3081 6333
2 3081 4503
2 3081 3086
2 3081 4502
2 3082 5730
2 3082 5724
2 3082 5736
2 3077 3082
2 3083 5509
2 3084 6421
2 3084 3607
2 3084 3088
2 3084 3610
2 3084 6427
2 3084 6415
2 3084 3606
2 3085 5389
2 3085 5383
2 3085 5376
2 3085 5395
2 3086 6333
2 3086 4503
2 3086 4502
2 3086 6329
2 3086 4505
2 3086 4499
2 3087 5748
2 3087 4103
2 3087 3089
2 3087 5744
2 3087 4106
2 3087 3090
2 3087 4107
2 3088 6427
2 3088 3606
2 3088 6421
2 3088 3607
2 3088 6433
2 3088 3610
2 3089 4103
2 3089 5748
2 3089 3090
2 3089 3091
2 3089 4098
2 3089 5751
2 3090 3091
2 3090 4098
2 3090 5751
2 3090 4103
2 3090 5748
2 3090 3092
2 3091 4098
2 3091 5751
2 3091 3092
2 3091 5754
2 3092 4098
2 3092 5751
2 3092 5754
2 4 3092
2 3092 4095
2 3093 4011
2 3093 4016
2 3093 4021
2 3093 4027
2 3068 3093
2 3093 5916
2 3093 4033
2 3067 3093
2 3093 3129
2 3094 6323
2 3094 3098
2 3094 4498
2 3094 4495
2 3094 6329
2 3094 4499
2 3094 4494
2 3095 3096
2 3095 5934
2 3095 3097
2 3095 3099
2 3095 5912
2 3096 3097
2 3096 5934
2 3096 3099
2 3096 5912
2 3097 3099
2 3097 5934
2 3097 5912
2 857 3097
2 3098 6323
2 3098 4495
2 3098 4494
2 3098 4498
2 3098 4491
2 3098 4499
2 3098 6314
2 3099 5912
2 3099 5934
2 3100 3102
2 3100 5776
2 3100 5772
2 3100 5780
2 3100 3103
2 2451 3100
2 3101 6435
2 3101 3105
2 3101 6438
2 3101 3111
2 3101 6433
2 3101 6431
2 535 3101
2 3101 3606
2 3102 5772
2 3102 3103
2 3102 5776
2 3102 3104
2 3102 5766
2 3102 5780
2 3103 3104
2 3103 5772
2 3103 5766
2 3103 3106
2 3103 5760
2 3104 3106
2 3104 5766
2 3104 5760
2 3104 5772
2 3105 6435
2 3105 3111
2 3105 6431
2 3105 6438
2 517 3105
2 3105 3119
2 518 3105
2 3106 5760
2 3106 5766
2 3106 5755
2 3106 5772
2 3107 6392
2 3107 3113
2 3107 4104
2 3107 3123
2 653 3107
2 3107 6404
2 3108 6309
2 3108 3114
2 3108 4487
2 3108 6314
2 3108 4488
2 3108 4491
2 3108 6304
2 3108 4485
2 3109 3112
2 3109 5509
2 3109 3151
2 2160 3109
2 3110 3366
2 3110 3365
2 3110 6346
2 3110 3368
2 3110 3364
2 3110 3363
2 3110 6335
2 3110 6322
2 3111 6431
2 3111 3119
2 3111 6426
2 3111 6435
2 3112 5509
2 3083 3112
2 3112 3151
2 3113 4104
2 3113 6392
2 3113 3123
2 3113 6375
2 676 3113
2 3114 6309
2 3114 4487
2 3114 6304
2 3114 4485
2 3114 4488
2 3114 4484
2 3115 3116
2 3115 5408
2 3115 5413
2 3115 5401
2 3116 5401
2 3116 5408
2 3117 5759
2 3117 4094
2 3117 4090
2 3117 3118
2 10 3117
2 3117 4095
2 3117 4088
2 3117 5764
2 3117 3120
2 3118 4090
2 3118 4088
2 3118 5759
2 3118 5764
2 3118 3120
2 3118 5765
2 3118 4094
2 3119 6426
2 3119 3121
2 3119 6431
2 3119 6420
2 3120 4088
2 3120 5764
2 3120 5765
2 3120 3122
2 3120 4084
2 3120 4090
2 3120 5759
2 3121 6426
2 3121 6420
2 3121 3128
2 3121 6416
2 3121 6431
2 3122 4084
2 3122 5765
2 3122 3126
2 3122 5764
2 3122 4088
2 3118 3122
2 3122 3127
2 3123 6375
2 3123 3130
2 3123 3133
2 3123 4104
2 3124 4482
2 3124 6298
2 3124 4481
2 3124 3125
2 3124 4484
2 3124 6296
2 3124 4478
2 3125 4478
2 3125 6296
2 3125 4481
2 3125 3131
2 3125 4482
2 3125 4477
2 3125 6298
2 3126 3127
2 3126 4084
2 3126 5765
2 3120 3126
2 3126 5764
2 3126 4088
2 3126 5771
2 3127 4077
2 3127 5771
2 3127 5777
2 3127 4084
2 3127 5765
2 3127 4074
2 3128 6416
2 3128 6420
2 3128 6414
2 3128 6410
2 3128 3136
2 3128 3757
2 3129 3950
2 3129 5916
2 3129 3132
2 3129 3926
2 3129 3917
2 3129 5932
2 3129 5946
2 3130 6375
2 3130 3133
2 3130 3138
2 3130 6363
2 3130 3147
2 3131 6296
2 3131 6289
2 3131 4477
2 3131 4478
2 3131 3134
2 3131 4474
2 3132 3950
2 3132 5916
2 3132 3926
2 3132 3917
2 3132 5932
2 3093 3132
2 3132 5946
2 3133 3138
2 3133 6375
2 3133 6363
2 3133 3147
2 3133 6359
2 3134 6289
2 3134 4474
2 3134 4477
2 3134 3139
2 3134 4473
2 3134 6284
2 3134 4471
2 3135 3137
2 3135 5974
2 3135 5986
2 3135 6001
2 3136 6410
2 3136 3141
2 3136 3757
2 3136 6414
2 3136 6407
2 3136 6416
2 3136 3145
2 3137 5974
2 3137 5986
2 832 3137
2 3137 6001
2 3138 6363
2 3138 3147
2 3138 6359
2 3138 6375
2 3138 6354
2 3139 6284
2 3139 4473
2 3139 4471
2 3139 3143
2 3139 6289
2 3139 4474
2 3139 6280
2 3140 5809
2 3140 3142
2 3140 5814
2 3140 5808
2 3140 5802
2 3141 6407
2 3141 3757
2 3141 3145
2 3141 6410
2 3141 3150
2 3141 3755
2 3142 3144
2 3142 5802
2 3142 3146
2 3142 5808
2 3143 6280
2 3143 6284
2 3143 4468
2 3143 4471
2 3143 4466
2 3143 4473
2 3143 3152
2 3143 4465
2 3144 3146
2 3144 5802
2 3144 5797
2 3144 3148
2 2478 3144
2 933 3144
2 3145 6407
2 3145 3150
2 3145 6403
2 3145 3755
2 3145 3753
2 3145 3757
2 3146 3148
2 3146 5797
2 3146 3149
2 3146 5790
2 3147 6359
2 3147 6354
2 3147 6363
2 3147 3154
2 3147 6350
2 3148 3149
2 3148 5790
2 3148 5797
2 3149 5790
2 3149 5785
2 3150 6403
2 3150 3755
2 3150 3753
2 3150 6407
2 3150 6400
2 3150 3156
2 3151 5542
2 1201 3151
2 3152 3155
2 3152 6271
2 3152 4466
2 3152 4465
2 3152 4463
2 3152 6280
2 3152 4468
2 3153 3157
2 3153 5430
2 3153 3158
2 3153 5419
2 3154 6350
2 3154 6354
2 3154 6359
2 3154 6344
2 3154 6363
2 3138 3154
2 3133 3154
2 3155 6271
2 3155 4463
2 3155 3159
2 3155 4465
2 3155 4462
2 3155 4466
2 3155 6267
2 3156 6400
2 3156 3751
2 3156 3753
2 3156 3161
2 3156 6396
2 3156 6403
2 3157 3158
2 3157 5419
2 3158 5419
2 3158 5413
2 3159 4462
2 3159 6267
2 3159 4463
2 3159 4460
2 3159 6271
2 3159 4465
2 3160 5787
2 3160 5784
2 3160 3162
2 3160 4066
2 3160 5783
2 3160 3163
2 17 3160
2 3160 5779
2 3160 5791
2 3161 6396
2 3161 3751
2 3161 3749
2 3161 6400
2 3161 3748
2 3161 6391
2 3161 3753
2 3162 5787
2 3162 3163
2 3162 5784
2 3162 5791
2 3162 3165
2 3162 4066
2 3163 5791
2 3163 3165
2 3163 5799
2 3163 5787
2 3163 3166
2 3164 6265
2 3164 4457
2 3164 4459
2 3164 6267
2 3164 4460
2 3164 6256
2 3165 5791
2 3165 3166
2 3165 5799
2 3165 4061
2 3166 5799
2 3166 4061
2 3166 5791
2 3166 4059
2 3167 6013
2 3167 6008
2 3167 6023
2 3167 6001
2 3167 5986
2 2746 3167
2 3167 6037
2 2738 3167
2 3168 3170
2 3168 5839
2 3168 5845
2 3168 3172
2 3169 6386
2 3169 3747
2 3169 3746
2 3169 6391
2 3169 6381
2 3169 3744
2 3169 3748
2 3170 3172
2 3170 5834
2 3170 5839
2 3170 3173
2 3171 6256
2 3171 6251
2 3171 4456
2 3171 4455
2 3171 6265
2 3171 4457
2 3164 3171
2 3171 4453
2 3172 5834
2 3172 3173
2 3172 5827
2 3172 5839
2 3172 5833
2 3173 5827
2 3173 3174
2 3173 5834
2 3173 5833
2 3173 3175
2 3174 5827
2 3174 3175
2 3174 5820
2 3174 5833
2 3172 3174
2 3174 5834
2 3175 5820
2 3175 5827
2 3175 5814
2 2481 3175
2 3175 5833
2 3176 3178
2 3176 5555
2 3176 5550
2 3176 3180
2 3176 5561
2 1194 3176
2 2198 3176
2 3177 6247
2 3177 4453
2 3177 3183
2 3177 6251
2 3177 4452
2 3177 4455
2 3177 3187
2 3171 3177
2 3178 3180
2 3178 5550
2 3178 5555
2 3178 5561
2 3178 5542
2 3179 6378
2 3179 3741
2 3179 3742
2 3179 3185
2 3179 3740
2 3179 6381
2 3179 3744
2 3180 5550
2 3180 5542
2 3180 5555
2 3181 3184
2 3181 5447
2 3181 3186
2 1985 3181
2 1276 3181
2 3182 6320
2 3182 3195
2 3182 6337
2 3182 6311
2 3183 4452
2 3183 3187
2 3183 6247
2 3183 4449
2 3183 4453
2 3183 4448
2 3184 3186
2 3184 5447
2 3184 5441
2 3185 3740
2 3185 6378
2 3185 3188
2 3185 3741
2 3185 6373
2 3185 3738
2 3185 3742
2 3186 5441
2 3186 5447
2 3186 5434
2 3187 4449
2 3187 4452
2 3187 4448
2 3187 6239
2 3187 4445
2 3188 6373
2 3188 3738
2 3188 3737
2 3188 3192
2 3188 3740
2 3188 6369
2 3189 4052
2 3189 5810
2 3189 5806
2 3189 5812
2 3189 4049
2 3189 3190
2 3189 4055
2 3189 3191
2 3190 4049
2 3190 5812
2 3190 3191
2 3190 4052
2 3190 4045
2 3190 5810
2 3191 4045
2 3191 4049
2 3191 3193
2 3191 5816
2 3191 5812
2 3192 3737
2 3192 6369
2 3192 6373
2 3192 3736
2 3192 3738
2 3192 3197
2 3192 3734
2 3193 4045
2 3193 5816
2 3193 4049
2 3190 3193
2 3193 5812
2 3193 3194
2 3194 4039
2 3194 5819
2 3194 4036
2 3194 5816
2 3194 4045
2 3195 6311
2 3195 6320
2 3195 6308
2 3196 6239
2 3196 4445
2 3196 6235
2 3196 4448
2 3196 4443
2 3196 4449
2 3187 3196
2 3197 6369
2 3197 3736
2 3197 3734
2 3197 3737
2 3197 3732
2 3197 6373
2 3198 3845
2 3198 5987
2 3198 5979
2 3198 3849
2 3198 3835
2 3198 3854
2 3198 3199
2 3198 5963
2 3199 3200
2 3199 3835
2 3199 3202
2 3199 3824
2 3199 5999
2 3199 5987
2 3199 3845
2 3199 3815
2 3200 3202
2 3200 3824
2 3200 5999
2 3200 3835
2 3200 3815
2 3200 5987
2 3198 3200
2 3200 3845
2 3201 6232
2 3201 6235
2 3201 4442
2 3201 4443
2 3201 4440
2 3201 6227
2 3196 3201
2 3201 4439
2 3202 3824
2 3202 5999
2 3202 3815
2 3202 3835
2 3202 3806
2 3202 5987
2 3203 6065
2 3203 3204
2 3203 6048
2 3203 6037
2 2854 3203
2 2860 3203
2 3204 6048
2 3204 6065
2 3204 6037
2 776 3204
2 3204 6023
2 2854 3204
2 3205 6353
2 3205 3729
2 3205 3728
2 3205 3209
2 3205 3731
2 3205 6357
2 3205 6348
2 3206 3207
2 3206 5865
2 3206 3208
2 3206 5873
2 3206 3210
2 3207 5865
2 3207 3208
2 3207 3210
2 3207 5859
2 916 3207
2 3208 3210
2 3208 5865
2 3208 5859
2 3208 3213
2 3209 6348
2 3209 3726
2 3209 3728
2 3209 6353
2 3209 3214
2 3209 3725
2 3209 3729
2 3210 5859
2 3210 3213
2 3210 5865
2 3210 3215
2 2521 3210
2 3211 6295
2 3211 3219
2 3211 6288
2 3211 6308
2 593 3211
2 3211 6311
2 3212 6223
2 3212 4435
2 3212 4436
2 3212 4434
2 3212 3216
2 3212 6227
2 3212 6218
2 3212 4439
2 3213 5859
2 3213 3215
2 3213 5854
2 3214 6342
2 3214 3725
2 3214 6348
2 3214 3724
2 3214 3726
2 3214 3720
2 3214 3728
2 3215 5854
2 3215 5859
2 3215 5850
2 2512 3215
2 3216 6218
2 3216 4434
2 3216 4432
2 3216 4435
2 3216 6223
2 3216 4431
2 3217 3218
2 3217 5580
2 3217 3220
2 3217 5586
2 3218 3220
2 3218 5580
2 3219 6288
2 3219 6295
2 3219 6283
2 3219 3230
2 3219 6278
2 590 3219
2 3220 5561
2 3220 5580
2 3221 3717
2 3221 3720
2 3221 6336
2 3221 3724
2 3221 3715
2 3221 6342
2 3214 3221
2 3221 3233
2 3222 3224
2 3222 5474
2 3222 3225
2 3222 5462
2 3223 6214
2 3223 3226
2 3223 4429
2 3223 4431
2 3223 6209
2 3223 3231
2 3223 4428
2 3223 4432
2 3224 3225
2 3224 5462
2 3224 5474
2 3225 5462
2 1263 3225
2 3226 6209
2 3226 3231
2 3226 4428
2 3226 6214
2 3226 4429
2 3226 4426
2 3226 4431
2 3227 4017
2 3227 5829
2 3227 3228
2 3227 5826
2 3227 4022
2 3227 4012
2 3227 5836
2 3227 3229
2 3228 5829
2 3228 4012
2 3228 5836
2 3228 4017
2 3228 3229
2 3228 5826
2 3228 3232
2 3229 5836
2 3229 4012
2 3229 3232
2 3229 5829
2 3229 4004
2 3230 6283
2 3230 6278
2 3230 6288
2 3230 3237
2 3230 6274
2 3230 6295
2 3231 6209
2 3231 4428
2 3231 4426
2 3231 4429
2 3231 6214
2 3231 4425
2 3232 4004
2 3232 3234
2 3232 5836
2 3232 5841
2 3232 4012
2 3232 4001
2 3233 3713
2 3233 6332
2 3233 6336
2 3233 3709
2 3233 3715
2 3233 3717
2 3233 3706
2 3233 6327
2 3234 4004
2 3234 5841
2 3234 4001
2 3234 5843
2 3229 3234
2 3234 5836
2 3235 3779
2 3235 3236
2 3235 6022
2 3235 3787
2 3235 3238
2 137 3235
2 3235 3806
2 178 3235
2 3236 3238
2 3236 3779
2 3236 6022
2 3236 3787
2 137 3236
2 3236 3806
2 3237 6274
2 3237 6278
2 3237 6283
2 3237 3244
2 3237 6288
2 3238 3779
2 3238 6022
2 3238 3787
2 3238 3722
2 137 3238
2 3239 6327
2 3239 6326
2 3239 3705
2 3239 3706
2 3239 3243
2 3239 3704
2 3239 3709
2 3239 6332
2 3240 6102
2 3240 6115
2 3240 6123
2 3240 6130
2 3240 6136
2 3241 3242
2 3241 5903
2 3241 3246
2 3241 5897
2 3241 3247
2 3241 5911
2 3242 3246
2 3242 5903
2 3242 5897
2 3242 3247
2 3242 5890
2 892 3242
2 3243 6326
2 3243 3704
2 3243 3703
2 3243 3705
2 3243 6316
2 3243 6327
2 3244 6266
2 3244 3248
2 3244 6274
2 3244 6262
2 3244 3255
2 3244 6278
2 3245 6203
2 3245 4419
2 3245 4417
2 3245 4420
2 3245 3249
2 3245 6199
2 3245 4416
2 3245 4422
2 3246 3247
2 3246 5897
2 3246 5890
2 3246 5903
2 3246 3252
2 3247 5890
2 3247 3252
2 3247 5897
2 3247 3253
2 3248 6266
2 3248 6262
2 3248 3255
2 3248 6254
2 3248 6274
2 3237 3248
2 3249 6199
2 3249 4416
2 3249 4417
2 3249 4414
2 3249 6203
2 3249 4419
2 3249 4413
2 3250 6385
2 3250 6401
2 3250 6366
2 3250 6347
2 3250 6340
2 3250 6425
2 3251 3700
2 3251 3701
2 3251 6316
2 3251 3697
2 3251 3703
2 3251 3696
2 431 3251
2 3243 3251
2 3252 5890
2 3252 3253
2 3252 5897
2 3253 5883
2 3253 5890
2 3254 5602
2 3254 5586
2 2215 3254
2 3255 6262
2 3255 6254
2 3255 6266
2 3255 3264
2 3255 3267
2 3256 5484
2 3256 5479
2 2040 3256
2 3256 5495
2 3257 5851
2 3257 3258
2 3257 3974
2 3257 5848
2 3257 5857
2 3257 3260
2 3258 3974
2 3258 5851
2 3258 5857
2 3258 3260
2 3258 3262
2 3258 5848
2 3259 6194
2 3259 6190
2 3259 4410
2 3259 4409
2 3259 4413
2 3259 4408
2 3259 3268
2 3259 4414
2 3259 4407
2 3260 5857
2 3260 3974
2 3260 3262
2 3260 3263
2 3260 5851
2 3260 3966
2 3261 6305
2 3261 3694
2 3261 3692
2 3261 3696
2 3261 3265
2 3261 3691
2 3261 6302
2 3261 3697
2 3262 5857
2 3262 3263
2 3262 3966
2 3262 3974
2 3262 5860
2 3262 3266
2 3263 3966
2 3263 5860
2 3263 3266
2 3263 3960
2 3263 5857
2 3263 3269
2 3264 3267
2 3264 6254
2 3264 3272
2 3264 6262
2 3264 6242
2 3265 3691
2 3265 3692
2 3265 6302
2 3265 3271
2 3265 3694
2 3265 3690
2 3265 6305
2 3266 3960
2 3266 5860
2 3266 3966
2 3266 3269
2 3266 5867
2 3266 3951
2 3267 3272
2 3267 6242
2 3267 6254
2 3267 3280
2 3268 4407
2 3268 3273
2 3268 4404
2 3268 4408
2 3268 6190
2 3268 6179
2 3268 4409
2 3268 4403
2 3268 3277
2 3269 3960
2 3269 5867
2 3269 3951
2 3269 5860
2 3269 3966
2 3269 5872
2 3270 3274
2 3270 3714
2 3270 3276
2 3270 3718
2 3270 3278
2 3270 6080
2 3270 3722
2 3271 6302
2 3271 3691
2 3271 3690
2 3271 3275
2 3271 3688
2 3271 3692
2 3271 3685
2 3272 6242
2 3272 3280
2 3272 6238
2 3272 6254
2 3273 4404
2 3273 6179
2 3273 4403
2 3273 4407
2 3273 3277
2 3273 4408
2 508 3273
2 3273 4400
2 3274 3276
2 3274 3278
2 3274 6080
2 3274 3683
2 3274 6085
2 3274 3714
2 3274 3279
2 3275 3688
2 3275 3690
2 3275 3685
2 3275 6302
2 3275 3691
2 3275 6292
2 3276 3278
2 3276 6080
2 3276 3683
2 3276 6085
2 3276 3279
2 3276 3678
2 3277 4403
2 3277 6179
2 3277 4404
2 3277 6177
2 3277 4400
2 3277 4399
2 3277 3284
2 3278 6080
2 3278 3683
2 3278 3279
2 3278 6085
2 3278 3678
2 3278 3281
2 3279 3683
2 3279 3678
2 3279 6085
2 3279 3281
2 3279 6080
2 3279 3656
2 3280 6242
2 3280 6238
2 3280 3287
2 3264 3280
2 3281 3678
2 3281 6085
2 3281 3683
2 3281 6080
2 3281 3656
2 3276 3281
2 3274 3281
2 3282 3283
2 3282 3285
2 743 3282
2 3282 6149
2 3282 6230
2 3283 3285
2 3283 6149
2 747 3283
2 3284 4399
2 3284 4396
2 3284 6177
2 3284 3288
2 3284 6173
2 3284 4400
2 3284 4395
2 3285 6149
2 747 3285
2 3286 5928
2 3286 3289
2 3286 5933
2 3286 5938
2 3287 6238
2 3287 6242
2 3287 3299
2 3272 3287
2 3287 6226
2 3288 6173
2 3288 4396
2 3288 4395
2 3288 3293
2 3288 4399
2 3288 4393
2 3288 6167
2 3289 5928
2 3289 5924
2 3289 5933
2 3290 3292
2 3290 5924
2 3290 5920
2 3291 6282
2 3291 3677
2 3291 3675
2 3291 3680
2 3291 6277
2 3291 6285
2 3291 3674
2 3291 3682
2 3292 5920
2 3292 3294
2 3292 5915
2 3292 5924
2 3293 6167
2 3293 4393
2 3293 4395
2 3293 6173
2 3293 3296
2 3293 4396
2 3284 3293
2 3294 5915
2 3294 5920
2 3290 3294
2 2591 3294
2 3295 5630
2 3295 5636
2 3295 3327
2 3295 3326
2 3296 6167
2 3296 4393
2 3296 3300
2 3296 6165
2 3296 4395
2 3297 3298
2 3297 5508
2 3297 5504
2 3297 3301
2 3297 5500
2 3297 5516
2 2042 3297
2 3298 3301
2 3298 5504
2 3298 5508
2 3298 5500
2 1247 3298
2 3299 6226
2 3299 6238
2 3299 6213
2 3280 3299
2 559 3299
2 3299 3317
2 3300 6165
2 3300 4390
2 3300 6161
2 3300 6167
2 3300 4393
2 3293 3300
2 3301 5500
2 3301 5504
2 3301 5508
2 3302 6272
2 3302 3670
2 3302 3668
2 3302 3673
2 3302 6269
2 3302 3674
2 3302 6277
2 3303 3927
2 3303 3304
2 3303 5888
2 3303 3932
2 3303 3918
2 3303 3305
2 3303 5879
2 3304 5888
2 3304 3918
2 3304 3305
2 3304 3927
2 3304 5889
2 3304 3306
2 3304 3932
2 3305 3918
2 3305 5889
2 3305 3306
2 3305 5888
2 3305 3307
2 3305 3927
2 3306 5889
2 3306 3307
2 3306 3918
2 3306 3904
2 3306 5891
2 3306 5888
2 3307 5891
2 3307 3904
2 3307 5889
2 3307 3898
2 3307 3918
2 3308 3602
2 3308 3310
2 3308 3608
2 3308 3312
2 3308 3313
2 3308 6151
2 3308 6128
2 3308 3626
2 3309 6158
2 3309 4388
2 3309 4387
2 3309 4389
2 3309 6161
2 3309 6156
2 3309 4385
2 3310 3602
2 3310 3312
2 3310 3608
2 3310 3313
2 3310 6151
2 3310 6128
2 3310 3626
2 3311 3665
2 3311 3664
2 3311 3314
2 3311 3662
2 3311 6261
2 3311 6269
2 3311 3660
2 3312 3313
2 3312 6151
2 3312 3602
2 3312 3608
2 3312 6128
2 3312 3551
2 3313 6151
2 3313 3602
2 3313 3608
2 3313 3551
2 3313 6128
2 3314 6261
2 3314 3662
2 3314 3664
2 3314 3660
2 3314 3320
2 3314 3665
2 3315 6264
2 3315 3316
2 3315 6230
2 2979 3315
2 2970 3315
2 3315 6322
2 3315 6335
2 3316 6264
2 3316 6230
2 3316 6322
2 3282 3316
2 3317 6213
2 3317 3328
2 3317 3336
2 3317 6226
2 3317 6202
2 3317 3341
2 3318 3319
2 3318 5968
2 3318 5973
2 3318 3321
2 3318 5962
2 3319 3321
2 3319 5968
2 3319 5962
2 3319 3322
2 3319 5973
2 3320 3660
2 3320 6253
2 3320 6261
2 3320 3662
2 3320 3325
2 3320 3658
2 3321 3322
2 3321 5962
2 3321 5968
2 3321 5958
2 3322 5962
2 3322 5958
2 3322 3324
2 3322 5953
2 2644 3322
2 3323 6150
2 3323 6145
2 3323 3329
2 3323 4385
2 3323 6156
2 3323 6140
2 3323 4387
2 3324 5953
2 3324 5958
2 3324 5949
2 3324 5962
2 838 3324
2 3324 5944
2 3325 6248
2 3325 3658
2 3325 6253
2 3325 3332
2 3325 6246
2 3325 3660
2 331 3325
2 3326 3327
2 3326 5636
2 3326 5650
2 3326 5630
2 3327 5636
2 3327 5630
2 3327 5650
2 3328 3336
2 3328 6202
2 3328 6213
2 3328 3341
2 3328 3345
2 3328 3354
2 3329 6145
2 3329 6140
2 3329 6150
2 3329 3337
2 3329 4385
2 3329 6138
2 490 3329
2 3330 3333
2 3330 5526
2 3330 3334
2 3330 5530
2 3331 6317
2 3331 6299
2 3331 3361
2 3331 6340
2 3331 6347
2 3331 6291
2 3331 3373
2 3331 6366
2 3332 6248
2 3332 6246
2 3332 3658
2 3332 6245
2 3332 3655
2 3332 3340
2 3332 6253
2 3333 3334
2 3333 5526
2 3333 3335
2 3333 5521
2 3334 3335
2 3334 5521
2 3334 5526
2 3335 5521
2 3335 5516
2 2073 3335
2 1225 3335
2 3335 5526
2 3330 3335
2 3336 6202
2 3336 3341
2 3336 3345
2 3336 3354
2 3336 6213
2 3337 6138
2 3337 6140
2 3337 3346
2 3337 6145
2 3337 6134
2 3337 3349
2 3338 3870
2 3338 3339
2 3338 5907
2 3338 3880
2 3338 3342
2 3338 5902
2 3338 3885
2 3338 3862
2 3339 5907
2 3339 3870
2 3339 3342
2 3339 3862
2 3339 3344
2 3339 5910
2 3339 3880
2 3339 3347
2 3340 6245
2 3340 3655
2 3340 3343
2 3340 6246
2 3340 6241
2 3340 6248
2 3341 6202
2 3341 3345
2 3341 3354
2 3341 4101
2 3341 6193
2 3342 5907
2 3342 3344
2 3342 3862
2 3342 3870
2 3342 5910
2 3342 3347
2 3342 3858
2 3343 6241
2 3343 3655
2 3343 6245
2 3343 6236
2 3343 3351
2 3343 6246
2 326 3343
2 3344 3862
2 3344 5910
2 3344 3347
2 3344 3858
2 3344 5907
2 3344 3348
2 3345 6202
2 3345 3354
2 3345 4101
2 3345 6193
2 3346 6134
2 3346 3349
2 3346 6138
2 3346 3355
2 3346 6132
2 3346 3358
2 3347 3858
2 3347 5910
2 3347 3348
2 3347 3862
2 3347 3855
2 3348 3855
2 3348 3858
2 3348 3850
2 3348 5910
2 3348 3862
2 3349 6134
2 3349 3355
2 3349 6132
2 3349 3358
2 3349 6127
2 3349 6138
2 3350 3496
2 3350 3478
2 3350 3501
2 3350 3471
2 3350 3352
2 3350 3353
2 3350 3508
2 3350 6220
2 3351 6236
2 3351 6241
2 3351 6234
2 3351 3362
2 3340 3351
2 3351 3655
2 3352 3353
2 3352 3471
2 3352 6220
2 3352 3356
2 3352 3478
2 3352 6228
2 3352 3357
2 3353 3356
2 3353 6220
2 3353 3471
2 3353 3478
2 3353 6228
2 3353 3357
2 3354 4101
2 3354 6193
2 3354 6202
2 3354 3369
2 3354 6185
2 3355 6132
2 3355 6134
2 3355 3358
2 3355 6127
2 3355 6124
2 3356 6220
2 3356 6228
2 3356 3471
2 3356 3478
2 3356 3357
2 3356 3359
2 3357 6228
2 3357 3359
2 3357 3360
2 3357 6220
2 316 3357
2 3358 6132
2 3358 6127
2 3358 6124
2 3358 6134
2 3359 3360
2 3359 6228
2 3359 6220
2 3353 3359
2 3352 3359
2 3359 6258
2 3360 6228
2 3356 3360
2 3360 6220
2 3360 6258
2 3353 3360
2 3352 3360
2 3361 6299
2 3361 6291
2 3361 3373
2 3361 6317
2 3361 6268
2 3361 3399
2 3361 6258
2 3362 6234
2 3362 6231
2 3362 6224
2 3362 3367
2 3362 6236
2 3362 6222
2 3363 3364
2 3363 3365
2 3363 3366
2 3363 6346
2 3363 3368
2 3364 3365
2 3364 3366
2 3364 6346
2 3364 3368
2 3365 3366
2 3365 6346
2 3365 3368
2 3365 6335
2 3366 6346
2 3366 3368
2 3366 6335
2 3366 6322
2 3367 6224
2 3367 6231
2 3367 6222
2 3367 6221
2 3367 3374
2 3367 6234
2 3368 6346
2 3368 6335
2 3368 6322
2 3369 6185
2 3369 6193
2 3369 4100
2 3369 3379
2 3369 4101
2 3369 4099
2 3369 6171
2 3370 6117
2 3370 6124
2 3370 6113
2 3370 3376
2 3370 6127
2 3358 3370
2 3371 3372
2 3371 3375
2 3371 6007
2 2675 3371
2 3372 3375
2 3372 6007
2 2675 3372
2 3372 3377
2 3373 6291
2 3373 6299
2 3373 6268
2 3373 3399
2 3373 6258
2 3373 6317
2 3374 6221
2 3374 6216
2 3374 6222
2 3374 3382
2 3374 6224
2 3374 6211
2 3375 6007
2 3375 3377
2 3375 6000
2 3376 6113
2 3376 3380
2 3376 6108
2 3376 6117
2 3376 6104
2 3377 6000
2 3377 5992
2 3377 3378
2 3377 6007
2 3378 5992
2 3378 6000
2 2675 3378
2 3375 3378
2 3378 6007
2 816 3378
2 3379 4099
2 3379 6171
2 3379 4100
2 3379 4097
2 3379 4096
2 3379 6185
2 3380 6108
2 3380 6113
2 3380 6104
2 3380 3388
2 3380 6096
2 3381 3383
2 3381 5669
2 3381 3384
2 3381 5674
2 2304 3381
2 1114 3381
2 3382 6211
2 3382 3386
2 3382 6216
2 3382 6221
2 3382 6208
2 3382 3393
2 3383 3384
2 3383 5669
2 3383 5674
2 2299 3383
2 3383 5650
2 3384 5650
2 3384 5669
2 3384 5674
2 2299 3384
2 3385 3387
2 3385 5541
2 3385 5544
2 3385 3389
2 1213 3385
2 3385 5535
2 3386 6211
2 3386 6208
2 3386 3393
2 3386 3604
2 3386 6216
2 288 3386
2 3387 5541
2 3387 3389
2 3387 5535
2 3387 5544
2 3388 6104
2 3388 6096
2 3388 6108
2 3376 3388
2 3388 3397
2 452 3388
2 3389 5535
2 3389 5541
2 3390 3820
2 3390 3391
2 3390 3825
2 3390 5935
2 3390 3392
2 3390 3811
2 70 3390
2 3391 5935
2 3391 3392
2 3391 3820
2 3391 3811
2 3391 3394
2 3391 5939
2 3392 3811
2 3392 5935
2 3392 3394
2 3392 5939
2 3392 3807
2 3392 3395
2 3393 6208
2 3393 3604
2 3393 3601
2 3393 6211
2 3393 3598
2 3394 5939
2 3394 3807
2 3394 3811
2 3394 3395
2 3394 5935
2 3394 5942
2 3394 3396
2 3395 3807
2 3395 3396
2 3395 5939
2 3395 5942
2 3395 3811
2 3395 5935
2 3396 5942
2 3396 3807
2 3396 5948
2 3396 5939
2 3396 3792
2 70 3396
2 3397 6091
2 3397 6096
2 3397 6104
2 3397 4355
2 3397 6084
2 3398 6058
2 3398 6064
2 3398 3401
2 3398 6054
2 3399 6258
2 3399 6268
2 3399 6291
2 3360 3399
2 3359 3399
2 3400 6205
2 3400 3598
2 3400 3402
2 3400 3601
2 3400 6200
2 3400 3596
2 286 3400
2 3401 6054
2 3401 6058
2 3401 3403
2 3401 6047
2 2720 3401
2 3402 6205
2 3402 6200
2 3402 3596
2 3402 3408
2 3402 3598
2 3402 3595
2 3402 3414
2 3403 3404
2 3403 6047
2 3403 6042
2 3403 3406
2 3404 6042
2 3404 3406
2 3404 6047
2 790 3404
2 3405 4089
2 3405 4086
2 3405 4085
2 3405 4091
2 3405 3411
2 3405 4083
2 3405 4092
2 3405 4082
2 3406 6042
2 3406 6036
2 3406 6047
2 3407 5674
2 3407 5669
2 3407 5692
2 3408 6200
2 3408 3596
2 3408 3595
2 3408 3414
2 3408 6197
2 3408 3593
2 3408 6205
2 3409 3410
2 3409 5560
2 3409 5567
2 3409 5554
2 3410 3412
2 3410 5554
2 3410 5560
2 3410 5567
2 3411 4085
2 3411 4083
2 3411 4086
2 3411 4082
2 3411 4089
2 3411 6147
2 3411 4081
2 3411 4091
2 3412 5554
2 3412 5560
2 3409 3412
2 2108 3412
2 3412 5567
2 3413 5967
2 3413 3763
2 3413 3415
2 3413 3772
2 3413 3760
2 3413 5972
2 3413 5959
2 3413 3756
2 3414 6197
2 3414 3593
2 3414 3595
2 3414 3418
2 3414 3592
2 3414 3596
2 3414 6200
2 3415 3760
2 3415 5967
2 3415 3763
2 3415 5972
2 3415 3416
2 3415 3756
2 3415 3772
2 3416 3756
2 3416 3752
2 3416 3417
2 3416 5972
2 3416 3760
2 3416 5981
2 3417 3752
2 3417 5981
2 3417 3419
2 3417 3756
2 3417 3420
2 3417 5972
2 3418 3592
2 3418 6197
2 3418 6195
2 3418 3590
2 3418 3593
2 3418 3421
2 3418 3589
2 3419 3420
2 3419 3745
2 3419 5981
2 3419 3752
2 3416 3419
2 3419 5990
2 3420 3745
2 3420 5990
2 3420 5981
2 3420 3422
2 88 3420
2 3421 3590
2 3421 6195
2 3421 3589
2 3421 3592
2 3421 3426
2 3421 6191
2 3421 3587
2 3422 5990
2 3422 5994
2 3422 3745
2 3422 3733
2 3419 3422
2 3422 3727
2 3423 4351
2 3423 4350
2 3423 6078
2 3423 4348
2 3423 4354
2 3423 6069
2 3423 6079
2 3423 4347
2 3424 3425
2 3424 6114
2 3424 6109
2 3424 6122
2 2781 3424
2 3425 6109
2 3425 3427
2 3425 6114
2 754 3425
2 3426 6191
2 3426 3587
2 3426 3589
2 3426 6189
2 3426 3586
2 3426 3590
2 3426 6195
2 3427 3428
2 3427 6101
2 3427 6094
2 3427 6109
2 3427 6093
2 3428 6094
2 3428 6093
2 3428 6101
2 3428 3430
2 3429 6143
2 3429 4080
2 3429 4081
2 3429 6147
2 3429 4082
2 3429 4083
2 3429 4079
2 3430 6086
2 3430 6093
2 3430 6094
2 3430 6101
2 3431 3432
2 3431 5716
2 3431 3433
2 3431 3435
2 3431 5704
2 3431 5734
2 3431 3469
2 1088 3431
2 3432 3433
2 3432 5716
2 3432 3435
2 3432 5704
2 2351 3432
2 3432 5692
2 3432 5734
2 3432 3469
2 3433 3435
2 3433 5704
2 3433 5716
2 3433 5692
2 2351 3433
2 2316 3433
2 3433 5734
2 3434 6188
2 3434 3585
2 3434 3586
2 3434 6189
2 3434 6184
2 3434 3587
2 3434 3583
2 3435 5704
2 3435 5716
2 3435 5692
2 2316 3435
2 2309 3435
2 2351 3435
2 3436 5585
2 3436 3437
2 3436 3438
2 3436 5579
2 3437 3438
2 3437 5585
2 3437 5579
2 1185 3437
2 3438 5579
2 3438 5585
2 3439 6015
2 3439 3441
2 3439 6012
2 3439 3442
2 3439 3693
2 3439 6024
2 3440 6060
2 3440 4344
2 3440 6063
2 3440 4343
2 3440 4346
2 3440 4347
2 3441 6015
2 3441 3442
2 3441 3693
2 3441 6024
2 3441 3443
2 3441 3689
2 3441 6012
2 3442 3693
2 3442 6024
2 3442 3443
2 3442 3689
2 3442 6015
2 3442 3444
2 3443 3689
2 3443 6024
2 3443 3693
2 3443 3444
2 3443 6028
2 3443 3684
2 3443 3445
2 3444 6028
2 3444 3445
2 3444 3684
2 3444 3689
2 3444 6024
2 3444 3446
2 3444 3693
2 3445 3446
2 3445 3684
2 3445 3679
2 3445 6028
2 3445 6032
2 3445 3448
2 3446 3679
2 3446 3448
2 3446 6032
2 3446 3684
2 3446 6035
2 3446 6028
2 3447 6174
2 3447 3580
2 3447 3577
2 3447 6168
2 3447 6178
2 3447 3581
2 3447 3582
2 3447 3576
2 3448 6035
2 3448 3669
2 3448 3679
2 3448 6032
2 129 3448
2 3449 4079
2 3449 3461
2 3449 3463
2 3449 4080
2 486 3449
2 3450 6056
2 3450 4340
2 3450 4338
2 3450 4341
2 3450 3453
2 3450 6052
2 3450 3457
2 3451 6166
2 3451 3452
2 3451 6172
2 3451 3454
2 720 3451
2 3451 6160
2 3451 3456
2 3452 3454
2 3452 6166
2 3452 6160
2 3452 3456
2 2824 3452
2 3453 4338
2 3453 6052
2 3453 3457
2 3453 6056
2 3453 4340
2 3453 4341
2 3453 6049
2 3454 3456
2 3454 6160
2 3454 3458
2 3455 3576
2 3455 3574
2 3455 6168
2 3455 3577
2 3455 6164
2 3447 3455
2 3456 3458
2 3456 6160
2 3456 6154
2 3457 6052
2 3457 6049
2 3457 4338
2 3457 4337
2 3457 6056
2 3458 6154
2 3459 3460
2 3459 6148
2 3459 6144
2 3459 6154
2 3460 6144
2 3460 3462
2 3460 6148
2 3461 3463
2 3461 6111
2 3461 3474
2 476 3461
2 3462 6144
2 3462 3464
2 3459 3462
2 2808 3462
2 3463 6111
2 3463 3474
2 3463 3489
2 3464 6144
2 3460 3464
2 3464 6135
2 3465 5738
2 3465 3467
2 3465 5746
2 3465 3469
2 3465 5734
2 3466 6164
2 3466 3472
2 3466 6159
2 3466 3574
2 3466 3479
2 3455 3466
2 3467 5738
2 3467 3469
2 3467 5734
2 3467 5746
2 3468 6043
2 3468 4337
2 3468 3475
2 3468 6040
2 3468 6049
2 3468 3481
2 3468 6038
2 3469 5734
2 3469 5738
2 3469 5746
2 2368 3469
2 3470 3473
2 3470 5607
2 3470 3476
2 3470 5610
2 3470 5595
2 3471 3478
2 3471 6220
2 3471 3496
2 3471 6228
2 3472 6159
2 3472 3479
2 3472 6164
2 3472 3486
2 3472 6155
2 3473 3476
2 3473 5607
2 3473 5595
2 3473 3477
2 2135 3473
2 3474 6111
2 3474 3489
2 3474 6103
2 3474 3494
2 3475 6040
2 3475 3481
2 3475 6043
2 3475 6038
2 3475 4337
2 3475 6049
2 3476 3477
2 3476 5595
2 3477 5595
2 3436 3477
2 3478 6220
2 3478 3496
2 3478 3501
2 3479 6159
2 3479 3486
2 3479 6155
2 3479 6164
2 3480 3482
2 3480 3622
2 3480 3483
2 3480 3627
2 3480 6066
2 3480 6057
2 3481 6040
2 3481 6038
2 3481 3490
2 3481 6043
2 3481 6034
2 3481 4337
2 3482 3483
2 3482 6066
2 3482 3484
2 3482 3609
2 3482 3622
2 3482 3485
2 3483 3484
2 3483 6066
2 3483 3609
2 3483 3485
2 3483 3603
2 3483 3622
2 3484 3609
2 3484 6066
2 3484 3485
2 3484 3603
2 176 3484
2 3484 3487
2 3485 3603
2 3485 3487
2 3485 3609
2 3485 6066
2 3485 3597
2 3486 6155
2 3486 3492
2 3486 6159
2 3486 3497
2 3487 3597
2 3487 3488
2 3487 3603
2 3487 6074
2 3487 3591
2 3487 3491
2 3488 6074
2 3488 3591
2 3488 3491
2 3488 3597
2 3488 6081
2 3488 3588
2 3489 6103
2 3489 3494
2 3489 4047
2 3489 4046
2 3489 3504
2 3489 6111
2 3490 6034
2 3490 6038
2 3490 6030
2 3490 3499
2 3490 6040
2 3491 6081
2 3491 3591
2 3491 3588
2 3491 6074
2 3491 3584
2 3491 3597
2 3492 6155
2 3492 3497
2 3492 6142
2 3492 3502
2 3479 3492
2 3493 3495
2 3493 6229
2 3493 3498
2 3493 6240
2 3494 6103
2 3494 4047
2 3494 4046
2 3494 3504
2 3494 6092
2 3494 4044
2 3494 6088
2 3495 3498
2 3495 6229
2 3495 3500
2 3496 3501
2 3496 3508
2 3496 3512
2 3352 3496
2 3353 3496
2 3497 6142
2 3497 3502
2 3497 6155
2 3498 3500
2 3498 6229
2 3498 6225
2 3499 6030
2 3499 6026
2 3499 3505
2 3499 4318
2 3499 6034
2 3500 3503
2 3500 6225
2 3500 6219
2 3500 3507
2 3501 3508
2 3501 3512
2 3471 3501
2 316 3501
2 3501 3524
2 3352 3501
2 3502 6142
2 3502 3506
2 3502 3509
2 3502 6155
2 3503 3507
2 3503 6219
2 3503 6225
2 3503 3510
2 3498 3503
2 3504 6092
2 3504 4046
2 3504 4044
2 3504 6088
2 3504 4047
2 3504 4043
2 3504 6103
2 3505 6026
2 3505 4318
2 3505 6030
2 3505 6021
2 3505 4317
2 3506 3509
2 3506 6142
2 3506 3513
2 3506 3548
2 3497 3506
2 3506 6137
2 3507 6219
2 3507 3510
2 3507 3514
2 3507 6225
2 3508 3512
2 3508 3524
2 3508 6182
2 3478 3508
2 3471 3508
2 316 3508
2 3509 3548
2 3509 3513
2 3509 6137
2 3509 3547
2 3509 6142
2 3510 3514
2 3510 6215
2 3510 6219
2 3510 6210
2 3511 6021
2 3511 4317
2 3511 6014
2 3511 4314
2 3511 3516
2 3511 4313
2 3511 4318
2 321 3511
2 3512 3524
2 3512 6182
2 3350 3512
2 3478 3512
2 3512 3543
2 3471 3512
2 3513 6137
2 3513 3548
2 3513 3547
2 3513 3519
2 3513 3546
2 3513 6133
2 3513 3545
2 3514 6210
2 3514 3517
2 3514 6215
2 3515 4043
2 3515 4042
2 3515 3520
2 3515 6076
2 3515 4041
2 3515 6088
2 3515 4040
2 3515 4044
2 3515 6071
2 3516 6014
2 3516 4314
2 3516 4313
2 3516 4317
2 3516 4312
2 3516 6010
2 3516 6021
2 3516 4309
2 3517 6210
2 3517 3518
2 3517 6215
2 3517 6204
2 3518 6204
2 3518 6210
2 3514 3518
2 3519 3546
2 3519 6133
2 3519 3547
2 3519 6137
2 3519 3545
2 3519 3548
2 3519 3525
2 3520 4041
2 3520 6076
2 3520 4042
2 3520 4043
2 3520 4040
2 3520 6071
2 3520 4038
2 3521 5774
2 3521 3522
2 3521 3523
2 3521 5770
2 3521 5763
2 3522 3523
2 3522 5774
2 3522 5763
2 3522 5770
2 3523 5763
2 3523 5770
2 3523 5758
2 3524 6182
2 3524 3543
2 3496 3524
2 3524 3551
2 3350 3524
2 3478 3524
2 3525 6131
2 3525 3542
2 3525 3541
2 3525 3545
2 3525 6133
2 3525 3539
2 3525 3546
2 3526 6006
2 3526 4305
2 3526 4308
2 3526 6004
2 3526 4304
2 3526 4309
2 3526 4303
2 3527 3528
2 3527 5625
2 3527 3529
2 3528 3529
2 3528 5625
2 3528 5616
2 3528 3530
2 3529 5616
2 3529 3530
2 3529 5625
2 3530 5616
2 3530 5610
2 3530 5625
2 3531 3533
2 3531 3544
2 3531 6110
2 3531 6107
2 3531 3552
2 3531 3534
2 3531 3540
2 3531 6100
2 3532 4034
2 3532 6062
2 3532 4037
2 3532 6068
2 3532 4038
2 3532 6071
2 3532 4040
2 3533 6110
2 3533 3544
2 3533 3534
2 3533 3540
2 3533 3536
2 3533 6107
2 3533 6116
2 3534 3540
2 3534 6110
2 3534 3536
2 3534 3544
2 3534 6116
2 3534 3537
2 3535 3538
2 3535 6120
2 3535 3537
2 3535 6116
2 3535 3539
2 3535 3536
2 3535 3541
2 3535 3540
2 3534 3535
2 3536 6116
2 3536 3540
2 3536 3537
2 3536 6110
2 3536 3544
2 3537 6116
2 3537 3538
2 3537 6120
2 3537 3540
2 3537 3539
2 3537 6110
2 3538 6120
2 3538 3539
2 3538 6116
2 3538 3541
2 3536 3538
2 3538 6131
2 3525 3538
2 3539 3541
2 3539 6120
2 3539 6131
2 3539 3542
2 3540 6110
2 3540 3544
2 3540 6116
2 3541 6131
2 3541 3542
2 3541 3545
2 3541 6120
2 3542 6131
2 3542 3545
2 3542 6133
2 3542 3546
2 3519 3542
2 3543 3551
2 3543 6182
2 3543 6151
2 3313 3543
2 3312 3543
2 3508 3543
2 3310 3543
2 3544 6110
2 3544 6107
2 3544 6116
2 3545 3546
2 3545 6133
2 3545 6131
2 3545 3547
2 3546 6133
2 3546 3547
2 3546 6137
2 3546 3548
2 3547 6137
2 3547 3548
2 3547 6133
2 214 3547
2 3548 6137
2 3548 6133
2 3545 3548
2 3549 6310
2 3549 6303
2 3549 6315
2 3549 3550
2 618 3549
2 3550 6303
2 3550 3553
2 3550 6297
2 3550 3555
2 3550 6310
2 3551 6151
2 3551 6182
2 3310 3551
2 247 3551
2 3308 3551
2 3552 6107
2 3552 6100
2 3552 6099
2 3533 3552
2 3544 3552
2 204 3552
2 3552 6110
2 3553 3555
2 3553 6297
2 3553 6290
2 3553 6303
2 3553 3556
2 3554 5976
2 3554 3560
2 3554 5985
2 3554 3564
2 3554 5971
2 3554 5988
2 3554 3570
2 3555 3556
2 3555 6290
2 3555 6297
2 3556 6290
2 3556 3557
2 3556 6297
2 3556 3558
2 3557 3558
2 3557 6290
2 3557 6279
2 3555 3557
2 3557 3561
2 3558 6279
2 3558 3561
2 3558 3562
2 3559 3569
2 3559 6055
2 3559 6059
2 3559 3578
2 339 3559
2 421 3559
2 3559 6062
2 3560 5976
2 3560 3564
2 3560 5971
2 3560 3570
2 3560 5985
2 3560 5961
2 282 3560
2 3561 6279
2 3561 3562
2 3561 6273
2 3561 3563
2 633 3561
2 3562 6273
2 3562 3563
2 3562 6279
2 3562 3565
2 3563 3565
2 3563 6273
2 3564 5971
2 3564 3570
2 3564 5976
2 3564 5961
2 3564 5985
2 3565 6273
2 3565 6263
2 3566 3567
2 3566 5794
2 3566 5800
2 3566 3568
2 3566 5811
2 3566 3645
2 3567 3568
2 3567 5794
2 3567 5800
2 2432 3567
2 2396 3567
2 3567 5811
2 3568 5794
2 3568 5800
2 2396 3568
2 1064 3568
2 3568 5774
2 3569 3578
2 3569 6055
2 3569 6059
2 3569 6029
2 329 3569
2 3570 5971
2 3570 5961
2 3570 3579
2 3570 5976
2 3571 5642
2 3571 5649
2 3571 3573
2 1150 3571
2 3572 6095
2 3572 3575
2 3572 6087
2 3572 6099
2 183 3572
2 197 3572
2 3572 6100
2 3572 3584
2 3573 5642
2 2189 3573
2 3574 3576
2 3574 6164
2 3574 6168
2 259 3574
2 3574 3577
2 3575 6087
2 3575 6095
2 3575 3584
2 3575 6081
2 3575 3588
2 3491 3575
2 3576 6168
2 3576 3577
2 3576 6164
2 3577 3580
2 3577 6168
2 3577 6174
2 3577 3581
2 3577 6178
2 3578 6029
2 329 3578
2 3578 3989
2 3578 3599
2 3579 4288
2 3579 5957
2 3579 5961
2 3579 4287
2 3579 5954
2 278 3579
2 3580 6174
2 3580 3581
2 3580 6178
2 3580 6168
2 3580 3582
2 3576 3580
2 3581 6178
2 3581 3582
2 3581 6174
2 3581 3583
2 3581 6184
2 3582 6178
2 3582 3583
2 3582 6184
2 3582 6174
2 3582 3585
2 3582 6188
2 3583 6184
2 3583 3585
2 3583 6188
2 3583 6178
2 3583 3586
2 3584 6081
2 3584 3588
2 3584 6087
2 3584 3591
2 3584 6074
2 3488 3584
2 3585 6188
2 3585 3586
2 3585 6184
2 3585 6189
2 269 3585
2 3585 3587
2 3586 3587
2 3586 6189
2 3586 6188
2 3586 6191
2 3587 6191
2 3587 3589
2 3587 6189
2 3588 6081
2 3588 3591
2 3588 6074
2 174 3588
2 3588 3597
2 3589 3590
2 3589 6191
2 3589 6195
2 3586 3589
2 3589 3592
2 3590 6195
2 3590 3592
2 3590 6191
2 3587 3590
2 3591 6074
2 3591 6081
2 3591 3597
2 3592 3593
2 3592 6197
2 3592 6195
2 3593 6197
2 3593 3595
2 3593 3596
2 3593 6195
2 3594 5950
2 3594 4283
2 3594 3600
2 3594 4284
2 3594 4280
2 3594 5945
2 272 3594
2 3594 4278
2 3595 3596
2 3595 6197
2 3595 6200
2 3596 6200
2 3596 6205
2 3597 6074
2 3597 3603
2 3598 3601
2 3598 6205
2 3598 3604
2 3596 3598
2 3599 3987
2 3599 3989
2 3599 6029
2 3599 3986
2 3599 3985
2 3599 6018
2 3599 3982
2 3600 5945
2 3600 4280
2 3600 4278
2 3600 3605
2 3600 4283
2 3600 5950
2 3600 4277
2 3601 3604
2 3601 6205
2 3601 6208
2 3402 3601
2 3602 3608
2 3602 6128
2 3602 6151
2 3602 3626
2 3603 3609
2 3603 6066
2 3604 6208
2 3400 3604
2 3605 4278
2 3605 5945
2 3605 4277
2 3605 5940
2 3605 4280
2 3605 4274
2 3594 3605
2 3606 6427
2 3606 6433
2 3606 3607
2 3606 6421
2 3606 6438
2 3606 3610
2 3607 6421
2 3607 3610
2 3607 6427
2 3607 6415
2 3608 6128
2 3608 3626
2 3608 6121
2 3609 6066
2 3487 3609
2 3610 6415
2 3610 6421
2 546 3610
2 3610 6411
2 3611 3612
2 3611 6405
2 3611 6411
2 3611 3613
2 3612 6405
2 3612 3613
2 3612 3614
2 3613 3614
2 3613 6405
2 3613 6399
2 3613 3616
2 3614 6399
2 3614 3616
2 3614 6398
2 3614 3617
2 3615 5937
2 3615 4274
2 3615 3620
2 3615 5940
2 3615 4277
2 3615 5930
2 3605 3615
2 3615 4278
2 3616 3617
2 3616 6399
2 3616 6398
2 3616 6390
2 3617 6390
2 3617 3618
2 3617 6398
2 3617 6384
2 3617 6399
2 552 3617
2 3618 3621
2 3618 6384
2 3618 6390
2 3618 3623
2 3616 3618
2 3618 6398
2 3619 3981
2 3619 3982
2 3619 6018
2 3619 3628
2 3619 3978
2 3619 3985
2 3619 3986
2 3620 5930
2 3620 5937
2 3620 3624
2 3620 4274
2 3620 5927
2 3620 5940
2 3621 6384
2 3621 3623
2 3621 3625
2 3617 3621
2 3621 6390
2 3621 6380
2 3622 3627
2 3622 6057
2 3622 3631
2 3623 3625
2 3623 6384
2 3623 6380
2 3623 3629
2 577 3623
2 562 3623
2 3624 5930
2 3624 5927
2 3624 5937
2 3615 3624
2 3624 3634
2 267 3624
2 3625 3629
2 3625 6380
2 3625 6374
2 3625 3630
2 3626 6121
2 3626 6128
2 3626 3648
2 3627 6057
2 3627 3631
2 3627 6053
2 3627 3636
2 3482 3627
2 3628 3978
2 3628 3633
2 3628 6005
2 3628 3981
2 3628 3642
2 3628 3982
2 3628 6018
2 3629 3630
2 3629 6374
2 3629 6380
2 3629 3632
2 3629 6370
2 3630 3632
2 3630 6374
2 3630 6370
2 3630 3635
2 3631 6057
2 3631 3636
2 3631 6053
2 3631 3640
2 3632 6370
2 3632 3635
2 3632 6374
2 3632 6365
2 3633 6005
2 3633 3978
2 3633 3642
2 3633 5997
2 3633 3981
2 3619 3633
2 3634 5925
2 3634 5927
2 3634 3643
2 3634 5922
2 3634 5930
2 3635 3637
2 3635 6365
2 3635 6370
2 3635 3638
2 3040 3635
2 3636 6053
2 3636 3640
2 3636 6050
2 3636 6057
2 3637 6365
2 3637 3638
2 3637 6358
2 3637 3639
2 3632 3637
2 3638 6358
2 3638 3639
2 3638 6365
2 3638 6352
2 3639 6358
2 3639 6352
2 3639 6365
2 3640 6050
2 3640 6053
2 3640 3649
2 3640 6046
2 3640 6057
2 3641 3644
2 3641 5824
2 3641 5818
2 3641 3645
2 3641 5830
2 3641 5811
2 3642 5997
2 3642 6005
2 3642 3651
2 3642 5991
2 3642 3978
2 3643 5922
2 3643 5925
2 3643 3652
2 3643 5919
2 3643 5927
2 3644 3645
2 3644 5818
2 3644 5811
2 3644 5824
2 3644 5830
2 3645 5818
2 3645 5811
2 3645 5800
2 3645 5824
2 3646 3647
2 3646 5663
2 3646 3766
2 3646 3650
2 3647 3650
2 3647 5663
2 1130 3647
2 3647 3654
2 3648 3656
2 3648 6121
2 3281 3648
2 3648 6128
2 3648 3678
2 3279 3648
2 3648 6085
2 3649 6046
2 3649 3653
2 3649 6050
2 3649 3657
2 3649 6041
2 3649 3659
2 3650 3654
2 3650 5654
2 2211 3650
2 3651 5991
2 3651 5997
2 3651 3661
2 3651 6005
2 3651 5984
2 3651 3666
2 3652 5919
2 3652 5922
2 3652 5914
2 3652 4262
2 3652 5925
2 3652 4259
2 3653 6046
2 3653 3657
2 3653 6041
2 3653 3659
2 3653 3663
2 3653 6050
2 3654 5654
2 3654 5649
2 1134 3654
2 3655 6245
2 3655 6246
2 3655 6241
2 3655 6248
2 3656 3678
2 3656 6085
2 3656 3683
2 3656 6121
2 3626 3656
2 3657 6041
2 3657 3659
2 3657 6046
2 3657 3663
2 3657 3669
2 3658 6248
2 3658 6253
2 3658 6246
2 3658 3660
2 3659 6041
2 3659 3663
2 3659 3669
2 3659 6046
2 3659 6035
2 3660 6261
2 3660 6253
2 3660 3662
2 3661 5984
2 3661 3666
2 3661 5991
2 3661 3947
2 3661 3671
2 3661 5975
2 3661 3945
2 3662 6261
2 3662 3664
2 3662 6253
2 3663 3669
2 3663 6041
2 3663 6035
2 3448 3663
2 127 3663
2 3664 3665
2 3664 6261
2 3660 3664
2 3665 6269
2 3662 3665
2 3665 3668
2 330 3665
2 3665 6261
2 3666 5984
2 3666 3671
2 3666 3947
2 3666 5975
2 3666 3945
2 290 3666
2 3666 3944
2 293 3666
2 3667 5909
2 3667 4259
2 3667 4258
2 3667 3672
2 3667 5905
2 3667 4262
2 3667 4255
2 3667 3676
2 3668 6269
2 3668 3670
2 3668 6272
2 3668 3673
2 3669 6035
2 127 3669
2 3669 6032
2 3669 3679
2 3446 3669
2 3670 6272
2 3670 3673
2 3670 3674
2 3670 6269
2 3670 6277
2 3671 5975
2 3671 3947
2 3671 5984
2 3671 3945
2 3671 3944
2 3672 5905
2 3672 4255
2 3672 5909
2 3672 4258
2 3672 3676
2 3672 4259
2 3672 4254
2 3673 6272
2 3673 3674
2 3673 6277
2 3673 3675
2 3674 6277
2 3674 3675
2 3674 6272
2 3675 3677
2 3675 6277
2 3675 6282
2 3675 3680
2 3676 4255
2 3676 5905
2 3676 4254
2 3676 3681
2 3676 4258
2 3676 4251
2 3676 5909
2 3677 3680
2 3677 6282
2 3677 6285
2 3677 3682
2 3677 6277
2 3674 3677
2 3678 6085
2 3678 3683
2 3678 6080
2 3274 3678
2 3679 6032
2 3679 3684
2 3679 6028
2 3679 6035
2 3680 3682
2 3680 6285
2 3680 6292
2 3680 6282
2 3681 5904
2 3681 4251
2 3681 4254
2 3681 3687
2 3681 4255
2 3681 5905
2 3672 3681
2 3682 6292
2 3682 3685
2 3682 6285
2 3682 3688
2 3683 6085
2 3683 6080
2 3684 6028
2 3684 3689
2 3684 6032
2 3685 6292
2 3685 3688
2 3685 6285
2 3685 3690
2 3680 3685
2 3686 3942
2 3686 3940
2 3686 3944
2 3686 3939
2 3686 3945
2 3686 3937
2 3686 5975
2 3687 5904
2 3687 4251
2 3687 5901
2 3687 4254
2 240 3687
2 3676 3687
2 3687 3695
2 3688 3690
2 3688 6302
2 3688 6292
2 3688 3691
2 3689 6028
2 3689 6024
2 3689 3693
2 3690 6302
2 3690 3691
2 3690 3692
2 3691 6302
2 3691 3692
2 3691 3694
2 3692 3694
2 3692 6302
2 3692 6305
2 3693 6024
2 3693 6015
2 3693 6028
2 3694 6305
2 3694 3696
2 3694 3697
2 3694 6302
2 3695 5896
2 3695 3699
2 3695 5901
2 3695 5892
2 3695 5904
2 3695 4251
2 3696 6305
2 3696 3697
2 3692 3696
2 3696 3700
2 3265 3696
2 3697 3700
2 3697 6305
2 3697 3701
2 3698 3936
2 3698 3702
2 3698 3937
2 3698 3707
2 3698 3939
2 3698 3940
2 3698 3711
2 3699 5896
2 3699 5892
2 3699 5901
2 3699 3708
2 3699 3712
2 3700 3701
2 3700 6316
2 3700 3703
2 3700 6305
2 3701 6316
2 3701 3703
2 3701 3704
2 3243 3701
2 3701 6326
2 3702 3707
2 3702 3936
2 3702 3937
2 3702 3711
2 3702 3939
2 3702 3716
2 3703 3704
2 3703 6316
2 3703 6326
2 3703 3705
2 3704 6326
2 3704 3705
2 3704 3706
2 3704 6316
2 3705 6326
2 3705 3706
2 3705 6327
2 3705 3709
2 3706 3709
2 3706 6327
2 3706 6326
2 3706 6332
2 3706 3713
2 3707 3711
2 3707 3716
2 3707 3936
2 285 3707
2 3707 3937
2 3708 3712
2 3708 5892
2 3708 4237
2 3708 4234
2 3708 5896
2 215 3708
2 3709 3713
2 3709 6332
2 3709 6327
2 3710 6009
2 3710 6012
2 3710 3719
2 3439 3710
2 3710 6015
2 3710 3723
2 3711 3716
2 3711 3936
2 3711 3730
2 285 3711
2 3712 4237
2 3712 4234
2 3712 5892
2 3712 4233
2 3712 3721
2 3713 3715
2 3713 6336
2 3713 6332
2 3713 3717
2 445 3713
2 3714 3718
2 3714 3722
2 3276 3714
2 3278 3714
2 3715 6336
2 3715 3717
2 3709 3715
2 3715 3720
2 3715 6332
2 3716 3730
2 3698 3716
2 3716 5929
2 268 3716
2 3717 3720
2 3717 6336
2 3717 3724
2 3717 6342
2 3718 3722
2 3274 3718
2 3276 3718
2 3278 3718
2 3719 3723
2 3719 6009
2 3719 3727
2 3719 6002
2 3719 3733
2 3720 3724
2 3720 6342
2 3720 3725
2 3720 6336
2 448 3720
2 3721 5885
2 3721 4233
2 3721 4230
2 3721 4234
2 3721 4229
2 3721 5880
2 3721 4237
2 3274 3722
2 3276 3722
2 3278 3722
2 3723 3727
2 3723 6002
2 3723 3733
2 3723 5994
2 3723 6009
2 94 3723
2 3724 6342
2 3724 3725
2 3724 3726
2 3724 6348
2 462 3724
2 3725 6342
2 3725 3726
2 3725 6348
2 3725 3728
2 3726 6348
2 3726 3728
2 3726 6342
2 3205 3726
2 3726 6353
2 3727 6002
2 3727 3733
2 3727 5994
2 3728 3729
2 3728 6348
2 3728 6353
2 3728 3731
2 3729 3731
2 3729 6353
2 3729 6357
2 3726 3729
2 3730 5929
2 3730 3912
2 3730 3743
2 279 3730
2 3730 3911
2 3731 6357
2 3731 3732
2 3731 6353
2 3731 3734
2 3732 3734
2 3732 6357
2 3732 3736
2 3732 6369
2 3729 3732
2 3733 5994
2 3733 6002
2 3733 5990
2 3734 3736
2 3734 6369
2 3734 3737
2 3735 4226
2 3735 4225
2 3735 5880
2 3735 4229
2 3735 3739
2 3735 5877
2 3735 4222
2 3736 6369
2 3736 3737
2 3736 3738
2 3736 6373
2 3737 3738
2 3737 6373
2 3737 6369
2 3738 6373
2 3738 3740
2 3739 4222
2 3739 5877
2 3739 4225
2 3739 5875
2 3739 4226
2 3739 5871
2 3740 3741
2 3740 6373
2 3740 6378
2 3737 3740
2 3741 3742
2 3741 6378
2 3741 3744
2 3738 3741
2 3188 3741
2 3742 3744
2 3742 6381
2 3742 6378
2 3742 3746
2 3743 3912
2 3743 3911
2 3743 5929
2 3743 3909
2 3743 5921
2 3743 3908
2 3744 6381
2 3744 3746
2 3744 3747
2 3744 6386
2 3745 5990
2 3745 5981
2 3417 3745
2 88 3745
2 3746 3747
2 3746 6381
2 3746 6386
2 3746 6391
2 3747 6386
2 3747 6391
2 3747 3748
2 3747 6381
2 3748 6391
2 3748 3749
2 3748 6396
2 3748 6386
2 3749 6396
2 3749 3751
2 3749 6391
2 3156 3749
2 3749 6400
2 3750 5869
2 3750 3754
2 3750 5871
2 3750 5864
2 3750 5875
2 3750 4202
2 3750 5858
2 3750 4222
2 3751 6396
2 3751 6400
2 3748 3751
2 3751 3753
2 3751 6391
2 3752 5981
2 3752 3756
2 3752 5972
2 3752 3760
2 3753 3755
2 3753 6403
2 3753 6400
2 3754 5864
2 3754 5869
2 3754 4202
2 3754 5858
2 3754 5871
2 3754 5875
2 3755 6403
2 3755 6407
2 3755 6400
2 3156 3755
2 3756 5972
2 3756 3760
2 3756 5981
2 3757 6410
2 3757 6414
2 3757 6407
2 3757 6416
2 3758 3905
2 3758 3908
2 3758 5921
2 3758 3909
2 3758 3903
2 3758 3911
2 3758 5913
2 3758 3769
2 3759 5847
2 3759 3761
2 1029 3759
2 3759 5862
2 3760 5972
2 3760 3763
2 3760 5967
2 3761 5847
2 3762 5681
2 3762 5673
2 3762 5686
2 3762 3764
2 3762 3766
2 3763 5967
2 3763 5972
2 3763 3772
2 3763 5959
2 3756 3763
2 3764 3766
2 3764 5673
2 3764 5668
2 3764 5681
2 3765 5856
2 3765 4201
2 3765 3770
2 3765 5858
2 3765 4199
2 3765 4196
2 3765 5849
2 3765 4202
2 3766 5668
2 3766 5663
2 3766 5673
2 3767 3768
2 3767 3771
2 3767 5882
2 3767 5887
2 3768 3771
2 3768 5882
2 3768 5862
2 1001 3768
2 3769 5913
2 3769 3774
2 3769 3903
2 3769 3905
2 3769 3908
2 3769 5921
2 3769 3909
2 3770 4199
2 3770 5856
2 3770 4201
2 3770 4196
2 3770 5849
2 3770 5858
2 3771 5862
2 3771 5882
2 2506 3771
2 2475 3771
2 3772 5959
2 3772 5967
2 3772 5955
2 3772 3780
2 3773 5697
2 3773 3775
2 3773 5703
2 3773 5710
2 3773 3788
2 3773 5711
2 3774 5913
2 3774 3903
2 3774 3905
2 3758 3774
2 3774 3790
2 3774 3908
2 3774 5921
2 3775 5697
2 3775 5703
2 3775 5686
2 3775 5710
2 3762 3775
2 3776 3778
2 3776 5900
2 3776 5894
2 3776 5887
2 1001 3776
2 3777 4194
2 3777 5849
2 3777 4192
2 3777 4196
2 3777 5846
2 3777 4191
2 3777 4199
2 3770 3777
2 3778 5900
2 3778 5894
2 3778 5887
2 3779 6022
2 3779 3787
2 3779 3806
2 3779 3815
2 3780 5955
2 3780 3783
2 3780 5959
2 3780 3792
2 3413 3780
2 3781 5727
2 3781 3782
2 3781 5733
2 3781 3785
2 3781 5721
2 3782 3785
2 3782 5721
2 3782 5727
2 3782 3786
2 3782 5715
2 3783 5955
2 3783 3792
2 3783 5948
2 3783 5959
2 3772 3783
2 3784 4191
2 3784 5846
2 3784 4192
2 3784 3795
2 3777 3784
2 3784 4194
2 192 3784
2 3784 5849
2 3785 3786
2 3785 5721
2 3785 5715
2 3785 3788
2 3786 5715
2 3786 3788
2 3786 5711
2 3786 5721
2 3786 5710
2 3787 6022
2 3787 3806
2 3787 3815
2 3788 5711
2 3788 5710
2 3788 5715
2 3788 5703
2 3788 5721
2 3789 5778
2 3789 5781
2 3789 3791
2 3789 4019
2 3789 4009
2 3789 3793
2 3789 4025
2 3789 3796
2 3790 3794
2 3790 3798
2 3790 3879
2 3790 5895
2 3790 3804
2 235 3790
2 3790 3808
2 3791 5781
2 3791 4009
2 3791 3793
2 3791 5778
2 3791 3796
2 3791 4019
2 3792 5948
2 3792 5942
2 3395 3792
2 3792 3807
2 3793 4009
2 3793 5781
2 3793 3796
2 3793 5778
2 3793 3797
2 3794 3798
2 3794 3879
2 3794 5895
2 3794 3804
2 235 3794
2 3794 3808
2 3794 3877
2 3795 3799
2 3795 5838
2 3795 4191
2 181 3795
2 3795 5846
2 3795 3809
2 3796 4009
2 3796 3797
2 3796 5781
2 3796 3996
2 3797 3996
2 3797 3992
2 3797 3988
2 3797 4009
2 3791 3797
2 3797 5781
2 3798 5895
2 3798 3804
2 3798 3879
2 3798 3808
2 3798 3877
2 3798 3813
2 3799 5838
2 3799 3809
2 3799 5832
2 3799 4177
2 3784 3799
2 3800 3801
2 2536 3800
2 2536 3801
2 3802 3803
2 3802 5757
2 3802 3805
2 3802 5745
2 3803 3805
2 3803 5745
2 3803 3810
2 3803 5757
2 3804 5895
2 3804 3808
2 3804 3879
2 3804 3877
2 3804 3813
2 3804 3876
2 3805 5745
2 3805 3810
2 3805 5737
2 3806 3815
2 3806 5999
2 3806 3824
2 3200 3806
2 3806 6022
2 3199 3806
2 3807 5939
2 3807 3811
2 3807 5942
2 3807 5935
2 3808 3877
2 3808 5895
2 3808 3813
2 3808 3876
2 3808 3879
2 3808 3817
2 3809 5832
2 3809 4177
2 3809 5828
2 3809 4174
2 3809 5838
2 3809 3818
2 3810 5737
2 3810 5745
2 3810 5733
2 3811 5935
2 3811 5939
2 3812 5813
2 3812 3814
2 3812 3963
2 3812 3971
2 3812 3952
2 3812 3979
2 3812 3983
2 3812 3988
2 3813 3877
2 3813 3876
2 3813 3817
2 3813 3875
2 3813 3822
2 3813 5895
2 3814 3963
2 3814 5813
2 3814 3971
2 3814 3952
2 3814 3979
2 3814 3983
2 3815 5999
2 3815 3824
2 3815 3835
2 3815 5987
2 3816 5966
2 3816 5970
2 3816 3819
2 3816 3821
2 2597 3816
2 3816 5978
2 3817 3876
2 3817 3875
2 3817 3877
2 3817 3822
2 3817 3827
2 3818 4174
2 3818 4173
2 3818 5828
2 3818 4177
2 3818 4169
2 3818 5825
2 3818 5832
2 3819 3821
2 3819 5966
2 3819 5970
2 2597 3819
2 3820 3825
2 3820 5935
2 3392 3820
2 3811 3820
2 70 3820
2 3821 5966
2 3821 5970
2 3822 3875
2 3822 3827
2 3822 3876
2 3822 3877
2 3822 5884
2 3808 3822
2 3823 3826
2 3823 3828
2 3823 5788
2 3824 5999
2 3824 3835
2 3824 5987
2 3198 3824
2 3391 3825
2 3825 5923
2 3825 3831
2 3825 5935
2 3392 3825
2 3826 3828
2 3826 3830
2 3826 5773
2 3827 5884
2 3827 3875
2 3827 3833
2 3827 3876
2 3813 3827
2 3827 3877
2 3828 3830
2 3828 5773
2 2305 3828
2 3829 4163
2 3829 4168
2 3829 5825
2 3829 3838
2 3829 4169
2 164 3829
2 3829 3842
2 3830 5773
2 3830 5769
2 3830 5762
2 3831 5923
2 3831 3836
2 3831 3846
2 3831 5918
2 66 3831
2 3832 3923
2 3832 3929
2 3832 5831
2 3832 5837
2 3832 3834
2 3832 3941
2 3832 3910
2 3833 5884
2 3833 3837
2 3833 3847
2 3822 3833
2 213 3833
2 3833 5874
2 3834 3910
2 3834 5837
2 3834 3906
2 3834 5831
2 3834 3923
2 3834 3901
2 3834 3839
2 3835 5987
2 3835 3845
2 3835 5979
2 3835 3849
2 3836 5923
2 3836 3846
2 3836 5918
2 3836 3850
2 60 3836
2 3837 5884
2 3837 3847
2 3837 5874
2 3827 3837
2 3837 3863
2 224 3837
2 3838 3842
2 3838 5817
2 3838 4163
2 3838 3852
2 149 3838
2 3839 3901
2 3839 3906
2 3839 3897
2 3839 3910
2 3839 3892
2 3840 3841
2 3840 6017
2 3840 3843
2 3840 3844
2 3841 3843
2 3841 3844
2 3841 6017
2 3841 5996
2 3842 5817
2 3842 3852
2 3842 4078
2 3842 4163
2 3843 3844
2 3843 5996
2 3843 5989
2 3844 5996
2 3844 5989
2 950 3844
2 3845 5987
2 3845 5979
2 3845 3849
2 3845 3854
2 3845 5963
2 3846 5918
2 3846 3850
2 3846 3855
2 61 3846
2 3348 3846
2 3847 5874
2 3847 3863
2 3847 3860
2 3847 5868
2 3847 3859
2 3848 3851
2 3848 5805
2 3848 3853
2 2332 3848
2 3849 5979
2 3849 3854
2 3849 5987
2 3849 5963
2 3199 3849
2 3850 5918
2 3850 3855
2 3850 3858
2 3347 3850
2 3851 5805
2 3851 3853
2 3851 3856
2 3852 4078
2 3852 4076
2 3852 5817
2 3852 5807
2 3852 3861
2 3852 4075
2 3853 3856
2 3853 5805
2 3853 5793
2 3854 5979
2 3854 5963
2 3854 5987
2 3835 3854
2 3199 3854
2 3855 3858
2 3855 5910
2 3855 5918
2 3344 3855
2 3856 5793
2 3856 5792
2 3857 3867
2 3857 5863
2 3857 3872
2 3857 3859
2 3857 5868
2 3857 3860
2 3857 5853
2 3857 3863
2 3858 5910
2 3858 3862
2 3859 5868
2 3859 3860
2 3859 5863
2 3859 3863
2 3859 3867
2 3859 5874
2 3860 5868
2 3860 3863
2 3860 5863
2 3860 5874
2 3860 3867
2 3861 4075
2 3861 5807
2 3861 4076
2 3861 4073
2 3861 3864
2 3861 4078
2 3861 4072
2 3862 5910
2 3862 5907
2 3855 3862
2 3863 5874
2 3863 5868
2 3863 5863
2 3864 4073
2 3864 4072
2 3864 5804
2 3864 4075
2 3864 5807
2 3864 4069
2 3864 3873
2 3865 3866
2 3865 6045
2 3865 3868
2 3866 6045
2 3866 3868
2 3867 3872
2 3867 5863
2 3867 5868
2 3867 5853
2 3863 3867
2 3868 6025
2 3868 6045
2 940 3868
2 3868 6020
2 3869 3871
2 3869 5842
2 3869 3874
2 3870 5907
2 3870 3880
2 3862 3870
2 3870 5902
2 3344 3870
2 3871 3874
2 3871 5823
2 3871 5842
2 2363 3871
2 1027 3871
2 3872 5853
2 3872 5863
2 3859 3872
2 3872 5868
2 3872 3892
2 3860 3872
2 3873 5801
2 3873 4069
2 3873 5804
2 3873 3878
2 3873 4072
2 3873 4073
2 3873 5795
2 3874 5823
2 3874 5842
2 3875 3876
2 3875 3877
2 3808 3875
2 3875 5884
2 3876 3877
2 3877 5895
2 3878 5795
2 3878 5801
2 3878 4069
2 3878 5804
2 3878 4072
2 3878 3893
2 131 3878
2 3879 5895
2 3877 3879
2 3813 3879
2 3880 5902
2 3880 3885
2 3880 5898
2 3880 3890
2 3881 6106
2 3881 3882
2 3881 6098
2 3881 6119
2 3881 3883
2 914 3881
2 2718 3881
2 3882 6098
2 3882 3883
2 3882 6106
2 3882 6090
2 3882 3886
2 3883 3886
2 3883 6090
2 3883 6098
2 3883 3887
2 3883 6106
2 3884 5951
2 3884 5952
2 3884 3889
2 3884 5946
2 3884 5963
2 107 3884
2 3884 5932
2 3854 3884
2 3884 3917
2 3885 5902
2 3885 5898
2 3885 3890
2 3870 3885
2 3885 3898
2 3886 3887
2 3886 6090
2 3886 6083
2 3886 6098
2 3887 6083
2 3887 6090
2 3882 3887
2 3888 3891
2 3888 5870
2 3888 5866
2 3888 3894
2 3889 5951
2 3889 5946
2 3889 5952
2 3889 5932
2 3889 5963
2 3889 3917
2 107 3889
2 3890 5898
2 3890 5902
2 3890 3898
2 3890 5891
2 3891 3894
2 3891 5866
2 3891 5861
2 3891 3895
2 3891 5870
2 3892 3897
2 3892 3901
2 3892 5853
2 3892 3906
2 3893 5789
2 3893 5786
2 3893 5795
2 3893 4031
2 3893 3902
2 3893 5782
2 3894 3895
2 3894 5861
2 3894 5866
2 3894 3896
2 3895 3896
2 3895 5861
2 3895 5866
2 1012 3895
2 3888 3895
2 3896 5861
2 3896 5852
2 2390 3896
2 3891 3896
2 3897 3901
2 3897 3906
2 3897 3910
2 3897 5853
2 3898 5891
2 3898 3904
2 3898 5898
2 3306 3898
2 3898 5889
2 3899 4032
2 3899 3900
2 3899 5725
2 3899 4030
2 3899 5726
2 76 3899
2 3899 4026
2 75 3899
2 3899 5728
2 3900 4032
2 3900 4030
2 3900 5725
2 3900 5726
2 3900 4026
2 3900 5728
2 3901 3906
2 3901 3910
2 3902 4031
2 3902 5782
2 3902 4029
2 3902 3907
2 3902 4024
2 3902 5786
2 3902 5789
2 3903 5913
2 3903 3905
2 3903 3908
2 3903 5921
2 3903 3909
2 3904 5891
2 3904 5889
2 3305 3904
2 3904 3918
2 3905 3908
2 3905 5921
2 3905 3909
2 3905 5913
2 3905 3911
2 3906 3910
2 3906 5837
2 3907 4024
2 3907 4029
2 3907 4023
2 3907 5782
2 3907 4031
2 3907 4020
2 3907 5775
2 3908 3909
2 3908 5921
2 3908 3911
2 3908 5913
2 3909 5921
2 3909 3911
2 3909 3912
2 3910 5837
2 3910 5831
2 3910 3923
2 3911 5921
2 3911 3912
2 3912 5929
2 3912 5921
2 3908 3912
2 3913 3914
2 3913 6153
2 3913 6163
2 3913 6170
2 2783 3913
2 3914 6153
2 3914 6163
2 880 3914
2 3914 6170
2 3915 5775
2 3915 4020
2 3915 3920
2 3915 4023
2 3915 5768
2 3915 3924
2 3915 4024
2 3907 3915
2 3916 3919
2 3916 5899
2 3916 5893
2 2418 3916
2 3916 3921
2 999 3916
2 3916 5906
2 3917 5932
2 3917 3926
2 3917 5946
2 3917 5951
2 3917 3950
2 3918 5888
2 3918 5889
2 3918 3927
2 3919 5893
2 3919 3921
2 3919 5899
2 3919 5886
2 3920 5768
2 3920 3924
2 3920 5775
2 3920 4020
2 3920 5767
2 3920 4023
2 3921 3922
2 3921 5893
2 3921 5886
2 3922 5886
2 3922 5893
2 3919 3922
2 3922 5881
2 3923 5831
2 3923 3929
2 3923 5837
2 3923 3941
2 3906 3923
2 3924 5768
2 3924 5767
2 3924 5775
2 3924 4020
2 3924 5761
2 3924 3935
2 3925 4003
2 3925 4007
2 3925 5731
2 3925 3928
2 3925 4000
2 3925 3930
2 3925 4010
2 3926 5932
2 3926 3950
2 3926 5916
2 3926 5946
2 3889 3926
2 3927 3932
2 3927 5888
2 3927 5879
2 3927 3938
2 3928 5731
2 3928 4003
2 3928 4000
2 3928 3930
2 3928 3997
2 3928 4007
2 3929 5831
2 3929 3941
2 3929 5837
2 3834 3929
2 187 3929
2 3910 3929
2 3930 4000
2 3930 3997
2 3930 5735
2 3930 3931
2 3930 5731
2 3930 4003
2 3931 5735
2 3931 3997
2 3931 3933
2 3931 3993
2 3931 4000
2 3928 3931
2 3932 5879
2 3932 3938
2 3932 5888
2 3932 3943
2 3933 3993
2 3933 5735
2 3933 3934
2 3933 3997
2 3933 5741
2 3930 3933
2 3934 5741
2 3934 3993
2 3934 3984
2 3931 3934
2 3934 5735
2 3934 3997
2 3935 5761
2 3935 5767
2 3935 5756
2 3935 5768
2 3935 3946
2 3935 3976
2 3936 3937
2 3936 3939
2 3936 3940
2 3686 3936
2 3937 3939
2 3937 3940
2 3937 3942
2 293 3937
2 3938 5879
2 3938 3943
2 3938 5876
2 3303 3938
2 3939 3940
2 3939 3942
2 3939 3944
2 3940 3942
2 3940 3944
2 3941 3952
2 3941 5831
2 3941 5837
2 3834 3941
2 3942 3944
2 3942 3945
2 3942 5975
2 3671 3942
2 3943 5876
2 3943 5872
2 3943 5879
2 3943 3951
2 3944 3945
2 3944 5975
2 3944 3947
2 3945 5975
2 3945 3947
2 3945 5984
2 3946 5756
2 3946 3976
2 3946 3948
2 3946 3975
2 3946 5761
2 3947 5975
2 3947 5984
2 293 3947
2 3948 3975
2 3948 3976
2 3948 5756
2 3948 3973
2 3948 3957
2 3949 3953
2 3949 6207
2 3949 3954
2 854 3949
2 3950 5916
2 3950 5932
2 3093 3950
2 3950 5946
2 3951 5867
2 3951 5872
2 3951 3960
2 3951 5876
2 3951 5860
2 3952 3963
2 3952 5813
2 3952 3971
2 3929 3952
2 3953 6207
2 3953 3954
2 3954 6207
2 3954 3955
2 3955 3956
2 2821 3955
2 3953 3955
2 3955 6207
2 2815 3956
2 3954 3956
2 2821 3956
2 3956 6187
2 3957 5753
2 3957 3970
2 3957 3973
2 3957 3964
2 3957 3968
2 3957 3975
2 3957 3967
2 3958 3959
2 3958 5931
2 3958 5926
2 3958 3961
2 3959 3961
2 3959 5926
2 3959 3962
2 3959 5931
2 3960 5860
2 3960 3966
2 3960 5867
2 3262 3960
2 3961 3962
2 3961 5917
2 3961 5926
2 3961 3965
2 3962 5917
2 3962 3965
2 3963 5813
2 3963 3971
2 3963 3979
2 3963 3983
2 3964 3968
2 3964 3970
2 3964 5753
2 3964 3967
2 3964 3969
2 3964 5750
2 3965 5917
2 3966 5860
2 3966 5857
2 3967 5750
2 3967 3969
2 3967 3968
2 3967 3972
2 3967 3970
2 3967 5753
2 3968 3970
2 3968 5753
2 3968 3969
2 3968 5750
2 3969 5750
2 3969 3972
2 3969 5747
2 3969 3970
2 3970 5753
2 3970 3973
2 3970 3975
2 3971 5813
2 3971 3979
2 3971 3983
2 3971 3988
2 3971 3992
2 3972 5747
2 3972 5750
2 3972 3977
2 3972 3980
2 98 3972
2 3973 5753
2 3973 3975
2 3964 3973
2 3968 3973
2 3974 5857
2 3974 5851
2 3263 3974
2 3975 5753
2 3975 3976
2 3976 5756
2 114 3976
2 3973 3976
2 3977 5747
2 3977 3980
2 3977 3984
2 3977 5750
2 3969 3977
2 3967 3977
2 3978 6005
2 3978 3981
2 3978 3982
2 325 3978
2 3979 3983
2 3979 3988
2 3979 5813
2 3979 3992
2 3979 3996
2 3980 3984
2 3980 5747
2 3980 5741
2 3934 3980
2 3980 5750
2 3981 3982
2 3981 6018
2 3981 3985
2 3982 6018
2 3982 3985
2 3982 3986
2 3982 3987
2 3982 3989
2 3983 3988
2 3983 3992
2 3983 3996
2 3983 5813
2 3797 3983
2 139 3983
2 3984 5741
2 3984 3993
2 3933 3984
2 84 3984
2 3985 3986
2 3985 6018
2 3985 3987
2 3985 3989
2 3986 3987
2 3986 6018
2 3986 3989
2 3986 6029
2 3987 3989
2 3987 6029
2 3987 6018
2 3988 3992
2 3988 3996
2 139 3988
2 3988 5813
2 3796 3988
2 3989 6029
2 3989 6018
2 3990 5844
2 3990 5848
2 3990 5843
2 39 3990
2 3990 5851
2 3257 3990
2 3990 4001
2 3991 3994
2 3991 6276
2 3991 3995
2 3991 6260
2 3991 3998
2 3992 3996
2 3796 3992
2 3793 3992
2 3993 5735
2 3993 5741
2 3993 3997
2 3930 3993
2 3994 3995
2 3994 6260
2 3994 6276
2 3994 3998
2 820 3994
2 3995 6260
2 3995 3998
2 2879 3995
2 3995 3999
2 3793 3996
2 3996 4009
2 3997 5735
2 3997 4000
2 3998 6260
2 3998 3999
2 3998 4002
2 3999 4002
2 3999 6260
2 3999 6250
2 4000 5731
2 4000 4003
2 4000 5735
2 4001 5843
2 4001 5841
2 4001 4004
2 32 4001
2 3229 4001
2 4002 6250
2 4002 6260
2 4003 5731
2 4003 4007
2 4003 4010
2 4004 5841
2 4004 5843
2 4004 5836
2 4005 4006
2 4005 5960
2 4005 4008
2 4005 5964
2 4005 5965
2 4006 4008
2 4006 5960
2 4006 5956
2 4006 4013
2 4007 4010
2 4007 5731
2 4000 4007
2 4007 4015
2 4008 4013
2 4008 5956
2 4008 5960
2 4009 5781
2 4009 5778
2 4009 4019
2 4010 4015
2 4010 5731
2 4010 5728
2 3928 4010
2 4011 4016
2 4011 4021
2 4011 4027
2 4011 4033
2 4011 4035
2 52 4011
2 4012 5836
2 4012 5829
2 4012 4017
2 31 4012
2 4013 4014
2 4013 5956
2 4013 4018
2 4014 4018
2 4014 5947
2 4008 4014
2 4014 5956
2 4015 5728
2 4015 4026
2 3925 4015
2 4016 4021
2 4016 4027
2 4016 4033
2 4016 4035
2 52 4016
2 4017 5829
2 4017 5826
2 4017 4022
2 4017 5836
2 3229 4017
2 4018 5947
2 4018 5941
2 4019 5778
2 4019 4025
2 4019 5781
2 3793 4019
2 4020 5775
2 4020 4023
2 4020 5768
2 4020 4024
2 4021 4027
2 4021 4033
2 4021 4035
2 52 4021
2 4022 5826
2 4022 4028
2 4022 5822
2 4022 5829
2 4022 5821
2 3228 4022
2 4023 4024
2 4023 5775
2 4023 4029
2 3902 4023
2 4024 4029
2 4024 5782
2 4024 4031
2 4025 5778
2 4025 5781
2 3791 4025
2 4009 4025
2 4026 5726
2 4026 4030
2 4026 5728
2 4026 5725
2 4026 4032
2 4027 4033
2 4027 4035
2 4027 4048
2 4028 5822
2 4028 5821
2 4028 5826
2 4017 4028
2 3227 4028
2 4028 5829
2 4029 4031
2 4029 5782
2 4029 5786
2 4029 5789
2 4030 5726
2 4030 5725
2 4030 4032
2 4030 5728
2 4031 5782
2 4031 5786
2 4031 5789
2 4032 5725
2 4032 5726
2 75 4032
2 4032 5728
2 4033 4035
2 4033 4048
2 4034 6062
2 4034 4037
2 4034 6068
2 4034 4038
2 429 4034
2 4034 6071
2 4034 4040
2 4035 4048
2 4035 4051
2 4036 5819
2 4036 4039
2 4036 5821
2 4028 4036
2 4036 5822
2 3193 4036
2 4037 6068
2 4037 4038
2 4037 6062
2 4037 6071
2 4037 4040
2 4038 6068
2 4038 6071
2 4038 4040
2 4038 6062
2 4039 5819
2 3193 4039
2 4039 5816
2 21 4039
2 4039 4045
2 4040 6071
2 4040 6068
2 4040 4041
2 4040 6076
2 4041 6076
2 4041 4042
2 4041 4043
2 4041 6071
2 4038 4041
2 4042 4043
2 4042 6076
2 4040 4042
2 4042 6071
2 429 4042
2 4042 6088
2 4043 6076
2 4043 6088
2 4043 4044
2 4043 6092
2 4044 6092
2 4044 4046
2 4044 6088
2 4044 4047
2 4042 4044
2 4045 5816
2 4045 4049
2 4045 5812
2 3189 4045
2 4046 6092
2 4046 4047
2 4046 6088
2 4046 6103
2 4043 4046
2 4047 6092
2 4047 6103
2 4047 6088
2 457 4047
2 4048 4051
2 4048 4054
2 4049 5812
2 4049 4052
2 4049 5810
2 4050 6368
2 4050 4053
2 4050 6362
2 4050 4056
2 769 4050
2 2967 4050
2 4050 4057
2 4051 4054
2 3067 4051
2 4033 4051
2 3068 4051
2 4052 5810
2 4052 5806
2 4052 4055
2 4052 5812
2 22 4052
2 4053 6362
2 4053 4056
2 4053 6368
2 4053 4057
2 4035 4054
2 4054 5840
2 3067 4054
2 4033 4054
2 4055 5806
2 4055 5810
2 4055 4058
2 4055 5812
2 4055 5803
2 4056 6362
2 4056 4057
2 4056 6368
2 771 4056
2 4057 4060
2 4057 6362
2 4058 5803
2 4058 4059
2 4058 5806
2 4058 4061
2 4058 5810
2 4052 4058
2 4059 5803
2 4059 4061
2 4059 5799
2 4055 4059
2 4060 4062
2 4060 6331
2 4061 5799
2 4061 5803
2 4061 5791
2 4062 6331
2 4062 6325
2 4062 6319
2 4063 6003
2 4063 4064
2 4063 6011
2 4063 4065
2 4063 6016
2 4064 4065
2 4064 6003
2 4064 5995
2 4064 4067
2 4064 6011
2 947 4064
2 4065 4067
2 4065 5995
2 4065 6003
2 4065 4068
2 2537 4065
2 4066 5783
2 4066 5784
2 4066 5787
2 4066 5779
2 4066 4071
2 3163 4066
2 4066 4074
2 4067 4068
2 4067 5995
2 4067 5982
2 4068 5982
2 4068 5995
2 948 4068
2 4069 5801
2 4069 5804
2 4069 4072
2 4069 4073
2 4070 5840
2 4070 4087
2 4070 4093
2 4054 4070
2 4051 4070
2 4071 4074
2 4071 5779
2 4071 5777
2 4071 4077
2 4071 5783
2 4071 5771
2 4071 5784
2 4072 5804
2 4072 4073
2 4072 5801
2 4072 4075
2 4073 4075
2 4073 5804
2 4073 5807
2 4073 4076
2 4074 5777
2 4074 4077
2 4074 5771
2 4074 5779
2 4074 5783
2 4075 5807
2 4075 4076
2 4075 4078
2 4075 5804
2 4076 4078
2 4076 5807
2 4077 5777
2 4077 5771
2 3126 4077
2 4077 5779
2 3122 4077
2 4078 5807
2 4078 5817
2 143 4078
2 4079 4080
2 4079 6143
2 4079 4081
2 4080 6143
2 4080 4081
2 4080 6147
2 4080 4082
2 4081 4082
2 4081 6147
2 4081 4083
2 4081 6143
2 4081 4085
2 4082 4083
2 4082 6147
2 4082 4085
2 4082 4086
2 4082 6143
2 4083 4085
2 4083 4086
2 4083 6147
2 4083 4089
2 4084 5765
2 4084 4088
2 4084 5764
2 3118 4084
2 4085 4086
2 4085 4089
2 4085 6147
2 4085 4091
2 4086 4089
2 4086 4091
2 4086 4092
2 4087 4093
2 4087 4102
2 4087 5796
2 4087 5840
2 46 4087
2 3043 4087
2 4088 5764
2 4088 5765
2 4088 4090
2 4088 5759
2 4089 4091
2 4089 4092
2 4082 4089
2 4090 5759
2 4090 5764
2 4090 4094
2 4090 4095
2 4091 4092
2 4091 4096
2 4083 4091
2 4092 4096
2 4085 4092
2 4092 4097
2 4093 4102
2 4093 5796
2 4093 5840
2 46 4093
2 3043 4093
2 4094 4095
2 4094 5759
2 4094 5754
2 10 4094
2 4088 4094
2 4095 5754
2 4095 5759
2 3118 4095
2 4096 4097
2 4096 6171
2 4096 4099
2 4096 4100
2 4097 4099
2 4097 6171
2 4097 4100
2 499 4097
2 4098 5751
2 4098 5754
2 4099 4100
2 4099 6171
2 4099 6185
2 4100 6171
2 4100 6185
2 4101 6193
2 4101 6185
2 4101 6202
2 3336 4101
2 4102 5796
2 4070 4102
2 4102 5840
2 46 4102
2 3043 4102
2 4103 5748
2 4103 5744
2 3091 4103
2 4098 4103
2 4104 6392
2 4104 6375
2 4105 4108
2 4105 4109
2 4105 6409
2 4105 4112
2 4105 6404
2 695 4105
2 4106 5744
2 4106 4107
2 4106 5743
2 4106 4110
2 4106 5748
2 4103 4106
2 4107 5743
2 4107 5744
2 4107 4110
2 4107 5740
2 4108 4109
2 4108 4112
2 695 4108
2 4108 6409
2 4109 4112
2 4109 4114
2 4109 6428
2 4110 5743
2 4110 5740
2 4110 5739
2 4111 5732
2 4111 5739
2 4111 4113
2 4111 5740
2 4112 4114
2 4112 6428
2 4112 4116
2 4113 5732
2 4113 5729
2 4113 4115
2 4114 4116
2 4114 6428
2 4114 4129
2 4114 6432
2 4115 5729
2 4115 5732
2 4111 4115
2 4116 4129
2 4116 6428
2 4116 6432
2 4116 4134
2 4117 4118
2 792 4117
2 373 4118
2 4119 5179
2 4119 4120
2 4119 5181
2 4119 5177
2 4120 5177
2 4120 4121
2 4120 5179
2 4121 4123
2 4121 5177
2 4121 4125
2 1960 4121
2 4122 4124
2 4122 5151
2 4122 4126
2 4123 4125
2 4123 5177
2 4124 4126
2 4124 5151
2 4125 4127
2 4127 4130
2 4127 4131
2 4118 4128
2 1954 4128
2 4128 4155
2 4129 6432
2 4129 4134
2 4129 6428
2 4129 4137
2 4130 4131
2 4130 4132
2 4131 4132
2 4132 4135
2 4133 4136
2 4133 4139
2 4126 4133
2 4134 4137
2 4134 6432
2 4134 4143
2 4135 4138
2 4135 4140
2 4136 4139
2 4136 4142
2 1004 4136
2 4137 4143
2 4137 6432
2 704 4137
2 4116 4137
2 4138 4140
2 4132 4138
2 4139 4142
2 4140 4144
2 4141 5178
2 4141 4541
2 4141 5168
2 4141 4145
2 359 4141
2 4143 6432
2 702 4143
2 4129 4143
2 704 4143
2 4144 4147
2 1973 4144
2 4145 5178
2 4145 5174
2 4145 4148
2 4146 4149
2 4146 6039
2 4146 4152
2 4146 6033
2 4146 6044
2 4147 4150
2 4148 5174
2 4148 5173
2 4149 4152
2 4149 6033
2 4149 6039
2 4149 4153
2 4149 6044
2 4150 4154
2 4151 5173
2 4151 5171
2 4151 4156
2 4148 4151
2 4152 4153
2 4152 6033
2 4152 4157
2 4152 6039
2 4153 4157
2 4153 6033
2 4153 4158
2 2559 4153
2 4153 6019
2 4154 4159
2 1060 4154
2 1076 4154
2 4155 4165
2 1852 4155
2 4155 4176
2 1978 4155
2 4155 4181
2 4156 4160
2 4156 5171
2 978 4156
2 970 4156
2 4157 4158
2 4157 6019
2 4157 4162
2 4158 6019
2 4158 4162
2 2549 4158
2 4159 4164
2 4160 4166
2 2052 4160
2 4161 4167
2 4161 4172
2 1036 4161
2 4162 6019
2 4162 6016
2 4163 4168
2 4163 5825
2 4163 4169
2 164 4163
2 4164 4170
2 4165 4176
2 4165 4181
2 1845 4165
2 1988 4165
2 4166 4171
2 4167 4172
2 4168 4169
2 4168 5825
2 4168 4173
2 3818 4168
2 4169 5825
2 4169 4173
2 4169 4174
2 4169 5828
2 4170 4175
2 1995 4170
2 2049 4171
2 4173 4174
2 4173 5825
2 4173 5828
2 4173 4177
2 4174 4177
2 4174 5828
2 4174 5832
2 4175 4180
2 4164 4175
2 1989 4175
2 4176 4181
2 4177 5832
2 4177 5828
2 4178 4179
2 4178 6073
2 4178 6072
2 4178 4182
2 4178 6067
2 4178 6077
2 4179 4182
2 4179 6067
2 4179 6072
2 4179 6073
2 4179 4184
2 4180 4186
2 4182 4184
2 4182 6067
2 4182 6061
2 4182 4185
2 4183 4188
2 1932 4183
2 4184 6061
2 4184 4185
2 4184 6067
2 4184 4187
2 4185 4187
2 4185 6061
2 4185 4190
2 4186 4193
2 1098 4186
2 4187 4190
2 4187 6051
2 4187 6061
2 4172 4189
2 4189 4200
2 4167 4189
2 2030 4189
2 4190 6051
2 4190 6044
2 934 4190
2 4191 5846
2 4191 4192
2 4191 4194
2 192 4191
2 4191 5849
2 4191 4196
2 4192 4194
2 4192 5846
2 4192 5849
2 4192 4196
2 4193 4195
2 4194 4196
2 4194 5849
2 4194 5846
2 4194 4199
2 3770 4194
2 4195 4197
2 1998 4195
2 4196 4199
2 4196 5849
2 4196 5856
2 4196 4201
2 4197 4203
2 4197 4204
2 1988 4198
2 1845 4198
2 4181 4198
2 4199 4201
2 4199 5856
2 4199 5849
2 4200 4211
2 4200 4217
2 2068 4200
2 4200 4224
2 1905 4200
2 4201 5856
2 4201 5858
2 4201 4202
2 192 4201
2 4202 5864
2 4202 5858
2 4202 5869
2 3770 4202
2 4203 4204
2 4203 4208
2 4204 4208
2 4204 4209
2 4205 4210
2 4206 4207
2 4206 6112
2 4206 6118
2 4206 6105
2 4207 4212
2 4207 6112
2 4207 6105
2 4207 4213
2 4208 4209
2 4208 4214
2 2017 4208
2 4209 4214
2 4210 4216
2 4211 4217
2 4211 4224
2 4211 4232
2 1904 4211
2 4212 4213
2 4212 6105
2 4212 6112
2 4212 4215
2 4213 4215
2 4213 6097
2 4213 6105
2 4213 4218
2 4214 4220
2 4215 6097
2 4215 4218
2 4215 6089
2 4215 4219
2 4216 4223
2 1019 4216
2 4217 4224
2 4217 4232
2 4218 4219
2 4218 6089
2 4218 6097
2 4218 4221
2 4219 4221
2 4219 6089
2 4220 4227
2 4221 6082
2 4221 6089
2 4222 5877
2 4222 4225
2 4222 5875
2 4222 4226
2 4222 5871
2 4223 4231
2 4224 4232
2 4225 5877
2 4225 4226
2 4225 5880
2 4225 4229
2 4226 4229
2 4226 5880
2 4226 5877
2 4227 4235
2 1826 4227
2 4228 4253
2 4228 4261
2 4198 4228
2 4229 5880
2 4229 4230
2 4229 5885
2 4230 5885
2 4230 4233
2 4230 5880
2 4226 4230
2 4230 4234
2 4231 4236
2 1026 4231
2 2088 4231
2 4232 4243
2 4233 4234
2 4233 5885
2 4233 4237
2 4229 4233
2 4233 5880
2 4234 4237
2 4234 5885
2 4235 4239
2 1142 4235
2 4236 4242
2 2095 4236
2 4223 4236
2 4238 4240
2 4238 6157
2 4238 4241
2 4238 6152
2 4238 6162
2 4239 4246
2 1146 4239
2 4240 4241
2 4240 6152
2 4240 6157
2 4241 4244
2 4241 6152
2 4241 6146
2 4242 4249
2 1898 4242
2 4243 4257
2 1905 4243
2 4244 6146
2 4244 4245
2 4244 6152
2 4244 6141
2 4240 4244
2 4245 6141
2 4245 6146
2 4245 4247
2 4241 4245
2 4245 4248
2 4246 4252
2 1151 4246
2 4247 4248
2 4247 6141
2 4247 6139
2 4247 4250
2 4248 4250
2 4248 6139
2 4248 6141
2 4249 4256
2 2128 4249
2 4250 6139
2 4250 6141
2 4251 5904
2 4251 4254
2 4251 5901
2 4251 4255
2 4251 5905
2 4252 4260
2 4253 4261
2 4253 4286
2 4254 4255
2 4254 5905
2 4254 5904
2 4255 5905
2 4255 4258
2 4255 5909
2 4256 4263
2 2127 4256
2 1110 4257
2 4257 4276
2 4258 5909
2 4258 4259
2 4258 5905
2 4258 4262
2 4259 5909
2 4259 4262
2 4259 5914
2 4255 4259
2 4259 5905
2 4260 4266
2 4261 4286
2 1824 4261
2 4262 5914
2 4262 5909
2 3672 4262
2 4262 5919
2 4255 4262
2 4263 4269
2 4264 6201
2 4264 4265
2 4264 6206
2 4264 4267
2 4265 4267
2 4265 6201
2 4265 4268
2 4266 4272
2 4267 4268
2 4267 6196
2 4267 6201
2 4267 4270
2 4268 4270
2 4268 6196
2 4268 6192
2 4268 4271
2 2722 4268
2 4269 4275
2 4270 4271
2 4270 6192
2 4270 6196
2 4271 4273
2 4271 6192
2 4271 6186
2 4272 4279
2 1169 4272
2 4273 6186
2 4273 6192
2 4270 4273
2 4274 5940
2 4274 4277
2 4274 5937
2 4274 4278
2 4275 4281
2 4275 4282
2 4277 5940
2 4277 4278
2 4277 5945
2 4277 4280
2 4278 5945
2 4278 4280
2 4278 5940
2 4278 4283
2 4279 4285
2 4280 5945
2 4280 4283
2 4280 5950
2 4281 4282
2 1886 4281
2 1063 4281
2 4269 4281
2 4282 4289
2 1078 4282
2 4283 5950
2 4283 4284
2 4283 5945
2 4284 5950
2 4284 5954
2 4280 4284
2 3600 4284
2 4284 4287
2 4284 5945
2 4285 4292
2 4286 4311
2 4286 4316
2 1813 4286
2 4287 4288
2 4287 5954
2 4287 5957
2 4287 5950
2 4288 5957
2 4288 5954
2 4288 5961
2 3570 4288
2 4289 4295
2 4290 6270
2 4290 4291
2 817 4290
2 2777 4290
2 4290 6275
2 808 4290
2 4291 4293
2 4291 6259
2 4291 4294
2 4292 4298
2 4293 4294
2 4293 6259
2 4293 6255
2 4293 4296
2 4294 4296
2 4294 6255
2 4294 6249
2 4294 6259
2 4295 4301
2 4296 6249
2 4296 4297
2 4296 6255
2 4296 6244
2 4297 6249
2 4297 6244
2 4297 6243
2 4297 4299
2 4299 4300
2 4299 6243
2 4299 6237
2 4299 6244
2 4299 6233
2 4299 4302
2 4300 6233
2 4300 4302
2 4300 6237
2 4300 6243
2 4301 4306
2 1078 4301
2 4302 6233
2 4302 6237
2 826 4302
2 4303 4304
2 4303 5998
2 4303 6004
2 4303 4305
2 4303 5993
2 4304 6004
2 4304 4305
2 4304 5998
2 4304 4308
2 4305 6004
2 4305 4308
2 4305 6006
2 4305 4309
2 4306 4319
2 4307 4330
2 4308 6006
2 4308 4309
2 4308 6004
2 4308 4312
2 4309 4312
2 4309 6006
2 4309 6010
2 4309 4313
2 311 4309
2 4310 4315
2 1193 4310
2 4311 4316
2 4311 4325
2 2025 4311
2 4261 4311
2 4312 4313
2 4312 6010
2 4312 6014
2 4312 4314
2 4312 6006
2 4313 6014
2 4313 4314
2 4313 6010
2 4313 4317
2 4313 6021
2 4314 6014
2 4314 4317
2 4314 6021
2 4314 6010
2 4315 4323
2 4316 4325
2 1224 4316
2 2025 4316
2 4261 4316
2 4317 6021
2 4317 6014
2 4317 4318
2 4318 6026
2 4318 6021
2 4318 6030
2 4319 4329
2 4320 4321
2 4320 6338
2 4320 6330
2 4320 4322
2 4320 6343
2 2849 4320
2 4321 4322
2 4321 6330
2 4321 6338
2 4321 4326
2 4322 4326
2 4322 6330
2 4322 6324
2 4323 4324
2 4323 4333
2 1769 4323
2 4324 4333
2 4315 4324
2 4324 4339
2 4286 4325
2 1224 4325
2 2025 4325
2 4261 4325
2 4326 4327
2 4326 6324
2 4326 6330
2 4326 4328
2 4327 4328
2 4327 6324
2 4327 6318
2 4327 4331
2 4328 4331
2 4328 6318
2 4328 4332
2 4328 6312
2 4329 4336
2 4329 4342
2 4330 4353
2 1158 4330
2 1865 4330
2 4331 4332
2 4331 6312
2 4331 6318
2 4331 4334
2 4332 4334
2 4332 6312
2 4332 4335
2 4333 4339
2 1765 4333
2 4334 4335
2 4334 6312
2 4334 6306
2 4335 6306
2 4335 6300
2 2830 4335
2 4336 4342
2 1096 4336
2 4337 6043
2 4337 6049
2 4337 6040
2 4337 6052
2 4338 4340
2 4338 6056
2 4338 6052
2 4338 4341
2 4338 6049
2 4339 4345
2 1761 4339
2 4340 6056
2 4340 4341
2 4340 6052
2 3457 4340
2 4341 6056
2 4341 4343
2 4341 6060
2 4342 4352
2 2196 4342
2 4343 6060
2 4343 4344
2 4343 6063
2 4343 4346
2 4340 4343
2 4344 6063
2 4344 6060
2 4344 4346
2 4344 4347
2 4345 4349
2 2092 4345
2 4346 6063
2 4346 4347
2 4346 6069
2 4346 6060
2 4346 4348
2 4347 6069
2 4347 4348
2 4347 6063
2 4347 4350
2 4348 6069
2 4348 4350
2 4348 4351
2 4348 6063
2 4349 4356
2 4339 4349
2 1202 4349
2 4350 4351
2 4350 6069
2 4350 4354
2 4350 6078
2 4351 4354
2 4351 6078
2 4351 6079
2 4351 6069
2 4352 4359
2 2208 4352
2 1128 4352
2 4353 4360
2 4353 4366
2 4354 6078
2 4354 6079
2 4354 6084
2 4354 4355
2 4355 6084
2 4355 6079
2 4355 6091
2 4355 6078
2 4351 4355
2 427 4355
2 4356 4363
2 4357 4358
2 4357 6437
2 4357 4361
2 4357 6436
2 4358 4361
2 4358 6436
2 4358 6437
2 4358 4362
2 4359 4365
2 4360 4366
2 4360 4376
2 4361 6436
2 4361 4362
2 4361 6437
2 4361 4364
2 4362 4364
2 4362 6436
2 4362 6430
2 4363 4368
2 4364 4367
2 4364 6430
2 4364 6424
2 4364 4369
2 4365 4371
2 4366 4376
2 4367 4369
2 4367 6424
2 4367 6430
2 4367 6418
2 4368 4373
2 4369 6418
2 4369 4370
2 4369 6424
2 2941 4369
2 4370 4372
2 4370 6418
2 4370 6417
2 4370 6424
2 4371 4375
2 4372 4374
2 4372 6413
2 4372 6417
2 4373 4379
2 2100 4373
2 4374 6413
2 4374 4377
2 4374 4378
2 4370 4374
2 4375 4382
2 1843 4375
2 4377 4378
2 4377 6408
2 4377 6413
2 2929 4377
2 4378 4380
2 4378 6408
2 4378 6402
2 4378 4381
2 4379 4386
2 2111 4379
2 4380 4381
2 4380 6402
2 4380 6408
2 4380 4383
2 4377 4380
2 4380 6393
2 4381 4383
2 4381 6402
2 4381 6393
2 4381 4384
2 1839 4382
2 4382 4394
2 4383 6393
2 4383 4384
2 4383 6402
2 4383 6387
2 4384 6393
2 4384 6387
2 4384 6402
2 4385 6156
2 4385 6150
2 4385 4387
2 4385 6145
2 4385 6158
2 4385 4388
2 4386 4391
2 1231 4386
2 4387 6158
2 4387 4388
2 4387 6156
2 4387 4389
2 4387 6161
2 4388 6158
2 4388 4389
2 4388 6161
2 4388 6156
2 4389 6161
2 4389 6158
2 4389 4390
2 4389 6165
2 4390 6165
2 4390 6161
2 3296 4390
2 4390 6167
2 4391 4397
2 2130 4391
2 4392 4398
2 4392 4406
2 1339 4392
2 4392 4438
2 1344 4392
2 2138 4392
2 1713 4392
2 4393 6167
2 4393 4395
2 4393 6173
2 4393 4396
2 4394 4401
2 4395 6173
2 4395 4396
2 4395 6167
2 4395 4399
2 4396 6173
2 4396 4399
2 4396 6177
2 4397 4405
2 4397 4411
2 1252 4397
2 4398 4406
2 1339 4398
2 4398 4438
2 1344 4398
2 2138 4398
2 1713 4398
2 4399 4400
2 4399 6177
2 4399 6173
2 4400 6177
2 4400 4403
2 4400 6179
2 4396 4400
2 4400 4404
2 1149 4401
2 1207 4402
2 4376 4402
2 2187 4402
2 4402 4433
2 4403 4404
2 4403 6179
2 4403 6177
2 4403 4407
2 4399 4403
2 4404 4407
2 4404 6179
2 4404 4408
2 4405 4411
2 1731 4405
2 4405 4412
2 1729 4405
2 4406 4438
2 1344 4406
2 2138 4406
2 1713 4406
2 4407 4408
2 4407 4409
2 4407 6190
2 4407 6179
2 3277 4407
2 4408 4409
2 4408 6190
2 4408 4410
2 4408 6194
2 4409 4410
2 4409 6194
2 4409 6190
2 4409 4413
2 3273 4409
2 4410 6194
2 4410 4413
2 4410 6190
2 4410 4414
2 4407 4410
2 3268 4410
2 4411 4412
2 4411 4418
2 1256 4411
2 4412 4418
2 4412 4423
2 4413 4414
2 4413 6194
2 4413 4416
2 4413 6199
2 4413 6190
2 4414 4416
2 4414 6199
2 4414 4417
2 4414 6194
2 3245 4414
2 4415 4421
2 4415 4427
2 4401 4415
2 4416 6199
2 4416 4417
2 4416 6203
2 4416 4419
2 4417 4419
2 4417 6203
2 4417 6199
2 4417 4420
2 4418 4423
2 4419 6203
2 4419 4420
2 4419 4422
2 4419 6199
2 4420 4422
2 4420 6203
2 4420 4425
2 4420 4426
2 4421 4427
2 4422 4425
2 4422 4426
2 4422 6203
2 3231 4422
2 4423 4424
2 1729 4423
2 4423 4430
2 4424 4430
2 2139 4424
2 4425 4426
2 4425 4428
2 4425 6209
2 534 4425
2 3226 4425
2 4426 4428
2 4426 6209
2 4426 4429
2 4428 6209
2 4428 4429
2 4428 6214
2 4429 4431
2 4429 6214
2 4429 6209
2 4429 4432
2 4430 4437
2 4431 6214
2 4431 4432
2 4431 6218
2 4431 4434
2 4428 4431
2 4432 4434
2 4432 6218
2 4432 6214
2 4432 4435
2 4433 4447
2 2243 4433
2 1221 4433
2 4433 4464
2 4434 4435
2 4434 6218
2 4434 6223
2 4434 4436
2 4435 4436
2 4435 6223
2 4435 6218
2 4436 6223
2 4436 4439
2 4436 6227
2 4436 4440
2 3216 4436
2 4437 4444
2 1273 4437
2 1368 4438
2 4439 4440
2 4439 6227
2 4439 6223
2 4439 4442
2 4435 4439
2 4439 6232
2 4440 4442
2 4440 6227
2 4440 6232
2 4440 4443
2 4440 6235
2 4441 4446
2 4441 4454
2 4442 4443
2 4442 6232
2 4442 6235
2 4442 6227
2 4442 4445
2 4443 6235
2 4443 6232
2 4443 4445
2 4443 6239
2 4444 4450
2 4445 4448
2 4445 6239
2 4445 6235
2 4445 4449
2 4446 4454
2 4447 4464
2 4447 4470
2 2249 4447
2 1271 4447
2 4448 4449
2 4448 6239
2 4448 4452
2 4448 6235
2 4449 4452
2 4449 6239
2 4450 4451
2 4452 4453
2 4452 6247
2 4453 4455
2 4453 6247
2 4453 6251
2 4453 4456
2 4454 4458
2 4455 4456
2 4455 6251
2 4455 6256
2 4455 6247
2 4456 6256
2 4456 6251
2 4456 4457
2 4456 6265
2 4456 6247
2 4457 6265
2 4457 4459
2 4457 6256
2 4457 4460
2 4458 4469
2 4459 4460
2 4459 6265
2 4459 6267
2 4459 4462
2 4460 4462
2 4460 6267
2 4460 4463
2 4461 4467
2 1280 4461
2 2171 4461
2 4462 4463
2 4462 6267
2 4462 6271
2 4463 4465
2 4463 6271
2 4463 4466
2 4464 4470
2 4464 4476
2 1279 4464
2 4465 4466
2 4465 6271
2 4465 4468
2 4462 4465
2 4466 4468
2 4466 6280
2 4466 4471
2 4467 4472
2 4468 4471
2 4468 6280
2 4468 6284
2 4468 4473
2 3139 4468
2 4469 4475
2 1788 4469
2 2264 4469
2 1807 4469
2 4470 4476
2 1774 4470
2 1282 4470
2 4471 4473
2 4471 6284
2 4471 6280
2 4471 4474
2 4472 4479
2 4473 4474
2 4473 6284
2 4473 6289
2 4473 4477
2 4474 4477
2 4474 6289
2 4474 6284
2 4475 4483
2 4476 4490
2 4477 4478
2 4477 6289
2 4477 6296
2 4478 6296
2 4478 4481
2 4478 4482
2 4479 4486
2 4480 4493
2 2145 4480
2 1359 4480
2 4481 4482
2 4481 6296
2 4481 6298
2 4481 4484
2 4477 4481
2 4482 4484
2 4482 6298
2 4482 4485
2 4482 6304
2 4483 4489
2 4483 4496
2 1216 4483
2 4484 4485
2 4484 6304
2 4484 6298
2 3125 4484
2 4485 6304
2 4485 6309
2 4485 4487
2 4485 6298
2 3124 4485
2 4486 4492
2 4487 6309
2 4487 4488
2 4487 6314
2 4487 4491
2 4487 6304
2 4488 4491
2 4488 6314
2 4488 6309
2 4488 4494
2 614 4488
2 4489 4496
2 4489 4504
2 4490 4497
2 1271 4490
2 4491 6314
2 4491 4494
2 4491 4495
2 4492 4500
2 4492 4501
2 2154 4493
2 2190 4493
2 1368 4493
2 4494 4495
2 4494 6323
2 4494 6314
2 4494 4498
2 4495 6323
2 4495 4498
2 4495 4499
2 4495 6329
2 4496 4504
2 2307 4496
2 1778 4497
2 4476 4497
2 1271 4497
2 4498 4499
2 4498 6323
2 4498 6329
2 4498 4502
2 4499 4502
2 4499 6329
2 4499 6323
2 4499 4503
2 4500 4501
2 4500 4507
2 1685 4500
2 4501 4507
2 4502 4503
2 4502 6329
2 4502 6333
2 4502 4505
2 4503 4505
2 4503 6333
2 4503 6329
2 4504 4510
2 4505 4506
2 4505 6339
2 4505 6333
2 4506 6339
2 4506 4508
2 4506 6333
2 4503 4506
2 4508 4509
2 4508 4511
2 4508 6339
2 625 4508
2 3065 4508
2 4509 4511
2 4509 4512
2 4509 6351
2 3076 4509
2 634 4509
2 4510 4515
2 4511 4512
2 4511 6351
2 4511 4513
2 4512 6351
2 4512 4513
2 3058 4512
2 4512 4514
2 4513 4514
2 4513 6351
2 4513 6356
2 4513 6360
2 3055 4513
2 4514 6360
2 4514 4516
2 4514 6356
2 4515 4521
2 2307 4515
2 4516 6360
2 4516 4517
2 4516 6356
2 4517 6364
2 4517 6360
2 4517 4519
2 4514 4517
2 4518 4525
2 1321 4518
2 4519 6372
2 4519 4520
2 4519 6364
2 4519 4523
2 4519 6376
2 4520 4523
2 4520 6372
2 4520 6376
2 4520 6364
2 4521 4528
2 2306 4521
2 4522 4529
2 1753 4522
2 1318 4522
2 4523 6376
2 4523 6372
2 4524 6383
2 4524 6389
2 4524 6379
2 3033 4524
2 4525 4532
2 1681 4525
2 1325 4525
2 4526 5391
2 4526 5396
2 4526 5392
2 4526 5375
2 4526 5122
2 4526 5118
2 4527 5113
2 4527 5105
2 4527 5404
2 4527 5399
2 4527 5406
2 4528 4536
2 4515 4528
2 2294 4529
2 1748 4529
2 4530 5100
2 4530 5371
2 4530 5372
2 4530 5106
2 4530 5374
2 368 4530
2 4531 5416
2 4531 5415
2 4531 5093
2 4531 5418
2 836 4531
2 4531 5090
2 4531 5371
2 4532 4539
2 1350 4532
2 4533 5083
2 4533 5425
2 4533 5369
2 4534 5077
2 4534 5426
2 4534 5428
2 4534 4535
2 4534 5083
2 4535 5428
2 4535 5426
2 4535 5429
2 4535 5077
2 357 4535
2 4535 5067
2 4536 4543
2 4536 4549
2 4537 5442
2 4537 5067
2 4537 5363
2 4537 5443
2 4537 5064
2 4537 5445
2 4538 5361
2 4538 5064
2 4538 5445
2 777 4538
2 4538 5443
2 4539 4546
2 4540 4547
2 4541 5168
2 4541 5378
2 4541 4544
2 4541 5178
2 4541 5382
2 4542 5397
2 4542 5055
2 4542 5029
2 4542 5420
2 4543 4549
2 1759 4543
2 2333 4543
2 4544 5378
2 4544 5168
2 4544 5382
2 4544 5165
2 4544 4548
2 4545 5360
2 4545 5455
2 4545 5057
2 4545 5358
2 4545 5357
2 4545 5051
2 4546 4553
2 4548 5165
2 4548 5382
2 4548 5385
2 4548 4551
2 4549 4556
2 4550 4557
2 4550 4564
2 4551 5163
2 4551 5385
2 4551 5388
2 4551 4554
2 4551 5165
2 4552 5051
2 4552 5357
2 4552 5350
2 4552 5358
2 4552 4555
2 4552 5043
2 4553 4561
2 4554 5388
2 4554 5163
2 4554 5394
2 4554 5162
2 4555 5043
2 4555 5350
2 4555 5051
2 4555 5346
2 735 4555
2 4557 4564
2 4557 4571
2 4558 5162
2 4558 4560
2 4558 5394
2 4558 4562
2 4559 5040
2 4559 5346
2 4559 5033
2 4559 5472
2 4560 4562
2 4560 5162
2 910 4560
2 4560 5403
2 4560 5394
2 4561 4568
2 4562 5403
2 4562 5159
2 895 4562
2 334 4562
2 4563 5030
2 4563 5025
2 4563 5473
2 314 4563
2 4563 5034
2 4564 4571
2 4564 4576
2 4565 5158
2 4565 5407
2 4565 4566
2 4565 5410
2 4565 5159
2 4566 5410
2 4566 5407
2 4566 5158
2 4566 5412
2 4566 5411
2 4567 5412
2 4567 5411
2 4567 5366
2 4567 5410
2 4566 4567
2 4567 5407
2 4567 5158
2 4568 4579
2 4569 5486
2 4569 5485
2 4569 5021
2 4569 5481
2 707 4569
2 4570 5337
2 4570 5338
2 4570 5015
2 4570 5011
2 4570 4572
2 4571 4576
2 4550 4571
2 1748 4571
2 4572 5011
2 4572 4575
2 4572 5337
2 4572 5334
2 679 4572
2 4573 5153
2 4573 5423
2 4573 5154
2 4573 5424
2 312 4573
2 859 4573
2 4574 5377
2 4574 5381
2 4574 5384
2 4575 5334
2 4575 5493
2 4575 5333
2 4575 5004
2 4575 5498
2 4557 4576
2 1327 4576
2 4577 5354
2 4577 5149
2 4577 5150
2 4577 4584
2 4578 5387
2 4578 4586
2 4578 5384
2 4578 5132
2 4579 4585
2 4580 4599
2 1671 4580
2 4580 4605
2 2197 4580
2 4581 5505
2 4581 5503
2 4581 4997
2 4581 4990
2 4581 5327
2 4581 5507
2 4582 4588
2 4582 4592
2 2341 4582
2 4583 4590
2 4583 4988
2 4583 5351
2 4583 4597
2 4584 5142
2 4584 5354
2 4584 5349
2 4586 5132
2 4586 5387
2 4586 5129
2 4587 5327
2 4587 4990
2 4587 5507
2 4587 4589
2 4587 5510
2 4581 4587
2 4588 4592
2 1287 4588
2 4589 5510
2 4589 5512
2 4589 5325
2 4589 5327
2 4589 5517
2 4589 5507
2 4590 5351
2 4590 4597
2 4590 4963
2 4590 4988
2 4591 5139
2 4591 5436
2 4591 5440
2 4591 4594
2 4591 5433
2 4591 5145
2 4591 5349
2 4592 4602
2 4593 4980
2 4593 5320
2 4593 5319
2 4593 4985
2 4593 5517
2 4593 4596
2 4593 5317
2 4594 5440
2 4594 5139
2 4594 5436
2 4594 5138
2 4594 4600
2 814 4594
2 2263 4595
2 4595 4604
2 4596 5317
2 4596 5319
2 4596 4974
2 4596 4980
2 4596 5523
2 4597 4963
2 4597 5351
2 4597 4948
2 4598 5523
2 4598 4972
2 4598 4974
2 4598 5525
2 4598 4601
2 4599 4605
2 1481 4599
2 4599 4622
2 4600 5138
2 4600 5446
2 4600 4603
2 4600 5135
2 4600 5342
2 809 4600
2 4600 5450
2 4601 5525
2 4601 5527
2 4601 4972
2 4601 5523
2 257 4601
2 4602 4608
2 1297 4602
2 4602 4614
2 4603 5342
2 4603 5135
2 4603 5446
2 4603 5450
2 4603 5138
2 4603 5452
2 4604 4611
2 1635 4604
2 2252 4604
2 4605 4622
2 1484 4605
2 4606 4966
2 4606 5313
2 4606 5527
2 4606 4957
2 626 4606
2 4607 4951
2 4607 5543
2 4607 4610
2 4607 5546
2 4607 5545
2 4607 4943
2 4608 4614
2 2388 4608
2 1728 4608
2 4609 5126
2 4609 5464
2 4609 5128
2 4609 5461
2 4609 5330
2 4609 5460
2 4610 5545
2 4610 5546
2 4610 4943
2 4610 4951
2 1393 4611
2 4612 4939
2 4612 5304
2 4612 4613
2 4612 4932
2 221 4612
2 4613 5559
2 4613 4932
2 4613 5304
2 4613 5563
2 4613 4933
2 4614 4618
2 4615 5496
2 4615 5501
2 4615 4912
2 4615 4929
2 4616 5470
2 4616 5116
2 4616 5121
2 4616 5469
2 242 4616
2 4616 5109
2 4617 5568
2 4617 5301
2 4617 4921
2 4617 5300
2 4617 5572
2 4617 4925
2 4619 5109
2 4619 5475
2 4619 5476
2 4619 5103
2 4619 5478
2 4619 4620
2 4620 5103
2 4620 5478
2 4620 5476
2 4620 5483
2 4620 5475
2 4620 4624
2 4620 5097
2 2283 4621
2 4621 4634
2 1618 4621
2 1422 4621
2 4622 4627
2 4622 4642
2 4623 5345
2 4623 5435
2 4623 4625
2 4623 5439
2 4623 5431
2 4623 5078
2 4623 5069
2 4624 5097
2 4624 5483
2 4624 5099
2 4624 5103
2 744 4624
2 4624 5478
2 4625 5439
2 4625 5069
2 4625 5345
2 4625 5435
2 4625 5071
2 4626 5294
2 4626 4914
2 4626 4628
2 4626 4918
2 4626 5291
2 4626 5289
2 4627 4642
2 2238 4627
2 4628 4914
2 4628 5294
2 4628 5291
2 4628 5289
2 4628 4629
2 4629 5582
2 4629 4907
2 4629 5289
2 4629 4632
2 4629 5291
2 4630 4637
2 1721 4630
2 4631 5339
2 4631 5071
2 4631 5449
2 4631 5062
2 4631 5069
2 4631 5439
2 4632 4907
2 4632 5582
2 4632 5592
2 4632 5594
2 203 4632
2 4633 5310
2 4633 5308
2 4633 5087
2 4633 5490
2 4633 4635
2 4633 5314
2 4634 4641
2 1614 4634
2 2287 4634
2 4635 5087
2 4635 5310
2 4635 5308
2 4635 5080
2 4635 5490
2 4636 5596
2 4636 4903
2 4636 5594
2 4636 5592
2 544 4636
2 199 4636
2 4637 4644
2 4638 4659
2 2384 4638
2 1418 4638
2 4639 5502
2 4639 5075
2 4639 5499
2 4639 5074
2 4639 5082
2 4640 5283
2 4640 5600
2 4640 4894
2 4640 5604
2 4640 4645
2 4641 4647
2 4642 4663
2 2245 4642
2 4643 5506
2 4643 5073
2 4643 5075
2 4643 4646
2 4643 5502
2 4645 4894
2 4645 5604
2 4645 5280
2 4645 4889
2 4646 5073
2 4646 5506
2 4646 5066
2 201 4646
2 4647 4650
2 4648 4649
2 4648 4883
2 4648 5533
2 4648 4887
2 4648 4654
2 4649 4654
2 4649 4883
2 4649 4870
2 4649 5533
2 4650 4656
2 1610 4650
2 2287 4650
2 4651 5519
2 4651 5518
2 4651 5063
2 4651 5060
2 4651 5515
2 4651 5292
2 4652 5036
2 4652 5468
2 4652 5322
2 4652 5324
2 4652 4655
2 4653 4658
2 4644 4653
2 1707 4653
2 4654 4870
2 4654 5558
2 4654 5562
2 4655 5316
2 4655 5022
2 4655 5036
2 4656 4662
2 4647 4656
2 4657 5615
2 4657 5271
2 4657 5270
2 4657 5622
2 4657 5276
2 4657 4878
2 4657 5268
2 4658 4666
2 1322 4658
2 2415 4658
2 4659 4667
2 4659 4674
2 4660 5054
2 4660 5524
2 4660 4664
2 4660 5290
2 4660 5049
2 4660 5292
2 4661 5268
2 4661 5624
2 4661 5267
2 4661 4875
2 4661 5622
2 4661 5626
2 4661 5270
2 4661 5265
2 4650 4662
2 1453 4662
2 2293 4662
2 4663 4670
2 4663 4678
2 4664 5524
2 4664 5049
2 4664 5288
2 4664 5054
2 4665 5629
2 4665 5626
2 4665 5265
2 4665 5262
2 4665 4875
2 4665 5267
2 4665 4669
2 4666 4673
2 4667 4674
2 4667 4681
2 2402 4667
2 4668 5017
2 4668 5488
2 4668 5022
2 4668 5489
2 4668 5012
2 4669 5258
2 4669 5262
2 4669 4867
2 4669 5629
2 148 4669
2 484 4669
2 4670 4678
2 2259 4670
2 4671 5295
2 4671 5566
2 4671 4866
2 4671 5562
2 4671 5558
2 4672 5032
2 4672 5537
2 4672 5536
2 4672 4675
2 157 4672
2 4673 4680
2 4674 4681
2 4675 5537
2 4675 5032
2 4675 5278
2 4675 5540
2 4675 5027
2 4676 5027
2 4676 5540
2 4676 5278
2 4675 4676
2 4676 5537
2 4676 5032
2 4677 4683
2 4678 4698
2 4679 4852
2 4679 5252
2 4679 4855
2 4679 5648
2 4679 4848
2 4679 5253
2 4680 4684
2 4682 5494
2 4682 5305
2 4682 4998
2 4682 4993
2 4682 4687
2 4682 5006
2 209 4682
2 4683 4686
2 4684 4690
2 4685 5024
2 4685 5548
2 146 4685
2 152 4685
2 4685 5273
2 4685 5549
2 4685 5027
2 4686 4693
2 4686 4697
2 2330 4686
2 1457 4686
2 4687 5302
2 4687 4993
2 4687 4688
2 4687 5305
2 4687 5494
2 4687 4998
2 4688 5302
2 4688 5298
2 4688 4982
2 4688 4993
2 4688 5297
2 4689 4841
2 4689 4846
2 4689 5247
2 4689 5658
2 4689 4835
2 1357 4690
2 4691 5008
2 4691 5565
2 4691 5259
2 4691 5013
2 589 4691
2 4691 4692
2 4692 5001
2 4692 5573
2 4692 5259
2 4692 5565
2 4692 5008
2 4693 4697
2 1477 4693
2 2327 4693
2 4683 4693
2 1461 4693
2 4694 5671
2 4694 4825
2 4694 4830
2 4694 5245
2 4694 5660
2 4695 4967
2 4695 5520
2 4695 4699
2 4695 4700
2 4695 4960
2 574 4695
2 4695 4704
2 4696 4703
2 4696 4824
2 173 4696
2 177 4696
2 440 4696
2 4696 5285
2 4696 4809
2 1482 4697
2 4697 4706
2 4698 4722
2 2278 4698
2 4699 4700
2 4699 4967
2 4699 4960
2 4699 5520
2 4699 4704
2 4699 5529
2 4700 4960
2 4700 4704
2 4700 5529
2 4700 4967
2 4700 4953
2 4701 4710
2 4702 5242
2 4702 5239
2 4702 5684
2 4702 5679
2 4702 4821
2 4702 5687
2 4703 4809
2 4703 5255
2 4703 4707
2 4703 4824
2 4703 5632
2 4704 5529
2 4704 4953
2 4704 4960
2 4704 5531
2 4705 5694
2 4705 4815
2 4705 4812
2 4705 5231
2 4705 5691
2 4705 5233
2 4705 5698
2 4706 4713
2 4707 5255
2 4707 4809
2 4707 5632
2 4707 5635
2 4707 4708
2 394 4707
2 4708 5635
2 4708 5632
2 4708 5255
2 4708 4809
2 4709 4716
2 1371 4709
2 4711 4956
2 4711 5603
2 4711 4944
2 4711 4712
2 4711 5606
2 4711 5243
2 4711 5601
2 4712 4944
2 4712 5606
2 4712 4715
2 4712 4942
2 4712 4956
2 4712 5608
2 4714 4803
2 4714 5714
2 4714 5709
2 4714 5717
2 4714 4801
2 4714 4806
2 4715 5606
2 4715 5608
2 4715 4942
2 4715 4944
2 4715 5237
2 510 4715
2 4711 4715
2 4716 4718
2 4716 4725
2 4717 5556
2 4717 5264
2 4717 5261
2 4717 4908
2 4717 5569
2 4717 4904
2 487 4717
2 4718 4725
2 4718 4730
2 4709 4718
2 4719 4936
2 4719 4926
2 4719 5612
2 4719 5614
2 4719 5237
2 4720 4798
2 4720 5219
2 4720 4724
2 4720 5225
2 4720 4801
2 4720 5717
2 4721 4728
2 4713 4721
2 2337 4721
2 4722 4746
2 1590 4722
2 4723 4727
2 4723 5645
2 4723 4789
2 4723 4788
2 4723 4733
2 4723 5664
2 4724 5219
2 4724 4798
2 4724 4794
2 4724 5718
2 4724 4726
2 4725 4730
2 2483 4725
2 1668 4725
2 4726 5718
2 4726 4794
2 4726 4729
2 4726 4792
2 4726 5219
2 390 4726
2 4727 4789
2 4727 4788
2 4727 4733
2 4727 5664
2 4727 5645
2 4727 5670
2 4728 4735
2 4729 4792
2 4729 5718
2 4729 4794
2 4729 4732
2 4729 5212
2 4730 4738
2 1408 4730
2 2490 4730
2 4731 4919
2 4731 5621
2 4731 5228
2 4731 5617
2 4731 4915
2 4731 5627
2 4731 4922
2 4732 5212
2 4732 4791
2 4732 4792
2 4732 5210
2 4732 5209
2 382 4732
2 4733 4788
2 4733 5664
2 4733 4789
2 4733 5670
2 4734 5588
2 4734 5575
2 4735 4740
2 4736 5200
2 4736 5202
2 4736 5204
2 4736 5723
2 4736 4784
2 4736 4785
2 4737 4781
2 4737 5682
2 4737 4782
2 4737 4741
2 4737 5676
2 4737 4780
2 4737 5670
2 4738 4743
2 1658 4738
2 4739 5641
2 4739 5643
2 4739 5220
2 4739 5217
2 4740 4745
2 4740 4752
2 2367 4740
2 4741 5682
2 4741 4780
2 4741 4781
2 4741 5676
2 4741 4782
2 380 4741
2 4742 5217
2 4742 5215
2 4742 5643
2 4742 5646
2 4742 4896
2 449 4742
2 4743 4749
2 4744 4892
2 4744 5652
2 4744 4896
2 4744 5646
2 4744 5215
2 455 4744
2 4745 4752
2 2366 4745
2 4746 4767
2 4746 4773
2 4747 4886
2 4747 4880
2 4747 5659
2 4747 5662
2 24 4747
2 4748 4858
2 4748 4872
2 4748 4753
2 4748 5229
2 4748 4849
2 414 4748
2 4749 4755
2 1424 4749
2 4750 4756
2 1638 4750
2 2473 4750
2 4750 4777
2 1632 4750
2 4751 5197
2 4751 4876
2 4751 5662
2 4751 4873
2 4751 5659
2 4751 4880
2 420 4751
2 4752 4760
2 1550 4752
2 1521 4752
2 4753 5229
2 4753 4849
2 4753 4858
2 4753 5620
2 4753 5623
2 410 4753
2 4754 4860
2 4754 5190
2 4754 5675
2 4754 4865
2 4754 5189
2 4755 4763
2 4756 4777
2 2473 4756
2 1632 4756
2 4757 5690
2 4757 5184
2 4757 4758
2 4757 5186
2 4757 5189
2 4757 4845
2 4758 5690
2 4758 4845
2 4758 5693
2 4758 5184
2 4758 5186
2 4759 4827
2 4759 4761
2 4759 5222
2 4759 4831
2 4761 4827
2 4761 4764
2 47 4761
2 4761 5222
2 4762 4833
2 4762 5702
2 4762 5182
2 4762 5696
2 4762 5706
2 4763 4769
2 4764 5653
2 4764 5655
2 4764 5656
2 4764 4814
2 23 4764
2 4765 4828
2 4765 5706
2 4765 4833
2 4762 4765
2 4765 5702
2 4765 5182
2 398 4765
2 4766 4772
2 4760 4766
2 4767 4773
2 4767 4797
2 2364 4767
2 1534 4767
2 4768 5198
2 4768 4814
2 4768 5656
2 4768 5665
2 4768 5655
2 4768 4808
2 4769 4776
2 1424 4769
2 4770 5667
2 4770 4808
2 4770 5665
2 4770 5195
2 4770 4771
2 4770 4805
2 4770 5198
2 4771 4805
2 4771 5195
2 4771 5667
2 4771 4808
2 4771 5665
2 384 4771
2 377 4771
2 4772 4779
2 4773 4797
2 4774 4800
2 4774 5680
2 4774 5685
2 4774 5188
2 4774 5193
2 4774 4795
2 4774 4805
2 4775 5223
2 4775 5699
2 4775 5712
2 4775 4778
2 375 4775
2 4775 4780
2 4741 4775
2 1428 4776
2 4776 4786
2 4777 4787
2 4778 5699
2 4778 4780
2 4741 4778
2 4778 5682
2 4778 5223
2 4779 4783
2 4780 5682
2 4780 4781
2 4780 5676
2 4780 4782
2 4781 5682
2 4781 5676
2 4781 4782
2 4781 5670
2 4782 5676
2 4782 5682
2 4782 5670
2 4783 4790
2 2380 4783
2 4783 4796
2 4784 5723
2 4784 5200
2 378 4784
2 4784 5202
2 4784 5204
2 4785 5722
2 4785 5204
2 4785 5205
2 4785 5202
2 4785 5720
2 4786 4793
2 4786 4799
2 1626 4786
2 1638 4787
2 4788 5664
2 4788 4789
2 4788 5670
2 4789 5664
2 4789 5670
2 380 4789
2 4790 4796
2 4779 4790
2 4791 5210
2 4791 5212
2 4791 5209
2 4791 4792
2 4729 4791
2 4792 5212
2 4792 5718
2 4792 4794
2 4793 4799
2 1624 4793
2 4794 5718
2 4794 5219
2 4795 5685
2 4795 5188
2 4795 5680
2 4795 4800
2 4795 5193
2 4795 4805
2 2399 4796
2 1526 4796
2 4796 4804
2 4798 5219
2 4798 5225
2 4798 4801
2 4798 5717
2 4799 4802
2 4800 5680
2 4800 5193
2 4800 5685
2 4800 5188
2 4800 4805
2 4801 5717
2 4801 5225
2 4801 5714
2 4803 5709
2 4803 4806
2 4803 5714
2 4803 5708
2 4803 5717
2 4804 4810
2 4805 5195
2 4805 5667
2 4805 4808
2 4805 5665
2 384 4805
2 4806 5708
2 4806 5705
2 4806 5709
2 4806 4811
2 4806 5226
2 4807 4813
2 4807 4820
2 1548 4807
2 4808 5667
2 4808 5665
2 4808 5195
2 4808 5198
2 4809 5255
2 4809 5632
2 4809 5635
2 113 4809
2 4810 4816
2 4811 5226
2 4811 5701
2 4811 5705
2 4811 5698
2 4811 5708
2 4812 5694
2 4812 5698
2 4812 5701
2 4812 5226
2 4811 4812
2 4813 4820
2 4814 5198
2 4814 5656
2 4814 5655
2 4814 5665
2 4808 4814
2 4815 5691
2 4815 5231
2 4815 5233
2 4815 4817
2 4815 5694
2 4816 4823
2 2412 4816
2 4817 5691
2 4817 5233
2 4817 5231
2 4705 4817
2 4818 5688
2 4818 5236
2 4818 5687
2 85 4818
2 4818 4821
2 4818 5684
2 4818 5239
2 4819 4826
2 1462 4819
2 4819 4832
2 4821 5239
2 4821 5687
2 4821 5684
2 4821 5242
2 4821 5236
2 4821 5688
2 4822 5679
2 4702 4822
2 4822 5242
2 4822 4825
2 416 4822
2 4823 4829
2 2411 4823
2 4824 5285
2 4824 5287
2 4824 5591
2 4825 5671
2 4825 4830
2 4825 5245
2 4826 4832
2 4826 4836
2 4827 5222
2 4827 4831
2 4828 5706
2 4828 4833
2 4762 4828
2 4828 5702
2 4828 5182
2 398 4828
2 4829 4834
2 1582 4829
2 4830 5245
2 4830 5660
2 4830 5671
2 4830 4835
2 4830 5658
2 4831 5222
2 4831 4837
2 4831 4842
2 4832 4836
2 2567 4832
2 4833 5702
2 4833 5706
2 4833 5182
2 4834 4839
2 4835 5658
2 4835 5247
2 4835 5660
2 4835 5245
2 425 4835
2 4836 4843
2 4837 4842
2 4837 5222
2 4837 5623
2 4837 5620
2 4838 5591
2 4838 5287
2 4838 5285
2 4671 4838
2 4839 4847
2 4840 4853
2 2371 4840
2 4841 4846
2 4841 5247
2 4841 5658
2 4841 4848
2 4842 5623
2 4842 5620
2 4842 4849
2 4842 5229
2 4843 4850
2 2577 4843
2 4844 4851
2 4844 4857
2 4844 4864
2 4845 5693
2 4845 5690
2 4845 5696
2 7 4845
2 4846 4848
2 4846 5648
2 4846 5247
2 4848 5648
2 4848 4852
2 4849 5229
2 4849 5620
2 4849 5623
2 4849 4858
2 4850 4856
2 4850 4862
2 4851 4857
2 4851 4864
2 4852 5252
2 4852 4855
2 4852 5253
2 4852 5648
2 2379 4853
2 2430 4853
2 4854 5640
2 4854 4861
2 4854 5639
2 4854 5256
2 4854 5253
2 140 4854
2 4854 5252
2 4855 5252
2 4855 5253
2 4855 5640
2 4856 4862
2 4856 4863
2 4857 4864
2 2520 4857
2 4858 5229
2 4858 5620
2 4858 4872
2 4859 4868
2 4859 4874
2 4847 4859
2 4860 5190
2 4860 5675
2 4860 5189
2 4860 4865
2 4861 5256
2 4861 5639
2 4861 5640
2 4861 5253
2 4861 5252
2 4862 4863
2 4862 4871
2 4863 4871
2 4864 4882
2 4865 5675
2 4865 4869
2 4865 5194
2 4865 5672
2 4866 5562
2 4866 5558
2 4866 5566
2 4866 5295
2 4866 4870
2 4654 4866
2 4867 5258
2 4867 5262
2 4867 5639
2 4867 5256
2 4867 5629
2 4868 4874
2 1490 4868
2 4869 5194
2 4869 5672
2 4869 5675
2 4869 4873
2 423 4869
2 4870 5558
2 4870 5562
2 4870 5566
2 4871 4877
2 91 4872
2 450 4872
2 456 4872
2 4753 4872
2 4873 5672
2 4873 5197
2 4873 5194
2 4873 4876
2 4874 4879
2 4875 5267
2 4875 5626
2 4875 5624
2 4875 5268
2 4875 5265
2 4876 5197
2 4876 5662
2 4876 5659
2 4876 4880
2 4877 4881
2 1594 4877
2 4878 5276
2 4878 5271
2 4878 5615
2 4878 5270
2 489 4878
2 4879 4885
2 1492 4879
2 4880 5659
2 4880 5662
2 4880 4886
2 4881 4888
2 1581 4882
2 4882 4898
2 4857 4882
2 4883 5533
2 4883 4887
2 4883 4893
2 4884 5611
2 4884 5609
2 506 4884
2 4884 4890
2 4878 4884
2 2456 4885
2 4885 4895
2 4886 5659
2 443 4886
2 4886 5652
2 4887 5533
2 4887 4893
2 507 4887
2 4649 4887
2 226 4887
2 4888 4891
2 1506 4888
2 4889 5280
2 4889 5277
2 4889 4894
2 4889 5604
2 4890 5277
2 4890 5609
2 4890 5280
2 4889 4890
2 4891 4897
2 1511 4891
2 4891 4905
2 4892 5652
2 4892 4896
2 4892 5646
2 4892 5215
2 455 4892
2 4893 5533
2 4648 4893
2 507 4893
2 4649 4893
2 4894 5604
2 4894 5280
2 4894 5283
2 1615 4895
2 1470 4895
2 2468 4895
2 4896 5646
2 4896 5215
2 4896 5652
2 4897 4905
2 4897 4910
2 1514 4897
2 4898 4906
2 4898 4911
2 4899 4900
2 4899 5600
2 4899 5283
2 4640 4899
2 188 4899
2 536 4900
2 4900 5600
2 525 4900
2 4636 4900
2 4901 4904
2 4901 5569
2 4901 4908
2 4901 5575
2 470 4901
2 4902 4928
2 1458 4902
2 1666 4902
2 4903 5596
2 4903 5594
2 4903 5592
2 199 4903
2 4904 5569
2 4904 4908
2 4904 5261
2 4904 5556
2 4905 4910
2 4905 4916
2 4906 4911
2 4906 4917
2 4907 5582
2 4907 5289
2 4907 5592
2 4908 5261
2 4908 5569
2 4908 5556
2 4908 5264
2 4909 5634
2 4909 5637
2 4909 5631
2 4909 5220
2 59 4909
2 4910 4916
2 2626 4910
2 4911 4917
2 4912 5501
2 4912 5496
2 4912 4929
2 4893 4912
2 4913 4920
2 4914 5294
2 4914 5291
2 4914 5289
2 4629 4914
2 4915 5627
2 4915 5631
2 4915 4919
2 4915 5621
2 491 4915
2 4916 4923
2 4917 4924
2 4917 4931
2 4918 5572
2 4918 4921
2 4918 5300
2 207 4918
2 556 4918
2 4918 5294
2 4919 5621
2 4919 5627
2 4919 5228
2 4919 5617
2 4919 5631
2 4920 4927
2 4921 5300
2 4921 5572
2 4921 5568
2 4921 5301
2 217 4921
2 4922 5617
2 4922 5228
2 4922 5621
2 4922 5614
2 4922 5612
2 4923 4930
2 4924 4931
2 4911 4924
2 4924 4938
2 4906 4924
2 4925 4933
2 4925 5563
2 4925 5301
2 4925 5559
2 4925 5568
2 4926 5612
2 4926 5614
2 4926 4936
2 4927 4934
2 2480 4927
2 4928 4947
2 2465 4928
2 4929 4948
2 4929 5496
2 4929 5501
2 4930 4937
2 1544 4930
2 4931 4938
2 1569 4931
2 1630 4931
2 2595 4931
2 4932 5304
2 4932 5559
2 4932 5563
2 4932 4939
2 4933 5563
2 4933 5559
2 576 4933
2 4933 5301
2 4934 4941
2 1641 4934
2 2477 4934
2 4935 5539
2 4935 4940
2 4935 5531
2 548 4935
2 4936 5612
2 4936 5237
2 4936 5614
2 4937 4945
2 1560 4937
2 1562 4937
2 4938 4950
2 2605 4938
2 4939 5304
2 4613 4939
2 221 4939
2 4939 5559
2 4940 5539
2 4940 5531
2 4940 4953
2 4941 4946
2 4927 4941
2 4942 5608
2 4942 5606
2 4942 5237
2 4942 4944
2 4711 4942
2 4943 5546
2 4943 5545
2 4944 5606
2 4944 4956
2 4944 5608
2 4945 4949
2 4946 4952
2 4946 4955
2 1667 4946
2 2487 4946
2 1442 4947
2 4947 4976
2 4948 4963
2 4948 5351
2 4590 4948
2 4949 4954
2 4949 4958
2 4950 4959
2 4950 4965
2 4951 5543
2 4951 5546
2 4951 5311
2 4951 5545
2 4952 4955
2 4952 4961
2 4953 5529
2 4953 5531
2 4953 4960
2 4699 4953
2 4954 4958
2 4955 4961
2 4956 5603
2 4956 5243
2 4956 5606
2 4956 5601
2 4715 4956
2 4957 5311
2 4957 5313
2 4957 5543
2 4951 4957
2 236 4957
2 4958 4964
2 1575 4958
2 4959 4965
2 4959 4971
2 4960 5529
2 4960 4967
2 4961 4968
2 4962 5597
2 4962 5598
2 4962 5601
2 4962 5243
2 4962 5603
2 4963 5351
2 658 4963
2 4583 4963
2 4964 4970
2 2667 4964
2 4965 4971
2 4966 5527
2 4601 4966
2 4966 5313
2 4966 5525
2 4967 5520
2 4968 4975
2 1667 4968
2 4969 5248
2 4969 4973
2 100 4969
2 4969 5590
2 4970 4979
2 2605 4971
2 4950 4971
2 4972 5525
2 4972 5523
2 4972 5527
2 4973 5590
2 4973 5587
2 4973 5248
2 4973 4978
2 4973 5584
2 4974 5317
2 4974 5523
2 4974 5319
2 4972 4974
2 4961 4975
2 2509 4975
2 1441 4975
2 4976 4981
2 4976 4986
2 4977 5297
2 4977 4982
2 4977 5520
2 4977 5298
2 4967 4977
2 4978 5584
2 4978 5587
2 4978 5581
2 4978 5590
2 4978 5578
2 4979 4984
2 4980 5320
2 4980 5319
2 4980 5317
2 4980 4985
2 4980 5517
2 4981 4986
2 4982 5298
2 4982 5297
2 4982 5302
2 4983 5577
2 4983 5581
2 4983 5578
2 4983 5574
2 4983 5584
2 4984 4989
2 1546 4984
2 4985 5517
2 4985 5325
2 4985 5320
2 4985 5512
2 4985 5510
2 4987 5251
2 4987 5574
2 4987 4994
2 4987 5577
2 106 4987
2 4988 5002
2 4988 5351
2 4988 5368
2 4989 4995
2 1543 4989
2 4990 5327
2 4990 5507
2 4990 5505
2 4990 5503
2 4990 4997
2 4991 4992
2 1698 4991
2 1700 4991
2 1415 4991
2 2534 4992
2 4993 5305
2 4993 5494
2 4993 5302
2 4993 4998
2 4994 5251
2 4994 5573
2 4994 5001
2 4995 4999
2 4996 5503
2 4996 4997
2 670 4996
2 4996 5498
2 4996 5505
2 4581 4996
2 4997 5505
2 4997 5503
2 4998 5494
2 4998 5305
2 4998 5006
2 4998 5491
2 4999 5005
2 5000 5010
2 5000 5020
2 5001 5573
2 5001 5259
2 5001 5565
2 5002 5368
2 5002 5014
2 5002 5018
2 5003 5007
2 1423 5003
2 5004 5493
2 5004 5333
2 5004 5498
2 5004 5334
2 5005 5009
2 5006 5491
2 5006 5012
2 5006 5489
2 5006 5494
2 5006 5305
2 1717 5007
2 5008 5565
2 5008 5259
2 5008 5013
2 128 5008
2 1529 5009
2 1603 5009
2 2714 5009
2 5010 5020
2 5011 5337
2 4575 5011
2 5011 5015
2 679 5011
2 5012 5489
2 5012 5488
2 5012 5491
2 5012 5017
2 5013 5553
2 5013 5551
2 5013 5549
2 5013 5273
2 5014 5368
2 5014 5018
2 5014 5420
2 5014 5029
2 680 5014
2 749 5014
2 5015 5338
2 5015 5337
2 700 5015
2 5016 5023
2 5017 5488
2 5017 5022
2 5017 5489
2 5018 5420
2 5018 5029
2 5018 5368
2 5019 5026
2 2631 5020
2 5021 5486
2 5021 5485
2 5021 5481
2 5021 5480
2 5022 5316
2 649 5022
2 5022 5488
2 5023 5028
2 5024 5548
2 5024 5027
2 4676 5024
2 146 5024
2 5024 5273
2 5025 5480
2 5025 5481
2 309 5025
2 706 5025
2 5021 5025
2 5027 5540
2 5027 5278
2 5027 5537
2 5028 5031
2 5016 5028
2 5029 5420
2 5029 5397
2 352 5029
2 5030 5473
2 5030 5343
2 5030 5034
2 5030 5472
2 728 5030
2 5031 5038
2 1401 5031
2 5032 5537
2 5032 5278
2 5032 5540
2 5033 5472
2 5033 5040
2 5033 5343
2 314 5033
2 5033 5346
2 5033 5034
2 5034 5343
2 5034 5473
2 5034 5472
2 5035 5042
2 2712 5035
2 1619 5035
2 5035 5047
2 5036 5468
2 5036 5322
2 5036 5324
2 5036 5041
2 5037 5536
2 5037 5534
2 5037 5532
2 4672 5037
2 629 5037
2 5038 5044
2 2562 5038
2 5039 5045
2 5040 5346
2 5040 5043
2 5041 5046
2 5041 5328
2 5041 5324
2 5041 5322
2 5041 5468
2 5042 5047
2 5042 5053
2 5043 5350
2 5043 5346
2 5044 5050
2 5046 5328
2 5046 5331
2 5046 5324
2 5046 5322
2 5047 5053
2 1644 5047
2 1510 5048
2 5020 5048
2 2698 5048
2 5049 5288
2 5049 5524
2 5050 5056
2 5051 5357
2 5051 5358
2 5051 5350
2 5051 5057
2 5051 5360
2 5052 5331
2 5052 5059
2 5052 5457
2 5052 5328
2 5046 5052
2 5053 5058
2 5054 5524
2 5054 5290
2 5054 5292
2 5049 5054
2 5055 5397
2 5029 5055
2 5056 5061
2 1740 5056
2 2562 5056
2 5057 5360
2 5057 5455
2 5057 5358
2 5057 5357
2 5058 5065
2 5059 5457
2 5059 5331
2 5059 5062
2 5060 5292
2 5060 5290
2 5060 5519
2 5060 5518
2 5060 5063
2 196 5060
2 5061 5068
2 5061 5072
2 1764 5061
2 5062 5449
2 5062 5339
2 5062 5457
2 5062 5071
2 5063 5515
2 5063 5518
2 5063 5519
2 5063 5511
2 5063 5514
2 5064 5443
2 5064 5363
2 5064 5361
2 5064 5445
2 5064 5442
2 5065 5070
2 1491 5065
2 5066 5514
2 5066 5511
2 5066 5515
2 196 5066
2 5067 5442
2 5067 5363
2 5067 5443
2 5067 5429
2 777 5067
2 5064 5067
2 5068 5072
2 5068 5076
2 2594 5068
2 2573 5068
2 5069 5439
2 5069 5071
2 5069 5345
2 1489 5070
2 2767 5070
2 5071 5439
2 5071 5339
2 725 5071
2 5071 5449
2 5072 5076
2 2594 5072
2 1772 5072
2 5072 5081
2 5073 5506
2 5066 5073
2 201 5073
2 5074 5499
2 5074 5502
2 5074 5082
2 5074 5075
2 210 5074
2 5075 5502
2 5075 5499
2 5076 5081
2 2592 5076
2 5077 5426
2 5077 5428
2 5077 5429
2 5078 5431
2 5078 5435
2 5078 5345
2 725 5078
2 5078 5086
2 5079 5084
2 5080 5082
2 718 5080
2 703 5080
2 5080 5087
2 5074 5080
2 219 5080
2 212 5080
2 5081 5088
2 5082 5499
2 5082 5502
2 5075 5082
2 5083 5425
2 5083 5369
2 5086 5355
2 5086 5092
2 5086 5431
2 5086 5435
2 733 5086
2 5087 5310
2 5087 5308
2 5087 5490
2 5088 5094
2 5089 5095
2 5089 5108
2 5089 5114
2 5090 5369
2 5090 5418
2 5090 5416
2 5090 5415
2 5091 5098
2 5084 5091
2 5092 5355
2 5092 5096
2 300 5092
2 5092 5101
2 739 5092
2 5078 5092
2 5092 5431
2 5093 5415
2 5093 5416
2 5093 5418
2 5093 5100
2 5093 5371
2 836 5093
2 362 5093
2 5094 5102
2 1776 5094
2 2592 5094
2 5095 5108
2 5095 5114
2 1840 5095
2 5096 5355
2 5096 5101
2 5086 5096
2 300 5096
2 739 5096
2 5096 5115
2 781 5096
2 5097 5483
2 5097 5099
2 5097 5478
2 5097 5103
2 5098 5104
2 5099 5314
2 724 5099
2 5099 5483
2 5100 5371
2 5100 5372
2 5100 5374
2 5100 5106
2 843 5100
2 5101 5115
2 5101 5355
2 5101 5365
2 789 5101
2 5101 5119
2 5102 5107
2 5088 5102
2 5103 5478
2 5103 5476
2 5103 5475
2 5103 5483
2 5103 5109
2 5104 5111
2 1475 5104
2 5105 5406
2 5105 5404
2 5105 5113
2 5105 5372
2 5105 5106
2 843 5105
2 5106 5374
2 5106 5372
2 5106 5404
2 5106 5406
2 5107 5120
2 1797 5107
2 5108 5114
2 5108 5137
2 5109 5475
2 5109 5476
2 5109 5116
2 5109 5478
2 5110 5399
2 5110 5113
2 5110 5118
2 4527 5110
2 5110 5375
2 5111 5117
2 1473 5111
2 2709 5112
2 1751 5112
2 5113 5399
2 5113 5404
2 5113 5406
2 849 5113
2 5114 5137
2 5114 5144
2 5115 5365
2 5115 5119
2 333 5115
2 5115 5124
2 337 5115
2 5116 5470
2 4619 5116
2 5116 5121
2 5117 5123
2 5118 5375
2 5118 5396
2 5118 5392
2 5118 5391
2 869 5118
2 5119 5365
2 5119 5124
2 5119 5400
2 5120 5127
2 5121 5469
2 5121 5470
2 5122 5181
2 5122 5391
2 5122 5392
2 5123 5130
2 5124 5400
2 5124 5365
2 5125 5467
2 5125 5330
2 5125 5128
2 5125 5464
2 5125 5469
2 250 5125
2 5126 5464
2 5126 5461
2 5126 5128
2 5126 5330
2 5126 5460
2 1812 5127
2 5128 5330
2 5128 5464
2 5128 5467
2 5129 5132
2 5129 5400
2 833 5129
2 5130 5133
2 5131 5458
2 5131 5335
2 5131 5460
2 5131 5461
2 5131 5456
2 5131 5134
2 803 5131
2 5132 5387
2 5133 5140
2 5123 5133
2 5134 5456
2 5134 5453
2 5134 5452
2 5134 5335
2 5134 5450
2 5134 5458
2 5135 5342
2 5135 5450
2 5135 5446
2 5135 5452
2 5135 5453
2 5136 5143
2 1802 5136
2 5137 5144
2 5137 5161
2 5137 5167
2 5138 5446
2 5135 5138
2 5138 5342
2 809 5138
2 5139 5436
2 5139 5433
2 5139 5145
2 5139 5440
2 5139 5349
2 5140 5147
2 5141 5146
2 860 5141
2 361 5141
2 5141 5377
2 4574 5141
2 853 5141
2 5142 5349
2 5142 5145
2 5142 5433
2 5144 5161
2 5144 5167
2 5108 5144
2 5145 5349
2 5145 5433
2 5145 5436
2 4584 5145
2 363 5146
2 5146 5151
2 860 5146
2 361 5146
2 5146 5377
2 5147 5152
2 2842 5147
2 5148 5157
2 2766 5148
2 1800 5148
2 5149 5354
2 5149 5150
2 4584 5149
2 5150 5424
2 5150 5354
2 5150 5423
2 304 5150
2 5152 5156
2 5153 5423
2 5153 5154
2 5153 5424
2 312 5153
2 859 5153
2 5154 5155
2 5154 5423
2 5154 5366
2 5154 5424
2 5155 5366
2 4567 5155
2 5155 5412
2 5155 5411
2 4573 5155
2 5156 5169
2 5157 5164
2 1809 5157
2 5157 5170
2 5158 5407
2 5158 5410
2 5158 5411
2 5159 5403
2 5158 5159
2 5159 5407
2 5160 5166
2 5161 5167
2 5162 5394
2 5163 5388
2 5163 5385
2 4548 5163
2 5164 5170
2 5165 5382
2 5165 5378
2 5165 5385
2 5166 5172
2 1332 5166
2 5168 5378
2 5168 5382
2 5168 5178
2 355 5168
2 5169 5175
2 5170 5176
2 5171 5173
2 4148 5171
2 2642 5172
2 5172 5183
2 1857 5172
2 1947 5173
2 5175 5180
2 1438 5176
2 5164 5176
2 1800 5176
2 5177 5179
2 966 5178
2 5174 5178
2 5179 5181
2 372 5179
2 875 5179
2 5180 5185
2 2857 5180
2 5182 5696
2 5182 5702
2 5183 5187
2 1309 5183
2 5184 5186
2 5184 5690
2 5184 5189
2 15 5184
2 5184 5190
2 5185 5191
2 1436 5185
2 5186 5189
2 5186 5190
2 5186 5690
2 4860 5186
2 5187 5196
2 5188 5685
2 5188 5680
2 5188 5193
2 4805 5188
2 5189 5190
2 5190 5675
2 4865 5190
2 417 5190
2 5191 5199
2 2876 5191
2 1820 5192
2 5176 5192
2 5193 5680
2 5193 5685
2 4805 5193
2 5194 5672
2 5194 5675
2 5195 5667
2 5195 5665
2 384 5195
2 377 5195
2 5196 5201
2 1300 5196
2 5197 5662
2 5197 5659
2 4880 5197
2 5198 5665
2 5198 5656
2 5199 5203
2 5199 5208
2 5200 5723
2 5200 5202
2 5200 5204
2 5201 5206
2 2672 5201
2 5202 5204
2 5202 5722
2 5202 5723
2 5203 5208
2 5204 5722
2 5204 5205
2 5205 5720
2 5205 5722
2 5205 5207
2 5205 5209
2 30 5205
2 5206 5211
2 2671 5206
2 5207 5720
2 5207 5722
2 4785 5207
2 5207 5209
2 5207 5210
2 5204 5207
2 5208 5213
2 5209 5210
2 5209 5212
2 5209 5720
2 5210 5212
2 4792 5210
2 5210 5720
2 5211 5216
2 382 5212
2 5203 5213
2 5214 5218
2 5192 5214
2 5215 5646
2 5215 5217
2 5216 5221
2 5217 5643
2 5217 5641
2 5218 5235
2 1394 5218
2 5220 5637
2 5220 5641
2 5220 5634
2 5221 5227
2 1290 5221
2 4842 5222
2 5223 5699
2 5223 5712
2 64 5223
2 375 5223
2 4780 5223
2 4741 5223
2 5224 5230
2 5224 5234
2 2905 5224
2 5225 5717
2 5225 5714
2 5226 5701
2 5226 5698
2 5226 5705
2 5226 5708
2 5227 5232
2 1894 5227
2 5216 5227
2 5228 5617
2 5228 5621
2 5228 5614
2 5229 5620
2 5229 5623
2 5230 5234
2 5230 5240
2 5231 5691
2 5231 5233
2 5231 5694
2 5232 5238
2 5232 5244
2 5233 5691
2 5233 5694
2 5234 5240
2 2943 5234
2 5235 5241
2 5236 5688
2 5236 5687
2 5236 5684
2 5236 5239
2 5237 5608
2 5237 5606
2 5238 5244
2 5239 5684
2 5239 5687
2 5239 5242
2 5240 5246
2 2942 5240
2 1866 5241
2 5242 5684
2 5242 5679
2 5242 5687
2 5243 5601
2 5243 5598
2 5243 5603
2 5243 5597
2 5244 5249
2 5245 5660
2 5245 5671
2 5245 5658
2 5245 5247
2 5246 5254
2 5247 5658
2 5247 5660
2 4830 5247
2 5248 5590
2 5248 5587
2 2692 5249
2 1245 5250
2 5251 5574
2 5251 5577
2 5252 5253
2 5252 5640
2 134 5252
2 5253 5640
2 5253 5256
2 5255 5632
2 5255 5635
2 113 5255
2 5256 5639
2 5256 5640
2 4855 5256
2 5241 5257
2 1394 5257
2 5235 5257
2 5258 5262
2 5258 5629
2 4665 5258
2 473 5258
2 148 5258
2 5259 5565
2 1948 5260
2 5249 5260
2 5261 5556
2 5261 5264
2 5261 5569
2 5262 5629
2 5262 5265
2 5263 5266
2 2957 5263
2 1821 5263
2 2974 5263
2 5264 5556
2 5264 5569
2 4904 5264
2 487 5264
2 5265 5626
2 5265 5629
2 5265 5267
2 5265 5268
2 5267 5624
2 5267 5626
2 5267 5268
2 5267 5622
2 5268 5624
2 5268 5622
2 5268 5626
2 5268 5270
2 5269 5272
2 1262 5269
2 5270 5615
2 5270 5622
2 5270 5271
2 5270 5624
2 5271 5615
2 5271 5276
2 5271 5622
2 1965 5272
2 5272 5281
2 5273 5549
2 5273 5551
2 5273 5553
2 5273 5548
2 5274 5279
2 5276 5615
2 5270 5276
2 489 5276
2 5277 5280
2 5277 5609
2 172 5277
2 5278 5540
2 5278 5537
2 5279 5282
2 5279 5286
2 5280 5604
2 5281 5284
2 1233 5281
2 1976 5281
2 2736 5281
2 5282 5286
2 5274 5282
2 5283 5600
2 5283 5604
2 4645 5283
2 5285 5287
2 5285 5591
2 5286 5296
2 5287 5591
2 5288 5524
2 5288 5532
2 654 5288
2 5289 5291
2 5289 5582
2 5289 5294
2 5290 5292
2 5290 5519
2 4651 5290
2 5290 5518
2 5291 5294
2 5292 5519
2 5292 5518
2 2096 5293
2 1217 5293
2 2701 5293
2 4629 5294
2 5295 5566
2 5295 5562
2 5295 5558
2 4870 5295
2 1354 5296
2 5296 5306
2 5297 5298
2 5297 5302
2 209 5297
2 5298 5302
2 4687 5298
2 5299 5303
2 5300 5572
2 5300 5568
2 5300 5301
2 217 5300
2 5301 5568
2 5301 5572
2 5302 5305
2 5303 5309
2 5304 5559
2 5304 5563
2 5305 5494
2 5306 5312
2 1875 5306
2 2901 5307
2 5308 5310
2 5308 5490
2 5308 5314
2 5309 5315
2 1229 5309
2 2008 5309
2 5310 5490
2 5310 5314
2 5311 5543
2 5311 5313
2 236 5311
2 4607 5311
2 5312 5318
2 5313 5543
2 5314 5490
2 234 5314
2 5097 5314
2 5315 5321
2 1211 5315
2 1993 5315
2 4652 5316
2 5036 5316
2 5317 5319
2 5317 5523
2 4598 5317
2 5318 5323
2 5318 5329
2 5319 5320
2 257 5319
2 5320 5517
2 4596 5320
2 5317 5320
2 5321 5326
2 5322 5468
2 5322 5324
2 649 5322
2 5323 5329
2 5312 5323
2 5324 5468
2 245 5324
2 5325 5512
2 5325 5517
2 5325 5510
2 5320 5325
2 4587 5325
2 5326 5332
2 5327 5507
2 5327 5505
2 5327 5510
2 5328 5331
2 5324 5328
2 5330 5464
2 5330 5467
2 5332 5336
2 5333 5498
2 5333 5334
2 5333 5493
2 5334 5493
2 5334 5498
2 5335 5458
2 5335 5460
2 5335 5456
2 5335 5461
2 5336 5340
2 5337 5338
2 5338 5486
2 5339 5449
2 719 5339
2 5069 5339
2 690 5339
2 5340 5347
2 1203 5340
2 5341 5348
2 5342 5450
2 5342 5446
2 5342 5452
2 5342 5453
2 5343 5472
2 5343 5473
2 1343 5344
2 2935 5344
2 2023 5344
2 5345 5435
2 5345 5431
2 5345 5439
2 728 5346
2 5347 5356
2 2102 5348
2 1212 5348
2 2701 5348
2 5349 5433
2 845 5349
2 5349 5436
2 735 5350
2 320 5350
2 5352 5353
2 1916 5352
2 5353 5359
2 5142 5354
2 301 5354
2 739 5355
2 5078 5355
2 5355 5431
2 5356 5362
2 5357 5358
2 5357 5360
2 5357 5455
2 5358 5360
2 5358 5455
2 5359 5364
2 5352 5359
2 5360 5455
2 5361 5445
2 5361 5443
2 5361 5363
2 5362 5367
2 2805 5362
2 5363 5443
2 5363 5442
2 5363 5445
2 5364 5370
2 1912 5364
2 5366 5412
2 5366 5411
2 888 5366
2 5366 5410
2 4566 5366
2 5366 5407
2 1191 5367
2 5367 5373
2 2805 5367
2 2046 5367
2 5368 5420
2 5369 5418
2 5369 5425
2 5370 5376
2 5370 5383
2 5371 5374
2 5371 5372
2 5106 5371
2 843 5371
2 5372 5374
2 5372 5406
2 5372 5404
2 5373 5379
2 5374 5406
2 5374 5404
2 5375 5396
2 5375 5392
2 5375 5391
2 5376 5383
2 5376 5389
2 5377 5381
2 5378 5382
2 4548 5378
2 5379 5386
2 5348 5380
2 1205 5380
2 5341 5380
2 5381 5384
2 4578 5381
2 5382 5385
2 5383 5389
2 5384 5387
2 5386 5393
2 2075 5386
2 358 5387
2 5385 5388
2 5388 5394
2 5162 5388
2 5389 5395
2 5390 5402
2 2048 5390
2 5391 5392
2 5391 5396
2 5392 5396
2 5393 5398
2 5395 5401
2 5397 5420
2 2823 5398
2 5398 5405
2 5105 5399
2 5399 5404
2 5118 5399
2 5132 5400
2 5401 5408
2 1941 5401
2 5402 5409
2 334 5403
2 4565 5403
2 894 5403
2 5158 5403
2 5403 5407
2 5404 5406
2 1160 5405
2 5407 5410
2 5407 5411
2 5407 5412
2 5408 5413
2 5409 5414
2 5410 5412
2 5410 5411
2 5411 5412
2 5158 5412
2 5413 5419
2 1302 5413
2 5415 5416
2 5415 5418
2 5100 5415
2 5371 5415
2 836 5415
2 5416 5418
2 5100 5416
2 5417 5421
2 1298 5419
2 5002 5420
2 5421 5427
2 5422 5438
2 1140 5422
2 5422 5466
2 5423 5424
2 5149 5424
2 4577 5424
2 4534 5425
2 5426 5428
2 5426 5429
2 812 5426
2 5427 5432
2 5427 5437
2 5428 5429
2 357 5428
2 5067 5428
2 4534 5429
2 5430 5434
2 5430 5441
2 1276 5430
2 5431 5435
2 4625 5431
2 5432 5437
2 1139 5432
2 5432 5444
2 5433 5436
2 5434 5441
2 5434 5447
2 5436 5440
2 5437 5444
2 5438 5466
2 2799 5438
2 2224 5438
2 733 5439
2 5435 5439
2 5138 5440
2 4600 5440
2 5433 5440
2 5441 5447
2 5442 5443
2 5442 5445
2 340 5442
2 5443 5445
2 5444 5451
2 5446 5450
2 5448 5454
2 5448 5463
2 3005 5448
2 3006 5448
2 5449 5457
2 5059 5449
2 5450 5452
2 5450 5453
2 5451 5459
2 5452 5453
2 5452 5456
2 5453 5456
2 5454 5463
2 2072 5454
2 1255 5454
2 2107 5454
2 3053 5454
2 338 5455
2 5456 5458
2 675 5457
2 5331 5457
2 5458 5460
2 5458 5461
2 5459 5465
2 5460 5461
2 5456 5460
2 1263 5462
2 3053 5463
2 3052 5463
2 5464 5467
2 5465 5471
2 2817 5466
2 5467 5469
2 250 5467
2 5469 5470
2 5471 5477
2 2868 5471
2 5472 5473
2 728 5473
2 5474 5479
2 1266 5474
2 5475 5476
2 5475 5478
2 5476 5478
2 5477 5482
2 2882 5477
2 5478 5483
2 5479 5484
2 2012 5479
2 5480 5481
2 5480 5485
2 298 5480
2 5481 5485
2 5481 5486
2 5482 5487
2 5476 5483
2 5484 5495
2 1247 5484
2 5485 5486
2 707 5486
2 5487 5492
2 1115 5487
2 5488 5489
2 5488 5491
2 238 5488
2 5489 5491
2 4682 5491
2 5492 5497
2 2899 5492
2 5493 5498
2 5495 5500
2 3301 5495
2 5495 5504
2 1240 5495
2 5496 5501
2 613 5496
2 5499 5502
2 210 5499
2 5500 5504
2 5500 5508
2 4893 5501
2 5503 5505
2 5503 5507
2 5504 5508
2 5505 5507
2 696 5506
2 5075 5506
2 5508 5516
2 5510 5512
2 5510 5517
2 5511 5514
2 5511 5515
2 4651 5511
2 5512 5517
2 4587 5512
2 5327 5512
2 5513 5522
2 1104 5513
2 5514 5515
2 205 5514
2 5515 5518
2 5515 5519
2 5516 5521
2 3334 5516
2 3298 5516
2 3333 5516
2 5518 5519
2 4700 5520
2 5521 5526
2 1225 5521
2 3330 5521
2 5522 5528
2 5523 5525
2 5525 5527
2 257 5525
2 5526 5530
2 4598 5527
2 632 5527
2 5529 5531
2 5530 5535
2 3389 5530
2 4960 5531
2 5532 5534
2 5532 5536
2 5534 5536
2 162 5534
2 4672 5534
2 629 5534
2 5535 5541
2 5032 5536
2 5537 5540
2 2932 5538
2 5528 5538
2 166 5539
2 5531 5539
2 548 5539
2 5541 5544
2 5542 5550
2 599 5543
2 2090 5544
2 5535 5544
2 3389 5544
2 1213 5544
2 5545 5546
2 5547 5571
2 5548 5549
2 5548 5551
2 5548 5553
2 5549 5551
2 5549 5553
2 5550 5555
2 5550 5561
2 5551 5553
2 5552 5557
2 1059 5552
2 5554 5560
2 1199 5554
2 5554 5567
2 5555 5561
2 5556 5569
2 5558 5562
2 5558 5566
2 5559 5563
2 5560 5567
2 2182 5561
2 5562 5566
2 5564 5570
2 2950 5564
2 5564 5576
2 2969 5564
2 4654 5566
2 5568 5572
2 5570 5576
2 2862 5571
2 217 5572
2 5259 5573
2 5574 5577
2 5574 5578
2 5575 5588
2 95 5575
2 5576 5583
2 5577 5578
2 5577 5581
2 5578 5581
2 5578 5584
2 5578 5587
2 5579 5585
2 1196 5579
2 5580 5586
2 1194 5580
2 5581 5584
2 5581 5587
2 5291 5582
2 5583 5589
2 5570 5583
2 5584 5587
2 5584 5590
2 3218 5586
2 5587 5590
2 5589 5593
2 2966 5589
2 1050 5589
2 5576 5589
2 103 5590
2 5581 5590
2 5592 5594
2 5592 5596
2 5593 5599
2 1047 5593
2 5593 5605
2 2965 5593
2 2262 5593
2 5594 5596
2 4907 5594
2 199 5596
2 5597 5598
2 5597 5601
2 5597 5603
2 5598 5601
2 5598 5603
2 527 5598
2 5599 5605
2 1037 5599
2 2977 5599
2 2267 5599
2 519 5600
2 4894 5600
2 5600 5604
2 5601 5603
2 5586 5602
2 2215 5602
2 4944 5603
2 4712 5603
2 5606 5608
2 5607 5610
2 2137 5607
2 1179 5607
2 3476 5607
2 5595 5607
2 4936 5608
2 5609 5611
2 169 5609
2 5610 5616
2 3529 5610
2 494 5611
2 4878 5611
2 506 5611
2 5276 5611
2 5612 5614
2 5613 5618
2 5615 5622
2 5268 5615
2 5616 5625
2 5617 5621
2 5614 5617
2 5620 5623
2 5621 5627
2 5622 5624
2 4875 5622
2 5624 5626
2 5265 5624
2 5626 5629
2 5627 5631
2 5628 5633
2 2285 5628
2 2987 5628
2 2279 5628
2 2988 5628
2 5628 5638
2 4875 5629
2 5267 5629
2 5630 5636
2 5630 5650
2 4731 5631
2 5631 5634
2 5632 5635
2 394 5632
2 5633 5638
2 5633 5644
2 2986 5633
2 3000 5633
2 1020 5633
2 5634 5637
2 5636 5650
2 4739 5637
2 5638 5644
2 5638 5647
2 2313 5638
2 2999 5638
2 5639 5640
2 5253 5639
2 5641 5643
2 5642 5649
2 5215 5643
2 5644 5647
2 5644 5651
2 4708 5645
2 5635 5645
2 4789 5645
2 130 5645
2 5646 5652
2 5647 5651
2 5649 5654
2 5651 5657
2 5653 5655
2 5653 5656
2 4814 5653
2 23 5653
2 386 5653
2 4768 5653
2 3647 5654
2 5655 5656
2 5198 5655
2 384 5656
2 5657 5661
2 3017 5657
2 5658 5660
2 5659 5662
2 5660 5671
2 5663 5668
2 5664 5670
2 4782 5664
2 5664 5676
2 5665 5667
2 5661 5666
2 3019 5666
2 5666 5677
2 384 5667
2 5198 5667
2 5668 5673
2 5669 5674
2 5670 5676
2 5672 5675
2 5673 5681
2 2216 5673
2 5676 5682
2 5677 5683
2 3035 5677
2 2353 5677
2 2472 5678
2 5239 5679
2 4821 5679
2 5680 5685
2 4805 5680
2 5681 5686
2 5668 5681
2 3766 5681
2 380 5682
2 5670 5682
2 5683 5689
2 5684 5687
2 4805 5685
2 2221 5686
2 5673 5686
2 5686 5697
2 5687 5688
2 5684 5688
2 5239 5688
2 5689 5695
2 2350 5689
2 14 5690
2 5690 5693
2 5691 5694
2 5692 5704
2 2299 5692
2 5693 5696
2 5182 5693
2 5694 5698
2 5695 5700
2 3034 5695
2 2353 5695
2 5696 5702
2 4833 5696
2 5 5696
2 5697 5703
2 5697 5710
2 5697 5711
2 5698 5701
2 5698 5705
2 400 5698
2 5699 5712
2 4780 5699
2 4741 5699
2 5700 5707
2 2378 5700
2 5701 5705
2 5701 5708
2 4806 5701
2 5702 5706
2 5703 5710
2 5703 5711
2 5704 5716
2 2309 5704
2 3407 5704
2 5705 5708
2 5705 5709
2 5182 5706
2 398 5706
2 5707 5713
2 5708 5709
2 5709 5714
2 5710 5711
2 5710 5715
2 5711 5715
2 3785 5711
2 5711 5721
2 4778 5712
2 64 5712
2 375 5712
2 4780 5712
2 4741 5712
2 5713 5719
2 3050 5713
2 5714 5717
2 5715 5721
2 5716 5734
2 1088 5716
2 3469 5716
2 5709 5717
2 5219 5718
2 390 5718
2 5719 5724
2 972 5719
2 964 5719
2 5720 5722
2 5204 5720
2 30 5723
2 5204 5723
2 5724 5730
2 3079 5724
2 2400 5724
2 960 5724
2 5725 5726
2 5725 5728
2 5726 5728
2 5727 5733
2 5721 5727
2 3785 5727
2 3062 5729
2 5729 5732
2 4111 5729
2 5730 5736
2 3077 5730
2 3997 5731
2 86 5731
2 5732 5739
2 5733 5737
2 1087 5733
2 5734 5738
2 1086 5734
2 5734 5746
2 2368 5734
2 3928 5735
2 5736 5742
2 5737 5745
2 5738 5746
2 5739 5740
2 5740 5743
2 5735 5741
2 3931 5741
2 5742 5749
2 5743 5744
2 3064 5743
2 5744 5748
2 2 5744
2 4110 5744
2 5746 5752
2 2381 5746
2 5747 5750
2 3967 5747
2 101 5747
2 3091 5748
2 5749 5755
2 957 5749
2 3074 5749
2 3970 5750
2 5751 5754
2 5752 5758
2 5738 5752
2 3465 5752
2 3117 5754
2 5755 5760
2 3104 5755
2 5755 5766
2 114 5756
2 3975 5756
2 5756 5761
2 5757 5762
2 5757 5769
2 5758 5763
2 5758 5770
2 3522 5758
2 5759 5764
2 5760 5766
2 2435 5760
2 5761 5767
2 5761 5768
2 3920 5761
2 3976 5761
2 5762 5769
2 5762 5773
2 5763 5770
2 5764 5765
2 4090 5765
2 5766 5772
2 5767 5768
2 3915 5767
2 5767 5775
2 4020 5767
2 5768 5775
2 5769 5773
2 3828 5769
2 5770 5774
2 5771 5777
2 3122 5771
2 5771 5779
2 5772 5776
2 5772 5780
2 3523 5774
2 5763 5774
2 4024 5775
2 5776 5780
2 3103 5776
2 5777 5779
2 3126 5777
2 5777 5783
2 5778 5781
2 3796 5778
2 5779 5783
2 5779 5784
2 5779 5787
2 5780 5785
2 5782 5786
2 5782 5789
2 4023 5782
2 5783 5784
2 5783 5787
2 3162 5783
2 3163 5783
2 5784 5787
2 3163 5784
2 17 5784
2 5784 5791
2 5785 5790
2 5786 5789
2 5786 5795
2 3907 5786
2 5787 5791
2 5788 5792
2 5789 5795
2 138 5789
2 5790 5797
2 5791 5799
2 5792 5793
2 1056 5792
2 2332 5792
2 5794 5800
2 2432 5794
2 5794 5811
2 3645 5794
2 5795 5801
2 4069 5795
2 3029 5796
2 4070 5796
2 5796 5840
2 46 5796
2 3043 5796
2 3149 5797
2 5797 5802
2 5798 5815
2 5800 5811
2 5801 5804
2 3864 5801
2 4073 5801
2 5802 5808
2 5802 5809
2 12 5803
2 5799 5803
2 3166 5803
2 3861 5804
2 3856 5805
2 5806 5810
2 5806 5812
2 4049 5806
2 3190 5806
2 5808 5809
2 5808 5814
2 5809 5814
2 5809 5820
2 5810 5812
2 22 5810
2 5811 5818
2 2448 5811
2 5811 5824
2 171 5813
2 5814 5820
2 5815 5835
2 3190 5816
2 4049 5816
2 5812 5816
2 4076 5817
2 5818 5824
2 5818 5830
2 5819 5821
2 4028 5819
2 5819 5822
2 3193 5819
2 5820 5827
2 5820 5833
2 5821 5822
2 5821 5826
2 4017 5821
2 5822 5826
2 4017 5822
2 3227 5822
2 5822 5829
2 3228 5822
2 3869 5823
2 2358 5823
2 2338 5823
2 5824 5830
2 4174 5825
2 5825 5828
2 5826 5829
2 5827 5833
2 5827 5834
2 925 5827
2 5828 5832
2 5829 5836
2 32 5829
2 1022 5830
2 3761 5830
2 5831 5837
2 3906 5831
2 5832 5838
2 163 5832
2 5833 5834
2 925 5833
2 3170 5833
2 5834 5839
2 3168 5834
2 5835 5855
2 5798 5835
2 3901 5837
2 4177 5838
2 5828 5838
2 5839 5845
2 4051 5840
2 4048 5840
2 5841 5843
2 3229 5841
2 5836 5841
2 5842 5852
2 3232 5843
2 32 5843
2 5843 5844
2 5844 5848
2 4001 5844
2 39 5844
2 5844 5851
2 3257 5844
2 5845 5850
2 2498 5845
2 5846 5849
2 4196 5846
2 5847 5862
2 5848 5851
2 5849 5856
2 5850 5854
2 3168 5850
2 5851 5857
2 3895 5852
2 2358 5852
2 194 5853
2 5853 5863
2 5854 5859
2 5845 5854
2 936 5855
2 2570 5855
2 5856 5858
2 5858 5864
2 4199 5858
2 5859 5865
2 5860 5867
2 3260 5860
2 5861 5866
2 1012 5861
2 3888 5861
2 5863 5868
2 5863 5874
2 5864 5869
2 5864 5871
2 4201 5864
2 916 5865
2 5866 5870
2 5867 5872
2 3966 5867
2 5868 5874
2 5869 5871
2 5869 5875
2 5858 5869
2 4222 5869
2 5870 5881
2 3894 5870
2 5871 5875
2 5871 5877
2 5872 5876
2 3938 5872
2 5872 5879
2 5873 5878
2 2556 5873
2 5873 5883
2 897 5873
2 5865 5873
2 5875 5877
2 4225 5875
2 5876 5879
2 5867 5876
2 49 5876
2 5878 5883
2 3253 5878
2 2564 5878
2 5880 5885
2 5881 5886
2 999 5881
2 2418 5881
2 3921 5881
2 5882 5887
2 5882 5894
2 3252 5883
2 892 5883
2 3817 5884
2 3876 5884
2 4226 5885
2 5886 5893
2 5887 5894
2 5887 5900
2 5888 5889
2 5889 5891
2 5890 5897
2 51 5891
2 3305 5891
2 3918 5891
2 5892 5896
2 4237 5892
2 4234 5892
2 5893 5899
2 5894 5900
2 3876 5895
2 5896 5901
2 3687 5896
2 5897 5903
2 5898 5902
2 3338 5898
2 5899 5906
2 3921 5899
2 2506 5900
2 5901 5904
2 3681 5901
2 4254 5901
2 3339 5902
2 3247 5903
2 5890 5903
2 3676 5904
2 5904 5905
2 4255 5904
2 5905 5909
2 5906 5908
2 2424 5906
2 990 5906
2 5907 5910
2 3347 5907
2 3858 5907
2 2449 5908
2 3965 5908
2 5899 5908
2 988 5908
2 240 5909
2 5911 5915
2 3294 5911
2 876 5911
2 5911 5920
2 5913 5921
2 3909 5913
2 5914 5919
2 3667 5914
2 5909 5914
2 4258 5914
2 3672 5914
2 5915 5920
2 3917 5916
2 5916 5932
2 5916 5946
2 3959 5917
2 5917 5926
2 3348 5918
2 5919 5922
2 4259 5919
2 5919 5925
2 870 5920
2 5920 5924
2 5922 5925
2 260 5922
2 5914 5922
2 3846 5923
2 5918 5923
2 5924 5928
2 5925 5927
2 3624 5925
2 5926 5931
2 5927 5930
2 5927 5937
2 3615 5927
2 5928 5933
2 3911 5929
2 266 5929
2 3909 5929
2 5930 5937
2 4274 5930
2 5931 5936
2 2458 5931
2 5932 5946
2 5932 5951
2 5932 5952
2 5933 5938
2 871 5933
2 5912 5934
2 5935 5939
2 5936 5941
2 2463 5936
2 3958 5936
2 5926 5936
2 5937 5940
2 4277 5937
2 3605 5937
2 5938 5943
2 5938 5944
2 5939 5942
2 5940 5945
2 5941 5947
2 980 5941
2 5942 5948
2 5943 5944
2 5943 5949
2 5933 5943
2 5944 5949
2 863 5944
2 5944 5953
2 5946 5951
2 5946 5952
2 5946 5963
2 4013 5947
2 967 5947
2 3395 5948
2 3807 5948
2 5939 5948
2 5949 5953
2 855 5949
2 5949 5958
2 5945 5950
2 5950 5954
2 272 5950
2 5951 5952
2 5951 5963
2 107 5951
2 3854 5951
2 5952 5963
2 3854 5952
2 3849 5952
2 5953 5958
2 5953 5962
2 838 5953
2 3321 5953
2 5954 5957
2 3594 5954
2 4283 5954
2 5955 5959
2 3413 5955
2 5955 5967
2 3763 5955
2 5956 5960
2 5957 5961
2 3570 5957
2 5958 5962
2 5959 5967
2 83 5959
2 5960 5964
2 5961 5971
2 4287 5961
2 5962 5968
2 5963 5979
2 5963 5987
2 5964 5965
2 5964 5969
2 5965 5969
2 961 5965
2 5960 5965
2 2494 5965
2 5966 5970
2 5966 5978
2 953 5966
2 5967 5972
2 3756 5967
2 5968 5973
2 5969 5977
2 2518 5969
2 5970 5978
2 5970 5983
2 5971 5976
2 3579 5971
2 5973 5980
2 5974 5986
2 5974 6001
2 5975 5984
2 5976 5985
2 5976 5988
2 5977 5982
2 5978 5983
2 5979 5987
2 3199 5979
2 2644 5980
2 5968 5980
2 3318 5980
2 5983 5989
2 5983 5996
2 290 5984
2 3944 5984
2 5984 5991
2 5985 5988
2 5985 5993
2 5971 5985
2 5986 6001
2 5986 6008
2 5986 6013
2 5988 5993
2 5988 5998
2 302 5988
2 5989 5996
2 5990 5994
2 87 5990
2 5991 5997
2 3666 5991
2 3671 5991
2 5992 6000
2 3375 5992
2 5992 6007
2 816 5992
2 5993 5998
2 4304 5993
2 5993 6004
2 5994 6002
2 5995 6003
2 2537 5995
2 4063 5995
2 5997 6005
2 3661 5997
2 3978 5997
2 5998 6004
2 311 5998
2 4305 5998
2 3835 5999
2 5987 5999
2 6000 6007
2 6001 6008
2 6001 6013
2 6001 6023
2 3422 6002
2 6003 6011
2 3981 6005
2 3619 6005
2 6006 6010
2 6004 6006
2 6008 6013
2 6008 6023
2 5974 6008
2 6009 6012
2 3439 6009
2 6010 6014
2 4308 6010
2 3511 6010
2 6011 6016
2 6012 6015
2 120 6012
2 3442 6012
2 6013 6023
2 6013 6037
2 6014 6021
2 4309 6014
2 6015 6024
2 6016 6019
2 6017 6020
2 3843 6017
2 6020 6025
2 3840 6020
2 6021 6026
2 3815 6022
2 6023 6037
2 832 6023
2 6023 6048
2 5986 6023
2 6024 6028
2 6017 6025
2 2634 6025
2 944 6025
2 6026 6030
2 4317 6026
2 6027 6031
2 6027 6036
2 801 6027
2 6028 6032
2 3985 6029
2 325 6029
2 6018 6029
2 6030 6034
2 6031 6036
2 3406 6031
2 2716 6031
2 6032 6035
2 6033 6039
2 939 6033
2 6034 6038
2 3505 6034
2 6026 6034
2 6036 6042
2 6037 6048
2 6037 6065
2 6008 6037
2 6038 6040
2 328 6038
2 6039 6044
2 6040 6043
2 6034 6040
2 6041 6046
2 3669 6041
2 6035 6041
2 6042 6047
2 6043 6049
2 3457 6043
2 6044 6051
2 6046 6050
2 6047 6054
2 6048 6065
2 3167 6048
2 6013 6048
2 6049 6052
2 364 6049
2 6050 6053
2 3631 6050
2 6050 6057
2 929 6051
2 4185 6051
2 2586 6051
2 6052 6056
2 6053 6057
2 6054 6058
2 3403 6054
2 2731 6054
2 6055 6059
2 421 6055
2 6055 6062
2 4034 6055
2 3532 6055
2 4037 6055
2 6058 6064
2 421 6059
2 6059 6062
2 4034 6059
2 3532 6059
2 4037 6059
2 6059 6068
2 4038 6059
2 6060 6063
2 4347 6060
2 6061 6067
2 6062 6068
2 429 6062
2 6062 6071
2 4040 6062
2 6063 6069
2 6064 6070
2 2854 6065
2 2860 6065
2 176 6066
2 3487 6066
2 6067 6072
2 6068 6071
2 6070 6075
2 3398 6070
2 6058 6070
2 6071 6076
2 6072 6073
2 6072 6077
2 4182 6072
2 6073 6077
2 6067 6073
2 4182 6073
2 6074 6081
2 6064 6075
2 2731 6075
2 785 6075
2 4038 6076
2 6077 6082
2 4221 6077
2 6078 6079
2 6078 6084
2 6079 6084
2 6080 6085
2 174 6081
2 3597 6081
2 4219 6082
2 6082 6089
2 917 6082
2 6083 6090
2 3883 6083
2 3882 6083
2 6084 6091
2 427 6084
2 4351 6084
2 6086 6093
2 6086 6094
2 3428 6086
2 2763 6086
2 6086 6101
2 6081 6087
2 3588 6087
2 6087 6095
2 3491 6087
2 6088 6092
2 6089 6097
2 6090 6098
2 6079 6091
2 6091 6096
2 3515 6092
2 6092 6103
2 6093 6094
2 6093 6101
2 6094 6101
2 6095 6099
2 6095 6100
2 3552 6095
2 6095 6107
2 6096 6104
2 6096 6108
2 917 6097
2 4212 6097
2 6098 6106
2 6099 6100
2 6099 6107
2 3531 6099
2 3575 6099
2 6100 6107
2 3533 6100
2 204 6100
2 6101 6109
2 6102 6115
2 6102 6123
2 6102 6130
2 6102 6136
2 6104 6108
2 6105 6112
2 6106 6119
2 914 6106
2 2718 6106
2 6090 6106
2 6107 6110
2 6108 6113
2 6109 6114
2 6110 6116
2 6103 6111
2 3494 6111
2 6112 6118
2 6113 6117
2 6104 6113
2 6114 6122
2 6115 6123
2 6115 6130
2 6115 6136
2 6116 6120
2 6117 6124
2 6117 6127
2 3380 6117
2 6118 6125
2 4207 6118
2 908 6118
2 6119 6126
2 6098 6119
2 3882 6119
2 3536 6120
2 6120 6131
2 3525 6120
2 6121 6128
2 3602 6121
2 3308 6121
2 247 6121
2 6122 6129
2 6123 6130
2 6123 6136
2 6124 6127
2 6124 6132
2 451 6124
2 2635 6125
2 4206 6125
2 2658 6125
2 4250 6125
2 3881 6126
2 6106 6126
2 909 6126
2 6127 6132
2 6127 6134
2 6129 6135
2 2779 6129
2 6130 6136
2 6130 6149
2 6131 6133
2 3546 6131
2 3519 6131
2 6132 6134
2 6133 6137
2 6134 6138
2 2781 6135
2 6136 6149
2 3545 6137
2 6138 6140
2 6138 6145
2 6139 6141
2 4245 6139
2 6140 6145
2 6140 6150
2 4385 6140
2 6141 6146
2 6142 6155
2 6143 6147
2 4083 6143
2 6144 6148
2 726 6144
2 6145 6150
2 6145 6156
2 6146 6152
2 2664 6146
2 4247 6146
2 6148 6154
2 6123 6149
2 6115 6149
2 6150 6156
2 4387 6150
2 6150 6158
2 3608 6151
2 6153 6163
2 880 6153
2 6153 6170
2 6154 6160
2 6155 6159
2 6156 6158
2 6157 6162
2 6157 6169
2 6158 6161
2 6159 6164
2 239 6159
2 3458 6160
2 6161 6165
2 6162 6169
2 2678 6162
2 6163 6170
2 6163 6176
2 6163 6181
2 6165 6167
2 4393 6165
2 6166 6172
2 3454 6166
2 6160 6166
2 720 6166
2 2824 6166
2 6167 6173
2 4396 6167
2 6168 6174
2 6169 6175
2 882 6169
2 6169 6180
2 6170 6176
2 6170 6181
2 6170 6187
2 4092 6171
2 6171 6185
2 3452 6172
2 6172 6183
2 3454 6172
2 6160 6172
2 6174 6178
2 3583 6174
2 6175 6180
2 2705 6175
2 6175 6186
2 6176 6181
2 6176 6187
2 6177 6179
2 3288 6177
2 6178 6184
2 6180 6186
2 4273 6180
2 864 6180
2 2710 6180
2 6181 6187
2 879 6181
2 3501 6182
2 3496 6182
2 3350 6182
2 3478 6182
2 6166 6183
2 3451 6183
2 710 6183
2 2832 6183
2 6184 6188
2 271 6184
2 6184 6189
2 3586 6184
2 6185 6193
2 4097 6185
2 6186 6192
2 867 6186
2 3955 6187
2 6188 6189
2 3587 6188
2 6189 6191
2 6190 6194
2 3273 6190
2 6192 6196
2 511 6193
2 6193 6202
2 3268 6194
2 4407 6194
2 6195 6197
2 6191 6195
2 867 6196
2 4271 6196
2 3590 6197
2 6198 6204
2 3518 6198
2 677 6198
2 6199 6203
2 6200 6205
2 6197 6200
2 6201 6206
2 2719 6201
2 6204 6210
2 2722 6206
2 4265 6206
2 6208 6211
2 6209 6214
2 6210 6215
2 6211 6216
2 3604 6211
2 6212 6217
2 6206 6212
2 2725 6212
2 4264 6212
2 6201 6212
2 6213 6226
2 6202 6213
2 3341 6213
2 6215 6219
2 6216 6221
2 6216 6222
2 307 6216
2 2727 6217
2 6206 6217
2 2725 6217
2 6218 6223
2 6219 6225
2 6220 6228
2 6221 6222
2 6221 6224
2 6211 6221
2 6222 6224
2 6222 6231
2 3382 6222
2 6223 6227
2 6224 6231
2 6224 6234
2 6225 6229
2 6226 6238
2 3280 6226
2 559 6226
2 6227 6232
2 4435 6227
2 664 6229
2 6230 6264
2 3283 6230
2 6231 6234
2 6221 6231
2 3351 6231
2 6232 6235
2 3196 6232
2 6233 6237
2 6233 6243
2 6234 6236
2 319 6234
2 6235 6239
2 6236 6241
2 3340 6236
2 3655 6236
2 6237 6243
2 6238 6242
2 569 6238
2 3267 6238
2 2924 6240
2 6240 6252
2 6241 6245
2 6241 6246
2 6243 6244
2 6244 6249
2 6237 6244
2 6245 6246
2 6245 6248
2 6246 6248
2 6247 6251
2 3171 6247
2 6248 6253
2 3320 6248
2 3660 6248
2 6249 6255
2 2772 6249
2 820 6250
2 3998 6250
2 6251 6256
2 6252 6257
2 6252 6263
2 6253 6261
2 6254 6262
2 6254 6266
2 6255 6259
2 4297 6255
2 6256 6265
2 4453 6256
2 6257 6263
2 631 6257
2 2940 6257
2 6258 6268
2 6258 6291
2 3357 6258
2 821 6259
2 6262 6266
2 3267 6262
2 2970 6264
2 6264 6322
2 6264 6335
2 4460 6265
2 6266 6274
2 3237 6266
2 6267 6271
2 6268 6291
2 6268 6299
2 3360 6268
2 6269 6272
2 3664 6269
2 6270 6275
2 6270 6281
2 2797 6270
2 4466 6271
2 6272 6277
2 6273 6279
2 6274 6278
2 6274 6283
2 6275 6281
2 3995 6276
2 6276 6287
2 6277 6282
2 6278 6283
2 6278 6288
2 3563 6279
2 6280 6284
2 4473 6280
2 4465 6280
2 6281 6286
2 6281 6293
2 6282 6285
2 3674 6282
2 3682 6282
2 6283 6288
2 6283 6295
2 6284 6289
2 6285 6292
2 6286 6293
2 2788 6286
2 6287 6294
2 6287 6301
2 3991 6287
2 6288 6295
2 6289 6296
2 6290 6297
2 6291 6299
2 6291 6317
2 365 6292
2 3677 6292
2 6293 6300
2 6294 6301
2 6294 6307
2 6276 6294
2 810 6294
2 6278 6295
2 592 6296
2 6298 6304
2 6296 6298
2 6299 6317
2 3399 6299
2 6258 6299
2 6300 6306
2 798 6300
2 4334 6300
2 6301 6307
2 6301 6313
2 2902 6301
2 6303 6310
2 6297 6303
2 6304 6309
2 3124 6304
2 3691 6305
2 6302 6305
2 6306 6312
2 6307 6313
2 6307 6319
2 2936 6307
2 6287 6307
2 6308 6311
2 6308 6320
2 6309 6314
2 6310 6315
2 618 6310
2 2971 6310
2 6311 6320
2 6312 6318
2 6313 6319
2 6313 6325
2 2946 6313
2 3114 6314
2 6315 6321
2 6303 6315
2 6316 6326
2 3697 6316
2 6317 6340
2 6317 6347
2 6317 6366
2 6319 6325
2 6319 6331
2 783 6319
2 6321 6328
2 6321 6334
2 6322 6335
2 6322 6346
2 3365 6322
2 588 6322
2 3364 6322
2 6323 6329
2 4491 6323
2 6324 6330
2 6318 6324
2 6325 6331
2 6326 6327
2 6327 6332
2 3704 6327
2 6328 6334
2 6328 6341
2 606 6328
2 6329 6333
2 6332 6336
2 6333 6339
2 6334 6341
2 6335 6346
2 588 6335
2 3364 6335
2 3363 6335
2 3709 6336
2 6337 6344
2 615 6337
2 6320 6337
2 6337 6350
2 3154 6337
2 617 6337
2 6338 6343
2 6330 6338
2 4322 6338
2 6338 6349
2 4503 6339
2 3086 6339
2 6340 6347
2 6340 6366
2 6340 6385
2 6299 6340
2 3361 6340
2 6341 6345
2 6341 6352
2 6342 6348
2 3209 6342
2 462 6342
2 6343 6349
2 6343 6355
2 779 6343
2 6344 6350
2 6344 6354
2 6344 6359
2 3147 6344
2 640 6344
2 6344 6363
2 6345 6352
2 3639 6345
2 6345 6358
2 6334 6345
2 6347 6366
2 6347 6385
2 6299 6347
2 3361 6347
2 6348 6353
2 6349 6355
2 6350 6354
2 6350 6359
2 640 6350
2 6350 6363
2 3138 6350
2 6351 6356
2 6352 6358
2 6353 6357
2 6354 6359
2 6354 6363
2 3133 6354
2 6355 6361
2 6356 6360
2 3734 6357
2 3197 6357
2 6358 6365
2 6359 6363
2 646 6359
2 6361 6367
2 6362 6368
2 6363 6375
2 6364 6372
2 4516 6364
2 3055 6364
2 637 6364
2 6365 6370
2 6366 6385
2 6366 6401
2 528 6366
2 6367 6371
2 2875 6367
2 769 6368
2 2967 6368
2 4057 6368
2 6369 6373
2 3738 6369
2 6370 6374
2 6371 6377
2 6371 6382
2 6361 6371
2 6372 6376
2 4517 6372
2 6374 6380
2 582 6374
2 640 6375
2 6377 6382
2 6377 6387
2 6373 6378
2 3188 6378
2 3738 6378
2 6379 6383
2 6376 6379
2 3630 6380
2 6381 6386
2 3741 6381
2 6382 6387
2 2909 6382
2 6383 6389
2 6384 6390
2 3625 6384
2 6380 6384
2 6385 6401
2 6385 6425
2 6386 6391
2 6387 6393
2 6388 6394
2 4050 6388
2 6368 6388
2 6389 6395
2 6390 6398
2 6390 6399
2 6391 6396
2 3123 6392
2 6392 6404
2 653 6392
2 6393 6402
2 763 6394
2 6395 6397
2 3026 6395
2 4524 6395
2 6396 6400
2 6397 6406
2 3021 6397
2 6389 6397
2 6398 6399
2 6399 6405
2 6400 6403
2 6401 6425
2 6401 6422
2 555 6401
2 6402 6408
2 6403 6407
2 3141 6403
2 6404 6409
2 691 6404
2 4108 6404
2 6405 6411
2 6406 6412
2 6408 6413
2 4374 6408
2 4109 6409
2 4112 6409
2 6410 6414
2 6410 6416
2 6407 6410
2 6411 6415
2 3612 6411
2 6412 6419
2 6412 6423
2 6413 6417
2 6414 6416
2 3141 6414
2 6415 6421
2 3072 6415
2 6416 6420
2 6417 6418
2 6417 6424
2 6418 6424
2 4372 6418
2 721 6418
2 6419 6423
2 701 6419
2 6419 6429
2 6420 6426
2 6414 6420
2 6421 6427
2 6422 6425
2 3363 6422
2 3364 6422
2 588 6422
2 6423 6429
2 699 6423
2 2968 6423
2 6423 6434
2 6424 6430
2 6426 6431
2 6427 6433
2 6427 6438
2 3610 6427
2 6428 6432
2 6429 6434
2 2960 6429
2 2937 6430
2 6433 6438
2 6433 6435
2 3084 6433
2 6421 6433
2 4357 6434
2 6435 6438
2 6431 6435
2 535 6435
2 3606 6435
2 6436 6437
2 723 6436
2 2947 6437
2 4362 6437
2 3088 6438
2 6421 6438
