ply
format ascii 1.0
comment Saved by Easy3D (liangliang.nan@gmail.com)
element vertex 6439
property float x
property float y
property float z
element edge 33781
property list uchar int vertex_indices
end_header
315.133 10.7677 -1.07
315.188 10.7321 -1.14
315.095 10.6322 -1.07
314.93 10.7389 -1.06
315.358 10.6442 -1.13
315.408 10.8249 -1.1
314.896 10.6147 -1.15
315.466 10.6831 -1.11
315.445 10.6078 -1.05
314.739 10.7515 -1.21
313.966 10.7718 -1.12
314.026 10.6375 -1.19
313.84 10.6689 -1.28
314.188 10.6371 -1.22
313.695 10.7296 -1.3
314.226 10.5413 -1.23
314.411 10.8549 -1.18
314.477 10.7432 -1.2
313.461 10.5879 -1.35
314.132 10.9001 -1.19
314.654 10.7954 -1.11
312.55 10.8128 -1.37
312.4 10.7371 -1.34
312.682 10.7032 -1.36
312.769 10.6668 -1.4
312.815 10.7148 -1.31
312.854 10.7366 -1.31
312.127 10.805 -1.43
312.966 10.673 -1.37
312.103 10.7184 -1.45
312.081 10.6394 -1.49
0.306949 0.0275891 0.100002
0.367164 0.0108433 0.0400009
0.486791 0.0911008 0.0900002
0.446218 0.0618393 -0.0499992
0.104326 -0.00120576 0.0499992
0.118734 -0.0660301 -0.0200005
-0.00563809 0.06992 0.0900002
0.664296 0.0295733 -0.0299988
0.672669 0.0596807 0
-0.0920182 -0.00742 0
313.393 10.6921 -1.25
0.724511 0.0128275 -0.0699997
0.768224 0.0533793 0.0400009
1.09651 0.0674998 -0.079998
1.22427 0.0603523 -0.0900002
311.52 10.7223 -1.45
311.783 10.6206 -1.43
311.875 10.8343 -1.4
311.151 10.7965 -1.56
310.961 10.5778 -1.56
310.734 10.58 -1.56
311.521 10.6086 -1.48
310.332 10.6512 -1.67
310.272 10.6679 -1.65
310.266 10.7629 -1.66
310.458 10.6365 -1.59
310.175 10.6705 -1.59
310.591 10.7657 -1.57
310.643 10.7188 -1.59
309.977 10.5392 -1.63
309.963 10.6078 -1.74
309.927 10.7111 -1.63
308.982 10.6942 -1.71
309.053 10.6014 -1.91
308.788 10.6955 -1.85
308.419 10.6522 -1.78
309.645 10.7451 -1.62
308.132 10.5536 -1.85
306.311 10.772 -2.02
306.385 10.6866 -1.99
306.377 10.7741 -1.91
306.579 10.6853 -1.93
306.633 10.7635 -1.94
306.714 10.587 -2
305.829 10.5534 -2.1
306.843 10.5836 -1.9
306.888 10.7455 -1.98
-0.292374 0.55511 7.14
-0.403628 0.50496 7.09
-0.412001 0.474853 7.12
-0.196016 0.43506 7.04
-0.14393 0.505719 7.02
-0.130568 0.437131 7
-0.504417 0.492445 7.02
0.085661 0.514851 7.05
0.146678 0.384356 6.92
0.798262 0.511292 6.94
2.47301 0.118526 -0.16
2.1832 0.12614 -0.0999985
2.76362 -0.00283663 -0.209999
2.82094 0.0866397 -0.329998
2.88325 0.0774208 -0.169998
2.92696 0.117973 -0.299999
2.95264 -0.0229664 -0.27
1.9772 -0.031457 -0.209999
2.48822 -0.0600469 -0.220001
2.35338 0.0382689 -0.23
3.25524 0.132093 -0.299999
3.26257 0.158437 -0.34
306.165 10.5939 -2.13
307.167 10.7002 -1.96
307.402 10.7282 -2.01
3.5283 0.0642641 -0.309998
3.57411 0.112343 -0.369999
3.60422 0.10397 -0.34
3.69454 0.0788512 -0.34
3.29662 0.0476056 -0.360001
3.77963 0.0349154 -0.309998
3.98459 0.188749 -0.470001
305.383 10.6978 -2.13
305.145 10.6586 -2.21
305.654 10.6225 -2.01
305.752 10.6275 -2.07
305.017 10.5482 -2.22
304.874 10.7339 -2.12
304.829 10.5721 -2.14
304.774 10.6077 -2.23
304.095 10.7317 -2.28
304.024 10.7108 -2.27
304.185 10.7065 -2.3
304.273 10.6739 -2.25
304.036 10.5209 -2.22
304.33 10.6459 -2.23
304.519 10.6257 -2.26
304.516 10.6144 -2.16
304.539 10.5797 -2.33
303.488 10.7666 -2.28
1.79648 0.485066 6.84
1.80984 0.416478 6.86
1.7609 0.357109 6.8
1.63234 0.478006 6.84
2.12895 0.51424 6.79
1.44412 0.384387 6.88
2.23682 0.435588 6.72
1.27395 0.472258 6.9
1.16189 0.535857 6.75
4.55349 0.0183747 -0.439999
4.56396 0.056009 -0.450001
4.71764 0.0254349 -0.489998
4.39378 0.14388 -0.439999
4.29693 0.0289062 -0.48
4.80716 0.114065 -0.470001
4.30426 0.0552502 -0.329998
4.14849 0.0782974 -0.509998
4.96816 0.109835 -0.470001
5.04802 0.0470823 -0.52
302.983 10.7002 -2.36
303.035 10.6534 -2.35
303.363 10.6675 -2.48
302.358 10.6674 -2.45
302.111 10.7155 -2.51
302.077 10.4738 -2.54
3.50026 9.06087 -0.34
3.48979 9.02324 -0.329998
3.47852 9.09935 -0.349998
3.6644 9.06793 -0.34
3.78169 9.02315 -0.399998
3.86468 8.97169 -0.380001
3.87435 9.12307 -0.399998
3.89608 9.08459 -0.259998
4.02803 9.0925 -0.279999
303.287 10.6278 -2.2
302.997 10.6354 -2.33
5.12707 0.0980783 -0.52
5.23913 0.0344794 -0.529999
5.45222 0.100909 -0.540001
301.89 10.619 -2.46
301.781 10.6939 -2.51
301.721 10.5931 -2.51
301.461 10.5924 -2.51
301.437 10.6233 -2.54
301.275 10.6238 -2.55
301.183 10.6414 -2.5
4.13171 8.99879 -0.389999
4.24924 9.07152 -0.399998
300.447 10.6796 -2.63
300.404 10.6391 -2.63
300.337 10.7508 -2.55
300.624 10.7319 -2.59
300.311 10.5392 -2.68
300.713 10.5855 -2.56
300.117 10.5405 -2.65
300.018 10.653 -2.74
300.898 10.6678 -2.51
300.969 10.6887 -2.53
301.092 10.6665 -2.64
299.081 10.6662 -2.86
299.22 10.583 -2.8
299.303 10.5315 -2.81
298.401 10.5514 -2.65
298.359 10.6359 -2.88
298.34 10.5682 -2.84
298.128 10.6193 -2.81
299.393 10.6202 -2.63
3.23634 0.530637 6.62
2.93292 0.489327 6.74
3.6539 0.515876 6.58
3.67354 0.469868 6.61
2.49258 0.538805 6.75
2.46642 0.444719 6.74
4.14319 0.525766 6.67
4.25629 0.465931 6.57
6.00381 0.10158 -0.73
5.99045 0.170168 -0.619999
6.02579 0.180612 -0.48
6.37034 0.0199229 -0.689999
6.43812 0.147033 -0.75
307.197 10.3393 5.59
307.604 10.2869 5.57
306.18 10.2978 5.57
308.306 10.2457 5.54
305.754 10.2824 5.45
304.595 10.1992 5.31
310.134 10.2887 5.75
310.587 10.4019 5.71
303.778 10.2927 5.34
303.389 10.2953 5.27
298.092 10.6088 -2.87
297.924 10.7042 -2.86
297.813 10.6541 -2.86
297.808 10.6353 -2.85
297.553 10.6533 -2.85
298.814 10.5216 -2.79
6.72793 0.139419 -0.73
6.71223 0.082968 -0.700001
6.81092 0.0879568 -0.700001
6.75046 -0.0128098 -0.68
6.56378 0.132359 -0.759998
7.05621 0.15354 -0.799999
7.08398 0.0201279 -0.689999
7.14339 0.117131 -0.799999
296.905 10.6552 -2.94
296.99 10.7288 -2.9
297.149 10.5995 -3.01
297.263 10.6609 -2.95
296.578 10.5311 -3.05
297.272 10.691 -2.85
296.386 10.5399 -3.13
295.588 10.7012 -3.18
295.758 10.6133 -3.09
295.859 10.6258 -3.05
295.212 10.6314 -3.14
295.146 10.5119 -3.15
294.796 10.6537 -3.04
294.777 10.6997 -3.08
4.36545 0.508554 6.53
4.72803 0.529355 6.47
4.76861 0.558617 6.58
4.78092 0.486265 6.55
5.31811 0.551761 6.53
7.31277 0.143008 -0.759998
7.47772 0.0363198 -0.739998
7.48504 0.0626638 -0.779999
296.018 10.5003 -3.17
295.599 10.625 -3.06
296.713 10.7815 -2.96
302.442 10.2709 5.16
302.105 10.2267 5.17
301.797 10.284 5.07
301.472 10.2812 5.06
5.37309 0.516198 6.59
5.70138 0.530319 6.41
7.67406 0.042534 -0.899998
7.78636 0.0964474 -0.82
8.01805 0.113106 -0.829998
8.02199 0.0106474 -0.91
294.422 10.5915 -3.16
294.138 10.618 -3.16
294.146 10.5306 -3.23
6.29358 9.07467 -0.559998
6.2386 9.11024 -0.610001
6.38914 9.06837 -0.610001
6.37996 9.15201 -0.599998
6.19803 9.08097 -0.649998
6.11897 9.02998 -0.559998
6.56584 9.12059 -0.720001
6.66454 9.12558 -0.630001
5.8344 9.05641 -0.66
5.79069 9.01586 -0.529999
293.802 10.5775 -3.21
293.856 10.6557 -3.18
293.983 10.5273 -3.26
293.624 10.5215 -3.28
293.572 10.6821 -3.21
293.322 10.719 -3.25
293.105 10.52 -3.32
300.302 10.274 4.99
300.093 10.3402 4.95
300.05 10.1859 4.88
299.837 10.3507 5
299.383 10.3513 4.85
292.82 10.5464 -3.26
293.113 10.5501 -3.38
292.058 10.6044 -3.53
291.894 10.4836 -3.5
5.93177 0.425702 6.47
5.96711 0.436146 6.46
6.16869 0.461177 6.36
4.47437 0.433665 6.5
8.19346 0.0440516 -0.860001
8.27251 0.0950476 -0.829998
8.49293 0.187821 -0.989998
8.58405 0.0489532 -0.849998
8.62776 0.089505 -0.959999
8.69032 0.197798 -0.77
291.544 10.6217 -3.37
291.771 10.5058 -3.37
290.973 10.5532 -3.5
290.896 10.5098 -3.59
290.686 10.5684 -3.46
7.08314 9.11458 -0.779999
7.1787 9.10828 -0.739998
6.98735 9.00337 -0.689999
6.91377 9.08871 -0.720001
6.92713 9.02012 -0.709999
7.28995 9.15843 -0.700001
6.83391 9.15146 -0.630001
7.38108 9.01956 -0.689999
7.36224 8.95182 -0.739998
291.593 10.5673 -3.36
291.691 10.686 -3.46
291.484 10.5247 -3.52
292.694 10.6748 -3.38
8.9071 0.0442566 -0.93
8.96128 0.122443 -0.93
9.11472 -0.0256438 -0.970001
289.317 10.6612 -3.65
289.587 10.6996 -3.59
289.579 10.5558 -3.61
289.584 10.5746 -3.7
289.041 10.4865 -3.79
288.964 10.5605 -3.75
289.863 10.6431 -3.65
289.871 10.6732 -3.58
288.689 10.5033 -3.64
289.304 10.4985 -3.74
289.975 10.5795 -3.71
290.148 10.6166 -3.49
288.426 10.6088 -3.7
288.118 10.4349 -3.95
287.459 10.5129 -3.82
7.8748 9.16202 -0.809998
7.90048 9.02108 -0.790001
7.71983 9.07132 -0.739998
7.95232 8.97423 -0.779999
7.94499 8.94788 -0.84
7.6316 9.10396 -0.77
7.69053 8.96594 -0.84
8.12483 9.0114 -0.790001
7.59103 9.0747 -0.809998
8.09762 8.91355 -0.899998
5.25092 8.70781 6.55
6.14207 8.64649 6.57
4.29826 8.6646 6.66
4.22444 8.63242 6.6
6.29285 8.72214 6.46
6.36957 8.64809 6.47
6.5358 8.66268 6.45
3.97311 8.66177 6.82
288.344 10.5465 -3.83
288.047 10.4103 -3.73
287.202 10.6372 -3.82
286.693 10.5595 -3.85
286.516 10.5036 -4.03
286.407 10.5784 -3.86
286.341 10.5764 -3.96
6.66112 0.482358 6.33
6.6331 0.498258 6.36
6.79201 0.486501 6.34
6.32446 0.43813 6.34
7.24806 0.493474 6.27
7.60251 0.60168 6.35
9.45556 0.0336379 -1.1
9.40372 0.0804911 -1.09
9.51578 0.0168922 -1.05
9.26759 0.0575311 -0.989998
9.23668 0.179653 -0.970001
9.76735 0.105056 -0.959999
9.10659 0.0617611 -1.07
9.86604 0.110045 -1.03
9.89301 0.0903815 -1.04
287.033 10.4976 -3.92
286.973 10.5143 -3.81
286.185 10.5957 -3.86
286.124 10.6124 -3.9
286.07 10.5342 -4
286.03 10.505 -3.97
285.838 10.6313 -3.86
285.622 10.5574 -4.08
284.747 10.6751 -4.01
285.023 10.6186 -4.03
284.032 10.5536 -4.13
283.988 10.5131 -4.01
285.592 10.6795 -3.97
283.929 10.4161 -4.22
8.59972 9.08611 -0.919998
8.5717 9.10201 -0.919998
8.64109 9.00162 -0.880001
8.49498 9.17605 -0.91
8.79526 9.20607 -0.959999
8.84267 9.02666 -0.899998
8.30468 9.07491 -0.91
8.93847 9.13787 -0.919998
8.97984 9.05338 -0.849998
9.06622 9.13072 -0.989998
285.038 10.5538 -3.96
284.431 10.4711 -4.11
10.1113 0.175628 -1.13
10.1195 0.0882229 -1.08
10.1776 0.0639503 -1.1
9.93672 0.130933 -1.15
10.1595 -0.11754 -1.07
10.5352 0.183447 -1.07
304.855 1.803 -2.35
305.096 1.73602 -2.31
305.146 1.68164 -2.32
305.305 1.66988 -2.27
304.395 1.66346 -2.39
305.435 1.67402 -2.31
305.567 1.56442 -2.3
305.631 1.79399 -2.3
304.045 1.68782 -2.46
304.768 1.60815 -2.33
305.736 1.70404 -2.28
283.605 10.5345 -4.19
283.414 10.5471 -4.25
282.978 10.4942 -4.22
291.489 10.1909 4.41
290.809 10.0799 4.24
293.388 10.2548 4.53
289.467 10.1531 4.15
293.585 10.1472 4.42
293.653 10.2743 4.39
289.218 10.1899 4.19
293.85 10.1668 4.45
303.762 1.72178 -2.43
303.515 1.64867 -2.5
303.443 1.62402 -2.56
303.314 1.74491 -2.56
303.26 1.66673 -2.48
303.123 1.64 -2.63
10.7428 0.113546 -1.23
10.7035 0.205561 -1.17
10.614 0.116931 -1.18
10.7685 -0.0273924 -1.14
10.9692 0.111388 -1.2
11.0046 0.121832 -1.18
11.2321 0.123437 -1.27
304.023 1.60879 -2.42
303.741 1.64651 -2.5
9.5118 9.10006 -0.989998
9.60237 9.19245 -0.970001
9.6406 9.09667 -0.959999
9.54271 8.97794 -1.05
9.69035 9.04229 -1.01
9.91994 9.05142 -1.08
9.0919 8.98978 -0.98
9.95762 9.18691 -0.98
10.0283 9.2078 -1.08
282.762 10.534 -4.24
282.713 10.4746 -4.11
282.925 10.4235 -4.35
282.972 10.4753 -4.3
282.534 10.5324 -4.27
282.46 10.5002 -4.34
282.219 10.5672 -4.34
282.182 10.5492 -4.23
302.525 1.705 -2.6
302.448 1.77905 -2.63
302.743 1.67274 -2.58
302.73 1.74132 -2.5
302.798 1.63717 -2.6
302.796 1.62965 -2.47
302.207 1.84603 -2.62
302.123 1.6587 -2.69
303.011 1.7036 -2.51
10.0456 9.03675 -0.989998
10.0749 9.14213 -1.01
10.1215 9.07646 -0.950001
10.2097 9.04381 -1.04
10.2451 9.05426 -1.02
302.483 1.78949 -2.56
281.676 10.5966 -4.3
281.618 10.6209 -4.32
281.899 10.5831 -4.26
281.819 10.4109 -4.4
281.942 10.5024 -4.22
281.353 10.6013 -4.23
281.34 10.5524 -4.38
282.002 10.4857 -4.43
301.369 1.74675 -2.67
301.513 1.79982 -2.7
301.246 1.6552 -2.73
301.634 1.65258 -2.59
300.91 1.72849 -2.78
301.847 1.71524 -2.68
300.601 1.66836 -2.74
300.574 1.68802 -2.81
10.7605 9.15823 -1.11
10.5673 9.16331 -1.13
10.5799 9.20847 -1.05
10.9286 9.06283 -1.15
11.0202 9.15899 -1.1
10.4739 9.17714 -1.04
10.3414 8.93421 -1.16
11.253 9.17941 -1.15
11.2394 9.13049 -1.24
9.51675 0.486941 6.12
9.8584 0.432474 6.04
9.9864 0.542839 5.96
10.2731 0.523935 6.01
10.3437 0.544823 6.01
10.4019 0.520551 5.95
10.5576 0.497503 6
8.45389 0.397347 6.15
12.3528 0.0712461 -1.36
12.1918 0.0754762 -1.35
12.4814 -0.0496502 -1.39
12.6274 0.242205 -1.31
11.9643 0.0738714 -1.26
12.7704 0.0564846 -1.35
11.9394 0.101061 -1.29
12.7871 0.116699 -1.45
11.8439 0.107363 -1.3
11.8523 0.13747 -1.26
301.08 1.64061 -2.81
280.632 10.5747 -4.42
280.817 10.6571 -4.28
280.45 10.3862 -4.48
280.43 10.5459 -4.65
280.903 10.4994 -4.27
281.056 10.465 -4.43
280.053 10.4762 -4.53
280.044 10.5599 -4.53
9.50838 0.456834 5.98
10.7134 0.474456 5.91
10.7404 0.454793 6.08
12.979 -0.00965232 -1.41
13.046 0.231207 -1.39
13.1673 0.0839668 -1.37
13.2484 0.14249 -1.35
13.3366 0.109844 -1.42
300.251 1.69272 -2.79
300.204 1.75839 -2.83
299.989 1.68443 -2.8
300.519 1.60607 -2.76
299.983 1.66185 -2.89
300.519 1.60607 -2.7
299.965 1.59787 -2.92
10.8912 0.530441 5.92
13.4458 0.152467 -1.39
13.4262 0.198474 -1.43
13.5246 0.085951 -1.5
300.243 1.66261 -2.82
11.6868 0.47542 5.87
13.5796 0.0503881 -1.52
13.6429 0.0449327 -1.44
13.6068 0.148237 -1.49
13.8115 0.184559 -1.42
13.8717 0.167813 -1.41
13.9191 -0.011606 -1.56
279.604 10.6093 -4.42
279.856 10.4662 -4.44
278.976 10.4514 -4.61
278.813 10.4482 -4.6
279.727 10.5871 -4.6
279.449 10.5186 -4.61
14.0055 0.0657341 -1.52
14.0636 0.0414615 -1.47
14.2225 0.0297046 -1.63
14.2849 0.0204857 -1.59
287.177 10.1981 4.03
286.753 10.1903 3.97
286.444 10.1301 3.96
286.387 10.1582 4
286.138 10.195 3.87
286.089 10.1357 3.89
285.906 10.1784 3.82
288.817 10.0299 4.11
285.515 10.1697 3.83
12.6334 9.12798 -1.38
12.7559 9.10202 -1.36
12.5339 9.23674 -1.29
12.4143 9.15648 -1.27
12.9358 9.16553 -1.43
12.9502 9.1007 -1.35
12.3457 9.14312 -1.19
13.1714 9.07973 -1.37
13.1798 9.10983 -1.38
12.035 9.07547 -1.24
298.994 1.72195 -2.95
298.937 1.63247 -3.07
298.923 1.81481 -2.84
298.831 1.60114 -2.97
299.254 1.6052 -2.92
299.29 1.6194 -2.97
299.483 1.73184 -2.8
299.487 1.51187 -2.88
299.74 1.72131 -2.84
298.186 1.6143 -3.16
14.3014 -0.0368118 -1.62
14.2977 0.183159 -1.42
14.4896 0.0568074 -1.51
14.604 0.118248 -1.6
13.5643 9.20967 -1.4
10.2412 8.69043 6.07
9.82575 8.71272 6.17
10.8758 8.63964 6.05
11.04 8.6467 6.05
11.2282 8.74032 6.05
11.2664 8.64454 6
9.18383 8.73716 6.23
9.06629 8.66443 6.11
11.4277 8.75782 6.02
278.424 10.5645 -4.71
277.984 10.5003 -4.6
277.954 10.5086 -4.63
277.724 10.4995 -4.59
277.512 10.5506 -4.58
277.44 10.5259 -4.6
11.8003 0.650609 5.77
12.0006 0.554365 5.82
12.203 0.465647 5.78
12.2428 0.608658 5.85
12.3986 0.585611 5.84
14.7689 0.011559 -1.57
14.7951 0.105645 -1.57
278.73 10.4996 -4.5
298.025 1.61853 -2.98
298.15 1.48634 -3.16
297.47 1.60656 -3.11
297.464 1.7015 -3.12
297.278 1.6154 -3.23
277.422 10.4619 -4.68
277.392 10.4703 -4.73
277.162 10.5749 -4.7
277.11 10.3905 -4.8
276.891 10.5365 -4.56
11.7137 0.455757 5.85
12.6967 0.608104 5.8
12.9324 0.522304 5.73
15.0443 0.0687692 -1.59
15.0849 0.0980307 -1.69
15.1045 0.0520235 -1.62
15.1692 0.167844 -1.69
15.2582 0.0214495 -1.67
296.735 1.64484 -3.1
296.671 1.6503 -3.09
296.947 1.59376 -3.05
296.983 1.6042 -3.17
296.975 1.57786 -3.26
296.42 1.67964 -3.11
296.33 1.70476 -3.23
296.138 1.71737 -3.14
302.615 2.14617 4.92
302.176 2.0819 4.85
301.85 2.07907 4.84
301.594 1.97209 4.76
301.495 2.08461 4.76
301.487 2.0545 4.77
301.262 2.06419 4.76
301.232 2.07256 4.8
301.111 1.98478 4.89
13.5869 9.05744 -1.41
13.5869 9.05744 -1.47
13.9453 9.06319 -1.42
13.9474 9.07071 -1.52
13.9505 9.082 -1.54
14.0649 9.14344 -1.44
302.853 2.0679 4.99
276.355 10.5923 -4.72
276.358 10.5999 -4.65
276.415 10.4581 -4.85
276.394 10.4965 -4.91
276.617 10.6006 -4.68
276.101 10.6104 -4.64
276.613 10.468 -4.68
276.758 10.4074 -4.83
275.889 10.4302 -4.85
276.861 10.4274 -4.76
15.4223 0.0285097 -1.75
15.4943 0.170674 -1.65
15.5367 0.08995 -1.62
15.5637 0.0702868 -1.75
11.5292 8.65659 6
11.5803 8.72348 5.99
11.6188 8.74522 6.02
9.85142 8.57178 6.18
295.329 1.72346 -3.25
295.856 1.75132 -3.16
294.764 1.67387 -3.39
295.971 1.69902 -3.26
295.999 1.5656 -3.39
294.491 1.62418 -3.34
300.984 2.1132 4.75
300.705 2.15845 4.73
15.6886 0.169361 -1.77
15.8286 0.0898628 -1.69
14.278 9.20987 -1.58
14.4118 9.10779 -1.56
14.4586 9.15964 -1.56
14.4044 9.08145 -1.45
14.3269 9.26924 -1.34
14.5293 9.18052 -1.54
13.0366 8.71176 5.83
275.623 10.5244 -4.66
275.825 10.4357 -4.85
275.213 10.5655 -4.93
275.132 10.507 -4.79
274.981 10.4313 -4.97
282.979 10.1492 3.76
283.893 10.0531 3.71
281.875 10.2616 3.56
281.663 10.0814 3.52
284.373 10.1466 3.67
284.523 10.2185 3.97
284.572 10.1641 3.68
281.266 10.1714 3.43
284.782 10.2193 3.93
294.119 1.56951 -3.47
294.096 1.72174 -3.46
293.961 1.58503 -3.41
293.761 1.68128 -3.42
295.261 1.7101 -3.32
293.681 1.63028 -3.45
300.486 2.0732 4.76
299.906 1.96716 4.6
299.555 2.10527 4.58
14.6414 9.11693 -1.56
14.8814 9.16369 -1.57
14.8935 8.97383 -1.57
14.954 9.07459 -1.52
15.032 9.12183 -1.55
274.82 10.4355 -4.74
275.511 10.588 -4.89
16.2132 0.189696 -1.79
16.1944 0.121954 -1.79
16.2826 0.089309 -1.84
16.4106 0.199674 -1.79
16.4685 0.0578889 -1.78
16.5973 0.0545049 -1.83
16.591 0.0319243 -1.74
16.6046 0.0808489 -1.87
293.335 1.66593 -3.39
293.143 1.67853 -3.44
293.135 1.64842 -3.57
292.859 1.70496 -3.43
273.809 10.4166 -4.93
273.782 10.4363 -5.03
273.817 10.3292 -5.12
273.445 10.5058 -5.06
273.456 10.4297 -5.13
274.349 10.4934 -4.97
273.109 10.4653 -5.06
274.544 10.4921 -5.01
274.653 10.5347 -5
272.919 10.3642 -5.02
13.7664 0.489017 5.69
14.1455 0.452521 5.58
13.2274 0.533507 5.73
13.2243 0.522217 5.72
13.2243 0.522217 5.73
14.5777 0.490448 5.58
14.9872 0.563091 5.54
15.0361 0.62246 5.55
16.7604 0.0578017 -1.85
16.8591 0.0627906 -1.76
292.318 1.62441 -3.51
292.548 1.5198 -3.5
292.54 1.6072 -3.66
292.067 1.54001 -3.6
291.89 1.60154 -3.69
293.053 1.58614 -3.67
291.591 1.6928 -3.78
15.4121 9.08909 -1.58
15.3747 9.07112 -1.6
15.3634 9.14724 -1.57
15.4265 9.02427 -1.62
15.5493 9.11582 -1.59
15.5184 9.23794 -1.63
15.6116 9.1066 -1.67
15.6228 9.03048 -1.61
15.1639 9.12973 -1.53
15.7268 9.05429 -1.58
292.618 1.77195 -3.56
272.672 10.5261 -4.94
272.795 10.3864 -5.13
272.919 10.3642 -5.08
272.169 10.4673 -5.01
271.918 10.4966 -5.04
272.435 10.3731 -5.12
17.4544 0.104014 -1.93
17.5832 0.10063 -1.87
17.5968 0.149554 -1.82
17.6329 0.0462498 -1.96
17.712 0.0972458 -1.79
17.1654 -0.00212095 -1.93
17.7609 0.156615 -1.87
17.1219 0.0748397 -1.84
17.8397 0.0900984 -1.91
17.8979 0.0658258 -1.94
280.083 10.1153 3.6
280.38 10.134 3.68
280.927 10.1197 3.61
278.003 10.1017 3.43
283.267 10.134 3.57
291.126 1.65572 -3.64
291.026 1.52945 -3.63
290.943 1.58091 -3.79
291.392 1.56154 -3.56
290.498 1.61158 -3.73
290.304 1.61665 -3.92
290.246 1.64092 -3.75
16.2349 9.13192 -1.71
16.2598 9.10473 -1.66
16.2838 9.19129 -1.66
16.3449 9.0608 -1.76
16.0956 9.09767 -1.67
16.021 9.17924 -1.63
16.0302 9.0956 -1.6
15.9315 9.09061 -1.66
15.9242 9.06427 -1.71
16.5684 9.16486 -1.74
13.5403 8.65682 5.82
14.3705 8.726 5.69
14.6707 8.75602 5.81
15.0155 8.71284 5.66
15.4093 8.72903 5.6
17.9903 0.048234 -1.87
18.0392 0.107603 -1.85
18.1764 0.134326 -1.92
16.743 9.20955 -1.7
16.7491 9.11462 -1.75
16.8197 9.13551 -1.8
16.9289 9.17813 -1.76
16.9899 9.04764 -1.77
271.778 10.4624 -5.01
271.461 10.3721 -5.17
271.403 10.5139 -5.05
271.413 10.4303 -5.2
271.117 10.5328 -5.05
271.114 10.4078 -5.25
15.3453 0.451326 5.58
15.6516 0.386415 5.48
15.761 0.54655 5.48
15.9626 0.571582 5.58
16.1244 0.453603 5.46
16.1786 0.531789 5.49
18.2479 0.041466 -2.1
18.195 0.0845557 -1.97
18.5036 0.144683 -1.99
18.457 0.210354 -1.93
18.5856 0.0894573 -2.05
18.5413 0.280167 -2.08
289.901 1.6841 -3.77
289.834 1.6745 -3.75
289.992 1.65898 -3.74
289.705 1.67789 -3.72
290.16 1.56358 -3.78
289.622 1.49432 -3.91
289.459 1.72605 -3.78
17.2132 9.03419 -1.81
17.1802 9.14879 -1.89
17.2789 9.15378 -1.84
17.3889 9.08265 -1.9
15.383 0.58681 5.56
16.2223 0.572341 5.53
16.3833 0.568111 5.52
18.6293 0.130009 -1.94
18.8694 0.176775 -2.05
18.9597 0.151656 -2.1
295.868 2.14526 4.42
296.631 2.08732 4.4
294.859 2.13385 4.07
294.666 2.02141 4.2
294.522 1.96835 4.27
297.303 2.0545 4.41
297.325 2.13353 4.48
294.357 1.96129 4.18
17.4842 8.95884 -1.78
17.5695 9.03241 -1.73
17.5378 9.26828 -1.81
17.7132 9.19923 -1.88
17.7515 9.10345 -1.84
17.7795 9.08755 -1.87
19.3149 0.146114 -2.06
19.3264 0.187511 -2.07
19.3105 0.0135477 -2.03
19.3971 0.2084 -2.07
296.087 1.99924 4.33
295.573 2.01654 4.23
297.581 2.123 4.43
17.7795 9.08755 -1.85
17.8478 8.9834 -1.87
18.0653 9.18239 -1.85
15.6004 8.71643 5.58
15.6409 8.74569 5.78
15.7541 8.68585 5.71
16.0242 8.72425 5.54
16.2177 8.83668 5.65
16.2787 8.70619 5.58
270.682 10.4874 -5.12
270.546 10.5782 -5.11
270.837 10.5781 -5.15
270.806 10.3477 -5.25
270.524 10.3854 -5.26
270.901 10.3414 -5.17
270.437 10.4218 -5.27
270.291 10.5962 -5.13
19.5859 0.070758 -2.08
19.7191 0.19994 -2.15
19.7938 0.11837 -2.19
276.827 10.1895 3.25
276.77 10.2175 3.33
276.552 10.1323 3.25
276.3 10.0441 3.19
279.879 10.2003 3.57
275.887 10.1914 3.32
275.558 10.056 3.33
19.9081 0.17981 -2.05
288.82 1.64428 -3.92
288.612 1.59667 -3.97
289.254 1.68973 -3.94
289.287 1.57514 -3.93
288.237 1.64822 -3.93
289.052 1.54719 -3.86
288.708 1.47662 -4
18.4298 9.09321 -1.96
18.6646 9.12116 -1.98
18.2272 9.06442 -1.83
18.6803 9.17761 -1.97
18.1834 9.02386 -2.03
18.1182 9.13931 -1.83
18.7738 9.16378 -1.88
18.9858 9.22645 -2.08
269.712 10.4977 -5.18
270.119 10.4453 -5.22
275.004 10.1653 3.08
274.742 10.157 3.15
274.483 10.1563 3.18
287.776 1.62243 -4
287.61 1.60784 -4.06
287.44 1.58196 -4.08
287.427 1.53304 -4.2
287.175 1.56238 -3.98
286.951 1.57207 -4.13
286.924 1.59173 -3.99
18.5101 9.26548 -1.84
19.1123 9.09803 -1.99
19.1921 9.03527 -2.01
293.767 2.05263 4.23
293.98 2.00531 4.13
293.403 2.02806 4.08
293.076 2.01771 3.98
293.03 2.20465 4.14
19.29 9.15401 -2.01
19.3089 9.22175 -1.97
19.3343 8.9633 -2.07
19.4759 9.12259 -2
268.816 10.4227 -5.36
268.895 10.4737 -5.39
269.258 10.4983 -5.42
269.42 10.3803 -5.41
268.157 10.5044 -5.45
267.901 10.2837 -5.45
267.887 10.4661 -5.29
269.901 10.3601 -5.33
274.42 10.048 3.1
20.5925 0.0746392 -2.2
20.7069 0.136079 -2.26
20.6571 0.190459 -2.26
20.4328 0.200145 -2.14
20.3621 0.179256 -2.17
20.8836 0.188301 -2.23
20.9001 0.131003 -2.25
20.2739 0.211902 -2.12
20.9281 0.115104 -2.32
286.82 1.56793 -4.1
286.783 1.43244 -4.2
286.642 1.62569 -4.02
286.355 1.6446 -4.01
286.325 1.65297 -4.1
286.307 1.47148 -4.22
292.54 2.07349 4.02
292.677 1.9827 4.02
292.775 1.98769 4.1
291.616 2.01814 3.96
291.586 2.02652 4.02
293.699 2.04303 4.16
293.843 2.0961 4.21
18.0371 0.566362 5.37
18.0504 0.497774 5.31
18.3975 0.579636 5.25
17.608 0.539726 5.33
18.491 0.565808 5.33
17.4169 0.552329 5.27
18.6708 0.62932 5.32
18.707 0.526015 5.26
17.231 0.583749 5.32
21.059 0.119247 -2.34
20.6893 0.189613 -2.18
21.1537 0.226694 -2.13
21.187 0.229611 -2.31
267.559 10.4519 -5.45
267.699 10.3724 -5.62
267.22 10.4002 -5.5
268.641 10.4955 -5.43
266.985 10.3722 -5.42
266.969 10.4295 -5.4
285.872 1.53977 -4.11
286.146 1.47571 -4.31
285.568 1.72972 -4.09
285.339 1.60684 -4.28
285.178 1.49356 -4.29
19.6243 9.0732 -2.01
19.5225 9.05692 -2.01
19.7461 9.16098 -1.98
19.5301 9.20078 -2.12
19.823 9.20445 -1.99
19.8966 9.11912 -2.11
19.8885 9.20652 -2.04
19.9207 9.20568 -2.12
17.985 0.495703 5.26
19.0643 0.527999 5.25
19.1984 0.543432 5.22
21.2689 0.174385 -2.36
21.5318 0.186434 -2.32
21.6491 0.141653 -2.37
291.14 2.05718 3.88
292.376 2.06643 3.87
290.76 2.08991 3.93
290.681 2.03891 3.89
290.376 1.99008 3.78
20.0338 9.14584 -2.13
20.0367 9.03962 -2.09
20.1895 9.1228 -2.21
20.2571 9.13239 -2.12
20.2634 9.15497 -2.09
20.2655 9.1625 -2.09
266.958 10.3919 -5.52
266.701 10.3987 -5.45
266.663 10.3807 -5.61
266.447 10.4205 -5.48
266.284 10.2997 -5.62
21.6719 0.106936 -2.27
21.7289 0.0788998 -2.32
21.8132 0.148713 -2.22
21.9493 0.171673 -2.43
21.2834 0.109561 -2.26
22.0449 0.165371 -2.37
284.828 1.51792 -4.22
284.893 1.6375 -4.34
284.387 1.5674 -4.33
283.983 1.51357 -4.31
283.97 1.58216 -4.34
20.4244 9.15074 -2.17
20.3016 9.0592 -2.17
20.5998 9.08169 -2.06
20.7503 9.03983 -2.26
283.529 1.63164 -4.3
283.45 1.58064 -4.36
283.571 1.54715 -4.44
283.732 1.54292 -4.33
283.792 1.52618 -4.25
283.201 1.61752 -4.41
283.246 1.43057 -4.48
283.943 1.48431 -4.37
19.2088 0.581067 5.11
19.5756 0.616922 5.2
19.857 0.5792 5.21
19.9277 0.600089 5.21
22.213 0.0699731 -2.45
22.2536 0.0992345 -2.43
22.3025 0.158603 -2.33
21.7808 0.0320466 -2.36
22.3928 0.133485 -2.35
22.5329 0.0539862 -2.51
22.6036 0.0748747 -2.52
22.7625 0.0631178 -2.42
22.5365 0.300301 -2.39
22.5125 0.213742 -2.26
23.019 0.0525863 -2.55
289.331 2.08197 3.88
289.211 2.00172 3.75
289.412 1.90547 3.79
289.634 2.12328 3.93
289.889 2.10523 3.92
289.993 2.01152 3.87
288.594 1.99897 3.66
288.551 1.95842 3.87
290.145 2.09469 3.89
264.943 10.4941 -5.56
265.067 10.4719 -5.51
264.809 10.4787 -5.53
265.11 10.395 -5.69
264.635 10.434 -5.77
265.332 10.4915 -5.58
264.531 10.5277 -5.61
264.416 10.4663 -5.78
265.583 10.4621 -5.5
282.485 1.60979 -4.43
282.672 1.46462 -4.55
282.753 1.52314 -4.3
282.789 1.41984 -4.45
282.086 1.68853 -4.39
282.909 1.61761 -4.36
281.98 1.54345 -4.54
282.63 1.66285 -4.43
282.351 1.7081 -4.49
21.9244 9.17957 -2.34
22.1155 9.16697 -2.39
22.1614 9.21504 -2.35
21.6616 9.16752 -2.31
21.643 9.21729 -2.22
22.2464 9.17111 -2.28
21.5888 9.1391 -2.26
287.991 1.92764 3.72
287.536 2.04194 3.68
287.37 1.91361 3.65
23.5521 0.103029 -2.55
23.4971 0.138591 -2.57
23.6445 0.0854368 -2.6
23.6685 0.171996 -2.52
23.5533 0.224304 -2.45
23.6489 0.218003 -2.49
23.3787 0.17961 -2.46
23.8335 0.065307 -2.61
23.8078 0.206246 -2.45
281.351 1.61305 -4.48
281.617 1.51888 -4.4
280.942 1.54041 -4.6
280.89 1.58726 -4.73
280.611 1.51876 -4.73
280.362 1.55564 -4.58
22.2765 9.16274 -2.37
22.3211 9.08954 -2.24
22.4219 9.10206 -2.4
22.3608 9.23255 -2.22
22.4273 9.23838 -2.21
22.0124 9.02941 -2.25
19.5768 8.66882 5.18
19.8959 8.76658 5.23
19.1492 8.88097 5.25
20.0569 8.76235 5.26
20.1511 8.63478 5.23
20.4318 8.7108 5.32
18.5683 8.77492 5.42
18.5796 8.69881 5.53
18.5141 8.69674 5.37
281.382 1.49093 -4.54
287.249 2.06085 3.51
287.061 1.96723 3.7
286.897 1.96017 3.6
286.787 2.0313 3.58
286.607 1.96778 3.49
286.536 2.06064 3.56
288.266 1.98485 3.71
22.632 9.27471 -2.42
22.8593 9.1588 -2.39
19.5571 8.71483 5.33
20.7998 8.86793 5.3
20.9792 8.69642 5.18
21.0904 8.74657 5.21
262.894 10.4721 -5.76
262.93 10.3688 -5.84
262.856 10.3367 -5.91
263.159 10.378 -5.64
262.578 10.3857 -5.9
263.308 10.3286 -5.79
262.203 10.4372 -5.87
263.607 10.4723 -5.74
262.157 10.3891 -5.68
262.039 10.3164 -5.93
21.4286 0.515165 4.97
21.4985 0.649803 5.05
21.193 0.600965 5.03
21.1472 0.552887 5.07
21.7341 0.564003 4.93
20.7068 0.602365 5.03
22.2454 0.652925 4.94
20.5644 0.556825 5.08
24.3031 0.121205 -2.65
24.3602 0.0931686 -2.61
24.1992 0.0973987 -2.47
24.6343 0.0291031 -2.71
24.6825 0.202221 -2.64
24.7013 0.269963 -2.52
24.7314 0.26159 -2.7
263.978 10.5233 -5.58
264.029 10.3551 -5.72
264.118 10.4438 -5.72
270.001 10.1376 2.95
269.9 10.0075 2.74
269.875 10.0347 2.71
271.483 10.0986 2.83
268.488 10.0598 2.71
268.129 10.0541 2.76
267.973 10.0771 2.83
267.952 10.1156 2.77
272.114 10.0366 2.83
23.0536 9.15749 -2.41
23.1046 9.22438 -2.34
23.0978 8.96678 -2.39
23.2219 9.1796 -2.31
23.2227 9.06585 -2.3
23.2957 9.21178 -2.44
23.2881 9.06792 -2.31
22.6506 9.22494 -2.32
22.6627 9.03507 -2.32
279.879 1.56833 -4.75
279.698 1.50105 -4.62
279.742 1.5416 -4.84
279.553 1.67925 -4.84
279.408 1.50867 -4.6
24.884 0.227252 -2.58
25.0814 0.23723 -2.62
24.2325 0.100316 -2.75
25.1529 0.14437 -2.69
286.076 2.04238 3.69
285.976 1.91612 3.46
285.957 1.96212 3.44
285.735 2.09685 3.65
285.695 1.95384 3.32
23.4991 9.12683 -2.5
23.596 9.2418 -2.41
23.7112 9.18949 -2.49
23.7601 9.24886 -2.54
261.896 10.5021 -5.75
261.249 10.3903 -5.95
261.197 10.4371 -5.95
261.063 10.4217 -5.82
260.987 10.382 -6.08
22.3032 0.51114 4.85
22.4975 0.509828 4.88
22.6991 0.534859 4.87
22.7292 0.526486 4.78
22.7697 0.555748 4.89
21.7613 0.661852 5.02
22.964 0.554435 4.82
23.098 0.569868 4.82
279.343 1.5066 -4.68
279.247 1.5129 -4.76
279.132 1.56521 -4.7
279.136 1.46275 -4.84
278.996 1.54225 -4.86
278.84 1.56529 -4.65
23.3389 0.502885 4.85
23.3899 0.569781 4.81
25.5404 0.137981 -2.74
25.4917 0.196124 -2.65
25.4456 0.0305335 -2.76
25.8281 0.12284 -2.71
25.3034 0.102505 -2.53
25.2236 0.165258 -2.63
25.9244 0.00278969 -2.79
25.1573 0.276936 -2.62
261.853 10.4616 -5.91
260.175 10.3768 -5.86
24.357 9.06258 -2.64
24.5649 9.1102 -2.47
24.0672 9.0702 -2.58
24.6439 9.16119 -2.6
24.6709 9.14153 -2.55
24.0311 9.1735 -2.52
23.9905 9.14424 -2.39
24.7408 9.27617 -2.53
23.4585 0.583143 4.7
23.5271 0.596504 4.82
23.552 0.569314 4.84
25.9673 0.15709 -2.79
25.983 0.213542 -2.72
26.142 0.201785 -2.76
26.309 0.102623 -2.72
26.3166 0.246479 -2.84
26.4025 0.0887947 -2.72
267.684 10.0847 2.82
267.118 10.1489 2.69
266.853 10.1293 2.77
266.618 10.1013 2.6
269.483 10.0223 2.74
25.0502 9.22255 -2.56
24.2698 9.09899 -2.48
25.1084 9.19827 -2.54
25.212 9.10457 -2.57
25.2173 9.12338 -2.62
278.151 1.5379 -4.84
278.142 1.38651 -4.88
278.564 1.62183 -4.74
278.709 1.56115 -4.86
277.567 1.53431 -4.89
278.775 1.56322 -4.87
277.523 1.49376 -5
26.492 0.177425 -2.84
26.6912 0.0774172 -2.84
283.951 1.98071 3.5
283.623 1.96658 3.31
283.374 2.00722 3.19
283.061 1.92828 3.35
284.954 1.9733 3.43
285.276 1.96484 3.48
282.521 1.97277 3.35
282.459 1.86447 3.24
282.235 1.99167 3.35
26.9022 0.13632 -2.79
27.0059 0.0426132 -3.12
27.2378 0.176784 -2.78
259.915 10.4935 -5.93
259.345 10.3076 -6.1
259.172 10.3879 -6.01
259.099 10.3558 -5.95
25.3325 9.07108 -2.66
25.4356 9.20863 -2.69
25.2955 9.28813 -2.58
25.4898 9.28682 -2.55
25.6029 9.22698 -2.63
24.112 0.600093 4.73
23.9936 0.641112 4.83
23.6609 0.494425 4.72
24.7125 0.660134 4.73
24.757 0.586937 4.63
259.933 10.3225 -5.91
259.716 10.3585 -6.07
259.648 10.3489 -5.95
25.6351 9.22614 -2.59
25.7607 9.21146 -2.59
25.7992 9.2332 -2.63
25.4312 9.07606 -2.6
25.7074 9.01953 -2.72
277.146 1.53778 -4.82
276.492 1.52083 -5.06
276.265 1.63674 -5.15
276.185 1.46447 -5.01
258.969 10.4729 -6.16
258.844 10.3738 -5.99
258.825 10.3061 -6.19
258.554 10.3814 -6
258.552 10.3739 -6.13
275.896 1.59336 -5.05
275.547 1.50397 -5.15
275.362 1.42164 -5.2
275.192 1.50951 -5.1
274.955 1.47403 -5.2
276.93 1.57757 -5.11
25.9746 9.16414 -2.72
25.9165 9.18841 -2.66
26.0859 9.21429 -2.6
26.144 9.19002 -2.68
26.1875 9.11306 -2.62
26.2697 9.17534 -2.73
23.2385 8.65602 4.93
23.9929 8.803 4.93
24.2277 8.83094 4.88
24.4385 8.77233 4.98
24.7388 8.80235 4.98
21.7407 8.75223 5.13
21.7146 8.65814 5.13
24.9736 8.8303 4.92
21.2213 8.75071 5.19
275.871 1.38552 -5.08
277.01 1.51482 -5
24.7727 0.643388 4.58
25.0054 0.66381 4.71
25.0248 0.500291 4.56
24.3062 0.598781 4.84
25.3034 0.568791 4.61
24.2437 0.490487 4.6
24.2541 0.528122 4.76
25.4322 0.565407 4.67
27.5818 0.247356 -2.9
27.6834 0.146123 -2.87
27.4983 0.0637939 -2.96
27.3907 0.259959 -2.8
27.3478 0.105658 -2.99
28.0109 0.273992 -2.96
28.0085 0.148953 -2.95
28.1635 0.239655 -2.95
281.779 1.9847 3.31
281.234 2.01037 3.09
281.133 2.11161 3.25
280.675 1.97959 3.21
274.8 1.61836 -5.1
274.84 1.52634 -5.14
274.476 1.50178 -5.23
274.424 1.54863 -5.15
274.216 1.50102 -5.24
274.161 1.53658 -5.09
280.177 1.9396 3.13
281.674 2.07464 3.24
279.663 1.95689 3.14
281.953 2.02939 3.29
282.023 1.81149 3.24
257.259 10.3889 -6.17
257.174 10.4329 -6.08
257.112 10.3283 -6.24
257.428 10.4148 -6.04
257.09 10.2493 -6.31
257.44 10.2249 -6.28
257.525 10.2948 -6.01
257.587 10.4031 -6.16
256.914 10.4321 -6.09
257.693 10.4344 -6.24
23.462 8.76008 4.95
26.247 8.74378 4.7
26.2606 8.7927 4.84
257.715 10.3959 -6.02
258.011 10.4109 -6.06
274.118 1.49603 -5.05
274.015 1.47599 -5.23
273.905 1.54711 -5.08
273.9 1.5283 -5.25
273.615 1.55473 -5.06
274.672 1.50799 -5.06
27.1577 9.10273 -2.81
27.1035 9.02455 -2.82
27.1194 9.19851 -2.77
27.1608 9.11402 -2.68
27.0645 9.23407 -2.82
27.182 9.3068 -2.74
27.4145 9.20971 -2.81
27.4341 9.1637 -2.82
27.4912 9.13567 -2.75
27.4943 9.14696 -2.88
28.8418 0.229415 -3.12
28.8884 0.163745 -3
28.8499 0.142011 -3
28.7054 0.0889431 -3.07
28.7191 0.137868 -2.98
28.6444 0.219438 -3.04
29.1782 0.156131 -3.14
29.2581 0.0933781 -3.07
29.2769 0.16112 -3.07
279.275 1.96328 3.03
278.983 1.84586 2.98
280.598 1.93612 3.11
278.675 1.90324 3.02
278.628 1.8514 3
278.253 2.02046 2.95
256.297 10.4294 -6.14
256.371 10.4615 -6.13
256.376 10.4804 -6.32
256.081 10.4692 -6.16
256.144 10.3462 -6.31
256.043 10.4474 -6.32
256.588 10.308 -6.31
256.663 10.4615 -6.17
256.715 10.4146 -6.3
255.816 10.4496 -6.11
27.5245 9.13859 -2.88
27.5815 9.11055 -2.92
27.8601 9.17905 -2.88
273.11 1.48838 -5.09
272.759 1.62649 -5.14
273.526 1.4661 -5.3
273.616 1.44098 -5.3
272.485 1.69056 -5.27
272.476 1.42543 -5.38
277.983 1.86456 2.85
277.841 1.93653 3.01
277.581 1.93577 3
277.551 1.94414 3.03
255.459 10.3301 -6.27
255.533 10.2485 -6.36
255.534 10.4835 -6.21
255.387 10.4229 -6.41
255.213 10.3783 -6.41
255.732 10.3798 -6.38
255.065 10.3139 -6.41
254.982 10.4829 -6.17
27.8074 9.33965 -2.78
27.9158 9.02974 -3.04
28.1656 9.22789 -2.87
28.1852 9.18188 -2.91
28.1792 9.27681 -2.92
28.2486 9.17643 -2.92
272.011 1.5021 -5.21
272.277 1.40792 -5.09
272.33 1.59986 -5.37
271.659 1.51893 -5.42
271.497 1.51939 -5.5
271.341 1.54244 -5.51
272.987 1.39684 -5.33
28.3101 9.28096 -2.85
28.3297 9.23495 -2.82
28.3606 9.11283 -2.87
28.3816 9.1881 -2.92
28.3876 9.09316 -3.02
277.271 1.98939 2.95
277.01 1.98111 3.02
276.855 1.8904 2.81
276.728 2.01883 2.94
276.655 1.8729 2.87
254.414 10.422 -6.32
254.441 10.5198 -6.26
254.407 10.3956 -6.47
254.243 10.2748 -6.39
254.678 10.3203 -6.2
254.728 10.5009 -6.22
253.858 10.2887 -6.54
253.805 10.3318 -6.23
253.778 10.3515 -6.48
28.5645 9.2629 -2.94
28.7753 9.20429 -2.87
28.819 9.24484 -2.96
28.8572 9.14906 -2.98
270.915 1.5271 -5.37
271.044 1.52371 -5.5
270.883 1.41043 -5.53
270.391 1.39301 -5.55
270.002 1.50939 -5.45
269.968 1.38519 -5.54
276.43 1.99633 2.89
276.474 2.03689 2.93
276.192 2.07461 2.89
276.116 1.91739 2.81
275.972 1.86432 2.76
275.93 2.06256 2.96
29.0185 9.26234 -3.03
29.1711 9.22801 -2.92
29.145 9.13392 -2.89
29.2562 9.18407 -3.02
29.2968 9.21333 -3.04
29.3028 9.1184 -2.96
29.4369 9.13383 -3.03
27.2452 8.71755 4.67
27.5538 8.77768 4.74
27.9497 8.8014 4.57
253.095 10.2292 -6.57
29.6102 9.05725 -3.04
29.7507 9.21278 -2.98
29.7704 9.16677 -3.08
29.7725 9.1743 -2.97
269.251 1.49121 -5.34
270.755 1.41758 -5.51
269.117 1.47578 -5.65
268.983 1.57786 -5.49
31.127 0.165585 -3.31
31.2173 0.140467 -3.26
31.093 0.276417 -3.26
31.4346 0.22195 -3.25
30.8424 0.192017 -3.14
30.8092 0.189099 -3.2
31.4626 0.20605 -3.37
31.5304 0.333161 -3.21
30.6639 0.249781 -3.22
29.8547 9.23658 -3.04
29.8555 9.12284 -2.97
29.9414 8.96515 -3.09
30.0863 9.25324 -3.02
30.106 9.20724 -3.11
252.906 10.3668 -6.35
252.813 10.3806 -6.52
252.909 10.3743 -6.59
252.565 10.19 -6.56
253.521 10.362 -6.5
252.177 10.3102 -6.39
252.133 10.3834 -6.6
252.125 10.2395 -6.65
28.5496 0.578276 4.41
28.7784 0.701157 4.41
28.1509 0.660779 4.4
28.132 0.593038 4.48
28.0093 0.50149 4.45
27.9928 0.558787 4.38
27.8972 0.565089 4.48
29.1842 0.527485 4.21
29.2934 0.570108 4.45
31.632 0.231927 -3.34
31.6951 0.10896 -3.34
31.2828 0.142538 -3.18
31.7959 0.121475 -3.36
268.601 1.48555 -5.53
268.579 1.40652 -5.6
268.453 1.42119 -5.44
268.341 1.48479 -5.5
268.237 1.46099 -5.75
268.877 1.42901 -5.42
31.9404 0.174543 -3.3
32.0121 0.199195 -3.28
31.9985 0.15027 -3.5
32.0414 0.304571 -3.33
274.577 1.98058 2.77
274.118 1.84857 2.53
274.016 1.82852 2.78
275.307 1.92349 2.78
273.837 1.88629 2.69
275.657 1.89913 2.81
275.674 1.84183 2.77
273.291 1.90443 2.66
30.4175 9.16114 -3.11
30.4351 9.10761 -3.2
30.1309 9.18005 -3.05
251.357 10.3924 -6.55
268.18 1.48902 -5.64
268.054 1.5037 -5.51
267.989 1.38411 -5.76
267.772 1.53765 -5.58
267.483 1.54903 -5.59
30.7555 9.32664 -3.24
30.6411 9.2652 -3.09
30.9589 9.24169 -3.24
30.9589 9.24169 -3.16
31.0628 9.2655 -3.21
31.0741 9.18938 -3.12
31.05 9.10282 -3.1
28.6759 8.84676 4.47
28.8866 8.78815 4.52
28.9175 8.66603 4.59
29.6147 8.72353 4.49
29.9223 8.7799 4.54
32.4381 0.214541 -3.39
32.3538 0.144727 -3.31
32.3983 0.0715303 -3.47
32.7797 0.160073 -3.39
32.9407 0.155843 -3.49
274.461 1.79786 2.72
274.673 1.86053 2.68
273.197 1.91826 2.59
272.826 1.86735 2.64
272.825 1.9811 2.5
31.1636 9.27801 -3.14
30.8822 9.31573 -3.16
31.3202 9.14122 -3.21
31.3516 9.25412 -3.2
251.152 10.356 -6.49
250.774 10.3963 -6.65
250.755 10.3286 -6.68
251.834 10.3609 -6.54
250.384 10.2777 -6.47
250.296 10.4278 -6.84
250.195 10.2978 -6.72
257.901 10.0157 2.18
257.622 10.061 2.21
258.294 10.0281 2.04
257.34 10.0987 2.12
257.103 9.94569 2.02
257.051 10.1063 2.14
258.978 10.0367 2.25
256.204 9.97691 1.99
259.612 9.98593 2.16
31.5987 9.20972 -3.2
31.661 9.2005 -3.21
31.7317 9.22139 -3.2
272.771 1.90292 2.65
272.255 1.91269 2.6
272.173 1.8504 2.45
271.711 1.93836 2.59
271.67 1.9091 2.52
249.878 10.3251 -6.71
249.833 10.277 -6.6
249.791 10.3615 -6.67
249.485 10.1951 -6.83
31.7409 9.13774 -3.27
31.7461 9.15656 -3.27
32.0668 9.02683 -3.23
32.1419 9.18028 -3.25
32.1616 9.13427 -3.31
266.024 1.54947 -5.79
265.933 1.57459 -5.8
265.956 1.42236 -5.9
266.143 1.62972 -5.66
266.283 1.43271 -5.72
265.688 1.39149 -5.97
266.513 1.44185 -5.81
265.51 1.45302 -5.93
265.439 1.31462 -5.79
266.657 1.61242 -5.67
33.4332 0.177024 -3.52
33.4051 0.192924 -3.45
33.3135 0.0967667 -3.54
33.0892 0.106452 -3.46
33.8892 0.183997 -3.53
32.9844 0.196395 -3.35
34.2528 0.208562 -3.53
34.3266 0.240741 -3.58
266.737 1.43216 -5.83
266.936 1.56341 -5.58
32.3174 9.11123 -3.25
32.2679 9.28312 -3.21
32.5501 9.13165 -3.35
32.6147 9.24747 -3.3
271.689 1.97684 2.42
271.451 1.9376 2.63
271.205 1.98577 2.5
270.943 1.97748 2.58
270.812 1.85583 2.45
270.659 2.00391 2.54
249.32 10.3018 -6.62
249.114 10.258 -6.8
248.993 10.2915 -6.66
248.976 10.2312 -6.87
248.67 10.2962 -6.82
265.19 1.469 -5.77
265.065 1.48368 -6.01
264.562 1.42486 -5.98
264.966 1.47869 -5.93
270.555 1.98011 2.55
270.572 1.80906 2.36
269.681 1.87038 2.46
248.216 10.4142 -6.63
248.107 10.3716 -6.76
248.258 10.3297 -6.84
248.438 10.2795 -6.62
248.449 10.3171 -6.77
247.892 10.2976 -6.69
248.525 10.3568 -6.8
247.796 10.3002 -6.87
248.176 10.2674 -6.63
264.094 1.49401 -5.85
263.981 1.55384 -6.01
264.286 1.4814 -5.93
264.135 1.52327 -6.14
263.69 1.44018 -6.07
263.583 1.40508 -6.1
263.431 1.32567 -5.96
263.124 1.50433 -5.92
32.1843 0.585136 4
32.043 0.543359 4.03
32.3372 0.668311 4.08
32.4846 0.615156 4.03
31.7877 0.675166 4.12
31.7139 0.642987 4.06
31.4634 0.558587 4.17
32.9386 0.614602 3.98
31.2639 0.541082 4.12
33.1899 0.585254 3.84
35.0589 0.191175 -3.63
35.0175 0.275663 -3.57
34.9115 0.24433 -3.61
35.1536 0.298623 -3.7
34.9859 0.0452474 -3.65
34.8534 0.268602 -3.54
35.3487 0.183561 -3.64
34.8031 0.0879577 -3.48
34.7481 0.123521 -3.55
34.6953 0.16661 -3.62
30.9226 8.7612 4.33
30.5134 8.80607 4.41
31.5873 8.70203 4.31
32.5538 8.91168 4.36
269.415 1.96456 2.37
268.702 1.8506 2.35
268.626 1.8109 2.24
267.973 1.79395 2.26
33.3135 0.563052 3.92
34.0358 9.2253 -3.51
34.312 9.16876 -3.47
34.3287 9.22897 -3.47
33.758 9.04305 -3.56
34.3701 9.14449 -3.49
34.5033 9.27367 -3.62
34.5355 9.27282 -3.39
34.5913 9.12351 -3.54
34.601 9.27489 -3.52
34.6423 9.19041 -3.46
34.0667 9.10318 -3.39
247.504 10.3003 -6.74
247.634 10.3044 -6.75
247.05 10.3008 -6.74
246.796 10.2051 -6.92
33.7206 0.510657 3.85
34.0946 0.572856 3.98
34.2941 0.59036 3.88
36.0945 0.18292 -3.84
36.2482 0.152346 -3.83
36.343 0.259793 -3.73
36.4964 0.111707 -3.88
35.7008 0.166728 -3.69
36.5951 0.116696 -3.8
36.6048 0.268079 -3.76
36.644 0.176065 -3.68
35.4413 0.283482 -3.63
253.965 10.0926 2
254.851 10.1262 2.1
255.14 10.1186 2.1
252.553 9.9136 1.71
255.692 10.1192 2.1
252.108 9.94426 1.62
251.649 9.926 1.69
251.531 9.97078 1.8
36.8789 0.204014 -3.9
36.9752 0.0839633 -3.87
36.0427 0.229773 -3.64
35.1348 9.21159 -3.55
35.0308 9.18778 -3.57
35.1641 9.31696 -3.49
34.9044 9.31621 -3.46
34.7515 9.23303 -3.5
35.7309 9.13906 -3.53
262.78 1.43376 -6.1
262.636 1.38069 -6.13
262.405 1.48531 -6.18
262.286 1.40505 -6.05
37.092 0.270443 -3.75
37.1469 0.23488 -3.76
37.2914 0.287947 -3.79
269.322 1.86464 2.3
267.23 1.80588 2.11
34.3596 0.592432 3.87
34.3816 0.671464 3.94
34.6148 0.460624 3.83
34.718 0.598179 3.93
34.7232 0.616996 3.91
34.9785 0.485189 3.74
33.7305 0.779552 3.97
35.9432 9.31924 -3.73
35.8911 9.24858 -3.64
36.0086 9.32131 -3.58
35.9107 9.20257 -3.52
35.7879 9.11103 -3.64
36.1725 9.21086 -3.53
36.2691 9.20832 -3.58
36.5807 9.16223 -3.72
36.722 9.204 -3.67
33.0677 8.77687 4.25
33.4947 8.79597 4.22
33.6452 8.75411 4.1
34.0494 8.80794 4.2
34.2 8.76607 4.2
31.1875 8.78077 4.47
31.1561 8.66787 4.31
246.478 10.3462 -6.88
246.242 10.3107 -6.8
246.698 10.2039 -6.94
246.765 10.3272 -6.82
246.201 10.1639 -6.95
246.749 10.2708 -6.66
245.952 10.3183 -6.81
37.6776 0.160283 -3.97
37.7813 0.0665765 -4.03
37.6475 0.168656 -3.79
37.4886 0.180413 -3.89
37.8347 0.258511 -3.85
37.9614 0.247601 -3.94
37.4577 0.302534 -3.81
37.9666 0.266418 -3.8
37.9831 0.20912 -3.79
38.2261 0.149664 -3.91
38.2637 0.285148 -3.94
38.2742 0.322782 -3.85
246.503 10.319 -6.82
247.282 10.3212 -6.92
36.7749 9.16091 -3.63
36.7689 9.25585 -3.67
36.9464 9.19432 -3.72
36.9917 9.00737 -3.71
37.1595 9.26075 -3.78
35.3591 0.687481 3.75
35.3591 0.687481 3.74
35.4306 0.594621 3.7
35.1243 0.659532 3.83
35.8055 0.543071 3.79
35.8138 0.573179 3.83
36.0125 0.704432 3.83
36.0217 0.62079 3.7
38.3352 0.192287 -3.99
38.4588 0.170086 -3.88
38.5274 0.183448 -3.86
37.233 9.17541 -3.82
37.3409 9.09676 -3.67
37.4333 9.07917 -3.86
37.4951 9.30121 -3.7
37.5645 9.20082 -3.8
36.4288 0.568395 3.62
36.6605 0.585053 3.59
37.8503 9.29567 -3.69
37.921 9.31656 -3.79
37.9747 9.15972 -3.83
38.0145 9.30273 -3.74
36.1856 0.510338 3.7
36.9984 0.750557 3.71
37.4178 0.62581 3.65
262.234 1.45191 -6.03
262.04 1.45322 -6.2
262.029 1.29807 -6.17
261.763 1.39224 -6
261.441 1.4007 -6.02
245.697 10.3363 -6.85
245.755 10.1946 -7.02
245.427 10.298 -6.79
245.758 10.2059 -7.09
245.306 10.2139 -7.11
245.139 10.3131 -6.84
38.5857 9.25739 -3.86
38.5805 9.23858 -3.85
38.4902 9.2637 -3.8
38.4765 9.21477 -3.93
38.491 9.14995 -3.75
38.8258 9.30416 -3.77
38.8567 9.18204 -3.85
38.8567 9.18204 -3.89
38.8431 9.13311 -3.77
38.9514 9.28949 -3.89
38.4451 0.587447 3.52
38.6854 0.751726 3.62
39.0698 9.24847 -3.87
39.0501 9.29447 -3.8
39.1677 9.36721 -3.83
39.0892 9.08495 -4.06
39.2941 9.23878 -3.87
39.3918 9.24001 -3.96
39.4062 9.17518 -3.83
39.5423 9.19814 -3.86
39.5214 9.12287 -4.03
39.6839 9.35743 -3.83
39.857 9.16334 -4.04
39.9994 9.20888 -4.06
40.2936 9.33383 -3.95
40.5044 9.27522 -4.05
40.445 9.17822 -4.1
40.3486 9.29827 -3.98
40.4149 9.18659 -3.93
40.7444 9.32199 -3.98
40.2528 9.18706 -3.97
40.8604 9.15593 -4.15
40.1552 9.18583 -3.89
40.8845 9.24249 -4.17
41.1214 9.27796 -4.08
41.2149 9.26414 -4.13
41.3594 9.3172 -4.06
40.517 8.8541 3.69
42.0948 8.81264 3.46
42.3658 8.73729 3.52
42.471 8.88237 3.62
38.5512 8.66691 3.77
42.7171 8.8342 3.51
37.8412 8.91302 3.98
37.8159 8.70519 3.83
37.5522 8.80689 3.87
3.9294 8.62122 6.66
5.19988 8.64091 6.59
3.2647 8.68038 6.82
5.42424 8.63123 6.46
6.56382 8.64678 6.35
3.41283 8.97977 -0.389999
4.40187 9.03718 -0.399998
4.36967 9.03803 -0.439999
4.44559 9.07773 -0.419998
4.48173 8.97443 -0.399998
4.72573 8.91874 -0.470001
4.83409 9.07511 -0.459999
7.26595 8.60559 6.33
6.86095 8.66551 6.39
7.77617 8.69075 6.31
7.81779 8.72377 6.44
8.02541 8.65387 6.26
8.14503 8.73413 6.29
1.14096 0.460588 6.92
1.0611 0.523341 6.82
1.01425 0.471499 6.82
0.877316 0.562288 6.99
0.81581 0.457758 6.88
4.94011 9.10644 -0.48
5.06577 9.09177 -0.470001
5.18097 9.03946 -0.540001
7.40522 8.63984 6.41
8.53039 8.72021 6.2
8.62072 8.69509 6.27
6.81145 8.8374 6.46
1.71663 0.547819 6.85
5.19981 9.1072 -0.529999
5.18017 9.15321 -0.48
5.39092 9.0946 -0.599998
5.43624 8.90765 -0.529999
5.53099 9.0151 -0.610001
5.73571 9.05142 -0.579998
5.75769 9.13045 -0.66
261.184 1.52498 -6.06
261.136 1.35187 -6.22
260.938 1.45564 -6.1
260.763 1.41094 -6.21
260.646 1.45573 -6.09
260.391 1.47378 -6.14
1.37714 0.143527 -0.119999
1.49837 -0.00371321 -0.149998
1.65334 0.0869885 -0.139999
261.222 1.42921 -6.04
261.007 1.35525 -6.25
262.021 1.38548 -5.98
1.84759 0.0856759 -0.209999
1.94081 -0.0456647 -0.200001
245.033 10.2818 -6.82
244.847 10.3132 -6.87
245.049 10.3382 -7.04
244.555 10.3095 -6.87
244.482 10.2811 -7.04
245.689 10.3062 -6.8
6.58126 0.545111 6.42
249.878 9.97253 1.65
249.413 9.93545 1.57
248.508 9.94784 1.37
248.435 9.91567 1.64
260.389 1.46626 -6.12
260.238 1.39061 -6.31
260.104 1.49269 -6.15
259.842 1.48064 -6.11
259.733 1.55553 -6.38
265.822 1.87321 2.16
265.724 1.87198 2.12
265.79 1.76031 2.13
265.308 1.77676 2.09
265.182 1.90518 2.04
264.988 1.79275 2.06
264.98 1.88015 2.04
264.92 1.8969 2.09
11.292 8.96989 -1.21
11.5095 9.16888 -1.18
244.102 10.3138 -6.91
244.008 10.3277 -6.94
244.082 10.3598 -7.02
244.181 10.3648 -7.06
244.293 10.3012 -6.86
243.883 10.2286 -7.07
243.743 10.3081 -6.89
243.484 10.3073 -6.91
11.53 9.00912 -1.19
11.7347 9.04545 -1.17
11.7836 9.10482 -1.34
13.6629 8.63086 5.85
259.594 1.40753 -6.17
259.325 1.49041 -6.11
259.108 1.29142 -6.45
258.818 1.29903 -6.17
8.10097 0.527929 6.16
8.38764 0.509025 6.18
9.19893 0.510455 5.98
264.381 1.94139 2.01
264.357 1.85483 2.06
264.331 1.76074 1.95
265.691 1.86907 2.05
11.8813 9.10604 -1.25
11.9936 9.15995 -1.23
243.282 10.2823 -6.89
242.902 10.315 -6.95
242.609 10.3113 -6.96
5.56507 -0.0764393 -0.68
258.564 1.4346 -6.21
258.812 1.39396 -6.33
258.257 1.382 -6.41
257.821 1.32902 -6.24
257.788 1.3261 -6.4
259.361 1.50086 -6.43
258.759 1.55456 -6.23
259.588 1.50246 -6.14
5.78573 0.133846 -0.610001
5.84281 0.10581 -0.579998
242.319 10.319 -6.99
242.276 10.1647 -7.16
242.057 10.3107 -7
241.767 10.3183 -7.04
241.808 10.3475 -7.31
241.642 10.333 -7.17
257.53 1.45038 -6.34
256.831 1.38535 -6.53
256.826 1.36654 -6.52
256.56 1.46071 -6.35
256.382 1.40473 -6.46
16.6766 8.73743 5.63
257.187 1.26606 -6.54
6.10565 0.117859 -0.639999
6.27188 0.132446 -0.649998
241.384 10.3397 -7.04
241.505 10.3062 -7.03
241.245 10.3055 -7.05
241.404 10.2937 -7.29
241.314 10.2051 -7.43
240.956 10.3169 -7.08
240.921 10.1889 -7.36
256.219 1.40143 -6.57
255.932 1.30282 -6.58
255.842 1.32794 -6.44
255.82 1.36642 -6.53
240.625 10.2914 -7.05
240.666 10.3245 -7.1
240.398 10.2936 -7.08
240.685 10.2747 -7.28
240.434 10.1903 -7.31
240.112 10.3125 -7.15
239.992 10.2323 -7.37
6.1719 0.00618176 -0.68
255.585 1.45222 -6.49
255.186 1.30346 -6.62
255.162 1.33065 -6.57
254.751 1.37176 -6.52
17.6447 8.71958 5.47
260.963 1.8985 1.95
261.18 1.74496 1.89
260.832 1.77684 1.72
260.258 1.81089 1.71
261.898 1.76021 1.81
261.906 1.79032 1.78
259.961 1.79216 1.71
259.925 1.89546 1.83
262.21 1.83163 1.85
260.856 1.8634 1.83
254.326 1.24266 -6.67
254.122 1.44137 -6.69
253.962 1.33185 -6.69
253.88 1.38707 -6.48
253.767 1.44691 -6.61
259.245 1.78443 1.91
258.942 1.74312 1.65
258.305 1.78638 1.87
17.8908 8.67142 5.41
238.871 10.2844 -7.15
238.742 10.2878 -7.18
239.007 10.3074 -7.2
238.903 10.2836 -7.4
239.027 10.2614 -7.36
238.447 10.2766 -7.16
239.297 10.2998 -7.16
238.519 10.1838 -7.38
238.54 10.259 -7.49
239.319 10.2613 -7.41
254.581 1.45963 -6.66
253.135 1.50899 -6.74
258.075 1.77725 1.69
258.009 1.88893 1.74
14.2042 9.17769 -1.48
13.6743 9.13854 -1.44
237.848 10.3379 -7.29
237.876 10.322 -7.33
237.605 10.2798 -7.26
238.098 10.1872 -7.28
238.16 10.2918 -7.23
238.136 10.2052 -7.51
237.45 10.1891 -7.44
237.316 10.2912 -7.29
237.327 10.2151 -7.46
252.849 1.41414 -6.57
253.491 1.3897 -6.77
253.533 1.30521 -6.77
252.178 1.2157 -6.9
252.025 1.36379 -6.67
251.926 1.3588 -6.89
257.299 1.78626 1.7
257.274 1.81345 1.68
257.02 1.83151 1.53
256.955 1.82944 1.5
256.46 1.80073 1.69
17.9895 8.6764 5.47
18.1602 8.82356 5.45
18.5403 8.79082 5.5
237.149 10.2728 -7.31
237.053 10.2791 -7.29
237.097 10.3197 -7.48
236.797 10.2897 -7.34
236.829 10.2888 -7.53
236.798 10.1759 -7.46
243.751 9.86814 1.51
241.699 9.83864 1.2
246.265 9.92719 1.36
246.358 9.91336 1.36
239.628 9.85515 1.24
239.518 9.92628 1.08
251.844 1.29651 -6.8
251.565 1.34553 -6.91
252.615 1.3862 -6.87
251.396 1.31965 -6.99
252.719 1.17874 -6.8
251.232 1.31259 -6.73
15.7194 9.02795 -1.67
256.401 1.70373 1.37
256.184 1.85727 1.56
236.323 10.3362 -7.25
236.209 10.2748 -7.35
236.502 10.2785 -7.34
236.488 10.2295 -7.53
236.146 10.284 -7.55
236.291 10.3371 -7.65
235.924 10.3012 -7.47
15.8472 9.0208 -1.71
15.7404 9.10322 -1.58
251.12 1.37619 -6.73
250.718 1.32989 -6.78
250.63 1.3663 -6.95
250.456 1.3216 -6.76
250.469 1.25301 -6.98
235.509 10.3235 -7.42
235.624 10.2712 -7.4
235.359 10.2516 -7.39
235.644 10.2252 -7.61
235.099 10.2509 -7.41
235.111 10.1747 -7.64
235.065 10.1267 -7.58
234.939 10.1413 -7.53
250.393 1.32706 -6.81
250.071 1.33552 -6.98
251.013 1.34109 -6.93
249.6 1.39337 -6.95
234.749 10.2752 -7.55
234.553 10.269 -7.52
234.283 10.2306 -7.44
234.261 10.2691 -7.61
249.326 1.45743 -6.8
249.439 1.3976 -7.11
248.786 1.38065 -6.92
248.808 1.22842 -7
248.698 1.29955 -7.01
248.614 1.34724 -6.9
249.571 1.28799 -6.87
249.501 1.38838 -7.1
249.057 1.30529 -7.03
250.163 1.31793 -6.75
254.771 1.79204 1.61
255.115 1.86261 1.57
255.262 1.80945 1.6
255.38 1.88218 1.51
254.024 1.90643 1.47
255.661 1.84446 1.57
255.712 1.67633 1.38
253.741 1.81911 1.43
234.062 10.2516 -7.42
233.985 10.2081 -7.42
234.097 10.262 -7.7
233.719 10.3023 -7.6
233.682 10.1706 -7.61
233.403 10.2158 -7.49
248.524 1.37236 -6.9
248.425 1.36737 -7.11
248.365 1.38412 -7.11
248.239 1.39879 -6.97
248.059 1.33528 -7.09
10.3491 0.0973546 -1.06
253.46 1.74308 1.27
253.213 1.905 1.49
253.137 1.74778 1.22
252.945 1.87413 1.57
254.576 1.9071 1.46
252.882 1.76584 1.41
233.182 10.2368 -7.49
233.14 10.2038 -7.5
233.154 10.2527 -7.67
233.188 10.1419 -7.68
232.917 10.2172 -7.81
232.763 10.2478 -7.74
232.558 10.2115 -7.7
247.704 1.34083 -6.9
247.797 1.20948 -7.11
247.98 1.39804 -6.95
247.395 1.39445 -6.96
247.471 1.43415 -7.2
247.341 1.20251 -7.19
247.137 1.40121 -7
253.473 1.90575 1.49
252.151 1.70165 1.3
252.077 1.66947 1.21
232.071 10.3266 -7.63
231.902 10.3007 -7.71
232.324 10.1835 -7.52
232.332 10.2136 -7.5
232.26 10.3065 -7.88
231.624 10.1185 -7.82
231.566 10.1428 -7.76
232.19 10.1681 -7.76
231.309 10.267 -7.59
230.897 10.1869 -7.82
230.651 10.1175 -7.69
230.678 10.2154 -7.92
230.621 10.1259 -7.84
230.446 10.3125 -7.56
230.094 10.098 -7.86
229.892 10.1868 -7.59
230.009 10.142 -7.91
231.228 10.2085 -7.82
244.705 1.40445 -7.11
244.65 1.44001 -7.14
244.757 1.3576 -7.29
244.745 1.31244 -7.29
244.935 1.41358 -7.07
244.391 1.43925 -7.15
245.222 1.39468 -7.01
245.246 1.36749 -7.26
244.124 1.41215 -7.1
245.222 1.28093 -7.36
249.934 1.77884 1.26
250.705 1.75101 1.15
251.05 1.94286 1.38
251.297 1.78095 1.27
229.24 10.1773 -7.86
229.233 10.151 -7.95
235.987 9.94322 1.1
234.988 9.73442 0.920002
237.529 9.77381 0.940002
234.421 9.91232 1.06
231.885 9.77424 0.690002
231.849 9.87755 0.920002
231.233 9.76105 0.880001
11.318 -0.0342477 -1.28
11.3004 0.0192863 -1.22
11.3849 0.206612 -1.25
11.6091 0.079414 -1.2
11.7318 0.170962 -1.3
10.8821 0.147797 -1.16
236.201 9.77839 1.08
244.091 1.29549 -7.08
243.841 1.44611 -7.19
243.576 1.42653 -7.14
243.366 1.37139 -7.37
249.133 1.81505 1.33
249.492 1.70328 1.04
249.686 1.70197 1.01
249.833 1.64882 0.970001
250.043 1.82147 1.08
248.06 1.68782 0.91
247.912 1.73721 0.970001
243.277 1.28276 -7.14
243.34 1.27731 -7.35
242.994 1.43423 -7.18
243.231 1.23469 -7.52
242.946 1.26112 -7.48
242.905 1.3456 -7.43
242.735 1.43348 -7.22
228.128 10.2596 -7.74
227.548 10.3886 -7.76
227.552 10.1724 -7.91
227.552 10.1724 -7.96
228.733 10.1035 -7.96
227.247 10.3586 -7.71
230.991 9.94179 0.959999
242.118 1.43073 -7.26
242.183 1.4328 -7.23
241.931 1.45839 -7.33
242.372 1.29516 -7.19
242.445 1.44109 -7.22
242.345 1.31483 -7.47
241.834 1.34342 -7.44
242.286 1.21782 -7.52
241.807 1.24557 -7.45
241.666 1.43881 -7.3
246.414 1.83342 1.16
246.447 1.71883 0.880001
245.469 1.81656 1.07
245.24 1.69368 0.799999
244.945 1.68248 0.830002
244.576 1.6391 0.959999
244.525 1.80722 0.990002
226.39 10.3091 -7.79
226.395 10.3279 -7.76
226.388 10.184 -8.01
226.127 10.297 -7.72
226.599 10.1254 -7.88
226.139 10.2209 -7.97
226.603 10.258 -8.09
225.868 10.2963 -7.78
225.858 10.1449 -7.7
226.858 10.1262 -8.1
227.114 10.2294 -8.03
227.147 10.2323 -7.94
16.592 0.501974 5.36
16.7124 0.468482 5.41
240.467 1.32626 -7.33
240.429 1.30829 -7.51
240.816 1.41565 -7.26
240.758 1.2049 -7.57
240.788 1.19652 -7.57
240.038 1.29962 -7.56
239.907 1.29548 -7.57
241.087 1.45781 -7.33
246.281 1.70424 0.869999
244.463 1.69893 0.810001
244.035 1.67606 0.779999
225.603 10.2767 -7.8
225.598 10.2579 -7.71
225.567 10.2663 -8
225.311 10.2768 -7.79
225.364 10.1162 -8.1
225.284 10.0652 -8.09
228.641 9.8898 0.91
228.354 9.90494 0.84
228.204 9.83305 0.850002
239.53 1.3395 -7.39
239.458 1.43236 -7.37
239.715 1.42183 -7.35
239.379 1.38137 -7.58
239.171 1.4475 -7.43
239.978 1.43388 -7.33
239.101 1.31287 -7.7
238.79 1.24521 -7.49
243.788 1.72046 0.950001
243.712 1.68075 0.720001
243.353 1.67501 0.709999
16.948 0.382682 5.21
17.1957 0.573304 5.35
224.849 10.2472 -7.81
224.718 10.2431 -7.79
225.018 10.2731 -7.83
225.007 10.2355 -8.1
224.54 10.1871 -8.05
224.431 10.262 -7.9
224.229 10.1194 -7.89
227.497 9.85543 0.830002
21.3778 9.0802 -2.28
16.9276 0.542438 5.39
238.749 1.21219 -7.62
238.662 1.13485 -7.72
238.586 1.44392 -7.45
238.319 1.41681 -7.4
238.282 1.16758 -7.66
242.952 1.74622 0.66
242.861 1.77134 0.93
242.667 1.77265 0.720001
21.3781 9.19771 -2.27
21.4207 9.2345 -2.22
21.4299 9.15086 -2.2
20.9346 9.2359 -2.12
223.903 10.2304 -7.92
223.885 10.0489 -8.14
223.633 10.192 -7.87
223.494 10.1577 -7.9
237.781 1.34755 -7.49
237.51 1.42291 -7.49
238.056 1.40476 -7.41
237.507 1.29787 -7.65
237.38 1.19127 -7.77
237.243 1.39581 -7.42
242.045 1.63734 0.670002
241.993 1.68043 0.670002
21.6655 9.06506 -2.32
223.346 10.2109 -7.96
223.439 10.1933 -8.11
223.465 10.0523 -8.18
223.081 10.1913 -7.95
223.142 10.1746 -8.19
222.835 10.122 -7.91
236.975 1.36494 -7.57
236.917 1.27546 -7.79
236.698 1.42148 -7.55
237.23 1.23313 -7.52
236.646 1.35082 -7.74
236.963 1.44105 -7.58
21.9454 9.25484 -2.21
222.488 10.1576 -7.96
222.575 10.1212 -8.23
222.188 10.1276 -7.93
236.363 1.2635 -7.59
236.338 1.29069 -7.72
236.105 1.38778 -7.5
236.344 1.19576 -7.89
236.061 1.34723 -7.86
235.851 1.40584 -7.57
241.381 1.69651 0.799999
240.804 1.72302 0.639999
240.64 1.71596 0.84
240.527 1.54077 0.639999
242.452 1.6987 0.66
240.241 1.68096 0.600002
222.098 10.1527 -7.91
221.903 10.154 -8.06
222.155 10.1247 -8.15
222.079 10.085 -8.19
221.783 10.1875 -8.2
221.707 10.1478 -8.19
222.786 10.1801 -7.96
226.89 9.77281 0.560001
226.677 9.82389 0.77
225.655 9.76356 0.540001
225.534 9.79705 0.66
240.203 1.65922 0.600002
239.881 1.66768 0.779999
239.703 1.6117 0.540001
234.69 1.31502 -7.74
234.761 1.33591 -7.83
234.705 1.2502 -7.88
234.771 1.37354 -7.6
234.427 1.30297 -7.94
235.036 1.39312 -7.61
235.116 1.33037 -7.86
234.195 1.40006 -7.71
235.171 1.2948 -7.89
239.479 1.62138 0.5
239.208 1.58299 0.560001
239.075 1.68507 0.690002
220.633 10.1343 -8.1
220.321 10.0629 -8.2
221.141 10.0944 -8.31
221.218 10.1379 -8.31
219.966 10.186 -8.27
219.904 10.0777 -8.15
221.408 10.2391 -8.18
219.876 10.0936 -8.32
219.695 10.2613 -8.1
19.4445 0.495267 5.09
19.3706 0.463088 5.15
19.9369 0.516447 5.21
20.0128 0.556153 5.09
234.125 1.26543 -7.64
234.048 1.33947 -7.85
233.895 1.37004 -7.65
234.199 1.18009 -7.89
234.483 1.38492 -7.63
233.745 1.29816 -7.91
233.638 1.38057 -7.71
238.06 1.76859 0.600002
237.643 1.55209 0.440002
23.4931 9.22176 -2.45
219.613 10.199 -8.33
219.026 10.1879 -8.04
218.729 10.0517 -8.35
219.454 10.2108 -8.4
220.745 10.0707 -8.27
233.311 1.2527 -7.68
233.113 1.36024 -7.72
233.188 1.16116 -7.92
233.593 1.10123 -7.95
232.832 1.28045 -7.98
232.666 1.15211 -7.92
238.676 1.65006 0.52
237.273 1.73997 0.66
237.194 1.57146 0.490002
236.883 1.61756 0.450001
236.514 1.69169 0.690002
218.483 10.0998 -8.39
218.267 10.1396 -8.12
218.249 10.3107 -8.15
218.215 10.069 -8.38
232.228 1.32663 -7.85
232.266 1.3446 -7.74
231.984 1.38232 -7.88
232.119 1.16649 -8.03
232.559 1.34828 -7.74
232.553 1.21195 -8.07
231.679 1.33349 -7.78
231.451 1.33188 -7.73
20.4034 0.561055 5.04
236.328 1.60559 0.48
236.261 1.83102 0.639999
235.943 1.61951 0.369999
218.149 10.0669 -8.37
217.856 10.1807 -8.39
217.664 10.3071 -8.23
217.463 10.1645 -8.16
231.419 1.33273 -7.83
231.457 1.23695 -8.03
231.33 1.2441 -8.04
231.204 1.14126 -8.09
230.864 1.32076 -7.83
235.694 1.66015 0.600002
234.902 1.60895 0.470001
17.0276 0.202417 -1.81
217.428 10.0404 -8.46
217.123 10.2265 -8.16
217.244 10.0793 -8.42
216.913 10.1714 -8.38
216.831 10.2266 -8.21
216.799 10.11 -8.17
230.63 1.29282 -7.87
230.599 1.30119 -7.81
230.342 1.30796 -7.87
230.761 1.18321 -8.14
230.299 1.15366 -8.12
231.129 1.34034 -7.86
230.05 1.30804 -7.91
234.866 1.5985 0.310001
21.3414 0.551574 5.03
216.748 10.0431 -8.39
216.568 10.2146 -8.22
216.303 10.195 -8.24
217.386 10.2386 -8.12
229.902 1.24369 -7.89
229.76 1.31566 -7.96
230.02 1.31642 -8.08
229.853 1.18432 -8.13
229.667 1.21574 -8.14
230.447 1.21801 -8.07
233.893 1.59754 0.350002
233.368 1.57721 0.25
233.193 1.64626 0.299999
215.935 10.1516 -8.25
215.741 10.1567 -8.24
215.443 10.1342 -8.26
215.277 10.1196 -8.17
229.124 1.24517 -7.86
228.935 1.2653 -7.94
228.886 1.20593 -8.17
228.679 1.27583 -7.99
228.465 1.32315 -8.11
228.386 1.27216 -8
215.025 10.2627 -8.27
215.175 10.1033 -8.25
214.664 10.1319 -8.45
214.525 10.0977 -8.57
215.64 10.1404 -8.46
214.312 10.1488 -8.45
215.753 10.0806 -8.38
228.164 1.29313 -8
228.124 1.26387 -8.03
228.386 1.15841 -8.16
227.823 1.23009 -7.96
227.889 1.11841 -8.14
227.821 1.10881 -8.27
227.697 1.24476 -8.17
227.3 1.33479 -8
227.254 1.28671 -8.19
227.531 1.23018 -8.01
227.547 1.17288 -7.99
227.157 1.16798 -8.25
227.613 1.17495 -8.21
226.714 1.20993 -8.06
227.266 1.2106 -8.01
30.2212 8.68864 4.26
232.291 1.66995 0.369999
231.6 1.63503 0.260002
231.532 1.62166 0.400002
231.245 1.64057 0.170002
213.705 10.0661 -8.34
213.689 10.1234 -8.5
213.678 10.0858 -8.58
214.218 10.1626 -8.45
212.957 10.0593 -8.29
226.454 1.32292 -8.03
226.67 1.16938 -8.06
226.186 1.1783 -8.06
226.733 1.16016 -8.25
226.197 1.21594 -8.33
226.006 1.22854 -8.31
225.831 1.18385 -8.06
226.451 1.19788 -8.09
26.4503 9.12511 -2.72
26.631 9.07487 -2.65
26.6686 9.21035 -2.66
232.158 1.54077 0.260002
230.721 1.62023 0.41
230.581 1.58598 0.190002
232.584 1.67362 0.25
212.35 10.0904 -8.55
212.144 10.2853 -8.3
212.098 10.1197 -8.3
218.924 9.70535 0.470001
218.892 9.70619 0.200001
218.392 9.77242 0.59
217.989 9.72612 0.260002
216.23 9.69654 0.18
214.978 9.74458 0.170002
214.222 9.70759 0.209999
223.767 9.74112 0.450001
224.694 9.69024 0.540001
26.7153 9.14468 -2.75
26.7642 9.20405 -2.74
26.7964 9.20321 -2.71
26.4171 9.12219 -2.63
231.193 1.56991 0.220001
229.866 1.57825 0.299999
229.698 1.5599 0.100002
231.958 1.63701 0.209999
229.473 1.80085 0.420002
19.8676 0.150549 -2.09
20.1686 0.0668201 -2.31
211.876 10.2545 -8.31
212.074 10.0332 -8.55
211.863 10.0918 -8.6
211.743 10.1253 -8.59
211.586 10.2621 -8.41
212.795 10.0597 -8.51
211.317 10.1099 -8.35
224.816 1.26737 -8.14
225.042 1.14394 -8.14
225.063 1.10546 -8.14
224.637 1.20386 -8.37
224.273 1.17929 -8.31
224.186 1.2157 -8.37
225.123 1.20246 -8.36
225.041 1.25768 -8.45
225.544 1.08524 -8.31
229.346 1.57673 0.0400009
229.166 1.62697 0.0699997
228.969 1.62076 0.279999
211.018 10.2012 -8.36
210.997 10.1259 -8.6
210.888 10.0833 -8.59
210.778 10.1544 -8.32
224.09 1.222 -8.12
223.331 1.17372 -8.15
228.171 1.55074 0.139999
227.726 1.5814 -0.079998
227.286 1.51713 0.139999
210.568 10.0993 -8.36
210.491 10.1733 -8.41
210.223 10.1425 -8.43
210.218 10.1236 -8.61
210.269 9.95551 -8.7
210.032 10.1551 -8.66
32.9805 8.81327 4.32
223.106 1.29715 -8.24
222.822 1.20984 -8.48
222.707 1.1484 -8.48
222.261 1.29281 -8.27
222.13 1.28866 -8.45
222.519 1.17229 -8.16
227.28 1.61206 0.18
226.842 1.66907 -0.0200005
226.755 1.70548 0.279999
209.782 10.0707 -8.48
209.631 10.1125 -8.46
209.933 10.1501 -8.52
209.956 10.1153 -8.69
209.453 10.0565 -8.67
209.465 9.98042 -8.73
221.301 1.10574 -8.44
221.71 1.17839 -8.23
221.722 1.10227 -8.46
25.4976 0.567478 4.54
226.479 1.64827 0.240002
226.465 1.71309 0.23
226.195 1.6747 0.27
225.908 1.6936 0.190002
208.908 10.196 -8.41
209.07 10.1955 -8.72
208.349 10.0514 -8.52
208.404 10.0159 -8.73
209.153 10.0265 -8.42
209.144 10.1102 -8.74
220.761 1.26398 -8.34
25.9432 0.536817 4.57
26.0078 0.652638 4.59
26.2435 0.566837 4.6
225.637 1.65144 0.119999
225.678 1.56696 -0.0400009
207.444 10.1776 -8.56
220.24 1.14119 -8.25
220.156 1.07137 -8.64
219.983 1.26547 -8.36
219.88 1.12791 -8.62
219.82 1.14466 -8.55
225.345 1.65153 0.200001
225.331 1.60261 -0.0599976
225.082 1.63948 0.190002
225.061 1.56421 0.209999
224.826 1.65001 0.130001
224.811 1.71484 0.150002
26.4513 0.614449 4.65
26.5904 0.531187 4.42
26.7192 0.527803 4.47
206.668 10.0728 -8.79
206.353 10.2214 -8.47
206.324 10.116 -8.75
206.283 10.0868 -8.5
206.141 10.1587 -8.9
219.515 1.2171 -8.53
219.486 1.11172 -8.37
219.255 1.33009 -8.24
219.231 1.24353 -8.55
220.838 1.18994 -8.5
224.766 1.55301 -0.0999985
224.274 1.64934 0.0400009
224.539 1.66892 0.0400009
218.799 1.32311 -8.36
218.657 1.16383 -8.5
218.757 1.05507 -8.66
30.3387 9.22766 -3.07
219.064 1.34269 -8.34
224.123 1.69121 0.150002
223.336 1.65882 -0.0499992
206.063 10.229 -8.55
205.793 10.1906 -8.52
205.682 10.0267 -8.55
205.718 10.0372 -8.78
205.523 10.1522 -8.51
27.1783 0.546067 4.45
27.2474 0.794453 4.51
27.4132 0.574015 4.5
27.4838 0.594904 4.52
218.545 1.22742 -8.57
218.587 1.14294 -8.63
218.506 1.31944 -8.41
218.237 1.1673 -8.63
218.206 1.28942 -8.36
35.1008 8.85613 4.13
35.7956 8.7886 4.03
223.981 1.64567 0.0200005
224.43 1.51255 -0.0999985
222.027 1.61739 0.0800018
205.394 10.1556 -8.7
205.256 10.1251 -8.5
204.999 10.0181 -8.58
204.859 10.0976 -8.84
26.9074 0.621422 4.39
27.5668 0.543441 4.37
27.7716 0.579763 4.46
205.527 10.0498 -8.83
205.202 10.0469 -8.78
217.785 1.29289 -8.46
217.946 1.28866 -8.4
217.887 1.07791 -8.6
217.951 1.07245 -8.65
217.449 1.25242 -8.6
217.557 1.05626 -8.63
217.416 1.24951 -8.39
218.002 1.13935 -8.45
204.747 10.1612 -8.68
204.663 10.0914 -8.92
204.598 9.9756 -8.91
204.373 10.099 -8.69
204.253 10.0188 -8.63
204.665 10.0989 -8.6
217.154 1.24122 -8.46
217.121 1.2383 -8.42
217.31 1.21817 -8.61
216.854 1.2112 -8.42
217.032 1.03593 -8.74
216.758 1.2175 -8.67
216.679 1.04899 -8.44
221.265 1.56158 -0.0599976
219.975 1.5879 -0.360001
219.904 1.4495 -0.360001
204.094 10.0305 -8.58
204.239 10.0836 -8.85
204.032 10.0398 -8.88
203.808 10.0494 -8.71
28.3645 0.495947 4.35
209.991 9.77326 0.260002
209.384 9.69063 0.200001
209.024 9.67736 -0.0400009
211.371 9.72182 0.299999
208.506 9.80088 0.200001
211.863 9.73924 0.200001
212.212 9.82863 0.23
207.508 9.59208 -0.0999985
212.507 9.83983 0.25
207.146 9.69256 -0.0699997
216.43 1.20338 -8.48
216.556 1.18871 -8.42
216.274 1.22643 -8.57
216.465 1.21383 -8.71
216.603 1.00929 -8.66
216.001 1.17675 -8.51
216.054 1.01614 -8.77
221.762 1.59782 -0.139999
219.719 1.59843 -0.0499992
219.615 1.57462 -0.299999
219.533 1.51234 -0.32
203.55 10.0562 -8.63
202.979 9.98779 -8.85
206.682 9.65548 -0.119999
25.1605 0.288226 -2.58
25.4375 0.117938 -2.6
215.885 1.10778 -8.46
215.466 1.11878 -8.45
202.797 10.0305 -8.75
202.76 10.0163 -8.88
202.613 10.0695 -8.91
203.133 9.95722 -8.93
202.332 9.99342 -8.85
202.315 10.047 -8.93
203.365 9.97388 -8.89
202.115 10.0295 -8.71
202.055 10.0462 -8.92
206.139 9.5674 -0.18
205.689 9.70052 0.0400009
205.674 9.53032 -0.0599976
32.7299 9.19516 -3.31
32.9367 9.23901 -3.35
32.97 9.24193 -3.26
33.0145 9.16873 -3.37
36.2548 8.80686 4
36.3223 8.81646 4
36.9433 8.71674 3.91
214.919 1.25067 -8.47
214.884 1.12648 -8.58
215.171 1.10757 -8.47
215.146 1.13476 -8.67
214.871 1.07755 -8.78
215.162 1.19122 -8.83
214.556 1.11236 -8.82
214.332 1.12204 -8.49
215.571 1.02883 -8.77
29.7434 0.672013 4.21
30.2929 0.665158 4.23
218.934 1.57734 -0.149998
218.276 1.54157 -0.0499992
221.412 1.62218 -0.189999
217.859 1.67761 -0.0499992
202.042 10.1148 -8.86
33.2441 9.17786 -3.31
33.2619 9.24184 -3.36
33.3336 9.26649 -3.38
33.4127 9.31749 -3.29
33.4758 9.19452 -3.42
213.801 1.19664 -8.85
213.806 1.21546 -8.86
217.724 1.42338 -0.34
217.33 1.5247 -0.380001
201.345 10.0573 -8.7
201.036 10.1147 -8.89
201.716 10.2257 -8.7
200.907 10.1181 -8.67
201.76 10.035 -8.92
200.856 9.93364 -9.02
200.615 10.1181 -8.75
213.372 1.17 -8.67
213.063 1.22739 -8.92
212.781 1.02632 -8.83
213.961 0.957386 -8.85
214.156 1.1911 -8.76
217.308 1.67693 -0.16
217.007 1.64315 -0.149998
26.8878 0.201144 -2.82
212.835 1.10451 -8.54
213.422 1.11562 -8.81
212.165 1.14486 -8.82
212.058 1.10976 -8.59
211.894 1.22021 -8.9
211.809 1.26415 -8.64
212.305 1.06536 -8.85
211.569 1.10363 -8.92
211.435 1.0882 -8.85
216.726 1.56712 -0.0999985
216.422 1.63956 -0.239998
216.371 1.57267 -0.470001
216.027 1.50209 -0.169998
216.046 1.56983 -0.419998
215.887 1.58159 -0.18
199.205 10.0604 -8.8
198.774 9.91252 -8.97
198.619 9.93557 -9.04
198.539 9.99832 -8.87
199.889 9.95526 -8.92
200.017 10.0656 -8.77
198.334 9.962 -9.02
198.265 9.94864 -9.01
200.241 10.0559 -8.96
216.636 1.47849 -0.34
215.251 1.51111 -0.18
215.065 1.54253 -0.27
215.095 1.53415 -0.489998
197.892 10.004 -8.77
197.927 10.0144 -9.12
197.904 10.0491 -9.05
199.224 10.0144 -8.94
204.247 9.64742 -0.0599976
204.788 9.61046 -0.0999985
205.223 9.65591 -0.0499992
205.231 9.56851 -0.16
202.773 9.71268 0.0200005
202.366 9.76508 0.0499992
202.29 9.60786 -0.169998
210.339 1.22695 -8.68
210.245 1.24078 -8.69
210.508 1.25283 -8.62
210.591 1.08385 -8.61
210.67 1.13485 -8.82
210.093 1.04385 -8.9
209.943 1.20323 -8.64
209.905 1.06775 -8.93
209.702 1.1527 -8.71
209.647 1.18826 -8.68
27.6826 0.259872 -2.84
211.066 1.15857 -8.9
211.157 1.0197 -8.84
214.567 1.50253 -0.529999
214.301 1.5967 -0.27
214.231 1.57581 -0.360001
209.607 1.04525 -8.97
209.585 1.08373 -9.01
209.352 1.17706 -8.7
209.197 1.08636 -8.92
214.162 1.56245 -0.489998
213.58 1.57015 -0.259998
213.592 1.49404 -0.459999
215.026 1.52079 -0.439999
28.2923 0.236271 -2.85
28.3193 0.216607 -2.96
28.3128 0.0765146 -3.06
28.4148 0.210306 -2.92
31.184 0.603835 4.2
197.12 10.028 -8.83
197.563 9.98983 -9.02
197.572 10.0199 -9.01
196.614 10.0754 -8.78
201.536 9.69591 -0.0400009
201.391 9.64284 -0.16
200.9 9.50791 -0.130001
40.9657 8.83473 3.82
209.006 1.09896 -8.74
209.082 1.13867 -8.69
208.795 1.15757 -8.78
209.037 0.976839 -9
208.935 1.07807 -9.08
208.598 1.03384 -8.93
208.602 1.04514 -8.97
208.522 1.10789 -8.71
212.958 1.43108 -0.489998
212.831 1.5595 -0.32
212.477 1.4513 -0.559998
196.333 10.1131 -8.8
196.284 10.0538 -9.05
196.054 10.0446 -8.87
196.478 10.0525 -9.05
196.583 9.96252 -9.15
208.147 1.15944 -8.78
207.962 1.07711 -8.78
207.932 1.08548 -9
207.899 0.968815 -9.08
207.645 1.10439 -9.1
211.986 1.43388 -0.540001
211.916 1.53427 -0.52
211.611 1.48543 -0.52
195.762 10.0447 -8.72
195.408 9.93653 -9.1
196.347 10.0483 -8.8
195.088 9.95251 -8.83
195.203 9.9002 -9.16
207.459 1.13581 -8.72
207.566 1.05339 -9.06
206.979 0.924762 -9.01
206.765 1.08959 -9.11
29.0254 0.0729562 -3.1
195.052 10.0558 -9.13
195.634 9.93437 -9.17
194.354 9.99832 -9.16
194.264 10.0234 -8.9
206.62 1.15028 -8.8
206.612 1.00642 -9.05
205.906 1.15007 -8.78
211.269 1.5399 -0.380001
210.577 1.50121 -0.360001
210.323 1.63678 -0.399998
210.201 1.43149 -0.579998
194.902 9.98393 -8.96
193.548 10.0157 -8.88
193.343 10.0931 -8.81
193.161 10.0221 -9.12
206.448 0.999359 -9.06
205.21 1.09633 -8.8
29.3858 0.0862307 -3.08
29.5906 0.122552 -3.12
29.5906 0.122552 -3.03
210.033 1.6444 -0.470001
209.787 1.57505 -0.369999
209.37 1.47606 -0.610001
193.041 10.0556 -8.81
192.969 10.0309 -9.16
192.893 9.99122 -8.9
192.869 9.90467 -9.16
192.756 10.082 -8.99
205.507 1.11506 -9.07
205.729 1.09785 -9.09
205.711 0.916359 -9.09
204.567 1.23453 -8.84
204.458 1.07439 -8.89
204.469 1.11579 -9.09
29.6395 0.181921 -3.23
29.7652 0.167247 -3.15
29.9634 0.0634757 -3.23
192.483 10.0323 -8.96
192.529 9.96666 -9.2
204.415 1.0376 -9.16
204.182 1.01718 -9.16
203.999 1.17364 -8.86
205.051 1.10809 -9.12
203.896 1.03609 -9.22
203.775 1.06958 -8.87
209.077 1.47239 -0.450001
209.006 1.4515 -0.68
208.637 1.52187 -0.5
208.642 1.54068 -0.57
208.425 1.4592 -0.369999
208.323 1.44292 -0.59
203.633 1.14155 -9.11
203.431 0.999006 -9.21
204.272 1.22332 -8.88
30.3086 0.255323 -3.18
30.3532 0.182126 -3.16
30.5422 0.161996 -3.28
208.327 1.34046 -0.639999
208.935 1.54436 -0.470001
207.656 1.49456 -0.43
209.227 1.54427 -0.43
202.988 1.15471 -8.85
202.837 1.07906 -8.95
203.036 0.975287 -9.21
202.959 0.931818 -9.19
203.406 1.13994 -8.92
202.542 1.06786 -8.97
202.546 0.965396 -9.28
206.976 1.49727 -0.399998
206.32 1.47279 -0.73
190.917 10.0014 -8.91
191.059 9.92946 -9.16
191.081 9.89098 -9.18
191.453 9.94565 -9.17
190.211 10.1451 -8.93
190.169 9.87704 -9.16
190.171 10.0021 -9.23
189.938 10.0954 -8.94
38.0422 9.16932 -3.86
38.0498 9.31317 -3.71
196.392 9.74386 -0.0599976
195.727 9.568 -0.279999
197.24 9.52824 -0.27
195.447 9.61325 -0.380001
197.745 9.59458 -0.279999
197.808 9.70288 -0.0699997
194.914 9.56281 -0.32
194.342 9.72189 -0.0900002
202.296 1.11602 -8.95
202.272 1.02946 -8.94
202.321 1.08883 -9.1
202.236 1.13277 -9.14
201.925 1.06511 -9.11
201.818 1.03002 -8.86
206.012 1.41266 -0.700001
205.538 1.45923 -0.549999
205.363 1.41453 -0.73
201.035 1.01269 -9.01
189.597 10.0361 -8.89
189.632 10.0466 -8.9
189.332 10.0165 -8.94
189.551 9.87053 -9.27
188.985 9.93468 -9
189.056 9.84182 -9.28
200.367 1.06056 -9.23
200.228 1.14382 -9.19
200.159 1.13046 -9.02
199.895 1.11088 -9.24
205.095 1.61493 -0.48
204.855 1.45441 -0.5
204.815 1.42515 -0.709999
204.803 1.61501 -0.549999
204.658 1.44443 -0.66
204.494 1.55489 -0.450001
188.194 10.0085 -8.99
188.234 9.9165 -9.34
199.563 1.20299 -9.02
199.55 1.15406 -9.29
199.476 1.12188 -8.96
199.471 1.10306 -9.24
204.402 1.45496 -0.799999
204.164 1.41573 -0.5
187.708 10.0099 -9.23
188.774 9.99329 -9.11
188.802 9.97739 -9.21
187.498 10.0685 -9.01
199.263 1.17296 -9.02
199.176 1.09186 -9.3
199.748 0.932777 -9.3
198.97 1.16929 -9.12
203.906 1.54001 -0.579998
203.634 1.49409 -0.559998
187.911 10.0387 -9.22
186.842 10.0441 -9.04
186.795 10.1097 -9
193.007 9.70013 -0.239998
194.069 9.67221 -0.0900002
191.154 9.57062 -0.59
191.069 9.61456 -0.239998
190.967 9.71579 -0.200001
190.695 9.66987 -0.169998
198.769 1.14426 -9.01
198.692 1.10079 -9.02
198.787 1.09449 -9.24
198.425 1.07369 -9.03
198.742 0.932659 -9.38
198.302 0.982138 -8.98
198.315 1.03106 -9.35
32.5533 0.162232 -3.32
186.602 9.99729 -9.18
186.865 9.89182 -9.29
187.023 9.88007 -9.21
187.081 9.85203 -9.07
186.5 10.0985 -9.08
186.384 9.91204 -8.99
187.297 9.92975 -9.29
186.329 9.9476 -9.24
187.685 9.80961 -9.21
198.041 1.09513 -9.15
198.069 1.07923 -9.26
198.16 1.05411 -9.06
197.763 1.02663 -9.33
197.769 0.931695 -9.34
37.4615 0.666362 3.68
197.865 1.04291 -9.12
202.691 1.48475 -0.559998
202 1.44983 -0.579998
201.997 1.43854 -0.84
201.844 1.47287 -0.869999
201.448 1.33164 -0.829998
186.14 10.0852 -9.08
186.211 9.99238 -9.23
185.916 9.98118 -9
185.651 9.96161 -9.07
185.629 9.99632 -9.29
186.007 9.95606 -9.36
197.314 1.16351 -9.06
196.593 1.13696 -9.12
201.308 1.41114 -0.579998
185.533 10.0026 -9.06
185.375 9.90063 -9.03
185.616 9.83365 -9.26
185.255 9.93412 -9.28
184.96 9.92292 -9.03
184.971 9.96432 -9.28
190.422 9.62019 -0.149998
189.854 9.5593 -0.239998
192.862 9.64706 -0.259998
189.165 9.53191 -0.509998
189.037 9.53905 -0.540001
195.883 1.14805 -9.07
201.056 1.55424 -0.68
200.258 1.60173 -0.630001
200.002 1.381 -0.970001
199.952 1.54913 -0.579998
202.276 1.39329 -0.880001
202.639 1.30034 -0.809998
184.681 9.85442 -9.34
184.637 9.93138 -9.31
195.598 1.17448 -9.08
196.178 0.927989 -9.29
196.304 1.03083 -9.37
195.328 1.13608 -9.08
195.298 1.02695 -9.04
195.386 0.9943 -9.39
34.4303 0.147034 -3.51
34.5562 0.249872 -3.53
34.5531 0.238582 -3.51
184.164 9.97794 -9.06
183.549 10.1002 -9.09
183.426 10.0087 -9.06
183.273 10.0393 -9.04
195.105 0.918273 -9.41
195.618 1.12847 -9.34
194.986 1.07304 -9.38
194.76 1.0752 -9.1
195.822 1.04728 -9.32
199.756 1.42917 -0.649998
199.04 1.42144 -0.649998
198.657 1.44288 -0.790001
201.152 1.43419 -0.880001
198.275 1.46809 -0.639999
183.257 9.98281 -9.32
183.694 9.92204 -9.35
183.008 10.0197 -9.12
183.846 10.119 -9.01
182.838 9.99381 -9.31
182.746 10.0114 -9.08
182.735 9.97 -9.1
39.0279 0.58351 3.45
39.0841 0.669222 3.57
39.2054 0.521982 3.5
39.3687 0.642791 3.37
39.5192 0.600927 3.54
39.6368 0.673657 3.33
194.582 1.01921 -9.06
194.186 0.995495 -9.08
194.287 1.00801 -9.37
195.03 1.11359 -9.1
194.101 1.03943 -9.36
198.053 1.37155 -0.869999
197.652 1.32901 -0.939999
197.479 1.52311 -0.73
182.697 9.95203 -9.37
182.457 9.90527 -9.03
182.435 9.82623 -9.3
182.153 9.97771 -9.11
193.836 1.01985 -9.13
193.613 0.915791 -9.07
193.697 0.985604 -9.37
193.816 1.06586 -9.46
193.352 1.02878 -9.4
194.473 1.0941 -9.26
197.139 1.23256 -0.889999
196.523 1.58236 -0.529999
182.148 9.84514 -9.31
182.175 9.82548 -9.32
181.901 10.0071 -9.36
181.593 9.94693 -9.1
193.046 1.09369 -9.18
192.514 1.04701 -9.12
192.517 0.940792 -9.41
192.435 0.996018 -9.4
35.3932 0.110364 -3.76
196.39 1.33943 -1
196.294 1.45948 -0.75
196.031 1.44743 -1.01
180.873 10.0417 -9.15
180.781 10.0592 -9.02
187.083 9.51078 -0.34
187.446 9.6491 -0.309998
187.743 9.66783 -0.27
186.374 9.64314 -0.279999
186.329 9.48132 -0.5
184.89 9.67453 -0.329998
184.614 9.61356 -0.309998
192.16 1.17383 -9.18
192.172 0.983969 -9.49
192.014 0.999489 -9.44
191.884 1.11662 -9.15
191.864 1.04135 -9.17
180.513 10.0284 -9.06
180.487 9.93429 -9.31
180.396 9.95941 -9.12
181.355 9.90769 -9.36
180.243 9.98999 -9.08
179.974 9.95912 -9.14
181.123 9.89103 -9.01
184.224 9.49491 -0.529999
183.667 9.47542 -0.5
191.556 1.1025 -9.2
191.765 1.03636 -9.48
191.671 1.05019 -9.46
191.376 1.03899 -9.37
191.284 1.05658 -9.17
195.97 1.57792 -0.739998
195.668 1.54038 -0.709999
195.629 1.51864 -0.68
195.547 1.45636 -0.950001
195.501 1.40828 -1.01
179.831 9.7923 -9.33
179.726 9.99976 -9.09
179.677 9.94039 -9.18
191.105 1.11435 -9.25
190.986 1.03409 -9.23
191.055 0.933701 -9.46
190.712 0.984405 -9.18
190.74 0.968505 -9.52
190.617 0.990706 -9.51
190.535 1.04593 -9.23
195.364 1.49907 -0.689999
195.101 1.48702 -0.790001
194.925 1.32105 -0.93
179.399 9.87189 -9.14
179.24 9.88365 -9.34
179.254 9.81882 -9.45
179.071 9.97528 -9.2
190.341 1.04725 -9.46
190.175 0.918909 -9.22
190.035 0.998408 -9.46
189.988 0.946566 -9.23
178.672 9.94027 -9.37
178.565 9.90518 -9.3
178.447 9.94996 -9.15
178.434 9.90103 -9.35
189.899 0.857935 -9.61
190.447 0.964829 -9.23
189.462 0.918704 -9.56
189.333 0.922088 -9.49
194.233 1.51362 -0.73
192.864 1.48894 -0.799999
178.234 10.1148 -9.11
178.117 9.92831 -9.36
177.927 10.0622 -9.09
178.904 9.84318 -9.44
177.984 9.79913 -9.42
177.841 9.98485 -9.07
38.7591 0.200106 -4.03
189.226 1.0045 -9.22
188.974 1.1476 -9.18
188.706 1.11674 -9.24
188.606 0.990471 -9.23
177.657 10.0238 -9.15
177.712 9.98823 -9.36
177.357 9.99378 -9.18
188.409 1.09801 -9.27
188.481 0.891396 -9.47
188.27 0.950006 -9.47
188.893 0.857818 -9.53
188.138 1.05961 -9.28
188.147 0.972208 -9.49
189.144 1.05973 -9.44
192.29 1.40924 -0.77
192.107 1.33443 -0.970001
193.765 1.46525 -1.03
191.719 1.45457 -1.01
191.689 1.46294 -0.720001
191.611 1.2982 -1.08
191.429 1.46219 -0.84
194.545 1.35378 -1.02
177.13 9.99593 -9.17
176.803 9.86806 -9.11
177.401 9.80307 -9.55
176.624 9.92583 -9.1
176.66 9.82252 -9.43
187.865 1.00993 -9.29
187.602 0.99788 -9.31
187.633 0.875758 -9.5
188.054 0.872287 -9.69
187.327 0.94067 -9.26
190.891 1.39293 -1.13
190.591 1.36291 -0.869999
177.081 9.93656 -9.19
176.122 9.87078 -9.4
177.244 9.93986 -9.37
175.986 9.96157 -9.42
187.16 1.03983 -9.29
186.838 0.930779 -9.52
186.726 0.880629 -9.61
186.534 1.00698 -9.28
187.865 1.00993 -9.25
175.842 10.0298 -9.13
175.9 10.1193 -8.98
175.721 9.94199 -9.36
175.389 9.91658 -9.11
175.735 9.75965 -9.54
175.329 10.0508 -9.08
175.419 9.90821 -9.48
176.359 9.90625 -9.42
186.345 1.14086 -9.16
186.434 0.994465 -9.55
186.431 0.983175 -9.59
186.083 1.13257 -9.25
185.916 1.00047 -9.24
185.928 0.92436 -9.55
175.056 10.0012 -9.09
174.728 9.98703 -9.2
180.69 9.61808 -0.200001
180.604 9.42323 -0.540001
180.53 9.39105 -0.57
182.081 9.60428 -0.32
179.308 9.54447 -0.439999
179.286 9.58295 -0.419998
179.081 9.42912 -0.559998
178.773 9.4865 -0.329998
177.949 9.67493 -0.329998
185.776 1.07997 -9.22
185.479 1.06124 -9.3
185.204 1.00403 -9.3
174.677 9.92014 -9.22
174.452 9.92982 -9.18
174.729 9.75954 -9.45
174.319 9.80064 -9.39
174.168 9.84251 -9.15
174.147 9.88099 -9.18
174.188 9.7965 -9.42
184.914 1.01165 -9.4
184.741 0.974479 -9.55
184.635 0.943147 -9.32
184.7 1.05897 -9.6
184.55 0.987082 -9.28
189.461 1.49874 -0.809998
189.421 1.35573 -1.13
188.865 1.45752 -0.77
188.926 1.32702 -1.09
188.893 1.3241 -1.07
188.619 1.50568 -0.82
188.486 1.3765 -1.06
190.448 1.31737 -0.959999
173.974 9.84382 -9.43
173.761 9.8949 -9.38
177.376 9.59523 -0.389999
181.814 9.45967 -0.59
184.498 0.916423 -9.57
184.19 0.973808 -9.64
184.04 0.901923 -9.62
185.181 1.03875 -9.34
189.257 1.34867 -1.12
188.33 1.5133 -0.93
188.056 1.46361 -0.899998
173.458 9.85359 -9.16
173.189 9.93647 -9.44
173.116 9.79055 -9.47
172.887 9.89893 -9.45
172.826 10.0294 -9.11
176.414 9.4044 -0.529999
183.805 0.987723 -9.34
183.315 0.977833 -9.49
183.019 1.08038 -9.37
183.452 0.887044 -9.63
182.459 1.0496 -9.39
183.576 0.864843 -9.6
187.543 1.36716 -0.849998
187.784 1.41769 -0.899998
187.536 1.22707 -1.1
187.3 1.42662 -1.12
186.86 1.36235 -0.880001
186.792 1.34899 -1.17
186.762 1.35736 -1.12
186.44 1.25207 -1.1
186.29 1.29393 -0.84
187.437 1.33583 -1.06
186.242 1.35584 -1.09
171.471 9.93991 -9.17
171.703 9.84282 -9.18
171.979 9.90003 -9.19
171.006 9.90283 -9.51
170.853 9.93341 -9.14
172.086 9.81762 -9.42
172.055 9.82599 -9.49
170.772 9.87488 -9.44
181.826 0.986642 -9.33
181.845 0.940635 -9.54
181.808 0.805151 -9.6
182.159 1.01958 -9.42
181.558 0.955776 -9.6
182.247 0.869422 -9.63
181.293 0.9362 -9.59
181.197 0.942501 -9.35
181.242 0.755555 -9.56
186.106 1.33288 -1.19
185.439 1.38452 -0.959999
185.305 1.48283 -0.860001
170.673 9.8699 -9.49
170.315 9.86415 -9.42
170.188 9.99257 -9.22
170.172 9.93612 -9.25
170.239 9.82444 -9.46
180.63 0.885378 -9.33
185.712 1.31669 -1.16
184.736 1.42195 -0.950001
184.684 1.4688 -0.93
184.436 1.39193 -0.950001
169.907 9.91654 -9.17
170.02 9.85295 -9.49
169.828 9.86555 -9.44
169.637 9.87815 -9.2
169.662 9.85096 -9.47
180.517 0.945213 -9.58
180.527 0.982848 -9.58
180.799 0.793743 -9.62
180.279 0.792226 -9.7
180.033 1.07165 -9.25
179.955 0.906908 -9.32
185.26 1.32101 -1.17
183.606 1.32276 -1.2
183.511 1.45033 -0.809998
169.337 9.84813 -9.25
169.293 9.80758 -9.43
169.17 9.82978 -9.11
179.74 1.06798 -9.37
179.9 0.828722 -9.67
179.859 0.795697 -9.67
179.464 1.01077 -9.35
179.455 0.859383 -9.67
179.485 0.85101 -9.71
168.926 10.003 -9.21
168.519 10.0554 -9.18
169.609 9.89405 -9.26
168.235 9.96806 -9.09
38.969 0.255245 -4.07
38.9224 0.320915 -3.94
39.1881 0.226743 -3.98
39.191 0.120521 -4
39.3355 0.173588 -4.09
39.374 0.195322 -3.9
39.4334 0.292326 -4.01
174.268 9.50248 -0.48
174.758 9.51237 -0.689999
175.105 9.47672 -0.809998
173.324 9.37187 -0.619999
173.157 9.47103 -0.389999
172.405 9.56661 -0.43
172.244 9.45332 -0.75
171.843 9.41079 -0.599998
39.5036 0.0781896 -4.09
39.1175 0.205854 -4.15
39.6662 0.312748 -4.11
39.696 0.186862 -4.01
179.153 1.05686 -9.34
178.869 0.969543 -9.49
178.672 0.959565 -9.36
178.731 0.821544 -9.64
178.561 0.909415 -9.44
39.9882 0.304288 -4.05
39.9934 0.323105 -4.09
40.04 0.257434 -3.96
40.0929 0.214345 -4.11
182.194 1.49631 -1
181.916 1.42781 -0.93
40.3683 0.271555 -4.21
40.5128 0.324622 -4.03
178.612 0.862562 -9.65
179.164 0.980746 -9.37
178.08 0.929632 -9.36
178.083 0.82341 -9.68
167.866 9.92468 -9.16
167.662 9.88836 -9.21
167.97 9.83097 -9.42
167.963 9.80463 -9.49
167.662 9.77461 -9.46
167.563 9.88337 -9.47
167.385 9.82739 -9.2
167.295 9.8525 -9.21
40.5927 0.261869 -4.17
40.7628 0.173998 -4.23
40.8312 0.0698473 -4.2
41.027 0.307323 -4.09
170.083 9.3812 -0.790001
170 9.55018 -0.439999
177.835 1.09907 -9.43
177.371 0.948244 -9.41
41.1699 0.121602 -4.2
41.1992 0.226978 -4.13
41.3333 0.242411 -4.2
41.3851 0.195558 -4.2
177.563 0.821892 -9.74
41.522 0.104769 -4.21
41.5236 0.343557 -4.16
41.5877 0.224353 -4.3
167.287 9.82616 -9.48
167.014 9.77648 -9.44
166.943 9.75559 -9.52
166.648 9.85813 -9.21
177.303 0.821134 -9.76
176.975 1.03827 -9.31
176.893 0.862239 -9.66
176.751 0.934211 -9.31
176.796 0.861014 -9.71
166.565 9.79585 -9.48
166.484 9.73732 -9.47
166.193 9.97244 -9.17
41.7262 0.372352 -4.16
41.9398 0.20752 -4.32
176.664 0.97062 -9.25
176.508 0.993667 -9.64
176.344 0.986607 -9.44
177.203 0.808618 -9.63
176.071 0.936923 -9.44
180.758 1.46203 -1.07
179.498 1.47997 -0.889999
178.995 1.42115 -1.03
178.952 1.26685 -1.16
165.873 9.98842 -9.21
165.893 9.94242 -9.23
165.806 9.86508 -9.43
165.642 9.85802 -9.18
165.96 9.71699 -9.45
166.144 9.91307 -9.46
165.536 9.70917 -9.43
165.445 9.84804 -9.42
165.344 9.83552 -9.26
40.0054 0.599527 3.32
42.232 0.324945 -4.2
42.287 0.289382 -4.34
42.299 0.0995187 -4.33
42.3118 0.262192 -4.2
175.989 0.992149 -9.36
175.787 0.849606 -9.35
176.098 0.91726 -9.65
176.158 0.900514 -9.69
175.785 0.842079 -9.65
175.405 0.874811 -9.47
165.306 9.9313 -9.19
165.066 9.88453 -9.41
165.148 9.82931 -9.53
175.091 0.795867 -9.72
175.066 0.823057 -9.75
174.686 0.855789 -9.75
42.5519 0.308958 -4.31
42.692 0.229459 -4.31
42.8446 0.195122 -4.37
178.721 1.37147 -1.03
178.774 1.21087 -1.35
180.556 1.31949 -1.22
178.351 1.20681 -1.2
178.292 1.34483 -1.21
164.696 9.9549 -9.17
163.931 9.8878 -9.17
42.6648 0.13161 -4.41
42.9433 0.200111 -4.26
43.0079 0.315931 -4.47
42.9998 0.403336 -4.31
174.043 0.993985 -9.43
173.755 1.00913 -9.47
174.071 0.860573 -9.7
173.912 0.87233 -9.69
173.627 0.898761 -9.7
173.52 0.981177 -9.64
173.477 0.940626 -9.44
173.428 0.998769 -9.41
174.641 0.928986 -9.72
41.5235 9.32426 -4.19
41.6325 9.24937 -4.16
41.6861 9.09254 -4.21
163.521 9.92891 -9.19
163.631 9.85778 -9.26
163.355 9.79681 -9.28
163.308 9.86248 -9.43
163.517 9.79634 -9.51
163.702 9.76492 -9.5
163.095 9.79605 -9.43
164.125 9.76898 -9.47
164.22 9.99394 -9.3
173.256 0.961601 -9.71
172.876 0.880585 -9.66
43.254 0.267765 -4.31
43.3611 0.302862 -4.41
43.3391 0.22383 -4.34
177.736 1.32535 -0.989998
177.411 1.20877 -1.21
177.085 1.31969 -0.98
176.809 1.37622 -0.809998
41.756 9.22717 -4.14
42.2233 9.15803 -4.19
42.2642 9.30481 -4.08
172.81 0.992263 -9.41
172.693 0.923295 -9.75
173.201 0.883415 -9.41
172.108 1.03346 -9.42
40.4148 0.67217 3.41
41.2376 0.714998 3.41
41.279 0.630511 3.27
41.3167 0.765994 3.46
41.5657 0.611607 3.25
43.6177 0.29233 -4.31
43.8012 0.135871 -4.53
176.525 1.40266 -1.03
177.571 1.31829 -1.3
176.315 1.34752 -1.15
177.897 1.20737 -1.22
176.224 1.37264 -1.08
176.19 1.24844 -1.25
171.887 0.82317 -9.73
171.5 1.06458 -9.48
171.474 0.970497 -9.48
171.25 0.980183 -9.4
171.265 0.80161 -9.77
44.0768 0.310593 -4.43
44.3313 0.292535 -4.45
44.4764 0.114341 -4.52
44.4818 0.250671 -4.54
175.563 1.21183 -1.34
161.778 9.84202 -9.15
161.718 9.85877 -9.29
162.013 9.86997 -9.18
161.738 9.69901 -9.48
161.529 9.8789 -9.47
162.286 9.91966 -9.14
162.21 9.76244 -9.48
162.297 9.84354 -9.43
161.108 9.88237 -9.42
162.581 9.93086 -9.03
42.3741 9.23368 -4.22
42.6411 9.26078 -4.3
42.7888 9.32514 -4.13
43.0236 9.35309 -4.22
43.0244 9.23934 -4.34
171.15 0.853918 -9.68
171.846 0.907657 -9.73
170.949 0.950163 -9.44
170.879 0.929274 -9.51
170.674 0.892953 -9.46
170.855 0.842715 -9.71
170.367 0.840352 -9.47
42.1152 0.604751 3.24
42.2356 0.57126 3.24
42.2597 0.657819 3.33
42.5796 0.641832 3.17
44.5088 0.231008 -4.54
44.6887 0.294519 -4.48
44.8332 0.347587 -4.54
44.8332 0.347587 -4.34
44.9897 0.210791 -4.6
44.0661 0.155447 -4.33
160.518 9.85997 -9.27
160.114 9.80614 -9.17
159.961 9.84048 -9.19
159.944 9.78026 -9.44
159.693 9.80961 -9.28
159.669 9.72305 -9.51
43.4142 9.35799 -4.2
43.3629 9.17358 -4.35
43.5323 9.19946 -4.22
42.4945 9.20019 -4.08
174.557 1.32546 -0.93
174.325 1.3088 -1.21
174.388 1.18583 -1.25
173.904 1.31227 -0.959999
174.044 1.22901 -1.38
173.86 1.38547 -1.04
173.317 1.29739 -1.12
45.1591 0.236668 -4.53
45.2089 0.182288 -4.6
159.447 9.85778 -9.22
159.406 9.711 -9.15
169.741 0.92125 -9.47
169.805 0.915795 -9.76
169.764 0.769021 -9.78
169.209 0.874571 -9.46
169.059 0.916436 -9.72
169.066 0.94278 -9.77
168.695 0.891871 -9.74
174.43 1.45388 -1.08
174.749 1.19911 -1.27
172.918 1.26238 -1.32
41.5665 0.497858 3.2
42.9514 0.578992 3.17
42.9642 0.741665 3.36
45.3429 0.197721 -4.66
45.3931 0.378366 -4.45
45.4669 0.410545 -4.54
45.5528 0.25286 -4.69
159.303 9.69096 -9.44
159.226 9.87875 -9.48
159.499 9.69717 -9.53
158.894 9.85334 -9.47
45.8801 0.263217 -4.64
45.8893 0.179576 -4.55
45.9217 0.296242 -4.56
168.621 0.973441 -9.5
168.564 0.887728 -9.49
44.0975 9.24906 -4.38
44.3085 9.30796 -4.36
43.8606 9.21358 -4.34
43.9169 9.29929 -4.22
44.3603 9.26111 -4.3
43.8297 9.3357 -4.19
44.5161 9.23806 -4.49
44.6282 9.17446 -4.43
172.901 1.31968 -1.31
172.59 1.36578 -1.24
172.513 1.20856 -1.21
158.834 9.87009 -9.25
158.334 9.94007 -9.22
158.267 9.81296 -9.2
43.2631 0.65041 3.17
43.3121 0.709779 3.13
46.2228 0.212513 -4.69
46.3401 0.167732 -4.57
163.952 9.49678 -0.399998
163.507 9.52744 -0.41
163.226 9.45142 -0.389999
165.087 9.37977 -0.689999
162.646 9.46665 -0.41
165.409 9.48506 -0.389999
165.398 9.44742 -0.689999
165.745 9.41177 -0.66
161.616 9.49372 -0.389999
44.8465 9.25971 -4.44
44.1127 9.07048 -4.32
44.9564 9.18858 -4.29
45.019 9.29687 -4.28
45.1447 9.2822 -4.44
168.348 0.927521 -9.51
168.1 0.850648 -9.45
167.817 0.884606 -9.56
167.75 0.875007 -9.68
44.3674 0.655516 3.23
44.6773 0.83692 3.22
158.047 9.84147 -9.12
158.102 9.8059 -9.47
158.508 9.63223 -9.4
158.048 9.72772 -9.48
158.629 9.95128 -9.09
157.749 9.81897 -9.24
157.75 9.70522 -9.45
45.1604 9.33865 -4.47
45.429 9.13826 -4.49
167.099 0.983096 -9.46
166.665 0.823894 -9.77
161.529 9.41261 -0.619999
163.829 9.40524 -0.669998
43.6138 8.90921 3.53
43.6716 8.76742 3.33
44.7615 8.83736 3.52
166.645 0.98365 -9.37
156.867 9.9104 -9.18
156.285 9.9181 -9.2
156.2 9.73078 -9.47
156.146 9.65259 -9.4
156.006 9.8496 -9.19
157.692 9.84701 -9.47
47.0401 0.119012 -4.77
47.1516 0.286674 -4.73
47.4029 0.257326 -4.75
46.5914 0.138383 -4.78
46.6531 0.360425 -4.64
47.5909 0.233432 -4.79
47.6708 0.170679 -4.7
166.6 0.821822 -9.44
166.066 0.885129 -9.43
165.995 0.86424 -9.76
165.902 0.878069 -9.45
46.8576 8.79366 3.26
156.411 9.78968 -9.15
156.663 9.76033 -9.45
155.802 9.81328 -9.17
155.728 9.7811 -9.18
155.729 9.66735 -9.49
47.0309 0.202653 -4.63
47.8694 0.301933 -4.7
47.938 0.315295 -4.74
47.9763 0.219517 -4.87
165.776 0.892743 -9.61
165.63 0.832149 -9.74
165.528 0.933382 -9.69
166.344 0.953629 -9.46
166.436 0.814762 -9.69
155.517 9.83971 -9.44
155.447 9.70508 -9.49
155.219 9.81722 -9.21
165.153 0.984932 -9.47
165.194 0.900444 -9.74
165.252 0.758659 -9.88
164.782 0.816511 -9.79
164.642 0.896009 -9.52
164.495 0.835415 -9.78
46.3827 9.18523 -4.6
46.2735 9.1426 -4.64
46.3031 9.36549 -4.47
46.2261 9.32202 -4.41
46.6748 9.30265 -4.52
46.7319 9.27462 -4.68
46.0274 9.19077 -4.46
46.7848 9.23153 -4.57
45.9018 9.20544 -4.53
46.9481 9.35233 -4.41
169.28 1.36175 -1.14
169.754 1.31518 -1.06
168.592 1.2206 -1.25
170.024 1.35358 -1.03
170.191 1.25442 -1.27
168.261 1.3127 -1.02
168.242 1.24496 -1.25
170.324 1.3836 -1
168.162 1.42523 -1.1
154.967 9.84657 -9.37
154.731 9.81109 -9.16
154.64 9.83621 -9.4
47.0767 9.23144 -4.68
47.1888 9.16784 -4.63
164.238 0.959695 -9.4
164.225 0.797022 -9.8
164.126 0.905782 -9.48
163.934 0.918385 -9.46
45.5287 0.632587 3.01
45.3135 0.558631 2.95
45.8808 0.615754 2.95
45.1216 0.684983 2.99
45.053 0.671621 3.17
46.1934 0.573423 2.93
44.7716 0.709343 2.95
46.5125 0.671185 2.89
46.6214 0.596296 2.82
48.5124 0.281249 -4.92
48.4281 0.211436 -4.88
48.3098 0.252455 -4.82
48.6404 0.391614 -4.72
48.775 0.175786 -4.77
48.8082 0.178704 -4.78
48.8541 0.226782 -4.9
48.8645 0.264416 -4.86
48.9873 0.355964 -4.82
154.479 9.72293 -9.48
154.347 9.83254 -9.43
154.267 9.89529 -9.14
155.14 9.88374 -9.42
154.211 9.80958 -9.15
47.3914 9.19663 -4.71
47.6511 9.19739 -4.63
163.9 0.794192 -9.76
163.661 0.868702 -9.41
163.626 0.858257 -9.45
49.1182 0.360107 -4.82
49.2009 0.191132 -4.95
167.884 1.35673 -1.08
167.927 1.27977 -1.42
167.751 1.22754 -1.1
167.578 1.30789 -1.08
167.668 1.16526 -1.42
167.507 1.28324 -1.28
47.6833 9.19655 -4.66
47.5133 9.40193 -4.53
47.9859 9.35161 -4.56
153.992 9.83808 -9.18
154.222 9.84721 -9.44
154.135 9.65236 -9.44
154.579 9.96671 -9.17
159.146 9.47522 -0.43
159.531 9.4613 -0.41
159.603 9.36844 -0.66
157.922 9.38986 -0.639999
157.856 9.50153 -0.43
157.574 9.42174 -0.399998
157.463 9.37159 -0.649998
163.352 0.808574 -9.48
163.372 0.762567 -9.81
162.956 0.898604 -9.55
47.3749 9.25393 -4.56
48.1592 9.27503 -4.8
167.119 1.28963 -1.26
48.0375 0.67282 2.8
153.604 9.8407 -9.21
152.967 9.88397 -9.2
152.705 9.87568 -9.27
162.822 0.883171 -9.68
162.985 0.768955 -9.79
162.826 0.780712 -9.81
162.396 0.867825 -9.68
49.8596 0.2269 -4.98
49.6873 0.307245 -4.95
50.0748 0.300856 -5.04
50.0863 0.342254 -5
50.1277 0.257766 -4.87
49.5284 0.319001 -5
50.2277 0.384031 -5.08
49.4646 0.0894322 -5
50.4413 0.219199 -5.06
48.4315 9.32095 -4.75
48.4459 9.25612 -4.62
48.5278 9.2009 -4.72
48.5333 9.33722 -4.62
48.826 9.22339 -4.74
48.8778 9.17654 -4.77
49.06 9.36509 -4.72
49.17 9.29396 -4.68
167.069 1.34401 -1.06
166.556 1.24756 -1.06
50.4355 0.431643 -4.89
50.5256 0.289012 -4.92
50.6348 0.331635 -5.08
49.8528 0.435581 -4.83
152.62 9.91962 -9.12
152.38 9.87285 -9.24
152.427 9.69343 -9.41
152.347 9.86993 -9.2
153.681 9.77042 -9.21
152.041 9.8211 -9.22
49.2302 9.27722 -4.83
162.495 0.872814 -9.36
162.246 0.79594 -9.76
161.969 0.966228 -9.49
161.864 0.821146 -9.5
50.8599 0.208201 -5.11
50.9028 0.362501 -4.91
166.176 1.28029 -1.29
166.059 1.21132 -1.37
165.969 1.23644 -1.04
165.744 1.35987 -1.03
165.717 1.26203 -1.26
152.058 9.65005 -9.38
152.736 9.63605 -9.46
151.831 9.76596 -9.44
161.719 0.881828 -9.4
162.111 0.894256 -9.75
161.42 0.859334 -9.49
161.471 0.691205 -9.85
161.396 0.886524 -9.77
165.474 1.32148 -1.09
166.591 1.258 -1.34
165.211 1.30943 -1.12
165.192 1.24169 -0.989998
161.146 0.9234 -9.44
161.006 0.767874 -9.76
160.85 0.790921 -9.77
160.579 0.866277 -9.47
51.3754 0.312177 -5.07
51.201 0.384994 -5.06
51.6683 0.315853 -5.01
51.7751 0.233437 -5.12
51.8354 0.216691 -5.11
151.287 9.79163 -9.17
151.662 9.74008 -9.41
151.757 9.73378 -9.16
150.792 9.76292 -9.44
150.641 9.91854 -9.26
150.352 9.8124 -9.14
49.9551 9.20131 -4.84
49.9769 9.16282 -4.74
50.1446 9.4162 -4.87
49.6478 9.26245 -4.76
50.3509 9.22502 -4.93
49.5658 9.31768 -4.71
50.4496 9.23001 -4.96
156.181 9.42801 -0.529999
155.765 9.4503 -0.41
155.562 9.53526 -0.34
155.487 9.3818 -0.41
155.022 9.45847 -0.41
51.5885 0.378606 -4.93
52.0867 0.187343 -5.25
51.3733 0.30465 -5.16
52.1772 0.279736 -5.24
50.8415 9.35619 -4.79
50.8889 9.17677 -4.98
160.092 0.863913 -9.63
161.117 0.818024 -9.53
159.964 0.871061 -9.41
159.963 0.984809 -9.51
52.1327 0.352933 -5.02
52.6718 0.308444 -5.16
52.7341 0.299225 -5.1
154.087 9.47924 -0.439999
153.549 9.29623 -0.59
50.6837 9.37171 -4.88
51.1125 9.28083 -4.98
50.1996 9.38064 -4.82
51.3172 9.31716 -4.84
51.3348 9.26362 -4.84
159.655 0.924682 -9.5
160.271 0.6924 -9.74
159.541 0.749493 -9.64
159.374 0.848654 -9.47
160.475 0.842471 -9.76
159.435 0.71816 -9.75
150.126 9.81456 -9.15
150.084 9.78154 -9.25
149.551 9.84861 -9.11
149.294 9.74162 -9.3
51.2992 9.13566 -5.02
51.6523 9.1226 -5.09
51.6395 9.42621 -4.76
52.9613 0.183317 -5.25
53.3655 0.237144 -5.28
53.3823 0.297359 -5.19
53.4891 0.214943 -5.15
52.3953 0.24747 -5.05
53.6721 0.289744 -5.27
149.217 9.92942 -9.16
149.065 9.73249 -9.14
148.961 9.8262 -9.06
149.084 9.68649 -9.46
148.838 9.73465 -9.38
158.841 0.798212 -9.47
158.805 0.901517 -9.68
159.104 0.810261 -9.51
158.224 0.795469 -9.7
158.149 0.877039 -9.48
148.691 9.78781 -9.14
148.716 9.76062 -9.41
148.398 9.78413 -9.45
157.805 0.920216 -9.48
157.554 0.835816 -9.5
157.524 0.844189 -9.43
158.795 0.750134 -9.5
51.8314 9.29986 -5.03
52.0858 9.2818 -4.86
52.0647 9.08902 -5.05
52.2636 9.33778 -5.12
148.302 9.90418 -9.16
147.969 9.75749 -9.4
147.866 9.73745 -9.41
147.658 9.68984 -9.41
50.6303 0.665355 2.69
50.9428 0.623024 2.56
50.2805 0.807227 2.81
50.1472 0.678045 2.8
50.0868 0.577278 2.67
51.2266 0.710341 2.71
51.4688 0.764634 2.71
49.7692 0.718304 2.83
49.7046 0.602484 2.72
49.5938 0.787359 2.83
54.1362 0.209313 -5.36
54.1988 0.317606 -5.21
54.2093 0.35524 -5.16
54.2755 0.243563 -5.42
52.9501 0.259432 -5.33
157.777 0.822367 -9.69
157.075 0.86356 -9.64
156.8 0.80635 -9.7
158.549 0.680787 -9.72
147.932 9.73952 -9.09
147.445 9.85467 -9.1
147.25 9.85598 -9.1
160.964 1.31865 -1.03
161.08 1.26634 -1.12
160.935 1.21327 -1.28
160.642 1.20959 -1.32
160.582 1.22634 -1.4
161.607 1.18045 -1.38
160.254 1.32973 -1.33
162.016 1.25309 -1.33
159.871 1.23743 -1.07
147.138 9.80207 -9.14
147.259 9.65483 -9.42
146.86 9.73357 -9.16
146.731 9.85447 -9.08
146.787 9.70515 -9.35
146.625 9.82313 -9.39
52.4141 9.29592 -5.1
52.5707 9.15912 -5.12
52.7257 9.24982 -5.15
52.7278 9.25735 -5
52.8649 9.28407 -4.96
51.9 9.31322 -4.97
152.191 9.4267 -0.369999
152.057 9.41126 -0.399998
152.366 9.47139 -0.360001
151.56 9.48878 -0.399998
151.136 9.36721 -0.369999
150.642 9.3385 -0.689999
150.311 9.4306 -0.43
156.255 0.945771 -9.49
155.972 0.744704 -9.71
155.925 0.810375 -9.7
156.164 0.618353 -9.73
155.753 0.890719 -9.5
155.709 0.850168 -9.49
155.427 0.770377 -9.44
54.5706 0.254766 -5.35
54.7897 0.226263 -5.27
54.8407 0.293159 -5.36
54.9371 0.173109 -5.42
55.0515 0.234549 -5.25
146.273 9.72245 -9.39
146.167 9.92615 -9.04
146.141 9.83206 -9.13
149.931 9.34959 -0.709999
53.0403 9.21502 -5.14
53.0893 9.27439 -5.13
155.431 0.781667 -9.71
156.298 0.986323 -9.5
155.195 0.867467 -9.46
159.401 1.29528 -1
159.126 1.23807 -1.05
53.0605 9.40404 -4.93
53.4226 9.18981 -5.21
53.4474 9.16262 -5.17
53.5828 9.29933 -5.05
145.892 9.86894 -9.08
145.837 9.79075 -9.5
145.586 9.8201 -9.13
145.588 9.82763 -9.05
51.8497 0.618153 2.56
52.811 0.80898 2.56
53.0466 0.72318 2.57
53.0639 0.552134 2.47
55.0975 0.40014 -5.25
55.2292 0.290534 -5.44
55.3415 0.344447 -5.31
55.4483 0.262031 -5.52
149.256 9.37112 -0.470001
154.78 0.776007 -9.29
53.8132 9.19472 -5.24
53.9202 9.22981 -5.17
54.0344 9.17374 -5
145.302 9.73278 -9.09
145.363 9.71603 -9.38
145.22 9.78801 -9.37
145.021 9.7705 -9.08
55.6146 0.276618 -5.46
55.6334 0.34436 -5.29
154.621 0.901512 -9.36
154.318 0.863965 -9.42
155.029 0.85288 -9.76
155.236 0.78298 -9.69
54.1519 9.24647 -5.1
54.3899 9.28571 -5.24
54.4545 9.40153 -5.1
158.661 1.20099 -1.07
158.178 1.09616 -1.4
158.047 1.09202 -1.4
159.715 1.37422 -1.07
157.354 1.2846 -1.08
157.333 1.09182 -1.26
157.079 1.22739 -1.07
55.7434 0.273234 -5.32
144.41 9.90785 -9.02
144.331 9.85686 -9.14
144.137 9.85817 -9.08
144.365 9.62851 -9.33
144.069 9.73106 -9.32
143.856 9.78214 -9.08
144.628 9.64056 -9.46
143.777 9.84489 -9.13
144.862 9.78226 -9.3
144.792 9.64762 -9.39
148.068 9.2962 -0.709999
147.624 9.33438 -0.470001
151.508 9.30437 -0.689999
153.325 0.909009 -9.4
153 0.906178 -9.37
152.76 0.859412 -9.42
152.726 0.735219 -9.61
154.015 0.822655 -9.51
154.015 0.822655 -9.73
152.588 0.708496 -9.68
54.6608 9.21035 -5.31
55.3653 9.2942 -5.2
143.304 9.77771 -9.37
56.5193 0.26422 -5.6
56.7625 0.322277 -5.45
56.883 0.288785 -5.57
55.9481 0.309556 -5.54
57.1809 0.193766 -5.66
57.2455 0.309587 -5.45
152.416 0.788841 -9.43
153.22 0.763927 -9.69
152.156 0.901831 -9.41
153.426 0.6865 -9.69
152.047 0.745459 -9.69
55.0258 9.35619 -5.29
55.4172 9.24735 -5.29
55.4692 9.31801 -5.16
55.4962 9.29834 -5.24
156.69 1.34376 -1.01
155.712 1.32774 -1
53.9045 0.65894 2.34
53.328 0.685458 2.57
54.5608 0.569669 2.39
55.1915 0.621336 2.27
56.8437 0.3808 -5.37
57.2869 0.225099 -5.62
56.4374 0.319446 -5.55
57.3639 0.268568 -5.43
57.5529 0.248438 -5.56
151.76 0.878112 -9.7
151.626 0.862679 -9.45
151.474 0.783267 -9.72
151.388 0.940952 -9.38
55.6821 9.26692 -5.31
55.7174 9.27737 -5.32
55.8009 9.46093 -5.23
55.896 9.2196 -5.23
156.218 1.16282 -1.18
156.402 1.12388 -1.29
156.825 1.1317 -1.35
154.572 1.19468 -1.03
57.6453 0.230847 -5.6
58.0081 0.36916 -5.46
142.741 9.85315 -9.02
142.645 9.85945 -9.04
142.496 9.78757 -9.26
142.834 9.72181 -9.34
142.797 9.70384 -9.36
142.334 9.78803 -9.05
142.186 9.84119 -9.11
142.023 9.72038 -9.08
143.553 9.74083 -9.17
146.879 9.22128 -0.559998
149.039 9.52466 -0.439999
146.112 9.49542 -0.369999
145.835 9.43069 -0.380001
55.9884 9.20201 -5.37
56.1203 9.20992 -5.36
151.293 0.715992 -9.68
151.179 0.654552 -9.68
151.079 0.880824 -9.39
54.155 0.74334 2.44
54.022 0.73167 2.48
55.2737 0.683623 2.36
55.3279 0.761809 2.43
58.0548 0.30349 -5.54
58.1315 0.229447 -5.54
141.99 9.60371 -9.29
141.848 9.67568 -9.04
141.564 9.70212 -9.3
56.2316 9.26007 -5.25
56.2504 9.32781 -5.19
56.4423 9.20146 -5.48
141.514 9.75649 -9.39
141.298 9.9138 -8.99
150.44 0.912798 -9.51
150.413 0.7012 -9.64
150.776 0.839514 -9.46
153.655 1.16192 -1.25
153.572 1.33089 -1.09
153.573 1.09963 -1.25
153.283 1.22476 -1.06
156.292 1.195 -1.32
58.7705 0.311222 -5.75
58.8391 0.324584 -5.72
56.617 9.24615 -5.34
56.9204 9.28746 -5.25
56.9015 9.21972 -5.49
56.934 9.33639 -5.27
56.9578 9.30543 -5.44
150.154 0.704205 -9.32
149.344 0.82405 -9.4
149.328 0.881348 -9.35
154.062 1.10952 -1.02
152.679 1.26718 -0.959999
152.302 1.19369 -1.19
57.2455 9.29029 -5.37
57.2974 9.24344 -5.52
57.3191 9.20496 -5.44
56.6222 9.26497 -5.2
57.4636 9.25803 -5.32
58.992 0.407759 -5.54
59.1839 0.281407 -5.74
59.2035 0.2354 -5.63
59.2462 0.272188 -5.84
58.4176 0.441804 -5.85
59.5632 0.362423 -5.64
140.52 9.79777 -9.08
140.736 9.75798 -8.97
140.395 9.58119 -9.31
140.129 9.67536 -9.2
140.881 9.6973 -9.31
140.925 9.62034 -9.3
141.02 9.8453 -9.01
139.962 9.77452 -9.04
54.3724 8.87296 2.73
54.0151 8.87097 2.76
54.8316 8.89122 2.72
55.2462 8.98268 2.81
53.498 8.9945 2.85
53.3585 8.84273 2.88
52.9305 8.81986 2.77
52.7218 8.886 2.9
52.5804 8.84422 2.83
57.6413 9.31401 -5.32
57.7919 9.27215 -5.48
149.449 0.734107 -9.69
149.021 0.828747 -9.4
148.738 0.741429 -9.34
148.708 0.749802 -9.64
149.976 0.761969 -9.7
148.552 0.772849 -9.65
59.9268 0.386988 -5.63
59.9742 0.207569 -5.84
60.0886 0.269009 -5.82
154.253 1.09692 -1.32
151.946 1.19923 -1.24
139.737 9.89796 -8.91
140.001 9.68251 -9.32
139.982 9.61477 -9.32
140.424 9.68656 -8.99
139.477 9.66217 -9.05
139.459 9.83322 -8.96
58.0351 9.3302 -5.51
58.1335 9.21768 -5.56
58.1149 9.26745 -5.32
58.2615 9.32804 -5.43
57.7662 9.41309 -5.32
58.3812 9.4083 -5.49
58.5657 9.25561 -5.36
58.5974 9.48602 -5.43
148.793 0.823379 -9.28
148.139 0.806428 -9.38
151.807 1.16498 -1.26
151.608 1.26499 -1.04
151.589 1.19724 -1.27
60.5041 0.24672 -5.9
60.6996 0.366684 -5.75
139.331 9.72285 -9.3
139.222 9.68023 -9.28
139.153 9.78062 -9.05
139.752 9.71938 -9.25
144.184 9.32621 -0.419998
143.796 9.3326 -0.59
142.778 9.40483 -0.32
142.419 9.27781 -0.57
141.517 9.3015 -0.59
141.11 9.23638 -0.309998
58.9118 9.33371 -5.52
58.9315 9.2877 -5.43
148.34 0.710183 -9.62
148.465 0.695509 -9.4
147.71 0.89354 -9.34
147.549 0.784022 -9.43
138.883 9.74223 -8.95
138.878 9.60966 -9.24
138.525 9.74024 -9.28
138.301 9.74993 -9.05
138.722 9.63271 -9.52
147.426 0.806223 -9.3
147.653 0.807828 -9.6
147.293 0.677041 -9.63
147.12 0.757385 -9.34
147.201 0.815908 -9.7
147.997 0.760887 -9.67
147.025 0.763687 -9.38
151.457 1.18934 -1.11
151.326 1.1852 -1.01
151.023 1.14388 -1.07
150.911 1.20748 -1.01
150.878 1.09082 -1.28
59.1993 9.20105 -5.59
58.9707 9.19568 -5.65
59.4124 9.26748 -5.41
59.4975 9.22355 -5.53
59.5922 9.33099 -5.71
59.6849 9.43091 -5.49
59.8423 9.18037 -5.69
61.0505 0.228575 -5.79
61.1701 0.308832 -5.74
61.2648 0.41628 -5.7
61.8497 0.419869 -5.74
138.109 9.87628 -8.96
138.11 9.76253 -9.22
137.809 9.72875 -8.96
137.797 9.80486 -9
138.862 9.66696 -8.95
146.636 0.766312 -9.67
146.495 0.724535 -9.39
150.433 1.12148 -1.01
150.192 1.18846 -1.22
137.949 9.64925 -9.27
137.484 9.61217 -9.32
146.315 0.661023 -9.58
146.292 0.69574 -9.6
145.985 0.874401 -9.32
145.956 0.769025 -9.32
146.006 0.714644 -9.66
145.9 0.683312 -9.59
150.072 1.33947 -0.970001
149.82 1.2513 -0.939999
149.751 1.23794 -1.3
137.397 9.64858 -8.94
137.549 9.72799 -9.18
137.145 9.56041 -9.32
136.973 9.64076 -9.18
136.91 9.64621 -8.91
145.68 0.825563 -9.34
145.598 0.76704 -9.56
145.401 0.757063 -9.35
136.363 9.66436 -8.92
136.327 9.76766 -8.98
137.517 9.72883 -9.01
149.178 1.27575 -1.08
149.52 1.22128 -1.02
148.865 1.08306 -1.17
148.787 1.15333 -1.23
148.755 1.15418 -1.04
60.7184 9.41513 -5.75
61.1857 9.34599 -5.79
60.0681 9.40947 -5.65
60.065 9.39818 -5.52
136.609 9.84745 -8.96
136.038 9.66153 -8.91
136.592 9.78724 -9.2
136.129 9.63641 -9.24
136 9.63979 -9.21
135.847 9.67413 -8.89
135.773 9.64195 -9.22
59.5474 0.772257 2.06
59.7831 0.686457 2.06
60.0064 0.673008 1.93
59.0642 0.667435 2.19
59.0123 0.714288 2.07
58.5492 0.798484 2.19
58.4605 0.596104 2.06
60.8284 0.829585 2.03
57.9929 0.547734 2.08
141.012 9.23516 -0.52
140.358 9.33195 -0.439999
140.055 9.29064 -0.540001
139.976 9.35716 -0.32
139.702 9.42123 -0.299999
139.577 9.32215 -0.16
144.827 0.791108 -9.35
144.333 0.766164 -9.35
144.207 0.663326 -9.57
144.089 0.821856 -9.33
145.502 0.769578 -9.65
59.8318 0.628314 1.95
61.4056 0.689318 1.93
149.509 1.18365 -1.34
147.92 1.06619 -1.22
147.691 1.17834 -0.950001
135.533 9.59519 -9.22
135.349 9.86539 -9.03
135.417 9.76124 -9.26
144.527 0.647339 -9.7
143.89 0.804352 -9.48
143.827 0.696058 -9.54
143.781 0.761729 -9.34
143.764 0.819026 -9.33
135.268 9.68936 -9.04
135.18 9.60826 -9.18
135.087 9.7396 -8.9
134.778 9.67947 -8.94
139.229 9.35404 -0.610001
139.049 9.29053 -0.27
140.916 9.35521 -0.34
143.235 0.666125 -9.6
62.2057 9.28128 -5.77
62.2214 9.33774 -5.66
62.3636 9.26576 -5.82
62.4301 9.2716 -5.64
62.2093 9.5276 -5.6
61.9054 9.25126 -5.83
62.5361 9.30293 -5.81
61.8745 9.37339 -5.63
61.7376 9.46417 -5.68
62.7078 9.45385 -5.73
147.67 1.21682 -0.989998
146.679 1.15187 -1
146.221 1.25489 -0.989998
145.935 1.16004 -0.939999
64.0995 0.345594 -6.04
64.0069 0.245674 -6.11
64.4059 0.280683 -6.09
64.4632 0.370159 -6.13
63.633 0.300987 -6.09
64.6708 0.300259 -6.03
63.5013 0.410593 -5.88
64.7017 0.178137 -6.18
143.401 0.680713 -9.34
142.748 0.663762 -9.48
62.8395 9.34424 -5.85
63.0335 9.22542 -5.74
63.0804 9.27726 -5.75
134.311 9.74861 -8.86
134.391 9.68586 -9.17
134.371 9.73186 -9.19
133.977 9.82942 -8.9
133.888 9.62704 -9.05
134.694 9.60966 -9.22
133.746 9.69901 -8.94
133.693 9.7421 -8.9
61.6758 0.727711 1.88
63.368 0.747697 1.95
63.5801 0.810363 1.94
64.2275 0.455959 -6.01
64.8328 0.299792 -6.22
64.9765 0.466609 -6.05
137.21 9.32746 -0.579998
137.126 9.25765 -0.5
59.9122 8.84872 2.41
59.4365 8.88775 2.61
59.0271 8.81511 2.31
60.8764 8.93333 2.34
58.8103 8.96865 2.63
58.6739 8.82818 2.44
58.6003 8.91351 2.57
62.0325 8.89158 2.29
57.3291 9.00757 2.71
62.5435 8.86299 2.2
142.725 0.815991 -9.33
142.57 0.839038 -9.26
142.845 0.896248 -9.2
142.686 0.672981 -9.54
142.999 0.751925 -9.63
142.296 0.789355 -9.34
142.24 0.703642 -9.35
145.837 1.0413 -1.23
145.413 1.03349 -1.27
145.115 1.1285 -1.25
144.828 1.14741 -0.98
65.1323 0.443561 -6.03
65.2339 0.342328 -6.18
63.2458 9.40559 -5.99
63.2811 9.41604 -5.77
63.3767 9.40974 -5.71
63.605 9.29759 -5.9
63.689 9.24989 -5.94
133.584 9.69948 -9.14
133.412 9.66608 -8.91
133.999 9.67719 -9.17
133.445 9.55148 -9.09
133.235 9.61009 -8.97
142.012 0.702037 -9.28
141.56 0.592605 -9.55
63.2851 9.31358 -5.94
64.0799 9.37231 -5.82
64.1662 9.44965 -5.77
132.896 9.67585 -9.18
132.881 9.85442 -8.77
132.62 9.61487 -9.09
132.553 9.72655 -8.91
132.57 9.78677 -8.81
132.412 9.68478 -9.07
132.338 9.6526 -9.11
132.128 9.59746 -8.83
131.986 9.66943 -8.93
140.853 0.850006 -9.33
140.57 0.762688 -9.27
140.808 0.570666 -9.48
140.43 0.728438 -9.24
140.472 0.64395 -9.6
140.264 0.713851 -9.33
140.234 0.722223 -9.53
140.114 0.755715 -9.46
144.459 1.21778 -1
144.109 1.24214 -1.04
144.066 1.08783 -1.23
143.729 1.16112 -0.880001
65.9051 0.423257 -6.29
65.7389 0.40867 -6.08
66.1824 0.370482 -6.14
66.2486 0.258805 -6.22
65.559 0.345158 -6.07
65.5245 0.220965 -6.24
66.4473 0.390058 -6.33
131.842 9.61636 -9.18
131.579 9.60431 -8.91
64.3529 9.30448 -6
64.2574 9.31078 -5.94
64.5584 9.22705 -6.06
64.5472 9.30317 -5.84
64.676 9.29978 -5.98
64.6948 9.36752 -5.81
65.9151 0.225867 -6.31
65.9174 0.350906 -6.04
66.6541 0.433907 -6.12
66.8492 0.318845 -6.28
140.884 0.841633 -9.27
139.779 0.836526 -9.28
143.066 1.10653 -1.21
143.005 1.23703 -0.98
142.724 1.161 -0.959999
65.1051 9.32642 -6.07
65.3752 9.36481 -5.86
131.08 9.79558 -8.86
131.051 9.6902 -8.84
130.895 9.59574 -9.08
130.794 9.69697 -8.82
62.8642 8.73325 2.21
63.3985 8.90497 2.12
63.4972 8.90996 2.15
63.7613 9.04329 2.28
136.092 9.38718 -0.23
136.633 9.35021 -0.279999
134.95 9.24659 -0.48
134.636 9.28515 -0.329998
132.701 9.32462 -0.149998
66.9853 0.341805 -6.37
67.2261 0.274822 -6.12
67.3332 0.309918 -6.31
67.5319 0.441172 -6.17
67.6042 0.234563 -6.35
67.6832 0.285559 -6.34
139.777 0.711487 -9.51
139.728 0.652118 -9.64
139.238 0.873489 -9.29
139.015 0.769426 -9.21
142.712 1.1196 -1.1
142.689 1.15056 -0.970001
130.483 9.62931 -8.87
130.504 9.70458 -9.07
131.814 9.51851 -9.14
130.196 9.64822 -9.15
67.1502 0.235116 -6.35
67.7178 0.409752 -6.21
68.0262 0.352367 -6.29
139.02 0.788243 -9.5
138.771 0.825118 -9.25
138.796 0.684179 -9.54
138.279 0.807701 -9.23
65.7417 9.28315 -6
65.7936 9.2363 -5.87
65.7229 9.21541 -6.17
65.9195 9.33914 -5.96
65.4323 9.33678 -6.18
66.091 9.37254 -5.96
66.103 9.18268 -6.03
66.1219 9.25042 -6
65.3886 9.29622 -5.82
68.0458 0.30636 -6.35
138.291 0.617837 -9.53
141.607 0.993221 -1.19
141.431 1.17602 -0.91
141.352 1.01128 -1.2
65.9737 9.41733 -6.05
66.2459 9.46325 -5.84
66.5072 9.23651 -6.07
66.4635 9.19596 -6.19
68.5238 0.392365 -6.24
68.8875 0.41693 -6.28
132.449 9.23646 -0.25
132.306 9.06964 -0.369999
132.258 9.24906 -0.470001
137.716 0.765631 -9.27
137.749 0.768549 -9.51
137.528 0.789525 -9.18
66.7111 9.38658 -6.05
66.6894 9.42506 -6.06
66.8596 9.33719 -6.15
66.9769 9.2924 -6.21
129.491 9.67812 -8.91
129.468 9.71284 -9.08
129.346 9.62505 -9.12
129.094 9.65064 -8.89
128.835 9.76739 -8.92
128.507 9.63952 -8.95
137.712 0.633065 -9.59
137.25 0.721024 -9.21
137.14 0.79215 -9.24
137.096 0.751598 -9.52
66.9973 9.59893 -6.12
67.2772 9.32242 -6.22
67.2711 9.41736 -6.06
67.3562 9.37342 -6.04
128.345 9.7575 -9.04
128.315 9.76587 -8.75
129.411 9.74087 -8.89
128.007 9.70575 -8.8
136.968 0.758746 -9.42
137.472 0.586299 -9.55
136.495 0.805307 -9.31
67.4494 9.24208 -6.22
67.6295 9.4231 -6.18
67.6785 9.48247 -5.92
136.946 0.679714 -9.28
135.945 0.812162 -9.22
135.921 0.725603 -9.47
135.839 0.780829 -9.18
67.868 9.23108 -6.28
68.0366 9.37071 -6.06
68.0479 9.29459 -6.22
127.937 9.57111 -8.8
127.726 9.62972 -8.87
127.971 9.6953 -9
127.977 9.60037 -9.11
127.301 9.73565 -9.04
66.5685 0.709103 1.54
66.6994 0.713246 1.55
66.5127 0.858415 1.75
66.2454 0.7138 1.59
67.2428 0.801323 1.46
67.2886 0.849401 1.61
65.8299 0.736089 1.66
65.7014 0.856985 1.71
67.546 0.725121 1.47
131.293 9.39196 -0.130001
130.463 9.20903 -0.470001
68.3296 9.37438 -6.24
68.3188 9.21924 -6.36
68.334 9.50695 -6.04
68.5259 9.3806 -6.07
68.5644 9.40233 -6.21
136.148 0.840957 -9.15
135.846 0.572148 -9.44
135.564 0.723619 -9.25
136.326 0.66568 -9.4
135.565 0.60987 -9.45
135.517 0.671777 -9.42
135.451 0.783454 -9.14
69.9894 0.296997 -6.48
69.8763 0.356833 -6.53
70.082 0.396918 -6.46
70.2438 0.278939 -6.56
69.5378 0.42259 -6.29
69.3692 0.282964 -6.56
70.6087 0.424779 -6.63
70.8766 0.338133 -6.61
71.0161 0.489896 -6.35
68.9581 0.437818 -6.24
135.113 0.617951 -9.05
68.6547 9.37721 -6.28
68.638 9.317 -6.14
126.773 9.70402 -8.74
126.779 9.60909 -8.99
126.665 9.54765 -8.96
126.985 9.53166 -8.97
126.334 9.63975 -8.98
126.274 9.6565 -9.01
126.016 9.78078 -8.65
125.949 9.65367 -8.89
67.6968 0.800769 1.42
68.0706 0.745456 1.43
68.9518 9.39594 -6.43
68.9445 9.3696 -6.08
68.9623 9.43358 -6.06
131.895 9.2245 -0.419998
128.416 9.3121 -0.139999
128.222 9.31342 -0.0699997
68.2649 0.744143 1.68
71.2185 0.401178 -6.58
71.3245 0.432511 -6.46
71.3201 0.299945 -6.38
69.5471 9.43717 -6.38
134.842 0.810819 -9.21
134.795 0.758977 -9.46
134.721 0.726798 -9.55
134.451 0.688405 -9.14
134.39 0.818899 -9.18
134.394 0.716441 -9.41
134.136 0.723209 -9.14
71.5248 0.336267 -6.65
71.5392 0.271443 -6.67
133.866 0.684816 -9.11
133.853 0.635891 -9.11
138.146 1.1448 -0.880001
138.026 1.06455 -1.14
138.61 1.18189 -0.93
137.631 1.04083 -1.11
137.564 1.15251 -0.869999
137.602 1.05673 -1.08
138.922 1.2533 -0.889999
137.27 1.02755 -1.08
125.727 9.67465 -8.73
125.702 9.70183 -8.71
125.602 9.57557 -8.96
125.392 9.63418 -8.78
125.395 9.52796 -8.92
125.979 9.53155 -9.05
125.17 9.76891 -8.61
125.171 9.65516 -8.89
133.659 0.754716 -9.36
133.856 0.647181 -9.48
133.435 0.650653 -9.46
133.26 0.719707 -9.18
69.5262 9.3619 -6.16
69.7008 9.40659 -6.14
69.305 9.38287 -6.14
69.9388 9.44583 -6.41
69.1613 9.21606 -6.37
70.0893 9.40397 -6.16
71.9101 0.322351 -6.65
72.063 0.405526 -6.68
72.1285 0.407598 -6.49
137.036 1.12088 -0.82
137.015 1.15936 -0.899998
137.057 0.961125 -1.12
138.302 1.12176 -0.959999
70.187 9.40519 -6.33
69.6383 9.2983 -6.37
70.3435 9.2684 -6.44
70.5153 9.41931 -6.2
125.127 9.6146 -8.94
124.681 9.64527 -8.91
72.169 0.436859 -6.53
72.3007 0.327253 -6.71
72.4806 0.390765 -6.7
72.4528 0.524177 -6.43
132.768 0.70229 -9.11
132.749 0.748297 -9.12
136.542 1.09217 -0.860001
136.221 0.986884 -1.14
136.136 1.03082 -1.13
124.818 9.55448 -8.68
124.452 9.52239 -8.9
124.282 9.61026 -8.68
70.5462 9.29719 -6.45
70.5265 9.3432 -6.22
70.6959 9.36908 -6.43
70.8187 9.46062 -6.29
69.8257 9.50567 -6.17
132.996 0.586382 -9.36
132.542 0.586936 -9.38
132.296 0.635102 -9.17
133.293 0.722624 -9.44
132.153 0.707074 -9.42
72.6499 0.416642 -6.73
72.6861 0.313337 -6.52
73.024 0.478841 -6.52
71.0729 9.32505 -6.47
71.1022 9.43043 -6.46
71.1873 9.38649 -6.33
135.876 1.03006 -1.1
73.2649 0.411858 -6.8
131.966 0.499706 -9.4
131.804 0.617684 -9.12
131.809 0.636502 -9.39
71.3575 9.29862 -6.27
71.4815 9.51145 -6.32
71.6059 9.3755 -6.46
71.5954 9.33786 -6.56
123.683 9.67149 -8.74
123.667 9.61504 -8.86
123.788 9.58155 -8.91
123.751 9.7986 -8.53
123.442 9.73847 -8.62
123.446 9.63602 -8.88
123.194 9.6616 -8.72
123.162 9.66245 -8.69
123.145 9.71974 -8.97
124.211 9.70312 -9
69.9623 0.782946 1.52
69.7817 0.833183 1.61
70.0464 0.735247 1.32
69.6537 0.722818 1.44
69.6309 0.757535 1.57
70.4734 0.754356 1.31
70.8058 0.783531 1.5
70.8776 0.808183 1.35
68.7947 0.783295 1.57
71.1393 0.816468 1.46
126.983 9.29288 -0.0900002
126.766 9.21139 -0.189999
125.886 9.1966 -0.220001
125.498 9.19923 -0.16
124.85 9.20109 -0.329998
71.8913 9.23532 -6.48
71.9559 9.35114 -6.41
72.1161 9.46066 -6.47
71.1498 0.854102 1.42
71.269 0.699335 1.28
73.5351 0.450251 -6.85
73.5089 0.356166 -6.56
73.5338 0.328976 -6.54
74.15 0.445467 -6.78
131.44 0.59312 -9.3
131.395 0.780066 -9.15
131.105 0.78768 -9.17
132.511 0.709058 -9.42
123.028 9.53327 -8.93
122.634 9.74833 -8.64
131.066 0.530921 -9.37
130.852 0.691989 -9.38
130.743 0.535617 -9.41
131.566 0.578445 -9.36
130.456 0.66827 -9.37
71.6512 0.674129 1.28
71.7166 0.676201 1.31
134.885 1.20014 -0.82
134.234 1.07321 -1.17
133.487 1.07009 -1.05
122.42 9.79565 -8.57
122.296 9.58283 -8.67
122.142 9.72715 -8.63
121.853 9.62102 -8.59
72.3798 9.35896 -6.51
72.4172 9.37693 -6.38
72.2834 9.47901 -6.34
72.658 9.30994 -6.37
72.7175 9.40695 -6.55
72.8078 9.38183 -6.44
74.3595 0.265582 -6.79
74.3639 0.398148 -6.7
74.3037 0.414893 -6.6
74.7056 0.34368 -6.82
74.8043 0.348669 -6.95
73.855 0.434264 -6.6
73.8084 0.499935 -6.66
74.981 0.400891 -6.8
73.6241 0.303857 -6.74
134.462 1.07858 -0.779999
134.892 0.991463 -1.03
135.258 1.02355 -1.14
133.04 0.979471 -1.11
121.859 9.52609 -8.83
121.812 9.59176 -8.84
121.657 9.73608 -8.65
72.9586 9.45748 -6.36
73.0361 9.26968 -6.62
72.3028 9.31549 -6.57
124.388 9.28905 -0.0299988
123.995 9.15911 -0.279999
123.498 9.12288 -0.34
72.181 0.713281 1.24
72.6245 0.675093 1.23
75.1302 0.237751 -6.9
75.1647 0.361944 -6.66
75.5532 0.359319 -6.74
121.494 9.61527 -8.86
121.44 9.53709 -8.83
121.293 9.59024 -8.6
121.162 9.5861 -8.87
129.721 0.592797 -9.13
129.628 0.606625 -9.01
129.554 0.691959 -9.23
129.92 0.72405 -9.1
129.912 0.693943 -9.3
129.962 0.525814 -9.3
129.601 0.626288 -9.41
129.292 0.566161 -9.3
129.267 0.7071 -9.23
130.333 0.576723 -9.34
75.6624 0.401942 -6.87
120.98 9.75008 -8.5
120.842 9.60208 -8.53
120.812 9.61046 -8.86
73.3376 9.42098 -6.55
73.6937 9.30169 -6.62
73.9722 9.37019 -6.58
128.669 0.658349 -9.05
128.546 0.680551 -9.07
128.824 0.749051 -9.01
128.595 0.626171 -9.28
128.906 0.693825 -9.22
129.042 0.48176 -9.27
129.111 0.847659 -9.04
128.177 0.637169 -9.11
128.196 0.70491 -9.24
73.4288 9.28211 -6.71
74.0971 9.46926 -6.46
74.3306 9.37594 -6.66
74.3141 9.43323 -6.45
74.3908 9.35919 -6.65
120.427 9.51062 -8.62
120.049 9.55088 -8.82
120.036 9.61947 -8.82
119.863 9.5823 -8.58
119.674 9.60243 -8.82
76.0093 0.366292 -6.92
76.1651 0.343244 -6.93
76.3313 0.357832 -6.96
71.018 8.89433 1.73
71.7361 9.0271 1.87
72.1434 9.09222 1.8
69.7001 9.05406 1.93
72.3539 8.9161 1.59
72.4934 9.06786 1.81
69.0579 8.96099 1.82
73.133 8.91837 1.67
127.698 0.782425 -9.02
119.51 9.71288 -8.55
119.509 9.4741 -8.86
119.399 9.54522 -8.88
119.221 9.60675 -8.53
120.669 9.68243 -8.59
75.7496 0.365533 -6.89
76.6391 0.531708 -6.85
76.6627 0.383242 -6.98
131.3 1.1389 -0.82
130.995 1.09007 -0.75
130.892 0.952512 -1.05
131.982 1.02244 -0.989998
132.295 1.10139 -0.970001
130.025 1.10039 -1.09
132.645 1.19078 -0.84
129.858 1.19956 -0.799999
129.675 1.011 -0.82
71.307 9.00047 1.72
73.2746 9.07766 1.81
74.6775 9.34029 -6.68
74.6835 9.24535 -6.75
74.8822 9.37661 -6.55
74.9945 9.43052 -6.72
118.801 9.61022 -8.53
118.754 9.55838 -8.77
118.728 9.46429 -8.81
118.386 9.75379 -8.48
118.213 9.59534 -8.57
76.7656 0.403285 -6.97
118.103 9.66647 -8.51
118.457 9.53965 -8.73
118.472 9.5961 -8.77
117.827 9.60926 -8.81
117.723 9.58545 -8.66
117.688 9.57501 -8.51
126.01 0.65998 -8.91
126.218 0.707592 -8.96
125.964 0.611902 -9.23
126.362 0.643147 -9.21
126.38 0.589613 -9.21
125.48 0.620828 -8.89
125.549 0.63419 -9.18
126.693 0.668558 -9.2
74.9914 9.41923 -6.54
75.1938 9.33051 -6.66
75.2097 9.50448 -6.5
129.29 1.02492 -0.790001
128.579 1.14975 -0.66
128.555 1.06319 -0.649998
128.196 1.05745 -0.869999
76.9816 0.363492 -6.94
77.2528 0.405648 -7.09
77.2609 0.318244 -6.8
117.147 9.61197 -8.46
117.112 9.48778 -8.75
116.871 9.66851 -8.45
125.926 0.590167 -8.88
125.028 0.746421 -8.98
124.772 0.756953 -8.93
124.741 0.647813 -8.96
75.5718 9.29025 -6.8
116.718 9.58533 -8.76
116.554 9.57827 -8.48
116.556 9.70331 -8.5
116.251 9.54073 -8.44
76.8499 0.473098 -6.77
77.3182 0.40772 -7.01
77.4792 0.40349 -6.9
124.647 0.540366 -9.21
124.23 0.790152 -8.91
124.045 0.707823 -9.16
123.92 0.608749 -9.26
123.807 0.786097 -8.96
71.0761 8.87006 1.82
73.8406 9.01351 1.81
127.948 1.09809 -0.77
129.569 1.09342 -0.73
127.5 1.00371 -0.98
127.442 1.14549 -0.709999
127.316 1.1564 -0.66
74.2149 0.6788 1.28
73.0753 0.663249 1.21
75.3642 0.845734 1.16
73.0135 0.907493 1.4
75.5186 0.701411 1.1
76.2118 0.861372 1.23
77.6306 0.247877 -7.03
77.6976 0.488736 -7.05
77.7766 0.539732 -6.9
116.046 9.61815 -8.69
115.881 9.72484 -8.43
123.52 0.687489 -8.93
123.567 0.621818 -9.21
127.131 0.960326 -0.880001
127.008 1.10004 -0.739998
126.727 0.9065 -0.919998
78.0421 0.328047 -6.86
78.1958 0.297473 -7.08
78.3508 0.388175 -6.95
115.696 9.64251 -8.5
115.683 9.47984 -8.7
74.1364 8.91096 1.61
74.1762 9.05397 1.72
74.6686 9.07515 1.69
76.1566 9.29384 -6.68
75.7726 9.42904 -6.6
76.587 9.44176 -6.74
75.6613 9.37889 -6.62
76.6616 9.36019 -6.58
76.8543 9.58637 -6.71
76.9679 9.29527 -6.82
126.526 1.11649 -0.689999
78.4953 0.441242 -6.86
78.5908 0.43494 -7.06
78.8047 0.387621 -6.9
115.565 9.63837 -8.43
115.655 9.49574 -8.7
115.229 9.48039 -8.69
116.208 9.50018 -8.66
76.1964 9.43685 -6.7
77.0575 9.3839 -6.69
75.9804 9.47665 -6.51
77.2766 9.3554 -6.62
77.3397 9.23243 -6.77
123.419 0.674973 -8.84
122.592 0.499579 -9.13
74.6869 0.859737 1.3
74.4437 0.801681 1.21
76.9244 0.857814 1.05
76.9951 0.878702 1.22
73.8777 0.865833 1.41
77.6705 0.974685 0.93
79.1307 0.276702 -7.13
79.5092 0.471467 -6.95
125.057 0.965546 -0.939999
77.5468 9.3938 -6.82
77.5311 9.33734 -6.67
77.6041 9.48327 -6.62
78.2491 9.47011 -6.67
78.3122 9.34715 -6.82
122.414 0.674855 -8.84
122.162 0.704204 -8.92
122.295 0.715873 -9.17
121.867 0.575488 -8.86
121.917 0.521108 -9.04
123.239 0.611461 -8.98
121.641 0.577647 -9.17
123.19 0.665841 -9.19
79.5642 0.435904 -7.14
79.6055 0.351417 -7.1
79.7147 0.39404 -6.92
80.1354 0.390569 -7.09
80.316 0.340331 -7.14
80.4582 0.26836 -7.18
118.143 9.22944 0.16
117.655 9.22332 0.190002
117.157 9.18332 0.200001
119.626 9.19429 0.16
116.529 9.13918 -0.0999985
116.474 9.17474 -0.130001
119.887 9.31633 0.0699997
120.106 9.17407 -0.299999
121.235 0.751319 -8.86
120.968 0.724216 -8.83
120.676 0.606791 -8.77
124.989 1.0697 -0.599998
124.655 1.03676 -0.84
124.455 1.133 -0.739998
126.054 1.05307 -0.91
123.756 0.954225 -0.849998
123.452 1.14418 -0.649998
123.404 0.971058 -0.82
116.002 9.11132 -0.130001
115.873 9.1147 0.0100021
115.793 9.2912 0.190002
78.7133 9.38968 -6.66
78.6743 9.59921 -6.7
78.867 9.35911 -6.91
79.0717 9.39543 -6.78
120.902 0.604632 -8.7
121.004 0.620911 -9.11
120.334 0.661258 -8.85
120.222 0.607344 -9.03
81.0237 0.435468 -7.23
81.3323 0.495596 -7.07
112.939 9.52541 -8.26
112.947 9.55551 -8.64
112.562 9.45568 -8.49
112.488 9.53725 -8.3
113.411 9.5926 -8.37
112.504 9.47995 -8.57
113.335 9.43538 -8.64
113.357 9.51441 -8.67
119.97 0.636693 -8.75
119.877 0.768034 -8.77
119.725 0.57111 -9.08
78.6405 9.36127 -7.04
78.38 9.47426 -6.71
79.1183 9.32976 -6.97
112.334 9.56783 -8.31
112.245 9.47919 -8.58
112.015 9.58758 -8.32
112.95 9.44929 -8.52
112.043 9.45416 -8.62
120.042 0.543833 -9.03
119.586 0.53686 -8.79
119.568 0.707906 -8.87
119.279 0.601771 -8.8
79.1591 9.47653 -7.05
79.1869 9.34312 -6.66
78.3633 9.41404 -6.89
123.28 1.10701 -0.540001
123.001 1.03851 -0.619999
122.48 1.02946 -0.73
124.733 1.2015 -0.689999
122.051 1.00283 -0.599998
111.654 9.45679 -8.51
111.525 9.69143 -8.3
111.451 9.65926 -8.27
119.227 0.531112 -9.1
119.23 0.542402 -9.13
111.241 9.60412 -8.35
111.178 9.60957 -8.51
111.031 9.54898 -8.25
111.16 9.42808 -8.57
110.859 9.51181 -8.5
110.832 9.53147 -8.53
115.258 9.23323 0.0900002
114.281 9.33849 0.27
113.998 9.25117 0.240002
78.0483 0.816913 0.920002
77.7365 0.745495 0.940002
79.0094 0.890228 1.02
79.3112 0.692751 0.830002
79.6544 0.877071 0.970001
79.8382 0.838125 0.880001
79.8756 0.856096 0.740002
110.604 9.76113 -8.24
110.522 9.58509 -8.46
121.706 1.046 -0.610001
121.598 0.889632 -0.790001
121.221 0.933655 -0.860001
81.5022 0.290212 -7.29
81.7423 0.336978 -7.25
81.4174 0.45166 -7.11
81.8161 0.369157 -7.26
81.8494 0.372074 -7.1
81.8868 0.390045 -7.08
82.1413 0.371987 -7.32
82.2295 0.339342 -7.32
110.454 9.57173 -8.23
110.312 9.6437 -8.21
110.411 9.53494 -8.46
109.993 9.54594 -8.25
110.059 9.43427 -8.49
76.746 8.96371 1.44
75.6566 9.12881 1.65
77.8929 9.00561 1.41
77.9811 8.97296 1.32
78.0903 9.01558 1.59
78.1641 9.04776 1.42
75.2045 9.01937 1.48
78.334 8.84238 1.37
78.4199 9.15098 1.63
117.913 0.588379 -8.75
118.11 0.594593 -8.74
118.112 0.60212 -9.05
117.484 0.561743 -8.98
118.399 0.700728 -8.76
118.515 0.534671 -8.96
117.202 0.595701 -9.01
117.164 0.691479 -8.97
82.3138 0.409155 -7.05
109.518 9.47123 -8.21
109.26 9.59551 -8.37
109.162 9.47677 -8.48
109.077 9.63445 -8.24
109.009 9.50734 -8.23
108.984 9.65205 -8.44
116.894 0.539337 -8.74
117.014 0.619594 -8.73
116.916 0.500856 -8.95
116.839 0.574899 -8.95
116.424 0.597188 -8.97
116.364 0.613934 -8.66
82.5622 0.486028 -7.28
82.5952 0.371433 -7.37
82.6795 0.441246 -7.16
80.5553 9.48155 -7.03
81.1453 9.50396 -6.87
79.9186 9.52482 -6.86
81.2011 9.35465 -7.13
81.2304 9.46002 -6.86
81.2574 9.44036 -7.12
120.403 1.02716 -0.57
120.16 0.9691 -0.669998
119.894 1.06327 -0.52
119.906 0.87341 -0.689999
119.842 0.992614 -0.739998
119.427 1.13241 -0.559998
119.143 1.0451 -0.57
82.7313 0.394393 -7.18
83.0159 0.367962 -7.38
83.0504 0.492155 -7.11
83.2434 0.369567 -7.28
108.739 9.46895 -8.41
108.563 9.538 -8.1
108.356 9.60791 -8.28
108.358 9.61543 -8.39
77.1908 9.0468 1.57
78.8382 9.02247 1.57
79.0296 9.12738 1.53
80.982 9.38315 -7.18
80.4241 9.3599 -7.03
81.5878 9.46201 -7.14
81.4613 9.59043 -6.74
81.6603 9.37291 -7.1
80.3657 0.752237 0.869999
80.371 0.771054 0.850002
80.5374 0.903154 0.959999
80.9008 0.810206 0.73
81.3082 0.875323 0.889999
115.989 0.665483 -8.68
115.718 0.740839 -8.71
118.721 1.0448 -0.809998
118.432 0.93867 -0.77
81.6977 9.39088 -6.9
81.8205 9.48243 -6.99
108.11 9.42481 -8.45
107.932 9.60009 -8.22
83.4751 0.386225 -7.41
83.5149 0.529236 -7.25
83.6392 0.393286 -7.38
83.7921 0.47646 -7.24
116.008 0.619476 -8.97
115.275 0.665278 -8.69
116.299 0.733138 -8.61
114.94 0.511065 -8.89
81.9606 9.40293 -7.08
82.0095 9.4623 -6.97
114.888 0.671667 -8.6
115.7 0.559349 -8.67
114.833 0.593481 -8.6
114.601 0.573059 -8.65
83.978 0.44504 -7.38
84.0463 0.34089 -7.48
83.2403 0.358277 -7.12
107.552 9.51907 -8.1
106.929 9.61126 -8.2
106.916 9.56234 -8.16
108.242 9.66774 -8.13
82.1184 9.38741 -7.06
82.3857 9.53203 -7.2
82.4768 9.39316 -7
82.5174 9.42242 -7.17
114.456 0.519992 -8.86
114.388 0.624142 -8.79
114.269 0.665161 -8.54
115.377 0.450296 -8.96
114.123 0.604566 -8.97
84.1133 0.581749 -7.16
84.4702 0.348709 -7.52
84.7749 0.511295 -7.25
106.45 9.639 -8.04
106.386 9.52318 -8.28
106.314 9.72979 -8.11
106.019 9.60484 -8.04
105.97 9.65922 -8.09
82.5038 9.3735 -6.9
82.8049 9.28977 -7.21
82.8012 9.50974 -6.91
111.257 9.19428 0.310001
110.857 9.27302 0.360001
111.76 9.2531 0.209999
110.571 9.17818 0.310001
110.297 9.24224 0.41
109.901 9.21852 0.34
112.875 9.18209 0.0299988
114.063 0.621312 -8.87
113.718 0.664489 -8.56
113.683 0.654045 -8.68
84.8796 0.421352 -7.21
85.0082 0.300456 -7.53
117.79 1.07687 -0.439999
117.695 0.969419 -0.75
118.173 1.05542 -0.48
118.061 1.00151 -0.720001
118.129 1.01487 -0.689999
117.314 1.1159 -0.450001
117.244 0.981263 -0.779999
117.195 0.921894 -0.689999
118.409 0.969624 -0.739998
105.91 9.4447 -8.34
107.202 9.65718 -8.1
113.746 0.531077 -8.81
113.617 0.534461 -8.86
113.409 0.604361 -8.66
113.394 0.54791 -8.78
113.999 0.740516 -8.48
105.645 9.54264 -8.25
105.569 9.38542 -8.27
105.35 9.53144 -8.22
105.364 9.46285 -8.27
109.481 9.222 0.400002
111.067 9.09314 0.139999
109.399 9.15971 0.34
111.553 9.09174 0.0800018
110.556 9.12173 -0.00999832
108.643 9.00897 0.139999
112.893 0.614134 -8.6
112.668 0.737568 -8.58
112.666 0.49878 -8.82
112.574 0.516372 -8.48
112.404 0.604244 -8.49
112.415 0.528129 -8.76
112.21 0.491807 -8.68
116.443 1.01747 -0.459999
116.421 0.938435 -0.599998
116.323 0.933446 -0.709999
117.514 1.01966 -0.759998
115.188 1.16797 -0.41
83.5719 9.48191 -7.34
83.5771 9.50072 -7
83.5824 9.51954 -6.98
84.0641 9.38557 -7.21
84.3458 9.46537 -7.26
84.4068 9.33487 -7.28
108.108 9.18602 0.380001
82.4538 0.795942 0.709999
82.803 0.885331 0.830002
82.9669 0.774879 0.75
81.9365 0.801951 0.84
82.9972 0.884018 0.860001
83.2981 0.682777 0.690002
81.4744 0.88991 0.91
112.95 0.586098 -8.74
112.07 0.571306 -8.69
112.018 0.618159 -8.52
104.94 9.45503 -7.98
104.893 9.5207 -8.32
105.272 9.71547 -8.04
104.339 9.39499 -8.22
104.152 9.65391 -7.93
111.515 0.559344 -8.75
85.8385 0.48714 -7.57
85.4809 0.367644 -7.51
86.1959 0.489125 -7.29
86.2789 0.437662 -7.28
85.3409 0.447142 -7.38
86.3828 0.461468 -7.57
86.5896 0.505316 -7.41
84.5225 9.51759 -7.12
84.7455 9.38663 -7.26
84.7725 9.36696 -7.36
114.997 1.06683 -0.43
115.949 0.988759 -0.599998
113.88 0.899047 -0.599998
116.278 1.12416 -0.369999
82.5907 0.705153 0.709999
82.2888 0.902631 0.940002
83.6965 0.949048 0.720001
83.8543 0.933527 0.799999
103.821 9.63226 -7.99
103.912 9.49339 -8.24
103.445 9.56254 -8.22
103.319 9.57721 -8.03
103.112 9.5296 -8.14
103.04 9.62246 -7.93
107.303 9.08966 0.190002
107.194 9.04704 0.209999
107.066 9.16793 0.41
106.163 9.18786 0.470001
111.139 0.489618 -8.47
110.917 0.50683 -8.48
111.201 0.594148 -8.77
111.016 0.511819 -8.79
110.922 0.525648 -8.77
110.819 0.619354 -8.61
110.507 0.547936 -8.52
111.833 0.418318 -8.79
81.6834 8.98942 1.24
82.0554 9.04409 1.31
82.3429 8.91144 1.21
82.3887 8.95952 1.24
82.7366 8.92763 1.13
80.5915 8.91196 1.25
82.9188 9.11618 1.33
80.4422 9.0751 1.5
83.572 9.01562 1.32
83.9272 9.01008 1.13
85.3024 9.40611 -7.12
84.089 9.35839 -7.06
85.422 9.48637 -7.37
85.5997 9.54236 -7.13
86.8116 0.370592 -7.54
87.0653 0.466282 -7.38
86.5815 0.592721 -7.38
87.2294 0.473343 -7.42
87.5276 0.495836 -7.62
87.5538 0.589922 -7.4
103.866 9.55906 -7.97
103.951 9.51513 -8.2
110.307 0.530431 -8.71
110.217 0.673062 -8.45
110.27 0.51246 -8.75
110.029 0.579443 -8.44
109.925 0.555637 -8.43
109.865 0.572383 -8.68
109.857 0.428527 -8.64
109.534 0.550736 -8.7
109.46 0.632306 -8.48
84.0193 0.826839 0.630001
84.5897 0.895252 0.740002
85.0706 0.875035 0.77
109.499 0.540291 -8.72
109.151 0.68969 -8.44
109.089 0.581397 -8.38
109.097 0.493992 -8.63
109.056 0.464731 -8.65
112.983 1.0553 -0.279999
113.579 0.982776 -0.259998
112.309 0.963082 -0.259998
112.352 0.886121 -0.57
112.142 0.944731 -0.259998
111.636 0.992138 -0.209999
84.0508 8.98788 0.970001
102.082 9.44292 -7.89
101.756 9.55384 -7.96
101.797 9.5831 -8.05
102.426 9.51349 -8.19
102.469 9.43653 -8.18
101.45 9.61875 -7.92
102.746 9.49751 -7.92
102.885 9.41424 -8.14
88.2703 0.483905 -7.42
88.3533 0.432442 -7.47
105.519 9.08727 0.290001
105.223 9.18981 0.459999
104.792 9.15565 0.41
108.859 0.572265 -8.39
108.583 0.628804 -8.35
108.646 0.505836 -8.63
108.567 0.45484 -8.34
101.042 9.66738 -7.81
102.078 9.66289 -7.9
102.199 9.39814 -8.2
108.138 0.659465 -8.34
108.069 0.646103 -8.38
112.573 1.09641 -0.349998
111.555 0.933616 -0.470001
112.746 0.902313 -0.59
111.395 1.05912 -0.279999
86.5956 9.39109 -7.35
86.2582 9.46061 -7.38
86.9862 9.39599 -7.34
87.0071 9.47126 -7.36
87.1247 9.54399 -7.2
87.2572 9.32064 -7.42
87.3708 9.49583 -7.17
105.847 9.10139 0.549999
102.507 9.10573 0.389999
88.6649 0.386348 -7.71
88.4976 0.367997 -7.73
88.8704 0.30892 -7.83
89.0743 0.458991 -7.47
89.1751 0.471507 -7.47
88.0258 0.304573 -7.67
89.3685 0.583943 -7.52
89.5335 0.477254 -7.75
107.82 0.56923 -8.39
108.269 0.549859 -8.54
107.815 0.550413 -8.6
107.627 0.456794 -8.65
107.535 0.474385 -8.58
84.3833 9.01705 1.02
84.5173 9.03248 1
84.61 9.1324 1.18
85.3346 8.93898 1.05
85.4679 9.06816 1.17
86.6791 9.57465 -7.16
87.4454 9.41426 -7.45
86.387 9.45723 -7.17
112.106 0.934287 -0.52
111.079 0.97265 -0.329998
85.8752 9.13328 1.2
87.62 9.45895 -7.23
87.8601 9.50572 -7.5
87.9978 9.30118 -7.65
86.8116 9.3513 -7.11
86.3555 0.829905 0.48
86.7959 0.780426 0.510002
87.2113 0.758138 0.470001
87.6066 1.01312 0.57
87.626 0.849598 0.600002
88.0168 0.972012 0.66
88.4208 0.908326 0.580002
100.086 9.61289 -7.84
99.8117 9.67695 -7.89
100.242 9.47609 -8.05
100.234 9.44598 -8.05
99.6659 9.50261 -7.86
99.5402 9.51728 -7.79
100.753 9.56125 -7.82
99.3436 9.39356 -8.04
88.2611 9.54825 -7.22
88.4334 9.46791 -7.26
88.6586 9.34447 -7.54
107.145 0.59076 -8.35
107.162 0.650975 -8.29
107.204 0.452738 -8.61
106.845 0.560739 -8.33
107.267 0.443519 -8.63
106.635 0.505601 -8.48
106.534 0.493085 -8.54
99.1373 9.58473 -7.86
106.897 0.513886 -8.57
106.107 0.473976 -8.45
98.8716 9.6789 -7.76
98.6135 9.45065 -8.01
98.5773 9.55395 -7.74
98.5255 9.60081 -7.98
109.573 1.03876 -0.299999
108.239 1.02452 -0.239998
107.387 0.876314 -0.369999
109.19 0.94645 -0.220001
107.274 1.05366 -0.200001
88.9672 9.4046 -7.52
88.8926 9.48617 -7.27
89.196 9.52748 -7.33
89.1847 9.6036 -7.27
98.2802 9.53522 -7.77
97.7933 9.65037 -7.72
97.7825 9.49522 -7.95
97.7464 9.59853 -7.74
98.9146 9.36692 -8.03
90.7362 0.369837 -7.84
90.8393 0.507392 -7.61
90.9056 0.395715 -7.58
91.0336 0.50608 -7.89
90.3592 0.41386 -7.82
91.1977 0.51314 -7.81
90.3335 0.554799 -7.64
91.1314 0.624817 -7.6
105.331 0.482989 -8.18
105.499 0.50134 -8.47
104.921 0.524095 -8.48
105.709 0.556479 -8.52
104.735 0.555515 -8.2
104.838 0.340533 -8.5
106.006 0.575209 -8.18
105.938 0.56561 -8.56
88.669 9.38211 -7.47
89.4761 9.36848 -7.55
89.4971 9.44375 -7.39
90.8092 0.515765 -7.83
91.4467 0.358752 -7.89
90.6134 0.27829 -7.86
91.6153 0.498378 -7.66
97.4731 9.54885 -7.8
97.4605 9.50368 -7.95
97.3349 9.51836 -7.71
97.3213 9.46943 -7.89
98.165 9.58753 -7.97
97.1239 9.45946 -7.98
104.559 0.503294 -8.44
104.586 0.48363 -8.49
104.199 0.611295 -8.17
105.312 0.528997 -8.51
104.017 0.422744 -8.48
96.9215 9.54817 -7.86
103.77 0.584659 -8.16
103.691 0.533663 -8.47
103.676 0.477211 -8.43
88.5753 0.764003 0.380001
88.4276 0.699646 0.41
88.4986 0.838046 0.510002
88.9734 0.912761 0.66
89.2473 0.731183 0.34
89.397 0.803068 0.290001
91.6838 0.51174 -7.84
91.7328 0.571109 -7.58
91.9601 0.455202 -7.87
91.9022 0.596986 -7.63
92.0836 0.433 -7.84
96.5317 9.42952 -7.6
96.4186 9.48936 -7.86
96.7966 9.4491 -7.95
96.0746 9.41879 -7.64
95.8942 9.58654 -7.63
95.8835 9.43139 -7.83
90.0052 9.52139 -7.61
90.3063 9.43766 -7.64
89.8141 9.53399 -7.27
90.6036 9.5739 -7.4
90.627 9.30792 -7.67
103.199 0.629994 -8.22
102.98 0.658497 -8.03
102.83 0.586612 -8.12
102.847 0.415566 -8.37
102.757 0.440685 -8.46
102.666 0.579552 -8.15
102.495 0.546148 -8.36
106.75 0.919578 -0.130001
105.934 0.89933 -0.329998
105.826 0.977983 -0.279999
105.433 0.848042 -0.27
105.241 1.09191 -0.0499992
92.4629 0.514017 -7.94
92.4755 0.559178 -7.89
92.6344 0.547421 -7.74
96.5662 9.55372 -7.76
95.2966 9.42027 -7.56
89.5792 0.991619 0.580002
90.2282 0.876003 0.560001
90.6987 0.818152 0.330002
92.9687 0.46661 -7.88
92.9815 0.629283 -7.63
93.1268 0.568602 -7.7
102.461 0.54323 -8.08
102.377 0.473417 -8.18
102.395 0.419883 -8.32
99.7741 9.07518 0.740002
100.996 9.15302 0.57
101.052 9.00371 0.420002
98.4208 9.22446 0.670002
98.3646 9.13875 0.700001
97.8577 9.18239 0.73
101.925 9.11343 0.610001
97.6148 9.24185 0.709999
102.007 9.0582 0.330002
87.723 9.01271 0.970001
87.486 8.97723 0.959999
87.9879 9.03228 0.950001
88.4117 9.0401 1.08
86.9198 8.92387 0.950001
88.8481 9.09308 1.12
89.8982 9.02 0.760002
90.8204 9.42036 -7.63
91.1589 9.3546 -7.63
91.1207 9.45038 -7.42
91.2019 9.5089 -7.7
91.1508 9.442 -7.36
101.932 0.621591 -8.16
94.9602 9.49356 -7.81
94.8033 9.51284 -7.61
94.7266 9.58689 -7.55
91.4781 9.45236 -7.63
90.8947 9.68756 -7.39
91.6535 9.38331 -7.49
91.7265 9.52923 -7.69
101.445 0.619227 -8.18
101.448 0.516769 -8.1
94.641 9.3958 -7.76
95.0068 9.42789 -7.72
95.0986 9.64156 -7.59
94.3099 9.4879 -7.6
94.4602 9.32852 -7.8
94.2313 9.67193 -7.58
94.2269 9.53936 -7.7
101.284 0.509708 -8.29
101.591 0.444797 -8.33
101.683 0.544717 -8.35
101.768 0.614531 -8.07
101.117 0.491358 -8.08
100.973 0.555803 -8.31
100.789 0.59475 -8.03
92.0019 9.58644 -7.44
92.1014 9.47768 -7.71
93.9017 9.53653 -7.55
93.8695 9.53738 -7.69
93.7596 9.6085 -7.53
93.5444 0.55384 -7.91
93.8923 0.521953 -7.9
94.1986 0.457042 -8.03
94.4529 0.321471 -8.07
99.2654 9.22881 0.639999
97.4719 8.96128 0.630001
96.9778 9.1676 0.77
96.6153 9.1468 0.810001
95.8037 9.02786 0.490002
100.79 0.481001 -8.34
100.671 0.522019 -8.29
100.508 0.632471 -8.05
91.3466 0.698773 0.240002
91.8194 0.765961 0.240002
104.413 1.03026 -0.0400009
103.962 1.0421 -0.0599976
104.921 0.990381 -0.0999985
105.035 0.816796 -0.309998
103.057 1.16825 -0.119999
102.79 1.02364 -0.00999832
93.7187 9.46173 -7.8
93.2069 9.60407 -7.46
92.1336 9.47684 -7.69
92.1587 9.56716 -7.51
92.4121 9.54534 -7.76
92.4197 9.6892 -7.52
92.547 9.44702 -7.54
92.5854 9.46876 -7.63
100.327 0.451447 -8.24
100.252 0.411741 -8.27
100.07 0.575727 -8.09
99.9227 0.628882 -7.97
99.7675 0.420668 -8.23
100.47 0.496988 -8.07
99.6743 0.552009 -7.96
99.6088 0.549937 -8.07
92.9355 9.4444 -7.73
92.8857 9.49878 -7.51
92.9294 9.53933 -7.49
93.3313 9.46812 -7.76
95.4288 9.07941 0.580002
94.4937 0.468245 -7.93
94.8261 0.497419 -7.96
94.0855 0.516877 -7.79
95.0068 0.447182 -7.8
95.0264 0.401175 -8.03
99.1934 0.572226 -8.02
99.2596 0.460548 -8.24
99.2347 0.487738 -8.24
98.9742 0.600728 -7.93
98.9065 0.473618 -8.25
98.7703 0.450658 -8.24
98.6823 0.600815 -8.04
98.6583 0.514257 -8
94.556 0.459026 -7.81
95.2251 0.532428 -8.01
91.4471 9.57448 -7.38
98.5926 0.394673 -8.24
98.357 0.480473 -8.21
98.1658 0.493076 -8.14
98.1433 0.645305 -7.88
92.0917 0.811881 0.279999
92.0045 0.84829 0.260002
92.2063 0.990834 0.400002
92.4885 0.839364 0.279999
92.9258 0.778595 0.32
91.2599 0.970207 0.420002
91.2037 0.884494 0.5
93.0393 0.953784 0.34
95.5 0.354614 -8.03
94.8939 0.62453 -7.82
95.7799 0.54439 -7.86
90.6668 9.45093 -7.34
93.7559 0.847767 0.16
97.8054 0.479801 -7.88
97.7784 0.499465 -8.12
98.035 0.488933 -8.09
97.5548 0.395401 -8.15
97.3545 0.491645 -8.1
97.1844 0.579517 -7.91
101.113 0.94259 0.0900002
101.091 0.863558 -0.0599976
101.505 0.955018 0
101.798 1.07244 0.0200005
101.777 0.765914 -0.23
100.217 0.753834 -0.18
102.222 0.849001 -0.239998
90.1204 9.46908 -7.43
97.0286 0.602564 -7.83
97.076 0.423145 -8.1
96.6898 0.550809 -7.94
95.999 0.515887 -8.06
96.072 0.661815 -7.81
96.294 0.527091 -7.86
96.4016 0.330926 -8.13
95.3984 0.455847 -7.85
96.7509 0.420315 -8.12
96.9307 0.483826 -8.1
96.7396 0.496429 -7.83
95.9883 0.360741 -8.08
89.9021 9.38383 -7.56
95.389 9.40268 -7.88
95.5772 9.4963 -7.71
92.7541 9.1421 0.850002
93.1748 9.13863 0.860001
92.1006 9.12515 0.93
91.9478 9.04197 0.709999
94.0162 9.13169 0.790001
94.0741 8.9899 0.709999
91.3893 9.24998 0.959999
90.0511 9.10318 1.02
98.7048 0.914872 0.100002
98.4053 0.771103 -0.0299988
98.1147 0.892466 0
99.252 0.782978 -0.139999
98.0891 1.0334 0.23
97.8883 0.894625 0.200001
97.7783 0.96575 0.0800018
97.8242 0.547543 -7.89
97.5608 0.766755 0.0100021
97.4231 0.971293 0.260002
97.0971 1.08221 0.119999
98.847 0.8429 -0.0900002
93.379 0.425504 -7.92
96.85 9.64104 -7.67
96.7945 0.927152 0.209999
96.41 0.827319 0.110001
96.145 0.807743 0.0299988
94.991 0.857016 0.0400009
87.6787 9.20342 1.14
87.4114 9.0588 1.17
94.5145 1.0098 0.32
95.0777 1.05187 0.25
93.9004 0.900834 0.420002
95.9002 0.977184 0.25
89.8856 0.460421 -7.57
83.2745 9.34566 -6.94
83.2693 9.32685 -7.16
90.0257 0.380923 -7.59
89.5387 0.496071 -7.58
89.8948 0.37678 -7.79
90.1746 0.566556 -7.53
94.1224 0.76611 0.100002
91.0126 0.897097 0.200001
99.8125 9.5632 -8
99.7779 9.43901 -8.07
98.8886 0.875925 -0.0499992
98.9689 1.0482 0.16
99.736 0.774051 -0.149998
87.624 0.375786 -7.59
90.7248 0.912238 0.48
85.804 0.362947 -7.31
80.3414 9.52887 -6.79
79.3992 9.5233 -6.77
85.7904 0.314023 -7.59
103.989 0.556156 -8.44
101.09 9.37422 -8.16
100.851 0.816792 -0.16
101.184 0.84973 -0.130001
84.2977 0.311541 -7.38
85.6414 0.594675 -7.45
86.8749 0.831422 0.720001
105.022 0.654123 -8.25
106.457 0.563365 -8.45
84.2292 0.881978 0.799999
102.292 9.03177 0.240002
104.95 9.61018 -8.05
102.222 9.24591 0.529999
106.353 1.12336 -0.220001
106.704 0.871499 -0.43
80.5553 0.500846 -7.01
73.4829 9.3603 -6.39
108.767 0.824882 -0.509998
76.1862 0.536025 -6.76
111.209 0.624256 -8.49
109.706 9.56485 -8.44
75.919 0.39141 -6.73
109.707 9.4511 -8.48
112.621 9.66643 -8.31
68.3568 0.491527 -6.23
72.1315 0.885174 1.48
113.727 9.67907 -8.34
114.037 9.62545 -8.63
61.4049 9.31749 -5.72
61.4274 9.16526 -5.81
61.2452 9.44299 -5.59
60.9674 9.26074 -5.56
60.6941 9.21106 -5.69
60.7153 9.40384 -5.53
60.4857 9.39471 -5.57
59.8687 9.39197 -5.43
60.2328 9.18527 -5.73
114.959 9.442 -8.64
114.493 9.63242 -8.65
114.586 9.61859 -8.35
114.274 9.54717 -8.44
59.2309 9.43147 -5.39
66.9478 0.79012 1.81
64.409 0.291973 -5.94
115.046 1.00868 -0.59
114.896 1.05055 -0.360001
118.285 0.525539 -8.97
118.755 0.581436 -9.06
118.862 0.49902 -9.05
63.4244 0.367124 -5.9
63.1739 0.282724 -5.97
62.9767 0.390258 -5.88
62.8199 0.409542 -5.84
62.6388 0.224755 -5.97
63.2581 0.352537 -6.04
62.1892 0.357875 -5.89
62.1125 0.431918 -5.78
62.1141 0.20442 -6
61.4651 0.320035 -5.85
115.327 9.13285 -0.079998
119.024 9.59677 -8.75
60.9549 0.234876 -5.92
64.5346 0.743585 1.85
64.6602 0.72891 1.82
63.5984 0.64308 1.77
60.9083 0.300547 -5.84
55.1454 9.43645 -5.14
121.302 0.525892 -9.09
56.9683 8.87678 2.54
56.6599 8.93417 2.66
56.3296 8.91252 2.66
61.6043 0.820571 2
117.668 9.15473 -0.189999
60.4784 0.387659 -5.58
122.47 0.760568 -8.84
118.349 9.15202 -0.119999
56.1484 0.213312 -5.35
57.9984 0.684063 2.35
56.1965 0.386429 -5.49
50.0258 9.22219 -4.88
54.1234 9.02735 2.81
52.5411 8.93623 2.88
52.3199 8.95721 3.01
122.371 9.73629 -8.97
56.7292 0.785645 2.29
56.5598 0.759768 2.36
56.4567 0.622213 2.16
122.037 0.953903 -0.849998
51.8322 8.71982 2.89
50.9725 8.89405 3.07
54.5789 0.751159 2.54
120.328 9.1531 -0.209999
120.734 9.21445 -0.139999
121.677 9.22379 -0.130001
121.945 9.13714 -0.279999
122.057 9.19106 -0.23
125.756 0.56429 -9.24
120.609 9.11538 -0.18
49.6991 8.98058 3.19
50.9597 8.73137 2.98
48.1056 8.96558 3.25
47.5561 8.97243 3.32
47.1527 8.80486 3.16
45.5737 9.30884 -4.39
126.77 0.594515 -9.26
127.101 0.502413 -9.26
127.139 0.637897 -9.33
127.411 0.683817 -8.97
127.515 0.707623 -9.37
52.1544 0.780739 2.68
51.8144 0.607708 2.47
123.12 9.16314 -0.189999
127.871 0.588331 -9.21
49.6698 8.8752 3.15
126.801 9.68812 -8.79
49.1831 0.59344 2.66
49.0647 0.634458 2.86
48.8351 0.625326 2.71
127.696 9.63809 -8.98
46.1534 0.3129 -4.57
48.3294 0.672733 2.94
131.084 0.712411 -9.39
129.833 9.62365 -9.12
41.4851 9.30253 -3.94
133.029 0.824324 -9.1
131.281 1.18491 -0.759998
135.145 0.734617 -9.48
133.215 9.77361 -9.19
39.797 0.783176 3.52
135.057 9.74797 -9.17
54.7158 9.17479 -5.3
54.8375 9.26258 -5.13
68.1623 8.88975 1.87
138.33 1.10586 -1.08
139.1 1.07803 -1.07
140.583 9.67481 -9.26
139.761 1.12132 -0.98
140.415 1.02452 -1.24
139.45 1.16742 -1.21
142.087 0.620467 -9.55
143.592 0.66811 -9.57
141.024 1.11467 -1.18
68.2406 9.05449 2.09
68.6705 8.96738 1.91
143.643 9.71571 -9.28
144.315 9.44787 -0.41
149.891 9.78661 -9.34
150.298 9.73422 -9.34
150.357 9.83122 -9.49
151.045 9.61983 -9.48
153.681 0.789717 -9.68
154.177 0.704676 -9.8
154.529 0.805355 -9.76
150.447 1.05665 -1.35
154.928 0.722852 -9.83
159.062 0.777236 -9.81
157.152 9.77022 -9.48
80.0419 9.3851 -6.76
79.5743 9.33673 -7
155.695 9.3119 -0.66
158.49 9.33323 -0.630001
158.769 9.40173 -0.639999
161.227 1.21318 -1.27
159.233 9.43881 -0.529999
164.875 0.802682 -9.81
162.623 9.73262 -9.51
162.704 9.79115 -9.49
162.829 1.14078 -1.38
85.7697 9.33697 -7.37
164.468 9.71827 -9.43
167.279 0.932859 -9.74
164.747 1.1586 -1.29
165.146 1.19361 -1.31
163.795 1.35042 -0.98
163.731 1.12085 -1.4
169.461 0.845223 -9.72
166.961 1.18763 -1.41
167.937 9.94557 -9.21
168.459 9.84087 -9.47
167.631 9.5442 -0.48
167.926 9.5554 -0.360001
168.18 9.41983 -0.709999
169.641 1.26127 -1.29
170.705 1.23712 -1.34
171.271 9.92241 -9.47
171.682 9.8813 -9.47
169.265 9.35719 -0.709999
169.713 9.45157 -0.34
174.053 1.03162 -9.42
168.473 9.4235 -0.559998
172.249 9.93843 -9.14
172.485 9.85263 -9.38
172.488 9.86392 -9.46
172.525 9.9994 -9.16
171.391 1.25322 -1.3
171.796 1.1933 -1.29
171.902 1.11088 -1.26
171.931 1.33001 -1.05
172.206 1.38722 -1.07
175.36 0.948009 -9.66
171.484 1.12188 -1.39
173.569 9.90374 -9.39
171.631 1.29999 -1.08
178.339 0.930391 -9.71
113.063 9.27194 0.32
180.826 0.891592 -9.59
94.1813 1.09437 0.220001
94.5515 0.792746 0.0699997
180.171 1.21965 -1.13
182.682 0.801126 -9.61
180.95 1.33568 -1.24
181.226 1.27914 -1.19
183.848 0.910763 -9.6
183.358 1.13213 -9.24
183.182 1.31494 -1.2
187.27 0.968706 -9.59
99.8436 1.04417 0.0699997
114.868 9.58087 -8.67
100.86 1.08192 0.0600014
102.495 0.898685 0.0499992
102.6 0.808742 -0.25
189.867 1.32507 -1.06
192.869 1.04147 -9.43
190.417 10.0677 -9.31
190.57 9.91957 -9.22
193.888 0.973001 -9.12
191.898 10.0287 -9.2
124.568 9.7051 -8.69
192.188 10.0211 -9.01
192.228 10.0504 -9.09
192.341 9.87304 -9.13
109.424 1.08815 -0.220001
192.684 10.0574 -9.17
194.719 1.04594 -9.42
196.62 1.1173 -9.38
197.003 0.978344 -9.36
197.011 1.1222 -9.35
193.934 10.0018 -9.11
197.351 0.946457 -9.35
129.727 9.82734 -8.87
196.104 9.99026 -9.04
197.207 10.1091 -9.05
197.263 9.95981 -9.11
197.155 10.156 -8.78
200.698 0.968458 -9.25
197.753 10.2047 -8.73
195.907 9.51777 -0.329998
196.8 9.57772 -0.43
201.305 1.05108 -9.19
201.605 1.19485 -9.25
200.618 10.1257 -8.97
200.673 10.0901 -9.06
203.19 1.17974 -9.24
200.365 9.91623 -8.98
203.706 1.16996 -8.92
201.451 10.2061 -8.73
201.488 9.98907 -8.9
205.129 1.27283 -8.8
203.673 10.1478 -8.9
206.143 0.950522 -9.12
206.278 1.08723 -9.07
203.525 1.45146 -0.82
204.116 1.36012 -0.77
207.321 0.987807 -9.01
200.011 9.57676 -0.32
198.631 9.51444 -0.23
208.257 1.08831 -8.74
208.003 9.97333 -8.79
207.358 9.98648 -8.81
211.78 1.04502 -8.93
210.671 1.37363 -0.649998
210.974 1.52869 -0.579998
213.201 1.02285 -8.82
211.268 10.0506 -8.69
211.286 10.232 -8.38
117.275 0.741629 -8.81
213.025 10.0688 -8.59
215.709 1.17683 -8.55
213.312 10.1675 -8.55
214.005 10.0962 -8.59
215.072 10.0833 -8.44
217.681 1.26908 -8.41
216.093 10.1399 -8.4
121.192 0.71453 -9.25
160.238 9.90521 -9.2
221.86 1.25027 -8.46
218.94 9.87931 0.420002
224.6 1.30716 -8.34
223.593 1.06826 -8.36
225.311 1.29608 -8.36
225.631 1.28009 -8.3
168.964 9.90721 -9.45
299.019 10.3267 4.91
298.739 10.2507 4.81
298.397 10.3051 4.7
229.2 1.28488 -7.93
227.904 10.2693 -7.93
227.959 10.12 -7.96
228.095 10.3742 -7.64
228.434 10.1947 -7.93
296.867 10.2847 4.79
229.593 10.278 -7.88
233.373 1.361 -7.68
309.363 10.7828 -1.62
308.946 10.68 -1.74
308.669 10.7366 -1.79
291.745 10.1804 4.33
291.227 10.1827 4.15
232.596 1.59751 0.220001
235.302 1.41646 -7.64
232.867 1.52215 0.25
235.5 1.19518 -7.88
235.53 1.1868 -7.86
235.559 1.40593 -7.59
236.403 1.41028 -7.53
307.445 10.6512 -1.93
307.773 10.7791 -1.93
307.814 10.6946 -1.94
307.531 10.4935 -1.97
237.934 1.31698 -7.7
238.013 1.25046 -7.7
285.034 10.1899 3.95
287.311 10.096 3.99
241.37 1.30633 -7.56
241.369 1.42008 -7.23
239.469 10.2194 -7.26
239.559 10.3081 -7.17
239.824 10.3277 -7.19
243.293 1.45673 -7.25
241.077 1.6552 0.650002
241.627 1.64834 0.66
245.774 1.39911 -7
243.358 9.85571 1.27
243.765 9.80331 1.25
242.568 10.2821 -7.18
246.182 1.23297 -7.25
246.095 1.26938 -7.22
246.586 1.40054 -6.98
246.865 1.35529 -7.24
245.515 1.39835 -7.02
246.845 1.4013 -6.99
243.487 10.3186 -7.09
296.965 10.6384 -2.99
243.408 10.2676 -7.12
247.13 1.37487 -7.1
246.433 1.20362 -7.32
247.706 1.34835 -6.84
273.828 10.0181 3.09
273.721 9.98297 2.96
273.687 10.2113 3.12
273.492 10.0913 3.03
273.397 10.2189 3.14
294.545 10.5656 -3.2
264.771 9.99066 2.3
248.836 1.67881 0.970001
249.29 10.3102 -6.8
290.53 10.5914 -3.53
290.429 10.5789 -3.46
290.186 10.6384 -3.61
259.942 10.0076 2.25
258.002 10.0282 1.94
260.677 10.083 2.18
251.488 10.2828 -6.66
144.373 0.909174 -9.34
287.342 10.5577 -3.91
285.163 10.5391 -4.12
254.86 1.88067 1.52
255.919 1.83769 1.6
163.498 1.33169 -1.08
163.225 1.28201 -1.09
162.946 1.21351 -1.06
257.981 10.3017 -6.24
278.379 10.4027 -4.63
258.298 10.392 -6
263.1 1.41777 -6.15
260.378 10.2918 -6.14
260.568 10.5067 -6.02
271.663 10.5147 -5.08
262.739 1.98453 2.03
262.904 1.87784 1.84
262.463 2.04107 1.91
262.964 1.8611 1.88
262.99 1.95518 2.11
263.259 1.75479 1.87
261.142 10.0064 2.04
262.177 10.1119 2.24
263.86 1.93234 2.09
262.304 9.8697 2.28
264.271 10.5269 -5.6
267.067 1.45381 -5.75
264.033 10.0214 2.41
263.975 1.88003 2.04
267.065 1.56003 -5.73
265.107 10.5012 -5.72
264.119 1.9331 2.07
150.544 0.822855 -9.62
150.501 0.782304 -9.49
266.914 10.3513 -5.48
266.152 10.4093 -5.43
265.984 10.5047 -5.68
265.875 10.4621 -5.57
265.83 10.3002 -5.68
216.014 10.2026 -8.31
266.738 1.7847 2.1
271.957 1.42391 -5.39
270.185 10.4474 -5.37
224.161 10.2236 -7.84
154.922 0.935296 -9.28
278.304 1.62107 -4.69
280.217 1.50257 -4.76
243.194 10.3149 -6.94
242.347 10.3031 -6.96
281.687 1.53977 -4.64
284.609 1.43267 -4.43
284.891 1.51247 -4.34
285.76 1.48962 -4.23
283.307 1.88011 3.27
286.106 1.68147 -4.08
286.26 2.00343 3.5
300.161 2.18412 4.81
299.21 2.14844 4.62
297.79 2.05686 4.46
297.986 2.06308 4.42
298.612 2.09593 4.52
298.951 2.03393 4.57
293.43 1.65963 -3.46
293.505 1.57806 -3.55
294.464 1.52633 -3.42
288.889 10.2896 4.15
289.106 10.2535 4.12
305.907 1.73745 -2.24
295.489 1.48044 -3.29
295.349 1.67746 -3.27
297.842 1.54372 -3.11
265.451 1.8223 2.25
305.509 10.5694 -2.18
183.053 1.0833 -9.22
182.754 1.0608 -9.29
273.336 1.59997 -5.15
269.446 1.37615 -5.64
267.22 1.53698 -5.55
246.326 1.39978 -7
246.074 1.42913 -7.09
240.524 1.41574 -7.28
40.012 9.25404 -3.98
31.3932 9.28714 -3.06
23.0507 0.283002 -2.44
19.4935 0.0883497 -2.16
106.648 9.41772 -8.39
29.3632 0.704746 4.35
160.561 9.90052 -9.6
164.354 9.89186 -9.42
267.467 1.37507 -5.82
196.518 0.865995 -9.32
2 0 1
2 0 2
2 0 3
2 0 4
2 0 5
2 0 6
2 0 7
2 0 8
2 0 9
2 4 7
2 4 5
2 4 1
2 4 2
2 4 3
2 4 6
2 4 9
2 10 11
2 10 12
2 10 13
2 10 14
2 10 15
2 10 16
2 10 17
2 10 18
2 13 15
2 13 19
2 13 17
2 13 16
2 13 12
2 13 20
2 13 14
2 21 22
2 21 23
2 21 24
2 21 25
2 21 26
2 21 27
2 21 28
2 21 29
2 21 30
2 31 32
2 31 33
2 31 34
2 31 35
2 31 36
2 31 37
2 31 38
2 31 39
2 31 40
2 25 26
2 25 24
2 25 23
2 25 28
2 25 22
2 25 41
2 25 18
2 25 27
2 42 38
2 42 39
2 42 43
2 42 34
2 42 33
2 42 32
2 42 44
2 31 42
2 42 45
2 46 47
2 46 48
2 46 49
2 46 30
2 46 29
2 46 50
2 46 27
2 46 51
2 47 52
2 47 30
2 47 29
2 47 27
2 47 22
2 47 49
2 21 47
2 53 54
2 53 55
2 53 56
2 53 57
2 53 58
2 53 59
2 53 60
2 53 61
2 53 62
2 63 64
2 63 65
2 63 66
2 63 67
2 63 68
2 63 62
2 69 70
2 69 71
2 69 72
2 69 73
2 69 74
2 69 75
2 69 76
2 69 77
2 78 79
2 78 80
2 78 81
2 78 82
2 78 83
2 78 84
2 78 85
2 78 86
2 78 87
2 88 89
2 88 90
2 88 91
2 88 92
2 88 93
2 88 94
2 88 95
2 90 92
2 90 91
2 90 94
2 90 93
2 90 96
2 90 97
2 90 98
2 90 99
2 72 73
2 72 70
2 72 71
2 72 76
2 72 77
2 72 100
2 72 101
2 76 74
2 76 73
2 76 101
2 76 70
2 76 71
2 76 102
2 103 104
2 103 105
2 103 106
2 103 107
2 103 108
2 103 98
2 103 99
2 103 109
2 103 94
2 110 111
2 110 112
2 110 113
2 110 114
2 110 75
2 110 115
2 110 116
2 110 117
2 112 113
2 112 75
2 112 111
2 69 112
2 112 114
2 112 70
2 118 119
2 118 120
2 118 121
2 118 122
2 118 123
2 118 124
2 118 125
2 118 126
2 118 127
2 123 121
2 123 120
2 123 124
2 123 125
2 123 126
2 123 119
2 123 122
2 123 117
2 128 129
2 128 130
2 128 131
2 128 132
2 128 133
2 128 134
2 128 135
2 128 136
2 137 138
2 137 139
2 137 140
2 137 141
2 137 142
2 137 143
2 137 144
2 137 145
2 137 146
2 147 148
2 147 149
2 147 127
2 147 150
2 147 151
2 147 152
2 147 119
2 153 154
2 153 155
2 153 156
2 153 157
2 153 158
2 153 159
2 153 160
2 153 161
2 162 148
2 162 163
2 162 119
2 162 122
2 118 162
2 162 120
2 145 146
2 145 142
2 145 164
2 145 139
2 145 165
2 145 138
2 145 166
2 145 140
2 167 168
2 167 169
2 167 151
2 167 170
2 167 171
2 167 150
2 167 172
2 167 173
2 159 157
2 159 160
2 159 158
2 159 161
2 159 156
2 159 174
2 159 175
2 159 155
2 176 177
2 176 178
2 176 179
2 176 180
2 176 181
2 176 182
2 176 183
2 176 184
2 176 185
2 181 184
2 181 185
2 181 177
2 181 186
2 181 178
2 181 180
2 181 173
2 187 188
2 187 189
2 187 190
2 187 191
2 187 192
2 187 183
2 187 193
2 194 183
2 194 182
2 194 180
2 194 178
2 194 190
2 195 196
2 195 197
2 195 198
2 195 199
2 195 200
2 195 201
2 195 134
2 195 202
2 195 132
2 203 204
2 203 205
2 203 206
2 203 207
2 208 209
2 208 210
2 208 211
2 208 212
2 208 213
2 208 214
2 208 215
2 208 216
2 208 217
2 193 218
2 193 192
2 193 219
2 193 191
2 193 220
2 193 221
2 193 190
2 193 222
2 193 223
2 190 191
2 190 218
2 190 223
2 190 219
2 190 221
2 190 220
2 224 225
2 224 226
2 224 227
2 224 228
2 224 207
2 224 229
2 224 230
2 224 206
2 224 231
2 232 233
2 232 234
2 232 235
2 232 236
2 232 237
2 232 238
2 232 222
2 239 240
2 239 241
2 239 242
2 239 243
2 239 244
2 239 238
2 239 245
2 246 247
2 246 248
2 246 249
2 246 198
2 246 197
2 246 250
2 230 231
2 230 229
2 230 251
2 230 226
2 230 227
2 230 225
2 230 252
2 230 253
2 241 240
2 241 254
2 241 255
2 241 238
2 241 242
2 241 236
2 241 243
2 241 256
2 216 217
2 216 213
2 216 257
2 216 258
2 216 212
2 216 259
2 216 260
2 216 210
2 247 202
2 247 250
2 247 201
2 247 261
2 247 262
2 253 251
2 253 263
2 253 264
2 253 231
2 253 229
2 253 265
2 253 266
2 244 243
2 244 267
2 244 242
2 244 268
2 244 269
2 244 255
2 270 271
2 270 272
2 270 273
2 270 274
2 270 275
2 270 276
2 270 277
2 270 278
2 270 279
2 280 281
2 280 282
2 280 283
2 280 284
2 280 268
2 280 269
2 280 285
2 280 267
2 280 286
2 260 259
2 260 258
2 260 257
2 260 287
2 260 288
2 260 289
2 260 290
2 260 217
2 260 291
2 292 286
2 292 293
2 292 285
2 292 284
2 292 283
2 292 294
2 292 295
2 280 292
2 261 262
2 261 296
2 261 249
2 261 248
2 261 297
2 261 298
2 261 299
2 300 301
2 300 266
2 300 265
2 300 302
2 300 303
2 300 264
2 300 304
2 300 263
2 300 305
2 306 307
2 306 294
2 306 308
2 306 309
2 306 310
2 311 312
2 311 313
2 311 314
2 311 315
2 311 316
2 311 317
2 311 318
2 311 319
2 311 277
2 307 320
2 307 321
2 307 322
2 307 294
2 307 308
2 307 309
2 307 323
2 303 305
2 303 302
2 303 301
2 303 324
2 303 325
2 303 326
2 303 266
2 327 328
2 327 329
2 327 330
2 327 331
2 327 332
2 327 333
2 327 334
2 327 335
2 329 328
2 329 333
2 329 336
2 329 334
2 329 337
2 329 331
2 329 338
2 339 340
2 339 332
2 339 331
2 339 336
2 327 339
2 339 341
2 342 343
2 342 344
2 342 345
2 342 346
2 342 347
2 342 348
2 342 349
2 342 350
2 342 351
2 352 353
2 352 354
2 352 355
2 352 356
2 352 357
2 352 358
2 352 359
2 335 332
2 335 331
2 335 360
2 335 336
2 335 340
2 335 361
2 329 335
2 362 363
2 362 364
2 362 365
2 362 366
2 362 361
2 367 368
2 367 369
2 367 370
2 367 298
2 367 371
2 367 297
2 367 296
2 367 372
2 373 374
2 373 375
2 373 376
2 373 377
2 373 378
2 373 379
2 373 326
2 373 380
2 373 381
2 341 382
2 341 383
2 341 361
2 341 340
2 341 363
2 341 360
2 341 364
2 384 385
2 384 366
2 384 386
2 384 387
2 384 365
2 384 388
2 384 364
2 384 363
2 384 389
2 390 391
2 390 392
2 390 393
2 390 394
2 390 395
2 390 389
2 396 397
2 396 398
2 396 399
2 396 400
2 396 401
2 396 402
2 396 403
2 396 404
2 396 405
2 406 391
2 406 394
2 406 389
2 406 407
2 406 388
2 406 387
2 406 392
2 408 409
2 408 410
2 408 411
2 408 381
2 408 380
2 408 412
2 408 378
2 408 413
2 414 415
2 414 416
2 414 417
2 414 418
2 414 419
2 414 420
2 414 421
2 414 422
2 416 415
2 416 417
2 416 419
2 416 423
2 416 420
2 416 421
2 416 424
2 416 418
2 393 425
2 393 407
2 393 426
2 393 427
2 393 391
2 406 393
2 428 429
2 428 430
2 428 431
2 428 432
2 428 433
2 428 434
2 428 435
2 436 437
2 436 422
2 436 438
2 436 439
2 436 440
2 436 418
2 436 441
2 442 443
2 442 444
2 442 445
2 442 446
2 442 447
2 442 448
2 449 450
2 449 418
2 449 437
2 449 438
2 449 439
2 449 423
2 449 440
2 451 452
2 451 453
2 451 454
2 451 455
2 451 456
2 451 457
2 451 405
2 451 458
2 451 459
2 460 461
2 460 427
2 460 462
2 460 463
2 460 464
2 460 465
2 460 466
2 460 467
2 460 426
2 468 469
2 468 470
2 468 471
2 468 472
2 468 473
2 468 474
2 468 475
2 468 476
2 456 477
2 456 458
2 456 459
2 456 478
2 456 455
2 456 479
2 456 480
2 456 453
2 456 481
2 473 470
2 473 472
2 473 471
2 473 476
2 473 482
2 473 441
2 473 469
2 473 440
2 483 484
2 483 485
2 483 486
2 483 487
2 483 488
2 483 489
2 483 490
2 483 467
2 483 466
2 487 490
2 487 486
2 487 467
2 487 466
2 487 484
2 487 465
2 487 464
2 491 492
2 491 493
2 491 494
2 491 495
2 491 496
2 491 475
2 491 497
2 491 498
2 499 500
2 499 501
2 499 502
2 499 503
2 499 504
2 499 505
2 499 506
2 499 507
2 499 481
2 508 509
2 508 510
2 508 511
2 508 512
2 508 513
2 508 514
2 508 515
2 516 517
2 516 518
2 516 519
2 516 520
2 516 521
2 516 522
2 516 523
2 516 524
2 516 525
2 494 496
2 494 493
2 494 475
2 494 526
2 494 474
2 494 495
2 494 469
2 527 528
2 527 529
2 527 530
2 527 531
2 527 532
2 527 533
2 527 534
2 527 489
2 527 488
2 510 511
2 510 512
2 510 513
2 510 535
2 510 514
2 510 536
2 510 537
2 523 538
2 523 519
2 523 539
2 523 518
2 523 540
2 523 541
2 523 542
2 531 528
2 531 489
2 531 488
2 531 529
2 531 530
2 531 484
2 483 531
2 543 544
2 543 545
2 543 546
2 543 547
2 543 548
2 543 498
2 543 549
2 543 497
2 513 512
2 513 511
2 513 514
2 513 536
2 513 537
2 513 550
2 513 509
2 513 535
2 540 541
2 540 542
2 540 539
2 540 538
2 540 551
2 540 552
2 540 553
2 540 521
2 548 546
2 548 498
2 548 554
2 548 544
2 548 495
2 548 545
2 548 547
2 537 536
2 537 514
2 537 550
2 537 512
2 537 511
2 537 509
2 537 555
2 556 553
2 556 557
2 556 558
2 556 551
2 556 552
2 556 542
2 556 559
2 556 560
2 556 561
2 562 563
2 562 534
2 562 533
2 562 564
2 562 565
2 562 530
2 562 529
2 563 533
2 563 534
2 563 566
2 563 567
2 563 529
2 563 530
2 527 563
2 563 564
2 561 568
2 561 569
2 561 560
2 561 559
2 561 557
2 561 570
2 561 558
2 561 571
2 572 573
2 572 574
2 572 575
2 572 576
2 572 577
2 572 578
2 572 579
2 572 580
2 581 582
2 581 583
2 581 584
2 581 585
2 581 586
2 581 587
2 581 588
2 581 589
2 581 590
2 591 592
2 591 593
2 591 594
2 591 595
2 591 596
2 591 597
2 591 598
2 591 599
2 591 600
2 570 571
2 570 601
2 570 569
2 570 568
2 570 602
2 570 603
2 570 604
2 570 560
2 595 598
2 595 597
2 595 592
2 595 593
2 595 594
2 595 599
2 595 549
2 585 589
2 585 588
2 585 583
2 585 584
2 585 605
2 585 587
2 606 607
2 606 608
2 606 609
2 606 610
2 606 611
2 606 612
2 606 613
2 606 614
2 598 596
2 598 599
2 598 549
2 598 547
2 598 545
2 598 592
2 615 565
2 615 616
2 615 617
2 615 564
2 615 618
2 615 619
2 615 620
2 555 621
2 555 622
2 555 623
2 555 624
2 555 625
2 555 550
2 555 536
2 603 571
2 603 601
2 603 602
2 603 626
2 603 627
2 603 569
2 603 568
2 628 567
2 628 616
2 628 617
2 562 628
2 628 566
2 629 630
2 629 631
2 629 632
2 629 633
2 629 594
2 629 592
2 629 593
2 619 620
2 619 634
2 619 635
2 619 618
2 619 636
2 619 617
2 619 616
2 619 637
2 619 638
2 622 623
2 622 624
2 622 639
2 622 625
2 622 640
2 622 641
2 622 550
2 627 604
2 627 642
2 627 643
2 627 644
2 627 645
2 627 646
2 627 601
2 647 648
2 647 649
2 647 650
2 647 651
2 647 652
2 647 653
2 647 633
2 647 654
2 647 632
2 655 656
2 655 657
2 655 658
2 655 659
2 655 660
2 655 661
2 655 662
2 655 663
2 605 664
2 605 665
2 605 589
2 605 666
2 605 588
2 605 667
2 605 668
2 605 669
2 670 656
2 670 657
2 670 658
2 670 659
2 670 660
2 670 661
2 670 662
2 670 663
2 671 672
2 671 673
2 671 674
2 671 675
2 671 676
2 671 677
2 671 678
2 671 679
2 671 680
2 645 643
2 645 644
2 645 646
2 645 642
2 645 681
2 645 682
2 645 683
2 645 684
2 677 678
2 677 673
2 677 680
2 677 672
2 677 638
2 677 674
2 677 637
2 610 614
2 610 609
2 610 685
2 610 686
2 610 608
2 610 687
2 610 688
2 689 690
2 689 691
2 689 692
2 689 693
2 689 654
2 689 694
2 659 660
2 659 658
2 659 661
2 659 662
2 659 657
2 659 663
2 659 695
2 659 656
2 659 696
2 684 683
2 684 681
2 684 682
2 684 697
2 684 698
2 684 646
2 684 644
2 684 643
2 699 700
2 699 701
2 699 702
2 699 703
2 699 704
2 699 669
2 699 668
2 699 667
2 686 687
2 686 685
2 686 614
2 686 611
2 686 609
2 686 608
2 606 686
2 686 705
2 706 707
2 706 679
2 706 676
2 706 708
2 706 709
2 706 710
2 671 706
2 706 672
2 711 712
2 711 713
2 711 714
2 711 715
2 711 716
2 711 717
2 711 718
2 711 719
2 694 691
2 694 720
2 694 721
2 694 722
2 694 723
2 694 724
2 694 725
2 726 695
2 726 727
2 726 663
2 726 662
2 726 661
2 726 728
2 726 660
2 729 704
2 729 701
2 729 700
2 729 730
2 729 702
2 729 731
2 729 732
2 699 729
2 729 733
2 734 709
2 734 735
2 706 734
2 734 707
2 736 737
2 736 738
2 736 739
2 736 740
2 736 741
2 736 698
2 736 742
2 736 743
2 736 697
2 744 745
2 744 746
2 744 725
2 744 723
2 744 747
2 744 722
2 748 749
2 748 750
2 748 751
2 748 752
2 748 753
2 748 754
2 748 755
2 748 756
2 748 757
2 758 759
2 758 760
2 758 761
2 758 762
2 758 763
2 758 641
2 758 640
2 758 764
2 758 765
2 743 741
2 743 742
2 743 766
2 743 740
2 743 739
2 743 767
2 743 738
2 743 737
2 768 769
2 768 770
2 768 771
2 768 772
2 768 747
2 768 773
2 768 774
2 768 746
2 775 776
2 775 777
2 775 778
2 775 779
2 775 780
2 775 781
2 775 782
2 775 783
2 775 784
2 769 785
2 769 747
2 769 771
2 769 773
2 769 746
2 769 745
2 769 772
2 786 787
2 786 757
2 786 788
2 786 754
2 786 789
2 786 790
2 786 751
2 786 752
2 757 788
2 757 787
2 757 754
2 757 791
2 757 751
2 757 752
2 757 789
2 757 749
2 792 793
2 792 794
2 792 795
2 792 796
2 792 797
2 792 798
2 792 799
2 792 800
2 792 801
2 802 803
2 802 804
2 802 718
2 802 714
2 802 713
2 802 805
2 711 802
2 802 806
2 807 808
2 807 809
2 807 810
2 807 774
2 807 811
2 807 772
2 807 812
2 807 813
2 807 771
2 814 815
2 814 816
2 814 817
2 814 818
2 814 819
2 814 820
2 814 821
2 814 822
2 814 823
2 824 705
2 824 825
2 824 826
2 824 827
2 824 828
2 824 687
2 686 824
2 824 685
2 800 801
2 800 798
2 800 829
2 800 796
2 800 830
2 800 795
2 800 793
2 800 794
2 800 831
2 810 808
2 810 809
2 810 772
2 810 771
2 810 811
2 768 810
2 810 812
2 823 832
2 823 833
2 823 817
2 823 834
2 823 816
2 823 815
2 823 835
2 823 836
2 837 838
2 837 839
2 837 789
2 837 840
2 837 841
2 837 791
2 837 842
2 843 844
2 843 765
2 843 764
2 843 845
2 843 846
2 843 763
2 843 847
2 843 848
2 849 850
2 849 831
2 849 851
2 849 852
2 849 830
2 849 853
2 849 829
2 849 854
2 849 801
2 855 856
2 855 857
2 855 858
2 855 859
2 855 813
2 855 860
2 855 812
2 855 861
2 855 811
2 859 857
2 859 811
2 859 856
2 859 858
2 859 860
2 859 861
2 836 835
2 836 834
2 836 862
2 836 863
2 836 833
2 836 832
2 836 864
2 836 865
2 845 847
2 845 866
2 845 848
2 845 867
2 845 868
2 845 765
2 853 851
2 853 869
2 853 854
2 853 852
2 853 870
2 853 871
2 853 850
2 853 831
2 872 873
2 872 874
2 872 875
2 872 876
2 872 877
2 872 878
2 872 879
2 865 864
2 865 880
2 865 862
2 865 863
2 865 881
2 865 882
2 865 883
2 865 884
2 865 885
2 871 870
2 871 886
2 871 869
2 871 887
2 871 888
2 871 854
2 871 889
2 871 851
2 890 891
2 890 873
2 890 877
2 890 878
2 890 874
2 890 875
2 890 892
2 890 876
2 883 884
2 883 885
2 883 893
2 883 882
2 883 894
2 883 881
2 883 880
2 883 895
2 827 826
2 827 828
2 827 896
2 827 897
2 827 825
2 827 898
2 827 899
2 827 900
2 827 901
2 902 903
2 902 904
2 902 905
2 902 906
2 902 907
2 902 908
2 902 909
2 902 841
2 902 842
2 887 886
2 887 889
2 887 888
2 887 910
2 887 911
2 887 870
2 887 912
2 907 905
2 907 841
2 907 906
2 907 903
2 907 908
2 907 840
2 828 896
2 828 898
2 828 899
2 828 826
2 828 900
2 828 901
2 828 825
2 805 913
2 805 914
2 805 915
2 805 916
2 805 917
2 805 918
2 805 803
2 805 919
2 911 912
2 911 920
2 911 889
2 911 886
2 921 922
2 921 923
2 921 924
2 921 925
2 921 861
2 921 860
2 921 858
2 926 924
2 926 927
2 926 861
2 926 922
2 926 860
2 926 858
2 926 856
2 928 929
2 928 930
2 928 931
2 928 932
2 928 933
2 928 934
2 928 895
2 928 935
2 936 937
2 936 909
2 936 908
2 936 906
2 936 903
2 914 915
2 914 916
2 914 918
2 914 919
2 914 938
2 914 939
2 914 940
2 941 942
2 941 943
2 941 944
2 941 925
2 941 945
2 941 946
2 941 922
2 941 947
2 941 927
2 931 929
2 931 934
2 931 948
2 931 935
2 931 949
2 931 930
2 931 932
2 931 950
2 951 952
2 951 953
2 951 879
2 951 954
2 951 955
2 951 876
2 951 875
2 935 949
2 935 950
2 935 956
2 935 957
2 935 929
2 935 958
2 935 959
2 960 961
2 960 962
2 960 963
2 960 964
2 936 960
2 960 965
2 960 966
2 960 967
2 918 915
2 918 938
2 918 913
2 918 939
2 918 940
2 918 968
2 969 970
2 969 971
2 969 972
2 969 973
2 969 974
2 969 975
2 969 976
2 969 977
2 978 946
2 978 947
2 978 979
2 978 980
2 978 945
2 978 981
2 978 982
2 978 983
2 978 944
2 984 985
2 984 986
2 984 955
2 984 954
2 984 953
2 984 987
2 984 988
2 984 989
2 986 985
2 986 954
2 986 953
2 986 989
2 951 986
2 986 990
2 991 992
2 991 993
2 991 994
2 991 995
2 991 996
2 991 997
2 991 998
2 991 999
2 975 974
2 975 977
2 975 1000
2 975 970
2 975 1001
2 975 971
2 975 1002
2 975 1003
2 966 964
2 966 1004
2 966 1005
2 966 1006
2 966 1007
2 966 1008
2 966 1009
2 1010 1011
2 1010 1012
2 1010 983
2 1010 982
2 1010 981
2 1010 1013
2 1010 1014
2 1015 1016
2 1015 1017
2 1015 959
2 1015 1018
2 1015 1019
2 1015 1020
2 1015 1021
2 1015 958
2 1015 1022
2 993 995
2 993 997
2 993 998
2 993 992
2 993 1023
2 993 1024
2 993 994
2 993 1025
2 1026 1003
2 1026 1000
2 1026 1002
2 1026 1027
2 1026 977
2 1026 1028
2 975 1026
2 1026 974
2 988 1029
2 988 1030
2 988 1031
2 988 1032
2 988 985
2 986 988
2 988 1033
2 1034 1035
2 1034 1022
2 1034 1020
2 1034 1036
2 1034 1021
2 1034 1037
2 1034 1038
2 1034 1039
2 1034 1019
2 1009 1008
2 1009 1040
2 1009 1006
2 1009 1041
2 1009 1042
2 1009 1043
2 1009 1004
2 1009 1044
2 1028 1045
2 1028 1046
2 1028 1047
2 1028 1048
2 1028 1049
2 1028 1050
2 1051 1052
2 1051 1014
2 1051 1053
2 1051 1013
2 1051 1012
2 1051 1054
2 1051 1055
2 1056 1057
2 1056 1037
2 1056 1039
2 1056 1038
2 1056 1058
2 1056 1036
2 1056 1059
2 1034 1056
2 1056 1035
2 1060 1061
2 1060 1062
2 1060 1063
2 1060 1064
2 1060 1065
2 1060 1066
2 1060 1067
2 1060 1055
2 1060 1054
2 1068 1025
2 1068 1069
2 1068 998
2 1068 997
2 1068 1070
2 1068 1071
2 1050 1048
2 1050 1072
2 1050 1073
2 1050 1074
2 1050 1047
2 1050 1075
2 1050 1046
2 1050 1076
2 1050 1045
2 1064 1054
2 1064 1061
2 1064 1066
2 1064 1053
2 1077 1078
2 1077 1076
2 1077 1079
2 1077 1080
2 1077 1073
2 1077 1081
2 1077 1074
2 1077 1072
2 1077 1082
2 1083 1084
2 1083 1085
2 1083 1086
2 1083 1087
2 1083 1088
2 1083 1089
2 1083 1090
2 1083 1091
2 1083 1033
2 1092 1093
2 1092 1094
2 1092 1095
2 1092 1096
2 1092 1097
2 1092 1098
2 1092 1099
2 1092 1100
2 1101 1102
2 1101 1103
2 1101 1104
2 1101 1105
2 1101 1106
2 1101 1107
2 1101 1065
2 1103 1104
2 1103 1106
2 1103 1108
2 1103 1102
2 1103 1065
2 1103 1109
2 1103 1066
2 1103 1105
2 1110 1111
2 1110 1112
2 1110 1113
2 1110 1114
2 1110 1115
2 1110 1116
2 1090 1117
2 1090 1084
2 1090 1085
2 1090 1118
2 1090 1086
2 1090 1119
2 1120 1121
2 1120 1122
2 1120 1123
2 1120 1124
2 1120 1125
2 1120 1126
2 1120 1127
2 1120 1128
2 1120 1082
2 1129 1130
2 1129 1131
2 1129 1132
2 1129 1107
2 1129 1105
2 1129 1133
2 1129 1134
2 1135 1115
2 1135 1112
2 1135 1136
2 1135 1137
2 1135 1111
2 1135 1138
2 1135 1139
2 1135 1140
2 1110 1135
2 1141 1142
2 1141 1143
2 1141 1144
2 1141 1145
2 1141 1146
2 1141 1147
2 1141 1148
2 1141 1149
2 1130 1150
2 1130 1107
2 1130 1105
2 1130 1131
2 1130 1109
2 1130 1132
2 1101 1130
2 1119 1151
2 1119 1152
2 1119 1153
2 1119 1154
2 1119 1117
2 1119 1155
2 1119 1156
2 1119 1157
2 1158 1159
2 1158 1137
2 1158 1139
2 1158 1138
2 1135 1158
2 1158 1136
2 1158 1115
2 1142 1144
2 1142 1145
2 1142 1160
2 1142 1146
2 1142 1143
2 1142 1161
2 1142 1162
2 1142 1163
2 1164 1165
2 1164 1166
2 1164 1167
2 1164 1168
2 1164 1169
2 1164 1170
2 1164 1171
2 1164 1172
2 1164 1173
2 1174 1175
2 1174 1176
2 1174 1177
2 1174 1178
2 1174 1179
2 1174 1180
2 1174 1181
2 1182 1183
2 1182 1184
2 1182 1185
2 1182 1186
2 1182 1187
2 1182 1188
2 1182 1127
2 1182 1128
2 1167 1165
2 1167 1166
2 1167 1171
2 1167 1168
2 1167 1189
2 1167 1190
2 1167 1191
2 1192 1193
2 1192 1194
2 1192 1195
2 1192 1196
2 1192 1197
2 1192 1198
2 1192 1199
2 1192 1200
2 1201 1202
2 1201 1159
2 1201 1203
2 1201 1204
2 1201 1205
2 1201 1206
2 1201 1207
2 1201 1208
2 1201 1209
2 1134 1210
2 1134 1131
2 1134 1211
2 1134 1212
2 1134 1213
2 1134 1214
2 1186 1188
2 1186 1187
2 1186 1185
2 1186 1215
2 1186 1183
2 1186 1216
2 1186 1217
2 1186 1218
2 1219 1220
2 1219 1221
2 1219 1222
2 1219 1156
2 1219 1223
2 1219 1155
2 1219 1154
2 1219 1153
2 1224 1225
2 1224 1226
2 1224 1206
2 1224 1207
2 1224 1227
2 1224 1204
2 1224 1205
2 1224 1202
2 1228 1173
2 1228 1170
2 1228 1229
2 1228 1168
2 1228 1230
2 1228 1231
2 1228 1232
2 1233 1234
2 1233 1235
2 1233 1236
2 1233 1237
2 1233 1178
2 1233 1238
2 1233 1239
2 1233 1240
2 1172 1168
2 1172 1166
2 1172 1165
2 1172 1229
2 1241 1214
2 1241 1242
2 1241 1243
2 1241 1244
2 1241 1213
2 1241 1211
2 1241 1245
2 1241 1212
2 1241 1246
2 1236 1237
2 1236 1239
2 1236 1240
2 1236 1247
2 1236 1248
2 1249 1250
2 1249 1251
2 1249 1252
2 1249 1253
2 1249 1254
2 1249 1218
2 1249 1255
2 1249 1256
2 1231 1257
2 1231 1258
2 1231 1173
2 1259 1260
2 1259 1261
2 1259 1262
2 1259 1263
2 1259 1264
2 1259 1265
2 1259 1266
2 1259 1227
2 1240 1239
2 1240 1247
2 1240 1248
2 1240 1237
2 1240 1267
2 1240 1235
2 1240 1268
2 1240 1269
2 1270 1271
2 1270 1255
2 1270 1252
2 1270 1272
2 1270 1273
2 1270 1274
2 1249 1270
2 1270 1275
2 1270 1250
2 1199 1276
2 1199 1196
2 1199 1277
2 1199 1278
2 1199 1279
2 1199 1280
2 1199 1194
2 1263 1262
2 1263 1260
2 1263 1266
2 1263 1281
2 1263 1282
2 1263 1283
2 1263 1284
2 1263 1285
2 1286 1287
2 1286 1288
2 1286 1289
2 1286 1290
2 1286 1291
2 1286 1292
2 1286 1246
2 1286 1245
2 1274 1273
2 1274 1293
2 1274 1272
2 1274 1275
2 1274 1271
2 1274 1294
2 1274 1255
2 1274 1252
2 1295 1296
2 1295 1297
2 1295 1298
2 1295 1299
2 1295 1300
2 1295 1301
2 1295 1302
2 1295 1303
2 1294 1293
2 1294 1304
2 1294 1275
2 1294 1273
2 1294 1305
2 1294 1306
2 1294 1272
2 1307 1308
2 1307 1309
2 1307 1310
2 1311 1285
2 1311 1284
2 1311 1312
2 1311 1313
2 1311 1283
2 1311 1314
2 1311 1315
2 1311 1281
2 1316 1317
2 1316 1318
2 1316 1269
2 1316 1268
2 1316 1319
2 1316 1320
2 1258 1321
2 1258 1322
2 1258 1323
2 1258 1232
2 1258 1308
2 1315 1324
2 1315 1314
2 1315 1325
2 1315 1312
2 1315 1326
2 1315 1327
2 1315 1328
2 1315 1313
2 1329 1290
2 1329 1330
2 1329 1331
2 1329 1332
2 1286 1329
2 1329 1287
2 1309 1310
2 1309 1308
2 1309 1333
2 1309 1334
2 1309 1335
2 1309 1323
2 1309 1322
2 1309 1336
2 1309 1337
2 1338 1332
2 1338 1339
2 1338 1331
2 1338 1340
2 1338 1330
2 1338 1341
2 1338 1342
2 1338 1343
2 1344 1345
2 1344 1346
2 1344 1347
2 1344 1326
2 1344 1348
2 1344 1325
2 1344 1349
2 1344 1328
2 1344 1324
2 1350 1351
2 1350 1352
2 1350 1353
2 1350 1354
2 1350 1355
2 1350 1356
2 1350 1357
2 1350 1358
2 1332 1330
2 1332 1359
2 1332 1339
2 1332 1343
2 1332 1360
2 1332 1340
2 1361 1320
2 1361 1362
2 1361 1363
2 1361 1364
2 1361 1365
2 1361 1366
2 1361 1367
2 1361 1368
2 1369 1370
2 1369 1371
2 1369 1372
2 1369 1373
2 1369 1306
2 1369 1374
2 1369 1375
2 1369 1376
2 1377 1303
2 1377 1378
2 1377 1379
2 1377 1301
2 1377 1380
2 1381 1382
2 1381 1383
2 1381 1384
2 1381 1341
2 1381 1340
2 1381 1385
2 1381 1386
2 1380 1379
2 1380 1387
2 1380 1378
2 1380 1388
2 1380 1389
2 1380 1390
2 1380 1391
2 1392 1393
2 1392 1394
2 1392 1395
2 1392 1396
2 1392 1397
2 1392 1398
2 1392 1399
2 1392 1400
2 1392 1401
2 1351 1352
2 1351 1353
2 1351 1402
2 1351 1354
2 1351 1357
2 1351 1355
2 1351 1403
2 1351 1404
2 1398 1399
2 1398 1405
2 1398 1397
2 1398 1401
2 1398 1393
2 1398 1394
2 1398 1406
2 1407 1386
2 1407 1408
2 1407 1385
2 1407 1409
2 1407 1410
2 1407 1384
2 1407 1383
2 1407 1411
2 1407 1412
2 1413 1414
2 1413 1415
2 1413 1416
2 1413 1417
2 1413 1418
2 1413 1419
2 1413 1420
2 1413 1421
2 1413 1422
2 1423 1424
2 1423 1425
2 1423 1426
2 1423 1427
2 1423 1428
2 1423 1429
2 1423 1430
2 1423 1431
2 1389 1432
2 1389 1387
2 1389 1433
2 1389 1434
2 1389 1435
2 1389 1436
2 1389 1437
2 1389 1379
2 1438 1439
2 1438 1440
2 1438 1441
2 1438 1442
2 1438 1443
2 1438 1444
2 1438 1445
2 1438 1446
2 1438 1447
2 1448 1422
2 1448 1449
2 1448 1420
2 1448 1421
2 1448 1419
2 1448 1450
2 1413 1448
2 1448 1418
2 1451 1452
2 1451 1453
2 1451 1411
2 1451 1454
2 1451 1455
2 1451 1456
2 1451 1409
2 1435 1433
2 1435 1432
2 1435 1457
2 1435 1458
2 1435 1459
2 1435 1460
2 1461 1462
2 1461 1463
2 1461 1464
2 1461 1465
2 1461 1466
2 1461 1447
2 1461 1467
2 1461 1468
2 1461 1443
2 1450 1469
2 1450 1470
2 1450 1449
2 1450 1471
2 1450 1472
2 1450 1473
2 1450 1422
2 1450 1474
2 1475 1476
2 1475 1477
2 1475 1478
2 1475 1456
2 1475 1455
2 1475 1479
2 1475 1480
2 1475 1452
2 1476 1478
2 1476 1481
2 1451 1476
2 1472 1471
2 1472 1474
2 1472 1473
2 1472 1482
2 1472 1483
2 1472 1484
2 1472 1485
2 1472 1486
2 1459 1458
2 1459 1487
2 1459 1457
2 1459 1488
2 1459 1437
2 1459 1489
2 1459 1490
2 1459 1491
2 1492 1493
2 1492 1494
2 1492 1495
2 1492 1496
2 1492 1497
2 1492 1468
2 1492 1498
2 1492 1499
2 1492 1500
2 1501 1485
2 1501 1502
2 1501 1503
2 1501 1486
2 1501 1484
2 1501 1483
2 1501 1482
2 1501 1504
2 1501 1474
2 1496 1493
2 1496 1468
2 1496 1494
2 1496 1467
2 1496 1495
2 1496 1465
2 1496 1464
2 1505 1506
2 1505 1507
2 1505 1480
2 1505 1508
2 1505 1479
2 1505 1478
2 1505 1509
2 1505 1510
2 1511 1512
2 1511 1513
2 1511 1491
2 1511 1490
2 1511 1514
2 1511 1489
2 1511 1515
2 1511 1516
2 1511 1488
2 1517 1518
2 1517 1504
2 1517 1503
2 1517 1519
2 1517 1520
2 1517 1521
2 1517 1502
2 1517 1522
2 1517 1523
2 1403 1524
2 1403 1357
2 1403 1525
2 1403 1354
2 1403 1526
2 1403 1353
2 1403 1352
2 1491 1490
2 1491 1489
2 1491 1512
2 1491 1513
2 1491 1514
2 1491 1487
2 1491 1515
2 1499 1500
2 1499 1498
2 1499 1495
2 1499 1494
2 1499 1493
2 1499 1527
2 1496 1499
2 1523 1522
2 1523 1521
2 1523 1520
2 1523 1528
2 1523 1518
2 1523 1519
2 1523 1529
2 1523 1530
2 1523 1531
2 1509 1532
2 1509 1533
2 1509 1507
2 1509 1534
2 1509 1535
2 1536 1537
2 1536 1538
2 1536 1539
2 1536 1540
2 1536 1541
2 1536 1542
2 1536 1543
2 1536 1544
2 1530 1531
2 1530 1529
2 1530 1545
2 1530 1546
2 1530 1528
2 1530 1547
2 1530 1548
2 1530 1549
2 1550 1551
2 1550 1552
2 1550 1527
2 1550 1553
2 1550 1554
2 1550 1555
2 1550 1556
2 1550 1557
2 1550 1500
2 1558 1559
2 1558 1560
2 1558 1561
2 1558 1562
2 1558 1563
2 1558 1564
2 1558 1565
2 1558 1566
2 1542 1539
2 1542 1567
2 1542 1543
2 1542 1568
2 1542 1569
2 1542 1537
2 1542 1570
2 1542 1538
2 1535 1571
2 1535 1572
2 1535 1573
2 1535 1574
2 1535 1575
2 1532 1534
2 1532 1576
2 1532 1571
2 1532 1572
2 1532 1510
2 1532 1573
2 1570 1568
2 1570 1577
2 1570 1567
2 1570 1578
2 1570 1579
2 1570 1580
2 1570 1543
2 1570 1539
2 1581 1582
2 1581 1583
2 1581 1584
2 1581 1585
2 1581 1586
2 1581 1587
2 1581 1588
2 1589 1590
2 1589 1591
2 1589 1549
2 1589 1548
2 1555 1556
2 1555 1557
2 1555 1551
2 1555 1552
2 1555 1592
2 1593 1575
2 1593 1594
2 1593 1574
2 1593 1595
2 1593 1573
2 1593 1572
2 1593 1596
2 1593 1571
2 1593 1597
2 1598 1599
2 1598 1600
2 1598 1601
2 1598 1602
2 1598 1603
2 1598 1604
2 1526 1524
2 1526 1605
2 1526 1606
2 1526 1607
2 1526 1608
2 1526 1404
2 1526 1609
2 1573 1574
2 1573 1571
2 1573 1572
2 1573 1575
2 1573 1594
2 1573 1576
2 1573 1595
2 1610 1611
2 1610 1612
2 1610 1613
2 1610 1580
2 1610 1578
2 1610 1579
2 1610 1577
2 1610 1614
2 1583 1585
2 1583 1615
2 1583 1616
2 1583 1588
2 1583 1617
2 1583 1618
2 1583 1619
2 1602 1600
2 1602 1601
2 1602 1603
2 1602 1620
2 1602 1621
2 1602 1604
2 1602 1622
2 1602 1623
2 1624 1625
2 1624 1626
2 1624 1627
2 1624 1628
2 1624 1629
2 1624 1630
2 1624 1556
2 1631 1632
2 1631 1633
2 1631 1634
2 1631 1635
2 1631 1636
2 1631 1637
2 1631 1638
2 1631 1639
2 1623 1620
2 1623 1640
2 1623 1603
2 1623 1641
2 1623 1604
2 1623 1642
2 1643 1618
2 1643 1619
2 1643 1617
2 1643 1644
2 1643 1588
2 1643 1645
2 1643 1646
2 1643 1585
2 1643 1647
2 1628 1629
2 1628 1626
2 1628 1625
2 1628 1648
2 1628 1649
2 1628 1650
2 1628 1651
2 1652 1653
2 1652 1642
2 1652 1641
2 1652 1640
2 1652 1654
2 1652 1655
2 1623 1652
2 1652 1656
2 1652 1622
2 1657 1658
2 1657 1659
2 1657 1660
2 1657 1661
2 1657 1662
2 1657 1663
2 1657 1664
2 1657 1665
2 1657 1666
2 1667 1668
2 1667 1669
2 1667 1670
2 1667 1671
2 1667 1672
2 1667 1614
2 1667 1613
2 1667 1673
2 1667 1674
2 1661 1663
2 1661 1659
2 1661 1666
2 1661 1675
2 1661 1662
2 1661 1676
2 1656 1655
2 1656 1654
2 1656 1677
2 1656 1678
2 1656 1679
2 1656 1653
2 1656 1642
2 1656 1680
2 1647 1681
2 1647 1682
2 1647 1683
2 1647 1645
2 1647 1644
2 1647 1684
2 1647 1685
2 1647 1686
2 1687 1688
2 1687 1689
2 1687 1690
2 1687 1650
2 1687 1649
2 1687 1648
2 1687 1691
2 1692 1693
2 1692 1664
2 1692 1662
2 1692 1694
2 1692 1658
2 1692 1659
2 1657 1692
2 1665 1693
2 1665 1695
2 1665 1659
2 1665 1658
2 1665 1660
2 1696 1686
2 1696 1697
2 1696 1685
2 1696 1684
2 1696 1683
2 1696 1698
2 1696 1682
2 1647 1696
2 1696 1681
2 1699 1700
2 1699 1701
2 1699 1702
2 1699 1703
2 1699 1704
2 1699 1705
2 1699 1706
2 1699 1691
2 1702 1703
2 1702 1705
2 1702 1707
2 1702 1701
2 1702 1691
2 1702 1700
2 1702 1704
2 1702 1689
2 1708 1709
2 1708 1710
2 1708 1711
2 1708 1712
2 1708 1694
2 1708 1713
2 1708 1714
2 1708 1695
2 1708 1715
2 1716 1717
2 1716 1718
2 1716 1719
2 1716 1720
2 1716 1721
2 1716 1722
2 1716 1723
2 1716 1724
2 1716 1725
2 1726 1727
2 1726 1728
2 1726 1729
2 1726 1730
2 1726 1731
2 1726 1732
2 1726 1733
2 1726 1734
2 1726 1735
2 1736 1737
2 1736 1738
2 1736 1609
2 1736 1608
2 1736 1739
2 1736 1607
2 1740 1741
2 1740 1742
2 1696 1740
2 1740 1697
2 1740 1686
2 1740 1685
2 1740 1743
2 1719 1717
2 1719 1723
2 1719 1720
2 1719 1725
2 1719 1721
2 1719 1744
2 1719 1722
2 1745 1746
2 1745 1747
2 1745 1748
2 1745 1749
2 1745 1750
2 1745 1751
2 1745 1752
2 1745 1753
2 1698 1697
2 1698 1741
2 1698 1686
2 1698 1742
2 1698 1685
2 1698 1684
2 1749 1746
2 1749 1747
2 1749 1750
2 1749 1752
2 1749 1751
2 1749 1753
2 1749 1754
2 1749 1755
2 1756 1757
2 1756 1704
2 1756 1758
2 1756 1700
2 1756 1707
2 1699 1756
2 1756 1759
2 1725 1723
2 1725 1760
2 1725 1718
2 1725 1761
2 1725 1762
2 1763 1764
2 1763 1765
2 1763 1766
2 1763 1767
2 1763 1768
2 1763 1769
2 1763 1770
2 1763 1771
2 1772 1773
2 1772 1774
2 1772 1775
2 1772 1776
2 1772 1777
2 1772 1638
2 1772 1778
2 1772 1779
2 1772 1636
2 1766 1768
2 1766 1769
2 1766 1764
2 1766 1770
2 1766 1765
2 1766 1780
2 1766 1781
2 1766 1782
2 1783 1784
2 1783 1785
2 1783 1786
2 1783 1787
2 1783 1754
2 1783 1753
2 1783 1752
2 1783 1788
2 1783 1751
2 1715 1789
2 1715 1713
2 1715 1790
2 1715 1712
2 1715 1791
2 1715 1792
2 1715 1709
2 1780 1793
2 1780 1794
2 1780 1768
2 1780 1769
2 1780 1770
2 1780 1795
2 1780 1765
2 1741 1796
2 1741 1743
2 1741 1797
2 1696 1741
2 1741 1697
2 1741 1686
2 1798 1762
2 1798 1799
2 1798 1761
2 1798 1800
2 1798 1801
2 1798 1802
2 1798 1803
2 1798 1760
2 1798 1804
2 1805 1806
2 1805 1807
2 1805 1808
2 1805 1809
2 1805 1810
2 1805 1788
2 1805 1811
2 1805 1812
2 1805 1813
2 1814 1815
2 1814 1739
2 1814 1816
2 1814 1817
2 1814 1818
2 1814 1738
2 1814 1819
2 1814 1820
2 1821 1822
2 1821 1823
2 1821 1824
2 1821 1825
2 1821 1759
2 1821 1826
2 1821 1827
2 1821 1758
2 1828 1829
2 1828 1830
2 1828 1831
2 1828 1832
2 1828 1833
2 1828 1834
2 1828 1835
2 1828 1836
2 1828 1795
2 1833 1835
2 1833 1836
2 1833 1829
2 1833 1837
2 1833 1838
2 1833 1839
2 1833 1830
2 1826 1824
2 1826 1759
2 1826 1823
2 1826 1840
2 1826 1758
2 1826 1822
2 1826 1841
2 1826 1825
2 1812 1813
2 1812 1842
2 1812 1843
2 1812 1811
2 1812 1844
2 1812 1845
2 1812 1810
2 1812 1846
2 1812 1807
2 1847 1848
2 1847 1849
2 1847 1850
2 1847 1803
2 1847 1851
2 1847 1852
2 1847 1853
2 1847 1802
2 1847 1854
2 1838 1839
2 1838 1855
2 1838 1837
2 1838 1856
2 1838 1857
2 1838 1836
2 1838 1835
2 1838 1832
2 1858 1846
2 1858 1859
2 1858 1860
2 1858 1844
2 1858 1845
2 1858 1861
2 1858 1862
2 1858 1843
2 1858 1842
2 1854 1851
2 1854 1852
2 1854 1863
2 1854 1849
2 1854 1864
2 1854 1848
2 1862 1860
2 1862 1859
2 1862 1865
2 1862 1866
2 1862 1846
2 1862 1867
2 1862 1868
2 1863 1864
2 1863 1869
2 1863 1853
2 1863 1870
2 1863 1851
2 1863 1852
2 1863 1871
2 1863 1849
2 1872 1792
2 1872 1791
2 1872 1873
2 1872 1874
2 1872 1790
2 1872 1875
2 1872 1789
2 1872 1876
2 1877 1878
2 1877 1827
2 1877 1879
2 1877 1880
2 1877 1881
2 1877 1825
2 1877 1822
2 1877 1882
2 1883 1884
2 1883 1885
2 1883 1886
2 1883 1887
2 1883 1888
2 1883 1889
2 1883 1890
2 1883 1891
2 1883 1892
2 1871 1870
2 1871 1864
2 1871 1893
2 1871 1869
2 1871 1894
2 1854 1871
2 1871 1853
2 1892 1895
2 1892 1896
2 1892 1890
2 1892 1889
2 1892 1888
2 1892 1891
2 1892 1897
2 1892 1898
2 1892 1899
2 1900 1899
2 1900 1901
2 1900 1902
2 1900 1903
2 1900 1897
2 1900 1895
2 1900 1904
2 1900 1898
2 1900 1896
2 1905 1906
2 1905 1904
2 1905 1903
2 1905 1902
2 1905 1907
2 1900 1905
2 1908 1909
2 1908 1910
2 1908 1911
2 1908 1907
2 1908 1912
2 1908 1913
2 1908 1914
2 1908 1915
2 1908 1916
2 1916 1917
2 1916 1918
2 1916 1909
2 1916 1919
2 1916 1911
2 1916 1910
2 1920 1921
2 1920 1922
2 1920 1923
2 1920 1924
2 1920 1925
2 1920 1926
2 1920 1927
2 1920 1928
2 355 1929
2 355 359
2 355 1930
2 355 1931
2 355 1932
2 355 353
2 355 356
2 1932 353
2 1932 356
2 1932 357
2 1932 358
2 1932 354
2 1932 1933
2 1934 155
2 1934 156
2 1934 157
2 1934 158
2 159 1934
2 1934 160
2 1934 161
2 86 83
2 86 82
2 86 81
2 86 79
2 86 80
2 86 87
2 86 84
2 158 157
2 158 160
2 158 156
2 158 161
2 158 174
2 158 154
2 158 175
2 1935 1936
2 1935 1937
2 1935 1938
2 1935 175
2 1935 174
2 1935 1939
2 1935 161
2 1935 1940
2 1935 160
2 1941 1942
2 1941 1943
2 1941 1944
2 1941 1933
2 1941 358
2 1941 1945
2 1941 1946
2 1947 135
2 1947 1948
2 1947 1949
2 1947 136
2 1947 1950
2 1947 133
2 1947 1951
2 1947 87
2 1947 131
2 1939 1940
2 1939 1938
2 1939 1952
2 1939 1937
2 1939 1936
2 1939 1953
2 1939 1954
2 1939 175
2 1943 1946
2 1943 1955
2 1943 1956
2 1943 1957
2 1943 1942
2 1943 1958
2 133 135
2 133 131
2 133 1959
2 133 130
2 133 136
2 133 129
2 133 1948
2 1954 1960
2 1954 1961
2 1954 1953
2 1954 1962
2 1954 1952
2 1954 1963
2 1954 1940
2 1954 1964
2 130 129
2 130 131
2 130 1959
2 130 132
2 130 134
2 130 135
2 130 136
2 1963 1964
2 1963 1960
2 1963 1965
2 1963 1961
2 1963 279
2 1963 1966
2 1963 1953
2 278 1966
2 278 1965
2 278 279
2 278 275
2 278 1964
2 278 274
2 278 271
2 1963 278
2 278 1962
2 200 134
2 200 132
2 200 196
2 200 129
2 128 200
2 130 200
2 200 1959
2 271 274
2 271 273
2 271 275
2 271 276
2 271 277
2 271 279
2 613 1957
2 613 1956
2 613 607
2 613 688
2 613 1946
2 613 1945
2 613 1944
2 276 272
2 276 273
2 276 317
2 276 314
2 276 315
2 276 274
2 315 313
2 315 314
2 315 317
2 315 312
2 315 277
2 315 316
2 315 319
2 688 612
2 688 608
2 688 609
2 688 1957
2 688 1956
2 36 35
2 36 37
2 36 40
2 36 32
2 36 34
2 36 33
2 36 38
2 36 39
2 198 201
2 198 202
2 198 196
2 198 299
2 247 198
2 198 248
2 318 316
2 318 312
2 318 350
2 318 347
2 318 344
2 318 348
2 318 313
2 39 38
2 39 43
2 39 33
2 39 34
2 39 32
2 39 44
2 39 45
2 1967 1968
2 1967 1969
2 1967 1970
2 1967 1971
2 1967 1875
2 1967 1972
2 348 344
2 348 350
2 348 347
2 348 343
2 348 346
2 348 345
2 348 319
2 44 45
2 44 1973
2 44 43
2 44 1974
2 44 38
2 44 1975
2 44 33
2 299 249
2 299 197
2 299 250
2 1876 1976
2 1876 1875
2 1876 1968
2 1876 1977
2 1876 1969
2 1876 1978
2 1876 1874
2 1876 1873
2 351 349
2 351 346
2 351 345
2 351 343
2 351 402
2 348 351
2 351 344
2 351 399
2 1974 1975
2 1974 1973
2 1974 45
2 1974 1979
2 1974 1980
2 1974 95
2 1974 89
2 1974 43
2 398 397
2 398 401
2 398 399
2 398 400
2 398 403
2 398 404
2 398 402
2 398 405
2 1980 95
2 1980 1979
2 1980 89
2 1980 1975
2 1980 97
2 1980 96
2 88 1980
2 1980 1973
2 1981 1882
2 1981 1982
2 1981 1983
2 1981 1879
2 1981 1881
2 1981 1984
2 1981 1985
2 1981 1986
2 1877 1981
2 457 405
2 457 404
2 457 403
2 457 401
2 457 400
2 457 454
2 398 457
2 396 457
2 296 297
2 296 262
2 296 298
2 296 370
2 296 250
2 296 1987
2 296 368
2 1779 1775
2 1779 1988
2 1779 1989
2 1779 1990
2 1779 1991
2 1779 1773
2 454 455
2 454 453
2 454 452
2 456 454
2 454 458
2 454 405
2 454 477
2 93 91
2 93 92
2 93 94
2 93 98
2 93 99
2 93 107
2 93 96
2 370 298
2 370 1987
2 370 368
2 370 297
2 370 369
2 370 262
2 370 371
2 1992 1993
2 1992 1971
2 1992 1994
2 1992 1970
2 1992 1995
2 1992 1969
2 1992 1977
2 1992 1996
2 479 478
2 479 480
2 479 481
2 479 458
2 479 459
2 479 505
2 479 504
2 107 98
2 107 99
2 107 104
2 107 105
2 107 94
2 107 106
2 107 92
2 505 481
2 505 480
2 505 504
2 505 477
2 505 478
2 505 501
2 505 459
2 500 501
2 500 481
2 500 502
2 500 480
2 500 503
2 479 500
2 108 106
2 108 105
2 108 104
2 108 109
2 108 144
2 107 108
2 108 143
2 108 99
2 1997 1998
2 1997 1999
2 1997 2000
2 1997 2001
2 1997 2002
2 1997 2003
2 1997 2004
2 502 507
2 502 506
2 502 2005
2 502 501
2 502 504
2 502 2006
2 144 141
2 144 109
2 144 140
2 144 138
2 144 106
2 144 105
2 2007 2008
2 2007 2009
2 2007 2010
2 2007 2011
2 2007 2012
2 2007 2013
2 2007 1985
2 2007 1984
2 2007 2014
2 2005 507
2 2005 506
2 2005 2015
2 2005 2006
2 2005 503
2 2005 2016
2 2005 2017
2 499 2005
2 825 2018
2 825 896
2 825 897
2 825 705
2 825 898
2 2019 1995
2 2019 2020
2 2019 1994
2 2019 2021
2 2019 1993
2 2019 2022
2 2023 2024
2 2023 372
2 2023 371
2 2023 2025
2 2023 369
2 508 2023
2 2023 535
2 367 2023
2 2002 2003
2 2002 2000
2 2002 2026
2 2002 2027
2 2002 2028
2 2002 2029
2 2017 2030
2 2017 2016
2 2017 2031
2 2017 590
2 2017 2015
2 2017 2006
2 2017 507
2 2017 506
2 2032 2014
2 2032 2033
2 2032 2013
2 2032 2034
2 2032 2008
2 146 164
2 146 165
2 146 142
2 146 139
2 146 166
2 146 138
2 146 2035
2 515 2025
2 515 372
2 515 535
2 515 371
2 515 509
2 510 515
2 2036 2037
2 2036 2022
2 2036 2038
2 2036 2021
2 2036 2039
2 2036 2020
2 2036 2040
2 2036 2041
2 587 584
2 587 583
2 587 590
2 587 2031
2 587 582
2 587 2030
2 2017 587
2 587 2016
2 2022 2042
2 2022 2021
2 2022 2020
2 2022 2038
2 2022 2041
2 2022 2043
2 166 165
2 166 164
2 166 2044
2 166 2045
2 166 204
2 166 205
2 2046 2047
2 2046 2048
2 2046 2034
2 2046 2049
2 2046 2033
2 2046 2050
2 2046 2051
2 2052 2040
2 2052 2053
2 2052 2054
2 2052 2038
2 2052 2055
2 2036 2052
2 2052 2056
2 896 897
2 896 899
2 896 900
2 896 901
2 896 826
2 896 2057
2 2039 2038
2 2039 2058
2 2039 2042
2 2039 2037
2 2022 2039
2 2039 2053
2 2035 165
2 2035 164
2 2044 204
2 2044 2059
2 2044 2060
2 2025 535
2 2025 509
2 510 2025
2 2025 2024
2 2025 511
2 2025 512
2 2061 2062
2 2061 2063
2 2061 2064
2 2061 2051
2 2061 2049
2 2061 2065
2 2061 2066
2 2061 2050
2 2061 2067
2 2055 2056
2 2055 2068
2 2055 2069
2 2055 2070
2 2055 2071
2 586 582
2 586 588
2 586 589
2 586 583
2 586 584
2 605 586
2 587 586
2 2072 2073
2 2072 2074
2 2072 2075
2 2072 2066
2 2072 2076
2 2072 2067
2 2072 2077
2 2072 2063
2 2072 2078
2 2059 2079
2 2059 2060
2 2059 205
2 2059 2045
2 2059 206
2 2059 207
2 535 509
2 535 511
2 535 512
2 535 514
2 2080 2071
2 2080 2069
2 2080 2081
2 2080 2082
2 2080 2068
2 2080 2056
2 2080 2083
2 2055 2080
2 2070 2056
2 2070 2081
2 2070 2082
2 2070 2054
2 901 899
2 901 2057
2 901 898
2 901 897
2 901 2084
2 2085 2086
2 2085 2087
2 2085 2088
2 2085 2089
2 2085 2090
2 2085 2091
2 2085 2092
2 2085 2093
2 207 228
2 207 206
2 207 2060
2 207 225
2 207 2079
2 207 227
2 207 226
2 509 511
2 509 512
2 509 514
2 509 536
2 2086 2094
2 2086 2087
2 2086 2089
2 2086 2090
2 2086 2088
2 2086 2093
2 2086 2091
2 2086 2092
2 2083 2082
2 2083 2081
2 2083 2095
2 2083 2096
2 2083 2097
2 2083 2098
2 2083 2099
2 2092 2100
2 2092 2087
2 2092 2094
2 2092 2101
2 2092 2102
2 665 664
2 665 666
2 665 667
2 665 668
2 665 589
2 665 588
2 665 669
2 2057 900
2 2057 899
2 2057 898
2 2057 2084
2 2057 897
2 2057 2103
2 828 2057
2 2104 2105
2 2104 2106
2 2104 2107
2 2104 2108
2 2104 2109
2 2104 2110
2 2104 2111
2 2104 2112
2 2104 2113
2 227 225
2 227 226
2 227 228
2 227 229
2 227 206
2 227 231
2 512 511
2 512 514
2 512 536
2 512 550
2 2098 2097
2 2098 2095
2 2098 2114
2 2098 2115
2 2100 2091
2 2100 2102
2 2100 2088
2 2100 2116
2 2100 2117
2 2100 2087
2 2100 2094
2 667 668
2 667 666
2 667 669
2 667 2118
2 667 2119
2 667 664
2 2120 2121
2 2120 2122
2 2120 2123
2 2120 2124
2 2120 2125
2 2120 2126
2 2120 2127
2 2120 2128
2 2120 2109
2 251 231
2 251 252
2 251 229
2 251 263
2 251 264
2 251 226
2 224 251
2 536 514
2 536 550
2 536 511
2 2123 2125
2 2123 2121
2 2123 2109
2 2123 2111
2 2123 2112
2 2123 2122
2 2123 2105
2 2129 2130
2 2129 2131
2 2129 2132
2 2129 2133
2 2129 2099
2 2129 2134
2 704 701
2 704 700
2 704 703
2 704 2118
2 704 730
2 704 731
2 2117 2135
2 2117 2136
2 2117 2101
2 2117 2137
2 2117 2138
2 2117 2139
2 263 264
2 263 252
2 263 266
2 263 265
2 263 231
2 263 301
2 2102 2135
2 2102 2136
2 2102 2137
2 2102 2138
2 731 732
2 731 730
2 731 733
2 731 783
2 731 701
2 731 776
2 731 700
2 2140 2141
2 2140 2084
2 2140 1149
2 2140 2142
2 2140 1147
2 2140 1148
2 2140 1143
2 2057 2140
2 2143 2144
2 2143 2127
2 2143 2145
2 2143 2128
2 2143 2126
2 2143 2146
2 2143 2147
2 2143 2148
2 2143 2122
2 301 265
2 301 266
2 301 302
2 301 304
2 301 305
2 301 264
2 639 621
2 639 623
2 639 624
2 639 625
2 639 550
2 639 640
2 537 639
2 2149 2150
2 2149 2151
2 2149 2152
2 2149 2153
2 2149 2154
2 2149 1991
2 2149 1990
2 2133 2155
2 2133 2132
2 2133 2156
2 2133 2157
2 2133 2158
2 2133 2159
2 2133 2160
2 778 776
2 778 777
2 778 779
2 778 782
2 778 781
2 778 780
2 778 783
2 778 2161
2 1147 2142
2 1147 1149
2 1147 1148
2 1147 2141
2 1147 1143
2 1147 2103
2 1147 2084
2 1147 1160
2 2136 2137
2 2136 2138
2 2136 2116
2 2136 2139
2 2136 2162
2 2136 2163
2 623 624
2 623 640
2 623 641
2 623 762
2 2164 2165
2 2164 2166
2 2164 2167
2 2164 2168
2 2164 2169
2 2164 2170
2 2164 2146
2 2164 2148
2 2164 2147
2 822 821
2 822 2171
2 822 820
2 822 819
2 822 818
2 822 2161
2 822 2172
2 822 784
2 822 781
2 2173 2160
2 2173 2158
2 2173 2174
2 2173 2156
2 2173 2175
2 2173 2176
2 2173 2177
2 2173 2155
2 379 326
2 379 376
2 379 377
2 379 325
2 379 324
2 379 374
2 379 375
2 379 304
2 2178 2179
2 2178 2180
2 2178 2181
2 2178 2182
2 2178 2170
2 2178 2183
2 2178 2184
2 2178 2185
2 2178 2168
2 2186 2177
2 2186 2175
2 2186 2174
2 2186 2187
2 2186 2188
2 2173 2186
2 2186 2189
2 817 815
2 817 816
2 817 818
2 817 820
2 817 819
2 817 833
2 822 817
2 2185 2182
2 2185 2190
2 2185 2191
2 2185 2192
2 2185 2193
2 2194 2195
2 2194 2196
2 2194 2197
2 2194 2198
2 2194 2199
2 375 374
2 375 376
2 375 378
2 375 377
2 375 380
2 375 381
2 375 326
2 2200 2189
2 2200 2201
2 2200 2187
2 2200 2202
2 2200 2203
2 2200 2197
2 2200 2196
2 2204 2205
2 2204 2206
2 2204 2207
2 2204 2208
2 2204 2209
2 2204 2210
2 2204 2211
2 834 833
2 834 835
2 834 832
2 834 863
2 834 862
2 834 864
2 817 834
2 2212 2213
2 2212 2192
2 2212 2193
2 2212 2214
2 2212 2215
2 2212 2216
2 2212 2191
2 2212 2217
2 2212 2190
2 2199 2218
2 2199 2197
2 2199 2219
2 2199 2220
2 2199 2221
2 2199 2222
2 411 381
2 411 380
2 411 409
2 411 410
2 411 378
2 411 412
2 411 2223
2 375 411
2 2211 2224
2 2211 2225
2 2211 2226
2 2211 2227
2 2211 2228
2 2211 2229
2 2230 2231
2 2230 2232
2 2230 2233
2 2230 2217
2 2230 2234
2 2230 2235
2 2230 2216
2 2230 2215
2 2230 2236
2 863 864
2 863 862
2 863 835
2 863 880
2 863 882
2 863 881
2 1145 1144
2 1145 1160
2 1145 1161
2 1145 1162
2 1145 1163
2 1145 1143
2 2237 2238
2 2237 2239
2 2237 2240
2 2237 2241
2 2237 2222
2 2237 2242
2 2237 2221
2 2237 2243
2 412 410
2 412 409
2 412 2223
2 412 381
2 412 380
2 412 378
2 2223 410
2 2223 413
2 2223 409
2 2229 2225
2 2229 2224
2 2229 2244
2 2229 2245
2 2229 2246
2 2229 2208
2 2247 2248
2 2247 2249
2 2247 2250
2 2247 2251
2 2247 2236
2 2247 2252
2 2247 2253
2 2247 2235
2 880 862
2 880 864
2 880 884
2 880 882
2 880 893
2 880 885
2 2250 2254
2 2250 2236
2 2250 2251
2 2250 2248
2 2250 2235
2 2250 2234
2 2250 2252
2 2255 2253
2 2255 2252
2 2255 2256
2 2255 2248
2 2255 2257
2 2255 2258
2 2255 2259
2 2247 2255
2 759 763
2 759 764
2 759 765
2 759 760
2 759 761
2 759 762
2 843 759
2 759 641
2 2260 2259
2 2260 2258
2 2260 2261
2 2260 2256
2 2260 2262
2 2260 2263
2 2260 2264
2 2255 2260
2 2257 2259
2 2257 2258
2 2257 2261
2 2257 2264
2 2257 2263
2 2257 2262
2 894 885
2 894 893
2 894 884
2 894 933
2 894 881
2 894 932
2 880 894
2 1162 1358
2 1162 1146
2 1162 1356
2 1162 1355
2 1162 1144
2 2265 2266
2 2265 2267
2 2265 2268
2 2265 2269
2 2265 2270
2 2265 2271
2 2265 2272
2 2265 2273
2 2265 2274
2 2275 2276
2 2275 2277
2 2275 2278
2 763 764
2 763 765
2 763 866
2 763 844
2 845 763
2 763 760
2 2262 2263
2 2262 2279
2 2262 2280
2 2262 2259
2 2262 2258
2 932 930
2 932 933
2 932 895
2 932 885
2 932 893
2 932 948
2 932 884
2 2281 2282
2 2281 2283
2 2281 2284
2 2281 2154
2 2281 2153
2 2281 2285
2 2281 2286
2 2281 2287
2 2288 2289
2 2288 448
2 2288 2290
2 2288 2291
2 2288 447
2 2288 446
2 2288 2292
2 2288 2293
2 2288 524
2 2294 2282
2 2294 2283
2 2294 2284
2 2294 2154
2 2294 2153
2 2294 2285
2 2294 2286
2 2294 2287
2 2295 2296
2 2295 2270
2 2295 2297
2 2295 2266
2 2265 2295
2 2295 2268
2 2295 2267
2 2295 2298
2 934 929
2 934 948
2 934 949
2 934 950
2 934 956
2 934 957
2 1356 1358
2 1356 1163
2 1356 1161
2 1356 1146
2 1145 1356
2 1356 1144
2 524 525
2 524 522
2 524 2292
2 524 520
2 524 2291
2 524 517
2 524 2290
2 2299 2300
2 2299 2301
2 2299 2302
2 2299 2303
2 2299 2304
2 2299 2305
2 2299 2276
2 2306 2307
2 2306 2298
2 2306 2308
2 2306 2297
2 2306 2309
2 2306 2310
2 2306 2311
2 2306 2312
2 2313 2314
2 2313 2315
2 2313 2316
2 2313 2317
2 2313 2318
2 949 950
2 949 956
2 949 957
2 949 958
2 949 959
2 949 1016
2 2284 2285
2 2284 2286
2 2284 2283
2 2284 2287
2 2284 2319
2 2284 2154
2 2320 2321
2 2320 2322
2 2320 2323
2 2320 2324
2 2320 2325
2 2320 2326
2 2320 2327
2 2320 2328
2 2320 2329
2 517 520
2 517 522
2 517 518
2 517 525
2 517 519
2 517 2292
2 517 521
2 844 866
2 844 847
2 844 848
2 844 867
2 844 765
2 844 764
2 2323 2321
2 2323 2325
2 2323 2327
2 2323 2312
2 2323 2322
2 2323 2311
2 2323 2326
2 2330 2331
2 2330 2332
2 2330 2333
2 2330 2305
2 2330 2334
2 2330 2304
2 2330 2335
2 2330 2336
2 958 950
2 958 956
2 958 1016
2 958 959
2 958 957
2 958 1018
2 1018 959
2 1018 1016
2 1018 1017
2 1018 957
2 1018 956
2 1018 1019
2 1018 1021
2 2337 2338
2 2337 2339
2 2337 2340
2 2337 2341
2 2337 2342
2 2337 2343
2 2337 2344
2 2337 2345
2 2337 2346
2 2341 2338
2 2341 2342
2 2341 2340
2 2341 2347
2 2341 2348
2 518 521
2 518 538
2 518 520
2 518 522
2 518 539
2 847 848
2 847 2349
2 847 2350
2 847 866
2 2351 2352
2 2351 2353
2 2351 2354
2 2351 2355
2 2351 2356
2 2351 2357
2 2351 2358
2 2332 2359
2 2332 2335
2 2332 2336
2 2332 2331
2 2332 2360
2 2332 2361
2 1020 1022
2 1020 1021
2 1020 1035
2 1020 1019
2 1020 1017
2 1020 1036
2 1020 1037
2 2362 2363
2 2362 2364
2 2362 2344
2 2362 2365
2 2362 2366
2 2362 2367
2 2362 2340
2 2362 2342
2 538 521
2 538 541
2 538 542
2 538 519
2 538 552
2 538 551
2 2345 2340
2 2345 2342
2 2345 2364
2 2345 2365
2 2345 2338
2 2286 2287
2 2286 2319
2 2286 2282
2 2286 2368
2 2286 2369
2 2286 2370
2 1057 1037
2 1057 1038
2 1057 1036
2 1057 1039
2 1057 1035
2 1034 1057
2 1057 1058
2 1057 1022
2 1402 1352
2 1402 1353
2 1402 1354
2 1402 1357
2 1402 1355
2 1356 1402
2 1402 1358
2 2371 2372
2 2371 2373
2 2371 2374
2 2371 2375
2 2371 2357
2 2371 2376
2 2371 2377
2 2371 2356
2 2371 2378
2 2336 2334
2 2336 2361
2 2336 2379
2 2336 2333
2 2336 2380
2 2336 2381
2 553 558
2 553 557
2 553 551
2 553 552
2 553 542
2 553 559
2 553 541
2 553 560
2 2382 2383
2 2382 999
2 2382 2349
2 2382 996
2 2382 868
2 2382 994
2 2382 867
2 2384 2385
2 2384 2386
2 2384 2387
2 2384 2388
2 2384 2389
2 2384 2365
2 2384 2367
2 2384 2366
2 2384 2390
2 2319 2368
2 2319 2369
2 2319 2370
2 2319 2391
2 2319 2282
2 1057 1059
2 1059 1037
2 1059 1039
2 1059 1038
2 1059 1036
2 1059 2392
2 2287 2368
2 2287 2369
2 2287 2370
2 2287 2391
2 2287 2282
2 568 569
2 568 560
2 568 559
2 568 571
2 568 601
2 568 602
2 568 557
2 994 996
2 994 999
2 994 1023
2 994 2383
2 994 992
2 994 2393
2 2378 2394
2 2378 2395
2 2378 2396
2 2378 2375
2 2378 2397
2 2378 2398
2 2378 2374
2 2378 2372
2 2379 2360
2 2379 2335
2 2379 2399
2 2379 2400
2 2379 2401
2 2402 2403
2 2402 2404
2 2402 2392
2 2402 1116
2 2402 1114
2 2402 1113
2 2402 2405
2 1110 2402
2 2390 2406
2 2390 2388
2 2390 2407
2 2390 2385
2 2390 2408
2 2390 2409
2 2410 2411
2 2410 2412
2 2410 2413
2 2410 2414
2 2410 2415
2 2410 2397
2 2410 2398
2 601 571
2 601 569
2 601 602
2 601 604
2 561 601
2 601 626
2 1023 995
2 1023 996
2 1023 997
2 1023 998
2 1023 999
2 2400 2416
2 2400 2380
2 2400 2417
2 2400 2361
2 2418 1113
2 2418 1114
2 2409 2408
2 2409 2419
2 2409 2420
2 2409 2421
2 2409 2406
2 2409 2422
2 2409 2423
2 2409 2407
2 2409 2424
2 2425 2426
2 2425 2427
2 2425 2428
2 2425 2415
2 2425 2429
2 2425 2414
2 2425 2413
2 2425 2411
2 626 604
2 626 642
2 626 644
2 626 643
2 645 626
2 626 571
2 2428 2414
2 2428 2413
2 2428 2411
2 2428 2430
2 2428 2426
2 2410 2428
2 2428 2427
2 1111 1112
2 1111 1115
2 1111 1140
2 1111 2431
2 1111 1136
2 1111 1138
2 1111 1137
2 2424 2422
2 2424 2432
2 2424 2433
2 2424 2423
2 2424 2419
2 2424 2420
2 2424 2434
2 2435 2436
2 2435 2437
2 2435 2438
2 2435 2429
2 2435 2427
2 2435 2439
2 2435 2440
2 2435 2426
2 644 642
2 644 643
2 644 646
2 644 681
2 644 682
2 644 683
2 2441 2442
2 2441 2417
2 2441 2416
2 2441 2443
2 2441 2444
2 2441 2445
2 2441 2446
2 1137 1136
2 1137 1115
2 1137 1138
2 1137 1139
2 1137 1209
2 1137 1208
2 1137 1112
2 2447 2448
2 2447 2449
2 2447 2450
2 2447 2432
2 2447 2451
2 2447 2452
2 2447 2433
2 2447 2453
2 2370 2368
2 2370 2391
2 2370 2454
2 2370 2455
2 2370 2456
2 2370 2457
2 681 646
2 681 683
2 681 682
2 681 697
2 681 643
2 681 642
2 2443 2446
2 2443 2458
2 2443 2459
2 2443 2460
2 1159 1208
2 1159 1209
2 1159 1202
2 1159 1203
2 1159 1204
2 1159 1205
2 1137 1159
2 2461 2462
2 2461 2463
2 2461 2464
2 2461 2465
2 2461 2466
2 2461 2467
2 2461 2468
2 2461 2469
2 2459 2460
2 2459 2458
2 2459 2446
2 2459 2470
2 2459 2444
2 2459 2471
2 2459 2472
2 2459 2442
2 2473 2474
2 2473 2475
2 2473 2476
2 2473 2477
2 2473 2478
2 2473 2479
2 2473 2480
2 2473 2481
2 2482 2483
2 2482 1025
2 2482 1024
2 2482 1070
2 2482 2484
2 2482 1071
2 2482 2485
2 2486 2487
2 2486 2488
2 2486 2489
2 2486 2490
2 2486 2465
2 2486 2491
2 2486 2492
2 2461 2486
2 2472 2470
2 2472 2460
2 2472 2493
2 2472 2458
2 2472 2446
2 2472 2494
2 1203 1205
2 1203 1207
2 1203 1204
2 1203 1202
2 1203 1206
2 1224 1203
2 1203 1209
2 1206 1204
2 1206 1207
2 1206 2495
2 1206 1205
2 1206 1202
2 1206 1225
2 2481 2496
2 2481 2474
2 2481 2497
2 2481 2498
2 2478 2480
2 2478 2496
2 2478 2474
2 2478 2499
2 2478 2500
2 2478 2497
2 738 739
2 738 740
2 738 741
2 738 742
2 738 698
2 738 766
2 2501 2502
2 2501 2503
2 2501 2492
2 2501 2504
2 2501 2491
2 2501 2505
2 2501 2488
2 2501 2506
2 2493 2507
2 2493 2508
2 2493 2509
2 2493 2471
2 2493 2510
2 2493 2470
2 2493 2511
2 1226 1225
2 1226 2495
2 1226 1265
2 1226 1264
2 1226 1261
2 1206 1226
2 1226 1207
2 2497 2512
2 2497 2496
2 2497 2513
2 2497 2514
2 2497 2515
2 2516 2517
2 2516 2518
2 2516 2519
2 2516 2520
2 2516 2521
2 2516 2506
2 2516 2522
2 2516 2505
2 2516 2523
2 766 741
2 766 742
2 766 740
2 766 799
2 766 739
2 766 797
2 2524 1179
2 2524 2485
2 2524 2484
2 2524 1071
2 2524 1070
2 2524 1177
2 2524 1176
2 2524 1069
2 2508 2510
2 2508 2511
2 2508 2525
2 2508 2526
2 2508 2527
2 2508 2507
2 2513 2515
2 2513 2528
2 2513 2529
2 2513 2530
2 2513 2531
2 1261 1264
2 1261 1265
2 1261 1260
2 1261 1225
2 1224 1261
2 1524 1404
2 1524 1605
2 1524 1606
2 1524 1607
2 1524 1357
2 1524 1608
2 2523 2532
2 2523 2522
2 2523 2533
2 2523 2534
2 2523 2535
2 2523 2518
2 2523 2536
2 2523 2519
2 2526 2537
2 2526 2510
2 2526 2509
2 2526 2538
2 2526 2494
2 797 799
2 797 2539
2 797 793
2 797 794
2 797 795
2 743 797
2 2511 2510
2 2511 2509
2 2511 2537
2 2511 2494
2 2531 2530
2 2531 2540
2 2531 2541
2 2531 2542
2 2531 2529
2 2531 2543
2 2531 2544
2 2531 2545
2 1262 1260
2 1262 1266
2 1262 1282
2 1262 1281
2 1262 1283
2 1262 1284
2 1262 1285
2 2546 2547
2 2546 2536
2 2546 2548
2 2546 2549
2 2546 2550
2 2546 2551
2 2546 2552
2 2546 2535
2 2537 2525
2 2537 2538
2 2537 2553
2 2537 2510
2 2537 2509
2 2508 2537
2 795 793
2 795 794
2 795 798
2 795 796
2 795 801
2 795 829
2 795 830
2 2554 1176
2 2554 1175
2 2554 1177
2 2554 1178
2 2554 1238
2 2554 1179
2 2554 1181
2 2554 1180
2 2545 2555
2 2545 2556
2 2545 2541
2 2545 2557
2 2545 2542
2 2545 2558
2 2559 2560
2 2559 2561
2 2559 2562
2 2559 2563
2 2559 2548
2 2559 2550
2 2559 2564
2 2559 2547
2 1283 1281
2 1283 1284
2 1283 1285
2 1283 1313
2 1283 1327
2 1283 1312
2 1283 1266
2 1283 1314
2 2538 2565
2 2538 2527
2 2538 2525
2 2538 2566
2 2511 2538
2 2538 2567
2 2568 2569
2 2568 2557
2 2568 2570
2 2568 2556
2 2568 2571
2 831 850
2 831 830
2 831 829
2 831 801
2 831 852
2 831 851
2 831 798
2 2572 2573
2 2572 2574
2 2572 2575
2 2572 2563
2 2572 2560
2 2572 2576
2 2572 2577
2 2559 2572
2 2578 2579
2 2578 2580
2 2578 2570
2 2578 2581
2 2578 2582
2 2578 2569
2 2578 2583
2 1327 1312
2 1327 1285
2 1327 1284
2 1327 1314
2 1327 1313
2 1327 1324
2 1327 1328
2 2571 2570
2 2571 2582
2 2571 2569
2 2571 2584
2 2571 2580
2 2585 2586
2 2585 2577
2 2585 2587
2 2585 2576
2 2585 2588
2 2585 2589
2 2585 2590
2 2585 2591
2 2585 2575
2 851 852
2 851 869
2 851 854
2 851 850
2 851 870
2 2592 2593
2 2592 2594
2 2592 2595
2 2592 2596
2 2592 2597
2 2592 2588
2 2592 2598
2 2595 2597
2 2595 2588
2 2595 2599
2 2595 2593
2 2595 2590
2 1328 1325
2 1328 1326
2 1328 1324
2 1328 1345
2 1328 1312
2 1311 1328
2 1607 1608
2 1607 1609
2 1607 2600
2 1607 1525
2 1607 1737
2 2601 2602
2 2601 2603
2 2601 2567
2 2601 2604
2 2605 2606
2 2605 2607
2 2605 2608
2 2605 2583
2 2605 2609
2 2605 2581
2 1234 1235
2 1234 1237
2 1234 1180
2 1234 1239
2 1240 1234
2 1234 1238
2 1234 1178
2 2610 2611
2 2610 2598
2 2610 2612
2 2610 2613
2 2610 2614
2 2610 2615
2 2610 2616
2 2610 2596
2 2611 2598
2 2611 2613
2 2611 2617
2 2611 2612
2 2611 2596
2 2611 2614
2 2611 2599
2 2611 2593
2 1349 1347
2 1349 2618
2 1349 1346
2 1349 1345
2 1349 2619
2 1349 2620
2 2603 2621
2 2603 2622
2 2603 2623
2 2603 2624
2 2609 2625
2 2609 2606
2 2609 2607
2 2609 2626
2 2609 2627
2 888 886
2 888 889
2 888 910
2 888 870
2 888 912
2 1239 1237
2 1239 1235
2 1239 1247
2 1239 1248
2 1239 1267
2 1239 1268
2 2628 2629
2 2628 2630
2 2628 2631
2 2628 2632
2 2628 2633
2 2628 2634
2 2628 2635
2 2628 2636
2 2637 2638
2 2637 2639
2 2637 2620
2 2637 2619
2 2637 2618
2 2637 2640
2 2637 1417
2 2637 1415
2 2637 1414
2 2616 2612
2 2616 2617
2 2622 2641
2 2622 2604
2 2622 2642
2 2622 2602
2 2622 2643
2 2622 2644
2 2622 2645
2 912 2646
2 912 920
2 912 2647
2 912 889
2 912 976
2 1267 1248
2 1267 1268
2 1267 1269
2 1267 1247
2 1267 1318
2 1267 1317
2 1316 1267
2 2627 2648
2 2627 2649
2 2627 2625
2 2627 2650
2 2627 2651
2 2627 2652
2 2627 2653
2 2627 2654
2 1414 1416
2 1414 1415
2 1414 1417
2 1414 1418
2 1414 1420
2 1414 1419
2 1414 2639
2 1414 2638
2 2600 1608
2 2600 1820
2 2600 1606
2 2600 1738
2 2655 2656
2 2655 2657
2 2655 2658
2 2655 2659
2 2655 2660
2 2657 2661
2 2657 2662
2 2657 2658
2 2657 2663
2 2647 976
2 2647 973
2 2647 972
2 2647 2646
2 2647 920
2 969 2647
2 911 2647
2 2647 971
2 2642 2664
2 2642 2623
2 2642 2665
2 2642 2666
2 2642 2641
2 2642 2604
2 1449 1422
2 1449 1420
2 1449 1421
2 1449 1419
2 1449 1470
2 1413 1449
2 2654 2667
2 2654 2652
2 2654 2668
2 2654 2651
2 2654 2669
2 2654 2670
2 2654 2648
2 2671 2658
2 2655 2671
2 2671 2672
2 2671 2656
2 2657 2671
2 1366 1367
2 1366 1364
2 1366 1319
2 1366 1320
2 1366 1318
2 1366 1269
2 2666 2645
2 2666 2643
2 2666 2673
2 2666 2674
2 2666 2623
2 2666 2675
2 2676 2677
2 2676 2670
2 2676 2678
2 2676 2669
2 2676 2679
2 2676 2667
2 2676 2680
2 2676 2668
2 2676 2681
2 1470 1471
2 1470 1473
2 1470 1469
2 1448 1470
2 1470 1422
2 1471 1473
2 1471 1474
2 1471 1482
2 1471 1483
2 1471 1485
2 1471 1484
2 1471 1486
2 1820 1738
2 1820 1737
2 1820 1609
2 1820 1739
2 1820 1608
2 1820 2682
2 2683 2684
2 2683 2685
2 2683 2686
2 2671 2683
2 2683 2687
2 2683 2660
2 2672 2684
2 2672 2685
2 2672 2688
2 2672 2660
2 2672 2659
2 2672 2686
2 1000 977
2 1000 1003
2 1000 974
2 1000 1049
2 1000 1002
2 1000 970
2 1000 1001
2 1320 1362
2 1320 1364
2 1320 1367
2 1320 1365
2 2673 2675
2 2673 2689
2 2673 2665
2 2673 2664
2 2673 2690
2 2673 2645
2 2673 2691
2 2692 2693
2 2692 2694
2 2692 2695
2 2692 2681
2 2692 2696
2 2692 2697
2 2692 2678
2 2692 2679
2 2692 2680
2 2686 2685
2 2686 2684
2 2686 2698
2 1486 1485
2 1486 1484
2 1486 1474
2 1486 1483
2 1486 1482
2 1486 1473
2 1738 1739
2 1738 1737
2 1738 2682
2 1738 1609
2 2688 2685
2 2688 2699
2 2688 2700
2 1027 1045
2 1027 1046
2 1027 1049
2 1027 1075
2 1027 1047
2 1027 1003
2 1027 1002
2 1363 1365
2 1363 1319
2 1363 1368
2 1363 2701
2 1363 1364
2 1366 1363
2 2689 2691
2 2689 2702
2 2689 2703
2 2689 2704
2 2689 2705
2 2706 2707
2 2706 2708
2 2706 2696
2 2706 2709
2 2706 2697
2 2706 2693
2 2692 2706
2 1504 1503
2 1504 1502
2 1504 1519
2 1504 1518
2 1504 1520
2 1504 1522
2 1504 1521
2 2710 2711
2 2710 2707
2 2710 2697
2 2710 2693
2 2692 2710
2 2710 2694
2 2710 2708
2 2699 2712
2 1075 1046
2 1075 1045
2 1075 1047
2 1075 1048
2 1075 1072
2 1075 1073
2 2701 1365
2 2701 2713
2 2701 2714
2 2701 1362
2 1361 2701
2 1320 2701
2 2701 2715
2 2702 2691
2 2702 2704
2 2702 2690
2 2702 2705
2 2702 2675
2 2702 2716
2 2702 2717
2 2708 2707
2 2708 2711
2 2708 2718
2 2708 2696
2 1521 1520
2 1521 1522
2 1521 1518
2 1521 1519
2 1521 1528
2 1521 1529
2 2712 2719
2 2712 2698
2 2712 2720
2 2712 2721
2 2712 2722
2 2712 2723
2 2712 2700
2 2716 2705
2 2716 2724
2 2716 2725
2 2716 2726
2 2716 2704
2 2716 2727
2 2716 2728
2 2716 2729
2 1072 1073
2 1072 1074
2 1072 1076
2 1072 1048
2 1072 1081
2 1072 1078
2 1072 1080
2 2713 2715
2 2713 2730
2 2713 1368
2 2713 1365
2 2713 2731
2 2713 2732
2 1363 2713
2 2718 2733
2 2718 2734
2 2718 2735
2 2718 2736
2 2718 2737
2 2721 2722
2 2721 2738
2 2721 2739
2 2721 2740
2 2721 2741
2 1528 1531
2 1528 1529
2 1528 1546
2 1528 1545
2 1528 1522
2 1528 1547
2 2719 2723
2 2719 2722
2 2719 2742
2 2719 2739
2 2719 2738
2 2719 2740
2 2729 2726
2 2729 2727
2 2729 2743
2 2729 2724
2 2729 2744
2 2729 2725
2 1078 1080
2 1078 1076
2 1078 1081
2 1078 1073
2 1078 1074
2 1078 1082
2 2727 2728
2 2727 2724
2 2727 2725
2 2727 2743
2 2727 2745
2 2727 2717
2 2740 2739
2 2740 2738
2 2740 2746
2 2740 2723
2 2740 2747
2 2740 2748
2 1547 1546
2 1547 1545
2 1547 1591
2 1547 1549
2 1547 1531
2 1547 1548
2 1547 1529
2 1549 2749
2 1549 1545
2 1549 1546
2 1549 1590
2 2739 2723
2 2739 2722
2 2739 2750
2 2739 2746
2 2739 2720
2 2751 2745
2 2729 2751
2 2751 2743
2 2751 2728
2 2751 2752
2 2727 2751
2 2736 2735
2 2736 2753
2 2736 2737
2 2736 2733
2 2736 2754
2 2736 2755
2 2736 2756
2 2736 2757
2 1082 1079
2 1082 1126
2 1082 1121
2 1082 1124
2 2732 2758
2 2732 2715
2 2732 2759
2 2732 2760
2 2732 2714
2 2732 2761
2 2747 2762
2 2747 2763
2 2747 2748
2 2747 2764
2 2747 2746
2 2747 2765
2 2747 2750
2 2747 2766
2 2747 2741
2 1590 2749
2 1590 1591
2 1590 1548
2 1547 1590
2 1816 1817
2 1816 1818
2 1816 2682
2 1816 1739
2 1816 2767
2 1738 1816
2 1816 2768
2 2752 2769
2 2752 2744
2 2752 2770
2 2752 2745
2 2752 2771
2 2752 2743
2 2729 2752
2 2752 2728
2 2772 2773
2 2772 2755
2 2772 2756
2 2772 2774
2 2772 2775
2 1121 1124
2 1121 1122
2 1121 1126
2 1121 1123
2 1121 1125
2 1121 1128
2 1121 1127
2 2758 2760
2 2758 2776
2 2758 2761
2 2758 2777
2 2758 2731
2 2758 2778
2 2758 1564
2 2755 2779
2 2755 2753
2 2755 2780
2 2755 2737
2 2781 2782
2 2781 2783
2 2781 2784
2 2781 2785
2 2781 2786
2 2781 2787
2 2781 2766
2 1600 1601
2 1600 1621
2 1600 1603
2 1600 1604
2 1600 1620
2 1600 1599
2 1600 1622
2 2788 2782
2 2788 2784
2 2788 2765
2 2788 2764
2 1127 1122
2 1127 1128
2 1127 1123
2 1127 1125
2 1127 1124
2 1127 1184
2 1127 1217
2 2777 2761
2 2777 2778
2 2777 1564
2 2777 1563
2 2777 2759
2 2777 1562
2 2777 1561
2 2789 2775
2 2789 2790
2 2789 2774
2 2789 2791
2 2789 2792
2 2789 2780
2 2789 2793
2 2789 2773
2 2774 2773
2 2774 2775
2 2774 2794
2 2774 2790
2 2774 2791
2 2774 2757
2 1622 1620
2 1622 1603
2 1622 1640
2 1622 1604
2 1622 1641
2 2795 2796
2 2795 2797
2 2795 2787
2 2795 2798
2 2795 2785
2 2795 2799
2 2795 2800
2 2795 2786
2 2795 2801
2 2771 2802
2 2771 2769
2 2771 2803
2 2751 2771
2 2771 2804
2 2771 2744
2 2793 2792
2 2793 2805
2 2793 2806
2 2793 2807
2 2793 2794
2 2793 2791
2 2793 2808
2 2793 2790
2 1217 1184
2 1217 1185
2 1217 1188
2 1217 1128
2 1217 1187
2 1563 1562
2 1563 1564
2 1563 1561
2 1563 2778
2 1563 2809
2 1563 2761
2 2810 2811
2 2810 2812
2 2810 2813
2 2810 2814
2 2810 2815
2 2810 2816
2 2810 2817
2 2810 2818
2 2810 2819
2 1653 1642
2 1653 1641
2 1653 1640
2 1653 1654
2 1653 1655
2 1623 1653
2 1622 1653
2 2820 2821
2 2820 2822
2 2820 2823
2 2820 2801
2 2820 2824
2 2820 2800
2 2820 2798
2 2820 2825
2 2820 2826
2 2801 2798
2 2801 2823
2 2801 2822
2 2801 2799
2 2801 2796
2 1185 1188
2 1185 1183
2 1185 1187
2 1185 1215
2 1185 1216
2 1185 1184
2 2809 1562
2 2809 1559
2 2809 1564
2 2809 2778
2 2777 2809
2 2802 2827
2 2802 2803
2 2802 2804
2 2802 2828
2 2802 2829
2 2802 2830
2 2752 2802
2 1654 1655
2 1654 1677
2 1654 1678
2 1654 1642
2 1654 1641
2 1654 1640
2 2831 2808
2 2831 2807
2 2831 2805
2 2831 2832
2 2793 2831
2 2831 2806
2 2811 2814
2 2811 2817
2 2811 2813
2 2811 2819
2 2811 2815
2 2811 2833
2 2811 2816
2 1218 1254
2 1218 1216
2 1218 1256
2 1218 2834
2 1218 1253
2 1218 2835
2 1218 1215
2 1218 1251
2 1218 1250
2 2836 2826
2 2836 2837
2 2836 2822
2 2820 2836
2 2836 2823
2 2836 2821
2 2838 2839
2 2838 2832
2 2838 2840
2 2838 2841
2 2838 2842
2 2838 2843
2 2838 2844
2 2838 2845
2 2838 2846
2 2814 2817
2 2814 2819
2 2814 2833
2 2814 2847
2 2814 2848
2 2814 2849
2 1679 2850
2 1679 2851
2 1679 1655
2 1679 2852
2 1679 2853
2 2768 2854
2 2768 2855
2 2768 2767
2 2768 2856
2 2768 1818
2 2768 1817
2 2768 1928
2 2768 1927
2 2768 1926
2 2857 2858
2 2857 2859
2 2857 2860
2 2857 2861
2 2857 2862
2 2857 2863
2 2857 2837
2 2857 2864
2 2857 2865
2 1251 2835
2 1251 1250
2 1251 1253
2 1251 1254
2 1251 1252
2 1251 1256
2 1251 2834
2 1565 1566
2 1565 2866
2 2809 1565
2 1565 1560
2 1565 1561
2 1565 2867
2 2828 2868
2 2828 2869
2 2828 2870
2 2828 2871
2 2845 2872
2 2845 2846
2 2845 2842
2 2845 2843
2 2845 2840
2 2845 2839
2 2853 2851
2 2853 2852
2 2853 2873
2 2853 2874
2 2853 2850
2 2853 2875
2 2853 1680
2 2853 2876
2 2853 2877
2 2854 2855
2 2854 2856
2 2854 2767
2 2854 1928
2 2854 1927
2 2854 1926
2 2854 1818
2 2854 1817
2 2864 2858
2 2864 2861
2 2864 2878
2 2864 2879
2 2864 2860
2 1255 1252
2 1255 1271
2 1255 1272
2 1255 1273
2 1251 1255
2 1255 1275
2 2868 2830
2 2868 2869
2 2868 2829
2 2868 2804
2 2868 2803
2 2868 2871
2 2868 2880
2 2868 2881
2 2882 2883
2 2882 2884
2 2882 2885
2 2882 2886
2 2882 2887
2 2882 2872
2 2882 2888
2 2877 2875
2 2877 2876
2 2877 2874
2 2877 2873
2 2877 1748
2 2877 2852
2 2877 2851
2 1745 2877
2 2889 2890
2 2889 2878
2 2889 2879
2 2889 2891
2 2889 2892
2 2889 2893
2 2869 2894
2 2869 2895
2 2869 2830
2 2869 2829
2 1293 1272
2 1293 2896
2 1293 1304
2 1293 1271
2 1270 1293
2 2897 2898
2 2897 2899
2 2897 2900
2 2897 2901
2 2902 2899
2 2902 2903
2 1748 2875
2 1748 2876
2 1748 2874
2 1748 1746
2 1748 2873
2 1748 1747
2 2900 2901
2 2900 2904
2 2900 2905
2 2900 2891
2 2906 2895
2 2906 2907
2 2906 2908
2 2906 2894
2 2906 2881
2 2906 2909
2 2906 2910
2 2906 2911
2 2912 2913
2 2912 2914
2 2912 2915
2 2912 2916
2 2912 2917
2 2912 2918
2 2912 2919
2 2912 2920
2 2909 2910
2 2909 2907
2 2909 2908
2 2909 2921
2 2909 2922
2 2909 2923
2 2909 2924
2 1746 1747
2 1746 1751
2 1746 1750
2 1746 1755
2 1746 1752
2 1746 1753
2 1746 1754
2 1928 1927
2 1928 2856
2 1928 1924
2 1928 2855
2 1928 2767
2 2915 2914
2 2915 2918
2 2915 2919
2 2915 2925
2 2915 2926
2 2915 2927
2 2915 2928
2 1305 1304
2 1305 2896
2 1305 1373
2 1305 1371
2 1305 1372
2 1293 1305
2 1369 1305
2 2929 2930
2 2929 2931
2 2929 2932
2 2929 2849
2 2929 2848
2 2929 2933
2 2929 2934
2 2929 2847
2 2929 2935
2 1752 1754
2 1752 1753
2 1752 1750
2 1752 1787
2 1752 1751
2 1752 1747
2 1752 1786
2 1927 1924
2 1927 2856
2 1927 2855
2 1927 2767
2 2936 2937
2 2936 2938
2 2936 2939
2 2936 2940
2 2936 2941
2 2936 2942
2 2936 2943
2 2936 2944
2 2936 2945
2 1371 1373
2 1371 1370
2 1371 1372
2 1371 2946
2 1371 1306
2 1371 1375
2 1371 1374
2 1724 1721
2 1724 1720
2 1724 1717
2 1724 2867
2 1724 1718
2 1719 1724
2 2939 2937
2 2939 2947
2 2939 2941
2 2939 2948
2 2939 2942
2 2939 2943
2 2922 2923
2 2922 2911
2 2922 2949
2 2922 2910
2 2922 2950
2 2922 2951
2 1784 1785
2 1784 1786
2 1784 1787
2 1784 1754
2 1784 1753
2 1752 1784
2 1784 1751
2 1784 1750
2 2925 2927
2 2925 2926
2 2925 2919
2 2925 2918
2 2944 2942
2 2944 2952
2 2944 2953
2 2944 2954
2 2944 2941
2 2944 2955
2 2944 2937
2 2950 2951
2 2950 2956
2 2950 2957
2 2950 2958
2 2950 2959
2 2950 2923
2 2950 2924
2 1375 1376
2 1375 2960
2 1375 2961
2 1375 2962
2 1375 1370
2 1375 2946
2 1375 2963
2 1721 1717
2 1721 2964
2 1721 1718
2 1721 1723
2 2965 2966
2 2965 2967
2 2965 2968
2 2933 2934
2 2933 2969
2 2933 2970
2 2933 2971
2 2933 2930
2 2933 2931
2 2933 2932
2 1924 2856
2 1924 2855
2 2854 1924
2 1924 2972
2 2768 1924
2 2973 2974
2 2973 2975
2 2973 2955
2 2973 2976
2 2973 2977
2 2973 2954
2 2973 2978
2 2973 2979
2 2973 2980
2 2957 2956
2 2957 2951
2 2957 2981
2 2957 2982
2 2957 2949
2 2957 2983
2 2957 2959
2 2962 2961
2 2962 2963
2 2962 1376
2 2962 2960
2 2962 1428
2 2962 1374
2 2962 1426
2 2962 1427
2 1717 1720
2 1717 1718
2 1717 1722
2 1717 2964
2 1717 1723
2 2984 2985
2 2984 2986
2 2984 2987
2 2984 2988
2 2989 2990
2 2989 2991
2 2989 2980
2 2989 2992
2 2989 2978
2 2989 2979
2 2989 2993
2 2989 2975
2 2982 2958
2 2982 2994
2 2982 2995
2 2982 2996
2 2982 2956
2 2982 2951
2 1809 1788
2 1809 1806
2 1809 1808
2 1809 1807
2 1809 1810
2 1809 1811
2 1783 1809
2 1809 1785
2 2997 2986
2 2997 2998
2 2997 2999
2 2997 2985
2 2997 3000
2 2997 3001
2 3002 3003
2 3002 2993
2 3002 2990
2 3002 2991
2 3002 2992
2 3002 3004
2 2989 3002
2 3002 3005
2 1426 1427
2 1426 1428
2 1426 1425
2 1426 1424
2 1426 3006
2 1426 2963
2 1426 2961
2 3000 3007
2 3000 3001
2 3000 2998
2 3000 3008
2 3000 3009
2 3000 3010
2 3000 2986
2 3011 3012
2 3011 3013
2 3002 3011
2 3014 2996
2 3014 2995
2 3014 3015
2 3014 2994
2 3014 3016
2 3014 3017
2 3014 2983
2 3010 3018
2 3010 3019
2 3010 3007
2 3010 3020
2 3010 3001
2 3010 3021
2 3013 3022
2 3013 3023
2 3013 3012
2 1429 1431
2 1429 3006
2 1429 3024
2 1429 1424
2 1429 1425
2 1429 3025
2 1429 3026
2 3015 3016
2 3015 3027
2 3015 3028
2 3015 2996
2 3015 3029
2 3019 3020
2 3019 3021
2 3019 3030
2 3019 3031
2 3019 3032
2 3019 3033
2 3019 3034
2 1813 1843
2 1813 1842
2 1813 1844
2 1813 1845
2 1813 1846
2 1813 1811
2 1858 1813
2 1813 1810
2 3023 3035
2 3023 3036
2 3023 3037
2 3023 3038
2 3023 3039
2 3023 3040
2 3025 3026
2 3025 3041
2 3025 3042
2 3025 3024
2 3025 1431
2 3025 1430
2 3025 3043
2 3025 3006
2 1744 1723
2 1744 1760
2 1744 1804
2 1744 1761
2 1744 1762
2 1744 1718
2 1798 1744
2 3032 3031
2 3032 3033
2 3032 3044
2 3032 3045
2 3039 3040
2 3039 3046
2 3039 3047
2 3039 3048
2 3039 3049
2 3039 3050
2 3039 3051
2 1845 1842
2 1845 1846
2 1845 1843
2 1845 1859
2 1845 1860
2 1846 1844
2 1846 1859
2 1846 1860
2 1846 1861
2 1846 1843
2 1846 1842
2 3052 3053
2 3052 3054
2 3052 3055
2 3052 3056
2 3052 3028
2 3052 3057
2 3051 3048
2 3051 3058
2 3051 3050
2 3051 3059
2 3051 3047
2 3051 3060
2 3043 3042
2 3043 3041
2 3043 3061
2 3043 3062
2 3043 3026
2 3043 3063
2 3043 3024
2 3043 1431
2 1760 1761
2 1760 1762
2 1760 1799
2 1760 1723
2 1760 1800
2 3056 3057
2 3056 3054
2 3056 3055
2 3056 3064
2 3056 3065
2 3056 3053
2 3056 3066
2 3056 3067
2 1860 1861
2 1860 1865
2 1860 1844
2 1860 1866
2 3068 3069
2 3068 3070
2 3068 3071
2 3068 3072
2 3068 3073
2 3068 3074
2 3068 3058
2 3063 3062
2 3063 1541
2 3063 1540
2 3063 1538
2 1536 3063
2 3063 1537
2 1762 1799
2 1762 1761
2 1762 1800
2 1762 1801
2 1762 1802
2 1762 1804
2 1762 1803
2 3066 3075
2 3066 3057
2 3066 3064
2 3066 3054
2 3066 3055
2 3066 3065
2 3066 3076
2 3066 3053
2 3077 3078
2 3077 3079
2 3077 3080
2 3077 3081
2 3077 3082
2 3077 3083
2 3077 3084
2 3085 1867
2 3085 1868
2 3085 1866
2 3085 3086
2 3085 1865
2 3085 1886
2 3085 1885
2 3085 1887
2 1862 3085
2 3087 3088
2 3087 3089
2 3087 3090
2 3087 3091
2 3087 3092
2 3087 3093
2 3087 3094
2 1800 1801
2 1800 1802
2 1800 1799
2 1800 1803
2 1800 1850
2 1800 1761
2 1847 1800
2 3095 3096
2 3095 3097
2 3095 3098
2 3095 3073
2 3095 3099
2 3095 3074
2 3095 3100
2 3095 3069
2 3068 3095
2 3075 3076
2 3075 3101
2 3075 3057
2 3075 3064
2 3075 3102
2 3056 3075
2 3075 3103
2 3075 3054
2 1886 1884
2 1886 1885
2 1886 1887
2 1886 1890
2 1886 1889
2 1886 1888
2 1886 1891
2 3100 3096
2 3100 3098
2 3100 3097
2 3100 3073
2 3100 3104
2 3105 3106
2 3105 3107
2 3105 3084
2 3105 3108
2 3105 3081
2 3105 3109
2 3105 3082
2 3105 3083
2 3105 3110
2 1539 1543
2 1539 1569
2 1539 1567
2 1539 1537
2 1539 1568
2 1539 1538
2 1803 1802
2 1803 1801
2 1803 1848
2 1803 1849
2 1803 1799
2 3104 3111
2 3104 3112
2 3104 3113
2 3104 3099
2 3104 3114
2 3102 3115
2 3102 3101
2 3102 3116
2 3102 3117
2 3102 3118
2 3102 3076
2 3102 3119
2 3102 3120
2 1890 1889
2 1890 1891
2 1890 1888
2 1890 1895
2 1890 1896
2 1890 1884
2 1890 1898
2 3109 3107
2 3109 3106
2 3109 3121
2 3109 3122
2 1568 1567
2 1568 1577
2 1568 1543
2 1568 1578
2 1568 1579
2 1568 1580
2 1849 1850
2 1849 1851
2 1849 1852
2 1849 1853
2 1849 1802
2 3113 3114
2 3113 3123
2 3113 3124
2 3113 3125
2 3113 3126
2 3116 3117
2 3116 3119
2 3116 3115
2 3116 3120
2 3116 3127
2 3116 3103
2 3116 3128
2 1898 1895
2 1898 1899
2 1898 1889
2 1898 1896
2 1898 1897
2 1898 1891
2 3121 3129
2 3121 3130
2 3121 3131
2 3121 3132
2 3121 3110
2 3125 3133
2 3125 3126
2 3125 3124
2 3125 3134
2 3125 3135
2 3125 3114
2 3125 3136
2 1579 1577
2 1579 1578
2 1579 1580
2 1579 1611
2 1579 1567
2 1579 1612
2 1851 1853
2 1851 1869
2 1851 1848
2 1851 1850
2 3128 3137
2 3128 3120
2 3128 3119
2 3128 3138
2 3128 3118
2 3128 3117
2 3132 3129
2 3132 3139
2 3132 3140
2 3132 3141
2 1903 1902
2 1903 1901
2 1903 1899
2 1903 1904
2 1898 1903
2 1903 1897
2 1903 1906
2 3142 3143
2 3142 3094
2 3142 3144
2 3142 3093
2 3142 3145
2 3142 3146
2 3142 3147
2 3142 3090
2 3148 3149
2 3148 3136
2 3148 3150
2 3148 3151
2 3148 3152
2 3148 3153
2 3148 3133
2 3148 3134
2 3148 3154
2 1612 1611
2 1612 3155
2 1612 1613
2 1612 1580
2 1612 1578
2 1612 1577
2 1612 1614
2 1869 1853
2 1869 1852
2 1869 1864
2 1849 1869
2 1869 1848
2 1847 1869
2 3140 3141
2 3140 3156
2 3140 3157
2 3140 3158
2 3140 3159
2 3140 3160
2 3140 3161
2 3140 3162
2 3140 3163
2 1906 1915
2 1906 1913
2 1906 1907
2 1906 1910
2 1906 1904
2 1906 1911
2 1906 1909
2 3159 3158
2 3159 3157
2 3159 3141
2 3159 3156
2 3159 3164
2 3159 3160
2 3165 3166
2 3165 3167
2 3165 3153
2 3165 3168
2 3165 3169
2 3165 3151
2 3165 3149
2 1614 1672
2 1614 1670
2 1614 1613
2 1614 1669
2 1614 3155
2 1614 1668
2 1864 1853
2 1864 3170
2 1851 1864
2 1864 1852
2 3153 3151
2 3153 3167
2 3153 3154
2 3153 3166
2 3153 3149
2 3153 3171
2 3153 3150
2 3172 3173
2 3172 3174
2 3172 3175
2 3172 3138
2 3172 3137
2 3172 3176
2 1909 1911
2 1909 1910
2 1909 1913
2 1909 1907
2 1909 1912
2 1909 1915
2 1909 1914
2 3177 3178
2 3177 3179
2 3177 3163
2 3177 3161
2 3177 3160
2 3177 3156
2 3177 3180
2 3177 3181
2 3161 3163
2 3161 3178
2 3161 3141
2 3161 3179
2 3161 3182
2 1669 1668
2 1669 1670
2 1669 1672
2 1669 1613
2 1669 1671
2 1669 3155
2 1610 1669
2 3183 3168
2 3183 3171
2 3183 3169
2 3183 3184
2 3165 3183
2 3173 3174
2 3173 3185
2 1914 1917
2 1914 1918
2 1914 1911
2 1914 1919
2 1914 1910
2 3186 3180
2 3186 3187
2 3186 3181
2 3186 3188
2 3186 3189
2 3186 3179
2 3186 3182
2 3186 3190
2 3186 3191
2 3145 3146
2 3145 3144
2 3145 3147
2 3145 3192
2 3145 3193
2 3145 3194
2 3145 3195
2 3145 3196
2 3184 3197
2 3198 3199
2 3198 3175
2 3198 3174
2 3198 3200
2 3198 3201
2 3185 3175
2 3185 3174
2 3185 3202
2 3185 3199
2 3185 3203
2 3190 3187
2 3190 3204
2 3190 3205
2 3190 3180
2 3190 3188
2 3190 3181
2 3197 3206
2 3197 3207
2 3197 3208
2 3197 3209
2 3197 3210
2 3197 3211
2 1674 1673
2 1674 3212
2 1674 3213
2 1674 3214
2 1674 1735
2 1674 1734
2 1674 1671
2 1674 1733
2 1674 1731
2 3215 3205
2 3215 3204
2 3215 3216
2 3215 3217
2 3190 3215
2 3215 3218
2 3210 3219
2 3210 3220
2 3210 3221
2 3210 3222
2 3210 3223
2 3224 3225
2 3224 3226
2 3198 3224
2 3224 3227
2 3224 3228
2 3185 3224
2 3217 3218
2 3217 3229
2 3217 3230
2 3217 3231
2 3217 3232
2 3217 3233
2 3217 3234
2 3217 3235
2 1735 1734
2 1735 3213
2 1735 1733
2 1735 3214
2 1735 1731
2 1735 1728
2 1735 3212
2 1735 1730
2 1735 1727
2 1893 3236
2 1893 3237
2 1893 3238
2 1893 3239
2 1893 3170
2 1893 3240
2 1893 3241
2 3242 3222
2 3242 3243
2 3242 3244
2 3242 3245
2 3242 3221
2 3242 3246
2 3242 3219
2 3225 3226
2 3225 3228
2 3225 3201
2 3225 3247
2 3225 3200
2 3225 3199
2 3225 3248
2 3225 3249
2 3234 3233
2 3234 3231
2 3234 3250
2 3234 3251
2 3234 3252
2 3234 3218
2 3234 3229
2 3234 3253
2 3254 3255
2 3254 3256
2 3254 3257
2 3254 3246
2 3254 3243
2 3254 3244
2 3254 3258
2 3254 3259
2 1730 1728
2 1730 1727
2 1730 1733
2 1730 1734
2 1730 1731
2 1730 1729
2 1730 1732
2 1729 1727
2 1729 1728
2 1729 1731
2 1729 1733
2 3228 3249
2 3228 3260
2 3228 3201
2 3228 3261
2 3253 3262
2 3253 3263
2 3253 3251
2 3253 3264
2 3253 3252
2 3253 3265
2 3253 3235
2 3253 3250
2 3266 3267
2 3266 3268
2 3266 3255
2 3266 3269
2 3266 3256
2 3254 3266
2 3266 3257
2 3270 1771
2 1726 3270
2 1730 3270
2 3270 1727
2 3270 1728
2 3270 1731
2 3249 3261
2 3249 3271
2 3249 3226
2 3249 3272
2 3249 3273
2 3265 3262
2 3265 3263
2 3265 3274
2 3265 3275
2 3265 3251
2 3276 3277
2 3276 3278
2 3276 3279
2 3276 3280
2 3276 3196
2 3276 3195
2 3276 3281
2 3276 3282
2 3276 3193
2 3267 3269
2 3267 3268
2 3267 3283
2 3267 3284
2 3267 3285
2 3267 3286
2 3267 3287
2 3274 3288
2 3274 3289
2 3274 3290
2 3274 3291
2 3274 3292
2 3274 3293
2 3294 3288
2 3294 3290
2 3294 3264
2 3294 3292
2 1764 1765
2 1764 1782
2 1764 1768
2 1764 1769
2 1764 1770
2 1764 1767
2 1780 1764
2 3279 3277
2 3279 3278
2 3279 3281
2 3279 3282
2 3279 3295
2 3279 3196
2 3279 3296
2 3287 3285
2 3287 3297
2 3287 3283
2 3287 3298
2 3287 3299
2 3287 3284
2 3287 3300
2 3287 3301
2 3272 3302
2 3272 3273
2 3272 3303
2 3272 3304
2 3272 3305
2 3272 3306
2 3272 3260
2 1768 1770
2 1768 1769
2 1768 1765
2 1768 1781
2 1768 1793
2 3290 3275
2 3290 3293
2 3290 3307
2 3290 3308
2 3290 3309
2 3310 3311
2 3310 3301
2 3310 3312
2 3310 3300
2 3310 3313
2 3310 3297
2 3310 3314
2 3310 3315
2 3310 3316
2 1781 1793
2 1781 1794
2 1781 1795
2 1781 1770
2 1781 1769
2 1781 1831
2 3304 3303
2 3304 3317
2 3304 3305
2 3304 3302
2 3304 3306
2 3304 3273
2 3304 3318
2 3304 3319
2 1831 1834
2 1831 1830
2 1831 1795
2 1831 1829
2 1831 1832
2 1831 1794
2 1831 1793
2 1833 1831
2 3308 3309
2 3308 3293
2 3308 3307
2 3308 3320
2 3308 3292
2 3308 3321
2 3308 3322
2 3308 3323
2 3316 3315
2 3316 3324
2 3316 3314
2 3316 3325
2 3316 3311
2 3316 3326
2 3316 3327
2 3323 3321
2 3323 3322
2 3323 3320
2 3323 3328
2 3323 3329
2 3323 3309
2 3323 3330
2 3323 3331
2 1829 1832
2 1829 1836
2 1829 1835
2 1829 1834
2 1829 1837
2 3327 3325
2 3327 3332
2 3327 3324
2 3327 3333
2 3327 3334
2 3327 3315
2 3327 3335
2 3336 3318
2 3336 3317
2 3336 3306
2 3336 3305
2 3336 3337
2 3304 3336
2 3330 3329
2 3330 3331
2 3330 3338
2 3330 3328
2 3330 3339
2 3330 3340
2 3330 3341
2 3330 3342
2 3330 3343
2 1855 1837
2 1855 1856
2 1855 1839
2 1855 1857
2 1833 1855
2 1855 1836
2 1855 1835
2 1855 3344
2 3345 3346
2 3345 3335
2 3345 3334
2 3345 3347
2 3345 3348
2 3327 3345
2 3345 3332
2 3343 3340
2 3343 3349
2 3343 3350
2 3343 3339
2 3343 3338
2 3343 3342
2 3343 3351
2 3343 3331
2 3348 3352
2 3348 3353
2 3348 3346
2 3348 3354
2 3348 3355
2 3348 3356
2 3348 3357
2 3348 3358
2 3337 3359
2 3337 3360
2 3337 3361
2 3337 3362
2 3337 3363
2 3337 3364
2 3337 3365
2 3337 3366
2 3367 3351
2 3367 3368
2 3367 3369
2 3367 3370
2 3367 3349
2 3367 3371
2 3367 3350
2 3372 3373
2 3372 3356
2 3372 3374
2 3372 3357
2 3372 3375
2 3372 3376
2 3372 3352
2 3359 3363
2 3359 3362
2 3359 3364
2 3359 3365
2 3359 3377
2 3359 3361
2 3359 3378
2 3370 3368
2 3370 3379
2 3370 3380
2 3370 3381
2 3370 3382
2 3370 3351
2 3383 3384
2 3383 3373
2 3383 3385
2 3383 3386
2 3372 3383
2 3383 3387
2 3388 3389
2 3388 3390
2 3388 3382
2 3388 3380
2 3388 3391
2 3388 3392
2 3388 3393
2 3388 3394
2 3388 3395
2 3386 3396
2 3386 3397
2 3386 3398
2 3386 3384
2 3386 3385
2 3386 3399
2 3386 3400
2 3386 3401
2 3391 3402
2 3391 3390
2 3391 3392
2 3391 3403
2 3391 3382
2 3404 3405
2 3404 3406
2 3404 3407
2 3404 3408
2 3404 3409
2 3404 3410
2 3404 3411
2 3404 3412
2 3400 3413
2 3400 3399
2 3400 3401
2 3400 3414
2 3400 3396
2 3400 3397
2 3400 3398
2 3400 3415
2 3416 3417
2 3416 3418
2 3416 3402
2 3416 3419
2 3416 3420
2 3416 3421
2 3416 3422
2 3416 3393
2 3415 3414
2 3415 3423
2 3415 3424
2 3415 3425
2 3415 3413
2 3415 3426
2 3415 3427
2 3428 3429
2 3428 3430
2 3428 3431
2 3428 3432
2 3428 3433
2 3428 3434
2 3428 3435
2 3420 3422
2 3420 3419
2 3420 3417
2 3420 3436
2 3420 3437
2 3420 3403
2 3420 3418
2 3409 3410
2 3409 3411
2 3409 3406
2 3409 3405
2 3409 3412
2 3409 3438
2 3409 3439
2 3427 3425
2 3427 3440
2 3427 3424
2 3427 3426
2 3427 3423
2 3427 3441
2 3427 3442
2 3427 3443
2 3430 3433
2 3430 3432
2 3430 3431
2 3430 3434
2 3430 3444
2 3430 3445
2 3430 3429
2 3430 3446
2 3447 3448
2 3447 3449
2 3447 3436
2 3447 3450
2 3447 3451
2 3447 3421
2 3420 3447
2 3411 3408
2 3411 3412
2 3411 3438
2 3411 3406
2 3411 3405
2 3411 3452
2 3453 3454
2 3453 3440
2 3427 3453
2 3455 3454
2 3455 3456
2 3455 3457
2 3455 3458
2 3453 3455
2 3459 3460
2 3459 3461
2 3459 3462
2 3459 3446
2 3459 3463
2 3459 3445
2 3459 3464
2 3459 3465
2 3463 3465
2 3463 3464
2 3463 3466
2 3463 3467
2 3463 3468
2 3463 3469
2 3463 3461
2 3470 3471
2 3470 3472
2 3470 3473
2 3470 3474
2 3470 3475
2 3470 3476
2 3470 3477
2 3478 3479
2 3478 3480
2 3478 3481
2 3478 3482
2 3478 3483
2 3478 3484
2 3478 3485
2 3478 3457
2 3478 3486
2 3467 3469
2 3467 3487
2 3467 3465
2 3467 3464
2 3467 3488
2 3467 3489
2 3474 3477
2 3474 3490
2 3474 3491
2 3474 3492
2 3474 3493
2 3474 3494
2 3485 3484
2 3485 3482
2 3485 3495
2 3485 3480
2 3485 3479
2 3488 3496
2 3488 3497
2 3488 3487
2 3488 3498
2 3488 3469
2 3488 3499
2 3493 3492
2 3493 3491
2 3493 3494
2 3493 3500
2 3493 3501
2 3493 3502
2 3493 3503
2 3493 3490
2 3493 3504
2 3495 3505
2 3495 3506
2 3495 3507
2 3495 3508
2 3495 3509
2 3495 3510
2 3498 3489
2 3498 3511
2 3498 3496
2 3498 3512
2 3498 3513
2 3498 3487
2 3503 3504
2 3503 3500
2 3503 3514
2 3503 3502
2 3503 3515
2 3503 3516
2 3503 3501
2 3510 3517
2 3510 3518
2 3510 3519
2 3510 3520
2 3510 3521
2 3510 3522
2 3510 3505
2 3523 3524
2 3523 3514
2 3523 3515
2 3523 3525
2 3523 3526
2 3503 3523
2 3527 3528
2 3527 3344
2 3527 3529
2 3527 3530
2 3527 3531
2 3527 3532
2 3527 3533
2 3527 1857
2 3516 3514
2 3516 3515
2 3516 3525
2 3516 3504
2 3516 3524
2 3516 3502
2 3534 3535
2 3534 3536
2 3534 3537
2 3534 3538
2 3534 3539
2 3534 3540
2 3534 3452
2 3534 3541
2 3534 3438
2 3531 3533
2 3531 3530
2 3531 3529
2 3531 3542
2 3531 3532
2 3531 3543
2 3531 3544
2 3531 3545
2 3546 3520
2 3546 3547
2 3546 3521
2 3546 3548
2 3546 3522
2 3546 3549
2 3546 3517
2 3546 3550
2 3544 3533
2 3544 3542
2 3544 3551
2 3544 3552
2 3544 3532
2 3544 3553
2 3544 3554
2 3513 3499
2 3513 3497
2 3513 3555
2 3513 3556
2 3513 3511
2 3513 3489
2 3552 3551
2 3552 3554
2 3552 3553
2 3552 3545
2 3552 3557
2 3552 3558
2 3552 3542
2 3552 3533
2 3548 3550
2 3548 3559
2 3548 3549
2 3548 3560
2 3548 3561
2 3548 3562
2 3563 3564
2 3563 3565
2 3563 3566
2 3563 3526
2 3563 3567
2 3563 3568
2 3563 3569
2 3563 3570
2 3557 3571
2 3557 3554
2 3557 3572
2 3557 3553
2 3557 3551
2 3557 3573
2 3557 3574
2 3538 3539
2 3538 3540
2 3538 3541
2 3538 3535
2 3538 3536
2 3538 3575
2 3538 3576
2 3577 3578
2 3577 3550
2 3577 3559
2 3572 3574
2 3572 3558
2 3572 3579
2 3572 3580
2 3572 3581
2 3572 3582
2 3561 3550
2 3561 3559
2 3561 3583
2 3561 3578
2 3561 3549
2 3579 3581
2 3579 3582
2 3579 3574
2 3579 3573
2 3579 3584
2 3579 3585
2 3579 3586
2 3570 3569
2 3570 3587
2 3570 3564
2 3570 3588
2 3570 3568
2 3570 3589
2 3570 3590
2 3578 3591
2 3578 3592
2 3578 3593
2 3578 3594
2 3578 3595
2 3590 3596
2 3590 3597
2 3590 3588
2 3590 3589
2 3590 3598
2 3590 3587
2 3590 3569
2 3586 3585
2 3586 3582
2 3586 3599
2 3586 3581
2 3586 3600
2 3586 3580
2 3586 3574
2 3594 3601
2 3594 3592
2 3594 3593
2 3594 3595
2 3594 3602
2 3594 3603
2 3594 3604
2 3594 3605
2 3606 3556
2 3606 3607
2 3606 3555
2 3606 3608
2 3606 3609
2 3610 3611
2 3610 3612
2 3610 3613
2 3610 3598
2 3610 3614
2 3610 3615
2 3610 3616
2 3610 3617
2 3610 3618
2 3236 3239
2 3236 3240
2 3236 3241
2 3236 3619
2 3600 3599
2 3600 3620
2 3600 3621
2 3600 3622
2 3600 3623
2 3600 3584
2 3600 3585
2 3600 3582
2 3624 3625
2 3624 3626
2 3624 3603
2 3624 3627
2 3624 3628
2 3624 3602
2 3624 3629
2 3624 3601
2 3630 3618
2 3630 3617
2 3630 3631
2 3630 3613
2 3630 3632
2 3630 3616
2 3630 3612
2 3610 3630
2 3630 3611
2 3629 3625
2 3629 3633
2 3629 3634
2 3629 3605
2 3629 3626
2 3629 3635
2 3239 3241
2 3239 3237
2 3239 3619
2 3239 1894
2 3621 3623
2 3621 3620
2 3621 3622
2 3621 3636
2 3621 3637
2 3621 3638
2 3621 3599
2 3607 3608
2 3607 3609
2 3607 3639
2 3607 3640
2 3607 3641
2 3607 3642
2 3607 3643
2 3644 3631
2 3644 3632
2 3630 3644
2 3644 3618
2 3644 3645
2 3646 3638
2 3646 3647
2 3646 3622
2 3646 3648
2 3646 3623
2 3646 3649
2 3650 3651
2 3650 3652
2 3650 3653
2 3650 3654
2 3650 3655
2 3650 3656
2 3650 3657
2 3650 3658
2 1918 1917
2 1918 1919
2 1918 3659
2 1918 3660
2 1918 1912
2 1918 3661
2 3662 3663
2 3662 3664
2 3662 3665
2 3662 3666
2 3662 3667
2 3662 3645
2 3662 3668
2 3662 3669
2 3662 3670
2 3657 3651
2 3657 3671
2 3657 3654
2 3657 3653
2 3657 3672
2 3648 3638
2 3648 3647
2 3648 3673
2 3648 3674
2 3648 3637
2 3648 3675
2 3648 3636
2 3676 3677
2 3676 3643
2 3676 3678
2 3676 3642
2 3676 3679
2 3676 3639
2 3676 3640
2 3660 3680
2 3660 3659
2 3660 3661
2 3660 1919
2 3660 1917
2 3660 3681
2 3660 3682
2 3683 3684
2 3683 3685
2 3657 3683
2 3683 3686
2 3683 3655
2 3683 3654
2 3687 3619
2 3687 3241
2 3687 3688
2 3687 3689
2 3687 3240
2 3687 3690
2 3239 3687
2 3687 3691
2 3674 3675
2 3674 3673
2 3674 3692
2 3674 3649
2 3674 3647
2 3674 3693
2 3674 3638
2 3674 3637
2 3678 3679
2 3678 3677
2 3678 3694
2 3678 3695
2 3678 3696
2 3678 3697
2 3678 3698
2 3678 3699
2 3686 3700
2 3686 3701
2 3686 3702
2 3686 3672
2 3686 3703
2 3686 3704
2 3693 3705
2 3693 3675
2 3693 3706
2 3693 3673
2 3693 3707
2 3693 3708
2 3696 3699
2 3696 3694
2 3696 3679
2 3696 3709
2 3696 3677
2 3696 3695
2 3676 3696
2 3710 3711
2 3710 3712
2 3710 3713
2 3710 3714
2 3710 3715
2 3710 3716
2 3710 3717
2 3710 3718
2 3710 3719
2 3720 3681
2 3720 3682
2 3720 3721
2 3720 3722
2 3720 3680
2 3720 3723
2 3720 3724
2 3720 3661
2 3702 3703
2 3702 3704
2 3702 3725
2 3702 3726
2 3702 3700
2 3702 3727
2 3702 3728
2 3728 3729
2 3728 3730
2 3728 3725
2 3728 3703
2 3728 3704
2 3728 3731
2 3728 3701
2 3691 3689
2 3691 3690
2 3691 3688
2 3691 3732
2 3691 3733
2 3691 3734
2 3691 3735
2 3736 3708
2 3736 3707
2 3736 3737
2 3736 3706
2 3736 3738
2 3736 3739
2 3736 3705
2 3736 3740
2 3736 3741
2 3742 3743
2 3742 3744
2 3742 3745
2 3742 3718
2 3742 3746
2 3742 3747
2 3742 3714
2 3723 3722
2 3723 3748
2 3723 3721
2 3723 3749
2 3723 3750
2 3723 3751
2 3723 3682
2 3752 3753
2 3752 3754
2 3752 3755
2 3752 3756
2 3752 3757
2 3752 3709
2 3752 3758
2 3738 3737
2 3738 3740
2 3738 3759
2 3738 3708
2 3738 3760
2 3738 3707
2 3738 3706
2 3743 3744
2 3743 3746
2 3743 3747
2 3743 3761
2 3743 3762
2 3763 3764
2 3763 3765
2 3763 3766
2 3763 3731
2 3763 3767
2 3763 3768
2 3763 3729
2 3763 3769
2 3757 3756
2 3757 3753
2 3757 3758
2 3757 3770
2 3757 3754
2 3757 3771
2 3757 3772
2 3733 3732
2 3733 3734
2 3733 3735
2 3733 3773
2 3733 3774
2 3733 3775
2 3733 3689
2 3733 3690
2 3760 3759
2 3760 3776
2 3760 3740
2 3760 3777
2 3760 3778
2 3760 3779
2 3760 3739
2 3760 3737
2 3761 3746
2 3761 3780
2 3761 3781
2 3761 3782
2 3761 3747
2 3761 3744
2 3761 3745
2 3761 3783
2 3779 3776
2 3779 3778
2 3779 3777
2 3779 3784
2 3779 3785
2 3779 3786
2 3779 3759
2 3779 3740
2 3766 3767
2 3766 3768
2 3766 3769
2 3766 3787
2 3766 3788
2 3789 3790
2 3789 3791
2 3789 3792
2 3789 3793
2 3789 3794
2 3789 3795
2 3789 3796
2 3789 3750
2 3758 3772
2 3758 3797
2 3758 3755
2 3758 3798
2 3758 3799
2 3758 3753
2 3758 3754
2 3800 3781
2 3800 3801
2 3800 3780
2 3800 3802
2 3800 3762
2 3761 3800
2 3774 3803
2 3774 3735
2 3774 3804
2 3774 3734
2 3774 3732
2 3774 3773
2 3691 3774
2 3785 3786
2 3785 3784
2 3785 3805
2 3785 3806
2 3785 3778
2 3785 3777
2 3785 3776
2 3807 3808
2 3807 3809
2 3807 3810
2 3807 3811
2 3807 3812
2 3807 3813
2 3807 3814
2 3807 3815
2 3795 3796
2 3795 3793
2 3795 3790
2 3795 3816
2 3795 3817
2 3795 3818
2 3795 3819
2 3795 3820
2 3788 3821
2 3788 3769
2 3788 3822
2 3788 3767
2 3788 3768
2 3788 3823
2 3788 3824
2 3804 3735
2 3804 3825
2 3804 3734
2 3733 3804
2 3804 3732
2 3804 3826
2 3802 3827
2 3802 3828
2 3802 3829
2 3802 3830
2 3802 3831
2 3802 3832
2 3802 3833
2 3816 3818
2 3816 3796
2 3816 3819
2 3816 3820
2 3816 3834
2 3816 3793
2 3816 3790
2 3816 3835
2 3823 3822
2 3823 3821
2 3823 3836
2 3823 3787
2 3823 3769
2 3823 3837
2 3811 3809
2 3811 3808
2 3811 3815
2 3811 3838
2 3811 3839
2 3811 3810
2 3811 3812
2 3811 3813
2 1922 1925
2 1922 3840
2 1922 3841
2 1922 2972
2 1922 3842
2 1924 1922
2 3836 3843
2 3836 3822
2 3844 3845
2 3844 3846
2 3844 3847
2 3844 3848
2 3844 3849
2 3844 3832
2 3850 3851
2 3850 3852
2 3850 3853
2 3850 3854
2 3850 3855
2 3850 3856
2 3850 3806
2 3850 3805
2 3857 3837
2 3857 3858
2 3857 3859
2 3857 3860
2 1925 1921
2 1925 3840
2 1925 3841
2 1925 2972
2 1925 3842
2 1925 3861
2 3862 3846
2 3862 3847
2 3862 3863
2 3862 3848
2 3862 3864
2 3862 3865
2 3862 3866
2 3852 3855
2 3852 3851
2 3852 3856
2 3852 3867
2 3852 3868
2 3852 3869
2 3852 3870
2 3852 3854
2 3860 3858
2 3860 3871
2 3860 3859
2 3860 3872
2 3860 3873
2 3860 3874
2 3860 3875
2 3860 3843
2 3864 3865
2 3864 3848
2 3864 3866
2 3864 3876
2 3864 3877
2 3864 3845
2 3864 3846
2 3864 3878
2 3879 3880
2 3879 3873
2 3879 3881
2 3879 3882
2 3879 3883
2 3879 3872
2 3879 3871
2 3879 3884
2 3885 3886
2 3885 3887
2 3885 3888
2 3885 3889
2 3885 3890
2 3885 3891
2 3885 3892
2 3885 3893
2 3885 3894
2 3895 3896
2 3895 3897
2 3895 3898
2 3895 3899
2 3895 3900
2 3895 3901
2 3895 3902
2 3895 3903
2 3878 3904
2 3878 3877
2 3878 3905
2 3878 3865
2 3878 3866
2 3878 3906
2 3890 3907
2 3890 3908
2 3890 3886
2 3890 3887
2 3890 3888
2 3883 3882
2 3883 3909
2 3883 3910
2 3883 3911
2 3883 3880
2 3883 3912
2 3913 3914
2 3913 3915
2 3913 3916
2 3913 3917
2 3913 3918
2 3913 3919
2 3913 3826
2 3913 3920
2 3913 3921
2 3922 3923
2 3922 3924
2 3922 3925
2 3922 3926
2 3922 3927
2 3922 3928
2 3922 3929
2 3922 3930
2 3922 3870
2 3905 3904
2 3905 3931
2 3905 3932
2 3905 3933
2 3905 3934
2 3905 3935
2 3907 3892
2 3907 3936
2 3907 3889
2 3907 3937
2 3911 3909
2 3911 3912
2 3911 3910
2 3911 3938
2 3911 3939
2 3911 3884
2 3911 3940
2 3911 3882
2 3915 3918
2 3915 3914
2 3915 3920
2 3915 3921
2 3915 3916
2 3915 3917
2 3915 3919
2 3915 3826
2 3928 3929
2 3928 3927
2 3928 3926
2 3928 3930
2 3928 3941
2 3928 3925
2 3928 3942
2 3928 3923
2 3900 3943
2 3900 3897
2 3900 3944
2 3900 3945
2 3900 3946
2 3900 3947
2 3900 3948
2 3936 3908
2 3936 3937
2 3936 3949
2 3936 3950
2 3936 3892
2 3936 3951
2 3935 3952
2 3935 3953
2 3935 3932
2 3935 3954
2 3935 3955
2 3935 3931
2 3935 3906
2 3918 3920
2 3918 3921
2 3918 3914
2 3918 3916
2 3918 3917
2 3918 3919
2 3918 3826
2 3956 3957
2 3956 3958
2 3956 3959
2 3956 3960
2 3956 3961
2 3956 3962
2 3939 3940
2 3939 3912
2 3939 3963
2 3939 3938
2 3939 3964
2 3939 3909
2 3939 3910
2 3939 3965
2 3937 3966
2 3937 3951
2 3937 3908
2 3937 3967
2 3937 3894
2 3945 3943
2 3945 3947
2 3945 3944
2 3945 3903
2 3945 3901
2 3945 3968
2 3920 3914
2 3920 3916
2 3920 3917
2 3920 3969
2 3920 3919
2 3970 3952
2 3935 3970
2 3970 3971
2 3970 3953
2 3970 3933
2 3970 3932
2 3970 3972
2 3965 3973
2 3965 3974
2 3965 3975
2 3965 3963
2 3965 3964
2 3965 3976
2 3965 3940
2 3977 3978
2 3977 3979
2 3977 3980
2 3977 3981
2 3977 3982
2 3977 3983
2 3977 3984
2 3977 3985
2 3986 3987
2 3986 3988
2 3986 3989
2 3986 3967
2 3986 3990
2 3986 3991
2 3986 3951
2 3986 3992
2 3986 3993
2 3994 3948
2 3994 3946
2 3994 3995
2 3945 3994
2 3994 3947
2 3994 3943
2 3983 3980
2 3983 3979
2 3983 3981
2 3983 3996
2 3983 3997
2 3983 3998
2 3983 3999
2 3971 3972
2 3971 4000
2 3971 4001
2 3971 4002
2 3971 4003
2 3971 4004
2 3971 4005
2 3990 3992
2 3990 3988
2 3990 3989
2 3990 3993
2 3990 3987
2 3990 4006
2 3990 3967
2 4007 3976
2 4007 3973
2 4007 4008
2 4007 4009
2 4007 3975
2 4007 4010
2 4007 3974
2 3998 3997
2 3998 3985
2 3998 4011
2 3998 3996
2 3998 4012
2 3998 3981
2 3998 3980
2 3998 3979
2 3995 4013
2 3995 4014
2 3995 4015
2 3995 3968
2 3995 4016
2 3995 4017
2 4001 3972
2 4001 4005
2 4001 4018
2 4001 4019
2 4001 4020
2 4010 4021
2 4010 4022
2 4010 4023
2 4010 4008
2 4010 4024
2 4010 4025
2 4010 3976
2 4015 4013
2 4015 4017
2 4015 4026
2 4015 4027
2 4015 4028
2 4015 4029
2 4030 4023
2 4030 4031
2 4030 4025
2 4030 4032
2 4030 4033
2 4030 4024
2 4030 4021
2 4010 4030
2 4028 4026
2 4028 4017
2 4028 4016
2 4028 4014
2 4028 4013
2 4034 4035
2 4034 4036
2 4034 4037
2 4034 4038
2 4034 4012
2 4034 4011
2 3998 4034
2 4039 4040
2 4039 4041
2 4039 4042
2 4039 4020
2 4039 4043
2 4039 4005
2 4039 4044
2 4045 4046
2 4045 4047
2 4045 4048
2 4045 4049
2 4045 4050
2 4045 4051
2 4045 4006
2 4052 4053
2 4052 4054
2 4052 4055
2 4052 4056
2 4052 3962
2 4052 3961
2 4052 3960
2 4052 3959
2 4037 4038
2 4037 4036
2 4037 4057
2 4037 4058
2 4037 4059
2 4037 4060
2 4037 4035
2 4049 4051
2 4049 4061
2 4049 4062
2 4033 4032
2 4033 4063
2 4033 4031
2 4033 4064
2 4033 4065
2 4033 4066
2 4060 4067
2 4060 4038
2 4060 4068
2 4060 4036
2 4060 4069
2 4060 4057
2 4054 4056
2 4054 4070
2 4054 3962
2 4054 3961
2 4054 4071
2 4072 4061
2 4072 4073
2 4072 4074
2 4072 4047
2 4072 4075
2 4072 4076
2 4065 4063
2 4065 4077
2 4065 4078
2 4065 4079
2 4065 4080
2 4065 4081
2 4065 4082
2 4083 4084
2 4083 4044
2 4083 4043
2 4083 4085
2 4083 4042
2 4083 4086
2 4073 4087
2 4073 4062
2 4073 4075
2 4073 4076
2 4073 4061
2 4073 4088
2 4073 4089
2 4073 4051
2 4056 4055
2 4056 4053
2 4056 4070
2 4056 4071
2 4056 3962
2 4056 3961
2 4090 4069
2 4090 4068
2 4090 4091
2 4090 4092
2 4090 4093
2 4090 4094
2 4090 4095
2 4060 4090
2 4085 4086
2 4085 4096
2 4085 4097
2 4085 4084
2 4085 4098
2 4085 4099
2 4085 4100
2 4101 4102
2 4101 4103
2 4101 4080
2 4101 4104
2 4101 4082
2 4101 4105
2 4097 4096
2 4097 4086
2 4097 4099
2 4097 4100
2 4097 4106
2 4097 4107
2 4097 4108
2 4105 4109
2 4105 4110
2 4105 4111
2 4105 4112
2 4105 4102
2 4113 4088
2 4113 4114
2 4113 4115
2 4113 4089
2 4113 4116
2 4113 4076
2 4113 4075
2 4113 4087
2 4117 4106
2 4117 4118
2 4117 4107
2 4117 4119
2 4117 4100
2 4117 4120
2 4121 4122
2 4121 4123
2 4121 4124
2 4121 4125
2 4121 4126
2 4121 4127
2 4121 4128
2 4121 4129
2 4121 4130
2 4095 4093
2 4095 4092
2 4095 4091
2 4095 4131
2 4095 4132
2 4095 4133
2 4095 4134
2 4095 4135
2 4110 4136
2 4110 4137
2 4110 4104
2 4110 4138
2 4110 4139
2 4110 4112
2 4140 4118
2 4140 4119
2 4140 4141
2 4140 4142
2 4140 4106
2 4143 4144
2 4143 4145
2 4143 4146
2 4143 4147
2 4143 4148
2 4143 4149
2 4143 4150
2 4143 4151
2 4142 4152
2 4142 4141
2 4142 4153
2 4142 4154
2 4142 4155
2 4142 4120
2 4142 4156
2 4142 4157
2 4158 4116
2 4158 4159
2 4158 4160
2 4158 4161
2 4158 4114
2 4158 4115
2 4158 4162
2 4158 4163
2 4113 4158
2 4164 4165
2 4164 4166
2 4164 4167
2 4164 4168
2 4164 4071
2 4164 4169
2 4164 4170
2 4164 4070
2 4171 4172
2 4171 4173
2 4171 4174
2 4171 4175
2 4171 4176
2 4171 4138
2 4171 4137
2 4171 4177
2 4134 4131
2 4134 4132
2 4134 4133
2 4134 4178
2 4134 4179
2 4134 4180
2 4134 4181
2 4134 4182
2 4155 4156
2 4155 4157
2 4155 4152
2 4155 4183
2 4155 4184
2 4155 4185
2 4155 4153
2 4167 4165
2 4167 4166
2 4167 4169
2 4167 4170
2 4167 4186
2 4167 4071
2 4160 4161
2 4160 4162
2 4160 4187
2 4160 4188
2 4160 4116
2 4160 4115
2 4175 4176
2 4175 4173
2 4175 4172
2 4175 4177
2 4175 4189
2 4175 4174
2 4175 4190
2 4175 4191
2 4151 4192
2 4151 4193
2 4151 4147
2 4151 4146
2 4151 4145
2 4151 4144
2 4187 4162
2 4187 4194
2 4187 4161
2 4187 4195
2 4187 4196
2 4187 4159
2 4187 4197
2 4185 4198
2 4185 4183
2 4185 4199
2 4185 4200
2 4185 4201
2 4185 4156
2 4202 4126
2 4202 4122
2 4202 4203
2 4202 4204
2 4202 4205
2 4121 4202
2 4180 4179
2 4180 4182
2 4180 4178
2 4180 4206
2 4180 4207
2 4180 4208
2 4180 4209
2 4168 4170
2 4168 4165
2 4168 4166
2 4168 4186
2 4168 4210
2 4191 4177
2 4191 4189
2 4191 4211
2 4191 4176
2 4195 4188
2 4195 4212
2 4195 4213
2 4195 4214
2 4201 4215
2 4201 4198
2 4201 4216
2 4201 4217
2 4201 4199
2 4201 4218
2 4201 4184
2 4207 4209
2 4207 4206
2 4207 4182
2 4207 4181
2 4207 4219
2 4207 4220
2 4207 4179
2 4211 4221
2 4211 4222
2 4211 4223
2 4211 4224
2 4211 4177
2 4212 4213
2 4212 4197
2 4212 4214
2 4212 4225
2 4212 4196
2 4212 4226
2 4212 4227
2 4212 4188
2 4228 4193
2 4228 4229
2 4228 4230
2 4228 4192
2 4228 4231
2 4151 4228
2 4228 4232
2 4228 4233
2 4228 4234
2 4219 4209
2 4219 4220
2 4219 4235
2 4219 4208
2 4219 4206
2 4218 4215
2 4218 4216
2 4218 4200
2 4218 4236
2 4237 4236
2 4237 4238
2 4237 4239
2 4237 4240
2 4237 4241
2 4237 4242
2 4237 4243
2 4237 4244
2 4237 4245
2 4210 4186
2 4210 4170
2 4210 4246
2 4210 4169
2 4210 4247
2 4210 4248
2 4167 4210
2 4249 4250
2 4249 4251
2 4249 4252
2 4249 4253
2 4249 4254
2 4249 4255
2 4256 4226
2 4256 4227
2 4256 4225
2 4256 4214
2 4256 4257
2 4243 4238
2 4243 4240
2 4243 4258
2 4243 4236
2 4243 4239
2 4259 4260
2 4259 4261
2 4259 4262
2 4259 4263
2 4259 4264
2 4251 4252
2 4251 4250
2 4251 4265
2 4251 4266
2 4251 4267
2 4251 4268
2 4251 4269
2 4270 4257
2 4270 4271
2 4270 4272
2 4270 4273
2 4270 4227
2 4274 4234
2 4274 4232
2 4274 4275
2 4274 4230
2 4276 4277
2 4276 4278
2 4276 4205
2 4276 4204
2 4276 4203
2 4276 4279
2 4261 4280
2 4261 4263
2 4261 4264
2 4261 4281
2 4261 4282
2 4261 4283
2 4261 4284
2 4267 4285
2 4267 4286
2 4267 4255
2 4267 4252
2 4267 4287
2 4267 4288
2 4271 4273
2 4271 4257
2 4271 4272
2 4271 4289
2 4271 4290
2 4271 4291
2 4271 4292
2 4293 4294
2 4293 4295
2 4293 4234
2 4293 4233
2 4293 4232
2 4293 4296
2 4281 4263
2 4281 4264
2 4281 4283
2 4281 4284
2 4281 4297
2 4281 4280
2 4281 4260
2 4281 4298
2 4299 4300
2 4299 4301
2 4299 4302
2 4299 4303
2 4299 4304
2 4299 4305
2 4299 4258
2 4299 4306
2 4299 4307
2 4247 4308
2 4247 4309
2 4247 4310
2 4247 4311
2 4247 4186
2 4247 4170
2 4247 4169
2 4289 4290
2 4289 4273
2 4289 4292
2 4289 4291
2 4289 4272
2 4289 4312
2 4289 4257
2 4289 4313
2 4286 4288
2 4286 4285
2 4286 4287
2 4286 4314
2 4286 4269
2 4286 4315
2 4286 4316
2 4286 4265
2 4278 4317
2 4278 4318
2 4278 4279
2 4278 4319
2 4278 4320
2 4278 4277
2 4278 4205
2 4284 4297
2 4284 4283
2 4284 4264
2 4284 4263
2 4284 4298
2 4284 4321
2 4284 4322
2 4305 4304
2 4305 4306
2 4305 4301
2 4305 4323
2 4305 4324
2 4305 4300
2 4305 4325
2 4305 4303
2 4312 4313
2 4312 4292
2 4312 4326
2 4312 4290
2 4312 4327
2 4312 4291
2 4312 4328
2 4312 4273
2 4324 4306
2 4324 4325
2 4324 4329
2 4324 4304
2 4324 4330
2 4324 4301
2 4324 4300
2 4331 4332
2 4331 4333
2 4331 4316
2 4331 4315
2 4331 4314
2 4296 4334
2 4296 4335
2 4296 4336
2 4296 4275
2 4296 4337
2 4296 4338
2 4322 4297
2 4322 4339
2 4322 4340
2 4322 4283
2 4281 4322
2 4341 4328
2 4341 4342
2 4341 4343
2 4341 4344
2 4341 4345
2 4341 4326
2 4341 4327
2 4341 4313
2 4346 4333
2 4346 4347
2 4346 4348
2 4349 4334
2 4349 4336
2 4349 4337
2 4349 4350
2 4349 4275
2 4349 4351
2 4345 4344
2 4345 4342
2 4345 4352
2 4345 4353
2 4345 4354
2 4345 4355
2 4345 4356
2 4340 4339
2 4340 4357
2 4340 4358
2 4340 4359
2 4340 4360
2 4340 4361
2 4340 4362
2 4340 4321
2 4363 4364
2 4363 4365
2 4363 4366
2 4363 4367
2 4363 4368
2 4363 4369
2 4363 4370
2 4371 4372
2 4371 4373
2 4371 4374
2 4371 4375
2 4371 4376
2 4371 4377
2 4371 4378
2 4371 4379
2 4354 4353
2 4354 4352
2 4354 4380
2 4354 4343
2 4354 4344
2 4354 4342
2 4354 4381
2 4347 4348
2 4347 4382
2 4347 4383
2 4347 4384
2 4347 4385
2 4347 4386
2 4347 4387
2 4360 4358
2 4360 4359
2 4360 4339
2 4360 4388
2 4360 4389
2 4360 4390
2 4337 4336
2 4337 4334
2 4337 4350
2 4337 4351
2 4337 4391
2 4337 4392
2 4370 4366
2 4370 4393
2 4370 4394
2 4370 4395
2 4370 4396
2 4370 4397
2 4370 4398
2 4370 4365
2 4399 4400
2 4399 4401
2 4399 4402
2 4399 4381
2 4399 4403
2 4399 4404
2 4399 4380
2 4399 4405
2 4399 4406
2 4407 4383
2 4407 4385
2 4407 4348
2 4407 4408
2 4350 4392
2 4350 4409
2 4350 4336
2 4350 4334
2 4350 4410
2 4350 4411
2 4389 4390
2 4389 4388
2 4389 4412
2 4389 4413
2 4389 4359
2 4389 4358
2 4397 4414
2 4397 4415
2 4397 4416
2 4397 4417
2 4397 4393
2 4397 4395
2 4397 4394
2 4418 4419
2 4418 4420
2 4418 4311
2 4418 4421
2 4418 4310
2 4418 4422
2 4418 4308
2 4418 4423
2 4404 4402
2 4404 4406
2 4404 4405
2 4404 4400
2 4404 4401
2 4404 4424
2 4404 4425
2 4404 4381
2 4408 4426
2 4408 4427
2 4408 4428
2 4408 4387
2 4408 4429
2 4408 4384
2 4408 4385
2 4430 4416
2 4430 4431
2 4430 4415
2 4430 4432
2 4430 4414
2 4430 4398
2 4430 4433
2 4430 4434
2 4429 4435
2 4429 4436
2 4429 4428
2 4429 4437
2 4429 4438
2 4429 4439
2 4429 4440
2 4429 4441
2 4442 4443
2 4442 4409
2 4442 4444
2 4442 4392
2 4442 4445
2 4442 4446
2 4442 4351
2 4447 4448
2 4447 4449
2 4447 4450
2 4447 4425
2 4447 4424
2 4447 4451
2 4447 4452
2 4447 4453
2 4454 4455
2 4454 4456
2 4454 4413
2 4454 4412
2 4454 4457
2 4433 4458
2 4433 4459
2 4433 4432
2 4433 4460
2 4433 4461
2 4433 4462
2 4433 4431
2 4441 4439
2 4441 4437
2 4441 4435
2 4441 4463
2 4441 4464
2 4441 4436
2 4441 4428
2 4445 4446
2 4445 4443
2 4445 4465
2 4445 4410
2 4445 4411
2 4445 4466
2 4460 4458
2 4460 4467
2 4460 4459
2 4460 4468
2 4464 4469
2 4464 4470
2 4464 4471
2 4464 4472
2 4464 4473
2 4464 4438
2 4464 4474
2 4465 4475
2 4465 4446
2 4465 4444
2 4465 4476
2 4465 4477
2 4465 4443
2 4478 4479
2 4478 4468
2 4478 4461
2 4478 4480
2 4478 4481
2 4478 4482
2 4478 4467
2 4472 4483
2 4472 4474
2 4472 4473
2 4472 4484
2 4472 4470
2 4472 4469
2 4472 4485
2 4482 4481
2 4482 4480
2 4482 4486
2 4482 4487
2 4482 4488
2 4482 4479
2 4489 4490
2 4489 4491
2 4489 4492
2 4489 4493
2 4489 4477
2 4489 4476
2 4489 4475
2 4489 4466
2 4494 4495
2 4494 4496
2 4494 4497
2 4486 4498
2 4486 4499
2 4486 4500
2 4486 4501
2 4486 4502
2 4486 4503
2 4486 4504
2 4505 4506
2 4505 4507
2 4505 4508
2 4505 4509
2 4505 4510
2 4505 4511
2 4505 4512
2 4505 4513
2 4423 4514
2 4423 4515
2 4423 4516
2 4423 4517
2 4423 4421
2 4423 4518
2 4423 4519
2 4520 4521
2 4520 4485
2 4520 4522
2 4520 4523
2 4520 4524
2 4520 4484
2 4520 4483
2 4507 4525
2 4507 4506
2 4507 4512
2 4507 4508
2 4507 4509
2 4507 4526
2 4507 4510
2 4507 4511
2 4493 4491
2 4493 4492
2 4493 4490
2 4493 4527
2 4493 4528
2 4493 4477
2 4493 4529
2 4493 4476
2 4503 4499
2 4503 4502
2 4503 4501
2 4503 4530
2 4503 4487
2 4503 4531
2 4503 4532
2 4521 4523
2 4521 4522
2 4521 4533
2 4521 4534
2 4521 4535
2 4521 4536
2 4521 4537
2 4538 4539
2 4538 4531
2 4538 4540
2 4538 4532
2 4538 4530
2 4538 4541
2 4538 4504
2 4503 4538
2 4517 4518
2 4517 4515
2 4517 4542
2 4517 4543
2 4517 4544
2 4517 4514
2 4537 4535
2 4537 4523
2 4537 4522
2 4537 4545
2 4546 4547
2 4546 4548
2 4546 4549
2 4546 4550
2 4546 4551
2 4546 4552
2 4546 4553
2 4546 4554
2 4546 4555
2 4556 4557
2 4493 4556
2 4556 4492
2 4556 4491
2 4556 4558
2 4489 4556
2 4556 4559
2 4560 4561
2 4560 4562
2 4560 4563
2 4560 4564
2 4560 4565
2 4560 4566
2 4560 4567
2 4519 4543
2 4519 4516
2 4519 4515
2 4519 4544
2 4519 4514
2 4568 4545
2 4568 4535
2 4568 4534
2 4568 4569
2 4552 4548
2 4552 4570
2 4552 4547
2 4552 4550
2 4552 4571
2 4552 4572
2 4573 4574
2 4573 4575
2 4573 4576
2 4573 4541
2 4573 4577
2 4573 4578
2 4573 4579
2 4573 4580
2 4526 4581
2 4526 4525
2 4526 4506
2 4505 4526
2 4526 4582
2 4526 4583
2 4563 4562
2 4563 4565
2 4563 4584
2 4563 4567
2 4563 4585
2 4563 4561
2 4563 4586
2 4543 4518
2 4543 4516
2 4543 4515
2 4543 4587
2 4543 4544
2 4543 4588
2 4589 4590
2 4589 4591
2 4589 4592
2 4589 4593
2 4589 4594
2 4589 4595
2 4589 4596
2 4589 4597
2 4589 4598
2 4599 4600
2 4599 4601
2 4599 4569
2 4599 4602
2 4599 4603
2 4599 4604
2 4599 4605
2 4599 4545
2 4568 4599
2 4557 4558
2 4557 4559
2 4557 4606
2 4557 4529
2 4557 4528
2 4557 4607
2 4557 4608
2 4557 4609
2 4585 4565
2 4585 4586
2 4585 4610
2 4585 4611
2 4585 4562
2 4585 4584
2 4612 4613
2 4612 4614
2 4612 4572
2 4612 4571
2 4612 4615
2 4612 4570
2 4612 4616
2 4612 4555
2 4579 4580
2 4579 4577
2 4579 4617
2 4579 4576
2 4579 4618
2 4579 4619
2 4579 4620
2 4579 4621
2 4605 4622
2 4605 4600
2 4605 4602
2 4605 4569
2 4605 4601
2 4605 4623
2 4615 4616
2 4615 4624
2 4615 4613
2 4615 4625
2 4615 4572
2 4615 4626
2 4615 4571
2 4621 4618
2 4621 4620
2 4621 4617
2 4621 4627
2 4621 4628
2 4621 4580
2 4621 4629
2 4630 4631
2 4630 4632
2 4630 4633
2 4630 4628
2 4630 4634
2 4630 4635
2 4621 4630
2 4636 4637
2 4636 4638
2 4636 4639
2 4636 4640
2 4636 4641
2 4636 4642
2 4636 4643
2 4636 4623
2 4609 4644
2 4609 4607
2 4609 4645
2 4609 4646
2 4609 4606
2 4609 4647
2 4609 4559
2 4609 4558
2 4648 4649
2 4648 4650
2 4648 4651
2 4648 4652
2 4648 4653
2 4648 4654
2 4648 4611
2 4634 4655
2 4634 4631
2 4634 4656
2 4657 4658
2 4657 4659
2 4657 4660
2 4657 4661
2 4657 4626
2 4657 4625
2 4657 4662
2 4657 4616
2 4615 4657
2 4651 4663
2 4651 4664
2 4651 4665
2 4651 4649
2 4651 4666
2 4651 4652
2 4639 4637
2 4639 4641
2 4639 4642
2 4639 4640
2 4639 4643
2 4639 4667
2 4639 4638
2 4639 4668
2 4645 4644
2 4645 4647
2 4645 4608
2 4645 4669
2 4645 4670
2 4645 4607
2 4645 4671
2 4661 4659
2 4661 4662
2 4661 4660
2 4661 4658
2 4661 4672
2 4661 4626
2 4661 4625
2 4661 4673
2 4656 4655
2 4656 4635
2 4656 4674
2 4656 4675
2 4656 4676
2 4656 4633
2 4656 4677
2 4596 4598
2 4596 4678
2 4596 4592
2 4596 4679
2 4596 4680
2 4596 4681
2 4596 4590
2 4596 4591
2 4682 4683
2 4682 4588
2 4682 4587
2 4682 4684
2 4682 4685
2 4543 4682
2 4682 4542
2 4682 4686
2 4519 4682
2 4687 4688
2 4687 4689
2 4687 4654
2 4687 4690
2 4687 4691
2 4687 4692
2 4668 4693
2 4668 4643
2 4668 4694
2 4668 4641
2 4668 4642
2 4668 4695
2 4668 4696
2 4668 4640
2 4647 4670
2 4647 4644
2 4647 4671
2 4647 4697
2 4647 4698
2 4675 4677
2 4675 4699
2 4675 4700
2 4675 4701
2 4675 4655
2 4675 4702
2 4689 4703
2 4689 4692
2 4689 4704
2 4689 4705
2 4695 4706
2 4695 4707
2 4695 4708
2 4695 4693
2 4695 4694
2 4695 4643
2 4695 4709
2 4710 4711
2 4710 4712
2 4710 4713
2 4710 4714
2 4710 4715
2 4710 4716
2 4710 4717
2 4710 4718
2 4692 4704
2 4692 4705
2 4692 4719
2 4707 4696
2 4707 4706
2 4707 4709
2 4707 4720
2 4668 4707
2 4707 4693
2 4707 4694
2 4698 4671
2 4698 4697
2 4698 4721
2 4698 4722
2 4698 4723
2 4698 4646
2 4717 4716
2 4717 4715
2 4717 4713
2 4717 4724
2 4717 4725
2 4717 4711
2 4717 4726
2 4717 4727
2 4719 4704
2 4719 4691
2 4719 4728
2 4719 4690
2 4689 4719
2 4719 4729
2 4685 4686
2 4685 4683
2 4685 4730
2 4685 4731
2 4685 4732
2 4685 4588
2 4685 4587
2 4680 4598
2 4680 4592
2 4589 4680
2 4680 4590
2 4680 4591
2 4709 4733
2 4709 4734
2 4709 4696
2 4709 4735
2 4709 4706
2 4726 4736
2 4726 4737
2 4726 4738
2 4726 4716
2 4726 4725
2 4726 4715
2 4726 4739
2 4740 4741
2 4740 4742
2 4740 4743
2 4740 4744
2 4740 4745
2 4733 4735
2 4733 4734
2 4733 4746
2 4733 4747
2 4733 4748
2 4733 4720
2 4733 4749
2 4738 4739
2 4738 4750
2 4738 4727
2 4738 4751
2 4738 4752
2 4738 4753
2 4744 4743
2 4744 4745
2 4744 4754
2 4744 4755
2 4744 4742
2 4744 4756
2 4744 4741
2 4744 4757
2 4748 4747
2 4748 4758
2 4748 4749
2 4748 4735
2 4748 4759
2 4748 4760
2 4748 4734
2 4751 4752
2 4751 4761
2 4751 4753
2 4751 4739
2 4751 4762
2 4751 4750
2 4751 4763
2 4751 4736
2 4760 4764
2 4760 4758
2 4760 4765
2 4760 4766
2 4760 4749
2 4760 4767
2 4762 4753
2 4762 4768
2 4762 4752
2 4762 4769
2 4762 4770
2 4762 4750
2 4771 4772
2 4771 4773
2 4771 4774
2 4771 4755
2 4771 4754
2 4771 4745
2 4771 4775
2 4776 4777
2 4776 4778
2 4776 4779
2 4776 4780
2 4776 4781
2 4776 4782
2 4776 4783
2 4776 4784
2 4730 4785
2 4730 4786
2 4730 4684
2 4682 4730
2 4770 4768
2 4770 4787
2 4770 4788
2 4770 4789
2 4770 4790
2 4770 4763
2 4770 4791
2 4765 4767
2 4765 4792
2 4765 4766
2 4765 4793
2 4765 4794
2 4765 4795
2 4765 4796
2 4765 4797
2 4765 4798
2 4799 4800
2 4799 4801
2 4799 4802
2 4799 4803
2 4799 4804
2 4799 4805
2 4799 4806
2 4799 4807
2 4799 4808
2 4798 4794
2 4798 4797
2 4798 4796
2 4798 4809
2 4798 4767
2 4798 4793
2 4798 4766
2 4787 4788
2 4787 4791
2 4787 4789
2 4787 4790
2 4787 4810
2 4787 4811
2 4787 4769
2 4787 4768
2 4812 4813
2 4812 4814
2 4812 4815
2 4812 4816
2 4812 4817
2 4812 4775
2 4812 4818
2 4812 4819
2 4780 4820
2 4780 4777
2 4780 4778
2 4780 4821
2 4780 4779
2 4810 4791
2 4810 4811
2 4810 4822
2 4810 4823
2 4810 4788
2 4810 4824
2 4785 4825
2 4785 4732
2 4785 4826
2 4785 4827
2 4685 4785
2 4784 4821
2 4784 4828
2 4784 4777
2 4784 4778
2 4805 4806
2 4805 4802
2 4805 4801
2 4805 4829
2 4805 4830
2 4805 4800
2 4805 4831
2 4822 4823
2 4822 4824
2 4822 4811
2 4822 4791
2 4822 4790
2 4822 4832
2 4833 4834
2 4833 4835
2 4833 4836
2 4833 4837
2 4833 4838
2 4798 4833
2 4833 4839
2 4809 4794
2 4809 4834
2 4809 4797
2 4809 4796
2 4809 4835
2 4809 4836
2 4806 4829
2 4806 4831
2 4806 4802
2 4806 4840
2 4806 4841
2 4806 4801
2 4836 4839
2 4836 4834
2 4836 4835
2 4836 4842
2 4836 4843
2 4844 4845
2 4844 4846
2 4844 4847
2 4844 4848
2 4844 4849
2 4844 4850
2 4844 4851
2 4852 4853
2 4852 4819
2 4852 4854
2 4852 4818
2 4852 4855
2 4852 4856
2 4852 4857
2 4852 4858
2 4852 4859
2 4842 4839
2 4842 4860
2 4842 4861
2 4842 4837
2 4842 4862
2 4842 4838
2 4842 4863
2 4832 4864
2 4832 4865
2 4832 4866
2 4832 4867
2 4832 4868
2 4832 4869
2 4840 4829
2 4840 4870
2 4840 4871
2 4840 4872
2 4848 4849
2 4848 4851
2 4848 4873
2 4848 4874
2 4848 4875
2 4848 4876
2 4867 4877
2 4867 4878
2 4867 4879
2 4867 4864
2 4867 4880
2 4858 4859
2 4858 4855
2 4858 4881
2 4858 4856
2 4858 4853
2 4858 4882
2 4858 4854
2 4870 4871
2 4870 4872
2 4870 4883
2 4870 4841
2 4870 4884
2 4870 4885
2 4870 4886
2 4870 4830
2 4863 4862
2 4863 4860
2 4863 4887
2 4863 4888
2 4863 4843
2 4874 4875
2 4874 4889
2 4874 4849
2 4874 4847
2 4874 4890
2 4874 4891
2 4892 4881
2 4892 4859
2 4892 4893
2 4892 4894
2 4892 4855
2 4892 4856
2 4879 4895
2 4879 4877
2 4879 4896
2 4879 4880
2 4879 4897
2 4879 4869
2 4879 4898
2 4879 4899
2 4887 4900
2 4887 4901
2 4887 4902
2 4887 4903
2 4887 4904
2 4884 4885
2 4884 4871
2 4884 4905
2 4884 4906
2 4884 4907
2 4897 4895
2 4897 4898
2 4897 4896
2 4897 4880
2 4897 4908
2 4897 4909
2 4897 4910
2 4897 4877
2 4889 4890
2 4889 4891
2 4889 4873
2 4889 4911
2 4889 4851
2 4848 4889
2 4889 4849
2 4905 4885
2 4905 4886
2 4905 4907
2 4905 4883
2 4905 4872
2 4905 4871
2 4905 4912
2 4902 4913
2 4902 4888
2 4902 4914
2 4902 4915
2 4909 4910
2 4909 4898
2 4909 4916
2 4909 4917
2 4909 4918
2 4909 4919
2 4909 4895
2 4920 4921
2 4920 4922
2 4920 4923
2 4920 4924
2 4920 4925
2 4920 4926
2 4920 4927
2 4920 4928
2 4920 4929
2 4930 4931
2 4930 4932
2 4930 4933
2 4930 4934
2 4930 4935
2 4930 4936
2 4930 4937
2 4930 4938
2 4930 4939
2 4827 4826
2 4827 4940
2 4827 4941
2 4827 4786
2 4827 4942
2 4827 4943
2 4827 4944
2 4827 4825
2 4919 4917
2 4919 4945
2 4919 4946
2 4919 4910
2 4919 4908
2 4919 4947
2 4935 4936
2 4935 4937
2 4935 4932
2 4935 4939
2 4935 4948
2 4935 4931
2 4935 4949
2 4935 4933
2 4950 4912
2 4950 4951
2 4950 4952
2 4950 4907
2 4950 4953
2 4914 4954
2 4914 4955
2 4914 4904
2 4914 4956
2 4914 4957
2 4926 4927
2 4926 4928
2 4926 4924
2 4926 4958
2 4926 4925
2 4926 4921
2 4926 4959
2 4926 4923
2 4956 4955
2 4956 4960
2 4956 4961
2 4956 4954
2 4956 4962
2 4956 4963
2 4956 4964
2 4937 4948
2 4937 4949
2 4937 4965
2 4937 4932
2 4937 4966
2 4967 4968
2 4967 4911
2 4967 4891
2 4967 4890
2 4967 4969
2 4889 4967
2 4959 4970
2 4959 4971
2 4959 4972
2 4959 4958
2 4959 4927
2 4959 4928
2 4959 4973
2 4974 4975
2 4974 4976
2 4974 4947
2 4974 4977
2 4974 4978
2 4974 4979
2 4974 4946
2 4974 4945
2 4980 4981
2 4980 4982
2 4980 4953
2 4980 4983
2 4980 4984
2 4980 4985
2 4980 4986
2 4980 4987
2 4980 4988
2 4989 4990
2 4989 4991
2 4989 4969
2 4989 4911
2 4989 4992
2 4989 4891
2 4989 4890
2 4971 4973
2 4971 4993
2 4971 4994
2 4971 4995
2 4971 4958
2 4978 4979
2 4978 4996
2 4978 4975
2 4978 4997
2 4978 4998
2 4978 4976
2 4978 4947
2 4941 4942
2 4941 4943
2 4941 4826
2 4941 4944
2 4941 4999
2 4941 5000
2 4941 5001
2 4965 4949
2 4965 5002
2 4965 4948
2 4965 4939
2 4965 4936
2 4965 5003
2 4983 4984
2 4983 4987
2 4983 4981
2 4983 5004
2 4983 4982
2 4983 5005
2 4983 4953
2 4983 5006
2 4995 4994
2 4995 5007
2 4995 4993
2 4995 5008
2 4995 5009
2 4995 4972
2 4995 5010
2 5011 5012
2 5011 5013
2 5011 5014
2 5011 5015
2 5011 5016
2 5011 5017
2 5011 5018
2 5011 5019
2 5011 5020
2 4987 5005
2 4987 4984
2 4987 5006
2 4987 4981
2 4987 5021
2 4987 4982
2 5009 5008
2 5009 5007
2 5009 5022
2 5009 5023
2 5009 5024
2 5009 4973
2 5009 4994
2 5025 4997
2 5025 5026
2 5025 4996
2 5025 4979
2 4978 5025
2 5025 5027
2 5025 4977
2 5023 5010
2 5023 5008
2 5023 5007
2 4995 5023
2 5028 5029
2 5028 5030
2 5028 5031
2 5028 5032
2 5028 5033
2 5028 5034
2 5028 5035
2 5028 5036
2 5028 5019
2 5026 5037
2 5026 5027
2 5026 5038
2 5026 5039
2 5026 5040
2 5026 4997
2 5026 5041
2 5042 5043
2 5042 5044
2 5042 5045
2 5042 5010
2 5042 5046
2 5021 5047
2 5021 5048
2 5021 5005
2 5021 5004
2 5021 5049
2 5050 5051
2 5050 5052
2 5050 5053
2 5050 5054
2 5050 5055
2 5050 5056
2 5050 5057
2 5035 5029
2 5035 5031
2 5035 5058
2 5035 5030
2 5035 5032
2 5045 5059
2 5045 5060
2 5045 5061
2 5045 5062
2 5045 5063
2 5047 5048
2 5047 5064
2 5047 5049
2 5047 5006
2 5047 5065
2 5047 5066
2 5067 5068
2 5067 5069
2 5067 5070
2 5067 5071
2 5067 5072
2 5067 5073
2 5067 5074
2 5067 5075
2 5076 5052
2 5076 5054
2 5076 5055
2 5076 5053
2 5076 5057
2 5076 5077
2 5039 5041
2 5039 5040
2 5039 5038
2 5039 5078
2 5039 5027
2 5039 5079
2 5039 5080
2 5039 5081
2 5082 5083
2 5082 5084
2 5082 5062
2 5082 5085
2 5082 5086
2 5082 5061
2 5049 5048
2 5049 5066
2 5049 5087
2 5049 5064
2 5086 5088
2 5086 5089
2 5086 5090
2 5086 5091
2 5086 5092
2 5086 5093
2 5086 5083
2 5086 5084
2 5094 5095
2 5094 5096
2 5094 5097
2 5094 5098
2 5094 5099
2 5094 5100
2 5094 5101
2 5078 5080
2 5078 5041
2 5078 5081
2 5078 5102
2 5078 5103
2 5078 5104
2 5075 5105
2 5075 5106
2 5075 5107
2 5075 5069
2 5075 5068
2 5075 5108
2 5066 5087
2 5066 5065
2 5066 5109
2 5066 5048
2 5066 5110
2 5066 5111
2 5093 5092
2 5093 5091
2 5093 5088
2 5093 5112
2 5093 5113
2 5093 5085
2 5093 5089
2 5093 5114
2 5099 5115
2 5099 5116
2 5099 5096
2 5099 5117
2 5099 5118
2 5099 5095
2 5081 5102
2 5081 5103
2 5081 5119
2 5081 5041
2 5112 5114
2 5112 5120
2 5112 5121
2 5112 5122
2 5112 5092
2 5112 5091
2 5112 5123
2 5109 5087
2 5109 5124
2 5109 5111
2 5109 5125
2 5109 5065
2 5109 5126
2 5049 5109
2 5117 5116
2 5117 5127
2 5117 5128
2 5117 5129
2 5117 5100
2 5117 5130
2 5117 5131
2 5054 5057
2 5054 5077
2 5054 5132
2 5054 5133
2 5107 5134
2 5107 5105
2 5107 5135
2 5107 5136
2 5107 5137
2 5107 5138
2 5139 5140
2 5139 5141
2 5139 5142
2 5139 5143
2 5139 5003
2 5139 5144
2 5125 5126
2 5125 5111
2 5125 5145
2 5125 5146
2 5125 5147
2 5125 5124
2 5125 5087
2 5122 5114
2 5122 5148
2 5122 5149
2 5128 5129
2 5128 5131
2 5128 5130
2 5128 5118
2 5128 5150
2 5128 5151
2 5128 5116
2 5134 5137
2 5134 5106
2 5134 5138
2 5134 5152
2 5134 5153
2 5134 5154
2 5146 5126
2 5146 5155
2 5146 5110
2 5146 5111
2 5146 5156
2 5146 5157
2 5123 5121
2 5123 5149
2 5123 5158
2 5123 5159
2 5123 5114
2 5057 5055
2 5057 5133
2 5057 5160
2 5057 5052
2 5057 5161
2 5057 5051
2 5057 5162
2 5163 5164
2 5163 5165
2 5163 5166
2 5163 5167
2 5163 5119
2 5163 5168
2 5163 5169
2 5137 5138
2 5137 5153
2 5137 5108
2 5137 5170
2 5156 5157
2 5156 5171
2 5156 5172
2 5156 5145
2 5156 5173
2 5156 5126
2 5158 5174
2 5158 5175
2 5158 5159
2 5158 5176
2 5158 5177
2 5165 5168
2 5165 5178
2 5165 5169
2 5165 5179
2 5165 5180
2 5165 5181
2 5165 5182
2 5183 5151
2 5183 5131
2 5183 5130
2 5183 5129
2 5128 5183
2 5183 5184
2 5143 5144
2 5143 5185
2 5143 5186
2 5143 5187
2 5143 5188
2 5143 5189
2 5143 5190
2 5172 5157
2 5172 5173
2 5172 5191
2 5172 5155
2 5172 5147
2 5146 5172
2 5172 5192
2 5170 5153
2 5170 5152
2 5170 5138
2 5170 5136
2 5134 5170
2 5170 5193
2 5194 5195
2 5194 5196
2 5194 5181
2 5194 5179
2 5194 5169
2 5194 5197
2 5194 5168
2 5194 5198
2 5199 5200
2 5199 5201
2 5199 5184
2 5199 5202
2 5199 5203
2 5199 5204
2 5199 5205
2 5199 5206
2 5207 5208
2 5207 5192
2 5207 5209
2 5207 5191
2 5207 5210
2 5207 5211
2 5207 5173
2 5207 5212
2 5172 5207
2 5213 5214
2 5213 5215
2 5213 5216
2 5213 5217
2 5213 5218
2 5213 5219
2 5213 5220
2 5221 5222
2 5221 5223
2 5221 5202
2 5221 5203
2 5224 5225
2 5224 5226
2 5224 5227
2 5224 5228
2 5224 5229
2 5170 5224
2 5224 5230
2 5214 5215
2 5214 5217
2 5214 5218
2 5214 5231
2 5214 5232
2 5214 5233
2 5198 5234
2 5198 5235
2 5198 5236
2 5198 5196
2 5198 5237
2 5238 5223
2 5238 5239
2 5238 5240
2 5238 5241
2 5211 5212
2 5211 5210
2 5211 5209
2 5211 5208
2 5211 5242
2 5211 5192
2 5211 5243
2 5244 5245
2 5244 5246
2 5244 5247
2 5244 5248
2 5244 5249
2 5244 5250
2 5244 5251
2 5240 5241
2 5240 5223
2 5240 5252
2 5240 5253
2 5240 5222
2 5240 5254
2 5240 5239
2 5255 5236
2 5255 5256
2 5255 5257
2 5255 5237
2 5247 5258
2 5247 5246
2 5247 5249
2 5247 5259
2 5247 5260
2 5247 5261
2 5247 5262
2 5252 5263
2 5252 5241
2 5252 5264
2 5252 5265
2 5252 5266
2 5252 5223
2 5236 5237
2 5236 5257
2 5236 5267
2 5236 5235
2 5236 5268
2 5236 5269
2 5236 5256
2 5229 5270
2 5229 5228
2 5229 5271
2 5229 5272
2 5229 5226
2 5229 5225
2 5229 5273
2 5229 5274
2 5260 5258
2 5260 5275
2 5260 5276
2 5260 5249
2 5260 5277
2 5260 5246
2 5264 5266
2 5264 5253
2 5264 5278
2 5264 5279
2 5264 5263
2 5264 5241
2 5267 5237
2 5267 5268
2 5267 5235
2 5277 5276
2 5277 5280
2 5277 5281
2 5277 5275
2 5277 5282
2 5277 5283
2 5277 5284
2 5277 5285
2 5233 5231
2 5233 5286
2 5233 5218
2 5233 5217
2 5233 5215
2 5233 5287
2 5233 5288
2 5289 5290
2 5289 5291
2 5289 5188
2 5289 5187
2 5289 5292
2 5289 5293
2 5289 5294
2 5289 5295
2 5282 5280
2 5282 5281
2 5282 5284
2 5282 5285
2 5282 5283
2 5282 5296
2 5282 5276
2 5282 5297
2 5286 5232
2 5286 5231
2 5286 5287
2 5286 5218
2 5286 5288
2 5286 5217
2 5286 5215
2 5274 5298
2 5274 5272
2 5274 5299
2 5274 5300
2 5274 5271
2 5274 5270
2 5274 5230
2 5301 5302
2 5301 5303
2 5301 5304
2 5301 5243
2 5301 5305
2 5301 5306
2 5301 5307
2 5301 5308
2 5309 5310
2 5309 5311
2 5309 5297
2 5309 5296
2 5309 5312
2 5309 5285
2 5309 5284
2 5309 5313
2 5282 5309
2 5314 5315
2 5314 5316
2 5314 5317
2 5314 5318
2 5314 5319
2 5314 5320
2 5314 5321
2 5314 5322
2 5323 5324
2 5323 5325
2 5323 5326
2 5323 5327
2 5323 5328
2 5323 5329
2 5323 5330
2 5304 5302
2 5304 5305
2 5304 5306
2 5304 5307
2 5304 5308
2 5304 5303
2 5304 5243
2 5304 5331
2 5332 5333
2 5332 5334
2 5332 5335
2 5332 5312
2 5332 5336
2 5332 5337
2 5332 5313
2 5338 5339
2 5338 5340
2 5338 5341
2 5338 5330
2 5338 5342
2 5338 5343
2 5338 5326
2 5308 5331
2 5308 5344
2 5308 5345
2 5308 5306
2 5308 5305
2 5308 5346
2 5308 5302
2 5347 5348
2 5347 5349
2 5347 5350
2 5347 5351
2 5347 5352
2 5353 5354
2 5353 5355
2 5353 5356
2 5353 5357
2 5353 5300
2 5353 5358
2 5353 5299
2 5353 5359
2 5353 5298
2 5344 5346
2 5344 5360
2 5344 5331
2 5344 5307
2 5344 5361
2 5344 5362
2 5344 5363
2 5336 5337
2 5336 5334
2 5336 5333
2 5336 5364
2 5336 5365
2 5336 5366
2 5336 5367
2 5316 5318
2 5316 5319
2 5316 5321
2 5316 5322
2 5316 5368
2 5316 5369
2 5316 5370
2 5371 5350
2 5371 5352
2 5371 5348
2 5371 5351
2 5371 5372
2 5371 5373
2 5371 5374
2 5371 5375
2 5294 5295
2 5294 5376
2 5294 5377
2 5294 5292
2 5294 5378
2 5294 5291
2 5294 5379
2 5294 5380
2 5343 5342
2 5343 5381
2 5343 5341
2 5343 5340
2 5343 5339
2 5343 5382
2 5355 5357
2 5355 5356
2 5355 5354
2 5355 5358
2 5355 5359
2 5355 5383
2 5355 5300
2 5355 5384
2 5319 5318
2 5319 5317
2 5319 5321
2 5319 5322
2 5319 5369
2 5319 5370
2 5319 5368
2 5352 5351
2 5352 5348
2 5352 5373
2 5352 5375
2 5352 5374
2 5352 5385
2 5352 5386
2 5365 5366
2 5365 5367
2 5365 5335
2 5365 5337
2 5365 5387
2 5365 5388
2 5363 5361
2 5363 5389
2 5363 5362
2 5363 5390
2 5363 5391
2 5363 5360
2 5363 5392
2 5363 5346
2 5382 5381
2 5382 5393
2 5382 5394
2 5382 5395
2 5382 5342
2 5382 5396
2 5373 5385
2 5373 5386
2 5373 5397
2 5373 5350
2 5373 5374
2 5373 5351
2 5373 5398
2 5394 5399
2 5394 5400
2 5394 5401
2 5394 5402
2 5394 5381
2 5394 5393
2 5391 5392
2 5391 5403
2 5391 5404
2 5391 5405
2 5391 5361
2 5406 5388
2 5406 5407
2 5406 5408
2 5406 5409
2 5406 5366
2 5406 5367
2 5397 5410
2 5397 5375
2 5397 5385
2 5397 5411
2 5397 5412
2 5397 5413
2 5401 5402
2 5401 5396
2 5401 5414
2 5401 5415
2 5401 5416
2 5401 5417
2 5401 5418
2 5404 5392
2 5404 5419
2 5404 5420
2 5404 5389
2 5404 5421
2 5407 5422
2 5407 5423
2 5407 5424
2 5407 5425
2 5407 5426
2 5411 5413
2 5411 5412
2 5411 5410
2 5411 5427
2 5411 5398
2 5411 5428
2 5411 5429
2 5411 5386
2 5430 5431
2 5430 5432
2 5430 5433
2 5430 5434
2 5430 5435
2 5430 5436
2 5416 5402
2 5416 5437
2 5416 5418
2 5416 5438
2 5416 5439
2 5420 5440
2 5420 5403
2 5420 5441
2 5420 5392
2 5391 5420
2 5442 5443
2 5442 5444
2 5442 5445
2 5442 5446
2 5442 5447
2 5442 5448
2 5442 5449
2 5442 5450
2 5422 5425
2 5422 5426
2 5422 5408
2 5422 5451
2 5422 5452
2 5439 5438
2 5439 5453
2 5439 5454
2 5439 5455
2 5439 5456
2 5439 5457
2 5439 5437
2 5439 5418
2 5426 5451
2 5426 5424
2 5426 5458
2 5426 5423
2 5426 5459
2 5426 5460
2 5426 5461
2 5434 5433
2 5434 5435
2 5434 5431
2 5434 5462
2 5434 5463
2 5434 5464
2 5434 5465
2 5435 5462
2 5435 5464
2 5435 5433
2 5435 5466
2 5435 5431
2 5435 5463
2 5435 5467
2 5468 5469
2 5468 5470
2 5468 5471
2 5468 5472
2 5468 5473
2 5468 5455
2 5468 5456
2 5468 5474
2 5475 5476
2 5475 5477
2 5475 5449
2 5475 5448
2 5475 5447
2 5475 5478
2 5475 5479
2 5480 5481
2 5480 5482
2 5480 5483
2 5480 5484
2 5480 5428
2 5480 5485
2 5462 5467
2 5462 5433
2 5462 5466
2 5462 5486
2 5462 5431
2 5462 5463
2 5487 5488
2 5487 5489
2 5487 5490
2 5487 5491
2 5487 5492
2 5487 5493
2 5487 5380
2 5471 5472
2 5471 5474
2 5471 5494
2 5471 5495
2 5471 5496
2 5497 5498
2 5497 5499
2 5497 5460
2 5497 5461
2 5497 5500
2 5497 5459
2 5497 5458
2 5497 5501
2 5496 5472
2 5496 5473
2 5496 5502
2 5496 5469
2 5496 5470
2 5503 5504
2 5503 5505
2 5503 5506
2 5503 5507
2 5503 5508
2 5503 5509
2 5483 5484
2 5483 5485
2 5483 5510
2 5483 5481
2 5483 5482
2 5483 5511
2 5483 5512
2 5513 5514
2 5513 5515
2 5513 5516
2 5513 5477
2 5513 5476
2 5489 5488
2 5489 5492
2 5489 5517
2 5489 5518
2 5489 5519
2 5489 5520
2 5489 5490
2 5521 5522
2 5521 5501
2 5521 5523
2 5521 5524
2 5521 5500
2 5521 5525
2 5521 5526
2 5485 5510
2 5485 5511
2 5485 5512
2 5485 5481
2 5485 5482
2 5486 5527
2 5486 5528
2 5486 5529
2 5486 5464
2 5435 5486
2 5486 5530
2 5434 5486
2 5531 5532
2 5531 5533
2 5531 5534
2 5531 5535
2 5531 5536
2 5531 5502
2 5531 5537
2 5531 5538
2 5539 5540
2 5539 5541
2 5539 5542
2 5539 5543
2 5539 5544
2 5539 5545
2 5539 5546
2 5539 5547
2 5539 5548
2 5511 5484
2 5511 5549
2 5511 5550
2 5511 5551
2 5511 5552
2 5553 5509
2 5553 5554
2 5553 5555
2 5553 5508
2 5553 5556
2 5553 5506
2 5553 5505
2 5553 5557
2 5553 5558
2 5524 5559
2 5524 5522
2 5524 5560
2 5537 5561
2 5537 5562
2 5537 5563
2 5537 5536
2 5537 5532
2 5537 5535
2 5537 5564
2 5537 5534
2 5537 5565
2 5564 5565
2 5564 5562
2 5564 5566
2 5564 5567
2 5564 5561
2 5564 5563
2 5564 5568
2 5564 5569
2 5570 5571
2 5570 5492
2 5570 5491
2 5489 5570
2 5570 5572
2 5570 5488
2 5569 5568
2 5569 5573
2 5569 5574
2 5569 5575
2 5569 5576
2 5569 5566
2 5569 5577
2 5569 5565
2 5569 5567
2 5578 5579
2 5578 5580
2 5578 5581
2 5578 5582
2 5578 5515
2 5578 5583
2 5542 5543
2 5542 5545
2 5542 5547
2 5542 5548
2 5542 5584
2 5542 5544
2 5585 5586
2 5585 5587
2 5585 5588
2 5585 5589
2 5585 5590
2 5585 5591
2 5585 5592
2 5557 5558
2 5557 5556
2 5557 5554
2 5557 5593
2 5557 5594
2 5557 5509
2 5530 5595
2 5530 5529
2 5530 5596
2 5530 5528
2 5530 5527
2 5530 5597
2 5530 5467
2 5575 5598
2 5575 5576
2 5575 5577
2 5575 5599
2 5575 5600
2 5575 5573
2 5575 5601
2 5590 5586
2 5590 5587
2 5590 5602
2 5590 5603
2 5590 5604
2 5590 5588
2 5599 5598
2 5599 5605
2 5599 5606
2 5599 5574
2 5599 5577
2 5582 5580
2 5582 5581
2 5582 5607
2 5582 5583
2 5582 5608
2 5582 5609
2 5582 5610
2 5611 5612
2 5611 5613
2 5611 5614
2 5611 5615
2 5611 5616
2 5611 5617
2 5596 5597
2 5596 5618
2 5596 5529
2 5596 5528
2 5596 5527
2 5596 5619
2 5486 5596
2 5620 5621
2 5620 5622
2 5620 5594
2 5620 5623
2 5620 5593
2 5620 5624
2 5620 5625
2 5620 5626
2 5620 5627
2 5606 5605
2 5606 5628
2 5606 5629
2 5606 5630
2 5606 5601
2 5606 5631
2 5606 5632
2 5606 5600
2 5548 5547
2 5548 5633
2 5548 5634
2 5548 5635
2 5548 5545
2 5548 5543
2 5548 5636
2 5548 5637
2 5613 5616
2 5613 5638
2 5613 5617
2 5613 5639
2 5613 5640
2 5583 5641
2 5583 5642
2 5583 5580
2 5583 5581
2 5583 5607
2 5583 5609
2 5633 5634
2 5633 5584
2 5633 5547
2 5633 5636
2 5633 5637
2 5633 5545
2 5633 5643
2 5639 5616
2 5639 5644
2 5639 5615
2 5639 5645
2 5639 5614
2 5639 5646
2 5639 5647
2 5648 5649
2 5648 5650
2 5648 5651
2 5648 5652
2 5648 5572
2 5648 5653
2 5648 5571
2 5648 5654
2 5655 5656
2 5655 5657
2 5655 5658
2 5655 5659
2 5655 5660
2 5655 5661
2 5655 5662
2 5645 5644
2 5645 5663
2 5645 5617
2 5645 5664
2 5645 5616
2 5645 5615
2 5645 5665
2 5666 5667
2 5666 5668
2 5666 5669
2 5666 5670
2 5666 5632
2 5666 5671
2 5666 5631
2 5666 5672
2 5659 5660
2 5659 5662
2 5659 5673
2 5659 5658
2 5659 5657
2 5671 5669
2 5671 5674
2 5671 5675
2 5671 5668
2 5671 5670
2 5673 5676
2 5673 5660
2 5673 5677
2 5673 5678
2 5673 5679
2 5673 5656
2 5680 5681
2 5680 5642
2 5680 5610
2 5680 5608
2 5583 5680
2 5680 5682
2 5683 5681
2 5683 5682
2 5683 5642
2 5683 5684
2 5683 5610
2 5683 5608
2 5665 5685
2 5665 5664
2 5665 5686
2 5665 5663
2 5665 5687
2 5665 5688
2 5665 5646
2 5689 5678
2 5689 5679
2 5689 5677
2 5689 5690
2 5689 5691
2 5689 5692
2 5689 5676
2 5689 5693
2 5694 5695
2 5694 5696
2 5694 5697
2 5694 5698
2 5694 5699
2 5694 5700
2 5694 5701
2 5702 5703
2 5702 5704
2 5702 5705
2 5702 5706
2 5702 5707
2 5702 5708
2 5702 5709
2 5685 5710
2 5685 5687
2 5685 5688
2 5685 5711
2 5685 5712
2 5685 5664
2 5685 5663
2 5697 5699
2 5697 5713
2 5697 5701
2 5697 5695
2 5697 5696
2 5697 5714
2 5697 5715
2 5697 5716
2 5692 5691
2 5692 5717
2 5692 5718
2 5692 5719
2 5692 5720
2 5692 5721
2 5692 5722
2 5706 5723
2 5706 5724
2 5706 5725
2 5706 5726
2 5706 5727
2 5719 5720
2 5719 5718
2 5719 5722
2 5719 5728
2 5719 5690
2 5719 5691
2 5725 5727
2 5725 5729
2 5725 5723
2 5725 5724
2 5725 5730
2 5725 5731
2 5725 5707
2 5732 5733
2 5732 5734
2 5732 5654
2 5732 5735
2 5732 5653
2 5732 5736
2 5732 5737
2 5732 5652
2 5732 5651
2 5738 5739
2 5738 5740
2 5738 5714
2 5738 5741
2 5738 5742
2 5738 5699
2 5738 5701
2 5697 5738
2 5743 5744
2 5743 5745
2 5743 5746
2 5743 5728
2 5743 5747
2 5743 5748
2 5743 5722
2 5749 5750
2 5749 5751
2 5749 5712
2 5749 5752
2 5749 5753
2 5754 5755
2 5754 5756
2 5754 5757
2 5754 5758
2 5754 5759
2 5754 5731
2 5754 5730
2 5754 5729
2 5754 5760
2 5761 5762
2 5761 5763
2 5761 5764
2 5761 5681
2 5761 5765
2 5742 5740
2 5742 5766
2 5742 5767
2 5742 5716
2 5742 5768
2 5742 5714
2 5746 5744
2 5746 5769
2 5746 5770
2 5746 5745
2 5737 5771
2 5737 5735
2 5737 5772
2 5737 5734
2 5737 5733
2 5737 5654
2 5737 5773
2 5767 5766
2 5767 5768
2 5767 5774
2 5767 5740
2 5767 5775
2 5767 5741
2 5767 5776
2 5738 5767
2 5756 5759
2 5756 5755
2 5756 5757
2 5756 5777
2 5756 5758
2 5756 5760
2 5756 5778
2 5756 5779
2 5780 5781
2 5780 5782
2 5780 5783
2 5780 5784
2 5780 5785
2 5780 5786
2 5780 5787
2 5780 5788
2 5789 5790
2 5789 5791
2 5789 5792
2 5789 5793
2 5789 5794
2 5789 5643
2 5789 5795
2 5796 5797
2 5796 5798
2 5796 5799
2 5796 5800
2 5796 5750
2 5777 5778
2 5777 5759
2 5777 5779
2 5777 5760
2 5777 5758
2 5777 5757
2 5777 5755
2 5777 5801
2 5770 5802
2 5770 5803
2 5770 5804
2 5770 5747
2 5770 5748
2 5799 5805
2 5799 5798
2 5799 5800
2 5799 5806
2 5799 5807
2 5799 5808
2 5801 5778
2 5801 5809
2 5801 5810
2 5801 5779
2 5801 5760
2 5804 5803
2 5804 5811
2 5804 5802
2 5804 5812
2 5804 5813
2 5804 5814
2 5804 5815
2 5804 5816
2 5804 5817
2 5809 5818
2 5809 5819
2 5809 5820
2 5809 5821
2 5809 5822
2 5809 5823
2 5809 5824
2 5805 5807
2 5805 5808
2 5805 5797
2 5805 5798
2 5805 5800
2 5805 5825
2 5805 5826
2 5814 5816
2 5814 5815
2 5814 5811
2 5814 5827
2 5814 5828
2 5814 5803
2 5814 5829
2 5830 5831
2 5830 5776
2 5830 5774
2 5830 5775
2 5830 5832
2 5830 5768
2 5830 5833
2 5784 5785
2 5784 5787
2 5784 5834
2 5784 5835
2 5784 5836
2 5784 5837
2 5784 5838
2 5822 5810
2 5822 5824
2 5822 5839
2 5822 5840
2 5822 5819
2 5822 5841
2 5773 5842
2 5773 5843
2 5773 5771
2 5844 5845
2 5844 5846
2 5844 5847
2 5844 5765
2 5844 5764
2 5844 5848
2 5844 5763
2 5844 5762
2 5844 5849
2 5829 5850
2 5829 5816
2 5829 5817
2 5829 5851
2 5829 5815
2 5826 5852
2 5826 5853
2 5826 5825
2 5826 5854
2 5826 5808
2 5826 5855
2 5826 5856
2 5826 5857
2 5826 5807
2 5785 5787
2 5785 5783
2 5785 5836
2 5785 5837
2 5785 5834
2 5785 5838
2 5841 5824
2 5841 5840
2 5841 5858
2 5841 5859
2 5841 5839
2 5841 5860
2 5841 5823
2 5841 5861
2 5860 5861
2 5860 5859
2 5860 5858
2 5860 5862
2 5860 5863
2 5860 5864
2 5860 5865
2 5860 5840
2 5854 5857
2 5854 5856
2 5854 5852
2 5854 5853
2 5854 5825
2 5854 5866
2 5854 5867
2 5868 5866
2 5868 5851
2 5868 5857
2 5868 5856
2 5868 5869
2 5868 5855
2 5854 5868
2 5868 5853
2 5836 5837
2 5836 5787
2 5836 5838
2 5836 5783
2 5836 5870
2 5836 5834
2 5871 5833
2 5871 5872
2 5871 5873
2 5871 5874
2 5871 5875
2 5871 5831
2 5864 5862
2 5864 5876
2 5864 5877
2 5864 5878
2 5864 5859
2 5864 5879
2 5856 5855
2 5856 5867
2 5856 5853
2 5856 5866
2 5856 5852
2 5876 5879
2 5876 5878
2 5876 5877
2 5876 5880
2 5876 5865
2 5876 5881
2 5876 5882
2 5876 5883
2 5872 5884
2 5872 5885
2 5872 5832
2 5825 5853
2 5825 5852
2 5825 5855
2 5825 5886
2 5856 5825
2 5882 5881
2 5882 5887
2 5882 5879
2 5882 5880
2 5882 5888
2 5882 5889
2 5882 5890
2 5807 5797
2 5807 5800
2 5807 5852
2 5891 5892
2 5891 5893
2 5891 5843
2 5891 5894
2 5891 5842
2 5891 5895
2 5891 5896
2 5891 5897
2 5891 5898
2 5885 5875
2 5885 5899
2 5885 5900
2 5885 5901
2 5885 5884
2 5871 5885
2 5798 5797
2 5798 5806
2 5798 5886
2 5798 5902
2 5894 5895
2 5894 5892
2 5894 5898
2 5894 5843
2 5894 5842
2 5894 5896
2 5894 5903
2 5904 5905
2 5904 5906
2 5904 5907
2 5904 5889
2 5904 5908
2 5904 5909
2 5904 5888
2 5910 5911
2 5910 5912
2 5910 5913
2 5910 5914
2 5910 5915
2 5910 5916
2 5828 5827
2 5828 5850
2 5828 5817
2 5828 5816
2 5828 5869
2 5828 5815
2 5828 5851
2 5902 5753
2 5902 5917
2 5902 5797
2 5909 5918
2 5909 5919
2 5909 5908
2 5909 5907
2 5909 5920
2 5921 5901
2 5921 5922
2 5921 5923
2 5921 5924
2 5921 5899
2 5921 5925
2 5921 5920
2 5921 5926
2 5817 5815
2 5817 5827
2 5817 5811
2 5817 5850
2 5917 5712
2 5920 5926
2 5920 5927
2 5920 5918
2 5920 5923
2 5920 5924
2 5920 5919
2 5920 5922
2 5811 5815
2 5811 5803
2 5811 5802
2 5811 5812
2 5811 5816
2 5811 5813
2 5926 5927
2 5926 5928
2 5926 5919
2 5926 5924
2 5926 5918
2 5926 5923
2 5926 5908
2 5923 5922
2 5923 5929
2 5923 5928
2 5923 5901
2 5923 5927
2 5687 5686
2 5687 5712
2 5687 5711
2 5687 5710
2 5687 5751
2 5687 5930
2 5802 5803
2 5802 5813
2 5802 5931
2 5802 5815
2 5802 5932
2 5933 5934
2 5933 5935
2 5933 5936
2 5933 5937
2 5933 5938
2 5933 5939
2 5933 5870
2 5933 5940
2 5933 5795
2 5919 5927
2 5919 5908
2 5919 5918
2 5919 5928
2 5919 5907
2 5919 5924
2 5925 5901
2 5925 5874
2 5941 5942
2 5941 5943
2 5941 5944
2 5941 5945
2 5941 5946
2 5941 5947
2 5664 5686
2 5664 5688
2 5687 5664
2 5874 5884
2 5874 5899
2 5874 5833
2 5884 5833
2 5884 5873
2 5884 5875
2 5884 5831
2 5905 5948
2 5905 5907
2 5905 5906
2 5905 5889
2 5905 5908
2 5905 5890
2 5905 5888
2 5909 5905
2 5946 5945
2 5946 5943
2 5946 5949
2 5946 5950
2 5946 5942
2 5946 5951
2 5946 5952
2 5889 5888
2 5889 5890
2 5889 5887
2 5889 5883
2 5644 5617
2 5644 5616
2 5644 5615
2 5644 5646
2 5644 5614
2 5613 5644
2 5644 5663
2 5887 5881
2 5887 5888
2 5887 5883
2 5887 5880
2 5887 5879
2 5887 5906
2 5887 5890
2 5873 5953
2 5872 5873
2 5873 5900
2 5745 5769
2 5745 5722
2 5745 5954
2 5745 5744
2 5745 5720
2 5719 5745
2 5745 5718
2 5880 5881
2 5880 5878
2 5880 5877
2 5880 5883
2 5880 5888
2 5950 5947
2 5950 5955
2 5950 5945
2 5950 5943
2 5950 5956
2 5950 5942
2 5722 5720
2 5722 5728
2 5722 5718
2 5722 5717
2 5722 5769
2 5722 5691
2 5878 5865
2 5878 5879
2 5878 5881
2 5878 5862
2 5882 5878
2 5718 5717
2 5718 5691
2 5718 5690
2 5718 5728
2 5615 5617
2 5615 5616
2 5615 5647
2 5615 5638
2 5647 5640
2 5647 5616
2 5647 5617
2 5956 5957
2 5956 5949
2 5956 5947
2 5956 5958
2 5776 5775
2 5776 5953
2 5776 5768
2 5776 5766
2 5776 5831
2 5873 5776
2 5739 5714
2 5739 5699
2 5739 5701
2 5697 5739
2 5794 5792
2 5794 5791
2 5794 5795
2 5794 5959
2 5794 5940
2 5794 5790
2 5794 5960
2 5794 5793
2 5961 5962
2 5961 5958
2 5961 5963
2 5961 5903
2 5961 5964
2 5961 5898
2 5792 5791
2 5792 5959
2 5792 5790
2 5792 5960
2 5792 5793
2 5792 5795
2 5792 5940
2 5721 5679
2 5721 5691
2 5721 5690
2 5721 5677
2 5718 5721
2 5721 5717
2 5696 5713
2 5696 5699
2 5696 5700
2 5696 5698
2 5550 5484
2 5550 5510
2 5550 5481
2 5550 5482
2 5858 5859
2 5858 5863
2 5858 5840
2 5858 5839
2 5858 5861
2 5858 5824
2 5858 5862
2 5700 5965
2 5700 5695
2 5700 5713
2 5679 5676
2 5679 5693
2 5679 5691
2 5679 5690
2 5482 5966
2 5482 5967
2 5482 5429
2 5482 5484
2 5482 5428
2 5840 5839
2 5840 5863
2 5840 5823
2 5840 5859
2 5840 5818
2 5968 5969
2 5968 5626
2 5969 5626
2 5969 5965
2 5969 5624
2 5969 5970
2 5969 5623
2 5969 5971
2 5969 5622
2 5823 5839
2 5823 5818
2 5823 5810
2 5823 5863
2 5895 5903
2 5895 5892
2 5895 5963
2 5895 5843
2 5895 5972
2 5624 5623
2 5624 5626
2 5624 5627
2 5624 5622
2 5624 5965
2 5624 5621
2 5624 5970
2 5412 5427
2 5412 5413
2 5412 5429
2 5412 5410
2 5412 5428
2 5412 5398
2 5412 5386
2 5892 5893
2 5892 5842
2 5892 5896
2 5892 5897
2 5892 5973
2 5819 5810
2 5819 5818
2 5819 5821
2 5823 5819
2 5819 5778
2 5974 5975
2 5974 5656
2 5974 5658
2 5974 5657
2 5974 5662
2 5673 5974
2 5398 5410
2 5398 5386
2 5398 5385
2 5398 5375
2 5398 5427
2 5643 5637
2 5643 5793
2 5643 5635
2 5643 5634
2 5643 5960
2 5643 5790
2 5643 5959
2 5952 5976
2 5952 5977
2 5952 5944
2 5952 5942
2 5952 5943
2 5952 5978
2 5594 5621
2 5594 5622
2 5594 5623
2 5594 5979
2 5594 5558
2 5624 5594
2 5385 5386
2 5385 5375
2 5385 5374
2 5385 5410
2 5385 5351
2 5657 5975
2 5657 5656
2 5657 5661
2 5657 5660
2 5657 5602
2 5897 5842
2 5897 5980
2 5897 5843
2 5897 5772
2 5779 5778
2 5779 5759
2 5779 5758
2 5779 5757
2 5779 5755
2 5351 5374
2 5351 5350
2 5351 5375
2 5351 5386
2 5757 5759
2 5757 5760
2 5757 5755
2 5757 5778
2 5980 5772
2 5980 5896
2 5980 5842
2 5980 5843
2 5980 5771
2 5892 5980
2 5554 5556
2 5554 5509
2 5554 5555
2 5554 5558
2 5554 5979
2 5554 5508
2 5554 5506
2 5509 5506
2 5509 5505
2 5509 5556
2 5509 5981
2 5349 5982
2 5349 5983
2 5349 5268
2 5267 5349
2 5349 5257
2 5505 5555
2 5505 5981
2 5505 5984
2 5731 5729
2 5731 5985
2 5731 5727
2 5731 5755
2 5757 5731
2 5731 5723
2 5981 5504
2 5981 5507
2 5981 5506
2 5981 5508
2 5587 5604
2 5587 5588
2 5587 5589
2 5587 5986
2 5587 5602
2 5735 5736
2 5735 5734
2 5735 5654
2 5735 5771
2 5735 5733
2 5735 5653
2 5735 5772
2 5268 5257
2 5268 5234
2 5268 5235
2 5255 5268
2 5987 5911
2 5987 5988
2 5987 5915
2 5987 5912
2 5987 5914
2 5987 5913
2 5985 5730
2 5985 5723
2 5985 5724
2 5706 5985
2 5754 5985
2 5734 5654
2 5734 5733
2 5734 5653
2 5734 5736
2 5734 5652
2 5734 5651
2 5604 5589
2 5604 5586
2 5604 5592
2 5911 5912
2 5911 5914
2 5911 5913
2 5911 5915
2 5911 5916
2 5234 5256
2 5234 5237
2 5234 5197
2 5440 5441
2 5440 5507
2 5440 5989
2 5440 5504
2 5440 5419
2 5440 5990
2 5404 5440
2 5588 5592
2 5588 5525
2 5653 5652
2 5653 5654
2 5653 5651
2 5653 5733
2 5653 5650
2 5653 5991
2 5724 5723
2 5724 5707
2 5724 5704
2 5724 5992
2 5724 5727
2 5724 5726
2 5704 5723
2 5704 5726
2 5704 5703
2 5704 5705
2 5525 5523
2 5525 5589
2 5525 5559
2 5197 5256
2 5197 5235
2 5255 5197
2 5197 5196
2 5236 5197
2 5540 5543
2 5540 5545
2 5540 5544
2 5540 5547
2 5540 5546
2 5548 5540
2 5726 5703
2 5726 5705
2 5726 5707
2 5726 5709
2 5652 5650
2 5652 5991
2 5652 5654
2 5652 5733
2 5652 5649
2 5195 5196
2 5195 5182
2 5195 5181
2 5195 5179
2 5195 5169
2 5195 5168
2 5197 5195
2 5198 5195
2 5390 5392
2 5390 5405
2 5390 5361
2 5390 5419
2 5705 5703
2 5705 5709
2 5705 5675
2 5705 5708
2 5705 5992
2 5705 5993
2 5991 5650
2 5991 5651
2 5991 5654
2 5991 5733
2 5734 5991
2 5560 5522
2 5560 5559
2 5560 5500
2 5560 5523
2 5525 5560
2 5560 5498
2 5179 5181
2 5179 5168
2 5179 5182
2 5179 5167
2 5179 5196
2 5405 5361
2 5405 5389
2 5405 5360
2 5405 5346
2 5405 5392
2 5675 5709
2 5675 5993
2 5675 5672
2 5675 5703
2 5675 5669
2 5675 5674
2 5167 5169
2 5167 5178
2 5167 5181
2 5167 5180
2 5167 5182
2 5672 5993
2 5672 5674
2 5672 5669
2 5672 5709
2 5672 5708
2 5672 5668
2 5346 5345
2 5346 5362
2 5346 5331
2 5346 5361
2 5346 5307
2 5674 5668
2 5674 5670
2 5674 5993
2 5674 5632
2 5331 5307
2 5331 5345
2 5331 5306
2 5331 5360
2 5331 5305
2 5164 5166
2 5164 5180
2 5164 5119
2 5164 5178
2 5164 5104
2 5164 5103
2 5164 5102
2 5081 5164
2 5670 5668
2 5670 5632
2 5670 5631
2 5670 5667
2 5670 5669
2 5670 5630
2 5670 5628
2 5306 5305
2 5306 5302
2 5306 5307
2 5306 5303
2 5306 5243
2 5572 5571
2 5572 5994
2 5572 5520
2 5572 5519
2 5572 5649
2 5572 5492
2 5991 5572
2 5995 5788
2 5995 5786
2 5995 5782
2 5995 5781
2 5995 5597
2 5780 5995
2 5596 5995
2 5461 5460
2 5461 5459
2 5461 5458
2 5461 5499
2 5461 5498
2 5461 5996
2 5461 5451
2 5632 5631
2 5632 5630
2 5632 5668
2 5632 5628
2 5632 5667
2 5619 5997
2 5619 5788
2 5619 5786
2 5619 5782
2 5619 5781
2 5619 5597
2 5780 5619
2 5458 5451
2 5458 5460
2 5458 5425
2 5458 5499
2 5458 5424
2 5458 5996
2 5303 5302
2 5303 5305
2 5303 5307
2 5308 5303
2 5630 5631
2 5630 5629
2 5630 5668
2 5666 5630
2 5102 5080
2 5102 5104
2 5102 5079
2 5102 5041
2 5102 5119
2 5039 5102
2 5369 5321
2 5369 5318
2 5369 5317
2 5369 5546
2 5369 5368
2 5994 5571
2 5994 5520
2 5994 5519
2 5994 5492
2 5994 5491
2 5489 5994
2 5994 5488
2 5764 5847
2 5764 5763
2 5764 5762
2 5764 5998
2 5764 5999
2 6000 5212
2 6000 5210
2 6000 5243
2 6000 5209
2 5303 6000
2 6000 5208
2 5207 6000
2 5519 5492
2 5519 5491
2 5519 5571
2 5519 5488
2 5519 5517
2 5038 5027
2 5038 5041
2 5038 6001
2 5078 5038
2 5038 5079
2 5038 5037
2 5209 5208
2 5209 5192
2 5209 5210
2 5209 5191
2 5209 5212
2 5209 5173
2 5763 5998
2 5763 5765
2 5763 5847
2 5763 5999
2 5763 5846
2 5577 5576
2 5577 5574
2 5577 5598
2 5577 5600
2 5577 5573
2 5577 5568
2 5577 5601
2 5488 5491
2 5488 5517
2 5488 5518
2 5488 5492
2 5488 5490
2 5488 5520
2 4979 4996
2 4979 4997
2 4979 4975
2 4979 4998
2 4979 4976
2 5173 5191
2 5173 5157
2 5173 5192
2 5173 5155
2 5173 5208
2 5573 5566
2 5573 5567
2 5573 5576
2 5573 5565
2 5490 5493
2 5490 5380
2 5490 5517
2 5490 5379
2 5490 5491
2 4975 4976
2 4975 4998
2 4975 4977
2 4975 4947
2 4975 4946
2 4975 4996
2 5157 5171
2 5157 5155
2 5157 5147
2 5157 5145
2 5157 5191
2 5566 5565
2 5566 5563
2 5566 5562
2 5566 5561
2 5493 5380
2 5493 5379
2 5493 5518
2 5493 5378
2 5493 5377
2 5493 5376
2 5493 5517
2 5155 5145
2 5155 5171
2 5155 5126
2 5125 5155
2 4916 4910
2 4916 4898
2 4916 4945
2 4916 4946
2 5563 5561
2 5563 5562
2 5563 5567
2 5563 5565
2 5563 5536
2 5563 5535
2 5367 5366
2 5367 5409
2 5367 5364
2 5367 5388
2 5367 5337
2 5367 5335
2 5111 5126
2 5111 5110
2 5111 5124
2 5111 5087
2 5111 5147
2 5376 5295
2 5376 5379
2 5376 5293
2 5376 5380
2 5376 5292
2 5682 5999
2 5682 5681
2 5682 6002
2 5682 5762
2 5763 5682
2 4898 4880
2 4898 4896
2 4898 4895
2 4898 4910
2 5065 6003
2 5111 5065
2 5364 5335
2 5364 5366
2 5364 5334
2 5364 5333
2 5364 5409
2 5535 5534
2 5535 5536
2 5535 5533
2 5535 5532
2 5535 6004
2 5535 5502
2 5535 5561
2 5337 5335
2 5337 5334
2 5337 5333
2 5337 5366
2 4896 4895
2 4896 4877
2 4896 4869
2 4896 4908
2 4867 4896
2 5161 5162
2 5161 5077
2 5161 5320
2 5161 5315
2 5161 5055
2 5054 5161
2 5533 5534
2 5533 6004
2 5533 5502
2 5533 5532
2 5533 5536
2 5533 5538
2 5537 5533
2 4869 4899
2 4869 4865
2 4869 4880
2 4869 4878
2 4869 4895
2 4865 4864
2 4865 4878
2 4865 4866
2 4865 4877
2 4865 4868
2 5333 6005
2 5333 5312
2 5006 6006
2 5006 5005
2 5006 5004
2 5006 5048
2 5006 6003
2 4866 4864
2 4866 4824
2 4866 4823
2 4866 4878
2 4866 4899
2 5005 4984
2 5005 5064
2 5005 6006
2 5005 4981
2 4823 4811
2 4823 4868
2 4823 4791
2 4823 4790
2 4823 4864
2 6007 5313
2 6007 5312
2 6007 5334
2 6007 5310
2 6007 5335
2 6007 5311
2 4790 4791
2 4790 4788
2 4790 4824
2 4790 4769
2 5052 5055
2 5052 5051
2 5052 5132
2 5052 5077
2 5052 5133
2 5313 5311
2 5313 6005
2 5313 5310
2 5313 5297
2 5313 5296
2 5474 5473
2 5474 5472
2 5474 5538
2 5474 5470
2 5474 5469
2 5527 5467
2 5527 5618
2 5527 5595
2 5527 5464
2 5311 5297
2 5311 5310
2 5311 5296
2 5311 5285
2 5311 5284
2 5311 5312
2 5282 5311
2 5470 5473
2 5470 5494
2 5470 5472
2 5470 5495
2 4982 4985
2 4982 4986
2 4982 4984
2 4982 4988
2 5285 5297
2 5285 5283
2 5285 5281
2 5285 5280
2 4985 4988
2 4985 4952
2 4985 4953
2 4985 4951
2 4985 4981
2 5187 5144
2 5187 5190
2 5187 5290
2 5187 5141
2 5187 5291
2 5187 5185
2 4951 4952
2 4951 4988
2 4951 4912
2 4951 4907
2 4951 4953
2 4982 4951
2 5281 5284
2 5281 5276
2 5281 5275
2 5281 5296
2 4752 4753
2 4752 4761
2 4752 4750
2 4752 4739
2 4752 4763
2 4752 4736
2 4906 4885
2 4906 4907
2 4906 4883
2 4906 4872
2 4906 4871
2 4906 4912
2 5456 5454
2 5456 5453
2 5456 5438
2 5456 5494
2 5456 5437
2 5456 5457
2 4883 4872
2 4883 4871
2 4883 4886
2 4883 4885
2 4840 4883
2 4715 4724
2 4715 4713
2 4715 4716
2 4715 4725
2 4715 4711
2 4715 4712
2 5453 5454
2 5453 5438
2 5453 5437
2 5453 5455
2 5453 5418
2 5453 5457
2 5416 5453
2 4711 4713
2 4711 4712
2 4711 4724
2 4711 4716
2 4711 4718
2 4711 4673
2 4830 4829
2 4830 4807
2 4830 4871
2 5186 5189
2 5186 5141
2 5186 5140
2 5186 5142
2 5186 5144
2 5186 5003
2 5418 5437
2 5418 5415
2 5418 5414
2 5418 5454
2 5418 5457
2 5418 5402
2 4718 4714
2 4718 4672
2 4718 4712
2 4718 4713
2 4718 4724
2 4718 4662
2 5259 5262
2 5259 5249
2 5259 5258
2 5259 5246
2 5259 6008
2 5259 5275
2 5259 5261
2 5415 5402
2 5415 5437
2 5415 5399
2 5415 5396
2 4660 4662
2 4660 4659
2 4660 4658
2 4660 4626
2 4660 4625
2 4660 4672
2 4660 4673
2 4801 4800
2 4801 4802
2 4801 4803
2 4801 4804
2 4801 4807
2 4801 4829
2 5246 6008
2 5246 5258
2 5246 5261
2 5246 5245
2 5246 5262
2 4625 4626
2 4625 4658
2 4625 4616
2 4625 4659
2 4625 4662
2 5608 5642
2 5608 5641
2 5608 5580
2 5608 5581
2 5608 5607
2 5608 5609
2 4613 4614
2 4613 4624
2 4613 4572
2 4613 4571
2 4613 4570
2 4613 4616
2 4613 4555
2 4729 4728
2 4729 6009
2 4729 4804
2 4729 4803
2 4729 4705
2 4729 4800
2 4799 4729
2 5245 5250
2 5245 5251
2 5245 5249
2 5245 6008
2 5245 5248
2 5247 5245
2 4571 4572
2 4571 4570
2 4571 4624
2 4571 4614
2 4571 4555
2 4728 6009
2 4728 4808
2 4728 4705
2 4728 4704
2 4692 4728
2 4728 4804
2 4728 4691
2 4948 4949
2 4948 4936
2 4948 4966
2 4948 6010
2 4948 5002
2 5251 5248
2 5251 5261
2 5251 6011
2 5251 6012
2 5246 5251
2 5251 6008
2 4547 4550
2 4547 4549
2 4547 4548
2 4547 4553
2 4547 4551
2 4547 4554
2 4547 4555
2 5581 5641
2 5581 5609
2 5581 5610
2 4704 4690
2 4704 4705
2 4704 6009
2 4936 4939
2 4936 4949
2 4936 4932
2 4936 4966
2 5609 5641
2 5609 5579
2 5609 5515
2 4554 6013
2 4554 6014
2 4554 4550
2 4554 6015
2 4554 4495
2 6013 4495
2 6013 6015
2 6013 6016
2 6013 4553
2 6013 4551
2 4494 6013
2 6013 6017
2 4934 4932
2 4934 4938
2 4935 4934
2 4936 4934
2 4937 4934
2 4934 4828
2 6018 6019
2 6018 6015
2 6018 4495
2 6018 4497
2 6018 4496
2 4650 4664
2 4650 4654
2 4650 4663
2 4650 4649
2 4650 4665
2 4650 4652
2 4650 4653
2 4664 4649
2 4664 4652
2 4664 4653
2 4664 4654
2 4664 4611
2 4497 6020
2 4497 6021
2 4497 4452
2 4497 6019
2 4652 4649
2 4652 4611
2 4652 4610
2 4652 4663
2 4652 4586
2 5340 5339
2 5340 5329
2 5340 5330
2 5340 5342
2 5340 5326
2 6022 5176
2 6022 6023
2 6022 6024
2 6022 5174
2 6022 5175
2 6022 6025
2 6022 5159
2 4452 6026
2 5330 5329
2 5330 5339
2 5330 5341
2 5330 5326
2 5330 5342
2 4610 4586
2 4610 4611
2 4610 4565
2 4610 4653
2 4610 4649
2 4563 4610
2 4828 4938
2 4828 4781
2 4780 4828
2 4828 6027
2 4828 4933
2 4449 4450
2 4449 6020
2 4449 4425
2 4449 4424
2 5326 5329
2 5326 5339
2 5326 5325
2 5326 5341
2 4424 6026
2 4424 4406
2 4424 4405
2 4424 4450
2 5175 5159
2 5175 5174
2 5175 5148
2 5175 5149
2 5175 5176
2 5175 5177
2 5123 5175
2 6028 4565
2 6028 4561
2 4781 4820
2 4781 4777
2 4781 4778
2 4781 4821
2 5436 5432
2 5436 5288
2 5436 5465
2 5436 5287
2 5436 5463
2 5436 5431
2 5436 5466
2 5148 5159
2 5148 5174
2 5148 5121
2 4405 4402
2 4405 4425
2 4405 4401
2 4405 4400
2 4405 4448
2 6027 4778
2 6027 4779
2 6027 4820
2 6027 4782
2 6029 6030
2 6029 5479
2 6029 5514
2 6029 5515
2 6029 5516
2 6029 5477
2 6029 5476
2 5475 6029
2 6031 5328
2 6031 5327
2 6031 5324
2 6031 6032
2 6031 6033
2 5326 6031
2 6031 5278
2 4401 4402
2 4401 4400
2 4401 4381
2 4401 4403
2 4401 4380
2 4401 4406
2 6032 6033
2 6032 5328
2 6032 5278
2 6032 5327
2 6032 5279
2 6032 5266
2 6032 5325
2 6032 5324
2 5514 5477
2 5514 5476
2 5514 5479
2 5514 6030
2 5514 5449
2 5278 5266
2 5278 6033
2 5278 5265
2 5278 5254
2 5278 5328
2 5278 5253
2 6034 4566
2 6034 6035
2 6034 6036
2 6034 6037
2 6034 4561
2 4560 6034
2 6034 6038
2 4380 4403
2 4380 4356
2 4380 4381
2 4380 4352
2 4380 4353
2 4380 4400
2 5476 5449
2 5476 5448
2 5476 5447
2 5476 5478
2 5476 5479
2 6036 6037
2 6036 6035
2 6036 6039
2 6036 4566
2 6036 4564
2 6036 6040
2 6036 6041
2 5091 5088
2 5091 5089
2 5091 5090
2 5091 5085
2 5091 5113
2 4352 4353
2 4352 4356
2 4352 4344
2 4352 4342
2 4352 4343
2 4352 4403
2 4342 4343
2 4342 4355
2 4342 4353
2 4342 4328
2 5263 5241
2 5263 5254
2 5263 5253
2 5263 5265
2 5263 5223
2 5263 5266
2 5449 5443
2 5449 5445
2 5449 5477
2 6040 6042
2 6040 4457
2 6040 6038
2 6040 6037
2 6040 6043
2 6040 4456
2 6040 6035
2 4355 4344
2 4355 4328
2 4355 4327
2 4355 4326
2 4355 4343
2 4355 4313
2 6044 5232
2 6044 5231
2 6044 5287
2 6044 5218
2 6044 5217
2 6044 5288
2 6044 5215
2 5090 5083
2 5090 5084
2 5090 5085
2 5090 5088
2 5090 6045
2 4457 6041
2 4457 6043
2 4457 6042
2 4457 4456
2 4457 4455
2 4457 6038
2 4457 6046
2 4326 4327
2 4326 4328
2 4326 4292
2 4326 4291
2 4326 4290
2 5478 5448
2 5478 5445
2 5478 5446
2 5478 5450
2 6047 6048
2 6047 6049
2 6047 4583
2 6047 4582
2 6047 4783
2 6047 4782
2 6047 4779
2 6047 4778
2 4776 6047
2 5083 6045
2 5083 5089
2 5083 5085
2 5083 5062
2 5083 5061
2 4292 4290
2 4292 4291
2 4292 4313
2 4292 4327
2 4292 4273
2 4292 4272
2 5239 5222
2 5239 5223
2 5239 5205
2 5239 5241
2 5232 5218
2 5232 5217
2 5232 5215
2 5232 5287
2 6045 5061
2 6045 5060
2 6045 5059
2 6045 5089
2 4455 4456
2 4455 6050
2 4455 6043
2 4455 4413
2 4455 4412
2 4272 4273
2 4272 4290
2 4272 6051
2 4272 4291
2 5445 5446
2 5445 5450
2 5445 5443
2 5445 5384
2 5445 5383
2 5445 5447
2 6052 5205
2 6052 5222
2 6052 5202
2 6052 5203
2 6052 5223
2 4413 6050
2 4413 6046
2 4413 4456
2 4413 4390
2 5061 5060
2 5061 5046
2 5061 5059
2 5061 5062
2 5061 5044
2 5061 5043
2 4595 4590
2 4595 4597
2 4595 6053
2 4595 6054
2 4595 6055
2 5450 5384
2 5450 5446
2 5450 5383
2 5450 5443
2 5450 5359
2 4582 6048
2 4582 4581
2 4582 6056
2 4582 4783
2 4582 4782
2 5217 5231
2 5217 6057
2 5046 5060
2 5046 5044
2 5046 5043
2 5046 5062
2 6045 5046
2 4388 4362
2 4388 6058
2 4388 4359
2 4388 4358
2 4413 4388
2 4214 4225
2 4214 4213
2 4214 4226
2 4214 4197
2 4214 4227
2 4214 4196
2 5383 5384
2 5383 5359
2 5383 5446
2 5383 5358
2 5442 5383
2 5383 5443
2 5203 5205
2 5203 5200
2 5203 5201
2 5203 6059
2 5203 5184
2 5044 5060
2 5044 5059
2 5044 5063
2 5044 5024
2 4359 4358
2 4359 4362
2 4359 4339
2 4359 4361
2 6054 6055
2 6054 4597
2 6054 4374
2 6054 4373
2 6054 4594
2 6054 4593
2 4371 6054
2 5201 6059
2 5201 5202
2 5201 5205
2 5201 5206
2 5201 5204
2 4162 4188
2 4162 4159
2 4162 4116
2 4298 4297
2 4298 4361
2 4298 4283
2 4298 4264
2 4298 4339
2 4264 4283
2 4264 4263
2 4264 4280
2 4264 4297
2 4264 4260
2 4280 4260
2 4280 4263
2 4280 4283
2 6057 6060
2 6057 5218
2 6057 5231
2 5232 6057
2 5233 6057
2 5024 5010
2 5024 5008
2 5024 5007
2 5024 5043
2 4075 4087
2 4075 4089
2 4075 4088
2 4075 4062
2 4075 4061
2 4075 4163
2 6061 4235
2 6061 4220
2 6061 4260
2 5357 5354
2 5357 5358
2 5357 5359
2 5383 5357
2 5357 5300
2 5357 5384
2 4508 4511
2 4508 4506
2 4508 4525
2 4508 6062
2 4508 4513
2 5010 5008
2 5010 5007
2 5010 5063
2 5010 4994
2 4372 4375
2 4372 4376
2 4372 4373
2 4372 4377
2 4372 4374
2 4372 4378
2 4372 4379
2 5354 5356
2 5354 5358
2 5354 5359
2 5354 5300
2 5354 5299
2 5383 5354
2 4235 4220
2 4235 4209
2 4235 4208
2 4235 6063
2 4207 4235
2 4235 4206
2 6060 5216
2 6060 5219
2 6060 5220
2 5217 6060
2 6060 5218
2 5007 4994
2 5007 4993
2 5007 4973
2 5007 5022
2 4047 4046
2 4047 4048
2 4047 4050
2 4208 4209
2 4208 4206
2 4208 4220
2 4208 4182
2 4208 4181
2 4046 6064
2 4046 4074
2 4046 4048
2 4046 4050
2 4046 4051
2 4376 4377
2 4376 4378
2 4376 4379
2 4376 6065
2 4376 6066
2 4376 6067
2 4994 4973
2 4994 5008
2 4994 4972
2 4994 6068
2 4182 4181
2 4182 4179
2 4182 4209
2 4182 4178
2 4182 4220
2 5129 5130
2 5129 5131
2 5129 5151
2 5129 5150
2 5129 5127
2 5129 5118
2 6062 4510
2 6062 4509
2 6062 6069
2 6062 6070
2 6062 6071
2 4505 6062
2 5300 5298
2 5300 6072
2 5300 5272
2 5300 5356
2 3993 3992
2 3993 4006
2 3993 3991
2 3993 4050
2 3993 4048
2 3993 3989
2 3993 3988
2 3993 3987
2 6066 4378
2 6066 6067
2 6066 4377
2 6066 6073
2 6066 4375
2 4372 6066
2 6066 6074
2 4133 4132
2 4133 4131
2 4133 4178
2 4133 4179
2 4180 4133
2 4133 4093
2 4133 4181
2 6069 4513
2 6069 4320
2 6069 4319
2 6069 4279
2 6069 4511
2 6069 4510
2 3987 3991
2 3987 3951
2 3987 3992
2 4093 4091
2 4093 4135
2 4093 4131
2 4093 4132
2 4093 4069
2 4928 4927
2 4928 4925
2 4928 4924
2 4928 4921
2 4928 4922
2 3966 3894
2 3966 3892
2 3966 3951
2 4094 4068
2 4094 4069
2 4094 4038
2 4094 4135
2 4037 4094
2 4319 4320
2 4319 4279
2 4319 6075
2 4319 4317
2 4319 6071
2 4319 4318
2 4319 6070
2 4276 4319
2 3889 3892
2 3889 3894
2 3889 3887
2 3889 3886
2 3889 3888
2 3889 3908
2 6076 5220
2 6076 6077
2 6076 5216
2 6076 6078
2 6076 6079
2 6076 6080
2 6060 6076
2 4925 4921
2 4925 4927
2 4925 4922
2 4925 4958
2 4925 4923
2 4036 4057
2 4036 4038
2 4036 4059
2 4036 4067
2 4036 4035
2 4036 4058
2 6075 4317
2 6075 4318
2 6075 4320
2 6075 4277
2 6075 4205
2 5272 6072
2 5272 5271
2 5272 5298
2 5272 5270
2 5272 5299
2 5272 5230
2 6081 5096
2 6081 5100
2 6081 5097
2 6081 5098
2 6081 5116
2 3887 3886
2 3887 3891
2 3887 3893
2 3887 3892
2 3887 3894
2 6082 5220
2 6082 5216
2 6082 6078
2 6082 6079
2 6082 6080
2 6060 6082
2 4922 4921
2 4922 4923
2 4922 4929
2 4922 4924
2 4922 4894
2 4926 4922
2 6083 6074
2 6083 6084
2 6083 6085
2 6083 6086
2 6083 6073
2 6083 6087
2 6083 6067
2 6083 3861
2 4035 4011
2 3998 4035
2 4035 4038
2 4317 4318
2 4317 4277
2 4317 4279
2 4317 4205
2 4317 4204
2 3891 3893
2 3891 3888
2 3891 3886
2 3891 6088
2 3891 3835
2 3889 3891
2 3890 3891
2 5097 5101
2 5097 5096
2 5097 6089
2 5097 6090
2 3997 4012
2 3997 4011
2 3997 3981
2 3997 3980
2 3997 3979
2 4893 4882
2 4922 4893
2 4893 4881
2 4893 4859
2 4893 4921
2 5101 5098
2 5101 6091
2 5101 5096
2 5101 6092
2 3834 3820
2 3834 3818
2 3834 3835
2 3834 6088
2 3834 3796
2 3795 3834
2 3834 3893
2 3980 3979
2 3980 3981
2 3980 3999
2 3980 3996
2 3980 3985
2 3980 3978
2 6091 6089
2 6091 6093
2 6091 5098
2 5097 6091
2 4204 4277
2 4204 6094
2 4204 4318
2 4204 6095
2 6080 6078
2 6080 6096
2 6080 6077
2 6080 5001
2 6080 5000
2 6080 5220
2 4859 4855
2 4859 4856
2 4859 4854
2 4859 4882
2 4859 4853
2 3818 3820
2 3818 3796
2 3818 3835
2 3818 3793
2 3818 6088
2 3930 3941
2 3930 3929
2 3930 3927
2 3930 3926
2 3930 3942
2 3930 3925
2 3930 3982
2 6093 5036
2 6093 6089
2 5101 6093
2 3794 3792
2 3794 3791
2 3794 3750
2 3794 3817
2 3794 3748
2 3794 3790
2 3794 3749
2 3794 3793
2 3926 3927
2 3926 3929
2 3926 3925
2 3926 3923
2 3926 3941
2 3926 3942
2 4854 4856
2 4854 4855
2 4854 4853
2 4854 4819
2 4854 4857
2 4854 4881
2 4854 4818
2 5225 5226
2 5225 5193
2 5225 5228
2 5225 5230
2 5225 5227
2 5225 5270
2 6097 5029
2 6097 5031
2 6097 6090
2 3750 3749
2 3750 3791
2 3750 3792
2 3750 3724
2 3750 3817
2 4857 4819
2 4857 4817
2 4857 4816
2 4857 4853
2 4857 4818
2 4857 4856
2 4857 4855
2 3861 6086
2 3861 6085
2 3861 3842
2 3861 6098
2 3861 3841
2 3861 3840
2 3861 6084
2 5036 5029
2 5036 5031
2 5036 5058
2 5036 5030
2 5036 5032
2 4126 4127
2 4126 6094
2 4126 4123
2 4126 4124
2 4126 4125
2 3869 3870
2 3869 3856
2 3869 3855
2 3869 3924
2 3869 3923
2 3922 3869
2 3869 3925
2 6096 5000
2 6096 6079
2 6096 4999
2 6096 6078
2 6096 4944
2 6096 4943
2 6096 6077
2 4817 4816
2 4817 4819
2 4817 4814
2 4817 4818
2 4817 4813
2 4817 6099
2 4852 4817
2 3856 3855
2 3856 3868
2 3856 3870
2 3856 3851
2 3856 3867
2 3856 3924
2 3751 3682
2 3751 3721
2 3751 3681
2 3751 3722
2 3751 3724
2 3751 3680
2 3751 3661
2 5031 5029
2 5031 5032
2 5031 5030
2 5031 5033
2 5031 5034
2 5031 5019
2 4124 4125
2 4124 4123
2 4124 4128
2 4124 4129
2 4124 4130
2 4124 4122
2 4124 6100
2 4128 4130
2 4128 4125
2 4128 4123
2 4128 6100
2 4128 6101
2 4128 6102
2 4814 6099
2 4814 4815
2 4814 4816
2 4814 4775
2 4857 4814
2 4814 4819
2 5032 5019
2 5032 5029
2 5032 5018
2 5032 5013
2 3680 3661
2 3680 3659
2 3680 1919
2 3680 3681
2 3680 3682
2 1918 3680
2 1919 3659
2 1919 1917
2 1919 3661
2 4815 6099
2 4815 4775
2 4815 4816
2 4815 6103
2 4817 4815
2 4815 4772
2 5227 5154
2 5227 5153
2 5227 5193
2 5227 5152
2 5227 5138
2 5018 5033
2 5018 5013
2 5018 5017
2 5018 5034
2 5018 5012
2 5018 5030
2 3842 3841
2 3842 3840
2 3842 1923
2 3842 6087
2 3842 1921
2 3842 6086
2 6104 3786
2 6104 3784
2 6104 3854
2 3779 6104
2 6104 3778
2 6101 4129
2 6101 6105
2 6101 3969
2 6101 4125
2 4124 6101
2 5013 5012
2 5013 5019
2 5013 5015
2 5013 5014
2 5013 5016
2 5013 5034
2 3777 3776
2 3777 3759
2 3777 3740
2 3777 3784
2 3777 3786
2 6105 6102
2 6105 6100
2 6105 4130
2 6105 4129
2 4128 6105
2 6105 3921
2 6105 4125
2 5154 5152
2 5154 5136
2 5154 5108
2 5015 5017
2 5015 5012
2 5015 5020
2 5015 4964
2 5018 5015
2 3737 3739
2 3737 3708
2 3737 3707
2 3737 3740
2 3737 3706
2 3737 3759
2 3706 3708
2 3706 3707
2 3706 3705
2 3706 3741
2 3706 3739
2 4944 4943
2 4944 5000
2 4944 4942
2 4944 5001
2 4944 4940
2 6080 4944
2 4773 4774
2 4773 4757
2 4773 6103
2 4773 4772
2 4773 4754
2 4773 4755
2 4773 4745
2 4773 4775
2 3741 3707
2 3741 3692
2 3741 3708
2 3737 3741
2 3674 3741
2 3692 3675
2 3692 3673
2 3692 3705
2 3692 3649
2 3648 3692
2 3692 3647
2 5020 5016
2 5020 4962
2 5020 5014
2 5020 4961
2 5020 4960
2 5020 5017
2 4754 4774
2 4754 4757
2 4754 4772
2 4754 6103
2 5136 5108
2 4962 4964
2 4962 4960
2 4962 6106
2 4962 4954
2 4962 4955
2 4962 5016
2 3673 3675
2 3673 3649
2 3673 3647
2 3673 3638
2 3673 3637
2 3647 3649
2 3647 3637
2 3647 3675
2 3647 3636
2 6106 4961
2 6106 4954
2 6106 4955
2 6106 4963
2 6106 4964
2 6106 4915
2 3636 3623
2 3636 3638
2 3636 3622
2 3636 3620
2 3636 3649
2 2972 1921
2 2972 1923
2 2972 3840
2 2972 3841
2 2972 1926
2 3623 3622
2 3623 3637
2 3623 3638
2 3623 3599
2 5108 5138
2 5108 5152
2 5108 5105
2 5108 5153
2 4954 4963
2 4954 4955
2 4954 4915
2 4954 4960
2 4954 4913
2 4954 4961
2 4741 6107
2 4741 4702
2 4741 4745
2 3585 3599
2 3585 3582
2 3585 3581
2 3585 3584
2 3585 3580
2 3585 3574
2 4915 4963
2 4915 4904
2 4915 4955
2 4915 4957
2 3580 3581
2 3580 3574
2 3580 3582
2 3580 3584
2 3580 3573
2 6107 4702
2 6107 4742
2 6107 4700
2 6107 4699
2 3803 3775
2 3803 3735
2 3803 3734
2 3733 3803
2 3803 3825
2 3803 3732
2 3803 3826
2 3775 3735
2 3775 3734
2 3775 3732
2 3691 3775
2 3775 3825
2 4904 4957
2 4904 4901
2 4904 4963
2 4904 4888
2 3533 3532
2 3533 3542
2 3533 3529
2 3533 3545
2 3533 3530
2 3533 3543
2 4702 4700
2 4702 4699
2 4702 4677
2 4702 4676
2 3530 3529
2 3530 3543
2 3530 3532
2 3530 3542
2 3530 3528
2 3530 3344
2 3688 3689
2 3688 3773
2 3688 3732
2 3733 3688
2 3688 3734
2 3688 3619
2 4957 4888
2 4957 4913
2 3240 3238
2 3240 3237
2 3240 3619
2 3240 1894
2 1923 3840
2 1923 3841
2 1924 1923
2 3840 1921
2 1920 3840
2 6108 3659
2 6108 1917
2 1916 6108
2 1914 6108
2 6086 6085
2 6086 6098
2 6086 6074
2 6086 6084
2 6086 3841
2 3722 3724
2 3722 3682
2 3722 3681
2 3722 3748
2 3722 3749
2 6085 6087
2 6085 6098
2 6085 6074
2 6085 6084
2 3842 6085
2 6085 6073
2 4903 4862
2 4903 4900
2 4903 4860
2 4903 6109
2 4903 4861
2 4903 4888
2 4903 4843
2 3748 3724
2 3748 3791
2 3748 3792
2 3789 3748
2 3792 3791
2 3792 3817
2 3792 3790
2 3792 3793
2 3792 3749
2 4860 4862
2 4860 4843
2 4860 4900
2 4860 6109
2 3793 3796
2 3793 3817
2 3793 3791
2 6098 6074
2 6098 6084
2 6098 6073
2 6098 6087
2 6098 6067
2 4701 4633
2 4701 4632
2 4630 4701
2 4701 4629
2 5069 6110
2 5069 5072
2 5069 5074
2 5069 5070
2 5069 5135
2 5069 5071
2 3819 3796
2 3819 3835
2 3819 6088
2 3793 3819
2 4838 4835
2 4838 4839
2 4838 4834
2 4838 4843
2 6088 3893
2 6088 3820
2 6088 3888
2 3816 6088
2 6074 6073
2 6074 6067
2 6074 4379
2 6074 4378
2 6074 4377
2 4633 4632
2 4633 4629
2 4633 4631
2 4633 4655
2 4633 4627
2 3888 3886
2 3888 3893
2 3888 3892
2 3894 3950
2 4835 4834
2 4835 6111
2 4835 4837
2 4835 4839
2 4835 4797
2 6067 4378
2 6067 4377
2 6067 4375
2 6067 6084
2 4629 4627
2 4629 4631
2 4629 6112
2 3950 3949
2 3950 3951
2 3950 3967
2 4378 4377
2 4378 4375
2 4378 6073
2 4378 6065
2 4627 6112
2 4627 4632
2 4627 4620
2 3951 3949
2 3951 3989
2 3951 3988
2 3237 1894
2 3237 3241
2 3237 6113
2 3237 3619
2 5070 5071
2 5070 5073
2 5070 6110
2 5070 5068
2 5070 4992
2 5070 4969
2 5070 5072
2 6112 4618
2 6112 4617
2 6112 4580
2 4579 6112
2 5071 5073
2 5071 4992
2 5071 6110
2 5071 4969
2 5071 5068
2 5071 4968
2 4796 4797
2 4796 4794
2 4796 4793
2 4796 4766
2 4796 4767
2 4796 6111
2 4786 4825
2 4786 4732
2 4786 4731
2 4786 4826
2 4786 4686
2 4786 4940
2 4617 4580
2 4617 4577
2 4617 4619
2 4617 4576
2 4375 4377
2 4375 6065
2 4375 4379
2 3989 3988
2 3989 3991
2 3989 3967
2 3989 3992
2 4766 4767
2 4766 4792
2 4766 4797
2 4766 4795
2 4766 4794
2 6113 1894
2 6065 4373
2 6065 4374
2 6065 4377
2 6065 4379
2 4619 4577
2 4619 4575
2 4619 4574
2 4619 4580
2 4619 4620
2 3992 4006
2 3992 3991
2 3992 4050
2 3992 3988
2 3992 4048
2 4050 4048
2 4050 4006
2 4050 6064
2 4050 4074
2 4795 4793
2 4795 4767
2 4795 4764
2 4795 4758
2 4796 4795
2 4374 6055
2 4374 6053
2 4375 4374
2 4376 4374
2 4074 4048
2 4074 4061
2 4574 4578
2 4574 4541
2 4574 4576
2 4574 4577
2 4574 6114
2 4579 4574
2 3690 3689
2 3690 3773
2 3690 3732
2 3690 3734
2 3690 3735
2 4061 4051
2 4061 4076
2 4061 4087
2 4969 4992
2 4969 4968
2 4969 5073
2 4969 4990
2 4969 4991
2 6055 6053
2 6055 4597
2 6055 4373
2 4371 6055
2 6065 6055
2 4372 6055
2 4749 4758
2 4749 4764
2 4749 4747
2 4749 4759
2 4749 4735
2 4749 4746
2 4749 4734
2 4089 4163
2 4089 4076
2 4089 4114
2 4089 4087
2 4089 4115
2 4076 4087
2 4076 4088
2 4076 4062
2 4076 4163
2 4825 4732
2 4685 4825
2 4825 4684
2 4825 4826
2 6114 4541
2 6114 4532
2 6114 4578
2 6114 4530
2 3734 3732
2 3734 3735
2 3734 3773
2 3734 3689
2 4597 4594
2 4597 4593
2 4597 4591
2 4374 4597
2 4597 4590
2 4968 4990
2 4968 4991
2 4968 4992
2 4968 5073
2 4968 4911
2 4968 4891
2 4759 4746
2 4759 4734
2 4759 4747
2 4759 4758
2 4759 4764
2 4114 4088
2 4114 4159
2 4114 4161
2 4732 4684
2 4682 4732
2 4532 4539
2 4532 4504
2 4532 4540
2 4532 4502
2 4194 4188
2 4194 4161
2 4194 4196
2 4194 4197
2 4194 4159
2 4161 4159
2 4161 4188
2 4161 4116
2 4734 4735
2 4734 4720
2 4734 4747
2 4593 4590
2 4593 6053
2 4593 4592
2 4504 4502
2 4504 4530
2 4504 4501
2 4504 4499
2 4504 4531
2 4504 4539
2 4197 4196
2 4197 4213
2 4197 4188
2 4197 4225
2 3826 3916
2 3826 3914
2 4990 4991
2 4990 4911
2 4990 4891
2 4990 4890
2 4889 4990
2 3825 3917
2 3825 3916
2 3825 3914
2 3913 3825
2 4590 4592
2 4590 6053
2 4501 4502
2 4501 4499
2 4501 4487
2 4501 4500
2 4501 4498
2 4501 4530
2 4227 4225
2 4227 6115
2 4227 6116
2 4227 4213
2 4225 4213
2 4225 4226
2 4225 6115
2 4225 6116
2 4991 4911
2 4991 4891
2 4991 4890
2 4889 4991
2 3917 3914
2 4708 4706
2 4708 4696
2 4708 4720
2 4708 4694
2 4708 4693
2 4668 4708
2 3529 3543
2 3529 3532
2 3529 3528
2 3529 3542
2 3529 3344
2 4289 6051
2 4911 4891
2 4911 4890
2 4874 4911
2 4911 4875
2 4911 4873
2 4480 4481
2 4480 4468
2 4480 4479
2 4480 4488
2 4480 4500
2 4480 4498
2 4480 4461
2 6116 6115
2 6116 4226
2 6116 4257
2 4271 6116
2 4272 6116
2 4890 4875
2 4890 4873
2 4890 4851
2 4468 4479
2 4468 4488
2 4468 4467
2 4468 4461
2 4468 4481
2 4468 4459
2 3545 3542
2 3545 3551
2 3545 3532
2 3545 3553
2 3545 3554
2 4693 4694
2 4693 4643
2 4693 4642
2 4693 4641
2 4693 4640
2 4639 4693
2 4693 4706
2 4291 4290
2 4291 4273
2 4291 4313
2 4291 4257
2 4643 4642
2 4643 4640
2 4643 4694
2 4643 4637
2 4643 4638
2 4273 4257
2 4273 4290
2 3558 3571
2 3558 3554
2 3558 3573
2 3558 3553
2 3558 3574
2 3558 3551
2 4684 4683
2 4684 4588
2 4684 4587
2 4684 4686
2 4684 4731
2 4459 4461
2 4459 4432
2 4459 4479
2 4459 4488
2 4327 4313
2 4291 4327
2 4327 4290
2 4851 4875
2 4851 4849
2 4851 4847
2 4851 4845
2 3574 3573
2 3574 3581
2 3574 3582
2 3574 3571
2 4344 4343
2 4344 4353
2 4344 4356
2 3599 3584
2 3599 3582
2 3599 3581
2 3599 3620
2 3580 3599
2 3582 3581
2 3582 3584
2 4847 4845
2 4847 4875
2 4847 4876
2 4403 4356
2 4403 4400
2 4354 4403
2 4403 4402
2 4403 4353
2 4356 4353
2 4356 4381
2 4342 4356
2 4431 4462
2 4431 4434
2 4431 4415
2 4431 4416
2 4431 4414
2 4397 4431
2 3620 3622
2 3620 3637
2 3646 3620
2 3620 3638
2 4681 4679
2 4681 4678
2 4681 4598
2 4681 4592
2 4589 4681
2 4590 4681
2 4681 6117
2 4406 4402
2 4406 4425
2 4406 4448
2 4406 4400
2 4402 4400
2 4402 4381
2 4380 4402
2 4415 4414
2 4415 4416
2 4415 4398
2 4415 4462
2 4415 4417
2 4415 4434
2 3649 3638
2 3649 3675
2 3637 3638
2 3637 3622
2 6118 4845
2 6118 4850
2 4847 6118
2 6118 4849
2 6118 6119
2 4848 6118
2 6026 4425
2 6026 4450
2 4406 6026
2 4394 4366
2 4394 4417
2 4394 4365
2 4394 4393
2 4394 4396
2 4363 4394
2 4394 6120
2 4425 4448
2 4425 4450
2 4130 6100
2 4130 4125
2 4130 4123
2 4130 6102
2 6119 4846
2 6119 6121
2 6119 4876
2 4844 6119
2 6119 4845
2 6119 6122
2 4588 4542
2 4519 4588
2 4588 4518
2 3675 3638
2 3637 3675
2 6123 4850
2 6123 4846
2 6123 6122
2 6118 6123
2 6123 4876
2 4844 6123
2 6123 4845
2 4602 4604
2 4602 4545
2 4602 6124
2 6020 6021
2 6020 6019
2 6120 4365
2 6120 4367
2 6120 4396
2 6120 4364
2 6120 4368
2 6120 4366
2 6120 4369
2 4123 4129
2 4123 4122
2 4123 6100
2 3705 3708
2 3705 3707
2 3737 3705
2 3674 3705
2 4603 4545
2 4603 4569
2 4603 4601
2 4603 4600
2 4603 6125
2 4603 4604
2 6019 4496
2 4367 4369
2 4367 4364
2 4367 4365
2 4367 4396
2 4367 4330
2 4367 4329
2 3739 3740
2 3739 3759
2 3739 3708
2 3739 3707
2 3708 3707
2 3708 3740
2 6015 6014
2 6015 4553
2 6125 4535
2 6125 4545
2 6125 4523
2 6125 4522
2 4127 4122
2 4127 6094
2 4123 4127
2 4124 4127
2 4127 4203
2 4325 4329
2 4325 4323
2 4325 4306
2 4325 4369
2 4325 4368
2 4367 4325
2 3778 3776
2 3778 3759
2 3778 3784
2 3778 3786
2 3778 3740
2 3759 3740
2 3759 3776
2 4534 4523
2 4550 4549
2 4550 4553
2 4550 4548
2 4550 4551
2 4550 4555
2 4553 6014
2 4553 4548
2 4553 4549
2 4323 4306
2 4323 4304
2 4323 4329
2 4323 4301
2 4323 4300
2 4323 4303
2 6094 4203
2 6094 4205
2 6094 4277
2 6094 4122
2 3786 3784
2 3786 3805
2 3786 3806
2 3786 3776
2 4542 4518
2 4542 4516
2 4542 4515
2 4542 4544
2 4542 4514
2 4423 4542
2 4721 4723
2 4721 6126
2 4721 4697
2 4721 4671
2 4721 6122
2 4721 4670
2 4721 4669
2 6127 6128
2 6127 5056
2 6127 5053
2 5050 6127
2 6127 5132
2 5076 6127
2 6127 5051
2 5052 6127
2 4302 4301
2 4302 4300
2 4302 4258
2 4302 4304
2 4305 4302
2 4302 4307
2 4302 6129
2 4555 4548
2 4555 4572
2 4549 4548
2 4549 4570
2 4549 4551
2 4516 4515
2 4516 4518
2 4516 4544
2 4516 4514
2 4484 4524
2 4484 4483
2 4484 4485
2 4484 4474
2 4484 4473
2 4484 4471
2 4484 4470
2 4484 4469
2 4203 4205
2 4203 4277
2 4203 6095
2 4203 4318
2 4317 4203
2 3854 3867
2 3854 3805
2 3854 3851
2 3786 3854
2 4515 4544
2 4515 4514
2 4515 4518
2 4515 4422
2 4697 4671
2 4697 4722
2 4697 4646
2 4697 4723
2 4473 4474
2 4473 4470
2 4473 4469
2 4473 4471
2 4473 4483
2 4473 4524
2 3806 3784
2 3806 3867
2 4614 4624
2 4614 4572
2 4614 4570
2 4555 4614
2 4572 4570
2 4572 4624
2 4669 4646
2 4669 4644
2 4469 4474
2 4469 4471
2 4469 4483
2 4463 4470
2 4463 4439
2 4463 4438
2 4473 4463
2 4463 4437
2 4463 4474
2 4277 4205
2 4277 4318
2 3867 3851
2 3867 3853
2 3867 3855
2 3867 3805
2 4242 4245
2 4242 4236
2 4242 4240
2 4242 4217
2 4242 4238
2 5053 5056
2 5053 6128
2 5053 5132
2 5053 6117
2 5053 5051
2 5052 5053
2 4626 4658
2 4626 4659
2 4626 4662
2 4626 4616
2 4318 4205
2 4318 4279
2 4244 4217
2 4244 4215
2 4244 4216
2 4244 4239
2 4244 4236
2 3868 3870
2 3868 3855
2 3868 3924
2 3868 3923
2 3922 3868
2 3868 3851
2 4662 4659
2 4662 4658
2 4662 4672
2 4662 4673
2 4646 4608
2 4646 4670
2 4646 4607
2 4437 4438
2 4437 4435
2 4437 4428
2 4437 4440
2 4217 4215
2 4217 4200
2 4217 4245
2 4217 4199
2 3925 3927
2 3925 3929
2 3925 3923
2 3925 3924
2 3925 3941
2 3924 3923
2 3924 3870
2 3926 3924
2 3924 3927
2 3928 3924
2 4421 4422
2 4421 4419
2 4421 4514
2 4421 4544
2 4421 6130
2 4515 4421
2 4673 4714
2 4673 4672
2 4710 4673
2 4673 4712
2 4673 4713
2 4673 4724
2 4440 4426
2 4440 4436
2 4440 4428
2 4440 4427
2 4440 4387
2 4440 4435
2 4320 6071
2 4317 4320
2 4320 6070
2 4318 4320
2 3941 3942
2 3941 3929
2 3941 3927
2 3941 3982
2 3941 3984
2 4608 4606
2 4608 4559
2 4608 4558
2 4647 4608
2 4426 4385
2 4426 4384
2 4426 4436
2 4426 4428
2 3927 3929
2 3927 3923
2 3927 3942
2 4385 4384
2 4385 4427
2 4385 4383
2 4385 4348
2 5051 5132
2 5051 5055
2 5051 5077
2 4725 4716
2 4725 4713
2 4725 4727
2 4725 4737
2 4711 4725
2 4157 4156
2 4157 4154
2 4157 4183
2 4157 4152
2 4157 4153
2 4713 4724
2 4713 4716
2 4713 4712
2 4713 4714
2 3999 3978
2 3999 3979
2 3999 3982
2 3999 3984
2 3999 3996
2 4606 4607
2 4645 4606
2 4646 4606
2 3982 3978
2 3982 3942
2 3982 3979
2 3980 3982
2 5055 5077
2 5055 5133
2 5055 5132
2 4120 4119
2 4120 4118
2 4120 4153
2 4120 4141
2 4120 4152
2 4120 4108
2 4750 4737
2 4750 4736
2 4750 4761
2 4726 4750
2 4737 4727
2 4737 4739
2 4752 4737
2 4717 4737
2 6070 4279
2 6070 4513
2 6070 4511
2 6075 6070
2 4118 4119
2 4118 4108
2 4118 4153
2 4118 4107
2 4118 4106
2 3996 3985
2 3996 3979
2 3996 4012
2 3996 4011
2 3981 3979
2 3981 3985
2 3981 3978
2 4332 4333
2 4332 4386
2 4332 4316
2 4332 4315
2 4332 4314
2 5077 5133
2 5077 5160
2 5077 5162
2 4763 4753
2 4763 4769
2 4763 4761
2 4763 4789
2 4753 4739
2 4753 4768
2 4107 4100
2 4107 4108
2 4107 4099
2 4107 4098
2 4107 4096
2 4107 4086
2 4012 3985
2 4012 4057
2 5133 5162
2 5133 5320
2 4528 4492
2 4528 4491
2 4489 4528
2 4528 4527
2 4528 4490
2 4315 4314
2 4315 4287
2 4315 4316
2 4315 4288
2 4315 4285
2 4099 4100
2 4099 4098
2 4099 4108
2 4789 4769
2 4789 4788
2 4789 4768
2 4769 4768
2 4769 4788
2 4769 4791
2 4287 4314
2 4287 4285
2 4287 4316
2 4287 4269
2 4057 4038
2 4057 4067
2 4057 4058
2 4086 4100
2 4086 6131
2 4086 4106
2 5162 5320
2 5162 5315
2 5314 5162
2 5055 5162
2 4824 4811
2 4824 4791
2 4824 4868
2 4824 4864
2 4285 4314
2 4285 4288
2 4285 4265
2 4285 4316
2 4811 4788
2 4510 4509
2 4510 4506
2 4510 4525
2 4492 4491
2 4492 4527
2 4492 4490
2 4492 4477
2 4492 4476
2 4492 4529
2 4269 4265
2 4269 4255
2 4269 4252
2 4269 4288
2 4269 4314
2 4067 4058
2 4067 4068
2 4067 4069
2 6131 4084
2 6131 6132
2 6131 6133
2 6131 4044
2 6131 4096
2 6131 4043
2 4038 4058
2 4038 4059
2 5315 5368
2 5133 5315
2 5316 5315
2 5315 5317
2 6132 4084
2 6132 4043
2 6132 4042
2 6132 6134
2 4085 6132
2 4899 4864
2 4899 4878
2 4899 4877
2 4864 4878
2 4864 4868
2 4869 4864
2 4527 4477
2 4527 4476
2 4527 4491
2 4527 4475
2 4527 4466
2 4252 4255
2 4252 4266
2 4252 4268
2 4069 4135
2 4069 4092
2 4069 4091
2 4069 4058
2 4880 4895
2 4880 4877
2 4880 4908
2 4042 4043
2 4042 6134
2 4042 6133
2 4042 4044
2 4042 4084
2 4042 4040
2 4506 4509
2 4506 4512
2 4506 4511
2 4092 4091
2 4092 4135
2 4092 4068
2 4092 4131
2 4092 4132
2 4266 4268
2 4266 6135
2 4266 4255
2 4266 4254
2 4266 4253
2 5368 5317
2 5368 5318
2 5368 5321
2 5368 5322
2 4917 4910
2 4917 4946
2 4917 4945
2 4917 4947
2 6135 4254
2 6135 4253
2 6135 6136
2 6135 4222
2 6135 4250
2 6135 6137
2 4910 4918
2 4910 4895
2 4512 6056
2 4512 4581
2 4512 4525
2 4508 4512
2 4512 4509
2 4040 4005
2 4040 6134
2 4040 4003
2 4001 4040
2 4040 4002
2 4132 4131
2 4132 4178
2 4132 4179
2 4180 4132
2 4132 4181
2 5322 5318
2 5322 5370
2 4446 4444
2 4446 6138
2 4446 4443
2 4446 4466
2 4446 4411
2 4446 4410
2 6136 4253
2 6136 4221
2 6136 6139
2 6136 4268
2 4211 6136
2 5318 5370
2 4018 4002
2 4018 4003
2 4018 4019
2 4976 4998
2 4976 4946
2 4976 4977
2 4976 4945
2 4946 4947
2 4946 4918
2 4946 4998
2 6137 4223
2 4507 6056
2 6056 4525
2 4506 6056
2 6056 4583
2 6056 6049
2 4206 4181
2 4206 4179
2 4206 4209
2 4206 4220
2 4206 4178
2 4002 4019
2 4002 3972
2 4002 4005
2 4002 4020
2 4179 4178
2 4208 4179
2 5370 5321
2 5370 5317
2 5370 5546
2 5370 5544
2 4411 4409
2 4411 4410
2 4411 4392
2 4411 4444
2 4411 4351
2 6139 4224
2 6139 4189
2 4996 4977
2 4996 6001
2 4974 4996
2 4996 5037
2 3972 4000
2 3972 4019
2 3972 4003
2 3972 4005
2 4018 3972
2 3972 4020
2 4977 4998
2 4977 4997
2 4977 4947
2 4392 4351
2 4392 4444
2 4445 4392
2 4224 4189
2 4224 4176
2 4175 4224
2 4220 4209
2 6001 5037
2 6001 4997
2 6001 5027
2 4979 6001
2 4978 6001
2 6063 4282
2 6063 4260
2 4220 6063
2 5546 5541
2 5542 5546
2 5322 5546
2 5546 5321
2 4172 4173
2 4172 4174
2 4172 4176
2 4172 4190
2 4172 4189
2 4172 4177
2 4224 4172
2 5040 5041
2 5040 5080
2 5102 5040
2 4583 6049
2 4583 6048
2 4583 4581
2 4583 4783
2 4583 4782
2 4169 4186
2 4169 4248
2 4169 4165
2 4169 4309
2 4260 4263
2 4260 4283
2 5104 5080
2 5104 5166
2 5104 5119
2 5104 5079
2 3954 3932
2 3954 3931
2 3954 3933
2 3954 3906
2 3954 3955
2 5080 5079
2 5080 5103
2 5080 5041
2 4283 4263
2 4283 4297
2 5180 5166
2 5180 5119
2 5104 5180
2 5180 5103
2 5166 5103
2 5166 5178
2 5102 5166
2 5081 5166
2 3932 3953
2 3932 3906
2 3932 3933
2 3932 3955
2 3932 3952
2 4336 4335
2 4336 4391
2 4336 4351
2 4392 4336
2 4321 4297
2 4321 4361
2 4283 4321
2 4321 4339
2 4281 4321
2 4248 4165
2 4248 4166
2 4248 4170
2 4248 4186
2 4248 4071
2 3906 3931
2 3906 3904
2 3906 3953
2 3906 3933
2 3906 3934
2 4137 4138
2 4137 4136
2 4137 4190
2 4137 4174
2 4105 4137
2 5545 5541
2 5545 5547
2 5545 5584
2 5168 5181
2 5168 5182
2 5168 5178
2 3904 3934
2 3904 3955
2 3904 3877
2 3904 3931
2 3904 3876
2 3932 3904
2 4391 4334
2 4350 4391
2 4391 4351
2 3877 3866
2 3877 3934
2 3877 3865
2 3877 3848
2 3877 3847
2 4783 4779
2 4783 4778
2 4783 4777
2 4783 6048
2 6027 4783
2 4780 4783
2 4357 4358
2 4357 4339
2 4357 4362
2 4357 4361
2 4322 4357
2 4388 4357
2 5547 5543
2 5547 5634
2 5547 5635
2 5547 5541
2 5196 5181
2 5196 5182
2 5196 5169
2 5168 5196
2 5181 5169
2 3847 3848
2 3847 3845
2 3847 3866
2 3847 3863
2 4778 4782
2 4362 4358
2 4362 4339
2 5635 5637
2 5545 5635
2 5235 5256
2 5235 5269
2 5235 5237
2 4071 4166
2 4071 4165
2 4071 4055
2 4338 4295
2 4338 4234
2 4338 4233
2 4338 4232
2 4079 4082
2 4079 4077
2 4079 4080
2 4079 4103
2 4079 4066
2 4079 6140
2 4079 4063
2 4101 4079
2 5256 5269
2 5256 5237
2 5196 5256
2 6058 6050
2 6058 6046
2 3833 3830
2 3833 3828
2 3833 3827
2 3833 6141
2 3833 3801
2 3833 3829
2 5637 5634
2 5637 5584
2 5637 5793
2 5547 5637
2 5983 5237
2 5236 5983
2 5983 6142
2 5234 5983
2 4078 4063
2 4078 4066
2 4078 4032
2 4078 4077
2 4078 4031
2 4079 4078
2 3828 3827
2 3828 3801
2 3828 3849
2 3828 3832
2 3828 3829
2 3828 3831
2 5237 5257
2 5237 6143
2 4456 6050
2 6058 4456
2 4456 4412
2 4233 4295
2 4233 4230
2 4233 4229
2 4233 4294
2 6050 4412
2 6050 4390
2 3829 3801
2 3829 3830
2 3829 3827
2 3829 3781
2 4031 4032
2 4031 4064
2 4031 4025
2 4031 4024
2 4031 4023
2 4031 4081
2 5982 5372
2 5982 5348
2 5982 6143
2 5351 5982
2 6142 6143
2 5268 6142
2 5267 6142
2 6142 5257
2 6144 3962
2 6144 3961
2 4071 6144
2 3783 3781
2 3783 3780
2 3783 3831
2 3783 3801
2 3783 3762
2 3783 3782
2 4938 4821
2 4938 4933
2 4938 4931
2 4938 4820
2 4784 4938
2 4938 4932
2 4229 4230
2 4229 4232
2 4229 4193
2 4229 4234
2 4229 4192
2 4229 4295
2 4274 4229
2 4024 4064
2 4024 4021
2 4024 4032
2 4024 4009
2 3780 3782
2 3780 3762
2 3780 3747
2 3780 3746
2 3780 3745
2 6041 6042
2 6041 6038
2 6041 6037
2 4456 6041
2 4455 6041
2 5959 5960
2 5959 5790
2 5959 5791
2 5959 5793
2 5637 5959
2 3747 3782
2 3747 3745
2 3747 3762
2 3747 3744
2 3747 3781
2 5960 5791
2 5637 5960
2 5374 5348
2 5374 5386
2 5374 5375
2 5374 5350
2 5398 5374
2 4022 3976
2 4022 4009
2 4022 4021
2 4024 4022
2 4022 3973
2 4022 4025
2 5348 5350
2 5373 5348
2 5385 5348
2 5348 5375
2 4936 4931
2 4937 4931
2 4931 4939
2 3745 3782
2 3745 3762
2 6037 6035
2 6037 6039
2 6037 4566
2 6037 6042
2 5386 5375
2 5386 5410
2 3976 3973
2 3976 3975
2 3976 4009
2 3976 3974
2 4566 4564
2 4566 6039
2 4566 6035
2 4566 4561
2 4566 4584
2 6035 4564
2 6035 6038
2 6035 4561
2 4560 6035
2 5429 5427
2 5429 5413
2 5429 5966
2 5429 5967
2 5429 5410
2 5429 5481
2 3975 3974
2 3975 3973
2 3975 3964
2 3975 3963
2 4022 3975
2 5427 5413
2 5427 5410
2 5427 5428
2 5397 5427
2 5386 5427
2 4939 4966
2 4939 6010
2 4939 5002
2 3962 3959
2 3962 6145
2 3962 6146
2 3962 4053
2 4584 4562
2 4584 4561
2 4584 4565
2 4584 4567
2 4584 4564
2 5940 5939
2 5940 5936
2 5940 5935
2 5940 5791
2 5789 5940
2 5959 5940
2 5481 5966
2 5481 5967
2 5481 5484
2 5481 5428
2 4146 4145
2 4146 4149
2 4146 4144
2 4146 6147
2 4146 4148
2 4146 4231
2 3938 3910
2 3938 3909
2 3938 3964
2 3938 3884
2 3938 3963
2 5966 5428
2 5427 5966
2 5966 5413
2 5412 5966
2 6010 5142
2 6010 4949
2 6010 5140
2 6145 3959
2 6145 3960
2 6145 6148
2 6145 3961
2 6145 3957
2 6145 3958
2 4145 4144
2 4145 6147
2 4145 4147
2 4145 4148
2 4145 4149
2 4145 4150
2 3910 3884
2 3910 3909
2 3910 3912
2 3910 3882
2 3910 6149
2 4586 4611
2 4586 4565
2 4586 4562
2 4565 4562
2 6146 6148
2 6146 3957
2 6146 3958
2 6146 3959
2 6146 3960
2 6146 3961
2 6147 4148
2 6147 4147
2 6147 4150
2 6147 4149
2 4151 6147
2 3884 3882
2 3884 6149
2 3884 3909
2 3884 3912
2 3884 3880
2 5939 5935
2 5939 5795
2 5939 5934
2 5794 5939
2 5939 5937
2 5939 5938
2 5510 5549
2 5510 5551
2 5482 5510
2 3717 3715
2 3717 6150
2 3717 6151
2 3717 3713
2 3717 3711
2 5142 5189
2 5142 5002
2 5142 4966
2 4965 5142
2 4649 4611
2 4148 4150
2 4148 4144
2 4148 4147
2 4148 6152
2 4148 4149
2 6149 3880
2 6149 3881
2 6149 3873
2 6149 3872
2 5935 5934
2 5935 5937
2 5935 5938
2 5935 5795
2 5794 5935
2 5552 5640
2 5510 5552
2 6151 3668
2 6151 3716
2 6151 3719
2 6151 3665
2 6151 3664
2 5485 5549
2 5549 5484
2 5189 5185
2 5189 5140
2 5189 5003
2 5189 5141
2 5189 5002
2 3880 3881
2 3880 3873
2 3880 3882
2 3880 3872
2 3880 3871
2 4665 4688
2 4689 4665
2 4664 4665
2 3668 3665
2 3668 3664
2 3668 3666
2 3668 6150
2 3668 3663
2 3668 3667
2 5934 5937
2 5934 5938
2 5934 5936
2 5934 5870
2 5934 5838
2 5940 5934
2 5638 5614
2 5638 5616
2 5638 5617
2 3872 3871
2 3872 3859
2 3872 3881
2 3872 3858
2 3666 3667
2 3666 3665
2 3666 3664
2 3666 3663
2 3666 3645
2 3666 3669
2 3666 3670
2 5640 5614
2 5640 6153
2 5615 5640
2 5185 5141
2 5185 5144
2 5185 5140
2 5142 5185
2 5185 5003
2 3859 3871
2 3859 3875
2 3859 3874
2 3859 3873
2 3859 3837
2 4690 4691
2 4690 4705
2 4688 4703
2 3669 6154
2 3669 3667
2 3669 3663
2 5937 5870
2 5937 5838
2 5937 5936
2 5937 5837
2 5617 5614
2 3837 3843
2 3837 6155
2 3860 3837
2 5141 5144
2 5141 5188
2 5141 5140
2 6154 3631
2 6154 3632
2 6154 3667
2 6154 3663
2 6009 4705
2 6009 4808
2 4692 6009
2 6009 4691
2 4690 6009
2 4705 4691
2 4688 4705
2 3838 3809
2 3838 3958
2 3838 3808
2 3838 3957
2 3838 6148
2 3838 3839
2 3956 3838
2 5663 5710
2 5663 5646
2 5663 5686
2 5639 5663
2 6155 3824
2 6155 3822
2 5144 5188
2 5144 5190
2 5144 5290
2 5289 5144
2 4808 4804
2 4808 4803
2 4719 4808
2 4705 4808
2 4808 4800
2 3631 3618
2 3631 3617
2 3631 3616
2 3631 3613
2 5688 5686
2 5688 5711
2 5688 5710
2 5688 5751
2 3617 3618
2 3617 3613
2 3617 3632
2 3617 3612
2 3617 3611
2 6156 6157
2 6156 4026
2 6156 4017
2 6156 6158
2 6156 6159
2 6156 4016
2 4015 6156
2 5686 5710
2 5686 5712
2 5686 5711
2 3612 3611
2 3612 3613
2 3612 3616
2 3612 3615
2 3612 3598
2 3612 3618
2 5188 5291
2 5185 5188
2 4803 4800
2 4803 4802
2 4728 4803
2 4805 4803
2 3615 3611
2 3615 3597
2 3615 3596
2 3615 3613
2 5837 5838
2 5837 5835
2 5837 5787
2 5837 5870
2 5837 5783
2 5837 5938
2 3769 3787
2 3769 3767
2 3769 3768
2 3769 3821
2 3769 3822
2 3769 6160
2 5751 5750
2 5751 5752
2 5712 5930
2 3596 3589
2 3596 3588
2 3596 3614
2 3596 3587
2 3596 3611
2 5190 5291
2 5190 5292
2 5190 5293
2 5294 5190
2 3768 6160
2 3768 3787
2 3768 3765
2 3768 3764
2 5787 5783
2 5787 5834
2 5787 5838
2 3589 3588
2 3589 3587
2 3589 3597
2 3589 3569
2 3589 3568
2 3589 3567
2 5806 5797
2 5806 5886
2 5752 5753
2 4013 4027
2 4013 4017
2 4013 4016
2 4013 4026
2 4013 6161
2 3994 4013
2 6160 3765
2 6160 3787
2 3788 6160
2 4807 4802
2 5783 5834
2 5783 5835
2 5783 5781
2 3587 3588
2 3587 3568
2 3587 3569
2 3587 3567
2 3587 3564
2 3563 3587
2 3587 3566
2 5886 5797
2 5800 5797
2 3764 3731
2 3764 3729
2 3764 3730
2 5291 5293
2 5291 5295
2 5291 5290
2 5376 5291
2 5291 5377
2 4831 4829
2 4870 4831
2 4831 4871
2 3567 3566
2 3567 3565
2 3567 6162
2 5834 5781
2 5834 5835
2 5834 5782
2 5855 5853
2 5855 5857
2 5855 5852
2 5855 5867
2 6161 3948
2 6161 3947
2 3945 6161
2 3565 3566
2 3565 6162
2 3565 3564
2 3565 3568
2 3565 3526
2 3565 6163
2 3565 3569
2 5853 5852
2 5853 5857
2 5853 5808
2 5807 5853
2 5293 5377
2 5293 5378
2 5293 5379
2 3810 3813
2 3810 3814
2 3810 3839
2 3810 3808
2 3810 3809
2 3810 6164
2 3813 3814
2 3813 3839
2 3813 3808
2 3813 3809
2 3813 6164
2 3813 6165
2 4886 4872
2 4886 4871
2 4886 4907
2 4872 4871
2 4872 4885
2 3944 3901
2 3944 3903
2 3944 3948
2 3944 3946
2 3944 3897
2 3725 3704
2 3725 3730
2 3725 3703
2 3725 3727
2 3725 3726
2 5851 5867
2 5851 5857
2 5856 5851
2 5851 5827
2 5867 5866
2 5867 5857
2 5867 5869
2 5853 5867
2 3814 6164
2 3814 3839
2 3814 6165
2 3814 3808
2 3814 6166
2 5378 5377
2 5378 5379
2 5378 5295
2 5378 5380
2 5378 5292
2 4907 4952
2 4907 4885
2 4907 4988
2 3897 3901
2 3897 3903
2 3897 3943
2 3945 3897
2 3897 3947
2 3897 3946
2 3700 3701
2 3700 3704
2 3700 3703
2 3725 3700
2 3700 3684
2 3700 3727
2 5781 5786
2 5781 5788
2 5781 5997
2 5816 5827
2 5816 5815
2 5816 5803
2 3504 3502
2 3504 3525
2 3504 3501
2 3504 3515
2 3504 3514
2 3504 3500
2 3504 3494
2 5827 5850
2 5827 5869
2 5827 5815
2 5380 5379
2 5380 5377
2 5380 5518
2 5380 5517
2 3501 3502
2 3501 3494
2 3501 3491
2 3501 3492
2 3501 3525
2 4986 4988
2 4986 4953
2 4986 4981
2 4986 4912
2 4952 4988
2 4952 4912
2 4952 4953
2 4982 4952
2 5997 5782
2 5780 5997
2 5997 5597
2 5834 5997
2 3491 3494
2 3491 3492
2 3491 3490
2 3491 3477
2 3491 3500
2 3491 3502
2 5786 5782
2 5834 5786
2 5786 5597
2 6167 3898
2 6167 3899
2 6167 3902
2 3897 6167
2 6167 6168
2 6167 3901
2 3900 6167
2 3672 3671
2 3672 3655
2 3672 3654
2 5813 5803
2 5813 5931
2 5813 5932
2 5813 5815
2 5803 5812
2 5803 5815
2 5817 5803
2 3490 3477
2 3490 3473
2 3490 3494
2 3490 3492
2 3490 6169
2 3501 3490
2 5518 5491
2 5518 5492
2 4981 4953
2 4981 4984
2 4981 4988
2 3473 6169
2 3473 6170
2 3491 3473
2 3473 3471
2 3473 3494
2 5747 5744
2 5747 5769
2 5813 5747
2 3655 3654
2 3655 3656
2 3655 3671
2 3655 3651
2 3655 3653
2 3655 3652
2 5932 5748
2 5803 5932
2 5491 5492
2 5491 5517
2 5491 5520
2 6166 6171
2 6166 6172
2 6166 3576
2 6166 3575
2 3813 6166
2 5954 5769
2 5954 5744
2 5769 5744
2 5769 5728
2 5769 5748
2 3653 3652
2 3653 3654
2 3653 3651
2 3653 6173
2 3653 3656
2 3653 3671
2 5520 5492
2 5520 5571
2 6003 5048
2 6174 6171
2 6174 6164
2 6174 6172
2 6174 3576
2 6174 3575
2 3814 6174
2 6174 3812
2 3475 3476
2 3475 3472
2 3475 6175
2 3475 6176
2 3475 6177
2 3475 6170
2 3475 3471
2 3475 6178
2 5597 5595
2 5597 5618
2 5597 5529
2 5597 5528
2 5527 5597
2 5690 5691
2 5690 5717
2 5690 5720
2 5722 5690
2 6179 6180
2 6179 6181
2 6179 6182
2 6179 6168
2 6179 6183
2 6179 3902
2 6179 3799
2 3635 3634
2 3635 3633
2 3635 3652
2 3635 6184
2 3650 3635
2 3653 3635
2 5717 5691
2 5717 5728
2 6177 6178
2 6177 3450
2 6177 6175
2 6177 3476
2 6177 3451
2 6177 3472
2 6177 3449
2 5571 5492
2 5491 5571
2 5489 5571
2 6180 6185
2 6180 3799
2 6180 3798
2 6180 6168
2 3633 3628
2 3633 3625
2 3624 3633
2 3633 3626
2 5124 5087
2 5124 5126
2 5618 5529
2 5618 5528
2 5486 5618
2 5618 5467
2 5676 5660
2 5721 5676
2 5690 5678
2 5678 5691
2 6184 3628
2 6184 3625
2 3624 6184
2 6184 3658
2 6184 3626
2 5147 5126
2 5147 5145
2 5147 5110
2 3575 6172
2 3575 6171
2 3575 3541
2 3575 3540
2 3575 6165
2 3575 3539
2 3448 3450
2 3448 6186
2 3448 3451
2 3448 3437
2 6177 3448
2 3448 6176
2 3448 6178
2 3799 6183
2 3799 3797
2 3799 3772
2 3799 6182
2 3799 6181
2 3799 6187
2 3628 3626
2 3628 3605
2 3628 3627
2 3628 3603
2 5529 5595
2 5529 5467
2 6186 3437
2 6186 3436
2 6186 3449
2 6186 3422
2 3420 6186
2 6186 3450
2 3772 3798
2 3772 6183
2 3772 6182
2 3772 6181
2 3772 3755
2 3627 3626
2 3627 3605
2 3627 3603
2 3627 3602
2 3627 3625
2 3627 3595
2 3627 3601
2 5656 5975
2 5656 5658
2 5656 5662
2 3436 3422
2 3436 3421
2 3436 3419
2 3436 3417
2 3416 3436
2 5660 5693
2 5171 5191
2 5147 5171
2 5146 5171
2 5171 5145
2 3602 3595
2 3602 3593
2 3602 3626
2 3602 3605
2 5602 5586
2 5602 5658
2 5655 5602
2 5602 5603
2 3419 3422
2 3419 3417
2 3419 3421
2 3419 3418
2 3419 3403
2 3419 3437
2 5661 5658
2 5656 5661
2 5974 5661
2 5661 5586
2 5651 5650
2 5651 5654
2 5651 5649
2 5651 5733
2 3593 3595
2 3593 3604
2 3593 3592
2 3593 3591
2 3593 3601
2 3593 3603
2 5192 5208
2 5192 5191
2 5192 5210
2 5192 5212
2 5464 5467
2 5464 5433
2 5464 5466
2 5464 5431
2 5464 5463
2 3756 3753
2 3756 3755
2 3756 3771
2 3772 3756
2 3591 3583
2 3591 3595
2 3594 3591
2 3591 3562
2 5603 5586
2 5588 5586
2 5586 5986
2 5586 5589
2 3541 3537
2 3541 3576
2 3541 6172
2 3541 6171
2 3754 3753
2 3754 3770
2 3754 3771
2 3754 3709
2 3540 3537
2 3540 3576
2 3540 3535
2 3540 6172
2 5654 5733
2 5654 5736
2 5431 5465
2 5431 5432
2 3771 3753
2 3771 3709
2 3771 3755
2 3771 3699
2 5433 5463
2 5433 5465
2 5526 5559
2 3390 3380
2 3390 3389
2 3390 3395
2 6188 3559
2 6188 3550
2 6188 3549
2 6188 3547
2 6188 3583
2 3380 3392
2 3380 3389
2 3380 3371
2 5771 5736
2 5771 5772
2 5732 5771
2 5734 5771
2 5654 5771
2 5243 5302
2 5243 5305
2 5243 5307
2 3549 3559
2 3549 3547
2 3549 3550
2 3549 3560
2 3549 3562
2 5432 5463
2 5433 5432
2 5432 5466
2 5432 6189
2 5434 5432
2 3537 3535
2 3537 3536
2 3537 3452
2 3575 3537
2 5501 5522
2 5501 5523
2 5501 5996
2 5524 5501
2 5559 5522
2 5559 5523
2 5559 5500
2 5772 5736
2 5772 5896
2 5772 5842
2 5305 5302
2 5305 5307
2 3699 3698
2 3699 3694
2 3699 3709
2 3699 3679
2 3699 3677
2 3699 3695
2 3522 3521
2 3522 3519
2 3522 3520
2 3522 3518
2 3522 3560
2 3522 3547
2 6189 5288
2 6189 5287
2 6189 5465
2 5430 6189
2 6189 5463
2 5431 6189
2 5286 6189
2 3519 3521
2 3519 3508
2 3519 3517
2 3519 3509
2 3519 3520
2 3519 3505
2 5499 5460
2 5499 5996
2 5499 5498
2 5426 5499
2 5499 5451
2 5996 5460
2 5996 5500
2 5996 5459
2 3535 3536
2 3535 3452
2 3535 3539
2 3535 3438
2 3541 3535
2 3342 3340
2 3342 3331
2 3342 3349
2 3342 3338
2 3342 3369
2 5896 5842
2 5896 5973
2 5896 5843
2 5896 5893
2 5362 5360
2 5362 5389
2 5362 5345
2 3505 3508
2 3505 3507
2 3505 3509
2 3505 3518
2 5360 5345
2 5360 5361
2 5308 5360
2 3536 3452
2 3536 3438
2 3536 3539
2 3540 3536
2 3536 3412
2 5287 5231
2 5287 5218
2 5232 5288
2 5288 5231
2 5432 5288
2 3695 3643
2 3695 3642
2 3695 3679
2 3695 3694
2 3695 3639
2 6190 3484
2 6190 3508
2 6190 3482
2 5424 5451
2 5424 5408
2 5425 5451
2 5425 5423
2 5425 5459
2 5425 5460
2 5461 5425
2 3331 3328
2 3331 3339
2 3331 3338
2 3331 3341
2 3331 3340
2 5893 5898
2 5893 5842
2 5897 5893
2 3328 3329
2 3328 3341
2 3328 3338
2 3328 3339
2 3328 3321
2 3328 3322
2 3484 3482
2 3484 3507
2 3484 3480
2 3484 3479
2 5419 5403
2 5419 5392
2 5419 5421
2 5419 5389
2 5392 5389
2 5392 5989
2 5452 5408
2 5452 5388
2 5452 5423
2 5424 5452
2 3643 3697
2 3643 3639
2 3643 3640
2 3643 3609
2 3643 3608
2 3643 3677
2 3482 3480
2 3482 3479
2 3482 3486
2 3482 3481
2 3482 3483
2 5408 5423
2 5425 5408
2 5426 5408
2 5898 5903
2 5898 5963
2 5892 5898
2 5898 5972
2 5898 6191
2 3321 3322
2 3321 3320
2 3321 3341
2 3321 3309
2 3321 3307
2 3321 3329
2 5421 5507
2 5421 5504
2 5421 5403
2 5409 5388
2 5409 5387
2 5336 5409
2 5337 5409
2 3479 3481
2 3479 3483
2 3479 3486
2 3479 3457
2 5388 5366
2 5364 5388
2 5407 5388
2 6191 5903
2 6191 5958
2 6191 5962
2 5895 6191
2 3452 3438
2 3452 3412
2 3452 3410
2 3409 3452
2 3452 3408
2 5963 6192
2 5963 5958
2 5963 5962
2 3609 3608
2 3609 3642
2 3609 3697
2 3609 6193
2 3676 3609
2 3483 6194
2 3483 3480
2 5990 5506
2 5990 5508
2 5507 5441
2 5507 5984
2 5505 5507
2 5215 5231
2 5335 5334
2 5335 6005
2 5962 5964
2 5962 5972
2 5962 5903
2 6193 3641
2 6193 6195
2 6193 6196
2 6193 3608
2 6193 3640
2 6193 3639
2 3456 3454
2 3456 6197
2 3456 6198
2 3456 3442
2 3456 3441
2 5555 5508
2 5555 5506
2 5555 5556
2 5503 5555
2 5981 5555
2 5506 5508
2 5506 5984
2 5296 5297
2 5296 5310
2 5296 5312
2 5310 5297
2 5310 5312
2 5285 5310
2 5310 5284
2 5310 6005
2 3641 6195
2 3641 6196
2 3641 3556
2 3641 3608
2 3609 3641
2 3641 3555
2 6197 3442
2 6197 3458
2 6197 3441
2 6197 3454
2 6197 3440
2 3427 6197
2 5312 6005
2 5312 5297
2 5964 5955
2 5964 5958
2 5964 5951
2 5964 6192
2 5950 5964
2 5558 5979
2 5558 5593
2 5509 5558
2 5556 5979
2 5556 5625
2 5556 5508
2 6195 3556
2 6195 3555
2 3607 6195
2 6195 3608
2 3609 6195
2 3441 3440
2 3441 3426
2 3441 3425
2 3441 3424
2 3441 3458
2 5219 6077
2 5219 6078
2 5219 6079
2 5216 6077
2 5214 5216
2 6057 5216
2 6196 3556
2 6196 3555
2 3607 6196
2 6196 6199
2 6196 3608
2 3440 3424
2 3440 3425
2 3440 3423
2 3440 3442
2 3440 3443
2 5276 5280
2 5276 5275
2 5276 5283
2 5276 5262
2 5276 5284
2 5280 5283
2 5280 5284
2 5280 5275
2 5296 5280
2 3262 3252
2 3262 3264
2 3262 3251
2 3262 3250
2 3262 3235
2 3234 3262
2 5951 5947
2 5951 5945
2 5951 5943
2 5955 5957
2 5955 5949
2 5955 5947
2 5946 5955
2 5955 5945
2 3424 3423
2 3424 3425
2 3424 3443
2 3424 3442
2 5593 5621
2 5593 5979
2 5593 5622
2 5593 5623
2 3252 3263
2 3252 3250
2 3252 3235
2 3252 3233
2 3252 3264
2 6008 5258
2 6008 5249
2 6008 5261
2 5260 6008
2 5258 5249
2 5258 5262
2 5244 5258
2 5258 5261
2 3250 3235
2 3250 3251
2 3250 3229
2 5945 5947
2 5945 5949
2 5945 5976
2 5947 5949
2 5947 5943
2 5947 5942
2 5626 5623
2 5626 5965
2 5626 5970
2 5626 5622
2 5623 5627
2 5623 5621
2 6011 5248
2 6011 6025
2 5244 6011
2 6011 6023
2 6011 5261
2 5245 6011
2 3405 3439
2 3405 3408
2 3405 3407
2 3405 3410
2 3405 3412
2 6199 3512
2 6199 3555
2 6199 3499
2 6199 3556
2 3498 6199
2 6199 3497
2 6199 3511
2 3398 3397
2 3398 3385
2 3398 3384
2 3398 3396
2 3398 3401
2 3398 3399
2 3398 3413
2 5248 5250
2 5248 5261
2 5248 6012
2 6008 5248
2 5248 6025
2 3512 3499
2 3512 3497
2 3512 3555
2 3512 3511
2 3512 3556
2 3512 3489
2 3384 3385
2 3384 6200
2 3384 3376
2 3384 3396
2 3384 3373
2 5977 5976
2 5977 5942
2 5977 5978
2 5977 6201
2 5945 5977
2 5977 5943
2 5971 5965
2 5694 5971
2 5971 5695
2 3205 3191
2 3205 3189
2 3205 3187
2 3205 3232
2 3186 3205
2 3205 3230
2 6024 6025
2 6024 6202
2 6024 6012
2 6024 5176
2 6011 6024
2 6024 5174
2 5158 6024
2 3191 3189
2 3191 3187
2 3191 3188
2 3191 3181
2 3191 3180
2 6025 6012
2 6025 6202
2 5251 6025
2 6025 5250
2 3374 3387
2 3374 6200
2 3374 3357
2 3374 3356
2 6201 5976
2 6201 6203
2 5952 6201
2 5941 6201
2 5701 5695
2 5701 5713
2 5701 5716
2 5701 5714
2 3375 3357
2 3375 3354
2 3375 3356
2 3375 3353
2 3375 3387
2 3375 3352
2 3375 3373
2 5695 5713
2 5695 5699
2 5695 5698
2 3181 3180
2 3181 3187
2 3181 3189
2 3181 3182
2 3181 3179
2 3181 3178
2 3354 3357
2 3354 3353
2 3354 3356
2 3354 3352
2 3354 3347
2 4999 4943
2 4999 4942
2 6080 4999
2 4999 6079
2 3182 3178
2 3182 3163
2 3182 3188
2 3182 3180
2 5149 5174
2 5149 5159
2 5149 5177
2 5149 5121
2 3163 3178
2 3163 3160
2 3163 3156
2 3163 3179
2 3163 3157
2 3163 3141
2 5174 5159
2 5174 5176
2 5123 5174
2 5174 5177
2 6203 5912
2 6203 5913
2 6203 5914
2 5741 5740
2 5741 5716
2 5741 5714
2 5741 5766
2 5741 5699
2 3487 3466
2 3487 3496
2 3487 3465
2 3487 3464
2 3463 3487
2 3487 3511
2 3335 3334
2 3335 3358
2 3335 3355
2 3335 3346
2 3335 3332
2 3335 3347
2 3335 3326
2 5716 5714
2 5716 5699
2 5114 5121
2 5114 5113
2 5114 5177
2 5148 5114
2 3158 3162
2 3158 3141
2 3158 3156
2 3158 3160
2 3158 3164
2 5121 5177
2 5121 5113
2 3466 3469
2 3466 3465
2 3466 3464
2 3466 3496
2 3466 3462
2 3466 3468
2 5913 5912
2 5913 5916
2 5913 5988
2 5913 6204
2 5913 6205
2 5912 5988
2 5912 5916
2 5912 6204
2 3295 3296
2 3295 3280
2 3295 3407
2 3295 3439
2 3276 3295
2 3295 3277
2 5775 5774
2 5775 5768
2 5775 5953
2 5775 5766
2 5742 5775
2 5775 5831
2 5768 5766
2 5768 5774
2 5768 5740
2 5741 5768
2 5768 5953
2 3464 3465
2 3464 3462
2 3464 3469
2 3464 3468
2 3464 3461
2 3326 3332
2 3326 3325
2 3326 3324
2 3326 3333
2 3326 3315
2 3326 3334
2 4940 4942
2 4940 4826
2 4940 4943
2 4999 4940
2 4940 5000
2 4940 5001
2 5085 5088
2 5085 5089
2 5085 5092
2 3129 3139
2 3129 3162
2 3129 3122
2 3159 3129
2 3158 3129
2 3129 3157
2 5088 5092
2 5088 5089
2 5082 5088
2 5083 5088
2 3324 3333
2 3324 3315
2 3324 3325
2 3324 3314
2 3324 3313
2 3324 3332
2 5848 5849
2 5848 6204
2 5848 5916
2 5848 5845
2 5913 5848
2 5848 5914
2 5912 5848
2 5849 6204
2 5849 5916
2 5913 5849
2 5849 5914
2 5849 5845
2 5912 5849
2 5849 5988
2 3468 3460
2 3468 3446
2 3468 3465
2 3468 3445
2 3314 3312
2 3314 3313
2 3314 3311
2 3314 3333
2 3314 3325
2 6204 5914
2 6204 5988
2 5910 6204
2 4826 4942
2 4826 4943
2 4944 4826
2 5059 5062
2 5059 5060
2 5059 5043
2 5082 5059
2 5062 5060
2 3300 3297
2 3300 3299
2 3300 3312
2 3300 3298
2 3300 3311
2 3300 3286
2 5845 5846
2 5845 5847
2 5845 5765
2 5845 6205
2 6204 5845
2 5764 5845
2 5900 5875
2 5900 5899
2 5022 5063
2 5022 5008
2 4995 5022
2 3434 3432
2 3434 3431
2 3434 3446
2 3434 3460
2 3434 3444
2 3434 3429
2 3298 3299
2 3298 3285
2 3298 3297
2 3298 3286
2 3298 3284
2 3298 3283
2 3298 3301
2 5009 5063
2 5063 5043
2 5765 5762
2 5765 5998
2 3280 3277
2 3280 3278
2 3280 3281
2 3280 3282
2 3280 3296
2 3280 3196
2 5846 5762
2 5846 5998
2 5846 5999
2 3432 3444
2 3432 3429
2 3432 3445
2 3432 3446
2 3284 3285
2 3284 3268
2 3284 3286
2 3284 3299
2 5922 5901
2 5922 5929
2 5922 5924
2 5922 5899
2 5922 5928
2 5925 5922
2 5901 5899
2 5901 5924
2 5874 5901
2 4970 4972
2 4970 4973
2 4970 4993
2 4994 4970
2 4970 4958
2 4970 4927
2 4972 4973
2 4972 4993
2 5007 4972
2 3444 3429
2 3444 6206
2 3444 3433
2 3444 3445
2 3268 3269
2 3268 6207
2 3268 3283
2 3268 3285
2 3287 3268
2 3268 3286
2 4973 4993
2 4973 5008
2 5998 5684
2 5998 5847
2 3082 6208
2 3082 3081
2 3082 6209
2 3082 3106
2 3082 3108
2 5918 5928
2 5918 5927
2 5918 5908
2 5918 5907
2 5923 5918
2 5928 5927
2 5928 5924
2 5928 5908
2 6208 3084
2 6208 3078
2 6208 3079
2 6208 3106
2 4923 4924
2 4923 4921
2 4923 4894
2 4923 4927
2 4924 4927
2 4924 4921
2 4924 4958
2 3258 3256
2 3258 3257
2 3258 6207
2 3258 6210
2 3258 3246
2 3268 3258
2 4927 4958
2 4927 4921
2 5684 5681
2 5684 5762
2 5763 5684
2 5684 6002
2 5764 5684
2 3079 3080
2 3079 6209
2 3079 6211
2 3082 3079
2 3079 3083
2 3079 3081
2 5890 5906
2 5890 5888
2 5890 5883
2 5948 5907
2 5948 5908
2 5948 5888
2 5909 5948
2 3435 3377
2 3435 6206
2 3435 3365
2 3435 3429
2 3435 3364
2 3444 3435
2 3435 3363
2 3256 6210
2 3256 3255
2 3256 3246
2 3256 3243
2 3256 3244
2 6212 4894
2 6212 4929
2 4858 6212
2 6212 4881
2 4859 6212
2 4922 6212
2 4894 4882
2 4920 4894
2 4894 4921
2 3080 3078
2 3080 6211
2 3080 6213
2 3080 6214
2 3080 6209
2 3080 6215
2 6208 3080
2 5681 6216
2 5681 5999
2 5998 5681
2 3377 3378
2 3377 3365
2 3377 3364
2 3377 3362
2 3377 3363
2 3377 6206
2 3377 3360
2 3246 3244
2 3246 3257
2 3246 6210
2 3246 3259
2 3246 3255
2 5879 5883
2 5879 5881
2 5879 5877
2 5879 5865
2 6211 6213
2 6211 6214
2 6211 3044
2 6211 3045
2 6211 6217
2 6211 3078
2 5883 5881
2 5883 5888
2 4818 4819
2 4818 4853
2 4818 4816
2 4818 4855
2 4818 4856
2 3195 3196
2 3195 3193
2 3195 3192
2 3195 3278
2 3195 3147
2 3195 3277
2 3195 3146
2 3195 3144
2 6215 3033
2 4853 4819
2 4853 4855
2 4853 4856
2 4855 4881
2 4855 4819
2 3362 3363
2 3362 3365
2 3362 3360
2 3362 3378
2 3435 3362
2 3221 6218
2 3221 3222
2 3221 3211
2 3221 3209
2 3221 3259
2 6217 3045
2 6217 3034
2 6217 3031
2 6217 6214
2 6217 3021
2 6216 5642
2 6216 5610
2 5682 6216
2 5608 6216
2 5684 6216
2 3360 3364
2 3360 3365
2 3360 3378
2 3435 3360
2 3211 3220
2 3211 3219
2 3211 3223
2 5861 5865
2 5861 5862
2 5861 5859
2 5861 5863
2 5876 5861
2 3031 3021
2 3031 3030
2 3031 3045
2 3031 3020
2 3220 3223
2 3220 3209
2 3220 3219
2 3220 3207
2 3220 3245
2 3021 3030
2 3021 3020
2 3021 3045
2 5865 5862
2 5865 5877
2 5865 5859
2 4543 4683
2 4542 4683
2 4519 4683
2 4683 4518
2 6099 4813
2 6099 4816
2 6099 4775
2 4818 6099
2 6099 4819
2 5824 5839
2 5824 5863
2 5824 5818
2 5824 5859
2 5863 5859
2 5863 5839
2 3208 6219
2 3208 3223
2 3220 3208
2 3208 6220
2 3208 6221
2 4755 4757
2 4755 4772
2 4755 6103
2 4757 4772
2 4757 4774
2 4757 6103
2 4757 4745
2 4757 4775
2 6222 3009
2 6222 3020
2 3021 6222
2 6222 3030
2 3031 6222
2 6222 3018
2 3032 6222
2 4772 4774
2 4772 4775
2 6219 6221
2 6219 6220
2 6219 6223
2 3197 6219
2 3009 3018
2 3009 3007
2 3019 3009
2 3009 3001
2 3009 2998
2 3009 3020
2 5610 5580
2 5610 5607
2 5609 5610
2 3361 3366
2 3361 3319
2 3361 3318
2 3361 3317
2 3360 3361
2 3361 3306
2 6221 3168
2 6221 3169
2 5642 5641
2 5582 5642
2 5642 5580
2 5581 5642
2 5642 5607
2 5821 5820
2 5821 5810
2 5821 5818
2 5821 5778
2 5822 5821
2 5777 5821
2 5810 5818
2 5810 5820
2 5824 5810
2 4518 4544
2 4518 4514
2 3007 2998
2 3007 3008
2 2997 3007
2 3007 2986
2 6224 4756
2 6224 4743
2 6224 4699
2 6224 4700
2 3366 3319
2 3366 3318
2 3366 3317
2 3366 3306
2 3366 3305
2 3304 3366
2 3366 3303
2 3168 3171
2 3168 3166
2 3168 6223
2 3168 3167
2 3168 3154
2 3153 3168
2 4756 4742
2 4756 4743
2 4756 4745
2 4743 4745
2 4754 4743
2 2998 3001
2 2998 3008
2 2998 3018
2 2998 2986
2 2998 6225
2 2998 2985
2 5607 5579
2 3166 3167
2 3166 3171
2 3166 3154
2 3166 3169
2 3166 3151
2 3166 3149
2 5755 5759
2 5755 5758
2 5755 5760
2 5755 5778
2 5759 5760
2 5759 5778
2 5759 5758
2 5778 5760
2 5778 5758
2 3194 3143
2 3194 3094
2 3194 3144
2 3194 3146
2 3194 3093
2 3194 3147
2 3194 3192
2 6225 2987
2 6225 3008
2 6225 2988
2 3305 3303
2 3305 3317
2 3305 3318
2 3305 3302
2 3305 3273
2 3305 3319
2 3150 3152
2 3150 3136
2 3150 3149
2 3150 3134
2 3150 3151
2 3150 3154
2 3150 3133
2 2987 2986
2 2987 6226
2 4674 4677
2 4674 4699
2 4674 4700
2 4674 4655
2 4674 4635
2 3134 3126
2 3134 3124
2 3134 3152
2 3134 3123
2 4677 4699
2 4677 4700
2 6107 4677
2 6224 4677
2 4699 4676
2 4740 4699
2 3124 3123
2 3124 3114
2 3124 3133
2 3124 3136
2 6227 6228
2 6227 2927
2 6227 2926
2 3114 3112
2 3114 3123
2 3114 3126
2 3114 3111
2 3114 3133
2 2966 2926
2 5581 5579
2 5580 5579
2 5579 6030
2 5582 5579
2 3112 6229
2 3124 3112
2 3112 3126
2 3125 3112
2 2927 2926
2 2927 2919
2 2927 6230
2 2927 2918
2 5729 5730
2 5755 5729
2 5729 5723
2 5724 5729
2 4420 4422
2 4420 6130
2 4423 4420
2 4420 4514
2 4544 4420
2 4515 4420
2 4628 4631
2 4628 4618
2 4633 4628
2 2919 2918
2 2919 2914
2 2919 2926
2 2919 2913
2 4631 4632
2 4631 4635
2 4621 4631
2 4635 4655
2 3090 6231
2 3090 3093
2 3090 3094
2 3090 6232
2 3090 3143
2 3090 3089
2 3090 3091
2 2914 2913
2 2914 2918
2 2914 2928
2 2914 2926
2 2927 2914
2 2925 2914
2 5479 6030
2 5479 5516
2 5479 5477
2 5479 5515
2 6030 5515
2 6030 5516
2 6030 5477
2 5476 6030
2 3247 3248
2 3247 3226
2 3247 3260
2 3247 3261
2 3247 3271
2 3224 3247
2 6233 6229
2 6233 3099
2 6233 3098
2 6233 3111
2 6233 3096
2 6233 3097
2 5992 5707
2 5992 5723
2 5992 5703
2 6130 4311
2 6130 4310
2 6130 4308
2 6130 4422
2 4423 6130
2 3088 3093
2 3088 6232
2 3088 3094
2 3088 3089
2 3088 3143
2 3088 3091
2 4576 4580
2 4576 4575
2 4576 4618
2 6234 3099
2 6234 3098
2 6234 3097
2 6234 3096
2 3095 6234
2 6234 6229
2 2928 2913
2 2928 2916
2 2928 2917
2 2928 2918
2 2919 2928
2 2928 2920
2 4580 4577
2 4580 4618
2 4580 4620
2 3226 3248
2 3226 3201
2 3226 3200
2 3226 3260
2 3099 3098
2 3099 3096
2 3099 3097
2 3099 3073
2 3099 3074
2 4618 4577
2 4627 4618
2 3098 3097
2 3098 3096
2 3098 3073
2 3098 3074
2 3098 3069
2 5516 5477
2 5516 5447
2 5516 5448
2 5708 5709
2 5708 5993
2 5708 5703
2 5671 5708
2 5726 5708
2 4310 4311
2 4310 4308
2 4310 4246
2 4310 4419
2 4310 4309
2 4210 4310
2 2920 2917
2 2920 2916
2 2920 6235
2 2920 2888
2 2920 6236
2 2920 2887
2 2920 2885
2 2920 2883
2 4311 4308
2 4311 4419
2 4311 4246
2 4420 4311
2 4311 4309
2 3070 6237
2 3070 3069
2 3070 3059
2 3070 3074
2 3070 3073
2 4531 4539
2 4531 4530
2 4531 4541
2 4540 4541
2 4540 4539
2 4540 4578
2 4540 4530
2 4574 4540
2 6236 2887
2 6236 2888
2 6236 6238
2 6236 2883
2 6236 2885
2 6236 2917
2 2882 6236
2 4541 4539
2 4541 4575
2 3059 6239
2 3059 3050
2 3059 3071
2 5447 5448
2 5447 5446
2 5447 5444
2 5667 5668
2 5667 5631
2 5667 5628
2 2883 6235
2 2883 2888
2 2883 6240
2 2883 6241
2 2883 6238
2 5669 5993
2 5669 5668
2 5632 5669
2 4498 4487
2 4498 4481
2 4498 4499
2 4498 4502
2 4487 4499
2 4487 4500
2 4487 4502
2 4504 4487
2 3047 3046
2 3047 3050
2 3047 3040
2 3047 3038
2 3047 6239
2 4499 4502
2 4499 4530
2 4499 4500
2 5444 5446
2 2886 6241
2 2886 2846
2 2886 2872
2 2886 2843
2 2886 2842
2 5605 5629
2 5605 5628
2 5605 5601
2 5605 5600
2 5605 5631
2 5632 5605
2 3040 3038
2 3040 3060
2 3040 3048
2 3040 3049
2 3040 3050
2 3051 3040
2 5628 5631
2 5628 5629
2 5628 5668
2 2846 2843
2 2846 2842
2 2846 2840
2 2846 6241
2 4309 4186
2 4309 4170
2 4168 4309
2 4309 4308
2 4248 4309
2 2842 2840
2 2842 2872
2 2842 2839
2 2842 2832
2 4458 4461
2 4458 4432
2 4458 4488
2 4458 4479
2 4478 4458
2 3175 3174
2 3175 3176
2 3175 3202
2 3175 3227
2 3175 3203
2 3049 6242
2 3049 3035
2 3049 3046
2 3049 3036
2 3049 3037
2 2840 2839
2 2840 2843
2 2840 2832
2 2840 2841
2 2840 2872
2 2832 2841
2 2832 2839
2 2832 2844
2 2832 2843
2 2832 6243
2 4461 4488
2 4461 4467
2 3036 3035
2 3036 6244
2 3036 6245
2 3036 6242
2 3036 3022
2 4488 4479
2 4488 4467
2 4488 4481
2 2844 2841
2 2844 6243
2 2844 2808
2 2844 2839
2 2844 2807
2 2840 2844
2 5358 5384
2 5450 5358
2 6244 3022
2 6244 3037
2 6244 3012
2 6244 3005
2 6244 3035
2 5359 5384
2 5359 5356
2 5444 5359
2 5359 5446
2 5574 5576
2 5574 5598
2 5574 5600
2 6243 2807
2 6243 2805
2 6243 2806
2 6243 2841
2 2793 6243
2 5598 5601
2 5598 5576
2 5598 5629
2 5569 5598
2 3022 3012
2 3022 3004
2 3022 3037
2 5601 5629
2 5601 5576
2 4170 4165
2 2807 2806
2 2807 2808
2 2807 2805
2 2807 2792
2 2807 2791
2 2807 2790
2 4393 4398
2 4393 4366
2 4393 4395
2 4393 4414
2 4393 4416
2 6246 6247
2 3128 6246
2 6246 3127
2 6246 3203
2 6246 3120
2 6246 3119
2 3005 6245
2 3005 6248
2 3005 3003
2 4398 4416
2 4398 4414
2 4398 4417
2 4398 4462
2 4416 4414
2 4416 4462
2 4416 4417
2 4462 4432
2 4462 4434
2 4462 4414
2 2970 2971
2 2970 2935
2 2970 2934
2 2970 6249
2 2970 6250
2 2929 2970
2 2970 2930
2 2791 2775
2 2791 2792
2 2791 2794
2 2791 2806
2 6247 3127
2 6247 3119
2 6247 3117
2 6247 3118
2 6248 3003
2 6248 3004
2 6248 2993
2 6248 2992
2 6248 2991
2 6248 2990
2 6248 3012
2 5562 5561
2 5562 5565
2 5562 5567
2 5562 5536
2 5562 5532
2 5565 5567
2 5565 5561
2 5565 5568
2 2775 2790
2 2775 2794
2 2775 2780
2 2775 2792
2 2775 2773
2 4166 4165
2 4166 4070
2 4169 4166
2 4170 4166
2 3127 3119
2 3127 3117
2 3127 3118
2 3127 3137
2 3127 3115
2 2993 3003
2 2993 2992
2 2993 2991
2 2993 2990
2 2993 3004
2 2993 6251
2 4165 4070
2 4330 4369
2 4330 4329
2 4330 4368
2 4330 4364
2 4330 4306
2 4363 4330
2 4369 4364
2 4369 4368
2 4369 4396
2 4369 4329
2 4364 4396
2 4364 4368
2 4364 4365
2 4364 4366
2 3119 3117
2 3119 3118
2 3119 3120
2 3119 3115
2 3119 3103
2 2991 2990
2 2991 3003
2 2991 6251
2 2991 2980
2 4396 4366
2 4396 4395
2 2779 2756
2 2779 2757
2 2779 2754
2 2779 2773
2 2774 2779
2 2779 2737
2 4366 4395
2 4366 4365
2 4366 4417
2 5298 5271
2 5354 5298
2 5298 5270
2 6004 5532
2 6004 5534
2 6004 5502
2 6004 5536
2 5537 6004
2 6004 5538
2 5532 5534
2 5532 5561
2 5532 5502
2 3103 3117
2 3103 3118
2 3103 3101
2 3103 3120
2 3103 3076
2 2978 2980
2 2978 2975
2 2978 2977
2 2978 6251
2 2978 2976
2 2978 2974
2 4070 4055
2 4070 4053
2 2737 2756
2 2737 2734
2 2737 2754
2 2737 2733
2 4300 4301
2 4300 4304
2 4300 4303
2 4300 4306
2 4300 4258
2 4304 4301
2 4304 4306
2 4304 4303
2 2977 2955
2 2977 2979
2 2977 2974
2 2977 2980
2 2977 2954
2 4306 4301
2 4306 4329
2 5270 5271
2 5270 5230
2 5270 5228
2 5270 5226
2 5270 6072
2 5271 5230
2 5271 5228
2 5271 6072
2 5271 5299
2 3101 3076
2 3101 3115
2 3116 3101
2 3101 3117
2 3101 3118
2 3119 3101
2 2955 2976
2 2955 2974
2 2955 2954
2 2955 2953
2 2955 2952
2 2955 2975
2 2955 2945
2 5469 5472
2 5469 5494
2 5469 5495
2 5472 5495
2 5472 5494
2 3076 3115
2 3116 3076
2 3076 3117
2 3076 3118
2 2953 2943
2 2953 2945
2 2953 2954
2 2953 2941
2 2953 2942
2 2953 2976
2 5495 5473
2 5495 5502
2 4053 3961
2 4053 3960
2 3962 4055
2 4055 3961
2 4236 4238
2 4236 4239
2 4236 4240
2 4236 4241
2 2943 2941
2 2943 2952
2 2943 2945
2 2943 2937
2 2943 2954
2 4238 4241
2 4238 6129
2 4238 4307
2 4241 4307
2 4241 4240
2 4241 4239
2 4241 4258
2 4307 4240
2 4307 4303
2 4237 4307
2 5273 5226
2 5273 5228
2 5273 5230
2 5270 5273
2 2930 2931
2 2930 2932
2 2930 2849
2 2930 2848
2 2930 2847
2 2930 2833
2 2930 2819
2 6252 2709
2 6252 6253
2 2706 6252
2 6252 2707
2 6252 2711
2 2710 6252
2 6252 2733
2 5226 5193
2 5226 5228
2 5226 5230
2 5271 5226
2 5457 5438
2 5457 5437
2 5457 5454
2 5457 5455
2 5438 5455
2 5438 5454
2 5438 5437
2 5418 5438
2 5455 5454
2 5455 5494
2 5455 5437
2 2931 2848
2 2931 2847
2 2931 2833
2 2931 2819
2 2931 2817
2 2709 2707
2 2709 2711
2 2710 2709
2 2709 6253
2 2709 2696
2 3960 3961
2 3960 6148
2 3960 3957
2 2948 2905
2 2948 2904
2 2948 2940
2 2948 6254
2 2948 2938
2 2948 2901
2 3961 6148
2 4184 4198
2 4184 4183
2 4184 4199
2 4184 4200
2 4184 4156
2 2849 2833
2 2849 2819
2 2849 2817
2 4198 4200
2 4198 4183
2 4198 4215
2 4198 4216
2 4217 4198
2 4200 4215
2 4200 4216
2 4200 4199
2 3057 3055
2 3057 3054
2 3057 3065
2 3057 3053
2 3057 3067
2 2904 6254
2 2904 2901
2 2904 2947
2 2904 2899
2 2904 2903
2 4215 4245
2 4215 4199
2 2711 2707
2 2711 2697
2 2711 2693
2 2692 2711
2 2711 2695
2 5399 5402
2 5399 5396
2 5399 5414
2 5416 5399
2 5399 5417
2 5399 5400
2 3055 3065
2 3055 3064
2 3055 3053
2 3055 3067
2 3055 3029
2 2901 2899
2 2901 2903
2 2901 2905
2 2901 2947
2 5402 5414
2 5402 5396
2 5402 5437
2 5457 5402
2 2697 2693
2 2697 2707
2 2697 2695
2 2697 2694
2 2697 2681
2 3957 3959
2 3961 3957
2 3053 3029
2 3053 3054
2 3053 3064
2 2899 2903
2 2899 2891
2 2899 2905
2 6148 3958
2 6148 3959
2 3962 6148
2 4141 4152
2 4141 4153
2 4141 4119
2 4141 4154
2 4155 4141
2 4152 4154
2 4152 4153
2 4152 4156
2 4152 4119
2 4154 4156
2 4154 4153
2 4154 4183
2 4185 4154
2 2695 2681
2 2695 2694
2 2695 2679
2 2695 2680
2 2695 2678
2 2695 2693
2 2695 2696
2 5395 5381
2 5395 5342
2 5395 5393
2 5395 5400
2 5338 5395
2 5395 5341
2 5395 5339
2 5381 5400
2 5381 5342
2 5381 5417
2 5381 5341
2 2679 2681
2 2679 2680
2 2679 2694
2 2679 2677
2 2679 2693
2 2890 2898
2 2890 2878
2 2890 2879
2 2890 2903
2 2899 2890
2 5400 5393
2 5400 5417
2 5343 5400
2 5400 5342
2 5400 5396
2 3017 6255
2 3017 3028
2 3017 6256
2 3017 3029
2 3017 3067
2 2898 6257
2 2898 2878
2 2898 2879
2 2898 2892
2 2898 2891
2 2898 2893
2 3815 3809
2 3815 3808
2 3815 3958
2 3957 3815
2 3815 3839
2 6148 3815
2 2668 2669
2 2668 2667
2 2668 6258
2 2668 2670
2 2668 6259
2 2668 2677
2 2668 2652
2 2879 2892
2 2879 2893
2 2879 6257
2 2879 2863
2 4096 4100
2 4096 4106
2 4098 4100
2 4106 4108
2 5106 5105
2 5106 5135
2 5136 5106
2 5137 5106
2 5138 5106
2 6256 2996
2 6256 3016
2 6256 2995
2 6256 3027
2 6256 2994
2 2893 2878
2 2893 2863
2 2893 2861
2 2893 2858
2 2651 2650
2 2651 2652
2 2651 2648
2 2651 2649
2 2651 6258
2 2651 6259
2 2651 2626
2 6260 5329
2 6260 5341
2 6260 5324
2 5339 5329
2 5339 5342
2 3808 3812
2 2649 2625
2 2649 2626
2 2649 2652
2 2649 2653
2 2654 2649
2 2861 2858
2 2861 2860
2 2861 2862
2 2861 2863
2 2861 2859
2 2861 2837
2 2861 2865
2 3809 3812
2 4043 4084
2 2625 2653
2 2625 2650
2 2625 2648
2 2651 2625
2 2625 6261
2 2995 2996
2 2995 2983
2 2995 2981
2 2995 6255
2 3015 2995
2 2862 2860
2 2862 2859
2 2862 2858
2 2862 2865
2 2862 2837
2 2862 2863
2 2862 6262
2 4044 4084
2 4044 6133
2 4044 6134
2 4085 4044
2 4084 6133
2 4086 4084
2 6261 2607
2 6261 2606
2 6261 2626
2 2649 6261
2 5074 5068
2 5106 5074
2 5107 5074
2 5074 6110
2 5108 5135
2 5135 5068
2 6263 2607
2 6263 2606
2 6263 6264
2 6263 2608
2 2625 6263
2 5105 5072
2 5134 5105
2 5069 5105
2 5327 5324
2 5327 5325
2 5327 6033
2 5327 5266
2 5278 5327
2 5324 5325
2 5324 5328
2 5326 5324
2 5324 6033
2 2607 2606
2 2607 6264
2 2607 2608
2 2607 2583
2 2607 2581
2 2823 2822
2 2823 2800
2 2823 2821
2 2823 2826
2 2823 2798
2 2823 2825
2 6264 2581
2 6264 2580
2 6261 6264
2 3812 3839
2 3812 6164
2 3812 6165
2 4000 4003
2 4000 4019
2 4000 4005
2 4000 4020
2 2800 2821
2 2800 2796
2 2583 2608
2 2583 2581
2 2583 2580
2 2583 2606
2 2583 6265
2 4003 4005
2 4003 4019
2 4003 4020
2 4003 4041
2 4005 4041
2 4041 4020
2 4001 4041
2 4002 4041
2 2580 6265
2 2580 2608
2 2580 2579
2 2580 2570
2 6110 5072
2 6110 5073
2 5075 6110
2 2951 2956
2 2951 2958
2 2951 2959
2 2951 2923
2 2951 2924
2 2785 2797
2 2785 6266
2 2785 2796
2 2785 2783
2 2785 2799
2 5068 5072
2 2815 2816
2 2815 2813
2 2815 2818
2 2815 2634
2 2815 2812
2 2815 2633
2 2814 2815
2 6265 2579
2 6265 2570
2 6265 2581
2 6265 2582
2 6265 2584
2 6265 2569
2 2783 2782
2 2783 2786
2 2783 6266
2 2783 2765
2 2783 2766
2 5253 5265
2 5253 5241
2 5253 5266
2 5265 5266
2 5265 5279
2 5265 5241
2 5266 5279
2 5266 6033
2 5266 5254
2 6165 6171
2 6165 6172
2 6165 3576
2 2959 2923
2 2959 2949
2 2959 2956
2 2959 2911
2 2959 2910
2 2765 2784
2 2765 2762
2 2765 2763
2 2765 2764
2 2765 2782
2 6164 6171
2 6164 6172
2 6164 3576
2 2584 2569
2 2584 2570
2 2584 6267
2 2584 2557
2 2584 2579
2 3955 3933
2 3955 3931
2 3955 3953
2 3955 3952
2 2763 2762
2 2763 2764
2 2763 2746
2 2763 2766
2 2763 2750
2 2788 2763
2 3933 3952
2 3933 3953
2 3933 3931
2 3952 4004
2 3952 3953
2 3952 3931
2 3935 4004
2 4004 3953
2 3933 4004
2 3932 4004
2 4004 3931
2 5068 5073
2 5069 5073
2 5222 5223
2 5222 6268
2 5222 5205
2 5222 5241
2 5223 5241
2 3576 6171
2 2910 2911
2 2910 2908
2 2910 2907
2 2910 2921
2 2910 2924
2 2910 2923
2 2741 2750
2 2741 2738
2 2741 2746
2 2741 2748
2 2741 2723
2 2763 2741
2 2555 2556
2 2555 2541
2 2555 2557
2 2555 2542
2 2555 6267
2 2555 2540
2 2908 2921
2 2908 2911
2 2908 2895
2 2908 2881
2 2908 2894
2 2738 2723
2 2738 2722
2 2738 2750
2 2738 2720
2 2738 2746
2 3845 3848
2 3845 3846
2 3845 3865
2 3848 3865
2 2921 2895
2 2921 2881
2 2921 2894
2 2921 2911
2 2722 2720
2 2741 2722
2 2740 2722
2 2722 2750
2 3865 3866
2 3865 3876
2 3865 3846
2 2634 2633
2 2634 2818
2 2634 2632
2 2634 2816
2 2634 2813
2 2634 2631
2 2634 2630
2 2810 2634
2 2540 2542
2 2540 2558
2 2540 2530
2 2540 2529
2 2540 2541
2 2540 2543
2 2540 2544
2 6059 5200
2 6059 5184
2 6059 5202
2 6059 5204
2 6059 5206
2 6059 5205
2 5200 5202
2 5200 5205
2 6052 5200
2 5221 5200
2 5202 5184
2 3576 3539
2 6172 3539
2 3831 3801
2 3831 3827
2 3831 3781
2 3831 3830
2 3801 3827
2 3801 3830
2 3801 3832
2 3827 3832
2 3827 3830
2 3827 3849
2 2633 2632
2 2633 2818
2 2633 2816
2 2633 2631
2 2633 2630
2 2633 2813
2 2633 2629
2 2528 2515
2 2528 2529
2 2528 2512
2 2528 2514
2 2528 2530
2 2528 2498
2 2531 2528
2 2540 2528
2 3832 3849
2 3832 3830
2 3832 6141
2 3829 3832
2 5131 5150
2 5131 5204
2 5131 5206
2 5131 5127
2 5150 5151
2 5150 5204
2 5150 5206
2 5150 5130
2 5150 5184
2 2512 2498
2 2512 2529
2 2512 2530
2 2512 2499
2 5204 5151
2 5204 5184
2 5204 5130
2 5129 5204
2 6269 3744
2 6269 3746
2 3747 6269
2 3761 6269
2 6269 3782
2 3744 3746
2 3744 3762
2 3744 3782
2 3746 3762
2 3746 3782
2 3746 3781
2 3762 3782
2 3762 3781
2 6270 2687
2 6270 2698
2 6270 2685
2 6270 2684
2 6270 2742
2 4873 4875
2 4873 4849
2 4873 4891
2 5116 5118
2 5116 5100
2 5116 5115
2 5116 5096
2 5118 5127
2 5118 5100
2 5118 5130
2 5131 5118
2 2687 2685
2 2687 2684
2 2687 2698
2 3412 3438
2 3412 3410
2 3412 3408
2 3412 3406
2 2496 2499
2 2496 2480
2 2496 2477
2 2496 2474
2 2496 2498
2 2473 2496
2 3438 3410
2 3438 3408
2 3719 3715
2 3719 6150
2 3719 3712
2 3719 3664
2 3715 3712
2 3715 3716
2 3715 3711
2 3715 3713
2 3712 3711
2 3712 3714
2 3712 6150
2 2477 2474
2 2477 2499
2 2477 2500
2 2497 2477
2 2829 2803
2 2829 2871
2 2829 2870
2 2684 2700
2 3711 3713
2 3711 3714
2 3711 3716
2 3711 3718
2 3719 3711
2 4850 4846
2 4850 4876
2 4850 6121
2 4850 4845
2 4847 4850
2 4846 4876
2 4846 4845
2 4847 4846
2 4846 4849
2 2803 2870
2 2869 2803
2 2803 2827
2 4876 4849
2 5095 5096
2 5095 6089
2 5095 5100
2 2631 2629
2 2631 6271
2 2631 2632
2 2631 2818
2 2631 2816
2 2475 2500
2 2475 2452
2 2475 2451
2 2475 2448
2 2475 2474
2 2475 2450
2 5115 5096
2 5115 5100
2 5115 5098
2 3408 3410
2 3408 3406
2 3408 3439
2 2479 2452
2 2479 2451
2 2479 2448
2 2479 2450
2 2479 2500
2 2447 2479
2 2479 2449
2 3670 3645
2 3670 3667
2 3670 3663
2 2659 6272
2 2659 2658
2 2659 6273
2 2659 2662
2 2659 2656
2 2657 2659
2 3645 3663
2 3645 3667
2 3645 3664
2 2451 2450
2 2451 2449
2 2451 2476
2 3663 3667
2 3663 3664
2 3663 3665
2 2870 2827
2 2870 2804
2 2870 2830
2 2752 2870
2 6272 2660
2 3664 3667
2 3664 6150
2 2449 2434
2 2449 2432
2 2449 2433
2 2449 2453
2 6121 6122
2 4846 6121
2 6121 6126
2 6118 6121
2 4876 6121
2 6121 4723
2 2752 2827
2 2827 2804
2 2828 2827
2 2829 2827
2 2827 2769
2 2662 6274
2 2662 2656
2 2662 2658
2 2662 2663
2 2662 6275
2 5058 5029
2 5031 5058
2 5035 6092
2 5036 6092
2 210 212
2 210 209
2 210 213
2 210 211
2 210 217
2 210 257
2 210 214
2 6274 6275
2 6274 2658
2 3407 3296
2 3407 3282
2 3408 3407
2 3409 3407
2 3598 3611
2 3598 3613
2 6275 2615
2 6275 2614
2 6275 2612
2 3611 3613
2 3611 3614
2 3611 3616
2 3611 3618
2 3613 3618
2 3613 3614
2 3618 3616
2 3618 3632
2 4722 4671
2 4722 4670
2 4669 4722
2 2615 2614
2 2615 2663
2 2615 2617
2 6274 2615
2 2611 2615
2 5034 5019
2 5034 5030
2 5034 5012
2 5034 5029
2 2420 2419
2 2420 2423
2 2420 2408
2 2420 2422
2 2420 2407
2 2420 2406
2 5030 5029
2 5030 5033
2 5030 5019
2 5029 5033
2 217 257
2 217 213
2 217 258
2 217 259
2 217 212
2 217 287
2 3281 3296
2 3281 3277
2 3407 3281
2 3281 3278
2 3282 3296
2 3282 3439
2 3282 3277
2 3524 3526
2 3524 6276
2 3524 6162
2 3565 3524
2 3563 3524
2 3524 3566
2 3526 6162
2 3526 3566
2 3526 3564
2 3567 3526
2 6162 3564
2 6162 3566
2 6162 3568
2 6162 3569
2 6162 6163
2 3564 3568
2 3564 3569
2 3564 3566
2 3569 3568
2 3569 3588
2 2593 2599
2 2593 2594
2 2593 2597
2 2593 2591
2 2593 2613
2 2593 2598
2 4670 4644
2 4646 4671
2 2770 2745
2 2770 2743
2 2770 2728
2 2727 2770
2 2770 2726
2 2597 2594
2 2597 2590
2 2597 2589
2 5014 5016
2 5014 5012
2 5014 5017
2 5014 4964
2 5014 5019
2 5012 5017
2 5012 5019
2 5012 5016
2 2589 2588
2 2589 2586
2 2589 2587
2 7 8
2 7 5
2 7 1
2 7 2
2 7 3
2 7 6
2 7 9
2 2366 2364
2 2366 2365
2 2366 2387
2 2366 2386
2 2366 2363
2 2366 2344
2 1 2
2 1 5
2 1 3
2 1 8
2 1 6
2 1 9
2 3 2
2 3 9
2 3 20
2 3 17
2 3 5
2 20 17
2 20 16
2 20 6
2 20 2
2 0 20
2 20 15
2 16 19
2 16 9
2 16 15
2 16 11
2 16 6
2 2576 2577
2 2576 2575
2 2576 2586
2 2576 2574
2 2576 2573
2 2589 2576
2 2576 2588
2 19 11
2 19 15
2 19 17
2 19 12
2 19 14
2 20 19
2 288 287
2 288 290
2 288 291
2 288 6277
2 288 6278
2 288 259
2 288 6279
2 290 287
2 290 291
2 290 6277
2 290 6278
2 290 6279
2 290 259
2 2717 2705
2 2717 2725
2 2717 2704
2 2717 2726
2 2717 2703
2 2574 2573
2 2574 2587
2 2574 2577
2 2585 2574
2 2574 2586
2 3278 3277
2 3278 3196
2 3278 3193
2 3278 3192
2 2339 2343
2 2339 2342
2 2339 2338
2 2339 2340
2 2339 2346
2 2339 2344
2 2345 2339
2 3277 3196
2 3277 3193
2 3492 3500
2 3492 3494
2 3492 3502
2 3503 3492
2 3492 3525
2 2346 2347
2 2346 2343
2 2346 2348
2 2346 2318
2 2346 2338
2 2346 2316
2 2563 2562
2 2563 2560
2 2563 2561
2 2563 2552
2 2563 6280
2 2563 2550
2 2563 2548
2 3500 3525
2 3500 3494
2 2348 2318
2 2348 2316
2 2348 2315
2 2348 2314
2 2348 2343
2 2348 6281
2 3525 3514
2 3525 3502
2 3525 3515
2 3493 3525
2 2690 2703
2 2690 2674
2 2690 2705
2 2717 2690
2 2561 2562
2 2561 2560
2 2561 2550
2 2561 2548
2 2561 2564
2 2561 2547
2 3514 6276
2 3514 3502
2 3500 3514
2 4644 4607
2 2315 2314
2 2315 6281
2 2315 2318
2 2315 6282
2 2315 2347
2 2315 6283
2 4955 4963
2 4955 4960
2 4955 4961
2 4955 4913
2 2564 2550
2 2564 2547
2 2564 2549
2 2564 2552
2 2564 2536
2 28 26
2 28 24
2 28 23
2 28 41
2 28 18
2 28 22
2 28 14
2 6281 2316
2 6281 2314
2 6281 6284
2 6281 2318
2 23 24
2 23 26
2 23 22
2 23 27
2 23 29
2 23 30
2 22 27
2 22 29
2 22 30
2 22 24
2 22 26
2 22 48
2 27 29
2 27 30
2 27 48
2 27 52
2 48 29
2 21 48
2 48 49
2 6285 6279
2 6285 6278
2 6285 6277
2 6285 291
2 290 6285
2 6285 435
2 6285 289
2 288 6285
2 6285 433
2 2535 2534
2 2535 2533
2 2535 2532
2 2535 2549
2 2535 2536
2 2535 2522
2 3146 3147
2 3146 3192
2 3146 3193
2 3146 3196
2 3147 3192
2 3147 3144
2 3147 3193
2 3147 3196
2 3192 3193
2 3192 3144
2 3192 3196
2 3142 3192
2 2533 2534
2 2533 2532
2 2533 2551
2 2533 2518
2 2533 2536
2 2533 2519
2 3193 3196
2 3193 3144
2 3451 6178
2 3451 6176
2 3451 3449
2 3451 6175
2 6186 3451
2 2279 6286
2 2279 2317
2 2279 2263
2 2279 6284
2 2279 2261
2 2313 2279
2 2279 6283
2 6178 6176
2 6178 6175
2 6178 3450
2 6178 3472
2 6178 3476
2 6178 3449
2 6175 3472
2 6175 6176
2 6175 3476
2 6175 3471
2 6175 6170
2 3472 3471
2 3472 3476
2 3472 6170
2 3472 6176
2 6286 2280
2 6286 2263
2 6286 2261
2 6286 2317
2 2260 6286
2 6286 2259
2 2257 6286
2 3471 3476
2 3471 6176
2 2664 2643
2 2664 2623
2 2622 2664
2 2664 2674
2 2521 2505
2 2521 2519
2 2521 2517
2 2521 2518
2 2521 2503
2 2521 2502
2 4558 4529
2 4528 4558
2 2454 2456
2 2454 2457
2 2454 2369
2 2454 2368
2 2454 2636
2 2454 2635
2 2263 2259
2 2263 2258
2 2263 2280
2 4644 4559
2 4559 4529
2 2643 2665
2 2643 2623
2 2643 2641
2 2673 2643
2 2505 2520
2 2505 2503
2 2505 2502
2 2505 2517
2 2505 6287
2 6109 4862
2 4888 4901
2 4888 4900
2 51 59
2 51 50
2 51 56
2 53 51
2 51 54
2 51 55
2 51 57
2 56 54
2 56 55
2 56 57
2 56 60
2 56 50
2 2259 2258
2 2259 2256
2 2259 2261
2 2259 2264
2 57 54
2 57 55
2 57 60
2 57 62
2 57 61
2 57 58
2 57 59
2 2256 2264
2 2256 2253
2 2256 2252
2 2256 2261
2 62 60
2 62 67
2 62 55
2 62 54
2 56 62
2 62 6288
2 2623 2641
2 2623 2604
2 2623 2602
2 2623 2645
2 2491 2488
2 2491 2487
2 2491 6287
2 2491 2468
2 2487 2468
2 2487 2465
2 2487 2492
2 2487 2490
2 2487 2504
2 67 6288
2 67 61
2 67 60
2 57 67
2 67 55
2 67 54
2 67 64
2 6288 6289
2 6288 64
2 6288 65
2 6288 61
2 6288 60
2 6288 6290
2 2253 2252
2 2253 2264
2 2253 2248
2 2253 2254
2 2253 2251
2 2253 2249
2 433 435
2 433 430
2 433 6291
2 433 6292
2 433 429
2 433 431
2 2604 2602
2 2604 2644
2 2604 2621
2 2604 2624
2 2465 2463
2 2465 2468
2 2465 2462
2 2465 2464
2 430 432
2 430 435
2 430 6291
2 430 6292
2 430 429
2 6285 430
2 430 431
2 2602 2644
2 2602 2641
2 2602 2621
2 2602 2624
2 2602 6293
2 2462 2463
2 2462 2464
2 2462 2490
2 2462 2467
2 2462 2466
2 2462 2469
2 2462 6294
2 3094 3143
2 3094 3093
2 3094 6231
2 3094 6232
2 2251 2236
2 2251 2249
2 2251 2248
2 2251 2235
2 2251 2252
2 2251 2234
2 3143 3093
2 3143 6231
2 3087 3143
2 3143 6232
2 2644 2624
2 2644 6293
2 2644 2641
2 2644 6295
2 2467 2466
2 2467 6296
2 2467 2463
2 2467 2464
2 2467 6297
2 3389 3382
2 3389 3393
2 3389 3392
2 3389 3394
2 2236 2235
2 2236 2234
2 2236 2254
2 2236 2232
2 2236 2231
2 3393 3402
2 3393 3403
2 6296 2469
2 6296 6298
2 6296 2440
2 6296 2466
2 6296 2439
2 6296 2437
2 3402 3403
2 3402 3417
2 3388 3402
2 2234 2232
2 2234 2233
2 2234 2231
2 2234 2217
2 3403 3417
2 3403 3418
2 3403 3421
2 3403 3422
2 2624 2567
2 2624 2566
2 3417 3421
2 3417 3422
2 3417 3418
2 3421 3422
2 3421 3437
2 2232 2231
2 2232 2217
2 2232 2235
2 2232 2216
2 2232 2215
2 4529 4491
2 4489 4529
2 2439 2436
2 2439 2438
2 2439 6299
2 2439 6297
2 2439 6298
2 4837 4839
2 4837 4834
2 4837 4843
2 4837 4861
2 2567 6293
2 2567 2565
2 2567 2621
2 2644 2567
2 2602 2567
2 2436 2438
2 2436 6299
2 2436 2429
2 2436 2437
2 2436 2427
2 2436 2440
2 2436 2426
2 2215 2213
2 2215 2217
2 2215 2214
2 2215 2193
2 2215 2233
2 4839 4843
2 4843 4861
2 4843 4862
2 2429 2426
2 2429 6299
2 2429 2430
2 2429 2438
2 2429 2437
2 6300 102
2 6300 101
2 6300 6301
2 6300 6302
2 6300 77
2 76 6300
2 6300 68
2 6300 74
2 2214 2193
2 2214 2213
2 2214 2216
2 2214 2191
2 2214 2190
2 2214 2217
2 101 102
2 101 77
2 101 6303
2 101 74
2 101 73
2 101 6301
2 77 74
2 77 73
2 77 70
2 77 102
2 77 71
2 2414 2413
2 2414 2411
2 2414 2415
2 2414 2426
2 2414 2430
2 2414 6304
2 73 74
2 73 71
2 73 70
2 73 100
2 71 70
2 71 100
2 71 74
2 71 75
2 3092 3089
2 3092 6250
2 3092 6232
2 3092 6231
2 3088 3092
2 3092 6249
2 3090 3092
2 3338 3340
2 3338 3339
2 3338 3329
2 3338 3349
2 2183 2182
2 2183 2180
2 2183 2190
2 2183 2181
2 2183 2179
2 2183 2191
2 3340 3349
2 3340 3350
2 3340 3339
2 3340 3351
2 6305 2398
2 6305 2412
2 6305 2397
2 6305 2413
2 6305 2411
2 2414 6305
2 6305 2396
2 3349 3351
2 3349 3381
2 3349 3339
2 3349 3369
2 3351 3381
2 3351 3379
2 3351 3350
2 3351 3369
2 3351 3368
2 3379 3381
2 3379 3368
2 3379 3371
2 3379 3369
2 3349 3379
2 3379 3350
2 3368 3381
2 3380 3368
2 3368 3369
2 4475 4477
2 4475 4490
2 4475 6138
2 4445 4475
2 4446 4475
2 2394 2395
2 2394 2396
2 2394 2377
2 2394 2398
2 2394 2375
2 2394 2397
2 2394 2374
2 6305 2394
2 4476 4490
2 4476 4466
2 4476 6138
2 4476 4491
2 2168 2169
2 2168 2165
2 2168 2170
2 2168 2167
2 2168 2166
2 2168 2181
2 2168 2179
2 4490 4491
2 4490 4466
2 4792 4767
2 4792 4793
2 4792 4794
2 4796 4792
2 4798 4792
2 2527 2510
2 2527 2553
2 2527 2509
2 2377 2374
2 2377 2395
2 2377 2372
2 2377 2373
2 4767 4794
2 4767 4793
2 4767 4797
2 2167 2169
2 2167 2148
2 2167 2165
2 2167 2147
2 2167 2146
2 2167 2170
2 4794 4797
2 4794 4793
2 4794 6111
2 2374 2375
2 2374 2373
2 2374 2357
2 2374 2376
2 2148 2144
2 2148 2145
2 2148 2166
2 2148 2128
2 117 116
2 117 115
2 117 114
2 117 126
2 117 124
2 117 125
2 117 111
2 117 121
2 125 124
2 125 126
2 125 121
2 125 116
2 125 120
2 125 115
2 121 120
2 121 124
2 121 119
2 121 122
2 121 126
2 2145 2144
2 2145 2128
2 2145 2147
2 2145 2127
2 2145 2146
2 2145 2126
2 2145 2122
2 119 120
2 119 122
2 119 124
2 125 119
2 119 126
2 119 127
2 127 148
2 127 163
2 127 122
2 127 120
2 2510 2509
2 2510 2525
2 2510 2494
2 2356 2357
2 2356 2376
2 2356 2352
2 2356 2373
2 2356 2372
2 2374 2356
2 2126 2128
2 2126 2127
2 2126 2122
2 2126 2144
2 2126 2121
2 2126 2147
2 577 578
2 577 574
2 577 580
2 577 573
2 577 6306
2 577 6307
2 6306 719
2 6306 580
2 6306 716
2 6306 717
2 6306 715
2 6306 578
2 6306 576
2 6306 712
2 719 716
2 719 580
2 719 712
2 719 578
2 577 719
2 719 576
2 2354 2355
2 2354 2352
2 2354 2353
2 2354 2358
2 2354 6308
2 2356 2354
2 2354 6309
2 716 712
2 716 580
2 716 806
2 716 578
2 2934 2969
2 2934 2971
2 2934 6249
2 2930 2934
2 2931 2934
2 2969 2971
2 2969 2935
2 2969 6249
2 2929 2969
2 2969 6250
2 2930 2969
2 2111 2109
2 2111 2105
2 2111 2107
2 2111 2124
2 2111 2125
2 2111 2108
2 3275 3288
2 3275 3292
2 3275 3291
2 3275 3293
2 3288 3289
2 3288 3292
2 3288 3293
2 3288 3307
2 3308 3288
2 3292 3293
2 3292 3309
2 2107 2108
2 2107 2105
2 2107 2112
2 2107 2113
2 2107 2110
2 2107 2109
2 3293 3309
2 3293 3289
2 3293 3320
2 3321 3293
2 2507 2471
2 2507 2470
2 2507 2460
2 2507 2494
2 2459 2507
2 2507 2509
2 2326 2328
2 2326 2322
2 2326 2329
2 2326 2321
2 2326 2327
2 2326 6308
2 2326 2325
2 2326 6309
2 3309 3307
2 3309 3320
2 3309 3322
2 2113 6310
2 2113 2108
2 2113 6311
2 2113 2106
2 2113 6312
2 2113 2105
2 3320 3322
2 3320 3307
2 3320 3341
2 3328 3320
2 2327 2321
2 2327 2324
2 2327 2322
2 2327 2328
2 2327 2312
2 4410 4443
2 4410 4444
2 4410 4351
2 4443 4444
2 4443 4409
2 2470 2460
2 2470 2471
2 2470 2458
2 2470 2446
2 2470 2444
2 2443 2470
2 4444 4409
2 2078 2076
2 2078 6311
2 2078 2074
2 2078 6310
2 2113 2078
2 2078 2075
2 4735 4747
2 4735 4746
2 4735 4764
2 4735 4758
2 2310 2311
2 2310 2308
2 2310 2312
2 2310 2307
2 2310 2298
2 2310 6313
2 4747 4764
2 4747 4758
2 4747 4746
2 4764 4758
2 4733 4764
2 2309 2307
2 2309 2298
2 2309 6313
2 2309 2311
2 2309 2308
2 2309 2297
2 2309 2312
2 171 172
2 171 173
2 171 169
2 171 168
2 171 186
2 171 185
2 171 184
2 173 172
2 173 185
2 173 170
2 173 184
2 173 169
2 173 179
2 184 185
2 184 179
2 184 172
2 184 177
2 2446 2458
2 2446 2444
2 2446 2460
2 2446 2442
2 2446 6314
2 2446 2471
2 2298 2307
2 2298 6313
2 2298 2297
2 2298 2308
2 2298 2311
2 2298 2296
2 179 177
2 179 178
2 179 185
2 179 180
2 179 186
2 179 182
2 2075 2073
2 2075 2067
2 2075 2076
2 2075 2066
2 2075 2074
2 2075 2077
2 2075 2063
2 2075 2065
2 178 177
2 178 180
2 178 182
2 178 183
2 184 178
2 178 185
2 804 803
2 804 714
2 804 713
2 804 917
2 711 804
2 804 806
2 805 804
2 803 917
2 803 718
2 803 714
2 803 713
2 711 803
2 803 806
2 2442 6314
2 2442 2444
2 2442 2458
2 2442 6315
2 2442 2460
2 917 718
2 917 714
2 917 713
2 917 913
2 711 917
2 2064 2065
2 2064 2051
2 2064 2062
2 2064 2063
2 2064 2050
2 2064 2049
2 2064 2066
2 2064 2067
2 2848 2833
2 2848 2819
2 2848 2817
2 3232 3216
2 3232 3218
2 3232 3231
2 3232 3204
2 3216 3218
2 3216 3230
2 3216 3231
2 3216 3233
2 3234 3216
2 2050 2051
2 2050 2062
2 2050 2047
2 2050 2065
2 6315 2417
2 6315 2416
2 6315 6314
2 6315 2445
2 6315 2401
2 6315 2444
2 2267 2269
2 2267 2270
2 2267 2274
2 2267 2272
2 2267 2271
2 2267 2273
2 3218 3231
2 3218 3233
2 3218 3230
2 3218 3235
2 3231 3233
2 3231 3235
2 3231 3229
2 3231 3251
2 2416 2445
2 2416 2401
2 2416 2399
2 2416 6314
2 2442 2416
2 2274 2272
2 2274 2271
2 2274 2268
2 2274 2266
2 2274 6316
2 2154 2283
2 2154 2150
2 2154 6317
2 2154 6318
2 2154 2282
2 2032 6319
2 2050 6319
2 3235 3233
2 3235 3251
2 3235 3229
2 3251 3233
2 4335 4351
2 4392 4335
2 2401 2417
2 2401 2381
2 2401 2380
2 4696 4720
2 4693 4696
2 4696 4694
2 192 218
2 192 219
2 192 223
2 192 220
2 192 221
2 218 191
2 218 220
2 218 221
2 218 222
2 218 223
2 6320 6321
2 6320 6316
2 6320 6322
2 6320 6323
2 6320 6324
2 6320 6325
2 221 220
2 221 219
2 221 222
2 221 237
2 221 191
2 221 235
2 6326 2014
2 6326 2008
2 6326 2009
2 6326 2033
2 222 220
2 222 237
2 222 235
2 222 219
2 222 234
2 222 233
2 237 235
2 237 234
2 237 233
2 237 6327
2 237 220
2 237 256
2 2381 2380
2 2381 2399
2 2381 2361
2 2381 2445
2 2381 2360
2 2012 2008
2 2012 2009
2 2012 2010
2 2012 2011
2 2012 6328
2 233 6327
2 233 256
2 233 236
2 233 238
2 2380 2361
2 2380 2360
2 2380 2399
2 2380 2335
2 6323 6329
2 6323 2243
2 6323 6330
2 6323 2242
2 6323 2240
2 6323 2241
2 256 6327
2 256 236
2 256 238
2 256 234
2 256 235
2 256 254
2 919 938
2 919 916
2 919 939
2 919 915
2 919 940
2 919 968
2 919 913
2 2010 2009
2 2010 2008
2 2010 2011
2 2010 1985
2 2010 1984
2 2010 2013
2 2010 1982
2 2361 2360
2 2361 2335
2 2361 2334
2 2361 2399
2 6329 2242
2 6329 2240
2 6329 6325
2 6329 2241
2 6329 6322
2 2237 6329
2 6329 6331
2 938 939
2 938 940
2 938 968
2 938 6332
2 938 6333
2 938 916
2 938 6334
2 1985 2011
2 1985 1982
2 1985 2009
2 1985 2008
2 1985 1983
2 939 940
2 939 968
2 939 6332
2 939 6333
2 939 6334
2 939 6335
2 2241 2243
2 2241 2239
2 2241 2222
2 940 6332
2 940 6334
2 940 6333
2 940 6335
2 940 6336
2 6334 6333
2 6334 6336
2 6334 968
2 6334 1200
2 2335 2360
2 2335 2334
2 2335 2333
2 2381 2335
2 6336 968
2 6336 1200
2 939 6336
2 938 6336
2 2818 2816
2 2818 2813
2 2811 2818
2 2818 2812
2 2818 2632
2 2816 2813
2 2816 2812
2 2814 2816
2 2222 2221
2 2222 2238
2 2222 2220
2 2222 2219
2 2222 6331
2 2222 2218
2 2813 2812
2 2814 2813
2 3141 3156
2 3141 3160
2 3141 3157
2 3141 3162
2 2333 2334
2 2333 2360
2 2333 2359
2 2361 2333
2 2333 2331
2 2220 2219
2 2220 2221
2 2220 2218
2 2220 2198
2 2220 2239
2 2220 2196
2 2220 2197
2 3160 3156
2 3160 3178
2 3160 3157
2 3179 3180
2 3179 3178
2 3179 3188
2 1878 1880
2 1878 1986
2 1878 1827
2 1878 1879
2 1878 1825
2 1878 1881
2 1878 1822
2 1878 1882
2 3180 3188
2 3180 3187
2 3180 3189
2 3180 3178
2 2198 2219
2 2198 2202
2 2198 2221
2 2222 2198
2 3187 3188
2 3179 3187
2 3182 3187
2 4275 4294
2 4275 4295
2 4275 4234
2 4275 4232
2 2202 2197
2 2202 2195
2 2202 2201
2 4667 4637
2 4667 4638
2 4667 4640
2 4667 4641
2 4667 4642
2 4667 4623
2 4643 4667
2 4637 4641
2 4637 4642
2 4668 4637
2 2359 2331
2 2359 2334
2 2359 2305
2 2335 2359
2 2336 2359
2 2359 2304
2 2195 2201
2 2195 2187
2 2195 2197
2 2195 2196
2 2198 2195
2 4641 4642
2 4641 4640
2 4641 4638
2 1759 1823
2 1759 1824
2 1759 1758
2 1759 1840
2 1759 1841
2 1759 1822
2 1759 1825
2 267 6337
2 267 268
2 267 269
2 267 282
2 267 281
2 267 243
2 268 282
2 268 281
2 268 6337
2 268 283
2 268 284
2 268 245
2 281 282
2 281 283
2 281 284
2 281 269
2 281 285
2 281 6337
2 284 285
2 284 282
2 284 286
2 284 293
2 284 269
2 285 286
2 285 283
2 285 323
2 285 282
2 1198 1276
2 1198 1196
2 1198 1277
2 1198 1278
2 1198 1279
2 1198 1280
2 1198 1194
2 2177 2176
2 2177 2174
2 2177 2187
2 2177 2188
2 2177 2160
2 1276 1197
2 1276 1277
2 1276 1196
2 1276 1278
2 1276 1279
2 1276 1280
2 1276 1194
2 1706 1700
2 1706 1707
2 1706 1701
2 1706 1841
2 1706 1703
2 1277 1278
2 1277 1279
2 1277 1197
2 1277 1196
2 1277 1280
2 1277 6338
2 1278 1279
2 1278 1197
2 1278 1196
2 1278 6338
2 1278 1280
2 1700 1701
2 1700 1707
2 1700 1704
2 1700 1703
2 1700 1705
2 1700 1757
2 6271 2629
2 6271 2630
2 6271 2632
2 2633 6271
2 2634 6271
2 6271 2635
2 6271 2636
2 2630 2632
2 2630 2635
2 2818 2630
2 2304 6339
2 2304 2300
2 2304 2331
2 2304 2301
2 2304 2302
2 3081 3084
2 3081 3083
2 3081 3106
2 3084 3106
2 3084 3083
2 3084 3107
2 3084 6209
2 1705 1703
2 1705 1691
2 1705 1701
2 1705 1707
2 1705 1690
2 1705 1689
2 3106 3107
2 3106 3108
2 3106 3083
2 3106 3110
2 3107 3110
2 3107 3130
2 3107 3131
2 3082 3107
2 2156 2158
2 2156 2155
2 2156 2134
2 2156 2160
2 2156 2188
2 2156 2132
2 2156 2174
2 3130 3122
2 3130 3108
2 3105 3130
2 3130 3139
2 1690 1688
2 1690 1691
2 1690 6340
2 1690 1651
2 1690 1703
2 1702 1690
2 4232 4230
2 4232 4294
2 4234 4294
2 4234 4230
2 6339 2300
2 6339 2301
2 6339 2305
2 6339 2302
2 6339 2303
2 6339 2276
2 2134 2158
2 2134 2157
2 2134 2160
2 2173 2134
2 4601 4600
2 4601 4569
2 4601 4604
2 4601 4545
2 2151 2152
2 2151 1991
2 2151 1990
2 2151 6318
2 2151 6317
2 2151 1989
2 2151 1988
2 2151 2150
2 6340 1688
2 6340 1651
2 6340 1689
2 6340 1650
2 6340 1649
2 6340 1648
2 6340 1691
2 4600 4604
2 4600 4569
2 4600 4622
2 4600 6124
2 4604 4622
2 4604 4569
2 4602 4622
2 4599 4622
2 4622 4569
2 4601 4622
2 2300 2301
2 2300 2302
2 2300 2303
2 2300 2276
2 2300 2305
2 2157 2132
2 2157 2115
2 2157 2155
2 2157 2130
2 2157 2131
2 308 310
2 308 6341
2 308 322
2 308 6342
2 308 320
2 308 321
2 308 6343
2 310 6341
2 310 309
2 310 6342
2 310 6343
2 310 338
2 310 337
2 310 322
2 310 334
2 1648 1649
2 1648 1630
2 1648 1651
2 1648 1629
2 1648 1688
2 2302 2276
2 2302 2277
2 2302 2278
2 6342 6341
2 6342 338
2 6342 6343
2 6342 309
2 6342 337
2 6342 334
2 6342 333
2 1630 1650
2 1630 1626
2 1630 1625
2 1630 1651
2 1687 1630
2 338 337
2 338 334
2 338 333
2 338 6341
2 338 328
2 2303 2301
2 2303 2276
2 2303 2277
2 2303 2278
2 2115 2130
2 2115 2131
2 2115 2099
2 2115 2097
2 2115 2096
2 334 337
2 334 328
2 334 6343
2 334 330
2 328 330
2 328 333
2 328 336
2 328 337
2 328 6343
2 2131 2097
2 2131 2096
2 2131 2095
2 2131 2159
2 1637 1639
2 1637 1633
2 1637 6344
2 1637 6345
2 1637 1632
2 1637 1634
2 1637 6346
2 1637 1635
2 1625 1629
2 1625 1592
2 1625 6347
2 1648 1625
2 1625 1649
2 1632 1634
2 1632 1636
2 1632 1633
2 1632 1638
2 1632 1776
2 1634 1636
2 1634 1635
2 1634 6345
2 1634 1633
2 1634 1638
2 1634 1776
2 2276 2278
2 2276 2301
2 2276 2246
2 2276 2245
2 2099 2097
2 2099 2096
2 2099 2095
2 2099 2114
2 1636 1638
2 1636 6345
2 1636 1633
2 1636 1776
2 1636 1774
2 1776 1638
2 1776 1774
2 1776 1773
2 1776 1635
2 1631 1776
2 2096 2114
2 2096 2130
2 1774 1773
2 1774 1638
2 1774 1635
2 1634 1774
2 1632 1774
2 1774 1775
2 1773 1638
2 1636 1773
2 1773 1635
2 1773 1775
2 1634 1773
2 1632 1773
2 1990 1989
2 1990 1988
2 1990 2152
2 1990 1778
2 1990 1777
2 1990 1775
2 6347 1557
2 6347 1556
2 6347 1626
2 6347 1553
2 2368 2369
2 2368 2391
2 2368 2455
2 2368 2456
2 2368 2457
2 2369 2391
2 2369 2455
2 2369 2456
2 2369 2457
2 2391 2455
2 2391 2456
2 2391 2457
2 2391 2636
2 2455 2456
2 2455 2457
2 2455 2636
2 2455 2635
2 1556 1627
2 1556 1551
2 1556 1552
2 1556 1592
2 2457 2636
2 2457 2635
2 2246 2278
2 2246 2227
2 2246 2226
2 2246 2277
2 2246 2225
2 2246 2224
2 2082 2114
2 2082 2071
2 2082 2069
2 2082 2095
2 2096 2082
2 3020 3034
2 3020 3033
2 6217 3020
2 3030 3033
2 6217 3030
2 3030 3044
2 1988 1989
2 1988 1991
2 1988 1778
2 1988 1777
2 1988 1775
2 1988 2152
2 1552 1551
2 1552 1553
2 1552 1554
2 1552 1557
2 1552 1500
2 3034 3033
2 3034 3044
2 3034 3045
2 2069 2071
2 2069 2068
2 2069 2056
2 2069 2081
2 2069 2054
2 3044 6214
2 3044 6213
2 6213 6214
2 6213 3045
2 6217 6213
2 3034 6213
2 6213 3033
2 3032 6213
2 2226 2224
2 2226 2227
2 2226 2244
2 2226 2208
2 2226 2245
2 2068 2071
2 2068 2054
2 2068 2053
2 2068 2058
2 4231 4149
2 4231 4147
2 4145 4231
2 4143 4231
2 1554 1500
2 1554 1498
2 1554 1527
2 1554 1551
2 1554 1495
2 1554 1494
2 4192 4193
2 4192 4149
2 4192 4147
2 4146 4192
2 4192 4230
2 4193 4230
2 4193 4149
2 4193 4147
2 4146 4193
2 6348 4523
2 6348 4533
2 6348 4536
2 4537 6348
2 1498 1495
2 1498 1494
2 1498 1493
2 1498 1527
2 1496 1498
2 4523 4536
2 4523 4535
2 4523 4533
2 2053 2056
2 2069 2053
2 2053 2040
2 2070 2053
2 4536 4535
2 4536 4522
2 383 363
2 383 6349
2 383 364
2 383 365
2 383 366
2 384 383
2 363 364
2 363 365
2 363 382
2 363 366
2 363 385
2 363 386
2 365 366
2 365 364
2 365 385
2 365 386
2 365 387
2 365 388
2 1494 1493
2 1494 1497
2 1494 1500
2 1494 1468
2 385 386
2 385 387
2 385 366
2 385 388
2 385 364
2 385 389
2 385 394
2 388 394
2 388 386
2 388 366
2 388 364
2 394 387
2 394 6350
2 394 386
2 394 391
2 384 394
2 2040 2038
2 2040 2058
2 2040 2054
2 2040 2042
2 2040 2037
2 6230 2926
2 6230 6228
2 1777 1775
2 1777 1778
2 1777 1989
2 1773 1777
2 1774 1777
2 1467 1465
2 1467 1464
2 1467 1462
2 1467 1463
2 1492 1467
2 6228 6226
2 6228 2968
2 1464 1465
2 1464 1462
2 1464 1463
2 1464 1466
2 1464 1468
2 1464 1447
2 1464 1443
2 2968 2999
2 2968 2988
2 2968 2986
2 2999 2985
2 2999 2986
2 2999 2988
2 2965 2999
2 2206 2205
2 2206 2209
2 2206 6351
2 2206 2210
2 2206 6352
2 2206 2228
2 2206 2163
2 2986 2985
2 2986 3008
2 2986 2988
2 4144 4147
2 4144 4149
2 4144 4150
2 1466 1462
2 1466 1443
2 1466 1442
2 1466 1441
2 1466 1465
2 4471 4483
2 4471 4474
2 4471 4470
2 4471 4524
2 4483 4485
2 4483 4524
2 4483 4474
2 4483 4470
2 2210 2207
2 2210 2163
2 2210 2205
2 2210 2162
2 2210 2139
2 2210 6351
2 4485 4524
2 4485 4474
2 4471 4485
2 4473 4485
2 4485 4470
2 427 463
2 427 461
2 427 426
2 427 464
2 427 465
2 427 425
2 427 466
2 1443 1447
2 1443 1440
2 1443 1439
2 1443 1463
2 1443 1462
2 461 464
2 461 463
2 461 465
2 461 467
2 461 466
2 461 426
2 467 490
2 467 485
2 467 465
2 467 464
2 467 486
2 485 490
2 485 486
2 485 484
2 485 466
2 485 488
2 485 465
2 1440 1439
2 1440 1442
2 1440 1444
2 1440 1445
2 1440 1441
2 1440 1446
2 1440 1400
2 484 488
2 484 489
2 484 486
2 484 490
2 467 484
2 484 532
2 488 528
2 487 488
2 1446 1400
2 1446 1439
2 1446 1396
2 1446 1394
2 1446 1393
2 528 489
2 528 530
2 484 528
2 528 534
2 1996 2043
2 1996 2041
2 1996 2020
2 1996 1993
2 1996 2021
2 1996 1972
2 2884 6240
2 2884 2872
2 2884 2843
2 2842 2884
2 6240 2885
2 6240 2872
2 1396 1394
2 1396 1393
2 1396 1400
2 1396 1397
2 1396 1395
2 1396 1445
2 1396 1444
2 2885 2888
2 2885 6235
2 2885 6238
2 2888 6235
2 2888 6238
2 2888 2887
2 2888 2917
2 2138 2137
2 2138 2135
2 2138 2162
2 2138 2163
2 2138 6352
2 2138 2116
2 2917 6238
2 2917 6235
2 2917 2887
2 6158 6353
2 6158 6354
2 6158 6355
2 6158 6152
2 6158 6157
2 6158 4029
2 4028 6158
2 6353 6354
2 6353 6355
2 6353 6152
2 6156 6353
2 6353 4150
2 6353 6157
2 6353 4029
2 6354 6355
2 6354 4150
2 6156 6354
2 4148 6354
2 6354 6157
2 1399 1401
2 1399 1405
2 1399 1395
2 1399 6356
2 1399 1393
2 1399 1406
2 6355 4150
2 4148 6355
2 6147 6355
2 6156 6355
2 4428 4435
2 4428 4438
2 4428 4439
2 4435 4438
2 4435 4436
2 4435 4439
2 4408 4435
2 4438 4439
2 4438 4436
2 616 618
2 616 6357
2 616 620
2 616 634
2 616 635
2 1977 1968
2 1977 1970
2 1977 1972
2 618 617
2 618 620
2 618 634
2 618 635
2 618 636
2 618 637
2 618 6357
2 620 634
2 620 635
2 620 636
2 620 637
2 620 617
2 620 638
2 636 635
2 636 634
2 636 638
2 636 680
2 636 678
2 636 675
2 638 680
2 638 675
2 638 678
2 638 635
2 638 672
2 638 634
2 675 672
2 675 678
2 675 673
2 675 680
2 675 674
2 675 676
2 672 673
2 672 676
2 672 674
2 672 678
2 672 679
2 672 680
2 1333 1335
2 1333 1308
2 1333 1337
2 1333 1336
2 1333 6358
2 1333 1323
2 676 679
2 676 707
2 676 673
2 676 674
2 677 676
2 2101 2116
2 2101 2091
2 2101 2088
2 2101 2135
2 2136 2101
2 1873 1978
2 1873 1792
2 1873 1875
2 1873 1791
2 1873 1790
2 1873 1789
2 2734 2735
2 2734 2753
2 2734 2733
2 2734 2754
2 2755 2734
2 2734 2756
2 2734 2757
2 2753 2754
2 2753 2735
2 2753 2756
2 2753 2757
2 2779 2753
2 1791 1792
2 1791 1789
2 1791 1874
2 1791 1875
2 1791 6359
2 2754 2757
2 2754 2756
2 2754 2773
2 1322 1308
2 1322 1310
2 1322 6360
2 1333 1322
2 2757 2773
2 2757 2756
2 2757 2780
2 1789 6359
2 1789 1792
2 1789 1714
2 1789 1874
2 2794 2792
2 2794 2790
2 2794 2806
2 2794 2780
2 2792 2806
2 2792 2805
2 2792 2790
2 2091 2088
2 2091 2087
2 2091 2094
2 2102 2091
2 2805 2806
2 2805 2808
2 2794 2805
2 2791 2805
2 2088 2087
2 2088 2094
2 2088 2089
2 2808 2806
2 2792 2808
2 2808 2841
2 4016 4014
2 4016 4029
2 4016 6157
2 6361 1232
2 6361 1230
2 6361 1229
2 1322 6361
2 4026 4017
2 4026 4029
2 4026 6157
2 4026 4014
2 1712 1713
2 1712 1709
2 1712 1711
2 1712 6359
2 1712 1710
2 1712 1694
2 4029 6157
2 4029 4017
2 4029 4014
2 4013 4029
2 4348 4383
2 4348 4382
2 4348 4384
2 4348 4386
2 4348 4387
2 6345 1633
2 6345 1635
2 6345 1639
2 6345 1638
2 1232 1230
2 1232 1229
2 1232 6360
2 1232 1257
2 1232 1173
2 4383 4384
2 4383 4382
2 4383 4387
2 4383 4427
2 4426 4383
2 2094 2087
2 2094 2089
2 2094 2090
2 2094 2093
2 1709 1713
2 1709 1694
2 1709 1714
2 1709 6359
2 4384 4427
2 4384 4387
2 4428 4427
2 1633 1635
2 1633 1639
2 1633 6344
2 1229 1230
2 1229 1257
2 1229 1173
2 1229 6360
2 789 790
2 789 6362
2 789 787
2 789 838
2 789 788
2 1710 1711
2 1710 1694
2 1710 1695
2 1710 1713
2 1710 1693
2 1710 1714
2 790 6362
2 790 838
2 790 839
2 790 840
2 790 791
2 790 841
2 6362 839
2 6362 838
2 6362 840
2 6362 841
2 6362 842
2 6362 791
2 839 840
2 839 838
2 839 841
2 907 839
2 839 904
2 841 904
2 841 840
2 841 838
2 841 905
2 1257 1170
2 1257 1230
2 1257 1168
2 904 905
2 904 903
2 904 842
2 904 906
2 904 908
2 904 909
2 903 906
2 903 909
2 903 905
2 903 937
2 2089 2093
2 2089 6363
2 2089 6364
2 2089 2087
2 1695 1694
2 1695 1664
2 1695 1662
2 1695 1711
2 909 937
2 909 908
2 909 906
2 909 967
2 909 905
2 1170 1168
2 1170 1166
2 1170 1165
2 1229 1170
2 2626 2648
2 2626 2650
2 2626 2652
2 2093 2090
2 2093 6365
2 2093 6363
2 2093 6364
2 2093 6366
2 2093 6367
2 2093 6368
2 2648 2652
2 2648 2650
2 2648 6259
2 1639 6344
2 1639 6346
2 1639 6369
2 1632 1639
2 1634 1639
2 1168 1166
2 1168 1165
2 1168 1173
2 2652 6259
2 2652 2650
2 1662 1664
2 1662 1659
2 1662 1658
2 1662 1660
2 1662 1693
2 6259 2667
2 6259 2669
2 6259 2670
2 6344 6346
2 6344 6369
2 6345 6344
2 1631 6344
2 6344 6370
2 1632 6344
2 1165 1169
2 1165 1171
2 1165 1173
2 2667 2670
2 2667 2669
2 2667 6258
2 2667 2677
2 2652 2667
2 6364 6366
2 6364 6368
2 6364 6365
2 6364 6371
2 6364 2090
2 1658 1659
2 1658 1664
2 1658 1663
2 1658 1666
2 1169 1171
2 1169 1166
2 1169 1190
2 1169 1189
2 1168 1169
2 1169 1191
2 2670 2669
2 2670 2677
2 2670 2678
2 2670 6258
2 6346 6370
2 6346 6372
2 1633 6346
2 6345 6346
2 1631 6346
2 1171 1191
2 1171 6373
2 1171 1166
2 2677 2678
2 2677 2680
2 2677 2669
2 2677 2681
2 1675 1663
2 1675 6374
2 1675 1660
2 1657 1675
2 6369 6370
2 6369 6372
2 1637 6369
2 1633 6369
2 6369 6375
2 6345 6369
2 1190 1189
2 1190 1099
2 1190 1098
2 1190 1096
2 1190 1094
2 2678 2681
2 2678 2694
2 2678 2680
2 6376 6371
2 6376 2027
2 6376 2028
2 6376 2026
2 6376 6368
2 6376 2004
2 6376 6367
2 6376 2003
2 6377 1666
2 6377 1597
2 6377 1596
2 2694 2681
2 2694 2693
2 2694 2680
2 2694 2696
2 2693 2696
2 2693 2681
2 2678 2693
2 1099 1096
2 1099 1191
2 1099 1094
2 1099 6378
2 2027 2026
2 2027 2028
2 2027 6379
2 2027 6371
2 2027 2004
2 2027 2003
2 2027 2001
2 3903 3901
2 3903 3943
2 3903 3946
2 3903 3947
2 3903 3948
2 3943 3946
2 3943 3901
2 3943 3948
2 3946 3947
2 3946 3968
2 6370 6375
2 1639 6370
2 6370 6338
2 1637 6370
2 1633 6370
2 6378 1093
2 6378 1097
2 6378 1096
2 6378 1100
2 6378 1098
2 1575 1595
2 1575 1574
2 1575 1594
2 1575 1572
2 1575 1571
2 1575 1596
2 1575 1576
2 4288 4316
2 4288 4314
2 4288 4333
2 4316 4333
2 4316 4314
2 4316 6380
2 4316 6381
2 4333 6381
2 6381 4386
2 6381 4314
2 1006 1008
2 1006 1040
2 1006 6382
2 1006 1004
2 1006 1005
2 1006 1041
2 1006 1042
2 1006 965
2 2029 2000
2 2029 2001
2 2029 2003
2 2029 2004
2 1008 6382
2 1008 1040
2 1008 1041
2 1008 1042
2 1008 1043
2 1008 1004
2 1008 1044
2 1041 6382
2 1041 1043
2 1041 1040
2 1041 1044
2 1041 6383
2 6384 6385
2 6384 6386
2 6384 6383
2 6384 1044
2 6384 1100
2 6384 1043
2 6384 1097
2 6384 1042
2 1041 6384
2 1043 1042
2 1043 6383
2 1043 6382
2 1043 1040
2 6383 6385
2 6383 6386
2 6383 1042
2 6383 1100
2 6383 6382
2 6385 6386
2 6385 1100
2 6385 1044
2 6385 1097
2 1043 6385
2 6385 1095
2 6378 6385
2 1100 1097
2 1100 6386
2 1100 1095
2 1100 1093
2 1042 6382
2 1042 1040
2 1042 1044
2 1097 1095
2 1097 1093
2 1097 1094
2 1097 6386
2 1093 1095
2 1093 1094
2 1093 1096
2 1093 1098
2 1099 1093
2 6375 6338
2 6375 6372
2 6375 1279
2 1278 6375
2 1277 6375
2 6346 6375
2 1276 6375
2 1040 1004
2 1040 1044
2 1094 1098
2 1094 1095
2 1094 6373
2 1098 6373
2 1098 1191
2 1098 1189
2 6373 1189
2 1092 6373
2 1189 1096
2 1094 1189
2 2514 2515
2 2514 2529
2 2514 2530
2 2531 2514
2 2530 2529
2 2530 2558
2 2530 2542
2 2530 2541
2 2530 2515
2 6338 1279
2 6338 6372
2 1276 6338
2 1199 6338
2 1198 6338
2 1005 964
2 1008 1005
2 1040 1005
2 1009 1005
2 1005 6382
2 2558 2541
2 2558 2542
2 2558 2543
2 2558 2529
2 2558 2544
2 1533 1507
2 1533 1506
2 1533 1508
2 1533 1480
2 1533 1479
2 1533 1510
2 1533 1478
2 2541 2544
2 2541 2543
2 2541 2542
2 2544 2556
2 2544 2542
2 2544 2557
2 2556 2557
2 2556 2543
2 2556 6267
2 2541 2556
2 2556 6387
2 2557 6267
2 2557 6387
2 2557 2569
2 1743 1742
2 1743 1797
2 1743 6388
2 1743 1796
2 1698 1743
2 1997 1743
2 1743 1999
2 1506 1507
2 1506 1480
2 1506 1479
2 1506 1478
2 1506 1508
2 1506 6389
2 1475 1506
2 6387 2569
2 6387 2570
2 2571 6387
2 2569 2582
2 2569 2570
2 2569 6267
2 2569 2579
2 2570 2579
2 2570 2582
2 1480 1479
2 1480 1478
2 1480 1507
2 1480 6389
2 1480 1508
2 2579 2582
2 2579 2581
2 3902 3898
2 3902 3896
2 3902 6185
2 3902 6187
2 3898 3896
2 3898 6168
2 6179 3898
2 3897 3898
2 3898 6185
2 3896 3899
2 3896 6168
2 3897 3896
2 3900 3896
2 3896 3901
2 1742 1796
2 1742 1797
2 1742 6388
2 1742 1697
2 1696 1742
2 1478 1479
2 1478 6389
2 1478 1477
2 1478 1507
2 4250 4268
2 4250 4265
2 4267 4250
2 961 1007
2 961 962
2 961 963
2 961 964
2 936 961
2 966 961
2 961 965
2 961 967
2 4266 4265
2 1321 1323
2 1321 1308
2 1309 1321
2 1321 1310
2 962 1007
2 962 967
2 962 937
2 962 6390
2 909 962
2 1323 1308
2 1323 1310
2 1323 6360
2 1310 1334
2 1310 1308
2 1310 1335
2 1310 1336
2 1310 1337
2 1796 1697
2 1696 1796
2 1796 1686
2 1796 1685
2 1477 1455
2 1477 6389
2 1477 1452
2 1477 1481
2 1451 1477
2 1334 1336
2 1334 1337
2 1334 6358
2 1323 1334
2 1336 6358
2 1336 1335
2 1336 1406
2 1336 6356
2 6358 1337
2 6358 1406
2 6358 6356
2 6358 1335
2 6358 1405
2 6358 1401
2 1406 1405
2 1406 1401
2 1406 1337
2 1406 1395
2 967 6390
2 967 963
2 967 908
2 967 906
2 903 967
2 1405 1401
2 1405 1395
2 1405 6356
2 1405 1397
2 1392 1405
2 1405 1393
2 1395 1393
2 1395 1397
2 1395 1401
2 1395 1394
2 1393 1394
2 1393 1400
2 1393 1397
2 6390 908
2 6390 906
2 902 6390
2 6390 905
2 1400 1445
2 1400 1394
2 1400 1444
2 1395 1400
2 1400 1439
2 1445 1444
2 1445 1439
2 1445 1394
2 1393 1445
2 908 906
2 908 937
2 908 905
2 1439 1441
2 1439 1442
2 1439 1444
2 1441 1442
2 1441 1447
2 1441 1463
2 1441 1444
2 1454 1411
2 1454 1410
2 1454 1409
2 1454 1408
2 1407 1454
2 1454 1386
2 1447 1442
2 1447 1462
2 1463 1462
2 1463 1465
2 905 906
2 905 842
2 1468 1497
2 1468 1465
2 1468 1493
2 1463 1468
2 1685 1684
2 1685 1697
2 1685 1683
2 1685 1682
2 1685 1681
2 1685 1646
2 1410 1408
2 1410 1386
2 1410 1385
2 1410 1411
2 1410 1453
2 1410 1384
2 1497 1493
2 1497 1465
2 1497 1495
2 1464 1497
2 1197 1196
2 1197 1280
2 1197 1279
2 1197 1194
2 842 840
2 842 838
2 1493 1495
2 1467 1493
2 1385 1386
2 1385 1408
2 1385 1384
2 1385 1383
2 1385 1409
2 1385 1412
2 1454 1385
2 6283 2314
2 6283 2317
2 6283 2318
2 2314 2316
2 2314 2318
2 2314 2347
2 1196 1280
2 1196 1194
2 1196 1193
2 904 840
2 2318 2347
2 2341 2318
2 2318 2343
2 2338 2340
2 2338 2342
2 2338 2343
2 2338 2344
2 2340 2344
2 2340 2363
2 2344 2363
2 2344 2342
2 2344 2364
2 2344 2365
2 2363 2364
2 2363 2365
2 2363 2367
2 2363 2386
2 1382 1341
2 1382 1383
2 1382 1384
2 1382 1340
2 1385 1382
2 1382 1386
2 2365 2386
2 2365 2367
2 2386 2385
2 2386 2367
2 2386 2388
2 2386 2364
2 2362 2386
2 2385 2389
2 2385 2388
2 2385 2387
2 2385 6391
2 2365 2385
2 2385 2367
2 1645 1646
2 1645 1681
2 1645 1619
2 1645 1618
2 1645 1682
2 1645 1683
2 1341 1340
2 1341 1342
2 1341 1339
2 1341 1412
2 1341 1359
2 1341 1383
2 2389 6391
2 2389 2406
2 2386 2389
2 2389 2387
2 2389 2407
2 791 787
2 791 788
2 791 754
2 6391 2406
2 6391 2388
2 6391 2408
2 2409 6391
2 2384 6391
2 1339 1340
2 1339 1359
2 1339 1342
2 1382 1339
2 1339 1331
2 1381 1339
2 2406 2408
2 2406 2421
2 2406 2419
2 1194 1280
2 1194 1195
2 787 754
2 787 752
2 787 751
2 790 787
2 1619 1618
2 1619 1617
2 1619 1588
2 1619 1644
2 1619 1585
2 1619 1646
2 1619 1681
2 2408 2419
2 2408 2421
2 2408 2407
2 2408 2422
2 2408 2423
2 2419 2422
2 2419 2421
2 2419 2423
2 2419 2453
2 754 788
2 754 751
2 754 752
2 754 749
2 2422 2453
2 2422 2421
2 2422 2433
2 1617 1588
2 1617 1618
2 1617 1585
2 1617 1582
2 1617 1644
2 1645 1617
2 1331 1343
2 1331 1360
2 1331 1340
2 2453 2432
2 2453 2433
2 2453 2423
2 2453 2434
2 2420 2453
2 751 749
2 751 788
2 2432 2434
2 2432 2450
2 2432 2448
2 2422 2432
2 2434 2450
2 2434 2448
2 2434 2433
2 2434 2452
2 2448 2450
2 2448 2452
2 2448 2433
2 749 750
2 749 752
2 749 753
2 749 755
2 749 788
2 6183 6182
2 6183 3798
2 6183 6187
2 6183 3797
2 6183 6185
2 1585 1588
2 1585 1615
2 1585 1616
2 1585 1618
2 1343 1330
2 1343 1292
2 1343 1290
2 1343 1359
2 6182 6187
2 6182 6181
2 6182 3798
2 6182 3797
2 6187 6168
2 6187 3798
2 6392 4221
2 6392 4177
2 6392 4222
2 4221 4222
2 4191 4221
2 4221 4253
2 1195 1200
2 1195 1193
2 6336 1195
2 1195 1280
2 1195 6335
2 6334 1195
2 1195 6333
2 753 755
2 753 756
2 753 750
2 753 710
2 753 709
2 753 708
2 4222 4253
2 4222 4254
2 1615 1616
2 1615 1582
2 1615 1584
2 1615 1588
2 1615 1586
2 1615 1587
2 1292 1360
2 1292 1287
2 1292 6393
2 1292 1330
2 1292 1288
2 756 755
2 756 708
2 756 735
2 756 750
2 4253 4268
2 4211 4253
2 1649 1650
2 1649 1651
2 1649 1688
2 1200 6335
2 1200 6333
2 1200 6332
2 1200 1193
2 1194 1200
2 710 735
2 710 707
2 1689 1691
2 1689 1651
2 1689 1703
2 708 735
2 708 707
2 708 755
2 708 679
2 1703 1701
2 1703 1691
2 1703 1707
2 1584 1586
2 1584 1587
2 1584 1616
2 1584 1516
2 1584 1515
2 1584 1514
2 1584 1513
2 1707 1701
2 1707 1704
2 1707 1691
2 735 707
2 735 709
2 735 679
2 676 735
2 671 735
2 1704 1757
2 1704 1701
2 1703 1704
2 1757 1841
2 1707 1757
2 1757 1758
2 1699 1757
2 1757 1701
2 1587 1515
2 1587 1516
2 1587 1514
2 1587 1513
2 1511 1587
2 1587 1512
2 1491 1587
2 1289 1291
2 1289 1245
2 1289 1244
2 1289 6393
2 1289 1243
2 1289 1242
2 1758 1841
2 1758 1824
2 1758 1823
2 1758 1840
2 707 679
2 671 707
2 707 674
2 707 673
2 672 707
2 1824 1823
2 1824 1840
2 1824 1822
2 1824 1841
2 1824 1825
2 1515 1514
2 1515 1586
2 1515 1513
2 1515 1512
2 1245 1243
2 1245 1291
2 1245 1246
2 1245 1242
2 1245 1288
2 1245 1214
2 1840 1822
2 1840 1825
2 1840 1827
2 1822 1827
2 1822 1823
2 1827 1986
2 1827 1880
2 1827 1879
2 1242 1243
2 1242 1244
2 1242 1214
2 1242 1213
2 1242 1246
2 1242 1211
2 1242 1291
2 1986 1879
2 1986 1880
2 1986 1881
2 1986 1882
2 1986 1825
2 1822 1986
2 6335 968
2 938 6335
2 673 678
2 673 680
2 673 679
2 1879 1882
2 1879 1983
2 1879 1880
2 1213 1212
2 1213 1210
2 1213 1243
2 1213 1244
2 1245 1213
2 1882 1982
2 1882 1984
2 6332 968
2 678 680
2 678 637
2 678 674
2 1982 1983
2 1982 1984
2 1982 1881
2 1982 2011
2 1879 1982
2 1489 1490
2 1489 1488
2 1489 1512
2 1489 1487
2 1489 1513
2 1489 1460
2 1489 1514
2 1210 1212
2 1210 1211
2 1210 6394
2 1210 1214
2 1241 1210
2 1242 1210
2 1210 1133
2 1984 2011
2 1984 2009
2 1984 1983
2 1984 2008
2 637 680
2 637 635
2 637 634
2 2011 2009
2 2011 2008
2 2011 2013
2 2008 2009
2 2008 2013
2 2008 2014
2 2013 2014
2 2013 2009
2 634 617
2 634 680
2 2014 6395
2 2014 2033
2 2014 2009
2 1133 1132
2 1133 1131
2 1133 6394
2 1133 1150
2 1133 1212
2 1133 1211
2 6395 2033
2 2013 6395
2 6395 2034
2 2033 2034
2 2033 6328
2 2033 6396
2 1457 1460
2 1457 1436
2 1457 1487
2 1457 1488
2 1457 1433
2 1131 1150
2 1131 6394
2 1131 6397
2 1131 1107
2 2034 6396
2 2034 2047
2 2034 2048
2 2034 6328
2 6396 2047
2 6396 2048
2 6396 2049
2 2050 6396
2 6396 2051
2 1437 1458
2 1437 1460
2 1437 1433
2 1437 1487
2 1437 1432
2 2048 2049
2 2048 2051
2 2048 2062
2 2049 2051
2 2049 2062
2 2049 2063
2 2049 2047
2 2062 2051
2 2062 2063
2 2062 2065
2 2062 2066
2 2063 2066
2 2063 2065
2 2063 2051
2 2063 2067
2 2063 2073
2 1436 1433
2 1436 1432
2 1436 1458
2 1459 1436
2 1436 1460
2 6397 1132
2 1101 6397
2 2066 2073
2 2066 2065
2 565 564
2 565 6357
2 565 567
2 616 565
2 565 617
2 565 566
2 1433 1432
2 1433 1458
2 1433 1387
2 1459 1433
2 1107 1109
2 1107 1150
2 1107 1108
2 1107 1102
2 2073 2074
2 2073 2076
2 2073 2067
2 2073 2077
2 2061 2073
2 916 915
2 916 913
2 939 916
2 940 916
2 2074 2077
2 2066 2074
2 2074 6312
2 2074 2067
2 1432 1387
2 1457 1432
2 1432 1434
2 1380 1432
2 2077 6312
2 2077 2076
2 2077 6311
2 2077 6310
2 915 913
2 938 915
2 939 915
2 940 915
2 567 566
2 567 564
2 567 534
2 567 533
2 567 530
2 6312 6311
2 6312 6310
2 6312 2110
2 6312 2076
2 2072 6312
2 1102 1108
2 1102 1106
2 1102 1065
2 1102 1066
2 938 913
2 939 913
2 940 913
2 566 534
2 566 533
2 566 530
2 566 529
2 566 564
2 527 566
2 6311 6310
2 6311 2110
2 6311 2106
2 6311 2108
2 2104 6311
2 2110 6310
2 2110 2106
2 2110 2108
2 2110 2105
2 2106 2108
2 2106 2105
2 2106 6310
2 2111 2106
2 2106 2112
2 534 530
2 534 529
2 2105 2109
2 2105 2108
2 2105 2112
2 2105 2124
2 2109 2124
2 2109 2112
2 2109 2125
2 2106 2109
2 1387 1434
2 1387 1379
2 1387 1378
2 1435 1387
2 1387 1388
2 2124 2125
2 2124 2121
2 2124 2112
2 2124 2122
2 2121 2122
2 2121 2125
2 2121 2127
2 2121 2128
2 2109 2121
2 530 533
2 530 532
2 2122 2127
2 2122 2128
2 2122 2144
2 1062 1061
2 1062 1063
2 1062 1066
2 1062 1065
2 1062 1067
2 1062 1055
2 1062 1054
2 2127 2128
2 2127 2144
2 2127 2146
2 2127 2147
2 2144 2146
2 2144 2147
2 2144 2128
2 2146 2166
2 1067 1054
2 1067 1055
2 1067 1063
2 1067 1053
2 1067 1061
2 1067 6398
2 2166 2165
2 2166 2147
2 2166 2169
2 2144 2166
2 2165 2170
2 2165 2169
2 2165 2179
2 2146 2165
2 2148 2165
2 2170 2179
2 2170 2181
2 2170 2169
2 2170 2180
2 1378 1388
2 1378 1434
2 1378 1390
2 1378 1391
2 1378 1303
2 2179 2181
2 2179 2180
2 2179 2182
2 2179 2184
2 489 532
2 489 486
2 485 489
2 487 489
2 2180 2182
2 2180 2181
2 2180 2184
2 2180 2190
2 2182 2184
2 2182 2190
2 2182 2191
2 2182 2181
2 2191 2190
2 2191 2192
2 2191 2193
2 2191 2184
2 2192 2213
2 2192 2190
2 2215 2192
2 2192 2216
2 6399 1052
2 6399 1014
2 6399 6398
2 6399 1013
2 6399 1053
2 6399 1012
2 6399 6400
2 6399 1054
2 2213 2193
2 2213 2216
2 2191 2213
2 2213 2217
2 2213 2190
2 490 466
2 490 465
2 490 464
2 2217 2231
2 2217 2233
2 2217 2216
2 1014 1013
2 1014 6400
2 1014 6398
2 1014 1053
2 2231 2233
2 2231 2235
2 2231 2216
2 2215 2231
2 466 465
2 466 464
2 466 486
2 2249 2254
2 2249 2248
2 2249 2235
2 2249 2252
2 1302 1391
2 1302 1390
2 1302 1298
2 1302 1388
2 1302 6401
2 1302 1297
2 3770 3753
2 3758 3770
2 464 465
2 464 463
2 3755 3753
2 4190 4174
2 4190 4173
2 4190 4138
2 4190 4176
2 4190 4177
2 462 465
2 462 426
2 462 425
2 466 462
2 4176 4177
2 4176 4173
2 4176 4189
2 4176 4174
2 1011 983
2 1011 982
2 1011 6400
2 1011 981
2 1011 980
2 1011 979
2 1011 1012
2 4177 4173
2 3679 3694
2 3679 3698
2 3679 3677
2 3679 3697
2 3694 3698
2 3694 3677
2 3694 3709
2 3676 3694
2 1297 1301
2 1297 1303
2 1297 1391
2 1297 1390
2 982 983
2 982 6402
2 982 980
2 982 979
2 982 6400
2 3698 3709
2 3698 3677
2 3695 3698
2 3771 3698
2 426 425
2 426 463
2 426 395
2 426 392
2 4109 4104
2 4109 4139
2 4109 4112
2 4109 4102
2 1296 1298
2 1296 1301
2 1302 1296
2 1296 1299
2 1296 1303
2 1296 1391
2 4111 4104
2 4111 4138
2 4111 4139
2 4190 4111
2 3608 3639
2 3608 3642
2 3608 3697
2 3676 3608
2 946 947
2 946 979
2 946 945
2 946 980
2 946 944
2 946 943
2 946 981
2 982 946
2 3639 3697
2 718 713
2 718 806
2 718 712
2 392 407
2 392 425
2 392 391
2 427 392
2 4066 4077
2 4066 4081
2 4066 4080
2 4066 4082
2 4077 4080
2 4077 4063
2 4077 4103
2 4077 6140
2 407 395
2 407 391
2 407 6350
2 407 425
2 426 407
2 942 943
2 942 944
2 942 945
2 942 925
2 946 942
2 942 947
2 978 942
2 942 979
2 4080 4103
2 4080 4082
2 4080 4112
2 4103 4112
2 713 806
2 713 712
2 4112 4102
2 4112 4104
2 4112 4082
2 660 658
2 660 661
2 660 662
2 660 657
2 660 663
2 660 695
2 660 656
2 660 696
2 1299 1300
2 1299 1223
2 1299 1222
2 1299 1221
2 1299 1220
2 1219 1299
2 1299 6403
2 662 661
2 662 663
2 662 695
2 662 658
2 662 696
2 662 657
2 391 6350
2 391 389
2 388 391
2 391 387
2 695 663
2 695 661
2 695 696
2 695 658
2 695 6404
2 1300 1223
2 1300 1222
2 1300 1221
2 1300 1220
2 1219 1300
2 1300 6403
2 1300 1156
2 925 943
2 926 925
2 925 944
2 925 923
2 696 663
2 696 6404
2 696 661
2 696 727
2 6404 728
2 6404 6405
2 6404 663
2 662 6404
2 6404 661
2 1223 1221
2 1223 1220
2 1223 6403
2 1223 1156
2 1223 1155
2 922 923
2 922 924
2 922 861
2 942 922
2 6193 3555
2 6193 3556
2 4009 4021
2 4009 4008
2 4009 4023
2 4009 4025
2 4021 4023
2 4021 4025
2 4021 4064
2 4021 4008
2 1220 6403
2 1220 1222
2 1220 1156
2 1220 1155
2 1220 1154
2 4023 4064
2 4023 4032
2 806 712
2 806 715
2 806 717
2 719 806
2 806 714
2 6306 806
2 387 366
2 387 389
2 387 364
2 6403 1156
2 6403 1221
2 6403 1155
2 6403 1154
2 6403 1222
2 6403 1153
2 923 860
2 923 858
2 923 927
2 923 856
2 4064 4032
2 4064 4081
2 366 364
2 366 386
2 892 6406
2 892 878
2 892 877
2 892 6407
2 892 873
2 892 6408
2 892 6409
2 892 6405
2 1155 1153
2 1155 1152
2 1155 1151
2 1155 1221
2 878 6406
2 878 6407
2 878 873
2 878 6408
2 878 6409
2 712 715
2 712 717
2 712 580
2 712 578
2 3489 3511
2 3489 3497
2 3489 3499
2 3489 3469
2 1153 1152
2 1153 1156
2 1153 1151
2 1153 1118
2 856 858
2 856 857
2 856 860
2 856 861
2 856 813
2 856 812
2 856 924
2 3497 3499
2 3497 3511
2 3497 3496
2 3487 3497
2 382 6349
2 382 364
2 365 382
2 366 382
2 384 382
2 3499 3511
2 3499 3496
2 1151 1118
2 1151 1154
2 1151 1156
2 1151 1117
2 6403 1151
2 3909 3912
2 3909 3940
2 3909 3882
2 717 715
2 717 580
2 717 578
2 577 717
2 363 6349
2 6349 361
2 6349 340
2 6349 364
2 365 6349
2 3912 3940
2 3912 3963
2 3912 3964
2 1118 1117
2 1118 1152
2 1118 1157
2 1118 1154
2 1155 1118
2 1118 1156
2 3940 3963
2 3940 3964
2 3910 3940
2 809 811
2 809 812
2 809 774
2 809 813
2 859 809
2 809 772
2 3963 3974
2 3963 3973
2 340 360
2 340 332
2 340 331
2 362 340
2 875 874
2 875 879
2 875 952
2 875 990
2 875 891
2 875 989
2 1157 1117
2 1157 1089
2 1157 1084
2 1151 1157
2 1083 1157
2 1157 1085
2 990 953
2 990 879
2 990 876
2 990 954
2 990 955
2 580 578
2 580 576
2 580 575
2 580 574
2 360 332
2 360 331
2 360 336
2 327 360
2 1089 1117
2 1089 1084
2 1089 1085
2 1118 1089
2 1089 1086
2 1119 1089
2 774 772
2 774 771
2 774 808
2 774 770
2 769 774
2 955 989
2 3433 3445
2 3433 3446
2 3433 3460
2 3445 3446
2 3445 3460
2 3445 3431
2 3445 3461
2 772 771
2 772 770
2 772 785
2 772 808
2 3446 3460
2 3446 3461
2 3446 3462
2 3460 3461
2 3460 3462
2 3463 3460
2 576 578
2 576 573
2 576 6307
2 332 336
2 332 330
2 329 332
2 328 332
2 1084 1087
2 1084 1088
2 1084 1091
2 3843 3874
2 3859 3843
2 574 573
2 574 578
2 574 6307
2 6306 574
2 336 331
2 336 330
2 336 333
2 334 336
2 3874 3871
2 770 747
2 770 771
2 770 773
2 770 746
2 770 745
2 3858 3871
2 3858 3873
2 573 575
2 573 6307
2 573 578
2 580 573
2 6306 573
2 330 333
2 330 337
2 330 331
2 338 330
2 3871 3873
2 3871 3881
2 1032 1033
2 1032 1029
2 1032 1091
2 1032 1088
2 1032 1087
2 1032 987
2 1032 1086
2 333 337
2 333 6343
2 1091 1088
2 1091 1087
2 1091 1086
2 1091 1031
2 1091 1085
2 1087 1088
2 1087 1086
2 1087 1033
2 1087 1085
2 1087 1031
2 746 745
2 746 747
2 746 6410
2 746 6411
2 746 785
2 746 725
2 6343 337
2 6343 6341
2 330 6343
2 1086 1088
2 1086 1033
2 6411 725
2 6411 723
2 6411 773
2 6411 722
2 6411 721
2 3363 3364
2 3363 3378
2 3365 3378
2 1031 1029
2 1031 1033
2 1031 1088
2 1031 987
2 1086 1031
2 3378 6206
2 3378 3364
2 3428 3378
2 3378 3429
2 3787 3821
2 3787 3767
2 3787 3822
2 309 6341
2 309 322
2 6343 309
2 309 320
2 338 309
2 3821 3822
2 3821 3824
2 3821 3767
2 3768 3821
2 3766 3821
2 1029 987
2 1029 1033
2 1091 1029
2 1029 1088
2 1029 1030
2 1087 1029
2 721 723
2 721 725
2 721 6410
2 721 691
2 3822 3824
2 3822 3767
2 1152 1154
2 1152 1156
2 6403 1152
2 1152 1117
2 1154 1156
2 1156 1221
2 6412 720
2 6412 722
2 6412 723
2 6412 725
2 6412 724
2 689 6412
2 1156 1222
2 1155 1222
2 322 295
2 322 294
2 3261 3302
2 3261 3273
2 3261 3303
2 3304 3261
2 3305 3261
2 3302 3303
2 3302 3317
2 3303 3317
2 3303 3306
2 3303 3273
2 3303 3318
2 3303 3271
2 6413 6414
2 6413 579
2 6413 434
2 6413 431
2 6413 6307
2 572 6413
2 6413 429
2 573 6413
2 6413 6292
2 321 294
2 309 321
2 321 323
2 3317 3318
2 3317 3319
2 3317 3273
2 3302 3318
2 3701 3726
2 3701 3704
2 3701 3727
2 434 431
2 434 579
2 434 429
2 434 6307
2 434 6292
2 572 434
2 294 320
2 294 323
2 294 293
2 3703 3727
2 3703 3704
2 3703 3730
2 3703 3729
2 3703 3726
2 1030 954
2 1030 953
2 724 691
2 724 690
2 724 692
2 724 693
2 3727 3729
2 3727 3730
2 3727 3704
2 3727 3731
2 3729 3731
2 3729 3704
2 3702 3729
2 3701 3729
2 3731 3730
2 3731 3765
2 3725 3731
2 3703 3731
2 985 954
2 985 953
2 985 989
2 985 987
2 323 293
2 323 286
2 323 295
2 284 323
2 323 283
2 6415 424
2 6415 421
2 6415 420
2 6415 419
2 6415 417
2 416 6415
2 6415 415
2 414 6415
2 6415 423
2 421 424
2 421 419
2 421 420
2 421 417
2 421 415
2 421 423
2 954 953
2 954 989
2 692 690
2 692 693
2 692 654
2 692 653
2 692 652
2 692 6416
2 692 6417
2 1298 1301
2 1298 1303
2 1298 1391
2 1298 1390
2 286 283
2 281 286
2 286 282
2 1301 1303
2 1301 1390
2 1301 6401
2 1301 1388
2 953 989
2 953 952
2 653 652
2 653 654
2 653 648
2 653 693
2 653 690
2 653 649
2 653 651
2 1303 1390
2 1303 1388
2 1303 6401
2 1390 1388
2 1390 1379
2 989 952
2 989 879
2 989 876
2 1388 1379
2 1379 1434
2 1379 1391
2 1303 1379
2 3199 3227
2 3199 3176
2 3175 3199
2 3201 3227
2 3185 3201
2 3201 3176
2 650 651
2 650 649
2 650 633
2 650 648
2 650 631
2 650 632
2 650 652
2 653 650
2 6173 3651
2 6173 3652
2 6173 3654
2 6173 3656
2 3657 6173
2 6173 3658
2 6292 431
2 6292 6414
2 6292 432
2 282 269
2 282 283
2 282 6337
2 3651 3656
2 3651 3652
2 3651 3671
2 633 651
2 633 6418
2 633 648
2 3656 3685
2 3656 3654
2 3685 3654
2 3651 3685
2 876 879
2 876 952
2 876 891
2 953 876
2 632 6418
2 632 649
2 632 630
2 632 600
2 437 450
2 437 440
2 437 441
2 437 476
2 437 422
2 6291 429
2 6291 432
2 6291 435
2 6291 431
2 434 6291
2 6337 269
2 6337 243
2 6337 242
2 440 476
2 440 472
2 440 450
2 874 879
2 874 891
2 874 952
2 990 874
2 951 874
2 989 874
2 476 470
2 476 471
2 476 439
2 476 438
2 471 470
2 471 482
2 471 469
2 471 441
2 440 471
2 245 243
2 245 242
2 245 269
2 245 255
2 482 470
2 482 474
2 482 472
2 482 475
2 476 482
2 474 469
2 471 474
2 474 470
2 474 472
2 600 6418
2 600 594
2 600 631
2 600 592
2 600 593
2 1458 1460
2 1458 1487
2 1458 1488
2 1489 1458
2 1460 1487
2 1460 1488
2 1460 1490
2 1491 1460
2 242 255
2 242 240
2 267 242
2 1487 1488
2 1487 1490
2 1487 1512
2 1488 1490
2 1488 1512
2 891 873
2 891 879
2 891 952
2 990 891
2 1490 1512
2 1490 1513
2 1490 1514
2 1515 1490
2 255 240
2 255 243
2 255 238
2 1512 1513
2 1512 1514
2 1512 1516
2 1513 1514
2 1513 1516
2 1513 1586
2 592 593
2 592 596
2 592 597
2 592 630
2 1516 1514
2 1516 1586
2 1491 1516
2 596 597
2 596 593
2 596 594
2 596 599
2 596 549
2 3115 3118
2 3115 3117
2 3115 3120
2 3128 3115
2 432 435
2 432 429
2 6285 432
2 432 431
2 238 236
2 238 254
2 238 6327
2 238 240
2 238 234
2 873 877
2 873 6406
2 873 6407
2 874 873
2 3118 3117
2 3118 3120
2 3120 3117
2 3120 3137
2 3137 3138
2 3119 3137
2 3118 3137
2 3137 3117
2 3127 3138
2 3120 3138
2 3119 3138
2 3138 3203
2 549 547
2 549 545
2 549 599
2 549 544
2 549 554
2 549 597
2 549 546
2 3592 3601
2 3592 3603
2 3601 3603
2 3601 3595
2 3601 3605
2 3601 3604
2 6327 234
2 6327 235
2 6327 236
2 222 6327
2 3603 3605
2 3603 3626
2 3603 3595
2 3603 3625
2 3605 3626
2 3605 3625
2 877 6406
2 877 6407
2 877 6408
2 877 6409
2 544 554
2 544 545
2 544 547
2 544 546
2 544 498
2 544 497
2 3625 3626
2 235 220
2 546 554
2 546 495
2 546 545
2 546 547
2 554 545
2 554 547
2 554 498
2 554 497
2 498 497
2 498 495
2 498 526
2 498 545
2 545 547
2 545 599
2 545 597
2 6407 6406
2 6407 6408
2 6407 6409
2 6407 6405
2 6407 728
2 495 497
2 495 493
2 495 492
2 543 495
2 599 547
2 599 597
2 544 599
2 554 599
2 219 220
2 219 191
2 237 219
2 597 547
2 597 593
2 593 594
2 598 593
2 599 593
2 493 526
2 493 492
2 493 496
2 493 497
2 498 493
2 546 493
2 1618 1588
2 1618 1644
2 1618 1646
2 1647 1618
2 6408 6409
2 6408 6405
2 6408 6406
2 6408 728
2 6408 727
2 492 496
2 492 475
2 474 492
2 492 497
2 1644 1646
2 1644 1681
2 1644 1682
2 1646 1681
2 1646 1682
2 1646 1683
2 1646 1684
2 1646 1686
2 6409 728
2 6409 727
2 6409 6406
2 6404 6409
2 726 6409
2 496 475
2 496 469
2 482 496
2 468 496
2 1682 1684
2 1682 1686
2 1683 1684
2 1683 1681
2 1683 1686
2 1683 1697
2 1684 1686
2 1684 1697
2 1684 1681
2 6405 728
2 6405 727
2 726 6405
2 6405 6406
2 696 6405
2 1686 1697
2 1686 1681
2 188 223
2 188 183
2 190 188
2 188 191
2 192 188
2 188 182
2 3016 3027
2 3016 6255
2 3016 3028
2 3016 3029
2 3016 3067
2 728 727
2 696 728
2 695 728
2 469 470
2 469 475
2 469 472
2 476 469
2 3027 3028
2 3027 3029
2 3027 6255
2 3027 3067
2 3052 3027
2 3028 3029
2 3028 3067
2 3053 3028
2 3028 3065
2 695 727
2 727 663
2 472 441
2 3067 3065
2 3067 3054
2 3065 3054
2 3065 3064
2 441 439
2 441 438
2 441 470
2 182 180
2 182 177
2 181 182
2 184 182
2 3054 3064
2 3054 3029
2 438 450
2 438 422
2 177 180
2 177 183
2 177 185
2 3509 3518
2 3509 3520
2 3509 3506
2 3517 3520
2 3517 3518
2 3517 3560
2 450 422
2 450 439
2 441 450
2 450 418
2 3520 3560
2 3520 3521
2 3520 3518
2 663 661
2 663 658
2 663 657
2 422 418
2 422 439
2 422 423
2 440 422
2 6279 291
2 6279 289
2 6279 287
2 260 6279
2 186 172
2 186 170
2 176 186
2 3560 3547
2 3560 3521
2 3560 3550
2 3547 3550
2 3547 3559
2 3520 3547
2 3547 3521
2 418 423
2 418 415
2 437 418
2 6278 291
2 6278 289
2 6278 287
2 260 6278
2 170 172
2 170 169
2 170 168
2 170 185
2 184 170
2 3550 3559
2 3550 3562
2 657 658
2 657 656
2 657 661
2 695 657
2 649 651
2 649 648
2 649 631
2 649 652
2 6277 291
2 6277 289
2 6277 287
2 260 6277
2 168 169
2 168 151
2 168 152
2 168 172
2 168 150
2 173 168
2 648 652
2 648 651
2 648 654
2 692 648
2 652 654
2 652 693
2 652 690
2 656 658
2 656 661
2 662 656
2 663 656
2 415 417
2 415 419
2 415 423
2 415 420
2 415 424
2 291 289
2 291 287
2 291 259
2 151 150
2 151 169
2 170 151
2 171 151
2 151 172
2 654 690
2 654 693
2 654 6416
2 654 6417
2 419 417
2 419 420
2 419 424
2 419 423
2 690 693
2 690 6416
2 690 6417
2 424 420
2 424 417
2 414 424
2 424 423
2 289 287
2 289 259
2 1998 2000
2 1998 2001
2 2002 1998
2 1998 2003
2 1998 2004
2 287 259
2 287 258
2 163 149
2 163 150
2 151 163
2 163 152
2 119 163
2 6419 2003
2 6419 2004
2 2001 2000
2 2001 2003
2 2001 2004
2 2001 1999
2 149 148
2 119 149
2 149 122
2 118 149
2 149 120
2 2004 2000
2 2004 2026
2 2004 2028
2 2026 2028
2 2026 6379
2 2026 6371
2 2026 2003
2 2001 2026
2 6379 6371
2 2004 6379
2 6379 2003
2 2002 6379
2 6379 6368
2 6371 2028
2 6371 6368
2 6371 6367
2 6371 6366
2 6367 6366
2 6367 6363
2 6367 6365
2 6379 6367
2 120 122
2 120 124
2 120 126
2 117 120
2 6363 6366
2 6363 6365
2 6363 6368
2 6363 2090
2 6371 6363
2 6365 6366
2 6365 6368
2 2086 6365
2 259 258
2 259 257
2 124 126
2 124 116
2 124 115
2 2871 2894
2 2871 2895
2 2906 2871
2 2921 2871
2 2871 2907
2 258 257
2 288 258
2 289 258
2 290 258
2 116 115
2 116 114
2 116 111
2 116 126
2 123 116
2 2894 2895
2 2894 2907
2 287 257
2 257 213
2 288 257
2 289 257
2 111 114
2 111 115
2 111 6420
2 111 126
2 111 113
2 2895 2907
2 2895 2880
2 2909 2895
2 2907 2911
2 2907 2881
2 6420 113
2 6420 75
2 6420 114
2 6420 100
2 6420 115
2 116 6420
2 75 100
2 75 70
2 111 75
2 2911 2923
2 2911 2924
2 100 70
2 100 74
2 2923 2924
2 2923 2949
2 2923 2956
2 6198 6421
2 6198 3458
2 6198 6422
2 6421 6422
2 6421 3454
2 6421 3457
2 6422 3457
2 6422 3481
2 6301 102
2 6301 66
2 77 6301
2 6301 6290
2 3457 3481
2 3457 3480
2 3481 3480
2 3481 6194
2 3455 3481
2 722 720
2 722 725
2 722 6410
2 212 213
2 212 209
2 212 211
2 257 212
2 258 212
2 66 6290
2 66 68
2 66 65
2 66 6289
2 66 6302
2 66 64
2 66 6303
2 725 6410
2 725 720
2 725 745
2 6410 745
2 6410 723
2 6410 747
2 6290 65
2 6290 6289
2 6290 64
2 6290 68
2 6290 6302
2 745 773
2 745 747
2 745 785
2 745 723
2 6289 65
2 6289 64
2 67 6289
2 6289 68
2 62 6289
2 744 785
2 2116 2135
2 2116 2137
2 2116 2139
2 2135 2137
2 2135 2139
2 2135 2162
2 2135 2163
2 2139 6352
2 2139 2209
2 2163 6352
2 2163 2162
2 2163 2209
2 2163 2207
2 2163 2137
2 6352 2209
2 6352 2207
2 6352 2162
2 6352 2205
2 61 54
2 61 55
2 56 61
2 2209 2207
2 2209 2205
2 2209 2162
2 2209 6351
2 2207 2205
2 2207 6351
2 2207 2228
2 209 211
2 209 214
2 209 215
2 209 213
2 216 209
2 217 209
2 54 55
2 54 60
2 54 58
2 54 59
2 2205 6351
2 2205 2228
2 2163 2205
2 58 55
2 58 49
2 6351 2228
2 6351 2208
2 6352 6351
2 2228 2208
2 2209 2228
2 2228 2244
2 211 214
2 211 215
2 211 213
2 216 211
2 217 211
2 50 52
2 53 50
2 54 50
2 49 59
2 56 49
2 2208 2244
2 2208 2224
2 2208 2225
2 2208 2227
2 2244 2225
2 2244 2227
2 2204 2244
2 29 30
2 29 52
2 2225 2227
2 2225 2224
2 2225 2245
2 2227 2224
2 2227 2245
2 2277 2301
2 2300 2277
2 214 215
2 212 214
2 214 213
2 216 214
2 217 214
2 24 26
2 24 41
2 27 24
2 29 24
2 2645 2641
2 2691 2703
2 2691 2704
2 2691 2675
2 2691 2705
2 2691 2674
2 2716 2691
2 18 14
2 18 12
2 18 11
2 18 26
2 24 18
2 14 12
2 14 41
2 14 11
2 14 15
2 2703 2704
2 2703 2705
2 2716 2703
2 2703 2675
2 2704 2705
2 2704 2724
2 2704 2725
2 11 12
2 11 17
2 9 6
2 9 17
2 9 2
2 9 15
2 2705 2724
2 2705 2725
2 2705 2726
2 2 6
2 2 8
2 2 5
2 2724 2726
2 2724 2728
2 2724 2743
2 5 8
2 5 6
2 9 5
2 2726 2728
2 2726 2725
2 2726 2743
2 2726 2745
2 1921 3841
2 1924 1921
2 1920 3841
2 3661 3659
2 3661 3681
2 3661 1917
2 3661 3682
2 3681 3682
2 3681 3721
2 3681 3659
2 3721 3724
2 3721 3682
2 3721 3749
2 3748 3721
2 3238 3241
2 3238 1894
2 3238 3619
2 3724 3749
2 3724 3682
2 3241 3619
2 3241 1894
2 3749 3791
2 3791 3817
2 3791 3790
2 3841 6087
2 3840 6087
2 6087 6084
2 2728 2743
2 2728 2745
2 2728 2725
2 2728 2744
2 3817 3790
2 3817 3796
2 3790 3796
2 3796 3820
2 3689 3773
2 3689 3732
2 3619 3689
2 2745 2744
2 2745 2769
2 3820 3835
2 3820 3893
2 3773 3732
2 3773 3735
2 3687 3773
2 2744 2769
2 2744 2743
2 2727 2744
2 2726 2744
2 3835 3893
2 3796 3835
2 3732 3735
2 3893 3886
2 3344 3528
2 3344 1857
2 3344 1856
2 3344 3543
2 1838 3344
2 2769 2743
2 2729 2769
2 2728 2769
2 2727 2769
2 3886 3892
2 3894 3886
2 3543 3528
2 3543 3532
2 3543 3542
2 3396 3399
2 3396 3397
2 3396 3413
2 3396 3401
2 3396 3385
2 3892 3908
2 3542 3532
2 3542 3551
2 3399 3413
2 3399 3401
2 3399 3397
2 3399 3414
2 3399 3385
2 3908 3949
2 3554 3551
2 3554 3553
2 3554 3571
2 3542 3554
2 3413 3414
2 3413 3401
2 3413 3443
2 3413 3397
2 3414 3443
2 3414 3423
2 3424 3414
2 3414 3426
2 3949 3967
2 3907 3949
2 3986 3949
2 6084 6073
2 6066 6084
2 6084 4379
2 4378 6084
2 6084 4377
2 3571 3573
2 3571 3553
2 3579 3571
2 3552 3571
2 3443 3423
2 3443 3426
2 3443 3425
2 3423 3426
2 3423 3425
2 3441 3423
2 3967 3988
2 3573 3581
2 3582 3573
2 3804 3919
2 3425 3426
2 3425 3442
2 808 811
2 808 812
2 808 813
2 859 808
2 3988 3991
2 6073 4379
2 6073 4377
2 4376 6073
2 4375 6073
2 3581 3584
2 3916 3914
2 811 813
2 811 857
2 856 811
2 813 812
2 813 857
2 813 858
2 813 860
2 3991 4006
2 4050 3991
2 3574 3584
2 857 858
2 857 812
2 857 860
2 857 861
2 858 861
2 858 860
2 858 924
2 4006 4048
2 3988 4006
2 3989 4006
2 4379 4377
2 3346 3347
2 3346 3358
2 3346 3352
2 3346 3353
2 3346 3334
2 3347 3352
2 3347 3353
2 3347 3358
2 3347 3356
2 4048 6064
2 3352 3356
2 3352 3357
2 3352 3387
2 3622 3638
2 3647 3622
2 3356 3357
2 3356 3387
2 3356 3353
2 3356 3373
2 3387 3373
2 3387 3357
2 3387 3376
2 6064 4051
2 3373 3376
2 3373 6200
2 3373 3357
2 3914 3921
2 3921 3969
2 3916 3921
2 3917 3921
2 3376 3385
2 3386 3376
2 943 947
2 978 943
2 943 979
2 943 980
2 945 947
2 945 979
2 945 980
2 4051 4062
2 947 980
2 947 944
2 947 981
2 982 947
2 4062 4087
2 4074 4062
2 980 981
2 980 979
2 980 983
2 980 6402
2 4087 4088
2 4087 4163
2 4375 4373
2 4376 4373
2 4377 4373
2 981 6402
2 981 983
2 981 979
2 3969 6102
2 3969 6100
2 4130 3969
2 3969 4129
2 4128 3969
2 6402 983
2 6402 1012
2 978 6402
2 1012 1052
2 982 1012
2 4088 4115
2 4163 4116
2 3707 3740
2 3283 3286
2 3283 3269
2 3283 3299
2 3286 3297
2 3286 3285
2 3286 3299
2 3286 3301
2 4115 4159
2 4161 4115
2 4116 4159
2 3740 3776
2 6102 6100
2 6102 4129
2 6102 4125
2 4124 6102
2 3297 3301
2 3297 3299
2 3297 3285
2 3297 3311
2 3301 3311
2 3301 3312
2 3301 3299
2 3301 3313
2 4159 4188
2 3311 3313
2 3311 3333
2 3776 3784
2 3738 3776
2 6100 4129
2 6100 4125
2 3313 3333
2 3313 3315
2 3313 3325
2 3333 3325
2 3333 3315
2 4188 4196
2 3325 3332
2 3325 3315
2 1054 1055
2 1054 1063
2 1054 1053
2 1054 1061
2 1054 6398
2 3784 3805
2 4129 4125
2 1063 1055
2 1063 1061
2 1063 1066
2 1063 1065
2 1061 1065
2 1061 1066
2 1061 1055
2 4196 4213
2 4162 4196
2 6053 4594
2 6053 4591
2 4373 6053
2 1065 1106
2 1065 1104
2 1106 1104
2 1106 1108
2 1106 1066
2 1061 1106
2 1106 1109
2 3805 3853
2 3779 3805
2 3778 3805
2 4125 4122
2 1108 1109
2 1108 1104
2 1108 1105
2 1065 1108
2 1108 1066
2 1109 1104
2 4213 4226
2 4256 4213
2 3853 3851
2 3786 3853
2 3784 3853
2 3206 3209
2 3206 3245
2 3206 3219
2 3206 3207
2 4226 6115
2 4270 4226
2 3209 3245
2 3209 3219
2 3209 3223
2 3245 3222
2 3851 3855
2 3869 3851
2 4122 6095
2 4128 4122
2 3222 3259
2 3222 3244
2 3209 3222
2 3259 3244
2 3259 6218
2 3245 3259
2 3259 6210
2 6115 4257
2 4271 6115
2 3243 6210
2 3243 3257
2 3243 3255
2 6210 3255
2 6210 3257
2 6210 3244
2 3855 3870
2 3924 3855
2 3255 3257
2 3255 3244
2 1211 1214
2 1211 6394
2 1211 1243
2 1211 1244
2 4257 4290
2 4594 4591
2 4594 4592
2 1214 1243
2 1214 1244
2 1214 1212
2 1243 1244
2 1243 1246
2 1243 1291
2 3870 3923
2 3925 3870
2 4121 6095
2 6095 4205
2 1246 1288
2 1246 6393
2 1288 1291
2 1288 6393
2 1243 1288
2 1288 1244
2 4290 4313
2 4591 4592
2 6054 4591
2 6393 1291
2 1245 6393
2 6393 1290
2 1243 6393
2 3923 3929
2 3123 3133
2 3123 3136
2 3133 3136
2 3133 3126
2 3133 3149
2 4313 4328
2 3136 3149
2 3136 3152
2 3136 3126
2 3136 3151
2 3149 3151
2 3149 3152
2 3149 3154
2 3149 3167
2 3134 3149
2 3929 3942
2 3151 3167
2 3151 3152
2 3167 3171
2 3167 3154
2 3167 3169
2 4328 4343
2 4345 4328
2 3171 3169
2 3171 3154
2 3151 3171
2 1412 1384
2 1412 1386
2 3942 3984
2 3942 3978
2 1384 1386
2 1384 1408
2 1384 1409
2 1386 1408
2 1386 1409
2 1386 1383
2 1386 1411
2 4343 4353
2 1409 1408
2 1409 1411
2 1409 1453
2 3984 3978
2 3930 3984
2 3928 3984
2 3929 3984
2 3978 3979
2 3983 3978
2 1411 1453
2 1411 6423
2 1411 1408
2 6423 1453
2 1409 6423
2 1410 6423
2 6423 1452
2 6423 1408
2 4353 4381
2 4592 4598
2 4592 4678
2 4595 4592
2 1452 1453
2 1455 1481
2 1455 6389
2 1478 1455
2 3979 3985
2 6242 3035
2 6242 3038
2 3039 6242
2 3040 6242
2 6242 3037
2 3013 6242
2 3038 3060
2 3038 3046
2 3038 3048
2 4381 4400
2 3060 3048
2 3060 3046
2 3060 6239
2 3048 6239
2 3048 3058
2 3048 3046
2 3985 4011
2 6239 3058
2 6239 3072
2 6239 3050
2 3072 3058
2 3072 3071
2 3072 3069
2 3069 3073
2 3069 3071
2 3069 3074
2 3069 6237
2 3069 3097
2 3069 3096
2 3073 3097
2 3073 3096
2 3073 3071
2 4011 4059
2 3983 4011
2 3096 3097
2 3096 3074
2 3068 3096
2 1576 1571
2 1576 1534
2 1576 1572
2 1576 1574
2 1576 6424
2 1571 1574
2 1571 1534
2 1571 1594
2 1574 1572
2 1574 1594
2 1574 1595
2 1574 1596
2 4059 4058
2 4279 6071
2 1594 1596
2 1594 1572
2 1594 1597
2 1596 1597
2 1596 6425
2 1573 1596
2 4448 4450
2 4451 4448
2 4598 4679
2 4590 4598
2 4591 4598
2 1597 6425
2 1597 6374
2 1597 1676
2 1597 1595
2 6425 1676
2 6425 1666
2 1676 1666
2 4450 4453
2 4678 4679
2 4589 4678
2 4590 4678
2 4591 4678
2 1666 1660
2 1660 1659
2 1660 1663
2 1660 1664
2 4058 4068
2 2938 2937
2 2938 2940
2 2938 2941
2 2938 2942
2 2938 2947
2 2943 2938
2 2937 2942
2 2937 2941
2 2937 2940
2 2937 2945
2 2942 2945
2 2942 2952
2 4453 6021
2 4449 4453
2 4592 4679
2 4589 4679
2 4590 4679
2 4591 4679
2 2945 2954
2 2945 2952
2 2945 2941
2 2945 2974
2 2954 2974
2 2954 2952
2 2954 2976
2 2954 2975
2 2974 2975
2 2974 2976
2 2974 2980
2 2974 2979
2 4068 4135
2 4068 4091
2 6071 4513
2 4278 6071
2 6075 6071
2 2975 2980
2 2975 2979
2 2975 2976
2 2975 6251
2 2980 6251
2 2980 2979
2 2980 2990
2 6021 6017
2 6251 2990
2 6251 2979
2 6251 2992
2 2990 2992
2 2990 3003
2 4135 4091
2 4060 4135
2 1714 1711
2 1714 1790
2 1792 1978
2 1792 1874
2 1792 1790
2 1792 1875
2 1792 6359
2 6017 4495
2 4497 6017
2 1978 1874
2 1978 1875
2 1978 1790
2 1789 1978
2 1875 1874
2 1875 1976
2 1875 1968
2 4091 4131
2 4132 4091
2 1976 1969
2 1976 1970
2 1976 1971
2 1978 1976
2 1969 1970
2 1969 1968
2 1969 1971
2 1969 1972
2 4553 4495
2 1971 1972
2 1971 1968
2 1971 1994
2 1972 1993
2 1972 1994
2 1972 1970
2 1972 1995
2 1994 1995
2 1994 2043
2 1994 1970
2 6014 4551
2 6017 6014
2 4494 6014
2 1995 2043
2 1995 2020
2 1995 2041
2 2043 2020
2 2043 2041
2 2043 2021
2 2043 1993
2 4131 4178
2 4179 4131
2 4180 4131
2 4513 4511
2 4513 4509
2 2020 2037
2 2020 2042
2 2042 2021
2 2042 2038
2 2042 2041
2 2043 2042
2 2019 2042
2 4551 4548
2 2750 2746
2 2750 2748
2 2750 2764
2 2750 2762
2 2746 2764
2 2746 2762
2 2746 2748
2 2746 2766
2 4178 4181
2 4511 4509
2 4511 4525
2 2764 2762
2 2764 2766
2 2764 2748
2 2764 2782
2 2766 2782
2 2766 2762
2 2766 2784
2 4548 4570
2 2782 6266
2 2782 2784
2 2782 2786
2 2782 2787
2 4181 4209
2 4509 4525
2 6266 2787
2 6266 2786
2 6266 2784
2 6266 2797
2 4570 4624
2 2787 2797
2 2787 2796
2 2796 2798
2 2796 2797
2 2796 2799
2 2796 2786
2 4209 4262
2 2798 2821
2 2798 2824
2 4624 4616
2 4555 4624
2 2821 2824
2 2821 2822
2 2821 2825
2 2796 2821
2 4262 4282
2 4208 4262
2 2822 2825
2 2822 2826
2 2822 2824
2 2800 2822
2 2825 6262
2 2825 2826
2 2825 2837
2 4616 4658
2 4572 4616
2 6262 2826
2 6262 2859
2 2822 6262
2 6262 2860
2 2837 2859
2 2837 2860
2 2837 2858
2 4235 4282
2 4282 4263
2 2859 2860
2 2859 2858
2 2859 2865
2 2859 2863
2 2858 2860
2 2858 2863
2 2858 2865
2 2160 2188
2 2160 2158
2 2160 2174
2 2160 2155
2 2160 2175
2 2160 2176
2 4658 4659
2 4615 4658
2 2174 2176
2 2174 2188
2 2174 2203
2 2174 2187
2 2176 2203
2 2176 2187
2 2176 2188
2 2203 2175
2 2203 2189
2 2203 2201
2 2189 2187
2 2202 2189
2 2189 2197
2 4659 4672
2 4673 4659
2 6117 6128
2 6117 5056
2 5050 6117
2 6117 5132
2 5076 6117
2 5051 6117
2 5052 6117
2 2196 2197
2 2196 2218
2 2196 2219
2 2196 2221
2 4263 4297
2 2218 2219
2 2218 2221
2 2218 2197
2 2218 2239
2 2221 2219
2 2221 2239
2 2221 2238
2 4672 4714
2 4672 4712
2 4710 4672
2 6128 5056
2 5050 6128
2 6128 5132
2 5076 6128
2 5051 6128
2 5052 6128
2 2239 6331
2 2239 2219
2 6331 2238
2 6331 2240
2 6331 2242
2 2221 6331
2 6331 2243
2 4261 4297
2 4507 4581
2 4525 4581
2 4506 4581
2 4581 6049
2 2240 2243
2 2240 6325
2 2239 2240
2 2243 6325
2 2243 2242
2 2243 6322
2 4714 4712
2 4711 4714
2 4714 4724
2 4715 4714
2 5056 5132
2 5076 5056
2 5051 5056
2 5052 5056
2 6325 6322
2 6325 6426
2 6325 6330
2 6325 2242
2 2241 6325
2 6322 6426
2 6322 6427
2 6322 6321
2 6426 6427
2 6426 6316
2 6329 6426
2 6427 6321
2 6427 6316
2 6427 6330
2 6427 6324
2 6325 6427
2 6323 6427
2 4712 4724
2 4712 4716
2 4717 4712
2 4724 4716
2 4724 4727
2 6316 6324
2 6316 6321
2 6316 2271
2 6316 6330
2 6324 2271
2 6324 2269
2 6324 6321
2 2267 6324
2 4361 4339
2 4361 4358
2 4297 4361
2 2271 2272
2 2271 2269
2 2271 2268
2 2271 2266
2 2269 2266
2 2269 2268
2 2269 2270
2 4716 4727
2 2266 2268
2 2266 2270
2 2266 2273
2 2266 2272
2 2270 2273
2 2270 2268
2 2270 2296
2 2270 2297
2 4339 4358
2 2273 2296
2 2273 2297
2 2273 2268
2 2298 2273
2 4715 4727
2 4727 4739
2 4736 4739
2 4725 4736
2 2296 6313
2 2296 2307
2 2306 2296
2 2309 2296
2 2297 6313
2 2297 2307
2 2297 2308
2 6313 2307
2 6313 2308
2 6313 2311
2 2308 2312
2 2308 2311
2 2308 2307
2 2308 2324
2 4739 4761
2 2312 2311
2 2312 2324
2 2312 2325
2 2312 2321
2 6313 2312
2 2324 2321
2 2324 2325
2 2324 2322
2 6049 6048
2 4783 6049
2 4526 6049
2 6049 4782
2 2321 2322
2 2321 2325
2 2321 2328
2 2321 2329
2 2322 2329
2 2322 2328
2 2322 2325
2 2329 2328
2 2329 6309
2 2329 2358
2 2327 2329
2 4761 4768
2 4770 4761
2 5057 5132
2 6309 2358
2 6309 2328
2 6309 2353
2 2322 6309
2 6309 2355
2 2358 2353
2 2358 2355
2 2358 6428
2 2358 2352
2 4390 4412
2 4390 6046
2 2353 6428
2 2353 2355
2 2353 2352
2 2353 6308
2 2353 2376
2 6428 2352
2 6428 2376
2 6428 2357
2 4768 4788
2 2376 2373
2 2376 2357
2 2376 2372
2 4412 6046
2 6048 4782
2 6048 4779
2 4778 6048
2 4776 6048
2 2373 2372
2 2373 2357
2 2373 2375
2 2373 2352
2 2372 2375
2 2372 2357
2 4788 4791
2 2375 2396
2 2375 2395
2 2396 2397
2 2396 2395
2 2396 2412
2 2397 2412
2 2397 6304
2 2397 2395
2 2412 6304
2 2412 2411
2 2412 2413
2 2412 2395
2 2411 2413
2 2411 2415
2 2411 6304
2 2411 2430
2 6043 6042
2 2415 2430
2 2415 2413
2 2415 2426
2 2415 2427
2 2430 2427
2 2430 2426
2 2430 6299
2 4868 4878
2 4810 4868
2 4811 4868
2 2427 6299
2 2427 2426
2 2427 2438
2 6299 2437
2 6299 2438
2 6299 2440
2 4782 4779
2 4782 4777
2 4780 4782
2 2437 2440
2 2437 2438
2 2437 6298
2 2427 2437
2 2440 6298
2 2440 6297
2 2440 6294
2 4878 4877
2 6298 6294
2 6298 6297
2 6298 2469
2 6298 2466
2 2467 6298
2 6042 6038
2 6036 6042
2 4456 6042
2 4455 6042
2 4779 4777
2 4781 4779
2 4784 4779
2 6294 2466
2 6294 2464
2 4877 4895
2 2466 2464
2 2466 2469
2 2466 2463
2 2466 2490
2 2464 2490
2 2464 2463
2 2464 2469
2 6038 6039
2 4777 4820
2 2490 2468
2 2490 2463
2 2490 2489
2 2468 2489
2 2468 2488
2 2468 2492
2 4895 4908
2 5160 5320
2 5055 5160
2 5054 5160
2 2488 2492
2 2488 2504
2 2488 6287
2 2490 2488
2 2492 6287
2 2492 2502
2 2492 2503
2 6039 4564
2 6039 4561
2 4560 6039
2 6287 2502
2 6287 2503
2 6287 2504
2 2487 6287
2 2502 2506
2 2502 2520
2 2502 2504
2 2491 2502
2 4908 4918
2 2520 2517
2 2520 2519
2 2520 2518
2 2520 2503
2 2517 2518
2 2517 2519
2 2517 2506
2 2517 2522
2 2523 2517
2 4564 4561
2 4564 4562
2 4820 4821
2 4776 4820
2 2518 2522
2 2518 2532
2 4918 4945
2 4918 4947
2 5077 5320
2 5368 5320
2 5057 5320
2 2522 2532
2 2522 2534
2 2522 2519
2 2522 2551
2 2532 2534
2 2532 2551
2 2532 2536
2 2532 2549
2 4561 4562
2 4565 4561
2 6027 4821
2 4777 4821
2 4776 4821
2 2551 2536
2 2551 2534
2 2551 2549
2 2551 2547
2 2536 2547
2 2536 2534
2 2536 2548
2 4945 4947
2 4945 4998
2 4975 4945
2 2547 2548
2 2547 2549
2 2547 2550
2 2547 2552
2 2548 2552
2 2548 2549
2 4562 4567
2 2552 2560
2 2552 2562
2 2560 2562
2 2560 6280
2 2560 2550
2 2548 2560
2 6280 2573
2 6280 2575
2 6280 2562
2 2559 6280
2 2576 6280
2 2573 2575
2 2573 2577
2 2573 2587
2 2563 2573
2 2585 2573
2 4567 4611
2 2575 2577
2 2575 2587
2 2575 2586
2 2577 2587
2 2577 2586
2 2589 2577
2 2577 2588
2 2586 2588
2 2586 2587
2 2586 2590
2 2586 2591
2 2597 2586
2 2588 2594
2 2588 2590
2 4611 4653
2 4565 4611
2 2594 2599
2 2594 2590
2 2599 2596
2 2599 2598
2 2588 2599
2 4997 5037
2 4974 4997
2 2598 2613
2 2598 2617
2 2598 2596
2 2598 2612
2 2598 2614
2 2617 2612
2 2617 2613
2 2617 2614
2 2617 2596
2 4653 4663
2 4586 4653
2 4933 4932
2 4936 4933
2 4937 4933
2 2612 2613
2 2656 2661
2 2656 2658
2 2656 2663
2 5037 5027
2 4979 5037
2 4978 5037
2 1911 1910
2 1911 1913
2 1911 1907
2 1911 1915
2 1911 1912
2 1911 6429
2 1899 1901
2 1899 1897
2 1899 1895
2 1899 1902
2 1899 1896
2 4663 4654
2 4611 4663
2 4939 4932
2 4948 4932
2 1884 1885
2 1884 1887
2 1884 1888
2 1884 1889
2 1884 1891
2 1892 1884
2 1867 1866
2 1867 1868
2 1867 3086
2 1867 1865
2 1886 1867
2 1867 1861
2 1867 1887
2 5027 5041
2 5078 5027
2 1844 1843
2 1844 1842
2 1844 1859
2 1811 1810
2 1811 1807
2 1811 1808
2 1811 1806
2 1811 1843
2 1806 1808
2 1806 1807
2 1806 1788
2 1806 1810
2 1812 1806
2 1806 1785
2 4654 4666
2 4654 4703
2 1786 1787
2 1786 1785
2 1786 1754
2 1786 1753
2 1786 1751
2 1786 1750
2 1755 1747
2 1755 1751
2 1755 1750
2 1752 1755
2 1755 1753
2 5041 5079
2 1857 1856
2 1857 1839
2 1857 1837
2 1857 3528
2 1857 1836
2 2856 2855
2 2856 1926
2 2856 2767
2 2856 1818
2 4650 4666
2 4690 4666
2 1837 1839
2 1837 1856
2 1837 1836
2 1837 1835
2 1837 1832
2 2875 2874
2 2875 2876
2 2875 2873
2 2875 2852
2 2875 2851
2 2875 2850
2 1832 1835
2 1832 1836
2 1832 1830
2 1832 1834
2 4703 4691
2 4949 4966
2 4949 5002
2 1834 1795
2 1834 1830
2 1834 1794
2 1834 1793
2 1834 1835
2 1680 2851
2 1680 2852
2 1680 1678
2 1680 1655
2 5103 5119
2 1793 1794
2 1793 1795
2 1793 1770
2 1793 1769
2 1678 1655
2 1678 1677
2 1678 1642
2 1653 1678
2 4966 5002
2 4966 5003
2 1765 1769
2 1765 1782
2 1765 1767
2 1640 1641
2 1640 1642
2 1640 6430
2 1640 1620
2 1782 1767
2 1782 1769
2 1768 1782
2 1782 1771
2 1782 1770
2 5119 5178
2 1767 1732
2 1729 1767
2 1726 1767
2 1599 2749
2 1599 1601
2 1602 1599
2 1599 1604
2 5002 5003
2 5002 5140
2 1727 1728
2 1727 1731
2 1727 1733
2 1727 1734
2 1727 1732
2 1733 1734
2 1733 1731
2 1733 1728
2 1733 3214
2 1733 3213
2 3212 3214
2 3212 3213
2 3212 1673
2 3212 1734
2 1733 3212
2 3212 1731
2 3212 1728
2 5178 5169
2 1531 1529
2 1531 1546
2 1531 1548
2 1549 1531
2 1519 1518
2 1519 1522
2 1519 1520
2 1519 1503
2 1519 1502
2 5003 5140
2 4949 5003
2 4948 5003
2 1502 1503
2 1502 1485
2 1502 1518
2 1502 1484
2 1486 1502
2 1670 1672
2 1670 1613
2 1670 1668
2 1670 3155
2 1610 1670
2 1612 1670
2 1852 1853
2 1852 1848
2 1852 1850
2 1485 1484
2 1485 1483
2 1485 1474
2 1485 1482
2 1485 1473
2 4966 5140
2 4965 5140
2 1578 1577
2 1578 1580
2 1578 1611
2 1578 1567
2 1802 1799
2 1802 1850
2 1802 1761
2 5169 5182
2 5544 5541
2 5369 5544
2 5544 5543
2 5322 5544
2 1419 1420
2 1419 1421
2 1419 1422
2 1419 1418
2 1419 1415
2 1419 1416
2 4804 4800
2 4804 4802
2 6009 4804
2 1737 1609
2 1737 1819
2 1737 1608
2 1737 1606
2 1567 1543
2 1567 1577
2 1567 1569
2 1799 1761
2 1799 1801
2 1799 1804
2 1417 1415
2 1417 1418
2 1417 1416
2 1417 2639
2 1417 2638
2 1419 1417
2 4800 4802
2 4806 4800
2 2639 2638
2 2639 2620
2 2639 2619
2 2639 1415
2 2639 2618
2 2639 1416
2 1609 1608
2 1609 1606
2 1609 1605
2 1609 1819
2 1544 1541
2 1544 1540
2 1544 3062
2 1544 3061
2 1544 1538
2 1544 1537
2 1544 1569
2 4802 4829
2 1347 1346
2 1347 1348
2 1347 1345
2 1347 2640
2 1347 2618
2 1347 1326
2 1347 1325
2 3061 1541
2 3061 1540
2 3061 3042
2 3061 3041
2 3025 3061
2 5237 5269
2 5269 5257
2 1326 1325
2 1326 1345
2 1326 1324
2 1326 1346
2 1326 1314
2 1606 1608
2 1606 1525
2 1312 1314
2 1312 1313
2 1312 1324
2 1312 1285
2 1312 1284
2 5541 5543
2 5548 5541
2 5541 5584
2 3041 3042
2 3041 3026
2 3041 3024
2 3041 1431
2 3041 1430
2 1429 3041
2 3041 3006
2 1284 1285
2 1284 1281
2 1284 1313
2 1284 1314
2 1315 1284
2 4870 4829
2 4829 4871
2 3024 1430
2 3024 1431
2 3024 3026
2 3024 3006
2 3024 3042
2 3024 1424
2 5257 6143
2 5235 5257
2 5543 5584
2 5633 5543
2 1260 1266
2 1260 1282
2 1260 1281
2 1260 1264
2 1283 1260
2 2495 1225
2 2495 1227
2 2495 1207
2 2495 1204
2 2495 1205
2 2495 1202
2 4841 4871
2 4872 4841
2 4883 4841
2 1370 2946
2 1370 1372
2 1370 1373
2 1370 1306
2 1370 1376
2 1207 1205
2 1207 1204
2 1207 1202
2 1207 1225
2 5236 6143
2 1209 1139
2 1209 1136
2 1209 1138
2 1135 1209
2 1136 1115
2 1136 1138
2 1136 1139
2 1136 1112
2 1136 1140
2 4871 4885
2 1357 1354
2 1357 1353
2 1357 1352
2 1357 1404
2 1271 1272
2 1271 1252
2 1271 1273
2 1271 1275
2 1249 1271
2 1271 1250
2 1114 1116
2 1114 1113
2 1114 2403
2 1114 2404
2 1114 2392
2 1114 2431
2 2835 1250
2 2835 1253
2 2835 1254
2 2835 1256
2 2835 2834
2 2835 1216
2 1216 1256
2 1216 2834
2 1216 1254
2 1216 1215
2 1216 1253
2 1216 1188
2 1216 1187
2 5348 5372
2 5372 5350
2 5351 5372
2 5352 5372
2 5584 5634
2 5584 5636
2 2778 1564
2 2778 1562
2 2778 2761
2 2778 2760
2 2778 1561
2 2778 1560
2 2778 2759
2 1188 1187
2 1188 1215
2 1188 1183
2 1188 1256
2 1218 1188
2 1188 2834
2 2761 2760
2 2761 2759
2 2761 1564
2 2761 1562
2 2761 2776
2 1058 1039
2 1058 1038
2 1058 1037
2 1058 2405
2 1058 1036
2 1058 1035
2 5634 5636
2 5545 5634
2 1037 1038
2 1037 1039
2 1037 1036
2 1037 1035
2 1037 1022
2 1022 1021
2 1022 1019
2 1022 1035
2 1022 1017
2 1022 1036
2 4912 4988
2 4985 4912
2 2731 2776
2 2731 2714
2 2731 2759
2 2731 2760
2 1017 1019
2 1017 1021
2 1017 1016
2 1017 959
2 1034 1017
2 1123 1125
2 1123 1122
2 1123 1124
2 1123 1128
2 1123 1126
2 1123 1184
2 5350 5375
2 5385 5350
2 5386 5350
2 1126 1124
2 1126 1125
2 1126 1122
2 1126 6431
2 1126 1128
2 950 956
2 950 957
2 950 959
2 950 1016
2 1018 950
2 1015 950
2 4988 4953
2 5290 5292
2 5293 5290
2 5294 5290
2 1076 1074
2 1076 1073
2 1076 1081
2 1076 1080
2 1076 1079
2 895 893
2 895 885
2 895 884
2 5375 5410
2 5636 5793
2 5547 5636
2 1048 1047
2 1048 1046
2 1048 1073
2 1048 1045
2 1048 1074
2 884 893
2 884 885
2 884 881
2 884 882
2 1045 1046
2 1045 1047
2 1045 1049
2 1026 1045
2 5410 5413
2 1146 1144
2 1146 1161
2 1146 1163
2 1146 1358
2 1146 1160
2 1144 1160
2 1144 1161
2 1144 1143
2 1144 1163
2 5413 5428
2 5398 5413
2 5386 5413
2 1001 971
2 1001 970
2 1001 974
2 1001 972
2 1001 977
2 1001 973
2 1247 1248
2 1247 1268
2 1247 1269
2 1247 1318
2 1247 1237
2 4953 4984
2 5006 4984
2 1160 1143
2 1160 1148
2 1160 2142
2 1237 1180
2 1237 1248
2 5428 5967
2 5410 5428
2 819 820
2 819 818
2 819 821
2 819 2171
2 819 815
2 819 816
2 819 2172
2 5004 5064
2 4980 5004
2 4981 5004
2 5292 5295
2 5292 5377
2 2646 920
2 2646 910
2 2646 976
2 2646 889
2 2646 973
2 784 2172
2 784 2161
2 784 782
2 784 781
2 784 2171
2 784 779
2 784 821
2 784 780
2 5413 5967
2 5483 5967
2 5427 5967
2 5793 5790
2 5793 5791
2 6432 889
2 6432 920
2 776 777
2 776 779
2 776 780
2 776 783
2 776 781
2 776 782
2 776 733
2 5064 5048
2 5295 5377
2 5295 5379
2 5380 5295
2 1178 1175
2 1178 1180
2 1178 1176
2 1178 1177
2 733 732
2 733 783
2 733 730
2 733 777
2 775 733
2 778 733
2 5790 5791
2 5637 5790
2 2084 2103
2 2084 2141
2 2084 1149
2 2084 2142
2 2084 1148
2 850 830
2 850 829
2 850 852
2 850 801
2 800 850
2 5048 5087
2 5377 5379
2 801 829
2 801 830
2 801 798
2 801 796
2 801 793
2 794 793
2 794 796
2 794 798
2 801 794
2 794 829
2 794 830
2 5484 5512
2 5791 5795
2 664 666
2 664 668
2 664 589
2 664 588
2 664 669
2 5087 5110
2 2484 1071
2 2484 1069
2 2484 2483
2 2484 1181
2 1068 2484
2 5512 5551
2 743 2539
2 792 2539
2 2539 741
2 2539 742
2 2539 793
2 5551 5612
2 5640 5551
2 5485 5551
2 2483 1025
2 2483 1069
2 2483 1024
2 2483 1070
2 2483 1071
2 2483 2485
2 1024 1025
2 1024 998
2 1024 997
2 1024 1069
2 1024 995
2 584 582
2 584 590
2 584 2031
2 584 2030
2 5109 5145
2 698 683
2 698 682
2 698 737
2 681 698
2 698 646
2 646 643
2 646 642
2 646 682
2 5512 6153
2 5511 6153
2 506 503
2 506 2006
2 506 2015
2 506 2016
2 2383 996
2 2383 2393
2 2383 2350
2 2383 2349
2 1023 2383
2 2383 868
2 2018 705
2 2018 826
2 827 2018
2 828 2018
2 896 2018
2 2018 897
2 2018 687
2 5613 5612
2 5612 5614
2 5795 5936
2 5959 5795
2 2393 2350
2 2393 999
2 2393 2349
2 2393 996
2 2393 868
2 2393 867
2 2350 868
2 2350 867
2 2350 999
2 2350 848
2 5517 5492
2 481 480
2 481 478
2 481 477
2 481 504
2 481 459
2 481 458
2 705 687
2 705 685
2 705 614
2 705 826
2 705 611
2 868 867
2 868 846
2 397 399
2 397 400
2 397 402
2 397 401
2 397 403
2 397 404
2 397 349
2 5614 5616
2 614 685
2 614 687
2 614 611
2 614 609
2 614 608
2 688 614
2 608 609
2 608 611
2 608 685
2 608 687
2 5191 5208
2 5156 5191
2 448 2289
2 448 2290
2 448 447
2 448 446
2 448 2293
2 448 2291
2 448 2292
2 446 2293
2 446 443
2 446 2289
2 446 444
2 312 316
2 312 313
2 312 319
2 312 314
2 312 317
2 312 350
2 445 443
2 448 445
2 5208 5210
2 5208 5212
2 761 762
2 761 760
2 761 641
2 761 640
2 761 625
2 761 624
2 623 761
2 5210 5212
2 5210 5242
2 5191 5210
2 409 410
2 409 381
2 409 380
2 409 378
2 409 413
2 272 273
2 272 274
2 272 275
2 272 277
2 272 317
2 272 314
2 5646 5710
2 5616 5646
2 5617 5646
2 5936 5938
2 5794 5936
2 612 1957
2 612 607
2 612 1956
2 612 1946
2 612 1945
2 612 1944
2 275 274
2 275 273
2 275 279
2 275 1965
2 275 1966
2 5212 5242
2 5243 5212
2 5303 5212
2 1966 1965
2 1966 279
2 1966 1964
2 1966 1962
2 1966 274
2 271 1966
2 1957 1946
2 1957 1945
2 1957 1944
2 1957 607
2 1957 1955
2 5710 5711
2 1964 1962
2 1964 1965
2 1964 279
2 1964 1960
2 1964 1961
2 5242 5302
2 5304 5242
2 5305 5242
2 325 326
2 325 377
2 325 376
2 325 305
2 325 304
2 325 374
2 1960 1961
2 1960 1953
2 1960 1962
2 1960 1952
2 1960 1940
2 1939 1960
2 1945 1946
2 1945 1944
2 1945 1956
2 1945 1955
2 514 511
2 514 550
2 5711 5930
2 157 156
2 157 160
2 157 161
2 157 154
2 157 155
2 157 174
2 1933 357
2 1933 1942
2 1933 356
2 1933 1958
2 1933 353
2 1933 1955
2 5302 5307
2 5331 5302
2 231 229
2 231 226
2 231 252
2 231 225
2 5930 5750
2 5930 5753
2 356 357
2 356 353
2 356 358
2 356 1958
2 356 1942
2 1941 356
2 228 225
2 228 206
2 228 226
2 228 2060
2 228 2079
2 2059 228
2 5307 5345
2 204 205
2 204 2079
2 204 2060
2 204 206
2 207 204
2 5750 5753
2 5938 5870
2 5938 5838
2 164 142
2 164 139
2 164 138
2 137 164
2 372 2024
2 372 369
2 372 368
2 372 1987
2 370 372
2 5345 5361
2 5363 5345
2 5649 5650
2 5653 5649
2 5654 5649
2 5649 5733
2 5734 5649
2 141 143
2 141 138
2 141 109
2 141 139
2 141 142
2 108 141
2 5798 5753
2 5799 5753
2 369 368
2 369 1987
2 369 371
2 369 298
2 369 297
2 296 369
2 94 92
2 94 98
2 94 99
2 94 96
2 5361 5389
2 5650 5733
2 5654 5650
2 5734 5650
2 95 1979
2 95 89
2 95 1975
2 95 97
2 95 96
2 95 1973
2 1975 1979
2 1975 1973
2 1975 45
2 1975 89
2 1975 97
2 201 248
2 201 249
2 197 202
2 197 196
2 247 197
2 197 248
2 34 32
2 34 33
2 34 38
2 34 43
2 34 35
2 5389 5403
2 196 199
2 196 134
2 196 132
2 196 129
2 128 196
2 40 37
2 40 35
2 40 32
2 34 40
2 40 33
2 40 38
2 39 40
2 5808 5852
2 5797 5808
2 5870 5838
2 5870 5835
2 5787 5870
2 5785 5870
2 1959 131
2 1959 132
2 1959 135
2 1959 134
2 1959 136
2 5363 5403
2 1948 1949
2 1948 136
2 1948 135
2 1948 1950
2 1948 1951
2 1948 87
2 1948 131
2 1951 87
2 1951 1950
2 1951 1949
2 1951 136
2 1951 135
2 133 1951
2 86 1951
2 5852 5857
2 5838 5835
2 81 83
2 81 82
2 81 79
2 81 80
2 81 85
2 81 84
2 81 87
2 359 1931
2 359 1930
2 1932 359
2 359 353
2 356 359
2 5391 5989
2 5989 5441
2 5733 5736
2 1930 354
2 1930 353
2 356 1930
2 1930 357
2 1930 1929
2 5857 5866
2 353 357
2 353 358
2 353 1958
2 353 1942
2 358 357
2 358 1958
2 358 1942
2 358 1955
2 1942 357
2 1942 1955
2 5866 5869
2 5855 5866
2 5866 5850
2 155 154
2 155 156
2 158 155
2 155 160
2 155 161
2 174 175
2 174 161
2 174 1936
2 174 160
2 174 1937
2 5441 5504
2 5441 5984
2 5981 5441
2 5653 5736
2 1946 1944
2 1946 1956
2 1946 1955
2 1956 1944
2 1956 1955
2 1941 1956
2 5869 5850
2 5857 5869
2 1953 1952
2 1953 1961
2 1953 1940
2 1953 1962
2 1964 1953
2 1962 1961
2 1962 1965
2 1962 279
2 5504 5984
2 5505 5504
2 279 1965
2 279 274
2 84 79
2 84 80
2 84 82
2 84 83
2 84 85
2 84 87
2 5816 5850
2 5814 5850
2 5850 5815
2 273 274
2 273 277
2 273 317
2 273 314
2 5984 5508
2 83 82
2 83 85
2 83 79
2 83 80
2 83 87
2 317 277
2 316 319
2 316 350
2 316 313
2 316 347
2 316 314
2 5815 5812
2 87 1949
2 87 136
2 87 135
2 133 87
2 350 347
2 350 344
2 350 319
2 350 343
2 350 345
2 5973 5843
2 5891 5973
2 136 1949
2 136 135
2 136 1950
2 136 131
2 687 611
2 687 609
2 606 687
2 5812 5931
2 343 345
2 343 346
2 343 344
2 343 349
2 343 347
2 402 399
2 402 349
2 402 346
2 402 345
2 343 402
2 5842 5843
2 129 132
2 129 134
2 129 135
2 136 129
2 400 403
2 400 401
2 400 404
2 400 405
2 400 399
2 5931 5748
2 5803 5931
2 405 403
2 405 404
2 405 401
2 397 405
2 452 453
2 452 455
2 452 458
2 456 452
2 452 459
2 452 477
2 452 478
2 5979 5625
2 5553 5979
2 5979 5621
2 459 478
2 459 458
2 459 477
2 459 480
2 459 455
2 459 453
2 501 504
2 481 501
2 501 480
2 501 503
2 479 501
2 5748 5744
2 5813 5748
2 826 897
2 826 898
2 826 899
2 503 507
2 503 2006
2 503 2015
2 5625 5621
2 5625 5622
2 202 248
2 202 249
2 37 35
2 37 32
2 34 37
2 37 33
2 37 38
2 39 37
2 5744 5728
2 5722 5744
2 2006 2016
2 2006 507
2 2006 2030
2 2006 2031
2 249 248
2 249 250
2 249 262
2 5621 5622
2 5626 5621
2 32 33
2 32 35
2 32 38
2 5728 5720
2 2030 2031
2 2030 2016
2 2030 2015
2 2005 2030
2 5622 5627
2 250 262
2 250 248
2 250 297
2 250 298
2 900 898
2 900 897
2 2084 900
2 5720 5691
2 5782 5788
2 5783 5782
2 583 590
2 583 2031
2 583 588
2 262 297
2 262 298
2 262 1987
2 262 368
2 5627 5970
2 5903 5972
2 5903 6192
2 5903 5958
2 1973 45
2 1973 1979
2 1973 43
2 42 1973
2 582 588
2 582 589
2 582 590
2 588 2119
2 1987 297
2 1987 371
2 5970 5698
2 5970 5715
2 5972 6192
2 5972 5958
2 2119 666
2 2119 668
2 2119 669
2 5834 5788
2 5597 5788
2 703 2118
2 703 702
2 703 701
2 703 700
2 703 669
2 729 703
2 703 666
2 668 666
2 668 669
2 668 2118
2 5698 5713
2 6192 5958
2 5898 6192
2 371 368
2 371 298
2 371 2024
2 5677 5693
2 5677 5662
2 5691 5677
2 92 91
2 92 98
2 92 96
2 92 99
2 702 700
2 702 2118
2 702 669
2 702 666
2 5715 5699
2 5713 5699
2 5958 5957
2 99 104
2 99 105
2 99 106
2 1149 2142
2 1149 1148
2 1149 2141
2 1149 2103
2 1149 1143
2 1160 1149
2 730 732
2 730 783
2 730 701
2 730 700
2 730 777
2 5693 5662
2 5659 5693
2 104 105
2 104 106
2 104 98
2 104 109
2 144 104
2 1143 1148
2 1143 2142
2 1143 2141
2 5699 5714
2 508 2024
2 535 2024
2 509 2024
2 369 2024
2 109 106
2 109 143
2 109 105
2 109 140
2 5662 5975
2 781 782
2 781 779
2 781 2161
2 781 2172
2 781 780
2 140 143
2 140 138
2 140 139
2 140 142
2 5714 5740
2 5696 5714
2 816 815
2 816 818
2 816 820
2 816 821
2 822 816
2 5975 5658
2 5673 5975
2 142 139
2 142 138
2 142 165
2 5740 5766
2 5950 5957
2 5957 5949
2 6192 5957
2 1161 1163
2 1161 1358
2 1161 1355
2 833 832
2 833 835
2 863 833
2 833 862
2 816 833
2 5660 5658
2 5658 5986
2 165 139
2 2044 165
2 165 2045
2 1358 1163
2 1358 1355
2 1145 1358
2 1144 1358
2 1142 1358
2 5766 5774
2 5738 5766
2 882 881
2 882 864
2 882 893
2 882 885
2 862 864
2 862 835
2 862 881
2 882 862
2 5774 5953
2 5742 5774
2 5774 5831
2 205 2079
2 205 206
2 207 205
2 1355 1163
2 1146 1355
2 1145 1355
2 1144 1355
2 893 885
2 893 881
2 893 933
2 5657 5986
2 5585 5986
2 5603 5986
2 2079 2060
2 2079 206
2 5953 5831
2 5953 5832
2 5767 5953
2 5949 5943
2 5949 5942
2 948 929
2 948 930
2 948 933
2 895 948
2 935 948
2 949 929
2 929 930
2 932 929
2 950 929
2 621 624
2 621 625
2 621 640
2 621 550
2 536 621
2 5595 5528
2 5486 5595
2 5619 5595
2 957 956
2 957 959
2 957 1016
2 1015 957
2 624 625
2 624 640
2 624 641
2 624 762
2 5831 5832
2 5831 5833
2 5943 5942
2 5943 5976
2 1019 1021
2 1019 1035
2 1019 1016
2 640 625
2 640 762
2 640 760
2 265 264
2 265 302
2 265 252
2 303 265
2 5832 5833
2 5942 5976
2 1352 1354
2 1352 1404
2 1355 1352
2 5589 5592
2 1038 1039
2 1038 1036
2 1038 1035
2 1022 1038
2 305 304
2 305 302
2 305 324
2 305 326
2 379 305
2 5833 5875
2 5976 5944
2 5976 5978
2 2405 2392
2 2405 2403
2 2405 2404
2 1056 2405
2 1057 2405
2 2405 1039
2 324 326
2 324 304
2 324 377
2 324 376
2 324 302
2 5592 5523
2 2403 2404
2 2403 2392
2 2403 1116
2 2403 1113
2 1110 2403
2 374 376
2 374 377
2 374 326
2 374 378
2 374 380
2 5875 5899
2 5944 5978
2 5942 5944
2 5944 5915
2 5943 5944
2 2431 1112
2 2431 1113
2 2431 1115
2 2431 1116
2 381 380
2 381 378
2 381 410
2 5523 5522
2 5528 5467
2 5464 5528
2 1404 1525
2 1404 1354
2 1404 1353
2 5899 5929
2 5872 5899
2 5978 5915
2 5941 5978
2 5987 5978
2 6203 5978
2 1138 1139
2 1138 1115
2 1138 1112
2 1138 1208
2 1140 1112
2 1140 1115
2 1140 1113
2 5522 5500
2 5525 5522
2 5526 5522
2 765 866
2 765 846
2 847 765
2 410 380
2 410 413
2 410 378
2 5929 5924
2 5920 5929
2 5926 5929
2 5915 5988
2 5912 5915
2 1208 1139
2 1136 1208
2 1135 1208
2 1208 1115
2 866 764
2 866 846
2 866 848
2 5500 5498
2 5523 5500
2 443 2293
2 443 447
2 448 443
2 1202 1204
2 1202 1205
2 447 2293
2 447 2289
2 447 444
2 5924 5927
2 5498 5460
2 5498 5459
2 5458 5498
2 5501 5498
2 5434 5467
2 5467 5466
2 1525 1605
2 1525 1608
2 1609 1525
2 5927 5908
2 5927 5907
2 5988 5914
2 5988 5916
2 1225 1227
2 1225 1204
2 1225 1265
2 1225 1205
2 5460 5459
2 5460 5451
2 848 846
2 848 2349
2 2393 848
2 5908 5907
2 5459 5451
2 2289 2290
2 2289 2291
2 2289 2293
2 2289 2292
2 445 2289
2 1264 1265
2 1264 1282
2 1264 1227
2 1225 1264
2 1224 1264
2 5907 5906
2 5889 5907
2 5914 5916
2 5914 6205
2 2349 867
2 2349 999
2 5451 5423
2 522 520
2 522 525
2 522 2292
2 522 2291
2 522 2290
2 1605 1608
2 2600 1605
2 1737 1605
2 5906 5888
2 5883 5906
2 5916 6205
2 1266 1281
2 1284 1266
2 1266 1282
2 1266 1285
2 999 996
2 5423 6433
2 5458 5423
2 519 521
2 519 539
2 540 519
2 519 541
2 5888 5881
2 5912 6205
2 5988 6205
2 1313 1285
2 1313 1314
2 1313 1281
2 539 541
2 539 542
2 539 521
2 539 552
2 539 551
2 1324 1325
2 1324 1314
2 1324 1345
2 1313 1324
2 5451 6433
2 5425 6433
2 5426 6433
2 992 995
2 992 997
2 992 996
2 992 998
2 999 992
2 552 551
2 552 542
2 552 558
2 552 541
2 552 557
2 5881 5877
2 1346 1348
2 1346 1345
2 1346 1325
2 1346 2640
2 1346 2618
2 5463 5465
2 997 998
2 997 1025
2 559 560
2 559 558
2 559 557
2 559 569
2 559 551
2 5877 5862
2 5882 5877
2 2640 2619
2 2640 1348
2 2640 2620
2 2640 2638
2 602 571
2 602 569
2 602 604
2 602 560
2 561 602
2 1819 1739
2 1819 1608
2 1819 2682
2 5862 5859
2 5876 5862
2 1418 1415
2 1418 1416
2 1418 1420
2 1418 1421
2 1418 1422
2 5387 5366
2 5364 5387
2 5337 5387
2 5336 5387
2 5335 5366
2 1069 1070
2 1069 1071
2 1069 1025
2 1069 2485
2 604 571
2 604 642
2 604 643
2 5859 5839
2 1471 1469
2 1469 1473
2 1469 1420
2 1419 1469
2 1422 1420
2 1422 1421
2 2485 1070
2 2485 1181
2 2485 1179
2 5839 5818
2 5847 5762
2 5847 5999
2 643 642
2 643 682
2 643 683
2 1739 2682
2 1739 1815
2 1739 1817
2 5334 6005
2 5365 5334
2 1482 1483
2 1482 1474
2 1482 1473
2 1482 1484
2 5818 5820
2 1181 1179
2 1181 1177
2 1181 1176
2 1181 1071
2 1181 1070
2 5311 6005
2 697 682
2 697 737
2 645 697
2 5822 5820
2 5823 5820
2 5778 5820
2 5762 5999
2 1503 1518
2 1485 1503
2 1503 1520
2 1486 1503
2 1177 1176
2 1177 1175
2 1177 1179
2 1177 1238
2 737 740
2 737 742
2 737 741
2 1815 2682
2 1815 1817
2 1815 1818
2 1815 2767
2 1738 1815
2 2768 1815
2 1520 1522
2 1520 1518
2 1528 1520
2 5297 5284
2 1238 1175
2 1238 1180
2 1238 1176
2 1817 1818
2 1817 2767
2 1817 2682
2 5760 5758
2 5765 5999
2 1545 1529
2 1545 1546
2 1545 1548
2 1545 1591
2 1180 1235
2 1239 1180
2 1180 1175
2 5284 5283
2 799 767
2 799 793
2 794 799
2 743 799
2 799 741
2 2749 1591
2 2749 1548
2 1598 2749
2 1545 2749
2 793 796
2 793 798
2 793 829
2 5283 5275
2 5297 5283
2 2767 1818
2 2767 2855
2 1814 2767
2 1621 1601
2 1621 1603
2 1621 1604
2 1621 1620
2 1622 1621
2 5275 5262
2 5282 5275
2 830 829
2 830 798
2 830 796
2 6430 1620
2 6430 1641
2 6430 1603
2 1602 6430
2 6430 1642
2 6430 1604
2 1604 1603
2 1604 1601
2 1604 1620
2 5730 5727
2 5755 5730
2 5757 5730
2 5730 5723
2 1248 1268
2 1248 1269
2 1248 1318
2 1248 1317
2 854 852
2 854 869
2 854 870
2 850 854
2 831 854
2 5262 5249
2 6008 5262
2 5231 5218
2 1641 1642
2 1641 1655
2 1317 1367
2 1317 1364
2 1317 1318
2 1317 1269
2 1317 1268
2 5727 5723
2 5727 5707
2 1655 1642
2 5249 5261
2 1367 1319
2 1367 1318
2 1367 1269
2 5723 5707
2 5726 5723
2 5761 6002
2 5999 6002
2 5642 6002
2 5261 5250
2 2850 2851
2 2850 2852
2 2850 1677
2 2850 2873
2 2850 2874
2 1362 1319
2 1362 1365
2 1362 1368
2 1362 1364
2 1367 1362
2 5707 5703
2 920 910
2 920 976
2 920 973
2 889 920
2 1926 2855
2 2767 1926
2 5250 6012
2 5246 5250
2 6008 5250
2 2873 2874
2 2873 2876
2 2873 2852
2 2873 2851
2 5703 5709
2 1365 1368
2 1365 1319
2 1365 2714
2 972 976
2 972 971
2 972 970
2 972 974
2 975 972
2 6012 6023
2 6012 6202
2 6022 6012
2 2714 2730
2 2714 1368
2 2714 2776
2 974 977
2 974 970
2 974 971
2 974 1002
2 974 1003
2 1751 1753
2 1751 1754
2 1751 1747
2 1751 1750
2 1751 1787
2 5709 5993
2 5671 5709
2 1049 1003
2 1049 1002
2 1049 977
2 975 1049
2 1785 1787
2 1785 1754
2 1785 1753
2 1785 1788
2 1752 1785
2 1751 1785
2 6023 6202
2 6023 5176
2 5174 6023
2 5248 6023
2 2759 2760
2 2759 1564
2 5666 5993
2 5667 5993
2 2776 2760
2 2777 2776
2 2776 2715
2 6202 5176
2 5174 6202
2 5175 6202
2 6202 5159
2 1046 1047
2 1049 1046
2 1026 1046
2 1080 1074
2 1080 1079
2 1080 1073
2 1050 1080
2 1073 1074
2 1073 1081
2 5176 5159
2 5149 5176
2 1810 1807
2 1810 1808
2 1810 1788
2 1560 1561
2 1560 1564
2 2777 1560
2 1560 1559
2 5668 5631
2 1121 6431
2 1078 6431
2 6431 1124
2 1080 6431
2 1120 6431
2 1077 6431
2 5159 5177
2 1079 1081
2 1079 1074
2 1073 1079
2 1843 1842
2 1843 1859
2 1559 1566
2 1559 6434
2 1559 1561
2 1559 1562
2 1563 1559
2 1124 1125
2 1124 1122
2 1124 1128
2 5177 5120
2 5220 6077
2 5220 6078
2 5220 6079
2 1861 1859
2 1861 1865
2 1861 1866
2 1861 1868
2 5629 5600
2 5631 5629
2 6434 2866
2 1558 6434
2 6434 2867
2 2809 6434
2 1560 6434
2 6434 1561
2 3086 1866
2 3086 1865
2 3086 1885
2 3086 1887
2 1886 3086
2 1862 3086
2 5120 5113
2 5148 5120
2 5149 5120
2 6077 6078
2 6077 6079
2 6060 6077
2 2866 2867
2 1559 2866
2 1558 2866
2 2809 2866
2 2866 2964
2 1724 2866
2 1187 1215
2 1187 1183
2 1187 2834
2 1187 1256
2 5600 5576
2 1183 1184
2 1127 1183
2 1183 1215
2 1885 1887
2 1885 1888
2 1885 1891
2 1885 1889
2 1890 1885
2 2867 2964
2 2867 1566
2 2867 1722
2 1721 2867
2 2867 1720
2 5113 5092
2 5177 5113
2 1256 2834
2 1256 1254
2 1256 1253
2 1256 1215
2 1256 1250
2 5576 5568
2 5599 5576
2 1897 1896
2 1897 1895
2 1897 1901
2 1897 1888
2 1897 1889
2 1890 1897
2 1889 1891
2 1889 1888
2 1889 1895
2 1889 1896
2 5092 5089
2 5090 5092
2 6078 6079
2 6078 5001
2 1250 1253
2 1250 1254
2 1250 1252
2 1250 2834
2 1904 1902
2 1904 1901
2 1904 6429
2 1899 1904
2 1904 1915
2 5568 5567
2 5575 5568
2 5607 5515
2 5581 5515
2 1901 1902
2 1901 1895
2 1901 1896
2 1898 1901
2 6079 5001
2 6079 5000
2 2964 1722
2 2964 1720
2 1716 2964
2 2964 1718
2 1719 2964
2 1252 1272
2 2835 1252
2 1252 1273
2 5567 5561
2 6429 1915
2 6429 1913
2 6429 1907
2 6429 1910
2 1909 6429
2 1720 1718
2 1720 1723
2 5089 5084
2 1273 1275
2 1273 1272
2 1912 1917
2 1912 1910
2 1912 1907
2 5561 5536
2 1718 1723
2 1718 1722
2 1304 1306
2 1304 1373
2 1304 1372
2 1304 1275
2 1274 1304
2 2946 1372
2 2946 1374
2 2946 1373
2 2946 1306
2 2946 1376
2 5061 5084
2 1373 1306
2 1373 1372
2 1373 2896
2 1804 1723
2 1800 1804
2 5536 5534
2 2960 2961
2 2960 2963
2 2960 1376
2 2960 1428
2 2960 1427
2 1426 2960
2 1761 1801
2 5534 5502
2 5561 5534
2 1427 1428
2 1427 1425
2 1427 1424
2 1427 2963
2 1427 3006
2 1427 2961
2 1431 1430
2 1431 3006
2 1431 3026
2 1431 1424
2 1431 1425
2 5060 5043
2 5083 5060
2 5001 5000
2 5001 4943
2 5001 4942
2 1431 3042
2 3042 1430
2 1429 3042
2 1541 1540
2 1541 1538
2 1541 1537
2 1541 3062
2 1541 1569
2 5502 5538
2 1870 3170
2 1869 1870
2 1854 1870
2 1870 1853
2 1852 1870
2 1851 1870
2 1543 1569
2 1543 1537
2 1543 1538
2 5000 4943
2 5000 4942
2 6078 5000
2 1537 1538
2 1537 1540
2 1567 1537
2 1863 3170
2 3170 1894
2 1869 3170
2 1854 3170
2 3170 1853
2 5538 5473
2 5472 5538
2 5477 5448
2 5478 5477
2 1580 1577
2 1580 1611
2 1567 1580
2 1611 3155
2 1611 1577
2 1611 1613
2 1570 1611
2 5473 5494
2 1672 1613
2 1672 1668
2 1672 3155
2 1610 1672
2 1612 1672
2 1668 1671
2 1668 1613
2 1668 1673
2 1668 3155
2 1671 1673
2 3212 1671
2 1671 3214
2 1671 3213
2 1670 1671
2 5494 5454
2 5448 5443
2 5445 5448
2 5448 5446
2 1728 1731
2 1728 1734
2 1728 3213
2 1728 1732
2 1732 1731
2 5008 4993
2 4943 4942
2 1795 1794
2 1795 1830
2 1832 1795
2 5443 5446
2 1835 1839
2 1835 1830
2 4993 6068
2 5009 4993
2 1856 1839
2 1856 1836
2 1856 3528
2 1833 1856
2 5454 5437
2 5446 5384
2 3553 3551
2 3542 3553
2 4973 6068
2 6068 4958
2 4928 6068
2 3533 3551
2 5437 5414
2 5442 5384
2 5443 5384
2 5478 5384
2 3682 3659
2 3531 3528
2 3532 3528
2 3659 1917
2 1916 3659
2 1914 3659
2 5414 5396
2 38 33
2 4958 4921
2 4920 4958
2 89 1979
2 89 96
2 90 89
2 89 91
2 5396 5417
2 5416 5396
2 97 96
2 97 91
2 97 1979
2 92 97
2 4921 4929
2 80 79
2 80 82
2 80 85
2 87 80
2 96 91
2 91 98
2 99 91
2 107 91
2 5417 5393
2 5402 5417
2 5383 5356
2 5384 5356
2 85 82
2 85 79
2 87 85
2 105 106
2 105 98
2 1950 1949
2 1950 135
2 133 1950
2 86 1950
2 4929 4882
2 4892 4929
2 143 138
2 143 139
2 142 143
2 131 135
2 131 132
2 5393 5342
2 5393 5341
2 156 154
2 156 160
2 156 161
2 4882 4881
2 4855 4882
2 160 161
2 160 175
2 160 154
2 5342 5341
2 161 175
2 161 1936
2 1936 1937
2 1936 175
2 1936 1938
2 1936 1940
2 159 1936
2 4881 4856
2 4853 4881
2 1938 1937
2 1938 175
2 174 1938
2 1938 1940
2 1938 1952
2 161 1938
2 5341 5329
2 1940 1952
2 1940 1961
2 1940 1937
2 1952 1961
2 1962 1952
2 1952 1937
2 4856 4819
2 1939 1961
2 5342 5329
2 5299 6072
2 5356 5299
2 206 2060
2 206 225
2 4819 4816
2 225 226
2 225 229
2 6072 5230
2 5229 6072
2 252 264
2 252 229
2 252 266
2 4816 4813
2 4852 4816
2 262 248
2 1929 354
2 1929 1931
2 352 1929
2 1932 1929
2 353 1929
2 356 1929
2 5325 5328
2 5325 6033
2 277 314
2 277 313
2 345 346
2 345 349
2 345 344
2 345 347
2 4813 4775
2 4857 4813
2 4819 4813
2 377 376
2 377 326
2 377 378
2 368 298
2 368 297
2 5328 6033
2 5328 5279
2 401 403
2 401 404
2 401 399
2 4775 6103
2 4775 4774
2 404 403
2 404 399
2 6033 5279
2 5265 6033
2 5230 5228
2 455 453
2 455 458
2 455 477
2 455 478
2 413 2293
2 478 477
2 478 458
2 478 480
2 5279 5254
2 5253 5279
2 5272 5228
2 480 477
2 480 504
2 480 458
2 2291 2292
2 2291 525
2 2291 2290
2 2291 520
2 4774 4745
2 2015 2016
2 2015 507
2 2015 2031
2 2015 590
2 5254 5241
2 590 2031
2 590 2016
2 2006 590
2 521 541
2 521 542
2 4772 4745
2 4682 4731
2 571 569
2 571 560
2 666 669
2 666 2118
2 699 666
2 669 2118
2 669 700
2 685 611
2 685 609
2 606 685
2 700 701
2 700 2118
2 668 700
2 5228 5193
2 5229 5193
2 5230 5193
2 732 783
2 732 777
2 776 732
2 704 732
2 775 732
2 682 683
2 4702 4742
2 4745 4742
2 641 762
2 641 760
2 641 625
2 783 777
2 783 780
2 6268 5205
2 5223 6268
2 5203 6268
2 5202 6268
2 760 762
2 760 625
2 624 760
2 623 760
2 780 779
2 780 777
2 780 782
2 780 2172
2 782 2161
2 782 779
2 782 2172
2 782 2171
2 2172 2161
2 2172 2171
2 2172 779
2 2172 821
2 4700 4676
2 4740 4700
2 821 820
2 821 2171
2 821 818
2 821 2161
2 818 820
2 818 815
2 818 2171
2 4701 4676
2 4676 4655
2 741 742
2 741 740
2 741 739
2 741 767
2 5184 5206
2 815 820
2 821 815
2 822 815
2 864 881
2 864 835
2 883 864
2 798 796
2 798 829
2 5206 5151
2 5206 5130
2 881 885
2 4655 4632
2 4630 4655
2 4629 4655
2 4631 4655
2 5151 5130
2 5184 5151
2 933 930
2 933 885
2 884 933
2 897 898
2 897 899
2 5130 5127
2 898 899
2 886 910
2 886 870
2 912 886
2 1035 1036
2 1035 1021
2 1035 1039
2 976 973
2 976 971
2 1001 976
2 976 970
2 1036 1039
2 973 971
2 973 970
2 4542 4587
2 4519 4587
2 4518 4587
2 1022 1039
2 2103 2141
2 2103 2142
2 2103 1148
2 1143 2103
2 5099 5127
2 5127 5100
2 995 998
2 995 1025
2 1068 995
2 998 1025
2 2483 998
2 4620 4577
2 2404 2392
2 2404 1116
2 2404 1113
2 1110 2404
2 1113 1116
2 1113 2392
2 1025 1070
2 4577 4575
2 1139 1115
2 1139 1112
2 1070 1071
2 5100 5096
2 5097 5100
2 5106 5072
2 1122 1125
2 1122 1128
2 1122 1184
2 4575 4578
2 4579 4575
2 6114 4575
2 1125 1128
2 1125 1184
2 1265 1282
2 1224 1265
2 2495 1265
2 5096 5098
2 1282 1227
2 1184 1128
2 1186 1184
2 1187 1184
2 4578 4539
2 4538 4578
2 4619 4578
2 1247 1235
2 1248 1235
2 1325 1345
2 1325 1314
2 1312 1325
2 5098 6089
2 5098 6090
2 1345 1348
2 1315 1345
2 1348 2618
2 1326 1348
2 1325 1348
2 4539 4530
2 1269 1268
2 1269 1318
2 1239 1269
2 6089 6090
2 5096 6089
2 1318 1268
2 1240 1318
2 2619 2620
2 2619 2618
2 2619 2638
2 1348 2619
2 1417 2619
2 4530 4502
2 1415 1416
2 1415 1420
2 1415 2638
2 1364 1319
2 1318 1364
2 1306 1372
2 1306 2896
2 4502 4500
2 1474 1473
2 1474 1484
2 1474 1483
2 1484 1483
2 1484 1473
2 2963 2961
2 2963 1376
2 2963 1428
2 2963 1374
2 4500 4481
2 1522 1529
2 2758 2730
2 2759 2730
2 2701 2730
2 4481 4479
2 4486 4481
2 4514 4422
2 1430 3006
2 1430 3026
2 1430 1424
2 1430 1425
2 1603 1620
2 1603 1601
2 5067 4992
2 6110 4992
2 4990 4992
2 1564 1562
2 1564 1561
2 1564 2760
2 1622 1642
2 4479 4467
2 4516 4422
2 4517 4422
2 4518 4422
2 1569 1538
2 1568 1569
2 1569 1540
2 1653 1677
2 1652 1677
2 5013 5033
2 5019 5017
2 1543 1577
2 1542 1577
2 2809 1566
2 1560 1566
2 1566 1561
2 4467 4432
2 2851 2874
2 2851 2876
2 2852 2874
2 2852 2876
2 5017 5016
2 5033 5017
2 2874 2876
2 1747 1750
2 1747 1753
2 1747 1754
2 4432 4434
2 4416 4432
2 1754 1753
2 1754 1787
2 1754 1750
2 5016 4964
2 5018 5016
2 1673 3214
2 1673 3213
2 1735 1673
2 1673 1734
2 1733 1673
2 1673 1731
2 4433 4434
2 4434 4414
2 4416 4434
2 4459 4434
2 2682 1818
2 1859 1865
2 1859 1842
2 4964 4961
2 4964 4960
2 1887 1891
2 1887 1888
2 1889 1887
2 1890 1887
2 1888 1891
2 1888 1896
2 1888 1895
2 4414 4417
2 1891 1896
2 1891 1895
2 1915 1913
2 1915 1907
2 1915 1910
2 4961 4960
2 4961 4963
2 1853 1848
2 1839 1836
2 1832 1839
2 4417 4395
2 4422 4419
2 4423 4419
2 4514 4419
2 1848 1850
2 1802 1848
2 1836 1830
2 4960 4963
2 1850 1801
2 4395 4365
2 6120 4395
2 1847 1801
2 1830 1794
2 1794 1770
2 1769 1794
2 4963 4913
2 4891 4875
2 4851 4891
2 1910 1907
2 1910 1913
2 1907 1913
2 4365 4368
2 4913 4901
2 2855 1818
2 4396 4368
2 4368 4329
2 1897 1902
2 1902 1895
2 6429 1902
2 1761 1723
2 4901 4900
2 4915 4901
2 4875 4849
2 1726 1771
2 1727 1771
2 1730 1771
2 1728 1771
2 1771 1731
2 1895 1896
2 4305 4329
2 1731 1734
2 1731 3213
2 1731 3214
2 4900 4862
2 4849 4845
2 1734 3214
2 1734 3213
2 1728 3214
2 4862 4861
2 4887 4862
2 1868 1866
2 1868 1865
2 1885 1868
2 1887 1868
2 1886 1868
2 1866 1865
2 1885 1866
2 4301 4303
2 4863 4861
2 1739 1818
2 4303 4258
2 4308 4246
2 4210 4308
2 4308 4186
2 1613 3155
2 1580 3155
2 1578 3155
2 1811 1842
2 1807 1808
2 1807 1788
2 1813 1807
2 4258 6129
2 4258 4240
2 1808 1788
2 1812 1808
2 1785 1808
2 1811 1788
2 4834 6111
2 4834 4797
2 4798 4834
2 2761 1561
2 6129 4240
2 4237 6129
2 6129 4239
2 1538 1540
2 6111 4797
2 6111 4793
2 1540 3062
2 4246 4186
2 4170 4246
2 4169 4246
2 1563 2760
2 1562 2760
2 3042 3062
2 3041 3062
2 1538 3062
2 4797 4793
2 1787 1753
2 1787 1750
2 1749 1787
2 1753 1750
2 4239 4245
2 3026 3006
2 6122 6126
2 6122 4723
2 4850 6122
2 4846 6122
2 2715 1368
2 1365 2715
2 3006 1424
2 3006 1425
2 4245 4216
2 1424 1425
2 1424 1428
2 1425 1428
2 6123 6126
2 4698 6126
2 4697 6126
2 4671 6126
2 1745 2876
2 1428 2961
2 1320 1368
2 1319 1368
2 2961 1376
2 2961 1374
2 4216 4199
2 1376 1374
2 1428 1376
2 4733 4758
2 4671 4723
2 4670 4723
2 1372 2896
2 4165 4186
2 2896 1275
2 1274 2896
2 1275 1272
2 4183 4156
2 4200 4183
2 1620 1601
2 1622 1601
2 4746 4720
2 4748 4746
2 1253 1254
2 1253 2834
2 1254 2834
2 4156 4153
2 4141 4156
2 2834 1215
2 4720 4706
2 4759 4720
2 1591 1546
2 1530 1591
2 1548 1546
2 1548 1529
2 4153 4119
2 1254 1215
2 4706 4694
2 4668 4706
2 1546 1529
2 1549 1529
2 4119 4108
2 4142 4119
2 1175 1176
2 1175 1179
2 1233 1175
2 1176 1179
2 2484 1179
2 4108 4100
2 1483 1473
2 4694 4642
2 4641 4694
2 4694 4640
2 4639 4694
2 1354 1353
2 1524 1354
2 1081 1074
2 1050 1081
2 4642 4640
2 4642 4638
2 1355 1353
2 1421 1420
2 1421 1416
2 4640 4638
2 1420 1416
2 1072 1047
2 1073 1047
2 4638 4623
2 2638 2620
2 2638 2618
2 1002 1003
2 1002 977
2 1001 1002
2 2620 2618
2 1417 2620
2 1415 2620
2 6133 6134
2 4085 6133
2 1003 977
2 1028 1003
2 977 970
2 977 971
2 4623 6124
2 4604 4623
2 4637 4623
2 4600 4623
2 970 971
2 2350 996
2 6124 4569
2 4599 6124
2 4601 6124
2 1314 1285
2 1285 1281
2 1315 1285
2 4569 4545
2 1312 1281
2 1327 1281
2 867 846
2 4545 4535
2 4536 4545
2 2349 846
2 870 869
2 870 852
2 869 852
2 849 869
2 850 869
2 831 869
2 4535 4522
2 830 852
2 829 796
2 4005 4019
2 4020 4019
2 845 764
2 846 764
2 847 764
2 4522 4533
2 4491 4477
2 1206 1227
2 4534 4533
2 4535 4533
2 4536 4533
2 4537 4533
2 1205 1204
2 3959 3958
2 767 742
2 767 740
2 767 739
2 742 740
2 742 739
2 4477 4466
2 4477 6138
2 740 739
2 3953 3931
2 3905 3953
2 4524 4474
2 4472 4524
2 4524 4470
2 4466 6138
2 762 625
2 1148 2142
2 1148 2141
2 1115 1112
2 4474 4470
2 4527 6138
2 2142 2141
2 3934 3876
2 3955 3934
2 3934 3866
2 3865 3934
2 1160 2141
2 1116 2392
2 3960 3958
2 1110 2392
2 682 642
2 569 560
2 569 557
2 550 511
2 510 550
2 3866 3846
2 560 557
2 560 558
2 557 558
2 557 551
2 557 542
2 4464 4439
2 4409 4351
2 4445 4409
2 558 551
2 558 542
2 1036 1021
2 3846 3863
2 3876 3846
2 551 542
2 551 541
2 4443 4351
2 542 541
2 3863 6141
2 3848 3863
2 3864 3863
2 3866 3863
2 556 541
2 558 541
2 1016 959
2 1016 956
2 6141 3849
2 3862 6141
2 6141 3830
2 3845 6141
2 3828 6141
2 959 956
2 1019 959
2 1015 956
2 520 525
2 520 2292
2 520 2290
2 525 2292
2 525 2290
2 2288 525
2 3849 3830
2 3802 3849
2 3801 3849
2 3829 3849
2 894 930
2 893 930
2 930 885
2 2292 2290
2 4351 4334
2 4392 4334
2 447 2290
2 446 2290
2 2293 444
2 4382 4386
2 4385 4382
2 4407 4382
2 4384 4382
2 4387 4382
2 410 444
2 835 832
2 865 835
2 4386 6380
2 4333 4386
2 817 832
2 816 832
2 863 832
2 815 832
2 380 378
2 3781 3782
2 820 2171
2 2172 820
2 6380 4314
2 376 326
2 378 376
2 298 297
2 326 304
2 2171 2161
2 781 2171
2 2161 779
2 780 2161
2 779 777
2 304 302
2 3745 6435
2 3744 6435
2 3747 6435
2 3746 6435
2 6435 3714
2 781 777
2 782 777
2 4294 4295
2 4294 4230
2 325 302
2 302 266
2 611 609
2 688 611
2 3718 3714
2 3718 3713
2 6269 3718
2 3712 3718
2 3743 3718
2 266 264
2 4295 4230
2 231 264
2 3714 3716
2 3717 3714
2 3715 3714
2 701 2118
2 669 701
2 229 226
2 4255 4268
2 206 226
2 3713 3716
2 3713 6150
2 608 607
2 609 607
2 1956 607
2 610 607
2 2060 2045
2 3716 6150
2 4268 4254
2 6150 3665
2 199 132
2 129 199
2 128 199
2 130 199
2 1959 199
2 4221 4254
2 131 134
2 133 132
2 3665 3667
2 3645 3665
2 2031 2016
2 139 138
2 2016 507
2 4223 4189
2 1944 1955
2 1942 1944
2 1944 1958
2 135 1949
2 3667 6436
2 3663 6436
2 6436 3632
2 133 1949
2 131 1949
2 4189 4173
2 1955 1958
2 106 98
2 4173 4174
2 4224 4173
2 1958 357
2 3632 3616
2 3613 3632
2 3612 3632
2 3540 6171
2 478 504
2 459 504
2 82 79
2 87 82
2 4174 4138
2 4189 4174
2 4177 4174
2 1941 357
2 1955 357
2 3616 3614
2 477 458
2 87 79
2 4172 4138
2 4173 4138
2 4138 4136
2 458 453
2 477 453
2 478 453
2 3614 3597
2 3617 3614
2 88 1979
2 1979 45
2 403 399
2 4150 6152
2 4146 4150
2 45 43
2 38 45
2 399 349
2 3597 3588
2 3611 3597
2 3612 3597
2 43 33
2 32 43
2 31 43
2 4136 4104
2 4136 4139
2 4136 4102
2 349 346
2 349 344
2 348 349
2 354 1931
2 353 354
2 356 354
2 3588 3568
2 3567 3588
2 346 344
2 346 347
2 350 346
2 33 35
2 4104 4139
2 4104 4102
2 6152 6159
2 6147 6152
2 4144 6152
2 344 347
2 344 319
2 38 35
2 39 35
2 3568 3566
2 347 319
2 319 313
2 4139 6140
2 4102 6140
2 4080 4102
2 4102 4082
2 1930 1931
2 352 1931
2 1932 1931
2 353 1931
2 356 1931
2 3566 6163
2 3569 3566
2 6140 4082
2 6159 6157
2 4028 6159
2 4029 6159
2 319 314
2 274 1965
2 271 1965
2 6163 6276
2 3563 6163
2 3516 6163
2 1937 175
2 161 1937
2 159 154
2 161 154
2 6276 3515
2 3525 6276
2 3504 6276
2 3503 6276
2 420 417
2 420 423
2 417 423
2 4063 4081
2 4082 4063
2 4080 4063
2 3 8
2 8 6
2 9 8
2 3515 3502
2 3500 3515
2 472 439
2 473 439
2 6 17
2 4081 4032
2 4030 4081
2 6157 4017
2 4015 6157
2 6157 4014
2 4013 6157
2 440 470
2 3502 3494
2 4032 4025
2 4017 4014
2 17 15
2 15 12
2 470 475
2 471 475
2 3494 3477
2 12 41
2 16 12
2 41 26
2 10 41
2 11 41
2 4014 4027
2 6161 4014
2 526 497
2 546 526
2 548 526
2 27 26
2 3477 6169
2 3493 3477
2 3492 3477
2 545 497
2 30 52
2 4027 3968
2 4017 4027
2 4016 4027
2 51 52
2 6169 6170
2 3472 6169
2 6169 3476
2 598 594
2 597 594
2 594 630
2 4008 3973
2 4008 3974
2 3968 3948
2 3968 3947
2 3943 3968
2 59 55
2 6170 3476
2 6177 6170
2 630 6418
2 630 631
2 633 630
2 593 630
2 3973 3974
2 3973 3964
2 55 60
2 58 60
2 3476 6176
2 6418 631
2 650 6418
2 6418 651
2 649 6418
2 631 651
2 3974 3964
2 3940 3974
2 3947 3901
2 62 64
2 64 68
2 6176 3450
2 6176 3449
2 3946 3901
2 3948 3901
2 652 651
2 3450 3449
2 6175 3450
2 65 68
2 67 65
2 65 6302
2 658 661
2 696 658
2 68 6302
2 68 6303
2 68 102
2 3449 3437
2 693 6416
2 693 6417
2 648 693
2 6302 102
2 101 6302
2 77 6302
2 6303 102
2 77 6303
2 76 6303
2 6303 74
2 3437 3422
2 6416 691
2 653 6416
2 102 74
2 3882 3881
2 6417 691
2 694 6417
2 3422 3418
2 74 70
2 3881 3873
2 3883 3881
2 3859 3881
2 3899 6168
2 6179 3899
2 3899 6185
2 6187 3899
2 691 720
2 722 691
2 210 215
2 212 215
2 215 213
2 216 215
2 217 215
2 3421 3418
2 3418 3394
2 3410 3406
2 6168 6185
2 720 723
2 6411 720
2 6410 720
2 3394 3382
2 69 113
2 70 113
2 71 113
2 746 723
2 3871 3875
2 114 115
2 114 126
2 124 114
2 125 114
2 3392 3395
2 3382 3395
2 3382 3371
2 115 126
2 123 115
2 3799 6185
2 6185 3798
2 890 6406
2 3395 3371
2 3406 3439
2 125 122
2 124 122
2 126 122
2 747 771
2 6181 3798
2 6181 3797
2 148 150
2 151 148
2 148 152
2 119 148
2 3371 3381
2 3371 3369
2 150 152
2 150 169
2 170 150
2 152 169
2 170 152
2 171 152
2 152 172
2 173 152
2 3787 3824
2 3769 3824
2 3837 3824
2 3798 3797
2 858 812
2 812 860
2 169 172
2 3381 3369
2 3381 3350
2 3343 3381
2 860 924
2 172 185
2 181 172
2 3757 3797
2 3755 3797
2 879 952
2 953 879
2 924 927
2 855 924
2 3343 3369
2 3340 3369
2 3350 3339
2 3338 3350
2 3439 3296
2 3410 3439
2 954 952
2 861 927
2 860 927
2 3339 3329
2 258 213
2 259 213
2 180 183
2 184 180
2 185 180
2 3767 3765
2 179 183
2 181 183
2 183 189
2 189 223
2 182 189
2 190 189
2 189 191
2 192 189
2 3329 3341
2 3342 3329
2 944 979
2 980 944
2 3753 3709
2 223 191
2 979 983
2 3341 3322
2 3338 3341
2 191 220
2 3729 3765
2 3769 3765
2 986 987
2 987 1033
2 3322 3307
2 3329 3322
2 3404 3296
2 3405 3296
2 983 6400
2 6400 1013
2 981 6400
2 3307 3289
2 234 236
2 221 234
2 3730 3704
2 3702 3730
2 3701 3730
2 1033 1088
2 1033 1085
2 1013 1052
2 1013 6398
2 6402 1013
2 3308 3289
2 3704 3726
2 236 254
2 235 236
2 1088 1085
2 1052 1053
2 6400 1052
2 1054 1052
2 3726 3684
2 3727 3726
2 6398 1055
2 242 254
2 254 243
2 3291 3264
2 3262 3291
2 3291 3263
2 3253 3291
2 3289 3291
2 1053 1055
2 1063 1053
2 240 243
2 236 240
2 244 240
2 3251 3264
2 3250 3264
2 1066 1104
2 3684 3671
2 3657 3684
2 3655 3684
2 3656 3684
2 3677 3697
2 3677 3642
2 3235 3263
2 3234 3263
2 1153 1117
2 1154 1117
2 1061 1104
2 3671 3654
2 3697 3642
2 3697 3640
2 269 283
2 283 293
2 3233 3229
2 280 293
2 281 293
2 282 293
2 1150 1132
2 1105 1150
2 1109 1150
2 3654 3652
2 3642 3640
2 1154 1221
2 1132 6394
2 1210 1132
2 3229 3230
2 308 295
2 3652 3658
2 3656 3652
2 3695 3640
2 6394 1212
2 1213 6394
2 1214 6394
2 310 320
2 3231 3230
2 3233 3230
2 1242 1212
2 1212 1244
2 1243 1212
2 1244 1291
2 3658 3634
2 3653 3658
2 3629 3658
2 6341 337
2 334 6341
2 333 6341
2 3628 3634
2 3625 3634
2 3652 3634
2 3624 3634
2 1241 1291
2 3204 3189
2 3187 3204
2 3186 3204
2 3204 3188
2 6401 1391
2 1390 6401
2 1287 1290
2 1289 1287
2 1291 1287
2 1246 1287
2 1245 1287
2 3189 3188
2 6292 435
2 435 429
2 435 431
2 3601 3626
2 3626 3595
2 328 331
2 1290 1360
2 1288 1290
2 1290 1330
2 3177 3188
2 3188 3178
2 1360 1330
2 1338 1360
2 1287 1360
2 332 361
2 331 361
2 3178 3156
2 1330 1359
2 1339 1330
2 3595 3604
2 1359 1340
2 1359 1342
2 1382 1359
2 3156 3157
2 1388 1434
2 1377 1434
2 1390 1434
2 1340 1342
2 1412 1340
2 3604 3583
2 3602 3604
2 429 431
2 429 6414
2 429 579
2 3157 3162
2 3161 3157
2 3196 3144
2 364 386
2 3583 3562
2 3593 3583
2 3592 3583
2 3595 3583
2 1342 1383
2 1384 1342
2 1385 1342
2 3162 3164
2 3162 3139
2 386 389
2 1383 1408
2 3562 3559
2 3578 3562
2 389 6350
2 3157 3164
2 3139 3122
2 3159 3139
2 3139 3131
2 431 6414
2 431 579
2 431 6307
2 3560 3559
2 3546 3559
2 388 6350
2 387 6350
2 386 6350
2 3132 3122
2 3122 3110
2 1408 1453
2 1453 1481
2 1407 1453
2 6414 6307
2 572 6414
2 573 6414
2 579 6307
2 573 579
2 574 579
2 3131 3108
2 3105 3131
2 3106 3131
2 1481 1456
2 1454 1481
2 1411 1481
2 427 395
2 395 463
2 462 395
2 3521 3518
2 1456 6389
2 1478 1456
2 3110 3108
2 425 463
2 460 425
2 3518 3508
2 6389 1479
2 1452 6389
2 3108 3083
2 6307 575
2 6307 578
2 3508 3506
2 3508 3507
2 3506 3507
2 3510 3506
2 3518 3506
2 3519 3506
2 3511 3496
2 3511 3469
2 463 465
2 466 463
2 3083 6209
2 3507 3486
2 3482 3507
2 3496 3469
2 3496 3465
2 1479 1507
2 1477 1479
2 6209 3078
2 3093 6231
2 3093 6232
2 1514 1586
2 1507 1508
2 1507 1510
2 3486 3480
2 3469 3465
2 575 578
2 6306 575
2 3082 3078
2 3083 3078
2 3081 3078
2 3465 3462
2 3465 3461
2 1511 1586
2 1512 1586
2 1586 1616
2 1508 1510
2 1508 6424
2 1479 1508
2 6231 6232
2 6231 3089
2 6231 3091
2 1510 6424
2 1510 1534
2 1535 1510
2 3462 3461
2 532 529
2 483 532
2 1616 1582
2 1587 1616
2 1515 1616
2 6214 3045
2 3034 6214
2 6214 3033
2 3032 6214
2 6424 1534
2 1571 6424
2 6424 1572
2 529 533
2 1582 1588
2 1584 1582
2 1618 1582
2 1534 1572
2 1573 1534
2 1574 1534
2 580 715
2 578 715
2 3045 3033
2 6232 3091
2 6232 6250
2 528 533
2 3454 3458
2 1644 1588
2 1645 1588
2 1595 6437
2 1572 1595
2 3089 3091
2 3089 6250
2 3093 3089
2 564 6357
2 616 564
2 1594 6437
2 1675 6437
2 3458 3442
2 6357 617
2 619 6357
2 620 6357
2 3091 6250
2 3091 6249
2 6374 1663
2 1596 6374
2 617 635
2 3442 3426
2 3431 3429
2 3446 3431
2 3429 6206
2 3433 3429
2 1663 1659
2 712 714
2 6250 6249
2 3087 6250
2 6250 2971
2 6231 6250
2 635 680
2 3431 6206
2 3432 6206
2 3430 6206
2 1659 1664
2 1666 1659
2 3018 3001
2 3018 3008
2 2997 3018
2 680 674
2 1682 1697
2 1647 1697
2 1681 1697
2 1664 1693
2 3001 3008
2 2986 3001
2 6225 3001
2 674 679
2 3401 3397
2 3415 3401
2 1693 1694
2 1658 1693
2 1659 1693
2 3008 2985
2 6249 2971
2 6249 2935
2 3089 6249
2 1694 1711
2 1665 1694
2 3397 3385
2 1711 1713
2 1693 1711
2 709 755
2 707 709
2 679 709
2 1713 6359
2 1789 1713
2 3385 6200
2 755 750
2 2971 2935
2 3092 2971
2 3091 2971
2 6359 1790
2 1872 6359
2 750 752
2 754 750
2 750 788
2 3372 6200
2 3387 6200
2 3375 6200
2 1790 1874
2 752 788
2 2968 6226
2 1797 6388
2 1997 1797
2 1797 1999
2 1998 1797
2 2029 1797
2 6419 1797
2 2967 2926
2 1997 6388
2 6388 1999
2 1998 6388
2 2029 6388
2 6419 6388
2 6388 2000
2 2001 6388
2 1968 1970
2 1972 1968
2 3357 3353
2 1999 2000
2 2002 1999
2 1999 2003
2 2004 1999
2 1970 1993
2 2926 2918
2 2930 2935
2 2931 2935
2 907 838
2 904 838
2 3353 3355
2 2000 2003
2 2918 2913
2 6230 2918
2 2967 2918
2 2003 2028
2 3355 3334
2 3352 3355
2 3358 3334
2 3353 3358
2 3352 3358
2 906 937
2 2926 2913
2 2927 2913
2 2925 2913
2 2001 2028
2 3334 3332
2 3325 3334
2 2041 2037
2 2021 2037
2 968 6333
2 902 937
2 905 937
2 3333 3332
2 3332 3315
2 3316 3332
2 3319 3306
2 3303 3319
2 3302 3319
2 2037 2038
2 2019 2037
2 2043 2037
2 2916 6238
2 2916 6235
2 2888 2916
2 6236 2916
2 2916 2887
2 937 963
2 6390 963
2 963 1007
2 909 963
2 6368 6366
2 3315 3312
2 3306 3273
2 2021 2038
2 2038 2058
2 6376 6366
2 6366 2090
2 6238 6235
2 6238 2887
2 6235 2887
2 1007 964
2 1007 965
2 1005 1007
2 1007 1004
2 2058 2054
2 2058 2056
2 3316 3312
2 3297 3312
2 3273 3271
2 964 1004
2 1006 964
2 962 964
2 1008 965
2 1009 965
2 2887 6241
2 2932 2847
2 2932 2833
2 2932 2819
2 2932 2817
2 2054 2056
2 3299 3285
2 3271 3260
2 3304 3271
2 3305 3271
2 3306 3271
2 1004 6382
2 2056 2071
2 6241 2872
2 6382 1044
2 2090 2087
2 2093 2087
2 3285 3269
2 2071 2081
2 2054 2071
2 2872 2843
2 2847 2833
2 2847 2819
2 2847 2817
2 1044 6386
2 2081 2114
2 2081 2095
2 2068 2081
2 3269 6207
2 3286 3269
2 3287 3269
2 3273 3260
2 3302 3260
2 1043 6386
2 6386 1095
2 6378 6386
2 1193 1280
2 1197 1193
2 1198 1193
2 1199 1193
2 2843 2839
2 2833 2819
2 2833 2817
2 2114 2097
2 2080 2114
2 3284 6207
2 3283 6207
2 3256 6207
2 3255 6207
2 3271 3248
2 3272 3248
2 2095 2097
2 2095 2130
2 2839 2841
2 2846 2839
2 2819 2817
2 2819 2812
2 1095 1096
2 1098 1095
2 1099 1095
2 2097 2130
2 1096 1191
2 2130 2159
2 2842 2841
2 2817 2812
2 1094 1191
2 2159 2132
2 2159 2155
2 3257 3244
2 3259 3257
2 2132 2155
2 2132 2158
2 2160 2132
2 3244 6218
2 1166 1173
2 2137 2162
2 6352 2137
2 2806 2790
2 2789 2806
2 2155 2158
2 2155 2188
2 6218 3219
2 3246 6218
2 2790 2780
2 2833 2812
2 2847 2812
2 2158 2188
2 2174 2158
2 2158 2175
2 1196 1279
2 3200 3227
2 3185 3200
2 3200 3176
2 2780 2756
2 1173 1230
2 2188 2175
2 3223 3207
2 3223 6438
2 2175 2187
2 1230 6360
2 1172 1230
2 2773 2756
2 2187 2201
2 3207 6438
2 3211 3207
2 3227 3174
2 3227 3202
2 2201 2197
2 2196 2201
2 2735 2733
2 2754 2735
2 2756 2735
2 2755 2735
2 2779 2735
2 2197 2219
2 2221 2197
2 1308 1335
2 6438 6220
2 3197 6438
2 6438 6223
2 3176 3174
2 3176 3202
2 3176 3203
2 2228 2224
2 2224 2245
2 2753 2733
2 2733 6253
2 2754 2733
2 2756 2733
2 1335 1337
2 1406 1335
2 6220 6223
2 3168 6220
2 6220 3169
2 3174 3202
2 3174 3203
2 2238 2242
2 2220 2238
2 1337 6356
2 6223 3169
2 3171 6223
2 3165 6223
2 3166 6223
2 3202 3203
2 3198 3202
2 6344 6372
2 1639 6372
2 1637 6372
2 1633 6372
2 2735 6253
2 2734 6253
2 2736 6253
2 2737 6253
2 1398 6356
2 6356 1397
2 1395 6356
2 2245 2278
2 2244 2245
2 3169 3154
2 3153 3169
2 3137 3203
2 1393 1401
2 6330 6321
2 6329 6330
2 3154 3152
2 2229 2278
2 2278 2301
2 6323 6321
2 6325 6321
2 1444 1442
2 1394 1444
2 3153 3152
2 3167 3152
2 1445 1442
2 2707 2696
2 2693 2707
2 2692 2707
2 2272 2268
2 1462 1465
2 1442 1462
2 3150 3126
2 2696 2681
2 3133 3135
2 1495 1500
2 2307 2311
2 2681 2680
2 1500 1527
2 1493 1500
2 3111 6229
2 3124 3111
2 3126 3111
2 2305 2331
2 2301 2305
2 2302 2305
2 2680 2669
2 1527 1551
2 1527 1553
2 1555 1527
2 3114 6229
2 3135 6229
2 3124 6229
2 2325 2328
2 2669 6258
2 1635 1638
2 1551 1553
2 1551 1557
2 1500 1551
2 1553 1557
2 1553 1627
2 1554 1553
2 2328 6308
2 1557 1627
2 1557 1592
2 6258 2650
2 2331 2334
2 2335 2331
2 2336 2331
2 6308 2355
2 2322 6308
2 2654 2650
2 2632 2629
2 2816 2632
2 1627 1592
2 1551 1627
2 1625 1627
2 2355 2352
2 2356 2355
2 3097 3074
2 3097 3071
2 1592 1626
2 1628 1592
2 2352 2357
2 1626 1629
2 1648 1626
2 1649 1626
2 3074 3071
2 2334 2360
2 2379 2334
2 2380 2334
2 2653 2606
2 1629 1650
2 1629 1651
2 3071 6237
2 3074 6237
2 1650 1651
2 1650 1688
2 1651 1688
2 2395 2398
2 6305 2395
2 1688 1691
2 1705 1688
2 1703 1688
2 3058 3050
2 3047 3058
2 3052 3064
2 3067 3064
2 2398 6304
2 2606 2608
2 2606 2581
2 1691 1701
2 2399 2445
2 2399 2417
2 3050 3046
2 3072 3050
2 6304 2413
2 2396 6304
2 2608 2581
2 2578 2608
2 6265 2608
2 1775 1778
2 1775 1989
2 1776 1775
2 3051 3046
2 2445 2417
2 2380 2445
2 2634 2629
2 2629 2635
2 2629 2636
2 2430 2413
2 2417 6314
2 2442 2417
2 2426 2438
2 1778 1989
2 1778 1991
2 1773 1778
2 1841 1823
2 1704 1841
2 3035 6245
2 3022 3035
2 2440 2438
2 1823 1825
2 2582 6267
2 6314 2444
2 6314 2458
2 3028 6255
2 6255 2996
2 1825 1880
2 2444 2458
2 2444 2460
2 2570 6267
2 6297 2469
2 2466 6297
2 2437 6297
2 6245 3012
2 6245 3004
2 1880 1881
2 1822 1880
2 1882 1880
2 2458 2460
2 2458 2471
2 2469 2463
2 1881 1983
2 3012 3004
2 3036 3012
2 2996 2994
2 2996 2983
2 3016 2996
2 2460 2471
2 2463 2489
2 2543 2542
2 1989 1991
2 1989 2152
2 1877 1983
2 1986 1983
2 3004 3003
2 2994 2983
2 2994 2981
2 6255 2994
2 3015 2994
2 2444 2471
2 2461 2489
2 2504 2503
2 2489 2504
2 1991 2152
2 1777 1991
2 1775 1991
2 3003 2992
2 2989 3003
2 6251 3003
2 2983 2981
2 2983 2958
2 6256 2983
2 2529 2515
2 2542 2529
2 2503 2506
2 2491 2503
2 2008 6328
2 2009 6328
2 2992 2979
2 2981 2958
2 2981 2956
2 2951 2981
2 2996 2981
2 2494 2509
2 2494 2525
2 2506 2519
2 2515 2498
2 2531 2515
2 2540 2515
2 2509 2525
2 2979 2976
2 2958 2956
2 2958 2949
2 2959 2958
2 2505 2519
2 2498 2499
2 2529 2498
2 2047 2051
2 2033 2047
2 2152 6318
2 2152 6317
2 2152 2150
2 2956 2949
2 2956 2924
2 2922 2956
2 2499 2480
2 2499 2474
2 2635 2636
2 2635 2456
2 2391 2635
2 2370 2635
2 2369 2635
2 2534 2549
2 2518 2534
2 2952 2941
2 2976 2952
2 2949 2924
2 2051 2065
2 2065 2067
2 2049 2065
2 2480 2474
2 2480 2500
2 2497 2480
2 2549 2550
2 2067 2076
2 2550 2562
2 2474 2500
2 2636 2456
2 2370 2636
2 2369 2636
2 2368 2636
2 2066 2076
2 2553 2565
2 2526 2553
2 2525 2553
2 2553 2566
2 2567 2553
2 2511 2553
2 2940 2947
2 2941 2940
2 2942 2940
2 2940 2905
2 2548 2562
2 2564 2562
2 6318 6317
2 6318 2150
2 6318 2153
2 1991 6318
2 1990 6318
2 2500 2476
2 2500 2452
2 6310 2108
2 2107 6310
2 2104 6310
2 2947 2905
2 2947 6254
2 2936 2947
2 2565 2566
2 2565 6295
2 2565 6293
2 2624 2565
2 2601 2565
2 2565 2621
2 2476 2452
2 2448 2476
2 2476 2450
2 2474 2476
2 6317 2150
2 6317 2153
2 1991 6317
2 1990 6317
2 2108 2112
2 2566 6295
2 2566 6293
2 2601 2566
2 2566 2621
2 2644 2566
2 2587 2590
2 2452 2450
2 2112 2125
2 6295 2621
2 2602 6295
2 6254 2903
2 2122 2125
2 2126 2125
2 2450 2433
2 6293 2621
2 2603 6293
2 2903 2891
2 2881 2880
2 2621 2641
2 2596 2613
2 2594 2596
2 2597 2596
2 2595 2596
2 2433 2423
2 2150 2153
2 2150 2283
2 2294 2150
2 2891 6257
2 2901 2891
2 2906 2880
2 2921 2880
2 2907 2880
2 2128 2147
2 2146 2128
2 2423 2421
2 6257 2878
2 6257 2892
2 2903 6257
2 2613 2614
2 2599 2613
2 2421 2407
2 2424 2421
2 2601 2641
2 2878 2892
2 2878 2863
2 2147 2169
2 2148 2169
2 2146 2169
2 2663 2661
2 2614 2663
2 2419 2407
2 2181 2184
2 2165 2181
2 2892 2863
2 2861 2892
2 2661 2658
2 2388 2387
2 2406 2388
2 2407 2388
2 2153 2283
2 2153 2282
2 2184 2190
2 2863 2860
2 2830 2804
2 2871 2830
2 2880 2830
2 2658 2660
2 2387 2364
2 2190 2193
2 2623 2665
2 2665 2674
2 2622 2665
2 2860 2865
2 2869 2804
2 2660 6273
2 2662 2660
2 2656 2660
2 2193 2216
2 6273 2685
2 6272 6273
2 2658 6273
2 2367 2364
2 2364 2342
2 2216 2233
2 2283 2282
2 2283 2285
2 2286 2283
2 2865 2826
2 2233 2235
2 2236 2233
2 2702 2674
2 2703 2674
2 2342 2343
2 2685 2700
2 2826 2824
2 2821 2826
2 2704 2675
2 2705 2675
2 2254 2248
2 2254 2252
2 2235 2254
2 2343 2347
2 2340 2343
2 2700 2698
2 2700 2742
2 2824 2799
2 2248 2252
2 2236 2248
2 2347 2316
2 2339 2347
2 2252 2264
2 2799 2797
2 2799 2786
2 2797 2786
2 2798 2797
2 2781 2797
2 2698 2742
2 2719 2698
2 2698 2720
2 2264 2258
2 2248 2264
2 2316 6282
2 2285 2282
2 2368 2285
2 2369 2285
2 2370 2285
2 2742 2720
2 2721 2742
2 2722 2742
2 2742 2723
2 2786 2784
2 2258 2261
2 6282 6284
2 6282 2317
2 2318 6282
2 2725 2743
2 2720 2723
2 2741 2720
2 2785 2784
2 6284 2317
2 6284 2280
2 2315 6284
2 2316 6284
2 2750 2723
2 2280 2317
2 2261 2280
2 2313 2280
2 6283 2280
2 2762 2748
2 2788 2762
2 2765 2748
2 2766 2748
2 6281 2317
2 2316 2317
2 4 18
2 4 15
2 10 21
2 10 3
2 10 20
2 10 2
2 10 26
2 21 19
2 21 14
2 25 47
2 42 36
2 42 1974
2 42 1979
2 46 58
2 47 23
2 47 24
2 47 18
2 53 49
2 53 30
2 63 60
2 69 110
2 69 111
2 69 6301
2 69 102
2 69 115
2 78 133
2 78 1950
2 88 99
2 72 112
2 72 75
2 76 112
2 76 75
2 76 100
2 76 6301
2 76 68
2 103 92
2 110 71
2 110 120
2 110 100
2 112 71
2 112 116
2 112 115
2 118 115
2 137 108
2 137 2035
2 137 94
2 137 165
2 162 167
2 162 125
2 162 115
2 162 150
2 162 152
2 145 2044
2 145 204
2 145 205
2 145 143
2 159 1966
2 159 1962
2 159 1952
2 159 1961
2 159 1937
2 181 170
2 181 152
2 187 179
2 187 178
2 187 219
2 187 234
2 194 219
2 203 144
2 203 263
2 203 228
2 203 164
2 190 222
2 190 237
2 190 234
2 190 236
2 224 205
2 224 2060
2 232 241
2 239 256
2 239 282
2 239 6337
2 239 234
2 230 263
2 230 205
2 230 266
2 241 233
2 244 256
2 244 281
2 270 317
2 270 1961
2 270 313
2 292 306
2 292 307
2 292 320
2 261 201
2 261 202
2 261 1987
2 300 252
2 306 285
2 306 6342
2 306 338
2 306 323
2 311 342
2 311 278
2 311 276
2 311 348
2 311 351
2 311 1966
2 311 350
2 311 402
2 311 400
2 311 399
2 307 310
2 303 252
2 327 6349
2 327 337
2 329 6342
2 339 362
2 339 328
2 339 6349
2 342 276
2 342 316
2 342 402
2 342 400
2 342 404
2 342 399
2 352 1958
2 335 328
2 362 384
2 362 385
2 362 388
2 362 394
2 362 360
2 367 262
2 373 442
2 373 263
2 373 411
2 373 412
2 373 2288
2 373 266
2 390 388
2 390 426
2 390 425
2 396 351
2 408 442
2 408 443
2 408 377
2 408 444
2 414 436
2 414 441
2 414 439
2 416 422
2 393 460
2 393 461
2 436 476
2 436 471
2 442 379
2 442 411
2 442 2288
2 442 2290
2 449 473
2 449 420
2 451 404
2 460 485
2 456 505
2 473 494
2 473 437
2 473 438
2 473 475
2 473 526
2 487 531
2 487 461
2 491 548
2 491 474
2 491 544
2 508 537
2 508 372
2 494 548
2 494 471
2 494 482
2 494 546
2 510 621
2 523 556
2 523 561
2 523 570
2 523 2288
2 523 517
2 523 553
2 523 448
2 523 558
2 523 2292
2 531 562
2 531 563
2 531 486
2 513 621
2 540 556
2 540 557
2 548 598
2 548 549
2 548 597
2 548 493
2 537 623
2 537 621
2 537 624
2 537 625
2 556 570
2 556 518
2 556 538
2 562 615
2 562 528
2 563 628
2 563 528
2 563 565
2 561 518
2 561 538
2 581 2017
2 581 665
2 591 544
2 570 645
2 570 518
2 570 681
2 570 559
2 570 643
2 570 697
2 570 558
2 585 699
2 585 2017
2 585 665
2 585 668
2 598 629
2 598 546
2 598 526
2 598 630
2 615 636
2 615 675
2 615 637
2 615 567
2 615 566
2 615 635
2 628 619
2 628 618
2 629 649
2 619 675
2 627 602
2 627 682
2 605 699
2 605 587
2 605 583
2 605 703
2 645 602
2 645 604
2 677 706
2 677 679
2 689 721
2 684 738
2 699 731
2 699 583
2 699 730
2 699 781
2 699 780
2 699 2171
2 706 638
2 694 744
2 694 6416
2 734 748
2 734 679
2 734 750
2 736 682
2 744 769
2 748 786
2 758 843
2 758 623
2 758 844
2 758 866
2 758 625
2 743 792
2 743 849
2 743 854
2 768 807
2 769 810
2 769 6411
2 769 6412
2 769 722
2 769 808
2 786 837
2 786 6362
2 786 839
2 786 841
2 786 904
2 786 753
2 786 756
2 757 837
2 757 750
2 792 849
2 792 854
2 792 739
2 807 855
2 807 785
2 807 857
2 807 858
2 814 780
2 810 785
2 823 863
2 823 780
2 837 907
2 843 2350
2 849 871
2 849 738
2 849 797
2 849 795
2 849 888
2 849 2647
2 849 6432
2 849 798
2 855 923
2 836 817
2 836 880
2 836 815
2 836 881
2 836 820
2 845 2382
2 845 2349
2 853 888
2 853 829
2 865 817
2 865 894
2 865 932
2 871 911
2 871 2647
2 871 6432
2 890 879
2 883 935
2 883 863
2 883 932
2 883 948
2 902 936
2 887 869
2 907 936
2 907 967
2 907 937
2 911 854
2 911 976
2 911 971
2 928 958
2 928 950
2 936 966
2 936 1007
2 941 980
2 935 863
2 935 932
2 935 1018
2 935 1022
2 935 882
2 935 2405
2 935 1036
2 969 888
2 969 1075
2 969 2646
2 969 920
2 969 1049
2 969 1002
2 969 910
2 986 876
2 986 879
2 986 952
2 991 2484
2 991 2383
2 991 2393
2 991 2350
2 991 868
2 966 6384
2 1010 1051
2 1010 947
2 1010 979
2 1015 1058
2 1015 1035
2 993 1068
2 993 999
2 993 996
2 1026 1077
2 1026 2647
2 1026 1075
2 1026 1048
2 1026 971
2 988 955
2 988 1087
2 988 1086
2 988 1088
2 1009 6384
2 1009 6383
2 1009 1100
2 1051 1064
2 1051 6400
2 1056 2402
2 1056 1022
2 1060 1103
2 1060 1106
2 1060 1108
2 1060 1052
2 1060 1053
2 1068 1023
2 1068 2485
2 1064 1103
2 1064 1012
2 1064 6398
2 1064 1104
2 1077 1000
2 1077 1075
2 1077 1217
2 1077 1048
2 1103 1130
2 1103 1107
2 1103 1061
2 1090 1152
2 1090 1088
2 1120 1079
2 1120 1184
2 1129 1109
2 1130 1134
2 1130 1211
2 1130 1104
2 1119 1220
2 1158 1201
2 1158 1224
2 1158 1259
2 1158 2402
2 1158 1111
2 1158 1203
2 1158 1206
2 1158 2405
2 1158 2403
2 1158 2431
2 1158 1202
2 1158 1225
2 1158 1227
2 1158 1112
2 1164 1228
2 1164 1257
2 1164 6373
2 1164 1189
2 1174 1233
2 1174 2524
2 1174 1234
2 1174 2484
2 1167 1228
2 1167 1172
2 1201 1224
2 1134 1150
2 1219 1118
2 1219 1152
2 1224 1259
2 1224 1137
2 1228 1307
2 1228 6361
2 1233 1318
2 1172 1231
2 1236 1267
2 1236 1318
2 1249 1274
2 1249 1305
2 1249 1188
2 1231 1307
2 1259 1311
2 1259 1137
2 1259 1203
2 1259 1328
2 1259 1312
2 1259 1284
2 1240 1180
2 1270 1251
2 1270 1305
2 1270 1256
2 1263 1311
2 1286 1343
2 1274 1369
2 1274 1305
2 1274 1188
2 1274 1256
2 1274 1372
2 1274 2834
2 1295 1222
2 1295 1391
2 1294 1255
2 1294 1371
2 1307 1333
2 1307 1334
2 1307 1336
2 1307 6358
2 1307 1406
2 1311 1262
2 1311 1260
2 1316 1361
2 1258 1310
2 1315 1344
2 1329 1338
2 1329 6393
2 1329 1359
2 1338 1381
2 1338 1412
2 1344 1470
2 1344 1417
2 1344 1312
2 1332 1341
2 1361 1267
2 1361 1317
2 1361 2714
2 1369 2896
2 1381 1407
2 1381 1410
2 1381 1331
2 1381 1409
2 1381 1411
2 1381 6423
2 1392 1446
2 1398 1438
2 1398 1396
2 1398 1310
2 1398 1336
2 1398 6358
2 1398 1400
2 1398 1447
2 1398 1335
2 1398 1444
2 1407 1451
2 1407 1476
2 1407 1359
2 1407 1340
2 1407 1342
2 1407 1481
2 1423 1305
2 1423 2962
2 1423 3061
2 1423 3041
2 1423 2960
2 1423 1374
2 1389 1458
2 1438 1400
2 1438 1462
2 1448 1414
2 1461 1496
2 1450 1484
2 1450 1483
2 1450 1421
2 1475 1505
2 1475 1507
2 1476 1505
2 1476 1533
2 1476 1507
2 1476 1508
2 1501 1517
2 1501 1469
2 1501 1473
2 1496 1447
2 1496 1462
2 1505 1532
2 1505 1455
2 1505 6389
2 1517 1598
2 1517 1470
2 1517 1486
2 1517 1590
2 1517 1469
2 1517 1482
2 1517 1545
2 1517 1548
2 1517 1473
2 1491 1457
2 1491 1436
2 1499 1550
2 1499 1468
2 1499 1497
2 1499 1553
2 1523 1486
2 1523 1504
2 1509 1506
2 1536 3043
2 1536 1568
2 1536 1579
2 1530 1598
2 1530 1521
2 1530 1590
2 1550 1493
2 1550 1627
2 1550 1592
2 1542 3063
2 1542 1579
2 1542 1580
2 1535 1593
2 1535 1594
2 1535 1596
2 1532 1594
2 1570 1612
2 1581 1619
2 1581 1617
2 1581 1516
2 1589 1604
2 1589 1546
2 1555 1624
2 1555 1628
2 1598 1623
2 1598 1656
2 1598 1521
2 1598 1549
2 1598 1653
2 1598 1679
2 1598 1680
2 1598 1678
2 1598 1545
2 1598 6430
2 1598 1620
2 1598 1548
2 1573 6425
2 1573 6424
2 1573 6437
2 1583 1643
2 1583 1645
2 1583 1587
2 1583 1516
2 1583 1586
2 1623 1600
2 1623 1678
2 1623 1621
2 1643 1682
2 1628 1687
2 1628 6347
2 1652 1590
2 1652 1600
2 1667 1579
2 1667 1729
2 1667 1580
2 1661 1665
2 1661 6425
2 1661 6437
2 1661 6374
2 1656 1600
2 1656 1748
2 1687 1699
2 1687 1702
2 1687 1705
2 1692 1708
2 1692 1709
2 1692 1710
2 1692 1660
2 1665 1708
2 1665 1675
2 1665 1663
2 1665 1713
2 1699 1821
2 1699 1826
2 1699 6340
2 1699 1689
2 1699 1758
2 1699 1824
2 1699 1650
2 1699 1841
2 1702 1651
2 1719 1761
2 1745 2875
2 1698 1682
2 1749 1748
2 1756 1826
2 1725 1717
2 1763 1780
2 1763 1729
2 1763 3270
2 1763 1829
2 1766 1730
2 1766 3270
2 1766 1829
2 1766 1767
2 1783 1805
2 1715 1872
2 1715 1978
2 1780 1828
2 1780 1833
2 1780 1831
2 1780 1829
2 1780 1834
2 1798 1848
2 1798 1850
2 1805 1858
2 1805 1784
2 1805 1846
2 1805 1860
2 1805 1786
2 1805 1785
2 1805 1843
2 1805 1861
2 1805 1866
2 1805 1750
2 1821 1877
2 1821 1841
2 1821 1880
2 1821 1983
2 1828 1781
2 1828 3543
2 1833 3543
2 1833 1834
2 1826 1707
2 1826 1704
2 1826 1827
2 1826 1986
2 1826 1879
2 1812 1858
2 1812 1809
2 1812 1860
2 1847 1799
2 1838 1829
2 1838 3527
2 1838 3543
2 1838 1834
2 1838 3528
2 1858 1886
2 1858 1898
2 1858 1866
2 1872 1967
2 1877 2010
2 1877 2009
2 1883 3086
2 1883 1897
2 1883 1866
2 1871 3238
2 1871 1852
2 1892 1900
2 1892 1916
2 1892 1886
2 1892 1906
2 1892 1866
2 1900 1906
2 1905 1898
2 1905 1909
2 1908 1906
2 1916 1898
2 1916 1906
2 1916 3661
2 1916 3721
2 1916 1897
2 1916 1907
2 1934 1939
2 1934 1962
2 86 1947
2 86 133
2 86 130
2 86 136
2 86 1949
2 158 1939
2 158 1936
2 158 1938
2 1941 353
2 1947 85
2 1939 1963
2 1939 1964
2 1939 157
2 1939 174
2 1939 1962
2 133 81
2 133 80
2 133 85
2 130 198
2 130 196
2 130 1949
2 1963 315
2 1963 275
2 1963 1938
2 1963 313
2 278 276
2 278 315
2 278 348
2 200 198
2 276 348
2 276 1966
2 276 316
2 315 348
2 315 272
2 315 275
2 315 274
2 688 687
2 36 1974
2 36 1980
2 36 95
2 36 1979
2 36 43
2 318 317
2 318 345
2 39 1973
2 1967 1992
2 1967 1996
2 1967 1873
2 1967 1791
2 1967 1978
2 1967 1994
2 1967 1995
2 348 402
2 44 34
2 299 296
2 299 262
2 299 298
2 1876 1971
2 351 398
2 351 457
2 351 454
2 351 400
2 351 405
2 351 319
2 398 345
2 398 349
2 1980 43
2 1981 2012
2 1981 1878
2 1981 2011
2 457 402
2 296 372
2 296 201
2 296 202
2 296 249
2 454 505
2 454 400
2 454 459
2 454 404
2 1992 2019
2 479 502
2 479 2005
2 479 452
2 479 503
2 479 404
2 479 453
2 107 144
2 107 141
2 107 95
2 107 109
2 107 96
2 505 502
2 505 2005
2 505 2017
2 505 400
2 505 405
2 505 507
2 500 459
2 500 507
2 108 94
2 108 92
2 108 98
2 502 481
2 144 146
2 144 2035
2 144 164
2 144 94
2 144 142
2 144 96
2 144 91
2 144 139
2 2005 481
2 2005 590
2 2019 1977
2 2019 1971
2 2019 1968
2 2017 584
2 2017 459
2 2017 583
2 2017 582
2 2032 6396
2 2032 2047
2 515 369
2 587 2006
2 587 588
2 2022 2040
2 2022 1971
2 2022 1995
2 2022 1993
2 2022 2058
2 2046 2061
2 2046 2009
2 2052 2042
2 2039 2055
2 2039 2070
2 2035 227
2 2035 228
2 2035 141
2 2035 2079
2 2035 206
2 2035 139
2 2044 164
2 2061 2072
2 2061 2048
2 2061 6312
2 586 590
2 535 536
2 2070 2083
2 2070 2058
2 2070 2095
2 901 2103
2 2085 2100
2 2085 6363
2 2085 6365
2 207 263
2 207 229
2 509 639
2 2086 2100
2 2086 6367
2 2086 6363
2 2092 2117
2 665 582
2 2057 1148
2 2057 2142
2 2057 2141
2 2104 2120
2 2104 2123
2 227 263
2 227 205
2 227 2079
2 227 252
2 227 266
2 227 2060
2 2098 2129
2 2098 2159
2 667 731
2 667 702
2 667 700
2 2120 2164
2 2120 2145
2 2120 2107
2 2120 6312
2 2120 2106
2 2120 2105
2 2120 2112
2 2120 2169
2 251 205
2 251 265
2 251 305
2 251 302
2 536 639
2 2123 2126
2 2123 2144
2 263 379
2 263 228
2 263 206
2 263 302
2 263 229
2 2102 2139
2 2102 2162
2 731 778
2 731 784
2 731 668
2 731 702
2 731 781
2 731 666
2 731 782
2 731 2171
2 301 252
2 2133 2173
2 2133 2115
2 778 784
2 778 730
2 778 732
2 778 2171
2 623 759
2 2164 2178
2 2164 2145
2 2164 2122
2 2164 2127
2 2164 2144
2 2164 2179
2 2164 2180
2 822 863
2 822 780
2 2173 2194
2 2173 2203
2 379 411
2 379 302
2 379 266
2 2178 2212
2 2178 2215
2 2178 2214
2 2178 2191
2 2178 2169
2 2178 2190
2 2186 2194
2 817 863
2 817 880
2 817 862
2 817 780
2 817 2171
2 2185 2214
2 2185 2213
2 2185 2216
2 2194 2220
2 2194 2176
2 2194 2203
2 2194 2218
2 2194 2221
2 2194 2239
2 2194 6331
2 2194 2175
2 2194 2187
2 375 412
2 2200 2199
2 2200 2177
2 2204 2229
2 2204 2139
2 2204 2227
2 2204 2224
2 2212 2230
2 2212 2182
2 2199 6331
2 2199 2238
2 411 374
2 411 443
2 411 377
2 411 444
2 411 302
2 2230 2247
2 2230 2250
2 2230 2213
2 863 932
2 863 781
2 863 780
2 863 2171
2 412 2288
2 412 445
2 412 326
2 2223 378
2 2247 2260
2 2247 2232
2 2247 2215
2 880 932
2 880 784
2 880 930
2 880 820
2 880 2171
2 2250 2255
2 2250 2231
2 2255 2249
2 759 844
2 2260 2251
2 2260 2248
2 2257 2253
2 2257 2249
2 2257 2252
2 894 958
2 2262 2313
2 2262 6283
2 2262 2317
2 932 958
2 2288 517
2 2288 518
2 2288 445
2 2288 520
2 2295 2306
2 2295 2309
2 2295 2274
2 2295 2271
2 2295 2269
2 2295 2307
2 934 1017
2 934 1016
2 934 930
2 524 518
2 2299 2277
2 2306 2323
2 2306 2327
2 2313 2341
2 844 2382
2 844 2350
2 2323 2351
2 2323 2310
2 2323 2308
2 2323 2329
2 2323 6309
2 2323 2328
2 2323 2355
2 958 1020
2 958 1057
2 958 1059
2 958 929
2 958 1035
2 958 1036
2 958 930
2 1018 1020
2 1018 2402
2 1018 1022
2 1018 1036
2 2341 2345
2 2341 2315
2 2341 2367
2 2341 6282
2 518 601
2 518 2291
2 847 2382
2 2351 2371
2 2351 2378
2 2351 6309
2 2351 2395
2 2332 2379
2 538 553
2 538 601
2 538 557
2 2345 2384
2 2345 2390
2 2345 2366
2 2345 2318
2 2345 2385
2 2345 2367
2 2371 2397
2 2371 2355
2 2371 2395
2 2336 2400
2 553 539
2 2382 1023
2 2382 992
2 2384 2363
2 1059 2402
2 1059 2418
2 1059 1111
2 1059 1140
2 1059 1035
2 1059 1113
2 568 558
2 994 2350
2 2378 2428
2 2378 2412
2 2378 2355
2 2379 2416
2 2402 1111
2 2402 1022
2 2402 1036
2 2402 1112
2 2390 2367
2 601 681
2 601 646
2 601 643
2 1023 2482
2 1023 2483
2 2400 2441
2 2400 2335
2 2418 1111
2 2418 1137
2 2418 1203
2 2425 2435
2 626 646
2 626 602
2 626 742
2 626 683
2 626 569
2 2428 2435
2 2428 2412
2 2428 2437
2 2428 2398
2 2428 2438
2 2428 6297
2 1111 1036
2 1111 1113
2 2424 2447
2 2424 2408
2 2424 2450
2 2435 2415
2 2435 2464
2 2435 6297
2 2441 2401
2 1137 1203
2 1137 1261
2 1137 1140
2 2447 2473
2 2447 2475
2 2447 2419
2 2447 2422
2 2447 2500
2 681 738
2 681 797
2 681 741
2 681 742
2 681 740
2 2473 2448
2 2482 2524
2 2482 998
2 2486 2501
2 2486 2464
2 2486 6297
2 2486 2463
2 2486 2504
2 2472 2508
2 2472 2509
2 1203 1261
2 1203 1140
2 1203 1265
2 1203 1282
2 2481 2479
2 2481 2514
2 2478 2498
2 738 797
2 738 697
2 2501 2520
2 2501 2517
2 2524 2483
2 2513 2540
2 2513 2558
2 1261 1207
2 2523 2547
2 2523 2506
2 797 646
2 797 741
2 797 829
2 797 796
2 797 742
2 1262 1312
2 1262 1227
2 2546 2561
2 795 854
2 2554 1234
2 2545 2568
2 2545 2571
2 2545 2584
2 2545 2540
2 2559 2535
2 2568 2555
2 2572 2585
2 2572 2595
2 2572 2589
2 2572 2547
2 2572 2552
2 2572 2588
2 2572 2550
2 2572 2562
2 2572 2587
2 2578 2605
2 2578 6263
2 2578 2544
2 2578 2556
2 2578 2557
2 2578 6387
2 1327 1260
2 1327 1325
2 1327 1348
2 2571 2605
2 2571 2583
2 2571 2557
2 2585 2592
2 2592 2610
2 2592 2576
2 2595 2611
2 1328 1349
2 1328 1414
2 1328 1348
2 1328 2619
2 1328 2618
2 2605 2580
2 2605 6265
2 2605 2626
2 2605 2579
2 1234 1247
2 1234 1177
2 1234 1318
2 2610 2655
2 2610 6274
2 2610 6275
2 2610 2593
2 2610 2599
2 2611 2657
2 2611 2589
2 2611 2590
2 2611 2663
2 1349 2637
2 1349 1414
2 1349 1470
2 1349 1417
2 1349 1326
2 1349 1312
2 1349 1418
2 1349 2638
2 2603 6295
2 2609 2649
2 888 2647
2 888 920
2 888 869
2 888 829
2 2616 2655
2 2616 2657
2 2616 2656
2 2622 2666
2 2622 2621
2 1267 1366
2 1267 1180
2 1414 1449
2 1414 1470
2 1414 1422
2 1414 2619
2 1414 1484
2 1414 1421
2 1414 2618
2 2655 6275
2 2657 2672
2 2657 2612
2 2657 6273
2 2647 1000
2 2647 1075
2 2647 1048
2 2647 6432
2 2647 854
2 2647 1003
2 2647 977
2 2647 970
2 2647 910
2 2642 2673
2 1449 1417
2 1449 1473
2 2654 2676
2 2654 2680
2 1366 1247
2 2666 2689
2 2676 2692
2 2676 2710
2 2676 2693
2 1470 1486
2 1470 1417
2 1470 1484
2 1470 1421
2 2683 6272
2 1000 1075
2 1000 1072
2 1000 1048
2 1000 971
2 2686 2712
2 1486 1504
2 1486 1521
2 1486 1528
2 1486 1547
2 1486 1519
2 1486 1520
2 1486 1522
2 2688 2698
2 1027 1048
2 1027 1080
2 1363 2732
2 1363 2731
2 1363 1247
2 1363 1367
2 2706 2718
2 2706 2670
2 2706 2677
2 2706 2678
2 2706 2694
2 1504 1528
2 1504 1484
2 2710 2680
2 2699 2719
2 1075 1082
2 1075 1076
2 1075 1049
2 1075 1079
2 1075 1074
2 1075 977
2 2701 2731
2 2702 2727
2 1521 1547
2 1521 1549
2 1521 1590
2 1521 1545
2 2712 2740
2 2712 6270
2 2712 2687
2 1072 1079
2 2713 1367
2 2718 2753
2 2718 2707
2 2721 2750
2 1528 1519
2 2729 2705
2 1078 1121
2 1078 1217
2 1078 1048
2 2727 2704
2 2740 2788
2 2740 2766
2 1547 1519
2 1547 1604
2 1547 1484
2 2739 2747
2 2739 2788
2 2739 2783
2 2739 2748
2 2751 2726
2 1082 1127
2 1082 1217
2 1082 1185
2 1082 1122
2 2732 2777
2 2732 1562
2 2747 2788
2 1590 1600
2 1590 1622
2 1590 1654
2 1590 1604
2 2772 2789
2 2772 2737
2 2772 2753
2 2772 2790
2 1121 1217
2 2758 1562
2 2755 2774
2 2755 2733
2 2781 2795
2 2781 2765
2 2781 2764
2 2781 2762
2 1600 1653
2 2788 2801
2 2788 2748
2 1127 1185
2 1127 1079
2 2777 2731
2 2789 2831
2 2789 6243
2 2789 2737
2 2789 2753
2 2789 2754
2 2789 2757
2 2789 2805
2 2774 2793
2 2774 2805
2 2774 2756
2 1622 1654
2 2793 2844
2 1217 1251
2 1217 6431
2 1217 1122
2 1217 1125
2 1653 1680
2 2820 2857
2 2801 2836
2 2801 2783
2 2801 2787
2 2801 2837
2 2801 2859
2 2801 2865
2 2801 2826
2 2801 2786
2 1185 1218
2 1185 1251
2 1185 1255
2 1185 1079
2 1185 1253
2 1654 1679
2 1654 2853
2 1654 1748
2 1654 6430
2 1654 1604
2 1654 2873
2 1654 2852
2 2831 2838
2 2831 2845
2 2831 2884
2 2831 2794
2 2831 2792
2 2836 2859
2 2838 6243
2 2838 2884
2 1679 1748
2 1679 2873
2 2857 2889
2 2857 2879
2 2857 2893
2 2857 2821
2 2857 2822
2 2857 2825
2 2857 6262
2 1251 1305
2 1251 1188
2 2845 2882
2 2853 1748
2 2853 1677
2 2864 2889
2 2864 2897
2 2864 2859
2 1255 1293
2 1255 1305
2 1255 1371
2 1255 2835
2 1255 1253
2 2882 6238
2 2877 1755
2 2889 2902
2 2869 2906
2 2897 2902
2 2897 2892
2 2902 2939
2 2902 2890
2 2902 2938
2 1748 1752
2 1748 2851
2 1748 1750
2 2900 2939
2 2900 2948
2 2906 2922
2 2912 2925
2 2912 2927
2 2912 6230
2 2912 2888
2 2912 6235
2 2909 2959
2 2909 2949
2 2909 2880
2 2915 6230
2 1305 2962
2 1305 1374
2 1752 1809
2 1752 1788
2 1371 2962
2 1371 1304
2 1371 3006
2 1371 1275
2 1724 1566
2 2939 2944
2 2939 2973
2 2939 2974
2 2939 2976
2 2922 2957
2 2922 2921
2 2922 2958
2 1784 1809
2 1784 1788
2 2925 2965
2 2944 2973
2 2944 2974
2 2944 2976
2 2973 2952
2 2962 1429
2 2962 3041
2 2962 1370
2 2962 1373
2 2962 3006
2 1717 1744
2 1717 1760
2 2984 3007
2 2984 6228
2 2989 2977
2 2989 2974
2 2982 3014
2 1809 1845
2 1809 1860
2 1809 1750
2 2997 3010
2 2997 2968
2 3002 2980
2 3002 6251
2 3000 3019
2 3011 2993
2 3013 3004
2 3015 3052
2 3023 3046
2 3032 3077
2 3039 3037
2 1845 1811
2 1845 1810
2 1845 1887
2 1845 1788
2 1846 1886
2 1846 1866
2 3052 3017
2 3052 6255
2 3051 3068
2 3051 3069
2 3051 3096
2 3051 3037
2 3043 1568
2 3043 1537
2 3043 1569
2 3043 1540
2 3043 3006
2 1760 1803
2 3056 3028
2 1860 3085
2 1860 1886
2 1860 1898
2 1860 1867
2 1860 1887
2 3068 3100
2 3068 3098
2 3068 3048
2 3068 6239
2 3063 1579
2 3063 3041
2 3077 3105
2 3077 6211
2 3077 6215
2 3077 3044
2 3077 6213
2 3077 6214
2 3085 1898
2 1800 1851
2 1800 1869
2 1800 1852
2 3075 3115
2 1886 1898
2 1886 1906
2 1886 1897
2 1886 1866
2 3100 3113
2 3100 6229
2 3100 3074
2 3100 3071
2 3105 3121
2 1803 1851
2 1803 1869
2 1803 1852
2 3104 3125
2 3104 3135
2 3109 3082
2 3109 3164
2 1568 1612
2 1568 1537
2 1568 1611
2 3113 6234
2 3116 6247
2 1898 1906
2 1898 1909
2 1898 1914
2 1898 1867
2 1898 1887
2 3121 3159
2 3121 3084
2 3121 3106
2 3121 3107
2 3125 3148
2 3125 3153
2 3125 3149
2 3125 3152
2 1579 1614
2 1579 1669
2 3128 3172
2 3128 3103
2 3128 3101
2 3128 3203
2 3132 3161
2 1903 1909
2 1903 1915
2 3148 3165
2 3148 3183
2 3148 3166
2 1612 1669
2 1906 1897
2 3159 3161
2 3159 3188
2 3165 3136
2 1614 1580
2 1864 1893
2 3153 3183
2 3153 6438
2 3153 6223
2 3153 3135
2 3172 3185
2 3172 3120
2 3177 3186
2 3177 3141
2 3161 3187
2 3161 3188
2 1669 1674
2 1669 1735
2 1669 1730
2 1669 1729
2 1669 1733
2 1669 3212
2 3183 3197
2 3183 3166
2 3183 3151
2 3183 3167
2 1914 3661
2 3186 3232
2 3190 3232
2 3190 3179
2 1674 1729
2 1674 3270
2 1674 1668
2 1674 1728
2 3210 3242
2 3210 3255
2 3210 3207
2 3210 6438
2 3224 3176
2 3217 3252
2 3217 3251
2 1735 1729
2 1735 3270
2 1735 1671
2 1893 1870
2 3242 3209
2 3242 3255
2 3225 3260
2 3234 3275
2 3234 3232
2 3234 3264
2 3254 3222
2 1730 1768
2 1730 1767
2 1730 3212
2 1730 1671
2 1730 1770
2 1729 1765
2 1729 3213
2 3253 3275
2 3266 3283
2 3266 3259
2 3270 1764
2 3270 1768
2 3249 3302
2 3267 3255
2 3274 3308
2 3274 3264
2 3294 3320
2 3294 3251
2 3294 3307
2 3294 3263
2 3287 3313
2 3287 3255
2 3287 3312
2 3272 3317
2 3272 3319
2 1768 1767
2 1768 1733
2 3310 3324
2 3310 3283
2 3310 3286
2 3310 3299
2 1781 1829
2 1781 1830
2 3304 3260
2 3308 3338
2 3308 3275
2 3316 3346
2 3316 3301
2 3323 3338
2 3323 3289
2 1829 1855
2 1829 3530
2 1829 3344
2 1829 3543
2 1829 3542
2 1829 1856
2 3327 3346
2 3327 3313
2 3327 3355
2 3336 3359
2 3330 3320
2 1855 3527
2 1855 3543
2 3345 3326
2 3345 3325
2 3343 3367
2 3343 3370
2 3343 3389
2 3343 3379
2 3343 3368
2 3348 3387
2 3348 3376
2 3348 3325
2 3367 3389
2 3367 3338
2 3367 3340
2 3367 3382
2 3367 3395
2 3359 3435
2 3370 3388
2 3370 3391
2 3370 3389
2 3370 3392
2 3383 3396
2 3383 3356
2 3391 3416
2 3391 3420
2 3391 3380
2 3391 3368
2 3400 3425
2 3400 3376
2 3400 3385
2 3415 3440
2 3428 3377
2 3428 3445
2 3428 3365
2 3420 3451
2 3420 3402
2 3427 6198
2 3427 3413
2 3427 3414
2 3430 3459
2 3430 3435
2 3430 3378
2 3430 3461
2 3447 6175
2 3447 3471
2 3447 6176
2 3447 3422
2 3453 3425
2 3453 6194
2 3453 3426
2 3455 3441
2 3459 3467
2 3459 3434
2 3459 3433
2 3463 3489
2 3470 3492
2 3470 3451
2 3470 6178
2 3470 6175
2 3478 3509
2 3478 6421
2 3478 6422
2 3478 6194
2 3467 3499
2 3467 3461
2 3474 3516
2 3474 3500
2 3474 3451
2 3474 3471
2 3485 3509
2 3495 3519
2 3503 3494
2 3510 3546
2 3510 3548
2 3510 3549
2 3510 3560
2 3510 3550
2 3510 3486
2 3523 3504
2 3523 3492
2 3523 3500
2 3527 3544
2 3516 3563
2 3516 3567
2 3516 3565
2 3516 3526
2 3516 3569
2 3516 3500
2 3516 3566
2 3516 3494
2 3546 3577
2 3546 6188
2 3546 3509
2 3544 3557
2 3544 3543
2 3544 3528
2 3548 3577
2 3563 3598
2 3557 3586
2 3557 3585
2 3557 3543
2 3557 3542
2 3577 3602
2 3577 3592
2 3577 3547
2 3572 3586
2 3572 3646
2 3572 3543
2 3572 3542
2 3561 3594
2 3561 3592
2 3561 3601
2 3561 3604
2 3570 3598
2 3570 6162
2 3578 3601
2 3590 3613
2 3590 3614
2 3590 3568
2 3586 3621
2 3586 3646
2 3586 3648
2 3586 3571
2 3586 3573
2 3586 3622
2 3594 3627
2 3594 3625
2 3610 3644
2 3610 3631
2 3610 3670
2 3610 3632
2 3600 3646
2 3600 3648
2 3624 6173
2 3624 3592
2 3630 3598
2 3629 3650
2 3629 6173
2 3621 3648
2 3621 3649
2 3607 3676
2 3644 3662
2 3644 3613
2 3646 3693
2 3646 3741
2 3646 3675
2 3646 3573
2 3650 3633
2 3650 3685
2 3650 3625
2 3662 3719
2 3662 3715
2 3648 3693
2 3648 3738
2 3648 3705
2 3648 3708
2 3686 3685
2 3686 3671
2 3693 3736
2 3693 3779
2 3693 3647
2 3693 3622
2 3693 3638
2 3693 3740
2 3693 3776
2 3710 3742
2 3710 3743
2 3710 6269
2 3710 6150
2 3720 3659
2 3742 3713
2 3723 3789
2 3723 3795
2 3723 1919
2 3723 6108
2 3723 3790
2 3723 3659
2 3752 3698
2 3738 3779
2 3738 3777
2 3738 3705
2 3738 3778
2 3743 3713
2 3763 3787
2 3763 3727
2 3757 6183
2 3757 3798
2 3760 3785
2 3760 3707
2 3760 3853
2 3761 3831
2 3779 3708
2 3779 3854
2 3779 3853
2 3766 3822
2 3766 3731
2 3789 3724
2 3789 3749
2 3758 6183
2 3758 6182
2 3774 3825
2 3774 3919
2 3785 3741
2 3785 3739
2 3785 3759
2 3785 3707
2 3785 3853
2 3795 3721
2 3795 3724
2 3795 3749
2 3795 3791
2 3795 3835
2 3795 3886
2 3788 3765
2 3802 3762
2 3823 3857
2 3836 3787
2 3836 3821
2 3844 3831
2 3844 3801
2 3844 3827
2 3850 3870
2 3857 3822
2 3857 3881
2 3862 3833
2 3862 3827
2 3862 3832
2 3860 3879
2 3860 3883
2 3860 3909
2 3860 3881
2 3864 3905
2 3864 3955
2 3864 3934
2 3879 3909
2 3879 3843
2 3879 3874
2 3879 3858
2 3895 3944
2 3878 3955
2 3890 3936
2 3890 3834
2 3890 3950
2 3890 3893
2 3890 3967
2 3883 3939
2 3922 3983
2 3922 3982
2 3922 3853
2 3922 3942
2 3922 3984
2 3905 3954
2 3905 3877
2 3905 3865
2 3905 3866
2 3907 3886
2 3907 3967
2 3928 3982
2 3900 3994
2 3900 3995
2 3900 3898
2 3936 3886
2 3936 3967
2 3918 3825
2 3939 4007
2 3939 3881
2 3937 3987
2 3937 3988
2 3945 3995
2 3945 4015
2 3920 6105
2 3920 3826
2 3970 4000
2 3970 3955
2 3970 4019
2 3965 4009
2 3965 3912
2 3986 4047
2 3986 3950
2 3986 4006
2 3994 4015
2 3994 4016
2 3994 4029
2 3994 3903
2 3983 4035
2 3983 3982
2 3983 3984
2 3983 4059
2 3983 4058
2 3971 3955
2 3971 3933
2 3971 3953
2 4007 4024
2 4007 4021
2 4007 3909
2 4007 3963
2 3998 4059
2 3995 3947
2 4001 4043
2 4010 4064
2 4010 3963
2 4015 6161
2 4015 3947
2 4030 4065
2 4030 4066
2 4030 4009
2 4039 4000
2 4039 4003
2 4045 3991
2 4037 4011
2 4033 4021
2 4060 4035
2 4060 4059
2 4072 4113
2 4072 4089
2 4072 4116
2 4065 4101
2 4065 4112
2 4083 4097
2 4073 4113
2 4073 4047
2 4073 4116
2 4090 4134
2 4090 4038
2 4090 4058
2 4090 4131
2 4090 4181
2 4085 4043
2 4101 4111
2 4097 4140
2 4097 6132
2 4097 4084
2 4105 4077
2 4105 4080
2 4117 4142
2 4117 4157
2 4117 4141
2 4117 4096
2 4110 4174
2 4140 4155
2 4140 4099
2 4140 4152
2 4140 4154
2 4140 4098
2 4140 4100
2 4143 4192
2 4143 6355
2 4142 4184
2 4158 4194
2 4171 6392
2 4171 4111
2 4134 4207
2 4134 4206
2 4134 4135
2 4134 4091
2 4134 4209
2 4155 4201
2 4160 4195
2 4160 4088
2 4175 6392
2 4175 4223
2 4151 4229
2 4151 4148
2 4185 4215
2 4202 4124
2 4202 4125
2 4195 4256
2 4195 4088
2 4195 4116
2 4195 4159
2 4201 4236
2 4201 4154
2 4201 4183
2 4211 4249
2 4211 4250
2 4211 4268
2 4211 4174
2 4212 4256
2 4212 4270
2 4212 4116
2 4212 6115
2 4228 4274
2 4218 4241
2 4218 4239
2 4237 4217
2 4237 4258
2 4237 4199
2 4249 6392
2 4249 4221
2 4249 4222
2 4256 4271
2 4256 4312
2 4256 4328
2 4243 4299
2 4243 4300
2 4259 4181
2 4259 4209
2 4259 4361
2 4251 4285
2 4270 4312
2 4270 4345
2 4270 4291
2 4270 4290
2 4270 4328
2 4261 6063
2 4261 4361
2 4271 4312
2 4293 4391
2 4281 4361
2 4299 4324
2 4299 4330
2 4299 4236
2 4299 4241
2 4286 4346
2 4284 4361
2 4305 4330
2 4305 4258
2 4312 6115
2 4324 4369
2 4324 4364
2 4324 4396
2 4324 4307
2 4324 4368
2 4331 4287
2 4331 4285
2 4331 4288
2 4296 4350
2 4322 4360
2 4322 4389
2 4322 4359
2 4322 6061
2 4322 4263
2 4346 4407
2 4346 4384
2 4346 4427
2 4346 4316
2 4345 4399
2 4345 4404
2 4345 4291
2 4345 4327
2 4345 4403
2 4345 4406
2 4363 4393
2 4363 4329
2 4354 4401
2 4354 4355
2 4354 4328
2 4354 4400
2 4360 4297
2 4360 4361
2 4360 4412
2 4399 4451
2 4399 4353
2 4399 4448
2 4407 4428
2 4407 4435
2 4350 4443
2 4389 4454
2 4389 6046
2 4397 4462
2 4397 4396
2 4397 4366
2 4397 4365
2 4404 4451
2 4404 4403
2 4404 4353
2 4404 4448
2 4430 4458
2 4430 4393
2 4429 4427
2 4447 4405
2 4454 4359
2 4454 6042
2 4441 4471
2 4451 4494
2 4451 4424
2 4451 4406
2 4451 4400
2 4451 6021
2 4451 4495
2 4451 6014
2 4445 4476
2 4460 4462
2 4464 4437
2 4464 4427
2 4465 4493
2 4465 4490
2 4465 4491
2 4478 4498
2 4478 4462
2 4472 4438
2 4482 4458
2 4494 4554
2 4494 4452
2 4494 4550
2 4486 4480
2 4503 4540
2 4503 4541
2 4503 4498
2 4503 4539
2 4521 4568
2 4521 4485
2 4537 4603
2 4537 4601
2 4568 4605
2 4568 4600
2 4568 4622
2 4568 4623
2 4568 6124
2 4568 4522
2 4568 4533
2 4552 4612
2 4573 6114
2 4573 4628
2 4573 4618
2 4573 4531
2 4573 4540
2 4573 4620
2 4563 4564
2 4585 4648
2 4585 4564
2 4585 4561
2 4585 4653
2 4585 4663
2 4612 4657
2 4612 4625
2 4612 4554
2 4612 4550
2 4612 4626
2 4612 6014
2 4612 4551
2 4612 4548
2 4612 4659
2 4621 4634
2 4636 4668
2 4636 4600
2 4636 4604
2 4636 4622
2 4636 6124
2 4648 4610
2 4648 4586
2 4648 4665
2 4634 4675
2 4634 4674
2 4634 4628
2 4634 4618
2 4634 4620
2 4657 4672
2 4657 4714
2 4651 4688
2 4651 4653
2 4651 4703
2 4639 4696
2 4639 4622
2 4661 4718
2 4656 4699
2 4687 4719
2 4687 4704
2 4687 6009
2 4687 4663
2 4668 4667
2 4647 4607
2 4707 4734
2 4719 4688
2 4719 4804
2 4709 4747
2 4726 4711
2 4726 4763
2 4726 4753
2 4726 4761
2 4744 6224
2 4748 4792
2 4751 4822
2 4751 4768
2 4751 4788
2 4762 4787
2 4762 4822
2 4762 4789
2 4762 4788
2 4771 4812
2 4771 4815
2 4771 4743
2 4776 4828
2 4765 4833
2 4765 6111
2 4799 4728
2 4799 4831
2 4798 4837
2 4787 4822
2 4812 4852
2 4812 4755
2 4812 4757
2 4812 4772
2 4805 4840
2 4805 4804
2 4805 4841
2 4805 4871
2 4822 4867
2 4822 4879
2 4822 4750
2 4822 4789
2 4822 4739
2 4822 4788
2 4822 4878
2 4822 4895
2 4809 4842
2 4809 4838
2 4809 4837
2 4809 4839
2 4809 4843
2 4809 4792
2 4809 4767
2 4809 4764
2 4809 4861
2 4809 4793
2 4836 4861
2 4844 4873
2 4844 6121
2 4844 4875
2 4852 4892
2 4852 4814
2 4842 6109
2 4832 4789
2 4832 4824
2 4867 4897
2 4867 4909
2 4867 4919
2 4867 4898
2 4867 4917
2 4867 4895
2 4858 4923
2 4858 4818
2 4858 4929
2 4870 4906
2 4892 4923
2 4892 4818
2 4892 4853
2 4879 4919
2 4879 4916
2 4879 4864
2 4879 4868
2 4879 4878
2 4879 4908
2 4879 4945
2 4887 4914
2 4887 4843
2 4884 4950
2 4884 4841
2 4884 4912
2 4884 4988
2 4905 4950
2 4902 4955
2 4902 4843
2 4909 4947
2 4919 4978
2 4919 4895
2 4919 4998
2 4919 5037
2 4950 4980
2 4950 4886
2 4950 4871
2 4950 4984
2 4914 4888
2 4914 4960
2 4956 5015
2 4956 5020
2 4956 5014
2 4956 5012
2 4959 4924
2 4980 5005
2 4980 4906
2 4980 4952
2 4989 5073
2 4971 4923
2 4971 4924
2 4971 4927
2 4965 4932
2 4995 5024
2 4995 4970
2 4995 6068
2 5011 5033
2 4987 6003
2 4987 4953
2 5009 5042
2 5025 5039
2 5025 5081
2 5025 5038
2 5025 4947
2 5023 5045
2 5023 4973
2 5028 5058
2 5028 6092
2 5028 5012
2 5026 5079
2 5042 5060
2 5042 5008
2 5021 5065
2 5021 4984
2 5035 6090
2 5035 5033
2 5045 5022
2 5047 4984
2 5047 5004
2 5039 5037
2 5082 5093
2 5049 5111
2 5049 4984
2 5049 5004
2 5049 5110
2 5049 5145
2 5094 5117
2 5094 5116
2 5094 6092
2 5066 5145
2 5093 5084
2 5081 5038
2 5081 5040
2 5081 5168
2 5081 5037
2 5081 5178
2 5112 5085
2 5112 5088
2 5107 5154
2 5107 5152
2 5122 5091
2 5122 5085
2 5146 5207
2 5146 5065
2 5146 5191
2 5123 6022
2 5123 6024
2 5123 5113
2 5163 5080
2 5163 5103
2 5163 5182
2 5156 5110
2 5158 6202
2 5165 5119
2 5183 5199
2 5183 6059
2 5183 5202
2 5183 5118
2 5183 5127
2 5170 5273
2 5194 5255
2 5194 5235
2 5194 5269
2 5199 5238
2 5207 5301
2 5207 5242
2 5221 5201
2 5221 6059
2 5224 5154
2 5224 5270
2 5224 5271
2 5198 5268
2 5198 5182
2 5198 5257
2 5238 5252
2 5238 5264
2 5238 5263
2 5238 5203
2 5238 5253
2 5238 6059
2 5238 5202
2 5244 6024
2 5244 6025
2 5240 6268
2 5255 5168
2 5255 5169
2 5255 5182
2 5255 6143
2 5247 5277
2 5247 5282
2 5247 5275
2 5260 5282
2 5264 6031
2 5264 6052
2 5264 5324
2 5264 5223
2 5264 5328
2 5264 6033
2 5267 5347
2 5267 5371
2 5267 5372
2 5277 5296
2 5277 6008
2 5277 5258
2 5282 5313
2 5282 5310
2 5274 5353
2 5274 5228
2 5301 5405
2 5301 5212
2 5301 5345
2 5309 5332
2 5309 5283
2 5323 5338
2 5323 5340
2 5323 5339
2 5304 5344
2 5332 5365
2 5332 5364
2 5332 5310
2 5338 6031
2 5338 5400
2 5338 5417
2 5338 6033
2 5308 5404
2 5308 5405
2 5308 5361
2 5347 5373
2 5347 5411
2 5347 5235
2 5347 5374
2 5347 6143
2 5344 5390
2 5344 5306
2 5344 5243
2 5344 5242
2 5344 5389
2 5371 5411
2 5371 6143
2 5371 5428
2 5355 5444
2 5355 5298
2 5365 5406
2 5365 5310
2 5363 5404
2 5382 5418
2 5382 5415
2 5382 5330
2 5382 5399
2 5373 5411
2 5373 5428
2 5394 5418
2 5394 5415
2 5406 5422
2 5397 5428
2 5401 5400
2 5404 5405
2 5404 5345
2 5404 5361
2 5404 5441
2 5407 5367
2 5407 5387
2 5411 5480
2 5411 5482
2 5411 5374
2 5411 5375
2 5416 5471
2 5420 5503
2 5420 5990
2 5420 5345
2 5420 5984
2 5442 5475
2 5442 5516
2 5422 5499
2 5439 5469
2 5439 5494
2 5468 5438
2 5475 6030
2 5475 5444
2 5480 5429
2 5480 5510
2 5480 5512
2 5480 5551
2 5487 5519
2 5487 5379
2 5471 5531
2 5471 5456
2 5471 5453
2 5471 5457
2 5471 5438
2 5471 5455
2 5471 5538
2 5471 5414
2 5497 5559
2 5497 5425
2 5496 5531
2 5496 5533
2 5496 6004
2 5503 5557
2 5503 5441
2 5521 5603
2 5521 5499
2 5485 5428
2 5485 5967
2 5531 5565
2 5531 5472
2 5531 5567
2 5553 5981
2 5553 5984
2 5553 5625
2 5537 5567
2 5564 5532
2 5569 5562
2 5585 5602
2 5585 5661
2 5557 5620
2 5557 5555
2 5557 5626
2 5557 5984
2 5557 5508
2 5557 5621
2 5557 5622
2 5575 5562
2 5575 5565
2 5575 5567
2 5582 5515
2 5620 5558
2 5606 5667
2 5606 5574
2 5583 5579
2 5639 5612
2 5655 5676
2 5645 5685
2 5645 5638
2 5645 5688
2 5645 5612
2 5645 5614
2 5645 5710
2 5666 5628
2 5666 5601
2 5659 5661
2 5665 5711
2 5689 5719
2 5689 5720
2 5694 5714
2 5702 5675
2 5702 5670
2 5702 5729
2 5702 5669
2 5685 5749
2 5685 5646
2 5697 5767
2 5697 5627
2 5697 5698
2 5697 5766
2 5706 5729
2 5719 5743
2 5719 5693
2 5725 5754
2 5725 5755
2 5725 5992
2 5732 5650
2 5743 5770
2 5743 5720
2 5749 5799
2 5749 5688
2 5749 5806
2 5761 5846
2 5761 5847
2 5742 5776
2 5742 5696
2 5742 5953
2 5737 5651
2 5737 5973
2 5737 5842
2 5767 5830
2 5777 5810
2 5777 5729
2 5770 5814
2 5770 5811
2 5770 5815
2 5799 5826
2 5799 5854
2 5799 5855
2 5799 5750
2 5801 5755
2 5801 5759
2 5804 5829
2 5804 5827
2 5809 5841
2 5830 5900
2 5830 5766
2 5822 5779
2 5822 5863
2 5822 5778
2 5822 5859
2 5844 6204
2 5829 5855
2 5826 5753
2 5826 5797
2 5826 5866
2 5860 5878
2 5854 5806
2 5854 5816
2 5854 5753
2 5854 5808
2 5854 5869
2 5854 5850
2 5868 5825
2 5864 5887
2 5864 5883
2 5864 5863
2 5856 5807
2 5825 5800
2 5825 5851
2 5807 5866
2 5885 5921
2 5885 5922
2 5885 5832
2 5885 5833
2 5885 5929
2 5904 5919
2 5904 5887
2 5904 5918
2 5904 5928
2 5904 5879
2 5904 5883
2 5904 5924
2 5910 5978
2 5902 5751
2 5902 5712
2 5902 5930
2 5909 5890
2 5921 5833
2 5921 5875
2 5921 5927
2 5817 5802
2 5811 5931
2 5926 5907
2 5926 5888
2 5923 5925
2 5802 5745
2 5802 5816
2 5802 5850
2 5802 5744
2 5802 5728
2 5925 5928
2 5664 5644
2 5664 5647
2 5664 5616
2 5874 5922
2 5884 5953
2 5946 5956
2 5946 5977
2 5644 5647
2 5887 5907
2 5887 5877
2 5887 5862
2 5887 5859
2 5873 5775
2 5745 5931
2 5745 5748
2 5880 5859
2 5880 5839
2 5722 5721
2 5722 5679
2 5722 5931
2 5722 5677
2 5722 5693
2 5878 5840
2 5878 5861
2 5878 5859
2 5878 5839
2 5615 5663
2 5647 5552
2 5647 5549
2 5956 6192
2 5739 5696
2 5739 5775
2 5739 5768
2 5721 5954
2 5721 5728
2 5696 5968
2 5696 5971
2 5696 5716
2 5550 5966
2 5550 5549
2 5550 5967
2 5700 5626
2 5700 5701
2 5700 5627
2 5679 5974
2 5679 5954
2 5679 5656
2 5679 5662
2 5679 5975
2 5840 5862
2 5968 5624
2 5968 5623
2 5968 5622
2 5895 5897
2 5895 5842
2 5624 5593
2 5624 5971
2 5819 5779
2 5819 5859
2 5819 5839
2 5819 5758
2 5974 5587
2 5974 5986
2 5398 5429
2 5594 5554
2 5385 6142
2 5385 5427
2 5385 5428
2 5657 5587
2 5779 5810
2 5779 5820
2 5351 6142
2 5757 5729
2 5757 5727
2 5757 5707
2 5554 5593
2 5554 5625
2 5349 5235
2 5349 5374
2 5505 5440
2 5505 5421
2 5731 5758
2 5981 5440
2 5981 5989
2 5587 5656
2 5587 5523
2 5735 5652
2 5268 5982
2 5985 5704
2 5985 5992
2 5604 5986
2 5604 5523
2 5604 5522
2 5234 5195
2 5234 5196
2 5234 5182
2 5440 5405
2 5588 5986
2 5588 5523
2 5653 5771
2 5724 5730
2 5724 5709
2 5705 5707
2 5405 5331
2 5405 5305
2 5405 5419
2 5405 5345
2 5405 5989
2 5675 5670
2 5675 5707
2 5675 5668
2 5167 5196
2 5672 5670
2 5672 5707
2 5674 5630
2 5674 5709
2 5674 5631
2 5331 5243
2 5331 5362
2 5670 5601
2 5670 5709
2 5306 6000
2 5632 5601
2 5630 5573
2 5630 5667
2 5630 5574
2 5630 5600
2 5994 5518
2 5764 5682
2 6000 5192
2 6000 5305
2 5038 4976
2 5038 4996
2 5038 5104
2 5038 4947
2 5577 5563
2 5577 5631
2 5577 5567
2 5573 5563
2 5573 5631
2 5573 5600
2 5573 5534
2 5490 5376
2 5490 5492
2 4975 4916
2 5566 5533
2 5566 5574
2 5566 5536
2 5155 5111
2 5155 5191
2 4916 4896
2 4916 4880
2 4916 4976
2 4916 4977
2 4916 4895
2 5563 5533
2 5563 5532
2 5563 5534
2 5563 5538
2 5367 5452
2 5367 6433
2 5111 5006
2 5111 6006
2 5111 5048
2 5376 5518
2 4898 4899
2 4898 4917
2 4898 4877
2 5065 5147
2 5065 5110
2 5337 6007
2 5337 5285
2 5337 5296
2 5337 6005
2 5337 5297
2 4896 4864
2 4896 4910
2 4896 4868
2 5533 5470
2 5533 5469
2 5533 5473
2 4865 4823
2 4865 4824
2 5333 5296
2 5005 4982
2 5005 4952
2 5005 6003
2 6007 5285
2 6007 5283
2 4790 4763
2 5313 5285
2 5313 5334
2 5313 5284
2 5313 5283
2 5470 5456
2 5470 5453
2 5470 5418
2 5470 5534
2 5470 5502
2 5470 5538
2 5470 5454
2 4982 6003
2 5285 5334
2 5285 6005
2 5285 5262
2 4985 4907
2 5281 5245
2 5281 5297
2 5281 5262
2 4752 4725
2 4906 4831
2 4906 4952
2 4906 4841
2 4906 4988
2 4883 4830
2 5453 5402
2 5453 5538
2 5453 5414
2 5453 5417
2 4711 4763
2 4711 4659
2 4830 4886
2 4830 4872
2 5418 5469
2 5418 5399
2 5418 5494
2 5418 5396
2 5418 5417
2 5418 5393
2 4718 4660
2 4718 4725
2 4718 4659
2 5259 5245
2 5259 5276
2 4660 4571
2 4660 4614
2 4660 4616
2 5246 5275
2 4625 4571
2 4625 4614
2 4613 4550
2 4613 4626
2 5245 5276
2 5245 5262
2 5245 6012
2 5245 6023
2 4571 4549
2 4571 4548
2 4571 4616
2 4728 4688
2 4948 4931
2 5251 6022
2 5251 5262
2 5251 6023
2 5251 6202
2 5251 5176
2 4936 6010
2 4554 4555
2 4554 4548
2 4934 4949
2 6018 4452
2 6018 6020
2 4664 4610
2 4664 6028
2 4664 4688
2 4664 4567
2 4652 6028
2 4652 4565
2 4652 4567
2 5340 6031
2 5340 5400
2 5340 5417
2 5340 5325
2 5340 6033
2 6022 5250
2 4452 4406
2 4452 6015
2 5330 5395
2 5330 5393
2 5330 5325
2 4610 6028
2 4828 4931
2 4828 4777
2 4449 4405
2 4449 6016
2 4449 6021
2 5326 6033
2 5175 5120
2 6028 6034
2 6028 4566
2 6028 6035
2 6028 6038
2 5148 5091
2 5148 6023
2 5148 6202
2 4405 6026
2 4401 4356
2 6032 5265
2 5278 5263
2 4380 4342
2 5091 5061
2 5091 5046
2 5091 5149
2 5091 5114
2 5091 5120
2 5091 5084
2 4342 4403
2 5263 5239
2 5263 6052
2 5263 6033
2 5263 5279
2 5263 6268
2 5449 5384
2 6040 6039
2 4355 4292
2 4355 4356
2 5090 5061
2 5090 5046
2 5478 5383
2 4292 6116
2 4292 6115
2 4292 4257
2 6045 5085
2 4272 4327
2 6052 5184
2 5061 5024
2 5061 5010
2 5046 5085
2 4388 4361
2 4214 4162
2 4214 4194
2 4214 6051
2 4214 6116
2 4214 4115
2 4214 4159
2 4214 6115
2 5044 5085
2 5044 5022
2 4359 6058
2 5201 5131
2 5201 6268
2 5201 5130
2 4162 4114
2 4162 4197
2 4162 4115
2 4298 4280
2 4298 4357
2 4264 4361
2 4280 4220
2 4280 4361
2 5024 5060
2 5024 6068
2 6061 4182
2 6061 4283
2 6061 4181
2 6061 4209
2 6061 4263
2 5010 5060
2 5010 5043
2 5010 4993
2 5010 6068
2 4235 4182
2 4235 4181
2 5007 6068
2 4047 3992
2 4047 4061
2 4047 4089
2 4047 3967
2 4047 4006
2 4208 6063
2 4046 3993
2 4046 3987
2 4046 4061
2 4046 4076
2 4046 3991
2 4046 4006
2 4046 4062
2 4046 4087
2 4182 4133
2 5129 5116
2 5129 5206
2 5129 5100
2 4133 4069
2 4133 4092
2 4133 4206
2 3987 3949
2 4093 4094
2 4093 4179
2 4093 4181
2 4928 4970
2 4928 4923
2 4928 4929
2 4094 4057
2 4925 4929
2 4036 4011
2 6075 4203
2 6081 6091
2 6081 6093
2 6081 5130
2 6081 5127
2 6081 6089
2 6081 6090
2 3887 3834
2 3887 3819
2 3887 6088
2 3887 3950
2 4922 4927
2 4922 4958
2 4035 3996
2 4035 4067
2 3891 3818
2 3891 3894
2 3891 3892
2 3891 3908
2 5097 6093
2 3997 4057
2 3997 4038
2 4893 4857
2 4893 4958
2 4893 4856
2 5101 5058
2 3834 3794
2 3834 3748
2 3834 3790
2 3834 3886
2 6091 5096
2 4859 4817
2 4859 4818
2 4859 4929
2 4859 4819
2 3818 3794
2 3818 3792
2 3818 3888
2 3818 3817
2 6093 5031
2 6093 5096
2 6093 5033
2 3794 3722
2 3794 3819
2 3926 3856
2 3926 3868
2 3926 3999
2 3926 3981
2 3926 3984
2 4854 4817
2 6097 5033
2 3750 3751
2 3750 3722
2 4857 4815
2 4857 4929
2 4857 4881
2 4857 4775
2 4857 4774
2 5036 5034
2 5036 5017
2 4126 4205
2 3869 3854
2 4817 4881
2 4817 4775
2 3856 3923
2 3856 3984
2 3751 6108
2 3751 3749
2 3751 3817
2 5031 5018
2 5031 5017
2 4124 6105
2 4814 4818
2 4814 4856
2 5032 5017
2 1919 1904
2 1919 1912
2 4815 4774
2 5227 5136
2 6104 3777
2 3777 3739
2 3777 3854
2 3777 3806
2 6105 4123
2 5154 5193
2 5015 5034
2 3741 3647
2 3741 3675
2 3741 3739
2 3741 3622
2 3692 3739
2 5020 5012
2 4754 4741
2 4754 4702
2 4754 6224
2 4754 4775
2 4754 4742
2 5136 5105
2 4962 4904
2 4962 5012
2 4962 5033
2 4962 5017
2 4962 4913
2 3647 3623
2 6106 4904
2 6106 5017
2 6106 4913
2 3623 3649
2 3623 3584
2 5108 5072
2 4741 4700
2 3585 3571
2 4915 4960
2 3580 3558
2 6107 4676
2 3803 3919
2 3775 3690
2 3775 3826
2 4904 4903
2 4904 4955
2 4904 6109
2 4904 4862
2 3533 3553
2 3533 3528
2 4702 4701
2 4702 4655
2 3530 1857
2 3530 1837
2 3530 1856
2 3688 3240
2 4957 4903
2 4957 4862
2 3240 3690
2 6108 3722
2 6108 3681
2 6108 1911
2 6108 1904
2 6108 1912
2 6108 3682
2 4903 4835
2 3748 3790
2 4860 4838
2 4860 4835
2 4860 4837
2 4701 4627
2 4701 4620
2 3819 3888
2 3819 3790
2 4633 6112
2 3888 3894
2 3894 3951
2 4835 4796
2 4835 4766
2 4835 4862
2 4835 4861
2 4835 4793
2 6067 6065
2 4629 4620
2 3950 3989
2 3950 3992
2 4627 4619
2 4627 4655
2 4627 4578
2 6112 4619
2 6112 4576
2 6112 4655
2 6112 4632
2 6112 4575
2 6112 4578
2 4796 4861
2 4766 4749
2 4766 4759
2 4766 6111
2 4766 4746
2 6113 3690
2 4050 4061
2 4795 4749
2 4795 4759
2 4074 4089
2 4061 4089
2 4749 4793
2 4089 4194
2 4089 4116
2 4076 4114
2 4076 4115
2 4759 4793
2 4114 4194
2 4532 4501
2 4532 4480
2 4532 4487
2 4532 4575
2 4532 4578
2 4532 4500
2 4194 4227
2 4194 4116
2 4734 4708
2 4734 4706
2 4197 4227
2 4501 4480
2 4501 4481
2 4227 6051
2 4227 4188
2 4708 4746
2 6051 4291
2 4480 4530
2 4480 4434
2 4468 4500
2 4468 4434
2 4291 4344
2 4291 4403
2 4291 4328
2 4643 4706
2 3558 3599
2 4459 4500
2 4327 4344
2 3574 3599
2 4344 4403
2 3599 3649
2 4847 6119
2 4403 4406
2 4356 4400
2 4431 4467
2 4431 4395
2 3620 3649
2 4406 4496
2 4415 4395
2 3649 3705
2 3649 3739
2 6026 6020
2 4394 4367
2 4394 4434
2 4394 4414
2 4394 4329
2 6020 6016
2 6020 6017
2 4123 6094
2 3705 3739
2 4603 4534
2 4603 4623
2 4603 6124
2 4603 4533
2 3739 3778
2 3708 3776
2 6015 4550
2 6016 4553
2 6016 4549
2 6125 6124
2 6125 4533
2 3778 3854
2 3759 3707
2 4534 4601
2 4550 4614
2 4550 4626
2 4323 4307
2 4323 4368
2 4721 6121
2 4555 4626
2 4549 4614
2 4549 6014
2 3854 3868
2 3854 3784
2 4473 4437
2 4473 4533
2 4473 4439
2 3806 3707
2 4614 4626
2 4469 4437
2 4469 4485
2 4469 4533
2 4463 4471
2 4463 4524
2 3867 3868
2 4242 4303
2 4242 4258
2 4242 6129
2 4242 4216
2 4242 4199
2 4626 4673
2 4626 4672
2 4626 4714
2 4626 4724
2 4244 4258
2 4244 4240
2 3868 3925
2 4662 4725
2 4437 4426
2 4437 4427
2 4217 4236
2 4217 4184
2 4217 4258
2 4217 4240
2 3925 3999
2 4673 4725
2 4440 4385
2 4440 4439
2 4440 4382
2 3941 3999
2 3941 3978
2 4426 4382
2 3927 3999
2 3927 3981
2 3927 3984
2 4725 4750
2 4725 4763
2 4725 4753
2 4157 4120
2 4157 4118
2 4157 4141
2 4157 4199
2 4157 4119
2 4157 4108
2 4120 4099
2 4120 4100
2 4750 4763
2 4750 4789
2 4750 4714
2 4750 4724
2 4750 4727
2 4750 4788
2 4737 4724
2 3996 4057
2 3981 4012
2 3981 3984
2 3981 4011
2 4332 4427
2 4332 4382
2 4763 4824
2 4753 4769
2 4753 4736
2 4107 6133
2 4012 4038
2 4315 4269
2 4315 4265
2 4315 4382
2 4315 4386
2 4315 4255
2 4099 6131
2 4099 6132
2 4099 4153
2 4099 6133
2 4099 6134
2 4789 4824
2 4789 4899
2 4769 4811
2 4769 4761
2 4287 4386
2 4287 6380
2 4287 4255
2 4057 4011
2 4086 6132
2 4824 4899
2 4285 4266
2 4285 4250
2 4285 4386
2 4285 6380
2 4285 4255
2 4811 4768
2 4038 4011
2 4899 4880
2 4899 4917
2 4880 4917
2 4042 4020
2 4266 6136
2 4917 4976
2 4040 4043
2 4446 4409
2 6136 4255
2 6136 4174
2 4018 6134
2 4976 4996
2 4946 4977
2 4206 6063
2 4206 4262
2 4411 4475
2 4411 4477
2 4411 4466
2 4411 6138
2 6139 4172
2 6139 4173
2 6139 4174
2 6139 4138
2 4996 4947
2 3972 3955
2 3972 3953
2 4977 6001
2 4977 4945
2 6001 5040
2 6001 5079
2 6063 4209
2 5040 5104
2 5104 5168
2 5104 5178
2 3954 3877
2 3954 4019
2 3954 3866
2 5080 5180
2 5080 5166
2 5180 5168
2 5180 5196
2 3932 3934
2 4336 4409
2 5168 5235
2 5168 5119
2 5168 5269
2 3877 3953
2 3877 3931
2 3877 3846
2 3877 6141
2 4357 6058
2 5196 5235
2 5196 5269
2 3847 3833
2 3847 6141
2 4362 4361
2 5235 5983
2 5235 5982
2 4079 4112
2 5983 5982
2 4078 4024
2 4078 4112
2 4078 4064
2 4078 4139
2 4078 6140
2 4078 4082
2 3828 3783
2 3828 3781
2 3828 3782
2 3829 3780
2 3829 3762
2 3829 3782
2 5982 5374
2 6142 5374
2 3783 3849
2 3783 3830
2 4229 4231
2 4024 3975
2 4024 3963
2 4024 4081
2 4024 4008
2 4024 3974
2 4024 3964
2 5374 5429
2 5374 5427
2 3745 3781
2 3745 3713
2 4584 4586
2 4584 6039
2 3938 3973
2 3938 3881
2 6010 5189
2 3910 3963
2 3910 3964
2 3910 3881
2 3884 3881
2 3717 3670
2 3717 3665
2 4649 4665
2 5552 5638
2 6151 3666
2 6151 3714
2 5549 5640
2 4665 4690
2 5638 5663
2 5638 5551
2 3872 3875
2 3666 3714
2 3666 6150
2 3666 6436
2 3666 3632
2 3859 6155
2 4690 4654
2 4688 6009
2 4688 4653
2 4688 4663
2 3669 3664
2 3669 3632
2 5617 5663
2 3837 3822
2 3837 3881
2 6154 3664
2 6154 3618
2 6154 3616
2 5663 5688
2 6155 3769
2 6155 3768
2 6155 3787
2 6155 3821
2 3631 3615
2 3631 3670
2 5688 5806
2 6156 4014
2 5686 5751
2 4803 4807
2 4803 4831
2 3615 3589
2 3615 3587
2 3615 3670
2 3615 3632
2 3615 3568
2 5751 5806
2 3596 3632
2 3589 3632
2 3589 3614
2 3589 3566
2 5806 5855
2 5806 5808
2 4807 4886
2 4807 4871
2 3587 3598
2 5886 5855
2 5800 5753
2 3764 3701
2 3764 3727
2 3764 3704
2 5291 5378
2 4831 4886
2 4831 4872
2 4831 4802
2 5855 5851
2 5855 5816
2 5855 5808
2 5855 5869
2 6161 3944
2 4886 4952
2 3944 6167
2 3944 4027
2 3944 3968
2 5851 5816
2 5867 5827
2 5867 5815
2 5378 5518
2 4907 4986
2 3897 3899
2 3700 3672
2 3700 3729
2 3700 3731
2 3700 3685
2 5816 5813
2 5816 5869
2 3504 3492
2 3504 6163
2 3501 3473
2 3501 6163
2 3501 6276
2 3501 3515
2 6167 3947
2 6167 6185
2 3672 3653
2 3672 3652
2 5813 5954
2 5813 5744
2 5813 5728
2 3490 3476
2 5518 5520
2 3473 3492
2 3473 3476
2 3473 3450
2 5747 5954
2 3655 3658
2 5954 5690
2 3653 3685
2 6003 5124
2 6006 5124
2 6006 5004
2 3475 3449
2 5690 5676
2 5690 5728
2 6179 3798
2 3635 3684
2 3635 3671
2 3635 3654
2 6180 3772
2 6180 3797
2 3633 3627
2 3633 3685
2 3633 3652
2 3633 3595
2 5124 5147
2 5676 5656
2 5678 5660
2 6184 3627
2 6184 3602
2 6184 6173
2 3448 3436
2 3448 3403
2 3448 6169
2 3448 6170
2 3448 3476
2 3799 3756
2 3799 3754
2 3799 3755
2 3628 3591
2 3628 3595
2 3628 3604
2 6186 3403
2 3772 6185
2 3627 3591
2 3627 3634
2 5656 5602
2 3436 3403
2 3436 3449
2 3436 3418
2 3436 3394
2 3436 3392
2 5660 5661
2 5171 5192
2 3602 3591
2 3756 3797
2 3756 3709
2 3591 6188
2 5603 5526
2 5603 5523
2 5526 5501
2 6188 3522
2 6188 3517
2 5591 5559
2 3549 3522
2 3549 3519
2 3549 3604
2 3549 3521
2 5501 5499
2 5559 5592
2 5772 5733
2 5305 5212
2 3522 3583
2 3522 3562
2 3522 3559
2 3522 3508
2 3522 3506
2 3519 3562
2 3519 3486
2 5499 5424
2 5499 5425
2 5499 5523
2 3342 3328
2 3342 3368
2 3342 3320
2 3342 3341
2 5362 5419
2 5424 5409
2 5424 5498
2 5893 5963
2 5893 5973
2 3328 3369
2 3328 3350
2 3328 3289
2 3484 3508
2 3484 3506
2 5419 5990
2 5452 5409
2 3482 3457
2 3482 3508
2 3482 3506
2 3321 3289
2 5421 5990
2 5409 5335
2 3483 3456
2 3483 3441
2 3483 3508
2 5990 5555
2 5990 5403
2 5335 5296
2 5335 5310
2 5335 5312
2 6193 3642
2 5555 5558
2 5506 5625
2 5296 5276
2 5296 6005
2 3641 3640
2 5558 5626
2 5558 5621
2 5556 5593
2 3441 3454
2 3441 3401
2 3440 3458
2 3440 3401
2 5276 6008
2 3424 3401
2 5593 5626
2 3252 3229
2 3252 3230
2 6008 6011
2 6008 6012
2 5258 5275
2 3250 3291
2 3250 3230
2 5947 5977
2 5626 5971
2 5623 5625
2 3398 3375
2 3398 3426
2 3398 6200
2 5977 6203
2 5971 5701
2 3205 3181
2 3205 3182
2 3205 3216
2 3205 3229
2 6024 5149
2 3191 3182
2 3191 3232
2 3191 3216
2 3191 3229
2 3374 3354
2 3374 3385
2 3374 3353
2 3374 3355
2 5701 5741
2 3375 3385
2 3375 3355
2 3375 3358
2 3375 3334
2 3375 3332
2 3181 3232
2 3181 3160
2 3181 3230
2 3181 3204
2 3354 3358
2 3182 3129
2 3182 3160
2 3182 3204
2 3182 3189
2 3182 3156
2 3182 3157
2 3182 3162
2 3182 3139
2 5149 5114
2 5149 6023
2 5149 6202
2 3163 3188
2 5741 5775
2 5114 5085
2 5114 5088
2 3466 3511
2 3466 3461
2 5775 5900
2 3326 3346
2 3326 3358
2 5085 5059
2 5085 5062
2 3129 3141
2 3129 3160
2 3324 3346
2 3324 3358
2 3324 3334
2 3314 3300
2 3314 3298
2 3314 3284
2 3314 3332
2 3314 3299
2 5059 5022
2 5059 5063
2 5900 5922
2 5900 5901
2 5900 5831
2 5022 4970
2 5022 4973
2 5022 6068
2 3434 3462
2 3434 3461
2 3298 3332
2 3298 3312
2 3298 6207
2 3432 3435
2 3432 3461
2 3284 3312
2 3284 3257
2 5922 5918
2 5922 5927
2 4970 4923
2 4970 4924
2 3268 3256
2 3268 3313
2 3268 3255
2 3268 3312
2 3268 3257
2 5918 5890
2 5918 5948
2 5928 5899
2 5928 5929
2 5928 5907
2 6208 6211
2 6208 3131
2 6208 3110
2 6208 3108
2 4923 6212
2 4923 6068
2 4924 4894
2 4927 4894
2 3079 6215
2 3079 3045
2 5890 5879
2 3256 3219
2 4894 4958
2 3080 3045
2 3377 3429
2 5879 5861
2 6211 3081
2 5883 5877
2 5883 5862
2 4818 4929
2 4818 4775
2 3221 3220
2 3221 3206
2 6217 6222
2 6217 3009
2 3211 3208
2 3211 6219
2 3211 6218
2 3211 6438
2 5861 5824
2 3031 3009
2 3220 6219
2 3220 6218
2 6099 4772
2 5824 5821
2 5863 5862
2 3208 3219
2 4755 6224
2 4755 4756
2 4755 4743
2 4755 4775
2 6222 3007
2 6222 3033
2 6219 3206
2 6219 6218
2 6219 3219
2 6219 3154
2 3009 3045
2 3009 3033
2 3009 3008
2 3361 3305
2 6221 3166
2 6221 3154
2 5821 5755
2 5810 5778
2 3007 3020
2 3007 2985
2 3007 2988
2 6224 4674
2 4743 4699
2 3166 3150
2 3166 3136
2 4674 4628
2 4674 4631
2 4674 4632
2 3134 3154
2 3124 3154
2 3124 3152
2 6227 2919
2 2966 2919
2 5579 5479
2 3112 6233
2 3112 6234
2 2927 2928
2 5729 5707
2 4628 4576
2 4628 4580
2 2914 2916
2 2914 6238
2 3247 3200
2 6233 3074
2 5992 5709
2 4576 4531
2 6234 3135
2 6234 3111
2 6234 3074
2 6234 6237
2 2928 6236
2 2928 6230
2 2928 2926
2 2928 6238
2 2928 6235
2 3226 3199
2 3098 6237
2 5708 5667
2 5708 5669
2 4531 4498
2 4531 4487
2 4531 4575
2 4531 4502
2 4531 4500
2 6236 2886
2 6236 2846
2 6236 2840
2 6236 2884
2 6236 6240
2 6236 6241
2 6236 2872
2 6236 2843
2 4541 4577
2 3059 3047
2 3059 3074
2 5667 5605
2 5667 5601
2 2883 2886
2 5669 5628
2 5669 5601
2 4498 4458
2 4498 4461
2 4498 4488
2 4498 4479
2 3047 3071
2 3047 3037
2 5444 5358
2 5444 5356
2 2886 2887
2 5605 5574
2 3040 6237
2 3040 3058
2 5628 5601
2 2846 2887
2 2842 6241
2 4458 4393
2 4458 4398
2 4458 4416
2 4458 4462
2 4458 4500
2 3175 6246
2 3049 6244
2 3049 3005
2 3049 6237
2 3049 3050
2 2840 6243
2 2840 2884
2 4461 4500
2 3036 3005
2 2844 2791
2 2844 2805
2 6244 2993
2 6244 3046
2 6244 3004
2 6244 2992
2 5574 5562
2 5574 5565
2 5574 5629
2 6243 2791
2 6243 2884
2 6243 2792
2 6243 2872
2 6243 2843
2 6243 2790
2 5601 5565
2 5601 5631
2 5601 5567
2 2807 2841
2 4393 4462
2 4393 4330
2 4393 4369
2 4393 4364
2 4393 4396
2 4393 4432
2 4393 4329
2 6246 3202
2 3005 2993
2 3005 2992
2 4462 4396
2 4462 4467
2 2791 2779
2 2791 2737
2 2791 2841
2 2791 2780
2 2791 2756
2 6247 3103
2 6247 3101
2 6247 3203
2 5562 6004
2 5565 5532
2 2775 2779
2 2775 2737
2 3127 3103
2 2993 2977
2 4330 4300
2 4330 4304
2 4330 4301
2 2991 2977
2 2991 2979
2 2779 2790
2 6004 5469
2 5532 5567
2 2978 2992
2 2737 6252
2 2737 2790
2 4300 4236
2 4304 4307
2 2977 2953
2 2977 2992
2 5469 5457
2 5469 5438
2 5469 5455
2 5469 5502
2 5472 5457
2 2953 2904
2 2953 2937
2 2953 2947
2 4236 4184
2 4236 4198
2 4236 4200
2 4236 4258
2 4236 4199
2 2943 2940
2 2943 2947
2 4307 4239
2 6252 2697
2 5457 5399
2 2709 2697
2 2948 2952
2 2948 2941
2 2948 2891
2 4184 4141
2 4184 4154
2 4215 4154
2 4215 4239
2 4215 4183
2 2711 2680
2 5399 5395
2 3055 3027
2 2901 2890
2 2697 2680
2 2697 6258
2 3053 3017
2 3053 3027
2 3053 6255
2 2695 2707
2 2695 6258
2 5395 6260
2 2679 2668
2 2679 2669
2 2890 6254
2 2890 2892
2 3017 3064
2 2668 2681
2 2668 2680
2 2879 2862
2 4096 4043
2 4096 4108
2 4096 6133
2 2893 2862
2 2651 6263
2 2651 2681
2 6260 5327
2 2649 6258
2 4043 4000
2 4043 4003
2 4043 4005
2 4043 4020
2 2862 2823
2 2862 2822
2 2862 2892
2 2862 2826
2 2862 2799
2 6261 6258
2 6261 2650
2 5135 6110
2 6263 2626
2 6263 2652
2 6263 2650
2 6263 2581
2 5327 5253
2 5327 5265
2 5324 5266
2 2823 6262
2 2823 2799
2 4000 4041
2 4000 3955
2 4000 3933
2 4000 3952
2 4000 4004
2 2800 2785
2 2800 2797
2 2583 2579
2 4041 4004
2 4041 4019
2 2785 2765
2 2785 2762
2 2783 2748
2 5253 5222
2 5253 5223
2 5253 6268
2 5265 6268
2 5266 5328
2 2959 2921
2 2765 2799
2 2584 2555
2 3955 3845
2 3955 3848
2 2763 2722
2 4004 4019
2 2741 2764
2 2741 2762
2 2555 2582
2 2908 2924
2 2908 2880
2 2738 2748
2 3845 3934
2 3845 3876
2 3845 3849
2 3848 3934
2 2921 2924
2 2722 2748
2 2540 2512
2 2540 2582
2 2540 6267
2 6059 5131
2 5200 6268
2 3831 6269
2 3831 3744
2 3831 3762
2 3831 6435
2 3801 3781
2 3827 3762
2 5204 5127
2 6269 3781
2 6270 2720
2 4873 4850
2 5116 5095
2 2687 2720
2 3719 3670
2 3719 3645
2 3719 3665
2 3715 3670
2 3715 6435
2 3715 3718
2 3715 3665
2 2477 2479
2 2477 2476
2 2829 2880
2 2684 6272
2 2684 2660
2 4876 4875
2 5095 5058
2 5095 6092
2 5095 6090
2 2475 2434
2 2475 2499
2 2475 2480
2 2475 2433
2 5115 6092
2 5115 5127
2 5115 6090
2 2479 2419
2 2479 2453
2 2479 2432
2 2479 2499
2 2479 2423
2 3670 3665
2 3670 3632
2 2451 2453
2 2451 2432
2 2451 2433
2 2451 2423
2 6272 6274
2 6121 4722
2 2662 2615
2 2662 2614
2 2662 6273
2 5058 5034
2 5058 5030
2 6092 5030
2 6092 5033
2 6274 2614
2 3598 6162
2 3598 3568
2 5034 5014
2 5034 5017
2 2420 2389
2 2420 2388
2 2420 2387
2 5030 5012
2 3524 3492
2 3524 3568
2 3526 3569
2 3569 3597
2 2593 2576
2 2593 2590
2 2593 2614
2 2770 2717
2 5012 5033
2 5012 4960
2 2366 2339
2 2366 2346
2 2366 2421
2 2366 2407
2 2366 2342
2 2366 2343
2 3 15
2 20 5
2 16 14
2 16 5
2 2576 2561
2 2576 2560
2 2576 2590
2 2576 2591
2 19 9
2 19 5
2 19 41
2 19 26
2 2717 2675
2 2717 2743
2 2574 2563
2 2574 2561
2 2574 2560
2 2574 2562
2 2574 2590
2 2339 2367
2 3492 6276
2 3492 6169
2 2346 2315
2 2346 2367
2 2346 6282
2 2346 2317
2 2563 2549
2 2563 2590
2 2690 2725
2 2561 2551
2 2561 2536
2 2561 2549
2 4644 4558
2 4955 6109
2 4955 4888
2 6281 6286
2 6281 2343
2 6281 2347
2 6281 2280
2 27 49
2 27 14
2 48 58
2 2535 2521
2 2535 2547
2 2535 2506
2 2535 2519
2 2535 2550
2 2533 2521
2 3451 3403
2 3451 3417
2 3451 3421
2 3451 6169
2 3451 3437
2 6178 6169
2 6178 6170
2 6286 6283
2 6286 2258
2 6286 6284
2 3471 3494
2 3471 3477
2 2521 2491
2 2521 2465
2 2521 2504
2 2521 2534
2 2521 2549
2 2505 2491
2 2505 2492
2 2505 2518
2 2505 2504
2 6109 4837
2 6109 4843
2 51 61
2 51 60
2 2259 2252
2 62 58
2 2491 2465
2 67 58
2 6288 6301
2 6288 66
2 6288 58
2 6288 49
2 6288 55
2 2604 2645
2 2465 2467
2 2465 6296
2 2465 2439
2 2465 2438
2 2465 2469
2 2465 2504
2 2462 2468
2 2251 2232
2 2251 2215
2 2251 2214
2 2251 2264
2 2251 2258
2 2467 2439
2 3389 3402
2 3389 3368
2 3389 3381
2 3389 3350
2 6296 2438
2 6296 2463
2 6296 2489
2 6296 2504
2 2234 2215
2 2234 2214
2 2234 2216
2 2234 2254
2 2234 2252
2 3403 3437
2 3403 3394
2 3417 3437
2 2439 2429
2 2439 2430
2 2439 2427
2 2439 6294
2 2439 2426
2 2439 2469
2 2215 2191
2 2215 2190
2 4843 4913
2 4843 4900
2 6300 66
2 2214 2183
2 2214 2184
2 2214 2233
2 77 100
2 2414 2377
2 2414 2395
2 2414 2398
2 2414 2438
2 2414 6297
2 73 6301
2 71 6301
2 71 115
2 3338 3320
2 2183 2169
2 2183 2193
2 3368 3392
2 4475 4410
2 4475 4443
2 4476 4443
2 4490 6138
2 4792 4735
2 4792 4747
2 4792 4764
2 2377 2356
2 2377 2354
2 2377 2355
2 2377 2357
2 2377 6304
2 2167 2181
2 2148 2126
2 2148 2125
2 2148 2181
2 2148 2184
2 125 127
2 121 115
2 2145 2121
2 2145 2112
2 2145 2125
2 2145 2169
2 119 115
2 127 151
2 127 115
2 2356 2358
2 2356 6308
2 719 573
2 719 575
2 2354 2357
2 716 575
2 2111 2113
2 2111 6310
2 3275 3251
2 3275 3264
2 3292 3320
2 2107 6312
2 2107 6311
2 3309 3289
2 2113 2075
2 2113 2065
2 2113 2112
2 3320 3329
2 2327 2310
2 2327 2309
2 2327 6308
2 2327 2355
2 2078 2050
2 2078 2065
2 2078 2067
2 4735 4696
2 4735 4720
2 2310 2325
2 4747 4696
2 4747 4720
2 4764 4793
2 2309 2267
2 2309 2274
2 2309 2268
2 2309 2325
2 2309 6308
2 2298 2267
2 179 168
2 179 151
2 2075 2064
2 2075 2050
2 2075 6312
2 178 168
2 178 151
2 2064 2073
2 3216 3264
2 2050 6326
2 2050 2033
2 2050 2034
2 2050 2066
2 2050 2073
2 2050 6312
2 2050 6328
2 2267 2296
2 3218 3251
2 2416 2381
2 2416 2444
2 2274 6320
2 2274 6323
2 2274 6427
2 2274 6330
2 2274 6321
2 6319 6326
2 6319 6328
2 6319 2065
2 4696 4641
2 4696 4638
2 192 234
2 218 234
2 6320 6331
2 6320 2271
2 6320 2242
2 6326 2010
2 222 236
2 237 236
2 2012 1985
2 2012 1881
2 233 219
2 6323 2272
2 256 245
2 256 255
2 256 219
2 919 6332
2 2010 1882
2 2010 1881
2 2010 1983
2 2010 6328
2 1985 1881
2 2241 2220
2 2241 2195
2 2241 2221
2 2241 6427
2 2241 2219
2 2241 6330
2 2222 2197
2 3141 3179
2 3141 3139
2 2220 2195
2 3160 3162
2 3160 3139
2 2202 2219
2 4667 4601
2 4667 4600
2 4667 4604
2 4667 4622
2 2195 2177
2 2195 2158
2 2195 2175
2 2195 2219
2 2195 2238
2 1759 1706
2 1759 1707
2 281 245
2 284 245
2 285 321
2 285 6337
2 285 245
2 2177 2132
2 2177 2158
2 2177 2201
2 2177 2197
2 1706 1690
2 1706 1823
2 1700 1841
2 3081 3130
2 3081 6213
2 3081 3131
2 3084 3130
2 3084 3131
2 1705 6340
2 1705 1629
2 1705 1650
2 1705 1841
2 1690 1707
2 1690 1629
2 1690 1701
2 1690 1841
2 2134 2115
2 4601 6348
2 4601 4523
2 4601 4536
2 6340 1629
2 4622 4638
2 2157 2158
2 310 321
2 6342 336
2 6342 321
2 1630 6347
2 338 321
2 334 321
2 2131 2081
2 2131 2114
2 2131 2132
2 1637 1636
2 1625 1650
2 6347 1629
2 1556 1629
2 1552 1498
2 1552 1494
2 1552 1493
2 2069 2058
2 2069 2095
2 2068 2114
2 1554 1493
2 6348 4471
2 6348 4483
2 6348 4524
2 1498 1467
2 1498 1464
2 1498 1465
2 1498 1557
2 2053 2038
2 383 387
2 383 361
2 363 387
2 1494 1467
2 1494 1464
2 1494 1465
2 394 366
2 394 6349
2 394 364
2 2040 2021
2 1467 1466
2 1467 1495
2 1464 1440
2 1464 1396
2 1464 1493
2 2206 2139
2 4144 6355
2 1466 1440
2 1466 1396
2 1466 1444
2 4471 4428
2 4471 4435
2 4471 4438
2 4471 4439
2 2210 2135
2 2210 2228
2 4485 4522
2 4485 4533
2 461 488
2 461 395
2 461 425
2 461 486
2 467 488
2 1440 1396
2 1440 1463
2 1440 1493
2 1440 1401
2 484 530
2 484 466
2 1446 1401
2 528 566
2 1996 1977
2 1996 2042
2 1996 1970
2 2884 2885
2 2884 6235
2 6240 2888
2 6240 6235
2 1396 1335
2 1396 6356
2 1396 1401
2 1396 1462
2 2885 2917
2 6158 4016
2 4428 4348
2 4428 4383
2 4428 4387
2 4435 4427
2 4438 4427
2 1977 1873
2 1977 1874
2 1977 1993
2 1977 2041
2 1977 2021
2 618 638
2 636 735
2 636 617
2 636 674
2 638 676
2 675 735
2 1333 6361
2 1333 1406
2 1333 1395
2 1333 1393
2 1333 6360
2 1333 6356
2 1333 1401
2 676 756
2 676 708
2 676 709
2 2101 2087
2 1873 6359
2 1873 1968
2 1791 1709
2 1791 1711
2 2773 2794
2 2773 2805
2 6361 1257
2 4348 4316
2 1232 1168
2 1232 1166
2 2094 6365
2 1709 1695
2 1709 1693
2 4427 4382
2 6362 904
2 6362 787
2 6362 754
2 6362 751
2 841 903
2 1257 1171
2 904 962
2 904 6390
2 2089 6367
2 2089 6368
2 1695 1658
2 1695 1660
2 909 1007
2 2626 6259
2 2648 2667
2 2648 2670
2 1168 1171
2 1168 1099
2 2652 2681
2 1662 1675
2 1662 6437
2 1662 1694
2 1662 1711
2 6259 2677
2 6259 2681
2 6364 6376
2 6364 2026
2 1658 1675
2 1658 6377
2 1169 1099
2 2670 2693
2 1171 1099
2 2677 2694
2 2677 2707
2 1675 1659
2 1190 1095
2 1190 1166
2 6377 1575
2 2694 2707
2 1099 6384
2 1099 1166
2 2027 6419
2 2027 6367
2 3903 3968
2 6378 6384
2 1575 6424
2 1575 1534
2 1575 6437
2 4288 4265
2 4288 6380
2 4316 4265
2 1008 6383
2 6384 1040
2 6384 1098
2 6384 1005
2 6384 1004
2 6384 1096
2 6383 1093
2 1042 1005
2 1042 1004
2 1042 6386
2 1097 1098
2 1093 6386
2 2514 2558
2 2514 2499
2 2530 2544
2 2530 2556
2 2530 6387
2 2530 2543
2 2530 2499
2 1005 962
2 1005 963
2 1005 1044
2 1005 6386
2 2544 6387
2 1506 6424
2 1506 1534
2 6387 2543
2 1480 1477
2 1480 1455
2 1480 6424
2 3902 6182
2 3902 6181
2 3898 6181
2 3896 6185
2 4265 4268
2 1477 1410
2 1477 1453
2 6358 1395
2 1406 1393
2 967 905
2 1393 1439
2 6390 842
2 6390 840
2 1445 1401
2 1439 1447
2 1441 1493
2 1454 1340
2 1454 1383
2 1454 1456
2 1447 1468
2 1463 1497
2 1463 1493
2 905 838
2 1685 1645
2 1410 1455
2 1410 1383
2 842 791
2 842 787
2 1493 1551
2 2314 2338
2 2314 2364
2 2314 2343
2 840 791
2 840 787
2 2318 2338
2 2318 2340
2 2338 2365
2 2338 2386
2 2338 2389
2 2338 2364
2 2340 2365
2 2344 2386
2 2363 2385
2 1645 1582
2 1645 1697
2 2389 2419
2 2389 2364
2 791 838
2 787 750
2 1619 1582
2 1331 1342
2 1331 1383
2 751 753
2 751 756
2 751 755
2 2434 2500
2 6183 3755
2 1343 1289
2 1343 1288
2 1343 6393
2 1343 1291
2 1343 1287
2 1343 1340
2 6182 3755
2 6392 4190
2 6392 4176
2 753 752
2 1615 1516
2 1292 1289
2 1292 1245
2 1292 1244
2 1292 1291
2 1292 1359
2 756 674
2 756 752
2 710 674
2 710 679
2 710 750
2 708 674
2 735 674
2 1587 1488
2 1587 1582
2 1515 1489
2 1245 1212
2 1879 1825
2 1213 1246
2 1213 1288
2 1213 1132
2 1213 1291
2 1882 2009
2 678 679
2 1982 2009
2 1489 1457
2 637 6357
2 637 674
2 634 6357
2 1133 6397
2 6395 2009
2 2033 2009
2 6396 2062
2 2062 2047
2 2062 2067
2 6397 1102
2 6397 1104
2 1433 1434
2 1107 1104
2 2073 6312
2 2074 6311
2 2074 2110
2 2074 6310
2 567 529
2 6312 2106
2 1102 1062
2 1102 6398
2 1102 1150
2 1102 1132
2 2109 2122
2 1387 1391
2 2121 2112
2 530 489
2 530 490
2 530 466
2 530 486
2 530 564
2 1062 1109
2 1062 1052
2 1062 6398
2 1062 1053
2 1067 1066
2 2165 2180
2 2165 2184
2 1378 1302
2 489 490
2 2182 2192
2 2182 2213
2 2213 2231
2 490 462
2 490 426
2 490 532
2 1014 1011
2 2231 2249
2 466 426
2 2249 2233
2 3770 3698
2 3770 3797
2 4190 4109
2 4190 4223
2 462 486
2 1011 946
2 1011 944
2 1011 1013
2 1011 1052
2 1011 6398
2 3679 3709
2 3679 3642
2 1297 1299
2 1297 1388
2 982 942
2 982 944
2 426 6350
2 4111 4112
2 4111 4174
2 392 6350
2 4066 4102
2 4066 6140
2 4066 4025
2 4077 4102
2 942 980
2 1299 6401
2 1300 6401
2 925 861
2 925 945
2 1223 1151
2 922 944
2 4009 3973
2 1220 1153
2 1220 1152
2 923 812
2 923 944
2 366 389
2 878 6405
2 382 340
2 382 361
2 1151 1089
2 6349 360
2 6349 389
2 3912 3973
2 809 771
2 809 860
2 3963 3881
2 340 337
2 340 364
2 360 333
2 360 337
2 774 785
2 774 773
2 774 812
2 955 874
2 3445 3462
2 3445 3429
2 772 773
2 332 337
2 1084 1033
2 3843 3822
2 336 309
2 336 337
2 3874 3873
2 1032 1085
2 333 321
2 746 721
2 6343 321
2 6411 6412
2 309 294
2 309 295
2 309 337
2 721 724
2 721 785
2 721 693
2 721 773
2 3822 3765
2 6412 693
2 6412 6416
2 6412 773
2 3261 3317
2 321 6341
2 321 337
2 3317 3260
2 3701 3684
2 3703 3685
2 3731 3704
2 985 879
2 421 422
2 954 874
2 954 879
2 286 295
2 953 874
2 653 633
2 653 632
2 6173 3625
2 282 243
2 633 600
2 633 693
2 3685 3652
2 632 593
2 632 648
2 632 652
2 6337 254
2 471 439
2 482 439
2 474 439
2 1488 1516
2 592 549
2 592 544
2 592 599
2 592 547
2 596 547
2 549 498
2 549 526
2 549 630
2 3601 3625
2 544 495
2 544 597
2 544 593
2 544 492
2 544 526
2 3625 3595
2 3625 3604
2 235 219
2 6407 727
2 219 234
2 493 475
2 1618 1682
2 492 469
2 496 526
2 469 441
2 469 439
2 3027 3065
2 727 658
2 727 661
2 472 438
2 472 475
2 472 526
2 441 422
2 441 475
2 438 423
2 3517 3506
2 450 420
2 450 423
2 422 419
2 422 420
2 186 168
2 186 151
2 186 152
2 186 169
2 186 180
2 186 183
2 418 420
2 649 630
2 649 693
2 649 6416
2 168 185
2 648 6416
2 652 6416
2 151 149
2 163 122
2 6419 6379
2 6419 6371
2 6419 2028
2 149 111
2 149 126
2 149 150
2 149 152
2 2026 6365
2 2026 6368
2 6371 6365
2 6367 2028
2 120 111
2 120 115
2 6365 2087
2 116 75
2 116 122
2 111 100
2 6420 126
2 75 74
2 75 114
2 100 6303
2 100 102
2 100 126
2 6198 3426
2 6301 64
2 6301 65
2 6410 785
2 6289 60
2 785 723
2 2116 2162
2 61 50
2 61 49
2 61 64
2 2207 2162
2 50 30
2 50 60
2 49 30
2 49 55
2 2227 2277
2 24 14
2 24 30
2 2645 2674
2 18 9
2 18 15
2 18 30
2 14 9
2 14 26
2 14 30
2 9 12
2 2 15
2 3661 3721
2 3661 3724
2 3661 3749
2 3661 1911
2 3681 3724
2 3681 3749
2 3721 3659
2 3238 3170
2 3724 3790
2 3241 3689
2 3749 3817
2 3619 3773
2 3817 3835
2 2745 2725
2 3835 3886
2 3344 1837
2 3344 1839
2 3886 3908
2 3886 3967
2 3543 3573
2 3396 3356
2 3396 3387
2 3396 3376
2 3396 6200
2 3542 3573
2 3399 3426
2 3554 3573
2 3949 3988
2 3571 3581
2 3443 3401
2 3967 3991
2 3967 4006
2 3573 3584
2 3573 3622
2 3573 3553
2 3573 3532
2 3425 6194
2 3425 3458
2 3425 3401
2 808 857
2 808 858
2 808 771
2 808 860
2 3991 4048
2 3991 6064
2 3991 4051
2 3584 3622
2 4006 6064
2 4006 4051
2 861 812
2 3346 3387
2 3352 6200
2 3356 6200
2 3387 3353
2 3376 3353
2 945 927
2 4051 4088
2 4051 4116
2 4062 4088
2 4087 4115
2 981 1012
2 1012 1053
2 1012 1055
2 4088 4116
2 4088 4159
2 3707 3776
2 3283 3297
2 4115 4196
2 4116 4188
2 4159 4196
2 3776 3805
2 3776 3853
2 3333 3312
2 4188 4226
2 3325 3355
2 3325 3312
2 1065 1109
2 1065 1055
2 1106 1105
2 4125 6095
2 1109 1132
2 3853 3855
2 3853 3870
2 1105 1132
2 3851 3870
2 3222 3243
2 6115 4328
2 3243 3219
2 3255 3219
2 1211 1150
2 1211 1287
2 1214 1246
2 1214 1287
2 3870 3984
2 4290 4328
2 3923 3984
2 3133 3152
2 3136 3154
2 4328 4353
2 1412 1359
2 3984 3979
2 3984 3985
2 3984 4011
2 1411 1452
2 6423 1455
2 4353 4400
2 4353 4448
2 1455 1453
2 1455 1479
2 6242 6245
2 3060 6237
2 3060 3058
2 4400 4448
2 3073 6237
2 4011 4058
2 3096 3071
2 1576 1510
2 1594 6425
2 4448 4453
2 4448 6021
2 1597 1666
2 1676 1660
2 1660 1693
2 4058 4135
2 2937 2947
2 2942 2954
2 2942 2974
2 2974 2952
2 2980 2976
2 6021 4495
2 6021 6014
2 6251 3004
2 6251 2976
2 2990 3004
2 4135 4131
2 1714 1792
2 1714 1978
2 1714 1694
2 1714 1874
2 4495 4551
2 1971 1995
2 6014 4548
2 4131 4181
2 4513 4525
2 4551 4624
2 2766 6266
2 2766 2787
2 4548 4624
2 2787 2798
2 2796 2822
2 4209 4263
2 2798 2822
2 2821 2837
2 4616 4659
2 2859 2892
2 2160 2203
2 2160 2159
2 2189 2175
2 4659 4714
2 4659 4712
2 4263 4361
2 4263 4339
2 2218 6331
2 2218 2238
2 6331 6325
2 6331 6322
2 6331 2197
2 4297 4339
2 4714 4727
2 4714 4739
2 6322 2242
2 6427 2272
2 4712 4727
2 4361 4390
2 2271 2273
2 2269 2273
2 4727 4761
2 4727 4768
2 4727 4788
2 2296 2268
2 6313 2322
2 4739 4768
2 4739 4788
2 2312 2322
2 2321 6309
2 2322 2358
2 2322 2311
2 2358 2376
2 2376 2375
2 4412 6042
2 2372 2397
2 4788 4868
2 2375 2397
2 2396 2411
2 6046 6042
2 2412 2415
2 2415 6299
2 2415 2437
2 2430 6304
2 2437 2466
2 2437 2464
2 6042 6039
2 6042 4564
2 6042 4561
2 6294 2468
2 2466 2468
2 2464 6297
2 6038 4564
2 6038 4561
2 6287 2520
2 2502 2518
2 4908 4945
2 4564 4567
2 2518 2551
2 4561 4567
2 4821 4933
2 4821 4932
2 4945 4997
2 4998 4997
2 4998 5037
2 4567 4653
2 4567 4663
2 2588 2587
2 4653 4703
2 4933 4949
2 2612 2663
2 5037 5079
2 4663 4703
2 4932 4949
2 1867 1859
2 5027 5079
2 1844 1861
2 1786 1788
2 1786 2876
2 1755 2873
2 1755 1754
2 1755 1788
2 1755 2876
2 1857 3532
2 1857 1830
2 1837 1830
2 2875 1680
2 2875 1678
2 2875 1750
2 5079 5119
2 1834 1839
2 1680 2876
2 1793 1782
2 1793 1835
2 1793 1830
2 1678 1621
2 1678 6430
2 1678 2852
2 1678 2876
2 4691 4804
2 1765 1771
2 1782 1733
2 1782 1732
2 5119 5169
2 1767 1733
2 1767 1770
2 1599 6430
2 1599 1603
2 1599 1548
2 1599 1546
2 1733 1670
2 1733 1672
2 1733 1668
2 1733 1732
2 1733 1770
2 1733 1771
2 3212 1670
2 3212 1668
2 1531 1519
2 1531 1518
2 1531 1522
2 1519 1484
2 1519 1546
2 1519 1529
2 1502 1482
2 1502 1483
2 1670 1611
2 1852 1761
2 1852 3170
2 1852 1801
2 1578 1543
2 1578 1569
2 1799 1853
2 1799 1848
2 1799 1850
2 1417 1326
2 1417 1312
2 1417 1313
2 1417 1469
2 1417 1422
2 1417 1473
2 2639 1418
2 1544 1543
2 4802 4841
2 1347 1418
2 3061 1431
2 3061 1543
2 3061 3026
2 1326 1312
2 1326 1313
2 1326 1418
2 1312 1266
2 1312 1418
2 1312 1227
2 1284 1260
2 1260 1207
2 1260 1265
2 1370 2960
2 1370 1427
2 1207 1265
2 1207 1282
2 6143 5372
2 1209 1140
2 1209 1202
2 1209 1205
2 1136 2431
2 1136 1205
2 1271 2835
2 1271 1256
2 1271 1372
2 1271 2896
2 1271 1253
2 1271 2834
2 1114 2405
2 1114 1140
2 1188 6431
2 1188 1125
2 1188 1128
2 2761 2730
2 1058 1017
2 1058 1019
2 1058 1140
2 1058 2404
2 1058 2392
2 1022 957
2 1022 2405
2 1022 2403
2 4912 4984
2 2731 1562
2 1017 957
2 1017 1035
2 5350 5428
2 1126 1079
2 1126 1184
2 1126 1081
2 950 930
2 4988 4984
2 1076 1047
2 895 882
2 895 881
2 5375 5413
2 5375 5428
2 1048 1080
2 1048 1003
2 1045 1002
2 1146 1148
2 1247 1238
2 1247 1367
2 1247 1364
2 1247 1175
2 4984 5064
2 1160 1161
2 1237 1177
2 1237 1238
2 1237 1317
2 1237 1269
2 1237 1364
2 1237 1268
2 819 781
2 819 780
2 5004 5048
2 5292 5379
2 784 732
2 784 783
2 784 820
2 784 777
2 6432 854
2 776 730
2 1178 1179
2 733 780
2 2084 899
2 5048 5145
2 794 2539
2 794 854
2 794 852
2 794 767
2 5484 5551
2 664 703
2 5379 5517
2 2484 1024
2 2484 992
2 2484 997
2 2484 1177
2 2484 995
2 2484 1025
2 2484 1175
2 5110 5191
2 2539 854
2 2539 798
2 2539 796
2 2539 739
2 2483 992
2 1024 992
2 1024 1070
2 5145 5191
2 698 742
2 698 740
2 698 739
2 646 742
2 6153 5616
2 506 459
2 506 501
2 506 583
2 5612 5616
2 5612 5646
2 2350 992
2 2350 846
2 481 503
2 868 999
2 614 607
2 5191 5212
2 445 2291
2 272 313
2 5646 5711
2 275 313
2 1966 273
2 1966 316
2 1966 1961
2 5242 5307
2 5242 5345
2 5711 5750
2 5711 5753
2 157 1962
2 157 1936
2 231 228
2 228 229
2 204 164
2 164 109
2 5345 5389
2 141 94
2 141 96
2 5361 5989
2 95 91
2 201 196
2 34 1973
2 34 1979
2 196 1959
2 196 202
2 40 1979
2 1959 1950
2 353 1944
2 353 1955
2 5866 5815
2 1946 1958
2 1956 1958
2 5869 5815
2 1953 161
2 1953 1938
2 1962 1936
2 279 273
2 279 1961
2 5850 5931
2 273 316
2 273 1961
2 317 316
2 5508 5625
2 316 400
2 316 344
2 5815 5931
2 350 402
2 136 85
2 136 199
2 136 134
2 136 132
2 136 82
2 402 400
2 129 1950
2 400 452
2 400 459
2 400 501
2 5931 5744
2 405 452
2 405 459
2 452 501
2 452 404
2 452 403
2 459 501
2 459 507
2 501 583
2 501 507
2 501 458
2 826 900
2 503 2016
2 503 504
2 2006 583
2 5621 5627
2 5622 5970
2 5622 5698
2 5622 5715
2 250 1987
2 900 2141
2 5720 5693
2 583 703
2 583 589
2 583 507
2 5627 5698
2 5627 5713
2 1973 89
2 1973 33
2 5691 5693
2 588 703
2 588 590
2 703 730
2 703 732
2 703 783
2 703 780
2 703 777
2 668 2171
2 5677 5975
2 92 89
2 702 732
2 5715 5714
2 99 109
2 730 781
2 730 780
2 5693 5975
2 1143 1161
2 109 142
2 109 91
2 109 98
2 5662 5658
2 781 821
2 5714 5766
2 5714 5953
2 816 780
2 5975 5986
2 833 815
2 165 205
2 165 143
2 5766 5953
2 5766 5832
2 882 948
2 882 933
2 882 835
2 882 832
2 205 225
2 205 229
2 205 226
2 5953 5833
2 948 957
2 948 1019
2 948 881
2 621 641
2 957 1019
2 957 2405
2 957 1021
2 1019 1038
2 1019 2405
2 1019 1039
2 265 305
2 5942 5978
2 5942 5915
2 5589 5523
2 1038 1021
2 305 252
2 305 377
2 305 378
2 305 376
2 5833 5899
2 5833 5929
2 5833 5924
2 2405 2431
2 2405 1036
2 2405 1021
2 5592 5522
2 5592 5500
2 2403 2431
2 2403 1112
2 374 302
2 5875 5929
2 2431 1138
2 2431 2404
2 2431 1139
2 5523 5498
2 5899 5924
2 1140 2404
2 1140 1116
2 1140 2392
2 5522 5498
2 5915 5914
2 1208 1202
2 1208 1205
2 5500 5459
2 443 2290
2 1202 1225
2 1202 1139
2 447 413
2 447 2291
2 5924 5907
2 5924 5888
2 5498 5451
2 5498 6433
2 5927 5888
2 1225 1266
2 1225 1139
2 5908 5888
2 5459 6433
2 1264 1266
2 5907 5888
2 1266 1313
2 1266 1265
2 1266 1314
2 1266 1227
2 999 867
2 519 2291
2 519 520
2 519 525
2 519 2292
2 519 2290
2 1313 1418
2 1313 1227
2 539 559
2 539 558
2 6433 5387
2 552 559
2 1346 1418
2 1346 2620
2 1346 1314
2 997 1069
2 997 1070
2 997 1071
2 559 602
2 559 604
2 559 541
2 5877 5859
2 5877 5839
2 602 682
2 602 683
2 602 642
2 1418 1469
2 1418 1473
2 1418 2638
2 1418 2620
2 1418 1314
2 5387 5334
2 1069 1179
2 604 558
2 1469 1482
2 1469 1518
2 1469 1483
2 1469 1416
2 5839 5820
2 5839 5758
2 1482 1503
2 1482 1518
2 1181 1175
2 6005 5297
2 5820 5760
2 5820 5758
2 1177 1071
2 5760 5730
2 1545 1518
2 1180 1317
2 1180 1269
2 1180 1268
2 799 796
2 2749 1604
2 2749 1546
2 5758 5730
2 5758 5727
2 5283 5262
2 1621 6430
2 1621 1548
2 830 869
2 6430 1548
2 1604 1546
2 854 889
2 854 798
2 5262 5261
2 5262 5250
2 1317 1319
2 5727 5709
2 5249 5250
2 1367 1368
2 889 976
2 889 870
2 889 869
2 889 852
2 1362 2714
2 1362 2730
2 5707 5709
2 920 972
2 920 1002
2 920 869
2 5250 6023
2 5250 5176
2 2873 1677
2 972 1002
2 972 1003
2 2714 2759
2 1751 1788
2 1751 2876
2 5709 5631
2 1049 1047
2 1785 1807
2 1785 1750
2 2759 1560
2 2759 1559
2 2759 1561
2 6202 5120
2 1080 1047
2 1080 1002
2 1080 1003
2 5176 5120
2 1810 1843
2 1810 1861
2 1810 1842
2 6431 1125
2 6431 1081
2 5159 5120
2 5159 5113
2 1079 1184
2 1079 1128
2 1079 1047
2 1843 1861
2 1843 1807
2 5631 5600
2 1124 1187
2 1124 1081
2 1861 3086
2 1861 1842
2 1861 1807
2 3086 1897
2 3086 1888
2 1187 1125
2 1187 1253
2 1187 1128
2 5113 5084
2 5576 5567
2 1897 1904
2 1897 1907
2 1897 1866
2 5092 5084
2 1904 1912
2 1904 3659
2 1904 1888
2 1904 1907
2 1904 1896
2 1901 1891
2 1901 1915
2 2964 1566
2 1252 1253
2 5567 5534
2 5567 5538
2 1273 1253
2 1912 3659
2 1912 1915
2 1718 1804
2 1718 1761
2 2946 2960
2 5084 5060
2 1373 1374
2 1804 1848
2 2960 1431
2 2960 1306
2 2960 3026
2 2960 1424
2 2960 1372
2 5534 5538
2 1427 1430
2 1427 3026
2 5502 5473
2 1870 1894
2 1543 1580
2 1543 3155
2 1543 1540
2 5538 5454
2 1580 1672
2 1580 1668
2 1611 1569
2 1672 3214
2 1668 3213
2 1668 3214
2 1769 1795
2 4993 4958
2 1856 1830
2 5454 5414
2 5454 5417
2 3553 3532
2 3553 3528
2 6068 4929
2 3528 1839
2 3659 1907
2 5414 5417
2 4958 4929
2 89 45
2 89 43
2 5396 5393
2 91 1979
2 5417 5342
2 5417 5329
2 85 1950
2 105 143
2 4929 4881
2 5393 5329
2 160 1938
2 161 1940
2 161 1961
2 1936 1952
2 1961 1965
2 1961 1937
2 5329 5325
2 5299 5230
2 225 2060
2 6072 5228
2 252 326
2 5325 5279
2 345 319
2 4813 4774
2 377 413
2 377 302
2 404 477
2 404 453
2 404 349
2 413 2291
2 413 2290
2 413 378
2 5279 6268
2 2291 2293
2 4774 4742
2 5254 6268
2 521 520
2 5241 6268
2 682 739
2 783 2172
2 6268 5184
2 6268 5206
2 780 832
2 5205 5184
2 2172 777
2 4700 4655
2 5184 5130
2 815 881
2 798 852
2 881 933
2 881 930
2 881 835
2 881 832
2 881 820
2 5130 5100
2 886 869
2 976 1002
2 976 1003
2 1039 1021
2 4620 4578
2 4577 4578
2 1139 1205
2 1139 1204
2 1265 1204
2 1184 1253
2 1184 1081
2 4578 4530
2 1269 1364
2 2619 1416
2 1364 1368
2 6090 5033
2 1306 1275
2 1484 1421
2 1484 1416
2 2963 1424
2 4500 4479
2 4500 4432
2 1518 1548
2 1518 1529
2 1522 1546
2 2730 1561
2 2730 1562
2 2730 2760
2 2730 1368
2 1569 1577
2 1569 3026
2 1677 2852
2 5033 5016
2 1566 1562
2 4467 4434
2 2851 1750
2 5017 4964
2 5017 4961
2 4432 4414
2 1754 1788
2 5016 4960
2 4434 4395
2 4434 4365
2 1859 1887
2 1887 1865
2 1888 1866
2 4414 4395
2 1915 1902
2 1853 1850
2 1853 1801
2 4960 4913
2 1830 1770
2 4365 4329
2 4913 4900
2 4913 4862
2 4913 4861
2 4901 4862
2 4875 4845
2 4329 4301
2 4329 4303
2 4329 4258
2 4900 4861
2 1866 1807
2 4301 4258
2 4861 4793
2 4303 6129
2 4303 4239
2 4258 4239
2 1562 2715
2 1540 3026
2 3062 3026
2 1750 2876
2 3026 1424
2 3026 1425
2 1428 1374
2 4216 4183
2 1374 1372
2 1372 1275
2 4199 4153
2 2896 1272
2 1275 1253
2 4183 4153
2 4746 4706
2 1253 1215
2 4720 4694
2 4153 4108
2 4119 4100
2 1175 1071
2 1128 1081
2 1179 1071
2 4108 6133
2 1483 1421
2 4694 4638
2 4694 4623
2 1081 1047
2 1081 1002
2 1074 1047
2 4640 4623
2 1047 1002
2 1416 2620
2 1002 971
2 6133 4020
2 1003 971
2 4623 4545
2 6124 4545
2 6134 4019
2 4545 4533
2 869 829
2 852 796
2 829 742
2 4019 3953
2 4019 3931
2 796 767
2 796 742
2 4491 6138
2 4533 4524
2 4533 4474
2 742 683
2 3953 3934
2 3953 3876
2 739 683
2 4524 4439
2 3931 3934
2 683 642
2 3876 3863
2 3876 6141
2 3866 6141
2 560 551
2 560 541
2 557 541
2 3846 6141
2 3849 3781
2 3849 3782
2 2290 2293
2 3830 3782
2 832 820
2 3781 6435
2 378 326
2 3782 6435
2 326 266
2 304 266
2 6435 3713
2 6435 3716
2 302 264
2 302 229
2 3714 6150
2 3714 3665
2 6150 3667
2 4254 4223
2 3667 3632
2 4223 4173
2 4223 4138
2 4149 4150
2 4147 4150
2 3632 3614
2 3632 3597
2 504 458
2 4174 4136
2 4136 6140
2 346 319
2 4104 6140
2 3568 6163
2 3568 6276
2 4139 4082
2 3566 6276
2 6140 4063
2 6140 4081
2 6163 3515
2 4082 4081
2 8 15
2 3515 3494
2 6 15
2 4081 4025
2 17 12
2 15 41
2 475 526
2 3477 6170
2 3477 3476
2 6170 3450
2 630 651
2 55 64
2 55 65
2 60 64
2 60 68
2 3476 3450
2 3476 3449
2 64 6302
2 64 6303
2 64 102
2 3964 3881
2 651 693
2 651 6416
2 3449 3422
2 3449 3418
2 693 691
2 693 720
2 3437 3394
2 3881 3875
2 3418 3392
2 720 773
2 3394 3369
2 114 122
2 773 771
2 3392 3371
2 3392 3369
2 3382 3381
2 3382 3369
2 3382 3350
2 6185 3797
2 3395 3381
2 3395 3369
2 122 152
2 152 180
2 812 927
2 172 180
2 3369 3339
2 3369 3341
2 3369 3322
2 927 944
2 927 979
2 180 189
2 979 6400
2 191 234
2 3765 3730
2 3765 3704
2 3322 3289
2 220 234
2 6400 6398
2 3307 3291
2 3730 3726
2 3709 3677
2 3289 3264
2 3704 3684
2 1052 1055
2 6398 1066
2 6398 1104
2 1085 1117
2 3264 3233
2 3264 3229
2 243 269
2 3684 3654
2 3684 3652
2 1104 1150
2 3671 3658
2 293 295
2 1150 6394
2 3654 3658
2 1132 1212
2 6394 1244
2 3230 3204
2 1244 1287
2 3634 3595
2 337 331
2 3188 3157
2 1391 1434
2 1360 1359
2 3156 3162
2 1340 1383
2 1340 1408
2 3604 3562
2 3157 3122
2 364 389
2 364 6350
2 1342 1408
2 3162 3122
2 3164 3110
2 6350 395
2 1453 1456
2 1481 6389
2 1456 1479
2 1456 1507
2 6389 1507
2 3108 6209
2 3508 3486
2 3508 3480
2 3507 3480
2 465 486
2 1507 6424
2 3486 6194
2 486 532
2 486 529
2 3480 6194
2 1508 1534
2 6424 1595
2 6424 6437
2 529 564
2 6194 3458
2 6194 3442
2 3461 3431
2 533 564
2 6357 635
2 3442 3401
2 3426 3401
2 635 674
2 6206 3364
2 3401 3385
2 3008 2988
2 1694 1713
2 3397 6200
2 1711 6359
2 2985 6226
2 1713 1874
2 755 752
2 2988 2926
2 6359 1874
2 6200 3357
2 1874 1968
2 3357 3358
2 1999 2028
2 2000 2028
2 1993 2041
2 1993 2021
2 3355 3332
2 2913 2916
2 2913 6238
2 2028 6368
2 2041 2038
2 2021 2058
2 3332 3312
2 3319 3271
2 963 965
2 6368 2090
2 3315 3299
2 3312 3299
2 3312 3285
2 3273 3248
2 965 6382
2 965 1044
2 2887 2843
2 6241 2843
2 6386 1096
2 2843 2841
2 2114 2130
2 6207 3257
2 2095 2159
2 1096 1166
2 2841 2790
2 3257 6218
2 3257 3219
2 3244 3219
2 2158 2201
2 3219 3207
2 3219 6438
2 3219 6220
2 1173 6360
2 2175 2201
2 6360 1308
2 6360 1335
2 2197 2238
2 2197 2242
2 6438 3169
2 2219 2238
2 2219 2242
2 1335 6356
2 1335 1397
2 6220 3152
2 1337 1401
2 2242 6330
2 6223 3154
2 6223 3152
2 6253 2707
2 3169 3152
2 1401 1394
2 6321 2272
2 1444 1462
2 3152 3135
2 2707 2681
2 1462 1495
2 1495 1527
2 2681 6258
2 2311 2325
2 2680 6258
2 1527 1557
2 6229 3074
2 2325 6308
2 2328 2355
2 1557 1629
2 6308 2352
2 2355 2357
2 1592 1629
2 1626 1651
2 3074 3050
2 2357 2395
2 3071 3050
2 6237 3050
2 2395 6304
2 3064 3029
2 3050 3037
2 6304 2426
2 6304 2438
2 3046 3037
2 3029 6255
2 1701 1841
2 2581 2582
2 2413 2426
2 1841 1880
2 2438 6297
2 2438 2469
2 1823 1880
2 2582 2543
2 3037 3004
2 6267 2543
2 6297 2463
2 6297 2489
2 6297 2504
2 1880 1983
2 1881 6328
2 2543 2529
2 3004 2992
2 2471 2494
2 2504 2506
2 2504 2519
2 2983 2956
2 2529 2499
2 6328 2047
2 2992 2976
2 2981 2949
2 2498 2480
2 2047 2065
2 2047 2067
2 2976 2941
2 2499 2500
2 2499 2476
2 2549 2562
2 2941 2947
2 2941 6254
2 2550 2587
2 2076 6310
2 2562 2587
2 2476 2433
2 2476 2423
2 6254 2891
2 2590 2596
2 2590 2613
2 2590 2614
2 2125 2128
2 2125 2147
2 2125 2169
2 2596 2614
2 2433 2421
2 2891 2892
2 2128 2169
2 2423 2407
2 2423 2387
2 2613 2663
2 2421 2387
2 2421 2367
2 2169 2181
2 2169 2190
2 2663 2658
2 2663 6273
2 2407 2387
2 2407 2367
2 2181 2190
2 2892 2865
2 2388 2367
2 2184 2216
2 2387 2343
2 6273 2700
2 2367 2342
2 2364 2343
2 2233 2254
2 2826 2799
2 2700 2720
2 2824 2786
2 2248 2258
2 2347 6282
2 2347 2317
2 2252 2258
2 2799 2784
2 2799 2748
2 2786 2748
2 2258 2280
2 2720 2748
2 2784 2748
2 2261 2317
