ply
format ascii 1.0
comment Saved by Easy3D (liangliang.nan@gmail.com)
element vertex 4637
property float x
property float y
property float z
element edge 4693
property list uchar int vertex_indices
end_header
315.358 10.6442 -1.13
315.445 10.6078 -1.05
313.966 10.7718 -1.12
314.132 10.9001 -1.19
314.188 10.6371 -1.22
314.026 10.6375 -1.19
311.52 10.7223 -1.45
311.521 10.6086 -1.48
311.783 10.6206 -1.43
311.875 10.8343 -1.4
308.982 10.6942 -1.71
308.946 10.68 -1.74
308.669 10.7366 -1.79
309.363 10.7828 -1.62
306.311 10.772 -2.02
306.165 10.5939 -2.13
2.47301 0.118526 -0.16
2.35338 0.0382689 -0.23
2.48822 -0.0600469 -0.220001
306.579 10.6853 -1.93
306.714 10.587 -2
306.843 10.5836 -1.9
306.888 10.7455 -1.98
305.383 10.6978 -2.13
305.509 10.5694 -2.18
305.654 10.6225 -2.01
1.79648 0.485066 6.84
1.71663 0.547819 6.85
302.983 10.7002 -2.36
302.997 10.6354 -2.33
303.287 10.6278 -2.2
3.50026 9.06087 -0.34
3.41283 8.97977 -0.389999
303.488 10.7666 -2.28
303.363 10.6675 -2.48
301.89 10.619 -2.46
302.077 10.4738 -2.54
300.713 10.5855 -2.56
300.624 10.7319 -2.59
299.081 10.6662 -2.86
298.814 10.5216 -2.79
299.393 10.6202 -2.63
299.303 10.5315 -2.81
299.22 10.583 -2.8
6.00381 0.10158 -0.73
6.10565 0.117859 -0.639999
6.1719 0.00618176 -0.68
5.84281 0.10581 -0.579998
5.78573 0.133846 -0.610001
6.27188 0.132446 -0.649998
298.401 10.5514 -2.65
298.34 10.5682 -2.84
296.905 10.6552 -2.94
296.965 10.6384 -2.99
296.713 10.7815 -2.96
295.588 10.7012 -3.18
295.599 10.625 -3.06
296.018 10.5003 -3.17
4.36545 0.508554 6.53
4.25629 0.465931 6.57
4.47437 0.433665 6.5
4.14319 0.525766 6.67
4.72803 0.529355 6.47
4.78092 0.486265 6.55
4.76861 0.558617 6.58
7.48504 0.0626638 -0.779999
7.47772 0.0363198 -0.739998
294.796 10.6537 -3.04
294.777 10.6997 -3.08
294.545 10.5656 -3.2
292.82 10.5464 -3.26
292.694 10.6748 -3.38
5.37309 0.516198 6.59
5.31811 0.551761 6.53
291.544 10.6217 -3.37
291.593 10.5673 -3.36
291.691 10.686 -3.46
291.484 10.5247 -3.52
291.894 10.4836 -3.5
291.771 10.5058 -3.37
8.58405 0.0489532 -0.849998
8.62776 0.089505 -0.959999
289.317 10.6612 -3.65
289.304 10.4985 -3.74
289.579 10.5558 -3.61
289.584 10.5746 -3.7
288.426 10.6088 -3.7
288.344 10.5465 -3.83
288.689 10.5033 -3.64
288.047 10.4103 -3.73
5.25092 8.70781 6.55
5.19988 8.64091 6.59
5.42424 8.63123 6.46
287.202 10.6372 -3.82
287.342 10.5577 -3.91
287.033 10.4976 -3.92
286.973 10.5143 -3.81
287.459 10.5129 -3.82
6.66112 0.482358 6.33
6.58126 0.545111 6.42
284.747 10.6751 -4.01
285.038 10.5538 -3.96
284.431 10.4711 -4.11
285.163 10.5391 -4.12
10.1113 0.175628 -1.13
10.3491 0.0973546 -1.06
304.855 1.803 -2.35
304.768 1.60815 -2.33
283.988 10.5131 -4.01
284.032 10.5536 -4.13
283.929 10.4161 -4.22
291.489 10.1909 4.41
291.745 10.1804 4.33
291.227 10.1827 4.15
303.762 1.72178 -2.43
303.741 1.64651 -2.5
304.023 1.60879 -2.42
10.7428 0.113546 -1.23
10.8821 0.147797 -1.16
10.5352 0.183447 -1.07
304.045 1.68782 -2.46
302.525 1.705 -2.6
302.483 1.78949 -2.56
281.942 10.5024 -4.22
281.899 10.5831 -4.26
301.369 1.74675 -2.67
301.08 1.64061 -2.81
9.51675 0.486941 6.12
9.50838 0.456834 5.98
9.19893 0.510455 5.98
301.634 1.65258 -2.59
301.513 1.79982 -2.7
9.9864 0.542839 5.96
9.8584 0.432474 6.04
12.7871 0.116699 -1.45
12.7704 0.0564846 -1.35
280.903 10.4994 -4.27
281.056 10.465 -4.43
300.251 1.69272 -2.79
300.243 1.66261 -2.82
300.519 1.60607 -2.7
300.601 1.66836 -2.74
279.604 10.6093 -4.42
279.727 10.5871 -4.6
279.449 10.5186 -4.61
287.177 10.1981 4.03
287.311 10.096 3.99
299.254 1.6052 -2.92
299.29 1.6194 -2.97
12.9358 9.16553 -1.43
12.9502 9.1007 -1.35
12.7559 9.10202 -1.36
10.2412 8.69043 6.07
9.85142 8.57178 6.18
299.487 1.51187 -2.88
299.483 1.73184 -2.8
278.424 10.5645 -4.71
278.379 10.4027 -4.63
278.73 10.4996 -4.5
11.6868 0.47542 5.87
11.7137 0.455757 5.85
14.4896 0.0568074 -1.51
14.604 0.118248 -1.6
278.813 10.4482 -4.6
278.976 10.4514 -4.61
298.025 1.61853 -2.98
297.842 1.54372 -3.11
298.186 1.6143 -3.16
12.0006 0.554365 5.82
11.8003 0.650609 5.77
14.7951 0.105645 -1.57
14.7689 0.011559 -1.57
302.615 2.14617 4.92
302.853 2.0679 4.99
13.5643 9.20967 -1.4
13.6743 9.13854 -1.44
276.613 10.468 -4.68
276.617 10.6006 -4.68
11.2282 8.74032 6.05
11.2664 8.64454 6
295.329 1.72346 -3.25
295.349 1.67746 -3.27
295.261 1.7101 -3.32
295.489 1.48044 -3.29
14.278 9.20987 -1.58
14.2042 9.17769 -1.48
275.623 10.5244 -4.66
275.511 10.588 -4.89
282.979 10.1492 3.76
283.267 10.134 3.57
294.491 1.62418 -3.34
294.464 1.52633 -3.42
300.486 2.0732 4.76
300.705 2.15845 4.73
300.161 2.18412 4.81
274.82 10.4355 -4.74
274.981 10.4313 -4.97
274.653 10.5347 -5
274.544 10.4921 -5.01
275.213 10.5655 -4.93
274.349 10.4934 -4.97
293.335 1.66593 -3.39
293.43 1.65963 -3.46
293.505 1.57806 -3.55
293.053 1.58614 -3.67
292.318 1.62441 -3.51
292.618 1.77195 -3.56
292.548 1.5198 -3.5
292.54 1.6072 -3.66
272.672 10.5261 -4.94
272.435 10.3731 -5.12
280.083 10.1153 3.6
279.879 10.2003 3.57
13.5403 8.65682 5.82
13.6629 8.63086 5.85
291.392 1.56154 -3.56
291.591 1.6928 -3.78
271.778 10.4624 -5.01
271.663 10.5147 -5.08
271.918 10.4966 -5.04
15.3453 0.451326 5.58
15.383 0.58681 5.56
290.16 1.56358 -3.78
290.246 1.64092 -3.75
290.304 1.61665 -3.92
15.761 0.54655 5.48
15.6516 0.386415 5.48
15.9626 0.571582 5.58
295.868 2.14526 4.42
296.087 1.99924 4.33
295.573 2.01654 4.23
19.3264 0.187511 -2.07
19.4935 0.0883497 -2.16
270.901 10.3414 -5.17
271.114 10.4078 -5.25
270.837 10.5781 -5.15
15.4093 8.72903 5.6
15.6409 8.74569 5.78
19.7191 0.19994 -2.15
19.8676 0.150549 -2.09
19.5859 0.070758 -2.08
19.3105 0.0135477 -2.03
288.82 1.64428 -3.92
288.708 1.47662 -4
289.052 1.54719 -3.86
289.254 1.68973 -3.94
18.4298 9.09321 -1.96
18.5101 9.26548 -1.84
269.712 10.4977 -5.18
269.901 10.3601 -5.33
269.42 10.3803 -5.41
270.185 10.4474 -5.37
269.258 10.4983 -5.42
276.77 10.2175 3.33
276.827 10.1895 3.25
293.767 2.05263 4.23
293.843 2.0961 4.21
293.699 2.04303 4.16
18.9858 9.22645 -2.08
18.7738 9.16378 -1.88
268.816 10.4227 -5.36
268.641 10.4955 -5.43
275.887 10.1914 3.32
275.558 10.056 3.33
276.3 10.0441 3.19
20.5925 0.0746392 -2.2
20.6893 0.189613 -2.18
292.54 2.07349 4.02
292.376 2.06643 3.87
292.775 1.98769 4.1
293.03 2.20465 4.14
18.0371 0.566362 5.37
17.985 0.495703 5.26
267.887 10.4661 -5.29
267.901 10.2837 -5.45
285.872 1.53977 -4.11
285.76 1.48962 -4.23
286.106 1.68147 -4.08
21.2689 0.174385 -2.36
21.2834 0.109561 -2.26
291.586 2.02652 4.02
291.616 2.01814 3.96
266.969 10.4295 -5.4
266.914 10.3513 -5.48
21.6491 0.141653 -2.37
21.5318 0.186434 -2.32
21.7808 0.0320466 -2.36
284.828 1.51792 -4.22
284.891 1.51247 -4.34
284.609 1.43267 -4.43
19.2088 0.581067 5.11
19.3706 0.463088 5.15
19.0643 0.527999 5.25
19.4445 0.495267 5.09
283.792 1.52618 -4.25
283.732 1.54292 -4.33
283.943 1.48431 -4.37
283.97 1.58216 -4.34
283.571 1.54715 -4.44
264.943 10.4941 -5.56
265.107 10.5012 -5.72
282.485 1.60979 -4.43
282.63 1.66285 -4.43
282.351 1.7081 -4.49
21.9244 9.17957 -2.34
21.9454 9.25484 -2.21
22.0124 9.02941 -2.25
21.6655 9.06506 -2.32
288.551 1.95842 3.87
288.594 1.99897 3.66
288.266 1.98485 3.71
281.351 1.61305 -4.48
281.382 1.49093 -4.54
281.687 1.53977 -4.64
19.5768 8.66882 5.18
19.5571 8.71483 5.33
281.617 1.51888 -4.4
287.37 1.91361 3.65
287.536 2.04194 3.68
22.632 9.27471 -2.42
22.6506 9.22494 -2.32
22.6627 9.03507 -2.32
21.4286 0.515165 4.97
21.3414 0.551574 5.03
21.7613 0.661852 5.02
24.3031 0.121205 -2.65
24.2325 0.100316 -2.75
263.159 10.378 -5.64
263.308 10.3286 -5.79
270.001 10.1376 2.95
269.483 10.0223 2.74
280.362 1.55564 -4.58
280.217 1.50257 -4.76
280.611 1.51876 -4.73
280.89 1.58726 -4.73
286.076 2.04238 3.69
286.26 2.00343 3.5
23.4991 9.12683 -2.5
23.4931 9.22176 -2.45
261.896 10.5021 -5.75
261.853 10.4616 -5.91
262.157 10.3891 -5.68
22.3032 0.51114 4.85
22.2454 0.652925 4.94
262.203 10.4372 -5.87
262.039 10.3164 -5.93
22.7292 0.526486 4.78
22.6991 0.534859 4.87
22.4975 0.509828 4.88
25.5404 0.137981 -2.74
25.4375 0.117938 -2.6
261.063 10.4217 -5.82
261.197 10.4371 -5.95
261.249 10.3903 -5.95
260.987 10.382 -6.08
260.568 10.5067 -6.02
260.378 10.2918 -6.14
24.357 9.06258 -2.64
24.2698 9.09899 -2.48
267.952 10.1156 2.77
267.973 10.0771 2.83
268.129 10.0541 2.76
278.151 1.5379 -4.84
278.304 1.62107 -4.69
283.951 1.98071 3.5
283.307 1.88011 3.27
26.6912 0.0774172 -2.84
26.8878 0.201144 -2.82
259.915 10.4935 -5.93
259.933 10.3225 -5.91
259.716 10.3585 -6.07
260.175 10.3768 -5.86
259.648 10.3489 -5.95
25.3325 9.07108 -2.66
25.4312 9.07606 -2.6
24.112 0.600093 4.73
24.2541 0.528122 4.76
24.2437 0.490487 4.6
24.3062 0.598781 4.84
277.146 1.53778 -4.82
277.01 1.51482 -5
276.93 1.57757 -5.11
277.523 1.49376 -5
275.896 1.59336 -5.05
275.871 1.38552 -5.08
23.2385 8.65602 4.93
23.462 8.76008 4.95
276.185 1.46447 -5.01
276.265 1.63674 -5.15
24.7727 0.643388 4.58
24.7125 0.660134 4.73
27.5818 0.247356 -2.9
27.6826 0.259872 -2.84
281.779 1.9847 3.31
281.674 2.07464 3.24
281.953 2.02939 3.29
282.023 1.81149 3.24
282.459 1.86447 3.24
274.8 1.61836 -5.1
274.672 1.50799 -5.06
274.955 1.47403 -5.2
280.675 1.97959 3.21
280.598 1.93612 3.11
257.525 10.2948 -6.01
257.428 10.4148 -6.04
28.8418 0.229415 -3.12
29.0254 0.0729562 -3.1
27.5245 9.13859 -2.88
27.8074 9.33965 -2.78
273.11 1.48838 -5.09
273.336 1.59997 -5.15
272.987 1.39684 -5.33
278.675 1.90324 3.02
278.628 1.8514 3
278.253 2.02046 2.95
272.011 1.5021 -5.21
271.957 1.42391 -5.39
272.277 1.40792 -5.09
272.33 1.59986 -5.37
272.476 1.42543 -5.38
272.485 1.69056 -5.27
272.759 1.62649 -5.14
277.581 1.93577 3
277.551 1.94414 3.03
254.678 10.3203 -6.2
254.728 10.5009 -6.22
270.915 1.5271 -5.37
270.755 1.41758 -5.51
26.247 8.74378 4.7
26.2606 8.7927 4.84
276.655 1.8729 2.87
277.01 1.98111 3.02
253.805 10.3318 -6.23
253.521 10.362 -6.5
270.002 1.50939 -5.45
269.968 1.38519 -5.54
270.391 1.39301 -5.55
269.446 1.37615 -5.64
31.127 0.165585 -3.31
31.2828 0.142538 -3.18
28.5496 0.578276 4.41
28.3645 0.495947 4.35
268.983 1.57786 -5.49
268.877 1.42901 -5.42
269.117 1.47578 -5.65
269.251 1.49121 -5.34
274.577 1.98058 2.77
274.673 1.86053 2.68
274.461 1.79786 2.72
30.4175 9.16114 -3.11
30.3387 9.22766 -3.07
30.6411 9.2652 -3.09
30.7555 9.32664 -3.24
30.8822 9.31573 -3.16
29.9414 8.96515 -3.09
252.177 10.3102 -6.39
251.834 10.3609 -6.54
252.565 10.19 -6.56
251.488 10.2828 -6.66
30.4351 9.10761 -3.2
27.9497 8.8014 4.57
27.5538 8.77768 4.74
32.4381 0.214541 -3.39
32.5533 0.162232 -3.32
274.016 1.82852 2.78
274.118 1.84857 2.53
251.152 10.356 -6.49
251.357 10.3924 -6.55
257.901 10.0157 2.18
258.002 10.0282 1.94
31.3516 9.25412 -3.2
31.3202 9.14122 -3.21
31.3932 9.28714 -3.06
250.384 10.2777 -6.47
250.195 10.2978 -6.72
266.283 1.43271 -5.72
266.143 1.62972 -5.66
265.933 1.57459 -5.8
271.67 1.9091 2.52
271.711 1.93836 2.59
249.32 10.3018 -6.62
249.29 10.3102 -6.8
249.485 10.1951 -6.83
265.19 1.469 -5.77
264.966 1.47869 -5.93
265.439 1.31462 -5.79
265.51 1.45302 -5.93
265.688 1.39149 -5.97
248.216 10.4142 -6.63
248.176 10.2674 -6.63
30.9226 8.7612 4.33
31.1561 8.66787 4.31
31.1875 8.78077 4.47
30.2212 8.68864 4.26
269.415 1.96456 2.37
269.322 1.86464 2.3
269.681 1.87038 2.46
32.4846 0.615156 4.03
32.3372 0.668311 4.08
34.0358 9.2253 -3.51
34.0667 9.10318 -3.39
247.504 10.3003 -6.74
247.282 10.3212 -6.92
247.796 10.3002 -6.87
33.1899 0.585254 3.84
33.3135 0.563052 3.92
33.7305 0.779552 3.97
36.0945 0.18292 -3.84
36.0427 0.229773 -3.64
263.124 1.50433 -5.92
263.1 1.41777 -6.15
263.431 1.32567 -5.96
36.8789 0.204014 -3.9
36.9752 0.0839633 -3.87
268.702 1.8506 2.35
268.626 1.8109 2.24
33.0677 8.77687 4.25
32.9805 8.81327 4.32
246.478 10.3462 -6.88
246.503 10.319 -6.82
37.9614 0.247601 -3.94
37.8347 0.258511 -3.85
36.0217 0.62079 3.7
36.0125 0.704432 3.83
36.1856 0.510338 3.7
37.5645 9.20082 -3.8
37.4951 9.30121 -3.7
262.234 1.45191 -6.03
262.021 1.38548 -5.98
245.697 10.3363 -6.85
245.689 10.3062 -6.8
37.4178 0.62581 3.65
37.4615 0.666362 3.68
39.857 9.16334 -4.04
40.012 9.25404 -3.98
40.1552 9.18583 -3.89
40.2528 9.18706 -3.97
40.8845 9.24249 -4.17
40.8604 9.15593 -4.15
40.7444 9.32199 -3.98
40.517 8.8541 3.69
40.9657 8.83473 3.82
4.22444 8.63242 6.6
4.29826 8.6646 6.66
3.48979 9.02324 -0.329998
0.146678 0.384356 6.92
0.085661 0.514851 7.05
7.26595 8.60559 6.33
7.40522 8.63984 6.41
6.81145 8.8374 6.46
7.77617 8.69075 6.31
7.81779 8.72377 6.44
8.02541 8.65387 6.26
5.43624 8.90765 -0.529999
5.39092 9.0946 -0.599998
2.46642 0.444719 6.74
2.49258 0.538805 6.75
6.2386 9.11024 -0.610001
6.38914 9.06837 -0.610001
9.06629 8.66443 6.11
9.18383 8.73716 6.23
6.56584 9.12059 -0.720001
6.66454 9.12558 -0.630001
9.82575 8.71272 6.17
3.67354 0.469868 6.61
3.6539 0.515876 6.58
7.38108 9.01956 -0.689999
7.36224 8.95182 -0.739998
261.184 1.52498 -6.06
261.222 1.42921 -6.04
261.441 1.4007 -6.02
261.007 1.35525 -6.25
251.531 9.97078 1.8
251.649 9.926 1.69
252.108 9.94426 1.62
260.389 1.46626 -6.12
260.391 1.47378 -6.14
10.1215 9.07646 -0.950001
10.0456 9.03675 -0.989998
10.3414 8.93421 -1.16
10.5673 9.16331 -1.13
10.4739 9.17714 -1.04
265.822 1.87321 2.16
265.691 1.86907 2.05
265.451 1.8223 2.25
10.9286 9.06283 -1.15
11.0202 9.15899 -1.1
4.14849 0.0782974 -0.509998
4.30426 0.0552502 -0.329998
14.3705 8.726 5.69
14.6707 8.75602 5.81
259.594 1.40753 -6.17
259.588 1.50246 -6.14
259.733 1.55553 -6.38
259.361 1.50086 -6.43
8.10097 0.527929 6.16
8.45389 0.397347 6.15
264.988 1.79275 2.06
264.92 1.8969 2.09
265.182 1.90518 2.04
243.282 10.2823 -6.89
243.194 10.3149 -6.94
243.408 10.2676 -7.12
243.487 10.3186 -7.09
243.883 10.2286 -7.07
8.38764 0.509025 6.18
258.564 1.4346 -6.21
258.759 1.55456 -6.23
258.818 1.29903 -6.17
258.812 1.39396 -6.33
5.45222 0.100909 -0.540001
5.56507 -0.0764393 -0.68
242.319 10.319 -6.99
242.347 10.3031 -6.96
242.568 10.2821 -7.18
257.53 1.45038 -6.34
257.821 1.32902 -6.24
257.187 1.26606 -6.54
15.6004 8.71643 5.58
15.7541 8.68585 5.71
257.788 1.3261 -6.4
5.99045 0.170168 -0.619999
6.02579 0.180612 -0.48
256.56 1.46071 -6.35
256.826 1.36654 -6.52
256.831 1.38535 -6.53
255.585 1.45222 -6.49
255.842 1.32794 -6.44
255.82 1.36642 -6.53
255.932 1.30282 -6.58
256.219 1.40143 -6.57
16.2787 8.70619 5.58
16.2177 8.83668 5.65
260.963 1.8985 1.95
260.856 1.8634 1.83
254.751 1.37176 -6.52
254.581 1.45963 -6.66
259.925 1.89546 1.83
259.961 1.79216 1.71
260.258 1.81089 1.71
13.5869 9.05744 -1.47
253.88 1.38707 -6.48
253.767 1.44691 -6.61
254.122 1.44137 -6.69
253.533 1.30521 -6.77
253.491 1.3897 -6.77
259.245 1.78443 1.91
258.942 1.74312 1.65
238.098 10.1872 -7.28
238.16 10.2918 -7.23
252.849 1.41414 -6.57
253.135 1.50899 -6.74
252.719 1.17874 -6.8
252.615 1.3862 -6.87
14.5293 9.18052 -1.54
14.4044 9.08145 -1.45
258.009 1.88893 1.74
258.075 1.77725 1.69
258.305 1.78638 1.87
17.9895 8.6764 5.47
17.8908 8.67142 5.41
243.751 9.86814 1.51
243.765 9.80331 1.25
243.358 9.85571 1.27
252.025 1.36379 -6.67
251.926 1.3588 -6.89
257.274 1.81345 1.68
257.299 1.78626 1.7
12.203 0.465647 5.78
12.3986 0.585611 5.84
251.12 1.37619 -6.73
251.013 1.34109 -6.93
250.393 1.32706 -6.81
250.456 1.3216 -6.76
250.163 1.31793 -6.75
234.939 10.1413 -7.53
235.065 10.1267 -7.58
235.111 10.1747 -7.64
235.359 10.2516 -7.39
249.326 1.45743 -6.8
249.571 1.28799 -6.87
249.6 1.39337 -6.95
249.501 1.38838 -7.1
249.057 1.30529 -7.03
249.439 1.3976 -7.11
254.771 1.79204 1.61
254.86 1.88067 1.52
254.576 1.9071 1.46
248.614 1.34724 -6.9
248.698 1.29955 -7.01
248.786 1.38065 -6.92
253.741 1.81911 1.43
253.473 1.90575 1.49
254.024 1.90643 1.47
20.1511 8.63478 5.23
20.4318 8.7108 5.32
247.704 1.34083 -6.9
247.706 1.34835 -6.84
10.1595 -0.11754 -1.07
10.614 0.116931 -1.18
10.7035 0.205561 -1.17
252.882 1.76584 1.41
252.945 1.87413 1.57
253.137 1.74778 1.22
232.071 10.3266 -7.63
232.19 10.1681 -7.76
17.4842 8.95884 -1.78
17.5695 9.03241 -1.73
232.332 10.2136 -7.5
232.324 10.1835 -7.52
231.309 10.267 -7.59
231.228 10.2085 -7.82
230.446 10.3125 -7.56
230.651 10.1175 -7.69
230.897 10.1869 -7.82
17.8478 8.9834 -1.87
18.0653 9.18239 -1.85
20.9792 8.69642 5.18
21.0904 8.74657 5.21
20.7998 8.86793 5.3
249.934 1.77884 1.26
250.043 1.82147 1.08
249.833 1.64882 0.970001
249.686 1.70197 1.01
249.492 1.70328 1.04
249.133 1.81505 1.33
248.836 1.67881 0.970001
229.892 10.1868 -7.59
230.094 10.098 -7.86
229.593 10.278 -7.88
235.987 9.94322 1.1
236.201 9.77839 1.08
244.091 1.29549 -7.08
244.124 1.41215 -7.1
21.7146 8.65814 5.13
21.7407 8.75223 5.13
243.277 1.28276 -7.14
243.293 1.45673 -7.25
228.128 10.2596 -7.74
228.095 10.3742 -7.64
227.904 10.2693 -7.93
227.959 10.12 -7.96
228.434 10.1947 -7.93
234.421 9.91232 1.06
234.988 9.73442 0.920002
242.372 1.29516 -7.19
242.445 1.44109 -7.22
246.414 1.83342 1.16
246.281 1.70424 0.869999
226.599 10.1254 -7.88
226.603 10.258 -8.09
226.388 10.184 -8.01
226.858 10.1262 -8.1
12.4814 -0.0496502 -1.39
12.6274 0.242205 -1.31
16.1244 0.453603 5.46
16.2223 0.572341 5.53
16.3833 0.568111 5.52
240.467 1.32626 -7.33
240.524 1.41574 -7.28
239.978 1.43388 -7.33
245.469 1.81656 1.07
245.24 1.69368 0.799999
244.945 1.68248 0.830002
225.603 10.2767 -7.8
225.858 10.1449 -7.7
12.979 -0.00965232 -1.41
13.046 0.231207 -1.39
225.868 10.2963 -7.78
225.598 10.2579 -7.71
231.849 9.87755 0.920002
231.885 9.77424 0.690002
244.525 1.80722 0.990002
244.576 1.6391 0.959999
244.463 1.69893 0.810001
16.948 0.382682 5.21
16.9276 0.542438 5.39
16.7124 0.468482 5.41
230.991 9.94179 0.959999
231.233 9.76105 0.880001
20.7503 9.03983 -2.26
20.5998 9.08169 -2.06
20.9346 9.2359 -2.12
238.79 1.24521 -7.49
239.101 1.31287 -7.7
243.788 1.72046 0.950001
243.712 1.68075 0.720001
244.035 1.67606 0.779999
243.353 1.67501 0.709999
21.3781 9.19771 -2.27
224.229 10.1194 -7.89
224.161 10.2236 -7.84
224.431 10.262 -7.9
237.781 1.34755 -7.49
237.934 1.31698 -7.7
238.013 1.25046 -7.7
18.0504 0.497774 5.31
242.861 1.77134 0.93
242.952 1.74622 0.66
242.667 1.77265 0.720001
242.452 1.6987 0.66
21.5888 9.1391 -2.26
21.4299 9.15086 -2.2
21.3778 9.0802 -2.28
21.4207 9.2345 -2.22
236.975 1.36494 -7.57
236.963 1.44105 -7.58
237.23 1.23313 -7.52
237.243 1.39581 -7.42
222.835 10.122 -7.91
222.786 10.1801 -7.96
236.363 1.2635 -7.59
236.403 1.41028 -7.53
241.381 1.69651 0.799999
241.627 1.64834 0.66
241.077 1.6552 0.650002
222.098 10.1527 -7.91
222.188 10.1276 -7.93
228.204 9.83305 0.850002
228.354 9.90494 0.84
240.64 1.71596 0.84
240.804 1.72302 0.639999
240.527 1.54077 0.639999
234.69 1.31502 -7.74
234.483 1.38492 -7.63
220.633 10.1343 -8.1
220.745 10.0707 -8.27
19.5756 0.616922 5.2
234.125 1.26543 -7.64
234.195 1.40006 -7.71
239.075 1.68507 0.690002
239.208 1.58299 0.560001
238.676 1.65006 0.52
219.695 10.2613 -8.1
219.904 10.0777 -8.15
219.966 10.186 -8.27
219.876 10.0936 -8.32
219.454 10.2108 -8.4
16.2826 0.089309 -1.84
16.1944 0.121954 -1.79
233.311 1.2527 -7.68
233.373 1.361 -7.68
238.06 1.76859 0.600002
237.643 1.55209 0.440002
23.7112 9.18949 -2.49
23.7601 9.24886 -2.54
219.026 10.1879 -8.04
218.729 10.0517 -8.35
16.7604 0.0578017 -1.85
16.8591 0.0627906 -1.76
17.0276 0.202417 -1.81
20.4034 0.561055 5.04
20.5644 0.556825 5.08
237.273 1.73997 0.66
237.194 1.57146 0.490002
218.267 10.1396 -8.12
218.249 10.3107 -8.15
218.483 10.0998 -8.39
24.0672 9.0702 -2.58
27.2452 8.71755 4.67
231.451 1.33188 -7.73
231.129 1.34034 -7.86
236.261 1.83102 0.639999
236.328 1.60559 0.48
236.514 1.69169 0.690002
235.943 1.61951 0.369999
17.1654 -0.00212095 -1.93
217.463 10.1645 -8.16
217.386 10.2386 -8.12
230.63 1.29282 -7.87
230.447 1.21801 -8.07
235.694 1.66015 0.600002
216.799 10.11 -8.17
216.831 10.2266 -8.21
216.913 10.1714 -8.38
229.902 1.24369 -7.89
230.05 1.30804 -7.91
234.902 1.60895 0.470001
234.866 1.5985 0.310001
215.935 10.1516 -8.25
216.014 10.2026 -8.31
216.093 10.1399 -8.4
215.753 10.0806 -8.38
215.64 10.1404 -8.46
229.124 1.24517 -7.86
229.2 1.28488 -7.93
215.025 10.2627 -8.27
215.072 10.0833 -8.44
215.277 10.1196 -8.17
215.175 10.1033 -8.25
227.3 1.33479 -8
227.266 1.2106 -8.01
227.697 1.24476 -8.17
227.547 1.17288 -7.99
227.531 1.23018 -8.01
227.889 1.11841 -8.14
28.9175 8.66603 4.59
28.8866 8.78815 4.52
28.6759 8.84676 4.47
232.291 1.66995 0.369999
232.158 1.54077 0.260002
232.584 1.67362 0.25
232.596 1.59751 0.220001
231.958 1.63701 0.209999
232.867 1.52215 0.25
213.705 10.0661 -8.34
214.005 10.0962 -8.59
213.312 10.1675 -8.55
213.025 10.0688 -8.59
226.454 1.32292 -8.03
226.451 1.19788 -8.09
26.2697 9.17534 -2.73
26.1875 9.11306 -2.62
26.4171 9.12219 -2.63
231.532 1.62166 0.400002
231.6 1.63503 0.260002
231.245 1.64057 0.170002
231.193 1.56991 0.220001
212.957 10.0593 -8.29
212.795 10.0597 -8.51
218.924 9.70535 0.470001
218.94 9.87931 0.420002
225.831 1.18385 -8.06
226.006 1.22854 -8.31
225.631 1.28009 -8.3
225.544 1.08524 -8.31
226.197 1.21594 -8.33
225.311 1.29608 -8.36
225.123 1.20246 -8.36
230.721 1.62023 0.41
230.581 1.58598 0.190002
19.7938 0.11837 -2.19
212.098 10.1197 -8.3
212.144 10.2853 -8.3
30.5134 8.80607 4.41
29.9223 8.7799 4.54
224.816 1.26737 -8.14
224.6 1.30716 -8.34
225.041 1.25768 -8.45
225.063 1.10546 -8.14
225.042 1.14394 -8.14
229.866 1.57825 0.299999
229.698 1.5599 0.100002
229.473 1.80085 0.420002
27.5815 9.11055 -2.92
211.317 10.1099 -8.35
211.286 10.232 -8.38
211.268 10.0506 -8.69
224.09 1.222 -8.12
224.273 1.17929 -8.31
224.186 1.2157 -8.37
223.593 1.06826 -8.36
23.9936 0.641112 4.83
228.969 1.62076 0.279999
229.166 1.62697 0.0699997
229.346 1.57673 0.0400009
28.1852 9.18188 -2.91
27.9158 9.02974 -3.04
28.2486 9.17643 -2.92
223.106 1.29715 -8.24
223.331 1.17372 -8.15
222.519 1.17229 -8.16
24.757 0.586937 4.63
25.0248 0.500291 4.56
228.171 1.55074 0.139999
227.726 1.5814 -0.079998
222.261 1.29281 -8.27
222.13 1.28866 -8.45
221.86 1.25027 -8.46
221.71 1.17839 -8.23
221.722 1.10227 -8.46
31.5873 8.70203 4.31
222.822 1.20984 -8.48
25.0054 0.66381 4.71
227.28 1.61206 0.18
227.286 1.51713 0.139999
226.842 1.66907 -0.0200005
208.908 10.196 -8.41
209.153 10.0265 -8.42
209.144 10.1102 -8.74
209.453 10.0565 -8.67
221.301 1.10574 -8.44
220.838 1.18994 -8.5
222.707 1.1484 -8.48
25.4976 0.567478 4.54
25.4322 0.565407 4.67
226.479 1.64827 0.240002
226.465 1.71309 0.23
208.349 10.0514 -8.52
208.404 10.0159 -8.73
208.003 9.97333 -8.79
207.358 9.98648 -8.81
220.761 1.26398 -8.34
225.637 1.65144 0.119999
225.678 1.56696 -0.0400009
25.9432 0.536817 4.57
26.0078 0.652638 4.59
207.444 10.1776 -8.56
219.983 1.26547 -8.36
219.82 1.14466 -8.55
220.24 1.14119 -8.25
220.156 1.07137 -8.64
224.811 1.71484 0.150002
224.826 1.65001 0.130001
224.539 1.66892 0.0400009
224.43 1.51255 -0.0999985
22.6036 0.0748747 -2.52
22.7625 0.0631178 -2.42
225.061 1.56421 0.209999
225.082 1.63948 0.190002
219.255 1.33009 -8.24
219.064 1.34269 -8.34
219.231 1.24353 -8.55
30.106 9.20724 -3.11
30.1309 9.18005 -3.05
30.0863 9.25324 -3.02
219.486 1.11172 -8.37
219.515 1.2171 -8.53
224.123 1.69121 0.150002
224.274 1.64934 0.0400009
223.981 1.64567 0.0200005
206.283 10.0868 -8.5
206.353 10.2214 -8.47
23.019 0.0525863 -2.55
23.0507 0.283002 -2.44
22.5365 0.300301 -2.39
26.7192 0.527803 4.47
26.5904 0.531187 4.42
26.9074 0.621422 4.39
26.4513 0.614449 4.65
33.6452 8.75411 4.1
33.4947 8.79597 4.22
205.394 10.1556 -8.7
205.527 10.0498 -8.83
205.523 10.1522 -8.51
205.202 10.0469 -8.78
205.793 10.1906 -8.52
27.1783 0.546067 4.45
27.2474 0.794453 4.51
205.682 10.0267 -8.55
205.718 10.0372 -8.78
205.256 10.1251 -8.5
217.785 1.29289 -8.46
217.681 1.26908 -8.41
218.002 1.13935 -8.45
217.887 1.07791 -8.6
218.206 1.28942 -8.36
217.557 1.05626 -8.63
27.5668 0.543441 4.37
27.4132 0.574015 4.5
204.747 10.1612 -8.68
204.665 10.0989 -8.6
204.999 10.0181 -8.58
222.027 1.61739 0.0800018
221.762 1.59782 -0.139999
221.412 1.62218 -0.189999
24.3602 0.0931686 -2.61
27.9928 0.558787 4.38
28.1509 0.660779 4.4
216.679 1.04899 -8.44
216.556 1.18871 -8.42
216.603 1.00929 -8.66
216.758 1.2175 -8.67
28.132 0.593038 4.48
221.265 1.56158 -0.0599976
203.55 10.0562 -8.63
203.673 10.1478 -8.9
203.365 9.97388 -8.89
203.133 9.95722 -8.93
209.384 9.69063 0.200001
209.024 9.67736 -0.0400009
215.885 1.10778 -8.46
216.001 1.17675 -8.51
215.709 1.17683 -8.55
215.571 1.02883 -8.77
208.506 9.80088 0.200001
32.5501 9.13165 -3.35
32.6147 9.24747 -3.3
32.3174 9.11123 -3.25
32.2679 9.28312 -3.21
29.1842 0.527485 4.21
29.3632 0.704746 4.35
28.7784 0.701157 4.41
219.719 1.59843 -0.0499992
219.615 1.57462 -0.299999
219.533 1.51234 -0.32
219.904 1.4495 -0.360001
219.975 1.5879 -0.360001
202.115 10.0295 -8.71
201.76 10.035 -8.92
201.716 10.2257 -8.7
201.488 9.98907 -8.9
214.332 1.12204 -8.49
214.156 1.1911 -8.76
214.556 1.11236 -8.82
213.961 0.957386 -8.85
201.345 10.0573 -8.7
201.451 10.2061 -8.73
213.372 1.17 -8.67
213.422 1.11562 -8.81
213.201 1.02285 -8.82
212.835 1.10451 -8.54
218.276 1.54157 -0.0499992
217.859 1.67761 -0.0499992
217.724 1.42338 -0.34
217.33 1.5247 -0.380001
26.492 0.177425 -2.84
26.4025 0.0887947 -2.72
26.309 0.102623 -2.72
212.781 1.02632 -8.83
213.063 1.22739 -8.92
212.305 1.06536 -8.85
211.809 1.26415 -8.64
211.894 1.22021 -8.9
212.058 1.10976 -8.59
211.78 1.04502 -8.93
211.569 1.10363 -8.92
211.435 1.0882 -8.85
211.157 1.0197 -8.84
211.066 1.15857 -8.9
33.758 9.04305 -3.56
212.165 1.14486 -8.82
216.726 1.56712 -0.0999985
216.636 1.47849 -0.34
199.205 10.0604 -8.8
199.224 10.0144 -8.94
216.027 1.50209 -0.169998
215.887 1.58159 -0.18
37.5522 8.80689 3.87
37.8412 8.91302 3.98
198.539 9.99832 -8.87
198.774 9.91252 -8.97
27.0059 0.0426132 -3.12
27.2378 0.176784 -2.78
37.8159 8.70519 3.83
31.2639 0.541082 4.12
31.184 0.603835 4.2
31.4634 0.558587 4.17
210.591 1.08385 -8.61
210.508 1.25283 -8.62
210.67 1.13485 -8.82
215.251 1.51111 -0.18
215.026 1.52079 -0.439999
215.095 1.53415 -0.489998
197.892 10.004 -8.77
197.753 10.2047 -8.73
197.572 10.0199 -9.01
197.563 9.98983 -9.02
197.263 9.95981 -9.11
209.702 1.1527 -8.71
209.647 1.18826 -8.68
209.905 1.06775 -8.93
214.301 1.5967 -0.27
214.567 1.50253 -0.529999
28.0085 0.148953 -2.95
28.0109 0.273992 -2.96
31.7139 0.642987 4.06
31.7877 0.675166 4.12
197.12 10.028 -8.83
197.155 10.156 -8.78
197.207 10.1091 -9.05
196.583 9.96252 -9.15
196.478 10.0525 -9.05
202.773 9.71268 0.0200005
202.29 9.60786 -0.169998
38.5512 8.66691 3.77
213.58 1.57015 -0.259998
213.592 1.49404 -0.459999
196.333 10.1131 -8.8
196.347 10.0483 -8.8
196.614 10.0754 -8.78
196.104 9.99026 -9.04
195.762 10.0447 -8.72
208.147 1.15944 -8.78
208.257 1.08831 -8.74
212.831 1.5595 -0.32
212.958 1.43108 -0.489998
212.477 1.4513 -0.559998
195.634 9.93437 -9.17
207.459 1.13581 -8.72
207.321 0.987807 -9.01
195.088 9.95251 -8.83
194.902 9.98393 -8.96
206.62 1.15028 -8.8
206.448 0.999359 -9.06
206.765 1.08959 -9.11
206.278 1.08723 -9.07
206.979 0.924762 -9.01
206.143 0.950522 -9.12
211.269 1.5399 -0.380001
210.974 1.52869 -0.579998
210.671 1.37363 -0.649998
194.264 10.0234 -8.9
194.354 9.99832 -9.16
193.934 10.0018 -9.11
205.906 1.15007 -8.78
205.729 1.09785 -9.09
205.711 0.916359 -9.09
205.507 1.11506 -9.07
29.1782 0.156131 -3.14
29.2581 0.0933781 -3.07
210.577 1.50121 -0.360001
210.201 1.43149 -0.579998
193.548 10.0157 -8.88
205.21 1.09633 -8.8
205.129 1.27283 -8.8
205.051 1.10809 -9.12
192.893 9.99122 -8.9
193.041 10.0556 -8.81
192.756 10.082 -8.99
192.684 10.0574 -9.17
193.161 10.0221 -9.12
193.343 10.0931 -8.81
204.458 1.07439 -8.89
204.567 1.23453 -8.84
204.272 1.22332 -8.88
36.9917 9.00737 -3.71
36.9464 9.19432 -3.72
209.077 1.47239 -0.450001
208.935 1.54436 -0.470001
209.227 1.54427 -0.43
209.37 1.47606 -0.610001
203.775 1.06958 -8.87
203.706 1.16996 -8.92
203.406 1.13994 -8.92
33.7206 0.510657 3.85
37.4333 9.07917 -3.86
37.3409 9.09676 -3.67
202.988 1.15471 -8.85
203.19 1.17974 -9.24
203.431 0.999006 -9.21
30.5422 0.161996 -3.28
30.6639 0.249781 -3.22
30.3086 0.255323 -3.18
190.917 10.0014 -8.91
190.57 9.91957 -9.22
190.417 10.0677 -9.31
196.392 9.74386 -0.0599976
196.8 9.57772 -0.43
195.907 9.51777 -0.329998
201.818 1.03002 -8.86
201.925 1.06511 -9.11
201.605 1.19485 -9.25
201.305 1.05108 -9.19
34.9785 0.485189 3.74
35.1243 0.659532 3.83
201.035 1.01269 -9.01
200.698 0.968458 -9.25
205.538 1.45923 -0.549999
205.363 1.41453 -0.73
188.985 9.93468 -9
188.774 9.99329 -9.11
188.802 9.97739 -9.21
189.056 9.84182 -9.28
189.551 9.87053 -9.27
35.4306 0.594621 3.7
35.3591 0.687481 3.74
200.159 1.13046 -9.02
200.228 1.14382 -9.19
200.367 1.06056 -9.23
199.748 0.932777 -9.3
204.855 1.45441 -0.5
204.803 1.61501 -0.549999
188.194 10.0085 -8.99
188.234 9.9165 -9.34
187.911 10.0387 -9.22
187.685 9.80961 -9.21
199.476 1.12188 -8.96
199.563 1.20299 -9.02
35.8055 0.543071 3.79
35.8138 0.573179 3.83
204.164 1.41573 -0.5
204.116 1.36012 -0.77
204.402 1.45496 -0.799999
187.498 10.0685 -9.01
187.297 9.92975 -9.29
187.081 9.85203 -9.07
187.023 9.88007 -9.21
193.007 9.70013 -0.239998
192.862 9.64706 -0.259998
39.9994 9.20888 -4.06
198.041 1.09513 -9.15
197.865 1.04291 -9.12
198.315 1.03106 -9.35
36.6605 0.585053 3.59
36.9984 0.750557 3.71
202.691 1.48475 -0.559998
202.639 1.30034 -0.809998
202.276 1.39329 -0.880001
203.525 1.45146 -0.82
186.14 10.0852 -9.08
186.007 9.95606 -9.36
186.384 9.91204 -8.99
186.5 10.0985 -9.08
186.602 9.99729 -9.18
197.314 1.16351 -9.06
197.351 0.946457 -9.35
197.011 1.1222 -9.35
197.003 0.978344 -9.36
196.62 1.1173 -9.38
202 1.44983 -0.579998
201.844 1.47287 -0.869999
201.448 1.33164 -0.829998
201.152 1.43419 -0.880001
201.056 1.55424 -0.68
196.593 1.13696 -9.12
196.518 0.865995 -9.32
196.304 1.03083 -9.37
196.178 0.927989 -9.29
195.822 1.04728 -9.32
201.308 1.41114 -0.579998
184.96 9.92292 -9.03
184.971 9.96432 -9.28
185.255 9.93412 -9.28
195.883 1.14805 -9.07
195.618 1.12847 -9.34
184.164 9.97794 -9.06
183.846 10.119 -9.01
183.694 9.92204 -9.35
195.298 1.02695 -9.04
195.328 1.13608 -9.08
195.03 1.11359 -9.1
195.598 1.17448 -9.08
195.386 0.9943 -9.39
199.756 1.42917 -0.649998
199.952 1.54913 -0.579998
200.002 1.381 -0.970001
200.258 1.60173 -0.630001
183.426 10.0087 -9.06
183.549 10.1002 -9.09
38.4451 0.587447 3.52
38.6854 0.751726 3.62
194.582 1.01921 -9.06
194.473 1.0941 -9.26
194.719 1.04594 -9.42
182.746 10.0114 -9.08
182.735 9.97 -9.1
193.836 1.01985 -9.13
193.888 0.973001 -9.12
35.1536 0.298623 -3.7
35.3487 0.183561 -3.64
35.4413 0.283482 -3.63
35.3932 0.110364 -3.76
198.275 1.46809 -0.639999
198.053 1.37155 -0.869999
198.657 1.44288 -0.790001
197.652 1.32901 -0.939999
193.046 1.09369 -9.18
192.869 1.04147 -9.43
193.352 1.02878 -9.4
35.7008 0.166728 -3.69
197.479 1.52311 -0.73
197.139 1.23256 -0.889999
181.593 9.94693 -9.1
181.355 9.90769 -9.36
181.901 10.0071 -9.36
181.123 9.89103 -9.01
192.514 1.04701 -9.12
180.873 10.0417 -9.15
180.781 10.0592 -9.02
180.487 9.93429 -9.31
186.374 9.64314 -0.279999
186.329 9.48132 -0.5
191.864 1.04135 -9.17
191.884 1.11662 -9.15
196.294 1.45948 -0.75
196.39 1.33943 -1
196.523 1.58236 -0.529999
180.396 9.95941 -9.12
180.513 10.0284 -9.06
180.243 9.98999 -9.08
190.535 1.04593 -9.23
190.447 0.964829 -9.23
190.712 0.984405 -9.18
179.071 9.97528 -9.2
178.904 9.84318 -9.44
37.7813 0.0665765 -4.03
37.6475 0.168656 -3.79
189.988 0.946566 -9.23
190.035 0.998408 -9.46
194.233 1.51362 -0.73
194.545 1.35378 -1.02
193.765 1.46525 -1.03
194.925 1.32105 -0.93
189.226 1.0045 -9.22
189.144 1.05973 -9.44
188.893 0.857818 -9.53
188.606 0.990471 -9.23
188.706 1.11674 -9.24
177.13 9.99593 -9.17
177.081 9.93656 -9.19
177.244 9.93986 -9.37
187.865 1.00993 -9.29
187.865 1.00993 -9.25
188.27 0.950006 -9.47
192.29 1.40924 -0.77
192.107 1.33443 -0.970001
176.624 9.92583 -9.1
176.66 9.82252 -9.43
176.359 9.90625 -9.42
187.16 1.03983 -9.29
187.327 0.94067 -9.26
187.27 0.968706 -9.59
187.633 0.875758 -9.5
175.389 9.91658 -9.11
175.329 10.0508 -9.08
175.419 9.90821 -9.48
175.9 10.1193 -8.98
180.69 9.61808 -0.200001
181.814 9.45967 -0.59
174.677 9.92014 -9.22
174.728 9.98703 -9.2
185.204 1.00403 -9.3
185.181 1.03875 -9.34
189.461 1.49874 -0.809998
189.257 1.34867 -1.12
189.867 1.32507 -1.06
174.168 9.84251 -9.15
174.147 9.88099 -9.18
179.286 9.58295 -0.419998
179.308 9.54447 -0.439999
173.458 9.85359 -9.16
173.569 9.90374 -9.39
173.761 9.8949 -9.38
178.773 9.4865 -0.329998
179.081 9.42912 -0.559998
183.805 0.987723 -9.34
183.848 0.910763 -9.6
183.576 0.864843 -9.6
184.04 0.901923 -9.62
183.452 0.887044 -9.63
183.358 1.13213 -9.24
184.19 0.973808 -9.64
183.019 1.08038 -9.37
183.053 1.0833 -9.22
182.754 1.0608 -9.29
182.682 0.801126 -9.61
187.543 1.36716 -0.849998
187.437 1.33583 -1.06
186.86 1.36235 -0.880001
187.3 1.42662 -1.12
171.471 9.93991 -9.17
171.271 9.92241 -9.47
171.682 9.8813 -9.47
186.29 1.29393 -0.84
186.44 1.25207 -1.1
185.712 1.31669 -1.16
170.853 9.93341 -9.14
171.006 9.90283 -9.51
181.197 0.942501 -9.35
181.242 0.755555 -9.56
180.826 0.891592 -9.59
180.799 0.793743 -9.62
185.439 1.38452 -0.959999
185.305 1.48283 -0.860001
185.26 1.32101 -1.17
180.63 0.885378 -9.33
184.684 1.4688 -0.93
184.736 1.42195 -0.950001
184.436 1.39193 -0.950001
169.637 9.87815 -9.2
169.609 9.89405 -9.26
179.955 0.906908 -9.32
180.033 1.07165 -9.25
180.279 0.792226 -9.7
168.926 10.003 -9.21
168.964 9.90721 -9.45
169.17 9.82978 -9.11
168.459 9.84087 -9.47
38.969 0.255245 -4.07
39.1175 0.205854 -4.15
179.153 1.05686 -9.34
179.164 0.980746 -9.37
39.6662 0.312748 -4.11
39.696 0.186862 -4.01
183.511 1.45033 -0.809998
183.606 1.32276 -1.2
183.182 1.31494 -1.2
178.672 0.959565 -9.36
178.869 0.969543 -9.49
178.339 0.930391 -9.71
167.866 9.92468 -9.16
167.937 9.94557 -9.21
40.3683 0.271555 -4.21
40.5128 0.324622 -4.03
173.157 9.47103 -0.389999
173.324 9.37187 -0.619999
177.835 1.09907 -9.43
178.08 0.929632 -9.36
178.083 0.82341 -9.68
177.563 0.821892 -9.74
177.303 0.821134 -9.76
177.203 0.808618 -9.63
40.7628 0.173998 -4.23
40.8312 0.0698473 -4.2
40.5927 0.261869 -4.17
41.1699 0.121602 -4.2
41.1992 0.226978 -4.13
167.295 9.8525 -9.21
167.662 9.77461 -9.46
177.371 0.948244 -9.41
166.648 9.85813 -9.21
166.144 9.91307 -9.46
41.5877 0.224353 -4.3
41.522 0.104769 -4.21
180.758 1.46203 -1.07
180.95 1.33568 -1.24
180.556 1.31949 -1.22
181.226 1.27914 -1.19
180.171 1.21965 -1.13
39.0279 0.58351 3.45
39.0841 0.669222 3.57
39.2054 0.521982 3.5
39.797 0.783176 3.52
175.989 0.992149 -9.36
176.071 0.936923 -9.44
175.405 0.874811 -9.47
175.36 0.948009 -9.66
175.785 0.842079 -9.65
39.3687 0.642791 3.37
39.5192 0.600927 3.54
42.287 0.289382 -4.34
42.6648 0.13161 -4.41
179.498 1.47997 -0.889999
164.696 9.9549 -9.17
164.468 9.71827 -9.43
164.354 9.89186 -9.42
164.22 9.99394 -9.3
164.125 9.76898 -9.47
42.692 0.229459 -4.31
42.5519 0.308958 -4.31
174.043 0.993985 -9.43
174.053 1.03162 -9.42
41.2149 9.26414 -4.13
41.4851 9.30253 -3.94
173.428 0.998769 -9.41
173.477 0.940626 -9.44
173.52 0.981177 -9.64
173.201 0.883415 -9.41
43.0079 0.315931 -4.47
42.9998 0.403336 -4.31
177.736 1.32535 -0.989998
177.897 1.20737 -1.22
177.571 1.31829 -1.3
41.6325 9.24937 -4.16
172.81 0.992263 -9.41
172.876 0.880585 -9.66
173.256 0.961601 -9.71
40.4148 0.67217 3.41
172.108 1.03346 -9.42
171.846 0.907657 -9.73
172.693 0.923295 -9.75
43.8012 0.135871 -4.53
43.6177 0.29233 -4.31
44.0661 0.155447 -4.33
176.315 1.34752 -1.15
176.224 1.37264 -1.08
42.3741 9.23368 -4.22
42.4945 9.20019 -4.08
171.474 0.970497 -9.48
171.5 1.06458 -9.48
170.879 0.929274 -9.51
170.949 0.950163 -9.44
41.5657 0.611607 3.25
41.5665 0.497858 3.2
160.518 9.85997 -9.27
160.238 9.90521 -9.2
160.561 9.90052 -9.6
43.0236 9.35309 -4.22
43.0244 9.23934 -4.34
174.557 1.32546 -0.93
174.43 1.45388 -1.08
174.749 1.19911 -1.27
44.8332 0.347587 -4.54
44.8332 0.347587 -4.34
160.114 9.80614 -9.17
159.944 9.78026 -9.44
169.741 0.92125 -9.47
169.461 0.845223 -9.72
173.86 1.38547 -1.04
173.904 1.31227 -0.959999
159.447 9.85778 -9.22
159.406 9.711 -9.15
169.209 0.874571 -9.46
169.764 0.769021 -9.78
169.805 0.915795 -9.76
44.0975 9.24906 -4.38
44.1127 9.07048 -4.32
173.317 1.29739 -1.12
174.044 1.22901 -1.38
158.834 9.87009 -9.25
158.894 9.85334 -9.47
158.629 9.95128 -9.09
158.508 9.63223 -9.4
42.9514 0.578992 3.17
42.9642 0.741665 3.36
45.8893 0.179576 -4.55
46.1534 0.3129 -4.57
163.952 9.49678 -0.399998
163.829 9.40524 -0.669998
168.564 0.887728 -9.49
168.621 0.973441 -9.5
43.3121 0.709779 3.13
43.2631 0.65041 3.17
158.267 9.81296 -9.2
158.334 9.94007 -9.22
167.817 0.884606 -9.56
167.75 0.875007 -9.68
167.279 0.932859 -9.74
42.3658 8.73729 3.52
42.471 8.88237 3.62
42.0948 8.81264 3.46
167.099 0.983096 -9.46
166.6 0.821822 -9.44
166.665 0.823894 -9.77
166.436 0.814762 -9.69
166.344 0.953629 -9.46
156.867 9.9104 -9.18
156.663 9.76033 -9.45
157.152 9.77022 -9.48
156.411 9.78968 -9.15
47.0401 0.119012 -4.77
47.0309 0.202653 -4.63
166.645 0.98365 -9.37
42.7171 8.8342 3.51
156.285 9.9181 -9.2
155.802 9.81328 -9.17
156.146 9.65259 -9.4
165.153 0.984932 -9.47
164.875 0.802682 -9.81
169.28 1.36175 -1.14
169.641 1.26127 -1.29
155.219 9.81722 -9.21
155.14 9.88374 -9.42
155.517 9.83971 -9.44
46.7319 9.27462 -4.68
46.7848 9.23153 -4.57
46.6748 9.30265 -4.52
46.9481 9.35233 -4.41
164.642 0.896009 -9.52
164.495 0.835415 -9.78
154.731 9.81109 -9.16
154.579 9.96671 -9.17
154.64 9.83621 -9.4
47.0767 9.23144 -4.68
47.1888 9.16784 -4.63
47.3749 9.25393 -4.56
47.5133 9.40193 -4.53
168.261 1.3127 -1.02
168.162 1.42523 -1.1
168.242 1.24496 -1.25
47.3914 9.19663 -4.71
154.211 9.80958 -9.15
154.267 9.89529 -9.14
159.146 9.47522 -0.43
159.233 9.43881 -0.529999
158.769 9.40173 -0.639999
158.49 9.33323 -0.630001
47.6511 9.19739 -4.63
47.6833 9.19655 -4.66
167.751 1.22754 -1.1
167.578 1.30789 -1.08
167.507 1.28324 -1.28
46.5125 0.671185 2.89
46.6214 0.596296 2.82
153.604 9.8407 -9.21
153.681 9.77042 -9.21
154.135 9.65236 -9.44
162.956 0.898604 -9.55
162.495 0.872814 -9.36
49.8596 0.2269 -4.98
49.8528 0.435581 -4.83
167.069 1.34401 -1.06
167.119 1.28963 -1.26
166.961 1.18763 -1.41
166.591 1.258 -1.34
50.2277 0.384031 -5.08
50.4413 0.219199 -5.06
152.967 9.88397 -9.2
152.736 9.63605 -9.46
48.826 9.22339 -4.74
48.8778 9.17654 -4.77
162.111 0.894256 -9.75
166.556 1.24756 -1.06
152.38 9.87285 -9.24
152.347 9.86993 -9.2
152.427 9.69343 -9.41
152.62 9.91962 -9.12
161.864 0.821146 -9.5
161.969 0.966228 -9.49
165.969 1.23644 -1.04
165.744 1.35987 -1.03
166.059 1.21132 -1.37
161.146 0.9234 -9.44
161.117 0.818024 -9.53
165.211 1.30943 -1.12
165.192 1.24169 -0.989998
165.146 1.19361 -1.31
164.747 1.1586 -1.29
51.3754 0.312177 -5.07
51.3733 0.30465 -5.16
51.5885 0.378606 -4.93
151.287 9.79163 -9.17
151.045 9.61983 -9.48
152.058 9.65005 -9.38
49.9551 9.20131 -4.84
50.0258 9.22219 -4.88
50.1996 9.38064 -4.82
156.181 9.42801 -0.529999
155.695 9.3119 -0.66
51.7751 0.233437 -5.12
52.1327 0.352933 -5.02
50.3509 9.22502 -4.93
50.1446 9.4162 -4.87
50.6837 9.37171 -4.88
49.9769 9.16282 -4.74
160.579 0.866277 -9.47
160.475 0.842471 -9.76
160.271 0.6924 -9.74
52.1772 0.279736 -5.24
52.0867 0.187343 -5.25
52.3953 0.24747 -5.05
155.562 9.53526 -0.34
155.487 9.3818 -0.41
155.765 9.4503 -0.41
50.4496 9.23001 -4.96
50.8889 9.17677 -4.98
159.964 0.871061 -9.41
159.963 0.984809 -9.51
150.126 9.81456 -9.15
150.298 9.73422 -9.34
149.891 9.78661 -9.34
150.357 9.83122 -9.49
155.022 9.45847 -0.41
52.9613 0.183317 -5.25
52.9501 0.259432 -5.33
149.551 9.84861 -9.11
158.841 0.798212 -9.47
158.795 0.750134 -9.5
158.549 0.680787 -9.72
159.062 0.777236 -9.81
149.065 9.73249 -9.14
148.961 9.8262 -9.06
158.149 0.877039 -9.48
158.224 0.795469 -9.7
157.777 0.822367 -9.69
51.8314 9.29986 -5.03
51.9 9.31322 -4.97
148.302 9.90418 -9.16
148.398 9.78413 -9.45
147.932 9.73952 -9.09
157.554 0.835816 -9.5
157.524 0.844189 -9.43
157.805 0.920216 -9.48
147.658 9.68984 -9.41
147.259 9.65483 -9.42
160.964 1.31865 -1.03
161.227 1.21318 -1.27
152.191 9.4267 -0.369999
151.508 9.30437 -0.689999
156.255 0.945771 -9.49
156.298 0.986323 -9.5
146.731 9.85447 -9.08
146.86 9.73357 -9.16
151.56 9.48878 -0.399998
151.136 9.36721 -0.369999
52.7257 9.24982 -5.15
52.5707 9.15912 -5.12
53.0605 9.40404 -4.93
159.871 1.23743 -1.07
159.715 1.37422 -1.07
160.254 1.32973 -1.33
53.0403 9.21502 -5.14
53.0893 9.27439 -5.13
146.141 9.83206 -9.13
146.167 9.92615 -9.04
146.625 9.82313 -9.39
51.8497 0.618153 2.56
51.8144 0.607708 2.47
52.1544 0.780739 2.68
51.4688 0.764634 2.71
54.8407 0.293159 -5.36
54.9371 0.173109 -5.42
150.642 9.3385 -0.689999
155.195 0.867467 -9.46
155.236 0.78298 -9.69
154.922 0.935296 -9.28
155.029 0.85288 -9.76
154.928 0.722852 -9.83
53.4226 9.18981 -5.21
53.4474 9.16262 -5.17
53.5828 9.29933 -5.05
52.8649 9.28407 -4.96
145.588 9.82763 -9.05
145.586 9.8201 -9.13
55.2292 0.290534 -5.44
55.3415 0.344447 -5.31
154.78 0.776007 -9.29
154.529 0.805355 -9.76
55.6146 0.276618 -5.46
55.9481 0.309556 -5.54
56.1484 0.213312 -5.35
56.1965 0.386429 -5.49
145.021 9.7705 -9.08
144.862 9.78226 -9.3
145.22 9.78801 -9.37
144.792 9.64762 -9.39
144.628 9.64056 -9.46
149.256 9.37112 -0.470001
149.039 9.52466 -0.439999
153.325 0.909009 -9.4
153.22 0.763927 -9.69
153.426 0.6865 -9.69
153.681 0.789717 -9.68
54.6608 9.21035 -5.31
54.7158 9.17479 -5.3
54.8375 9.26258 -5.13
55.0258 9.35619 -5.29
55.1454 9.43645 -5.14
143.777 9.84489 -9.13
143.856 9.78214 -9.08
143.643 9.71571 -9.28
143.553 9.74083 -9.17
56.5193 0.26422 -5.6
56.4374 0.319446 -5.55
56.8437 0.3808 -5.37
152.76 0.859412 -9.42
152.588 0.708496 -9.68
156.69 1.34376 -1.01
156.825 1.1317 -1.35
156.402 1.12388 -1.29
156.292 1.195 -1.32
156.218 1.16282 -1.18
157.333 1.09182 -1.26
53.9045 0.65894 2.34
54.022 0.73167 2.48
54.155 0.74334 2.44
54.5789 0.751159 2.54
56.883 0.288785 -5.57
56.7625 0.322277 -5.45
152.156 0.901831 -9.41
152.416 0.788841 -9.43
152.047 0.745459 -9.69
55.4172 9.24735 -5.29
155.712 1.32774 -1
147.624 9.33438 -0.470001
148.068 9.2962 -0.709999
54.5608 0.569669 2.39
141.848 9.67568 -9.04
141.99 9.60371 -9.29
150.44 0.912798 -9.51
150.501 0.782304 -9.49
150.544 0.822855 -9.62
150.154 0.704205 -9.32
149.976 0.761969 -9.7
154.572 1.19468 -1.03
154.253 1.09692 -1.32
154.062 1.10952 -1.02
58.1315 0.229447 -5.54
58.0548 0.30349 -5.54
58.0081 0.36916 -5.46
58.4176 0.441804 -5.85
56.617 9.24615 -5.34
56.6222 9.26497 -5.2
150.413 0.7012 -9.64
149.449 0.734107 -9.69
153.572 1.33089 -1.09
56.9578 9.30543 -5.44
56.9015 9.21972 -5.49
140.52 9.79777 -9.08
140.424 9.68656 -8.99
140.583 9.67481 -9.26
54.3724 8.87296 2.73
54.1234 9.02735 2.81
57.3191 9.20496 -5.44
57.4636 9.25803 -5.32
149.344 0.82405 -9.4
148.793 0.823379 -9.28
59.2462 0.272188 -5.84
59.5632 0.362423 -5.64
58.992 0.407759 -5.54
153.283 1.22476 -1.06
139.962 9.77452 -9.04
139.752 9.71938 -9.25
148.738 0.741429 -9.34
148.465 0.695509 -9.4
148.552 0.772849 -9.65
148.34 0.710183 -9.62
152.679 1.26718 -0.959999
152.302 1.19369 -1.19
59.9742 0.207569 -5.84
60.4784 0.387659 -5.58
139.477 9.66217 -9.05
139.459 9.83322 -8.96
144.184 9.32621 -0.419998
144.315 9.44787 -0.41
148.139 0.806428 -9.38
147.997 0.760887 -9.67
147.653 0.807828 -9.6
138.883 9.74223 -8.95
138.862 9.66696 -8.95
151.457 1.18934 -1.11
151.608 1.26499 -1.04
151.589 1.19724 -1.27
59.1993 9.20105 -5.59
59.2309 9.43147 -5.39
61.0505 0.228575 -5.79
60.9549 0.234876 -5.92
60.9083 0.300547 -5.84
61.4651 0.320035 -5.85
138.301 9.74993 -9.05
137.949 9.64925 -9.27
147.025 0.763687 -9.38
147.12 0.757385 -9.34
59.5922 9.33099 -5.71
59.4975 9.22355 -5.53
59.6849 9.43091 -5.49
59.8423 9.18037 -5.69
59.4124 9.26748 -5.41
59.8687 9.39197 -5.43
60.0681 9.40947 -5.65
60.065 9.39818 -5.52
150.911 1.20748 -1.01
151.023 1.14388 -1.07
150.447 1.05665 -1.35
137.809 9.72875 -8.96
137.797 9.80486 -9
137.517 9.72883 -9.01
137.549 9.72799 -9.18
137.397 9.64858 -8.94
146.495 0.724535 -9.39
146.636 0.766312 -9.67
150.433 1.12148 -1.01
150.192 1.18846 -1.22
145.956 0.769025 -9.32
145.985 0.874401 -9.32
136.91 9.64621 -8.91
136.609 9.84745 -8.96
136.592 9.78724 -9.2
149.178 1.27575 -1.08
149.509 1.18365 -1.34
60.7184 9.41513 -5.75
60.6941 9.21106 -5.69
60.7153 9.40384 -5.53
60.4857 9.39471 -5.57
60.9674 9.26074 -5.56
60.2328 9.18527 -5.73
61.2452 9.44299 -5.59
136.363 9.66436 -8.92
136.327 9.76766 -8.98
59.5474 0.772257 2.06
59.8318 0.628314 1.95
141.11 9.23638 -0.309998
140.916 9.35521 -0.34
141.517 9.3015 -0.59
144.827 0.791108 -9.35
144.373 0.909174 -9.34
144.527 0.647339 -9.7
135.847 9.67413 -8.89
135.773 9.64195 -9.22
144.333 0.766164 -9.35
135.268 9.68936 -9.04
135.057 9.74797 -9.17
139.976 9.35716 -0.32
140.055 9.29064 -0.540001
139.577 9.32215 -0.16
143.764 0.819026 -9.33
143.781 0.761729 -9.34
143.89 0.804352 -9.48
143.592 0.66811 -9.57
143.401 0.680713 -9.34
147.67 1.21682 -0.989998
147.691 1.17834 -0.950001
147.92 1.06619 -1.22
64.0995 0.345594 -6.04
64.2275 0.455959 -6.01
64.409 0.291973 -5.94
139.702 9.42123 -0.299999
139.229 9.35404 -0.610001
142.999 0.751925 -9.63
142.845 0.896248 -9.2
62.5361 9.30293 -5.81
62.4301 9.2716 -5.64
62.7078 9.45385 -5.73
134.311 9.74861 -8.86
133.999 9.67719 -9.17
61.4056 0.689318 1.93
61.6043 0.820571 2
60.8284 0.829585 2.03
64.4632 0.370159 -6.13
139.049 9.29053 -0.27
64.8328 0.299792 -6.22
64.7017 0.178137 -6.18
63.2458 9.40559 -5.99
63.2851 9.31358 -5.94
142.24 0.703642 -9.35
142.296 0.789355 -9.34
142.087 0.620467 -9.55
63.605 9.29759 -5.9
63.3767 9.40974 -5.71
133.235 9.61009 -8.97
133.215 9.77361 -9.19
132.553 9.72655 -8.91
132.62 9.61487 -9.09
132.896 9.67585 -9.18
140.853 0.850006 -9.33
140.884 0.841633 -9.27
144.828 1.14741 -0.98
145.115 1.1285 -1.25
65.9051 0.423257 -6.29
65.9151 0.225867 -6.31
65.9174 0.350906 -6.04
132.128 9.59746 -8.83
131.986 9.66943 -8.93
132.338 9.6526 -9.11
132.412 9.68478 -9.07
131.814 9.51851 -9.14
66.2486 0.258805 -6.22
66.1824 0.370482 -6.14
66.4473 0.390058 -6.33
144.109 1.24214 -1.04
144.066 1.08783 -1.23
131.579 9.60431 -8.91
66.9853 0.341805 -6.37
66.8492 0.318845 -6.28
67.1502 0.235116 -6.35
66.6541 0.433907 -6.12
143.729 1.16112 -0.880001
143.066 1.10653 -1.21
131.051 9.6902 -8.84
131.08 9.79558 -8.86
130.895 9.59574 -9.08
67.3332 0.309918 -6.31
67.2261 0.274822 -6.12
67.5319 0.441172 -6.17
67.6042 0.234563 -6.35
139.238 0.873489 -9.29
139.015 0.769426 -9.21
65.7417 9.28315 -6
65.9737 9.41733 -6.05
67.6832 0.285559 -6.34
138.771 0.825118 -9.25
138.796 0.684179 -9.54
142.689 1.15056 -0.970001
143.005 1.23703 -0.98
68.0458 0.30636 -6.35
68.0262 0.352367 -6.29
68.3568 0.491527 -6.23
134.636 9.28515 -0.329998
134.95 9.24659 -0.48
63.4972 8.90996 2.15
63.3985 8.90497 2.12
63.7613 9.04329 2.28
62.8642 8.73325 2.21
138.279 0.807701 -9.23
138.291 0.617837 -9.53
137.712 0.633065 -9.59
66.5072 9.23651 -6.07
66.4635 9.19596 -6.19
129.491 9.67812 -8.91
129.411 9.74087 -8.89
129.727 9.82734 -8.87
129.833 9.62365 -9.12
130.196 9.64822 -9.15
137.716 0.765631 -9.27
137.472 0.586299 -9.55
66.8596 9.33719 -6.15
66.7111 9.38658 -6.05
66.6894 9.42506 -6.06
137.14 0.79215 -9.24
136.946 0.679714 -9.28
136.495 0.805307 -9.31
136.326 0.66568 -9.4
136.148 0.840957 -9.15
67.6295 9.4231 -6.18
67.4494 9.24208 -6.22
67.6785 9.48247 -5.92
127.937 9.57111 -8.8
128.007 9.70575 -8.8
127.696 9.63809 -8.98
66.5685 0.709103 1.54
66.9478 0.79012 1.81
132.449 9.23646 -0.25
132.306 9.06964 -0.369999
132.701 9.32462 -0.149998
132.258 9.24906 -0.470001
131.895 9.2245 -0.419998
68.0479 9.29459 -6.22
68.0366 9.37071 -6.06
135.451 0.783454 -9.14
135.145 0.734617 -9.48
126.773 9.70402 -8.74
126.801 9.68812 -8.79
67.2428 0.801323 1.46
67.2886 0.849401 1.61
67.546 0.725121 1.47
68.6547 9.37721 -6.28
68.5259 9.3806 -6.07
68.334 9.50695 -6.04
131.293 9.39196 -0.130001
130.463 9.20903 -0.470001
67.6968 0.800769 1.42
70.6087 0.424779 -6.63
71.0161 0.489896 -6.35
68.9518 9.39594 -6.43
69.1613 9.21606 -6.37
69.305 9.38287 -6.14
134.842 0.810819 -9.21
135.113 0.617951 -9.05
70.8766 0.338133 -6.61
71.3245 0.432511 -6.46
134.451 0.688405 -9.14
134.39 0.818899 -9.18
134.394 0.716441 -9.41
138.146 1.1448 -0.880001
138.302 1.12176 -0.959999
138.33 1.10586 -1.08
133.866 0.684816 -9.11
133.853 0.635891 -9.11
69.5471 9.43717 -6.38
69.6383 9.2983 -6.37
69.8257 9.50567 -6.17
71.5248 0.336267 -6.65
71.5392 0.271443 -6.67
71.3201 0.299945 -6.38
137.564 1.15251 -0.869999
137.631 1.04083 -1.11
138.026 1.06455 -1.14
69.9388 9.44583 -6.41
70.0893 9.40397 -6.16
69.7008 9.40659 -6.14
125.17 9.76891 -8.61
124.818 9.55448 -8.68
133.26 0.719707 -9.18
133.293 0.722624 -9.44
133.029 0.824324 -9.1
132.996 0.586382 -9.36
137.015 1.15936 -0.899998
137.036 1.12088 -0.82
137.27 1.02755 -1.08
124.681 9.64527 -8.91
124.568 9.7051 -8.69
132.768 0.70229 -9.11
132.749 0.748297 -9.12
132.511 0.709058 -9.42
72.3007 0.327253 -6.71
72.169 0.436859 -6.53
72.1285 0.407598 -6.49
72.4528 0.524177 -6.43
136.542 1.09217 -0.860001
137.057 0.961125 -1.12
72.6499 0.416642 -6.73
72.6861 0.313337 -6.52
132.296 0.635102 -9.17
132.153 0.707074 -9.42
132.542 0.586936 -9.38
71.1022 9.43043 -6.46
71.0729 9.32505 -6.47
71.5954 9.33786 -6.56
71.6059 9.3755 -6.46
71.3575 9.29862 -6.27
73.5351 0.450251 -6.85
73.6241 0.303857 -6.74
73.8084 0.499935 -6.66
73.855 0.434264 -6.6
74.3037 0.414893 -6.6
131.804 0.617684 -9.12
131.809 0.636502 -9.39
131.566 0.578445 -9.36
131.966 0.499706 -9.4
131.105 0.78768 -9.17
131.084 0.712411 -9.39
70.8776 0.808183 1.35
70.8058 0.783531 1.5
71.1393 0.816468 1.46
134.885 1.20014 -0.82
134.892 0.991463 -1.03
134.462 1.07858 -0.779999
135.258 1.02355 -1.14
122.634 9.74833 -8.64
122.371 9.73629 -8.97
72.3798 9.35896 -6.51
72.3028 9.31549 -6.57
134.234 1.07321 -1.17
122.296 9.58283 -8.67
122.142 9.72715 -8.63
122.42 9.79565 -8.57
72.7175 9.40695 -6.55
72.658 9.30994 -6.37
126.766 9.21139 -0.189999
126.983 9.29288 -0.0900002
71.6512 0.674129 1.28
71.7166 0.676201 1.31
72.1315 0.885174 1.48
121.657 9.73608 -8.65
121.853 9.62102 -8.59
74.981 0.400891 -6.8
75.1302 0.237751 -6.9
121.293 9.59024 -8.6
121.162 9.5861 -8.87
73.3376 9.42098 -6.55
73.4829 9.3603 -6.39
73.4288 9.28211 -6.71
120.842 9.60208 -8.53
120.669 9.68243 -8.59
120.98 9.75008 -8.5
120.812 9.61046 -8.86
120.427 9.51062 -8.62
73.6937 9.30169 -6.62
75.6624 0.401942 -6.87
75.7496 0.365533 -6.89
75.5532 0.359319 -6.74
75.919 0.39141 -6.73
76.1862 0.536025 -6.76
71.018 8.89433 1.73
71.0761 8.87006 1.82
71.307 9.00047 1.72
128.177 0.637169 -9.11
128.196 0.70491 -9.24
127.871 0.588331 -9.21
127.515 0.707623 -9.37
119.863 9.5823 -8.58
120.036 9.61947 -8.82
120.049 9.55088 -8.82
119.674 9.60243 -8.82
76.0093 0.366292 -6.92
131.3 1.1389 -0.82
131.281 1.18491 -0.759998
71.7361 9.0271 1.87
118.801 9.61022 -8.53
119.024 9.59677 -8.75
118.457 9.53965 -8.73
118.472 9.5961 -8.77
76.3313 0.357832 -6.96
76.6391 0.531708 -6.85
76.8499 0.473098 -6.77
118.213 9.59534 -8.57
118.386 9.75379 -8.48
126.01 0.65998 -8.91
125.926 0.590167 -8.88
125.756 0.56429 -9.24
74.6775 9.34029 -6.68
74.6835 9.24535 -6.75
74.3141 9.43323 -6.45
129.675 1.011 -0.82
129.569 1.09342 -0.73
129.858 1.19956 -0.799999
130.025 1.10039 -1.09
76.6627 0.383242 -6.98
125.48 0.620828 -8.89
125.549 0.63419 -9.18
74.9945 9.43052 -6.72
74.8822 9.37661 -6.55
75.2097 9.50448 -6.5
117.147 9.61197 -8.46
117.112 9.48778 -8.75
76.9816 0.363492 -6.94
77.2528 0.405648 -7.09
124.772 0.756953 -8.93
124.741 0.647813 -8.96
72.3539 8.9161 1.59
72.4934 9.06786 1.81
72.1434 9.09222 1.8
128.555 1.06319 -0.649998
128.579 1.14975 -0.66
128.196 1.05745 -0.869999
74.2149 0.6788 1.28
74.4437 0.801681 1.21
73.8777 0.865833 1.41
74.6869 0.859737 1.3
77.3182 0.40772 -7.01
116.556 9.70331 -8.5
116.554 9.57827 -8.48
116.718 9.58533 -8.76
116.251 9.54073 -8.44
116.208 9.50018 -8.66
124.23 0.790152 -8.91
124.647 0.540366 -9.21
127.948 1.09809 -0.77
127.5 1.00371 -0.98
77.6976 0.488736 -7.05
77.7766 0.539732 -6.9
77.6306 0.247877 -7.03
116.046 9.61815 -8.69
73.133 8.91837 1.67
73.2746 9.07766 1.81
76.1566 9.29384 -6.68
76.1964 9.43685 -6.7
75.9804 9.47665 -6.51
127.442 1.14549 -0.709999
127.131 0.960326 -0.880001
126.727 0.9065 -0.919998
78.1958 0.297473 -7.08
78.0421 0.328047 -6.86
115.696 9.64251 -8.5
115.881 9.72484 -8.43
114.959 9.442 -8.64
76.587 9.44176 -6.74
76.6616 9.36019 -6.58
123.419 0.674973 -8.84
123.52 0.687489 -8.93
123.239 0.611461 -8.98
123.19 0.665841 -9.19
75.5186 0.701411 1.1
75.3642 0.845734 1.16
78.5908 0.43494 -7.06
78.4953 0.441242 -6.86
126.526 1.11649 -0.689999
126.054 1.05307 -0.91
77.5468 9.3938 -6.82
77.3397 9.23243 -6.77
122.414 0.674855 -8.84
122.47 0.760568 -8.84
118.143 9.22944 0.16
118.349 9.15202 -0.119999
117.668 9.15473 -0.189999
121.235 0.751319 -8.86
121.302 0.525892 -9.09
121.004 0.620911 -9.11
121.192 0.71453 -9.25
120.902 0.604632 -8.7
121.641 0.577647 -9.17
124.989 1.0697 -0.599998
124.733 1.2015 -0.689999
125.057 0.965546 -0.939999
117.655 9.22332 0.190002
78.3122 9.34715 -6.82
78.3633 9.41404 -6.89
78.38 9.47426 -6.71
78.2491 9.47011 -6.67
78.6405 9.36127 -7.04
120.968 0.724216 -8.83
80.316 0.340331 -7.14
80.5553 0.500846 -7.01
112.939 9.52541 -8.26
112.95 9.44929 -8.52
112.621 9.66643 -8.31
120.334 0.661258 -8.85
120.042 0.543833 -9.03
78.7133 9.38968 -6.66
78.6743 9.59921 -6.7
79.1591 9.47653 -7.05
112.488 9.53725 -8.3
119.97 0.636693 -8.75
119.877 0.768034 -8.77
119.725 0.57111 -9.08
78.867 9.35911 -6.91
123.452 1.14418 -0.649998
123.404 0.971058 -0.82
112.015 9.58758 -8.32
112.043 9.45416 -8.62
112.245 9.47919 -8.58
119.586 0.53686 -8.79
119.568 0.707906 -8.87
79.1183 9.32976 -6.97
79.3992 9.5233 -6.77
79.5743 9.33673 -7
115.793 9.2912 0.190002
115.873 9.1147 0.0100021
115.327 9.13285 -0.079998
78.0483 0.816913 0.920002
77.6705 0.974685 0.93
115.258 9.23323 0.0900002
122.051 1.00283 -0.599998
122.037 0.953903 -0.849998
81.5022 0.290212 -7.29
81.0237 0.435468 -7.23
76.746 8.96371 1.44
77.1908 9.0468 1.57
117.913 0.588379 -8.75
118.285 0.525539 -8.97
117.275 0.741629 -8.81
109.518 9.47123 -8.21
109.706 9.56485 -8.44
109.707 9.4511 -8.48
116.894 0.539337 -8.74
117.202 0.595701 -9.01
82.2295 0.339342 -7.32
82.1413 0.371987 -7.32
80.5553 9.48155 -7.03
80.4241 9.3599 -7.03
80.3414 9.52887 -6.79
80.982 9.38315 -7.18
80.0419 9.3851 -6.76
82.5622 0.486028 -7.28
82.5952 0.371433 -7.37
109.009 9.50734 -8.23
109.077 9.63445 -8.24
77.8929 9.00561 1.41
77.9811 8.97296 1.32
79.8382 0.838125 0.880001
79.6544 0.877071 0.970001
116.364 0.613934 -8.66
116.299 0.733138 -8.61
116.008 0.619476 -8.97
81.2574 9.44036 -7.12
81.2011 9.35465 -7.13
108.563 9.538 -8.1
108.242 9.66774 -8.13
108.739 9.46895 -8.41
83.2434 0.369567 -7.28
83.2403 0.358277 -7.12
115.718 0.740839 -8.71
115.7 0.559349 -8.67
115.377 0.450296 -8.96
81.5878 9.46201 -7.14
81.6603 9.37291 -7.1
115.275 0.665278 -8.69
114.94 0.511065 -8.89
83.6392 0.393286 -7.38
83.4751 0.386225 -7.41
83.5149 0.529236 -7.25
84.1133 0.581749 -7.16
107.552 9.51907 -8.1
107.202 9.65718 -8.1
108.11 9.42481 -8.45
106.648 9.41772 -8.39
81.9606 9.40293 -7.08
82.0095 9.4623 -6.97
81.8205 9.48243 -6.99
114.833 0.593481 -8.6
114.888 0.671667 -8.6
84.0463 0.34089 -7.48
83.978 0.44504 -7.38
84.2977 0.311541 -7.38
106.929 9.61126 -8.2
106.916 9.56234 -8.16
111.257 9.19428 0.310001
111.067 9.09314 0.139999
111.553 9.09174 0.0800018
110.556 9.12173 -0.00999832
114.269 0.665161 -8.54
114.388 0.624142 -8.79
113.999 0.740516 -8.48
114.456 0.519992 -8.86
84.4702 0.348709 -7.52
84.7749 0.511295 -7.25
117.79 1.07687 -0.439999
117.514 1.01966 -0.759998
106.45 9.639 -8.04
106.314 9.72979 -8.11
106.386 9.52318 -8.28
105.97 9.65922 -8.09
106.019 9.60484 -8.04
110.297 9.24224 0.41
112.893 0.614134 -8.6
112.95 0.586098 -8.74
116.443 1.01747 -0.459999
116.278 1.12416 -0.369999
115.949 0.988759 -0.599998
83.5719 9.48191 -7.34
83.2693 9.32685 -7.16
83.2745 9.34566 -6.94
84.089 9.35839 -7.06
109.481 9.222 0.400002
109.399 9.15971 0.34
82.4538 0.795942 0.709999
82.5907 0.705153 0.709999
82.2888 0.902631 0.940002
112.574 0.516372 -8.48
112.668 0.737568 -8.58
112.415 0.528129 -8.76
112.666 0.49878 -8.82
104.94 9.45503 -7.98
104.95 9.61018 -8.05
112.018 0.618159 -8.52
112.07 0.571306 -8.69
112.21 0.491807 -8.68
111.833 0.418318 -8.79
85.8385 0.48714 -7.57
85.7904 0.314023 -7.59
85.6414 0.594675 -7.45
85.804 0.362947 -7.31
84.0641 9.38557 -7.21
114.997 1.06683 -0.43
114.896 1.05055 -0.360001
115.046 1.00868 -0.59
115.188 1.16797 -0.41
113.579 0.982776 -0.259998
82.9669 0.774879 0.75
82.9972 0.884018 0.860001
103.821 9.63226 -7.99
103.866 9.55906 -7.97
103.951 9.51513 -8.2
84.4068 9.33487 -7.28
84.3458 9.46537 -7.26
108.108 9.18602 0.380001
108.643 9.00897 0.139999
111.139 0.489618 -8.47
111.209 0.624256 -8.49
84.7455 9.38663 -7.26
84.7725 9.36696 -7.36
84.5225 9.51759 -7.12
103.319 9.57721 -8.03
103.445 9.56254 -8.22
103.112 9.5296 -8.14
103.04 9.62246 -7.93
102.885 9.41424 -8.14
102.746 9.49751 -7.92
84.0193 0.826839 0.630001
83.8543 0.933527 0.799999
84.2292 0.881978 0.799999
83.6965 0.949048 0.720001
112.983 1.0553 -0.279999
112.573 1.09641 -0.349998
112.746 0.902313 -0.59
112.106 0.934287 -0.52
82.3887 8.95952 1.24
82.3429 8.91144 1.21
82.0554 9.04409 1.31
102.082 9.44292 -7.89
102.078 9.66289 -7.9
102.199 9.39814 -8.2
87.5276 0.495836 -7.62
87.624 0.375786 -7.59
88.0258 0.304573 -7.67
106.163 9.18786 0.470001
105.847 9.10139 0.549999
109.089 0.581397 -8.38
109.151 0.68969 -8.44
101.45 9.61875 -7.92
101.09 9.37422 -8.16
100.753 9.56125 -7.82
108.583 0.628804 -8.35
108.567 0.45484 -8.34
108.646 0.505836 -8.63
108.269 0.549859 -8.54
112.142 0.944731 -0.259998
86.5956 9.39109 -7.35
86.6791 9.57465 -7.16
86.387 9.45723 -7.17
86.8116 9.3513 -7.11
105.223 9.18981 0.459999
105.519 9.08727 0.290001
83.9272 9.01008 1.13
84.0508 8.98788 0.970001
86.9862 9.39599 -7.34
87.0071 9.47126 -7.36
87.1247 9.54399 -7.2
111.636 0.992138 -0.209999
111.395 1.05912 -0.279999
111.555 0.933616 -0.470001
84.3833 9.01705 1.02
84.61 9.1324 1.18
87.4454 9.41426 -7.45
87.3708 9.49583 -7.17
86.3555 0.829905 0.48
86.8749 0.831422 0.720001
100.086 9.61289 -7.84
99.8125 9.5632 -8
99.7779 9.43901 -8.07
87.8601 9.50572 -7.5
87.9978 9.30118 -7.65
107.145 0.59076 -8.35
106.897 0.513886 -8.57
99.6659 9.50261 -7.86
99.8117 9.67695 -7.89
106.635 0.505601 -8.48
106.534 0.493085 -8.54
106.457 0.563365 -8.45
107.162 0.650975 -8.29
99.1373 9.58473 -7.86
99.3436 9.39356 -8.04
98.9146 9.36692 -8.03
109.573 1.03876 -0.299999
109.424 1.08815 -0.220001
109.19 0.94645 -0.220001
108.767 0.824882 -0.509998
88.6586 9.34447 -7.54
88.669 9.38211 -7.47
98.2802 9.53522 -7.77
98.165 9.58753 -7.97
90.7362 0.369837 -7.84
90.6134 0.27829 -7.86
90.8092 0.515765 -7.83
105.331 0.482989 -8.18
105.312 0.528997 -8.51
105.022 0.654123 -8.25
88.9672 9.4046 -7.52
88.8926 9.48617 -7.27
97.7464 9.59853 -7.74
97.7933 9.65037 -7.72
104.735 0.555515 -8.2
104.921 0.524095 -8.48
104.838 0.340533 -8.5
97.3349 9.51836 -7.71
97.4731 9.54885 -7.8
96.85 9.64104 -7.67
104.199 0.611295 -8.17
103.989 0.556156 -8.44
91.6838 0.51174 -7.84
91.6153 0.498378 -7.66
96.5317 9.42952 -7.6
96.5662 9.55372 -7.76
90.0052 9.52139 -7.61
89.9021 9.38383 -7.56
90.1204 9.46908 -7.43
89.4761 9.36848 -7.55
90.6668 9.45093 -7.34
106.75 0.919578 -0.130001
106.704 0.871499 -0.43
106.353 1.12336 -0.220001
107.274 1.05366 -0.200001
107.387 0.876314 -0.369999
92.0836 0.433 -7.84
91.9022 0.596986 -7.63
91.7328 0.571109 -7.58
96.0746 9.41879 -7.64
95.8942 9.58654 -7.63
95.8835 9.43139 -7.83
95.5772 9.4963 -7.71
95.389 9.40268 -7.88
89.397 0.803068 0.290001
89.2473 0.731183 0.34
99.7741 9.07518 0.740002
99.2654 9.22881 0.639999
87.723 9.01271 0.970001
87.6787 9.20342 1.14
87.4114 9.0588 1.17
90.8204 9.42036 -7.63
90.627 9.30792 -7.67
90.6036 9.5739 -7.4
90.8947 9.68756 -7.39
95.2966 9.42027 -7.56
95.0986 9.64156 -7.59
95.0068 9.42789 -7.72
91.2019 9.5089 -7.7
91.1589 9.3546 -7.63
91.4471 9.57448 -7.38
101.932 0.621591 -8.16
101.768 0.614531 -8.07
101.683 0.544717 -8.35
101.591 0.444797 -8.33
101.445 0.619227 -8.18
101.448 0.516769 -8.1
91.4781 9.45236 -7.63
94.3099 9.4879 -7.6
94.2269 9.53936 -7.7
93.5444 0.55384 -7.91
93.379 0.425504 -7.92
94.0855 0.516877 -7.79
98.3646 9.13875 0.700001
98.4208 9.22446 0.670002
101.117 0.491358 -8.08
101.284 0.509708 -8.29
100.973 0.555803 -8.31
90.6987 0.818152 0.330002
90.7248 0.912238 0.48
91.0126 0.897097 0.200001
90.2282 0.876003 0.560001
91.2037 0.884494 0.5
91.2599 0.970207 0.420002
93.7596 9.6085 -7.53
93.9017 9.53653 -7.55
93.8695 9.53738 -7.69
93.3313 9.46812 -7.76
97.8577 9.18239 0.73
97.4719 8.96128 0.630001
100.508 0.632471 -8.05
100.47 0.496988 -8.07
92.4121 9.54534 -7.76
92.4197 9.6892 -7.52
92.9294 9.53933 -7.49
92.8857 9.49878 -7.51
96.9778 9.1676 0.77
94.4937 0.468245 -7.93
94.556 0.459026 -7.81
94.1986 0.457042 -8.03
94.8939 0.62453 -7.82
99.6743 0.552009 -7.96
99.6088 0.549937 -8.07
99.9227 0.628882 -7.97
92.547 9.44702 -7.54
92.5854 9.46876 -7.63
94.8261 0.497419 -7.96
95.0264 0.401175 -8.03
95.0068 0.447182 -7.8
94.4529 0.321471 -8.07
95.3984 0.455847 -7.85
92.0019 9.58644 -7.44
91.7265 9.52923 -7.69
91.6535 9.38331 -7.49
98.6823 0.600815 -8.04
98.6583 0.514257 -8
95.2251 0.532428 -8.01
91.1207 9.45038 -7.42
91.1508 9.442 -7.36
92.4885 0.839364 0.279999
92.2063 0.990834 0.400002
97.8054 0.479801 -7.88
97.8242 0.547543 -7.89
98.1433 0.645305 -7.88
101.113 0.94259 0.0900002
101.184 0.84973 -0.130001
100.86 1.08192 0.0600014
100.851 0.816792 -0.16
90.3063 9.43766 -7.64
97.1844 0.579517 -7.91
96.9307 0.483826 -8.1
96.7396 0.496429 -7.83
96.7509 0.420315 -8.12
95.999 0.515887 -8.06
95.9883 0.360741 -8.08
94.2313 9.67193 -7.58
89.8141 9.53399 -7.27
96.6898 0.550809 -7.94
96.294 0.527091 -7.86
96.4016 0.330926 -8.13
89.196 9.52748 -7.33
89.1847 9.6036 -7.27
94.9602 9.49356 -7.81
95.5 0.354614 -8.03
98.7048 0.914872 0.100002
98.8886 0.875925 -0.0499992
98.847 0.8429 -0.0900002
98.9689 1.0482 0.16
88.4334 9.46791 -7.26
88.2611 9.54825 -7.22
97.8883 0.894625 0.200001
97.7783 0.96575 0.0800018
98.1658 0.493076 -8.14
98.035 0.488933 -8.09
93.8923 0.521953 -7.9
96.7966 9.4491 -7.95
96.9215 9.54817 -7.86
98.9065 0.473618 -8.25
98.9742 0.600728 -7.93
97.4231 0.971293 0.260002
97.5608 0.766755 0.0100021
97.0971 1.08221 0.119999
97.1239 9.45946 -7.98
99.2347 0.487738 -8.24
99.2596 0.460548 -8.24
97.4605 9.50368 -7.95
97.3213 9.46943 -7.89
86.2582 9.46061 -7.38
96.41 0.827319 0.110001
96.7945 0.927152 0.209999
95.9002 0.977184 0.25
95.0777 1.05187 0.25
93.1268 0.568602 -7.7
92.9687 0.46661 -7.88
91.9601 0.455202 -7.87
94.5145 1.0098 0.32
94.5515 0.792746 0.0699997
94.1813 1.09437 0.220001
94.1224 0.76611 0.100002
98.5773 9.55395 -7.74
90.9056 0.395715 -7.58
90.8393 0.507392 -7.61
91.1314 0.624817 -7.6
90.3335 0.554799 -7.64
90.1746 0.566556 -7.53
90.3592 0.41386 -7.82
90.0257 0.380923 -7.59
89.8948 0.37678 -7.79
98.5255 9.60081 -7.98
98.6135 9.45065 -8.01
83.5824 9.51954 -6.98
83.5771 9.50072 -7
100.671 0.522019 -8.29
100.789 0.59475 -8.03
89.8856 0.460421 -7.57
89.5335 0.477254 -7.75
89.5387 0.496071 -7.58
92.9258 0.778595 0.32
93.0393 0.953784 0.34
92.0045 0.84829 0.260002
91.8194 0.765961 0.240002
99.5402 9.51728 -7.79
85.8752 9.13328 1.2
85.3346 8.93898 1.05
98.0891 1.0334 0.23
88.3533 0.432442 -7.47
88.2703 0.483905 -7.42
100.242 9.47609 -8.05
100.234 9.44598 -8.05
102.395 0.419883 -8.32
102.495 0.546148 -8.36
81.2304 9.46002 -6.86
81.1453 9.50396 -6.87
102.847 0.415566 -8.37
102.757 0.440685 -8.46
86.5896 0.505316 -7.41
86.5815 0.592721 -7.38
86.3828 0.461468 -7.57
79.9186 9.52482 -6.86
86.1959 0.489125 -7.29
86.2789 0.437662 -7.28
103.676 0.477211 -8.43
103.691 0.533663 -8.47
101.797 9.5831 -8.05
101.756 9.55384 -7.96
79.1869 9.34312 -6.66
79.0717 9.39543 -6.78
99.8436 1.04417 0.0699997
104.017 0.422744 -8.48
103.77 0.584659 -8.16
102.426 9.51349 -8.19
101.091 0.863558 -0.0599976
84.8796 0.421352 -7.21
102.469 9.43653 -8.18
87.626 0.849598 0.600002
87.6066 1.01312 0.57
83.0504 0.492155 -7.11
86.7959 0.780426 0.510002
104.152 9.65391 -7.93
77.0575 9.3839 -6.69
76.9679 9.29527 -6.82
106.107 0.473976 -8.45
106.006 0.575209 -8.18
76.8543 9.58637 -6.71
82.6795 0.441246 -7.16
82.7313 0.394393 -7.18
106.845 0.560739 -8.33
102.292 9.03177 0.240002
102.507 9.10573 0.389999
102.222 9.24591 0.529999
105.645 9.54264 -8.25
105.569 9.38542 -8.27
81.4174 0.45166 -7.11
81.3323 0.495596 -7.07
107.815 0.550413 -8.6
107.82 0.56923 -8.39
108.138 0.659465 -8.34
74.9914 9.41923 -6.54
75.1938 9.33051 -6.66
78.8382 9.02247 1.57
79.0296 9.12738 1.53
78.4199 9.15098 1.63
105.433 0.848042 -0.27
105.241 1.09191 -0.0499992
104.921 0.990381 -0.0999985
74.0971 9.46926 -6.46
105.826 0.977983 -0.279999
105.934 0.89933 -0.329998
72.8078 9.38183 -6.44
78.8047 0.387621 -6.9
109.499 0.540291 -8.72
109.534 0.550736 -8.7
81.9365 0.801951 0.84
109.865 0.572383 -8.68
109.857 0.428527 -8.64
71.4815 9.51145 -6.32
108.358 9.61543 -8.39
77.2609 0.318244 -6.8
80.3657 0.752237 0.869999
80.371 0.771054 0.850002
80.5374 0.903154 0.959999
70.8187 9.46062 -6.29
76.7656 0.403285 -6.97
76.1651 0.343244 -6.93
108.984 9.65205 -8.44
70.5265 9.3432 -6.22
70.5153 9.41931 -6.2
74.1762 9.05397 1.72
74.1364 8.91096 1.61
73.8406 9.01351 1.81
70.187 9.40519 -6.33
109.26 9.59551 -8.37
109.162 9.47677 -8.48
75.1647 0.361944 -6.66
68.9445 9.3696 -6.08
68.9623 9.43358 -6.06
68.638 9.317 -6.14
110.059 9.43427 -8.49
109.993 9.54594 -8.25
107.303 9.08966 0.190002
107.194 9.04704 0.209999
107.066 9.16793 0.41
74.3639 0.398148 -6.7
74.15 0.445467 -6.78
110.832 9.53147 -8.53
110.859 9.51181 -8.5
110.604 9.76113 -8.24
76.9244 0.857814 1.05
76.9951 0.878702 1.22
73.5089 0.356166 -6.56
111.178 9.60957 -8.51
111.241 9.60412 -8.35
111.16 9.42808 -8.57
113.394 0.54791 -8.78
113.409 0.604361 -8.66
65.3886 9.29622 -5.82
65.3752 9.36481 -5.86
112.562 9.45568 -8.49
112.504 9.47995 -8.57
68.8875 0.41693 -6.28
68.9581 0.437818 -6.24
112.947 9.55551 -8.64
71.1498 0.854102 1.42
113.357 9.51441 -8.67
113.335 9.43538 -8.64
112.352 0.886121 -0.57
112.309 0.963082 -0.259998
67.7178 0.409752 -6.21
61.7376 9.46417 -5.68
61.8745 9.37339 -5.63
61.9054 9.25126 -5.83
61.4049 9.31749 -5.72
61.4274 9.16526 -5.81
69.6309 0.757535 1.57
69.6537 0.722818 1.44
69.7817 0.833183 1.61
65.559 0.345158 -6.07
65.5245 0.220965 -6.24
116.916 0.500856 -8.95
116.839 0.574899 -8.95
114.868 9.58087 -8.67
117.164 0.691479 -8.97
65.1323 0.443561 -6.03
68.2649 0.744143 1.68
68.0706 0.745456 1.43
58.9707 9.19568 -5.65
117.484 0.561743 -8.98
58.9118 9.33371 -5.52
58.9315 9.2877 -5.43
64.4059 0.280683 -6.09
64.9765 0.466609 -6.05
112.875 9.18209 0.0299988
113.063 9.27194 0.32
58.5657 9.25561 -5.36
58.5974 9.48602 -5.43
66.6994 0.713246 1.55
118.112 0.60212 -9.05
119.227 0.531112 -9.1
119.23 0.542402 -9.13
63.4244 0.367124 -5.9
63.2581 0.352537 -6.04
63.633 0.300987 -6.09
116.421 0.938435 -0.599998
116.323 0.933446 -0.709999
62.9767 0.390258 -5.88
62.6388 0.224755 -5.97
117.827 9.60926 -8.81
117.723 9.58545 -8.66
56.9204 9.28746 -5.25
56.934 9.33639 -5.27
117.195 0.921894 -0.689999
117.244 0.981263 -0.779999
117.314 1.1159 -0.450001
62.1892 0.357875 -5.89
62.1125 0.431918 -5.78
56.2316 9.26007 -5.25
56.1203 9.20992 -5.36
117.695 0.969419 -0.75
118.173 1.05542 -0.48
118.754 9.55838 -8.77
118.728 9.46429 -8.81
116.002 9.11132 -0.130001
119.221 9.60675 -8.53
61.1701 0.308832 -5.74
55.4692 9.31801 -5.16
55.3653 9.2942 -5.2
118.061 1.00151 -0.720001
60.6996 0.366684 -5.75
60.5041 0.24672 -5.9
58.6003 8.91351 2.57
58.6739 8.82818 2.44
58.8103 8.96865 2.63
59.0271 8.81511 2.31
118.409 0.969624 -0.739998
63.368 0.747697 1.95
63.5801 0.810363 1.94
63.5984 0.64308 1.77
116.529 9.13918 -0.0999985
116.474 9.17474 -0.130001
117.157 9.18332 0.200001
119.51 9.71288 -8.55
59.9268 0.386988 -5.63
60.0886 0.269009 -5.82
118.721 1.0448 -0.809998
121.917 0.521108 -9.04
121.867 0.575488 -8.86
59.2035 0.2354 -5.63
56.6599 8.93417 2.66
56.9683 8.87678 2.54
122.295 0.715873 -9.17
122.162 0.704204 -8.92
122.592 0.499579 -9.13
52.7278 9.25735 -5
51.3172 9.31716 -4.84
51.3348 9.26362 -4.84
119.842 0.992614 -0.739998
119.906 0.87341 -0.689999
59.0642 0.667435 2.19
59.0123 0.714288 2.07
58.5492 0.798484 2.19
54.0151 8.87097 2.76
55.7434 0.273234 -5.32
121.494 9.61527 -8.86
121.44 9.53709 -8.83
53.3585 8.84273 2.88
53.498 8.9945 2.85
121.812 9.59176 -8.84
121.859 9.52609 -8.83
55.0515 0.234549 -5.25
55.0975 0.40014 -5.25
57.9984 0.684063 2.35
57.9929 0.547734 2.08
58.4605 0.596104 2.06
121.221 0.933655 -0.860001
121.598 0.889632 -0.790001
52.5411 8.93623 2.88
52.5804 8.84422 2.83
56.7292 0.785645 2.29
56.5598 0.759768 2.36
56.4567 0.622213 2.16
48.4459 9.25612 -4.62
48.5333 9.33722 -4.62
48.5278 9.2009 -4.72
48.1592 9.27503 -4.8
53.4891 0.214943 -5.15
53.3823 0.297359 -5.19
123.145 9.71974 -8.97
123.028 9.53327 -8.93
120.328 9.1531 -0.209999
120.609 9.11538 -0.18
119.887 9.31633 0.0699997
123.446 9.63602 -8.88
123.442 9.73847 -8.62
55.1915 0.621336 2.27
126.218 0.707592 -8.96
46.3031 9.36549 -4.47
46.2261 9.32202 -4.41
120.734 9.21445 -0.139999
49.6991 8.98058 3.19
49.6698 8.8752 3.15
51.201 0.384994 -5.06
50.9028 0.362501 -4.91
126.362 0.643147 -9.21
126.38 0.589613 -9.21
50.5256 0.289012 -4.92
50.4355 0.431643 -4.89
124.452 9.52239 -8.9
124.282 9.61026 -8.68
124.211 9.70312 -9
126.693 0.668558 -9.2
126.77 0.594515 -9.26
127.101 0.502413 -9.26
45.1604 9.33865 -4.47
45.019 9.29687 -4.28
127.139 0.637897 -9.33
127.411 0.683817 -8.97
127.698 0.782425 -9.02
53.0466 0.72318 2.57
53.0639 0.552134 2.47
52.811 0.80898 2.56
122.057 9.19106 -0.23
121.945 9.13714 -0.279999
125.171 9.65516 -8.89
125.127 9.6146 -8.94
44.9564 9.18858 -4.29
124.655 1.03676 -0.84
43.5323 9.19946 -4.22
43.4142 9.35799 -4.2
46.8576 8.79366 3.26
47.1527 8.80486 3.16
51.2266 0.710341 2.71
50.9428 0.623024 2.56
47.938 0.315295 -4.74
47.8694 0.301933 -4.7
123.12 9.16314 -0.189999
123.498 9.12288 -0.34
49.7692 0.718304 2.83
49.7046 0.602484 2.72
126.665 9.54765 -8.96
126.779 9.60909 -8.99
128.906 0.693825 -9.22
128.824 0.749051 -9.01
129.042 0.48176 -9.27
129.111 0.847659 -9.04
41.756 9.22717 -4.14
41.3594 9.3172 -4.06
126.985 9.53166 -8.97
129.292 0.566161 -9.3
129.267 0.7071 -9.23
46.2228 0.212513 -4.69
46.3401 0.167732 -4.57
46.5914 0.138383 -4.78
49.0647 0.634458 2.86
49.1831 0.59344 2.66
48.8351 0.625326 2.71
49.5938 0.787359 2.83
129.554 0.691959 -9.23
129.601 0.626288 -9.41
45.3931 0.378366 -4.45
45.4669 0.410545 -4.54
48.3294 0.672733 2.94
48.0375 0.67282 2.8
127.008 1.10004 -0.739998
127.316 1.1564 -0.66
129.912 0.693943 -9.3
129.962 0.525814 -9.3
129.92 0.72405 -9.1
124.85 9.20109 -0.329998
124.388 9.28905 -0.0299988
44.0768 0.310593 -4.43
130.333 0.576723 -9.34
130.456 0.66827 -9.37
128.345 9.7575 -9.04
128.507 9.63952 -8.95
128.315 9.76587 -8.75
130.743 0.535617 -9.41
130.852 0.691989 -9.38
42.9433 0.200111 -4.26
42.8446 0.195122 -4.37
131.066 0.530921 -9.37
42.3118 0.262192 -4.2
42.232 0.324945 -4.2
129.468 9.71284 -9.08
129.346 9.62505 -9.12
129.094 9.65064 -8.89
41.2376 0.714998 3.41
41.3167 0.765994 3.46
39.6368 0.673657 3.33
43.6138 8.90921 3.53
43.6716 8.76742 3.33
41.6861 9.09254 -4.21
47.5561 8.97243 3.32
42.7888 9.32514 -4.13
42.6411 9.26078 -4.3
43.3629 9.17358 -4.35
133.659 0.754716 -9.36
133.856 0.647181 -9.48
134.136 0.723209 -9.14
44.3603 9.26111 -4.3
44.3085 9.30796 -4.36
131.842 9.61636 -9.18
130.892 0.952512 -1.05
130.995 1.09007 -0.75
45.1447 9.2822 -4.44
45.5737 9.30884 -4.39
45.429 9.13826 -4.49
50.9725 8.89405 3.07
50.9597 8.73137 2.98
52.3199 8.95721 3.01
51.8322 8.71982 2.89
132.881 9.85442 -8.77
52.7218 8.886 2.9
132.57 9.78677 -8.81
47.9859 9.35161 -4.56
133.445 9.55148 -9.09
133.584 9.69948 -9.14
133.412 9.66608 -8.91
135.921 0.725603 -9.47
135.846 0.572148 -9.44
40.0054 0.599527 3.32
133.977 9.82942 -8.9
55.2462 8.98268 2.81
54.8316 8.89122 2.72
134.391 9.68586 -9.17
134.371 9.73186 -9.19
50.8415 9.35619 -4.79
51.6395 9.42621 -4.76
51.6523 9.1226 -5.09
135.18 9.60826 -9.18
135.087 9.7396 -8.9
135.349 9.86539 -9.03
57.3291 9.00757 2.71
137.528 0.789525 -9.18
52.0858 9.2818 -4.86
52.0647 9.08902 -5.05
52.2636 9.33778 -5.12
135.417 9.76124 -9.26
135.533 9.59519 -9.22
137.749 0.768549 -9.51
44.6773 0.83692 3.22
44.7716 0.709343 2.95
44.3674 0.655516 3.23
45.053 0.671621 3.17
59.4365 8.88775 2.61
54.4545 9.40153 -5.1
54.3899 9.28571 -5.24
45.1216 0.684983 2.99
55.4962 9.29834 -5.24
136.221 0.986884 -1.14
136.136 1.03082 -1.13
140.114 0.755715 -9.46
140.264 0.713851 -9.33
138.11 9.76253 -9.22
138.109 9.87628 -8.96
56.2504 9.32781 -5.19
56.4423 9.20146 -5.48
137.602 1.05673 -1.08
57.7662 9.41309 -5.32
57.7919 9.27215 -5.48
138.878 9.60966 -9.24
138.525 9.74024 -9.28
138.61 1.18189 -0.93
140.001 9.68251 -9.32
139.982 9.61477 -9.32
139.1 1.07803 -1.07
138.922 1.2533 -0.889999
139.45 1.16742 -1.21
137.126 9.25765 -0.5
137.21 9.32746 -0.579998
136.633 9.35021 -0.279999
139.761 1.12132 -0.98
142.686 0.672981 -9.54
142.748 0.663762 -9.48
142.57 0.839038 -9.26
50.2805 0.807227 2.81
50.0868 0.577278 2.67
140.881 9.6973 -9.31
140.925 9.62034 -9.3
61.1857 9.34599 -5.79
141.564 9.70212 -9.3
141.298 9.9138 -8.99
143.827 0.696058 -9.54
144.207 0.663326 -9.57
141.607 0.993221 -1.19
141.431 1.17602 -0.91
68.2406 9.05449 2.09
68.1623 8.88975 1.87
142.834 9.72181 -9.34
142.797 9.70384 -9.36
62.8395 9.34424 -5.85
46.6531 0.360425 -4.64
142.712 1.1196 -1.1
63.689 9.24989 -5.94
142.724 1.161 -0.959999
146.315 0.661023 -9.58
146.292 0.69574 -9.6
144.365 9.62851 -9.33
144.459 1.21778 -1
147.293 0.677041 -9.63
147.201 0.815908 -9.7
145.363 9.71603 -9.38
142.419 9.27781 -0.57
142.778 9.40483 -0.32
55.3279 0.761809 2.43
145.413 1.03349 -1.27
148.708 0.749802 -9.64
66.2459 9.46325 -5.84
50.1277 0.257766 -4.87
145.837 1.0413 -1.23
145.935 1.16004 -0.939999
146.221 1.25489 -0.989998
49.5284 0.319001 -5
49.4646 0.0894322 -5
66.9973 9.59893 -6.12
66.9769 9.2924 -6.21
67.3562 9.37342 -6.04
147.969 9.75749 -9.4
147.445 9.85467 -9.1
67.868 9.23108 -6.28
148.716 9.76062 -9.41
148.691 9.78781 -9.14
50.8599 0.208201 -5.11
151.179 0.654552 -9.68
150.776 0.839514 -9.46
149.084 9.68649 -9.46
149.294 9.74162 -9.3
149.217 9.92942 -9.16
68.5644 9.40233 -6.21
151.474 0.783267 -9.72
151.388 0.940952 -9.38
74.6686 9.07515 1.69
151.76 0.878112 -9.7
51.8354 0.216691 -5.11
75.6566 9.12881 1.65
75.2045 9.01937 1.48
150.352 9.8124 -9.14
149.52 1.22128 -1.02
152.726 0.735219 -9.61
153 0.906178 -9.37
52.7341 0.299225 -5.1
52.6718 0.308444 -5.16
59.7831 0.686457 2.06
71.1873 9.38649 -6.33
151.662 9.74008 -9.41
151.831 9.76596 -9.44
151.757 9.73378 -9.16
78.334 8.84238 1.37
154.177 0.704676 -9.8
154.015 0.822655 -9.73
154.318 0.863965 -9.42
78.0903 9.01558 1.59
152.041 9.8211 -9.22
72.2834 9.47901 -6.34
72.1161 9.46066 -6.47
71.9559 9.35114 -6.41
71.8913 9.23532 -6.48
154.621 0.901512 -9.36
154.015 0.822655 -9.51
61.6758 0.727711 1.88
54.7897 0.226263 -5.27
151.326 1.1852 -1.01
155.427 0.770377 -9.44
72.9586 9.45748 -6.36
73.0361 9.26968 -6.62
151.946 1.19923 -1.24
151.807 1.16498 -1.26
55.6334 0.34436 -5.29
80.4422 9.0751 1.5
80.5915 8.91196 1.25
73.9722 9.37019 -6.58
150.311 9.4306 -0.43
154.222 9.84721 -9.44
153.992 9.83808 -9.18
75.6613 9.37889 -6.62
75.5718 9.29025 -6.8
154.347 9.83254 -9.43
154.479 9.72293 -9.48
153.573 1.09963 -1.25
153.655 1.16192 -1.25
157.075 0.86356 -9.64
82.9188 9.11618 1.33
82.7366 8.92763 1.13
155.447 9.70508 -9.49
65.7014 0.856985 1.71
65.8299 0.736089 1.66
83.572 9.01562 1.32
77.2766 9.3554 -6.62
156.2 9.73078 -9.47
155.728 9.7811 -9.18
66.5127 0.858415 1.75
66.2454 0.7138 1.59
84.5173 9.03248 1
153.549 9.29623 -0.59
154.087 9.47924 -0.439999
157.75 9.70522 -9.45
157.692 9.84701 -9.47
157.749 9.81897 -9.24
85.4679 9.06816 1.17
158.102 9.8059 -9.47
158.048 9.72772 -9.48
61.2648 0.41628 -5.7
157.354 1.2846 -1.08
157.079 1.22739 -1.07
161.471 0.691205 -9.85
161.396 0.886524 -9.77
161.42 0.859334 -9.49
159.303 9.69096 -9.44
159.226 9.87875 -9.48
159.669 9.72305 -9.51
159.693 9.80961 -9.28
87.486 8.97723 0.959999
86.9198 8.92387 0.950001
162.246 0.79594 -9.76
70.0464 0.735247 1.32
159.961 9.84048 -9.19
62.8199 0.409542 -5.84
162.396 0.867825 -9.68
63.1739 0.282724 -5.97
82.8012 9.50974 -6.91
82.8049 9.28977 -7.21
162.826 0.780712 -9.81
71.269 0.699335 1.28
157.463 9.37159 -0.649998
157.574 9.42174 -0.399998
157.856 9.50153 -0.43
90.0511 9.10318 1.02
89.8982 9.02 0.760002
160.642 1.20959 -1.32
160.582 1.22634 -1.4
163.9 0.794192 -9.76
163.934 0.918385 -9.46
163.626 0.858257 -9.45
72.181 0.713281 1.24
72.6245 0.675093 1.23
64.6708 0.300259 -6.03
161.08 1.26634 -1.12
91.3893 9.24998 0.959999
91.9478 9.04197 0.709999
162.297 9.84354 -9.43
162.21 9.76244 -9.48
162.013 9.86997 -9.18
162.581 9.93086 -9.03
73.0135 0.907493 1.4
73.0753 0.663249 1.21
65.7389 0.40867 -6.08
164.782 0.816511 -9.79
92.1006 9.12515 0.93
85.5997 9.54236 -7.13
85.422 9.48637 -7.37
85.3024 9.40611 -7.12
85.7697 9.33697 -7.37
162.704 9.79115 -9.49
162.623 9.73262 -9.51
162.286 9.91966 -9.14
163.095 9.79605 -9.43
165.63 0.832149 -9.74
165.528 0.933382 -9.69
165.995 0.86424 -9.76
166.066 0.885129 -9.43
163.931 9.8878 -9.17
94.0162 9.13169 0.790001
94.0741 8.9899 0.709999
87.2572 9.32064 -7.42
161.529 9.41261 -0.619999
161.616 9.49372 -0.389999
165.066 9.88453 -9.41
165.148 9.82931 -9.53
89.4971 9.44375 -7.39
165.445 9.84804 -9.42
165.536 9.70917 -9.43
165.806 9.86508 -9.43
165.96 9.71699 -9.45
77.7365 0.745495 0.940002
69.5378 0.42259 -6.29
69.3692 0.282964 -6.56
166.193 9.97244 -9.17
166.565 9.79585 -9.48
166.484 9.73732 -9.47
169.066 0.94278 -9.77
169.059 0.916436 -9.72
97.6148 9.24185 0.709999
166.176 1.28029 -1.29
71.2185 0.401178 -6.58
79.0094 0.890228 1.02
79.3112 0.692751 0.830002
167.563 9.88337 -9.47
167.662 9.88836 -9.21
167.385 9.82739 -9.2
79.8756 0.856096 0.740002
165.087 9.37977 -0.689999
165.409 9.48506 -0.389999
165.398 9.44742 -0.689999
72.4806 0.390765 -6.7
167.927 1.27977 -1.42
167.668 1.16526 -1.42
167.884 1.35673 -1.08
171.15 0.853918 -9.68
170.674 0.892953 -9.46
93.2069 9.60407 -7.46
92.9355 9.4444 -7.73
93.7187 9.46173 -7.8
165.745 9.41177 -0.66
73.024 0.478841 -6.52
73.2649 0.411858 -6.8
171.887 0.82317 -9.73
100.996 9.15302 0.57
101.052 9.00371 0.420002
170.02 9.85295 -9.49
169.907 9.91654 -9.17
73.5338 0.328976 -6.54
101.925 9.11343 0.610001
102.007 9.0582 0.330002
169.754 1.31518 -1.06
170.772 9.87488 -9.44
168.18 9.41983 -0.709999
168.473 9.4235 -0.559998
167.926 9.5554 -0.360001
167.631 9.5442 -0.48
171.391 1.25322 -1.3
171.484 1.12188 -1.39
171.631 1.29999 -1.08
174.686 0.855789 -9.75
174.641 0.928986 -9.72
172.488 9.86392 -9.46
172.485 9.85263 -9.38
171.796 1.1933 -1.29
171.902 1.11088 -1.26
171.931 1.33001 -1.05
172.206 1.38722 -1.07
175.091 0.795867 -9.72
175.066 0.823057 -9.75
98.8716 9.6789 -7.76
77.4792 0.40349 -6.9
170.083 9.3812 -0.790001
170 9.55018 -0.439999
173.189 9.93647 -9.44
173.116 9.79055 -9.47
172.513 1.20856 -1.21
172.59 1.36578 -1.24
175.787 0.849606 -9.35
172.918 1.26238 -1.32
172.901 1.31968 -1.31
173.974 9.84382 -9.43
176.508 0.993667 -9.64
176.344 0.986607 -9.44
176.664 0.97062 -9.25
176.975 1.03827 -9.31
101.042 9.66738 -7.81
174.388 1.18583 -1.25
171.843 9.41079 -0.599998
172.244 9.45332 -0.75
172.405 9.56661 -0.43
110.857 9.27302 0.360001
110.571 9.17818 0.310001
175.721 9.94199 -9.36
175.735 9.75965 -9.54
175.986 9.96157 -9.42
176.122 9.87078 -9.4
111.76 9.2531 0.209999
104.339 9.39499 -8.22
179.485 0.85101 -9.71
179.74 1.06798 -9.37
179.859 0.795697 -9.67
179.9 0.828722 -9.67
105.272 9.71547 -8.04
104.893 9.5207 -8.32
177.984 9.79913 -9.42
178.117 9.92831 -9.36
177.712 9.98823 -9.36
83.0159 0.367962 -7.38
180.517 0.945213 -9.58
180.527 0.982848 -9.58
114.281 9.33849 0.27
113.998 9.25117 0.240002
177.411 1.20877 -1.21
178.434 9.90103 -9.35
178.565 9.90518 -9.3
181.293 0.9362 -9.59
83.7921 0.47646 -7.24
178.292 1.34483 -1.21
178.351 1.20681 -1.2
85.0082 0.300456 -7.53
108.356 9.60791 -8.28
181.845 0.940635 -9.54
181.808 0.805151 -9.6
107.932 9.60009 -8.22
93.9004 0.900834 0.420002
93.7559 0.847767 0.16
178.952 1.26685 -1.16
178.774 1.21087 -1.35
178.721 1.37147 -1.03
182.247 0.869422 -9.63
182.159 1.01958 -9.42
182.459 1.0496 -9.39
85.4809 0.367644 -7.51
85.3409 0.447142 -7.38
94.991 0.857016 0.0400009
96.145 0.807743 0.0299988
87.5538 0.589922 -7.4
87.2294 0.473343 -7.42
119.626 9.19429 0.16
120.106 9.17407 -0.299999
184.498 0.916423 -9.57
184.7 1.05897 -9.6
182.148 9.84514 -9.31
182.175 9.82548 -9.32
184.741 0.974479 -9.55
182.435 9.82623 -9.3
182.457 9.90527 -9.03
182.697 9.95203 -9.37
182.838 9.99381 -9.31
183.008 10.0197 -9.12
98.1147 0.892466 0
98.4053 0.771103 -0.0299988
89.3685 0.583943 -7.52
89.0743 0.458991 -7.47
88.8704 0.30892 -7.83
113.727 9.67907 -8.34
114.037 9.62545 -8.63
180.604 9.42323 -0.540001
180.53 9.39105 -0.57
186.838 0.930779 -9.52
186.434 0.994465 -9.55
99.252 0.782978 -0.139999
184.637 9.93138 -9.31
184.681 9.85442 -9.34
114.586 9.61859 -8.35
114.493 9.63242 -8.65
114.274 9.54717 -8.44
187.602 0.99788 -9.31
188.054 0.872287 -9.69
99.736 0.774051 -0.149998
100.217 0.753834 -0.18
91.1977 0.51314 -7.81
185.629 9.99632 -9.29
185.616 9.83365 -9.26
123.995 9.15911 -0.279999
185.916 9.98118 -9
186.106 1.33288 -1.19
186.242 1.35584 -1.09
116.871 9.66851 -8.45
186.865 9.89182 -9.29
101.798 1.07244 0.0200005
101.777 0.765914 -0.23
101.505 0.955018 0
184.224 9.49491 -0.529999
184.614 9.61356 -0.309998
184.89 9.67453 -0.329998
187.708 10.0099 -9.23
103.057 1.16825 -0.119999
102.6 0.808742 -0.25
102.79 1.02364 -0.00999832
187.536 1.22707 -1.1
190.74 0.968505 -9.52
190.617 0.990706 -9.51
102.495 0.898685 0.0499992
102.222 0.849001 -0.239998
191.376 1.03899 -9.37
191.284 1.05658 -9.17
188.486 1.3765 -1.06
188.33 1.5133 -0.93
188.619 1.50568 -0.82
105.035 0.816796 -0.309998
188.893 1.3241 -1.07
188.926 1.32702 -1.09
192.172 0.983969 -9.49
192.435 0.996018 -9.4
192.16 1.17383 -9.18
95.7799 0.54439 -7.86
190.169 9.87704 -9.16
190.171 10.0021 -9.23
189.938 10.0954 -8.94
190.211 10.1451 -8.93
123.751 9.7986 -8.53
193.613 0.915791 -9.07
191.081 9.89098 -9.18
191.059 9.92946 -9.16
190.448 1.31737 -0.959999
190.591 1.36291 -0.869999
193.697 0.985604 -9.37
193.816 1.06586 -9.46
108.239 1.02452 -0.239998
194.101 1.03943 -9.36
194.186 0.995495 -9.08
191.898 10.0287 -9.2
192.341 9.87304 -9.13
192.228 10.0504 -9.09
192.529 9.96666 -9.2
192.188 10.0211 -9.01
192.483 10.0323 -8.96
125.392 9.63418 -8.78
125.395 9.52796 -8.92
191.719 1.45457 -1.01
191.611 1.2982 -1.08
194.986 1.07304 -9.38
195.105 0.918273 -9.41
192.869 9.90467 -9.16
191.689 1.46294 -0.720001
192.969 10.0309 -9.16
127.977 9.60037 -9.11
127.726 9.62972 -8.87
111.079 0.97265 -0.329998
195.052 10.0558 -9.13
195.203 9.9002 -9.16
197.763 1.02663 -9.33
197.769 0.931695 -9.34
196.054 10.0446 -8.87
196.284 10.0538 -9.05
141.012 9.23516 -0.52
195.547 1.45636 -0.950001
195.501 1.40828 -1.01
199.176 1.09186 -9.3
198.97 1.16929 -9.12
199.263 1.17296 -9.02
130.794 9.69697 -8.82
130.483 9.62931 -8.87
130.504 9.70458 -9.07
199.55 1.15406 -9.29
199.471 1.10306 -9.24
199.895 1.11088 -9.24
197.904 10.0491 -9.05
113.88 0.899047 -0.599998
143.796 9.3326 -0.59
198.265 9.94864 -9.01
195.447 9.61325 -0.380001
195.727 9.568 -0.279999
133.888 9.62704 -9.05
200.241 10.0559 -8.96
200.365 9.91623 -8.98
203.036 0.975287 -9.21
202.959 0.931818 -9.19
203.633 1.14155 -9.11
200.673 10.0901 -9.06
200.618 10.1257 -8.97
134.778 9.67947 -8.94
134.694 9.60966 -9.22
201.036 10.1147 -8.89
200.907 10.1181 -8.67
200.856 9.93364 -9.02
204.182 1.01718 -9.16
203.999 1.17364 -8.86
118.432 0.93867 -0.77
204.469 1.11579 -9.09
204.415 1.0376 -9.16
202.055 10.0462 -8.92
202.042 10.1148 -8.86
202.332 9.99342 -8.85
202.315 10.047 -8.93
119.427 1.13241 -0.559998
119.143 1.0451 -0.57
203.808 10.0494 -8.71
108.859 0.572265 -8.39
149.931 9.34959 -0.709999
139.737 9.89796 -8.91
203.634 1.49409 -0.559998
203.906 1.54001 -0.579998
206.612 1.00642 -9.05
201.391 9.64284 -0.16
201.536 9.69591 -0.0400009
204.598 9.9756 -8.91
204.663 10.0914 -8.92
204.494 1.55489 -0.450001
207.932 1.08548 -9
207.899 0.968815 -9.08
140.395 9.58119 -9.31
121.706 1.046 -0.610001
110.917 0.50683 -8.48
110.819 0.619354 -8.61
205.095 1.61493 -0.48
208.598 1.03384 -8.93
208.602 1.04514 -8.97
206.141 10.1587 -8.9
206.324 10.116 -8.75
206.063 10.229 -8.55
208.935 1.07807 -9.08
209.037 0.976839 -9
208.795 1.15757 -8.78
112.404 0.604244 -8.49
209.585 1.08373 -9.01
209.607 1.04525 -8.97
144.41 9.90785 -9.02
209.943 1.20323 -8.64
144.137 9.85817 -9.08
144.069 9.73106 -9.32
143.304 9.77771 -9.37
205.223 9.65591 -0.0499992
205.231 9.56851 -0.16
205.674 9.53032 -0.0599976
157.922 9.38986 -0.639999
205.689 9.70052 0.0400009
206.139 9.5674 -0.18
145.892 9.86894 -9.08
145.837 9.79075 -9.5
208.323 1.44292 -0.59
208.327 1.34046 -0.639999
145.302 9.73278 -9.09
208.642 1.54068 -0.57
208.637 1.52187 -0.5
209.465 9.98042 -8.73
159.531 9.4613 -0.41
159.603 9.36844 -0.66
209.006 1.4515 -0.68
115.989 0.665483 -8.68
210.218 10.1236 -8.61
210.223 10.1425 -8.43
210.033 1.6444 -0.470001
210.323 1.63678 -0.399998
213.806 1.21546 -8.86
213.801 1.19664 -8.85
148.838 9.73465 -9.38
117.014 0.619594 -8.73
163.507 9.52744 -0.41
163.226 9.45142 -0.389999
212.074 10.0332 -8.55
211.863 10.0918 -8.6
211.876 10.2545 -8.31
150.641 9.91854 -9.26
212.35 10.0904 -8.55
211.916 1.53427 -0.52
211.986 1.43388 -0.540001
129.29 1.02492 -0.790001
118.399 0.700728 -8.76
118.515 0.534671 -8.96
216.465 1.21383 -8.71
214.218 10.1626 -8.45
213.689 10.1234 -8.5
214.312 10.1488 -8.45
216.854 1.2112 -8.42
217.032 1.03593 -8.74
214.664 10.1319 -8.45
214.525 10.0977 -8.57
214.231 1.57581 -0.360001
217.449 1.25242 -8.6
217.416 1.24951 -8.39
217.951 1.07245 -8.65
218.237 1.1673 -8.63
218.587 1.14294 -8.63
218.757 1.05507 -8.66
132.645 1.19078 -0.84
133.04 0.979471 -1.11
169.713 9.45157 -0.34
216.748 10.0431 -8.39
169.265 9.35719 -0.709999
216.371 1.57267 -0.470001
216.422 1.63956 -0.239998
155.729 9.66735 -9.49
156.006 9.8496 -9.19
219.88 1.12791 -8.62
123.807 0.786097 -8.96
123.92 0.608749 -9.26
123.567 0.621818 -9.21
218.215 10.069 -8.38
125.028 0.746421 -8.98
161.738 9.69901 -9.48
217.989 9.72612 0.260002
218.392 9.77242 0.59
221.141 10.0944 -8.31
221.218 10.1379 -8.31
221.408 10.2391 -8.18
221.783 10.1875 -8.2
221.707 10.1478 -8.19
221.903 10.154 -8.06
224.637 1.20386 -8.37
163.355 9.79681 -9.28
163.308 9.86248 -9.43
222.155 10.1247 -8.15
222.079 10.085 -8.19
182.081 9.60428 -0.32
165.642 9.85802 -9.18
141.352 1.01128 -1.2
141.024 1.11467 -1.18
140.415 1.02452 -1.24
226.186 1.1783 -8.06
223.439 10.1933 -8.11
223.465 10.0523 -8.18
168.519 10.0554 -9.18
168.235 9.96806 -9.09
227.254 1.28671 -8.19
227.157 1.16798 -8.25
227.613 1.17495 -8.21
227.823 1.23009 -7.96
227.821 1.10881 -8.27
225.364 10.1162 -8.1
225.284 10.0652 -8.09
314.93 10.7389 -1.06
314.896 10.6147 -1.15
314.654 10.7954 -1.11
314.739 10.7515 -1.21
314.411 10.8549 -1.18
314.477 10.7432 -1.2
228.465 1.32315 -8.11
228.386 1.15841 -8.16
300.093 10.3402 4.95
300.05 10.1859 4.88
299.837 10.3507 5
225.345 1.65153 0.200001
228.886 1.20593 -8.17
228.679 1.27583 -7.99
169.828 9.86555 -9.44
227.147 10.2323 -7.94
227.114 10.2294 -8.03
226.755 1.70548 0.279999
226.195 1.6747 0.27
230.02 1.31642 -8.08
169.337 9.84813 -9.25
169.293 9.80758 -9.43
227.552 10.1724 -7.91
227.552 10.1724 -7.96
230.342 1.30796 -7.87
312.081 10.6394 -1.49
231.204 1.14126 -8.09
190.967 9.71579 -0.200001
191.154 9.57062 -0.59
231.457 1.23695 -8.03
231.679 1.33349 -7.78
172.826 10.0294 -9.11
172.887 9.89893 -9.45
229.24 10.1773 -7.86
229.233 10.151 -7.95
171.703 9.84282 -9.18
232.553 1.21195 -8.07
232.666 1.15211 -7.92
232.559 1.34828 -7.74
226.89 9.77281 0.560001
226.677 9.82389 0.77
227.497 9.85543 0.830002
230.009 10.142 -7.91
232.832 1.28045 -7.98
310.734 10.58 -1.56
310.591 10.7657 -1.57
311.151 10.7965 -1.56
310.458 10.6365 -1.59
310.643 10.7188 -1.59
230.678 10.2154 -7.92
309.927 10.7111 -1.63
309.963 10.6078 -1.74
233.745 1.29816 -7.91
233.638 1.38057 -7.71
233.593 1.10123 -7.95
234.199 1.18009 -7.89
234.048 1.33947 -7.85
233.895 1.37004 -7.65
293.653 10.2743 4.39
293.585 10.1472 4.42
234.427 1.30297 -7.94
232.26 10.3065 -7.88
235.116 1.33037 -7.86
235.171 1.2948 -7.89
235.302 1.41646 -7.64
232.558 10.2115 -7.7
235.5 1.19518 -7.88
235.53 1.1868 -7.86
175.056 10.0012 -9.09
174.729 9.75954 -9.45
232.917 10.2172 -7.81
232.763 10.2478 -7.74
233.154 10.2527 -7.67
233.188 10.1419 -7.68
236.061 1.34723 -7.86
235.851 1.40584 -7.57
236.105 1.38778 -7.5
233.193 1.64626 0.299999
233.368 1.57721 0.25
233.719 10.3023 -7.6
233.682 10.1706 -7.61
236.646 1.35082 -7.74
236.698 1.42148 -7.55
307.445 10.6512 -1.93
307.531 10.4935 -1.97
234.097 10.262 -7.7
234.283 10.2306 -7.44
197.808 9.70288 -0.0699997
197.745 9.59458 -0.279999
177.657 10.0238 -9.15
176.803 9.86806 -9.11
150.072 1.33947 -0.970001
149.82 1.2513 -0.939999
149.751 1.23794 -1.3
239.171 1.4475 -7.43
238.586 1.44392 -7.45
236.488 10.2295 -7.53
236.502 10.2785 -7.34
239.379 1.38137 -7.58
239.458 1.43236 -7.37
236.798 10.1759 -7.46
236.829 10.2888 -7.53
236.797 10.2897 -7.34
240.038 1.29962 -7.56
286.089 10.1357 3.89
286.138 10.195 3.87
286.387 10.1582 4
284.782 10.2193 3.93
284.572 10.1641 3.68
284.373 10.1466 3.67
240.758 1.2049 -7.57
284.523 10.2185 3.97
202.366 9.76508 0.0499992
238.519 10.1838 -7.38
238.54 10.259 -7.49
179.831 9.7923 -9.33
238.903 10.2836 -7.4
239.007 10.3074 -7.2
179.974 9.95912 -9.14
239.319 10.2613 -7.41
239.297 10.2998 -7.16
242.286 1.21782 -7.52
242.345 1.31483 -7.47
239.992 10.2323 -7.37
240.112 10.3125 -7.15
239.824 10.3277 -7.19
242.946 1.26112 -7.48
243.231 1.23469 -7.52
301.437 10.6233 -2.54
301.461 10.5924 -2.51
301.183 10.6414 -2.5
301.092 10.6665 -2.64
300.898 10.6678 -2.51
280.927 10.1197 3.61
281.266 10.1714 3.43
183.257 9.98281 -9.32
241.808 10.3475 -7.31
241.767 10.3183 -7.04
242.057 10.3107 -7
244.757 1.3576 -7.29
244.745 1.31244 -7.29
244.65 1.44001 -7.14
183.273 10.0393 -9.04
242.045 1.63734 0.670002
241.993 1.68043 0.670002
245.222 1.28093 -7.36
244.935 1.41358 -7.07
245.515 1.39835 -7.02
239.518 9.92628 1.08
239.628 9.85515 1.24
242.609 10.3113 -6.96
242.276 10.1647 -7.16
242.902 10.315 -6.95
139.02 0.788243 -9.5
298.359 10.6359 -2.88
298.092 10.6088 -2.87
297.924 10.7042 -2.86
246.182 1.23297 -7.25
246.433 1.20362 -7.32
246.074 1.42913 -7.09
246.326 1.39978 -7
243.743 10.3081 -6.89
243.484 10.3073 -6.91
296.99 10.7288 -2.9
297.149 10.5995 -3.01
297.263 10.6609 -2.95
246.865 1.35529 -7.24
246.845 1.4013 -6.99
246.586 1.40054 -6.98
247.13 1.37487 -7.1
247.137 1.40121 -7
244.482 10.2811 -7.04
244.555 10.3095 -6.87
247.471 1.43415 -7.2
247.395 1.39445 -6.96
247.341 1.20251 -7.19
247.797 1.20948 -7.11
274.483 10.1563 3.18
274.42 10.048 3.1
273.687 10.2113 3.12
273.828 10.0181 3.09
273.492 10.0913 3.03
273.397 10.2189 3.14
273.721 9.98297 2.96
248.059 1.33528 -7.09
247.98 1.39804 -6.95
248.808 1.22842 -7
248.524 1.37236 -6.9
185.375 9.90063 -9.03
140.57 0.762688 -9.27
140.472 0.64395 -9.6
140.808 0.570666 -9.48
294.422 10.5915 -3.16
294.138 10.618 -3.16
294.146 10.5306 -3.23
293.572 10.6821 -3.21
293.624 10.5215 -3.28
293.322 10.719 -3.25
293.113 10.5501 -3.38
250.469 1.25301 -6.98
250.63 1.3663 -6.95
247.634 10.3044 -6.75
247.892 10.2976 -6.69
218.892 9.70619 0.200001
248.06 1.68782 0.91
247.912 1.73721 0.970001
189.332 10.0165 -8.94
248.976 10.2312 -6.87
248.993 10.2915 -6.66
251.844 1.29651 -6.8
252.178 1.2157 -6.9
142.012 0.702037 -9.28
141.56 0.592605 -9.55
290.973 10.5532 -3.5
290.896 10.5098 -3.59
249.878 10.3251 -6.71
249.791 10.3615 -6.67
250.296 10.4278 -6.84
249.833 10.277 -6.6
290.148 10.6166 -3.49
290.186 10.6384 -3.61
289.871 10.6732 -3.58
289.863 10.6431 -3.65
250.774 10.3963 -6.65
250.755 10.3286 -6.68
257.622 10.061 2.21
257.103 9.94569 2.02
250.705 1.75101 1.15
251.05 1.94286 1.38
257.051 10.1063 2.14
253.962 1.33185 -6.69
254.326 1.24266 -6.67
248.508 9.94784 1.37
248.435 9.91567 1.64
252.133 10.3834 -6.6
252.125 10.2395 -6.65
225.534 9.79705 0.66
225.655 9.76356 0.540001
252.077 1.66947 1.21
252.151 1.70165 1.3
255.162 1.33065 -6.57
255.186 1.30346 -6.62
252.909 10.3743 -6.59
253.095 10.2292 -6.57
253.213 1.905 1.49
256.382 1.40473 -6.46
159.401 1.29528 -1
159.126 1.23807 -1.05
253.858 10.2887 -6.54
253.778 10.3515 -6.48
144.089 0.821856 -9.33
254.407 10.3956 -6.47
254.243 10.2748 -6.39
285.838 10.6313 -3.86
286.03 10.505 -3.97
285.622 10.5574 -4.08
285.592 10.6795 -3.97
255.065 10.3139 -6.41
254.982 10.4829 -6.17
255.262 1.80945 1.6
255.38 1.88218 1.51
255.732 10.3798 -6.38
255.534 10.4835 -6.21
255.816 10.4496 -6.11
255.712 1.67633 1.38
255.661 1.84446 1.57
255.919 1.83769 1.6
282.978 10.4942 -4.22
282.925 10.4235 -4.35
256.043 10.4474 -6.32
256.144 10.3462 -6.31
256.081 10.4692 -6.16
282.713 10.4746 -4.11
282.182 10.5492 -4.23
282.219 10.5672 -4.34
281.353 10.6013 -4.23
281.34 10.5524 -4.38
281.819 10.4109 -4.4
256.715 10.4146 -6.3
256.663 10.4615 -6.17
256.588 10.308 -6.31
280.817 10.6571 -4.28
280.45 10.3862 -4.48
259.842 1.48064 -6.11
260.104 1.49269 -6.15
256.955 1.82944 1.5
256.46 1.80073 1.69
200.017 10.0656 -8.77
199.889 9.95526 -8.92
163.795 1.35042 -0.98
163.731 1.12085 -1.4
163.498 1.33169 -1.08
163.225 1.28201 -1.09
162.829 1.14078 -1.38
257.587 10.4031 -6.16
257.44 10.2249 -6.28
162.946 1.21351 -1.06
147.71 0.89354 -9.34
277.984 10.5003 -4.6
277.954 10.5086 -4.63
260.938 1.45564 -6.1
260.646 1.45573 -6.09
277.162 10.5749 -4.7
277.11 10.3905 -4.8
276.891 10.5365 -4.56
258.969 10.4729 -6.16
258.844 10.3738 -5.99
259.099 10.3558 -5.95
262.04 1.45322 -6.2
262.029 1.29807 -6.17
262.405 1.48531 -6.18
262.636 1.38069 -6.13
262.78 1.43376 -6.1
165.717 1.26203 -1.26
165.474 1.32148 -1.09
263.69 1.44018 -6.07
263.981 1.55384 -6.01
264.135 1.52327 -6.14
264.286 1.4814 -5.93
272.169 10.4673 -5.01
271.403 10.5139 -5.05
271.117 10.5328 -5.05
270.546 10.5782 -5.11
270.437 10.4218 -5.27
261.898 1.76021 1.81
261.906 1.79032 1.78
262.463 2.04107 1.91
265.065 1.48368 -6.01
270.291 10.5962 -5.13
211.586 10.2621 -8.41
262.93 10.3688 -5.84
262.856 10.3367 -5.91
262.904 1.87784 1.84
262.739 1.98453 2.03
262.99 1.95518 2.11
260.677 10.083 2.18
261.142 10.0064 2.04
263.607 10.4723 -5.74
263.978 10.5233 -5.58
264.029 10.3551 -5.72
266.737 1.43216 -5.83
266.657 1.61242 -5.67
266.936 1.56341 -5.58
267.065 1.56003 -5.73
267.22 1.53698 -5.55
264.118 10.4438 -5.72
264.271 10.5269 -5.6
263.975 1.88003 2.04
264.119 1.9331 2.07
267.067 1.45381 -5.75
267.467 1.37507 -5.82
266.513 1.44185 -5.81
264.416 10.4663 -5.78
264.531 10.5277 -5.61
262.177 10.1119 2.24
262.304 9.8697 2.28
265.11 10.395 -5.69
264.809 10.4787 -5.53
151.293 0.715992 -9.68
265.724 1.87198 2.12
265.79 1.76031 2.13
266.701 10.3987 -5.45
266.663 10.3807 -5.61
266.447 10.4205 -5.48
266.284 10.2997 -5.62
266.152 10.4093 -5.43
266.958 10.3919 -5.52
264.635 10.434 -5.77
267.699 10.3724 -5.62
267.559 10.4519 -5.45
170.324 1.3836 -1
170.191 1.25442 -1.27
170.705 1.23712 -1.34
170.024 1.35358 -1.03
258.825 10.3061 -6.19
259.345 10.3076 -6.1
258.554 10.3814 -6
258.552 10.3739 -6.13
258.011 10.4109 -6.06
257.981 10.3017 -6.24
270.119 10.4453 -5.22
273.616 1.44098 -5.3
273.526 1.4661 -5.3
270.812 1.85583 2.45
270.659 2.00391 2.54
273.9 1.5283 -5.25
273.905 1.54711 -5.08
227.548 10.3886 -7.76
271.413 10.4303 -5.2
271.461 10.3721 -5.17
227.247 10.3586 -7.71
226.127 10.297 -7.72
226.139 10.2209 -7.97
274.84 1.52634 -5.14
225.311 10.2768 -7.79
225.567 10.2663 -8
225.007 10.2355 -8.1
225.018 10.2731 -7.83
272.173 1.8504 2.45
272.255 1.91269 2.6
224.54 10.1871 -8.05
223.885 10.0489 -8.14
223.903 10.2304 -7.92
269.875 10.0347 2.71
269.9 10.0075 2.74
272.795 10.3864 -5.13
272.919 10.3642 -5.08
223.081 10.1913 -7.95
223.142 10.1746 -8.19
276.492 1.52083 -5.06
273.445 10.5058 -5.06
273.456 10.4297 -5.13
273.817 10.3292 -5.12
222.488 10.1576 -7.96
222.575 10.1212 -8.23
273.837 1.88629 2.69
277.567 1.53431 -4.89
275.132 10.507 -4.79
249.114 10.258 -6.8
275.674 1.84183 2.77
275.657 1.89913 2.81
278.709 1.56115 -4.86
278.564 1.62183 -4.74
278.84 1.56529 -4.65
275.972 1.86432 2.76
275.93 2.06256 2.96
278.996 1.54225 -4.86
279.136 1.46275 -4.84
246.698 10.2039 -6.94
246.242 10.3107 -6.8
246.201 10.1639 -6.95
245.952 10.3183 -6.81
276.415 10.4581 -4.85
276.394 10.4965 -4.91
245.427 10.298 -6.79
245.306 10.2139 -7.11
279.553 1.67925 -4.84
279.698 1.50105 -4.62
279.408 1.50867 -4.6
245.139 10.3131 -6.84
245.049 10.3382 -7.04
277.422 10.4619 -4.68
277.392 10.4703 -4.73
277.983 1.86456 2.85
277.841 1.93653 3.01
280.942 1.54041 -4.6
281.98 1.54345 -4.54
282.086 1.68853 -4.39
240.956 10.3169 -7.08
240.921 10.1889 -7.36
240.398 10.2936 -7.08
240.434 10.1903 -7.31
282.672 1.46462 -4.55
282.789 1.41984 -4.45
280.044 10.5599 -4.53
280.053 10.4762 -4.53
280.43 10.5459 -4.65
281.234 2.01037 3.09
281.133 2.11161 3.25
234.261 10.2691 -7.61
282.002 10.4857 -4.43
285.178 1.49356 -4.29
284.893 1.6375 -4.34
285.568 1.72972 -4.09
282.521 1.97277 3.35
282.235 1.99167 3.35
175.563 1.21183 -1.34
282.534 10.5324 -4.27
282.972 10.4753 -4.3
286.146 1.47571 -4.31
155.431 0.781667 -9.71
283.374 2.00722 3.19
283.623 1.96658 3.31
283.061 1.92828 3.35
286.325 1.65297 -4.1
286.355 1.6446 -4.01
178.995 1.42115 -1.03
281.663 10.0814 3.52
160.092 0.863913 -9.63
159.655 0.924682 -9.5
159.435 0.71816 -9.75
159.374 0.848654 -9.47
159.104 0.810261 -9.51
158.805 0.901517 -9.68
281.875 10.2616 3.56
288.237 1.64822 -3.93
288.612 1.59667 -3.97
299.906 1.96716 4.6
285.695 1.95384 3.32
285.735 2.09685 3.65
182.194 1.49631 -1
181.916 1.42781 -0.93
285.976 1.91612 3.46
285.957 1.96212 3.44
286.07 10.5342 -4
289.287 1.57514 -3.93
289.459 1.72605 -3.78
286.607 1.96778 3.49
286.536 2.06064 3.56
286.787 2.0313 3.58
297.325 2.13353 4.48
297.303 2.0545 4.41
286.897 1.96017 3.6
287.249 2.06085 3.51
287.061 1.96723 3.7
290.943 1.58091 -3.79
291.026 1.52945 -3.63
163.352 0.808574 -9.48
163.372 0.762567 -9.81
288.118 10.4349 -3.95
294.666 2.02141 4.2
294.522 1.96835 4.27
293.98 2.00531 4.13
293.076 2.01771 3.98
293.403 2.02806 4.08
292.677 1.9827 4.02
286.444 10.1301 3.96
288.964 10.5605 -3.75
289.041 10.4865 -3.79
289.211 2.00172 3.75
289.412 1.90547 3.79
289.634 2.12328 3.93
290.681 2.03891 3.89
290.76 2.08991 3.93
290.145 2.09469 3.89
290.376 1.99008 3.78
293.135 1.64842 -3.57
293.143 1.67853 -3.44
191.429 1.46219 -0.84
294.096 1.72174 -3.46
294.119 1.56951 -3.47
293.961 1.58503 -3.41
294.764 1.67387 -3.39
195.97 1.57792 -0.739998
196.031 1.44743 -1.01
195.364 1.49907 -0.689999
195.101 1.48702 -0.790001
171.25 0.980183 -9.4
289.218 10.1899 4.19
289.106 10.2535 4.12
292.058 10.6044 -3.53
170.855 0.842715 -9.71
293.105 10.52 -3.32
290.809 10.0799 4.24
173.755 1.00913 -9.47
173.627 0.898761 -9.7
297.278 1.6154 -3.23
297.47 1.60656 -3.11
297.464 1.7015 -3.12
296.947 1.59376 -3.05
294.859 2.13385 4.07
296.975 1.57786 -3.26
303.515 1.64867 -2.5
303.443 1.62402 -2.56
303.314 1.74491 -2.56
303.26 1.66673 -2.48
303.123 1.64 -2.63
303.011 1.7036 -2.51
302.798 1.63717 -2.6
302.73 1.74132 -2.5
302.448 1.77905 -2.63
302.207 1.84603 -2.62
302.123 1.6587 -2.69
301.847 1.71524 -2.68
298.15 1.48634 -3.16
295.212 10.6314 -3.14
295.146 10.5119 -3.15
298.937 1.63247 -3.07
298.831 1.60114 -2.97
176.796 0.861014 -9.71
300.519 1.60607 -2.76
300.574 1.68802 -2.81
300.91 1.72849 -2.78
298.951 2.03393 4.57
299.21 2.14844 4.62
271.451 1.9376 2.63
271.205 1.98577 2.5
271.689 1.97684 2.42
302.743 1.67274 -2.58
300.117 10.5405 -2.65
300.018 10.653 -2.74
179.455 0.859383 -9.67
298.397 10.3051 4.7
298.739 10.2507 4.81
299.019 10.3267 4.91
300.969 10.6887 -2.53
302.111 10.7155 -2.51
303.035 10.6534 -2.35
265.308 1.77676 2.09
264.98 1.88015 2.04
264.331 1.76074 1.95
263.259 1.75479 1.87
217.308 1.67693 -0.16
217.007 1.64315 -0.149998
305.829 10.5534 -2.1
305.752 10.6275 -2.07
183.315 0.977833 -9.49
307.773 10.7791 -1.93
307.814 10.6946 -1.94
308.132 10.5536 -1.85
293.761 1.68128 -3.42
293.681 1.63028 -3.45
292.859 1.70496 -3.43
292.067 1.54001 -3.6
256.184 1.85727 1.56
256.401 1.70373 1.37
257.02 1.83151 1.53
309.977 10.5392 -1.63
310.961 10.5778 -1.56
253.46 1.74308 1.27
251.297 1.78095 1.27
313.461 10.5879 -1.35
313.393 10.6921 -1.25
314.226 10.5413 -1.23
225.331 1.60261 -0.0599976
224.766 1.55301 -0.0999985
185.479 1.06124 -9.3
185.928 0.92436 -9.55
45.3135 0.558631 2.95
290.498 1.61158 -3.73
289.622 1.49432 -3.91
188.974 1.1476 -9.18
188.409 1.09801 -9.27
188.481 0.891396 -9.47
287.44 1.58196 -4.08
287.427 1.53304 -4.2
287.175 1.56238 -3.98
286.924 1.59173 -3.99
286.783 1.43244 -4.2
285.339 1.60684 -4.28
192.014 0.999489 -9.44
190.986 1.03409 -9.23
191.055 0.933701 -9.46
283.201 1.61752 -4.41
283.246 1.43057 -4.48
194.76 1.0752 -9.1
194.287 1.00801 -9.37
279.742 1.5416 -4.84
278.775 1.56322 -4.87
278.142 1.38651 -4.88
198.425 1.07369 -9.03
274.476 1.50178 -5.23
274.424 1.54863 -5.15
203.896 1.03609 -9.22
202.542 1.06786 -8.97
202.546 0.965396 -9.28
268.601 1.48555 -5.53
268.579 1.40652 -5.6
268.054 1.5037 -5.51
267.989 1.38411 -5.76
267.772 1.53765 -5.58
62.5435 8.86299 2.2
267.483 1.54903 -5.59
210.093 1.04385 -8.9
207.962 1.07711 -8.78
263.583 1.40508 -6.1
261.136 1.35187 -6.22
260.763 1.41094 -6.21
260.238 1.39061 -6.31
259.325 1.49041 -6.11
259.108 1.29142 -6.45
215.466 1.11878 -8.45
250.718 1.32989 -6.78
250.071 1.33552 -6.98
246.095 1.26938 -7.22
245.774 1.39911 -7
245.246 1.36749 -7.26
243.841 1.44611 -7.19
243.576 1.42653 -7.14
242.905 1.3456 -7.43
241.666 1.43881 -7.3
241.37 1.30633 -7.56
241.369 1.42008 -7.23
241.087 1.45781 -7.33
240.788 1.19652 -7.57
240.429 1.30829 -7.51
238.282 1.16758 -7.66
238.319 1.41681 -7.4
238.056 1.40476 -7.41
233.113 1.36024 -7.72
233.188 1.16116 -7.92
231.984 1.38232 -7.88
232.119 1.16649 -8.03
230.864 1.32076 -7.83
230.761 1.18321 -8.14
230.299 1.15366 -8.12
32.7299 9.19516 -3.31
36.343 0.259793 -3.73
36.644 0.176065 -3.68
29.7725 9.1743 -2.97
29.8547 9.23658 -3.04
34.7232 0.616996 3.91
34.718 0.598179 3.93
30.3532 0.182126 -3.16
27.6834 0.146123 -2.87
26.2435 0.566837 4.6
18.1182 9.13931 -1.83
18.2272 9.06442 -1.83
74.8043 0.348669 -6.95
22.7697 0.555748 4.89
19.3149 0.146114 -2.06
21.7341 0.564003 4.93
13.5869 9.05744 -1.41
19.9369 0.516447 5.21
19.857 0.5792 5.21
20.0128 0.556153 5.09
17.1219 0.0748397 -1.84
12.4143 9.15648 -1.27
12.5339 9.23674 -1.29
15.8286 0.0898628 -1.69
15.6886 0.169361 -1.77
15.2582 0.0214495 -1.67
15.5367 0.08995 -1.62
11.253 9.17941 -1.15
11.2394 9.13049 -1.24
17.1957 0.573304 5.35
17.231 0.583749 5.32
16.592 0.501974 5.36
16.1786 0.531789 5.49
10.9692 0.111388 -1.2
11.0046 0.121832 -1.18
10.7685 -0.0273924 -1.14
8.62072 8.69509 6.27
8.53039 8.72021 6.2
8.96128 0.122443 -0.93
8.9071 0.0442566 -0.93
6.56382 8.64678 6.35
6.5358 8.66268 6.45
5.12707 0.0980783 -0.52
5.23913 0.0344794 -0.529999
7.60251 0.60168 6.35
7.24806 0.493474 6.27
4.29693 0.0289062 -0.48
4.39378 0.14388 -0.439999
2.95264 -0.0229664 -0.27
2.82094 0.0866397 -0.329998
1.80984 0.416478 6.86
3.97311 8.66177 6.82
3.9294 8.62122 6.66
6.86095 8.66551 6.39
6.83391 9.15146 -0.630001
6.91377 9.08871 -0.720001
6.98735 9.00337 -0.689999
0.798262 0.511292 6.94
0.877316 0.562288 6.99
91.3466 0.698773 0.240002
11.6188 8.74522 6.02
11.5292 8.65659 6
1.63234 0.478006 6.84
11.5095 9.16888 -1.18
11.53 9.00912 -1.19
11.8813 9.10604 -1.25
12.035 9.07547 -1.24
16.0242 8.72425 5.54
13.1714 9.07973 -1.37
13.1798 9.10983 -1.38
6.6331 0.498258 6.36
6.16869 0.461177 6.36
14.4586 9.15964 -1.56
3.26257 0.158437 -0.34
3.25524 0.132093 -0.299999
12.6967 0.608104 5.8
12.9324 0.522304 5.73
8.01805 0.113106 -0.829998
8.02199 0.0106474 -0.91
24.2277 8.83094 4.88
24.4385 8.77233 4.98
15.0361 0.62246 5.55
14.9872 0.563091 5.54
18.6708 0.62932 5.32
18.491 0.565808 5.33
26.4503 9.12511 -2.72
27.4912 9.13567 -2.75
27.4943 9.14696 -2.88
19.9277 0.600089 5.21
16.4106 0.199674 -1.79
32.1419 9.18028 -3.25
19.3971 0.2084 -2.07
20.4328 0.200145 -2.14
20.3621 0.179256 -2.17
22.5125 0.213742 -2.26
28.0093 0.50149 4.45
29.2934 0.570108 4.45
38.0498 9.31317 -3.71
38.0145 9.30273 -3.74
29.7434 0.672013 4.21
26.9022 0.13632 -2.79
34.0946 0.572856 3.98
28.2923 0.236271 -2.85
29.7652 0.167247 -3.15
29.5906 0.122552 -3.03
31.2173 0.140467 -3.26
36.6048 0.268079 -3.76
37.9666 0.266418 -3.8
37.9831 0.20912 -3.79
0.664296 0.0295733 -0.0299988
0.768224 0.0533793 0.0400009
2.1832 0.12614 -0.0999985
23.9905 9.14424 -2.39
29.1711 9.22801 -2.92
29.3028 9.1184 -2.96
32.9367 9.23901 -3.35
32.97 9.24193 -3.26
34.5562 0.249872 -3.53
34.5531 0.238582 -3.51
146.273 9.72245 -9.39
161.108 9.88237 -9.42
161.529 9.8789 -9.47
2.23682 0.435588 6.72
2.12895 0.51424 6.79
309.053 10.6014 -1.91
308.788 10.6955 -1.85
177.401 9.80307 -9.55
284.387 1.5674 -4.33
295.758 10.6133 -3.09
288.817 10.0299 4.11
283.605 10.5345 -4.19
197.24 9.52824 -0.27
268.157 10.5044 -5.45
257.693 10.4344 -6.24
257.112 10.3283 -6.24
213.678 10.0858 -8.58
149.328 0.881348 -9.35
89.5792 0.991619 0.580002
197.927 10.0144 -9.12
2 0 1
2 2 3
2 4 5
2 6 7
2 8 9
2 10 11
2 10 12
2 10 13
2 14 15
2 16 17
2 16 18
2 19 20
2 21 22
2 23 24
2 25 24
2 25 15
2 26 27
2 28 29
2 28 30
2 31 32
2 30 33
2 30 34
2 35 36
2 37 38
2 39 40
2 39 41
2 41 42
2 41 43
2 41 40
2 44 45
2 44 46
2 44 47
2 44 48
2 44 49
2 50 51
2 52 53
2 52 54
2 55 56
2 55 57
2 58 59
2 58 60
2 58 61
2 62 63
2 62 64
2 62 60
2 65 66
2 67 68
2 67 69
2 70 71
2 72 73
2 74 75
2 74 76
2 74 77
2 74 78
2 79 78
2 80 81
2 82 83
2 84 85
2 86 87
2 86 88
2 86 89
2 90 91
2 90 92
2 93 94
2 93 95
2 93 96
2 93 97
2 98 99
2 97 94
2 100 101
2 100 102
2 100 103
2 101 103
2 104 105
2 106 107
2 108 109
2 108 110
2 111 112
2 111 113
2 114 115
2 114 116
2 117 118
2 117 119
2 117 105
2 116 120
2 121 122
2 123 124
2 125 126
2 127 128
2 127 129
2 130 131
2 132 133
2 134 135
2 136 137
2 138 139
2 140 141
2 142 143
2 142 144
2 145 146
2 147 148
2 149 150
2 149 151
2 152 153
2 154 155
2 156 157
2 156 158
2 159 160
2 161 162
2 158 163
2 158 164
2 158 157
2 165 166
2 165 167
2 168 169
2 170 171
2 172 173
2 174 175
2 176 177
2 178 179
2 180 181
2 180 182
2 180 183
2 184 185
2 186 187
2 188 189
2 190 191
2 192 193
2 192 194
2 195 196
2 195 197
2 195 198
2 195 199
2 195 200
2 201 202
2 201 203
2 201 204
2 205 206
2 207 208
2 209 210
2 211 212
2 213 214
2 215 216
2 217 218
2 217 219
2 220 221
2 222 223
2 222 224
2 225 226
2 225 227
2 228 229
2 228 230
2 231 232
2 233 234
2 233 235
2 236 237
2 238 239
2 238 240
2 238 232
2 238 241
2 242 243
2 242 244
2 244 245
2 246 247
2 248 249
2 248 250
2 248 251
2 248 252
2 253 254
2 255 256
2 255 257
2 258 259
2 260 261
2 262 263
2 262 264
2 265 266
2 267 268
2 269 270
2 269 268
2 271 272
2 273 274
2 275 276
2 275 277
2 278 279
2 280 281
2 282 283
2 284 285
2 284 286
2 287 288
2 287 289
2 290 291
2 290 292
2 290 293
2 294 295
2 294 296
2 294 297
2 294 298
2 299 300
2 301 302
2 301 303
2 304 305
2 304 306
2 304 307
2 308 309
2 308 310
2 311 312
2 311 313
2 314 315
2 316 313
2 317 318
2 319 320
2 319 321
2 322 323
2 322 324
2 325 326
2 327 328
2 329 330
2 331 332
2 331 333
2 331 334
2 335 336
2 337 338
2 339 340
2 339 341
2 342 343
2 341 344
2 341 345
2 341 340
2 346 347
2 346 348
2 346 343
2 349 350
2 351 352
2 351 353
2 351 354
2 351 355
2 351 356
2 357 358
2 359 360
2 359 361
2 362 363
2 364 365
2 366 367
2 368 369
2 368 370
2 368 371
2 368 372
2 368 356
2 368 355
2 373 374
2 375 376
2 375 377
2 375 378
2 371 356
2 371 355
2 379 380
2 379 381
2 379 382
2 383 384
2 385 386
2 387 388
2 389 390
2 391 392
2 393 394
2 393 395
2 393 396
2 393 397
2 398 399
2 398 400
2 401 402
2 403 404
2 405 406
2 407 408
2 409 410
2 409 411
2 412 413
2 412 414
2 415 416
2 417 418
2 417 419
2 417 420
2 417 416
2 417 421
2 422 423
2 424 425
2 426 427
2 428 429
2 430 431
2 432 433
2 434 435
2 434 436
2 434 437
2 438 439
2 440 441
2 442 443
2 442 444
2 442 445
2 442 437
2 445 437
2 446 447
2 446 448
2 449 450
2 449 451
2 449 452
2 449 453
2 449 454
2 455 456
2 455 457
2 455 458
2 452 453
2 452 459
2 460 461
2 462 463
2 464 465
2 466 467
2 466 458
2 468 469
2 470 471
2 470 472
2 473 474
2 475 476
2 475 477
2 478 479
2 480 481
2 480 482
2 483 484
2 483 485
2 485 486
2 485 487
2 488 489
2 490 491
2 490 492
2 490 493
2 494 495
2 494 496
2 497 498
2 499 500
2 496 495
2 501 502
2 501 503
2 504 505
2 504 506
2 507 508
2 509 510
2 509 511
2 512 513
2 514 515
2 516 517
2 518 519
2 520 521
2 522 523
2 522 524
2 525 526
2 527 528
2 529 530
2 531 532
2 533 534
2 533 535
2 533 536
2 537 538
2 537 539
2 540 541
2 542 543
2 92 91
2 32 544
2 545 546
2 547 548
2 547 549
2 550 551
2 550 552
2 553 554
2 555 556
2 557 558
2 559 560
2 561 562
2 153 563
2 564 565
2 566 567
2 568 569
2 568 570
2 568 571
2 60 59
2 60 64
2 60 61
2 572 573
2 572 574
2 575 576
2 577 578
2 579 580
2 580 581
2 582 583
2 582 584
2 585 586
2 587 588
2 589 590
2 591 592
2 591 593
2 591 594
2 595 596
2 597 598
2 597 599
2 597 584
2 600 601
2 600 602
2 600 603
2 600 604
2 596 605
2 606 607
2 608 609
2 610 611
2 612 613
2 612 614
2 615 616
2 615 617
2 618 619
2 616 620
2 611 48
2 611 47
2 44 611
2 611 621
2 611 622
2 48 47
2 48 622
2 48 46
2 623 624
2 623 625
2 623 617
2 45 621
2 626 627
2 627 628
2 627 629
2 627 630
2 631 632
2 633 634
2 635 636
2 637 638
2 637 639
2 640 175
2 641 642
2 641 643
2 641 644
2 641 645
2 646 647
2 648 649
2 650 651
2 650 652
2 650 653
2 654 655
2 656 657
2 656 658
2 658 657
2 658 647
2 659 660
2 661 662
2 661 663
2 664 665
2 666 667
2 668 669
2 668 169
2 670 671
2 672 673
2 672 674
2 675 676
2 675 677
2 675 678
2 679 680
2 679 681
2 679 682
2 679 683
2 680 684
2 685 686
2 685 687
2 688 689
2 688 690
2 688 683
2 691 692
2 691 693
2 694 695
2 696 697
2 698 119
2 105 699
2 105 700
2 701 702
2 701 703
2 704 705
2 706 707
2 708 709
2 710 711
2 712 713
2 713 714
2 715 716
2 717 718
2 717 719
2 720 721
2 720 722
2 720 723
2 720 724
2 720 725
2 720 726
2 727 728
2 727 729
2 730 731
2 732 733
2 734 735
2 725 726
2 736 737
2 738 739
2 738 740
2 738 741
2 738 742
2 743 744
2 226 227
2 745 746
2 747 748
2 749 750
2 749 751
2 749 752
2 753 754
2 755 756
2 755 227
2 755 757
2 758 759
2 758 760
2 761 762
2 761 763
2 764 765
2 766 767
2 765 768
2 765 769
2 770 771
2 772 773
2 772 774
2 775 776
2 775 777
2 778 779
2 778 771
2 780 781
2 780 782
2 779 771
2 783 784
2 785 786
2 785 787
2 785 788
2 789 307
2 790 791
2 790 792
2 793 794
2 793 795
2 272 796
2 797 798
2 797 799
2 797 800
2 797 788
2 307 801
2 307 802
2 307 803
2 307 804
2 307 305
2 805 806
2 807 808
2 809 810
2 811 812
2 813 814
2 813 815
2 816 817
2 818 819
2 820 821
2 820 822
2 820 815
2 820 814
2 823 824
2 825 826
2 293 827
2 828 829
2 830 831
2 830 832
2 833 834
2 833 835
2 833 836
2 833 837
2 834 835
2 838 839
2 840 841
2 842 843
2 844 845
2 846 847
2 846 837
2 848 849
2 848 850
2 851 852
2 853 854
2 853 843
2 855 856
2 855 857
2 855 847
2 858 358
2 858 845
2 859 461
2 860 861
2 862 863
2 862 864
2 862 865
2 866 849
2 864 863
2 864 865
2 867 868
2 869 870
2 871 865
2 872 873
2 872 874
2 875 876
2 877 878
2 879 880
2 879 881
2 879 882
2 879 883
2 884 885
2 886 887
2 886 888
2 888 889
2 888 887
2 890 891
2 890 892
2 893 894
2 893 892
2 893 895
2 896 897
2 896 898
2 899 900
2 899 901
2 899 902
2 899 903
2 899 904
2 905 906
2 905 907
2 905 908
2 909 910
2 911 912
2 911 913
2 914 915
2 914 916
2 914 917
2 914 903
2 918 919
2 918 908
2 918 907
2 241 232
2 920 921
2 922 923
2 922 924
2 922 925
2 922 926
2 922 927
2 922 928
2 929 930
2 931 240
2 931 232
2 932 933
2 493 934
2 493 935
2 493 492
2 936 937
2 936 928
2 936 938
2 936 927
2 939 940
2 939 927
2 939 937
2 939 924
2 941 942
2 941 943
2 944 408
2 945 946
2 945 947
2 948 949
2 948 950
2 948 937
2 948 951
2 377 952
2 953 954
2 953 955
2 956 957
2 957 958
2 491 492
2 959 960
2 959 951
2 959 961
2 960 951
2 962 390
2 962 963
2 964 965
2 966 967
2 966 961
2 966 968
2 966 969
2 966 970
2 971 492
2 961 972
2 961 967
2 961 968
2 963 973
2 974 975
2 974 976
2 974 965
2 977 978
2 977 979
2 978 980
2 969 970
2 969 968
2 969 981
2 969 967
2 969 982
2 969 983
2 984 985
2 986 987
2 988 989
2 988 990
2 988 991
2 992 982
2 993 994
2 995 996
2 997 991
2 997 990
2 997 989
2 998 999
2 998 1000
2 998 1001
2 1000 1001
2 1002 1003
2 1002 1004
2 1002 1005
2 1006 1007
2 1008 1009
2 1010 1011
2 1010 1012
2 1013 1014
2 1013 1015
2 1016 1017
2 1016 1012
2 1018 1019
2 1018 1020
2 1018 1005
2 1021 1022
2 1023 1024
2 1023 1025
2 1026 1027
2 1026 1028
2 1026 1029
2 459 451
2 459 453
2 1030 1031
2 1032 1033
2 1032 1034
2 1032 1035
2 1032 1036
2 1037 1038
2 1039 1036
2 1039 1034
2 1039 1040
2 1039 1041
2 1042 1043
2 1042 1044
2 1044 1045
2 1044 1046
2 1044 1043
2 1044 1047
2 1048 1049
2 1050 1051
2 1052 1035
2 471 472
2 1053 1054
2 1053 1055
2 326 1056
2 1057 1058
2 1059 1060
2 1059 1061
2 1059 1062
2 441 1058
2 441 1063
2 1064 1055
2 1065 1066
2 1065 1067
2 1065 1068
2 1069 1070
2 1071 1072
2 1071 1073
2 1071 1074
2 1075 1070
2 1076 1077
2 1076 1078
2 1076 1079
2 1080 1081
2 1080 1082
2 1083 1084
2 1083 1085
2 1083 1086
2 1083 1087
2 1088 1089
2 1088 1090
2 1088 1091
2 1092 1093
2 1092 1094
2 1092 1095
2 1096 1097
2 1096 1091
2 1098 1099
2 1098 1100
2 1098 1101
2 1102 1103
2 1102 1104
2 1102 1105
2 1106 1107
2 1106 1108
2 1101 1109
2 1101 1110
2 1101 1100
2 1101 1111
2 1112 1113
2 1112 1114
2 1112 1115
2 1112 1116
2 1112 1117
2 1112 1118
2 1112 1119
2 1120 500
2 1114 1121
2 1114 1111
2 1114 1115
2 1122 1123
2 1124 1125
2 1126 1127
2 1128 1129
2 1130 1131
2 1132 1133
2 1134 1129
2 1135 1136
2 1135 1137
2 1138 1139
2 1138 1140
2 1141 1142
2 1141 1143
2 1144 1145
2 1144 1146
2 1144 1147
2 1144 1148
2 1149 1150
2 1149 1151
2 1152 1153
2 1154 1155
2 1156 1157
2 1156 1137
2 1158 1159
2 1158 1160
2 1158 1148
2 1158 1161
2 1158 1145
2 1158 1162
2 1163 1164
2 1165 1129
2 1166 1167
2 1168 1169
2 1168 1170
2 1168 1171
2 1168 1172
2 1158 1168
2 1173 1174
2 1175 1176
2 1175 1177
2 1172 1171
2 1172 1178
2 1179 1180
2 1181 1182
2 1183 1184
2 1183 1185
2 1183 1186
2 1183 1187
2 1183 1188
2 1183 1180
2 1189 1190
2 1189 1191
2 1192 1193
2 1192 1194
2 1195 1196
2 1195 1197
2 1195 1188
2 1195 1186
2 1195 1198
2 1199 1200
2 1201 1191
2 1201 1202
2 1201 1190
2 1203 1194
2 1204 1205
2 1204 1206
2 1207 1208
2 1207 1209
2 1207 1210
2 1207 1211
2 1207 1212
2 1213 1214
2 1213 1215
2 1216 1217
2 1218 1219
2 1218 1220
2 1218 1221
2 1222 1223
2 1222 1224
2 1225 506
2 1226 1227
2 1228 1229
2 1228 1230
2 1231 1232
2 1231 1233
2 1234 1235
2 1234 1236
2 1237 1238
2 1237 1239
2 1240 1241
2 1240 1242
2 1240 1243
2 1244 1245
2 1246 1243
2 1246 1247
2 1246 1242
2 1248 1249
2 1250 1251
2 1250 1252
2 1250 1253
2 1250 1254
2 1255 1256
2 1257 1258
2 1257 1259
2 1257 1260
2 1257 1247
2 1261 1262
2 1263 1264
2 1263 1265
2 1263 1266
2 1267 1268
2 1269 1270
2 1271 1272
2 1271 1273
2 1274 1275
2 1274 1266
2 1274 1276
2 1274 1277
2 1278 1279
2 1280 534
2 1276 1275
2 1281 1282
2 1281 1283
2 1284 1285
2 1286 1287
2 1286 1288
2 1286 1289
2 1290 1291
2 1292 1293
2 1292 1294
2 1295 1296
2 1295 1297
2 1295 1298
2 1295 1299
2 1300 1301
2 1300 1288
2 1300 1302
2 1300 1287
2 1300 1303
2 1300 1304
2 538 539
2 1305 1299
2 1305 1306
2 1305 1307
2 1305 1297
2 1305 1308
2 1305 1298
2 1305 1309
2 1304 1303
2 1304 1310
2 1304 1302
2 1310 1302
2 1310 1303
2 1311 1312
2 1311 1313
2 1314 1309
2 1314 1315
2 1316 1317
2 1316 1318
2 1316 1312
2 1319 1320
2 1319 1321
2 1319 1322
2 1319 1323
2 1324 1325
2 1324 1326
2 1324 1327
2 1328 1329
2 1330 1331
2 1332 1333
2 1332 1334
2 1335 1336
2 1337 1338
2 1339 1340
2 1339 1341
2 1339 1342
2 1343 1344
2 1343 1345
2 1343 1346
2 1347 1348
2 1347 1349
2 1342 1340
2 1342 1350
2 1351 1346
2 1351 1352
2 1351 1344
2 1353 1354
2 1353 1355
2 1353 1356
2 1357 1348
2 1358 1359
2 1358 1356
2 1356 1359
2 1356 1354
2 1356 1360
2 1361 1362
2 1363 1364
2 1365 1366
2 1365 1367
2 1368 1369
2 1368 1370
2 1368 1360
2 1371 1372
2 1371 1373
2 1374 1375
2 1376 1377
2 1378 1379
2 1380 1381
2 1380 1382
2 1380 1383
2 1384 1385
2 1384 1386
2 1387 1388
2 1389 1390
2 1389 1391
2 1392 1393
2 1392 1394
2 1395 1396
2 1397 1398
2 1397 1399
2 1400 1401
2 1400 1402
2 1400 1403
2 1404 1405
2 1404 1406
2 1404 1407
2 1408 1409
2 1410 1411
2 1412 1413
2 1414 1415
2 1414 1416
2 1417 1418
2 1419 1420
2 1421 1422
2 1421 1423
2 1424 1425
2 1426 1427
2 1426 1428
2 1426 1429
2 1426 1430
2 1426 1431
2 1426 1432
2 1433 1434
2 1433 1435
2 1433 1431
2 1433 1436
2 1437 1438
2 1439 1440
2 1441 1442
2 1441 1443
2 1444 1445
2 1444 1446
2 1447 1448
2 1447 1442
2 1449 1450
2 1449 1451
2 1449 1452
2 1453 1454
2 1453 1455
2 1456 1451
2 1456 1450
2 1457 1458
2 1457 1459
2 1460 1461
2 1462 1463
2 1462 1464
2 1465 1466
2 1465 1467
2 1465 1468
2 1469 1470
2 1467 1466
2 1471 1472
2 1473 1474
2 1475 1476
2 1475 1477
2 1478 1479
2 1478 1480
2 1481 1482
2 1483 1484
2 1485 1486
2 1487 1488
2 1487 1489
2 1487 1490
2 1487 1480
2 1487 1491
2 1487 1492
2 1493 1494
2 1493 1495
2 1488 1489
2 1488 1480
2 1496 1497
2 1498 1499
2 1500 1492
2 1500 1490
2 1501 1502
2 1503 1504
2 1505 1506
2 1505 1507
2 1505 1508
2 1505 1509
2 1510 1511
2 1510 1512
2 1510 1331
2 1510 1513
2 1514 1515
2 1516 1517
2 1516 1518
2 1519 1520
2 1519 1512
2 1519 1513
2 1521 1522
2 1523 1509
2 1524 1525
2 1524 1526
2 1524 1527
2 1524 1528
2 1522 1529
2 1522 1530
2 1531 1532
2 1533 1534
2 1535 1536
2 1535 1537
2 1535 1538
2 1539 1540
2 1541 1542
2 1541 1543
2 1544 1534
2 1545 1546
2 1545 1547
2 1545 1536
2 1548 1513
2 1549 1550
2 1549 1551
2 1552 1553
2 1552 1554
2 1555 1556
2 1557 1558
2 1559 1560
2 1561 1562
2 1563 1564
2 1565 1566
2 1565 1567
2 1568 1569
2 1570 1571
2 1570 1572
2 1573 1574
2 1575 1566
2 1575 1576
2 1575 1567
2 1577 1578
2 1579 1580
2 1581 1582
2 1583 1578
2 1583 1584
2 1583 1585
2 1586 1587
2 1588 1589
2 1590 1591
2 1590 1592
2 1590 1593
2 1594 1595
2 1596 1597
2 1598 1599
2 1600 1601
2 1602 1603
2 1602 1595
2 1604 1605
2 1606 1607
2 1606 1608
2 1609 1610
2 1609 1611
2 1612 1608
2 1612 1613
2 1612 1614
2 1612 1607
2 1612 1615
2 1612 1616
2 1617 1618
2 1617 1619
2 1617 1620
2 1621 1622
2 1613 1623
2 1613 1616
2 1613 1615
2 1613 1608
2 1624 1610
2 1620 1625
2 1626 1627
2 1628 1629
2 1630 1631
2 1632 1633
2 1632 1634
2 1635 1636
2 1635 1637
2 1635 1638
2 1639 1640
2 1639 1629
2 1641 1642
2 1641 1643
2 1644 1645
2 1644 1646
2 1644 1638
2 1644 1647
2 1648 1649
2 1648 1650
2 1651 1646
2 1651 1638
2 1652 1653
2 1654 1655
2 1654 1656
2 1654 1657
2 1658 1659
2 1658 1647
2 1660 1661
2 1660 1662
2 1663 1664
2 1665 1666
2 1665 1667
2 1668 1669
2 1670 1671
2 1672 1673
2 1672 1674
2 1672 1675
2 1676 1677
2 1678 1679
2 1680 1681
2 1669 1682
2 1683 1675
2 1683 1674
2 1684 1685
2 1684 1686
2 1684 1687
2 1688 1689
2 1690 1691
2 1690 1692
2 1693 1694
2 1695 1696
2 1695 1697
2 1695 1698
2 1699 1700
2 1699 1701
2 1702 1703
2 1702 1704
2 1705 1706
2 1705 1707
2 1708 1709
2 1710 1711
2 1712 1707
2 1712 1713
2 1712 1706
2 1712 1714
2 1712 1715
2 1716 1717
2 1716 1718
2 1719 1720
2 1719 1721
2 1722 1723
2 1722 1724
2 1722 1709
2 1714 1725
2 1714 1726
2 1727 1728
2 1729 1730
2 1729 1731
2 1729 1732
2 1733 1709
2 1734 1735
2 1736 1731
2 1737 1738
2 1737 1739
2 1737 1740
2 1741 1742
2 1743 1744
2 1743 1745
2 1743 1739
2 1746 1747
2 1748 1749
2 1748 1750
2 1748 1742
2 1751 1752
2 1751 1753
2 1750 1754
2 1750 1749
2 1750 1755
2 1756 1757
2 1758 1759
2 1760 1761
2 1762 1763
2 1764 1759
2 1764 1765
2 1766 1767
2 1766 1768
2 1769 1770
2 1769 1771
2 1772 1773
2 1774 1775
2 1774 1776
2 1777 1778
2 1777 1779
2 1777 1780
2 1781 1782
2 1765 1759
2 1765 1783
2 1784 1785
2 1784 1786
2 1784 1787
2 1784 1788
2 1789 1790
2 1789 1791
2 1789 1768
2 1789 1792
2 1793 1794
2 1795 1796
2 1797 1786
2 1797 1798
2 1797 1788
2 1799 1800
2 1799 1801
2 1799 1802
2 1803 1804
2 1803 1805
2 1803 1806
2 1803 1807
2 1808 1809
2 1810 1811
2 1810 1812
2 1810 1813
2 1814 1815
2 1814 1816
2 1814 1817
2 1814 1818
2 1819 1820
2 1819 1821
2 1819 1822
2 1823 1824
2 1823 1802
2 1823 1825
2 1823 1801
2 1826 1827
2 1817 1818
2 1817 1816
2 1817 1815
2 1828 1829
2 1828 1830
2 1828 1831
2 1828 1832
2 1828 1833
2 1834 1835
2 1834 1836
2 1834 1837
2 1838 1839
2 1840 1841
2 1840 1842
2 1843 1818
2 1832 1831
2 1832 1844
2 1845 1846
2 1847 1837
2 1848 1849
2 1850 1851
2 1850 1852
2 1850 1853
2 1850 1854
2 1855 1856
2 1855 1857
2 1858 1859
2 1858 1860
2 1858 1861
2 1862 1863
2 1853 1851
2 1853 1864
2 1853 1854
2 1853 1852
2 1853 1865
2 1857 1856
2 1857 1866
2 1867 1868
2 1869 1870
2 1869 1871
2 1872 1873
2 1874 1875
2 1876 1877
2 1878 1879
2 1878 1880
2 1881 1866
2 1882 1883
2 1877 1884
2 1877 1885
2 1877 1886
2 1877 1887
2 1888 1889
2 1888 1866
2 1890 1879
2 1890 1891
2 1892 1893
2 1894 1895
2 1896 1897
2 1896 1898
2 1899 1900
2 1901 1902
2 1901 1903
2 1904 1905
2 1906 1907
2 1906 1908
2 1906 1909
2 1906 1891
2 1910 1911
2 1912 1913
2 1914 1915
2 1914 1916
2 1914 1917
2 1914 1918
2 1914 1919
2 1914 1920
2 1914 1905
2 1914 1921
2 1922 1923
2 1922 1924
2 1925 1926
2 1925 1927
2 1925 1928
2 1925 1929
2 1930 1931
2 1932 1933
2 1932 1924
2 1929 1927
2 1934 1935
2 1936 1937
2 1936 1938
2 1939 1940
2 1941 1942
2 1941 1943
2 1941 1944
2 1941 1945
2 1941 1946
2 1941 1947
2 1948 1949
2 1950 1951
2 1952 1953
2 1952 1954
2 1955 1956
2 1955 1957
2 1958 1959
2 1960 1956
2 1961 1962
2 1963 1964
2 1963 1965
2 1966 1967
2 1966 1968
2 1966 1969
2 1966 1970
2 1971 1972
2 1971 1973
2 1974 1975
2 1974 1976
2 1965 1977
2 1965 1978
2 1970 1969
2 1970 1967
2 1970 1979
2 1970 1980
2 1981 1982
2 1981 1983
2 1984 1985
2 1986 1987
2 1986 1988
2 1989 1976
2 1990 1978
2 1991 1992
2 1991 1976
2 1993 1994
2 1995 1996
2 1995 1997
2 1998 1999
2 2000 2001
2 2002 2003
2 2002 2004
2 2005 2006
2 2007 2008
2 2009 2010
2 2009 2011
2 2012 2013
2 2012 2014
2 2012 2015
2 2012 2016
2 2012 2003
2 2017 2018
2 2017 2019
2 2020 2021
2 2022 2016
2 2023 2024
2 2023 2025
2 2023 2026
2 2027 2021
2 2027 2028
2 2029 2030
2 2029 2031
2 2032 2033
2 2032 2034
2 2032 2035
2 2032 2024
2 2036 2037
2 2038 2039
2 2040 2035
2 2040 2034
2 2040 2033
2 2040 2025
2 2041 2042
2 2043 2044
2 2043 2028
2 2045 2046
2 2045 2047
2 2048 2049
2 2050 2051
2 2050 2052
2 2050 2053
2 2054 2055
2 2054 2042
2 2054 2056
2 2057 2058
2 2059 2060
2 2059 2061
2 2059 2062
2 2059 2063
2 2064 2065
2 2066 2067
2 2066 2068
2 2069 2070
2 2071 2072
2 2071 2073
2 2074 2075
2 2074 2076
2 2077 2078
2 2077 2079
2 2080 2081
2 2082 2083
2 2082 2084
2 2082 2085
2 2082 2086
2 2087 2088
2 2089 2090
2 2091 2092
2 2093 2094
2 2093 2095
2 2093 2081
2 2096 2097
2 2096 2098
2 2099 2100
2 2099 2083
2 2099 2084
2 2095 2101
2 2095 2094
2 2095 2081
2 2102 2103
2 2104 2105
2 2104 2106
2 2107 2108
2 2107 2090
2 2108 2090
2 2109 2103
2 2109 2110
2 2111 2112
2 2111 2113
2 2114 2115
2 2114 2116
2 2117 2118
2 2119 2120
2 2119 2121
2 2122 2123
2 2122 2110
2 2122 2124
2 2122 2103
2 2125 2126
2 2125 2127
2 2128 2121
2 2128 2129
2 2128 2130
2 2131 2132
2 2133 2134
2 2133 2135
2 2133 2136
2 2137 2138
2 2137 2139
2 2132 2140
2 2132 2141
2 2142 2143
2 2142 2135
2 2142 2144
2 2145 2146
2 2145 2147
2 2145 2148
2 2149 2150
2 2151 2152
2 2153 2154
2 2153 2155
2 2153 2144
2 2153 2136
2 2156 2157
2 2158 2159
2 2158 2160
2 2161 2162
2 2161 2163
2 2161 2164
2 2161 2165
2 2166 2167
2 2166 2168
2 2166 2169
2 2170 2171
2 2172 2173
2 2172 2174
2 2175 2176
2 2175 2177
2 2175 2178
2 2179 2180
2 2181 2182
2 2177 2183
2 2184 2185
2 2184 2186
2 2184 2180
2 2187 2188
2 2189 2190
2 2191 2192
2 2191 2193
2 2194 2195
2 2196 2197
2 2198 2199
2 2200 2201
2 2200 2202
2 2203 2204
2 2203 2205
2 2203 2206
2 2203 2207
2 2208 2201
2 2207 2204
2 2207 2206
2 2207 2205
2 2209 2210
2 2209 2211
2 2209 2212
2 2209 2213
2 2214 2215
2 2214 2216
2 2217 2218
2 2217 2219
2 2217 2220
2 2221 2222
2 2221 2223
2 2221 2224
2 2225 2212
2 2225 2213
2 2226 2227
2 2216 2215
2 2216 2228
2 2229 2230
2 2229 2231
2 2229 2232
2 2233 2213
2 2233 2234
2 2233 2212
2 2233 2235
2 2236 2237
2 2238 2239
2 2238 2240
2 2241 2242
2 2241 2243
2 2244 2245
2 2244 2246
2 2244 2247
2 2248 2235
2 2248 2213
2 2249 2250
2 2249 2240
2 2251 2252
2 2251 2253
2 2251 2242
2 2254 2255
2 2256 2257
2 2258 2259
2 2260 2261
2 2260 2262
2 2260 2228
2 2263 2264
2 2263 2265
2 2266 2267
2 2266 2268
2 2266 2269
2 2270 2257
2 2271 2272
2 2271 2273
2 2271 2274
2 2271 2275
2 2271 2255
2 2276 2277
2 2278 2265
2 2278 2279
2 2280 2281
2 2280 2282
2 2274 2275
2 2274 2283
2 2274 2273
2 2284 2285
2 2286 2287
2 2286 2288
2 2289 2279
2 2289 2290
2 2289 2291
2 2292 2293
2 2292 2281
2 2294 2295
2 2294 2283
2 2294 2296
2 2297 2298
2 2299 2300
2 2299 2301
2 2299 2302
2 2303 2304
2 2305 2306
2 2307 2291
2 2307 2308
2 2309 2310
2 2311 2312
2 2313 2314
2 2313 2315
2 2316 2317
2 2316 2318
2 2316 2319
2 2316 2320
2 2316 2321
2 2322 2323
2 2322 2324
2 2325 2315
2 2325 2314
2 2326 2327
2 2326 2328
2 2326 2329
2 2326 2330
2 2320 2331
2 2320 2317
2 2320 2319
2 2320 2321
2 2332 2333
2 2334 2335
2 2334 2336
2 2337 2338
2 2330 2327
2 2330 2339
2 2330 2340
2 2330 2341
2 2342 2336
2 2343 2344
2 2343 2345
2 2346 2339
2 2347 2348
2 2349 2350
2 2349 2351
2 2352 2353
2 2352 2345
2 2341 2354
2 2341 2355
2 2341 2356
2 2341 2339
2 2357 2358
2 2357 2359
2 2360 2361
2 2362 2359
2 2363 2364
2 2365 2366
2 2367 2368
2 2369 2370
2 2369 2371
2 2372 2373
2 2372 2374
2 2375 2376
2 2375 2371
2 2377 2378
2 2379 2380
2 2379 2381
2 2379 2382
2 2379 2383
2 2384 2385
2 2386 2387
2 2388 2389
2 2390 2391
2 2392 2393
2 2392 2394
2 2395 2396
2 2397 2398
2 2397 2399
2 2400 2401
2 2402 2403
2 2402 2404
2 2405 2406
2 2407 2404
2 2407 2408
2 2409 2410
2 2409 2411
2 2409 2412
2 2413 2414
2 2413 2415
2 2413 2416
2 2417 2418
2 2417 2419
2 2420 2421
2 2422 2423
2 2422 2424
2 2422 2411
2 2425 2426
2 2425 2414
2 2425 2416
2 2427 2428
2 2427 2429
2 2427 2430
2 2431 2432
2 2431 2433
2 2431 2434
2 2435 2424
2 2435 2436
2 2435 2412
2 2437 2438
2 2439 2440
2 2439 2441
2 2439 2416
2 2442 2443
2 2444 2430
2 2445 2446
2 2447 2448
2 2447 2449
2 2450 2451
2 2450 2452
2 2450 2453
2 2454 2455
2 2456 2457
2 2456 2458
2 2459 2460
2 2459 2461
2 2459 2462
2 2463 2464
2 2465 2466
2 2465 2467
2 2465 2468
2 2469 2470
2 2469 2471
2 2469 2472
2 2473 2453
2 2474 2475
2 2474 2476
2 2474 2477
2 2474 2478
2 2479 2480
2 2481 2482
2 2481 2483
2 2484 2485
2 2484 2453
2 2486 2487
2 2488 2489
2 2490 2491
2 2490 2492
2 2493 2494
2 2493 2495
2 2493 2496
2 2493 2497
2 2493 2498
2 2499 2500
2 2499 2501
2 2499 2502
2 2503 2504
2 2503 2505
2 2503 2506
2 2507 2508
2 2507 2509
2 2510 2511
2 2510 2512
2 2513 2514
2 2513 2515
2 2516 2517
2 2518 2519
2 2520 2521
2 2520 2522
2 2523 2524
2 2523 2525
2 2523 2526
2 2527 2506
2 2528 2529
2 2528 2530
2 2528 2531
2 2532 2533
2 2534 2535
2 2536 2537
2 2536 2538
2 2536 2531
2 2539 2540
2 2539 2541
2 2542 2543
2 2544 2545
2 2546 2547
2 2548 2549
2 2548 2550
2 2551 2552
2 2553 2554
2 2555 2549
2 2555 2556
2 2555 2550
2 2557 2558
2 2557 2559
2 2557 2560
2 2561 2562
2 2561 2563
2 2564 2565
2 2564 2566
2 2564 2567
2 2566 2565
2 2566 2567
2 2568 2569
2 2570 2571
2 2572 2573
2 2572 2574
2 2575 2576
2 2575 2577
2 2578 2579
2 2580 2581
2 2582 2577
2 2582 2583
2 2582 2584
2 2585 2586
2 2585 2587
2 2588 2589
2 2590 2591
2 2592 2593
2 2592 2587
2 2594 2595
2 2594 2596
2 2594 2597
2 2594 2598
2 2599 2600
2 2599 2601
2 2599 2602
2 2599 2603
2 2604 2605
2 2604 2606
2 2607 2608
2 2607 2609
2 2607 2610
2 2607 2611
2 2612 2613
2 2614 2615
2 2616 2617
2 2616 2618
2 2619 2620
2 2619 2598
2 2619 2621
2 2619 2622
2 2623 2624
2 2623 2610
2 2623 2625
2 2623 2611
2 2626 2627
2 2626 2628
2 2629 2630
2 2629 2631
2 2629 2632
2 2633 2634
2 2635 2628
2 2636 2637
2 2638 2639
2 2638 2640
2 2641 2642
2 2643 2644
2 2643 2645
2 2646 2647
2 2646 2648
2 2646 2649
2 2646 2650
2 2646 2651
2 2652 2653
2 2652 2654
2 2652 2655
2 2656 2657
2 2658 2659
2 2660 2661
2 2662 2663
2 2664 2657
2 2665 2666
2 2665 2667
2 2665 2668
2 2669 2670
2 2669 2671
2 2672 2673
2 2674 2668
2 2674 2675
2 2674 2676
2 2674 2677
2 2674 2678
2 2679 2680
2 2679 2681
2 2682 2683
2 2681 2680
2 2681 2628
2 2684 2678
2 2684 2676
2 2685 2686
2 2685 2621
2 2687 2688
2 2689 2690
2 2689 2691
2 2692 2693
2 2692 2694
2 2692 2695
2 2598 2621
2 2598 2622
2 2598 2696
2 2598 2686
2 2697 2698
2 2697 2699
2 2697 2700
2 2701 2702
2 2637 2703
2 2596 2595
2 2596 2696
2 2596 2704
2 2596 2621
2 2596 2620
2 2596 2597
2 2705 2699
2 2706 2707
2 2708 2709
2 2710 2625
2 2678 2711
2 2678 2675
2 2678 2668
2 2678 2702
2 2712 2713
2 2712 2714
2 2712 2715
2 2716 2717
2 2716 2569
2 2716 2552
2 2676 2668
2 2676 2675
2 2666 2668
2 2666 2667
2 2718 2719
2 2720 2721
2 2720 2690
2 2640 2722
2 2640 2667
2 2640 2677
2 2723 2724
2 2725 2726
2 2727 2728
2 2727 2729
2 2730 2587
2 2731 2732
2 2733 2734
2 2538 2537
2 2531 2529
2 2531 2537
2 2531 2735
2 2736 2737
2 2736 2738
2 2736 2729
2 2736 2739
2 2740 2741
2 2606 2591
2 2606 2605
2 2606 2742
2 2743 2744
2 2743 2745
2 2743 2746
2 2571 2747
2 2748 2749
2 2748 2750
2 2748 2573
2 2453 2491
2 2751 2752
2 2751 2753
2 2751 2754
2 2751 2573
2 2751 2755
2 2756 2757
2 2756 2747
2 2758 2759
2 2760 2761
2 2754 2762
2 2754 2755
2 2754 2752
2 2754 2753
2 2754 2763
2 2754 2573
2 2764 2763
2 2645 2761
2 2765 2766
2 2765 2688
2 2767 2768
2 2632 2631
2 2549 2769
2 2770 2771
2 2714 2772
2 2773 2774
2 2773 2515
2 2775 2776
2 2650 2651
2 2650 2648
2 2777 2778
2 2779 2780
2 2781 2782
2 2647 2648
2 2783 2784
2 2783 2785
2 2786 2383
2 2786 2356
2 2786 2380
2 2787 2788
2 2787 2785
2 2787 2471
2 2789 2790
2 2472 2470
2 2472 2471
2 2791 2792
2 2791 2511
2 2793 2794
2 2793 2355
2 2793 2356
2 2695 2694
2 2695 2795
2 2589 2796
2 2589 2797
2 2512 2798
2 2512 2511
2 2512 2498
2 2799 2693
2 2799 2694
2 2339 2340
2 2339 2327
2 2800 2436
2 2798 2801
2 2798 2498
2 2798 2511
2 2798 2496
2 2583 2584
2 2583 2577
2 2495 2496
2 2495 2497
2 2495 2498
2 2329 2327
2 2509 2508
2 2576 2577
2 2802 2803
2 2411 2410
2 2411 2804
2 2411 2423
2 2547 2805
2 2483 2806
2 2807 2808
2 2401 2804
2 2809 2810
2 2298 2811
2 2812 2813
2 2554 2814
2 2554 2560
2 2815 2816
2 2815 2817
2 2818 2819
2 2820 2821
2 2820 2366
2 2822 2823
2 2822 2824
2 2825 2826
2 2827 2828
2 2827 2829
2 2830 2831
2 2830 2832
2 2333 2366
2 2502 2500
2 2833 2243
2 2834 2835
2 2836 2188
2 2837 2306
2 2838 2839
2 2838 2519
2 2840 2458
2 2841 2842
2 2841 2839
2 2293 2281
2 2160 2843
2 2160 2159
2 2160 2157
2 2844 2415
2 2845 2282
2 2846 2847
2 2846 2848
2 2603 2602
2 2603 2601
2 2849 2157
2 2234 2850
2 2234 2235
2 2234 2851
2 2399 2852
2 2853 2854
2 2855 2856
2 2855 2857
2 2129 2858
2 2130 2121
2 2859 2860
2 2859 2387
2 2859 2374
2 2211 2210
2 2106 2105
2 2861 2197
2 2862 2863
2 2374 2373
2 2097 2864
2 2097 2098
2 2865 2866
2 2467 2466
2 2867 2868
2 2867 2869
2 2462 2460
2 2165 2870
2 2165 2871
2 2872 2873
2 2872 2874
2 2164 2163
2 2875 2876
2 2877 2163
2 2878 2879
2 2878 2880
2 2152 2148
2 2881 2882
2 2110 2124
2 2110 2123
2 2267 2269
2 2883 2884
2 2432 2434
2 2432 2433
2 2885 2886
2 2541 2540
2 2887 2888
2 2889 2335
2 2890 2174
2 2891 2892
2 2893 2894
2 2893 2504
2 2895 2035
2 2895 2033
2 2895 2025
2 2505 2504
2 2505 2894
2 2896 2897
2 2896 2898
2 2899 2900
2 2901 2902
2 2901 2903
2 1943 1942
2 1943 1945
2 1943 1946
2 2011 2010
2 1921 1920
2 1921 1917
2 1921 1915
2 2904 2905
2 2906 2907
2 2906 2371
2 2296 2908
2 1916 1919
2 1916 1915
2 1916 1918
2 1916 1917
2 1916 1920
2 2909 2371
2 2910 1992
2 2911 2912
2 2911 2101
2 1918 1905
2 1918 2913
2 2914 2371
2 2915 2916
2 2915 2913
2 1976 2917
2 1976 1975
2 1976 1992
2 1976 2918
2 2094 2081
2 2919 2920
2 2283 2275
2 2283 2295
2 2921 2922
2 2081 2923
2 2370 2924
2 2449 2448
2 2925 2926
2 2927 2928
2 2927 2929
2 2930 2931
2 2930 2448
2 2932 2933
2 2934 2935
2 2936 2937
2 2938 2939
2 2938 2940
2 2938 2438
2 2941 2942
2 2232 2231
2 2943 2944
2 2438 2945
2 2438 2940
2 2438 2946
2 2947 2948
2 2318 2319
2 2318 2317
2 2358 2949
2 2230 2950
2 2230 2948
2 2951 1907
2 2951 1891
2 2952 2953
2 2954 2946
2 2317 2319
2 2955 2956
2 2955 1891
2 2957 2958
2 2957 2959
2 2957 2960
2 2961 2946
2 2962 2963
2 2962 2964
2 2965 2966
2 2965 2967
2 2224 2968
2 2969 2970
2 2969 2956
2 2971 2946
2 2972 2973
2 2222 2223
2 2974 1880
2 2975 2976
2 2977 2978
2 2977 2979
2 1792 2980
2 1792 1768
2 1860 1859
2 1825 1824
2 1825 1802
2 2315 2967
2 2206 2204
2 2206 2205
2 2981 2982
2 1801 1802
2 1801 1800
2 1801 1824
2 1825 1801
2 2983 2984
2 2985 2986
2 2985 2987
2 2199 2205
2 2988 1873
2 2989 1800
2 2314 2967
2 2990 2991
2 1713 1707
2 1713 1706
2 1713 1725
2 1714 1715
2 2992 2993
2 2994 2995
2 2996 2997
2 2998 2999
2 2998 3000
2 3001 3002
2 3003 3004
2 3005 3006
2 3005 3007
2 3008 3009
2 3008 3010
2 3008 3011
2 3012 3013
2 3014 3015
2 1646 1647
2 1646 1645
2 1646 1659
2 1721 1711
2 1721 1720
2 3016 3017
2 3016 3018
2 3019 3020
2 1837 3021
2 2240 2239
2 2240 3022
2 3023 3024
2 3017 3025
2 3017 3018
2 3026 3027
2 3028 1700
2 3028 3029
2 3028 1701
2 3030 3031
2 3030 3022
2 3030 2239
2 3032 3033
2 3032 1677
2 3034 3035
2 3034 2141
2 3034 3036
2 3037 3038
2 3037 3039
2 3037 3022
2 3040 3041
2 3042 3039
2 3042 3043
2 3042 3044
2 3042 2219
2 3045 3046
2 3045 3047
2 3048 3049
2 3050 3051
2 3052 3041
2 2220 3044
2 2220 2219
2 2220 3043
2 2220 3039
2 3053 2323
2 2219 3044
2 2219 2218
2 2219 3043
2 3054 3055
2 3056 3057
2 3058 3059
2 3058 1778
2 3060 3061
2 3062 3063
2 3064 3065
2 3066 3067
2 3068 3069
2 3068 3070
2 3068 3071
2 3072 1534
2 3073 1534
2 3074 3067
2 2308 2323
2 3075 3076
2 1597 3077
2 1597 3078
2 1597 3079
2 3080 3081
2 3080 3082
2 3080 3083
2 3084 3085
2 3086 3087
2 3088 3089
2 2291 3090
2 2291 3091
2 3092 3093
2 3092 3094
2 3095 3096
2 1554 3097
2 3098 3099
2 3100 3101
2 3100 3102
2 2279 2290
2 2279 3091
2 2279 3090
2 3103 3104
2 3105 3106
2 2171 3107
2 1530 1529
2 3108 3109
2 2265 2264
2 3110 3111
2 3110 2060
2 3110 2061
2 3110 3112
2 2167 2169
2 2062 2061
2 2062 2060
2 2062 3112
2 2154 2169
2 2063 2061
2 2063 2060
2 3113 3114
2 2144 2155
2 2144 2136
2 2144 2135
2 1520 3115
2 1520 1513
2 1610 1611
2 3116 3117
2 1534 3118
2 3119 3057
2 3120 3121
2 3055 3122
2 3123 3124
2 3123 3125
2 3126 3127
2 2016 3128
2 2016 2013
2 2016 2030
2 3129 3130
2 3041 3131
2 2113 2112
2 2113 3124
2 3132 3133
2 3134 3135
2 2014 2013
2 1638 1636
2 1638 1645
2 3136 3004
2 3136 3137
2 2003 2015
2 2003 3138
2 1647 1645
2 3139 3004
2 2004 3138
2 2004 3140
2 3141 3011
2 1511 1512
2 2001 3142
2 2001 3138
2 3143 3142
2 3143 3144
2 3145 3146
2 1513 3115
2 1513 3147
2 1513 1512
2 1985 3148
2 2072 2073
2 3149 3150
2 1707 1706
2 1707 1725
2 3151 3152
2 3153 1726
2 3154 3155
2 2086 2083
2 2086 2084
2 1962 3156
2 1962 3157
2 1962 3158
2 3159 2976
2 2065 3160
2 3161 1747
2 3161 3162
2 3161 3163
2 2085 2083
2 2085 2084
2 3164 3165
2 3164 3158
2 3166 2056
2 2959 2958
2 2959 2960
2 3167 3168
2 3167 3169
2 3167 3170
2 3169 3168
2 3171 2960
2 3171 2958
2 3172 3173
2 3170 3174
2 3170 3168
2 1818 2953
2 1818 1816
2 1818 3175
2 1818 1815
2 3176 3177
2 3178 3179
2 3180 1911
2 3180 3181
2 3182 3183
2 2139 2138
2 2126 3184
2 2126 2138
2 3185 3186
2 3187 3188
2 1540 1529
2 2116 2115
2 2116 3189
2 1905 2913
2 3190 3191
2 3083 3065
2 3192 3193
2 3192 3194
2 3195 3196
2 3195 3197
2 3194 3198
2 3199 3200
2 3199 1979
2 3199 3201
2 3199 1980
2 1919 1920
2 1919 1917
2 1919 1915
2 3202 3203
2 1944 1942
2 1944 1946
2 1944 1945
2 1944 1917
2 3204 3205
2 1947 3206
2 1947 1945
2 1947 1942
2 1945 1942
2 1945 3206
2 1945 2900
2 1945 1946
2 1969 1967
2 1969 1968
2 1780 1778
2 3207 3208
2 1968 3209
2 1968 1967
2 1968 3210
2 1968 1956
2 2897 2898
2 1779 1778
2 3211 3212
2 3213 3214
2 3215 3216
2 1983 3217
2 1983 1982
2 3218 3079
2 3218 3078
2 3219 2044
2 3219 2028
2 3078 3077
2 3078 3079
2 1999 3220
2 2028 2044
2 2028 3221
2 3222 3223
2 3222 1931
2 1807 3224
2 1807 1804
2 1804 1806
2 2021 3225
2 3226 3227
2 3226 1898
2 1805 3228
2 3229 3230
2 3231 3021
2 2008 3232
2 2008 3225
2 1887 1886
2 1887 1885
2 3233 1886
2 3234 2039
2 1776 1775
2 1671 3235
2 3236 3237
2 3236 3238
2 3236 3225
2 3239 3240
2 3241 3242
2 3241 3243
2 2068 2067
2 3006 3007
2 3244 3245
2 3033 3235
2 1864 1852
2 1864 1851
2 2076 3246
2 3243 2075
2 3247 3248
2 3029 3249
2 3029 1700
2 2857 2856
2 1973 1972
2 3250 3251
2 3250 1852
2 3250 1851
2 3252 3253
2 3252 3254
2 3252 3248
2 2098 3255
2 2098 2864
2 3256 3257
2 3256 3251
2 1701 1700
2 3253 3254
2 3253 1742
2 3258 2856
2 3259 1842
2 2864 3255
2 2987 3000
2 2987 2999
2 1711 3260
2 3261 3262
2 3261 2856
2 1730 1732
2 1730 3263
2 1940 3264
2 3265 1841
2 3265 3266
2 3267 3268
2 3269 1951
2 1811 3266
2 2843 2159
2 2843 2157
2 1813 1812
2 3270 2157
2 3271 3272
2 3271 3273
2 3271 1704
2 2829 3274
2 2829 2389
2 3275 3276
2 3275 1798
2 3275 3277
2 3278 2389
2 3278 3274
2 1704 3279
2 1704 3272
2 1704 3273
2 1704 1687
2 3280 3281
2 3282 3283
2 1798 3277
2 1798 1788
2 1798 3284
2 1798 3276
2 1798 3285
2 1798 1786
2 1987 3286
2 1686 1685
2 1686 1687
2 3287 1782
2 1903 3288
2 1788 1787
2 1788 3284
2 1788 1786
2 1788 3289
2 3290 3291
2 3292 3293
2 3292 1902
2 3292 3288
2 1785 1787
2 1785 3289
2 1785 1786
2 3294 1800
2 1802 1800
2 3295 3296
2 2243 3297
2 2243 2242
2 1783 3298
2 1839 1824
2 2253 2826
2 1667 3299
2 1667 3300
2 1667 1666
2 2288 2287
2 3301 3302
2 3303 3304
2 3305 3306
2 1643 1642
2 3307 1752
2 3307 1753
2 3308 3309
2 2811 2808
2 1856 1866
2 1856 1844
2 3310 1634
2 3311 3312
2 3313 2535
2 3314 2310
2 1627 3315
2 1627 3316
2 1627 1634
2 3317 2923
2 3317 3318
2 1879 2970
2 2543 3319
2 2543 2535
2 2543 2771
2 3320 3321
2 1831 1830
2 1831 1844
2 1891 2956
2 1891 2970
2 3322 3323
2 3322 3324
2 3325 2771
2 2355 2356
2 2355 2354
2 1718 1717
2 3326 3327
2 3328 1909
2 3328 1907
2 1833 3329
2 1833 3330
2 1908 1907
2 1908 1909
2 1593 1591
2 1593 1592
2 2381 2383
2 2382 2381
2 2381 2396
2 2383 2380
2 1709 1724
2 1709 1723
2 1709 3321
2 3331 3332
2 3331 3333
2 3334 3335
2 2942 1909
2 3336 3337
2 2618 3338
2 2618 3339
2 1682 3340
2 2903 2902
2 2903 3341
2 1576 3342
2 1576 3337
2 1576 1566
2 3343 2933
2 3344 3340
2 3345 2928
2 3346 3347
2 3348 3340
2 2174 3349
2 3350 3351
2 3350 3352
2 3353 3354
2 3355 3356
2 3357 3358
2 3357 3359
2 2452 2451
2 2193 3360
2 2193 2192
2 2193 3361
2 1657 1656
2 2918 1992
2 3362 1992
2 1757 3363
2 3364 3365
2 2492 2485
2 2492 2491
2 3366 3367
2 3366 3368
2 3366 3369
2 3370 3371
2 3370 3361
2 3372 2905
2 3372 2010
2 1629 3373
2 3374 3365
2 3375 3376
2 3375 3377
2 3375 3378
2 3375 2735
2 3375 2491
2 2528 3375
2 3379 3380
2 3379 3381
2 3379 3368
2 3377 3376
2 3377 3378
2 3377 2491
2 3377 2735
2 2026 2024
2 2026 2019
2 2026 2025
2 3382 3369
2 2529 2530
2 2529 2735
2 3383 3384
2 2530 2735
2 3385 3386
2 2034 2033
2 2034 2025
2 2033 2024
2 2033 2035
2 1528 1526
2 1528 1527
2 1528 3387
2 3388 3389
2 2545 3390
2 1614 1615
2 1614 1616
2 1614 3386
2 1525 1526
2 1525 1527
2 1525 3387
2 3391 3392
2 1608 1623
2 1608 1615
2 1608 1616
2 3393 3394
2 3393 1526
2 2709 3395
2 3396 3397
2 1698 1696
2 3398 3399
2 2876 2361
2 2876 3400
2 3401 3402
2 1502 3399
2 1502 3403
2 2704 2595
2 2704 3395
2 2704 2597
2 3395 2597
2 3404 3405
2 3404 3403
2 2361 3400
2 3406 3407
2 3408 2657
2 2622 2621
2 2622 2686
2 2622 2620
2 2621 2696
2 2621 2686
2 3409 1692
2 1578 1585
2 1578 3407
2 2103 3410
2 2103 2124
2 2103 2123
2 2628 2686
2 2628 2680
2 1585 1584
2 1585 3407
2 3411 3412
2 2124 2123
2 1499 3413
2 1499 3414
2 1499 3415
2 1674 1673
2 1674 1675
2 1674 1661
2 2391 3416
2 2391 3412
2 3417 3418
2 3419 3418
2 2148 3420
2 3421 3422
2 3421 3423
2 3424 1560
2 3424 3425
2 3426 2655
2 3426 3427
2 3426 3428
2 3429 3418
2 3430 3431
2 3432 1550
2 3433 3434
2 3435 3436
2 2163 3437
2 2817 3438
2 2817 3439
2 3438 3439
2 1631 3440
2 1546 1551
2 1546 1538
2 1546 1536
2 2624 2625
2 2458 2457
2 1448 3441
2 2608 2609
2 2608 2610
2 2608 2611
2 1537 1538
2 2610 2611
2 2610 2625
2 3442 3443
2 3442 3444
2 3442 3445
2 2587 2724
2 2587 2734
2 2587 2586
2 2213 2212
2 2213 2210
2 2213 2850
2 3443 3444
2 2212 2210
2 2212 2851
2 2234 2212
2 3446 3447
2 3446 3448
2 3449 3450
2 3449 1532
2 2586 2734
2 3451 3452
2 3453 3454
2 3453 3448
2 3453 3455
2 3453 3456
2 3457 3458
2 3457 1517
2 3457 3450
2 2235 2257
2 2517 2533
2 3459 2747
2 3459 2563
2 3459 2757
2 3459 2562
2 2747 2757
2 2747 2563
2 1517 3458
2 3460 2282
2 3460 2257
2 3461 3462
2 3463 3464
2 3465 3466
2 1518 3467
2 2869 2868
2 1422 1418
2 3468 3469
2 2556 2769
2 3470 1423
2 2769 2562
2 2769 2550
2 3471 3472
2 3471 3473
2 3471 3474
2 3475 2522
2 3475 2521
2 2522 2521
2 1589 3476
2 1589 1571
2 1491 1492
2 1491 3474
2 2511 2801
2 2511 2498
2 2511 2497
2 3477 3478
2 3477 3479
2 3476 1580
2 3478 3479
2 3480 3481
2 3480 2428
2 3480 2430
2 1572 1571
2 3481 2430
2 2496 2498
2 2496 2497
2 2496 2494
2 2496 2801
2 3482 3483
2 3482 3484
2 3482 1406
2 3482 1405
2 1480 1489
2 2498 2497
2 2498 2801
2 3485 3484
2 3485 1399
2 3485 1406
2 2821 2366
2 3486 2429
2 1486 3479
2 2806 2482
2 2806 3487
2 2649 2648
2 3488 3489
2 3490 3491
2 3492 2819
2 2464 3493
2 3494 3495
2 3494 3496
2 2804 3497
2 3498 3499
2 3498 1451
2 3500 3501
2 1543 3502
2 1543 1542
2 1451 1452
2 1451 3499
2 1451 1450
2 2440 2441
2 2440 2443
2 2440 2416
2 3503 3504
2 2688 2768
2 3505 1450
2 1456 3505
2 2412 2424
2 3506 2423
2 2414 2416
2 2414 2415
2 3507 3508
2 2426 2416
2 2436 3509
2 2436 2424
2 2398 3510
2 3511 3512
2 3513 2415
2 2745 2746
2 2745 3514
2 2745 2744
2 3514 3515
2 3514 2746
2 3516 3517
2 3516 3518
2 3519 3520
2 3519 3521
2 3519 1435
2 1433 3519
2 2471 3522
2 2471 3523
2 2471 2470
2 2471 3509
2 3523 3522
2 2967 2966
2 2739 3524
2 2739 2744
2 2739 3525
2 1430 1428
2 1430 1434
2 2874 2873
2 1427 1431
2 2738 3525
2 3526 3527
2 3526 2515
2 1506 1508
2 1432 1429
2 3018 3528
2 3018 3529
2 3528 3529
2 3530 3531
2 3532 3533
2 2729 2737
2 2729 2728
2 2729 3525
2 3534 3531
2 2774 2515
2 3535 3536
2 3537 3538
2 3537 3539
2 3537 3533
2 2772 3540
2 2772 3541
2 3542 2763
2 3543 3544
2 3545 3546
2 3545 2892
2 3547 3548
2 3549 3550
2 2715 3551
2 2752 2753
2 2752 2755
2 2752 2573
2 3552 3553
2 2762 2755
2 2762 2763
2 2762 2753
2 3554 3555
2 1312 3553
2 3556 3555
2 1403 3557
2 1403 1401
2 1403 3558
2 2795 3559
2 2795 3560
2 2795 3551
2 2750 3561
2 2749 2573
2 3562 3563
2 1394 1393
2 3096 3564
2 3096 3063
2 1291 3565
2 2694 2693
2 2694 3560
2 3566 3567
2 2591 2742
2 3568 2273
2 1277 3569
2 2272 2273
2 3570 3571
2 3572 3571
2 3573 3574
2 3573 3575
2 2237 2948
2 3576 1266
2 3577 3578
2 3579 3578
2 1438 3580
2 1438 1440
2 3581 3582
2 3583 3578
2 3583 3584
2 2950 2948
2 3585 3586
2 2668 2677
2 3587 3588
2 3587 3589
2 2831 2832
2 2831 3590
2 2832 3590
2 3591 3592
2 3591 3589
2 3593 3594
2 3593 3595
2 3596 2702
2 2186 2180
2 2185 2180
2 1415 3592
2 2601 2600
2 2601 2835
2 3597 3598
2 3597 3599
2 2084 2083
2 1236 1235
2 1236 3598
2 1236 3600
2 3601 3036
2 1349 3602
2 2602 2600
2 3603 3604
2 2691 2690
2 2690 2721
2 3605 3606
2 3607 3608
2 2141 2140
2 3035 3036
2 3609 2567
2 3610 3611
2 3612 3613
2 3613 3614
2 3613 3615
2 3613 3616
2 3613 3617
2 3613 1210
2 3613 1209
2 1207 3613
2 3618 3619
2 3620 3621
2 3622 3623
2 3622 1321
2 1210 3624
2 1210 3617
2 2565 2567
2 1396 3625
2 1323 1320
2 1323 1322
2 1323 1321
2 3626 3624
2 3626 1209
2 3626 3617
2 1315 1322
2 1211 3624
2 1211 1209
2 3197 3196
2 1307 1308
2 1307 1306
2 3102 3101
2 3102 3627
2 3628 2079
2 1299 1306
2 1299 1308
2 2540 3629
2 2540 2506
2 1297 1298
2 1297 1296
2 1297 1306
2 3630 3631
2 3630 1182
2 2061 3111
2 3632 3633
2 3112 3111
2 2504 2894
2 2504 2506
2 2894 2506
2 1171 3634
2 1171 3635
2 1171 1169
2 1171 1170
2 1953 3636
2 1953 1954
2 3637 3638
2 1162 1161
2 1162 3635
2 1162 1169
2 1162 1170
2 2030 2031
2 3639 3640
2 3639 3641
2 3642 2031
2 3643 3644
2 3645 3646
2 3645 1260
2 1148 1160
2 1148 1147
2 1148 1146
2 1148 1145
2 1148 1161
2 3647 1260
2 1147 1146
2 1147 3648
2 1147 1160
2 1147 1145
2 1147 1159
2 2478 3649
2 1258 1259
2 1258 1260
2 1258 1268
2 3648 1146
2 2797 2796
2 3230 3650
2 3138 2015
2 3651 1145
2 3651 1146
2 2013 2015
2 2003 2013
2 3652 3653
2 1243 1242
2 1895 3650
2 3653 1239
2 3148 3654
2 3144 3142
2 2938 2448
2 3655 3656
2 3657 3658
2 3657 1224
2 3657 3659
2 3158 3157
2 3660 3661
2 3662 3663
2 1230 3659
2 1230 1229
2 1230 1224
2 2940 2945
2 2560 2814
2 3664 3665
2 3664 3666
2 1937 1938
2 3667 1215
2 3667 3668
2 2946 3669
2 2946 2945
2 1089 1090
2 1089 1097
2 3670 3671
2 3672 3673
2 3672 1090
2 3672 1097
2 1809 1846
2 3674 3675
2 3181 1911
2 1206 1214
2 1926 1928
2 1196 1197
2 3676 3677
2 3676 2984
2 1188 1186
2 2519 2839
2 1066 3678
2 3679 2525
2 1184 1186
2 1184 1185
2 2524 2525
2 3298 3680
2 3681 1883
2 1289 3682
2 1289 3683
2 1185 3684
2 1185 1187
2 3685 3686
2 3687 3688
2 1272 3683
2 1272 3689
2 1272 3682
2 1273 3689
2 3690 3691
2 1870 3692
2 1033 1035
2 3693 3002
2 3693 2364
2 3694 3695
2 1249 3696
2 3697 3698
2 3699 3700
2 3699 3701
2 3702 3703
2 3702 3704
2 2460 2461
2 3705 2461
2 3706 3707
2 2466 2468
2 1724 1723
2 3708 1806
2 1151 3709
2 3710 3711
2 3710 3224
2 1820 1821
2 1822 1821
2 1822 3712
2 2323 2324
2 3713 3714
2 3713 3715
2 3352 3716
2 1118 1119
2 3351 3716
2 3715 3717
2 3715 3714
2 3715 3718
2 3719 3720
2 3721 3722
2 1116 1117
2 3723 3228
2 979 980
2 3724 3725
2 1113 1115
2 3726 980
2 3727 3728
2 3727 1655
2 3729 1219
2 3729 1220
2 1121 1115
2 3091 3090
2 3091 2290
2 3090 2290
2 3730 2394
2 3731 3732
2 1110 1100
2 1110 1109
2 1202 3733
2 1202 3734
2 3735 3736
2 3254 1742
2 1742 3248
2 3248 3737
2 1190 1191
2 1093 1095
2 2371 3738
2 3738 2907
2 3739 3740
2 3739 1599
2 3741 3742
2 3741 3743
2 3740 1599
2 3744 3263
2 3744 1732
2 3744 1703
2 3745 933
2 3746 3747
2 908 919
2 908 907
2 2246 2245
2 2246 2247
2 2246 3748
2 2245 3748
2 2245 2247
2 907 919
2 3749 3750
2 3751 1061
2 906 3752
2 906 3753
2 906 3754
2 1062 1061
2 1062 3755
2 1062 3756
2 3279 3272
2 3273 1703
2 3757 3758
2 2227 3130
2 3759 1153
2 3760 3761
2 3760 1047
2 1045 3762
2 2344 2345
2 2353 2345
2 3444 3445
2 1142 1143
2 3763 1046
2 882 883
2 882 880
2 3764 3765
2 3766 3767
2 3462 3768
2 3769 874
2 3769 873
2 3768 3770
2 3771 3772
2 1625 1618
2 1625 3773
2 3774 3315
2 3774 3773
2 3774 1634
2 1123 3772
2 3775 999
2 2978 2979
2 2973 2321
2 3776 3777
2 3776 3778
2 857 3779
2 857 856
2 2301 2302
2 1566 1567
2 968 970
2 3780 2277
2 967 970
2 3369 3367
2 3381 3380
2 3368 3367
2 3368 3781
2 835 836
2 1084 1085
2 1084 1086
2 972 983
2 972 951
2 1087 1086
2 1087 1085
2 2115 2127
2 3022 3031
2 3022 2239
2 3782 3783
2 3784 3785
2 3784 3786
2 3037 2239
2 3786 3785
2 1527 1526
2 949 950
2 3387 1526
2 3787 3788
2 3787 3789
2 3787 817
2 937 3790
2 937 938
2 937 940
2 937 928
2 3791 3792
2 3793 3794
2 3793 3789
2 3793 3788
2 938 928
2 3044 3043
2 3044 3039
2 3043 3039
2 3043 3038
2 927 928
2 927 925
2 927 940
2 3795 1409
2 3795 3548
2 3403 3399
2 3403 3405
2 924 925
2 924 928
2 3796 3397
2 3212 3797
2 3212 3798
2 3212 3799
2 923 3800
2 3071 3070
2 3801 3802
2 3575 3574
2 3803 1468
2 3804 1468
2 3805 3806
2 2044 3221
2 1005 1019
2 1005 1020
2 3807 892
2 3807 3808
2 3807 891
2 895 3809
2 895 892
2 895 894
2 3810 3811
2 3812 3813
2 3814 3815
2 3816 3817
2 3818 3819
2 3820 3821
2 3822 3821
2 994 3823
2 3824 3825
2 3824 885
2 3436 3826
2 3827 3828
2 976 3829
2 976 975
2 976 3830
2 3831 876
2 3832 3833
2 3834 3835
2 870 3836
2 740 741
2 740 739
2 9 3837
2 9 7
2 3838 861
2 3839 3840
2 3841 3842
2 3843 3844
2 3845 3846
2 3847 1443
2 3847 1442
2 955 954
2 955 943
2 3848 3849
2 3848 3850
2 3238 3237
2 3238 3232
2 3851 3852
2 3851 3853
2 3854 728
2 3237 3232
2 942 943
2 3855 3849
2 2135 2143
2 2135 2136
2 2135 2155
2 3856 3857
2 3856 3858
2 3859 3857
2 3859 3860
2 714 3861
2 3862 3863
2 3864 3865
2 3864 3866
2 3864 3867
2 3868 3867
2 3868 3869
2 3870 3871
2 916 917
2 3872 3867
2 3872 824
2 3873 705
2 903 900
2 3874 3875
2 3874 3876
2 1407 1399
2 3877 709
2 1405 1406
2 1405 3483
2 3878 3879
2 3878 3876
2 3880 1406
2 3880 3881
2 3482 3880
2 3882 3883
2 3882 709
2 901 902
2 901 904
2 901 900
2 3884 3885
2 3886 3887
2 3886 3888
2 3889 3890
2 3889 904
2 3891 3892
2 3125 3124
2 3893 3894
2 3895 3896
2 3897 3898
2 3899 3900
2 677 676
2 795 794
2 3901 3496
2 3902 1398
2 3902 1399
2 3903 3904
2 3903 1933
2 3904 3905
2 3264 3905
2 865 863
2 784 3906
2 784 3907
2 3908 3909
2 3910 3911
2 3912 3913
2 3912 3914
2 33 34
2 3915 759
2 3916 3917
2 3916 3918
2 3919 3920
2 3919 3921
2 3922 759
2 3923 3920
2 3923 3921
2 3924 1164
2 3925 3926
2 1359 1360
2 1370 1360
2 1370 3927
2 3928 3929
2 3930 3927
2 3931 3932
2 3933 3934
2 1902 3293
2 1923 1924
2 3935 3936
2 3935 3937
2 3938 3939
2 3938 746
2 3940 3941
2 3942 3943
2 3944 3943
2 3945 3946
2 3717 3714
2 3717 3718
2 1317 1318
2 1317 3947
2 1329 3947
2 3948 3949
2 3948 3950
2 3951 3952
2 3951 3953
2 3954 3947
2 3955 3956
2 3957 3958
2 3957 3959
2 3960 3961
2 614 3962
2 614 613
2 614 3963
2 614 3964
2 614 3950
2 614 601
2 3536 3533
2 1866 3306
2 799 800
2 799 798
2 2037 3965
2 51 3966
2 3967 3968
2 3969 3970
2 3969 3971
2 3969 3972
2 603 602
2 603 3973
2 603 601
2 603 604
2 604 3973
2 604 3974
2 3975 3976
2 3975 3977
2 3978 3979
2 3978 3980
2 3978 3972
2 3981 3982
2 3983 3984
2 3985 3986
2 3985 3987
2 3985 3988
2 3985 697
2 3989 3990
2 3991 3992
2 3991 3993
2 3994 3993
2 3994 3995
2 3994 3992
2 3996 3997
2 689 3998
2 689 690
2 689 3999
2 4000 1313
2 683 690
2 683 3999
2 4001 4002
2 4001 4003
2 684 681
2 4004 68
2 4005 4006
2 4007 4008
2 4009 4010
2 360 361
2 4011 4012
2 4011 674
2 503 4013
2 503 4014
2 3783 4015
2 4016 4017
2 3600 1235
2 3600 1254
2 3599 1254
2 4018 1254
2 1251 1252
2 1251 1253
2 4019 4020
2 3329 3330
2 3329 1829
2 3330 1829
2 665 4021
2 665 4022
2 665 652
2 1996 1997
2 4023 1997
2 4023 4024
2 653 652
2 4025 4026
2 4027 4028
2 722 723
2 722 721
2 474 4029
2 474 4030
2 4031 4032
2 651 652
2 4033 4034
2 644 645
2 644 642
2 4035 4036
2 4037 469
2 4037 4038
2 4039 4040
2 642 645
2 4041 4038
2 643 4042
2 643 4043
2 4044 4045
2 458 467
2 458 456
2 4046 4047
2 4046 457
2 4048 4049
2 4050 4051
2 4052 4053
2 1212 1208
2 1208 1209
2 4054 4055
2 3617 3615
2 3617 3624
2 703 4056
2 630 4057
2 1770 4058
2 1770 4059
2 1956 3210
2 1956 3209
2 4060 4061
2 4062 3210
2 625 624
2 625 617
2 96 95
2 4063 4064
2 4065 4066
2 4065 4067
2 4068 4067
2 1145 1146
2 1145 1160
2 4069 4070
2 4069 425
2 1159 1146
2 1159 1161
2 1162 1159
2 1170 3635
2 4071 4072
2 4073 4074
2 4073 4075
2 4076 4077
2 4076 4078
2 4079 4080
2 4081 4082
2 4081 4083
2 4084 4080
2 4085 4086
2 4087 4088
2 4087 137
2 4087 4089
2 4090 4091
2 4090 4092
2 4093 137
2 4093 4094
2 593 4095
2 593 4096
2 1090 1091
2 1097 1091
2 1088 1097
2 3665 3666
2 3665 1091
2 4097 4098
2 4099 4100
2 4101 4102
2 4103 4102
2 4104 4105
2 4104 4102
2 4106 4107
2 4108 4105
2 4108 4102
2 4109 1898
2 4110 4111
2 571 4112
2 571 569
2 571 4113
2 4114 4115
2 4116 4115
2 4117 4118
2 4117 4119
2 4120 4121
2 4122 4123
2 4122 528
2 370 372
2 370 369
2 4124 4123
2 1041 1035
2 1691 4125
2 1691 4126
2 355 356
2 355 369
2 4127 511
2 4128 4129
2 4128 4130
2 1885 1886
2 4131 210
2 4132 234
2 4133 234
2 340 345
2 4134 4135
2 4134 251
2 4136 4137
2 4136 4138
2 484 4139
2 4140 251
2 344 345
2 933 919
2 4141 947
2 946 947
2 4142 4143
2 4144 4145
2 4144 4146
2 477 476
2 4147 4148
2 4149 4150
2 4149 4151
2 4152 4153
2 4152 4154
2 4152 4155
2 4152 4156
2 4151 4157
2 4151 4158
2 4159 4160
2 4155 4161
2 4155 4154
2 4155 4156
2 4155 4162
2 4155 4163
2 4164 4165
2 4164 4158
2 4164 4150
2 3423 3422
2 1661 1662
2 4166 4167
2 300 4168
2 300 4169
2 3251 1852
2 3251 4170
2 1851 1852
2 583 4171
2 583 4172
2 583 584
2 4173 4174
2 4175 4176
2 4177 4176
2 4178 283
2 4169 4179
2 4165 4179
2 4158 4157
2 4158 4179
2 4150 4157
2 856 847
2 4180 4181
2 4180 274
2 873 874
2 880 881
2 880 883
2 4182 4183
2 4182 4184
2 4185 4183
2 3266 1827
2 1841 1827
2 369 356
2 252 250
2 418 419
2 4118 4186
2 4118 4187
2 4188 4189
2 4190 4191
2 249 4192
2 251 4192
2 4193 4194
2 4193 410
2 4075 4074
2 4195 4196
2 4197 4198
2 739 741
2 739 742
2 739 3835
2 4199 741
2 4200 4201
2 4202 3835
2 4203 4204
2 4205 400
2 4205 399
2 4206 4207
2 4206 4208
2 4209 4208
2 4210 4211
2 792 4212
2 791 4213
2 4214 4213
2 4215 4216
2 4217 4218
2 4219 4220
2 388 4221
2 388 384
2 4222 4223
2 4222 4224
2 4225 4226
2 3456 3454
2 4227 465
2 381 380
2 3455 3447
2 3448 3454
2 3448 3447
2 1786 1787
2 3284 1787
2 1788 3277
2 382 4228
2 197 196
2 197 4229
2 3285 3276
2 4030 4029
2 196 4229
2 196 199
2 196 198
2 4020 4230
2 199 4229
2 4231 4232
2 4233 4234
2 4233 4235
2 4236 4237
2 4238 4239
2 519 4240
2 4241 4242
2 4243 4242
2 3993 3995
2 3993 3992
2 4244 4245
2 4246 4247
2 4248 4249
2 4248 4250
2 4251 4252
2 4251 4247
2 3992 3995
2 3973 602
2 4253 4254
2 3974 602
2 601 602
2 604 601
2 4255 4256
2 4255 414
2 4257 334
2 414 413
2 3950 3963
2 313 4258
2 313 312
2 313 4259
2 313 303
2 4260 4261
2 4258 4259
2 4262 4263
2 4264 4265
2 4264 303
2 4264 4259
2 4266 4267
2 4268 4094
2 3914 3913
2 4269 4270
2 3898 4271
2 4272 4089
2 4273 4274
2 4273 4275
2 397 4276
2 397 4277
2 1571 1580
2 1571 4278
2 4279 4080
2 4080 4280
2 4281 277
2 3289 4282
2 3289 1787
2 4283 365
2 4283 4284
2 4283 4285
2 4286 4287
2 1753 1745
2 1753 1752
2 4284 365
2 1752 1745
2 4288 3517
2 3518 3517
2 3518 3508
2 3946 4289
2 109 110
2 1728 4290
2 4291 4292
2 4293 1740
2 4294 1740
2 4294 4295
2 4294 4292
2 4294 1739
2 4296 4289
2 1738 1739
2 1738 1740
2 4297 4298
2 4297 243
2 194 4299
2 4300 4301
2 4298 243
2 4302 4303
2 4304 4305
2 3333 3332
2 4066 4306
2 245 4307
2 245 4308
2 1694 3332
2 4309 4310
2 4309 4311
2 4312 4313
2 1454 1446
2 3566 1454
2 4314 4311
2 4315 4316
2 4317 4318
2 4319 4320
2 4321 89
2 4322 4323
2 256 257
2 256 4324
2 87 89
2 270 4325
2 270 4326
2 270 4327
2 270 268
2 3589 3592
2 3917 3918
2 3917 4328
2 4329 4330
2 4331 4332
2 4331 4333
2 1623 1615
2 1623 3386
2 4328 3918
2 1616 1615
2 1616 3386
2 208 206
2 3386 1615
2 4334 4335
2 4336 4337
2 4338 204
2 4333 4332
2 203 202
2 203 4339
2 3625 4340
2 4340 3621
2 4341 4342
2 4341 4343
2 4341 191
2 191 4344
2 4301 4305
2 77 75
2 77 76
2 1367 1366
2 1367 1352
2 4345 4346
2 4345 1366
2 4345 3638
2 76 75
2 76 78
2 4347 3638
2 4348 1383
2 4348 3638
2 1560 4349
2 4350 4351
2 4352 78
2 268 4327
2 268 281
2 182 181
2 182 183
2 3425 4353
2 4285 365
2 4354 4010
2 4276 396
2 4277 396
2 395 396
2 394 396
2 1327 1325
2 1327 1326
2 1325 1326
2 1537 1532
2 113 4355
2 113 112
2 4356 4357
2 4358 4359
2 4358 4360
2 4358 4361
2 1536 1547
2 1538 1547
2 1538 1551
2 4323 4362
2 4360 4359
2 4360 4363
2 4364 4365
2 4364 4366
2 69 68
2 4367 4366
2 4367 4365
2 4367 4368
2 4369 4368
2 4369 4370
2 4371 4370
2 122 4372
2 4373 4374
2 4373 4375
2 167 4376
2 4377 4378
2 56 57
2 4379 4380
2 3474 1492
2 3474 4381
2 3977 3976
2 4382 141
2 4382 4383
2 4384 126
2 131 126
2 4385 4386
2 4387 4388
2 4387 4389
2 43 42
2 4370 4390
2 1220 1221
2 1219 1221
2 4391 4392
2 4365 4366
2 1463 3489
2 1463 1464
2 3489 4393
2 4394 4395
2 4394 4396
2 3943 4397
2 4395 4396
2 4398 36
2 4171 4172
2 4171 584
2 29 4399
2 584 4400
2 584 599
2 584 4172
2 598 4401
2 4160 4402
2 4146 4403
2 4138 4137
2 1103 1104
2 1103 1105
2 4404 1105
2 4404 1104
2 4405 1105
2 4406 4407
2 15 4407
2 1431 4408
2 1431 1429
2 1434 1436
2 1434 1428
2 1426 1434
2 1435 1436
2 1435 4408
2 1430 1435
2 4409 4410
2 4409 3896
2 4409 4411
2 3521 1436
2 4343 4412
2 4413 4412
2 202 204
2 4414 206
2 4414 204
2 206 204
2 206 4415
2 4098 4416
2 4098 4417
2 4098 4418
2 3863 4419
2 3857 3860
2 3857 4420
2 4420 3858
2 4420 3860
2 3858 7
2 692 4421
2 4040 4422
2 4040 4051
2 943 954
2 4423 4424
2 5 4425
2 3823 4426
2 1004 4427
2 4428 4429
2 3168 3174
2 3168 4430
2 4431 224
2 4308 4307
2 4308 4432
2 4433 1386
2 1388 1386
2 4434 4435
2 1714 1706
2 1401 1402
2 4436 4437
2 4436 4438
2 4438 4437
2 4439 4440
2 277 276
2 4275 4441
2 4275 276
2 3155 1747
2 1747 3162
2 3595 4442
2 3162 3163
2 4443 4444
2 4443 3582
2 1373 4444
2 4445 4446
2 303 4259
2 1322 1309
2 1321 3623
2 1321 1334
2 4447 1334
2 4447 3623
2 1333 3611
2 3611 4448
2 4249 4449
2 4235 4450
2 4235 4239
2 4234 4451
2 363 4451
2 1268 3646
2 1268 1260
2 4452 1283
2 399 4453
2 399 400
2 4454 4453
2 410 411
2 421 420
2 421 411
2 421 419
2 420 419
2 1215 4455
2 3668 4455
2 1223 1229
2 1224 1229
2 4456 4457
2 4458 4459
2 4460 4461
2 4462 4461
2 4462 4162
2 4463 2053
2 4464 4162
2 4156 4161
2 4156 4162
2 4156 4163
2 4154 4161
2 4154 4163
2 4154 4162
2 4153 4163
2 4153 4161
2 3709 4465
2 1917 1920
2 1920 1946
2 1915 1920
2 1920 1942
2 1916 1946
2 3697 4466
2 511 4467
2 511 510
2 569 4468
2 3206 2900
2 4113 4469
2 4113 4470
2 4096 4470
2 4095 4470
2 4471 594
2 4471 4472
2 607 609
2 3761 1047
2 1045 3761
2 3755 3756
2 1072 1074
2 1073 4473
2 1073 1074
2 4473 1074
2 4474 4012
2 673 4012
2 674 4475
2 681 682
2 3997 3988
2 3986 3987
2 3986 3988
2 3980 3970
2 3972 4476
2 3972 3970
2 4477 4478
2 3959 4478
2 3958 4478
2 2058 2067
2 4479 4480
2 746 4481
2 4482 4483
2 4484 4483
2 4485 4483
2 759 4486
2 760 4487
2 3907 4488
2 1907 1909
2 4489 4488
2 4490 4488
2 3876 3875
2 3876 3879
2 3869 3867
2 3865 3866
2 4491 4492
2 3850 3849
2 4493 4494
2 4495 4496
2 3281 2182
2 3836 4497
2 876 4497
2 3808 892
2 894 892
2 891 892
2 3800 926
2 924 940
2 2389 3274
2 2024 2025
2 2242 2826
2 1077 4498
2 1077 1078
2 1079 4498
2 4499 4500
2 1350 1341
2 451 453
2 4501 4502
2 4503 4504
2 1233 4505
2 897 898
2 3410 2123
2 2339 2354
2 4506 1155
2 321 320
2 1027 1029
2 1027 4507
2 716 4508
2 716 4509
2 4510 2197
2 4511 347
2 239 232
2 232 240
2 232 4512
2 4513 324
2 4514 175
2 4515 4516
2 4515 4517
2 2257 2282
2 850 4518
2 850 849
2 3376 3378
2 4519 4520
2 4521 4522
2 4523 4524
2 4523 4522
2 3378 2735
2 2528 3378
2 2529 3378
2 4525 4526
2 4527 4528
2 777 4529
2 757 4530
2 757 4529
2 4531 4532
2 4531 4533
2 4533 118
2 4533 699
2 4533 4532
2 4533 119
2 105 4533
2 4534 4535
2 4536 4537
2 4538 4539
2 2621 2595
2 621 47
2 2622 2696
2 4540 4541
2 4542 4543
2 4544 4545
2 2620 2627
2 4546 4547
2 61 59
2 61 565
2 27 4548
2 2423 2424
2 4549 4550
2 4549 543
2 4551 549
2 4552 4553
2 4552 4554
2 4555 4556
2 2648 4557
2 4558 4559
2 4548 4560
2 4561 4562
2 4563 4564
2 632 4565
2 4520 151
2 2752 2763
2 4566 4567
2 99 4568
2 99 4569
2 175 4567
2 2753 2573
2 655 4570
2 2573 2574
2 4571 4572
2 622 47
2 622 49
2 46 47
2 4573 4574
2 4575 4576
2 2668 2667
2 4577 4578
2 305 306
2 2498 2494
2 307 306
2 4579 4580
2 700 699
2 700 119
2 4530 756
2 2430 2428
2 2430 2429
2 4581 4582
2 913 4583
2 408 4584
2 408 4585
2 4517 4586
2 4522 4524
2 839 4587
2 454 450
2 4588 1078
2 376 378
2 4589 4512
2 4589 240
2 4590 4591
2 996 4507
2 1038 1028
2 1028 1029
2 1025 4592
2 1058 4593
2 1024 1007
2 1081 4594
2 4595 4596
2 4597 4594
2 1157 1137
2 4598 367
2 506 4599
2 4600 1155
2 4601 4602
2 4603 439
2 2940 2931
2 1340 1341
2 4604 4500
2 4605 4606
2 2433 2434
2 4607 4608
2 4609 17
2 2371 2924
2 119 699
2 2079 3627
2 4610 845
2 4611 4612
2 1029 4507
2 3070 3076
2 4613 4614
2 4615 4616
2 1063 4593
2 3711 3224
2 3798 3797
2 3720 4617
2 1014 1015
2 1742 1749
2 1703 3272
2 1634 3773
2 3227 1898
2 1567 4618
2 4619 3781
2 556 4620
2 4620 4621
2 1771 3356
2 1739 4295
2 4554 4553
2 1662 3422
2 4622 4623
2 4410 3896
2 183 181
2 1406 3483
2 3483 3484
2 3447 3454
2 4624 3496
2 4274 289
2 289 4625
2 57 4626
2 1355 3533
2 78 75
2 1266 1265
2 1266 1264
2 1264 1252
2 4351 4627
2 1252 1253
2 110 4628
2 1444 1455
2 1436 4408
2 1430 1436
2 1431 1436
2 1238 4629
2 4162 4161
2 3635 1161
2 1161 1160
2 1160 1146
2 3648 1160
2 1386 1385
2 594 4472
2 4630 274
2 274 4181
2 1352 1346
2 636 4043
2 1367 1346
2 3611 1334
2 1303 1302
2 4191 4631
2 4631 4107
2 4107 4632
2 3646 1260
2 3639 1260
2 1260 1259
2 1268 1259
2 4633 919
2 1229 3659
2 1198 1197
2 1197 1186
2 1117 1115
2 904 902
2 3809 892
2 4208 3811
2 965 975
2 117 698
2 698 699
2 961 951
2 1044 3761
2 1144 1159
2 1168 1145
2 1168 1160
2 1222 3658
2 1295 1306
2 1400 3550
2 1404 3881
2 1449 3499
2 1545 3432
2 1561 1585
2 1613 1607
2 1850 4634
2 1853 3250
2 2646 2613
2 2692 2795
2 2733 2587
2 2531 3378
2 2938 2946
2 2383 2396
2 2235 2851
2 4635 2648
2 1432 1431
2 2577 2810
2 1160 4636
